num_acc;senc;catv;occutc;obs;obsm;choc;manv;num_veh
201000000758;0;10;0;0;2;1;19;B02
201000000759;0;1;0;0;2;8;9;B02
201000000759;0;7;0;0;9;1;1;A01
201000000760;0;7;0;8;0;3;1;A01
201000000761;0;7;0;0;2;3;13;A01
201000000761;0;7;0;0;2;1;1;B02
201000000762;0;21;0;0;2;4;1;B02
201000000762;0;7;0;0;2;1;1;A01
201000000763;0;7;0;0;0;3;1;B02
201000000763;0;7;0;0;2;3;13;A01
201000000764;0;7;0;1;0;1;14;A01
201000000765;0;7;0;0;2;1;1;A01
201000000765;0;7;0;0;2;7;13;B02
201000000766;0;17;0;0;2;1;1;B02
201000000766;0;7;0;0;2;1;13;A01
201000000767;0;7;0;6;0;2;1;A01
201000000768;0;33;0;0;2;1;1;B02
201000000768;0;7;0;0;2;4;15;A01
201000000769;0;30;0;0;2;3;1;B02
201000000769;0;10;0;0;9;2;19;A01
201000000770;0;7;0;0;2;3;13;A01
201000000770;0;7;0;0;2;3;0;B02
201000000771;0;7;0;11;0;1;19;A01
201000000772;0;1;0;0;2;8;1;B02
201000000772;0;7;0;0;9;1;1;A01
201000000773;0;7;0;0;9;2;1;B02
201000000773;0;1;0;0;2;1;19;A01
201000000774;0;7;0;0;1;1;1;A01
201000000775;0;7;0;0;2;2;1;A01
201000000775;0;2;0;0;2;1;5;B02
201000000776;0;7;0;13;0;9;1;A01
201000000777;0;7;0;13;0;1;14;A01
201000000778;0;7;0;0;5;3;1;A01
201000000778;0;99;0;0;2;2;19;B02
201000000779;0;7;0;2;0;7;1;A01
201000000780;0;7;0;0;2;6;1;B02
201000000780;0;35;0;0;2;7;1;A01
201000000781;0;7;0;0;2;3;13;A01
201000000781;0;15;0;0;2;3;1;B02
201000000782;0;7;0;13;0;2;13;A01
201000000783;0;7;0;0;2;1;1;C03
201000000783;0;7;0;0;2;3;1;B02
201000000783;0;7;0;0;2;3;13;A01
201000000784;0;7;0;16;0;0;17;A01
201000000785;0;7;0;0;2;1;1;C03
201000000785;0;7;0;0;2;1;17;A01
201000000785;0;17;0;0;2;1;1;B02
201000000786;0;7;0;2;0;7;1;A01
201000000787;0;7;0;2;0;0;14;A01
201000000788;0;33;0;1;0;1;13;A01
201000000789;0;31;0;1;0;1;2;A01
201000000789;0;7;0;0;0;6;2;B02
201000000790;0;7;0;2;0;1;19;A01
201000000791;0;33;0;0;2;1;1;A01
201000000791;0;7;0;0;2;8;19;B02
201000000792;0;7;0;16;0;9;14;A01
201000000793;0;7;0;8;0;3;13;A01
201000000794;0;7;0;0;1;2;15;A01
201000000795;0;7;0;0;2;3;15;A01
201000000795;0;7;0;0;2;1;1;B02
201000000796;0;7;0;0;2;3;17;A01
201000000796;0;7;0;0;2;3;1;B02
201000000797;0;7;0;0;2;2;15;A01
201000000797;0;7;0;0;2;2;1;B02
201000000798;0;10;0;13;0;1;21;A01
201000000799;0;7;0;8;0;1;14;A01
201000000800;0;7;0;0;2;3;15;A01
201000000800;0;2;0;0;2;2;1;B02
201000000801;0;10;0;6;0;1;0;A01
201000000802;0;7;0;2;6;1;14;A01
201000000803;0;7;0;0;2;3;17;A01
201000000803;0;1;0;0;0;4;15;B02
201000000804;1;7;0;0;1;7;1;A01
201000000805;0;7;0;8;0;1;14;A01
201000000806;0;7;0;2;0;2;1;A01
201000000807;0;21;0;0;2;3;1;B02
201000000807;0;7;0;0;2;1;13;A01
201000000808;0;7;0;6;0;1;1;A01
201000000809;0;7;0;8;0;9;14;A01
201000000810;0;10;0;0;2;1;15;A01
201000000810;0;33;0;0;2;1;1;B02
201000000811;0;21;0;0;2;8;15;B02
201000000811;0;2;0;0;2;1;1;A01
201000000812;0;7;0;0;2;3;23;A01
201000000812;0;30;0;0;2;1;13;B02
201000000813;0;7;0;0;2;1;1;A01
201000000813;0;7;0;0;2;1;1;B02
201000000814;0;17;0;0;2;2;15;A01
201000000814;0;7;0;0;2;1;1;B02
201000000815;0;31;0;13;0;1;17;A01
201000000816;0;7;0;0;0;5;0;A01
201000000817;0;7;0;0;0;1;0;A01
201000000818;0;30;0;0;2;1;1;A01
201000000818;0;7;0;0;2;6;15;B02
201000000819;0;31;0;8;0;1;1;A01
201000000820;0;7;0;0;0;2;0;A01
201000000821;0;31;0;15;0;1;1;A01
201000000822;0;7;0;0;2;3;1;B02
201000000822;0;7;0;0;2;3;1;A01
201000000823;0;7;0;2;0;8;1;A01
201000000824;0;7;0;0;2;1;2;A01
201000000824;0;10;0;0;2;1;13;B02
201000000825;0;1;0;0;0;5;19;A01
201000000825;0;7;0;0;0;2;1;B02
201000000826;0;2;0;0;2;1;17;B02
201000000826;0;21;0;0;2;8;15;A01
201000000827;0;1;0;0;2;4;1;B02
201000000827;0;7;0;0;9;2;1;A01
201000000828;0;7;0;0;2;3;19;A01
201000000828;0;33;0;0;2;1;1;B02
201000000829;0;7;0;0;2;8;1;A01
201000000829;0;7;0;0;2;1;19;B02
201000000830;0;33;0;0;2;1;13;B02
201000000830;0;7;0;0;2;1;1;A01
201000000831;0;30;0;1;0;1;2;A01
201000000832;0;7;0;0;2;7;1;A01
201000000832;0;7;0;0;2;1;1;B02
201000000833;0;7;0;0;2;3;13;B02
201000000833;0;7;0;0;2;3;1;A01
201000000834;0;7;0;0;0;1;13;A01
201000000835;0;30;0;8;0;1;14;A01
201000000836;0;17;0;0;2;2;1;A01
201000000836;0;7;0;3;2;1;5;B02
201000000837;0;7;0;0;0;1;0;A01
201000000838;0;7;0;0;1;3;1;A01
201000000839;0;2;0;0;0;1;13;A01
201000000839;0;7;0;0;0;1;13;B02
201000000840;0;33;0;0;2;8;15;A01
201000000840;0;7;0;0;2;2;1;B02
201000000841;0;33;0;12;0;0;13;A01
201000000842;0;33;0;0;2;1;0;B01
201000000842;0;7;0;0;2;7;10;A01
201000000843;0;33;0;6;0;1;1;A01
201000000844;0;7;0;0;2;1;15;A01
201000000844;0;1;0;0;2;9;1;B02
201000000845;0;1;0;0;2;1;1;B02
201000000845;0;7;0;0;2;3;17;A01
201000000846;0;7;0;0;2;1;19;B02
201000000846;0;7;0;0;0;7;19;A01
201000000847;0;10;0;0;2;1;13;A01
201000000847;0;7;0;0;2;1;1;B02
201000000848;0;7;0;0;2;2;19;B02
201000000848;0;7;0;0;2;1;21;A01
201000000849;0;7;0;2;0;8;1;A01
201000000850;0;7;0;0;2;7;13;A01
201000000850;0;7;0;13;0;1;21;C03
201000000850;0;7;0;0;2;1;1;B02
201000000851;0;7;0;0;2;8;15;A01
201000000851;0;7;0;0;2;1;1;B02
201000000852;0;21;0;0;2;2;12;A01
201000000852;0;7;0;0;2;3;1;B02
201000000853;0;33;0;0;2;1;1;A01
201000000853;0;21;0;0;2;6;15;B02
201000000854;0;7;0;8;0;9;1;A01
201000000855;0;7;0;0;2;1;5;B02
201000000855;0;7;0;0;2;1;1;A01
201000000856;0;7;0;0;2;3;1;B02
201000000856;0;7;0;0;2;3;13;A01
201000000857;0;7;0;0;2;6;15;A01
201000000857;0;30;0;0;2;1;1;B02
201000000858;0;7;0;8;0;9;1;A01
201000000859;0;2;0;0;2;2;13;A01
201000000859;0;1;0;0;2;0;1;B02
201000000860;0;7;0;2;0;1;1;A01
201000000861;0;7;0;0;2;1;13;A01
201000000861;0;7;0;0;2;1;1;B02
201000000862;0;38;0;0;2;1;1;C03
201000000862;0;7;0;0;2;1;13;B02
201000000862;0;7;0;13;0;1;13;A01
201000000863;0;7;0;0;2;1;13;A01
201000000863;0;7;0;0;2;1;1;B02
201000000864;0;7;0;0;0;4;1;A01
201000000864;0;7;0;0;2;1;2;B02
201000000865;0;7;0;0;2;1;13;A01
201000000865;0;7;0;0;2;1;1;B02
201000000866;0;14;0;0;0;1;1;B02
201000000866;0;7;0;0;0;7;19;A01
201000000867;0;7;0;0;2;3;13;A01
201000000867;0;7;0;0;2;1;1;B02
201000000868;0;7;0;8;0;1;13;A01
201000000869;0;7;0;8;2;1;21;B02
201000000869;0;1;0;0;0;7;10;A01
201000000870;0;10;0;0;2;1;17;A01
201000000870;0;16;0;0;2;6;17;B02
201000000871;0;30;0;0;0;1;0;A01
201000000872;0;7;0;0;2;3;19;A01
201000000872;0;33;0;0;2;1;1;B02
201000000873;0;33;0;0;2;1;1;B02
201000000873;0;7;0;0;2;6;10;A01
201000000874;0;7;0;0;2;1;1;A01
201000000874;0;7;0;0;0;4;23;B02
201000000874;0;10;0;0;2;4;23;C03
201000000875;0;7;0;0;0;0;1;A01
201000000876;0;7;0;0;2;2;4;A01
201000000876;0;30;0;0;2;1;21;B02
201000000877;0;7;0;0;2;3;23;B02
201000000877;0;2;0;0;2;1;21;A01
201000000877;0;7;0;0;2;3;15;C03
201000000878;0;7;0;13;0;3;13;A01
201000000879;0;7;0;0;2;1;1;B02
201000000879;0;7;0;0;2;1;16;A01
201000000880;0;7;0;0;2;7;13;A01
201000000880;0;7;0;0;2;3;21;B02
201000000881;0;7;0;0;2;6;15;B02
201000000881;0;7;0;0;2;1;1;C03
201000000881;0;7;0;0;2;2;1;A01
201000000882;0;7;0;13;0;9;0;A01
201000000883;0;33;0;0;2;1;1;B02
201000000883;0;7;0;0;2;8;15;A01
201000000884;0;7;0;0;1;1;1;A01
201000000885;0;7;0;0;2;1;13;A01
201000000885;0;7;0;0;2;3;21;B02
201000000886;0;7;0;2;0;7;1;A01
201000000887;0;33;0;8;0;2;1;A01
201000000888;0;7;0;0;2;1;1;A01
201000000888;0;7;0;0;2;1;19;B02
201000000889;0;7;0;6;0;2;5;A01
201000000890;0;33;0;0;0;2;21;B02
201000000890;0;7;0;0;0;0;16;A01
201000000891;0;33;0;0;0;0;0;B02
201000000891;0;10;0;0;2;6;2;A01
201000000892;0;10;0;0;2;6;15;A01
201000000892;0;33;0;0;2;1;1;B02
201000000893;1;7;0;0;1;0;1;A01
201000000894;0;7;0;0;2;6;1;B02
201000000894;0;7;0;0;2;1;1;C03
201000000894;0;7;0;0;2;1;13;A01
201000000895;0;7;0;0;2;8;15;A01
201000000895;0;33;0;0;2;7;1;B02
201000000896;0;7;0;0;2;3;1;B02
201000000896;0;7;0;0;2;1;1;A01
201000000897;0;7;0;13;0;3;1;A01
201000000898;0;7;0;2;0;1;14;A01
201000000899;0;3;0;0;1;2;1;A01
201000000900;0;7;0;0;2;3;1;A01
201000000900;0;2;0;0;2;1;13;B02
201000000901;0;7;0;0;2;3;1;B02
201000000901;0;7;0;0;2;3;19;A01
201000000902;0;2;0;0;2;1;1;B02
201000000902;0;7;0;0;0;5;6;A01
201000000903;0;7;0;0;2;8;1;A01
201000000903;0;7;0;0;2;1;19;B02
201000000904;0;2;0;0;2;1;1;B02
201000000904;0;7;0;0;2;2;13;A01
201000000905;0;7;0;0;2;3;1;B02
201000000905;0;7;0;0;2;2;19;A01
201000000906;0;7;0;0;2;6;4;A01
201000000906;0;30;0;0;2;1;1;B02
201000000907;0;7;0;0;0;3;1;B02
201000000907;0;7;0;0;2;2;17;A01
201000000908;0;7;0;0;0;9;1;A01
201000000909;0;2;0;0;2;8;1;B02
201000000909;0;7;0;0;2;3;19;A01
201000000910;0;7;0;0;0;0;0;B02
201000000910;0;7;0;0;2;3;17;A01
201000000910;0;7;0;0;0;1;1;C03
201000000911;0;7;0;0;2;2;19;A01
201000000911;0;7;0;0;2;8;1;B02
201000000912;0;33;0;0;6;1;1;A01
201000000913;0;7;0;0;2;9;1;B02
201000000913;0;7;0;0;2;3;17;A01
201000000914;0;7;0;0;0;9;13;A01
201000000915;0;7;0;0;1;1;1;A01
201000000916;0;1;0;0;0;7;1;B02
201000000916;1;7;0;0;0;3;14;A01
201000000917;0;7;0;0;2;1;13;B02
201000000917;0;7;0;0;2;1;1;A01
201000000918;0;7;0;0;0;3;0;B02
201000000918;0;33;0;0;0;2;1;A01
201000000919;0;7;0;2;0;3;1;A01
201000000920;0;33;0;0;2;1;1;A01
201000000920;0;7;0;0;2;3;19;B02
201000000921;0;33;0;0;2;4;16;B02
201000000921;0;7;0;0;2;2;1;A01
201000000922;0;33;0;0;2;1;1;B02
201000000922;0;7;0;0;0;3;15;A01
201000000923;0;7;0;13;0;3;1;A01
201000000924;0;7;0;0;2;8;1;B02
201000000924;0;7;0;0;2;3;13;A01
201000000925;0;7;0;0;2;6;2;A01
201000000925;0;33;0;0;2;1;2;B02
201000000926;0;7;0;0;2;1;13;A01
201000000926;0;7;0;0;2;1;1;B02
201000000927;0;14;0;0;2;3;19;A01
201000000927;0;7;0;0;2;7;1;B02
201000000928;0;37;0;13;0;0;1;A01
201000000928;0;99;0;0;0;1;1;B02
201000000929;0;7;0;1;0;2;1;B02
201000000929;0;7;0;0;0;7;24;A01
201000000930;0;7;0;0;2;3;1;B02
201000000930;0;7;0;0;0;3;13;A01
201000000930;0;7;0;0;2;2;1;C03
201000000931;0;7;0;0;0;4;23;B02
201000000931;0;7;0;0;0;1;1;A01
201000000932;0;7;0;4;0;1;9;A01
201000000933;0;7;0;0;2;7;1;A01
201000000933;0;7;0;0;2;1;1;B02
201000000933;0;7;0;0;2;9;1;C03
201000000934;0;7;0;0;1;1;1;A01
201000000935;0;7;0;11;2;3;1;A01
201000000935;0;7;0;0;2;3;1;B02
201000000936;0;7;0;0;2;8;1;B02
201000000936;0;7;0;0;2;1;13;A01
201000000937;0;30;0;0;2;9;1;B02
201000000937;0;7;0;0;0;7;1;A01
201000000938;0;3;0;0;0;3;19;B02
201000000938;0;7;0;0;0;1;1;A01
201000000939;0;1;0;0;0;1;1;B02
201000000939;0;3;0;0;0;2;17;A01
201000000940;0;7;0;0;2;7;15;A01
201000000940;0;7;0;0;2;1;1;B02
201000000941;0;31;0;0;2;1;1;A01
201000000941;0;7;0;0;2;8;15;B02
201000000942;0;33;0;1;0;1;1;A01
201000000943;0;30;0;6;0;2;1;A01
201000000944;0;33;0;0;2;4;1;A01
201000000944;0;33;0;0;2;1;1;B02
201000000945;0;7;0;13;0;1;14;A01
201000000946;0;33;0;14;2;1;1;A01
201000000946;0;7;0;0;2;3;19;B02
201000000947;0;31;0;1;0;1;1;A01
201000000948;0;38;8;0;2;1;19;A01
201000000948;0;7;0;0;2;8;1;B02
201000000949;0;7;0;0;2;2;2;A01
201000000949;0;2;0;0;0;6;1;B02
201000000950;0;31;0;0;2;1;1;B02
201000000950;0;7;0;0;2;3;15;A01
201000000951;0;7;0;0;2;6;1;B02
201000000951;0;7;0;0;2;0;1;A01
201000000952;0;7;0;16;0;3;1;A01
201000000953;0;7;0;0;2;1;1;A01
201000000953;0;7;0;0;2;1;1;B02
201000000954;0;7;0;0;2;1;1;B02
201000000954;0;7;0;0;2;2;19;A01
201000000955;0;7;0;2;0;9;1;A01
201000000956;0;7;0;2;0;8;1;A01
201000000957;1;7;0;0;2;1;1;A01
201000000957;0;7;0;0;0;4;0;B01
201000000958;0;7;0;0;2;1;17;A01
201000000958;0;7;0;0;2;1;1;B02
201000000959;0;7;0;13;0;2;0;A01
201000000960;0;33;0;0;0;0;1;A01
201000000960;1;7;0;0;0;0;17;B02
201000000961;0;99;0;0;2;2;1;B02
201000000961;0;7;0;0;2;3;13;A01
201000000962;0;15;0;3;0;0;1;A01
201000000963;0;10;0;0;0;0;0;A01
201000000964;0;7;0;15;0;1;5;A01
201000000965;0;7;0;0;1;7;1;A01
201000000966;0;7;0;0;2;1;19;A01
201000000966;0;33;0;0;2;1;1;B02
201000000967;0;2;0;0;2;1;23;B02
201000000967;0;2;0;0;2;4;2;A01
201000000968;0;33;0;9;0;7;1;A01
201000000969;0;7;0;0;2;2;19;B02
201000000969;0;33;0;0;2;1;1;A01
201000000970;0;7;0;16;0;7;14;A01
201000000971;0;7;0;6;0;1;0;A01
201000000972;0;30;0;0;2;4;15;B02
201000000972;0;7;0;0;2;1;2;A01
201000000973;0;14;0;0;2;2;1;B02
201000000973;0;7;0;0;2;3;19;A01
201000000974;0;7;0;0;2;8;15;B02
201000000974;0;7;0;0;2;1;1;A01
201000000975;0;2;0;0;2;1;1;B02
201000000975;0;7;0;0;2;2;19;A01
201000000976;0;7;0;0;2;3;15;A01
201000000976;0;7;0;0;2;3;1;B02
201000000976;0;7;0;0;2;1;2;C03
201000000977;0;2;0;0;2;4;0;B02
201000000977;0;7;0;0;2;3;0;A01
201000000978;0;31;0;16;0;0;0;A01
201000000979;0;7;0;0;2;8;15;A01
201000000979;0;33;0;0;2;1;1;B02
201000000980;0;7;0;16;0;2;1;A01
201000000981;0;7;0;2;0;9;14;A01
201000000982;1;7;0;0;1;1;17;A01
201000000983;0;1;0;0;2;7;1;A01
201000000983;0;7;0;0;9;3;9;B02
201000000984;0;7;0;0;2;4;1;B02
201000000984;0;7;0;0;2;1;21;A01
201000000984;0;10;0;3;0;2;14;D04
201000000984;0;10;0;0;2;4;1;E05
201000000984;0;7;0;0;2;1;1;C03
201000000984;0;7;0;0;2;1;21;F06
201000000985;0;7;0;0;2;3;13;A01
201000000985;0;7;0;0;2;3;1;B02
201000000986;0;7;0;0;2;4;23;B02
201000000986;0;7;0;0;0;4;1;C03
201000000986;0;7;0;0;2;1;1;A01
201000000987;0;7;0;0;0;5;16;A01
201000000987;0;30;0;0;2;1;1;B02
201000000988;0;30;0;0;2;1;1;B02
201000000988;0;7;0;0;2;2;15;A01
201000000989;0;15;0;0;2;3;21;B02
201000000989;0;7;0;0;2;3;13;A01
201000000990;0;1;0;0;2;4;15;B02
201000000990;0;7;0;0;9;2;13;A01
201000000991;0;7;0;0;1;6;1;A01
201000000992;0;1;0;0;2;1;19;A01
201000000992;0;7;0;0;2;7;1;B02
201000000993;0;7;0;0;0;9;1;A01
201000000994;0;7;0;0;2;8;15;B02
201000000994;0;32;0;0;2;7;17;A01
201000000995;0;7;0;0;2;1;13;A01
201000000995;0;7;0;0;2;3;1;B02
201000000996;0;7;0;0;2;1;17;A01
201000000996;0;7;0;0;2;2;1;B02
201000000996;0;7;0;0;2;3;1;C03
201000000997;0;7;0;0;2;1;1;B02
201000000997;0;16;0;6;2;0;13;A01
201000000998;0;33;0;0;2;1;21;B02
201000000998;0;15;0;0;2;3;19;A01
201000000999;0;33;0;1;0;0;21;A01
201000000999;0;7;0;0;2;2;1;B02
201000001000;0;7;0;0;2;3;1;A01
201000001000;0;7;0;0;2;6;15;B02
201000001001;0;7;0;0;2;7;13;A01
201000001001;0;21;0;0;2;1;1;B02
201000001002;0;2;0;0;2;8;9;B02
201000001002;0;7;0;0;2;1;1;A01
201000001003;0;36;0;0;6;2;1;A01
201000001004;0;7;0;0;6;0;21;A01
201000001005;0;7;0;13;0;3;13;A01
201000001006;0;33;0;0;2;1;17;A01
201000001006;0;7;0;0;2;8;15;B02
201000001007;0;2;0;0;0;4;1;B02
201000001007;0;7;0;0;2;2;1;A01
201000001007;0;7;0;0;2;2;1;C03
201000001008;0;7;0;0;2;7;19;A01
201000001008;0;7;0;0;2;1;1;B02
201000001009;0;33;0;0;2;1;1;B02
201000001009;0;7;0;0;2;1;13;A01
201000001010;0;7;0;0;2;3;15;A01
201000001010;0;2;0;0;2;1;17;B02
201000001011;0;2;0;3;0;1;1;A01
201000001012;0;7;0;0;2;8;1;B02
201000001012;0;7;0;1;2;1;5;A01
201000001013;0;7;0;0;2;3;0;A01
201000001013;0;7;0;0;2;3;0;B02
201000001014;0;30;0;1;0;7;1;A01
201000001015;0;7;0;0;2;3;1;B02
201000001015;0;7;0;0;2;1;13;A01
201000001016;0;7;0;0;2;3;15;A01
201000001016;0;2;0;0;2;2;1;B02
201000001017;0;7;0;13;0;2;1;A01
201000001018;0;7;0;0;2;2;13;A01
201000001018;0;7;0;0;2;2;21;B02
201000001019;0;7;0;0;1;0;4;A01
201000001020;0;33;0;0;2;4;17;A01
201000001020;0;7;0;0;2;6;1;B02
201000001021;0;7;0;0;2;2;15;A01
201000001021;0;33;0;0;2;1;1;B02
201000001022;0;7;0;0;0;7;19;B02
201000001022;0;7;0;0;2;2;1;A01
201000001023;0;33;0;0;0;8;1;B02
201000001023;0;10;0;0;0;5;15;A01
201000001024;0;7;0;1;0;3;1;A01
201000001025;0;10;0;0;2;2;2;A01
201000001025;0;3;0;0;2;6;2;B02
201000001026;0;33;0;0;2;1;17;B02
201000001026;0;7;0;0;2;3;15;A01
201000001027;0;10;0;0;2;4;1;B02
201000001027;0;30;0;0;2;1;1;A01
201000001028;0;7;0;0;2;3;21;A01
201000001028;0;7;0;0;2;1;19;B02
201000001029;0;7;0;2;0;1;13;A01
201000001030;0;31;0;0;2;7;1;B02
201000001030;0;7;0;0;9;5;19;A01
201000001031;0;7;0;0;1;2;1;A01
201000001032;0;33;0;2;0;1;13;A01
201000001033;0;33;0;0;2;1;1;A01
201000001033;0;2;0;0;2;4;2;B02
201000001034;0;7;0;0;2;1;1;B02
201000001034;0;7;0;0;2;2;1;C03
201000001034;0;7;0;0;2;1;13;A01
201000001035;0;21;0;0;0;4;2;A01
201000001035;0;7;0;0;0;1;2;B02
201000001036;0;33;0;0;0;0;0;A01
201000001037;0;7;0;0;2;8;9;A01
201000001037;0;33;0;0;2;1;1;B02
201000001038;0;7;0;0;2;1;1;B02
201000001038;0;7;0;0;2;6;9;A01
201000001039;0;15;0;0;2;5;1;B02
201000001039;0;10;0;0;2;1;0;A01
201000001040;0;14;0;0;2;5;19;A01
201000001040;0;7;0;0;2;1;1;B02
201000001041;0;7;0;0;2;7;1;A01
201000001042;0;30;0;0;2;3;1;B02
201000001042;0;7;0;0;2;3;15;A01
201000001043;0;99;0;0;0;0;1;A01
201000001044;0;7;0;2;0;8;1;A01
201000001045;0;7;0;0;2;3;17;B02
201000001045;0;7;0;0;2;3;16;A01
201000001046;0;7;0;0;2;8;15;B02
201000001046;0;33;0;0;2;7;17;A01
201000001047;0;7;0;0;2;1;5;C03
201000001047;0;10;0;0;2;3;2;B02
201000001047;0;7;0;0;2;3;1;A01
201000001048;0;7;0;2;0;1;13;A01
201000001049;0;7;0;0;2;8;1;A01
201000001049;0;7;0;0;2;7;1;B02
201000001050;0;7;0;0;2;3;1;A01
201000001050;0;33;0;0;2;8;1;B02
201000001051;0;30;0;0;2;1;13;B02
201000001051;0;7;0;0;2;1;1;A01
201000001052;0;7;0;0;2;3;1;B02
201000001052;0;7;0;0;2;1;1;C03
201000001052;0;7;0;0;2;3;13;A01
201000001053;0;7;0;16;0;9;1;A01
201000001054;0;7;0;0;2;7;4;A01
201000001054;0;7;0;1;2;1;1;B02
201000001055;0;21;0;0;2;3;15;A01
201000001055;0;30;0;0;2;1;17;B02
201000001056;0;7;0;0;0;6;1;B02
201000001056;0;7;0;0;0;2;17;A01
201000001057;0;7;0;0;2;1;15;B02
201000001057;0;33;0;0;2;2;3;A01
201000001058;0;10;0;0;2;3;1;B02
201000001058;0;7;0;0;2;2;15;A01
201000001059;0;7;0;0;2;1;1;B02
201000001059;0;7;0;0;2;1;13;A01
201000001060;0;30;0;0;2;7;1;B02
201000001060;0;7;0;0;2;1;9;A01
201000001061;0;7;0;13;0;9;14;A01
201000001062;0;33;0;0;2;8;1;B02
201000001062;0;7;0;0;2;3;19;A01
201000001063;0;7;0;0;2;3;1;B02
201000001063;0;7;0;0;0;0;0;A01
201000001064;0;7;0;0;2;3;1;A01
201000001064;0;10;0;0;2;3;15;B02
201000001065;0;10;0;0;2;1;1;B02
201000001065;0;7;0;0;2;7;13;A01
201000001066;0;7;0;0;2;3;1;B02
201000001066;0;7;0;0;2;3;13;A01
201000001067;0;7;0;0;2;8;1;D04
201000001067;0;14;0;0;2;3;1;B02
201000001067;0;10;0;0;2;8;13;A01
201000001067;0;7;0;0;2;6;21;C03
201000001068;0;10;0;0;2;1;1;C03
201000001068;0;7;0;0;2;3;13;A01
201000001068;0;7;0;0;0;8;1;B02
201000001069;0;7;0;0;2;1;13;A01
201000001069;0;7;0;0;2;1;1;B02
201000001070;0;7;0;0;0;8;15;B02
201000001070;0;33;0;0;2;1;17;A01
201000001071;0;7;0;0;2;2;17;A01
201000001071;0;1;0;0;2;4;13;B02
201000001072;0;7;0;0;2;6;19;B02
201000001072;0;33;0;0;2;1;21;A01
201000001073;0;7;0;0;9;3;15;A01
201000001073;0;33;0;1;2;1;17;B02
201000001074;0;7;0;0;2;5;13;A01
201000001074;0;7;0;0;2;1;1;B02
201000001075;0;7;0;0;2;3;23;C03
201000001075;0;7;0;0;2;1;19;A01
201000001075;0;7;0;0;2;1;1;B02
201000001076;0;7;0;0;2;1;2;A01
201000001076;0;7;0;0;2;3;1;B02
201000001077;0;7;0;11;0;1;1;A01
201000001078;0;34;0;0;2;3;1;B02
201000001078;1;7;0;0;2;6;15;A01
201000001079;0;7;0;0;2;1;1;B02
201000001079;0;7;0;0;2;1;17;A01
201000001080;0;7;0;0;0;1;2;B02
201000001080;0;30;0;0;0;6;17;A01
201000001081;0;7;0;0;1;2;17;A01
201000001082;0;7;0;0;2;1;1;A01
201000001082;0;7;0;0;2;2;15;B02
201000001083;0;30;0;0;0;8;1;A01
201000001084;0;31;0;12;0;7;1;A01
201000001085;0;10;0;0;1;3;14;A01
201000001086;0;7;0;0;1;8;1;A01
201000001087;0;31;0;0;0;1;1;B02
201000001087;0;7;0;0;0;3;13;A01
201000001088;0;7;0;8;0;1;16;A01
201000001089;0;7;0;0;2;3;13;B02
201000001089;0;7;0;0;2;1;1;A01
201000001090;0;7;0;0;1;3;19;A01
201000001091;0;10;0;0;2;2;2;A01
201000001091;0;7;0;0;2;4;2;B02
201000001092;0;7;0;0;1;2;2;A01
201000001093;0;7;0;0;2;6;20;A01
201000001093;0;30;0;0;2;1;2;B02
201000001094;0;1;0;0;2;2;5;B02
201000001094;0;7;0;0;9;3;20;A01
201000001095;0;7;0;0;1;2;17;A01
201000001096;0;7;0;0;1;0;0;A01
201000001097;0;7;0;0;2;1;13;A01
201000001097;0;7;0;0;2;1;1;B02
201000001098;0;7;0;0;1;1;1;A01
201000001099;0;7;0;0;1;2;1;A01
201000001100;0;16;0;0;1;0;1;A01
201000001101;0;7;0;0;2;1;13;A01
201000001101;0;7;0;0;2;3;1;B02
201000001102;0;7;0;0;1;1;1;A01
201000001103;0;10;0;0;2;1;19;A01
201000001103;0;7;0;6;2;2;1;B02
201000001104;0;7;0;2;0;7;1;A01
201000001105;0;7;0;0;2;1;16;A01
201000001105;0;7;0;0;2;2;1;B02
201000001106;0;7;0;0;1;1;1;A01
201000001107;0;7;0;0;2;3;9;B02
201000001107;0;7;0;0;2;2;1;A01
201000001108;0;7;0;8;0;3;1;A01
201000001109;0;10;0;0;2;3;10;A01
201000001109;0;10;0;0;2;3;2;B02
201000001110;0;7;0;0;0;3;1;A01
201000001110;0;7;0;0;2;1;1;B02
201000001111;0;7;0;0;0;9;1;A01
201000001112;0;7;0;0;1;1;1;A01
201000001113;0;7;0;0;2;1;1;B02
201000001113;0;7;0;0;2;1;17;A01
201000001113;0;7;0;0;2;3;1;C03
201000001114;0;7;0;1;1;3;1;A01
201000001115;0;7;0;2;0;8;13;A01
201000001116;0;7;0;0;2;1;1;B02
201000001116;0;30;0;0;2;1;13;A01
201000001117;0;7;0;0;1;3;16;A01
201000001118;0;33;0;0;2;1;0;A01
201000001118;0;7;0;0;0;2;1;B02
201000001119;0;7;0;0;2;3;1;B02
201000001119;0;7;0;0;2;1;15;A01
201000001119;0;7;0;0;0;1;23;C03
201000001120;0;7;0;13;0;1;14;A01
201000001121;0;7;0;2;0;1;18;A01
201000001122;0;7;0;0;2;8;13;A01
201000001122;0;7;0;0;2;1;1;B02
201000001123;0;7;0;0;2;1;0;A01
201000001123;0;7;0;0;2;1;0;B02
201000001124;0;7;0;9;0;5;1;A01
201000001124;0;15;0;0;0;1;0;B02