num_acc;senc;catv;occutc;obs;obsm;choc;manv;num_veh
201000001125;0;14;0;0;2;1;1;A01
201000001125;0;7;0;0;2;1;1;B02
201000001126;0;7;0;0;2;3;13;A01
201000001126;0;7;0;0;2;3;1;B02
201000001127;0;7;0;0;2;1;13;A01
201000001127;0;17;0;0;2;1;1;B02
201000001128;0;7;0;2;0;3;1;A01
201000001129;0;1;0;1;0;1;0;A01
201000001130;0;33;0;0;2;4;15;A01
201000001130;0;33;0;0;2;1;1;B02
201000001131;0;10;0;0;2;3;1;C03
201000001131;0;30;0;0;2;1;2;B02
201000001131;0;30;0;0;0;4;1;A01
201000001132;0;7;0;0;2;3;13;B02
201000001132;0;17;0;0;2;3;1;A01
201000001133;0;7;0;0;2;2;13;A01
201000001133;0;7;0;0;2;1;1;B02
201000001134;0;7;0;0;2;1;1;B02
201000001134;0;7;0;0;2;1;13;A01
201000001135;0;7;0;0;2;1;13;A01
201000001135;0;16;0;0;2;1;1;B02
201000001136;0;7;0;0;2;1;1;B02
201000001136;0;7;0;0;2;3;1;C03
201000001136;0;7;0;0;2;3;5;A01
201000001137;0;14;0;0;2;1;1;A01
201000001137;0;7;0;0;9;7;1;B02
201000001138;0;10;0;2;2;1;1;C03
201000001138;0;7;0;0;2;1;1;B02
201000001138;0;7;0;0;2;1;0;A01
201000001138;0;7;0;4;2;1;1;D04
201000001139;0;7;0;1;1;1;0;A01
201000001140;0;7;0;16;0;9;1;A01
201000001141;0;31;0;0;2;1;1;A01
201000001141;0;7;0;0;9;8;19;B02
201000001142;0;7;0;6;1;1;1;A01
201000001143;0;30;0;15;0;1;0;A01
201000001144;0;7;0;0;1;1;1;A01
201000001145;0;7;0;0;2;3;1;C03
201000001145;0;33;0;0;2;1;17;A01
201000001145;0;7;0;0;0;0;1;B02
201000001146;0;33;0;6;0;1;1;A01
201000001147;0;30;0;0;0;0;1;A01
201000001148;0;7;0;2;0;1;21;A01
201000001149;0;7;0;2;0;3;0;A01
201000001150;0;33;0;13;0;1;1;A01
201000001151;0;33;0;13;0;0;1;A01
201000001152;0;7;0;0;0;8;1;B02
201000001152;0;7;0;0;2;2;17;A01
201000001153;0;7;0;0;0;0;13;A01
201000001154;0;7;0;0;2;3;1;B02
201000001154;0;33;0;0;2;1;1;A01
201000001155;0;2;0;14;0;1;1;A01
201000001155;0;7;0;0;2;4;23;B02
201000001155;0;7;0;0;0;0;15;C03
201000001156;0;7;0;2;0;1;13;A01
201000001157;0;10;0;6;0;1;0;A01
201000001158;0;33;0;0;0;9;13;A01
201000001158;0;7;0;0;0;3;1;B02
201000001159;0;7;0;6;0;3;13;A01
201000001160;0;7;0;0;2;1;1;B02
201000001160;0;7;0;0;2;0;15;A01
201000001161;0;7;0;0;2;9;1;B02
201000001161;0;7;0;0;2;1;1;A01
201000001161;0;7;0;0;0;4;15;C03
201000001162;0;2;0;0;2;1;1;B02
201000001162;0;7;0;0;0;3;15;A01
201000001163;0;10;0;0;2;3;13;A01
201000001163;0;7;0;0;0;3;1;B02
201000001164;0;30;0;0;2;1;1;A01
201000001164;0;7;0;0;2;3;1;B02
201000001165;0;7;0;0;2;3;1;B02
201000001165;0;1;0;0;2;8;19;C03
201000001166;0;31;0;0;2;2;23;A01
201000001166;0;7;0;0;2;4;23;B02
201000001167;0;7;0;2;0;1;13;A01
201000001168;0;7;0;0;1;7;1;A01
201000001169;0;7;0;0;2;1;23;B02
201000001169;0;33;0;0;2;3;1;A01
201000001170;0;7;0;0;9;2;2;B02
201000001170;0;33;0;0;0;6;2;A01
201000001171;0;33;0;0;2;1;17;B02
201000001171;0;7;0;0;2;6;17;A01
201000001172;0;2;0;1;0;1;1;A01
201000001173;0;7;0;6;0;2;1;A01
201000001174;0;7;0;8;0;8;1;A01
201000001175;0;7;0;3;0;3;0;A01
201000001176;0;7;0;0;2;1;13;B02
201000001176;0;15;0;0;2;2;1;A01
201000001177;0;30;0;0;2;0;19;A01
201000001177;0;7;0;0;0;4;1;B02
201000001178;0;7;0;0;1;2;1;A01
201000001179;0;7;0;2;6;1;1;A01
201000001180;0;7;0;13;0;9;1;A01
201000001181;0;33;0;0;2;1;1;B02
201000001181;0;7;0;0;2;8;1;C03
201000001181;0;33;0;0;2;8;13;A01
201000001182;0;10;0;0;2;1;1;B02
201000001182;0;7;0;0;2;1;13;A01
201000001183;0;7;0;0;1;2;1;A01
201000001184;0;10;0;0;2;1;1;A01
201000001184;0;21;0;0;2;6;19;B02
201000001185;0;7;0;5;0;1;1;A01
201000001186;0;7;0;0;0;9;17;A01
201000001187;0;7;0;0;1;2;1;A01
201000001188;0;7;0;0;2;7;19;B02
201000001188;0;15;0;0;2;1;1;A01
201000001189;0;7;0;2;0;8;1;A01
201000001190;0;10;0;0;2;1;1;B02
201000001190;0;15;0;0;2;3;23;C03
201000001190;0;7;0;0;2;7;19;A01
201000001191;0;7;0;0;2;2;13;A01
201000001191;0;7;0;0;2;1;1;B02
201000001192;0;7;0;0;2;4;23;B02
201000001192;0;7;0;0;2;4;23;C03
201000001192;0;10;0;0;2;1;1;A01
201000001193;0;7;0;0;2;4;1;B02
201000001193;0;2;0;0;2;1;1;A01
201000001194;0;7;0;12;0;2;1;A01
201000001195;0;7;0;2;0;1;1;A01
201000001196;0;14;0;0;1;1;1;A01
201000001197;0;7;0;0;2;3;16;B02
201000001197;0;30;0;0;2;2;1;A01
201000001198;0;7;0;0;2;1;1;A01
201000001198;0;7;0;0;2;1;15;B02
201000001199;0;7;0;0;0;0;1;A01
201000001200;0;7;0;8;0;2;1;A01
201000001201;0;7;0;13;0;3;21;A01
201000001202;0;33;0;0;2;1;13;B02
201000001202;0;7;0;0;2;1;16;A01
201000001203;0;7;0;0;2;1;2;A01
201000001204;0;7;0;0;0;6;0;B02
201000001204;0;33;0;0;2;1;1;A01
201000001205;0;7;0;0;2;2;1;A01
201000001205;0;14;0;0;0;3;15;B02
201000001206;0;7;0;8;0;8;0;A01
201000001207;0;30;0;0;2;1;5;B02
201000001207;0;7;0;0;2;3;13;A01
201000001208;0;7;0;0;2;1;1;B02
201000001208;0;7;0;0;2;1;13;A01
201000001209;0;7;0;0;2;1;1;B02
201000001209;0;7;0;0;2;2;13;A01
201000001210;0;7;0;0;2;3;15;A01
201000001210;0;2;0;0;2;1;1;B02
201000001211;0;2;0;0;2;8;2;B02
201000001211;0;7;0;0;2;7;17;A01
201000001212;0;33;0;0;2;1;1;A01
201000001212;0;21;0;0;2;8;15;B02
201000001213;0;33;0;0;2;8;17;A01
201000001213;0;7;0;0;2;8;1;B02
201000001214;0;7;0;0;2;1;13;A01
201000001214;0;7;0;0;2;2;1;B02
201000001215;0;7;0;0;2;1;1;A01
201000001215;0;3;0;0;2;9;19;B02
201000001216;0;2;0;0;2;8;10;A01
201000001216;0;7;0;0;2;3;1;B02
201000001217;0;7;0;0;2;1;1;A01
201000001217;0;7;0;0;2;9;19;B02
201000001218;0;21;0;0;2;7;15;A01
201000001218;0;31;0;0;2;1;5;B02
201000001219;0;7;0;0;2;3;1;A01
201000001219;0;7;0;0;2;3;1;B02
201000001220;0;33;0;0;2;3;1;B02
201000001220;0;7;0;0;2;3;13;A01
201000001221;0;7;0;0;2;7;19;A01
201000001221;0;2;0;0;2;1;1;B02
201000001222;0;30;0;0;2;4;2;B02
201000001223;0;7;0;0;1;1;1;A01
201000001224;0;7;0;0;0;2;20;A01
201000001224;0;31;0;0;0;1;1;B02
201000001225;0;30;0;0;2;1;17;A01
201000001225;0;7;0;0;2;3;1;C03
201000001225;0;7;0;0;2;3;1;B02
201000001226;0;31;0;0;0;4;15;B02
201000001226;0;31;0;0;0;1;1;A01
201000001227;0;21;0;0;2;3;15;A01
201000001227;0;33;0;0;2;2;17;B02
201000001228;0;21;0;0;0;4;1;B02
201000001228;0;7;0;0;2;1;2;A01
201000001229;0;7;0;2;0;1;1;A01
201000001230;0;33;0;0;2;1;1;A01
201000001230;0;7;0;0;2;7;19;B02
201000001231;0;33;0;16;0;9;1;A01
201000001232;0;17;0;0;2;3;15;A01
201000001232;0;7;0;0;2;3;1;C03
201000001233;0;7;0;0;0;0;2;A01
201000001234;0;7;0;15;0;1;2;A01
201000001235;0;7;0;0;2;3;1;A01
201000001235;0;7;0;0;2;2;19;B02
201000001236;0;7;0;0;1;3;19;A01
201000001237;0;7;0;0;2;3;13;A01
201000001237;0;17;0;0;2;3;1;B02
201000001238;0;33;0;0;2;2;1;B02
201000001238;0;7;0;0;2;3;9;A01
201000001239;0;33;0;0;2;1;1;B02
201000001239;0;7;0;0;2;1;15;A01
201000001240;0;7;0;0;9;8;0;A01
201000001240;0;1;0;0;2;1;1;B02
201000001241;0;15;0;0;2;1;1;A01
201000001241;0;7;0;0;0;4;1;B02
201000001242;0;31;0;0;2;1;1;B02
201000001242;0;15;0;0;0;2;19;A01
201000001243;0;7;0;1;0;3;2;A01
201000001243;0;21;0;0;2;4;24;B02
201000001244;0;7;0;0;2;3;1;B02
201000001244;0;7;0;0;2;3;19;A01
201000001245;0;7;0;2;0;1;1;A01
201000001246;0;7;0;0;2;6;19;A01
201000001246;0;33;0;0;2;1;1;B02
201000001247;0;1;0;0;2;8;15;B02
201000001247;0;7;0;0;2;7;17;A01
201000001248;0;7;0;2;2;1;21;A01
201000001248;0;10;0;0;2;0;10;B02
201000001249;0;33;0;13;0;1;1;A01
201000001250;0;10;0;0;2;2;0;A01
201000001250;0;7;0;0;2;3;19;B02
201000001251;0;33;0;13;0;1;16;A01
201000001252;0;7;0;0;2;1;15;A01
201000001252;0;7;0;0;2;1;1;B02
201000001253;0;7;0;0;2;8;15;B02
201000001253;0;7;0;0;2;1;1;A01
201000001254;0;7;0;6;0;2;1;A01
201000001255;0;2;0;8;0;1;1;A01
201000001256;0;10;0;0;0;3;1;A01
201000001257;0;10;0;0;2;8;1;B02
201000001257;0;7;0;0;2;2;1;A01
201000001258;0;7;0;13;0;1;1;A01
201000001259;0;7;0;13;0;1;1;A01
201000001260;0;7;0;8;0;7;1;A01
201000001261;0;10;0;0;2;1;1;A01
201000001261;0;10;0;0;0;8;19;B02
201000001262;0;7;0;13;0;3;1;A01
201000001263;0;7;0;0;1;1;15;A01
201000001264;0;7;0;2;0;7;13;A01
201000001265;0;7;0;0;2;8;1;B02
201000001265;0;7;0;0;2;2;1;A01
201000001266;0;33;0;14;1;2;21;A01
201000001267;0;1;0;0;2;8;1;B02
201000001267;0;30;0;0;2;1;1;A01
201000001268;0;7;0;0;2;1;1;A01
201000001268;0;7;0;0;2;2;20;B02
201000001269;0;7;0;0;1;2;1;A01
201000001270;0;7;0;0;2;1;13;A01
201000001270;0;7;0;0;2;1;1;B02
201000001271;0;7;0;0;0;1;1;A01
201000001271;0;7;0;0;0;2;1;B02
201000001272;0;7;0;8;0;3;17;A01
201000001273;0;14;0;0;2;2;1;B02
201000001273;0;7;0;0;0;8;9;A01
201000001274;0;31;0;0;2;1;1;A01
201000001274;0;7;0;0;2;3;9;B02
201000001275;0;7;0;0;0;6;2;B02
201000001275;0;33;0;0;2;2;17;A01
201000001276;0;7;0;6;0;1;14;A01
201000001277;0;7;0;0;0;5;1;A01
201000001277;0;31;0;0;2;1;19;B02
201000001278;0;7;0;0;1;7;21;A01
201000001279;0;21;0;0;0;1;1;A01
201000001279;0;1;0;0;0;1;1;B02
201000001280;0;7;0;0;0;5;23;B02
201000001280;0;7;0;0;0;3;1;A01
201000001281;0;7;0;0;2;3;1;C03
201000001281;0;7;0;0;2;3;13;A01
201000001281;0;7;0;0;2;8;21;B02
201000001282;0;3;0;0;2;7;19;C03
201000001282;0;15;0;0;2;3;1;A01
201000001283;0;7;0;0;2;3;9;A01
201000001283;0;30;0;0;2;1;1;B02
201000001284;0;7;0;0;2;3;1;B02
201000001284;0;30;0;0;2;1;19;A01
201000001285;0;7;0;0;2;3;1;B02
201000001285;0;7;0;0;2;3;13;A01
201000001286;0;7;0;15;0;3;13;A01
201000001287;0;7;0;0;0;4;1;A01
201000001287;0;7;0;0;2;1;1;B02
201000001288;0;7;0;0;2;3;19;B02
201000001288;0;7;0;0;2;2;21;A01
201000001289;0;7;0;0;2;7;13;A01
201000001289;0;7;0;0;2;1;1;B02
201000001290;0;7;0;11;0;9;17;A01
201000001291;0;7;0;0;2;3;1;A01
201000001291;0;2;0;0;2;2;1;B02
201000001292;0;7;0;0;2;1;1;B02
201000001292;0;7;0;0;2;1;13;A01
201000001293;0;33;0;8;0;1;13;A01
201000001294;0;7;0;3;2;1;1;A01
201000001294;0;34;0;0;2;1;1;B02
201000001295;0;33;0;0;2;1;1;B02
201000001295;0;7;0;0;2;3;15;A01
201000001296;0;10;0;0;0;4;0;C03
201000001296;0;7;0;0;0;4;0;B02
201000001296;0;10;0;0;2;1;0;A01
201000001296;0;7;0;0;0;4;0;D04
201000001297;0;7;0;0;2;1;15;A01
201000001297;0;33;0;0;2;7;1;B02
201000001298;0;7;0;0;1;3;1;A01
201000001299;0;7;0;0;2;2;19;A01
201000001299;0;7;0;0;2;3;1;B02
201000001300;0;7;0;0;2;1;1;B02
201000001300;0;7;0;0;2;8;1;A01
201000001301;0;1;0;0;2;0;19;B02
201000001301;0;7;0;0;0;2;1;A01
201000001302;0;30;0;13;0;2;19;A01
201000001303;0;33;0;0;2;1;17;A01
201000001303;0;7;0;0;2;8;15;B02
201000001304;0;7;0;0;2;1;1;A01
201000001304;0;7;0;0;2;7;1;B02
201000001305;0;7;0;0;2;3;17;A01
201000001305;0;32;0;0;2;1;1;B02
201000001306;0;7;0;0;2;3;1;A01
201000001306;0;7;0;0;2;1;1;B02
201000001307;0;10;0;0;2;1;6;A01
201000001307;0;30;0;0;2;1;1;B02
201000001308;0;7;0;0;2;2;1;A01
201000001308;0;7;0;0;2;1;1;B02
201000001309;0;7;0;6;0;9;1;A01
201000001310;0;33;0;0;5;1;1;A01
201000001311;0;7;0;16;2;1;1;B02
201000001311;0;7;0;7;2;2;19;A01
201000001312;0;10;0;0;2;2;13;A01
201000001312;0;7;0;0;2;3;1;B02
201000001313;0;7;0;0;2;3;13;A01
201000001313;0;7;0;0;2;3;1;B02
201000001314;0;2;0;0;0;0;1;A01
201000001315;0;2;0;0;2;1;5;A01
201000001315;0;2;0;0;2;1;1;B02
201000001316;0;14;0;0;2;1;1;A01
201000001316;0;36;0;0;2;7;19;B02
201000001317;0;30;0;0;2;1;1;B02
201000001317;0;7;0;0;2;2;15;A01
201000001318;0;10;0;0;2;1;1;B02
201000001318;0;7;0;0;2;3;5;A01
201000001319;0;7;0;0;0;0;0;C03
201000001319;0;7;0;0;2;9;0;A01
201000001319;0;7;0;0;0;0;0;B02
201000001320;0;7;0;0;1;1;1;A01
201000001321;0;33;0;0;6;1;1;A01
201000001322;0;7;0;0;2;3;1;A01
201000001322;0;7;0;0;2;1;1;C03
201000001322;0;7;0;0;2;3;1;B02
201000001323;0;30;0;0;2;8;1;A01
201000001323;0;15;0;0;2;7;17;B02
201000001324;0;38;0;0;2;3;1;B02
201000001324;0;10;0;0;2;3;13;A01
201000001324;0;7;0;0;2;8;1;C03
201000001325;0;7;0;0;0;0;0;C03
201000001325;0;7;0;0;2;1;0;B02
201000001325;0;7;0;0;2;7;21;A01
201000001326;0;2;0;0;2;1;13;B02
201000001326;0;7;0;0;2;1;1;A01
201000001327;0;7;0;8;0;0;14;A01
201000001328;0;30;0;0;0;1;1;A01
201000001328;0;1;0;0;0;4;1;B02
201000001329;0;2;0;0;2;2;15;A01
201000001329;0;7;0;0;2;2;1;B02
201000001330;0;7;0;0;2;3;16;A01
201000001330;0;33;0;0;2;7;15;B02
201000001331;0;10;0;13;0;2;17;A01
201000001332;0;13;0;0;0;1;1;B02
201000001332;0;7;0;0;0;2;19;A01
201000001333;0;7;0;4;0;9;1;A01
201000001334;0;7;0;13;0;3;1;A01
201000001335;0;33;0;0;2;8;9;A01
201000001335;0;7;0;0;2;7;9;B02
201000001336;0;7;0;0;2;8;0;A01
201000001336;0;10;0;0;2;3;0;C03
201000001336;0;7;0;0;2;2;15;B02
201000001337;0;10;0;0;2;1;0;D04
201000001337;0;10;0;0;2;6;1;B02
201000001337;0;10;0;0;2;0;0;C03
201000001337;1;7;0;0;0;0;15;A01
201000001338;0;7;0;0;5;1;1;A01
201000001339;0;7;0;0;2;7;1;A01
201000001339;0;7;0;0;2;1;19;B02
201000001340;0;15;0;0;1;1;1;A01
201000001340;0;30;0;0;6;0;23;B02
201000001341;0;7;0;0;2;1;0;B02
201000001341;0;1;0;0;2;1;13;A01
201000001342;0;33;0;0;0;0;21;A01
201000001343;0;7;0;0;2;1;1;B02
201000001343;0;7;0;0;2;2;15;A01
201000001344;0;33;0;0;0;7;15;A01
201000001345;0;7;0;0;2;3;15;A01
201000001345;0;7;0;0;2;3;1;B02
201000001346;0;7;0;13;0;1;21;A01
201000001346;0;7;0;0;2;1;21;B02
201000001347;0;7;0;0;2;1;1;B02
201000001347;0;7;0;0;2;7;1;A01
201000001348;0;33;0;0;0;1;1;B02
201000001348;0;10;0;0;0;5;15;A01
201000001349;0;15;0;0;0;2;1;A01
201000001349;0;35;0;0;0;1;1;B02
201000001350;0;33;0;0;2;1;17;A01
201000001350;0;7;0;0;2;8;15;B02
201000001351;0;7;0;0;2;6;11;B02
201000001351;0;33;0;0;2;1;17;A01
201000001352;0;7;0;2;0;1;1;A01
201000001353;0;7;0;0;2;8;13;A01
201000001353;0;7;0;0;2;1;1;B02
201000001354;0;7;0;14;0;9;1;A01
201000001355;0;7;0;0;0;3;1;A01
201000001356;0;30;0;0;2;6;15;B02
201000001356;0;7;0;0;2;3;1;A01
201000001357;0;2;0;0;2;1;15;A01
201000001357;0;7;0;0;2;2;1;B02
201000001358;0;7;0;0;2;3;17;A01
201000001358;0;13;0;0;2;3;1;B02
201000001359;0;7;0;2;0;1;1;A01
201000001360;0;7;0;0;1;1;1;A01
201000001361;0;7;0;0;2;1;5;A01
201000001361;0;7;0;0;2;5;21;B02
201000001361;0;7;0;0;2;1;1;C03
201000001362;0;7;0;16;0;9;1;A01
201000001363;0;7;0;0;0;3;1;A01
201000001364;0;33;0;0;2;7;6;B02
201000001364;0;7;0;0;2;6;13;A01
201000001365;0;7;0;0;2;3;1;B02
201000001365;0;7;0;0;2;1;15;A01
201000001366;0;7;0;0;2;1;1;B02
201000001366;0;7;0;0;2;1;1;A01
201000001367;0;14;0;0;2;8;1;C03
201000001367;0;7;0;0;2;1;17;A01
201000001367;0;7;0;0;2;1;1;B02
201000001368;0;7;0;0;2;7;19;A01
201000001368;0;7;0;0;2;1;1;B02
201000001369;0;7;0;0;0;3;15;A01
201000001369;0;33;0;0;0;2;1;B02
201000001370;0;33;0;0;2;1;1;A01
201000001370;0;7;0;0;2;7;1;B02
201000001371;0;10;0;0;2;1;1;C03
201000001371;0;7;0;0;2;5;6;A01
201000001371;0;7;0;0;2;3;1;B02
201000001372;0;7;0;0;1;2;1;A01
201000001373;0;33;0;0;0;0;1;A01
201000001374;0;14;0;8;0;7;1;A01
201000001375;0;7;0;13;0;1;1;A01
201000001376;0;7;0;0;2;1;1;B02
201000001376;0;7;0;8;2;7;19;A01
201000001377;0;7;0;16;0;9;1;A01
201000001378;0;2;0;8;0;1;0;A01
201000001379;0;7;0;6;0;8;1;A01
201000001380;0;10;0;0;0;4;23;B02
201000001380;0;7;0;0;2;1;1;A01
201000001381;0;38;0;0;2;2;1;A01
201000001381;0;7;0;0;2;1;15;B02
201000001382;0;33;0;16;0;8;2;A01
201000001383;0;7;0;8;0;1;13;A01
201000001384;0;10;0;0;0;2;24;A01
201000001384;0;7;0;1;0;2;1;B02
201000001385;0;7;0;0;2;2;1;A01
201000001385;0;1;0;0;2;1;15;B02
201000001386;0;7;0;0;2;2;2;A01
201000001386;0;7;0;0;2;6;17;B02
201000001387;0;2;0;0;2;1;1;A01
201000001387;0;7;0;0;0;2;15;B02
201000001388;0;7;0;0;2;3;1;A01
201000001388;0;30;0;0;2;7;1;B02
201000001389;0;2;0;0;2;2;1;B02
201000001389;0;7;0;0;2;3;13;A01
201000001390;0;7;0;16;0;0;13;A01
201000001391;2;7;0;0;2;3;9;A01
201000001391;0;7;0;0;2;1;1;B02
201000001392;0;7;0;2;0;1;14;A01
201000001393;0;39;0;1;0;1;1;B02
201000001394;0;7;0;13;0;7;1;A01
201000001395;0;7;0;0;2;3;1;B02
201000001395;0;7;0;0;2;3;13;A01
201000001396;0;7;0;0;2;7;19;B02
201000001396;0;7;0;0;2;1;1;A01
201000001397;0;7;0;13;0;2;1;A01
201000001398;0;7;0;0;6;1;1;A01
201000001399;0;7;0;0;2;7;17;A01
201000001399;0;2;0;0;2;8;15;B02
201000001400;0;10;0;0;0;7;14;A01
201000001401;0;17;0;0;1;2;1;A01
201000001402;0;7;0;13;0;1;1;A01
201000001403;0;7;0;0;2;3;1;B02
201000001403;0;10;0;0;2;2;19;A01
201000001404;0;7;0;13;0;3;1;A01
201000001405;0;7;0;2;0;1;1;A01
201000001406;0;7;0;0;1;2;2;A01
201000001407;0;33;0;5;0;7;1;A01
201000001408;0;17;0;0;2;8;1;B02
201000001408;0;7;0;0;2;3;0;A01
201000001409;0;7;0;2;0;2;1;A01
201000001410;0;7;0;0;5;4;23;A01
201000001410;0;7;0;0;2;1;2;B02
201000001411;0;32;0;7;0;2;0;A01
201000001412;1;14;0;0;0;0;0;A01
201000001413;0;33;0;7;0;8;1;A01
201000001414;0;7;0;8;2;3;1;A01
201000001414;0;7;0;0;2;2;19;B02
201000001415;0;7;0;0;2;2;1;A01
201000001415;0;10;0;0;2;3;1;B02
201000001416;0;7;0;0;2;3;1;B02
201000001416;0;7;0;0;2;2;6;A01
201000001417;0;7;0;0;2;1;1;B02
201000001417;0;7;0;0;2;7;1;A01
201000001418;0;7;0;0;2;1;1;A01
201000001418;0;7;0;0;2;4;15;B02
201000001419;0;33;0;12;0;1;1;A01
201000001420;0;14;0;0;2;3;13;A01
201000001420;0;7;0;0;2;3;0;B02
201000001421;0;31;0;0;2;1;1;B02
201000001421;0;7;0;0;2;2;15;A01
201000001422;0;7;0;0;1;2;1;A01
201000001423;0;7;0;6;0;1;1;A01
201000001424;0;33;0;16;2;0;21;A01
201000001424;0;7;0;0;0;0;17;B02
201000001425;0;10;0;13;0;1;1;A01
201000001426;0;10;0;0;0;5;1;A01
201000001426;0;33;0;0;2;1;2;B02
201000001427;0;36;0;12;0;0;1;A01
201000001428;0;14;0;0;1;6;4;A01
201000001429;0;7;0;6;0;1;1;A01
201000001430;0;31;0;0;0;0;0;A01
201000001431;0;7;0;0;2;1;0;A01
201000001431;0;7;0;0;0;5;0;B02
201000001432;0;15;0;0;2;1;19;B02
201000001432;0;7;0;0;2;8;1;A01
201000001433;0;7;0;0;0;1;1;A01
201000001434;0;2;0;0;2;7;19;B02
201000001434;0;7;0;0;2;1;1;A01
201000001435;0;7;0;0;2;1;9;B02
201000001435;0;33;0;3;2;1;1;A01
201000001436;0;10;0;0;9;3;1;A01
201000001437;0;10;0;0;0;4;2;B02
201000001437;0;33;0;0;2;1;2;A01
201000001438;0;14;0;0;0;0;1;A01
201000001439;0;33;0;0;2;2;1;B02
201000001439;0;7;0;0;2;2;17;A01
201000001440;0;10;0;0;0;4;16;A01
201000001440;0;31;0;0;2;1;1;B02
201000001441;0;7;0;0;1;1;1;A01
201000001442;0;2;0;0;2;7;19;A01
201000001442;0;10;0;0;2;1;19;B02
201000001443;0;7;0;0;2;1;1;A01
201000001443;0;10;0;0;2;1;0;B02
201000001444;0;7;0;0;1;2;1;A01
201000001445;0;33;0;16;9;1;2;A01
201000001446;0;10;0;0;0;7;1;B02
201000001446;0;30;0;0;2;1;9;A01
201000001447;0;7;0;0;1;2;1;A01
201000001448;0;7;0;1;0;1;20;A01
201000001448;0;10;0;0;1;4;0;C03
201000001448;0;7;0;0;0;4;0;B02
201000001449;0;33;0;0;2;2;2;A01
201000001449;0;33;0;0;0;6;2;B02
201000001450;0;1;0;0;2;7;0;B02
201000001450;0;7;0;0;2;1;9;A01
201000001451;0;30;0;0;2;7;1;A01
201000001451;0;7;0;0;2;8;1;B02
201000001452;0;33;0;0;0;0;1;A01
201000001453;0;33;0;0;2;1;1;A01
201000001453;0;7;0;0;2;4;11;B02
201000001454;0;30;0;0;2;1;1;B02
201000001454;0;7;0;0;2;6;1;A01
201000001455;0;7;0;2;0;1;1;A01
201000001456;0;7;0;0;2;6;15;B02
201000001456;0;33;0;0;2;1;1;A01
201000001457;0;7;0;0;1;4;4;A01
201000001458;0;7;0;2;0;8;1;A01
201000001459;0;7;0;0;2;3;1;C03
201000001459;0;7;0;0;2;1;1;B02
201000001459;0;7;0;0;2;3;17;A01
201000001460;0;7;0;0;0;9;1;A01
201000001461;0;7;0;8;0;1;1;A01
201000001462;0;7;0;8;0;8;1;A01
201000001463;0;7;0;15;0;1;1;A01
201000001464;0;7;0;0;2;1;19;A01
201000001464;0;7;0;0;2;2;1;B02
201000001465;0;14;0;0;2;1;1;B02
201000001465;0;14;0;0;2;1;13;A01
201000001466;0;10;0;0;2;7;19;B02
201000001466;0;10;0;0;2;1;1;A01
201000001467;0;7;0;0;0;8;0;B02
201000001467;0;30;0;0;0;8;1;A01
201000001468;0;7;0;13;0;1;1;A01
201000001469;0;7;0;1;0;9;1;A01
201000001470;0;33;0;0;0;7;13;A01
201000001471;0;7;0;0;9;3;1;A01
201000001471;0;15;0;0;2;1;1;B02
201000001472;0;7;0;0;1;2;1;A01
201000001473;0;10;0;0;1;2;1;A01
201000001474;0;7;0;0;2;3;1;A01
201000001474;0;7;0;0;2;1;1;B02
201000001475;0;7;0;0;2;1;1;A01
201000001475;0;7;0;0;2;1;1;B02
201000001476;0;33;0;0;2;1;1;B02
201000001476;0;7;0;0;2;3;15;A01
201000001477;0;7;0;6;0;8;1;A01
201000001478;0;7;0;0;2;7;1;B02
201000001478;0;10;0;0;2;6;20;A01
201000001479;0;7;0;16;0;9;1;A01
201000001480;0;7;0;2;2;1;1;A01
201000001481;0;2;0;6;0;2;1;A01
201000001482;0;38;0;0;2;2;1;A01
201000001482;0;10;0;0;2;1;1;B02
201000001483;0;33;0;0;0;1;1;B02
201000001483;0;10;0;0;0;3;19;A01
201000001484;0;10;0;0;1;7;1;A01
201000001485;0;7;0;0;0;7;16;B02
201000001485;0;7;0;0;2;1;2;A01
201000001486;0;7;0;0;2;7;1;B02
201000001486;0;7;0;0;2;1;19;A01
201000001487;0;7;0;0;2;1;1;A01
201000001487;0;7;0;0;2;8;0;B02
201000001488;0;7;0;0;2;1;1;A01
201000001488;0;3;0;0;0;8;1;B02
201000001489;0;15;0;0;9;2;1;A01
201000001490;0;7;0;0;2;2;1;A01
201000001490;0;7;0;0;2;8;19;B02
201000001491;0;7;0;0;2;3;1;B02
201000001491;0;33;0;0;2;1;1;A01
201000001492;0;7;0;0;2;3;1;B02
201000001492;0;33;0;0;2;1;17;A01
201000001493;0;7;0;0;2;1;17;A01
201000001493;2;7;0;0;0;4;1;B02
201000001494;0;33;0;0;0;0;1;A01
201000001495;0;7;0;0;0;1;1;B02
201000001495;0;7;0;0;0;1;11;A01
201000001496;0;33;0;0;2;1;17;A01
201000001496;0;7;0;0;0;8;15;B02
201000001497;0;7;0;0;2;6;23;A01
201000001497;0;7;0;0;2;1;14;B02
201000001498;0;7;0;0;2;2;1;A01
201000001498;0;99;0;0;0;0;0;B02
201000001499;0;7;0;8;0;2;1;A01
201000001500;0;7;0;0;2;6;1;A01
201000001500;0;30;0;0;2;1;1;B02
201000001501;0;14;0;0;0;4;15;C03
201000001501;0;14;0;0;2;2;2;A01