num_acc;senc;catv;occutc;obs;obsm;choc;manv;num_veh
201000001501;0;14;0;0;2;6;2;B02
201000001502;0;7;0;0;0;4;20;A01
201000001503;0;31;0;11;0;1;1;A01
201000001504;0;7;0;0;2;5;16;B02
201000001504;0;33;0;0;2;1;2;A01
201000001505;0;7;0;0;1;1;1;A01
201000001506;0;7;0;0;2;1;1;C03
201000001506;0;7;0;0;2;4;23;A01
201000001506;0;7;0;0;2;4;23;B02
201000001507;0;17;0;0;2;2;16;B02
201000001507;0;7;0;0;2;3;1;A01
201000001508;0;10;0;0;2;3;1;A01
201000001508;0;7;0;0;2;3;1;B02
201000001509;0;7;0;0;2;1;1;A01
201000001509;0;7;0;0;2;1;1;B02
201000001510;0;7;0;0;2;6;11;A01
201000001510;0;33;0;0;2;1;1;B02
201000001511;0;7;0;0;0;8;1;B02
201000001511;0;7;0;0;0;1;1;A01
201000001512;0;7;0;0;2;2;1;A01
201000001512;0;7;0;0;2;1;19;B02
201000001513;0;7;0;0;2;1;1;B02
201000001513;0;7;0;0;0;8;13;A01
201000001514;0;7;0;0;2;8;15;A01
201000001514;0;33;0;0;2;1;1;B02
201000001515;0;7;0;0;0;9;1;A01
201000001516;0;7;0;0;0;0;1;A01
201000001517;0;33;0;0;2;1;1;A01
201000001517;0;7;0;0;2;6;20;B02
201000001518;0;7;0;0;0;1;0;A01
201000001519;0;7;0;13;0;0;1;A01
201000001520;0;31;0;14;0;1;1;A01
201000001521;0;7;0;13;0;3;13;A01
201000001522;0;33;0;0;0;1;1;A01
201000001523;0;7;0;0;0;1;13;A01
201000001523;0;7;0;0;0;1;1;B02
201000001524;0;33;0;0;2;8;1;A01
201000001524;0;7;0;0;2;8;1;B02
201000001525;0;33;0;0;2;1;1;A01
201000001525;0;7;0;0;2;5;15;B02
201000001526;0;7;0;13;0;0;1;A01
201000001527;0;7;0;0;2;2;15;A01
201000001527;0;2;0;0;2;1;1;B02
201000001528;0;7;0;0;2;8;13;A01
201000001528;0;7;0;0;2;8;1;B02
201000001529;0;7;0;2;0;1;14;A01
201000001530;0;7;0;0;0;4;1;B02
201000001530;0;7;0;0;2;1;2;A01
201000001531;0;7;0;8;0;3;1;A01
201000001532;0;7;0;0;2;1;1;B02
201000001532;0;7;0;0;2;1;13;A01
201000001533;0;33;0;2;0;3;13;A01
201000001534;0;7;0;0;2;2;1;B02
201000001534;0;7;0;0;2;1;1;A01
201000001535;0;10;0;1;0;1;1;A01
201000001536;0;7;0;0;9;3;1;A01
201000001536;0;33;0;0;0;8;17;B02
201000001537;0;7;0;0;2;1;0;B02
201000001537;0;7;0;0;2;1;1;A01
201000001538;0;30;0;0;0;1;15;B02
201000001538;0;30;0;0;0;1;1;A01
201000001539;0;30;0;0;2;1;1;A01
201000001539;0;7;0;0;2;3;1;B02
201000001540;0;30;0;0;2;1;1;A01
201000001540;0;7;0;0;0;4;23;B02
201000001541;0;30;0;0;2;1;1;B02
201000001541;0;7;0;0;2;3;15;A01
201000001542;0;7;0;0;0;2;1;A01
201000001543;0;17;0;0;2;2;1;A01
201000001543;0;30;0;0;2;1;1;B02
201000001544;0;10;0;0;0;3;1;B02
201000001544;0;33;0;0;0;3;1;A01
201000001545;0;10;0;8;0;1;1;A01
201000001546;0;7;0;0;2;1;1;B02
201000001546;0;33;0;0;2;1;1;A01
201000001547;0;7;0;8;0;8;14;A01
201000001548;0;7;0;0;0;8;17;A01
201000001548;0;33;0;0;2;7;17;B02
201000001549;0;7;0;0;2;7;16;C03
201000001549;0;33;0;0;2;1;18;A01
201000001549;0;33;0;0;2;1;18;B02
201000001550;0;7;0;0;0;3;10;A01
201000001550;0;2;0;0;2;1;1;B02
201000001551;0;7;0;0;1;3;15;A01
201000001552;0;2;0;0;1;3;0;A01
201000001553;0;7;0;8;0;1;1;A01
201000001554;0;7;0;0;2;3;1;A01
201000001554;0;7;0;0;2;2;15;B02
201000001555;0;7;0;0;1;3;1;A01
201000001556;0;7;0;0;2;1;1;A01
201000001556;0;7;0;0;0;4;23;B02
201000001557;0;7;0;0;2;8;1;A01
201000001557;0;33;0;0;2;8;1;B02
201000001558;0;7;0;8;0;1;13;A01
201000001559;0;10;0;0;2;7;1;A01
201000001559;0;7;0;0;2;3;1;B02
201000001560;0;7;0;0;2;3;19;A01
201000001560;0;7;0;0;2;3;1;B02
201000001561;0;7;0;2;0;1;13;A01
201000001562;0;36;0;0;5;1;1;A01
201000001563;0;7;0;0;2;3;15;B02
201000001563;0;30;0;0;2;1;17;A01
201000001564;0;7;0;0;2;7;15;A01
201000001564;0;2;0;0;2;1;1;B02
201000001565;0;7;0;13;0;1;1;A01
201000001566;0;7;0;0;2;3;13;A01
201000001566;0;21;0;0;2;3;1;B02
201000001567;0;7;0;0;2;4;15;B02
201000001567;0;7;0;0;2;1;1;A01
201000001568;0;7;0;0;2;1;0;B02
201000001568;0;7;0;0;2;1;0;A01
201000001569;0;33;0;0;0;8;0;A01
201000001570;0;7;0;13;0;3;1;A01
201000001571;0;7;0;15;0;3;13;A01
201000001572;0;7;0;8;0;2;0;A01
201000001573;0;7;0;0;2;1;15;A01
201000001573;0;30;0;0;2;1;1;B02
201000001574;0;30;0;0;2;3;2;B02
201000001574;0;10;0;0;2;7;17;A01
201000001575;0;1;0;0;2;1;13;A01
201000001576;0;33;0;2;0;2;1;A01
201000001577;0;7;0;0;1;3;1;A01
201000001577;0;7;0;0;1;3;1;B02
201000001578;0;7;0;0;2;3;1;B02
201000001578;0;7;0;0;2;2;15;A01
201000001579;0;7;0;0;0;6;24;A01
201000001579;0;7;0;1;0;2;1;B02
201000001580;0;7;0;0;2;3;16;A01
201000001581;0;2;0;0;2;8;18;A01
201000001581;0;7;0;0;2;2;16;B02
201000001582;0;1;0;0;2;1;1;B02
201000001582;0;7;0;0;2;2;1;A01
201000001583;0;1;0;0;2;4;1;B02
201000001583;0;7;0;0;2;3;1;A01
201000001584;0;7;0;3;0;1;0;A01
201000001585;0;32;0;0;2;1;13;A01
201000001585;0;15;0;0;2;1;1;B02
201000001586;0;7;0;0;1;5;4;A01
201000001587;0;7;0;8;0;1;1;A01
201000001588;0;7;0;0;0;1;1;D04
201000001588;0;7;0;0;0;1;1;E05
201000001588;0;7;0;0;2;1;5;A01
201000001588;0;7;0;0;0;0;2;F06
201000001588;0;7;0;0;2;1;1;B02
201000001588;0;7;0;0;0;1;1;C03
201000001589;0;10;0;0;2;8;15;B02
201000001589;0;33;0;0;2;7;13;A01
201000001590;0;1;0;0;2;8;15;B02
201000001590;0;7;0;0;2;3;1;A01
201000001591;0;7;0;0;2;7;15;A01
201000001591;0;1;0;0;2;1;1;B02
201000001592;0;7;0;0;0;0;1;A01
201000001593;0;15;0;3;0;3;13;A01
201000001593;0;33;0;0;2;1;17;B02
201000001594;0;2;0;0;2;8;19;B02
201000001594;0;7;0;0;2;2;1;A01
201000001595;0;7;0;0;2;1;23;D04
201000001595;0;7;0;0;2;2;2;B02
201000001595;0;7;0;0;2;6;2;A01
201000001595;0;7;0;0;2;1;23;C03
201000001596;0;7;0;6;0;2;1;A01
201000001597;0;15;0;0;2;3;1;A01
201000001597;0;7;0;0;2;2;15;B02
201000001597;0;7;0;0;2;3;23;C03
201000001598;0;2;0;0;2;1;1;B02
201000001598;0;7;0;0;2;2;11;A01
201000001599;0;17;0;0;0;8;13;A01
201000001600;0;2;0;0;0;6;2;B02
201000001600;0;7;0;0;0;2;2;A01
201000001601;0;7;0;0;2;3;16;A01
201000001601;0;7;0;0;2;1;0;B02
201000001602;0;17;0;0;2;3;1;B02
201000001602;0;7;0;0;2;3;1;D04
201000001602;0;7;0;0;2;3;13;A01
201000001603;0;7;0;0;2;1;1;A01
201000001603;0;30;0;0;2;7;16;B02
201000001604;0;7;0;0;2;1;13;A01
201000001604;0;7;0;0;2;1;1;B02
201000001605;0;7;0;0;2;8;1;C03
201000001605;0;7;0;0;2;1;1;B02
201000001605;0;30;0;0;2;1;13;A01
201000001606;0;2;0;0;2;1;15;A01
201000001606;0;7;0;0;2;3;1;B02
201000001607;0;7;0;13;0;9;1;A01
201000001608;0;7;0;13;0;1;1;A01
201000001609;0;7;0;13;0;1;1;A01
201000001610;0;7;0;0;0;0;1;A01
201000001611;0;33;0;3;0;7;14;A01
201000001612;0;7;0;13;0;2;14;A01
201000001613;0;10;0;0;2;8;19;A01
201000001613;0;10;0;0;2;1;1;B02
201000001614;0;33;0;12;0;1;1;A01
201000001615;0;7;0;0;0;0;0;A01
201000001615;0;7;0;0;0;3;0;B02
201000001616;0;37;0;0;0;2;0;A01
201000001616;0;1;0;0;0;3;0;B02
201000001617;0;10;0;0;2;5;1;B02
201000001617;0;10;0;0;2;2;1;A01
201000001618;0;7;0;0;1;2;1;A01
201000001619;0;7;0;0;2;8;15;A01
201000001619;0;7;0;0;2;3;1;B02
201000001620;0;7;0;1;0;3;1;A01
201000001621;0;7;0;0;0;2;1;A01
201000001622;0;3;0;0;9;2;1;A01
201000001623;0;10;0;0;0;0;1;A01
201000001624;0;7;0;16;0;7;1;A01
201000001625;0;33;0;12;0;9;1;A01
201000001626;0;36;0;0;0;7;15;A01
201000001627;0;7;0;0;2;1;1;A01
201000001627;0;7;0;0;2;1;1;B02
201000001628;0;7;0;0;1;2;16;A01
201000001629;0;2;0;0;2;1;1;B02
201000001629;0;7;0;0;2;5;1;A01
201000001630;0;7;0;0;1;2;1;A01
201000001631;0;7;0;16;0;1;0;A01
201000001632;0;33;0;0;2;1;1;A01
201000001632;0;7;0;0;2;3;1;B02
201000001633;0;7;0;0;2;3;1;A01
201000001633;0;7;0;0;2;2;1;B02
201000001634;0;7;0;0;2;3;10;A01
201000001634;0;33;0;0;2;1;1;B02
201000001635;0;7;0;0;2;4;1;B02
201000001635;0;33;0;0;2;1;1;A01
201000001636;0;7;0;13;0;9;16;A01
201000001637;0;21;0;0;2;7;15;A01
201000001637;0;7;0;0;2;1;1;B02
201000001638;0;30;0;0;2;1;15;A01
201000001638;0;7;0;0;2;1;1;C03
201000001638;0;7;0;0;2;6;1;B02
201000001639;0;7;0;0;2;1;1;B02
201000001639;0;7;0;0;0;0;19;C03
201000001639;0;33;0;0;2;9;13;A01
201000001640;0;7;0;13;0;1;1;A01
201000001641;0;7;0;0;2;1;1;B02
201000001641;0;7;0;0;2;6;1;A01
201000001642;0;7;0;0;2;3;1;B02
201000001642;0;7;0;0;2;1;13;A01
201000001643;0;7;0;0;2;1;13;A01
201000001643;0;7;0;0;2;1;1;B02
201000001644;0;7;0;0;2;1;2;A01
201000001644;0;7;0;0;2;4;2;B02
201000001645;0;7;0;0;2;2;1;B02
201000001646;0;30;0;0;0;5;1;A01
201000001646;0;7;0;0;0;1;1;B02
201000001647;0;14;0;0;2;8;0;A01
201000001647;0;30;0;0;2;1;0;B02
201000001648;0;30;0;0;1;1;2;A01
201000001649;0;2;0;0;2;6;1;B02
201000001649;0;7;0;0;2;3;0;A01
201000001650;0;7;0;0;2;3;19;A01
201000001650;0;2;0;0;2;5;1;B02
201000001651;0;7;0;0;2;3;13;A01
201000001651;0;7;0;0;2;3;1;B02
201000001652;0;7;0;0;2;3;15;A01
201000001652;0;2;0;0;2;1;1;B02
201000001653;0;7;0;8;0;3;1;A01
201000001654;0;7;0;2;0;7;0;A01
201000001655;0;7;0;0;2;1;15;A01
201000001655;0;7;0;0;2;1;1;B02
201000001656;0;30;0;0;0;0;1;A01
201000001657;0;10;0;13;0;3;1;A01
201000001658;0;7;0;0;1;2;1;A01
201000001659;0;7;0;0;2;6;1;A01
201000001659;0;30;0;0;2;1;2;B02
201000001660;0;30;0;0;2;1;1;A01
201000001660;0;7;0;0;0;4;15;B02
201000001661;0;7;0;0;2;3;15;A01
201000001661;0;2;0;0;2;1;1;B02
201000001662;0;2;0;0;2;7;19;A01
201000001662;0;33;0;0;2;1;1;B02
201000001663;0;2;0;0;2;8;13;A01
201000001663;0;7;0;0;2;3;1;B02
201000001664;0;31;0;0;2;1;21;A01
201000001665;0;2;0;0;2;7;15;A01
201000001665;0;7;0;0;2;1;1;B02
201000001666;0;7;0;8;0;2;1;A01
201000001667;0;17;0;0;2;3;15;A01
201000001667;0;7;0;0;2;1;1;B02
201000001668;0;10;0;0;2;1;13;A01
201000001668;0;7;0;0;2;1;1;B02
201000001669;0;7;0;0;2;8;15;A01
201000001669;0;7;0;0;2;1;1;B02
201000001670;0;7;0;0;2;7;15;A01
201000001670;0;7;0;0;2;1;1;B02
201000001671;0;33;0;0;0;1;16;A01
201000001672;0;33;0;0;6;3;1;A01
201000001673;0;7;0;0;2;1;2;A01
201000001673;0;7;0;0;2;4;2;B02
201000001674;0;21;0;0;2;2;15;A01
201000001674;0;1;0;0;2;1;1;B02
201000001675;0;7;0;0;2;3;1;A01
201000001675;0;7;0;0;2;3;15;B02
201000001676;0;7;0;13;0;1;13;A01
201000001677;0;31;0;0;2;7;1;A01
201000001677;0;7;0;0;2;3;15;B02
201000001678;0;30;0;0;2;1;1;B02
201000001678;0;1;0;0;2;4;1;A01
201000001679;0;7;0;0;0;4;23;B02
201000001679;0;7;0;0;2;3;1;A01
201000001680;0;7;0;13;0;1;1;A01
201000001681;0;10;0;0;2;2;1;A01
201000001681;0;7;0;0;2;1;1;B02
201000001682;0;2;0;0;2;8;15;A01
201000001682;0;7;0;0;2;2;17;B02
201000001683;0;2;0;13;0;1;13;A01
201000001684;0;10;0;0;2;2;15;A01
201000001684;0;10;0;0;2;3;1;B02
201000001685;0;17;0;0;2;6;1;A01
201000001685;0;7;0;0;2;3;1;B02
201000001686;0;7;0;0;0;2;1;A01
201000001687;0;7;0;0;0;9;1;A01
201000001688;0;7;0;0;0;3;1;A01
201000001689;0;7;0;0;0;8;15;A01
201000001689;0;7;0;0;2;1;1;B02
201000001690;0;7;0;6;0;2;1;A01
201000001691;0;7;0;13;0;1;1;A01
201000001692;0;7;0;0;2;8;9;A01
201000001692;0;7;0;0;2;1;1;B02
201000001693;0;7;0;0;0;1;1;A01
201000001694;0;10;0;13;1;0;1;A01
201000001695;0;7;0;0;2;6;17;B02
201000001695;0;36;0;0;2;1;17;A01
201000001696;1;7;0;0;0;0;0;B02
201000001696;0;2;0;0;2;4;1;A01
201000001697;0;7;0;6;0;9;1;A01
201000001698;0;7;0;13;0;1;1;A01
201000001699;0;33;0;0;5;1;0;A01
201000001700;0;33;0;0;2;1;17;A01
201000001700;0;7;0;0;0;6;15;B02
201000001701;0;7;0;0;2;2;17;B02
201000001701;0;30;0;0;2;8;15;A01
201000001702;0;30;0;0;1;1;1;A01
201000001703;0;7;0;0;2;9;9;A01
201000001703;0;7;0;0;2;6;9;B02
201000001703;0;7;0;0;2;1;1;C03
201000001704;0;30;0;0;0;0;1;A01
201000001705;0;7;0;0;2;7;15;A01
201000001705;0;33;0;0;2;1;1;B02
201000001706;0;7;0;0;2;1;2;A01
201000001706;0;7;0;0;2;4;23;B02
201000001706;0;7;0;0;0;4;23;C03
201000001707;0;7;0;0;2;1;13;A01
201000001707;0;7;0;0;2;1;1;B02
201000001708;0;7;0;0;1;1;0;A01
201000001709;0;7;0;0;2;9;6;A01
201000001709;0;10;0;0;2;1;1;B02
201000001709;0;7;0;0;2;8;1;C03
201000001710;0;33;0;13;0;1;1;A01
201000001711;0;7;0;0;2;3;15;B02
201000001711;0;7;0;0;2;2;1;A01
201000001712;0;32;0;0;2;1;0;A01
201000001712;0;7;0;0;2;5;0;B02
201000001713;0;30;0;13;0;1;1;A01
201000001714;0;7;0;13;0;1;1;A01
201000001715;0;14;0;0;2;2;1;A01
201000001715;0;7;0;0;2;4;1;B02
201000001716;0;33;0;13;0;1;1;A01
201000001717;0;10;0;0;9;5;1;B02
201000001717;0;33;0;0;2;1;1;A01
201000001718;0;33;0;0;2;1;1;B02
201000001718;0;7;0;0;9;5;19;A01
201000001719;0;30;0;6;0;3;1;A01
201000001720;0;32;0;0;0;8;1;A01
201000001721;0;15;0;0;2;3;1;B02
201000001721;0;7;0;0;2;1;13;A01
201000001722;0;1;0;0;0;4;1;B02
201000001722;0;10;0;0;2;2;1;A01
201000001723;0;7;0;0;2;3;1;B02
201000001723;0;2;0;0;2;1;13;A01
201000001724;0;31;0;1;0;1;1;A01
201000001725;0;7;0;0;0;7;1;A01
201000001726;0;2;0;0;0;1;2;A01
201000001726;0;7;0;0;0;6;23;B02
201000001727;0;7;0;0;2;1;1;B02
201000001727;0;7;0;0;2;3;9;A01
201000001728;0;7;0;0;2;1;1;B02
201000001728;0;7;0;0;2;8;10;A01
201000001729;0;33;0;0;2;1;1;A01
201000001729;0;7;0;0;2;4;1;B02
201000001730;0;7;0;0;2;1;0;B02
201000001730;0;7;0;0;2;1;1;A01
201000001731;0;7;0;13;0;1;1;A01
201000001732;0;2;0;13;0;1;1;A01
201000001733;0;7;0;0;2;2;15;A01
201000001733;0;3;0;0;2;3;0;C03
201000001733;0;7;0;0;2;1;1;B02
201000001734;0;7;0;0;2;1;1;B02
201000001734;0;3;0;0;2;7;15;A01
201000001735;0;10;0;2;0;5;1;A01
201000001736;0;30;0;0;2;7;1;B02
201000001736;0;7;0;0;2;3;19;A01
201000001737;0;2;0;0;2;1;1;A01
201000001737;0;30;0;0;2;1;1;B02
201000001738;0;7;0;0;2;3;1;B02
201000001738;0;7;0;0;2;3;13;A01
201000001739;0;2;0;16;0;1;1;A01
201000001740;0;7;0;0;2;2;15;A01
201000001740;0;30;0;0;2;1;1;B02
201000001741;0;7;0;0;1;2;1;A01
201000001742;0;7;0;0;2;1;15;A01
201000001742;0;33;0;0;2;8;1;B02
201000001743;0;15;0;0;1;1;1;A01
201000001744;0;7;0;13;0;1;17;A01
201000001745;0;10;0;2;2;3;13;A01
201000001745;0;2;0;2;2;3;21;B02
201000001746;0;7;0;0;2;1;17;A01
201000001746;0;7;0;0;2;8;15;B02
201000001747;0;7;0;0;2;2;1;A01
201000001747;0;30;0;0;2;3;19;B02
201000001748;0;7;0;0;2;3;15;A01
201000001748;0;31;0;0;2;1;1;B02
201000001749;0;7;0;0;2;8;15;A01
201000001749;0;7;0;0;2;1;1;B02
201000001750;0;7;0;0;2;1;14;A01
201000001750;0;7;0;0;2;1;1;B02
201000001751;0;7;0;0;2;2;1;B02
201000001751;0;7;0;0;2;7;1;A01
201000001752;0;7;0;13;0;3;13;A01
201000001753;0;7;0;0;1;1;1;A01
201000001754;0;7;0;0;2;2;15;A01
201000001754;0;33;0;0;2;1;1;B02
201000001755;0;7;0;0;2;1;1;B02
201000001755;0;7;0;0;0;2;19;A01
201000001756;0;7;0;0;2;4;2;B02
201000001756;0;7;0;0;2;1;2;A01
201000001757;0;7;0;0;2;3;15;A01
201000001757;0;33;0;0;2;1;17;B02
201000001758;0;10;0;0;2;3;13;A01
201000001758;0;33;0;0;2;3;1;B02
201000001759;0;7;0;0;2;1;2;A01
201000001759;0;3;0;0;2;4;2;B02
201000001760;0;7;0;0;2;7;13;A01
201000001760;0;7;0;0;2;1;1;B02
201000001761;0;30;0;0;2;0;2;A01
201000001761;0;30;0;0;2;0;2;B02
201000001762;0;15;0;0;2;6;1;B02
201000001762;0;7;0;0;2;1;1;C03
201000001762;0;7;0;0;2;1;17;A01
201000001763;0;3;0;0;2;7;1;B02
201000001763;0;10;0;0;2;1;1;A01
201000001764;0;33;0;0;2;1;1;A01
201000001764;0;7;0;0;2;3;15;B02
201000001765;0;7;0;14;0;1;13;A01
201000001765;0;7;0;0;0;1;23;B02
201000001766;0;7;0;0;0;0;0;A01
201000001767;0;10;0;8;0;1;1;A01
201000001768;0;7;0;8;0;9;1;A01
201000001769;0;33;0;13;0;1;1;A01
201000001770;0;33;0;1;0;1;1;A01
201000001771;0;7;0;0;2;2;1;A01
201000001771;0;17;0;0;2;6;1;B02
201000001772;0;7;0;6;0;2;19;A01
201000001773;0;7;0;0;2;3;1;A01
201000001773;0;33;0;0;2;8;15;B02
201000001774;0;7;0;0;2;2;1;B02
201000001774;0;7;0;0;2;1;1;A01
201000001775;0;7;0;0;2;3;1;A01
201000001775;0;13;0;0;2;3;0;B02
201000001776;0;7;0;1;0;1;5;A01
201000001777;0;17;0;0;2;4;1;A01
201000001777;0;7;0;0;2;1;1;B02
201000001778;0;33;0;12;0;1;1;A01
201000001779;0;7;0;0;1;1;1;A01
201000001780;0;30;0;0;2;1;1;B02
201000001780;0;7;0;0;2;1;1;A01
201000001781;0;3;0;13;0;1;1;A01
201000001782;0;7;0;8;0;1;1;A01
201000001783;0;14;0;13;0;2;1;A01
201000001784;1;7;0;0;2;7;2;B02
201000001784;0;1;0;0;2;8;1;A01
201000001785;0;10;0;0;2;1;1;A01
201000001785;0;10;0;0;2;1;1;B02
201000001786;0;30;0;11;0;1;1;A01
201000001787;0;7;0;0;2;1;15;B02
201000001787;0;33;0;0;2;1;1;A01
201000001788;0;7;0;13;0;1;21;A01
201000001789;0;2;0;13;0;1;1;A01
201000001790;0;30;0;16;0;8;1;A01
201000001791;0;31;0;0;2;1;1;B02
201000001791;0;7;0;0;2;3;19;A01
201000001792;0;1;0;0;2;1;13;A01
201000001792;0;10;0;0;2;2;1;B02
201000001793;0;2;0;0;2;3;9;B02
201000001793;0;7;0;0;2;5;16;A01
201000001794;0;2;0;0;2;1;1;B02
201000001794;0;7;0;0;2;2;15;A01
201000001795;0;10;0;0;1;2;21;A01
201000001796;0;14;0;0;2;1;1;B02
201000001796;0;14;0;3;0;1;1;A01
201000001797;0;7;0;0;0;0;2;A01
201000001798;0;7;0;13;0;1;1;A01
201000001799;0;7;0;0;0;3;15;B02
201000001799;0;33;0;0;2;1;17;A01
201000001800;0;2;0;0;0;0;1;A01
201000001800;0;15;0;0;0;0;1;B02
201000001801;0;7;0;0;2;3;1;B02
201000001801;0;7;0;0;2;2;15;A01
201000001802;0;7;0;0;0;0;1;C03
201000001802;0;7;0;0;2;3;1;A01
201000001802;0;7;0;0;2;3;1;B02
201000001803;0;30;0;0;2;2;15;A01
201000001803;0;7;0;0;2;3;1;B02
201000001804;0;7;0;0;0;2;14;A01
201000001805;0;7;0;0;2;1;1;B02
201000001805;0;33;0;0;2;1;17;A01
201000001806;0;33;0;13;0;1;15;A01
201000001807;0;7;0;0;2;1;13;B02
201000001807;0;10;0;0;2;3;13;A01
201000001808;0;7;0;0;2;1;1;B02
201000001808;0;10;0;0;2;1;13;A01
201000001809;0;2;0;0;1;1;1;A01
201000001810;0;7;0;0;2;1;2;B02
201000001810;0;7;0;13;2;7;13;A01
201000001811;0;33;0;0;2;1;1;B02
201000001811;0;15;0;0;2;2;19;A01
201000001812;0;7;0;0;2;1;1;B02
201000001812;0;7;0;0;2;8;1;A01
201000001813;0;7;0;0;2;2;1;B02
201000001813;0;2;0;0;2;4;1;A01
201000001814;0;7;0;0;1;1;1;A01
201000001815;0;7;0;2;0;2;14;A01
201000001816;0;7;0;13;0;1;5;A01
201000001817;0;7;0;0;2;3;13;A01
201000001817;0;14;0;0;2;3;1;B02
201000001818;0;33;0;16;0;1;14;A01
201000001819;0;10;0;0;2;2;13;A01
201000001819;0;7;0;0;2;3;1;B02
201000001820;0;10;0;0;2;2;19;A01
201000001820;0;1;0;0;2;1;1;B02
201000001821;0;7;0;13;0;0;1;A01
201000001822;0;7;0;0;2;2;14;B02
201000001822;0;7;0;0;2;2;13;A01
201000001823;0;1;0;0;0;1;1;A01
201000001824;0;7;0;2;0;1;14;A01
201000001825;0;7;0;13;0;8;13;A01
201000001826;0;7;0;0;2;3;1;A01
201000001826;0;1;0;0;2;1;16;B02
201000001827;0;10;0;0;0;3;13;A01
201000001828;0;7;0;6;2;7;1;B02
201000001828;0;7;0;0;2;1;19;A01
201000001829;0;2;0;13;0;1;14;A01
201000001830;0;7;0;2;0;8;1;A01
201000001831;0;7;0;0;2;3;13;A01
201000001831;0;7;0;0;2;3;21;B02
201000001832;0;1;0;0;2;7;1;B02
201000001832;0;10;0;0;9;1;9;A01
201000001833;0;7;0;0;2;2;1;B02
201000001833;0;30;0;0;2;8;9;A01
201000001834;0;7;0;0;2;7;21;B02
201000001834;0;15;0;0;2;2;1;C03
201000001834;0;7;0;0;2;1;9;A01
201000001835;0;17;0;0;2;1;1;A01
201000001835;0;7;0;0;2;3;15;B02
201000001836;0;7;0;6;0;8;1;A01
201000001837;0;7;0;0;2;2;15;A01
201000001837;0;7;0;0;2;1;1;B02
201000001838;0;33;0;2;0;8;1;A01
201000001839;0;33;0;10;2;7;17;B02
201000001839;0;33;0;0;2;8;15;A01
201000001840;0;7;0;13;0;1;14;A01
201000001841;0;7;0;0;2;3;21;B02
201000001841;0;7;0;13;2;3;1;C03
201000001841;0;7;0;0;0;0;3;A01
201000001841;0;7;0;13;2;8;1;D04
201000001842;0;2;0;0;2;1;1;B02
201000001842;0;7;0;0;2;2;19;A01
201000001843;0;30;0;0;2;1;1;B02
201000001843;0;33;0;0;2;1;13;A01
201000001844;0;1;0;0;2;4;1;B02
201000001844;0;3;0;0;2;2;2;A01
201000001845;0;7;0;0;1;3;15;A01
201000001846;0;7;0;0;2;1;1;A01
201000001846;0;7;0;0;2;3;1;B02
201000001847;0;31;0;0;2;8;17;A01
201000001847;0;7;0;0;2;8;1;B02
201000001848;0;15;0;0;2;8;1;B02
201000001848;0;30;0;0;0;1;16;A01
201000001849;0;7;0;0;2;8;1;B02
201000001849;0;10;0;0;2;8;13;A01
201000001850;0;7;0;0;2;3;1;A01
201000001850;0;1;0;0;2;1;19;B02
201000001851;0;15;0;0;2;3;1;B02
201000001851;0;7;0;0;2;1;13;A01
201000001852;0;7;0;0;2;4;13;A01
201000001852;0;14;0;0;2;1;1;B02
201000001853;0;7;0;12;1;2;14;A01
201000001854;0;10;0;13;0;9;13;A01
201000001855;0;7;0;0;2;3;1;B02
201000001855;0;7;0;0;2;3;13;A01
201000001856;0;7;0;2;0;1;2;A01
201000001857;0;7;0;0;1;1;1;A01
201000001858;0;30;0;15;0;2;14;A01
201000001859;0;30;0;14;0;1;1;A01
201000001860;0;7;0;0;2;5;15;A01
201000001860;0;30;0;0;2;1;1;B02
201000001861;0;7;0;0;2;3;1;B02
201000001861;0;30;0;0;2;1;13;A01
201000001862;0;7;0;9;0;8;13;A01
201000001863;0;33;0;13;0;1;1;A01
201000001864;0;7;0;0;2;2;13;A01
201000001864;0;14;0;0;2;1;1;B02
201000001865;0;7;0;0;2;7;13;A01
201000001865;0;7;0;0;2;1;1;B02
201000001866;0;7;0;0;1;7;1;A01
201000001867;0;7;0;0;2;1;1;A01
201000001867;0;7;0;0;2;4;23;C03
201000001867;0;7;0;0;2;4;23;B02
201000001868;0;7;0;2;0;1;14;A01
201000001869;0;1;0;0;0;4;1;B02
201000001869;0;7;0;0;2;2;1;A01
201000001870;0;7;0;0;2;3;1;B02
201000001870;0;10;0;0;2;3;13;A01
201000001871;0;30;0;0;0;1;1;A01
201000001872;0;33;0;0;2;1;1;B02
201000001872;0;7;0;0;2;3;15;A01
201000001873;0;7;0;0;2;1;1;A01
201000001873;0;7;0;0;2;1;6;B02
201000001874;0;2;0;0;1;7;0;A01
201000001875;0;7;0;0;2;6;23;B02
201000001875;0;2;0;0;2;1;21;A01
201000001876;0;14;0;0;9;1;1;B02
201000001876;0;1;0;12;2;7;1;A01
201000001877;0;7;0;13;0;7;1;A01
201000001878;0;7;0;13;2;2;13;A01
201000001878;0;10;0;0;2;2;1;B02
201000001879;0;7;0;0;1;1;1;A01
201000001880;0;7;0;0;2;3;1;A01
201000001880;0;7;0;0;2;6;1;B02
201000001881;0;7;0;8;0;8;13;A01
201000001882;0;7;0;0;2;3;1;B02
201000001882;0;7;0;0;2;1;13;A01