num_acc;senc;catv;occutc;obs;obsm;choc;manv;num_veh
201000001883;0;2;0;0;2;1;21;B02
201000001883;0;7;0;0;2;8;19;A01
201000001884;0;30;0;0;2;2;17;B02
201000001884;0;7;0;0;2;3;19;A01
201000001885;0;7;0;0;2;1;15;A01
201000001885;0;1;0;0;2;1;1;B02
201000001886;0;7;0;0;2;1;13;B02
201000001886;0;7;0;13;2;1;1;A01
201000001887;0;7;0;7;2;5;19;A01
201000001887;0;7;0;0;2;1;1;B02
201000001888;0;7;0;0;2;2;1;A01
201000001888;0;1;0;0;2;1;19;B02
201000001889;0;15;0;0;2;6;13;B02
201000001889;0;10;0;0;2;3;1;A01
201000001890;0;33;0;0;2;3;1;A01
201000001890;0;7;0;0;2;5;15;B02
201000001891;0;7;0;0;2;3;1;A01
201000001891;0;30;0;0;2;1;13;B02
201000001892;0;31;0;0;2;1;1;A01
201000001892;0;7;0;0;2;3;15;B02
201000001893;0;30;0;13;0;1;13;A01
201000001894;0;10;0;0;2;1;1;B02
201000001894;0;33;0;0;2;1;13;A01
201000001895;0;10;0;0;2;2;1;B02
201000001895;0;7;0;16;2;7;13;A01
201000001896;0;7;0;13;0;1;13;A01
201000001897;0;7;0;0;2;3;1;B02
201000001897;0;7;0;0;2;3;15;A01
201000001898;0;7;0;0;1;2;1;A01
201000001899;0;7;0;0;2;6;23;B02
201000001899;0;31;0;0;2;1;2;A01
201000001900;0;7;0;0;0;1;1;B02
201000001900;0;30;0;0;0;1;16;A01
201000001901;0;7;0;0;1;2;20;A01
201000001902;0;7;0;0;2;1;1;B02
201000001902;0;7;0;0;2;7;13;A01
201000001903;0;10;0;0;9;3;1;B02
201000001903;0;1;0;0;2;4;15;A01
201000001904;0;7;0;0;2;1;13;A01
201000001904;0;7;0;0;2;1;1;B02
201000001905;0;31;0;0;2;1;13;A01
201000001905;0;7;0;0;2;1;1;B02
201000001906;0;7;0;0;2;1;13;A01
201000001906;0;7;0;0;2;1;1;B02
201000001907;0;14;0;0;2;2;1;A01
201000001907;0;2;0;0;2;7;19;B02
201000001908;0;33;0;13;0;1;13;A01
201000001909;2;7;0;6;0;2;1;A01
201000001910;0;7;0;0;1;1;19;A01
201000001911;0;7;0;0;2;3;1;B02
201000001911;0;30;0;0;2;8;19;A01
201000001912;0;31;0;0;2;1;1;B02
201000001912;0;7;0;0;2;2;15;A01
201000001913;0;7;0;13;0;8;13;A01
201000001914;0;7;0;6;0;1;14;A01
201000001915;0;7;0;0;5;1;1;A01
201000001916;0;7;0;0;2;5;1;B02
201000001916;0;33;0;0;2;1;13;A01
201000001917;0;7;0;0;2;7;15;A01
201000001917;0;33;0;0;2;7;1;B02
201000001918;0;7;0;0;2;3;19;B02
201000001918;0;2;0;0;2;1;1;A01
201000001919;0;33;0;0;2;1;21;A01
201000001919;0;7;0;0;2;6;15;B02
201000001920;0;7;0;2;0;8;13;A01
201000001921;0;33;0;0;2;1;1;B01
201000001921;0;7;0;0;2;3;15;A02
201000001922;0;2;0;0;2;1;17;A01
201000001922;0;17;0;0;2;3;15;B02
201000001923;0;30;0;0;2;1;1;A01
201000001923;0;7;0;0;2;5;15;B02
201000001924;0;33;0;0;2;1;1;B02
201000001924;0;7;0;0;2;8;9;A01
201000001925;0;7;0;0;5;1;1;A01
201000001926;0;1;0;0;5;1;1;A01
201000001926;0;99;0;0;9;0;0;C03
201000001926;0;1;0;0;5;4;1;B02
201000001927;0;7;0;13;0;9;14;A01
201000001928;0;21;0;13;2;1;1;A01
201000001928;0;21;0;0;2;8;1;B02
201000001929;0;7;0;0;2;7;17;A01
201000001929;0;1;0;0;2;8;2;B02
201000001930;0;7;0;0;2;7;15;A01
201000001930;0;33;0;0;2;1;1;B02
201000001931;0;7;0;8;2;3;1;B02
201000001931;0;7;0;0;2;2;1;A01
201000001932;1;7;0;0;1;2;2;A01
201000001933;0;7;0;0;2;3;1;B02
201000001933;0;2;0;0;2;1;17;A01
201000001934;0;30;0;0;2;1;13;A01
201000001934;0;7;0;0;2;3;1;B02
201000001935;0;30;0;0;2;1;1;A01
201000001935;0;7;0;0;2;3;9;B02
201000001936;0;7;0;0;0;4;1;B02
201000001936;0;7;0;0;2;1;1;A01
201000001937;0;7;0;0;2;3;2;C03
201000001937;0;7;0;3;2;1;17;B02
201000001937;0;7;0;3;2;1;13;A01
201000001938;0;7;0;0;2;8;15;B02
201000001938;0;30;0;0;2;1;17;A01
201000001939;0;7;0;0;2;1;13;A01
201000001939;0;7;0;0;0;1;1;B02
201000001940;0;30;0;0;2;1;13;A01
201000001940;0;7;0;0;2;3;1;B02
201000001941;0;7;0;2;0;8;13;A01
201000001942;0;10;0;8;0;1;13;A01
201000001943;0;2;0;0;0;8;1;A01
201000001944;0;7;0;0;1;1;1;A01
201000001945;0;7;0;13;0;2;13;A01
201000001946;0;21;0;13;0;1;14;A01
201000001947;0;7;0;3;2;3;1;B02
201000001947;0;7;0;3;2;7;13;A01
201000001948;0;33;0;13;0;1;14;A01
201000001949;0;7;0;0;2;1;2;A01
201000001949;0;99;0;0;2;4;1;B02
201000001950;0;10;0;0;2;2;13;B02
201000001950;0;7;0;0;2;2;13;A01
201000001951;0;7;0;0;2;8;1;A01
201000001951;0;7;0;0;2;1;1;B02
201000001952;0;7;0;0;2;1;13;A01
201000001952;0;7;0;0;2;1;1;B02
201000001953;0;7;0;0;2;8;19;A01
201000001953;0;10;0;0;2;1;1;B02
201000001954;0;7;0;0;2;3;13;A01
201000001954;0;7;0;0;2;3;1;B02
201000001955;0;7;0;0;2;1;2;A01
201000001955;0;7;0;0;2;4;23;B02
201000001955;0;7;0;0;2;4;15;C03
201000001956;0;30;0;0;1;1;1;A01
201000001957;0;7;0;0;2;3;1;B02
201000001957;0;21;0;0;2;1;19;A01
201000001958;0;17;0;3;0;8;1;A01
201000001959;0;7;0;0;2;1;1;A01
201000001959;0;7;0;0;0;7;15;B02
201000001960;0;7;0;0;0;8;9;B02
201000001960;0;14;0;0;2;3;1;A01
201000001961;0;7;0;0;2;1;1;A01
201000001961;0;7;0;0;2;1;1;B02
201000001962;0;7;0;8;0;8;1;A01
201000001963;0;33;0;1;0;1;1;A01
201000001964;0;7;0;0;2;1;17;A01
201000001964;0;30;0;0;0;8;15;B02
201000001965;0;7;0;12;0;1;13;A01
201000001966;0;7;0;0;2;1;13;A01
201000001966;0;7;0;0;2;3;1;B02
201000001967;0;1;0;0;0;7;17;A01
201000001968;0;7;0;0;2;1;1;B02
201000001968;0;7;0;0;2;3;1;C03
201000001968;0;10;0;0;2;1;13;A01
201000001969;0;7;0;0;2;1;15;A01
201000001969;0;7;0;0;2;1;1;B02
201000001970;0;7;0;0;2;3;19;B02
201000001970;0;33;0;0;2;1;1;A01
201000001971;0;30;0;12;0;1;1;A01
201000001972;0;33;0;0;2;3;1;A01
201000001972;0;7;0;0;2;3;23;B02
201000001973;0;7;0;0;2;2;13;A01
201000001973;0;7;0;0;2;3;1;B02
201000001974;0;7;0;13;0;2;1;A01
201000001975;0;7;0;0;2;6;23;B02
201000001975;0;30;0;0;2;1;2;A01
201000001976;0;7;0;0;2;7;1;A01
201000001976;0;32;0;0;2;1;1;B02
201000001977;0;7;0;0;2;3;19;A01
201000001977;0;2;0;0;2;1;1;B02
201000001978;0;30;0;0;2;1;5;A01
201000001978;0;7;0;0;2;1;1;B02
201000001979;0;7;0;0;2;2;21;A01
201000001979;0;7;0;0;2;8;19;B02
201000001980;0;7;0;0;1;2;1;A01
201000001981;0;7;0;0;2;3;13;A01
201000001981;0;7;0;0;2;1;21;B02
201000001982;0;30;0;0;2;1;1;A01
201000001982;0;7;0;0;2;3;15;B02
201000001983;0;7;0;2;0;1;1;A01
201000001984;0;7;0;0;2;1;1;A01
201000001984;0;3;0;0;2;3;15;B02
201000001985;0;7;0;0;1;1;2;A01
201000001986;0;7;0;2;0;2;0;A01
201000001987;0;30;0;0;2;2;1;B02
201000001987;0;7;0;0;2;1;15;A01
201000001988;0;31;0;0;2;1;1;B02
201000001988;0;7;0;0;2;1;1;A01
201000001989;0;10;0;15;0;2;1;A01
201000001990;0;7;0;0;2;1;1;B02
201000001990;0;7;0;0;0;8;19;A01
201000001991;0;10;0;2;0;1;1;A01
201000001992;0;7;0;0;1;2;1;A01
201000001993;0;7;0;6;0;1;1;A01
201000001994;0;7;0;0;2;8;15;B02
201000001994;0;33;0;0;2;2;13;A01
201000001995;0;1;0;0;1;1;1;A01
201000001996;0;7;0;6;0;3;1;A01
201000001997;0;30;0;0;2;1;19;A01
201000001997;0;10;0;0;2;3;1;B02
201000001998;0;1;0;0;2;4;15;B02
201000001998;0;7;0;0;2;1;17;A01
201000001999;0;7;0;0;2;2;1;A01
201000001999;0;7;0;0;2;3;1;B02
201000002000;0;7;0;0;1;1;1;A01
201000002001;0;7;0;0;1;3;19;A01
201000002002;0;7;0;0;2;4;0;C03
201000002002;0;7;0;0;9;1;0;D04
201000002002;0;10;0;0;2;1;1;A01
201000002002;0;7;0;0;2;4;1;B02
201000002003;0;7;0;0;2;3;1;B02
201000002003;0;7;0;0;2;3;13;A01
201000002004;0;7;0;0;0;0;21;B02
201000002004;0;2;0;0;0;0;21;A01
201000002005;0;7;0;0;2;3;19;A01
201000002005;0;7;0;0;2;1;1;B02
201000002006;0;7;0;0;2;3;1;A01
201000002006;0;33;0;0;2;1;13;B02
201000002007;0;33;0;0;2;1;1;B02
201000002007;0;7;0;0;2;7;15;A01
201000002008;0;1;0;0;0;8;1;A01
201000002009;0;7;0;0;2;4;23;A01
201000002009;0;7;0;0;2;0;2;B02
201000002010;0;7;0;0;0;8;17;A01
201000002010;0;2;0;0;0;8;1;B02
201000002011;0;7;0;0;2;1;2;A01
201000002011;0;7;0;0;2;4;23;B02
201000002012;0;7;0;0;1;3;1;A01
201000002013;0;7;0;6;0;1;1;A01
201000002014;0;7;0;2;0;9;1;A01
201000002015;0;30;0;0;2;7;1;A01
201000002015;0;10;0;0;2;1;9;B02
201000002016;0;7;0;1;0;8;1;A01
201000002016;0;38;0;0;2;5;24;B02
201000002017;0;2;0;0;2;1;1;B02
201000002017;0;7;0;0;2;3;17;A01
201000002018;0;7;0;13;0;8;13;A01
201000002019;0;33;0;0;2;1;2;A01
201000002019;0;7;0;0;0;3;15;B02
201000002020;0;7;0;0;1;2;1;A01
201000002021;0;30;0;0;2;1;1;B02
201000002021;0;10;0;0;0;2;15;A01
201000002022;0;31;0;0;2;1;17;A01
201000002022;0;7;0;0;0;3;15;B02
201000002023;0;7;0;13;0;1;1;A01
201000002024;0;30;0;0;2;7;5;A01
201000002024;0;7;0;0;9;2;5;B02
201000002025;0;7;0;8;0;7;1;A01
201000002026;0;7;0;0;1;3;1;A01
201000002027;0;7;0;0;2;7;1;A01
201000002027;0;31;0;0;2;5;15;B02
201000002028;0;7;0;0;2;1;1;B02
201000002028;0;7;0;0;2;8;15;A01
201000002029;0;30;0;8;0;1;14;A01
201000002030;0;1;0;0;2;1;1;A01
201000002030;0;7;0;0;2;3;9;B02
201000002031;0;7;0;0;2;1;1;B02
201000002031;0;7;0;0;2;7;6;A01
201000002032;0;7;0;0;0;5;15;B02
201000002032;0;7;0;0;2;3;1;C03
201000002032;0;7;0;0;2;3;1;A01
201000002033;0;7;0;0;0;7;1;A01
201000002033;0;7;0;0;0;1;1;B02
201000002034;0;30;0;0;2;1;2;A01
201000002034;0;7;0;0;0;5;15;B02
201000002035;0;10;0;0;2;6;15;A01
201000002035;0;30;0;0;2;1;17;B02
201000002036;0;31;0;0;2;1;1;B02
201000002036;0;7;0;0;2;1;15;A01
201000002037;0;7;0;0;2;2;1;B02
201000002037;0;7;0;0;2;1;19;A01
201000002038;0;7;0;0;2;3;19;B02
201000002038;0;7;0;0;2;2;1;A01
201000002039;0;7;0;0;2;2;1;B02
201000002039;0;7;0;0;2;3;15;A01
201000002040;0;7;0;0;2;1;13;A01
201000002040;0;7;0;0;2;3;1;B02
201000002041;0;7;0;0;2;1;13;A01
201000002041;0;10;0;0;2;1;1;B02
201000002042;0;7;0;0;2;1;1;B02
201000002042;0;30;0;0;2;1;1;A01
201000002043;0;7;0;15;0;7;1;A01
201000002044;0;7;0;0;1;1;1;A01
201000002045;0;7;0;2;0;1;13;A01
201000002046;0;7;0;0;2;1;13;A01
201000002046;0;7;0;0;2;3;1;B02
201000002047;0;33;0;0;2;1;1;B02
201000002047;0;7;0;0;2;3;19;A01
201000002048;0;2;0;0;2;1;1;A01
201000002048;0;2;0;0;0;4;15;B02
201000002049;0;30;0;6;0;1;1;A01
201000002050;0;33;0;0;2;1;1;B02
201000002050;0;10;0;0;2;2;15;A01
201000002051;0;7;0;0;2;6;2;A01
201000002051;0;33;0;0;2;0;2;B02
201000002052;0;30;0;0;2;1;1;B02
201000002052;0;7;0;0;2;2;15;A01
201000002053;0;7;0;0;1;1;1;A01
201000002054;0;1;0;0;2;7;19;B02
201000002054;0;7;0;0;9;1;1;A01
201000002055;0;7;0;0;2;4;23;B02
201000002055;0;7;0;14;0;1;2;A01
201000002056;0;7;0;0;2;1;1;C03
201000002056;0;7;0;0;2;1;1;B02
201000002056;0;7;0;0;2;5;15;A01
201000002056;0;7;0;0;2;8;1;D04
201000002057;0;10;0;0;2;1;1;B02
201000002057;0;14;0;0;2;4;15;A01
201000002058;0;10;0;0;1;1;1;A01
201000002059;0;1;0;0;2;7;1;C03
201000002059;0;7;0;0;9;3;9;A01
201000002059;0;1;0;0;2;1;1;B02
201000002060;0;7;0;0;2;3;15;A01
201000002060;0;33;0;0;2;1;17;B02
201000002061;0;7;0;0;2;1;1;B02
201000002061;0;7;0;0;2;3;13;A01
201000002062;0;2;0;0;2;3;19;A01
201000002062;0;7;0;0;2;1;1;B02
201000002063;0;33;0;0;9;9;0;B02
201000002063;0;21;0;0;0;5;15;A01
201000002064;0;33;0;0;2;1;1;B02
201000002064;0;7;0;0;2;3;19;A01
201000002065;0;7;0;0;2;1;1;B02
201000002065;0;7;0;0;2;7;13;A01
201000002066;0;7;0;0;1;3;1;A01
201000002067;0;7;0;0;2;3;5;A01
201000002067;0;30;0;0;2;3;1;B02
201000002068;0;7;0;0;2;3;17;A01
201000002068;0;7;0;0;2;3;1;B02
201000002069;0;7;0;0;0;3;19;A01
201000002069;0;33;0;0;2;1;0;B02
201000002070;0;1;0;0;2;1;15;B02
201000002070;0;7;0;0;9;2;1;A01
201000002071;0;7;0;0;2;1;1;A01
201000002071;0;7;0;0;2;2;15;B02
201000002072;0;30;0;0;0;6;19;A01
201000002072;0;33;0;0;2;1;1;B02
201000002073;0;7;0;0;2;1;1;B02
201000002073;0;7;0;0;2;8;13;A01
201000002074;0;7;0;13;0;5;1;A01
201000002075;0;7;0;0;2;3;1;B02
201000002075;0;2;0;0;2;7;15;A01
201000002076;0;7;0;0;2;3;17;A01
201000002076;0;1;0;0;2;8;15;B02
201000002077;0;1;0;0;2;8;1;B02
201000002078;0;7;0;0;2;2;15;A01
201000002078;0;30;0;0;2;2;1;B02
201000002079;1;7;0;0;1;1;1;A01
201000002080;0;7;0;0;1;1;1;A01
201000002081;0;7;0;0;2;6;23;B02
201000002081;0;33;0;0;2;1;2;A01
201000002082;0;7;0;0;2;3;16;A01
201000002082;0;7;0;0;2;2;1;B02
201000002083;0;7;0;0;2;4;1;A01
201000002083;0;2;0;0;2;1;1;B02
201000002083;0;2;0;0;0;0;20;C03
201000002084;0;10;0;8;0;2;1;A01
201000002085;0;33;0;0;2;1;17;A01
201000002085;0;10;0;0;2;8;15;B02
201000002086;0;7;0;0;2;3;19;A01
201000002086;0;31;0;0;2;1;1;B02
201000002087;0;13;0;0;2;1;1;B02
201000002087;0;1;0;0;2;1;15;A01
201000002088;0;7;0;13;0;3;1;A01
201000002089;0;7;0;6;0;3;1;A01
201000002090;0;7;0;0;1;2;0;A01
201000002091;0;7;0;0;1;2;1;A01
201000002092;0;21;0;0;2;8;13;B02
201000002092;0;7;0;0;2;8;1;A01
201000002093;0;7;0;0;2;1;1;B02
201000002093;0;7;0;0;2;3;19;A01
201000002094;0;7;0;2;0;3;1;A01
201000002095;0;14;0;0;1;5;1;A01
201000002096;2;7;0;0;2;6;15;A01
201000002096;0;2;0;0;2;1;1;B02
201000002097;0;1;0;0;2;4;0;B02
201000002097;0;7;0;0;2;3;1;A01
201000002098;0;7;0;0;2;3;1;B02
201000002098;0;10;0;0;2;3;13;A01
201000002099;0;7;0;0;0;9;0;A01
201000002100;0;10;0;0;2;3;1;A01
201000002100;0;10;0;0;2;3;1;B02
201000002100;0;14;0;0;2;2;1;C03
201000002101;0;7;0;0;1;2;1;A01
201000002102;0;7;0;13;0;4;1;A01
201000002103;0;33;0;3;0;5;14;A01
201000002104;0;33;0;0;0;1;2;A01
201000002104;0;7;0;0;2;4;2;B02
201000002105;0;33;0;0;2;1;1;A01
201000002105;0;7;0;0;2;3;9;B02
201000002106;0;7;0;0;2;4;1;B02
201000002106;0;30;0;0;2;1;1;A01
201000002107;0;2;0;0;2;1;13;A01
201000002107;0;7;0;0;2;1;1;B02
201000002108;0;7;0;0;9;7;1;A01
201000002108;0;1;0;0;2;3;1;B02
201000002109;0;10;0;13;0;3;13;A01
201000002110;0;7;0;0;1;3;0;A01
201000002111;0;14;0;0;2;6;23;A01
201000002111;0;7;0;1;0;2;1;B02
201000002112;0;7;0;2;0;8;1;A01
201000002113;0;7;0;0;2;3;15;A01
201000002113;2;7;0;0;2;1;1;B02
201000002114;0;10;0;0;0;5;13;A01
201000002114;0;7;0;0;0;1;1;B02
201000002115;0;10;0;0;1;1;1;A01
201000002116;0;16;0;0;2;1;13;A01
201000002116;0;7;0;0;2;3;21;B02
201000002117;0;10;0;13;0;3;1;A01
201000002118;0;31;0;13;0;1;1;A01
201000002119;0;33;0;0;2;1;1;A01
201000002119;0;7;0;0;2;3;15;B02
201000002120;0;7;0;13;0;1;1;A01
201000002121;0;7;0;13;0;3;1;A01
201000002122;0;7;0;0;2;3;13;A01
201000002122;0;7;0;0;2;3;1;B02
201000002123;0;10;0;0;2;3;1;B02
201000002123;0;7;0;0;2;2;1;A01
201000002124;0;7;0;0;2;6;1;A01
201000002124;0;7;0;0;2;1;1;B02
201000002125;0;7;0;0;2;2;17;B02
201000002125;0;2;0;0;2;8;15;A01
201000002126;0;7;0;8;0;8;1;A01
201000002127;0;7;0;13;0;3;1;A01
201000002128;0;7;0;0;1;2;19;A01
201000002129;0;33;0;6;0;1;1;A01
201000002130;0;17;0;0;2;6;15;B02
201000002130;0;7;0;0;2;8;1;A01
201000002131;0;36;0;0;2;8;13;A01
201000002131;0;7;0;0;2;8;1;B02
201000002132;0;33;0;0;2;7;1;A01
201000002132;0;7;0;0;2;3;15;B02
201000002133;0;7;0;0;2;3;1;B02
201000002133;0;33;0;0;2;1;13;A01
201000002134;0;7;0;0;2;3;0;A01
201000002134;0;2;0;0;2;1;0;B02
201000002135;0;33;0;0;0;7;1;A01
201000002136;0;14;0;0;2;2;1;B02
201000002136;0;7;0;0;2;3;6;A01
201000002137;0;1;0;0;2;1;13;A01
201000002137;0;7;0;0;2;3;1;B02
201000002138;0;10;0;0;2;1;1;A01
201000002138;0;7;0;0;2;3;1;B02
201000002139;0;7;0;0;2;2;12;A01
201000002139;0;30;0;0;2;3;0;B02
201000002140;0;7;0;0;2;5;14;A01
201000002140;0;7;0;0;2;1;1;B02
201000002141;0;7;0;0;2;3;0;B02
201000002141;0;33;0;0;2;3;13;A01
201000002142;0;7;0;0;0;2;15;A01
201000002142;0;33;0;0;2;1;1;B02
201000002143;0;17;0;0;0;6;15;A01
201000002143;0;30;0;0;0;1;0;B02
201000002144;0;7;0;0;2;1;1;A01
201000002144;0;7;0;0;2;8;19;B02
201000002145;0;33;0;12;0;1;1;A01
201000002146;0;7;0;0;2;1;1;B02
201000002146;0;7;0;0;2;3;13;A01
201000002147;0;7;0;0;2;1;21;A01
201000002147;0;7;0;0;2;3;3;B02
201000002148;0;7;0;0;1;1;1;B02
201000002149;0;7;0;0;2;1;1;B02
201000002149;0;7;0;0;2;1;5;A01
201000002150;0;7;0;0;0;3;19;B02
201000002150;0;33;0;0;0;8;15;A01
201000002151;0;33;0;0;2;1;1;B02
201000002151;0;7;0;0;2;2;19;A01
201000002152;0;7;0;2;0;8;1;A01
201000002153;0;21;0;0;9;3;1;A01
201000002153;0;1;0;0;2;1;19;B02
201000002154;0;7;0;0;1;2;1;A01
201000002155;0;7;0;0;0;1;1;B02
201000002156;0;7;0;2;0;1;1;A01
201000002157;0;7;0;0;2;1;13;A01
201000002157;0;7;0;0;2;1;1;B02
201000002158;0;10;0;2;0;8;1;A01
201000002159;0;7;0;0;2;1;1;B02
201000002159;0;3;0;0;2;8;19;A01
201000002160;0;7;0;0;2;1;1;A01
201000002160;0;7;0;0;2;1;23;C03
201000002160;0;7;0;0;2;2;19;B02
201000002161;0;7;0;0;2;2;1;A01
201000002161;0;7;0;0;2;3;9;B02
201000002162;0;33;0;0;2;8;1;B02
201000002162;0;7;0;0;2;6;15;A01
201000002163;0;7;0;0;2;1;24;B02
201000002163;0;7;0;1;0;1;1;A01
201000002164;0;10;0;2;0;2;13;A01
201000002165;0;7;0;0;0;5;15;B02
201000002165;0;33;0;0;2;1;21;A01
201000002166;0;7;0;0;2;1;1;B02
201000002166;0;7;0;0;2;2;23;C03
201000002166;0;7;0;0;2;1;15;A01
201000002167;0;10;0;0;2;1;1;B02
201000002167;0;7;0;0;2;1;1;A01
201000002168;0;7;0;0;2;4;1;B02
201000002168;0;15;0;0;2;1;1;A01
201000002169;0;7;0;0;2;6;15;B02
201000002169;0;7;0;0;2;3;1;A01
201000002170;0;7;0;8;0;1;1;A01
201000002171;0;10;0;8;0;8;1;A01
201000002172;0;10;0;13;0;2;1;A01
201000002173;0;2;0;0;2;1;1;B02
201000002173;0;7;0;0;2;8;9;A01
201000002174;0;3;0;0;2;6;1;B02
201000002174;0;33;0;0;2;1;1;A01
201000002175;0;10;0;0;2;3;1;B02
201000002175;0;7;0;0;2;3;13;A01
201000002176;0;7;0;0;2;4;1;B02
201000002176;0;7;0;0;2;1;1;A01
201000002177;0;7;0;0;9;3;19;A01
201000002177;0;33;0;0;2;1;1;B02
201000002178;0;7;0;0;1;2;1;A01
201000002179;0;10;0;13;0;1;1;A01
201000002180;0;7;0;2;0;1;1;A01
201000002181;0;7;0;0;2;3;1;B02
201000002181;0;10;0;0;2;6;19;A01
201000002182;0;7;0;0;2;1;13;A01
201000002182;0;7;0;0;2;1;1;B02
201000002183;0;1;0;0;0;4;2;B02
201000002183;0;7;0;0;9;2;2;A01
201000002184;0;33;0;2;0;2;14;A01
201000002185;0;21;0;0;0;0;0;A01
201000002186;0;33;0;0;2;7;1;B02
201000002186;0;15;0;0;2;2;9;A01
201000002187;0;10;0;13;0;1;1;A01
201000002188;0;15;0;0;1;1;15;A01
201000002189;0;7;0;2;0;8;1;A01
201000002190;0;7;0;0;0;1;1;B02
201000002190;0;7;0;0;0;8;9;A01
201000002191;0;7;0;13;0;9;14;A01
201000002192;0;31;0;0;2;1;1;B02
201000002192;0;7;0;0;2;2;19;A01
201000002193;0;10;0;0;2;1;1;B02
201000002193;0;30;0;0;2;4;1;A01
201000002194;0;17;0;0;2;6;19;A01
201000002194;0;33;0;0;2;1;1;B02
201000002195;0;7;0;8;0;9;1;A01
201000002196;0;7;0;0;1;2;1;A01
201000002197;0;7;0;0;0;3;2;A01
201000002198;0;7;0;13;0;9;1;A01
201000002199;0;1;0;0;2;7;13;B02
201000002199;0;7;0;0;9;2;1;A01
201000002200;0;7;0;0;2;1;1;B02
201000002200;0;7;0;0;0;8;9;A01
201000002201;0;7;0;8;0;1;1;A01
201000002202;0;14;0;0;2;1;1;B02
201000002202;0;33;0;0;2;1;17;A01
201000002203;0;33;0;2;0;1;1;A01
201000002204;0;7;0;0;1;2;1;A01
201000002205;0;3;0;0;9;3;15;A01
201000002205;0;1;0;0;0;8;1;B02
201000002206;0;7;0;0;2;3;1;A01
201000002206;0;7;0;0;2;3;1;B02
201000002207;0;30;0;3;0;1;1;A01
201000002208;0;7;0;0;2;2;1;B02
201000002208;0;2;0;0;2;1;5;A01
201000002209;0;7;0;7;0;1;1;A01
201000002210;0;7;0;0;1;2;1;A01
201000002211;0;30;0;0;2;3;13;A01
201000002211;0;30;0;0;2;3;1;B02
201000002211;0;30;0;14;0;7;21;C03
201000002212;0;30;0;0;2;7;13;A01
201000002212;0;7;0;0;2;1;1;B02
201000002213;0;7;0;0;2;3;1;B02
201000002213;0;7;0;0;2;3;13;A01
201000002214;0;30;0;0;2;0;1;B02
201000002214;0;7;0;0;2;2;15;A01
201000002215;0;33;0;13;0;1;1;A01
201000002216;0;7;0;0;1;4;4;A01
201000002217;0;7;0;13;0;1;1;A01
201000002218;0;7;0;13;0;1;1;A01
201000002219;0;7;0;0;0;1;1;C03
201000002219;0;7;0;0;0;6;15;B02
201000002219;0;10;0;0;0;2;1;A01
201000002220;0;21;0;0;0;4;2;B02
201000002220;0;7;0;0;2;1;2;A01
201000002221;0;7;0;0;2;7;1;B02
201000002221;0;7;0;0;2;2;15;A01
201000002222;0;7;0;13;2;1;1;A01
201000002222;0;7;0;0;2;5;16;B02
201000002223;0;33;0;14;0;1;21;B02
201000002223;0;33;0;14;0;1;21;C03
201000002223;0;33;0;14;0;1;1;A01
201000002224;0;7;0;0;1;1;1;A01
201000002225;0;7;0;0;2;1;1;A01
201000002225;0;7;0;0;2;7;15;B02
201000002226;0;7;0;12;0;3;1;A01
201000002227;1;7;0;0;1;4;4;A01
201000002228;0;33;0;0;0;4;23;B02
201000002228;0;7;0;0;2;1;2;A01
201000002229;0;30;0;0;5;1;1;A01
201000002229;0;99;0;0;0;0;0;B02
201000002230;0;2;0;0;2;1;18;A01
201000002230;0;7;0;0;2;2;20;B02
201000002231;0;7;0;0;2;8;1;B02
201000002231;0;33;0;0;2;8;17;A01
201000002232;0;2;0;0;2;4;2;B02
201000002232;0;7;0;0;2;2;2;A01
201000002233;0;30;0;0;1;1;21;A01
201000002234;0;30;0;8;0;2;15;A01
201000002235;0;7;0;0;2;3;16;A01
201000002235;0;1;0;0;0;2;1;B02
201000002236;1;7;0;0;1;0;0;A01
201000002237;0;7;0;2;0;7;13;A01
201000002238;0;30;0;0;2;1;13;A01
201000002238;0;10;0;0;2;1;1;B02
201000002239;0;1;0;0;2;1;1;A01
201000002239;0;1;0;0;2;1;5;B02
201000002240;0;7;0;0;1;2;1;A01
201000002241;0;1;0;0;1;1;1;A01
201000002242;0;2;0;0;2;8;13;A01
201000002242;0;1;0;7;2;7;14;B02
201000002243;0;7;0;0;2;1;1;B02
201000002243;0;30;0;0;2;8;11;A01
201000002244;0;7;0;0;2;1;5;B02
201000002244;0;30;0;0;2;1;5;A01
201000002245;0;7;0;0;2;2;1;B02
201000002245;0;7;0;0;2;1;1;A01
201000002246;0;7;0;6;0;7;13;A01
201000002247;0;7;0;0;2;1;1;B02
201000002247;0;7;0;0;0;7;23;A01
201000002248;0;7;0;8;0;2;14;A01
201000002249;0;7;0;0;0;4;15;B02
201000002249;0;33;0;0;2;1;17;A01
201000002250;0;1;0;0;2;4;15;B02
201000002250;0;33;0;0;2;1;18;A01
201000002251;0;7;0;0;0;0;11;B02
201000002251;0;33;0;0;0;0;17;A01
201000002252;0;14;0;0;0;1;1;C03
201000002252;0;14;0;1;0;8;17;A01
201000002252;0;14;0;0;9;4;1;D04
201000002252;0;14;0;0;0;0;24;B02
201000002253;0;33;0;0;2;1;1;B02
201000002253;0;7;0;0;2;3;19;A01
201000002254;0;33;0;0;2;2;17;A01