num_acc;senc;catv;occutc;obs;obsm;choc;manv;num_veh
201000002254;0;7;0;0;2;3;15;B02
201000002255;0;7;0;0;2;3;13;A01
201000002255;0;7;0;0;2;2;1;B02
201000002256;0;7;0;6;0;9;13;A01
201000002257;0;7;0;13;0;1;1;A01
201000002258;0;30;0;0;2;1;17;A01
201000002258;0;10;0;0;2;2;1;B02
201000002259;0;31;0;13;0;1;1;A01
201000002260;0;10;0;0;2;3;1;A01
201000002260;0;1;0;0;2;0;11;B02
201000002261;0;7;0;13;0;1;17;A01
201000002262;0;7;0;0;2;1;13;A01
201000002262;0;7;0;0;2;3;1;B02
201000002263;0;14;0;0;2;3;16;B02
201000002263;0;30;0;0;2;3;13;A01
201000002264;0;14;0;0;2;3;1;C03
201000002264;0;7;0;0;2;3;21;B02
201000002264;0;10;0;0;0;0;9;A01
201000002265;0;10;0;0;2;3;1;B02
201000002265;0;7;0;0;2;1;13;A01
201000002266;0;14;0;2;0;2;1;A01
201000002267;0;7;0;0;2;1;13;A01
201000002267;0;10;0;0;2;1;1;B02
201000002268;0;7;0;0;2;1;13;A01
201000002268;0;7;0;0;2;3;1;C03
201000002268;0;7;0;0;2;1;1;B02
201000002269;0;1;0;0;2;8;13;B02
201000002269;0;7;0;0;2;1;17;A01
201000002270;0;10;0;0;2;3;1;B02
201000002270;0;2;0;0;2;3;1;A01
201000002271;0;32;0;0;2;3;17;A01
201000002271;0;7;0;0;2;3;1;C03
201000002271;0;7;0;0;2;3;1;B02
201000002271;0;7;0;0;2;3;0;D04
201000002272;0;7;0;0;2;1;1;B02
201000002272;0;1;0;0;0;7;19;A01
201000002273;0;7;0;0;2;3;15;A01
201000002273;0;2;0;0;2;5;1;B02
201000002274;0;33;0;0;2;1;13;A01
201000002274;0;7;0;0;2;1;14;B02
201000002275;0;33;0;13;0;1;1;A01
201000002276;0;7;0;16;0;9;1;A01
201000002277;0;7;0;0;0;4;1;B02
201000002277;0;33;0;0;2;1;1;A01
201000002278;0;7;0;13;0;1;1;A01
201000002279;0;1;0;0;2;8;15;B02
201000002279;0;7;0;0;2;2;1;A01
201000002280;0;2;0;0;2;8;19;A01
201000002280;0;7;0;0;2;1;1;B02
201000002281;0;7;0;0;2;2;1;B02
201000002281;0;7;0;0;2;3;13;A01
201000002282;0;7;0;13;0;7;1;A01
201000002283;0;7;0;0;0;1;1;A01
201000002284;0;7;0;0;2;1;2;B02
201000002284;0;7;0;0;0;4;1;A01
201000002285;0;14;0;0;2;3;1;B02
201000002285;0;7;0;0;2;3;1;A01
201000002286;0;7;0;0;2;2;1;A01
201000002286;0;30;0;0;2;4;1;B02
201000002287;0;7;0;13;0;2;14;A01
201000002288;0;38;30;6;0;2;1;A01
201000002289;0;7;0;0;0;1;14;A01
201000002290;0;7;0;13;0;2;1;A01
201000002291;0;10;0;0;2;3;1;B02
201000002291;0;33;0;0;2;1;13;A01
201000002292;0;31;0;0;2;2;13;A01
201000002292;0;10;0;0;2;2;1;B02
201000002293;0;7;0;0;2;1;16;A01
201000002293;0;21;0;0;2;2;1;B02
201000002294;0;7;0;15;0;3;13;A01
201000002295;0;14;0;0;0;6;23;B02
201000002295;0;14;0;0;2;2;1;A01
201000002296;0;7;0;13;0;1;1;A01
201000002297;0;7;0;13;0;9;1;A01
201000002298;0;7;0;0;2;8;1;A01
201000002298;0;33;0;0;2;7;17;B02
201000002299;0;7;0;0;2;2;1;A01
201000002299;0;7;0;0;2;3;1;B02
201000002300;0;7;0;0;0;7;1;A01
201000002301;0;21;0;0;2;1;19;A01
201000002301;0;33;0;0;2;7;1;B02
201000002302;0;7;0;2;0;2;1;A01
201000002303;0;30;0;0;2;1;1;B02
201000002304;0;33;0;0;2;1;13;A01
201000002304;0;7;0;0;2;3;1;B02
201000002305;0;33;0;0;2;2;2;A01
201000002305;0;21;0;0;0;6;2;B02
201000002306;0;10;0;0;1;2;1;A01
201000002307;0;33;0;0;2;1;1;B02
201000002307;0;7;0;0;2;7;15;A01
201000002308;0;7;0;0;1;2;1;A01
201000002309;0;7;0;0;2;1;1;B02
201000002309;0;7;0;0;2;1;13;A01
201000002310;0;7;0;0;2;1;13;B02
201000002310;0;10;0;0;2;1;1;A01
201000002311;0;7;0;14;0;1;1;B02
201000002311;0;7;0;3;0;3;1;A01
201000002312;0;7;0;0;2;3;19;A01
201000002312;0;7;0;0;2;1;1;B02
201000002313;0;7;0;0;1;1;1;A01
201000002314;0;36;0;13;0;2;1;A01
201000002315;0;7;0;0;2;3;15;A01
201000002315;0;10;0;0;2;2;1;B02
201000002316;0;7;0;0;2;1;13;A01
201000002316;0;14;0;0;2;1;1;B02
201000002317;0;7;0;0;2;8;1;B02
201000002317;0;14;0;0;2;2;15;A01
201000002318;0;7;0;0;2;2;15;A01
201000002318;0;33;0;0;2;3;1;B02
201000002319;0;30;0;12;0;2;1;A01
201000002320;0;7;0;13;0;3;1;A01
201000002321;0;10;0;0;2;2;2;A01
201000002321;0;1;0;0;0;6;0;B02
201000002322;0;33;0;0;2;8;19;A01
201000002322;0;7;0;0;2;1;19;B02
201000002323;0;31;0;0;2;1;1;A01
201000002323;0;33;0;0;2;2;19;B02
201000002324;0;33;0;0;2;1;17;A01
201000002324;0;31;0;0;2;4;15;B02
201000002325;0;7;0;13;0;3;13;A01
201000002326;0;3;0;13;0;3;1;A01
201000002327;0;7;0;0;2;7;19;A01
201000002327;0;33;0;0;1;1;1;B02
201000002328;0;7;0;0;2;1;1;B02
201000002328;0;7;0;0;2;3;19;A01
201000002329;0;36;0;0;2;1;2;A01
201000002329;0;7;0;0;2;5;15;B02
201000002330;0;7;0;0;2;1;1;B02
201000002330;0;7;0;0;2;1;13;A01
201000002331;0;7;0;8;2;8;1;A01
201000002331;0;2;0;0;2;1;19;B02
201000002332;0;7;0;0;2;5;15;B02
201000002332;0;33;0;0;2;1;1;A01
201000002333;0;7;0;0;1;1;9;A01
201000002334;0;33;0;3;2;1;13;A01
201000002334;0;7;0;0;2;1;1;B02
201000002335;0;7;0;0;2;2;21;A01
201000002335;0;33;0;13;2;1;9;B02
201000002336;0;1;0;0;0;4;15;B02
201000002336;0;33;0;0;0;1;1;A01
201000002337;0;7;0;0;2;3;13;A01
201000002337;0;7;0;0;2;3;1;B02
201000002338;0;30;0;0;2;1;13;A01
201000002338;0;7;0;0;2;1;1;B02
201000002339;0;33;0;0;5;8;21;A01
201000002340;0;7;0;0;2;3;1;A01
201000002340;0;7;0;0;2;3;1;B02
201000002340;0;7;0;0;2;1;1;C03
201000002341;0;7;0;0;2;1;1;A01
201000002341;0;7;0;0;2;7;19;B02
201000002342;0;14;0;0;2;1;1;B02
201000002342;0;7;0;0;2;1;13;A01
201000002343;0;7;0;0;1;1;1;A01
201000002344;0;7;0;3;2;1;1;A01
201000002344;0;7;0;3;0;4;16;B02
201000002345;0;7;0;8;2;2;19;B02
201000002345;0;7;0;6;2;3;1;A01
201000002346;0;7;0;0;2;3;1;B02
201000002346;0;7;0;0;2;3;13;A01
201000002347;0;7;0;0;2;1;9;A01
201000002347;0;1;0;0;2;5;15;B02
201000002348;0;7;0;0;2;1;1;A01
201000002348;0;7;0;0;2;7;15;B02
201000002349;0;7;0;0;2;9;13;A01
201000002349;0;7;0;0;2;1;1;B02
201000002349;0;7;0;0;2;3;1;C03
201000002350;0;7;0;0;0;3;16;A01
201000002350;0;7;0;0;0;2;2;B02
201000002351;0;7;0;0;2;3;1;B02
201000002351;0;10;0;0;0;0;0;A01
201000002352;0;7;0;6;0;3;13;A01
201000002353;0;10;0;0;1;6;4;A01
201000002354;0;2;0;0;2;0;1;A01
201000002355;0;7;0;0;2;5;17;A01
201000002355;0;7;0;0;2;8;1;B02
201000002356;0;7;0;0;2;1;1;B02
201000002356;0;7;0;0;2;7;1;A01
201000002357;0;14;0;0;2;3;23;C03
201000002357;0;7;0;0;2;2;0;A01
201000002357;0;14;0;0;2;3;1;B02
201000002358;0;7;0;0;2;1;2;B02
201000002358;0;7;0;0;2;1;2;C03
201000002358;0;7;0;0;2;3;2;A01
201000002359;0;7;0;2;0;3;1;A01
201000002360;0;7;0;0;2;5;16;B02
201000002360;0;32;0;0;2;1;2;A01
201000002361;0;7;0;0;1;2;1;B02
201000002361;0;7;0;0;2;1;1;A01
201000002362;0;31;0;0;2;7;1;A01
201000002362;0;7;0;0;2;3;1;B02
201000002363;0;7;0;0;1;2;1;A01
201000002364;0;10;0;2;0;3;16;A01
201000002365;0;7;0;13;0;9;2;A01
201000002366;0;7;0;0;2;1;1;A01
201000002366;0;33;0;0;2;2;1;B02
201000002367;0;33;0;0;2;3;13;B02
201000002367;0;33;0;0;2;3;1;A01
201000002368;0;7;0;0;2;3;15;B02
201000002368;0;1;0;0;2;1;1;A01
201000002369;0;7;0;0;2;8;0;B02
201000002369;0;10;0;1;1;2;1;A01
201000002370;0;7;0;0;2;2;1;B02
201000002370;0;2;0;0;2;1;15;A01
201000002371;0;1;0;0;0;0;13;A01
201000002372;0;30;0;0;2;1;1;A01
201000002372;0;7;0;0;0;4;15;B02
201000002373;0;7;0;0;1;1;1;A01
201000002374;0;7;0;13;0;2;14;A01
201000002375;0;33;0;16;0;6;1;A01
201000002376;0;7;0;0;2;1;1;B02
201000002376;0;1;0;0;2;1;13;A01
201000002377;0;30;0;0;5;1;1;A01
201000002378;0;7;0;0;1;3;1;A01
201000002379;0;14;0;0;2;8;1;B02
201000002379;0;30;0;0;2;8;13;A01
201000002380;0;7;0;1;0;3;1;C03
201000002380;0;10;0;0;2;3;1;B02
201000002380;0;7;0;0;2;3;13;A01
201000002381;0;7;0;6;0;7;13;A01
201000002382;0;10;0;0;2;1;1;B02
201000002382;0;10;0;0;2;1;13;A01
201000002383;0;7;0;0;2;3;1;A01
201000002383;0;16;0;0;2;3;1;B02
201000002384;0;7;0;0;2;3;19;C03
201000002384;0;15;0;0;2;2;1;A01
201000002385;0;7;0;0;1;1;1;A01
201000002385;0;14;0;0;1;1;1;B02
201000002386;0;7;0;13;2;3;21;A01
201000002386;0;7;0;0;2;6;19;B02
201000002387;0;7;0;0;2;3;19;A01
201000002387;0;33;0;0;2;1;1;B02
201000002388;0;7;0;16;2;7;1;A01
201000002388;0;7;0;0;2;2;15;B02
201000002389;0;7;0;0;1;2;19;A01
201000002390;0;7;0;0;2;7;15;A01
201000002390;0;33;0;0;2;2;1;B02
201000002391;0;36;0;0;0;3;1;B02
201000002391;0;7;0;0;0;6;13;A01
201000002392;0;7;0;0;2;9;1;A01
201000002392;0;7;0;0;2;2;21;C03
201000002392;0;7;0;0;2;1;1;B02
201000002393;0;10;0;13;0;3;13;A01
201000002394;0;30;0;0;2;1;18;B02
201000002394;0;7;0;0;2;7;16;A01
201000002395;0;7;0;0;2;3;1;C03
201000002395;0;7;0;0;5;3;1;A01
201000002395;0;7;0;0;2;6;1;B02
201000002396;0;33;0;3;0;2;14;A01
201000002397;0;30;0;0;0;0;1;A01
201000002398;0;7;0;16;0;9;1;A01
201000002399;0;7;0;0;2;2;9;B02
201000002399;0;7;0;0;2;8;1;A01
201000002400;0;7;0;8;0;7;15;A01
201000002401;0;7;0;0;2;8;15;B02
201000002401;0;30;0;0;2;1;1;A01
201000002402;0;7;0;0;2;6;24;B02
201000002402;0;7;0;1;0;7;1;A01
201000002403;0;7;0;2;0;2;14;A01
201000002404;0;33;0;12;0;3;14;A01
201000002405;0;7;0;0;5;1;1;A01
201000002406;0;7;0;0;2;3;1;A01
201000002406;0;31;0;0;2;1;1;B02
201000002407;0;7;0;8;0;6;1;A01
201000002408;0;7;0;0;2;1;0;A01
201000002408;0;7;0;0;2;1;0;B02
201000002409;0;7;0;0;2;4;23;B02
201000002409;0;30;0;0;2;1;1;A01
201000002410;0;15;0;0;2;5;4;A01
201000002410;0;7;0;0;2;1;1;B02
201000002411;0;7;0;0;1;5;1;A01
201000002412;0;33;0;0;2;1;1;B02
201000002412;0;7;0;0;2;7;15;A01
201000002413;0;31;0;3;0;7;1;A01
201000002414;0;30;0;12;0;1;1;A01
201000002415;0;7;0;0;2;8;15;A01
201000002415;0;2;0;0;2;1;1;B02
201000002416;0;7;0;0;2;2;15;A01
201000002416;0;30;0;0;2;3;1;B02
201000002417;0;7;0;0;2;1;10;A01
201000002417;0;7;0;0;2;2;21;B02
201000002418;0;10;0;0;2;2;1;B02
201000002418;0;7;0;0;2;3;13;A01
201000002419;0;7;0;0;2;3;1;A01
201000002419;0;17;0;0;2;3;1;B02
201000002420;0;10;0;0;2;3;1;B02
201000002420;0;10;0;0;2;3;1;C03
201000002420;0;33;0;0;2;1;10;A01
201000002421;0;7;0;0;2;3;1;B02
201000002421;0;7;0;0;2;1;15;A01
201000002422;0;31;0;0;2;1;1;B02
201000002422;0;17;0;0;2;2;15;A01
201000002423;0;7;0;0;0;0;23;B02
201000002423;0;33;0;0;0;0;1;A01
201000002424;0;10;0;13;9;3;21;A01
201000002425;0;10;0;0;2;3;1;B02
201000002425;0;32;0;0;2;0;19;A01
201000002426;0;7;0;0;2;1;13;A01
201000002426;0;7;0;13;2;3;1;B02
201000002427;0;7;0;0;2;2;1;B02
201000002427;0;7;0;0;0;8;1;C03
201000002427;0;31;0;0;2;3;1;A01
201000002428;0;7;0;0;2;1;13;A01
201000002428;0;7;0;0;2;1;21;B02
201000002429;0;7;0;0;2;7;13;A01
201000002429;0;7;0;0;2;1;1;B02
201000002430;0;7;0;0;1;2;15;A01
201000002431;0;7;0;6;0;7;1;A01
201000002432;0;7;0;4;0;3;1;A01
201000002433;0;7;0;0;2;8;1;B02
201000002433;0;7;0;0;2;1;13;A01
201000002434;0;7;0;2;0;8;1;A01
201000002435;0;7;0;0;2;2;1;A01
201000002435;0;7;0;0;2;1;1;B02
201000002436;0;30;0;0;0;0;21;A01
201000002437;0;7;0;0;2;3;10;B02
201000002437;0;33;0;0;2;1;1;A01
201000002438;0;2;0;0;2;1;2;A01
201000002438;0;7;0;0;0;4;2;B02
201000002439;0;33;0;12;0;1;1;A01
201000002440;0;7;0;0;2;3;15;B02
201000002440;0;21;0;0;2;1;1;A01
201000002441;0;7;0;0;2;6;15;A01
201000002441;0;7;0;0;2;1;17;B02
201000002442;0;14;0;0;2;6;1;B02
201000002442;0;30;0;0;2;1;6;A01
201000002443;0;1;0;0;0;8;2;B02
201000002443;0;21;0;0;9;7;17;A01
201000002444;0;33;0;1;0;1;13;B02
201000002445;0;30;0;9;0;1;0;A01
201000002446;0;7;0;6;0;1;1;A01
201000002447;0;7;0;16;0;9;1;A01
201000002448;0;7;0;0;2;2;21;B02
201000002448;0;7;0;0;2;3;13;A01
201000002449;0;1;0;0;2;8;19;B02
201000002449;0;10;0;0;9;3;15;A01
201000002450;0;7;0;6;0;5;1;A01
201000002451;0;7;0;2;0;1;1;A01
201000002452;0;10;0;0;2;3;1;B02
201000002452;0;7;0;0;2;3;5;A01
201000002453;1;30;0;0;1;3;9;A01
201000002454;0;7;0;6;0;7;1;A01
201000002455;0;33;0;0;2;1;17;B02
201000002455;0;10;0;0;0;6;15;A01
201000002456;0;7;0;0;2;8;1;B02
201000002456;0;32;0;0;2;1;19;A01
201000002457;0;7;0;0;2;3;13;A01
201000002457;0;10;0;0;2;3;1;B02
201000002458;0;7;0;0;2;1;5;A01
201000002458;0;7;0;0;2;1;1;B02
201000002459;0;7;0;0;2;5;15;A01
201000002459;0;2;0;0;2;1;1;B02
201000002460;0;7;0;0;2;2;1;A01
201000002460;0;3;0;0;0;4;1;B02
201000002461;0;7;0;0;2;1;1;B02
201000002461;0;7;0;0;2;3;11;A01
201000002462;0;10;0;0;2;3;9;A01
201000002462;0;10;0;0;2;1;1;B02
201000002463;0;30;0;0;0;2;21;A01
201000002463;0;7;0;0;0;6;23;B02
201000002464;0;7;0;0;2;1;2;A01
201000002464;0;7;0;0;0;4;1;B02
201000002465;0;7;0;0;1;2;2;A01
201000002466;0;10;0;0;1;3;1;A01
201000002467;0;7;0;13;0;7;1;A01
201000002468;0;7;0;2;0;1;1;A01
201000002469;0;7;0;0;0;1;1;B02
201000002469;0;7;0;0;0;2;1;A01
201000002470;0;7;0;6;0;3;13;A01
201000002471;0;7;0;0;2;7;15;A01
201000002471;0;2;0;0;2;2;1;B02
201000002472;0;33;0;13;0;3;1;A01
201000002473;0;7;0;0;2;1;1;A01
201000002473;0;7;0;0;2;4;1;B02
201000002474;0;7;0;0;2;1;13;A01
201000002474;0;38;0;0;2;2;1;B02
201000002475;0;7;0;0;1;1;1;A01
201000002476;0;7;0;0;2;3;1;C03
201000002476;0;15;0;1;2;8;13;A01
201000002476;0;7;0;1;2;3;1;B02
201000002477;0;7;0;0;2;1;1;A01
201000002477;0;7;0;0;2;1;1;B02
201000002478;0;7;0;0;2;2;1;A01
201000002478;0;30;0;0;2;3;19;B02
201000002479;0;10;0;0;2;7;13;A01
201000002479;0;7;0;0;2;1;1;B02
201000002480;0;7;0;0;2;1;1;B02
201000002480;0;7;0;0;2;1;1;A01
201000002481;0;10;0;13;0;1;1;A01
201000002482;0;7;0;0;2;3;1;B02
201000002482;0;7;0;0;2;1;1;A01
201000002483;0;7;0;0;2;2;17;A01
201000002483;0;36;0;0;2;6;15;B02
201000002484;0;7;0;0;2;2;15;A01
201000002484;0;2;0;0;2;1;1;B02
201000002485;0;7;0;0;2;1;15;A01
201000002485;0;30;0;0;2;2;1;B02
201000002486;0;7;0;8;0;2;1;A01
201000002487;0;15;0;6;1;3;0;A01
201000002488;0;14;0;0;2;5;23;B02
201000002488;0;7;0;1;0;2;1;A01
201000002489;0;7;0;0;1;7;1;A01
201000002490;0;7;0;6;0;1;1;A01
201000002491;0;2;0;6;0;1;15;A01
201000002492;0;7;0;2;0;1;1;A01
201000002493;0;7;0;0;9;6;11;B02
201000002493;0;33;0;0;2;1;2;A01
201000002494;0;30;0;0;2;1;1;B02
201000002494;0;30;0;0;2;1;17;A01
201000002495;0;30;0;0;2;1;1;A01
201000002495;0;10;0;0;2;2;15;B02
201000002496;0;7;0;0;2;8;9;A01
201000002496;0;30;0;0;2;7;2;B02
201000002497;0;7;0;0;2;3;2;A01
201000002497;0;31;0;0;2;4;2;B02
201000002498;0;7;0;13;2;2;17;A01
201000002498;0;15;0;0;2;3;1;B02
201000002499;0;14;0;13;0;9;21;A01
201000002500;0;7;0;0;2;3;13;A01
201000002500;0;10;0;0;2;3;1;B02
201000002501;0;33;0;0;2;2;17;A01
201000002501;0;7;0;0;2;6;17;B02
201000002502;0;7;0;0;2;3;1;B02
201000002502;0;7;0;0;2;3;13;A01
201000002503;0;7;0;0;0;8;0;A01
201000002503;0;7;0;1;0;7;1;B02
201000002504;0;1;0;0;0;4;1;B02
201000002504;0;10;0;8;0;2;1;A01
201000002505;0;7;0;0;2;1;1;A01
201000002505;0;10;0;0;2;8;1;B02
201000002506;0;14;0;0;2;6;1;C03
201000002506;0;14;0;0;2;1;1;A01
201000002506;0;14;0;0;2;6;1;B02
201000002507;0;7;0;1;2;7;13;A01
201000002507;0;7;0;0;2;3;1;C03
201000002507;0;7;0;0;2;6;24;B02
201000002508;0;7;0;0;2;8;1;C03
201000002508;0;7;0;0;2;5;15;A01
201000002508;0;7;0;0;2;2;1;B02
201000002509;0;7;0;0;2;1;1;B02
201000002509;0;7;0;0;2;5;13;A01
201000002510;0;7;0;13;0;9;1;A01
201000002511;0;7;0;0;0;6;15;B02
201000002511;0;33;0;0;2;1;17;A01
201000002512;0;7;0;0;2;6;13;B02
201000002512;0;10;0;0;2;2;1;A01
201000002513;0;33;0;0;2;1;21;A01
201000002513;0;7;0;0;2;3;1;B02
201000002514;0;7;0;0;2;2;1;A01
201000002514;0;31;0;0;2;4;1;B02
201000002515;0;7;0;0;0;7;1;A01
201000002516;0;7;0;13;0;2;1;A01
201000002517;0;31;0;13;0;1;1;A01
201000002518;0;10;0;0;0;7;15;B02
201000002518;0;7;0;0;2;1;1;A01
201000002519;0;2;0;0;0;0;1;A01
201000002520;0;7;0;0;2;3;13;A01
201000002520;0;2;0;0;2;1;1;B02
201000002521;0;30;0;12;0;7;1;A01
201000002522;0;7;0;0;2;8;15;B02
201000002522;0;2;0;0;2;2;17;A01
201000002523;0;7;0;0;2;3;1;B02
201000002523;0;7;0;0;2;3;15;A01
201000002524;0;7;0;0;2;3;15;A01
201000002524;0;7;0;0;2;3;15;C03
201000002524;0;7;0;0;2;2;1;B02
201000002525;0;7;0;6;0;2;1;A01
201000002526;0;7;0;0;2;3;21;A01
201000002526;0;7;0;0;2;8;19;B02
201000002527;0;7;0;2;0;3;1;A01
201000002528;0;7;0;13;0;1;1;A01
201000002529;0;7;0;8;0;8;1;A01
201000002530;0;7;0;2;0;1;1;A01
201000002531;0;7;0;0;2;3;0;B02
201000002531;0;2;0;0;2;1;13;A01
201000002532;0;30;0;0;2;1;1;B02
201000002532;0;7;0;0;2;8;15;A01
201000002533;0;7;0;0;2;5;19;B02
201000002533;0;7;0;13;2;3;21;A01
201000002534;0;7;0;0;1;2;1;A01
201000002535;0;7;0;13;0;6;17;A01
201000002536;0;2;0;0;2;1;1;B02
201000002536;0;7;0;0;9;3;15;A01
201000002537;0;32;0;0;0;1;1;A01
201000002538;0;7;0;13;0;1;13;A01
201000002539;0;30;0;0;0;2;1;A01
201000002540;0;2;0;6;0;7;19;A01
201000002541;0;7;0;13;0;1;1;A01
201000002542;0;7;0;0;1;3;15;A01
201000002543;0;2;0;0;2;1;15;A01
201000002543;0;10;0;0;2;8;1;B02
201000002544;0;7;0;0;2;3;1;A01
201000002544;0;13;0;0;2;3;1;B02
201000002545;0;14;0;0;1;1;1;A01
201000002546;0;7;0;0;1;3;1;A01
201000002547;0;7;0;0;2;1;13;A01
201000002547;0;7;0;0;2;1;1;B02
201000002548;0;7;0;6;0;1;14;A01
201000002549;0;7;0;6;0;1;13;A01
201000002550;0;7;0;0;1;2;1;A01
201000002551;0;7;0;2;0;1;21;A01
201000002551;0;7;0;0;0;0;16;B02
201000002552;0;2;0;0;0;8;1;B02
201000002552;0;7;0;0;2;2;1;A01
201000002553;0;7;0;0;1;2;1;A01
201000002554;0;7;0;0;2;4;1;B02
201000002554;0;7;0;0;2;1;1;A01
201000002555;0;33;0;0;2;3;1;A01
201000002555;0;10;0;0;2;3;13;B02
201000002556;2;7;0;13;0;3;1;A01
201000002557;0;7;0;13;0;2;1;A01
201000002558;0;7;0;13;0;2;1;A01
201000002559;0;21;0;0;2;8;15;A01
201000002559;0;33;0;0;2;9;1;B01
201000002560;0;30;0;0;2;1;1;B01
201000002560;0;20;0;0;2;4;4;A01
201000002561;0;7;0;0;1;2;1;A01
201000002562;0;7;0;0;2;8;1;C01
201000002562;0;7;0;0;2;3;13;A01
201000002562;0;7;0;0;2;3;1;B01
201000002563;0;14;0;0;2;3;1;B01
201000002563;0;7;0;0;2;1;1;A01
201000002564;0;7;0;0;2;1;17;B01
201000002564;0;30;0;0;2;8;15;A01
201000002565;0;33;0;0;0;1;13;A01
201000002566;0;30;0;0;2;1;1;B01
201000002566;0;7;0;0;2;6;20;A01
201000002567;0;7;0;13;0;3;13;A01
201000002568;0;7;0;0;2;1;1;A01
201000002568;0;7;0;0;2;7;19;B01
201000002569;0;7;0;3;0;3;1;A01
201000002570;0;7;0;0;0;3;1;B01
201000002570;0;7;0;0;2;3;13;A01
201000002571;0;7;0;3;5;2;21;A01
201000002571;0;7;0;10;2;1;21;B01
201000002572;0;7;0;6;0;3;17;A01
201000002573;0;7;0;13;0;9;14;A01
201000002574;0;7;0;0;0;1;1;B01
201000002574;0;7;0;0;0;1;1;C01
201000002574;0;33;0;0;0;2;13;A01
201000002575;0;31;0;0;2;1;19;B01
201000002575;0;7;0;0;2;3;1;A01
201000002576;0;1;0;0;2;7;19;A01
201000002576;0;7;0;0;2;1;1;B01
201000002577;0;21;0;0;2;3;15;A01
201000002577;0;30;0;0;2;1;1;B01
201000002578;0;7;0;0;2;3;13;A01
201000002578;0;7;0;0;2;3;1;B01
201000002579;0;7;0;0;2;3;1;B01
201000002579;0;7;0;0;2;2;1;A01
201000002580;0;21;0;0;1;2;1;A01
201000002581;0;7;0;0;2;3;1;B01
201000002581;0;7;0;0;2;1;14;A01
201000002581;0;7;0;0;2;7;13;C01
201000002582;0;15;0;0;2;5;4;A01
201000002582;0;33;0;0;2;1;1;B01
201000002583;0;30;0;0;2;8;1;A01
201000002583;0;7;0;0;2;1;19;B01
201000002584;0;7;0;0;2;1;1;B01
201000002584;0;10;0;0;2;3;15;A01
201000002585;0;7;0;0;0;0;15;B01
201000002585;0;33;0;0;2;1;2;A01
201000002586;0;7;0;0;0;2;14;A01
201000002587;0;33;0;0;2;3;13;A01
201000002587;0;14;0;0;2;3;1;B01
201000002588;0;7;0;0;2;1;1;A01
201000002588;0;7;0;0;2;2;19;B01
201000002589;0;7;0;13;0;1;13;A01
201000002590;0;30;0;0;1;1;1;A01
201000002591;0;3;0;0;2;2;19;A01
201000002591;0;7;0;0;2;3;1;B01
201000002592;0;7;0;0;2;5;23;B01
201000002592;0;7;0;0;0;3;2;A01
201000002593;0;7;0;0;0;4;1;B01
201000002593;0;7;0;0;2;1;2;A01
201000002594;0;7;0;0;0;3;1;A01
201000002595;0;2;0;16;0;1;1;A01
201000002596;0;32;0;12;0;7;1;A01
201000002597;0;33;0;15;9;1;14;A01
201000002598;0;7;0;0;2;6;2;B01
201000002598;0;7;0;0;2;2;2;A01
201000002599;0;7;0;0;2;1;1;A01
201000002599;0;7;0;0;0;6;1;B01
201000002600;0;7;0;0;2;1;2;A01
201000002600;0;7;0;0;0;4;1;B01
201000002601;0;13;0;0;2;2;4;A01
201000002601;0;7;0;0;0;3;1;B01
201000002602;0;2;0;12;0;1;1;A01
201000002603;0;7;0;0;2;3;19;A01
201000002603;0;33;0;0;2;1;1;B01
201000002604;0;36;0;6;0;2;14;A01
201000002605;0;7;0;8;0;9;13;A01
201000002606;0;7;0;0;2;1;1;B01
201000002606;0;7;0;0;2;7;19;A01
201000002607;0;7;0;0;2;4;2;B01
201000002607;0;33;0;0;2;1;2;A01
201000002608;0;7;0;0;2;6;23;B01
201000002608;0;31;0;0;2;8;21;A01
201000002609;0;7;0;0;0;6;1;B01
201000002609;0;7;0;3;2;2;12;A01
201000002610;0;33;0;16;0;7;9;A01
201000002611;0;14;0;0;0;4;2;B01
201000002611;0;7;0;0;2;1;2;A01
201000002612;0;7;0;0;0;5;15;B01
201000002612;0;10;0;0;2;1;1;A01
201000002613;0;7;0;2;0;1;15;A01
201000002614;0;7;0;0;2;3;15;A01
201000002614;0;33;0;0;2;1;1;B01
201000002615;0;7;0;0;2;1;13;A01
201000002615;0;7;0;0;2;3;1;B01
201000002616;0;7;0;3;2;8;11;A01
201000002616;0;7;0;3;2;4;1;B01
201000002617;0;7;0;0;2;7;1;A01
201000002617;0;7;0;0;2;3;21;B01
201000002618;0;7;0;0;2;1;9;A01
201000002618;0;1;0;0;2;7;1;B01
201000002619;0;7;0;0;2;2;15;A01
201000002619;0;30;0;0;2;3;1;B01
201000002620;0;7;0;0;2;1;1;C01
201000002620;0;7;0;0;2;6;23;B01
201000002620;0;7;0;0;2;1;13;A01
201000002621;0;30;0;0;2;1;1;A01
201000002621;0;7;0;0;2;4;23;B01
201000002622;0;1;0;0;0;1;1;B01
201000002622;0;7;0;0;9;5;15;A01
201000002623;0;7;0;0;2;1;19;B01
201000002623;0;7;0;0;2;1;1;A01
201000002624;0;7;0;0;1;3;1;A01
201000002625;0;7;0;0;1;3;1;A01
201000002626;0;7;0;0;1;2;21;A01
201000002627;0;7;0;0;1;2;1;A01