num_acc;senc;catv;occutc;obs;obsm;choc;manv;num_veh
201000002628;0;10;0;0;5;1;1;A01
201000002629;0;7;0;2;0;7;13;A01
201000002630;0;30;0;0;2;4;2;B01
201000002630;0;7;0;0;2;2;2;A01
201000002631;0;30;0;14;0;1;0;A01
201000002632;0;7;0;0;1;2;1;A01
201000002633;0;7;0;0;2;1;15;A01
201000002633;0;7;0;0;2;1;1;B01
201000002633;0;7;0;5;2;7;21;C01
201000002634;0;7;0;0;1;5;4;A01
201000002635;0;7;0;0;1;2;1;A01
201000002636;0;21;0;0;2;1;23;C01
201000002636;0;10;0;0;2;1;2;A01
201000002636;0;7;0;0;2;4;2;B01
201000002637;0;7;0;0;2;8;1;A01
201000002637;0;30;0;0;2;3;13;B01
201000002638;0;7;0;0;2;7;15;A01
201000002638;0;7;0;0;2;1;1;B01
201000002639;0;7;0;13;0;2;14;A01
201000002640;0;7;0;15;9;4;15;B01
201000002640;0;7;0;0;2;1;1;A01
201000002641;0;1;0;0;2;4;2;B01
201000002641;0;7;0;0;9;2;2;A01
201000002642;0;7;0;0;2;7;13;A01
201000002642;0;7;0;0;2;1;1;B01
201000002643;0;17;0;0;2;3;1;A01
201000002643;0;7;0;0;2;2;5;B01
201000002644;0;7;0;0;1;1;1;A01
201000002645;0;7;0;0;2;1;13;A01
201000002645;0;7;0;13;2;3;1;B01
201000002646;0;7;0;16;0;9;13;A01
201000002647;0;33;0;0;2;1;1;A01
201000002647;0;7;0;0;2;8;15;B01
201000002648;0;7;0;0;2;1;1;A01
201000002648;0;30;0;6;2;8;19;B01
201000002649;0;7;0;13;0;1;1;A01
201000002650;0;30;0;0;2;7;15;A01
201000002650;0;7;0;0;2;2;1;B01
201000002651;0;7;0;16;0;1;1;A01
201000002652;0;7;0;0;2;1;13;A01
201000002652;0;7;0;0;2;1;1;B01
201000002653;0;7;0;2;0;9;13;A01
201000002654;0;10;0;0;1;5;1;A01
201000002655;0;10;0;0;1;7;1;A01
201000002656;0;7;0;0;2;1;17;B01
201000002656;0;7;0;0;2;1;16;A01
201000002657;0;10;0;0;1;3;1;A01
201000002658;0;7;0;0;2;7;19;B01
201000002658;0;14;0;0;2;1;1;A01
201000002659;0;7;0;0;2;5;15;A01
201000002659;0;33;0;0;2;2;1;B01
201000002660;0;15;0;0;1;0;1;A01
201000002661;0;31;0;0;2;1;1;A01
201000002661;0;7;0;0;2;5;15;B01
201000002662;0;7;0;16;0;9;14;A01
201000002663;0;30;0;0;2;1;13;A01
201000002663;0;7;0;0;2;3;1;B01
201000002664;0;7;0;0;2;3;13;A01
201000002664;0;7;0;0;2;3;1;B01
201000002665;0;7;0;0;2;2;2;A01
201000002665;0;21;0;0;0;4;16;B01
201000002666;0;33;0;0;2;1;1;B01
201000002666;0;7;0;0;2;2;15;A01
201000002667;0;10;0;0;2;7;15;B01
201000002667;0;7;0;0;2;1;1;A01
201000002668;0;14;0;0;2;2;15;B01
201000002668;0;7;0;0;2;1;1;A01
201000002669;0;33;0;0;0;0;21;C01
201000002669;0;33;0;13;0;2;1;B01
201000002669;0;33;0;0;0;0;21;A01
201000002670;0;33;0;0;2;1;1;B01
201000002670;0;7;0;0;2;1;10;A01
201000002671;0;2;0;0;2;1;13;B01
201000002671;0;7;0;0;2;1;1;A01
201000002672;0;7;0;4;0;3;13;A01
201000002673;0;7;0;2;0;1;1;A01
201000002674;0;7;0;0;0;3;13;A01
201000002674;0;7;0;0;0;5;15;B01
201000002675;0;7;0;10;0;8;1;A01
201000002676;0;7;0;3;2;1;1;A01
201000002676;0;30;0;0;0;8;15;B01
201000002677;0;30;0;0;2;1;13;A01
201000002677;0;21;0;0;2;1;1;B01
201000002678;0;14;0;0;2;3;1;B01
201000002678;0;10;0;0;2;3;13;A01
201000002679;0;7;0;0;2;8;13;A01
201000002679;0;7;0;0;2;2;1;B01
201000002680;0;10;0;13;0;3;1;A01
201000002681;0;7;0;0;2;8;19;A01
201000002681;0;7;0;0;2;1;1;B01
201000002682;0;33;0;0;2;7;1;B01
201000002682;0;7;0;0;2;1;15;A01
201000002683;0;30;0;0;2;6;15;B01
201000002683;0;7;0;0;2;3;17;A01
201000002684;0;7;0;0;2;8;15;B01
201000002684;0;33;0;0;2;1;17;A01
201000002685;0;7;0;13;0;1;14;A01
201000002686;0;33;0;0;2;6;1;A01
201000002686;0;33;0;0;2;2;1;B01
201000002687;0;10;0;6;0;7;1;A01
201000002688;0;7;0;0;5;1;1;A01
201000002689;0;21;0;0;2;6;1;A01
201000002689;0;7;0;0;2;3;13;B01
201000002690;0;7;0;0;2;3;19;A01
201000002690;0;15;0;0;2;2;1;B01
201000002691;0;10;0;0;2;8;1;C01
201000002691;0;3;0;0;2;1;1;B01
201000002691;0;7;0;0;2;3;17;A01
201000002692;0;7;0;0;1;2;1;A01
201000002693;0;7;0;0;2;1;13;A01
201000002693;0;7;0;0;2;1;1;B01
201000002694;0;7;0;6;0;1;13;A01
201000002695;0;1;0;0;2;1;1;B01
201000002695;0;7;0;0;2;2;19;A01
201000002696;0;30;0;0;2;3;19;A01
201000002696;0;7;0;0;2;3;1;B01
201000002697;0;7;0;0;9;2;1;B01
201000002697;0;1;0;0;2;0;19;A01
201000002698;0;7;0;13;0;3;1;A01
201000002699;0;7;0;0;2;8;17;A01
201000002699;0;7;0;0;2;1;1;B01
201000002700;0;7;0;0;5;3;1;B01
201000002700;0;7;0;0;5;3;1;A01
201000002701;0;30;0;0;2;1;1;B01
201000002701;0;7;0;0;2;3;15;A01
201000002702;0;30;0;13;0;8;21;A01
201000002703;0;7;0;0;2;3;15;A01
201000002703;0;7;0;0;2;2;1;B01
201000002704;0;30;0;6;0;1;14;A01
201000002705;0;7;0;0;2;7;13;A01
201000002705;0;7;0;0;2;1;1;B01
201000002706;0;7;0;2;0;1;1;A01
201000002707;0;7;0;0;2;7;15;A01
201000002707;0;1;0;0;2;1;1;B01
201000002708;0;7;0;0;2;3;13;A01
201000002708;0;7;0;0;2;3;1;B01
201000002709;0;7;0;0;2;1;2;A01
201000002709;0;7;0;0;0;4;2;B01
201000002710;0;7;0;0;1;3;1;A01
201000002711;0;7;0;6;0;1;1;A01
201000002712;0;7;0;0;1;1;0;A01
201000002713;0;7;0;0;1;2;1;A01
201000002714;0;7;0;0;2;3;19;A01
201000002714;0;7;0;0;2;2;1;B01
201000002715;0;7;0;0;1;3;17;A01
201000002716;0;7;0;6;0;2;14;A01
201000002717;0;7;0;0;2;5;17;A01
201000002717;0;99;0;0;2;3;15;B01
201000002718;0;7;0;0;2;2;1;A01
201000002718;0;7;0;0;2;3;19;B01
201000002719;0;7;0;13;0;1;14;A01
201000002720;0;7;0;0;2;2;13;A01
201000002720;0;2;0;0;2;1;13;B01
201000002721;0;7;0;0;2;1;1;B01
201000002721;0;7;0;0;2;1;13;A01
201000002722;0;7;0;0;1;2;1;A01
201000002723;0;7;0;0;2;1;1;B01
201000002723;0;7;0;0;2;8;19;A01
201000002724;0;7;0;0;2;8;1;B01
201000002724;0;7;0;0;2;1;19;A01
201000002725;0;10;0;6;0;1;13;A01
201000002726;0;7;0;13;0;1;1;A01
201000002727;0;7;0;0;1;1;15;A01
201000002728;0;7;0;13;0;1;17;A01
201000002729;0;7;0;0;2;2;2;A01
201000002729;0;1;0;0;2;4;2;B01
201000002730;0;37;1;0;2;3;1;A01
201000002730;0;7;0;0;2;8;13;B01
201000002731;0;7;0;6;0;1;10;A01
201000002732;0;7;0;0;2;1;1;B01
201000002732;0;7;0;0;2;2;13;A01
201000002733;0;32;0;0;2;3;1;A01
201000002733;0;7;0;0;2;3;19;B01
201000002734;0;30;0;0;2;1;1;A01
201000002734;0;7;0;0;2;3;15;B01
201000002735;0;7;0;0;1;7;1;A01
201000002736;0;14;0;0;2;2;1;B01
201000002736;0;7;0;8;2;3;15;A01
201000002737;0;1;0;0;2;1;5;A01
201000002737;0;10;0;0;2;2;1;B01
201000002738;0;7;0;2;0;1;1;A01
201000002739;0;7;0;2;0;2;13;A01
201000002740;0;10;0;0;2;2;1;A01
201000002740;0;7;0;0;2;3;15;B01
201000002741;0;7;0;0;2;3;1;D01
201000002741;0;7;0;0;2;1;1;A01
201000002741;0;7;0;0;2;4;15;B01
201000002741;0;7;0;0;2;1;1;C01
201000002742;0;10;0;0;2;1;1;B01
201000002742;0;7;0;0;2;7;1;A01
201000002743;0;7;0;13;0;2;14;A01
201000002744;0;33;0;8;0;1;1;A01
201000002745;0;14;0;0;1;3;1;A01
201000002746;0;7;0;0;2;3;1;B01
201000002746;0;30;0;0;2;1;13;A01
201000002747;0;7;0;0;2;1;1;A01
201000002747;0;7;0;0;2;1;1;B01
201000002748;0;3;0;0;2;7;15;A01
201000002748;0;33;0;0;2;1;1;B01
201000002749;0;21;0;0;1;6;0;A01
201000002750;0;7;0;0;2;2;15;A01
201000002750;0;33;0;0;2;1;21;B01
201000002751;0;7;0;0;2;8;19;A01
201000002751;0;33;0;0;2;1;1;B01
201000002752;0;10;0;0;2;3;21;B01
201000002752;0;7;0;0;2;1;13;A01
201000002753;0;10;0;0;2;3;1;B01
201000002753;0;7;0;0;2;3;15;A01
201000002754;0;7;0;0;2;1;13;A01
201000002754;0;7;0;0;2;1;1;B01
201000002755;0;7;0;13;0;0;1;A01
201000002755;0;2;0;13;0;0;1;B01
201000002756;0;31;0;16;0;9;1;A01
201000002757;0;7;0;0;2;1;17;A01
201000002757;0;1;0;0;2;4;15;B01
201000002758;0;7;0;0;2;7;13;A01
201000002758;0;7;0;0;2;1;1;B01
201000002759;0;7;0;2;0;7;1;A01
201000002760;0;7;0;0;2;3;1;B01
201000002760;0;7;0;0;2;1;1;C01
201000002760;0;14;0;0;2;3;13;A01
201000002761;0;7;0;0;2;8;1;A01
201000002761;0;7;0;0;2;1;15;B01
201000002762;0;7;0;8;0;2;13;A01
201000002763;0;7;0;0;2;7;15;A01
201000002763;0;33;0;0;2;1;1;B01
201000002764;0;7;0;2;0;2;1;A01
201000002765;0;7;0;0;2;6;10;B01
201000002765;0;33;0;0;2;1;17;A01
201000002766;0;1;0;0;0;1;2;A01
201000002767;0;21;0;2;0;9;17;A01
201000002767;0;21;0;0;0;0;1;B01
201000002768;0;30;0;1;0;1;1;A01
201000002769;0;7;0;0;2;2;19;A01
201000002769;0;7;0;0;2;3;1;B01
201000002770;0;10;0;0;2;1;13;A01
201000002770;0;7;0;0;2;1;1;B01
201000002771;0;7;0;0;2;1;1;A01
201000002771;0;7;0;0;2;3;15;B01
201000002772;0;7;0;0;1;3;1;A01
201000002773;0;10;0;0;1;1;1;A01
201000002774;0;7;0;0;2;3;5;A01
201000002774;0;7;0;0;2;3;1;B01
201000002775;0;33;0;0;0;1;17;A01
201000002776;0;30;0;0;0;0;1;A01
201000002777;0;3;0;0;0;4;1;A01
201000002777;0;7;0;0;2;1;2;B01
201000002778;0;7;0;0;2;2;13;A01
201000002778;0;7;0;0;2;1;1;B01
201000002779;0;7;0;0;9;1;1;A01
201000002779;0;1;0;0;2;8;9;B01
201000002780;0;7;0;0;1;2;1;A01
201000002781;0;7;0;0;2;3;1;B01
201000002781;0;7;0;0;2;3;13;A01
201000002782;0;7;0;0;2;1;15;A01
201000002782;0;7;0;0;2;3;1;B01
201000002783;0;7;0;8;0;3;1;A01
201000002784;0;7;0;13;0;1;1;A01
201000002785;0;7;0;0;1;2;1;A01
201000002786;0;33;0;6;0;1;1;A01
201000002787;0;7;0;0;2;1;1;B01
201000002787;0;7;0;0;2;1;13;A01
201000002788;0;2;0;0;2;1;0;A01
201000002788;0;7;0;0;2;4;0;B01
201000002789;0;7;0;0;1;1;1;A01
201000002790;0;7;0;0;2;3;15;A01
201000002790;0;30;0;0;2;3;1;B01
201000002791;0;7;0;0;1;1;0;A01
201000002792;0;7;0;0;2;1;2;A01
201000002792;0;7;0;0;2;4;2;B01
201000002792;0;7;0;0;0;4;2;C01
201000002793;0;2;0;0;2;1;13;A01
201000002793;0;7;0;0;2;1;1;B01
201000002794;0;30;0;0;2;3;1;B01
201000002794;0;7;0;0;2;3;15;A01
201000002795;0;7;0;0;1;3;16;A01
201000002796;0;7;0;0;2;2;15;B01
201000002796;0;30;0;0;2;1;18;A01
201000002797;0;10;0;0;2;1;1;A01
201000002797;0;7;0;0;2;4;1;C01
201000002797;0;7;0;0;2;4;1;B01
201000002798;0;10;0;8;0;1;1;A01
201000002799;0;7;0;0;2;0;1;B01
201000002799;0;7;0;0;2;5;15;A01
201000002800;0;7;0;0;2;3;1;B01
201000002800;0;7;0;0;2;1;1;A01
201000002801;0;7;0;0;1;1;15;A01
201000002802;0;7;0;0;2;4;2;C01
201000002802;0;7;0;0;2;1;2;B01
201000002802;0;7;0;0;2;1;2;A01
201000002803;0;7;0;3;0;2;1;A01
201000002804;0;7;0;0;2;1;15;A01
201000002804;0;7;0;0;2;1;0;B01
201000002805;0;7;0;0;4;7;19;A01
201000002805;0;39;0;0;2;3;1;B01
201000002806;0;7;0;1;0;1;21;A01
201000002807;0;10;0;0;2;1;13;A01
201000002807;0;13;0;0;2;1;0;B01
201000002808;0;7;0;8;0;1;14;A01
201000002809;0;7;0;0;2;3;13;A01
201000002809;0;17;0;0;2;3;21;B01
201000002810;0;7;0;0;2;1;19;A01
201000002810;0;7;0;0;2;2;1;B01
201000002811;0;7;0;0;2;1;1;B01
201000002811;0;33;0;0;2;3;6;A01
201000002812;0;7;0;0;1;7;1;A01
201000002813;0;7;0;0;1;2;1;A01
201000002814;0;7;0;0;0;4;2;B01
201000002814;0;14;0;0;2;1;2;A01
201000002815;0;37;1;0;1;5;1;A01
201000002816;0;7;0;0;1;1;1;A01
201000002817;0;2;0;6;0;1;16;A01
201000002818;0;7;0;0;1;1;1;A01
201000002819;0;7;0;0;2;1;2;C01
201000002819;0;7;0;0;2;1;2;A01
201000002819;0;7;0;0;2;4;2;B01
201000002819;0;7;0;0;2;4;2;D01
201000002820;0;33;0;0;2;1;1;B01
201000002820;1;7;0;0;2;2;9;Z01
201000002821;0;3;0;0;1;1;0;A01
201000002822;0;7;0;0;2;1;1;A01
201000002822;0;7;0;0;2;4;1;C01
201000002822;0;7;0;0;2;4;1;B01
201000002822;0;7;0;0;2;4;1;D01
201000002823;0;7;0;0;2;2;0;A01
201000002823;0;7;0;0;2;7;0;B01
201000002824;0;7;0;15;0;9;13;A01
201000002825;0;7;0;7;0;1;14;A01
201000002826;0;7;0;0;2;6;1;B01
201000002826;0;7;0;0;2;2;1;A01
201000002827;0;33;0;7;0;8;1;A01
201000002828;0;7;0;0;1;1;0;A01
201000002829;0;1;0;0;2;1;13;A01
201000002829;0;7;0;0;2;3;1;B01
201000002830;0;7;0;0;0;4;2;B01
201000002830;0;7;0;0;2;1;2;A01
201000002831;1;7;0;0;1;1;0;Z01
201000002832;0;10;0;0;2;1;1;A01
201000002832;0;7;0;0;2;4;2;B01
201000002833;0;7;0;0;2;7;17;A01
201000002833;0;1;0;0;0;8;1;B01
201000002834;0;7;0;0;1;8;15;A01
201000002835;0;7;0;0;0;9;14;A01
201000002836;0;33;0;0;2;1;15;A01
201000002836;0;7;0;0;2;1;0;B01
201000002837;0;7;0;13;4;1;1;A01
201000002838;0;7;0;0;2;1;1;B01
201000002838;0;7;0;0;2;1;19;A01
201000002839;0;7;0;0;2;3;1;B01
201000002839;0;7;0;0;2;1;15;A01
201000002840;0;33;0;0;2;3;1;B01
201000002840;0;7;0;0;2;2;15;A01
201000002841;0;7;0;0;2;3;21;B01
201000002841;0;7;0;0;2;3;13;A01
201000002842;0;7;0;15;1;1;0;A01
201000002843;0;7;0;0;2;1;2;A01
201000002843;0;7;0;0;2;4;2;B01
201000002844;0;7;0;0;1;7;1;A01
201000002845;0;13;0;0;2;4;0;A01
201000002845;0;2;0;0;2;1;0;B01
201000002846;0;7;0;0;2;9;1;B01
201000002846;0;7;0;0;2;1;15;A01
201000002847;0;7;0;0;0;9;1;A01
201000002848;0;7;0;2;0;1;14;A01
201000002849;0;17;0;0;2;2;2;A01
201000002849;0;7;0;0;2;4;2;B01
201000002850;0;7;0;0;1;8;1;B01
201000002850;0;7;0;0;2;1;1;A01
201000002851;0;7;0;0;1;4;0;A01
201000002852;0;31;0;0;2;1;1;B01
201000002852;0;7;0;0;2;2;19;A01
201000002853;2;7;0;14;0;1;1;A01
201000002853;0;10;0;0;0;4;23;B01
201000002854;0;7;0;0;1;1;9;A01
201000002855;0;7;0;0;2;3;1;B01
201000002855;0;7;0;0;0;1;23;C01
201000002855;0;7;0;0;2;1;19;A01
201000002856;0;30;0;0;2;8;11;A01
201000002856;0;7;0;0;0;7;1;B01
201000002857;0;7;0;1;0;1;1;A01
201000002858;0;7;0;0;2;6;0;A01
201000002858;0;7;0;0;2;3;0;B01
201000002859;0;17;0;0;2;3;1;B01
201000002859;0;7;0;0;2;2;13;A01
201000002860;0;10;0;0;2;7;1;B01
201000002860;0;10;0;0;2;1;15;A01
201000002861;0;10;0;0;2;1;2;A01
201000002861;0;10;0;0;2;4;23;B01
201000002862;0;30;0;0;0;7;1;A01
201000002863;0;7;0;0;0;8;23;D01
201000002863;0;10;0;0;2;1;1;B01
201000002863;0;7;0;0;2;2;15;A01
201000002863;0;10;0;0;0;8;23;C01
201000002864;0;1;0;0;2;1;1;B01
201000002864;0;7;0;0;9;2;19;A01
201000002865;0;7;0;6;0;1;14;A01
201000002866;0;3;0;0;2;1;15;A01
201000002866;0;7;0;0;2;3;21;B01
201000002867;0;7;0;0;2;3;15;B01
201000002867;0;7;0;0;2;2;17;A01
201000002868;0;7;0;0;2;4;2;B01
201000002868;0;33;0;0;2;1;2;A01
201000002868;0;7;0;0;2;4;2;C01
201000002869;0;7;0;6;2;2;14;A01
201000002870;0;10;0;0;2;4;2;C01
201000002870;0;7;0;0;2;1;2;A01
201000002870;0;7;0;0;2;1;2;B01
201000002871;0;15;0;0;2;2;1;B01
201000002871;0;1;0;0;2;0;15;A01
201000002872;0;10;0;0;2;4;4;A01
201000002872;0;2;0;0;2;1;1;B01
201000002873;0;2;0;14;0;1;1;A01
201000002873;0;7;0;0;0;4;23;B01
201000002874;0;7;0;0;2;8;13;B01
201000002874;0;33;0;0;2;1;0;A01
201000002875;0;7;0;1;0;2;14;A01
201000002876;0;7;0;0;1;1;1;A01
201000002877;0;7;0;0;1;1;1;A01
201000002878;0;7;0;0;2;4;1;B01
201000002878;0;7;0;0;2;1;2;A01
201000002879;0;32;0;0;0;0;1;A01
201000002880;0;7;0;0;2;8;15;B01
201000002880;0;31;0;0;2;1;17;A01
201000002881;0;1;0;0;2;8;1;B01
201000002881;0;7;0;0;2;5;17;A01
201000002882;0;7;0;0;2;1;2;A01
201000002882;0;33;0;0;0;3;23;B01
201000002883;0;7;0;0;2;3;1;B01
201000002883;0;7;0;0;2;2;15;A01
201000002884;0;7;0;0;0;8;1;B01
201000002884;0;7;0;0;1;3;1;A01
201000002885;0;10;0;0;2;5;24;C01
201000002885;0;10;0;0;2;1;1;A01
201000002885;0;7;0;0;2;8;1;B01
201000002886;0;1;0;0;2;0;0;B01
201000002886;1;7;0;0;0;0;0;Z01
201000002887;0;7;0;0;2;1;1;A01
201000002887;0;3;0;0;0;4;1;B01
201000002887;0;10;0;0;2;1;1;C01
201000002888;0;7;0;0;2;3;1;B01
201000002888;0;7;0;0;2;1;15;A01
201000002889;0;7;0;8;0;1;1;A01
201000002890;0;7;0;0;2;1;1;B01
201000002890;0;37;1;0;2;3;15;A01
201000002891;0;7;0;0;2;3;15;A01
201000002891;0;1;0;0;2;3;1;B01
201000002892;0;7;0;8;0;9;14;A01
201000002893;0;7;0;0;0;4;2;B01
201000002893;0;7;0;0;2;1;2;A01
201000002894;0;7;0;0;2;3;15;A01
201000002894;0;7;0;0;2;1;1;B01
201000002895;0;7;0;0;2;1;15;A01
201000002895;0;7;0;0;2;3;1;B01
201000002896;0;7;0;0;2;3;5;A01
201000002896;0;2;0;1;2;7;1;B01
201000002897;0;7;0;0;1;1;1;A01
201000002898;0;7;0;14;0;0;1;C01
201000002898;0;7;0;0;0;0;23;E01
201000002898;0;7;0;0;2;0;1;B01
201000002898;0;7;0;14;0;0;1;D01
201000002898;0;7;0;0;2;0;9;A01
201000002899;0;7;0;0;2;1;9;A01
201000002899;0;7;0;0;2;0;1;B01
201000002900;0;1;0;0;2;1;15;A01
201000002900;0;37;38;0;2;2;1;B01
201000002901;0;7;0;0;2;7;19;A01
201000002901;0;7;0;0;2;2;1;B01
201000002901;0;7;0;0;2;1;1;C01
201000002902;0;7;0;16;2;8;15;A01
201000002902;0;7;0;0;2;1;1;B01
201000002903;0;17;0;0;2;1;2;A01
201000002903;0;7;0;0;0;4;2;B01
201000002904;0;7;0;0;2;4;1;C01
201000002904;0;7;0;0;2;2;1;B01
201000002904;0;7;0;0;2;1;1;E01
201000002904;0;10;0;0;2;1;1;D01
201000002904;0;7;0;2;2;2;14;A01
201000002905;0;7;0;0;0;5;1;B01
201000002905;0;7;0;0;2;3;13;A01
201000002906;0;7;0;0;1;3;15;A01
201000002907;0;7;0;0;0;1;1;B01
201000002907;0;7;0;0;2;3;9;A01
201000002908;0;7;0;0;2;3;16;A01
201000002908;0;1;0;0;2;1;1;B01
201000002909;0;7;0;0;2;1;2;C01
201000002909;0;7;0;0;2;1;2;B01
201000002909;0;7;0;0;2;4;2;A01
201000002910;0;7;0;0;1;1;1;A01
201000002911;0;7;0;0;4;8;1;A01
201000002911;0;39;0;0;2;1;1;B01
201000002912;0;1;0;0;2;1;1;B01
201000002912;0;10;0;0;2;7;15;A01
201000002913;0;7;0;13;0;8;13;A01
201000002914;0;31;0;14;0;0;21;A01
201000002915;0;33;0;13;0;1;13;A01
201000002916;0;30;0;0;2;1;1;A01
201000002916;0;7;0;0;2;8;19;B02
201000002917;0;7;0;0;2;3;1;B02
201000002917;0;33;0;0;2;3;13;A01
201000002918;0;7;0;0;2;1;1;B02
201000002918;0;7;0;0;2;3;13;A01
201000002919;0;7;0;0;9;1;15;B02
201000002919;0;1;0;0;0;7;1;A01
201000002920;0;10;0;0;0;4;23;A01
201000002920;0;99;0;14;0;1;1;B02
201000002921;0;7;0;15;2;2;1;A01
201000002921;0;7;0;0;2;3;19;B02
201000002922;0;14;0;0;2;2;1;A01
201000002922;0;7;0;0;0;8;19;B02
201000002923;0;7;0;0;2;1;13;A01
201000002923;0;38;6;0;2;1;1;B02
201000002924;0;21;0;0;2;6;1;B02
201000002924;0;30;0;0;2;3;13;A01
201000002925;0;7;0;0;0;2;19;B02
201000002925;0;7;0;0;2;1;1;A01
201000002926;0;7;0;13;0;3;17;A01
201000002927;0;7;0;6;0;8;13;A01
201000002928;0;7;0;0;2;3;1;A01
201000002928;0;7;0;0;2;8;23;C03
201000002928;0;7;0;0;2;2;19;B02
201000002929;0;7;0;15;0;3;13;A01
201000002930;0;7;0;0;1;3;1;A01
201000002931;0;7;0;0;0;1;14;A01
201000002932;0;7;0;2;0;1;13;A01
201000002933;0;7;0;0;1;7;1;A01
201000002934;0;7;0;0;9;2;1;A01
201000002934;0;1;0;0;2;1;15;B02
201000002935;0;31;0;13;0;1;14;A01
201000002936;0;7;0;13;0;1;1;A01
201000002937;0;10;0;0;5;1;1;A01
201000002937;0;10;0;0;5;6;1;B02
201000002938;0;7;0;0;2;4;15;A01
201000002938;0;7;0;0;2;1;1;B02
201000002939;0;7;0;0;2;6;19;B02
201000002939;0;33;0;0;2;1;1;A01
201000002940;0;7;0;8;0;1;13;A01
201000002941;0;7;0;9;1;2;13;A01
201000002942;0;14;0;13;0;3;13;A01
201000002943;0;7;0;2;0;3;13;A01
201000002944;0;10;0;0;2;2;15;A01
201000002944;0;33;0;0;2;1;1;B02
201000002945;0;7;0;0;1;2;1;A01
201000002946;0;10;0;0;2;3;4;A01
201000002946;0;15;0;0;2;1;1;C03
201000002946;0;15;0;0;2;1;13;B02
201000002947;0;7;0;0;2;3;1;B02
201000002947;0;7;0;0;2;6;15;C03
201000002947;0;2;0;0;2;3;9;A01
201000002948;0;33;0;8;0;7;13;A01
201000002949;0;7;0;0;2;2;1;A01
201000002949;0;7;0;0;2;1;19;B02
201000002950;0;7;0;2;0;3;13;A01
201000002951;0;10;0;0;1;3;1;A01
201000002952;0;2;0;0;1;1;14;A01
201000002953;0;10;0;0;2;3;17;A01
201000002953;0;21;0;0;2;5;15;B02
201000002954;0;7;0;13;0;3;13;A01
201000002955;0;10;0;0;2;1;1;A01
201000002955;0;1;0;0;2;3;15;B02
201000002956;0;2;0;0;2;3;2;A01
201000002956;0;7;0;0;0;5;15;B02
201000002957;0;7;0;0;0;0;13;A01
201000002958;0;21;0;0;0;6;15;B02
201000002958;0;7;0;0;2;1;17;A01
201000002959;0;7;0;0;0;3;10;A01
201000002959;0;2;0;0;0;1;21;B02
201000002960;0;7;0;0;2;1;1;B02
201000002960;0;33;0;0;2;1;17;A01
201000002961;0;10;0;0;1;2;1;A01
201000002962;0;7;0;3;0;5;13;A01
201000002962;0;7;0;0;2;3;21;B02
201000002962;0;7;0;0;2;3;1;C03
201000002963;0;7;0;0;2;1;13;A01
201000002963;0;7;0;0;2;1;1;B02
201000002964;0;10;0;2;0;2;13;A01
201000002965;0;33;0;8;0;7;14;A01
201000002966;0;7;0;0;9;1;1;A01
201000002966;0;1;0;0;0;8;19;B02
201000002967;0;15;0;0;2;3;23;A01
201000002967;0;30;0;1;0;3;1;B02
201000002968;0;33;0;0;2;1;1;A01
201000002968;0;10;0;0;2;3;13;B02
201000002969;0;14;0;0;2;2;1;A01
201000002969;0;7;0;0;2;3;16;B02
201000002970;0;7;0;0;2;1;1;A01
201000002970;0;15;0;0;2;8;15;B02
201000002971;0;7;0;0;2;2;17;A01
201000002971;0;30;0;0;2;4;15;B02
201000002972;0;7;0;0;2;1;1;B02
201000002972;0;7;0;0;2;7;13;A01
201000002973;0;1;0;0;2;7;1;B02
201000002973;0;7;0;0;9;1;16;A01
201000002974;0;7;0;0;2;1;15;A01
201000002974;0;30;0;0;2;7;1;B02
201000002975;0;7;0;0;2;1;1;B02
201000002975;0;7;0;0;2;5;15;A01
201000002976;0;7;0;16;0;1;13;A01
201000002977;0;33;0;0;2;1;2;A01
201000002977;0;7;0;0;2;4;15;B02
201000002978;0;7;0;0;2;2;13;A01
201000002978;0;7;0;0;2;2;1;B02
201000002979;0;33;0;0;0;7;1;A01
201000002980;0;33;0;12;0;1;1;A01
201000002981;0;7;0;0;2;3;13;A01
201000002981;0;7;0;0;2;3;1;B02
201000002982;0;7;0;0;2;3;15;A01
201000002982;0;7;0;0;2;3;1;B02
201000002983;0;7;0;0;2;1;1;B02
201000002983;0;7;0;0;2;7;13;A01
201000002984;0;33;0;0;2;1;2;A01
201000002984;0;7;0;0;2;6;1;B02
201000002985;0;10;0;0;2;5;1;B02
201000002985;0;1;0;0;2;2;19;A01
201000002986;0;33;0;2;0;1;14;A01
201000002987;0;7;0;0;2;1;1;A01
201000002987;0;1;0;0;2;4;1;B02
201000002988;0;7;0;0;2;1;17;A01
201000002988;0;7;0;0;2;1;1;B02
201000002989;0;14;0;0;2;2;19;A01
201000002989;0;7;0;0;2;1;1;B02
201000002990;0;7;0;0;2;2;15;A01
201000002990;0;30;0;0;2;1;1;B02
201000002991;0;7;0;2;0;2;13;A01
201000002992;0;7;0;0;2;3;1;B02
201000002992;0;7;0;0;2;3;13;A01
201000002993;0;7;0;0;2;1;17;A01
201000002993;0;17;0;0;2;3;1;B02
201000002994;0;7;0;8;0;2;13;A01
201000002995;0;7;0;0;2;7;19;A01
201000002995;0;7;0;0;2;1;1;B02