num_acc;senc;catv;occutc;obs;obsm;choc;manv;num_veh
201000003740;0;33;0;0;2;2;17;A01
201000003741;0;1;0;0;0;4;1;A01
201000003742;0;2;0;0;2;1;13;A01
201000003742;0;10;0;0;2;1;23;B02
201000003743;0;7;0;0;2;3;1;A01
201000003743;0;10;0;0;2;1;19;B02
201000003744;0;7;0;2;2;1;1;A01
201000003744;0;7;0;0;2;1;1;B02
201000003745;0;7;0;8;0;8;15;A01
201000003746;0;7;0;0;2;3;1;B02
201000003746;0;2;0;0;2;1;13;A01
201000003747;0;33;0;8;0;1;1;A01
201000003748;0;7;0;0;9;6;15;B02
201000003748;0;1;0;0;2;1;1;A01
201000003749;0;33;0;0;2;8;1;B02
201000003749;0;7;0;0;2;1;1;A01
201000003750;0;7;0;13;0;2;1;A01
201000003751;2;7;0;0;2;3;1;B02
201000003751;0;7;0;0;2;3;1;A01
201000003752;0;7;0;0;2;3;1;B02
201000003752;0;7;0;0;2;3;1;A01
201000003753;0;7;0;2;2;1;21;A01
201000003754;0;7;0;13;0;1;1;A01
201000003755;0;31;0;0;0;7;16;A01
201000003756;0;30;0;0;2;3;1;B02
201000003756;0;7;0;0;2;2;19;A01
201000003757;0;7;0;13;0;3;1;A01
201000003758;0;2;0;1;0;1;1;B02
201000003758;0;7;0;0;2;1;24;A01
201000003759;0;7;0;2;0;1;1;A01
201000003760;0;7;0;0;2;1;2;A01
201000003760;0;1;0;0;2;4;2;B02
201000003761;0;30;0;13;0;3;0;A01
201000003762;0;7;0;0;2;3;13;A01
201000003762;0;7;0;0;2;3;0;B02
201000003763;0;7;0;0;1;2;1;A01
201000003764;0;7;0;13;0;9;14;A01
201000003765;1;7;0;0;1;1;0;A01
201000003766;0;7;0;0;2;7;1;B02
201000003766;0;7;0;0;2;1;17;A01
201000003766;0;7;0;0;2;1;1;C03
201000003767;0;16;0;0;0;0;1;C03
201000003767;0;15;0;0;2;6;1;D04
201000003767;0;7;0;0;2;3;13;A01
201000003767;0;7;0;0;2;3;1;B02
201000003768;0;17;0;0;2;0;0;C03
201000003768;0;17;0;0;2;3;1;B02
201000003768;0;7;0;0;2;3;13;A01
201000003769;0;7;0;13;0;2;1;A01
201000003770;0;7;0;0;0;3;1;A01
201000003771;0;7;0;0;2;3;13;A01
201000003771;0;7;0;0;2;3;1;B02
201000003772;0;31;0;0;2;1;1;B02
201000003772;0;7;0;0;2;3;9;A01
201000003773;0;21;0;0;2;4;2;B02
201000003773;0;17;0;0;2;1;2;A01
201000003774;0;32;0;0;2;1;1;A01
201000003774;0;31;0;0;2;4;16;B02
201000003775;0;31;0;13;0;2;1;A01
201000003776;0;7;0;2;0;1;1;A01
201000003777;0;7;0;0;1;3;1;A01
201000003778;0;7;0;0;0;5;23;B02
201000003778;0;30;0;0;2;1;2;A01
201000003779;0;7;0;0;2;1;13;A01
201000003779;0;7;0;0;2;1;1;B02
201000003780;0;7;0;0;2;2;1;B02
201000003780;0;2;0;0;2;1;15;A01
201000003781;0;7;0;0;2;8;13;A01
201000003781;0;7;0;0;2;0;1;B02
201000003782;0;7;0;0;0;1;5;A01
201000003782;0;7;0;0;0;1;0;B02
201000003783;0;7;0;13;0;1;1;A01
201000003784;0;2;0;0;0;4;1;A01
201000003785;0;32;0;0;2;1;13;A01
201000003785;0;7;0;0;2;1;1;B02
201000003786;0;33;0;0;1;1;16;A01
201000003786;0;21;0;0;2;1;1;B02
201000003787;0;7;0;0;0;9;1;A01
201000003788;0;7;0;0;2;8;15;B02
201000003788;0;33;0;0;2;1;1;A01
201000003789;0;7;0;0;2;3;1;B02
201000003789;0;7;0;0;2;3;13;A01
201000003790;0;36;0;0;1;1;1;A01
201000003791;0;14;0;0;0;9;0;A01
201000003792;0;7;0;0;1;2;1;A01
201000003793;0;33;0;0;0;7;1;A01
201000003794;0;2;0;0;0;1;18;B02
201000003794;0;7;0;0;0;7;16;A01
201000003795;0;7;0;0;0;8;19;A01
201000003795;0;33;0;0;2;1;1;B02
201000003796;0;33;0;13;2;1;2;B02
201000003796;0;31;0;0;2;8;15;A01
201000003797;0;31;0;0;6;1;1;A01
201000003798;0;7;0;0;2;7;1;B02
201000003798;0;7;0;0;2;1;1;A01
201000003799;0;33;0;0;2;1;1;A01
201000003799;0;17;0;0;2;1;1;B02
201000003800;0;7;0;0;1;6;20;A01
201000003801;0;7;0;0;2;2;15;B02
201000003801;0;33;0;0;2;1;1;A01
201000003802;0;7;0;13;0;4;0;A01
201000003803;0;7;0;0;0;3;19;A01
201000003803;0;7;0;0;2;1;1;B02
201000003804;0;7;0;0;2;1;1;B02
201000003804;0;7;0;13;2;1;13;A01
201000003805;0;33;0;0;2;8;15;B02
201000003805;0;7;0;0;2;3;1;A01
201000003806;0;10;0;0;2;8;1;A01
201000003806;0;10;0;0;2;2;1;B02
201000003807;0;30;0;0;2;1;1;B02
201000003807;0;7;0;0;2;1;13;A01
201000003808;0;7;0;0;2;2;1;A01
201000003808;0;7;0;0;2;8;19;B02
201000003809;0;7;0;13;0;3;1;A01
201000003810;0;3;0;10;0;1;1;A01
201000003811;0;7;0;8;0;2;1;A01
201000003812;0;7;0;0;2;3;13;A01
201000003812;0;7;0;0;2;3;1;B02
201000003812;0;7;0;0;2;3;1;C03
201000003813;0;1;0;0;2;4;1;B02
201000003813;0;7;0;0;2;2;1;A01
201000003814;0;7;0;0;2;1;1;B02
201000003814;0;10;0;0;2;2;17;A01
201000003815;0;7;0;13;0;3;21;A01
201000003816;0;38;12;0;2;1;15;A01
201000003816;0;2;0;0;2;1;1;B02
201000003817;0;7;0;13;0;2;1;A01
201000003818;0;10;0;0;2;1;1;B02
201000003818;0;7;0;0;2;8;10;A01
201000003819;0;30;0;0;0;8;1;A01
201000003820;0;10;0;0;2;3;1;B02
201000003820;0;7;0;0;2;3;13;A01
201000003821;0;7;0;0;1;2;13;A01
201000003822;0;7;0;0;0;2;1;A01
201000003823;0;7;0;0;0;8;1;C03
201000003823;0;7;0;0;2;3;5;A01
201000003823;0;7;0;0;2;3;17;B02
201000003824;0;16;0;0;2;3;1;B02
201000003824;0;33;0;0;2;3;1;A01
201000003825;0;10;0;1;0;1;0;A01
201000003825;0;10;0;0;0;4;0;B02
201000003826;0;20;0;0;0;9;1;A01
201000003827;0;7;0;0;2;3;15;A01
201000003827;0;33;0;0;2;1;1;B02
201000003828;0;30;0;0;2;1;2;A01
201000003828;0;7;0;0;2;6;2;B02
201000003829;0;7;0;0;0;1;1;A01
201000003830;0;7;0;0;2;1;2;A01
201000003830;0;7;0;0;2;4;2;B02
201000003831;0;7;0;0;0;4;1;A01
201000003832;0;7;0;0;2;3;15;A01
201000003832;0;7;0;0;2;3;1;B02
201000003833;0;21;0;0;2;3;1;B02
201000003833;0;7;0;0;2;1;1;A01
201000003834;0;7;0;0;2;1;1;A01
201000003834;0;7;0;0;2;7;1;B02
201000003835;0;7;0;2;0;2;1;A01
201000003836;0;7;0;6;0;1;13;A01
201000003837;0;7;0;2;0;2;1;A01
201000003838;0;7;0;0;2;1;1;B02
201000003838;0;7;0;0;2;1;13;A01
201000003839;0;33;0;2;0;1;1;A01
201000003840;0;10;0;0;2;5;23;B02
201000003840;0;33;0;0;2;1;14;A01
201000003841;0;33;0;0;2;1;1;B02
201000003841;0;7;0;0;0;6;15;A01
201000003842;0;7;0;6;0;3;13;A01
201000003843;0;30;0;9;0;1;1;A01
201000003844;0;33;0;0;2;2;17;A01
201000003844;0;10;0;0;2;3;15;B02
201000003845;0;14;0;0;0;4;24;A01
201000003845;0;1;0;1;0;1;1;B02
201000003846;0;31;0;0;0;1;2;A01
201000003847;0;7;0;0;2;3;13;A01
201000003847;0;17;0;0;2;6;1;B02
201000003848;0;7;0;0;0;1;13;A01
201000003848;0;7;0;0;0;1;1;B02
201000003849;0;31;0;6;0;1;13;A01
201000003850;0;37;2;0;2;2;1;A01
201000003850;0;7;0;0;2;8;15;B02
201000003851;0;7;0;0;2;1;1;B02
201000003851;0;7;0;0;2;7;13;A01
201000003852;0;7;0;0;2;3;13;A01
201000003852;0;17;0;0;2;3;1;B02
201000003853;0;7;0;0;2;2;15;A01
201000003853;0;2;0;0;2;8;1;B02
201000003854;0;7;0;0;2;2;19;A01
201000003854;0;31;0;0;2;1;1;B02
201000003855;0;30;0;0;2;8;15;B02
201000003855;0;7;0;0;2;2;1;A01
201000003856;0;15;0;0;2;3;1;B02
201000003856;0;7;0;0;2;3;5;A01
201000003857;0;7;0;0;2;3;15;A01
201000003857;0;2;0;0;2;1;1;B02
201000003858;0;7;0;0;2;1;2;A01
201000003858;0;7;0;1;2;4;2;B02
201000003859;0;7;0;10;0;7;1;A01
201000003860;0;7;0;0;2;7;15;A01
201000003860;0;30;0;0;2;1;1;B02
201000003861;0;2;0;0;2;1;1;A01
201000003861;0;7;0;0;2;3;13;B02
201000003862;0;30;0;0;2;1;1;B02
201000003862;0;7;0;0;2;5;15;A01
201000003863;0;2;0;0;2;1;1;A01
201000003863;0;7;0;0;0;6;23;B02
201000003864;0;7;0;0;2;2;1;A01
201000003864;0;1;0;0;2;1;19;B02
201000003865;0;2;0;1;0;1;14;A01
201000003866;0;2;0;14;0;1;1;A01
201000003867;0;7;0;2;0;4;13;A01
201000003868;0;7;0;0;2;3;1;A01
201000003868;0;15;0;0;2;3;1;B02
201000003869;0;3;0;0;2;1;1;B02
201000003869;0;7;0;0;2;1;13;A01
201000003870;0;7;0;0;2;2;2;A01
201000003870;0;99;0;0;0;4;2;B02
201000003871;0;7;0;6;0;9;1;A01
201000003872;0;7;0;10;0;3;1;A01
201000003873;0;7;0;0;2;3;1;B02
201000003873;0;7;0;0;2;3;13;A01
201000003874;0;7;0;0;0;6;1;A01
201000003874;0;33;0;0;2;1;2;B02
201000003875;0;7;0;13;0;3;1;A01
201000003876;0;7;0;0;2;3;1;B02
201000003876;0;7;0;0;2;3;13;A01
201000003877;0;33;0;13;0;1;21;A01
201000003878;0;7;0;0;2;2;17;A01
201000003878;0;2;0;0;2;8;15;B02
201000003879;0;7;0;0;2;3;17;A01
201000003879;0;20;0;0;0;4;15;B02
201000003880;0;33;0;0;2;1;13;A01
201000003880;0;21;0;0;2;8;19;B02
201000003881;0;7;0;0;2;3;0;A01
201000003881;0;7;0;0;0;3;0;B02
201000003882;0;7;0;6;0;9;1;A01
201000003883;0;17;0;2;0;3;13;A01
201000003884;0;7;0;0;2;1;1;B02
201000003884;0;7;0;0;2;1;1;A01
201000003885;0;7;0;13;0;7;1;A01
201000003886;0;7;0;0;2;3;15;A01
201000003886;0;33;0;0;2;1;1;B02
201000003887;0;2;0;12;0;1;1;A01
201000003888;0;7;0;2;0;6;2;B02
201000003888;0;7;0;15;2;2;2;A01
201000003889;0;10;0;0;0;3;17;B02
201000003889;0;7;0;16;0;7;19;A01
201000003890;0;7;0;0;2;5;2;B02
201000003890;0;33;0;0;2;1;2;A01
201000003891;0;7;0;0;1;2;1;A01
201000003892;0;7;0;0;2;3;1;B02
201000003892;0;7;0;0;2;3;13;A01
201000003893;0;2;0;13;2;1;1;A01
201000003893;0;2;0;13;2;4;1;B02
201000003894;0;7;0;12;0;2;1;A01
201000003895;0;7;0;0;2;3;1;A01
201000003895;0;10;0;0;2;3;1;B02
201000003896;0;35;0;0;0;1;1;A01
201000003897;0;7;0;16;0;9;1;A01
201000003898;0;7;0;0;2;3;19;A01
201000003899;0;7;0;8;0;2;1;A01
201000003900;0;7;0;0;2;3;1;B02
201000003900;0;7;0;0;2;2;15;A01
201000003901;0;30;0;0;2;1;2;A01
201000003901;0;7;0;0;0;4;2;B02
201000003902;0;2;0;0;0;1;5;B02
201000003902;0;7;0;0;2;1;1;A01
201000003903;0;33;0;13;0;1;1;A01
201000003904;0;31;0;13;0;1;1;A01
201000003905;0;7;0;0;2;1;0;A01
201000003905;0;7;0;0;2;1;0;B02
201000003906;0;7;0;2;0;1;1;A01
201000003907;0;7;0;0;2;2;1;A01
201000003907;0;1;0;0;2;4;1;B02
201000003908;0;7;0;0;2;1;17;A01
201000003908;0;2;0;0;2;6;15;B02
201000003909;0;7;0;0;1;8;1;A01
201000003910;0;7;0;0;1;2;1;A01
201000003911;0;7;0;0;2;1;1;B02
201000003911;0;7;0;0;2;3;3;A01
201000003912;0;7;0;13;0;1;1;A01
201000003913;0;7;0;0;0;1;1;A01
201000003914;0;7;0;0;1;1;1;A01
201000003915;0;7;0;0;2;1;1;A01
201000003915;0;7;0;0;2;4;23;B02
201000003916;0;10;0;13;0;9;1;A01
201000003917;0;7;0;0;2;3;15;A01
201000003917;0;2;0;0;2;8;1;B02
201000003918;0;14;0;0;0;1;19;A01
201000003918;0;14;0;0;0;1;1;B02
201000003919;0;7;0;0;2;8;1;B02
201000003919;0;2;0;0;2;1;1;A01
201000003920;0;7;0;0;0;4;15;B02
201000003920;0;33;0;0;2;3;17;A01
201000003921;0;7;0;0;1;2;9;A01
201000003922;0;7;0;0;0;4;0;B02
201000003922;0;7;0;1;0;1;1;A01
201000003923;0;7;0;0;2;3;17;A01
201000003923;0;7;0;0;2;3;1;B02
201000003924;0;7;0;8;0;3;1;A01
201000003925;0;7;0;16;0;9;1;A01
201000003926;0;30;0;1;0;1;2;A01
201000003926;0;14;0;0;2;6;24;B02
201000003927;0;36;0;6;0;1;1;A01
201000003928;0;7;0;0;2;3;1;A01
201000003928;0;7;0;0;2;1;13;B02
201000003929;0;7;0;0;2;3;13;B02
201000003929;0;7;0;0;2;1;13;A01
201000003930;0;7;0;0;1;2;1;A01
201000003931;0;7;0;0;2;3;13;A01
201000003931;0;17;0;0;2;3;0;B02
201000003932;0;33;0;0;2;8;13;A01
201000003932;0;7;0;0;2;3;1;B02
201000003933;0;7;0;0;0;5;2;B02
201000003933;0;33;0;0;0;1;2;A01
201000003934;0;30;0;0;2;7;17;A01
201000003934;0;30;0;0;2;8;1;B02
201000003935;0;7;0;8;0;9;1;A01
201000003936;0;7;0;0;2;3;13;A01
201000003936;0;7;0;0;2;3;1;B02
201000003937;0;10;0;0;2;3;1;B02
201000003937;0;7;0;0;2;3;1;A01
201000003938;0;30;0;0;2;1;1;B02
201000003938;0;7;0;0;2;5;19;A01
201000003939;0;2;0;8;0;1;1;A01
201000003940;0;7;0;2;0;2;1;A01
201000003941;0;38;0;0;0;1;1;B02
201000003941;0;7;0;0;2;1;13;A01
201000003942;0;7;0;0;2;3;1;B02
201000003942;0;7;0;0;2;2;1;A01
201000003943;0;2;0;0;0;1;1;B02
201000003943;0;7;0;0;0;3;19;A01
201000003944;0;7;0;0;2;2;17;A01
201000003944;0;7;0;0;2;6;2;B02
201000003945;0;13;0;0;0;6;0;B02
201000003946;0;7;0;0;2;1;1;B02
201000003946;0;7;0;0;2;7;1;A01
201000003947;0;7;0;2;0;2;14;A01
201000003948;0;33;0;0;0;6;1;B02
201000003948;0;33;0;0;0;8;1;C03
201000003948;0;7;0;0;2;2;17;A01
201000003949;0;7;0;13;0;9;1;A01
201000003950;0;31;0;8;0;1;1;A01
201000003951;0;7;0;0;2;7;1;A01
201000003951;0;7;0;0;2;1;1;B02
201000003952;0;30;0;0;2;8;17;A01
201000003952;0;7;0;0;2;8;1;B02
201000003953;0;20;0;0;2;2;1;A01
201000003953;0;7;0;0;9;1;1;B02
201000003954;0;37;1;0;2;1;1;B02
201000003954;0;2;0;0;2;1;13;A01
201000003955;0;7;0;6;0;1;13;A01
201000003956;0;33;0;6;0;1;1;A01
201000003957;0;15;0;0;2;1;1;A01
201000003957;0;7;0;0;2;1;1;B02
201000003958;0;7;0;0;2;1;13;A01
201000003958;0;7;0;0;2;1;1;B02
201000003959;0;7;0;0;2;3;1;B02
201000003959;0;33;0;0;2;8;13;A01
201000003960;0;14;0;0;2;5;15;B02
201000003960;0;3;0;0;2;1;1;A01
201000003961;0;7;0;2;0;2;1;A01
201000003962;0;30;0;8;0;1;1;A01
201000003963;0;30;0;0;2;1;1;A01
201000003963;0;7;0;0;2;3;19;B02
201000003964;0;14;0;0;2;3;15;A01
201000003964;0;7;0;0;2;1;1;B02
201000003965;0;33;0;0;2;1;17;A01
201000003965;0;7;0;0;2;4;15;B02
201000003966;0;7;0;2;0;1;1;A01
201000003967;0;10;0;0;2;3;1;B02
201000003967;0;30;0;0;2;1;19;A01
201000003968;0;7;0;2;0;1;1;A01
201000003969;0;7;0;13;0;1;1;A01
201000003970;0;7;0;0;2;1;1;B02
201000003970;0;7;0;0;9;3;1;C03
201000003970;0;30;0;0;2;4;1;A01
201000003971;0;7;0;0;2;1;5;A01
201000003971;0;7;0;0;2;1;1;B02
201000003972;0;7;0;6;0;1;1;A01
201000003973;0;2;0;0;2;8;15;A01
201000003973;0;7;0;0;2;2;17;B02
201000003974;0;36;0;0;2;1;5;A01
201000003974;0;7;0;0;2;1;1;B02
201000003975;0;7;0;2;0;1;1;A01
201000003976;0;7;0;0;2;1;13;A01
201000003976;0;7;0;0;2;1;1;B02
201000003977;0;21;0;0;1;7;1;A01
201000003978;0;7;0;2;9;1;1;A01
201000003978;0;31;0;2;0;4;1;B02
201000003979;0;10;0;0;2;1;0;B02
201000003979;0;7;0;0;2;1;21;A01
201000003980;0;30;0;0;2;1;15;B02
201000003980;0;7;0;0;2;1;1;A01
201000003981;0;7;0;0;2;1;0;B02
201000003981;0;30;0;0;2;3;0;A01
201000003982;0;7;0;0;2;1;15;A01
201000003982;0;33;0;0;2;1;1;B02
201000003983;0;7;0;0;2;2;19;A01
201000003983;0;7;0;0;0;1;1;B02
201000003984;0;30;0;0;2;3;13;A01
201000003984;0;7;0;0;2;3;1;B02
201000003985;0;30;0;0;2;8;1;B02
201000003985;0;7;0;0;2;0;15;A01
201000003986;0;7;0;0;0;1;1;A01
201000003987;0;7;0;2;0;1;1;A01
201000003988;0;7;0;4;0;2;1;A01
201000003989;0;7;0;0;2;1;1;B02
201000003989;0;7;0;0;2;1;5;A01
201000003990;0;30;0;0;2;1;9;B02
201000003990;0;7;0;0;2;3;9;A01
201000003991;0;30;0;0;2;1;1;A01
201000003991;0;7;0;0;2;2;19;B02
201000003992;0;3;0;0;2;1;5;A01
201000003992;0;7;0;0;2;1;1;B02
201000003993;0;15;0;0;2;1;1;B02
201000003993;0;7;0;0;2;1;5;A01
201000003994;0;7;0;0;2;3;1;B02
201000003994;0;7;0;0;2;0;13;A01
201000003995;0;7;0;0;2;7;19;A01
201000003995;0;2;0;0;2;1;1;B02
201000003996;0;31;0;15;0;7;1;A01
201000003997;0;2;0;0;0;4;1;B02
201000003997;0;7;0;0;2;1;1;A01
201000003998;0;2;0;0;2;8;1;B02
201000003998;0;7;0;0;2;3;15;A01
201000003999;0;7;0;14;0;1;1;B02
201000003999;0;7;0;0;1;3;1;A01
201000004000;0;7;0;2;0;2;1;A01
201000004001;0;7;0;0;2;6;15;A01
201000004001;0;31;0;0;2;2;13;B02
201000004002;0;3;0;0;2;4;1;B02
201000004002;0;7;0;0;2;1;1;A01
201000004003;0;33;0;0;2;1;1;B02
201000004003;0;7;0;0;2;8;15;A01
201000004004;0;7;0;0;2;7;15;A01
201000004004;0;7;0;0;2;1;1;B02
201000004005;0;7;0;0;2;7;1;B02
201000004005;0;7;0;0;2;1;9;A01
201000004006;0;33;0;0;0;1;14;A01
201000004007;0;10;0;13;0;3;1;A01
201000004008;1;7;0;0;2;2;2;A01
201000004008;0;1;0;0;2;4;2;B02
201000004009;0;7;0;3;0;1;14;A01
201000004010;0;35;0;0;1;1;1;A01
201000004011;0;7;0;0;0;0;1;A01
201000004012;0;30;0;0;2;3;1;A01
201000004012;0;7;0;0;2;3;19;B02
201000004012;0;10;0;0;2;3;24;C03
201000004013;0;30;0;0;2;8;13;A01
201000004013;0;7;0;0;2;8;1;B02
201000004014;0;7;0;6;0;7;13;A01
201000004015;0;33;0;6;0;1;1;A01
201000004016;0;7;0;0;0;9;15;A01
201000004016;0;33;0;0;0;1;21;B02
201000004016;0;33;0;0;0;1;1;C03
201000004017;0;7;0;1;1;1;13;A01
201000004018;0;7;0;0;2;1;13;A01
201000004018;0;7;0;0;2;1;1;B02
201000004019;0;7;0;0;2;3;3;A01
201000004019;0;7;0;0;2;3;1;B02
201000004020;0;7;0;0;2;3;1;A01
201000004020;0;7;0;0;2;3;13;B02
201000004021;0;2;0;0;2;8;13;A01
201000004021;0;7;0;0;2;3;13;B02
201000004022;0;7;0;0;2;1;1;B02
201000004022;0;1;0;0;2;8;19;A01
201000004023;0;33;0;0;2;1;17;A01
201000004023;0;7;0;5;2;8;15;B02
201000004024;0;7;0;0;2;1;1;A01
201000004024;0;7;0;0;2;3;16;B02
201000004025;0;10;0;0;1;7;1;A01
201000004026;0;7;0;0;9;2;2;A01
201000004026;0;1;0;0;0;4;1;B02
201000004026;0;1;0;0;0;4;0;C03
201000004027;0;10;0;0;9;2;2;A01
201000004027;0;1;0;0;0;8;2;B02
201000004028;0;7;0;0;2;1;1;B02
201000004028;0;7;0;0;2;2;13;A01
201000004029;0;31;0;0;2;1;1;B02
201000004029;0;7;0;0;2;3;1;A01
201000004030;0;7;0;13;0;9;13;A01
201000004031;0;99;0;2;0;8;1;A01
201000004032;0;33;0;3;2;8;1;A01
201000004032;0;7;0;0;2;8;1;B02
201000004033;0;2;0;0;2;1;13;A01
201000004033;0;7;0;0;2;8;1;B02
201000004034;0;7;0;3;0;2;1;A01
201000004035;0;14;0;0;2;1;5;B02
201000004035;0;7;0;0;2;1;13;A01
201000004036;0;30;0;0;2;1;1;A01
201000004036;0;7;0;0;9;8;1;C03
201000004036;0;7;0;0;9;4;15;B02
201000004037;0;30;0;0;9;3;18;B02
201000004037;0;31;0;0;9;7;2;A01
201000004038;0;7;0;2;0;1;1;A01
201000004039;0;7;0;0;2;1;17;B02
201000004039;0;10;0;0;2;3;15;A01
201000004040;0;7;0;0;2;3;13;A01
201000004040;0;7;0;0;2;2;1;B02
201000004041;0;7;0;0;2;3;1;B02
201000004041;0;7;0;0;2;3;13;A01
201000004042;0;7;0;0;0;7;15;A01
201000004042;0;2;0;0;2;1;1;B02
201000004043;0;7;0;0;2;1;13;A01
201000004043;0;7;0;0;2;1;1;B02
201000004044;0;7;0;0;2;1;23;B02
201000004044;0;33;0;0;2;1;17;A01
201000004045;0;15;0;0;0;8;13;A01
201000004046;0;2;0;0;6;7;14;A01
201000004047;0;2;0;0;2;1;6;A01
201000004047;0;7;0;0;2;8;15;B02
201000004048;0;7;0;0;2;2;19;A01
201000004048;0;2;0;0;2;1;1;B02
201000004049;0;7;0;2;0;3;1;A01
201000004050;0;7;0;0;2;3;2;A01
201000004050;0;7;0;0;2;1;1;B02
201000004051;0;10;0;6;0;1;1;A01
201000004052;0;7;0;0;0;6;15;A01
201000004052;0;33;0;0;2;1;1;B02
201000004053;0;7;0;0;0;6;13;A01
201000004053;0;7;0;0;0;1;1;B02
201000004054;0;30;0;1;0;1;1;B02
201000004054;0;7;0;0;2;3;22;A01
201000004055;0;30;0;1;2;1;17;A01
201000004055;0;7;0;0;2;3;15;B02
201000004056;0;7;0;13;6;1;1;A01
201000004057;0;7;0;2;0;3;1;A01
201000004058;0;7;0;13;0;6;1;A01
201000004059;0;10;0;0;2;3;1;B02
201000004059;0;7;0;0;2;3;1;A01
201000004060;0;7;0;0;2;7;15;A01
201000004060;0;3;0;0;2;1;1;B02
201000004061;0;7;0;0;2;1;17;A01
201000004061;0;7;0;0;2;6;13;B02
201000004062;0;10;0;6;0;5;14;A01
201000004063;0;7;0;0;2;2;15;A01
201000004063;0;2;0;0;2;1;1;B02
201000004064;0;15;0;0;0;5;2;B02
201000004064;0;7;0;0;2;3;2;A01
201000004065;0;2;0;0;2;1;1;B02
201000004065;0;7;0;0;2;1;15;A01
201000004066;0;7;0;0;1;3;9;A01
201000004067;0;14;0;0;2;5;14;A01
201000004067;0;1;0;0;2;0;0;B02
201000004068;0;7;0;0;0;8;19;B02
201000004068;0;7;0;0;2;1;1;A01
201000004069;0;1;0;0;0;4;2;D04
201000004069;0;1;0;0;0;4;2;B02
201000004069;0;7;0;0;9;1;2;A01
201000004069;0;1;0;0;0;4;2;C03
201000004070;0;7;0;0;0;7;15;A01
201000004070;0;7;0;0;2;1;23;C03
201000004070;0;33;0;0;2;1;1;B02
201000004071;0;7;0;0;0;2;13;A01
201000004071;0;7;0;0;2;1;1;B02
201000004072;0;7;0;0;0;4;15;C03
201000004072;0;7;0;0;2;1;1;A01
201000004072;0;7;0;0;2;4;1;B02
201000004073;0;10;0;0;1;7;1;A01
201000004074;0;30;0;0;1;2;17;A01
201000004075;0;33;0;0;2;1;1;C03
201000004075;0;33;0;0;2;1;17;A01
201000004075;0;7;0;0;2;8;15;B02
201000004076;0;7;0;0;9;1;14;A01
201000004076;0;1;0;0;2;1;1;C03
201000004076;0;1;0;6;2;1;1;B02
201000004077;0;10;0;0;0;6;15;A01
201000004077;0;30;0;0;2;1;17;B02
201000004078;0;33;0;0;0;1;17;A01
201000004079;0;7;0;0;1;3;1;A01
201000004080;0;10;0;0;2;2;1;A01
201000004080;0;2;0;0;2;1;15;B02
201000004081;0;7;0;0;2;7;15;A01
201000004081;0;30;0;0;2;1;1;B02
201000004082;0;7;0;0;2;7;5;A01
201000004082;0;7;0;0;2;1;1;B02
201000004083;0;10;0;0;2;1;1;A01
201000004083;0;10;0;0;0;0;0;C03
201000004083;0;7;0;0;2;4;1;B02
201000004084;0;7;0;0;2;3;13;B02
201000004085;0;30;0;0;2;7;1;A01
201000004085;0;7;0;0;2;7;1;B02
201000004086;0;33;0;7;0;7;0;A01
201000004087;0;7;0;0;2;2;15;A01
201000004087;0;34;0;0;2;1;1;B02
201000004088;0;7;0;0;2;2;11;A01
201000004089;0;33;0;9;0;1;1;A01
201000004090;0;10;0;0;2;1;15;B02
201000004090;0;10;0;0;2;8;1;A01
201000004091;0;2;0;0;2;7;1;B02
201000004091;0;7;0;0;2;1;15;A01
201000004092;0;2;0;0;2;1;1;A01
201000004092;0;7;0;0;2;3;15;B02
201000004093;0;30;0;0;2;1;1;B02
201000004093;0;7;0;0;2;7;15;A01
201000004094;0;7;0;0;2;2;15;A01
201000004094;0;7;0;0;2;3;1;B02
201000004095;0;30;0;0;2;5;1;B02
201000004095;0;7;0;0;2;3;9;A01
201000004096;0;30;0;0;1;1;17;A01
201000004096;0;99;0;0;2;8;19;C03
201000004097;0;7;0;2;0;7;1;A01
201000004098;0;33;0;0;0;0;1;A01
201000004099;0;7;0;2;0;2;1;A01
201000004100;0;10;0;0;2;4;1;A01
201000004100;0;30;0;0;2;1;1;B02
201000004101;0;7;0;0;2;3;13;A01
201000004101;0;7;0;0;2;3;1;B02
201000004102;0;7;0;0;1;2;0;A01
201000004103;1;7;0;0;1;2;2;A01
201000004104;0;33;0;0;2;1;17;A01
201000004104;0;7;0;0;2;3;15;B02
201000004105;0;2;0;0;2;8;19;A01
201000004106;0;33;0;0;2;8;15;B02
201000004106;0;7;0;0;2;2;1;A01
201000004107;0;30;0;0;2;1;1;A01
201000004107;0;7;0;0;2;3;20;B02
201000004108;0;10;0;0;2;1;1;B02
201000004108;0;7;0;0;2;8;1;A01
201000004109;0;7;0;0;2;5;11;A01
201000004109;0;31;0;0;2;1;1;B02
201000004110;0;7;0;0;1;3;15;A01
201000004111;0;7;0;4;0;3;13;A01
201000004112;0;7;0;0;2;8;1;B02
201000004112;0;7;0;0;2;1;1;A01
201000004112;0;7;0;0;2;4;15;C03
201000004113;0;7;0;0;1;1;1;A01
201000004114;0;7;0;0;0;8;19;B02
201000004114;0;7;0;0;2;1;1;A01
201000004115;0;7;0;0;2;5;23;B02
201000004115;0;7;0;0;2;3;2;A01