num_acc;senc;catv;occutc;obs;obsm;choc;manv;num_veh
201000004116;0;7;0;0;2;1;1;A01
201000004116;0;7;0;0;2;2;13;B02
201000004117;0;7;0;0;0;0;1;A01
201000004117;0;30;0;0;2;1;1;B02
201000004118;0;33;0;0;0;0;1;A01
201000004119;0;1;0;0;2;2;23;B02
201000004119;0;7;0;0;9;7;1;A01
201000004120;0;10;0;0;2;1;13;A01
201000004120;0;33;0;0;2;1;1;B02
201000004121;0;7;0;0;2;6;9;A01
201000004121;0;33;0;0;2;1;12;B02
201000004122;0;7;0;0;2;5;1;B02
201000004122;0;7;0;0;2;1;15;A01
201000004123;0;7;0;0;2;1;15;A01
201000004123;0;33;0;0;2;1;1;B02
201000004124;0;7;0;0;2;8;15;A01
201000004124;0;33;0;0;2;2;17;B02
201000004125;0;33;0;12;0;7;1;A01
201000004126;0;7;0;0;1;3;1;A01
201000004127;0;7;0;0;2;3;1;A01
201000004127;0;7;0;0;2;3;1;B02
201000004128;0;30;0;0;2;5;1;A01
201000004128;1;7;0;0;2;1;9;B02
201000004129;0;7;0;0;2;6;15;A01
201000004129;0;33;0;0;2;1;1;B02
201000004130;0;33;0;0;2;7;23;A01
201000004130;1;7;0;0;2;4;4;B02
201000004131;0;33;0;0;2;1;1;B02
201000004131;0;7;0;0;2;3;19;A01
201000004132;0;7;0;6;0;2;1;A01
201000004133;0;7;0;0;2;3;15;B02
201000004133;0;7;0;0;2;6;1;C03
201000004133;0;31;0;0;2;1;1;A01
201000004134;0;7;0;0;1;2;17;A01
201000004135;0;7;0;13;0;2;1;A01
201000004136;0;14;0;0;2;1;1;B02
201000004136;0;14;0;0;2;2;15;A01
201000004137;0;7;0;0;2;2;15;A01
201000004137;0;33;0;0;2;1;1;B02
201000004138;0;33;0;0;2;1;1;B02
201000004138;0;7;0;0;2;3;15;A01
201000004139;0;10;0;0;1;1;1;A01
201000004140;0;10;0;0;2;3;1;B02
201000004140;0;7;0;0;2;2;5;A01
201000004141;0;33;0;0;2;1;1;B02
201000004141;0;7;0;0;2;3;9;A01
201000004142;0;2;0;0;2;8;1;B02
201000004142;0;7;0;0;2;2;2;A01
201000004143;0;99;0;2;0;1;1;A01
201000004144;0;7;0;0;2;4;2;B02
201000004144;0;10;0;0;2;4;2;C03
201000004144;0;7;0;0;2;1;2;A01
201000004145;0;30;0;0;2;7;23;B02
201000004145;0;7;0;0;2;1;17;A01
201000004146;0;7;0;0;2;2;1;A01
201000004146;0;1;0;0;2;1;1;B02
201000004147;0;7;0;0;2;5;13;A01
201000004147;0;7;0;0;2;1;1;B02
201000004148;0;7;0;0;2;5;1;A01
201000004148;0;30;0;0;2;1;1;B02
201000004149;0;7;0;0;2;3;13;A01
201000004149;0;30;0;0;2;1;1;B02
201000004150;0;13;0;0;2;1;1;A01
201000004150;0;10;0;0;2;1;1;B02
201000004151;0;7;0;13;0;9;1;A01
201000004152;0;7;0;13;0;2;1;A01
201000004153;0;7;0;0;2;2;15;A01
201000004153;0;31;0;0;2;1;1;B02
201000004154;0;17;0;0;0;2;1;A01
201000004155;0;7;0;0;1;2;1;A01
201000004156;0;7;0;0;1;1;13;A01
201000004157;0;7;0;0;0;0;0;A01
201000004157;0;17;0;0;0;4;2;B02
201000004158;0;7;0;0;2;2;15;A01
201000004158;0;30;0;0;2;1;1;B02
201000004159;0;7;0;8;0;2;1;A01
201000004160;0;7;0;0;2;1;13;A01
201000004160;0;7;0;0;2;1;1;B02
201000004161;0;7;0;0;2;1;1;A01
201000004161;0;7;0;0;2;1;1;B02
201000004162;0;7;0;10;0;2;0;A01
201000004163;0;7;0;0;2;8;19;A01
201000004163;0;7;0;0;2;1;1;B02
201000004164;0;7;0;2;0;9;13;A01
201000004165;0;7;0;0;2;8;10;A01
201000004165;0;33;0;0;2;1;17;B02
201000004166;0;10;0;2;0;7;1;A01
201000004167;0;7;0;6;0;1;1;A01
201000004168;0;7;0;0;2;5;23;A01
201000004168;0;2;0;0;2;1;2;B02
201000004169;0;30;0;0;2;1;13;A01
201000004169;0;7;0;0;2;3;1;B02
201000004170;0;7;0;0;0;3;13;A01
201000004170;0;7;0;0;0;8;1;B02
201000004171;0;1;0;0;2;8;19;B02
201000004171;1;7;0;0;2;1;16;A01
201000004172;0;30;0;0;2;6;13;A01
201000004172;0;7;0;0;2;2;17;B02
201000004173;0;33;0;0;2;1;1;A01
201000004173;0;7;0;0;2;6;15;B02
201000004174;0;33;0;0;0;1;1;B02
201000004174;0;7;0;0;0;1;15;A01
201000004175;0;33;0;0;2;1;1;B02
201000004175;0;7;0;0;2;7;15;A01
201000004176;0;7;0;0;2;2;1;B02
201000004176;0;7;0;0;2;3;19;A01
201000004177;0;7;0;6;0;8;1;A01
201000004178;0;7;0;0;1;7;1;A01
201000004179;0;7;0;0;0;5;13;A01
201000004179;0;1;0;0;0;8;0;B02
201000004180;0;7;0;2;0;1;1;A01
201000004181;0;10;0;0;2;3;10;A01
201000004181;0;10;0;0;2;1;1;B02
201000004182;0;7;0;0;2;1;1;B02
201000004182;0;7;0;0;2;2;15;A01
201000004183;0;33;0;0;2;1;1;B02
201000004183;0;7;0;0;2;3;10;A01
201000004184;0;13;0;0;2;5;1;A01
201000004184;0;7;0;0;2;3;1;B02
201000004185;0;7;0;0;2;1;13;A01
201000004185;0;7;0;0;2;1;1;B02
201000004186;0;34;0;0;2;2;17;A01
201000004186;0;3;0;0;2;3;15;B02
201000004187;0;7;0;2;0;5;6;A01
201000004188;0;1;0;0;0;0;0;A01
201000004189;0;7;0;8;0;7;1;A01
201000004190;0;7;0;0;2;2;15;A01
201000004190;0;33;0;0;2;1;1;B02
201000004191;0;33;0;0;2;2;1;A01
201000004191;0;33;0;0;2;1;15;B02
201000004192;0;99;0;0;2;4;2;B02
201000004192;0;10;0;0;1;3;1;A01
201000004193;0;7;0;15;0;9;2;A01
201000004194;0;10;0;13;0;1;1;A01
201000004195;0;7;0;8;0;7;14;A01
201000004196;0;33;0;0;0;7;2;A01
201000004197;0;7;0;0;2;1;1;A01
201000004197;0;7;0;0;2;1;1;B02
201000004198;0;7;0;0;2;1;2;A01
201000004198;0;1;0;0;0;4;13;B02
201000004199;0;7;0;0;2;2;19;A01
201000004199;0;33;0;0;2;1;1;B02
201000004200;0;30;0;0;0;3;13;A01
201000004201;0;7;0;0;0;6;23;A01
201000004201;0;33;0;14;0;9;1;B02
201000004202;0;30;0;8;0;1;1;A01
201000004203;0;7;0;0;2;3;13;A01
201000004203;0;7;0;0;2;3;1;B02
201000004204;0;10;0;0;2;3;1;B02
201000004204;0;10;0;0;2;3;13;A01
201000004205;0;7;0;14;0;9;1;A01
201000004206;0;10;0;2;0;1;1;A01
201000004207;0;7;0;0;1;2;1;A01
201000004207;0;99;0;0;2;7;19;B02
201000004208;0;1;0;6;0;0;1;A01
201000004209;0;7;0;0;0;0;1;A01
201000004210;0;31;0;0;2;1;19;A01
201000004210;0;7;0;0;2;6;1;B02
201000004211;0;7;0;0;2;5;11;A01
201000004211;0;33;0;0;2;1;3;B02
201000004212;0;7;0;0;2;1;15;A01
201000004212;0;32;0;0;2;1;6;B02
201000004213;0;7;0;0;2;3;1;A01
201000004213;0;7;0;0;2;1;1;B02
201000004214;0;33;0;0;2;4;1;B02
201000004214;0;7;0;0;2;1;1;A01
201000004215;0;7;0;0;1;3;0;A01
201000004216;0;7;0;0;2;3;15;A01
201000004216;0;31;0;0;2;7;17;B02
201000004217;0;7;0;2;0;2;1;A01
201000004218;0;10;0;0;2;8;1;A01
201000004218;0;30;0;0;2;1;1;B02
201000004219;0;2;0;12;0;1;1;A01
201000004220;0;30;0;8;0;1;1;A01
201000004221;0;10;0;0;2;3;15;A01
201000004221;0;33;0;0;2;1;1;B02
201000004222;0;10;0;0;2;1;1;B02
201000004222;0;7;0;0;2;1;13;A01
201000004223;0;1;0;0;2;4;2;B02
201000004223;0;7;0;0;2;8;1;C03
201000004223;0;7;0;0;2;2;2;A01
201000004224;0;7;0;2;0;3;1;A01
201000004225;0;7;0;2;0;1;13;A01
201000004226;0;7;0;2;0;2;1;A01
201000004227;0;33;0;0;0;0;1;A01
201000004228;0;7;0;0;2;1;13;A01
201000004228;0;7;0;0;2;1;1;B02
201000004229;0;7;0;0;2;1;13;B02
201000004229;0;10;0;0;2;1;1;A01
201000004230;0;2;0;0;2;7;0;A01
201000004230;0;7;0;0;2;1;1;B02
201000004231;0;7;0;0;2;8;22;A01
201000004231;0;2;0;1;0;1;1;B02
201000004232;0;33;0;8;0;1;1;A01
201000004233;0;7;0;0;6;1;1;A01
201000004234;0;7;0;13;0;1;1;A01
201000004235;0;7;0;0;2;2;1;B02
201000004235;0;30;0;0;2;8;1;A01
201000004236;0;1;0;0;2;1;1;B02
201000004236;0;14;0;0;9;8;1;A01
201000004237;0;2;0;12;0;8;2;A01
201000004238;0;7;0;8;0;2;1;A01
201000004239;0;7;0;2;0;2;1;A01
201000004240;0;7;0;0;1;4;4;A01
201000004241;0;7;0;0;1;3;20;A01
201000004242;0;7;0;0;2;1;19;A01
201000004242;0;2;0;0;2;7;1;B02
201000004243;0;7;0;0;2;3;1;A01
201000004243;0;30;0;0;2;1;19;B02
201000004244;0;33;0;0;2;1;1;A01
201000004244;0;7;0;0;2;3;15;B02
201000004245;0;7;0;0;2;1;5;A01
201000004245;0;7;0;0;2;1;1;B02
201000004246;0;7;0;0;2;1;19;A01
201000004246;0;7;0;0;2;8;2;B02
201000004247;0;1;0;0;2;8;1;B02
201000004247;0;10;0;0;2;7;17;A01
201000004248;0;7;0;0;2;1;9;A01
201000004248;0;33;0;0;2;2;1;B02
201000004249;0;7;0;0;2;8;15;A01
201000004249;0;33;0;0;2;1;17;B02
201000004250;0;7;0;0;1;3;1;A01
201000004251;0;17;0;0;1;2;1;A01
201000004252;0;7;0;0;2;3;1;A01
201000004252;0;7;0;0;2;2;15;B02
201000004253;0;7;0;0;2;3;9;A01
201000004253;0;30;0;0;2;1;1;B02
201000004254;0;30;0;0;2;7;17;A01
201000004254;0;10;0;0;2;3;15;B02
201000004255;0;38;0;0;2;3;13;A01
201000004255;0;7;0;0;2;3;1;B02
201000004255;0;7;0;0;2;3;1;C03
201000004256;0;14;0;0;2;1;2;B02
201000004256;0;14;0;0;2;4;2;A01
201000004257;0;2;0;0;2;7;19;A01
201000004257;0;7;0;0;2;1;1;B02
201000004258;0;7;0;13;0;3;1;A01
201000004259;0;7;0;15;0;1;0;A01
201000004260;0;7;0;0;0;0;15;B02
201000004260;0;33;0;6;0;1;21;A01
201000004261;0;7;0;0;5;1;1;A01
201000004262;0;7;0;1;0;8;1;A01
201000004263;0;7;0;0;2;3;19;A01
201000004263;0;10;0;0;2;2;21;B02
201000004264;0;7;0;0;1;1;1;A01
201000004265;0;7;0;0;2;1;1;A01
201000004265;0;7;0;0;2;3;1;B02
201000004266;0;17;0;0;2;3;1;B02
201000004266;0;7;0;0;2;3;13;A01
201000004267;0;7;0;13;0;3;1;A01
201000004268;0;2;0;0;2;2;17;A01
201000004268;0;7;0;0;9;3;15;B02
201000004269;0;33;0;16;0;2;1;A01
201000004270;0;7;0;0;0;0;13;A01
201000004270;0;1;0;0;0;0;1;B02
201000004271;0;7;0;0;2;1;1;B02
201000004271;0;7;0;0;2;7;17;A01
201000004272;0;7;0;0;2;1;13;A01
201000004272;0;7;0;0;2;2;1;B02
201000004273;0;7;0;13;0;1;1;A01
201000004274;0;33;0;0;2;1;1;A01
201000004274;0;7;0;0;2;5;15;B02
201000004275;0;7;0;16;0;9;1;A01
201000004276;0;7;0;6;0;1;1;A01
201000004277;0;7;0;0;2;1;1;B02
201000004277;0;7;0;0;0;0;0;A01
201000004278;0;7;0;0;1;3;1;A01
201000004279;0;7;0;0;2;6;10;A01
201000004279;0;17;0;0;2;3;1;B02
201000004280;0;7;0;0;1;2;1;A01
201000004281;0;7;0;0;2;3;1;A01
201000004281;0;7;0;0;2;3;1;B02
201000004282;0;7;0;13;0;7;1;A01
201000004283;0;7;0;0;2;1;1;A01
201000004283;0;7;0;0;2;8;15;B02
201000004284;0;7;0;0;1;1;1;A01
201000004285;0;7;0;0;2;8;15;A01
201000004285;0;7;0;0;2;1;1;B02
201000004286;0;21;0;0;2;3;1;B02
201000004286;0;7;0;0;2;1;13;A01
201000004287;0;30;0;0;0;7;1;A01
201000004287;0;10;0;0;0;1;15;B02
201000004288;0;17;0;0;2;2;15;B02
201000004288;0;7;0;0;2;2;1;A01
201000004289;0;10;0;0;1;4;4;A01
201000004290;0;33;0;12;0;7;14;A01
201000004291;0;14;0;3;2;1;1;B02
201000004291;0;14;0;8;2;9;19;A01
201000004292;0;7;0;0;2;3;13;A01
201000004292;0;7;0;0;2;3;21;B02
201000004293;0;7;0;2;0;0;1;A01
201000004293;0;7;0;14;0;1;1;B02
201000004294;0;33;0;0;2;1;1;A01
201000004294;0;15;0;0;2;1;1;B02
201000004295;0;7;0;15;0;1;1;A01
201000004296;0;7;0;0;2;1;1;B02
201000004297;0;7;0;0;2;7;23;A01
201000004297;0;7;0;0;2;2;1;B02
201000004298;0;17;0;0;0;8;1;A01
201000004299;0;7;0;13;0;1;14;A01
201000004300;0;2;0;0;2;1;16;A01
201000004300;0;14;0;0;2;6;1;B02
201000004301;0;7;0;0;2;3;1;A01
201000004301;0;7;0;0;2;1;1;B02
201000004302;0;7;0;2;0;9;14;A01
201000004303;0;7;0;13;0;1;1;A01
201000004304;0;7;0;0;2;7;19;A01
201000004304;0;7;0;0;2;1;1;B02
201000004305;0;33;0;13;0;8;1;A01
201000004305;0;33;0;13;0;9;2;B02
201000004305;0;33;0;13;0;8;2;C03
201000004306;0;10;0;13;0;1;1;A01
201000004307;0;7;0;13;0;3;1;A01
201000004308;0;31;0;0;0;1;13;A01
201000004309;1;7;0;0;1;3;1;A01
201000004310;0;36;0;0;2;8;10;A01
201000004310;0;33;0;0;2;1;17;B02
201000004311;0;33;0;0;2;1;1;B02
201000004311;0;7;0;0;2;3;15;A01
201000004312;0;35;0;13;0;1;1;A01
201000004313;0;33;0;0;2;3;1;B02
201000004313;0;7;0;0;2;3;17;A01
201000004314;0;30;0;0;2;1;13;A01
201000004314;0;1;0;0;2;6;1;B02
201000004315;0;7;0;6;0;1;1;A01
201000004316;0;7;0;6;0;8;1;A01
201000004317;0;7;0;0;2;2;13;A01
201000004317;0;7;0;0;2;1;1;B02
201000004318;1;7;0;0;9;3;1;A01
201000004318;0;1;0;0;2;0;1;B02
201000004319;0;7;0;0;2;2;19;A01
201000004319;0;30;0;0;2;3;1;B02
201000004320;0;36;0;6;0;1;16;A01
201000004321;0;7;0;15;0;1;13;A01
201000004322;0;7;0;0;0;0;1;A01
201000004323;0;7;0;0;2;2;1;A01
201000004323;0;2;0;0;0;4;23;B02
201000004324;0;33;0;0;2;8;15;B02
201000004324;0;33;0;0;2;1;17;A01
201000004325;0;7;0;2;0;9;1;A01
201000004326;0;7;0;16;0;9;1;A01
201000004327;0;7;0;0;2;3;16;B02
201000004327;0;7;0;0;2;2;17;A01
201000004328;0;7;0;0;2;3;1;A01
201000004328;0;10;0;0;2;3;1;B02
201000004329;0;7;0;0;2;2;1;A01
201000004329;0;7;0;0;2;5;10;B02
201000004330;0;10;0;0;2;7;1;A01
201000004330;0;20;0;0;2;3;1;B02
201000004331;0;30;0;0;2;1;17;A01
201000004331;0;7;0;0;2;3;1;B02
201000004332;0;7;0;0;1;1;16;A01
201000004333;0;33;0;0;2;1;1;A01
201000004333;0;20;0;0;9;6;19;B02
201000004334;0;33;0;0;2;1;1;B02
201000004334;0;7;0;0;2;2;15;A01
201000004335;0;7;0;0;2;3;13;A01
201000004335;0;30;0;0;2;1;1;B02
201000004336;0;33;0;0;2;1;17;B02
201000004336;0;7;0;0;2;8;15;A01
201000004337;0;10;0;0;2;3;1;B02
201000004337;0;7;0;0;2;3;13;A01
201000004338;0;7;0;0;2;3;19;A01
201000004338;0;7;0;0;2;1;1;B02
201000004339;0;7;0;0;2;7;15;A01
201000004339;0;7;0;0;2;3;1;B02
201000004340;0;7;0;0;2;1;1;A01
201000004340;0;7;0;0;2;7;1;B02
201000004341;0;33;0;0;2;1;1;A01
201000004341;0;7;0;0;2;8;15;B02
201000004342;0;7;0;10;0;1;1;A01
201000004343;0;7;0;0;2;2;1;A01
201000004343;0;2;0;0;2;1;1;B02
201000004344;0;99;0;16;0;9;14;A01
201000004345;0;7;0;0;0;3;19;B02
201000004345;0;7;0;0;0;1;1;A01
201000004346;0;15;0;0;2;2;1;B02
201000004346;0;7;0;0;2;3;9;A01
201000004347;0;7;0;0;2;3;17;B02
201000004347;0;30;0;0;2;3;1;A01
201000004348;0;7;0;0;2;3;19;A01
201000004348;0;7;0;0;2;1;0;B02
201000004349;0;7;0;0;2;2;6;A01
201000004349;0;7;0;0;2;2;21;B02
201000004350;0;30;0;0;0;4;1;A01
201000004350;0;30;0;0;0;1;1;B02
201000004351;0;7;0;0;2;6;1;B02
201000004351;0;7;0;0;2;1;1;C03
201000004351;0;7;0;0;2;1;13;A01
201000004352;0;30;0;9;0;1;1;A01
201000004353;0;10;0;0;2;1;1;A01
201000004353;0;7;0;0;2;8;19;B02
201000004354;0;7;0;13;0;5;23;A01
201000004354;0;7;0;0;2;2;1;B02
201000004355;0;33;0;0;2;1;1;A01
201000004355;0;7;0;0;2;3;19;B02
201000004356;0;7;0;0;0;0;15;C03
201000004356;0;7;0;0;2;3;1;B02
201000004356;0;7;0;0;2;6;21;A01
201000004357;0;7;0;0;2;3;1;A01
201000004357;0;7;0;0;2;3;1;B02
201000004358;0;7;0;0;2;3;13;A01
201000004358;0;7;0;0;2;3;1;B02
201000004359;0;7;0;0;2;1;0;B02
201000004359;0;7;0;0;2;4;13;A01
201000004360;0;10;0;0;2;1;13;A01
201000004360;0;10;0;0;2;1;1;B02
201000004361;0;7;0;13;0;3;1;A01
201000004362;0;7;0;0;0;3;1;A01
201000004363;0;7;0;0;0;1;1;A01
201000004363;0;2;0;0;2;7;15;B02
201000004364;0;33;0;0;2;1;1;B02
201000004364;0;7;0;0;2;7;19;A01
201000004365;0;7;0;0;1;6;4;A01
201000004366;0;7;0;0;2;1;5;A01
201000004366;0;7;0;0;2;1;1;B02
201000004367;0;2;0;0;2;3;10;A01
201000004367;0;7;0;0;2;2;17;B02
201000004368;0;1;0;0;0;1;1;B02
201000004368;0;7;0;0;9;3;1;A01
201000004369;0;7;0;6;2;2;1;A01
201000004369;0;7;0;0;2;1;1;B02
201000004370;0;7;0;0;2;1;19;B02
201000004370;0;7;0;8;2;3;1;A01
201000004371;0;7;0;6;0;8;16;A01
201000004372;0;14;0;0;2;1;1;A01
201000004372;0;7;0;0;2;1;17;B02
201000004373;0;7;0;0;2;2;1;B02
201000004373;0;7;0;0;2;2;15;A01
201000004373;0;7;0;0;2;8;23;C03
201000004374;0;30;0;0;2;1;1;B02
201000004374;0;7;0;0;2;2;15;A01
201000004375;0;33;0;2;0;1;1;A01
201000004376;0;7;0;0;2;3;1;A01
201000004376;0;7;0;0;0;0;0;B02
201000004377;0;31;0;0;0;0;1;A01
201000004378;0;7;0;2;0;1;0;A01
201000004379;0;30;0;0;2;1;17;A01
201000004379;0;7;0;0;0;8;15;B02
201000004380;0;14;0;0;2;1;1;B02
201000004380;0;7;0;0;2;1;19;A01
201000004381;0;33;0;0;2;8;17;A01
201000004381;0;7;0;0;2;8;1;B02
201000004382;0;30;0;0;2;1;1;A01
201000004382;0;7;0;0;2;3;19;B02
201000004383;0;7;0;0;2;9;2;B02
201000004383;0;7;0;0;2;1;19;A01
201000004384;0;7;0;1;0;2;1;A01
201000004385;0;2;0;13;0;1;1;A01
201000004386;0;31;0;0;2;1;13;B02
201000004386;0;10;0;0;2;3;1;A01
201000004387;0;7;0;2;0;1;1;A01
201000004388;0;7;0;0;2;1;1;A01
201000004388;0;10;0;0;2;8;1;B02
201000004389;0;7;0;6;0;8;1;A01
201000004390;0;7;0;0;2;6;1;A01
201000004390;0;2;0;1;0;2;1;B02
201000004391;0;33;0;0;0;1;1;B02
201000004391;0;7;0;0;0;2;15;A01
201000004392;0;31;0;12;0;1;1;A01
201000004393;0;10;0;0;9;4;4;A01
201000004393;0;1;0;0;2;7;1;B02
201000004394;0;7;0;0;2;8;1;A01
201000004394;0;1;0;0;2;1;1;B02
201000004395;0;7;0;0;1;2;1;A01
201000004396;0;7;0;0;2;3;15;A01
201000004396;0;33;0;0;2;1;1;B02
201000004397;0;7;0;0;2;1;1;B02
201000004397;0;7;0;0;2;2;1;A01
201000004398;0;7;0;13;0;2;0;A01
201000004399;0;7;0;6;0;1;1;A01
201000004400;0;10;0;0;1;3;1;A01
201000004401;0;7;0;0;2;3;1;A01
201000004401;0;37;0;0;2;3;1;B02
201000004402;0;3;0;0;2;3;1;B02
201000004402;0;7;0;0;2;3;1;A01
201000004403;0;2;0;0;2;7;1;B02
201000004403;0;7;0;0;2;3;1;A01
201000004404;2;7;0;0;2;3;17;B02
201000004404;0;31;0;0;2;4;15;A01
201000004405;0;7;0;4;0;1;13;A01
201000004406;0;7;0;13;0;3;1;A01
201000004407;0;7;0;13;0;9;13;A01
201000004408;0;7;0;13;0;1;1;A01
201000004409;0;99;0;6;0;1;14;A01
201000004410;0;7;0;16;0;1;13;A01
201000004411;0;7;0;8;0;8;0;A01
201000004412;0;3;0;13;0;1;14;A01
201000004413;0;7;0;0;2;1;1;A01
201000004413;0;2;0;0;2;1;13;B02
201000004414;0;7;0;0;2;2;1;B02
201000004414;0;7;0;0;2;3;13;A01
201000004415;0;7;0;0;2;3;15;A01
201000004415;0;10;0;0;2;1;0;B02
201000004416;0;2;0;0;2;1;13;A01
201000004416;0;7;0;0;2;0;21;B02
201000004417;0;7;0;2;0;8;14;A01
201000004418;0;21;0;0;2;4;2;A01
201000004418;0;30;0;0;2;1;2;B02
201000004419;0;33;0;13;0;3;1;A01
201000004420;0;7;0;0;0;2;17;A01
201000004421;0;7;0;13;0;1;13;A01
201000004422;0;1;0;0;2;1;0;B02
201000004422;0;7;0;0;9;2;1;A01
201000004423;0;10;0;0;1;4;20;A01
201000004424;0;7;0;10;0;2;1;A01
201000004425;0;7;0;0;2;3;1;B02
201000004425;0;7;0;0;2;3;1;A01
201000004426;0;10;0;2;0;1;1;A01
201000004427;0;7;0;0;2;2;9;A01
201000004427;0;7;0;0;2;3;1;B02
201000004428;0;33;0;16;0;1;1;A01
201000004429;1;33;0;0;1;0;1;A01
201000004430;0;7;0;0;2;1;1;B02
201000004430;0;7;0;0;2;9;1;A01
201000004431;0;7;0;0;2;1;13;B02
201000004431;0;7;0;0;2;1;1;A01
201000004432;0;7;0;0;2;4;1;B02
201000004432;0;7;0;6;2;1;1;A01
201000004433;0;30;0;0;2;4;2;B02
201000004433;0;7;0;0;2;2;2;A01
201000004434;0;7;0;0;2;1;1;B02
201000004434;0;7;0;0;2;7;15;A01
201000004435;0;7;0;13;0;2;14;A01
201000004436;0;33;0;0;0;0;0;A01
201000004437;0;7;0;0;2;6;15;B02
201000004437;0;7;0;0;2;1;1;A01
201000004438;0;33;0;0;0;1;0;A01
201000004439;0;7;0;9;2;1;14;A01
201000004439;0;7;0;0;0;3;0;B02
201000004440;0;7;0;0;2;1;9;A01
201000004440;0;31;0;0;2;7;1;B02
201000004441;0;7;0;0;2;3;19;A01
201000004441;0;33;0;0;2;2;1;B02
201000004442;0;30;0;0;0;1;21;A01
201000004443;0;31;0;0;2;3;13;A01
201000004443;0;7;0;0;2;2;1;C03
201000004443;0;7;0;0;2;3;1;B02
201000004444;0;7;0;12;0;2;1;A01
201000004445;0;30;0;0;0;1;1;A01
201000004446;0;15;0;0;0;6;20;A01
201000004446;0;7;0;0;2;1;1;B02
201000004447;0;7;0;6;0;2;1;A01
201000004448;0;7;0;0;2;1;1;B02
201000004448;0;7;0;0;2;8;19;A01
201000004449;0;7;0;0;0;5;23;B02
201000004449;0;10;0;0;2;1;23;C03
201000004449;0;7;0;0;0;3;2;A01
201000004450;0;7;0;0;0;5;23;C03
201000004450;0;7;0;0;0;3;2;A01
201000004450;0;7;0;0;2;2;0;B02
201000004451;0;3;0;0;2;3;13;A01
201000004451;0;10;0;0;2;3;1;B02
201000004452;0;33;0;0;2;1;13;A01
201000004452;0;7;0;0;2;1;1;B02
201000004453;0;7;0;2;0;1;1;A01
201000004454;0;7;0;2;0;3;1;A01
201000004455;0;7;0;0;0;3;13;A01
201000004455;0;7;0;0;2;3;1;B02
201000004456;0;7;0;0;2;2;13;A01
201000004456;0;1;0;0;2;1;1;B02
201000004457;0;10;0;0;2;1;1;A01
201000004457;0;7;0;0;2;3;1;B02
201000004458;0;7;0;0;2;3;13;A01
201000004458;0;7;0;0;2;3;1;B02
201000004459;0;7;0;1;0;1;1;A01
201000004460;0;33;0;0;2;1;1;B02
201000004460;0;10;0;0;2;3;19;A01
201000004461;0;7;0;0;2;3;1;B02
201000004461;0;14;0;0;0;5;1;A01
201000004462;0;14;0;0;2;3;1;B02
201000004462;0;7;0;0;2;3;1;A01
201000004463;0;7;0;2;0;1;1;A01
201000004464;0;7;0;2;0;7;19;A01
201000004465;0;7;0;0;2;1;1;B02
201000004465;0;7;0;0;2;1;5;A01
201000004466;0;7;0;13;0;4;19;A01
201000004467;0;17;0;0;2;1;13;A01
201000004467;0;7;0;8;2;1;1;C03
201000004467;0;10;0;0;2;3;1;B02
201000004468;0;33;0;0;2;1;1;A01
201000004468;0;7;0;0;0;2;1;B02
201000004469;0;7;0;15;0;1;1;A01
201000004470;0;7;0;0;2;3;1;B02
201000004470;0;7;0;0;2;3;1;A01
201000004471;0;7;0;0;0;9;1;A01
201000004472;0;17;0;0;2;8;1;B02
201000004472;0;7;0;6;2;9;1;A01
201000004473;0;21;0;0;2;6;1;A01
201000004473;0;30;0;0;2;1;1;B02
201000004474;0;7;0;2;0;8;13;A01
201000004475;0;7;0;0;2;3;15;A01
201000004475;0;2;0;0;2;1;1;B02
201000004476;0;7;0;0;2;1;13;A01
201000004476;0;10;0;0;2;1;1;B02
201000004477;0;7;0;2;2;3;1;A01
201000004477;0;17;0;0;2;3;1;B02
201000004478;0;7;0;0;2;2;1;A01
201000004478;0;30;0;0;2;3;19;B02
201000004479;0;7;0;0;2;3;0;B02
201000004479;0;7;0;0;2;3;1;A01
201000004480;0;7;0;0;2;3;17;B02
201000004480;0;7;0;0;0;0;1;C03
201000004480;0;33;0;0;2;2;17;A01
201000004481;0;17;0;13;0;9;13;A01
201000004482;0;7;0;0;2;1;1;C03
201000004482;0;7;0;0;2;3;1;A01
201000004482;0;7;0;0;2;3;17;B02
201000004483;0;36;0;13;0;5;21;A01
201000004484;0;7;0;0;1;1;18;A01
201000004485;0;7;0;0;2;6;15;A01
201000004485;0;7;0;0;2;2;17;B02
201000004486;0;7;0;0;2;3;17;A01
201000004486;0;30;0;0;2;8;1;B02
201000004487;0;7;0;2;0;5;13;A01
201000004488;0;7;0;6;0;1;1;A01
201000004489;0;30;0;0;2;3;13;A01
201000004489;0;7;0;0;2;3;1;B02
201000004490;0;33;0;0;0;8;1;A01
201000004491;0;7;0;0;2;6;15;B02
201000004491;0;33;0;0;2;1;2;A01
201000004492;0;31;0;8;0;1;0;A01
201000004493;0;7;0;0;2;7;19;A01
201000004493;0;7;0;0;2;1;1;B02
201000004494;0;33;0;6;0;1;1;A01
201000004495;0;2;0;0;2;1;1;A01
201000004495;0;2;0;0;2;1;1;B02
201000004496;0;7;0;0;2;3;13;A01
201000004496;0;7;0;0;2;2;1;B02
201000004497;0;33;0;12;0;8;0;A01
201000004498;0;30;0;0;0;0;1;A01