num_acc;senc;catv;occutc;obs;obsm;choc;manv;num_veh
201000004881;0;17;0;2;0;1;13;A01
201000004882;0;7;0;8;0;9;1;A01
201000004883;0;33;0;0;0;0;1;A01
201000004884;0;10;0;0;2;2;1;A01
201000004884;0;1;0;0;2;4;1;B02
201000004885;0;14;0;0;2;3;1;B02
201000004885;0;7;0;0;2;1;13;A01
201000004886;0;35;0;0;0;4;2;B02
201000004886;2;7;0;0;2;1;2;A01
201000004887;0;7;0;0;2;3;1;B02
201000004887;0;7;0;0;2;2;15;A01
201000004888;0;10;0;0;0;1;1;A01
201000004889;0;17;0;0;2;6;13;A01
201000004889;0;7;0;0;2;3;0;B02
201000004890;0;7;0;0;2;8;19;A01
201000004890;0;30;0;0;2;1;1;B02
201000004891;0;7;0;0;2;8;19;A01
201000004891;0;10;0;0;2;1;0;B01
201000004892;0;7;0;0;2;4;2;B01
201000004892;0;7;0;0;2;3;2;A01
201000004893;0;7;0;2;0;1;1;A01
201000004894;0;7;0;0;0;4;15;A01
201000004894;0;7;0;0;2;1;1;B02
201000004895;0;7;0;0;2;1;1;B02
201000004895;0;10;0;0;2;2;19;A01
201000004896;0;10;0;0;2;3;13;A01
201000004896;0;7;0;0;2;3;1;B02
201000004897;0;10;0;6;0;1;1;A01
201000004898;0;30;0;0;0;8;1;A01
201000004899;0;7;0;0;1;3;1;A01
201000004900;0;7;0;0;2;1;15;A01
201000004900;0;30;0;0;2;1;1;B02
201000004901;0;17;0;13;0;3;1;A01
201000004902;0;30;0;0;0;7;1;B02
201000004902;0;7;0;6;2;1;15;A01
201000004903;0;7;0;0;2;1;1;B02
201000004903;0;7;0;0;2;1;13;A01
201000004904;0;7;0;0;0;0;1;A01
201000004905;0;7;0;0;2;6;1;B02
201000004905;2;31;0;0;2;3;13;A01
201000004906;0;7;0;13;0;9;1;A01
201000004907;0;7;0;2;0;1;14;A01
201000004908;0;7;0;0;2;7;13;A01
201000004908;0;7;0;0;2;1;1;B02
201000004909;0;38;0;0;2;3;0;B01
201000004909;0;7;0;0;2;3;1;A01
201000004910;0;10;0;13;0;2;1;A01
201000004911;0;7;0;0;2;8;17;B02
201000004911;0;7;0;0;2;1;17;A01
201000004912;0;10;0;0;2;3;1;B02
201000004912;0;10;0;0;2;2;13;A01
201000004913;0;30;0;13;2;1;15;B02
201000004913;0;7;0;8;2;2;17;A01
201000004914;0;7;0;13;0;3;17;A01
201000004915;0;33;0;0;6;1;2;A01
201000004916;0;7;0;0;2;3;15;B02
201000004916;0;33;0;0;2;1;17;A01
201000004917;0;7;0;0;2;3;19;A01
201000004917;0;33;0;0;2;1;1;B02
201000004918;0;7;0;16;0;9;13;A01
201000004919;0;14;0;0;2;0;1;B01
201000004919;0;7;0;3;2;1;1;A01
201000004920;0;7;0;0;2;1;1;A01
201000004920;0;15;0;0;2;1;1;B01
201000004921;0;7;0;0;1;2;13;A01
201000004922;0;7;0;2;0;2;1;A01
201000004923;0;10;0;0;2;1;17;A01
201000004923;0;10;0;0;2;1;1;B02
201000004924;0;7;0;0;2;2;1;B02
201000004924;0;1;0;0;2;8;19;A01
201000004925;0;7;0;0;2;7;13;A01
201000004925;0;7;0;0;2;1;1;B02
201000004926;0;30;0;2;0;1;0;A01
201000004927;0;14;0;0;2;4;4;A01
201000004927;0;2;0;0;2;1;1;B02
201000004928;0;34;0;3;0;3;1;A01
201000004929;0;7;0;0;2;3;1;B02
201000004929;0;2;0;0;2;1;16;A01
201000004930;0;7;0;2;0;7;1;A01
201000004931;0;7;0;0;2;2;1;B02
201000004931;0;2;0;16;2;0;13;A01
201000004932;0;7;0;13;0;1;1;A01
201000004933;0;1;0;0;2;6;1;C03
201000004933;0;7;0;0;9;2;1;A01
201000004933;0;1;0;0;2;3;1;B02
201000004934;0;7;0;6;0;2;1;A01
201000004935;0;30;0;0;2;1;2;A01
201000004935;0;7;0;0;0;6;2;B02
201000004935;0;7;0;0;2;3;1;C03
201000004936;0;7;0;0;2;1;1;B02
201000004936;0;7;0;0;2;7;9;A01
201000004937;0;7;0;0;2;2;1;B02
201000004937;0;21;0;0;2;3;21;A01
201000004938;0;7;0;0;1;4;4;A01
201000004939;0;7;0;0;2;1;1;A01
201000004939;0;7;0;6;0;4;16;B02
201000004940;0;7;0;0;1;1;0;A01
201000004941;0;1;0;0;2;1;13;B02
201000004941;0;7;0;0;9;3;1;A01
201000004942;0;7;0;0;2;1;1;B02
201000004942;0;30;0;0;2;3;9;A01
201000004943;0;7;0;0;0;0;1;A01
201000004944;0;21;0;0;0;6;1;A01
201000004944;0;7;0;0;2;3;13;B02
201000004945;0;7;0;0;2;2;19;A01
201000004945;0;33;0;0;2;1;1;B02
201000004946;0;7;0;0;0;1;1;B02
201000004946;0;7;0;0;0;1;13;A01
201000004947;0;7;0;0;2;3;0;B02
201000004947;0;7;0;0;2;3;1;A01
201000004948;0;33;0;14;0;1;1;A01
201000004949;0;7;0;8;0;1;14;A01
201000004950;0;21;0;0;2;8;1;B02
201000004950;0;7;0;0;2;3;17;A01
201000004951;0;7;0;10;0;9;1;A01
201000004952;0;7;0;0;2;1;1;B02
201000004952;0;7;0;0;2;1;15;A01
201000004953;0;10;0;0;0;0;20;A01
201000004953;0;2;0;0;2;1;1;B02
201000004954;0;7;0;0;2;3;1;C03
201000004954;0;7;0;0;2;5;15;B02
201000004954;0;7;0;0;2;3;1;A01
201000004955;0;33;0;0;0;8;0;A01
201000004956;0;7;0;0;0;1;13;A01
201000004956;0;7;0;0;0;1;1;B02
201000004957;0;7;0;13;0;2;1;A01
201000004958;0;30;0;0;2;8;19;B02
201000004958;0;7;0;0;2;2;1;A01
201000004959;0;1;0;0;2;1;9;B02
201000004959;0;7;0;0;2;7;1;A01
201000004960;0;7;0;0;1;2;1;A01
201000004961;0;7;0;0;2;3;15;A01
201000004961;0;33;0;0;2;8;1;B02
201000004962;0;7;0;0;0;3;13;A01
201000004963;0;7;0;2;0;3;1;A01
201000004964;1;7;0;0;1;2;1;A01
201000004965;0;7;0;0;2;3;1;A01
201000004965;0;10;0;0;2;3;13;B02
201000004966;0;2;0;0;1;2;1;A01
201000004967;0;7;0;0;2;1;19;A01
201000004967;0;7;0;6;2;2;1;B02
201000004968;0;14;0;0;2;0;1;B02
201000004969;0;7;0;0;0;2;1;A01
201000004969;0;7;0;0;0;2;1;B02
201000004970;0;7;0;0;2;3;1;B02
201000004970;0;7;0;0;2;2;15;A01
201000004971;0;7;0;8;0;6;1;B02
201000004971;0;7;0;0;0;2;1;A01
201000004972;0;7;0;2;0;1;1;A01
201000004973;0;7;0;6;5;1;1;A01
201000004974;0;1;0;0;2;8;13;A01
201000004974;0;7;0;0;2;3;1;B02
201000004975;0;7;0;0;2;5;17;A01
201000004975;0;2;0;0;2;3;15;B02
201000004976;0;7;0;0;2;3;9;B02
201000004976;0;7;0;0;2;1;1;A01
201000004977;0;10;0;0;1;2;1;A01
201000004978;0;2;0;6;0;1;1;A01
201000004979;0;7;0;0;2;1;1;A01
201000004979;0;2;0;0;2;7;19;B02
201000004980;0;33;0;0;0;5;1;B02
201000004980;0;15;0;0;0;5;15;A01
201000004981;0;7;0;0;2;3;1;B02
201000004981;2;7;0;0;2;1;1;A01
201000004982;0;7;0;0;2;5;15;A01
201000004982;0;33;0;0;2;1;1;B02
201000004982;0;7;0;0;2;8;1;C03
201000004983;0;7;0;0;2;3;1;B02
201000004983;0;32;0;0;2;1;13;A01
201000004984;0;13;0;0;1;2;1;A01
201000004985;0;7;0;0;2;3;19;B02
201000004985;0;15;0;0;2;1;1;A01
201000004986;0;7;0;0;4;8;21;A01
201000004986;0;39;0;0;2;1;1;B02
201000004987;0;7;0;8;0;3;1;A01
201000004988;0;7;0;13;0;1;1;A01
201000004989;0;7;0;0;2;1;15;B02
201000004990;0;7;0;5;0;2;1;A01
201000004991;0;33;0;5;0;8;1;A01
201000004992;0;7;0;0;0;3;1;A01
201000004992;0;7;0;0;0;3;1;B02
201000004993;0;7;0;2;0;3;13;A01
201000004994;0;15;0;0;2;1;1;B02
201000004994;0;7;0;0;2;8;13;A01
201000004995;0;7;0;13;2;1;13;A01
201000004995;0;7;0;0;2;1;1;B02
201000004996;0;7;0;2;0;9;1;A01
201000004997;0;1;0;0;0;1;1;A01
201000004997;0;7;0;0;0;2;15;B02
201000004998;0;7;0;2;0;3;1;A01
201000004999;0;1;0;0;5;1;1;A01
201000005000;0;7;0;0;2;3;13;B02
201000005000;0;33;0;0;2;1;21;A01
201000005001;0;7;0;0;0;1;14;A01
201000005002;0;7;0;2;0;3;13;A01
201000005003;0;7;0;0;2;3;19;A01
201000005003;0;7;0;0;2;2;21;B02
201000005004;1;7;0;0;9;2;2;A01
201000005004;0;1;0;0;2;8;2;B02
201000005005;0;2;0;0;2;1;1;B02
201000005005;0;2;0;0;2;1;13;A01
201000005006;0;1;0;0;2;1;5;A01
201000005006;0;7;0;0;9;3;1;B02
201000005007;0;7;0;0;2;7;13;A01
201000005008;0;30;0;10;0;7;13;A01
201000005009;0;7;0;0;2;3;1;B02
201000005009;0;2;0;0;2;1;13;A01
201000005010;0;7;0;0;9;0;17;A01
201000005010;0;1;0;0;2;0;2;B02
201000005011;0;7;0;0;0;3;19;A01
201000005011;0;2;0;0;2;1;1;B02
201000005012;0;7;0;0;2;8;1;A01
201000005012;0;31;0;0;2;1;1;B02
201000005013;0;33;0;0;2;1;1;B02
201000005013;0;7;0;0;2;8;15;A01
201000005014;0;7;0;2;0;8;1;A01
201000005015;0;7;0;0;2;2;13;A01
201000005015;0;7;0;0;2;1;1;B02
201000005016;0;31;0;0;0;8;1;A01
201000005017;0;1;0;0;1;3;1;A01
201000005018;0;33;0;0;2;8;1;A01
201000005018;0;7;0;0;2;2;1;B02
201000005019;0;7;0;0;2;1;13;A01
201000005019;0;7;0;0;2;1;1;B02
201000005020;0;33;0;0;2;1;1;A01
201000005020;0;7;0;0;2;1;1;B02
201000005021;0;7;0;0;2;3;13;A01
201000005021;0;7;0;0;2;3;1;B02
201000005021;0;7;0;0;2;3;1;C03
201000005022;0;7;0;7;0;7;1;A01
201000005023;0;7;0;0;2;8;1;B02
201000005023;0;7;0;0;2;3;1;C03
201000005023;0;10;0;0;2;3;13;A01
201000005024;0;7;0;0;2;1;1;B02
201000005024;0;7;0;0;2;3;13;A01
201000005025;0;7;0;0;1;1;1;A01
201000005026;0;2;0;0;0;8;1;B02
201000005026;0;7;0;0;2;1;19;A01
201000005027;0;7;0;0;2;1;1;C03
201000005027;0;7;0;0;0;8;1;B02
201000005027;0;7;0;0;2;7;17;A01
201000005028;0;2;0;0;2;1;13;A01
201000005028;0;7;0;0;2;3;1;B02
201000005029;0;7;0;0;2;2;1;B02
201000005029;0;7;0;0;2;5;13;A01
201000005030;0;7;0;3;2;1;1;C03
201000005030;0;7;0;0;2;1;0;D04
201000005030;0;7;0;0;2;7;1;A01
201000005030;0;7;0;0;2;1;0;B02
201000005031;0;37;0;0;2;4;23;A01
201000005031;0;7;0;1;0;1;1;B02
201000005032;0;7;0;16;0;3;1;A01
201000005033;0;7;0;13;0;2;14;A01
201000005034;0;7;0;6;0;1;1;A01
201000005035;0;7;0;0;2;4;19;A01
201000005035;0;2;0;0;2;1;1;B02
201000005036;0;7;0;15;0;8;14;A01
201000005037;0;10;0;0;1;1;1;A01
201000005038;0;1;0;0;2;1;1;B02
201000005038;0;7;0;0;9;2;9;A01
201000005039;0;7;0;2;0;8;1;A01
201000005040;0;7;0;0;2;1;1;B02
201000005040;0;7;0;0;2;7;17;A01
201000005041;0;7;0;0;2;1;1;B02
201000005041;0;7;0;0;2;7;1;A01
201000005042;0;7;0;13;0;9;1;A01
201000005043;0;7;0;13;0;1;1;A01
201000005044;0;33;0;4;0;1;1;A01
201000005045;0;7;0;0;2;1;15;A01
201000005045;0;7;0;0;2;1;1;B02
201000005046;0;33;0;16;0;0;1;A01
201000005047;0;7;0;13;0;3;0;A01
201000005048;0;7;0;16;0;9;1;A01
201000005049;0;33;0;0;2;1;17;A01
201000005049;0;7;0;0;2;8;15;B02
201000005050;0;7;0;6;0;1;13;A01
201000005051;0;33;0;16;0;8;1;A01
201000005052;0;7;0;13;0;2;1;A01
201000005053;0;7;0;0;0;1;0;A01
201000005054;0;7;0;6;2;7;1;A01
201000005054;0;10;0;0;2;1;1;B02
201000005055;0;7;0;0;2;1;1;B02
201000005055;0;7;0;0;2;3;17;A01
201000005056;0;2;0;9;0;1;1;A01
201000005057;0;7;0;0;1;3;17;A01
201000005058;0;15;0;0;2;3;19;A01
201000005058;0;33;0;0;2;1;1;B02
201000005059;0;7;0;13;0;3;1;A01
201000005060;0;33;0;6;0;2;1;A01
201000005061;0;7;0;0;2;1;1;C03
201000005061;0;7;0;0;2;1;1;B02
201000005061;0;7;0;0;2;1;5;A01
201000005062;0;33;0;13;0;0;0;A01
201000005063;0;7;0;0;0;9;1;A01
201000005064;0;7;0;0;1;2;14;A01
201000005065;0;7;0;10;0;3;0;A01
201000005066;0;33;0;10;0;2;1;A01
201000005067;0;7;0;0;1;3;1;A01
201000005068;0;36;0;8;0;1;14;A01
201000005069;0;33;0;0;2;2;17;A01
201000005069;0;21;0;0;0;8;15;B02
201000005070;0;30;0;0;2;1;15;B02
201000005070;0;10;0;0;2;2;13;A01
201000005071;0;7;0;0;1;2;1;A01
201000005072;0;7;0;14;0;1;1;A01
201000005073;0;2;0;0;2;1;2;A01
201000005073;0;10;0;0;2;6;20;B02
201000005074;0;33;0;0;5;1;1;A01
201000005075;0;33;0;0;2;1;1;C03
201000005075;0;7;0;0;2;1;1;B02
201000005075;0;7;0;0;2;1;19;A01
201000005076;0;7;0;10;0;3;1;A01
201000005077;0;7;0;0;2;3;13;A01
201000005077;0;14;0;0;2;3;1;B02
201000005078;0;7;0;0;2;7;2;A01
201000005078;0;2;0;0;2;8;2;B02
201000005079;0;7;0;0;2;5;9;A01
201000005079;0;33;0;0;2;1;1;B02
201000005080;0;7;0;0;2;1;1;B02
201000005080;0;7;0;0;2;1;13;A01
201000005081;0;31;0;0;2;3;1;B02
201000005081;0;7;0;0;9;3;1;A01
201000005082;0;7;0;0;1;1;15;A01
201000005083;0;7;0;0;0;9;1;A01
201000005084;0;7;0;13;0;2;1;A01
201000005085;0;7;0;0;2;3;13;A01
201000005085;0;37;50;0;2;3;1;B02
201000005086;0;7;0;16;0;1;13;A01
201000005087;0;7;0;0;2;2;21;B02
201000005087;0;7;0;0;2;3;13;A01
201000005088;0;7;0;0;2;2;1;B02
201000005088;0;7;0;0;2;3;1;A01
201000005089;0;33;0;0;2;7;15;A01
201000005089;0;33;0;0;2;1;1;B02
201000005090;0;7;0;0;2;2;21;C03
201000005090;0;7;0;0;2;3;13;A01
201000005090;0;7;0;0;2;3;1;B02
201000005091;0;7;0;14;0;3;15;A01
201000005092;0;7;0;0;2;1;1;B02
201000005092;0;7;0;0;2;7;13;A01
201000005093;0;7;0;16;0;9;1;A01
201000005094;0;7;0;2;0;8;14;A01
201000005095;0;7;0;0;2;2;1;B02
201000005095;0;30;0;0;2;1;13;A01
201000005096;0;7;0;0;2;8;1;B02
201000005096;0;31;0;0;2;8;13;A01
201000005097;0;7;0;2;0;1;13;A01
201000005098;0;33;0;0;0;0;14;A01
201000005099;0;7;0;6;0;1;1;A01
201000005100;0;7;0;0;2;3;1;B02
201000005100;0;7;0;2;0;1;1;A01
201000005101;0;7;0;2;0;2;2;A01
201000005102;0;7;0;0;2;1;1;B02
201000005102;0;10;0;0;2;1;13;A01
201000005103;0;7;0;0;1;3;15;A01
201000005104;0;7;0;0;2;2;1;B02
201000005104;0;7;0;0;2;1;1;A01
201000005105;0;7;0;13;0;0;1;A01
201000005106;0;7;0;0;2;1;1;B02
201000005106;0;10;0;0;2;1;13;A01
201000005107;0;10;0;6;0;1;1;A01
201000005108;0;7;0;6;0;3;1;A01
201000005109;0;14;0;3;2;3;1;B02
201000005109;0;7;0;0;2;3;13;A01
201000005110;0;7;0;0;2;3;1;A01
201000005110;0;33;0;0;0;4;1;B02
201000005111;0;7;0;8;0;9;1;A01
201000005112;0;10;0;0;2;1;1;B02
201000005112;0;10;0;0;2;4;15;A01
201000005113;0;15;0;0;2;3;1;B02
201000005113;0;7;0;0;2;2;13;A01
201000005114;0;31;0;0;2;1;1;A01
201000005114;0;7;0;0;2;1;1;B02
201000005115;0;7;0;0;2;3;1;A01
201000005115;0;2;0;0;2;1;5;B02
201000005116;0;7;0;0;2;8;19;A01
201000005116;0;33;0;0;2;1;1;B02
201000005117;0;7;0;8;0;1;0;A01
201000005118;0;7;0;2;0;3;13;A01
201000005119;0;7;0;0;1;1;16;A01
201000005120;0;14;0;0;2;1;1;A01
201000005120;0;7;0;0;2;7;1;B02
201000005121;0;7;0;0;2;3;1;A01
201000005121;0;33;0;0;2;1;1;B02
201000005122;0;10;0;0;2;8;1;B02
201000005122;0;33;0;0;2;1;1;A01
201000005123;0;7;0;0;2;8;0;B02
201000005123;0;14;0;0;2;2;19;A01
201000005124;0;17;0;0;2;1;1;A01
201000005124;0;10;0;0;2;8;19;B02
201000005125;0;7;0;13;0;2;1;A01
201000005126;0;7;0;6;0;2;14;A01
201000005127;0;36;0;0;0;8;1;A01
201000005128;0;7;0;8;0;3;0;A01
201000005129;0;7;0;0;2;0;15;A01
201000005129;0;7;0;0;2;0;1;B02
201000005130;0;7;0;0;1;8;1;A01
201000005131;0;7;0;0;0;0;1;A01
201000005132;0;7;0;0;1;3;1;A01
201000005133;0;30;0;0;0;0;1;A01
201000005134;0;7;0;0;0;1;1;A01
201000005134;0;7;0;0;0;7;1;B02
201000005135;0;2;0;0;2;1;13;B02
201000005135;0;7;0;0;2;3;13;A01
201000005136;0;7;0;10;0;1;13;A01
201000005137;0;7;0;0;2;3;13;A01
201000005137;0;1;0;0;2;1;1;B02
201000005138;0;7;0;0;9;2;1;A01
201000005138;0;1;0;0;2;8;15;B02
201000005139;0;3;0;0;2;2;15;A01
201000005139;0;1;0;0;2;3;1;B02
201000005140;0;33;0;0;2;1;1;A01
201000005140;0;7;0;0;2;5;15;B02
201000005141;0;2;0;1;0;1;1;A01
201000005141;0;7;0;0;0;6;23;B02
201000005142;0;7;0;14;0;1;1;C03
201000005142;0;7;0;0;2;4;1;B02
201000005142;0;7;0;0;2;1;1;A01
201000005143;0;30;0;0;0;8;1;A01
201000005144;0;2;0;1;0;1;2;A01
201000005144;0;7;0;0;2;6;24;B02
201000005145;0;7;0;0;0;9;0;A01
201000005146;0;33;0;0;2;1;1;B02
201000005146;0;7;0;0;2;1;15;A01
201000005147;0;7;0;0;2;3;15;B02
201000005147;0;2;0;0;2;1;2;A01
201000005148;0;10;0;0;0;9;1;A01
201000005149;0;7;0;0;2;8;13;A01
201000005149;0;1;0;0;2;1;0;B02
201000005150;0;30;0;0;2;1;19;B02
201000005150;0;7;0;0;9;2;1;A01
201000005151;0;7;0;0;2;3;0;A01
201000005151;0;1;0;0;2;1;0;B02
201000005152;0;7;0;0;2;1;1;A01
201000005152;0;7;0;0;2;1;1;B02
201000005153;0;30;0;0;2;1;17;A01
201000005153;0;7;0;0;2;3;15;B02
201000005154;0;10;0;0;0;8;1;C03
201000005154;0;7;0;0;0;4;15;B02
201000005154;0;17;0;0;2;2;1;A01
201000005155;0;17;0;0;0;3;24;B02
201000005155;0;7;0;1;0;7;19;A01
201000005156;0;30;0;0;2;1;1;A01
201000005156;0;7;0;0;2;5;15;B02
201000005157;0;7;0;0;9;1;1;A01
201000005157;0;1;0;0;2;1;15;B02
201000005158;0;17;0;0;9;1;2;A01
201000005158;0;1;0;0;0;8;15;C03
201000005159;0;7;0;0;2;1;1;A01
201000005159;0;17;0;0;2;1;1;B02
201000005160;0;7;0;0;2;1;15;B02
201000005160;0;3;0;0;0;1;1;A01
201000005161;0;7;0;0;0;1;0;A01
201000005162;0;21;0;0;2;1;15;A01
201000005162;0;30;0;0;2;1;1;B02
201000005163;0;7;0;8;0;2;14;A01
201000005164;0;7;0;6;0;1;1;A01
201000005165;0;7;0;0;2;7;15;B02
201000005165;0;7;0;0;2;1;1;A01
201000005166;0;33;0;0;2;1;1;A01
201000005166;0;7;0;0;2;3;1;B02
201000005167;0;10;0;15;0;3;1;B02
201000005167;0;10;0;15;2;1;19;A01
201000005168;0;7;0;0;0;2;1;A01
201000005169;0;7;0;0;2;3;19;A01
201000005169;0;31;0;0;2;3;0;B02
201000005170;0;7;0;13;0;9;1;A01
201000005171;0;7;0;0;2;1;17;A01
201000005171;0;7;0;0;2;1;1;B02
201000005172;0;17;0;0;0;0;1;A01
201000005172;0;7;0;0;0;3;1;C03
201000005172;0;10;0;0;0;3;1;B02
201000005172;0;7;0;0;0;1;1;D04
201000005173;0;7;0;0;2;2;13;A01
201000005173;0;10;0;0;2;1;1;C03
201000005173;0;7;0;0;2;3;11;B02
201000005173;0;15;0;0;2;3;1;D04
201000005174;0;7;0;0;2;1;13;A01
201000005174;0;14;0;0;2;3;1;B02
201000005174;0;14;0;0;2;3;1;C03
201000005175;0;2;0;0;2;1;1;B02
201000005175;0;7;0;0;2;5;4;A01
201000005176;0;33;0;0;0;7;1;A01
201000005177;0;2;0;12;0;1;6;A01
201000005178;0;14;0;1;0;6;0;B02
201000005178;0;2;0;1;0;1;1;A01
201000005179;0;7;0;0;2;3;13;A01
201000005179;0;17;0;0;2;3;21;B02
201000005180;0;7;0;0;0;0;1;B02
201000005180;0;7;0;13;0;3;17;A01
201000005181;0;2;0;0;2;3;1;B02
201000005181;0;7;0;0;2;3;17;A01
201000005182;0;7;0;6;0;3;1;A01
201000005183;0;7;0;0;2;1;1;A01
201000005183;0;7;0;0;2;2;1;C03
201000005183;0;10;0;0;0;1;13;B02
201000005184;0;7;0;0;0;6;1;B02
201000005184;0;7;0;0;0;1;15;A01
201000005185;0;2;0;0;2;1;13;A01
201000005185;0;10;0;0;2;8;15;B02
201000005186;0;7;0;0;2;2;1;B02
201000005186;0;7;0;0;2;8;19;A01
201000005187;0;7;0;0;2;3;16;A01
201000005187;0;7;0;0;2;1;1;B02
201000005188;0;7;0;2;0;8;1;A01
201000005189;0;7;0;10;0;7;13;A01
201000005190;0;33;0;7;0;8;1;A01
201000005191;0;33;0;0;2;1;1;A01
201000005191;0;7;0;0;2;8;16;B02
201000005192;0;33;0;0;2;2;17;B02
201000005192;0;17;0;0;2;8;11;A01
201000005193;0;17;0;0;2;1;2;B02
201000005193;0;15;0;0;2;4;2;A01
201000005194;0;15;0;0;0;4;24;B02
201000005194;0;7;0;4;0;1;17;A01
201000005195;0;7;0;0;2;1;1;A01
201000005195;0;30;0;0;2;8;15;B02
201000005196;0;7;0;0;2;1;15;A01
201000005196;0;2;0;0;2;7;1;B02
201000005197;0;7;0;6;0;1;1;A01
201000005198;0;7;0;0;2;7;19;B02
201000005198;0;10;0;0;2;1;1;A01
201000005199;0;7;0;8;0;9;14;A01
201000005200;0;7;0;2;0;8;1;A01
201000005201;0;7;0;16;0;9;1;A01
201000005202;0;33;0;8;0;1;1;A01
201000005203;0;33;0;0;2;1;13;A01
201000005203;0;7;0;0;2;1;1;B02
201000005204;0;17;0;13;0;8;13;A01
201000005205;0;7;0;0;2;3;19;B02
201000005205;0;7;0;0;2;5;1;A01
201000005206;0;7;0;2;0;3;1;A01
201000005207;0;7;0;2;0;1;1;A01
201000005208;0;7;0;13;0;9;14;A01
201000005209;0;7;0;0;1;2;1;A01
201000005210;0;10;0;0;2;1;1;B02
201000005210;0;7;0;0;2;1;17;A01
201000005211;0;7;0;0;2;1;13;A01
201000005211;0;7;0;0;2;1;1;B02
201000005212;0;36;0;13;0;1;19;A01
201000005213;0;10;0;0;2;3;13;A01
201000005213;0;7;0;0;2;1;1;B02
201000005214;0;7;0;0;2;3;13;B02
201000005215;0;33;0;0;2;1;17;B02
201000005215;0;21;0;0;2;3;15;A01
201000005216;0;7;0;0;2;8;15;B02
201000005216;0;7;0;0;2;1;1;A01
201000005217;0;7;0;0;2;6;23;B02
201000005217;0;33;0;14;2;8;21;A01
201000005218;0;10;0;0;2;1;17;A01
201000005218;0;7;0;0;2;8;15;B02
201000005219;0;13;0;0;2;5;23;B02
201000005219;0;31;0;0;2;1;2;A01
201000005220;0;33;0;13;0;7;14;A01
201000005221;0;32;0;13;0;8;1;A01
201000005222;0;17;0;0;2;4;23;B02
201000005222;0;38;43;1;0;1;17;A01
201000005223;0;7;0;2;0;9;1;A01
201000005224;0;7;0;6;1;1;20;A01
201000005225;0;7;0;0;0;0;4;B02
201000005225;0;7;0;13;2;1;21;A01
201000005226;0;7;0;3;0;8;13;A01
201000005227;0;36;0;13;0;1;1;A01
201000005228;0;7;0;0;2;3;15;B02
201000005228;0;33;0;0;2;1;17;A01
201000005229;0;7;0;0;2;2;1;A01
201000005229;0;2;0;0;2;1;19;B02
201000005230;0;7;0;13;0;1;1;A01
201000005231;0;7;0;0;2;3;1;B02
201000005231;0;7;0;0;2;1;19;A01
201000005232;0;10;0;13;0;1;1;A01
201000005233;0;7;0;0;2;6;1;B02
201000005233;0;7;0;0;2;2;17;A01
201000005234;0;7;0;0;2;3;1;B02
201000005234;0;10;0;0;2;3;13;A01
201000005235;0;2;0;0;2;3;15;B02
201000005235;0;7;0;0;2;2;19;A01
201000005236;0;1;0;0;2;1;16;B02
201000005236;0;7;0;0;2;2;1;A01
201000005237;0;1;0;0;2;4;1;B02
201000005237;0;7;0;0;9;1;1;A01
201000005238;0;2;0;0;2;1;1;A01
201000005238;0;7;0;0;2;1;1;B02
201000005239;0;7;0;4;0;2;1;A01
201000005240;0;7;0;0;9;8;22;A01
201000005240;0;1;0;1;0;1;1;B02
201000005241;0;7;0;8;0;2;1;A01
201000005242;0;7;0;0;1;3;1;A01
201000005243;0;33;0;0;2;3;13;A01
201000005243;0;7;0;0;2;8;1;B02
201000005244;0;31;0;0;2;1;23;B02
201000005244;0;7;0;1;0;3;15;A01
201000005245;0;33;0;0;2;3;1;A01
201000005245;0;7;0;0;2;4;15;B02
201000005246;0;7;0;0;2;2;17;A01
201000005246;0;2;0;0;2;1;1;B02
201000005247;0;14;0;0;2;0;24;A01
201000005247;0;7;0;0;1;3;1;B02
201000005247;0;7;0;0;2;1;2;C03
201000005248;0;10;0;0;2;3;14;B02
201000005248;0;7;0;0;2;3;1;A01
201000005249;0;30;0;6;0;1;1;A01
201000005250;0;17;0;2;0;1;14;A01
201000005251;0;7;0;0;2;8;19;B02
201000005251;0;33;0;0;2;1;1;A01
201000005252;0;17;0;0;2;3;1;B02
201000005252;0;7;0;0;2;3;13;A01
201000005253;0;7;0;13;0;2;14;A01
201000005254;0;7;0;0;2;3;1;B02
201000005254;0;17;0;0;2;3;13;A01
201000005255;0;7;0;0;2;3;13;A01
201000005255;0;7;0;0;2;3;1;B02
201000005256;0;33;0;0;2;1;17;A01
201000005256;0;21;0;0;2;3;15;B02
201000005257;0;7;0;13;0;2;1;A01
201000005258;0;7;0;0;2;3;13;A01
201000005258;0;15;0;0;2;1;1;B02
201000005259;0;1;0;0;2;8;15;B02
201000005259;0;7;0;0;2;1;1;A01
201000005260;0;30;0;0;0;1;1;B02
201000005260;0;30;0;0;2;1;5;A01
201000005261;0;31;0;0;2;1;1;B02
201000005261;0;7;0;0;2;2;15;A01
201000005262;0;33;0;0;2;1;1;B02
201000005262;0;7;0;0;2;3;15;A01
201000005263;0;15;0;13;0;3;14;A01
201000005264;0;30;0;0;2;2;15;A01
201000005264;0;7;0;0;2;1;1;B02
201000005265;0;7;0;0;2;1;1;B02
201000005265;0;7;0;0;2;1;13;A01
201000005266;0;7;0;13;0;1;14;A01