num_acc;senc;catv;occutc;obs;obsm;choc;manv;num_veh
201000005267;0;7;0;0;0;0;15;C03
201000005267;0;7;0;0;2;3;1;B02
201000005267;0;7;0;0;2;1;21;A01
201000005268;0;7;0;2;0;2;14;A01
201000005269;0;33;0;0;2;1;1;B02
201000005269;0;7;0;0;2;7;15;A01
201000005270;0;7;0;0;2;3;1;B02
201000005270;0;7;0;0;2;3;13;A01
201000005271;0;7;0;13;0;2;2;A01
201000005272;0;7;0;0;2;1;1;C03
201000005272;0;15;0;0;2;1;1;B02
201000005272;0;7;0;0;2;7;15;A01
201000005273;0;2;0;0;2;7;1;B02
201000005273;0;7;0;0;2;1;15;A01
201000005274;0;31;0;0;6;1;1;A01
201000005275;0;3;0;0;2;1;13;A01
201000005275;0;10;0;0;2;1;1;B02
201000005276;0;7;0;2;0;3;1;A01
201000005277;0;7;0;0;2;3;1;A01
201000005277;0;30;0;0;2;1;13;B02
201000005278;0;7;0;0;2;2;1;B02
201000005278;0;1;0;0;2;1;19;A01
201000005279;0;7;0;0;1;3;1;A01
201000005280;0;17;0;0;2;3;1;A01
201000005280;0;7;0;0;2;7;15;B02
201000005281;0;7;0;10;0;2;14;A01
201000005282;0;7;0;0;2;1;1;B02
201000005282;0;30;0;0;2;1;5;A01
201000005283;0;7;0;0;2;5;15;A01
201000005283;0;33;0;0;2;1;21;B02
201000005284;0;7;0;0;2;8;15;A01
201000005284;0;7;0;0;2;1;1;B02
201000005285;0;7;0;13;0;1;1;A01
201000005286;0;15;0;0;2;3;1;B02
201000005286;0;7;0;0;2;3;13;A01
201000005287;0;7;0;0;2;3;1;B02
201000005287;0;7;0;0;2;3;17;A01
201000005288;0;7;0;1;;3;1;B02
201000005289;0;7;0;2;0;1;1;A01
201000005290;0;14;0;2;0;9;13;A01
201000005291;0;31;0;0;6;1;1;A01
201000005292;0;7;0;13;0;1;1;A01
201000005293;0;7;0;0;2;1;11;A01
201000005293;0;2;0;0;2;1;1;B02
201000005294;0;7;0;2;0;3;1;A01
201000005295;0;7;0;8;0;1;14;A01
201000005296;0;33;0;2;0;1;1;A01
201000005297;0;17;0;0;2;2;1;B02
201000005297;0;7;0;0;2;7;19;A01
201000005298;0;7;0;13;0;1;1;A01
201000005299;0;7;0;0;2;3;1;A01
201000005299;0;30;0;0;2;1;19;B02
201000005300;0;7;0;0;2;1;1;B02
201000005301;0;7;0;0;2;8;1;A01
201000005301;0;7;0;0;2;1;1;B02
201000005302;0;7;0;2;0;1;18;A01
201000005303;0;17;0;0;2;4;24;B02
201000005303;0;7;0;1;0;1;1;A01
201000005304;0;10;0;0;2;8;1;B02
201000005304;0;7;0;0;2;3;1;A01
201000005305;0;15;0;0;2;1;2;A01
201000005305;0;7;0;0;2;4;23;B02
201000005306;0;7;0;0;1;1;1;A01
201000005307;0;7;0;6;0;1;14;A01
201000005308;0;7;0;0;2;1;19;A01
201000005308;0;2;0;0;2;8;1;B02
201000005309;0;21;0;0;2;3;15;B02
201000005309;0;33;0;0;2;1;17;A01
201000005310;0;33;0;0;2;8;2;A01
201000005310;0;33;0;0;0;5;16;B02
201000005311;0;7;0;2;0;2;14;A01
201000005312;0;7;0;0;2;8;10;A01
201000005312;0;2;0;0;2;1;1;B02
201000005313;0;33;0;15;2;1;17;A01
201000005313;0;10;0;5;0;6;15;B02
201000005314;0;7;0;0;2;6;2;B02
201000005314;0;33;0;0;2;1;2;A01
201000005315;0;7;0;0;9;1;1;A01
201000005315;0;1;0;0;2;1;1;B02
201000005316;0;31;0;0;2;1;17;B02
201000005316;0;7;0;0;9;0;15;A01
201000005317;0;1;0;0;0;1;19;B02
201000005317;0;7;0;0;9;1;1;A01
201000005318;0;7;0;0;2;3;15;A01
201000005318;0;2;0;0;2;2;17;B02
201000005319;0;1;0;0;2;1;1;B02
201000005319;0;7;0;0;2;2;1;A01
201000005320;0;99;0;0;2;7;15;A01
201000005320;0;33;0;0;2;1;1;B02
201000005321;0;7;0;0;2;1;13;A01
201000005321;0;7;0;0;2;1;1;B02
201000005322;0;10;0;0;0;4;2;B02
201000005322;0;2;0;0;2;1;2;A01
201000005323;0;7;0;0;2;2;15;A01
201000005323;0;7;0;0;2;1;1;B02
201000005324;0;7;0;0;2;6;15;B02
201000005324;0;33;0;0;2;1;17;A01
201000005325;0;7;0;0;1;2;9;A01
201000005326;0;7;0;0;2;3;19;A01
201000005326;0;30;0;0;2;1;1;B02
201000005327;0;7;0;0;2;3;1;A01
201000005327;0;2;0;0;2;5;19;B02
201000005328;0;7;0;13;0;9;1;A01
201000005329;0;7;0;0;2;7;15;A01
201000005329;0;2;0;0;2;1;1;B02
201000005330;0;33;0;0;2;1;1;B02
201000005330;0;7;0;0;2;2;19;A01
201000005331;0;7;0;13;0;1;13;A01
201000005332;0;30;0;16;0;1;1;A01
201000005333;0;33;0;0;2;7;17;B02
201000005333;0;7;0;0;2;3;15;A01
201000005334;0;2;0;0;0;4;15;A01
201000005334;0;2;0;0;2;1;2;B02
201000005335;1;13;0;0;2;2;2;A01
201000005335;0;1;0;0;2;8;2;B02
201000005336;0;30;0;1;0;1;2;A01
201000005337;0;99;0;0;2;3;1;B02
201000005337;0;7;0;0;0;7;13;A01
201000005338;0;7;0;0;0;2;1;A01
201000005338;0;33;0;1;0;1;1;B02
201000005339;0;99;0;0;2;3;1;B02
201000005339;0;33;0;0;0;3;13;A01
201000005340;0;7;0;0;1;2;1;A01
201000005341;0;7;0;2;0;1;13;A01
201000005342;0;7;0;8;0;2;1;A01
201000005343;0;33;0;0;0;0;0;B02
201000005343;0;7;0;0;2;5;15;A01
201000005344;0;7;0;0;0;6;15;A01
201000005344;0;33;0;0;0;1;1;B02
201000005345;0;30;0;0;2;7;1;B02
201000005345;0;10;0;0;2;1;15;A01
201000005346;0;1;0;0;2;1;9;A01
201000005346;0;10;0;0;9;8;1;B02
201000005347;0;7;0;0;9;3;1;A01
201000005347;0;31;0;0;2;1;1;B02
201000005348;0;30;0;0;2;1;1;B02
201000005348;0;10;0;0;2;6;4;A01
201000005349;0;33;0;0;0;1;17;A01
201000005349;0;7;0;0;0;4;15;B02
201000005350;0;7;0;0;2;2;17;A01
201000005350;0;21;0;0;0;8;15;B02
201000005351;0;1;0;0;2;1;15;B02
201000005351;0;37;0;0;9;5;2;A01
201000005352;0;7;0;2;0;1;17;A01
201000005353;0;7;0;0;0;3;1;A01
201000005353;0;1;0;0;0;1;1;B02
201000005354;0;1;0;0;2;1;1;B02
201000005354;0;14;0;0;2;2;16;A01
201000005355;2;7;0;1;0;1;1;A01
201000005356;0;1;0;0;2;1;1;A01
201000005356;0;1;0;0;2;1;1;B02
201000005357;0;17;0;0;2;2;1;A01
201000005357;0;7;0;0;2;6;19;B02
201000005358;0;1;0;0;2;8;1;B02
201000005358;0;1;0;13;0;0;1;C03
201000005359;0;30;0;0;2;1;13;A01
201000005359;0;7;0;0;2;1;0;B02
201000005360;0;33;0;0;0;3;1;A01
201000005361;0;7;0;0;0;0;1;A01
201000005362;0;7;0;0;2;1;1;A01
201000005362;0;1;0;0;2;4;1;B02
201000005363;0;33;0;13;0;1;1;A01
201000005364;0;7;0;0;4;7;21;A01
201000005364;0;39;0;0;2;1;1;B02
201000005365;0;2;0;0;2;1;1;A01
201000005365;0;7;0;0;2;2;19;B02
201000005366;0;7;0;2;0;9;1;A01
201000005367;0;7;0;0;2;3;13;A01
201000005367;0;7;0;0;2;3;14;B02
201000005368;0;2;0;0;2;1;1;A01
201000005368;0;7;0;0;2;1;1;B02
201000005369;0;30;0;0;2;7;15;A01
201000005369;0;7;0;0;2;6;1;B02
201000005370;0;7;0;0;2;7;13;A01
201000005370;0;21;0;0;2;1;0;B02
201000005371;0;7;0;16;0;9;1;A01
201000005372;0;7;0;0;2;2;15;A01
201000005372;0;31;0;0;2;7;1;B02
201000005373;0;3;0;0;2;1;1;B02
201000005373;0;10;0;0;2;1;15;A01
201000005374;0;30;0;0;2;1;9;B02
201000005374;0;7;0;0;2;2;1;A01
201000005375;0;10;0;0;2;1;1;B02
201000005375;0;30;0;0;2;1;13;A01
201000005376;0;30;0;0;2;1;15;A01
201000005376;0;7;0;0;2;1;1;B02
201000005377;0;7;0;8;0;7;1;A01
201000005378;0;33;0;0;2;0;16;B02
201000005378;0;10;0;0;2;3;16;A01
201000005379;0;7;0;16;0;0;1;A01
201000005380;0;7;0;0;2;1;21;B02
201000005380;0;7;0;0;2;7;19;A01
201000005381;0;7;0;13;0;1;16;A01
201000005382;0;7;0;0;2;3;1;B02
201000005382;0;7;0;0;2;3;1;A01
201000005383;0;7;0;2;0;3;1;A01
201000005384;0;7;0;13;0;1;1;A01
201000005385;0;2;0;0;2;1;15;A01
201000005385;0;7;0;0;2;3;1;B02
201000005386;0;7;0;0;2;1;13;A01
201000005386;0;15;0;0;2;3;1;B02
201000005387;0;7;0;0;0;2;1;A01
201000005388;0;7;0;8;0;7;1;A01
201000005389;0;7;0;2;0;1;14;A01
201000005390;0;7;0;0;9;2;1;B02
201000005390;0;1;0;0;2;8;15;A01
201000005391;0;33;0;15;0;1;1;A01
201000005392;0;7;0;0;2;3;1;A01
201000005392;0;1;0;0;2;1;16;B02
201000005393;0;7;0;2;0;3;1;A01
201000005394;0;7;0;0;0;4;23;C03
201000005394;0;7;0;0;2;2;1;B02
201000005394;0;7;0;1;0;1;1;D04
201000005394;0;7;0;0;2;2;5;A01
201000005395;0;7;0;6;0;1;1;A01
201000005396;0;7;0;0;1;2;1;A01
201000005397;0;7;0;2;0;7;1;A01
201000005398;0;7;0;0;2;1;1;A01
201000005398;0;30;0;0;2;7;1;B02
201000005399;0;7;0;0;2;1;13;A01
201000005399;0;10;0;0;2;1;1;B02
201000005400;0;7;0;0;2;6;15;B02
201000005400;0;32;0;0;2;1;17;A01
201000005401;0;7;0;0;2;1;1;A01
201000005401;0;7;0;0;2;1;15;B02
201000005402;0;33;0;0;2;7;17;A01
201000005402;0;10;0;0;2;8;1;B02
201000005403;0;7;0;0;2;4;2;B02
201000005403;0;7;0;0;2;4;2;A01
201000005403;0;7;0;0;2;1;2;C03
201000005404;0;7;0;0;2;1;15;A01
201000005404;0;33;0;0;2;2;1;B02
201000005405;0;10;0;0;9;6;23;B02
201000005405;0;1;0;1;0;1;1;A01
201000005406;0;7;0;0;2;1;13;B02
201000005406;0;7;0;0;2;1;1;A01
201000005407;0;7;0;0;9;1;1;A01
201000005407;0;1;0;0;2;4;1;B02
201000005408;0;30;0;0;2;1;1;A01
201000005408;0;7;0;0;2;8;1;B02
201000005409;0;7;0;13;0;1;13;A01
201000005410;0;7;0;0;1;7;13;A01
201000005411;0;7;0;0;2;2;13;A01
201000005411;0;21;0;0;0;7;1;B02
201000005412;0;7;0;0;2;8;1;A01
201000005412;0;7;0;0;2;1;23;B02
201000005413;0;30;0;0;2;1;1;B02
201000005413;0;7;0;0;2;2;15;A01
201000005414;0;33;0;2;0;1;1;A01
201000005415;0;31;0;0;2;1;1;A01
201000005415;0;7;0;0;2;2;15;B02
201000005416;0;7;0;0;1;6;20;A01
201000005417;0;33;0;0;0;1;1;A01
201000005417;0;1;0;0;0;4;6;B02
201000005418;0;10;0;0;1;2;1;A01
201000005419;0;10;0;2;0;3;0;A01
201000005420;0;7;0;0;2;7;17;A01
201000005420;0;1;0;0;2;8;1;B02
201000005421;0;1;0;0;2;1;1;A01
201000005421;0;7;0;0;9;3;16;B02
201000005422;0;1;0;0;2;1;9;B02
201000005422;0;7;0;0;2;3;1;A01
201000005423;0;7;0;0;2;2;1;A01
201000005423;0;7;0;0;2;3;17;B02
201000005424;0;31;0;0;1;1;1;A01
201000005425;0;7;0;0;2;5;23;B02
201000005425;0;30;0;0;2;3;1;A01
201000005426;0;31;0;6;0;2;17;A01
201000005427;0;33;0;0;2;1;1;A01
201000005427;0;31;0;0;2;2;17;B02
201000005428;0;33;0;0;0;8;1;A01
201000005429;0;7;0;0;2;1;13;B02
201000005429;0;30;0;0;2;1;1;A01
201000005430;0;1;0;0;9;3;1;A01
201000005430;0;1;0;0;9;3;1;B02
201000005431;0;7;0;0;2;1;1;A01
201000005431;0;1;0;0;2;8;1;B02
201000005432;0;7;0;0;2;3;1;B02
201000005432;0;7;0;0;2;3;13;A01
201000005433;0;31;0;0;2;7;17;A01
201000005433;0;10;0;0;2;8;15;B02
201000005434;0;7;0;0;2;1;1;B02
201000005434;0;7;0;0;2;1;13;A01
201000005435;0;7;0;13;0;1;1;A01
201000005436;0;10;0;0;2;3;1;B02
201000005436;0;2;0;0;2;1;13;A01
201000005437;0;7;0;0;2;8;15;B02
201000005437;0;33;0;14;2;1;17;A01
201000005438;0;15;0;0;2;1;1;B02
201000005438;0;7;0;0;2;8;1;A01
201000005439;0;1;0;0;2;0;1;B02
201000005439;0;7;0;0;2;0;15;A01
201000005440;0;38;0;0;2;3;1;A01
201000005440;0;7;0;0;2;7;19;B02
201000005441;0;2;0;0;2;1;1;B02
201000005441;0;7;0;0;2;6;0;A01
201000005442;0;20;0;0;2;1;15;A01
201000005442;0;7;0;0;9;8;1;B02
201000005443;0;7;0;0;2;2;5;A01
201000005443;0;7;0;0;2;2;1;B02
201000005444;0;33;0;0;6;1;1;A01
201000005445;0;7;0;0;2;1;1;B02
201000005445;0;10;0;0;2;1;13;A01
201000005446;0;10;0;0;2;3;1;B02
201000005446;0;7;0;7;2;1;19;A01
201000005447;0;10;0;0;0;6;15;B02
201000005447;0;33;0;0;2;1;17;A01
201000005448;0;7;0;13;0;9;1;A01
201000005449;0;7;0;0;2;2;1;A01
201000005449;0;30;0;0;2;8;16;B02
201000005450;0;7;0;0;2;0;15;A01
201000005451;0;30;0;0;2;1;1;B02
201000005451;0;7;0;0;2;3;10;A01
201000005452;0;7;0;0;2;3;15;A01
201000005452;0;7;0;0;2;3;1;B02
201000005453;0;10;0;0;2;3;1;B02
201000005453;0;30;0;0;2;1;13;A01
201000005454;0;10;0;0;0;7;19;A01
201000005454;0;33;0;0;0;1;1;B02
201000005455;0;33;0;0;2;5;2;A01
201000005455;0;7;0;0;2;4;19;B02
201000005456;0;7;0;0;1;1;23;A01
201000005457;0;1;0;13;0;0;2;C03
201000005457;0;7;0;0;2;0;2;A01
201000005457;0;7;0;0;0;0;15;B02
201000005458;0;7;0;6;0;1;1;A01
201000005459;0;7;0;0;0;2;19;A01
201000005459;0;31;0;0;0;1;1;B02
201000005460;0;7;0;16;0;9;1;A01
201000005461;0;33;0;0;2;1;1;B02
201000005461;0;7;0;0;2;2;15;A01
201000005462;0;7;0;0;2;2;1;A01
201000005462;0;7;0;0;2;7;15;B02
201000005463;0;7;0;0;2;4;1;B02
201000005463;0;7;0;0;2;4;1;C03
201000005463;0;7;0;0;2;1;1;A01
201000005463;0;7;0;0;2;4;1;D04
201000005464;0;30;0;0;2;7;19;A01
201000005464;0;10;0;0;2;1;1;B02
201000005465;0;30;0;0;2;4;1;B02
201000005465;0;7;0;0;2;1;1;A01
201000005466;0;7;0;0;2;3;17;B02
201000005466;0;31;0;0;2;6;10;A01
201000005467;0;1;0;0;2;1;1;B02
201000005467;0;1;0;0;2;5;1;A01
201000005468;0;33;0;12;0;2;1;A01
201000005469;0;7;0;0;2;3;19;A01
201000005469;0;7;0;0;2;7;1;B02
201000005470;0;7;0;14;2;8;21;A01
201000005470;0;7;0;0;2;1;1;B02
201000005470;0;7;0;14;0;6;23;C03
201000005471;0;7;0;0;0;2;1;B02
201000005471;0;1;0;0;2;1;1;A01
201000005472;0;7;0;13;0;1;1;A01
201000005473;0;31;0;0;0;8;15;A01
201000005474;0;17;0;0;0;8;14;A01
201000005475;0;7;0;16;0;0;1;A01
201000005476;0;7;0;13;0;9;2;A01
201000005477;0;33;0;0;1;1;1;A01
201000005478;0;7;0;0;2;7;1;A01
201000005478;0;7;0;0;2;1;1;B02
201000005479;0;7;0;0;2;3;1;B02
201000005479;0;7;0;0;2;3;21;A01
201000005480;0;7;0;2;0;1;1;A01
201000005481;0;7;0;0;2;3;13;A01
201000005481;0;15;0;0;2;3;13;B02
201000005482;0;14;0;2;0;1;1;A01
201000005483;0;2;0;0;2;1;1;B02
201000005483;0;10;0;0;2;3;9;A01
201000005484;0;7;0;0;2;1;19;A01
201000005484;0;7;0;0;2;8;1;B02
201000005485;0;32;0;6;0;8;1;A01
201000005486;0;10;0;0;2;3;13;A01
201000005486;0;7;0;0;2;3;1;B02
201000005487;0;10;0;0;2;3;15;A01
201000005487;0;7;0;0;2;3;1;B02
201000005488;0;7;0;0;0;9;1;A01
201000005489;0;31;0;0;2;1;17;A01
201000005489;0;13;0;0;0;8;15;B02
201000005490;0;35;0;12;0;3;1;A01
201000005491;0;7;0;13;0;9;1;A01
201000005492;0;7;0;13;0;0;13;A01
201000005493;0;30;0;0;0;0;1;A01
201000005494;0;7;0;0;2;1;19;A01
201000005494;0;7;0;0;2;8;1;B02
201000005495;0;7;0;0;2;1;1;B02
201000005495;0;7;0;8;2;7;15;A01
201000005496;0;7;0;0;0;4;23;A01
201000005496;0;30;0;16;2;1;1;B02
201000005497;0;7;0;2;0;1;14;A01
201000005498;0;30;0;0;2;1;0;B02
201000005498;0;7;0;0;2;2;0;A01
201000005499;0;32;0;0;0;1;1;A01
201000005500;0;7;0;16;0;1;1;A01
201000005501;0;7;0;0;2;3;21;B02
201000005501;0;7;0;0;2;3;13;A01
201000005502;0;33;0;0;2;1;1;A01
201000005502;0;2;0;0;2;6;15;B02
201000005503;0;21;0;0;0;9;1;A01
201000005504;0;37;0;0;2;3;15;A01
201000005504;0;33;0;0;2;1;1;B02
201000005505;0;7;0;8;0;1;1;A01
201000005506;0;10;0;0;2;1;1;A01
201000005506;0;7;0;0;2;3;1;B02
201000005507;0;7;0;0;2;3;1;B02
201000005507;0;31;0;0;2;3;13;A01
201000005508;0;31;0;0;2;1;1;B02
201000005508;0;31;0;0;2;1;13;A01
201000005509;0;7;0;0;2;6;1;A01
201000005509;0;7;0;0;2;3;1;B02
201000005510;0;7;0;0;2;3;1;B02
201000005510;0;7;0;0;2;3;13;A01
201000005511;0;7;0;6;0;7;1;A01
201000005512;0;33;0;0;2;1;1;B02
201000005512;0;7;0;0;0;7;19;A01
201000005513;0;1;0;8;0;1;0;A01
201000005514;0;10;0;0;2;3;13;B02
201000005514;0;7;0;0;2;1;1;A01
201000005515;0;7;0;0;0;9;1;A01
201000005516;0;33;0;0;2;1;1;B02
201000005516;0;7;0;0;2;8;19;A01
201000005517;0;7;0;2;0;7;14;A01
201000005518;0;7;0;0;2;1;1;A01
201000005518;0;10;0;0;2;5;1;B02
201000005519;0;7;0;16;0;9;1;A01
201000005520;0;36;0;0;0;7;1;A01
201000005521;0;7;0;16;0;3;1;A01
201000005522;0;7;0;2;0;2;14;A01
201000005523;0;7;0;0;0;0;0;A01
201000005524;0;7;0;8;0;1;1;A01
201000005525;0;7;0;0;2;1;1;A01
201000005525;0;2;0;0;2;7;19;B02
201000005526;0;7;0;0;2;3;13;A01
201000005526;0;7;0;0;2;3;1;B02
201000005527;0;21;0;0;2;6;19;A01
201000005527;0;30;0;0;2;1;1;B02
201000005528;0;14;0;0;1;2;1;A01
201000005529;0;7;0;3;2;1;1;B02
201000005529;0;7;0;0;2;1;1;A01
201000005530;0;7;0;0;2;3;19;B02
201000005530;0;33;0;0;2;1;1;A01
201000005531;0;2;0;0;2;1;13;A01
201000005531;0;10;0;0;2;3;1;B02
201000005532;0;7;0;0;2;1;1;B02
201000005532;0;7;0;0;2;1;5;A01
201000005533;0;7;0;0;2;1;1;B02
201000005533;0;1;0;0;2;8;19;A01
201000005534;0;7;0;0;2;1;2;C03
201000005534;0;7;0;0;2;1;2;B02
201000005534;0;7;0;0;2;9;15;A01
201000005535;0;30;0;0;2;8;1;A01
201000005535;0;7;0;0;2;8;15;B02
201000005536;0;7;0;6;0;1;13;A01
201000005537;0;31;0;0;2;1;1;A01
201000005537;0;7;0;0;2;5;15;B02
201000005538;0;10;0;13;0;1;1;A01
201000005539;0;7;0;0;0;0;1;A01
201000005540;0;7;0;0;2;2;12;A01
201000005540;0;1;0;0;2;8;1;B02
201000005541;0;7;0;8;0;2;1;A01
201000005542;0;7;0;0;2;4;0;B02
201000005542;0;10;0;0;2;1;2;A01
201000005543;0;7;0;13;0;0;1;A01
201000005544;0;30;0;0;2;1;1;B02
201000005544;0;7;0;0;2;3;5;A01
201000005545;0;2;0;0;2;1;1;A01
201000005545;0;7;0;0;2;5;11;B02
201000005546;0;7;0;0;0;9;0;A01
201000005547;0;7;0;0;2;1;1;A01
201000005547;0;3;0;0;2;7;1;B02
201000005548;0;33;0;0;0;1;1;A01
201000005548;0;7;0;0;0;6;15;B02
201000005549;0;7;0;15;0;2;1;A01
201000005550;0;7;0;6;0;1;1;A01
201000005551;0;7;0;1;0;3;1;A01
201000005552;0;33;0;0;2;1;1;B02
201000005552;0;7;0;0;2;3;15;A01
201000005553;0;33;0;0;0;0;1;B02
201000005553;0;7;0;0;0;0;15;A01
201000005554;0;2;0;0;2;7;1;A01
201000005554;0;7;0;0;2;1;1;B02
201000005555;0;7;0;0;0;3;1;A01
201000005556;0;10;0;0;0;7;1;A01
201000005557;0;10;0;0;0;5;15;B02
201000005557;0;33;0;0;2;2;1;A01
201000005558;0;7;0;0;2;1;1;A01
201000005558;0;14;0;0;2;3;1;B02
201000005559;0;1;0;0;0;4;1;A01
201000005559;0;7;0;0;9;2;1;B02
201000005560;0;33;0;2;0;1;1;A01
201000005561;0;7;0;0;2;5;1;A01
201000005561;0;7;0;0;2;1;1;B02
201000005562;0;7;0;8;0;1;1;A01
201000005563;0;7;0;0;2;3;1;B02
201000005563;0;7;0;0;2;3;13;A01
201000005564;0;7;0;0;2;1;1;A01
201000005565;0;7;0;16;0;0;14;A01
201000005566;0;2;0;0;2;1;13;A01
201000005566;0;7;0;0;2;3;1;B02
201000005567;0;7;0;0;0;1;1;C03
201000005567;0;7;0;0;0;6;15;A01
201000005567;0;7;0;0;0;1;1;B02
201000005568;0;10;0;0;1;6;20;A01
201000005569;0;7;0;16;0;9;1;A01
201000005570;0;31;0;0;2;0;19;A01
201000005570;0;21;0;0;2;8;1;B02
201000005571;0;7;0;0;2;1;16;A01
201000005571;0;7;0;0;2;1;1;B02
201000005572;0;7;0;2;0;3;1;A01
201000005573;0;7;0;0;2;7;15;A01
201000005573;0;7;0;0;2;1;1;B02
201000005574;0;7;0;0;2;3;1;B02
201000005574;0;30;0;0;2;8;19;A01
201000005575;0;7;0;0;2;3;19;A01
201000005575;0;7;0;0;2;1;1;B02
201000005576;0;7;0;1;0;2;1;C03
201000005576;0;7;0;0;0;8;1;B02
201000005576;0;7;0;0;2;2;17;A01
201000005577;0;7;0;0;2;1;1;B02
201000005577;0;7;0;0;2;7;13;A01
201000005578;0;10;0;0;2;3;1;B02
201000005578;0;7;0;0;2;3;1;A01
201000005579;0;7;0;0;1;3;1;A01
201000005580;0;10;0;0;2;4;23;B02
201000005580;0;33;0;0;2;3;2;A01
201000005581;0;10;0;0;2;3;1;B02
201000005581;0;33;0;0;2;3;13;A01
201000005582;0;33;0;16;0;8;1;A01
201000005583;0;7;0;0;0;9;19;A01
201000005584;0;7;0;2;0;9;14;A01
201000005585;0;7;0;0;9;7;1;A01
201000005585;0;1;0;0;2;1;1;B02
201000005586;0;7;0;0;2;3;23;A01
201000005586;0;7;0;14;0;1;1;B02
201000005587;0;17;0;12;0;1;1;A01
201000005588;0;7;0;2;0;2;1;A01
201000005589;0;7;0;0;2;1;1;B02
201000005589;0;7;0;0;2;8;19;A01
201000005590;0;7;0;0;2;3;1;A01
201000005590;0;2;0;0;2;3;17;B02
201000005591;0;7;0;0;0;4;1;B02
201000005591;0;2;0;0;2;1;2;A01
201000005592;0;10;0;0;2;2;1;B02
201000005592;0;7;0;0;2;6;9;A01
201000005593;0;10;0;0;2;3;1;B02
201000005593;0;7;0;0;2;3;13;A01
201000005594;0;2;0;0;0;0;1;A01
201000005595;0;7;0;0;2;7;1;B02
201000005595;0;7;0;0;2;1;1;A01
201000005596;0;31;0;0;2;1;1;B02
201000005596;0;7;0;0;0;7;19;A01
201000005597;0;17;0;0;0;8;16;A01
201000005598;0;31;0;11;0;1;17;A01
201000005599;0;7;0;2;0;1;1;A01
201000005600;0;7;0;16;0;8;1;A01
201000005601;0;7;0;12;0;3;1;A01
201000005602;0;7;0;0;2;3;13;A01
201000005602;0;38;53;0;2;3;1;B02
201000005603;0;7;0;0;2;6;21;B02
201000005603;0;7;0;0;1;1;14;A01
201000005604;0;33;0;0;2;8;0;A01
201000005604;0;7;0;0;2;3;0;B02
201000005605;0;7;0;0;2;1;13;A01
201000005605;0;14;0;0;2;8;1;B02
201000005606;0;14;0;2;0;8;1;A01
201000005607;0;33;0;0;2;1;1;B02
201000005607;0;15;0;0;2;2;15;A01
201000005608;0;7;0;0;1;0;0;A01
201000005609;0;7;0;0;2;3;2;A01
201000005609;0;21;0;0;2;5;15;B02
201000005610;0;33;0;0;2;0;1;B02
201000005610;0;7;0;0;2;5;19;A01
201000005611;0;7;0;2;0;6;1;A01
201000005612;0;7;0;6;0;8;1;A01
201000005613;0;10;0;2;0;8;1;A01
201000005614;0;7;0;2;0;1;0;A01
201000005615;0;17;0;0;2;1;1;B02
201000005615;0;7;0;0;2;3;5;A01
201000005616;0;33;0;0;1;0;1;A01
201000005617;0;7;0;0;0;3;24;B02
201000005617;0;30;0;1;0;1;1;A01
201000005618;0;7;0;0;1;1;1;A01
201000005619;0;30;0;0;2;8;1;A01
201000005619;0;7;0;0;2;1;1;B02
201000005620;0;7;0;0;2;5;13;A01
201000005620;0;7;0;0;2;1;1;B02
201000005621;0;7;0;6;0;1;13;A01
201000005622;0;7;0;0;2;1;1;B02
201000005622;0;7;0;0;2;8;5;A01
201000005623;0;7;0;2;0;2;1;A01
201000005624;0;7;0;0;2;8;1;A01
201000005624;0;33;0;0;2;1;1;B02
201000005625;0;7;0;0;2;3;1;B02
201000005625;0;30;0;0;2;1;1;A01
201000005626;0;7;0;0;2;1;13;A01
201000005626;0;17;0;0;2;1;1;B02
201000005627;0;33;0;0;2;1;1;B02
201000005627;0;38;1;0;2;7;1;A01
201000005628;0;7;0;8;0;2;1;A01
201000005629;0;7;0;0;2;1;1;B02
201000005629;0;10;0;0;2;1;2;C03
201000005629;0;7;0;0;2;1;5;A01
201000005630;0;7;0;0;2;7;15;A01
201000005630;0;33;0;0;2;1;1;B02
201000005631;0;7;0;0;2;3;1;A01
201000005631;0;32;0;0;0;8;15;B02
201000005632;0;2;0;0;9;1;1;B02
201000005632;0;2;0;0;9;4;2;A01
201000005633;0;7;0;13;0;3;13;A01
201000005634;0;10;0;0;2;1;1;B02
201000005634;0;7;0;0;0;8;15;A01
201000005635;0;7;0;2;0;2;1;A01
201000005636;0;7;0;13;0;3;1;A01
201000005637;0;7;0;6;0;7;1;A01
201000005638;0;7;0;0;2;3;1;A01
201000005638;0;7;0;0;2;3;1;B02
201000005639;0;7;0;2;0;3;1;A01
201000005640;0;7;0;8;2;1;1;A01
201000005640;0;7;0;7;2;7;19;B02
201000005641;0;31;0;0;1;1;14;A01
201000005642;0;7;0;0;2;1;1;A01
201000005642;0;7;0;0;2;8;1;B02
201000005643;0;7;0;0;0;8;9;B02
201000005643;0;15;0;0;2;2;13;A01
201000005644;0;7;0;2;0;3;1;A01
201000005645;0;21;0;0;2;8;15;B02
201000005645;0;17;0;0;2;7;17;A01
201000005646;0;7;0;0;2;1;1;A01
201000005646;0;7;0;0;2;7;19;B02
201000005647;0;10;0;2;0;3;1;A01