num_acc;senc;catv;occutc;obs;obsm;choc;manv;num_veh
201000005648;0;37;18;0;2;3;1;B02
201000005648;0;30;0;0;2;2;19;A01
201000005649;0;30;0;0;2;1;13;A01
201000005649;0;7;0;0;2;1;1;B02
201000005650;0;33;0;2;0;1;14;A01
201000005651;0;33;0;0;2;8;1;A01
201000005651;0;7;0;0;2;3;1;B02
201000005652;0;3;0;0;2;2;2;B02
201000005652;0;7;0;0;2;3;2;A01
201000005653;0;7;0;0;2;3;13;A01
201000005653;0;17;0;0;2;3;1;B02
201000005654;0;30;0;0;2;1;21;B02
201000005654;0;10;0;0;2;3;13;A01
201000005655;0;30;0;0;0;8;15;B02
201000005655;0;7;0;1;2;2;17;A01
201000005655;0;7;0;0;0;6;0;C03
201000005656;0;30;0;6;0;1;1;A01
201000005657;0;7;0;0;2;2;21;B02
201000005657;0;7;0;0;2;2;13;A01
201000005658;0;7;0;0;2;2;1;B02
201000005658;0;30;0;1;2;1;1;A01
201000005659;0;14;0;0;2;1;1;B02
201000005659;0;7;0;0;2;7;19;A01
201000005660;0;33;0;16;0;0;1;A01
201000005661;0;7;0;15;0;1;1;A01
201000005662;0;1;0;0;0;4;13;B02
201000005662;0;7;0;0;9;3;1;A01
201000005663;0;7;0;0;2;3;13;A01
201000005663;0;14;0;0;2;3;1;B02
201000005664;0;2;0;0;2;6;15;B02
201000005664;0;7;0;0;2;2;17;A01
201000005665;0;7;0;0;2;2;1;A01
201000005665;0;10;0;0;2;1;19;B02
201000005666;0;7;0;0;2;1;1;B02
201000005666;0;7;0;0;2;1;13;A01
201000005667;0;7;0;0;2;1;21;B02
201000005667;0;10;0;0;2;8;13;A01
201000005668;0;10;0;0;2;2;1;A01
201000005668;0;7;0;0;2;3;15;B02
201000005669;0;31;0;0;0;0;1;A01
201000005670;0;10;0;0;2;1;1;A01
201000005670;0;21;0;0;0;5;16;B02
201000005671;0;7;0;0;2;1;1;B02
201000005671;0;7;0;0;2;2;19;A01
201000005672;0;17;0;16;0;9;1;A01
201000005672;0;17;0;0;2;8;1;B02
201000005673;0;7;0;0;2;1;1;A01
201000005673;0;14;0;0;2;1;1;B02
201000005674;0;7;0;13;0;1;1;A01
201000005675;0;30;0;0;2;0;13;A01
201000005675;0;7;0;0;2;1;1;B02
201000005676;0;10;0;0;2;7;1;B02
201000005676;0;21;0;0;2;3;23;A01
201000005677;0;7;0;13;0;2;1;A01
201000005678;0;7;0;0;2;2;13;A01
201000005678;0;7;0;0;2;3;1;B02
201000005679;0;7;0;2;0;2;1;A01
201000005680;0;7;0;0;2;1;1;B02
201000005680;0;2;0;0;2;1;13;A01
201000005681;0;7;0;0;2;7;13;A01
201000005681;0;7;0;0;2;1;1;B02
201000005682;0;2;0;0;0;8;21;A01
201000005683;0;7;0;8;0;9;1;A01
201000005684;0;15;0;0;2;1;1;B02
201000005684;0;7;0;0;2;7;13;A01
201000005685;0;7;0;8;0;1;1;A01
201000005686;0;7;0;6;0;2;13;A01
201000005687;0;7;0;2;0;2;13;A01
201000005688;0;7;0;0;2;3;19;A01
201000005688;0;7;0;0;2;1;1;B02
201000005689;0;7;0;13;0;6;13;A01
201000005690;0;30;0;8;0;7;1;A01
201000005691;0;7;0;0;2;1;1;B02
201000005691;0;7;0;0;2;1;13;A01
201000005692;0;7;0;6;0;3;13;A01
201000005693;0;7;0;6;0;1;1;A01
201000005694;0;31;0;6;0;8;1;A01
201000005695;0;10;0;13;0;3;1;A01
201000005696;0;7;0;0;2;6;1;C03
201000005696;0;13;0;0;2;3;11;A01
201000005696;0;7;0;0;2;8;24;B02
201000005697;0;7;0;2;0;3;13;A01
201000005698;0;7;0;2;0;3;1;A01
201000005699;0;7;0;0;2;1;1;A01
201000005699;0;31;0;0;2;1;1;B02
201000005700;0;33;0;0;2;1;1;B02
201000005700;0;7;0;0;2;3;15;A01
201000005701;0;7;0;0;2;1;1;B01
201000005701;0;7;0;13;2;7;15;A01
201000005702;0;33;0;8;0;1;17;A01
201000005703;0;7;0;0;2;3;13;A01
201000005703;0;7;0;0;2;3;1;B01
201000005704;0;7;0;0;2;1;13;A01
201000005704;0;10;0;0;2;1;1;B01
201000005705;0;7;0;1;2;7;1;B02
201000005705;0;10;0;0;2;3;19;A01
201000005706;0;7;0;0;9;9;1;C01
201000005706;0;31;0;0;2;4;1;B01
201000005706;2;7;0;0;2;3;1;A01
201000005706;0;7;0;0;2;1;1;D01
201000005707;0;7;0;0;0;9;13;A01
201000005708;0;1;0;0;2;4;1;B01
201000005708;0;7;0;0;2;2;1;A01
201000005709;0;7;0;0;2;1;17;A01
201000005709;0;7;0;0;2;1;1;B01
201000005710;0;7;0;2;0;9;1;A01
201000005711;0;7;0;0;2;1;16;A01
201000005711;0;33;0;0;2;7;1;B01
201000005712;0;7;0;0;2;2;15;A01
201000005712;0;7;0;0;2;1;1;B01
201000005713;0;33;0;6;0;3;1;A01
201000005714;0;7;0;0;2;1;1;A01
201000005714;0;7;0;0;2;3;1;B02
201000005715;0;14;0;0;2;3;1;A01
201000005715;0;7;0;1;2;6;15;B01
201000005716;0;7;0;0;2;3;13;A01
201000005716;0;7;0;0;2;8;1;B01
201000005717;0;7;0;0;2;3;1;A01
201000005717;0;21;0;0;2;2;15;B01
201000005718;0;2;0;0;0;1;1;A01
201000005719;0;30;0;0;1;2;1;A01
201000005720;0;7;0;0;0;9;1;A01
201000005721;0;7;0;0;1;3;1;A01
201000005722;0;7;0;0;0;9;0;A01
201000005723;0;1;0;8;0;7;1;A01
201000005724;0;10;0;0;2;3;1;A01
201000005724;0;2;0;0;2;8;19;B01
201000005725;0;33;0;0;2;8;1;B01
201000005725;0;7;0;0;2;8;1;A01
201000005726;0;10;0;0;2;1;13;A01
201000005726;0;10;0;0;2;1;21;B01
201000005727;0;31;0;1;0;1;1;A01
201000005727;0;7;0;0;2;1;24;B02
201000005728;0;7;0;2;0;8;1;A01
201000005729;0;7;0;0;2;3;1;A01
201000005729;0;2;0;0;2;1;16;B01
201000005730;0;7;0;0;2;3;1;B01
201000005730;0;15;0;0;2;3;13;A01
201000005731;0;7;0;0;2;3;1;B01
201000005731;0;33;0;0;2;1;13;A01
201000005732;0;10;0;0;2;1;1;B01
201000005732;0;3;0;0;2;3;15;A01
201000005733;0;7;0;0;2;3;10;A01
201000005733;0;2;0;0;2;1;1;B01
201000005734;0;7;0;2;0;1;1;A01
201000005735;0;7;0;0;1;1;2;A01
201000005736;0;15;0;13;0;0;1;A01
201000005737;0;7;0;0;2;2;2;C01
201000005737;0;17;0;0;2;1;1;B01
201000005737;0;7;0;0;2;1;13;A01
201000005738;0;7;0;13;0;2;14;A01
201000005739;0;7;0;0;0;9;13;A01
201000005740;0;7;0;0;2;8;15;B01
201000005740;0;10;0;0;2;1;17;A01
201000005741;0;10;0;0;2;1;5;A01
201000005741;0;7;0;0;2;1;1;B02
201000005742;0;7;0;0;2;1;5;A01
201000005742;0;10;0;0;2;1;1;B02
201000005743;0;33;0;0;2;1;2;A01
201000005743;0;7;0;0;2;4;2;B02
201000005744;0;7;0;3;0;1;1;A01
201000005745;0;33;0;0;0;8;15;A01
201000005746;0;33;0;16;0;1;1;A01
201000005747;0;7;0;13;0;1;13;A01
201000005748;0;7;0;0;2;2;15;B01
201000005748;0;30;0;0;2;1;16;A01
201000005749;0;33;0;0;2;1;1;B02
201000005749;0;7;0;0;2;3;15;A01
201000005750;0;14;0;0;2;3;1;A01
201000005750;0;7;0;0;2;1;13;B02
201000005751;0;7;0;10;0;3;1;A01
201000005752;0;7;0;0;2;1;2;A01
201000005752;0;7;0;0;0;4;23;B01
201000005753;0;7;0;0;2;5;1;B01
201000005753;0;7;0;0;2;7;15;A01
201000005754;0;7;0;0;2;1;1;A01
201000005754;0;7;0;0;2;2;19;B01
201000005755;0;7;0;0;2;1;1;B01
201000005755;0;7;0;0;2;6;17;A01
201000005756;0;2;0;0;2;1;1;B01
201000005756;0;7;0;0;2;1;15;A01
201000005757;0;7;0;6;0;1;1;A01
201000005758;0;14;0;0;2;1;1;B01
201000005758;0;7;0;0;2;1;13;A01
201000005759;0;7;0;8;0;5;1;A01
201000005760;0;7;0;0;0;6;1;C01
201000005760;0;7;0;0;2;3;13;A01
201000005760;0;7;0;0;0;3;1;B01
201000005761;0;33;0;13;6;1;2;A01
201000005762;0;7;0;0;2;1;1;A01
201000005762;0;1;0;0;2;1;19;B01
201000005763;0;2;0;11;0;1;13;A01
201000005764;0;2;0;6;2;2;13;A01
201000005764;0;33;0;0;2;2;1;B01
201000005765;0;7;0;0;2;3;1;A01
201000005765;0;2;0;0;2;7;1;B01
201000005766;0;30;0;0;0;0;0;A01
201000005767;0;7;0;0;2;1;1;A01
201000005767;0;2;0;0;2;1;1;B01
201000005768;0;7;0;0;1;3;1;A01
201000005769;0;7;0;0;0;0;0;A01
201000005770;0;7;0;0;2;1;17;A01
201000005770;0;7;0;0;0;3;1;B01
201000005771;0;2;0;0;2;1;13;A01
201000005771;0;14;0;0;2;1;1;B01
201000005772;0;7;0;0;1;3;1;A01
201000005773;0;30;0;0;2;7;1;B01
201000005773;0;7;0;0;2;3;9;A01
201000005774;0;31;0;13;0;7;1;A01
201000005775;0;33;0;13;0;1;1;A01
201000005776;0;10;0;0;2;8;1;A01
201000005776;0;2;0;0;2;1;19;B01
201000005777;0;30;0;0;2;1;13;B01
201000005777;0;7;0;0;2;3;1;A01
201000005778;0;7;0;0;2;1;1;B01
201000005778;0;7;0;0;2;1;15;A01
201000005779;0;7;0;2;0;3;1;A01
201000005780;0;7;0;0;2;1;1;B01
201000005780;0;7;0;0;2;7;13;A01
201000005781;0;7;0;0;2;1;1;B02
201000005781;0;7;0;0;2;1;17;A01
201000005782;0;37;0;0;2;1;1;B02
201000005782;0;7;0;5;2;9;13;A01
201000005783;0;7;0;0;2;1;1;B02
201000005783;0;7;0;0;2;3;17;A01
201000005783;0;10;0;0;2;1;1;C03
201000005784;0;7;0;0;2;2;1;B02
201000005784;0;7;0;0;2;5;16;A01
201000005785;0;7;0;0;2;1;13;A01
201000005785;0;7;0;0;2;1;1;B02
201000005786;0;7;0;0;2;2;1;A01
201000005786;0;10;0;0;2;3;1;B02
201000005787;0;31;0;6;0;9;1;A01
201000005788;0;7;0;0;0;9;17;A01
201000005789;0;7;0;0;2;1;1;B01
201000005789;0;7;0;0;2;2;1;A01
201000005790;0;7;0;2;0;8;1;A01
201000005791;0;7;0;0;2;1;1;B02
201000005791;0;7;0;0;2;1;16;A01
201000005792;0;7;0;13;0;1;1;A01
201000005793;0;7;0;0;1;1;0;A01
201000005794;0;7;0;2;0;1;1;A01
201000005795;0;31;0;0;2;1;1;B02
201000005795;0;31;0;0;2;1;1;A01
201000005796;0;14;0;0;2;3;1;B02
201000005796;0;99;0;0;2;3;1;A01
201000005797;0;7;0;0;2;3;1;B02
201000005797;0;7;0;0;2;3;13;A01
201000005798;0;7;0;13;0;9;1;A01
201000005799;0;10;0;0;2;1;1;B02
201000005799;0;33;0;0;2;1;1;A01
201000005800;0;7;0;0;2;1;1;B02
201000005800;0;7;0;0;2;1;1;C03
201000005800;0;7;0;0;2;1;17;A01
201000005801;0;7;0;0;2;1;1;B02
201000005801;0;7;0;5;2;7;19;A01
201000005802;0;7;0;2;0;7;0;A01
201000005803;0;7;0;0;2;2;13;A01
201000005803;0;15;0;0;2;3;1;B02
201000005804;0;10;0;0;1;3;17;A01
201000005805;0;7;0;0;2;3;1;B02
201000005805;0;7;0;0;2;3;13;A01
201000005806;0;7;0;0;2;1;1;A01
201000005806;0;2;0;0;2;1;1;B02
201000005807;0;7;0;0;2;1;2;A01
201000005807;0;21;0;0;0;4;2;B02
201000005808;0;7;0;2;0;3;1;A01
201000005809;0;7;0;0;2;1;1;B02
201000005809;0;7;0;0;2;7;1;A01
201000005810;0;7;0;0;1;3;1;A01
201000005811;0;10;0;10;2;1;1;B02
201000005811;0;7;0;0;2;1;13;A01
201000005812;0;10;0;13;0;3;1;A01
201000005813;0;7;0;13;0;3;1;A01
201000005814;0;7;0;8;0;1;1;A01
201000005815;0;7;0;13;0;9;2;A01
201000005816;0;7;0;0;2;2;23;B02
201000005816;0;33;0;0;2;1;1;A01
201000005817;0;1;0;0;2;8;1;B02
201000005817;0;7;0;0;9;2;17;A01
201000005818;0;7;0;0;2;3;5;A01
201000005818;0;7;0;0;2;3;5;B02
201000005819;0;7;0;13;0;9;0;A01
201000005820;0;7;0;2;6;3;1;A01
201000005821;0;7;0;0;2;3;1;A01
201000005821;0;2;0;0;2;1;13;B02
201000005822;0;7;0;0;2;3;13;A01
201000005822;0;7;0;0;2;3;1;B02
201000005823;0;7;0;13;0;1;1;A01
201000005824;0;7;0;0;2;6;15;B02
201000005824;0;7;0;0;2;2;17;A01
201000005825;0;7;0;0;2;2;17;A01
201000005825;0;2;0;0;2;8;15;B02
201000005826;0;7;0;13;0;9;1;A01
201000005827;0;7;0;0;9;1;1;A01
201000005827;0;1;0;0;2;7;1;B02
201000005828;0;7;0;0;2;1;1;B02
201000005828;0;7;0;0;2;7;19;A01
201000005829;0;7;0;6;0;3;1;A01
201000005830;0;7;0;0;2;1;13;A01
201000005830;0;7;0;0;2;1;0;B02
201000005831;0;7;0;0;2;1;0;B02
201000005831;0;14;0;0;0;1;16;A01
201000005832;0;10;0;16;0;1;1;A01
201000005833;0;7;0;0;2;1;1;A01
201000005833;0;2;0;0;2;4;15;B02
201000005834;0;7;0;0;2;1;1;B02
201000005834;0;7;0;0;0;8;1;A01
201000005835;0;10;0;2;0;1;14;A01
201000005836;0;7;0;2;0;1;1;A01
201000005837;0;7;0;2;0;7;14;A01
201000005838;0;14;0;6;0;2;1;A01
201000005839;0;7;0;0;0;8;15;B02
201000005839;0;10;0;0;2;3;1;A01
201000005840;0;7;0;15;0;1;1;A01
201000005841;0;7;0;0;2;3;1;A01
201000005841;0;10;0;0;2;3;1;B02
201000005842;0;7;0;0;2;2;1;B02
201000005842;0;30;0;0;2;2;15;A01
201000005843;0;7;0;13;0;2;1;A01
201000005844;0;2;0;6;0;7;1;A01
201000005845;0;7;0;0;2;1;1;B02
201000005845;0;7;0;0;2;3;1;A01
201000005846;0;14;0;0;2;1;1;B01
201000005846;0;7;0;0;2;7;13;A01
201000005847;0;7;0;6;0;1;14;A01
201000005848;0;7;0;8;0;9;1;A01
201000005849;0;33;0;13;0;1;1;A01
201000005850;0;7;0;0;2;3;0;B02
201000005850;0;30;0;0;2;3;13;A01
201000005851;0;7;0;0;2;2;1;A01
201000005851;0;1;0;0;2;1;15;B02
201000005852;0;7;0;0;0;2;14;A01
201000005853;0;33;0;0;0;1;1;A01
201000005854;0;33;0;0;2;1;17;A01
201000005854;0;7;0;0;2;8;17;B02
201000005855;0;33;0;0;0;9;1;A01
201000005856;0;7;0;0;2;7;13;A01
201000005856;0;7;0;0;2;1;1;B02
201000005857;0;7;0;6;0;1;1;A01
201000005858;0;14;0;2;0;1;1;A01
201000005859;0;7;0;1;0;2;1;A01
201000005860;0;10;0;2;0;7;1;A01
201000005861;0;7;0;2;0;1;14;A01
201000005862;0;30;0;0;0;0;1;A01
201000005863;0;7;0;0;2;2;1;B02
201000005863;0;7;0;13;2;7;13;A01
201000005864;0;7;0;6;0;7;1;A01
201000005865;0;7;0;0;2;2;1;B02
201000005865;0;33;0;0;2;3;13;A01
201000005866;0;21;0;0;2;3;2;B02
201000005866;0;2;0;0;2;1;2;A01
201000005867;0;7;0;0;2;1;1;B02
201000005867;0;7;0;0;2;1;13;A01
201000005868;0;7;0;8;0;8;1;A01
201000005869;0;31;0;6;0;1;1;A01
201000005870;0;7;0;13;0;2;14;A01
201000005871;0;7;0;2;0;2;1;A01
201000005872;0;7;0;0;0;0;1;A01
201000005873;0;2;0;0;2;1;17;A01
201000005873;0;21;0;0;2;6;15;B02
201000005874;0;1;0;13;0;0;1;A01
201000005875;0;7;0;13;2;1;1;A01
201000005875;0;33;0;0;9;1;1;B02
201000005876;0;7;0;0;2;8;10;A01
201000005876;0;15;0;0;2;2;1;B02
201000005877;0;7;0;0;0;1;1;A01
201000005878;0;30;0;0;2;1;1;A01
201000005878;0;31;0;0;2;3;1;B02
201000005879;0;30;0;0;0;1;1;A01
201000005880;0;2;0;0;2;9;19;A01
201000005880;0;10;0;0;2;2;1;B02
201000005881;0;7;0;1;0;8;1;C03
201000005881;0;7;0;0;2;2;1;B02
201000005881;0;7;0;0;0;6;15;A01
201000005882;0;10;0;2;0;3;1;A01
201000005883;0;14;0;0;2;3;1;B02
201000005883;0;7;0;0;2;3;1;A01
201000005884;0;15;0;0;2;3;1;B02
201000005884;0;7;0;0;2;3;13;A01
201000005885;0;2;0;0;2;1;15;A01
201000005885;0;7;0;0;2;1;1;B02
201000005886;0;7;0;4;0;3;1;A01
201000005887;0;7;0;13;0;1;1;A01
201000005888;0;7;0;0;2;8;1;B02
201000005888;0;7;0;0;2;8;13;A01
201000005889;0;7;0;13;0;1;1;A01
201000005890;0;21;0;0;1;7;21;A01
201000005891;0;7;0;13;0;1;12;A01
201000005892;0;7;0;15;0;3;13;A01
201000005893;0;7;0;0;2;1;1;A01
201000005893;0;7;0;0;2;1;1;B02
201000005894;0;7;0;13;0;3;1;A01
201000005895;0;7;0;13;0;1;1;A01
201000005896;0;10;0;0;2;2;20;A01
201000005896;0;2;0;0;2;1;1;B02
201000005897;0;7;0;13;0;1;13;A01
201000005898;0;21;0;0;2;3;15;B02
201000005898;0;33;0;0;2;2;2;A01
201000005899;0;7;0;0;1;1;1;A01
201000005900;0;7;0;0;0;7;21;A01
201000005901;0;7;0;0;1;2;19;A01
201000005902;0;10;0;0;1;3;1;A01
201000005903;0;10;0;13;0;3;13;A01
201000005904;0;10;0;2;0;1;1;A01
201000005905;0;7;0;13;0;1;1;A01
201000005906;0;7;0;0;2;1;1;A01
201000005906;0;10;0;0;2;3;15;B02
201000005907;0;7;0;0;2;3;1;B02
201000005907;0;7;0;0;2;3;1;A01
201000005908;0;10;0;0;2;3;1;A01
201000005908;0;7;0;0;2;3;1;B02
201000005909;0;14;0;0;1;5;4;A01
201000005910;0;7;0;15;0;2;1;A01
201000005911;0;7;0;13;0;8;1;A01
201000005912;0;7;0;0;1;0;1;A01
201000005913;0;7;0;0;2;3;1;B02
201000005913;0;7;0;0;0;4;15;A01
201000005914;0;21;0;0;0;9;1;A01
201000005915;0;30;0;0;0;8;1;A01
201000005916;0;99;0;8;0;1;1;A01
201000005917;0;7;0;0;2;3;5;A01
201000005917;0;1;0;0;2;7;1;B02
201000005918;0;7;0;0;2;3;5;A01
201000005918;0;7;0;0;2;3;1;B02
201000005919;0;7;0;0;0;3;1;A01
201000005919;0;1;0;0;0;1;1;B02
201000005920;0;7;0;0;2;5;13;A01
201000005920;0;7;0;0;2;5;1;B02
201000005921;0;7;0;2;0;2;1;A01
201000005922;0;7;0;0;0;7;15;A01
201000005922;0;31;0;0;0;0;1;B02
201000005923;0;7;0;0;2;3;9;A01
201000005923;0;33;0;0;2;1;1;B02
201000005924;0;7;0;0;0;3;1;B02
201000005924;0;7;0;0;0;6;1;A01
201000005924;0;33;0;0;0;4;13;C03
201000005924;0;7;0;0;0;3;1;D04
201000005925;0;10;0;6;0;1;14;A01
201000005926;0;7;0;6;0;1;1;A01
201000005927;0;7;0;0;2;1;1;A01
201000005927;0;7;0;8;2;7;19;B02
201000005928;0;7;0;0;2;1;5;B02
201000005928;0;7;0;0;2;1;1;A01
201000005929;0;7;0;0;2;1;15;A01
201000005929;0;7;0;0;2;1;1;B02
201000005930;0;7;0;0;2;3;15;A01
201000005930;0;33;0;0;2;8;1;B02
201000005931;0;14;0;0;2;2;1;A01
201000005931;0;30;0;0;2;1;15;B02
201000005932;0;14;0;2;0;8;1;A01
201000005933;0;7;0;0;2;1;1;B02
201000005933;0;38;0;0;2;1;1;A01
201000005934;0;7;0;2;0;3;13;A01
201000005935;0;1;0;0;2;1;1;B02
201000005935;0;7;0;0;2;7;15;A01
201000005936;0;31;0;8;0;3;1;A01
201000005937;0;7;0;0;0;7;15;A01
201000005937;0;2;0;0;0;1;1;B02
201000005938;0;7;0;0;1;2;1;A01
201000005939;0;7;0;16;0;1;13;A01
201000005940;0;7;0;0;0;5;15;B02
201000005940;0;7;0;0;0;3;1;C03
201000005940;0;7;0;14;0;1;1;A01
201000005940;0;7;0;0;2;6;15;D04
201000005941;0;7;0;0;2;3;10;A01
201000005941;0;33;0;0;2;1;13;B02
201000005942;0;1;0;0;2;1;13;A01
201000005942;0;7;0;0;2;3;1;B01
201000005943;0;7;0;13;0;3;1;A01
201000005944;0;7;0;0;0;8;1;A01
201000005944;0;7;0;0;0;2;15;B02
201000005945;0;7;0;0;9;5;2;A01
201000005945;0;1;0;0;2;8;1;B02
201000005946;0;7;0;16;0;1;1;A01
201000005947;0;7;0;0;2;3;13;A01
201000005947;0;10;0;0;2;8;1;B02
201000005948;0;7;0;6;0;3;1;A01
201000005949;0;7;0;15;0;2;1;A01
201000005950;0;30;0;0;0;1;0;A01
201000005951;0;7;0;6;0;6;13;A01
201000005952;0;10;0;0;2;1;19;A01
201000005952;0;7;0;0;2;1;1;B02
201000005952;0;32;0;0;2;1;1;C03
201000005953;0;33;0;6;0;1;14;A01
201000005954;0;7;0;13;0;2;1;A01
201000005955;0;7;0;0;2;1;1;A01
201000005955;2;7;0;0;2;1;13;B02
201000005956;0;7;0;16;0;1;19;A01
201000005957;0;7;0;8;0;8;1;A01
201000005958;0;7;0;0;0;6;1;A01
201000005958;0;33;0;0;2;1;17;B02
201000005959;0;7;0;1;1;1;21;A01
201000005959;0;7;0;0;2;7;23;B02
201000005960;0;7;0;13;0;1;1;A01
201000005961;0;31;0;0;2;8;1;B02
201000005961;0;7;0;0;2;1;19;A01
201000005962;0;7;0;0;2;3;1;B02
201000005963;0;1;0;0;2;7;2;B01
201000005963;0;7;0;0;2;3;9;A01
201000005964;0;7;0;2;0;1;1;A01
201000005965;0;7;0;0;1;1;1;A01
201000005966;0;33;0;13;0;1;1;A01
201000005967;0;33;0;12;0;1;1;A01
201000005968;0;7;0;0;2;3;1;B02
201000005968;0;10;0;0;2;3;1;A01
201000005969;0;7;0;0;2;3;0;B02
201000005969;0;7;0;0;2;6;1;A01
201000005970;0;33;0;0;2;1;17;A01
201000005970;0;7;0;0;2;3;19;B01
201000005971;0;30;0;0;2;1;17;B02
201000005971;0;7;0;0;2;8;2;E05
201000005971;0;31;0;0;2;1;17;A01
201000005971;0;7;0;0;2;6;1;F06
201000005971;0;30;0;0;2;1;17;C03
201000005971;0;7;0;0;2;3;1;D04
201000005972;0;34;0;0;0;1;1;A01
201000005973;0;7;0;0;2;7;13;A01
201000005973;0;10;0;0;2;1;1;B02
201000005974;0;33;0;0;2;1;1;A01
201000005974;0;7;0;0;2;7;15;B02
201000005975;0;33;0;2;0;2;1;A01
201000005976;0;36;0;0;1;3;1;A01
201000005977;0;7;0;2;0;2;14;A01
201000005978;0;7;0;0;2;3;15;A01
201000005978;0;33;0;0;2;8;1;B02
201000005979;0;7;0;0;2;3;17;B01
201000005979;0;30;0;0;2;1;1;A01
201000005980;0;7;0;6;0;5;0;A01
201000005981;0;10;0;0;2;6;19;B02
201000005981;0;7;0;0;2;3;1;A01
201000005982;0;7;0;13;0;9;1;A01
201000005983;0;10;0;12;2;3;1;B02
201000005983;0;7;0;0;2;6;1;A01
201000005984;0;14;0;0;2;3;1;B02
201000005984;0;7;0;0;2;1;1;A01
201000005985;0;7;0;0;2;2;15;A01
201000005985;0;33;0;0;2;1;1;B02
201000005986;0;7;0;9;0;8;14;A01
201000005987;0;36;0;12;0;1;1;A01
201000005988;0;7;0;2;0;1;1;A01
201000005989;0;7;0;2;0;1;1;A01
201000005990;0;34;0;0;2;4;15;B02
201000005990;0;7;0;0;2;2;17;A01
201000005991;0;7;0;0;0;1;1;A01
201000005992;0;10;0;0;2;3;1;B02
201000005992;0;10;0;0;2;5;1;A01
201000005993;0;7;0;8;0;1;1;A01
201000005994;0;7;0;0;2;7;1;A01
201000005994;0;2;0;0;2;8;1;B02
201000005995;0;7;0;1;1;2;1;A01
201000005995;0;7;0;0;0;8;23;B01
201000005996;0;7;0;4;6;2;17;A01
201000005997;0;10;0;0;1;3;1;A01
201000005998;2;7;0;13;2;8;2;B02
201000005998;0;7;0;13;2;7;2;A01
201000005999;0;2;0;0;2;1;17;B02
201000005999;0;2;0;0;2;8;15;A01
201000006000;0;33;0;13;0;1;1;A01
201000006001;0;7;0;0;2;4;23;A01
201000006001;0;30;0;0;2;1;2;B02
201000006002;0;7;0;0;0;7;19;A01
201000006002;0;33;0;0;2;1;1;B02
201000006003;0;7;0;0;2;3;13;A01
201000006003;0;7;0;0;2;3;1;B02
201000006004;0;7;0;2;2;8;1;A01
201000006004;0;7;0;0;2;1;19;B02
201000006005;0;7;0;0;2;1;1;C03
201000006005;0;7;0;0;2;3;13;A01
201000006005;0;7;0;0;2;8;1;B02
201000006006;0;7;0;0;2;2;1;A01
201000006006;0;30;0;0;2;2;19;B02
201000006007;0;7;0;0;0;7;1;A01
201000006007;0;2;0;0;2;1;19;B02
201000006008;0;33;0;0;2;1;1;B02
201000006008;0;7;0;0;2;4;13;A01
201000006009;0;7;0;0;1;1;1;A01
201000006010;0;33;0;0;2;2;12;A01
201000006010;0;7;0;0;2;3;1;B02
201000006011;0;7;0;0;2;1;15;A01
201000006011;0;1;0;0;2;1;1;B02
201000006012;0;2;0;5;0;1;1;A01
201000006012;0;7;0;0;2;2;19;B02
201000006013;0;10;0;0;2;2;15;A01
201000006013;0;33;0;0;0;1;1;B02
201000006014;0;32;0;0;2;4;2;B02
201000006014;0;7;0;0;2;1;2;A01
201000006015;0;7;0;2;0;2;13;A01
201000006016;0;2;0;0;2;1;1;B01
201000006016;0;7;0;0;2;3;19;A01
201000006017;0;7;0;0;2;6;2;C03
201000006017;0;33;0;0;2;1;2;A01
201000006017;0;7;0;0;2;5;11;B02
201000006018;0;30;0;1;0;1;13;A01
201000006019;0;37;0;0;1;2;1;A01
201000006020;0;33;0;0;2;1;17;B02
201000006020;0;7;0;0;2;8;10;A01
201000006021;0;38;0;0;1;3;7;A01
201000006022;0;7;0;0;2;8;15;B01
201000006022;0;33;0;0;2;1;17;A01
201000006023;0;7;0;0;2;3;13;A01
201000006023;0;7;0;0;2;3;1;B02
201000006024;0;7;0;2;0;8;1;A01
201000006025;0;7;0;2;0;1;1;A01
201000006026;0;33;0;0;2;1;1;A01
201000006026;0;7;0;0;0;5;16;B02
201000006027;0;7;0;0;0;1;1;A01
201000006028;0;30;0;0;2;3;1;B02
201000006029;0;7;0;0;2;3;1;A01
201000006029;0;2;0;0;2;8;15;B02
201000006030;0;33;0;13;0;1;1;A01
201000006031;0;7;0;0;2;2;13;A01
201000006031;0;7;0;0;2;2;1;B02
201000006032;0;7;0;0;2;3;9;A01
201000006032;0;2;0;0;2;2;9;B02
201000006033;0;7;0;13;0;1;1;A01
201000006034;0;7;0;0;1;1;1;A01
201000006035;0;7;0;0;2;1;19;A01
201000006035;0;34;0;0;2;1;17;B02
201000006036;0;7;0;0;2;2;9;A01
201000006036;0;7;0;0;2;8;1;C03
201000006036;0;7;0;0;2;8;1;B02
201000006036;0;7;0;0;2;1;1;D04
201000006037;0;7;0;0;2;8;15;B02
201000006037;0;32;0;0;2;2;1;A01
201000006038;0;7;0;0;1;3;1;A01
201000006039;0;7;0;0;2;3;1;A01
201000006039;0;7;0;0;2;3;1;B02
201000006040;0;7;0;0;1;1;1;A01
201000006041;0;7;0;0;2;3;1;B02
201000006041;0;7;0;0;2;1;13;A01