num_acc;senc;catv;occutc;obs;obsm;choc;manv;num_veh
201000006042;0;7;0;0;1;1;1;A01
201000006043;0;37;0;0;2;1;1;A01
201000006043;0;7;0;0;2;4;23;B02
201000006043;0;7;0;0;2;4;23;C03
201000006043;0;7;0;0;0;4;23;D04
201000006044;0;2;0;0;2;1;1;B02
201000006044;0;7;0;0;2;3;17;A01
201000006045;0;7;0;13;2;7;1;C03
201000006045;0;33;0;0;2;1;17;A01
201000006045;0;7;0;0;2;1;1;B02
201000006046;0;7;0;13;0;3;13;A01
201000006046;0;10;0;2;0;3;1;B02
201000006047;0;1;0;0;2;1;0;B02
201000006047;0;7;0;0;0;5;12;A01
201000006048;0;33;0;0;1;1;0;A01
201000006049;0;3;0;2;0;3;13;A01
201000006050;1;7;0;0;1;3;1;Z01
201000006051;0;7;0;0;2;1;1;A01
201000006051;0;1;0;0;0;4;1;B01
201000006052;0;7;0;2;0;1;14;A01
201000006053;0;7;0;0;2;1;11;A01
201000006053;0;33;0;0;2;1;1;B02
201000006054;0;1;0;0;2;7;1;B01
201000006054;0;7;0;0;2;1;15;A01
201000006055;0;7;0;2;0;2;1;A01
201000006056;0;7;0;13;0;3;13;A01
201000006057;0;10;0;0;2;3;1;C03
201000006058;0;33;0;8;0;1;1;A01
201000006059;0;7;0;0;2;3;15;A01
201000006059;0;33;0;0;2;1;1;B02
201000006060;0;7;0;0;1;7;13;A01
201000006061;0;7;0;0;2;2;15;A01
201000006061;0;2;0;0;2;1;1;B02
201000006062;0;14;0;16;0;9;1;A01
201000006063;0;7;0;0;2;3;19;A01
201000006063;0;7;0;0;2;1;1;B02
201000006064;0;7;0;2;0;1;0;A01
201000006065;0;2;0;0;2;1;1;B02
201000006065;0;3;0;0;2;1;15;A01
201000006066;0;7;0;0;2;1;1;A01
201000006066;0;7;0;0;2;1;1;B02
201000006067;0;31;0;0;2;1;1;A01
201000006067;0;7;0;0;2;8;15;B02
201000006068;0;7;0;13;0;3;13;A01
201000006069;0;7;0;2;0;1;1;A01
201000006070;0;7;0;0;2;1;5;A01
201000006070;0;7;0;0;2;1;1;B02
201000006071;0;1;0;0;2;4;1;C03
201000006071;0;1;0;0;2;4;1;B02
201000006071;0;17;0;0;9;2;17;A01
201000006072;0;7;0;3;0;1;1;A01
201000006073;0;7;0;0;2;3;15;A01
201000006073;0;30;0;0;2;1;17;B02
201000006074;0;10;0;2;0;2;1;A01
201000006075;0;7;0;2;0;3;1;A01
201000006076;0;7;0;13;0;9;1;A01
201000006077;0;30;0;10;0;1;13;A01
201000006078;0;2;0;0;2;1;18;A01
201000006078;0;17;0;0;2;7;16;B02
201000006079;0;7;0;0;2;8;15;A01
201000006079;0;30;0;0;2;1;17;B02
201000006080;0;7;0;13;0;9;14;A01
201000006081;0;33;0;0;2;1;1;A01
201000006081;0;7;0;0;2;6;19;B02
201000006082;0;7;0;0;2;3;17;A01
201000006082;0;7;0;0;2;1;1;C03
201000006082;0;7;0;0;2;3;1;B02
201000006083;0;7;0;6;0;2;15;A01
201000006084;0;7;0;2;0;8;1;A01
201000006085;0;31;0;0;2;1;1;B02
201000006085;0;7;0;0;2;8;19;A01
201000006086;0;30;0;0;0;1;1;B01
201000006086;0;7;0;0;0;2;19;A01
201000006087;0;7;0;0;2;1;1;A01
201000006087;0;7;0;0;0;4;0;B01
201000006088;0;7;0;0;2;7;15;A01
201000006088;0;33;0;0;2;1;1;B02
201000006089;0;10;0;13;0;8;1;A01
201000006090;0;7;0;0;2;3;9;A01
201000006090;0;30;0;0;2;7;1;B02
201000006091;0;7;0;2;0;3;14;A01
201000006092;0;7;0;0;2;2;15;A01
201000006092;0;2;0;0;2;1;1;B02
201000006093;0;7;0;0;2;8;1;C03
201000006093;0;7;0;0;2;1;1;B02
201000006093;0;7;0;0;2;1;13;A01
201000006094;0;7;0;0;2;1;13;A01
201000006094;0;7;0;0;2;1;1;B02
201000006095;0;7;0;0;2;3;13;A01
201000006095;0;7;0;0;2;3;1;B02
201000006096;0;7;0;1;0;5;17;A01
201000006097;0;7;0;8;0;8;1;A01
201000006098;0;7;0;0;2;1;1;B02
201000006098;0;7;0;0;2;1;13;A01
201000006099;0;17;0;3;0;1;19;A01
201000006100;0;7;0;6;0;8;1;A01
201000006101;0;7;0;0;2;1;15;A01
201000006101;0;7;0;0;2;1;1;B02
201000006102;0;7;0;2;0;1;1;A01
201000006103;0;7;0;0;2;8;1;C03
201000006103;0;7;0;0;2;3;13;A01
201000006103;0;7;0;0;2;3;1;B02
201000006104;0;10;0;0;2;3;1;C03
201000006104;0;7;0;0;2;5;15;B02
201000006104;0;7;0;0;2;3;1;A01
201000006105;0;7;0;0;2;1;13;A01
201000006105;0;10;0;0;2;1;1;B02
201000006106;0;7;0;0;2;1;13;A01
201000006106;0;7;0;0;2;1;1;B02
201000006107;0;14;0;0;2;1;1;B02
201000006107;0;2;0;0;2;1;13;A01
201000006108;0;99;0;0;9;1;1;A01
201000006109;0;7;0;13;0;1;19;A01
201000006110;0;7;0;0;2;1;13;A01
201000006110;0;7;0;0;2;1;1;C03
201000006110;0;7;0;0;2;8;1;B02
201000006111;0;2;0;0;2;1;1;A01
201000006111;0;14;0;0;2;3;1;B02
201000006112;0;7;0;0;2;8;19;A01
201000006112;0;7;0;0;2;1;1;B02
201000006113;0;7;0;0;2;7;13;A01
201000006113;0;7;0;3;2;1;1;B02
201000006114;0;7;0;0;2;1;1;B02
201000006114;0;1;0;0;2;1;13;A01
201000006115;0;30;0;0;2;8;9;A01
201000006115;0;10;0;0;2;3;1;B02
201000006116;0;1;0;0;2;8;19;A01
201000006116;0;38;0;0;9;2;1;B02
201000006117;0;7;0;0;2;8;10;A01
201000006117;0;7;0;0;2;1;1;B02
201000006118;0;17;0;0;2;3;1;B02
201000006118;0;7;0;6;2;3;13;A01
201000006119;0;7;0;0;2;0;1;A01
201000006119;0;7;0;0;2;3;1;B01
201000006120;0;7;0;2;0;2;1;A01
201000006121;0;7;0;0;2;7;1;B02
201000006121;0;7;0;0;2;1;19;A01
201000006122;0;7;0;2;0;1;13;A01
201000006123;0;7;0;0;2;8;15;B02
201000006123;0;17;0;0;2;1;1;A01
201000006124;0;7;0;0;2;3;1;B02
201000006124;0;7;0;0;2;7;19;A01
201000006125;0;7;0;6;0;3;13;A01
201000006126;0;33;0;13;0;1;21;B02
201000006126;0;15;0;0;0;0;13;A01
201000006127;0;10;0;0;2;1;19;A01
201000006127;0;7;0;0;2;8;19;B02
201000006128;0;7;0;13;2;5;1;B02
201000006128;0;7;0;0;2;1;9;A01
201000006129;0;2;0;0;2;1;13;B02
201000006129;0;7;0;0;2;3;1;A01
201000006130;0;7;0;2;0;8;17;A01
201000006131;0;2;0;0;2;7;19;A01
201000006131;0;7;0;0;2;3;1;B02
201000006132;0;7;0;0;2;1;19;A01
201000006132;0;30;0;0;2;8;1;B02
201000006133;0;7;0;0;2;2;13;A01
201000006133;0;14;0;0;2;2;13;B02
201000006134;0;7;0;0;2;2;1;B02
201000006134;0;33;0;3;2;3;19;A01
201000006135;0;10;0;13;0;1;1;A01
201000006136;0;1;0;0;2;1;16;B02
201000006136;0;7;0;0;2;4;4;A01
201000006137;0;7;0;0;2;1;15;A01
201000006137;0;7;0;0;2;2;1;B02
201000006138;0;7;0;0;2;1;6;A01
201000006138;0;33;0;0;2;8;1;B01
201000006139;0;7;0;0;2;1;1;A01
201000006139;0;7;0;0;2;7;19;B01
201000006139;0;3;0;0;2;1;23;C01
201000006139;0;30;0;0;2;8;23;D01
201000006140;0;7;0;2;0;2;1;A01
201000006141;0;7;0;0;2;3;1;B02
201000006141;0;33;0;0;2;1;13;A01
201000006142;0;33;0;0;2;1;1;B02
201000006142;0;7;0;0;2;1;15;A01
201000006143;0;33;0;0;2;1;13;A01
201000006143;0;38;0;0;2;3;21;B02
201000006144;0;7;0;2;6;1;1;A01
201000006145;0;10;0;0;0;6;1;C03
201000006145;0;33;0;0;0;8;2;A01
201000006145;0;30;0;0;0;7;2;B02
201000006146;0;7;0;0;2;6;13;B02
201000006146;0;7;0;2;2;2;17;A01
201000006147;0;10;0;0;2;3;19;B02
201000006147;0;7;0;0;2;1;1;A01
201000006148;0;7;0;2;0;1;13;A01
201000006149;0;7;0;2;0;7;1;A01
201000006150;0;7;0;0;2;2;15;B02
201000006150;0;7;0;1;2;1;1;A01
201000006151;0;14;0;0;2;1;1;B02
201000006151;0;2;0;0;2;1;1;A01
201000006152;0;7;0;2;0;1;1;A01
201000006153;0;7;0;13;0;2;1;A01
201000006154;0;7;0;2;0;9;0;A01
201000006155;0;33;0;0;2;1;21;A01
201000006155;0;7;0;0;9;2;19;B02
201000006156;0;7;0;0;2;1;1;A01
201000006156;0;7;0;0;2;3;1;B02
201000006157;0;7;0;0;2;1;0;B02
201000006157;0;14;0;0;2;3;0;A01
201000006158;0;7;0;0;0;1;0;A01
201000006159;0;14;0;1;0;7;1;A01
201000006160;0;7;0;0;2;8;15;A01
201000006160;0;31;0;0;2;3;1;B02
201000006161;0;7;0;2;0;1;21;A01
201000006162;0;33;0;16;0;8;1;A01
201000006163;0;7;0;0;2;3;1;B01
201000006163;0;7;0;0;2;3;1;A01
201000006164;0;7;0;0;2;6;1;B01
201000006164;0;7;0;0;2;1;1;A01
201000006165;0;7;0;0;0;0;17;A01
201000006165;0;2;0;0;0;0;1;B01
201000006166;0;7;0;0;1;3;1;A01
201000006167;0;7;0;0;1;1;1;A01
201000006168;0;7;0;0;1;3;15;A01
201000006169;0;14;0;0;2;3;1;A01
201000006169;0;7;0;0;2;2;5;B02
201000006170;0;1;0;0;2;4;1;C03
201000006170;0;7;0;0;9;3;21;A01
201000006170;0;10;0;0;2;1;1;B02
201000006171;0;30;0;0;2;8;9;B02
201000006171;0;7;0;0;2;1;1;A01
201000006172;0;7;0;13;0;2;1;A01
201000006173;0;7;0;0;1;7;1;A01
201000006174;0;17;0;16;0;8;2;A01
201000006175;0;7;0;0;2;4;15;B01
201000006175;0;2;0;0;2;1;1;A01
201000006176;0;10;0;0;1;3;1;A01
201000006177;0;7;0;0;2;3;16;B02
201000006177;0;2;0;0;2;1;15;A01
201000006178;0;7;0;6;0;3;1;A01
201000006179;0;7;0;16;0;9;14;A01
201000006180;0;3;0;16;0;9;1;A01
201000006181;0;10;0;2;0;7;13;A01
201000006182;0;2;0;0;2;1;1;B02
201000006182;0;2;0;0;2;7;15;A01
201000006183;0;33;0;15;0;1;0;A01
201000006184;0;17;0;0;0;4;15;B01
201000006184;0;7;0;0;2;2;1;A01
201000006185;0;7;0;0;2;1;15;A01
201000006185;0;1;0;0;2;3;1;B02
201000006186;0;10;0;0;0;3;23;B02
201000006186;0;7;0;1;0;3;1;A01
201000006187;0;1;0;0;0;0;1;A01
201000006187;0;7;0;0;2;3;21;B02
201000006188;0;7;0;6;2;3;15;B02
201000006188;0;33;0;0;2;1;17;A01
201000006189;0;14;0;0;2;1;19;A01
201000006189;0;7;0;0;2;2;1;B02
201000006190;0;7;0;0;2;3;17;A01
201000006190;0;7;0;0;2;3;1;B02
201000006191;0;7;0;0;1;1;9;A01
201000006192;0;32;0;3;0;1;1;A01
201000006193;0;1;0;2;0;1;14;A01
201000006194;0;1;0;0;2;3;15;B02
201000006194;0;7;0;0;9;2;17;A01
201000006195;0;33;0;0;0;7;1;A01
201000006196;0;10;0;13;0;3;1;A01
201000006197;0;31;0;10;0;1;1;A01
201000006198;0;7;0;0;2;1;15;A01
201000006198;0;2;0;0;2;1;1;B02
201000006199;0;7;0;0;0;6;24;B01
201000006199;0;7;0;1;0;1;14;A01
201000006200;0;7;0;0;2;2;1;B02
201000006200;0;7;0;0;2;3;9;A01
201000006201;0;7;0;6;2;7;15;A01
201000006201;0;7;0;0;2;1;1;B02
201000006202;0;7;0;2;0;2;1;B02
201000006202;0;7;0;0;0;1;19;A01
201000006203;0;7;0;0;1;7;1;A01
201000006204;0;7;0;13;0;1;1;A01
201000006205;0;33;0;0;2;1;1;B02
201000006205;0;7;0;0;2;7;15;A01
201000006206;0;7;0;0;2;3;13;A01
201000006206;0;7;0;0;2;8;1;C03
201000006206;0;7;0;0;2;3;1;B02
201000006207;0;33;0;0;2;1;1;A01
201000006207;0;30;0;0;2;4;1;B02
201000006208;0;7;0;13;0;4;14;A01
201000006209;0;7;0;13;2;3;1;C03
201000006209;0;7;0;0;2;2;15;A01
201000006209;0;30;0;0;2;1;1;B02
201000006210;0;3;0;0;2;8;19;A01
201000006210;0;7;0;0;2;1;1;B02
201000006211;0;7;0;0;2;7;1;A01
201000006211;0;7;0;0;2;1;1;B02
201000006212;0;7;0;0;2;1;1;A01
201000006212;0;7;0;0;2;1;1;C03
201000006212;0;7;0;0;2;4;1;B02
201000006213;0;7;0;0;5;1;1;A01
201000006214;0;7;0;0;2;1;15;A01
201000006214;0;7;0;0;2;1;1;B01
201000006215;0;30;0;0;1;4;1;A01
201000006216;0;33;0;0;2;1;13;A01
201000006216;0;10;0;0;2;3;21;B02
201000006217;0;7;0;0;2;3;1;A01
201000006217;0;7;0;0;2;7;1;B02
201000006218;0;2;0;1;0;1;1;A01
201000006219;0;33;0;0;2;9;17;A01
201000006219;0;7;0;0;2;3;1;B02
201000006220;0;7;0;0;1;3;14;A01
201000006221;0;7;0;13;0;1;1;A01
201000006222;0;7;0;0;0;9;1;A01
201000006223;0;7;0;2;0;1;1;A01
201000006224;0;7;0;6;0;2;0;A01
201000006225;0;7;0;13;0;9;1;A01
201000006226;0;7;0;6;0;3;1;A01
201000006227;0;7;0;4;0;1;1;A01
201000006228;0;7;0;10;0;2;1;A01
201000006229;0;7;0;0;1;6;1;A01
201000006230;0;7;0;0;0;1;1;A01
201000006231;0;7;0;0;2;3;1;A01
201000006231;0;1;0;0;2;1;13;B01
201000006232;0;1;0;2;0;2;1;A01
201000006233;0;7;0;0;2;1;1;B02
201000006233;0;7;0;0;2;1;13;A01
201000006234;0;7;0;0;0;0;0;A01
201000006235;0;7;0;0;1;3;1;A01
201000006235;0;7;0;14;0;3;1;B01
201000006236;0;7;0;0;0;4;24;B01
201000006236;0;7;0;1;0;1;2;A01
201000006237;0;7;0;11;0;1;1;A01
201000006238;0;30;0;0;0;8;15;A01
201000006239;0;7;0;8;;2;14;A01
201000006240;0;30;0;;2;1;1;A02
201000006240;0;7;0;;2;2;15;B01
201000006241;0;7;0;0;2;3;1;A01
201000006241;0;2;0;0;2;1;6;B01
201000006242;0;7;0;;2;2;9;A01
201000006242;0;2;0;;0;7;1;A02
201000006243;0;10;0;0;2;2;1;B01
201000006243;0;7;0;14;2;3;9;A01
201000006244;0;7;0;0;2;0;9;A01
201000006244;0;7;0;;2;0;15;A02
201000006245;0;7;0;13;0;1;1;A01
201000006246;0;17;0;3;0;7;1;A01
201000006247;0;7;0;2;5;3;21;A01
201000006248;0;7;0;0;9;7;17;A01
201000006248;0;1;0;0;2;8;1;B02
201000006249;0;7;0;0;1;2;1;A01
201000006250;0;30;0;0;2;1;13;A01
201000006250;0;99;0;0;2;1;1;B02
201000006251;0;7;0;0;1;2;1;A01
201000006252;0;7;0;0;2;3;13;A01
201000006252;0;7;0;0;2;2;21;B02
201000006253;0;7;0;13;0;9;1;A01
201000006254;0;7;0;13;0;9;1;A01
201000006255;0;2;0;0;2;8;1;A01
201000006255;0;17;0;0;0;0;1;B02
201000006256;0;7;0;0;2;1;1;C03
201000006256;0;17;0;0;2;1;13;A01
201000006256;0;17;0;0;2;1;1;B02
201000006257;0;7;0;6;0;1;1;A01
201000006258;0;7;0;0;2;4;1;B02
201000006258;0;7;0;0;2;2;1;C03
201000006258;0;14;0;0;2;3;1;A01
201000006259;0;35;0;0;2;3;13;A01
201000006259;0;10;0;0;2;3;1;B02
201000006260;0;7;0;0;2;1;1;A01
201000006260;0;7;0;0;2;8;19;B02
201000006261;0;31;0;15;0;1;1;A01
201000006262;0;7;0;0;2;1;1;B02
201000006262;0;7;0;0;2;2;15;A01
201000006263;0;7;0;0;2;3;1;B02
201000006263;0;7;0;14;0;2;1;C03
201000006263;0;7;0;0;2;2;0;A01
201000006264;0;7;0;0;0;7;19;A01
201000006264;0;7;0;0;2;1;1;B02
201000006265;0;7;0;0;2;3;1;B02
201000006265;0;7;0;0;2;1;13;A01
201000006266;0;7;0;13;0;1;1;A01
201000006267;0;7;0;8;0;1;1;A01
201000006268;0;14;0;0;2;3;1;B02
201000006268;0;7;0;0;2;3;19;A01
201000006269;0;7;0;0;2;1;1;B02
201000006269;0;7;0;0;2;1;1;A01
201000006270;0;10;0;0;0;3;1;B02
201000006270;0;33;0;0;2;1;13;A01
201000006271;0;2;0;6;0;1;1;A01
201000006272;0;10;0;0;2;3;5;A01
201000006272;0;10;0;0;2;3;5;B02
201000006273;0;7;0;2;0;2;1;A01
201000006274;0;7;0;0;2;3;19;B02
201000006274;0;33;0;0;2;7;1;A01
201000006275;0;7;0;13;0;9;1;A01
201000006276;0;14;0;0;2;1;15;A01
201000006276;0;30;0;0;2;1;1;B02
201000006277;0;10;0;13;0;1;1;A01
201000006278;0;10;0;0;1;2;1;A01
201000006279;0;7;0;0;1;2;14;A01
201000006280;0;7;0;13;0;3;1;A01
201000006281;0;7;0;0;2;1;15;A01
201000006281;0;7;0;0;2;3;1;B02
201000006282;0;7;0;13;0;9;14;A01
201000006283;0;7;0;0;2;1;1;A01
201000006283;0;33;0;0;2;1;1;B02
201000006284;0;7;0;0;1;8;13;A01
201000006285;0;7;0;0;2;8;13;A01
201000006285;0;33;0;0;2;8;1;B02
201000006286;0;7;0;2;0;7;1;A01
201000006287;0;2;0;0;2;1;1;B02
201000006287;0;7;0;0;2;3;15;A01
201000006288;0;33;0;0;0;0;2;A01
201000006289;0;7;0;0;2;1;1;B02
201000006289;0;33;0;0;2;1;13;A01
201000006290;0;7;0;0;6;9;1;A01
201000006291;0;33;0;0;2;3;13;A01
201000006291;0;7;0;0;2;3;1;B02
201000006292;0;33;0;0;0;0;0;A01
201000006293;0;7;0;13;0;3;13;A01
201000006294;0;7;0;0;2;1;13;A01
201000006294;0;10;0;0;2;1;1;B02
201000006295;0;7;0;2;0;2;16;A01
201000006296;0;14;0;0;2;1;1;B02
201000006296;0;10;0;0;2;2;17;A01
201000006297;0;30;0;3;0;2;0;A01
201000006298;0;7;0;0;2;3;1;B02
201000006298;0;7;0;0;2;3;13;A01
201000006299;0;7;0;0;1;3;1;A01
201000006300;0;7;0;0;1;3;1;A01
201000006301;0;7;0;0;0;6;1;B02
201000006301;0;2;0;0;2;2;15;A01
201000006302;0;33;0;13;0;1;1;A01
201000006303;0;7;0;0;0;1;14;A01
201000006304;0;7;0;14;0;1;1;A01
201000006304;0;7;0;0;0;4;15;B02
201000006305;0;7;0;0;2;3;13;A01
201000006305;0;7;0;0;2;3;1;B02
201000006306;0;7;0;0;1;7;1;A01
201000006307;0;7;0;0;1;2;4;A01
201000006308;0;7;0;13;0;1;1;A01
201000006309;0;7;0;0;0;1;1;A01
201000006310;0;7;0;13;0;0;1;A01
201000006311;0;33;0;0;1;2;1;A01
201000006312;0;7;0;0;0;3;1;C03
201000006312;0;7;0;0;0;8;1;B02
201000006312;0;7;0;0;2;3;13;A01
201000006313;0;7;0;10;0;9;1;A01
201000006314;0;7;0;6;0;1;1;A01
201000006315;0;7;0;0;0;1;1;A01
201000006316;0;7;0;13;0;2;1;A01
201000006317;0;99;0;0;2;0;0;A01
201000006318;0;1;0;0;2;1;13;A01
201000006318;0;7;0;0;2;1;1;B02
201000006319;0;7;0;8;0;1;1;A01
201000006320;0;7;0;0;2;1;1;B02
201000006320;0;7;0;0;2;7;13;A01
201000006321;0;7;0;1;1;1;13;A01
201000006322;0;7;0;6;0;3;1;A01
201000006323;0;7;0;0;2;7;13;A01
201000006323;0;7;0;0;2;1;1;B02
201000006323;0;7;0;0;2;2;1;C03
201000006324;0;1;0;0;2;1;1;B02
201000006324;0;7;0;0;2;2;15;A01
201000006325;0;7;0;2;0;9;1;A01
201000006326;0;7;0;6;0;1;1;A01
201000006327;0;7;0;0;1;1;1;A01
201000006328;0;17;0;0;1;1;1;A01
201000006329;0;7;0;0;2;7;13;A01
201000006329;0;7;0;0;2;1;1;B02
201000006330;0;7;0;2;0;3;13;A01
201000006331;0;7;0;0;0;0;16;A01
201000006332;0;7;0;6;0;1;1;A01
201000006333;0;10;0;0;2;1;13;A01
201000006333;0;7;0;0;2;1;1;B02
201000006334;0;7;0;2;0;1;1;A01
201000006335;0;10;0;16;2;6;19;A01
201000006335;0;7;0;0;2;1;1;B02
201000006336;0;17;0;8;0;3;1;A01
201000006337;0;17;0;2;0;2;14;A01
201000006338;0;7;0;0;2;3;1;B02
201000006338;0;1;0;0;2;7;19;A01
201000006339;0;7;0;0;2;3;1;B02
201000006339;0;10;0;0;2;3;13;A01
201000006340;0;33;0;0;2;1;13;B02
201000006340;0;14;0;0;2;6;19;A01
201000006341;0;17;0;0;2;2;2;A01
201000006341;0;1;0;0;2;8;2;B02
201000006342;0;33;0;8;0;1;13;A01
201000006343;0;7;0;0;2;2;1;B02
201000006343;0;10;0;0;2;2;13;A01
201000006344;0;7;0;0;2;8;19;A01
201000006344;0;7;0;0;2;1;1;B02
201000006345;0;7;0;0;2;1;13;A01
201000006345;0;7;0;0;2;1;1;B02
201000006346;0;10;0;0;2;3;1;B02
201000006346;0;7;0;0;2;1;13;A01
201000006347;0;30;0;0;2;1;1;B02
201000006347;0;7;0;0;2;5;15;A01
201000006348;0;7;0;2;0;2;1;A01
201000006349;0;7;0;0;2;3;13;A01
201000006349;0;7;0;0;2;3;1;B02
201000006350;0;7;0;2;0;1;21;A01
201000006351;0;7;0;6;0;7;1;A01
201000006352;0;7;0;0;2;1;1;B02
201000006352;0;7;0;0;2;1;14;A01
201000006353;0;33;0;0;1;1;17;A01
201000006354;0;7;0;10;0;1;1;A01
201000006355;0;7;0;13;0;1;1;A01
201000006356;0;14;0;0;4;7;1;A01
201000006356;0;39;0;0;2;1;1;B02
201000006357;0;33;0;4;0;2;1;A01
201000006358;0;7;0;0;2;3;1;A01
201000006358;0;7;0;0;2;3;1;B02
201000006359;0;7;0;0;2;1;1;A01
201000006359;0;7;0;0;2;1;13;B02
201000006360;0;7;0;0;2;2;13;A01
201000006360;0;17;0;0;2;2;1;B02
201000006361;0;7;0;0;0;4;0;A01
201000006361;0;7;0;1;0;1;0;B02
201000006362;0;7;0;0;0;1;13;A01
201000006362;0;7;0;0;0;1;1;B02
201000006363;0;7;0;0;2;4;1;A01
201000006363;0;7;0;0;2;1;1;B02
201000006364;0;7;0;0;2;2;21;B02
201000006364;0;7;0;0;2;6;1;A01
201000006365;0;7;0;0;2;1;1;C03
201000006365;0;7;0;13;2;8;21;B02
201000006365;0;7;0;13;2;1;13;A01
201000006366;0;10;0;0;2;3;13;B02
201000006366;0;15;0;0;2;3;1;A01
201000006367;0;7;0;0;1;2;1;A01
201000006368;0;7;0;4;2;1;13;A01
201000006368;0;7;0;0;2;3;0;B02
201000006369;0;14;0;0;2;2;2;A01
201000006369;0;7;0;0;2;6;15;B02
201000006370;0;7;0;13;0;7;1;A01
201000006371;0;7;0;0;2;3;1;C03
201000006371;0;7;0;0;2;2;15;A01
201000006371;0;7;0;0;2;1;1;B02
201000006372;0;7;0;13;0;1;1;A01
201000006373;0;7;0;13;2;2;15;A01
201000006373;0;99;0;13;2;1;1;B02
201000006374;0;7;0;0;2;3;13;A01
201000006374;0;14;0;0;2;3;1;B02
201000006375;0;7;0;0;2;1;19;A01
201000006375;0;10;0;0;2;3;1;B02
201000006376;0;7;0;0;0;0;14;A01
201000006377;0;7;0;2;0;1;13;A01
201000006378;0;7;0;8;0;8;21;A01
201000006379;0;7;0;2;0;3;14;A01
201000006380;0;7;0;2;0;2;14;A01
201000006381;0;30;0;0;2;8;0;A01
201000006381;0;7;0;0;2;3;15;B02
201000006382;0;7;0;0;2;1;1;B02
201000006382;0;3;0;0;2;2;19;A01
201000006383;0;7;0;0;2;8;1;B02
201000006383;0;7;0;0;2;2;19;A01
201000006384;0;10;0;0;9;1;1;A01
201000006385;0;33;0;0;0;1;1;A01
201000006386;0;3;0;13;0;3;13;A01
201000006387;0;10;0;2;0;3;13;A01
201000006388;0;2;0;0;2;1;1;B02
201000006388;0;7;0;0;2;6;19;A01
201000006389;0;7;0;15;0;2;1;A01
201000006390;0;31;0;0;1;2;1;A01
201000006391;0;10;0;0;2;3;1;B02
201000006391;0;7;0;0;2;1;13;A01
201000006392;0;7;0;0;2;1;13;A01
201000006392;0;7;0;0;2;2;1;B02
201000006393;0;7;0;0;1;3;15;A01
201000006394;0;7;0;13;0;1;1;A01
201000006395;0;14;0;2;0;3;1;A01
201000006396;0;10;0;0;2;8;15;A01
201000006396;0;7;0;0;2;2;17;B02
201000006397;0;99;0;0;1;3;1;A01
201000006398;0;7;0;2;0;2;17;A01
201000006399;0;7;0;13;0;1;1;A01
201000006400;0;33;0;0;5;3;14;A01
201000006401;0;7;0;0;0;1;1;A01
201000006402;0;7;0;0;2;6;15;B02
201000006402;0;31;0;0;2;1;17;A01
201000006403;0;7;0;2;0;7;1;A01
201000006404;0;7;0;2;0;7;1;A01
201000006405;0;17;0;0;0;7;1;B01
201000006405;0;7;0;0;2;1;0;A02
201000006406;0;7;0;0;0;4;23;B01
201000006406;0;31;0;14;0;1;2;A02
201000006407;0;7;0;0;2;8;23;B02
201000006407;0;7;0;13;1;3;23;C03
201000006407;0;7;0;0;2;3;13;A01
201000006408;0;31;0;0;2;2;17;A02
201000006408;0;7;0;0;2;8;15;B01
201000006409;0;10;0;0;2;3;13;A01
201000006409;0;7;0;0;2;3;1;B02
201000006410;0;34;0;0;2;4;23;B02
201000006410;0;7;0;0;2;2;1;A01
201000006411;0;7;0;0;2;1;0;B01
201000006411;0;7;0;0;2;3;13;A02
201000006412;0;7;0;0;1;7;1;A01
201000006413;0;7;0;8;0;1;13;A01
201000006414;0;7;0;0;2;3;1;B02
201000006414;0;15;0;0;0;0;1;C03
201000006414;0;33;0;13;2;3;17;A01
201000006415;0;33;0;0;6;1;1;A01
201000006416;0;10;0;0;2;3;1;A01
201000006416;0;7;0;0;2;3;1;B02
201000006417;0;7;0;13;2;3;19;A01
201000006417;0;7;0;13;2;1;1;B02
201000006418;0;7;0;1;1;2;14;A01
201000006419;0;7;0;2;0;7;15;A01
201000006420;0;33;0;0;2;1;17;A01
201000006420;0;7;0;0;2;8;19;B02
201000006421;0;7;0;0;1;1;1;A01
201000006422;0;7;0;0;2;3;0;C03
201000006422;0;17;0;0;2;3;21;A01
201000006422;0;7;0;0;2;6;23;B02
201000006423;0;7;0;0;2;1;1;B02
201000006423;0;30;0;0;2;2;15;A01
201000006424;0;33;0;12;0;1;1;A01
201000006425;0;7;0;0;2;1;1;A01
201000006425;0;7;0;0;2;4;24;B02
201000006426;0;33;0;0;2;1;1;B02
201000006426;0;15;0;0;2;7;15;A01
201000006427;0;7;0;8;0;5;1;A01
201000006428;0;7;0;3;0;3;13;A01
201000006429;0;31;0;16;0;1;1;A01
201000006430;0;33;0;16;0;8;1;A01
201000006431;0;33;0;0;2;1;17;A01
201000006431;0;7;0;0;2;8;15;B02
201000006432;0;7;0;0;2;1;1;B02
201000006432;0;30;0;0;2;8;19;A01
201000006433;0;1;0;0;2;0;15;A01
201000006433;0;7;0;0;2;2;17;B02
201000006434;0;99;0;13;2;3;1;B02
201000006434;0;7;0;0;2;3;13;A01
201000006435;0;7;0;0;2;1;1;A01
201000006435;0;7;0;0;2;2;15;B02
201000006436;0;33;0;0;2;1;1;B02
201000006436;0;7;0;0;2;8;15;A01