num_acc;senc;catv;occutc;obs;obsm;choc;manv;num_veh
201000006437;0;17;0;0;1;1;1;A01
201000006438;0;7;0;0;1;3;1;A01
201000006439;0;7;0;0;2;2;15;A01
201000006439;0;1;0;0;2;1;1;B02
201000006440;0;2;0;12;0;7;14;A01
201000006441;0;7;0;0;2;1;1;C03
201000006441;0;7;0;13;2;3;13;A01
201000006441;0;7;0;0;2;3;1;B02
201000006442;0;7;0;13;2;3;5;A01
201000006442;0;7;0;0;2;6;21;C03
201000006442;0;7;0;0;2;3;1;B02
201000006443;0;7;0;0;2;3;13;A01
201000006443;0;7;0;0;2;3;1;B02
201000006444;0;30;0;0;2;1;19;A01
201000006444;0;7;0;0;2;6;19;B02
201000006445;0;7;0;0;0;9;14;A01
201000006446;0;10;0;13;0;2;1;A01
201000006447;0;7;0;0;2;7;15;A01
201000006447;0;7;0;0;2;3;1;B02
201000006448;0;17;0;0;2;1;2;A01
201000006448;0;7;0;0;2;4;2;B02
201000006449;0;7;0;0;2;4;13;A01
201000006449;0;7;0;0;2;1;1;B02
201000006450;0;31;0;0;2;8;15;B02
201000006450;0;7;0;0;2;1;17;A01
201000006451;0;7;0;2;0;7;1;A01
201000006452;0;7;0;0;2;7;19;A01
201000006452;0;7;0;0;2;1;1;B02
201000006453;0;10;0;13;0;3;13;A01
201000006454;0;7;0;0;1;1;1;B02
201000006454;0;7;0;13;2;7;13;A01
201000006455;0;10;0;2;0;1;18;A01
201000006456;0;31;0;0;6;1;1;A01
201000006457;0;30;0;2;0;2;14;A01
201000006458;0;33;0;1;0;1;1;A01
201000006459;0;7;0;2;0;7;15;A01
201000006460;0;7;0;6;0;1;1;A01
201000006461;0;33;0;0;2;1;1;C03
201000006461;0;7;0;0;2;2;15;A01
201000006461;0;33;0;0;2;1;1;B02
201000006462;0;13;0;13;0;8;1;A01
201000006463;0;7;0;0;2;1;1;B02
201000006463;0;7;0;8;0;7;15;A01
201000006464;0;14;0;0;2;7;1;B01
201000006464;0;30;0;0;2;1;19;A02
201000006465;0;2;0;0;2;1;19;A01
201000006465;0;7;0;0;2;3;1;B02
201000006466;0;7;0;0;2;2;17;B02
201000006466;0;7;0;0;2;3;17;A01
201000006467;0;30;0;0;2;1;16;A01
201000006467;0;7;0;0;2;2;1;B02
201000006468;0;7;0;2;0;7;14;A01
201000006469;0;33;0;4;0;1;14;A01
201000006470;0;7;0;3;0;2;1;A01
201000006471;0;10;0;6;0;3;1;A01
201000006472;0;7;0;13;0;1;1;A01
201000006473;0;7;0;0;2;3;13;A01
201000006473;0;7;0;0;2;3;1;B01
201000006474;0;7;0;2;0;2;0;A01
201000006475;0;7;0;2;0;8;1;A01
201000006476;0;7;0;0;2;3;1;B01
201000006476;0;30;0;0;2;3;1;A01
201000006477;0;7;0;0;2;3;1;B01
201000006477;0;7;0;0;2;3;1;A01
201000006478;0;7;0;0;2;1;1;B01
201000006478;0;2;0;0;2;1;13;A01
201000006479;0;7;0;13;0;1;13;A01
201000006480;0;7;0;0;2;1;20;B01
201000006480;0;7;0;0;2;1;13;A01
201000006481;0;7;0;14;0;1;2;A01
201000006482;0;10;0;0;1;1;1;A01
201000006483;0;7;0;16;0;1;21;A01
201000006484;0;7;0;2;0;8;1;A01
201000006485;0;10;0;13;6;3;1;A01
201000006486;0;33;0;6;5;1;2;A01
201000006487;0;7;0;0;2;8;1;B01
201000006487;0;7;0;0;2;1;19;A01
201000006488;0;33;0;0;2;1;1;B01
201000006488;0;21;0;0;0;1;15;A01
201000006489;0;10;0;13;0;3;13;A01
201000006490;0;7;0;0;1;2;0;A01
201000006491;0;7;0;13;0;9;1;A01
201000006492;0;7;0;0;2;7;13;A01
201000006492;0;14;0;0;2;1;1;B01
201000006493;0;7;0;0;2;3;5;B01
201000006493;0;33;0;0;2;1;17;A01
201000006494;0;33;0;0;0;1;1;A01
201000006495;0;10;0;0;2;3;1;A01
201000006495;0;7;0;6;2;8;15;B01
201000006496;0;7;0;2;0;1;1;A01
201000006497;0;7;0;15;0;1;1;A01
201000006498;0;7;0;0;0;0;0;C01
201000006498;0;7;0;0;2;1;1;B01
201000006499;0;10;0;0;2;7;19;A01
201000006499;0;10;0;0;2;1;1;B01
201000006500;0;7;0;0;2;1;19;B01
201000006500;0;33;0;0;2;1;1;A01
201000006501;0;7;0;0;2;2;1;A01
201000006501;0;1;0;0;2;4;13;B02
201000006502;0;7;0;0;0;0;0;A01
201000006503;0;7;0;0;0;3;19;A01
201000006503;0;33;0;0;2;1;1;B01
201000006504;0;33;0;0;2;1;1;B01
201000006504;0;7;0;0;0;5;15;A01
201000006505;0;2;0;13;0;8;13;A01
201000006506;0;10;0;0;1;3;1;A01
201000006507;0;7;0;0;2;3;1;B01
201000006507;0;7;0;0;2;2;1;C01
201000006507;0;7;0;0;2;1;13;A01
201000006508;0;10;0;0;0;0;1;A01
201000006509;0;7;0;6;0;1;1;A01
201000006510;0;10;0;16;0;1;1;A01
201000006511;0;7;0;2;0;7;1;A01
201000006512;0;30;0;6;0;1;0;A01
201000006513;0;7;0;0;2;3;1;A01
201000006513;0;2;0;0;2;1;1;B01
201000006514;0;7;0;0;1;1;1;A01
201000006515;0;7;0;0;2;1;15;A01
201000006515;0;33;0;0;2;1;1;B02
201000006516;0;7;0;13;0;3;1;A01
201000006517;0;7;0;0;0;8;15;B01
201000006517;0;33;0;0;2;1;17;A01
201000006518;0;7;0;0;2;1;15;B01
201000006518;0;1;0;0;2;1;1;A01
201000006519;0;1;0;0;0;0;1;A01
201000006520;0;7;0;0;2;3;1;B01
201000006520;0;7;0;0;2;3;1;A01
201000006521;0;2;0;0;2;1;1;A01
201000006521;0;7;0;0;2;2;20;B01
201000006522;0;2;0;0;2;1;5;A01
201000006522;0;7;0;0;2;3;1;B01
201000006523;0;7;0;0;2;1;1;B02
201000006523;0;7;0;0;2;1;15;A01
201000006524;0;33;0;0;0;8;1;A01
201000006525;0;30;0;0;0;1;1;A01
201000006526;0;33;0;0;0;0;1;A01
201000006527;0;2;0;0;2;1;1;B02
201000006527;0;7;0;0;2;3;16;A01
201000006528;0;31;0;0;2;1;1;B02
201000006528;0;10;0;0;2;8;19;A01
201000006529;0;10;0;0;1;5;4;A01
201000006530;0;10;0;0;2;1;1;A01
201000006530;0;7;0;0;2;2;15;B01
201000006531;0;7;0;5;0;2;1;A01
201000006532;0;7;0;13;0;3;1;A01
201000006533;0;7;0;0;1;1;1;A01
201000006534;0;7;0;13;0;9;1;A01
201000006535;0;7;0;13;0;3;1;A01
201000006536;0;7;0;8;0;2;1;A01
201000006537;0;7;0;8;0;1;14;A01
201000006538;0;30;0;6;0;1;1;A01
201000006539;0;7;0;8;0;8;1;A01
201000006540;0;7;0;2;6;1;1;A01
201000006541;0;7;0;0;2;2;1;A01
201000006541;0;7;0;0;2;2;15;B01
201000006542;0;33;0;0;2;2;17;A01
201000006542;0;7;0;0;2;3;1;B02
201000006543;0;7;0;0;2;7;13;A01
201000006543;0;14;0;0;2;1;1;B01
201000006544;0;7;0;2;0;7;0;A01
201000006545;0;10;0;13;0;3;19;A01
201000006546;0;7;0;0;2;8;1;B01
201000006546;0;10;0;0;2;3;13;A01
201000006547;0;7;0;13;0;9;1;A01
201000006548;0;7;0;0;2;1;13;A01
201000006548;0;7;0;0;2;1;1;B01
201000006549;0;7;0;0;2;3;13;A01
201000006549;0;7;0;0;2;8;1;B01
201000006550;0;34;0;0;0;8;1;A01
201000006551;0;7;0;0;2;1;1;A01
201000006551;0;7;0;0;2;8;1;B01
201000006552;0;33;0;5;0;7;1;A01
201000006553;0;7;0;0;2;1;1;B01
201000006553;0;7;0;0;2;7;0;A01
201000006554;0;33;0;0;0;0;13;A01
201000006555;0;7;0;0;1;2;17;A01
201000006556;0;14;0;16;0;9;17;A01
201000006556;1;7;0;0;0;0;13;B02
201000006557;0;7;0;0;2;1;1;B02
201000006557;0;7;0;0;2;1;13;C03
201000006557;0;7;0;0;2;1;1;A01
201000006558;0;7;0;0;2;1;1;A01
201000006558;0;7;0;0;2;3;13;B02
201000006559;0;33;0;0;0;0;0;A01
201000006560;0;10;0;0;2;3;1;A01
201000006560;0;30;0;0;2;3;5;B02
201000006561;0;7;0;13;0;1;1;A01
201000006562;0;7;0;0;1;2;1;A01
201000006563;0;37;0;0;0;7;1;B02
201000006563;0;7;0;0;2;8;13;A01
201000006564;0;7;0;13;0;1;13;A01
201000006565;0;33;0;0;0;0;1;A01
201000006566;0;7;0;0;2;1;2;A01
201000006566;0;7;0;0;2;4;2;B02
201000006567;0;7;0;0;2;1;17;A01
201000006567;0;7;0;0;2;1;1;B02
201000006568;0;7;0;0;2;1;5;A01
201000006568;0;7;0;0;2;2;21;B02
201000006569;0;7;0;6;0;1;1;A01
201000006570;0;7;0;2;0;2;14;A01
201000006571;0;7;0;15;0;2;1;A01
201000006572;0;33;0;0;2;1;1;A01
201000006572;0;7;0;0;2;6;1;B02
201000006573;0;10;0;0;2;2;21;B02
201000006574;0;7;0;0;0;3;1;A01
201000006574;0;7;0;0;0;3;1;B02
201000006575;0;7;0;0;9;1;1;A01
201000006575;0;1;0;0;0;0;13;B02
201000006576;0;7;0;0;2;3;1;A01
201000006576;0;7;0;0;2;2;19;B02
201000006577;0;15;0;0;2;1;1;C03
201000006577;0;7;0;0;0;5;23;B02
201000006577;0;7;0;0;0;6;15;A01
201000006578;0;17;0;13;0;3;19;A01
201000006579;0;7;0;0;0;0;1;A01
201000006580;0;7;0;2;0;3;0;A01
201000006581;0;2;0;14;0;1;9;A01
201000006582;0;7;0;8;2;3;21;A01
201000006583;0;7;0;0;0;1;13;A01
201000006583;0;7;0;0;2;1;1;B02
201000006584;0;7;0;12;0;7;0;A01
201000006585;1;7;0;13;0;1;13;A01
201000006586;0;31;0;6;0;1;0;A01
201000006587;0;10;0;0;2;2;17;A01
201000006587;0;1;0;0;2;4;1;B02
201000006588;0;7;0;0;0;0;13;A01
201000006588;0;33;0;0;0;1;1;B02
201000006589;0;7;0;6;0;4;14;A01
201000006590;0;1;0;6;0;1;1;A01
201000006591;0;7;0;13;0;1;14;A01
201000006592;0;10;0;0;2;1;1;B02
201000006592;0;10;0;0;2;8;10;A01
201000006593;0;10;0;0;2;3;1;B02
201000006593;0;7;0;0;2;3;13;A01
201000006594;0;31;0;0;2;8;1;B02
201000006594;0;7;0;0;2;3;15;A01
201000006595;0;7;0;0;2;3;1;A01
201000006595;0;7;0;0;2;3;1;B02
201000006596;0;14;0;0;1;3;1;A01
201000006597;0;7;0;2;0;7;1;A01
201000006598;0;7;0;8;0;9;14;A01
201000006599;0;33;0;13;0;3;1;A01
201000006600;0;31;0;0;0;2;0;A01
201000006601;0;7;0;0;2;1;2;A01
201000006601;0;1;0;0;0;4;1;B02
201000006602;0;36;0;13;0;9;13;A01
201000006603;0;1;0;0;0;4;2;A01
201000006604;0;7;0;0;2;3;13;A01
201000006604;0;7;0;0;2;1;1;C03
201000006604;0;7;0;0;2;3;1;B02
201000006605;0;7;0;0;2;3;17;A01
201000006605;0;2;0;0;2;1;1;B02
201000006606;0;33;0;0;2;1;1;B02
201000006606;0;33;0;0;2;1;1;C03
201000006606;0;7;0;0;2;3;13;A01
201000006607;0;7;0;0;2;1;1;B02
201000006607;0;7;0;0;2;1;11;A01
201000006608;0;7;0;16;0;2;14;A01
201000006609;0;2;0;13;0;1;1;A01
201000006610;0;7;0;2;0;6;1;A01
201000006611;0;10;0;0;2;1;1;C03
201000006611;0;7;0;0;2;2;5;A01
201000006611;0;15;0;0;2;2;1;B02
201000006612;0;7;0;0;1;3;1;A01
201000006613;0;7;0;2;0;2;14;A01
201000006614;0;7;0;0;2;3;1;A01
201000006614;0;2;0;0;2;3;1;B02
201000006615;0;7;0;2;0;7;1;A01
201000006616;0;10;0;0;1;1;1;A01
201000006617;0;7;0;6;0;7;1;A01
201000006618;0;30;0;6;0;7;14;A01
201000006619;0;1;0;1;0;1;1;A01
201000006620;0;7;0;0;2;7;0;A01
201000006620;0;7;0;0;2;7;0;B02
201000006621;0;1;0;0;2;1;1;B02
201000006621;0;7;0;0;2;5;16;A01
201000006622;0;7;0;0;9;1;1;B02
201000006622;0;33;0;0;0;0;0;A01
201000006623;0;33;0;0;2;7;17;B02
201000006623;0;7;0;0;2;8;15;A01
201000006624;0;7;0;9;0;9;14;A01
201000006625;0;30;0;0;0;8;1;B02
201000006625;0;7;0;0;0;3;1;A01
201000006626;0;7;0;8;0;9;1;A01
201000006627;0;3;0;0;0;8;19;A01
201000006627;0;14;0;0;0;1;21;B02
201000006628;0;7;0;0;2;3;1;B02
201000006628;0;7;0;0;2;3;13;A01
201000006629;0;33;0;0;2;3;1;A01
201000006629;0;14;0;0;2;8;1;B02
201000006630;0;10;0;2;0;3;1;A01
201000006631;0;7;0;0;2;1;19;B02
201000006631;0;7;0;0;2;2;1;A01
201000006632;0;7;0;2;0;4;1;A01
201000006633;0;7;0;0;2;2;15;A01
201000006633;0;7;0;0;2;3;1;B02
201000006634;0;10;0;0;2;3;15;B02
201000006634;0;14;0;0;2;1;1;A01
201000006635;0;7;0;13;0;1;1;A01
201000006636;0;10;0;0;2;7;1;A01
201000006636;0;1;0;0;2;8;1;B02
201000006637;0;7;0;0;2;3;1;B02
201000006637;0;7;0;0;2;3;1;A01
201000006638;0;7;0;13;0;3;1;A01
201000006639;0;7;0;0;2;1;1;A01
201000006639;0;7;0;0;2;1;1;B02
201000006640;0;17;0;0;0;3;1;A01
201000006641;0;33;0;8;0;2;1;A01
201000006642;0;7;0;2;0;1;1;A01
201000006643;0;10;0;13;0;1;1;A01
201000006644;0;10;0;2;0;8;17;A01
201000006645;0;7;0;0;2;3;1;A01
201000006645;0;7;0;0;2;3;1;B02
201000006646;0;7;0;0;2;7;19;A01
201000006646;0;7;0;0;2;1;1;B02
201000006647;0;33;0;0;2;1;1;A01
201000006647;0;33;0;0;0;4;1;B02
201000006648;0;7;0;9;0;1;1;A01
201000006649;0;7;0;0;2;3;1;B02
201000006649;0;7;0;0;2;3;13;A01
201000006650;0;7;0;0;2;3;13;A01
201000006650;0;7;0;0;2;3;1;B02
201000006651;0;7;0;2;0;2;14;A01
201000006652;0;7;0;2;0;2;13;A01
201000006653;0;1;0;0;2;4;19;A01
201000006653;0;7;0;0;2;2;1;B02
201000006654;0;31;0;13;0;1;1;A01
201000006655;0;7;0;2;0;8;1;A01
201000006656;0;7;0;6;0;1;1;A01
201000006657;0;7;0;13;0;3;1;A01
201000006658;0;7;0;0;0;7;19;B02
201000006658;0;7;0;0;2;1;1;A01
201000006659;0;15;0;0;1;3;1;A01
201000006660;0;7;0;0;2;1;13;A01
201000006660;0;7;0;0;2;3;1;B02
201000006661;0;7;0;0;2;1;1;B02
201000006661;0;7;0;0;2;1;1;A01
201000006662;0;7;0;0;2;2;15;A01
201000006662;0;2;0;0;2;1;1;B02
201000006663;0;7;0;0;1;1;1;A01
201000006664;0;33;0;0;2;7;1;A01
201000006664;0;7;0;0;2;2;19;B02
201000006665;0;7;0;2;0;1;1;A01
201000006666;0;7;0;3;0;9;14;A01
201000006667;0;33;0;14;0;8;17;A01
201000006668;0;10;0;0;2;1;1;B02
201000006668;0;7;0;0;2;3;19;A01
201000006669;0;7;0;2;0;1;6;A01
201000006670;0;7;0;2;0;9;19;A01
201000006671;0;7;0;13;0;7;1;A01
201000006672;0;7;0;2;0;8;2;A01
201000006673;0;7;0;0;1;2;1;A01
201000006674;0;7;0;10;0;1;1;A01
201000006675;0;2;0;0;2;2;1;B02
201000006675;0;7;0;0;2;3;19;A01
201000006676;0;7;0;2;0;1;1;A01
201000006677;0;7;0;0;2;8;19;B02
201000006677;0;7;0;0;2;3;1;A01
201000006678;0;7;0;0;2;1;1;A01
201000006678;0;7;0;0;2;8;15;B02
201000006679;0;7;0;0;2;7;13;A01
201000006679;0;7;0;0;2;1;1;B02
201000006680;0;7;0;0;0;7;15;A01
201000006680;0;33;0;0;2;1;1;B02
201000006681;0;30;0;0;2;1;19;A01
201000006681;0;7;0;0;2;2;19;B02
201000006682;0;7;0;2;0;8;1;A01
201000006683;0;7;0;0;2;1;2;A01
201000006683;0;7;0;0;2;4;1;B02
201000006684;0;7;0;2;0;1;13;A01
201000006685;0;7;0;0;2;7;9;A01
201000006685;0;7;0;0;2;3;1;B02
201000006686;0;7;0;13;0;1;1;A01
201000006687;0;7;0;0;1;8;1;A01
201000006688;0;7;0;0;2;1;19;B02
201000006688;0;99;0;0;2;3;1;A01
201000006689;0;7;0;2;0;8;1;A01
201000006690;0;37;1;0;1;7;1;A01
201000006691;0;30;0;11;0;1;17;A01
201000006692;0;31;0;0;1;1;3;A01
201000006693;0;7;0;0;2;2;14;A01
201000006693;0;30;0;0;2;3;18;B02
201000006694;0;7;0;0;0;1;2;A01
201000006694;0;2;0;0;0;4;2;B02
201000006695;0;7;0;0;2;1;1;A01
201000006695;0;31;0;0;2;8;1;B02
201000006696;0;7;0;0;2;7;9;B02
201000006696;0;33;0;0;2;3;1;A01
201000006697;0;7;0;0;1;7;1;A01
201000006698;0;7;0;0;2;2;16;A01
201000006698;0;33;0;0;2;3;18;B02
201000006699;0;32;0;0;2;0;7;A01
201000006699;0;7;0;0;2;3;9;B02
201000006700;0;7;0;0;1;1;15;A01
201000006701;0;7;0;0;0;2;1;A01
201000006702;0;7;0;0;1;1;15;A01
201000006703;0;33;0;0;2;7;1;B01
201000006703;0;7;0;0;2;3;19;A01
201000006704;0;7;0;;1;1;1;A01
201000006705;0;7;0;2;0;8;14;A01
201000006706;0;7;0;0;0;2;10;A01
201000006706;0;2;0;0;0;1;1;B01
201000006707;0;7;0;0;2;1;1;A01
201000006707;0;1;0;0;2;1;5;B01
201000006708;0;7;0;1;0;1;13;A01
201000006709;0;2;0;12;0;2;0;A01
201000006710;2;7;0;0;0;9;13;A01
201000006711;0;7;0;0;2;3;1;B02
201000006711;0;7;0;0;2;1;13;A01
201000006712;0;10;0;0;2;1;1;B02
201000006712;0;7;0;0;2;1;13;A01
201000006713;0;10;0;0;1;7;1;A01
201000006714;0;3;0;0;2;1;13;A01
201000006714;0;7;0;0;2;1;1;B02
201000006715;0;7;0;2;0;1;1;A01
201000006716;0;10;0;13;0;2;14;A01
201000006717;0;7;0;0;1;1;1;B03
201000006717;0;7;0;3;0;3;13;A01
201000006718;0;7;0;13;0;3;13;A01
201000006719;0;7;0;13;0;2;1;A01
201000006720;0;7;0;0;2;7;15;A01
201000006720;0;30;0;0;2;1;1;B02
201000006721;0;10;0;3;0;1;1;A01
201000006722;0;7;0;0;5;9;21;A01
201000006723;0;7;0;2;0;3;13;A01
201000006724;0;32;0;0;2;1;1;C03
201000006724;0;7;0;0;2;0;1;A01
201000006725;0;7;0;2;0;8;1;A01
201000006726;0;7;0;0;2;1;1;A01
201000006726;0;2;0;0;2;3;19;B02
201000006727;0;7;0;0;1;3;1;A01
201000006728;0;14;0;0;2;3;1;B02
201000006728;0;7;0;0;2;3;13;A01
201000006729;0;7;0;0;2;3;19;A01
201000006729;0;10;0;0;2;1;1;B02
201000006730;0;33;0;3;0;7;17;A01
201000006730;0;38;1;0;0;3;15;B02
201000006731;0;7;0;0;0;3;1;B02
201000006731;0;7;0;0;0;7;1;A01
201000006732;0;7;0;0;2;1;13;A01
201000006732;0;7;0;0;2;1;1;B02
201000006733;0;7;0;0;0;9;14;A01
201000006734;0;7;0;0;0;9;1;A01
201000006735;0;7;0;2;0;1;1;A01
201000006736;0;10;0;2;0;7;13;A01
201000006737;0;7;0;0;1;2;1;A01
201000006738;0;7;0;6;0;1;1;A01
201000006739;0;33;0;0;2;1;13;B02
201000006739;0;7;0;0;2;3;1;A01
201000006740;0;33;0;16;0;8;1;B02
201000006740;0;10;0;0;2;2;15;A01
201000006741;0;7;0;6;0;1;1;A01
201000006742;0;7;0;8;0;8;1;A01
201000006743;0;7;0;2;0;8;1;A01
201000006744;0;10;0;2;0;1;1;A01
201000006745;0;7;0;0;2;3;1;B02
201000006745;0;10;0;0;2;8;17;A01
201000006746;0;7;0;13;0;1;1;A01
201000006747;0;7;0;13;0;1;21;D04
201000006747;0;7;0;0;2;1;17;A01
201000006747;0;7;0;0;2;1;1;B02
201000006747;0;7;0;0;2;3;1;C03
201000006748;0;17;0;0;2;1;1;C03
201000006748;0;7;0;0;2;1;13;A01
201000006748;0;7;0;0;2;1;1;B02
201000006748;0;7;0;0;0;0;15;D04
201000006749;0;7;0;6;0;2;1;A01
201000006750;0;7;0;0;2;1;1;A01
201000006750;0;7;0;0;0;8;1;B02
201000006751;0;7;0;0;2;3;13;A01
201000006751;0;17;0;0;2;3;1;B02
201000006752;0;7;0;13;0;9;1;A01
201000006753;0;30;0;0;2;1;13;A01
201000006753;0;7;0;0;2;3;1;B02
201000006754;0;7;0;8;2;1;1;B02
201000006754;0;7;0;6;2;8;15;A01
201000006755;0;7;0;0;1;8;1;A01
201000006756;0;10;0;6;0;1;13;A01
201000006757;0;7;0;2;0;1;14;A01
201000006758;0;7;0;0;2;4;15;B02
201000006758;0;7;0;1;0;1;2;A01
201000006758;0;20;0;1;0;2;5;C03
201000006759;0;7;0;0;2;2;15;B02
201000006759;0;2;0;0;2;7;1;A01
201000006760;0;10;0;0;2;2;1;A01
201000006760;0;33;0;0;2;1;1;B02
201000006761;0;7;0;6;2;1;1;A01
201000006761;0;7;0;0;2;1;1;B02
201000006762;0;7;0;0;2;1;13;A01
201000006762;0;7;0;5;2;1;1;B02
201000006763;0;1;0;0;0;6;15;B02
201000006763;0;7;0;0;0;2;17;A01
201000006764;0;7;0;10;0;3;1;A01
201000006765;0;7;0;0;2;3;1;B02
201000006765;0;2;0;0;2;1;1;A01
201000006766;0;2;0;5;0;1;1;A01
201000006767;0;31;0;6;0;1;1;A01
201000006768;0;7;0;2;0;1;1;A01
201000006769;0;7;0;2;0;8;1;A01
201000006770;0;7;0;0;0;9;17;A01
201000006771;0;33;0;0;2;1;1;B02
201000006771;0;7;0;0;2;7;15;A01
201000006772;0;2;0;0;2;1;1;B02
201000006772;0;7;0;0;0;2;1;A01
201000006773;1;7;0;0;1;3;2;A01
201000006774;0;10;0;13;0;2;1;A01
201000006775;0;7;0;2;0;1;1;A01
201000006776;0;3;0;0;2;1;21;A01
201000006776;0;7;0;0;2;5;16;B02
201000006777;0;10;0;0;2;3;1;B02
201000006777;0;7;0;0;2;3;1;A01
201000006778;0;7;0;6;0;5;1;A01
201000006779;0;7;0;10;0;1;13;A01
201000006780;0;7;0;0;2;1;1;A01
201000006780;0;7;0;0;2;8;19;B02
201000006781;0;7;0;0;2;3;15;B02
201000006781;0;7;0;0;0;7;17;A01
201000006782;0;33;0;0;2;1;5;A01
201000006782;0;7;0;0;2;1;1;B02
201000006783;0;31;0;0;0;1;1;A01
201000006784;0;7;0;2;0;3;14;A01
201000006785;0;7;0;2;0;1;1;A01
201000006786;0;7;0;0;2;8;15;A01
201000006786;0;7;0;0;2;1;1;B02
201000006787;0;7;0;0;2;1;13;A01
201000006787;0;7;0;0;2;1;1;B02
201000006788;0;33;0;0;2;1;1;A01
201000006788;0;7;0;0;2;3;15;B02
201000006789;0;21;0;0;0;3;1;A01
201000006790;0;7;0;6;0;8;17;A01
201000006791;0;10;0;0;2;2;14;B02
201000006791;0;7;0;0;2;8;13;A01
201000006792;0;17;0;0;2;2;1;B02
201000006792;0;7;0;0;2;7;13;A01
201000006793;0;7;0;0;0;7;1;A01
201000006794;0;99;0;0;2;0;1;B02
201000006794;0;7;0;0;1;3;15;A01
201000006795;0;7;0;2;0;1;1;A01
201000006796;0;7;0;0;2;8;15;A01
201000006796;0;7;0;0;2;1;1;B02
201000006797;0;7;0;10;0;3;1;A01
201000006798;0;7;0;0;2;1;1;B02
201000006798;0;7;0;0;2;1;1;A01
201000006799;0;7;0;0;1;0;1;A01
201000006800;0;7;0;0;2;7;15;A01
201000006800;0;7;0;0;2;1;1;C03
201000006800;0;7;0;0;2;1;1;B02
201000006801;0;7;0;0;2;1;1;B02
201000006801;0;7;0;0;2;3;13;A01
201000006802;0;31;0;13;0;7;1;A01
201000006803;0;7;0;2;0;1;1;A01
201000006804;0;2;0;0;2;1;1;B02
201000006804;0;7;0;0;2;1;17;A01
201000006805;0;7;0;0;2;3;13;B02
201000006805;0;33;0;0;2;1;13;A01
201000006806;0;10;0;0;2;3;1;A01
201000006806;0;7;0;0;2;2;1;B02
201000006807;0;7;0;2;0;3;1;A01
201000006808;0;7;0;0;2;2;21;B02
201000006808;0;7;0;0;2;2;13;A01
201000006809;0;10;0;6;0;9;1;A01
201000006810;0;7;0;8;0;1;1;A01
201000006811;0;31;0;13;0;1;1;A01
201000006812;0;7;0;2;0;3;1;A01
201000006813;0;30;0;9;0;2;1;A01
201000006814;0;7;0;0;2;1;1;B02
201000006814;0;7;0;14;0;7;1;C03
201000006814;0;7;0;0;2;1;13;A01
201000006815;0;7;0;0;2;1;1;C03
201000006815;0;7;0;14;0;3;1;A01
201000006815;0;7;0;0;2;6;23;B02
201000006816;0;7;0;2;0;7;1;A01
201000006817;0;7;0;0;2;2;13;A01
201000006817;0;7;0;0;2;1;1;B02
201000006818;0;7;0;13;0;1;14;A01
201000006819;0;7;0;13;0;1;14;A01
201000006820;0;1;0;13;0;1;1;A01
201000006821;0;7;0;6;0;3;1;A01
201000006822;0;7;0;0;2;1;1;B02
201000006822;0;7;0;0;2;1;13;A01
201000006823;0;1;0;0;0;8;1;B02
201000006823;0;15;0;0;0;2;16;A01
201000006824;0;7;0;0;2;1;1;A01
201000006824;0;7;0;0;2;3;16;B02
201000006825;0;7;0;0;0;2;1;A01
201000006826;0;7;0;3;0;2;1;A01
201000006827;0;7;0;8;0;9;0;A01
201000006827;0;7;0;0;9;1;0;B02
201000006828;0;15;0;13;0;7;1;A01
201000006829;0;7;0;2;0;1;1;A01
201000006830;0;7;0;2;0;3;1;A01
201000006831;0;7;0;0;2;2;15;A01
201000006831;0;2;0;0;2;1;1;B02
201000006832;0;7;0;13;0;1;1;A01
201000006833;0;10;0;0;2;3;1;B02
201000006833;0;7;0;0;2;2;13;A01
201000006834;0;7;0;2;0;1;14;A01
201000006835;0;3;0;0;2;3;15;B02
201000006835;0;7;0;2;0;2;17;A01
201000006836;0;7;0;0;2;3;13;A01
201000006836;0;7;0;0;2;3;1;B02
201000006837;0;14;0;0;2;8;15;A01
201000006837;0;33;0;0;2;1;1;B02
201000006838;0;33;0;2;0;7;1;A01
201000006839;0;10;0;2;0;8;1;A01
201000006840;0;7;0;0;2;1;13;A01
201000006840;0;10;0;0;2;2;21;B02
201000006841;0;10;0;13;1;6;19;B02
201000006841;0;7;0;0;2;3;1;A01
201000006842;0;7;0;0;2;5;1;B02
201000006842;0;31;0;0;2;3;21;A01
201000006843;0;7;0;1;0;9;1;A01
201000006844;0;15;0;0;2;3;1;B02
201000006844;0;30;0;0;0;3;1;A01
201000006845;0;10;0;8;0;1;1;A01
201000006846;0;7;0;2;0;3;13;A01
201000006847;0;7;0;2;0;8;14;A01
201000006848;0;7;0;13;0;9;1;A01
201000006849;0;2;0;0;2;1;1;B02
201000006849;0;7;0;0;2;7;1;A01
201000006850;0;2;0;0;2;4;1;B02
201000006850;0;30;0;0;2;4;1;A01
201000006851;0;7;0;0;0;6;15;B02
201000006851;0;33;0;0;2;1;17;A01
201000006852;0;1;0;0;0;4;1;B02
201000006852;0;7;0;0;2;2;1;A01
201000006853;0;7;0;0;2;1;13;A01
201000006853;0;7;0;0;2;1;1;B02
201000006854;0;7;0;2;0;8;14;A01
201000006855;0;10;0;0;9;1;1;A01
201000006856;0;7;0;0;0;3;22;A01