num_acc;senc;catv;occutc;obs;obsm;choc;manv;num_veh
201000007218;0;7;0;0;2;3;1;B02
201000007218;0;1;0;0;2;1;1;A01
201000007219;0;7;0;0;2;3;1;B02
201000007219;0;15;0;0;0;0;0;A01
201000007220;0;7;0;0;2;7;21;A01
201000007220;0;7;0;0;2;1;1;B02
201000007221;0;7;0;6;2;1;13;A01
201000007221;0;20;0;0;0;4;23;B02
201000007222;0;7;0;0;1;1;1;A01
201000007223;0;7;0;0;0;9;14;A01
201000007224;0;7;0;0;2;1;1;B02
201000007224;0;7;0;0;0;8;1;A01
201000007225;0;7;0;0;2;7;15;A01
201000007225;0;2;0;0;2;1;1;B02
201000007226;0;2;0;0;2;8;15;A01
201000007226;0;7;0;0;2;8;1;B02
201000007227;0;14;0;0;2;3;21;B02
201000007227;0;7;0;0;2;3;21;A01
201000007228;0;7;0;8;0;2;1;A01
201000007229;0;2;0;0;2;1;1;B02
201000007229;0;7;0;0;2;2;15;A01
201000007230;0;10;0;0;0;3;1;A01
201000007230;0;7;0;0;2;3;1;B02
201000007231;0;7;0;0;2;2;1;B02
201000007231;0;7;0;6;0;8;1;A01
201000007232;0;7;0;0;2;1;15;B02
201000007232;0;30;0;0;2;1;1;A01
201000007233;0;7;0;0;1;1;1;A01
201000007234;0;7;0;1;1;2;21;A01
201000007234;0;7;0;14;2;0;0;C03
201000007234;0;10;0;0;2;7;23;B02
201000007235;0;7;0;8;2;1;1;B02
201000007235;0;7;0;15;2;1;13;A01
201000007236;0;7;0;0;2;1;1;B02
201000007236;0;7;0;0;2;0;1;C03
201000007236;0;15;0;0;2;2;13;A01
201000007237;0;99;0;0;0;9;2;A01
201000007238;0;33;0;14;0;8;2;A01
201000007239;0;7;0;0;2;3;1;B02
201000007239;0;7;0;0;2;3;1;A01
201000007240;0;7;0;0;2;1;1;B02
201000007240;0;10;0;0;2;8;15;A01
201000007241;0;10;0;0;1;3;9;A01
201000007242;0;7;0;0;2;1;2;C03
201000007242;0;7;0;0;2;2;15;A01
201000007242;0;7;0;0;2;1;1;B02
201000007243;0;7;0;0;2;3;9;B02
201000007243;0;7;0;0;2;1;1;A01
201000007244;0;7;0;0;2;8;15;B02
201000007244;0;33;0;0;2;1;13;A01
201000007245;0;7;0;2;0;7;14;A01
201000007246;0;10;0;6;0;2;1;A01
201000007247;0;7;0;6;0;1;1;A01
201000007248;0;7;0;0;2;2;17;A01
201000007248;0;7;0;0;0;3;17;B02
201000007249;0;33;0;2;0;3;1;A01
201000007250;0;7;0;0;1;3;1;A01
201000007251;0;10;0;0;2;1;1;A01
201000007251;0;7;0;0;2;1;5;B02
201000007252;0;7;0;16;2;8;1;B02
201000007252;0;7;0;16;2;8;1;A01
201000007253;0;7;0;6;0;2;1;A01
201000007254;0;10;0;0;0;3;1;A01
201000007254;0;10;0;0;0;3;1;B02
201000007255;0;7;0;0;2;3;19;B02
201000007255;0;7;0;0;2;3;1;A01
201000007256;0;7;0;13;0;3;1;A01
201000007257;0;7;0;0;0;1;1;A01
201000007258;0;7;0;0;2;3;15;A01
201000007258;0;7;0;0;2;2;1;B02
201000007259;0;7;0;0;2;3;1;B02
201000007259;0;33;0;0;2;9;1;A01
201000007260;0;7;0;0;0;7;16;A01
201000007260;0;1;0;0;0;8;1;B02
201000007261;0;7;0;0;2;3;1;A01
201000007261;0;7;0;0;2;3;21;B02
201000007261;0;7;0;3;0;3;19;C03
201000007262;0;7;0;0;2;3;13;A01
201000007262;0;7;0;0;2;3;1;B02
201000007263;0;15;0;0;1;5;1;A01
201000007264;0;7;0;5;2;7;13;A01
201000007264;0;7;0;0;2;1;1;B02
201000007265;0;7;0;0;2;3;1;B02
201000007265;0;7;0;0;2;3;13;A01
201000007266;0;33;0;14;0;7;1;A01
201000007267;0;7;0;0;2;3;1;B02
201000007267;0;7;0;0;2;2;19;A01
201000007268;0;7;0;0;2;2;1;A01
201000007268;0;7;0;3;2;3;15;B02
201000007269;0;7;0;0;2;3;1;B02
201000007269;0;7;0;0;2;5;1;A01
201000007270;0;33;0;0;0;1;0;A01
201000007271;0;7;0;0;2;3;1;B02
201000007271;0;7;0;0;2;3;1;A01
201000007272;0;14;0;0;2;1;1;B02
201000007272;0;33;0;0;2;0;1;A01
201000007273;0;7;0;0;2;3;13;A01
201000007273;0;7;0;0;2;3;1;B02
201000007274;0;7;0;0;0;2;0;A01
201000007275;0;7;0;0;2;1;23;A01
201000007275;0;33;0;13;0;1;1;C03
201000007275;0;33;0;1;2;1;13;B02
201000007276;0;7;0;0;2;8;9;A01
201000007276;0;30;0;0;2;1;1;B02
201000007277;0;30;0;13;0;2;14;A01
201000007278;0;10;0;0;2;1;13;A01
201000007278;0;33;0;0;2;2;1;B02
201000007279;0;7;0;0;2;7;1;A01
201000007279;0;7;0;0;2;1;1;B02
201000007280;0;7;0;0;2;1;5;B02
201000007280;0;7;0;0;2;1;5;A01
201000007281;0;33;0;0;2;1;11;B02
201000007281;0;7;0;0;0;6;11;A01
201000007282;0;7;0;0;2;1;13;A01
201000007282;0;7;0;0;2;3;1;B02
201000007283;0;1;0;0;2;1;1;B02
201000007283;0;7;0;0;2;1;13;A01
201000007284;0;7;0;0;0;1;16;B02
201000007284;0;1;0;0;0;4;1;A01
201000007285;0;7;0;0;2;3;1;B02
201000007285;0;7;0;0;2;1;13;A01
201000007286;0;7;0;0;2;1;17;A01
201000007286;0;30;0;0;2;1;1;B02
201000007287;0;33;0;0;2;1;0;A01
201000007287;0;7;0;0;2;3;0;B02
201000007288;0;7;0;0;0;2;1;A01
201000007288;0;2;0;0;0;1;19;B02
201000007289;0;1;0;0;2;7;15;B02
201000007289;0;7;0;0;9;3;9;A01
201000007290;0;7;0;0;2;8;21;A01
201000007290;0;33;0;0;2;8;21;B02
201000007291;0;30;0;1;2;1;1;B02
201000007291;0;7;0;1;0;3;15;A01
201000007292;0;30;0;0;0;1;1;B02
201000007292;0;7;0;0;0;3;0;A01
201000007293;0;7;0;0;2;3;15;A01
201000007293;0;33;0;0;2;1;1;B02
201000007294;0;7;0;0;2;3;1;A01
201000007294;0;7;0;0;2;3;15;B02
201000007295;0;7;0;0;2;7;1;A01
201000007295;0;7;0;0;2;3;0;B02
201000007296;0;7;0;0;2;8;17;C03
201000007296;0;37;0;0;2;3;1;B02
201000007296;0;7;0;0;2;1;17;A01
201000007296;0;7;0;0;2;1;1;D04
201000007297;0;7;0;0;2;7;13;A01
201000007297;0;7;0;0;2;1;1;B02
201000007298;0;7;0;0;1;2;1;A01
201000007299;0;7;0;0;0;8;19;A01
201000007299;0;33;0;0;2;1;1;B02
201000007300;0;30;0;0;0;4;2;A01
201000007300;0;10;0;0;0;3;2;B02
201000007301;0;7;0;0;1;1;15;A01
201000007302;0;21;0;0;0;1;1;B02
201000007302;0;7;0;0;2;1;1;A01
201000007303;0;7;0;0;2;2;1;A01
201000007303;0;1;0;0;2;4;1;B02
201000007304;0;7;0;0;2;8;19;A01
201000007304;0;7;0;0;2;2;1;B02
201000007305;0;7;0;13;0;1;1;A01
201000007306;0;7;0;13;0;1;13;A01
201000007307;0;7;0;0;2;2;1;B02
201000007307;0;7;0;0;2;1;13;A01
201000007308;0;7;0;0;2;3;13;A01
201000007308;0;7;0;0;2;3;1;B02
201000007309;0;14;0;0;0;1;1;B02
201000007309;0;7;0;0;2;1;13;A01
201000007310;0;30;0;0;2;3;13;B02
201000007310;0;7;0;0;9;3;1;A01
201000007310;0;30;0;0;2;8;1;C03
201000007311;0;7;0;2;0;7;14;A01
201000007312;0;7;0;8;0;1;1;A01
201000007313;0;7;0;8;0;9;21;A01
201000007314;0;7;0;0;2;1;1;A01
201000007314;0;10;0;0;0;4;23;B02
201000007315;0;7;0;0;2;1;13;A01
201000007315;0;7;0;0;2;3;1;B02
201000007316;0;7;0;0;2;5;19;A01
201000007317;0;7;0;0;2;1;13;A01
201000007317;0;10;0;0;2;3;1;B02
201000007318;0;7;0;1;0;4;23;B02
201000007318;0;7;0;1;0;1;1;A01
201000007318;0;7;0;0;0;4;23;C03
201000007319;0;7;0;0;2;3;1;A01
201000007319;0;2;0;0;2;3;1;B02
201000007320;0;17;0;0;2;1;13;A01
201000007320;0;7;0;0;2;1;1;B02
201000007321;1;7;0;0;1;4;4;A01
201000007322;0;30;0;0;2;7;16;A01
201000007322;0;30;0;0;1;1;1;B02
201000007323;0;7;0;0;0;8;10;A01
201000007323;0;2;0;0;2;1;1;B02
201000007324;0;7;0;6;0;1;1;A01
201000007325;0;7;0;0;2;3;1;B02
201000007325;0;7;0;0;2;3;1;A01
201000007326;0;33;0;0;2;0;17;B02
201000007326;0;7;0;0;2;0;15;A01
201000007327;0;7;0;0;0;1;16;A01
201000007328;0;7;0;2;0;3;1;A01
201000007329;0;3;0;8;0;1;1;A01
201000007330;0;7;0;0;2;1;1;A01
201000007330;0;1;0;0;2;4;1;B02
201000007331;0;7;0;0;2;1;1;A01
201000007331;0;31;0;0;2;1;1;B02
201000007332;2;7;0;0;2;2;17;A01
201000007332;0;1;0;0;2;6;1;B02
201000007333;0;7;0;0;2;1;1;B02
201000007333;0;3;0;0;2;1;13;A01
201000007334;0;10;0;0;1;1;1;A01
201000007335;0;33;0;8;0;8;1;A01
201000007336;0;7;0;0;2;1;14;A01
201000007336;0;1;0;0;2;4;2;B02
201000007337;0;7;0;0;2;8;15;B02
201000007337;0;2;0;0;2;1;1;A01
201000007338;0;7;0;13;0;5;1;A01
201000007339;0;7;0;0;1;5;1;A01
201000007340;0;31;0;12;0;3;1;A01
201000007340;0;7;0;0;2;0;15;B02
201000007341;0;33;0;0;2;1;2;A01
201000007341;0;7;0;0;0;0;20;B02
201000007342;0;7;0;0;2;3;1;A01
201000007342;0;30;0;0;2;7;1;B02
201000007343;1;99;0;12;1;3;0;B02
201000007343;0;99;0;12;0;7;13;A01
201000007344;0;7;0;16;0;9;1;A01
201000007345;0;7;0;0;9;6;15;A01
201000007345;0;32;0;0;2;1;1;B02
201000007346;0;30;0;0;2;1;1;A01
201000007346;0;30;0;0;2;1;13;B02
201000007347;0;7;0;0;2;1;2;B02
201000007347;0;7;0;0;0;3;10;A01
201000007348;0;1;0;0;0;4;2;C03
201000007348;0;7;0;0;9;1;2;A01
201000007348;0;1;0;0;0;4;2;B02
201000007349;0;33;0;14;0;9;1;A01
201000007350;0;14;0;16;0;8;1;A01
201000007351;0;7;0;0;2;1;1;A01
201000007351;0;7;0;0;2;8;19;B02
201000007352;0;7;0;0;2;3;1;B02
201000007352;0;7;0;0;2;3;13;A01
201000007353;0;7;0;0;2;1;1;B02
201000007353;0;30;0;0;2;0;17;A01
201000007354;0;7;0;8;0;8;19;B02
201000007354;0;7;0;12;2;3;13;A01
201000007355;0;7;0;0;2;3;13;A01
201000007355;0;7;0;0;2;2;1;B02
201000007356;0;33;0;0;2;1;17;B02
201000007356;0;7;0;0;0;7;10;A01
201000007357;0;1;0;0;2;8;1;B02
201000007357;0;7;0;0;2;1;1;A01
201000007358;0;7;0;0;0;8;1;B02
201000007358;0;33;0;0;0;1;16;A01
201000007359;0;7;0;6;0;1;14;A01
201000007360;0;7;0;0;2;1;1;B02
201000007360;0;7;0;0;2;1;13;A01
201000007361;0;7;0;0;9;1;1;A01
201000007361;0;1;0;0;2;1;19;B02
201000007362;1;7;0;0;2;8;13;A01
201000007362;0;7;0;0;2;8;1;B02
201000007363;0;7;0;0;0;1;13;B02
201000007363;0;7;0;0;0;1;1;A01
201000007364;0;10;0;0;2;8;17;B02
201000007364;0;33;0;0;2;7;17;A01
201000007365;0;31;0;3;2;7;17;A01
201000007365;0;7;0;0;2;8;15;B02
201000007366;0;30;0;0;2;1;1;B02
201000007366;0;7;0;0;2;3;17;A01
201000007367;0;7;0;13;0;9;1;A01
201000007368;0;7;0;0;2;1;1;B02
201000007368;0;7;0;0;2;2;5;A01
201000007369;0;7;0;0;0;8;1;A01
201000007369;0;7;0;0;2;2;19;B02
201000007370;0;31;0;0;2;2;21;A01
201000007370;0;7;0;0;2;6;2;B02
201000007371;0;2;0;0;2;1;23;B02
201000007371;0;7;0;0;2;1;13;A01
201000007372;0;7;0;0;0;1;13;A01
201000007373;0;7;0;13;2;2;1;A01
201000007373;0;7;0;0;2;3;1;B02
201000007374;0;7;0;2;2;2;15;A01
201000007374;0;7;0;3;2;1;1;B02
201000007375;0;7;0;13;2;8;1;B02
201000007375;0;7;0;0;2;2;19;A01
201000007376;0;7;0;16;0;1;1;A01
201000007377;0;7;0;13;0;3;0;A01
201000007378;0;10;0;0;1;3;1;A01
201000007378;0;99;0;0;2;1;19;B02
201000007379;0;36;0;2;0;1;1;A01
201000007380;0;10;0;0;2;2;15;A01
201000007380;0;2;0;0;2;1;1;B02
201000007381;0;31;0;0;2;1;13;A01
201000007381;0;7;0;0;2;1;1;B02
201000007382;0;7;0;0;2;3;5;B02
201000007382;0;7;0;0;2;6;5;C03
201000007382;0;7;0;0;2;1;13;A01
201000007383;0;2;0;0;2;1;5;B02
201000007383;0;10;0;0;2;2;21;A01
201000007384;0;7;0;16;0;2;1;B02
201000007385;0;33;0;16;0;8;15;A01
201000007386;0;7;0;0;0;1;17;A01
201000007386;0;2;0;0;0;8;15;B02
201000007387;0;1;0;0;2;1;1;A01
201000007387;0;7;0;0;0;4;1;B02
201000007388;0;7;0;0;0;8;1;B02
201000007388;0;7;0;0;0;1;1;A01
201000007388;0;7;0;0;0;9;1;D04
201000007388;0;7;0;0;0;1;1;C03
201000007389;0;1;0;14;0;7;14;A01
201000007390;0;3;0;0;2;2;15;A01
201000007390;0;33;0;0;2;1;1;B02
201000007391;0;2;0;0;0;1;13;B02
201000007391;0;7;0;0;0;8;1;A01
201000007392;0;33;0;16;0;7;1;A01
201000007393;0;7;0;0;2;1;1;B02
201000007393;0;33;0;0;2;8;1;A01
201000007394;0;7;0;16;2;1;1;A01
201000007394;0;33;0;0;2;1;0;B02
201000007395;0;7;0;0;1;1;1;A01
201000007396;0;7;0;4;2;7;13;A01
201000007396;0;7;0;4;2;1;1;B02
201000007397;0;7;0;0;2;3;1;A01
201000007397;0;33;0;0;2;1;13;B02
201000007398;0;7;0;0;0;4;17;B02
201000007398;0;7;0;0;0;1;17;A01
201000007399;0;7;0;2;0;1;1;A01
201000007400;0;7;0;0;0;4;0;B02
201000007400;0;7;0;0;2;1;1;A01
201000007401;0;30;0;0;2;1;13;B02
201000007401;0;7;0;0;9;3;1;A01
201000007402;0;2;0;9;0;1;1;A01
201000007403;0;7;0;0;2;1;13;B02
201000007403;0;7;0;0;2;1;1;C03
201000007403;0;7;0;0;0;0;17;A01
201000007404;0;7;0;0;1;3;1;A01
201000007405;0;10;0;0;2;2;9;A01
201000007405;0;31;0;0;2;1;1;B02
201000007406;0;7;0;8;0;1;1;A01
201000007407;0;7;0;0;2;3;1;B02
201000007407;0;7;0;0;2;8;19;A01
201000007408;0;7;0;0;1;2;1;A01
201000007409;0;2;0;0;2;1;16;A01
201000007409;0;7;0;0;2;3;9;B02
201000007410;0;7;0;13;0;2;13;A01
201000007411;0;7;0;9;1;2;1;A01
201000007412;0;7;0;0;9;2;0;A01
201000007412;0;1;0;0;2;7;0;B02
201000007413;0;7;0;2;0;9;1;A01
201000007414;0;7;0;13;0;8;1;A01
201000007415;0;7;0;4;2;3;1;B02
201000007415;0;7;0;4;2;2;1;A01
201000007416;0;10;0;16;0;7;1;A01
201000007417;0;30;0;9;0;1;16;A01
201000007418;0;7;0;0;2;1;1;B02
201000007418;0;7;0;0;2;1;5;A01
201000007419;0;31;0;0;1;1;1;A01
201000007420;0;7;0;0;0;0;0;A01
201000007420;0;1;0;0;2;8;0;B02
201000007421;0;10;0;0;2;3;13;A01
201000007421;0;7;0;0;2;2;21;B02
201000007422;0;17;0;0;2;7;14;A01
201000007422;0;7;0;0;2;8;1;B02
201000007423;0;2;0;0;2;1;13;A01
201000007423;0;7;0;0;2;3;1;B02
201000007424;0;32;0;0;2;1;1;A01
201000007424;0;7;0;0;2;4;1;B02
201000007425;0;21;0;0;0;1;1;A01
201000007426;0;7;0;0;2;1;13;A01
201000007426;0;7;0;0;2;3;1;B02
201000007427;0;33;0;0;2;8;1;A01
201000007427;0;14;0;0;2;8;5;B02
201000007428;0;1;0;0;2;6;1;B02
201000007428;0;7;0;0;9;2;17;A01
201000007429;0;10;0;0;9;1;1;C03
201000007429;0;7;0;0;2;1;1;B02
201000007429;0;33;0;0;0;0;1;A01
201000007429;0;33;0;6;2;1;1;D04
201000007430;0;33;0;6;0;9;1;A01
201000007431;0;33;0;0;2;3;10;A01
201000007431;0;7;0;0;2;2;1;B02
201000007432;0;7;0;0;2;1;2;C03
201000007432;0;7;0;0;2;4;2;A01
201000007432;0;7;0;0;2;4;2;B02
201000007433;0;7;0;2;0;3;13;A01
201000007434;0;13;0;0;0;3;13;A01
201000007434;0;33;0;0;0;1;1;B02
201000007435;0;7;0;0;1;1;1;A01
201000007436;0;33;0;0;0;1;0;A01
201000007437;0;7;0;0;0;7;15;A01
201000007437;0;33;0;0;0;1;1;B02
201000007438;0;7;0;6;0;1;0;A01
201000007439;0;7;0;13;0;8;1;A01
201000007439;0;10;0;13;0;2;1;B02
201000007440;0;10;0;0;2;3;1;A01
201000007440;0;10;0;0;2;3;1;B02
201000007441;0;10;0;0;2;3;19;A01
201000007441;0;33;0;0;2;1;1;B02
201000007442;0;7;0;2;0;7;1;A01
201000007443;0;7;0;6;2;3;1;B02
201000007443;0;7;0;6;2;6;1;A01
201000007444;0;7;0;13;0;3;1;A01
201000007445;0;7;0;0;2;6;15;B02
201000007445;0;7;0;0;2;3;0;A01
201000007446;0;7;0;0;2;3;19;A01
201000007446;0;7;0;0;2;2;1;B02
201000007446;0;10;0;0;2;3;1;C03
201000007447;0;10;0;0;2;3;0;B02
201000007447;0;30;0;0;2;2;1;A01
201000007448;0;10;0;0;2;3;19;A01
201000007448;0;33;0;0;2;3;0;B02
201000007449;0;7;0;0;2;2;1;A01
201000007449;0;30;0;0;2;4;17;B02
201000007450;0;7;0;5;0;1;1;A01
201000007451;0;32;0;0;1;1;17;A01
201000007452;0;10;0;0;2;3;0;B02
201000007452;0;10;0;0;2;3;13;A01
201000007453;0;7;0;0;1;5;20;A01
201000007454;0;7;0;1;0;1;1;A01
201000007455;0;10;0;0;0;0;1;A01
201000007455;0;33;0;0;9;1;1;B02
201000007456;0;7;0;0;1;3;5;A01
201000007457;0;7;0;0;2;3;20;A01
201000007457;0;33;0;0;2;1;17;B02
201000007458;0;31;0;0;2;7;1;A01
201000007459;0;2;0;0;0;8;17;A01
201000007460;0;7;0;0;2;3;0;A01
201000007460;0;30;0;0;2;1;0;B02
201000007461;0;33;0;0;2;1;1;B02
201000007461;0;7;0;0;2;8;20;A01
201000007462;0;7;0;2;5;1;1;A01
201000007463;0;10;0;0;2;3;13;A01
201000007463;0;14;0;0;2;3;14;B02
201000007464;0;7;0;6;0;1;0;A01
201000007465;0;7;0;0;2;8;1;B02
201000007465;0;31;0;0;2;8;13;A01
201000007466;0;33;0;2;0;0;0;A01
201000007467;0;2;0;0;0;0;1;A01
201000007468;0;33;0;0;2;7;2;A01
201000007469;0;7;0;0;2;1;1;B02
201000007469;0;7;0;0;2;2;13;A01
201000007470;0;7;0;2;0;1;14;A01
201000007471;0;7;0;0;2;3;13;A01
201000007471;0;13;0;0;2;8;1;C03
201000007471;0;7;0;0;2;1;1;B02
201000007472;0;7;0;0;0;3;15;B02
201000007472;0;30;0;0;2;1;1;A01
201000007473;0;7;0;0;1;1;16;A01
201000007474;0;7;0;0;2;7;0;A01
201000007474;0;10;0;0;2;1;21;B02
201000007475;0;7;0;13;0;2;0;A01
201000007476;0;30;0;6;0;1;1;A01
201000007477;0;7;0;0;9;1;2;A01
201000007478;0;7;0;0;2;7;17;A01
201000007478;0;7;0;0;2;1;1;B02
201000007479;0;7;0;2;0;3;1;A01
201000007480;0;7;0;2;0;3;13;A01
201000007481;0;2;0;0;2;1;19;B02
201000007481;0;14;0;0;2;8;1;A01
201000007482;1;7;0;0;1;3;0;A01
201000007483;0;10;0;0;1;1;1;B02
201000007483;0;7;0;0;2;8;13;A01
201000007484;0;7;0;2;0;1;1;A01
201000007485;0;1;0;0;0;1;1;A01
201000007486;0;7;0;0;0;3;0;A01
201000007487;0;7;0;0;2;1;1;B02
201000007487;0;7;0;0;2;1;13;A01
201000007488;0;7;0;0;2;3;1;B02
201000007488;0;2;0;0;2;1;1;A01
201000007489;0;99;0;13;2;2;2;A01
201000007489;0;7;0;0;2;2;2;B02
201000007490;0;7;0;0;2;2;1;A01
201000007490;0;30;0;0;2;1;1;B02
201000007491;0;7;0;0;2;3;1;B02
201000007491;0;33;0;0;2;1;13;A01
201000007492;0;36;0;13;0;2;14;A01
201000007493;0;7;0;0;0;7;13;A01
201000007493;0;7;0;0;0;1;1;B02
201000007494;0;32;0;0;0;0;0;A01
201000007495;0;21;0;0;0;6;15;B02
201000007495;0;2;0;0;2;6;17;A01
201000007496;0;2;0;16;0;3;1;A01
201000007497;0;33;0;0;0;0;1;A01
201000007498;0;31;0;0;0;0;1;A01
201000007499;0;7;0;0;1;2;1;A01
201000007500;0;33;0;0;0;8;1;A01
201000007501;0;1;0;0;2;0;10;A01
201000007501;0;7;0;0;9;5;1;B02
201000007502;0;1;0;0;2;3;19;B02
201000007502;0;7;0;0;2;2;1;A01
201000007503;0;3;0;0;2;1;15;A01
201000007503;0;3;0;0;2;1;1;B02
201000007504;1;7;0;0;9;1;0;B02
201000007504;0;1;0;0;2;4;1;A01
201000007505;0;7;0;14;0;2;21;C03
201000007505;0;7;0;0;2;1;1;B02
201000007505;0;7;0;0;2;1;15;A01
201000007505;0;7;0;0;2;3;23;D04
201000007506;0;7;0;2;0;7;1;A01
201000007507;0;7;0;0;2;8;19;A01
201000007507;0;7;0;0;2;1;1;C03
201000007507;0;10;0;0;2;3;1;B02
201000007508;0;7;0;0;2;2;1;B02
201000007508;0;1;0;0;0;0;0;A01
201000007509;0;7;0;2;0;1;1;A01
201000007510;0;7;0;0;2;1;13;A01
201000007510;0;7;0;0;2;1;1;B02
201000007511;0;7;0;13;0;4;14;A01
201000007512;0;7;0;0;2;1;1;B02
201000007512;2;7;0;0;0;2;15;A01
201000007513;0;7;0;2;0;2;1;A01
201000007514;0;7;0;0;2;1;1;C03
201000007514;0;15;0;0;0;7;10;A01
201000007514;0;7;0;0;2;1;1;B02
201000007515;0;7;0;0;2;1;13;A01
201000007515;0;7;0;0;2;3;1;B02
201000007516;0;7;0;0;2;1;21;A01
201000007516;0;2;0;0;2;1;21;B02
201000007517;0;33;0;0;2;1;1;A01
201000007517;0;10;0;0;2;7;10;B02
201000007518;0;3;0;13;0;1;1;A01
201000007519;0;7;0;0;0;0;16;B02
201000007519;0;7;0;9;0;1;21;A01
201000007520;0;33;0;11;0;1;0;A01
201000007521;0;30;0;0;2;7;1;A01
201000007521;0;10;0;0;2;3;1;B02
201000007522;0;10;0;0;0;7;2;A01
201000007522;0;1;0;0;0;4;2;B02
201000007523;0;7;0;0;2;1;1;B02
201000007523;0;30;0;0;2;1;17;A01
201000007524;0;7;0;2;0;8;1;A01
201000007525;0;7;0;0;2;2;1;A01
201000007525;0;7;0;0;2;3;0;B02
201000007526;0;7;0;0;1;1;0;A01
201000007527;0;7;0;0;2;3;23;B02
201000007527;0;7;0;0;2;1;15;A01
201000007528;0;37;1;0;2;3;1;A01
201000007529;0;30;0;12;0;1;1;A01
201000007530;0;15;0;0;2;2;1;B02
201000007531;0;7;0;0;2;1;1;B02
201000007531;0;7;0;0;2;3;16;A01
201000007532;0;7;0;1;0;2;0;A01
201000007533;0;7;0;0;2;1;0;B02
201000007533;0;7;0;0;2;8;0;A01
201000007534;0;7;0;0;2;5;1;A01
201000007534;0;7;0;0;2;3;1;B02
201000007535;0;7;0;13;0;1;1;A01
201000007536;0;7;0;13;0;1;0;A01
201000007537;0;30;0;9;0;1;1;A01
201000007538;0;7;0;13;0;2;1;A01
201000007539;0;7;0;0;2;3;17;A01
201000007539;0;33;0;0;2;0;1;B02
201000007540;0;33;0;0;0;0;0;A01
201000007541;0;7;0;0;1;1;1;A01
201000007542;0;7;0;0;2;8;13;A01
201000007542;0;7;0;0;2;1;1;B02
201000007543;0;33;0;0;0;0;1;A01
201000007543;0;33;0;0;0;0;1;B02
201000007544;0;7;0;0;2;7;15;A01
201000007544;0;33;0;0;2;1;1;B02
201000007545;0;1;0;0;2;8;1;A01
201000007546;0;33;0;0;0;8;1;A01
201000007547;0;2;0;0;2;8;1;B02
201000007547;0;10;0;0;2;3;13;A01
201000007548;0;10;0;0;2;3;13;A01
201000007548;0;7;0;0;2;3;1;B02
201000007549;0;7;0;6;2;3;13;A01
201000007549;0;10;0;0;2;6;1;B02
201000007549;0;7;0;0;2;1;1;C03
201000007550;0;7;0;13;0;2;13;A01
201000007551;0;7;0;0;0;3;1;B02
201000007551;0;7;0;0;0;3;13;A01
201000007552;0;7;0;0;2;3;1;B02
201000007552;0;10;0;0;2;3;13;A01
201000007553;0;7;0;2;0;8;1;A01
201000007554;0;7;0;2;0;7;13;A01
201000007555;0;33;0;0;0;1;14;A01
201000007556;0;33;0;0;0;7;1;A01
201000007557;0;1;0;0;2;0;21;A01
201000007557;0;7;0;0;0;0;19;B02
201000007558;0;7;0;0;2;1;1;B02
201000007558;0;7;0;0;2;2;13;A01
201000007559;0;33;0;13;0;1;1;A01
201000007560;0;7;0;0;2;1;23;A01
201000007560;0;7;0;1;0;2;1;C03
201000007560;0;7;0;16;0;9;1;B02
201000007561;0;7;0;0;0;0;0;B02
201000007561;0;7;0;13;0;1;1;A01
201000007562;0;15;0;0;1;1;1;A01
201000007563;0;10;0;0;0;4;2;A01
201000007564;0;7;0;0;0;4;15;B02
201000007564;0;30;0;0;2;1;1;A01
201000007565;0;7;0;2;0;2;1;A01
201000007566;0;7;0;0;2;1;5;A01
201000007566;0;7;0;0;2;1;1;B02
201000007567;0;7;0;0;2;3;1;A01
201000007567;0;20;0;0;2;3;1;B02
201000007568;0;13;0;0;2;1;17;A01
201000007569;0;10;0;0;2;3;1;A01
201000007569;0;10;0;0;2;8;1;B02
201000007570;0;14;0;0;2;3;13;B02
201000007570;0;7;0;0;2;3;1;A01
201000007571;0;33;0;;2;2;17;A01
201000007571;0;10;0;;2;8;10;B02
201000007572;0;7;0;0;9;1;13;B02
201000007572;0;33;0;0;6;1;1;A01
201000007573;0;33;0;0;2;3;10;A01
201000007573;0;7;0;0;2;2;1;B02
201000007574;0;1;0;0;2;7;19;B02
201000007574;0;33;0;0;2;2;1;A01
201000007575;0;7;0;2;0;1;13;A01
201000007576;0;7;0;0;2;7;6;A01
201000007576;0;7;0;0;2;1;2;B02
201000007577;0;2;0;0;2;1;1;A01
201000007577;0;2;0;0;2;1;1;B02
201000007578;0;3;0;0;2;1;5;A01
201000007578;0;7;0;0;2;1;1;B02
201000007578;0;7;0;0;2;1;1;C03
201000007579;0;7;0;0;2;4;20;B02
201000007579;0;33;0;0;2;1;2;A01
201000007580;0;33;0;0;2;1;21;B02
201000007580;0;7;0;0;2;6;10;A01
201000007581;0;7;0;0;2;1;15;A01
201000007581;0;7;0;0;2;1;5;B02
201000007582;0;31;0;8;0;1;1;A01
201000007583;0;7;0;0;2;3;1;B02
201000007583;0;7;0;0;2;3;13;A01
201000007584;0;7;0;15;0;9;1;A01
201000007585;0;15;0;0;2;3;1;B02
201000007585;0;10;0;0;2;3;1;A01
201000007586;1;7;0;0;2;2;1;B02
201000007586;0;30;0;0;2;6;1;A01
201000007587;0;31;0;0;2;1;1;B02
201000007587;0;7;0;0;2;2;19;A01