num_acc;senc;catv;occutc;obs;obsm;choc;manv;num_veh
201000007588;0;7;0;10;0;1;14;A01
201000007589;0;7;0;3;0;1;1;A01
201000007590;0;7;0;0;2;1;1;A01
201000007590;0;33;0;0;0;4;1;B02
201000007591;0;33;0;0;2;1;1;B02
201000007591;0;7;0;0;2;7;1;A01
201000007592;0;7;0;1;1;3;1;A01
201000007593;0;7;0;0;1;1;1;A01
201000007594;0;21;0;0;2;3;10;A01
201000007594;0;33;0;0;2;1;1;B02
201000007595;0;7;0;0;1;1;1;A01
201000007596;0;7;0;0;1;2;1;A01
201000007597;0;36;0;0;2;8;13;A01
201000007597;0;7;0;0;2;1;1;B02
201000007598;0;10;0;0;2;2;0;A01
201000007598;0;2;0;0;0;0;0;B02
201000007599;0;2;0;0;2;8;1;B01
201000007599;0;7;0;0;2;1;15;A01
201000007600;0;7;0;0;1;1;1;A01
201000007601;0;33;0;0;2;1;17;B01
201000007601;0;7;0;0;2;8;10;A01
201000007602;0;7;0;13;0;1;14;A01
201000007603;0;33;0;0;0;1;1;A01
201000007604;0;31;0;1;2;1;21;B01
201000007604;0;7;0;0;2;3;15;A01
201000007605;0;7;0;0;1;2;1;A01
201000007606;0;30;0;0;2;1;1;B01
201000007606;0;7;0;0;2;6;9;A01
201000007607;0;7;0;0;2;3;1;B01
201000007607;0;7;0;0;2;1;15;A01
201000007608;0;7;0;0;2;1;17;A01
201000007608;0;7;0;0;2;1;1;B01
201000007609;0;7;0;0;1;4;1;B01
201000007609;0;7;0;0;2;1;1;A01
201000007610;0;31;0;0;2;7;0;B01
201000007610;0;7;0;0;2;2;9;A01
201000007611;0;2;0;0;0;0;0;A01
201000007612;0;7;0;0;2;1;1;B01
201000007612;0;7;0;0;2;1;16;A01
201000007613;0;2;0;0;2;1;15;A01
201000007613;0;7;0;0;2;3;1;B01
201000007614;0;7;0;0;2;3;1;B01
201000007614;0;2;0;1;2;3;13;A01
201000007615;0;7;0;0;2;3;1;C01
201000007615;0;33;0;0;2;1;17;A01
201000007615;0;7;0;0;2;3;17;B01
201000007616;0;7;0;0;2;6;15;B01
201000007616;0;2;0;0;2;1;17;A01
201000007617;0;7;0;0;0;6;15;B01
201000007617;0;2;0;0;2;1;1;A01
201000007618;0;7;0;0;2;1;1;A01
201000007618;0;7;0;0;2;3;1;B01
201000007619;0;7;0;0;1;1;1;A01
201000007620;0;7;0;0;2;3;1;A01
201000007620;0;7;0;0;2;1;1;B01
201000007621;0;7;0;0;1;1;1;A01
201000007622;0;7;0;0;1;6;4;A01
201000007623;0;7;0;0;1;3;15;A01
201000007624;0;2;0;1;2;1;17;A01
201000007624;0;7;0;0;2;1;15;B01
201000007625;0;7;0;0;2;1;13;A01
201000007625;0;7;0;0;2;3;1;B01
201000007626;0;7;0;0;1;1;1;A01
201000007627;0;7;0;0;1;1;15;A01
201000007628;0;31;0;0;2;1;1;B01
201000007628;0;7;0;0;2;5;15;A01
201000007629;0;7;0;3;2;1;1;B01
201000007629;0;7;0;0;2;1;13;A01
201000007630;0;37;1;0;2;1;1;B01
201000007630;0;2;0;0;2;1;13;A01
201000007631;0;10;0;0;0;0;1;A01
201000007632;0;2;0;0;2;7;1;B01
201000007632;0;7;0;0;2;5;15;A01
201000007633;0;7;0;16;2;1;13;A01
201000007633;0;7;0;0;2;3;1;B01
201000007634;0;7;0;0;1;1;1;A01
201000007635;0;10;0;0;1;1;1;A01
201000007636;0;7;0;10;0;1;0;A01
201000007637;0;36;0;2;0;1;15;A01
201000007638;0;32;0;12;0;1;14;A01
201000007639;0;7;0;0;2;3;1;C03
201000007639;0;30;0;0;2;8;19;A01
201000007639;0;7;0;0;2;1;1;B02
201000007640;0;7;0;0;2;2;1;B02
201000007640;0;33;0;0;2;1;13;A01
201000007641;0;7;0;0;2;3;19;B02
201000007641;0;7;0;0;2;2;1;A01
201000007642;0;7;0;8;0;3;1;A01
201000007643;0;7;0;0;2;3;1;B02
201000007643;0;2;0;0;2;1;5;A01
201000007644;0;30;0;0;2;1;1;B02
201000007644;0;7;0;0;2;3;0;A01
201000007645;0;38;50;1;0;2;1;A01
201000007645;0;7;0;0;2;5;23;C03
201000007645;0;7;0;0;2;6;23;B02
201000007646;0;7;0;0;1;8;1;A01
201000007647;0;7;0;0;2;3;1;A01
201000007647;0;7;0;0;2;3;1;B02
201000007648;0;33;0;3;2;2;1;A01
201000007648;0;10;0;0;0;5;1;B02
201000007649;0;7;0;0;1;7;1;A01
201000007650;0;7;0;0;2;2;13;A01
201000007650;0;7;0;0;2;3;21;B02
201000007651;0;7;0;13;0;9;0;A01
201000007652;0;7;0;0;2;3;13;A01
201000007652;0;7;0;0;2;3;1;C03
201000007652;0;7;0;0;2;3;1;B02
201000007653;0;7;0;2;0;1;1;A01
201000007654;0;7;0;0;2;1;1;B02
201000007654;0;7;0;0;2;3;1;D04
201000007654;0;7;0;0;2;1;17;A01
201000007654;0;7;0;0;2;3;1;C03
201000007655;0;2;0;0;2;8;10;A01
201000007655;0;7;0;0;2;2;2;B02
201000007656;0;7;0;0;2;1;1;B02
201000007656;0;2;0;0;2;8;15;A01
201000007657;0;2;0;0;2;1;13;A01
201000007657;0;7;0;0;2;3;1;B02
201000007658;0;7;0;0;2;1;1;B02
201000007658;0;7;0;0;2;1;19;A01
201000007658;0;7;0;0;2;4;2;C03
201000007659;0;10;0;0;0;6;1;B02
201000007659;0;33;0;0;2;1;1;A01
201000007660;0;31;0;0;2;2;21;A01
201000007660;0;7;0;0;2;2;21;B02
201000007661;0;33;0;0;0;1;1;B02
201000007661;0;7;0;0;0;6;15;A01
201000007662;0;7;0;15;0;1;1;A01
201000007663;0;7;0;0;9;2;1;B02
201000007663;0;1;0;0;2;1;19;A01
201000007664;0;7;0;14;0;1;13;A01
201000007665;0;7;0;13;0;9;1;A01
201000007666;0;3;0;13;0;9;1;A01
201000007667;0;7;0;0;2;8;1;B02
201000007667;0;33;0;0;2;8;13;A01
201000007668;0;33;0;0;5;1;1;A01
201000007669;0;7;0;0;2;1;1;B02
201000007669;0;7;0;0;0;0;0;C03
201000007669;0;7;0;0;2;1;13;A01
201000007670;0;7;0;0;2;1;1;B02
201000007670;0;7;0;0;2;1;3;A01
201000007671;0;10;0;0;0;9;1;A01
201000007672;0;7;0;0;0;2;1;A01
201000007673;0;7;0;0;2;7;1;A01
201000007673;0;17;0;0;2;3;1;B02
201000007673;0;17;0;0;2;0;1;C03
201000007674;0;1;0;0;2;2;5;A01
201000007674;0;7;0;0;2;2;1;B02
201000007675;0;30;0;14;1;9;1;A01
201000007676;0;2;0;0;2;8;15;A01
201000007676;0;7;0;0;2;1;13;B02
201000007677;0;7;0;2;0;7;1;A01
201000007678;0;7;0;13;0;3;1;A01
201000007679;0;10;0;0;1;6;4;A01
201000007680;0;7;0;0;2;1;13;B02
201000007680;0;7;0;0;2;1;1;A01
201000007681;0;7;0;6;0;1;1;A01
201000007682;0;30;0;0;2;4;2;B02
201000007682;0;7;0;0;2;1;2;A01
201000007683;0;7;0;0;2;1;1;B02
201000007683;0;7;0;0;2;7;1;A01
201000007684;0;7;0;0;2;1;15;A01
201000007684;0;33;0;0;2;1;1;B02
201000007685;0;7;0;0;2;2;1;A01
201000007685;0;7;0;0;2;3;15;B02
201000007686;0;7;0;0;0;0;1;A01
201000007687;0;7;0;0;9;3;1;A01
201000007688;0;7;0;8;0;9;1;A01
201000007689;0;15;0;0;2;1;1;A01
201000007689;0;10;0;0;0;4;1;B02
201000007690;0;7;0;0;0;8;1;A01
201000007690;0;30;0;0;2;8;3;B02
201000007691;0;7;0;0;2;1;13;A01
201000007691;0;14;0;0;2;1;1;B02
201000007692;0;7;0;0;2;6;19;A01
201000007692;0;7;0;0;2;3;1;C03
201000007692;0;7;0;0;2;3;1;B02
201000007693;0;7;0;0;2;3;1;B02
201000007694;0;7;0;0;2;1;13;A01
201000007694;0;7;0;0;2;1;1;B02
201000007695;0;7;0;0;2;3;1;B02
201000007695;0;7;0;0;2;3;13;A01
201000007696;0;7;0;11;0;1;1;A01
201000007697;0;3;0;0;2;3;13;A01
201000007697;0;7;0;0;2;3;1;B02
201000007698;0;7;0;0;2;1;1;B02
201000007698;0;7;0;0;2;8;15;A01
201000007699;0;7;0;2;0;2;13;A01
201000007700;0;7;0;0;2;3;0;A01
201000007700;0;7;0;0;2;3;0;B02
201000007701;0;7;0;0;0;1;20;E05
201000007701;0;7;0;1;0;2;1;B02
201000007701;0;7;0;0;0;7;20;D04
201000007701;0;7;0;0;0;7;20;C03
201000007701;2;7;0;0;0;9;1;A01
201000007702;0;7;0;0;1;2;1;A01
201000007703;0;10;0;0;1;3;1;A01
201000007704;0;33;0;0;1;2;1;A01
201000007705;0;33;0;0;2;8;1;A01
201000007705;0;14;0;0;9;1;1;B02
201000007706;0;32;0;0;2;8;18;A01
201000007706;0;7;0;0;2;3;15;B02
201000007707;0;10;0;0;2;1;15;B02
201000007707;0;32;0;0;2;1;3;A01
201000007708;0;30;0;3;0;1;1;A01
201000007709;0;33;0;2;2;4;1;B02
201000007709;1;7;0;2;2;1;2;A01
201000007710;0;7;0;0;2;3;2;A01
201000007710;0;17;0;0;2;5;10;B02
201000007711;0;7;0;0;0;1;1;A01
201000007712;0;10;0;0;1;1;15;A01
201000007713;0;7;0;0;2;3;1;B02
201000007713;0;7;0;0;2;1;1;A01
201000007714;0;7;0;0;1;1;1;A01
201000007715;0;7;0;0;2;1;1;B01
201000007715;0;17;0;0;2;6;15;A01
201000007716;0;7;0;0;0;1;1;B01
201000007716;0;7;0;0;2;8;17;A01
201000007717;0;7;0;0;9;3;1;B01
201000007717;0;1;0;0;2;1;1;A01
201000007718;1;7;0;0;1;0;15;Z01
201000007719;0;7;0;0;9;5;1;A01
201000007719;0;33;0;0;2;0;1;B01
201000007720;0;7;0;0;2;5;1;B01
201000007720;0;7;0;0;2;1;19;A01
201000007721;0;10;0;0;2;6;10;B01
201000007721;0;33;0;0;2;1;1;A01
201000007722;0;7;0;1;2;2;15;A01
201000007722;0;34;0;0;2;1;1;B01
201000007723;0;7;0;0;2;6;2;C01
201000007723;0;7;0;0;2;6;2;D01
201000007723;0;10;0;0;2;2;2;A01
201000007723;0;10;0;3;2;9;2;B01
201000007724;0;7;0;0;2;3;1;A01
201000007724;0;7;0;0;2;1;15;B01
201000007725;0;15;0;0;2;3;1;B01
201000007725;0;7;0;3;2;3;13;A01
201000007726;0;7;0;0;2;9;13;A01
201000007726;0;7;0;0;2;2;1;B01
201000007727;0;7;0;0;1;2;9;A01
201000007728;0;10;0;0;1;8;4;A01
201000007729;0;7;0;;2;9;23;A03
201000007729;0;7;0;;0;4;23;A05
201000007729;0;7;0;;1;9;23;A04
201000007729;0;7;0;;2;9;23;A02
201000007729;0;7;0;;2;1;2;A01
201000007730;0;7;0;1;;0;14;A01
201000007731;0;7;0;0;2;0;1;B02
201000007731;0;7;0;0;2;2;13;A01
201000007732;0;7;0;0;0;5;15;A01
201000007732;0;31;0;0;2;1;1;B02
201000007733;0;7;0;2;0;3;19;A01
201000007734;0;7;0;0;2;3;1;A01
201000007734;0;7;0;0;2;1;1;B02
201000007735;0;7;0;9;0;2;14;A01
201000007736;0;1;0;0;2;1;5;A01
201000007737;0;10;0;1;1;3;13;A01
201000007738;0;32;0;0;2;4;2;A01
201000007738;0;10;0;0;9;3;2;B02
201000007739;0;7;0;0;2;3;1;B02
201000007739;0;7;0;0;2;3;1;A01
201000007740;0;21;0;0;1;1;15;A01
201000007741;0;99;0;0;0;0;0;B02
201000007741;0;7;0;0;1;2;16;A01
201000007742;0;7;0;0;2;8;16;A01
201000007742;0;33;0;0;2;1;21;B02
201000007743;0;33;0;0;2;1;1;A01
201000007743;0;7;0;0;0;3;15;B02
201000007744;0;7;0;0;1;1;1;A01
201000007745;0;7;0;8;1;2;14;A01
201000007746;0;7;0;0;2;3;9;A01
201000007746;0;7;0;0;2;5;15;B02
201000007747;0;7;0;0;2;7;17;A01
201000007747;0;7;0;0;2;3;15;B02
201000007748;0;7;0;0;2;6;2;A01
201000007748;0;33;0;0;2;2;2;B02
201000007749;0;7;0;0;2;3;11;A01
201000007749;0;7;0;0;0;2;1;B02
201000007750;0;7;0;12;0;3;0;A01
201000007751;0;30;0;0;0;1;14;A01
201000007752;0;7;0;0;2;3;13;A01
201000007752;0;7;0;0;2;3;1;B02
201000007753;0;7;0;13;0;2;14;A01
201000007754;0;30;0;0;2;8;1;B02
201000007754;0;7;0;0;2;1;15;A01
201000007755;0;33;0;6;0;1;1;A01
201000007756;0;30;0;0;2;1;1;A01
201000007756;0;7;0;0;2;2;10;B02
201000007757;0;33;0;0;0;0;16;A01
201000007757;0;7;0;0;9;8;1;B02
201000007758;0;7;0;8;0;1;13;A01
201000007759;0;13;0;0;2;1;1;B02
201000007759;0;7;0;0;2;1;13;A01
201000007760;0;33;0;0;0;7;1;A01
201000007761;0;33;0;13;0;7;1;A01
201000007762;0;33;0;0;0;9;1;A01
201000007763;0;33;0;0;2;2;1;B02
201000007763;0;2;0;0;2;3;13;A01
201000007764;0;7;0;0;1;1;1;A01
201000007765;0;7;0;8;0;8;1;A01
201000007766;0;30;0;0;2;7;15;B02
201000007766;0;7;0;0;2;1;1;A01
201000007767;0;7;0;0;0;3;1;B02
201000007767;0;33;0;0;0;3;17;A01
201000007768;0;7;0;0;2;3;13;A01
201000007768;0;7;0;0;2;3;1;B02
201000007769;0;33;0;0;2;1;1;B02
201000007769;0;7;0;0;0;1;19;A01
201000007770;0;7;0;0;2;3;1;C03
201000007770;0;7;0;0;2;6;1;E05
201000007770;0;7;0;0;2;1;1;D04
201000007770;0;7;0;0;2;8;1;B02
201000007770;0;7;0;0;2;1;13;A01
201000007771;0;7;0;0;2;1;1;A01
201000007771;0;7;0;0;2;7;13;B02
201000007772;0;7;0;0;2;1;1;A01
201000007772;0;7;0;0;2;7;1;B02
201000007773;0;7;0;2;0;3;1;A01
201000007774;0;7;0;2;0;1;1;A01
201000007775;0;7;0;0;2;1;1;B02
201000007775;0;7;0;0;2;1;1;A01
201000007776;0;7;0;0;2;3;1;A01
201000007776;0;7;0;0;0;8;15;B02
201000007777;0;32;0;0;2;2;1;B02
201000007777;0;7;0;0;2;3;15;A01
201000007778;0;36;0;8;0;2;1;A01
201000007779;0;7;0;0;2;3;1;A01
201000007779;0;7;0;0;2;2;15;B02
201000007780;0;7;0;0;2;3;1;A01
201000007780;0;7;0;0;2;3;15;B02
201000007781;0;7;0;0;2;1;2;B02
201000007781;0;31;0;0;0;4;2;A01
201000007782;0;7;0;0;1;2;21;A01
201000007783;0;7;0;11;0;3;1;A01
201000007784;0;33;0;0;2;1;1;A01
201000007784;0;7;0;0;2;3;1;B02
201000007785;0;7;0;0;1;2;1;A01
201000007786;0;7;0;13;2;1;13;A01
201000007786;0;7;0;0;2;2;1;B02
201000007787;0;33;0;0;0;3;1;A01
201000007788;0;7;0;1;0;1;13;C01
201000007788;0;7;0;0;0;0;24;B01
201000007788;0;7;0;3;0;0;1;A01
201000007789;0;7;0;0;1;3;1;A01
201000007790;0;7;0;6;0;0;13;A01
201000007791;0;33;0;0;2;2;1;B01
201000007791;0;7;0;0;2;5;15;A01
201000007792;0;7;0;0;1;1;0;A01
201000007793;0;1;0;0;9;8;14;A01
201000007793;0;1;0;;9;8;2;A02
201000007794;0;33;0;1;1;7;2;A01
201000007795;0;7;0;12;0;9;1;A01
201000007796;0;2;0;0;2;1;1;B01
201000007796;0;7;0;0;2;2;15;A01
201000007797;0;7;0;0;2;1;1;A01
201000007797;0;31;0;0;2;1;13;B01
201000007798;0;7;0;0;2;1;13;A01
201000007798;0;17;0;3;2;1;21;B01
201000007799;0;7;0;0;1;1;1;A01
201000007800;0;14;0;0;0;0;1;A01
201000007800;0;7;0;0;9;3;23;C03
201000007800;0;33;0;0;9;3;23;B02
201000007801;0;7;0;0;2;7;2;B01
201000007801;0;2;0;0;2;3;2;A01
201000007802;0;31;0;12;0;2;1;A01
201000007803;0;15;0;0;9;8;15;A01
201000007803;0;1;0;0;2;1;2;B02
201000007804;0;7;0;0;2;3;9;A01
201000007804;0;7;0;0;2;1;1;C03
201000007804;0;7;0;0;2;2;1;B02
201000007805;0;33;0;11;0;5;6;A01
201000007806;0;10;0;0;2;1;1;A01
201000007806;0;10;0;0;0;4;1;B02
201000007807;0;10;0;0;2;1;15;A01
201000007807;0;2;0;0;2;1;1;B01
201000007808;0;7;0;0;2;2;21;C03
201000007808;0;7;0;0;2;3;1;B02
201000007808;0;7;0;0;2;3;13;A01
201000007809;0;7;0;0;2;8;6;B02
201000007809;0;33;0;0;2;1;2;A01
201000007810;0;7;0;0;2;6;4;A01
201000007810;0;7;0;0;2;2;1;B02
201000007811;0;7;0;0;1;3;1;A01
201000007812;0;7;0;8;0;1;1;A01
201000007813;0;7;0;0;1;3;1;A01
201000007814;0;30;0;0;2;1;17;A01
201000007814;0;7;0;0;0;8;15;B02
201000007815;0;33;0;13;0;7;1;A01
201000007816;0;33;0;0;0;2;1;A01
201000007817;0;14;0;4;0;3;0;A01
201000007818;0;7;0;0;2;3;11;B02
201000007818;0;30;0;0;2;1;1;A01
201000007819;0;33;0;3;0;1;1;A01
201000007820;0;33;0;0;2;1;13;A01
201000007820;0;7;0;0;2;1;1;B02
201000007821;0;7;0;0;2;3;13;A01
201000007821;0;10;0;0;2;3;1;B02
201000007822;0;7;0;0;2;8;1;B02
201000007822;0;33;0;0;2;1;1;A01
201000007823;0;7;0;0;2;1;1;C03
201000007823;0;7;0;0;2;3;21;B02
201000007823;0;7;0;0;2;3;13;A01
201000007824;0;33;0;0;2;3;15;A01
201000007824;0;33;0;0;2;3;16;B02
201000007825;0;33;0;3;0;9;11;A01
201000007826;0;7;0;1;0;1;13;A01
201000007827;0;7;0;0;2;1;13;A01
201000007827;0;7;0;0;2;1;1;B02
201000007828;0;7;0;0;2;5;13;A01
201000007828;0;10;0;0;2;2;1;B02
201000007829;0;7;0;2;0;1;19;A01
201000007830;0;7;0;0;2;3;5;A01
201000007830;0;7;0;0;2;2;19;B02
201000007831;0;2;0;0;2;1;17;B02
201000007831;0;33;0;0;2;1;17;A01
201000007832;1;7;0;0;1;1;1;A01
201000007833;0;7;0;0;2;3;13;A01
201000007833;0;7;0;0;2;3;1;B02
201000007833;0;7;0;0;2;1;2;C03
201000007834;0;7;0;0;2;8;21;B02
201000007834;2;7;0;0;2;1;23;A01
201000007835;1;10;0;0;1;2;1;A01
201000007836;0;7;0;0;2;3;13;A01
201000007836;0;7;0;0;2;8;1;C03
201000007836;0;7;0;0;2;1;1;B02
201000007837;0;33;0;0;2;0;1;C03
201000007837;0;33;0;0;2;1;1;D04
201000007837;0;33;0;0;2;1;1;B02
201000007837;0;10;0;0;2;3;6;A01
201000007837;0;33;0;0;2;1;1;E05
201000007838;0;7;0;0;2;1;1;C03
201000007838;0;7;0;3;2;1;13;A01
201000007838;0;7;0;0;2;5;21;B02
201000007839;0;30;0;0;2;8;15;B02
201000007839;0;7;0;0;2;3;17;A01
201000007840;0;7;0;0;2;1;13;A01
201000007840;0;10;0;0;2;1;1;B02
201000007841;0;7;0;0;2;8;13;A01
201000007841;0;14;0;0;2;3;1;B02
201000007842;0;7;0;0;1;3;1;A01
201000007843;0;7;0;0;2;3;13;A01
201000007843;0;7;0;0;2;3;1;B02
201000007844;0;7;0;0;2;1;5;B02
201000007844;0;7;0;0;2;1;1;A01
201000007845;0;7;0;0;1;7;1;A01
201000007846;0;7;0;8;0;7;0;A01
201000007847;0;7;0;8;0;3;13;A01
201000007848;0;7;0;0;0;2;0;A01
201000007849;0;7;0;0;2;1;17;A01
201000007849;0;7;0;0;2;8;15;B02
201000007850;0;31;0;0;2;1;1;A01
201000007850;0;7;0;0;0;5;15;B02
201000007851;0;7;0;0;2;3;1;C03
201000007851;0;33;0;14;0;1;16;B02
201000007851;0;33;0;0;2;1;16;A01
201000007852;0;7;0;0;1;1;1;A01
201000007853;0;7;0;0;2;7;19;A01
201000007853;0;1;0;0;2;0;1;B02
201000007854;0;7;0;13;0;1;1;A01
201000007855;0;7;0;0;2;2;19;A01
201000007855;0;30;0;0;2;1;1;B02
201000007856;0;7;0;0;2;8;1;B02
201000007856;0;7;0;0;2;1;19;A01
201000007857;0;7;0;0;2;4;15;B02
201000007857;0;33;0;0;2;1;17;A01
201000007858;0;7;0;0;9;4;16;B02
201000007858;0;33;0;0;2;4;1;A01
201000007859;0;7;0;0;2;3;13;A01
201000007859;0;7;0;0;2;3;1;B02
201000007860;0;7;0;2;0;2;1;A01
201000007861;0;1;0;1;2;1;17;A01
201000007861;0;1;0;0;2;4;13;B02
201000007862;0;33;0;8;0;1;1;A01
201000007863;0;1;0;0;2;4;2;B02
201000007863;0;7;0;0;9;2;2;A01
201000007864;0;33;0;0;0;7;1;A01
201000007865;0;7;0;6;0;2;1;A01
201000007866;0;7;0;3;0;1;1;A01
201000007867;0;7;0;2;0;1;1;A01
201000007868;0;7;0;0;2;1;1;B02
201000007868;0;7;0;0;2;1;13;A01
201000007869;0;7;0;13;0;3;1;A01
201000007870;0;7;0;0;2;7;13;A01
201000007870;0;20;0;0;2;1;1;B02
201000007871;0;2;0;0;2;3;13;A01
201000007871;0;10;0;0;2;3;1;B02
201000007872;0;33;0;0;2;1;21;A01
201000007872;0;10;0;0;2;8;19;B02
201000007873;0;7;0;13;2;9;1;A01
201000007873;0;1;0;0;2;4;1;B02
201000007874;0;7;0;0;2;8;15;A01
201000007874;0;17;0;0;2;1;1;B02
201000007875;0;7;0;0;2;1;1;A01
201000007875;0;10;0;0;2;7;19;B02
201000007876;0;7;0;13;0;9;1;A01
201000007877;0;30;0;0;2;1;5;A01
201000007877;0;7;0;0;2;3;1;B02
201000007878;0;7;0;6;0;8;1;A01
201000007879;0;7;0;2;0;7;1;A01
201000007880;0;7;0;0;2;3;1;A01
201000007880;0;10;0;0;2;3;13;B02
201000007881;0;7;0;0;2;3;13;A01
201000007881;0;7;0;0;2;3;1;B02
201000007882;0;7;0;2;0;3;13;A01
201000007883;0;7;0;0;2;3;1;B02
201000007883;0;7;0;0;2;3;13;A01
201000007884;0;10;0;0;2;3;1;A01
201000007884;0;30;0;0;2;1;13;B02
201000007885;0;7;0;0;2;8;19;A01
201000007885;0;33;0;0;2;1;1;B02
201000007886;0;7;0;0;2;1;1;B02
201000007886;0;7;0;0;2;7;19;A01
201000007887;0;7;0;0;9;7;15;B02
201000007887;0;33;0;0;2;1;1;A01
201000007888;0;10;0;0;2;2;19;A01
201000007888;0;30;0;0;2;8;1;B02
201000007889;0;33;0;0;2;8;13;A01
201000007889;0;7;0;0;2;3;1;B02
201000007890;0;7;0;0;2;1;1;B02
201000007890;0;7;0;0;2;5;19;A01
201000007891;0;7;0;0;0;5;13;A01
201000007891;0;17;0;0;0;1;1;B02
201000007892;0;31;0;0;2;1;1;B02
201000007892;0;7;0;0;2;3;15;A01
201000007893;0;10;0;0;2;2;1;B02
201000007893;0;30;0;0;2;1;13;A01
201000007894;0;33;0;0;2;1;1;B02
201000007894;0;7;0;0;1;3;23;C03
201000007894;0;7;0;0;2;2;15;A01
201000007895;0;7;0;0;0;8;19;A01
201000007895;0;7;0;0;2;1;1;B02
201000007896;0;30;0;6;0;1;1;A01
201000007897;0;7;0;0;2;3;1;A01
201000007897;0;7;0;0;2;2;1;B02
201000007898;0;7;0;0;2;1;1;B02
201000007898;0;10;0;0;2;5;15;A01
201000007899;0;7;0;0;0;9;13;A01
201000007900;0;7;0;13;0;1;1;A01
201000007901;0;7;0;0;2;7;19;A01
201000007901;0;7;0;0;2;1;1;B02
201000007902;0;30;0;0;2;8;15;B02
201000007902;0;33;0;0;2;1;17;A01
201000007903;0;7;0;2;0;9;1;A01
201000007904;0;7;0;0;2;2;15;A01
201000007904;0;2;0;0;2;7;16;B02
201000007905;0;31;0;5;0;7;0;A01
201000007906;0;7;0;0;9;3;1;B02
201000007906;0;1;0;0;2;3;1;A01
201000007907;0;7;0;7;0;1;1;A01
201000007908;0;7;0;0;2;3;13;A01
201000007908;0;13;0;0;2;3;1;B02
201000007909;0;7;0;0;2;1;1;B02
201000007909;0;7;0;0;2;3;13;A01
201000007910;0;33;0;0;2;1;17;A01
201000007910;0;1;0;0;0;4;13;B02
201000007911;0;7;0;0;0;1;23;A01
201000007911;0;7;0;0;2;3;13;C03
201000007911;0;7;0;0;2;3;23;B02
201000007912;0;7;0;6;0;1;1;A01
201000007913;0;33;0;13;0;1;0;A01
201000007914;0;7;0;0;0;3;13;A01
201000007914;0;7;0;0;0;1;1;B02
201000007915;0;7;0;16;0;1;0;A01
201000007916;0;7;0;0;2;1;0;B02
201000007916;0;7;0;0;2;1;0;A01
201000007917;0;7;0;0;9;2;1;B02
201000007917;0;7;0;0;9;1;1;A01
201000007918;0;7;0;8;0;1;0;A01
201000007919;0;7;0;8;5;1;1;A01
201000007920;0;7;0;0;2;3;2;A01
201000007920;0;7;0;0;2;1;1;C03
201000007920;0;7;0;0;2;5;15;B02
201000007921;0;7;0;8;0;1;1;A01
201000007922;0;7;0;3;0;3;1;A01
201000007923;0;7;0;0;1;2;1;A01
201000007924;0;7;0;10;0;1;1;A01
201000007925;0;7;0;0;2;2;1;A01
201000007926;0;7;0;2;0;8;1;A01
201000007927;0;7;0;0;2;4;15;B02
201000007927;0;33;0;0;2;1;17;A01
201000007928;0;7;0;0;2;6;19;A01
201000007928;0;33;0;0;2;1;1;B02
201000007929;0;7;0;13;0;1;13;A01
201000007930;0;7;0;2;0;7;1;A01
201000007931;0;7;0;0;2;3;1;B02
201000007931;0;7;0;0;2;3;13;A01
201000007932;0;7;0;6;0;2;1;A01
201000007933;0;7;0;0;2;1;1;A01
201000007933;0;14;0;0;2;3;1;B02
201000007934;0;7;0;0;2;1;13;A01
201000007934;0;7;0;0;2;1;1;B02
201000007935;0;7;0;11;0;0;1;A01
201000007936;0;10;0;0;2;3;1;B02
201000007936;0;10;0;0;2;2;13;A01
201000007937;0;30;0;0;2;1;1;B02
201000007937;0;7;0;0;2;1;1;A01
201000007938;0;7;0;8;0;7;1;A01
201000007939;0;7;0;0;2;2;13;A01
201000007939;0;7;0;0;2;2;1;B02
201000007940;0;14;0;0;2;8;9;A01
201000007940;0;30;0;0;2;1;1;B02
201000007941;0;30;0;0;0;8;1;A01
201000007942;0;30;0;13;0;1;1;A01
201000007943;0;30;0;8;0;1;0;A01
201000007944;0;7;0;14;1;6;4;A01
201000007945;0;1;0;0;2;1;1;B02
201000007945;0;7;0;0;2;3;1;A01
201000007946;0;7;0;0;1;3;1;A01
201000007947;0;2;0;0;2;1;1;A01
201000007947;0;7;0;0;2;3;1;B02
201000007948;0;1;0;0;2;4;1;A01
201000007949;0;7;0;0;2;1;1;A01
201000007949;0;7;0;0;2;1;1;B02
201000007950;0;10;0;3;0;9;19;A01
201000007951;0;7;0;0;2;1;1;A01
201000007951;0;7;0;0;2;4;1;B02
201000007952;0;7;0;0;2;3;1;A01
201000007952;0;7;0;0;2;3;1;B02
201000007953;0;7;0;0;2;8;19;A01
201000007953;0;7;0;0;2;1;1;B02
201000007954;0;7;0;0;2;4;10;B02
201000007954;0;7;0;0;2;1;1;A01
201000007955;0;14;0;0;2;2;15;A01
201000007955;0;7;0;0;2;2;1;B02
201000007956;0;7;0;0;2;3;13;A01
201000007956;0;7;0;0;2;8;1;B02
201000007957;0;7;0;0;2;7;13;A01
201000007957;0;7;0;0;2;1;1;B02
201000007958;0;7;0;0;2;8;1;C03
201000007958;0;7;0;0;2;3;17;A01
201000007958;0;7;0;0;2;3;1;B02
201000007959;0;7;0;12;2;2;23;B02