num_acc;senc;catv;occutc;obs;obsm;choc;manv;num_veh
201000007959;0;7;0;0;2;1;1;C03
201000007959;0;7;0;12;2;3;15;A01
201000007960;0;2;0;0;2;1;13;B02
201000007960;0;7;0;0;0;3;1;A01
201000007961;0;7;0;8;0;5;1;A01
201000007962;0;14;0;0;2;2;6;A01
201000007962;0;15;0;0;0;3;1;B02
201000007963;0;7;0;0;2;1;1;A01
201000007963;0;7;0;0;2;1;15;B02
201000007964;0;7;0;0;2;3;1;C03
201000007964;0;7;0;0;2;1;1;A01
201000007964;0;10;0;0;2;1;15;B02
201000007965;0;31;0;0;0;7;1;A01
201000007966;0;7;0;0;2;2;13;A01
201000007966;0;7;0;0;2;0;1;B02
201000007966;0;7;0;0;2;1;1;C03
201000007967;0;7;0;6;0;1;19;A01
201000007968;0;7;0;0;0;9;1;A01
201000007969;0;30;0;0;0;0;15;B02
201000007969;0;7;0;0;1;2;1;A01
201000007970;2;7;0;0;0;9;1;A01
201000007971;0;7;0;0;2;3;1;A01
201000007971;0;7;0;0;2;1;13;B02
201000007972;0;7;0;0;0;0;1;A01
201000007973;0;7;0;0;0;9;1;A01
201000007974;0;33;0;0;2;1;17;A01
201000007974;0;7;0;0;2;3;17;B02
201000007975;0;7;0;2;0;3;15;A01
201000007976;0;7;0;8;0;8;1;A01
201000007977;0;2;0;0;0;8;19;B02
201000007977;0;7;0;0;0;2;1;A01
201000007978;0;31;0;0;2;1;2;B02
201000007978;0;33;0;0;2;5;2;A01
201000007979;0;1;0;0;0;4;1;B02
201000007979;0;7;0;0;2;1;1;A01
201000007980;0;14;0;0;0;1;1;B02
201000007980;0;7;0;0;0;1;23;C03
201000007980;0;7;0;0;0;2;1;A01
201000007981;0;7;0;6;0;1;13;A01
201000007982;0;31;0;1;0;1;1;A01
201000007983;0;17;0;0;2;1;1;B02
201000007983;0;7;0;0;2;2;15;A01
201000007984;0;14;0;0;2;2;1;B02
201000007984;0;33;0;0;2;2;1;A01
201000007985;0;7;0;2;0;3;13;A01
201000007985;0;7;0;0;2;2;2;B02
201000007986;0;7;0;0;2;1;1;C03
201000007986;0;7;0;0;2;3;13;A01
201000007986;0;7;0;0;2;8;1;B02
201000007987;0;30;0;0;0;1;1;A01
201000007988;0;7;0;16;0;9;1;A01
201000007989;0;32;0;0;2;1;5;A01
201000007989;0;7;0;0;2;3;1;B02
201000007990;0;7;0;0;2;2;19;A01
201000007990;0;2;0;0;2;1;1;C03
201000007990;0;7;0;0;2;2;1;B02
201000007991;0;7;0;0;0;8;1;C03
201000007991;0;14;0;0;0;3;1;B02
201000007991;0;10;0;0;2;1;13;A01
201000007992;0;10;0;6;0;1;1;A01
201000007993;0;7;0;0;2;3;1;A01
201000007993;0;7;0;0;2;3;1;B02
201000007994;0;33;0;0;0;8;1;A01
201000007995;0;7;0;0;2;1;1;B02
201000007995;0;7;0;0;0;3;10;A01
201000007996;0;7;0;13;0;3;1;A01
201000007997;0;7;0;6;0;1;1;A01
201000007998;0;33;0;0;2;1;13;B02
201000007998;0;17;0;0;2;1;1;C03
201000007998;0;7;0;0;2;2;9;A01
201000007999;0;7;0;15;0;0;13;A01
201000008000;0;7;0;6;0;1;13;A01
201000008001;0;7;0;0;1;2;1;A01
201000008002;0;7;0;0;2;1;1;B02
201000008002;0;7;0;0;0;8;15;A01
201000008003;0;7;0;13;0;2;13;A01
201000008004;0;7;0;16;0;9;17;A01
201000008005;0;7;0;0;2;1;1;A01
201000008005;0;21;0;0;0;6;1;B02
201000008006;0;7;0;15;0;1;14;A01
201000008007;0;30;0;0;0;6;1;A01
201000008007;0;7;0;0;0;2;1;B02
201000008008;0;7;0;2;0;7;1;A01
201000008009;0;30;0;0;2;1;9;A01
201000008009;0;7;0;0;2;7;1;B02
201000008010;0;10;0;0;2;7;15;A01
201000008010;0;7;0;0;2;1;1;B02
201000008011;0;7;0;6;0;1;1;A01
201000008012;0;7;0;2;0;2;13;A01
201000008013;1;17;0;0;1;7;1;A01
201000008014;0;7;0;2;0;2;0;A01
201000008015;0;38;0;0;2;3;1;A01
201000008015;0;7;0;0;2;6;17;B02
201000008016;0;2;0;0;2;1;0;A01
201000008016;0;10;0;0;2;3;1;B02
201000008017;0;31;0;6;0;1;0;A01
201000008018;0;7;0;0;1;5;20;A01
201000008019;0;33;0;0;2;1;1;B02
201000008019;0;7;0;0;2;2;15;A01
201000008020;0;7;0;0;2;4;2;A01
201000008020;0;7;0;0;2;1;2;B02
201000008020;0;7;0;0;2;3;1;D04
201000008020;0;7;0;0;2;1;13;C03
201000008021;0;30;0;0;2;3;1;A01
201000008021;0;10;0;0;2;5;17;B02
201000008022;0;10;0;0;1;4;4;A01
201000008023;0;7;0;0;2;3;11;A01
201000008023;0;14;0;0;2;3;1;B02
201000008024;0;7;0;0;2;3;17;A01
201000008024;0;7;0;0;2;3;1;B02
201000008025;0;33;0;0;2;1;1;A01
201000008025;0;7;0;0;0;3;15;B02
201000008026;0;7;0;0;2;1;1;A01
201000008026;0;30;0;0;2;8;15;B02
201000008027;0;7;0;0;2;1;19;A01
201000008027;0;7;0;0;2;1;1;C03
201000008027;0;7;0;0;2;1;1;B02
201000008028;0;7;0;0;2;1;2;A01
201000008028;0;7;0;0;2;4;2;B02
201000008029;0;7;0;0;0;7;5;A01
201000008029;0;10;0;0;0;1;1;B02
201000008030;0;30;0;0;2;7;16;A01
201000008030;0;7;0;0;2;3;2;B02
201000008031;0;7;0;0;2;2;1;B02
201000008031;0;10;0;0;2;8;10;A01
201000008032;0;2;0;0;0;1;1;A01
201000008033;0;34;0;8;0;1;14;A01
201000008034;0;7;0;0;0;3;1;A01
201000008034;0;7;0;0;0;2;1;B02
201000008035;0;7;0;10;0;2;1;A01
201000008036;0;7;0;0;2;3;1;B02
201000008036;0;7;0;0;2;3;17;A01
201000008037;0;7;0;0;2;1;2;B02
201000008037;0;7;0;0;0;4;23;A01
201000008038;0;7;0;0;2;3;10;A01
201000008038;0;32;0;0;2;1;1;B02
201000008039;0;7;0;2;0;7;1;A01
201000008040;0;7;0;0;2;7;17;B02
201000008040;0;7;0;0;2;8;13;A01
201000008041;0;7;0;0;0;3;15;B02
201000008041;0;33;0;0;2;1;17;A01
201000008042;0;33;0;0;2;1;1;B02
201000008042;0;7;0;0;2;2;15;A01
201000008043;0;1;0;0;2;1;1;B02
201000008043;0;7;0;0;9;7;15;A01
201000008044;0;7;0;0;2;1;1;B02
201000008044;0;7;0;0;2;1;13;A01
201000008044;0;33;0;0;2;7;21;C03
201000008045;0;10;0;0;2;2;1;C03
201000008045;0;7;0;0;2;1;1;B02
201000008045;0;7;0;0;2;1;17;A01
201000008045;0;7;0;0;2;3;1;D04
201000008046;0;33;0;0;0;1;1;B02
201000008046;0;7;0;0;2;3;19;A01
201000008047;0;33;0;8;0;1;1;A01
201000008048;0;10;0;0;2;2;0;B02
201000008048;0;7;0;4;2;7;5;A01
201000008049;0;7;0;13;2;2;1;B02
201000008049;0;7;0;13;2;2;1;A01
201000008050;0;15;0;0;2;3;1;B02
201000008050;0;7;0;0;2;1;13;A01
201000008051;0;7;0;0;0;9;5;A01
201000008052;0;1;0;0;2;1;1;B02
201000008052;0;7;0;0;2;1;15;A01
201000008053;0;7;0;0;2;2;13;A01
201000008053;0;1;0;0;2;8;1;B02
201000008054;0;7;0;0;2;3;1;A01
201000008054;0;10;0;0;2;3;1;B02
201000008055;0;7;0;0;2;1;1;B02
201000008055;0;33;0;0;2;1;13;A01
201000008056;0;33;0;0;2;1;13;A01
201000008056;0;7;0;0;2;1;1;B02
201000008057;0;7;0;0;2;3;13;A01
201000008057;0;7;0;0;2;3;1;B02
201000008058;0;2;0;0;0;7;1;B02
201000008058;0;33;0;0;2;8;1;A01
201000008059;0;7;0;0;2;3;1;B02
201000008059;0;7;0;0;2;3;1;A01
201000008060;0;21;0;0;2;3;1;B02
201000008060;0;7;0;0;2;3;1;A01
201000008061;0;7;0;0;2;3;4;B02
201000008061;0;33;0;0;2;8;1;A01
201000008062;0;33;0;3;0;1;1;A01
201000008063;0;7;0;8;0;1;1;A01
201000008064;0;7;0;0;2;7;19;A01
201000008064;0;7;0;0;2;1;1;B02
201000008065;0;7;0;13;0;1;1;A01
201000008066;0;7;0;8;0;3;21;A01
201000008066;0;15;0;0;0;0;19;B02
201000008067;0;7;0;0;2;1;1;A01
201000008067;0;7;0;0;0;8;16;B02
201000008068;0;7;0;0;2;3;6;A01
201000008068;0;7;0;0;2;1;1;C03
201000008068;0;7;0;0;2;3;1;B02
201000008069;0;7;0;0;2;5;15;B02
201000008069;0;7;0;0;2;1;2;A01
201000008070;0;2;0;0;2;1;13;B02
201000008070;0;10;0;0;2;3;1;A01
201000008071;0;7;0;0;9;1;1;A01
201000008071;0;1;0;0;2;1;1;B02
201000008072;0;2;0;0;2;8;13;B02
201000008072;0;7;0;0;2;8;1;A01
201000008073;0;7;0;0;0;3;0;B02
201000008073;0;7;0;0;0;2;1;A01
201000008074;0;30;0;0;0;7;16;A01
201000008075;0;7;0;13;0;1;6;A01
201000008076;0;10;0;13;0;3;1;A01
201000008077;0;2;0;0;2;7;21;A01
201000008077;0;30;0;0;0;1;1;B02
201000008078;0;7;0;0;1;2;1;A01
201000008079;0;7;0;0;2;1;1;B02
201000008079;0;7;0;0;2;3;9;A01
201000008080;0;7;0;6;0;1;1;A01
201000008081;0;7;0;0;2;3;1;B02
201000008081;0;10;0;0;2;3;3;A01
201000008082;0;7;0;0;2;2;19;A01
201000008082;0;7;0;0;2;8;1;B02
201000008083;0;7;0;2;0;1;1;A01
201000008084;0;7;0;0;1;1;1;A01
201000008085;0;33;0;0;2;1;13;A01
201000008085;0;7;0;0;2;3;1;B02
201000008086;0;33;0;16;0;0;19;A01
201000008087;0;7;0;0;0;2;0;A01
201000008087;0;1;0;0;0;1;19;B02
201000008088;0;10;0;0;2;1;1;A01
201000008089;0;7;0;0;2;1;19;B02
201000008089;0;2;0;0;2;8;1;A01
201000008090;0;7;0;0;2;1;15;C03
201000008090;0;10;0;0;2;3;15;A01
201000008090;0;7;0;0;2;1;0;B02
201000008091;0;7;0;0;2;2;13;A01
201000008091;0;30;0;0;2;1;1;B02
201000008092;0;33;0;12;2;1;2;A01
201000008092;0;33;0;0;2;4;2;B02
201000008093;0;7;0;0;2;1;13;A01
201000008093;0;7;0;0;2;1;1;B02
201000008093;0;7;0;0;2;1;1;C03
201000008094;0;7;0;0;2;1;1;A01
201000008094;0;7;0;0;2;5;13;B02
201000008095;0;7;0;16;0;1;14;A01
201000008096;0;7;0;0;2;3;13;A01
201000008096;0;7;0;0;2;3;1;B02
201000008097;0;21;0;0;2;8;1;B02
201000008097;0;7;0;0;2;3;19;A01
201000008098;0;7;0;6;0;1;1;A01
201000008099;0;7;0;0;2;3;19;A01
201000008099;0;33;0;0;2;1;1;B02
201000008100;0;15;0;13;0;3;13;A01
201000008101;0;10;0;0;9;2;9;A01
201000008101;0;33;0;0;2;1;1;B02
201000008102;0;7;0;0;1;1;1;A01
201000008103;0;7;0;1;2;1;1;A01
201000008103;0;7;0;0;2;1;1;B02
201000008104;0;7;0;0;0;1;17;A01
201000008105;0;7;0;2;0;1;14;A01
201000008106;0;33;0;2;0;7;15;A01
201000008107;0;7;0;0;2;1;13;A01
201000008107;0;7;0;0;2;2;1;C03
201000008107;0;7;0;0;2;1;1;B02
201000008108;0;7;0;0;2;3;1;B02
201000008108;0;7;0;0;2;3;1;A01
201000008109;0;17;0;3;0;8;1;A01
201000008110;0;7;0;0;9;1;15;A01
201000008110;0;1;0;0;2;1;5;B02
201000008111;0;10;0;2;0;1;1;A01
201000008112;0;33;0;13;0;7;1;A01
201000008113;0;7;0;0;2;2;1;A01
201000008113;0;2;0;0;2;1;19;B02
201000008114;0;7;0;0;2;1;13;A01
201000008114;0;7;0;0;2;3;1;B02
201000008115;0;1;0;0;0;4;1;B02
201000008115;0;7;0;0;0;2;1;A01
201000008116;0;30;0;13;0;8;1;A01
201000008117;0;31;0;0;0;1;16;B02
201000008117;0;7;0;0;0;3;1;A01
201000008118;0;1;0;0;2;7;11;B02
201000008118;0;14;0;0;9;2;11;A01
201000008119;0;7;0;0;2;1;0;A01
201000008119;0;33;0;0;2;7;1;B02
201000008120;0;7;0;0;2;3;17;A01
201000008120;0;31;0;0;2;3;15;B02
201000008121;0;7;0;0;2;2;15;A01
201000008121;0;33;0;0;2;1;1;B02
201000008122;0;7;0;0;9;2;1;A01
201000008123;0;7;0;0;2;2;17;B02
201000008123;0;31;0;0;2;1;17;C03
201000008123;0;21;0;0;2;3;15;A01
201000008124;0;2;0;0;1;0;1;A01
201000008125;0;7;0;0;2;1;1;A01
201000008125;0;7;0;0;2;7;15;B02
201000008125;0;7;0;0;2;3;2;C03
201000008126;0;30;0;0;2;3;13;A01
201000008126;0;7;0;0;2;3;1;B02
201000008127;0;7;0;6;0;1;17;A01
201000008128;0;7;0;15;1;1;1;A01
201000008129;0;30;0;14;0;1;1;A01
201000008129;0;30;0;14;0;1;1;B02
201000008130;0;7;0;13;0;1;13;A01
201000008131;0;33;0;0;2;1;13;A01
201000008131;0;7;0;0;2;2;1;B02
201000008132;0;1;0;0;0;7;1;B02
201000008133;0;33;0;0;0;0;1;A01
201000008134;0;33;0;0;2;1;1;B02
201000008134;0;7;0;0;2;2;13;A01
201000008135;0;7;0;0;2;2;1;B02
201000008135;0;7;0;0;2;3;9;A01
201000008136;0;7;0;0;0;8;1;B02
201000008136;0;7;0;0;2;1;1;A01
201000008137;0;7;0;8;0;2;2;A01
201000008138;0;33;0;0;2;0;1;A01
201000008138;0;2;0;0;2;3;1;B02
201000008138;0;2;0;0;2;1;1;D04
201000008138;0;30;0;0;2;4;1;C03
201000008139;0;30;0;2;0;1;1;A01
201000008140;0;99;0;13;0;1;1;A01
201000008141;0;33;0;8;0;8;1;A01
201000008142;0;10;0;0;1;2;1;A01
201000008143;0;7;0;0;2;5;1;B02
201000008143;0;7;0;6;2;1;1;A01
201000008144;0;7;0;6;0;1;14;A01
201000008145;0;7;0;0;2;7;1;B02
201000008145;0;2;0;0;2;1;1;A01
201000008146;0;7;0;0;2;1;1;B02
201000008146;0;7;0;0;2;7;19;A01
201000008147;0;7;0;0;2;1;1;B02
201000008147;0;7;0;0;2;7;6;A01
201000008148;0;7;0;0;2;3;1;B02
201000008148;0;7;0;0;2;1;15;A01
201000008149;0;30;0;0;0;0;1;A01
201000008150;0;31;0;0;0;8;1;B02
201000008150;0;7;0;0;0;1;15;A01
201000008151;0;30;0;11;0;1;1;A01
201000008152;0;14;0;0;0;7;1;B02
201000008152;0;33;0;0;2;1;18;A01
201000008153;0;7;0;0;2;1;15;A01
201000008153;0;7;0;0;2;2;1;B02
201000008154;0;7;0;0;2;1;1;B02
201000008154;0;7;0;0;2;3;1;A01
201000008155;0;7;0;0;1;1;1;A01
201000008156;0;7;0;6;0;1;1;A01
201000008157;0;7;0;0;6;1;1;A01
201000008158;0;7;0;6;0;1;1;A01
201000008159;0;7;0;16;0;1;1;A01
201000008160;0;7;0;7;2;3;19;A01
201000008160;0;7;0;7;2;2;1;B02
201000008161;0;2;0;0;0;0;1;A01
201000008162;0;7;0;0;2;7;19;A01
201000008162;0;31;0;0;2;1;1;B02
201000008163;0;7;0;0;2;7;13;A01
201000008163;0;7;0;0;2;1;1;B02
201000008164;0;17;0;1;0;7;14;A01
201000008164;0;7;0;0;2;8;0;C03
201000008164;0;7;0;0;2;4;0;B02
201000008165;0;2;0;0;0;0;1;A01
201000008166;0;7;0;0;2;8;10;A01
201000008166;0;33;0;0;2;1;1;B02
201000008167;0;7;0;0;2;1;1;B02
201000008167;0;3;0;0;2;8;16;A01
201000008168;0;33;0;0;2;1;1;A01
201000008168;0;7;0;0;2;7;15;B02
201000008169;0;7;0;8;2;3;13;A01
201000008169;0;30;0;8;2;1;1;B02
201000008170;0;33;0;0;2;1;1;B02
201000008170;0;7;0;0;2;2;15;A01
201000008171;0;7;0;0;2;1;15;A01
201000008171;0;7;0;0;2;1;1;B02
201000008172;0;1;0;0;2;1;16;B02
201000008172;0;7;0;0;2;3;1;A01
201000008173;0;7;0;0;2;3;1;A01
201000008173;0;7;0;0;2;3;1;B02
201000008174;0;7;0;0;2;1;1;A01
201000008174;0;2;0;0;2;7;11;B02
201000008175;0;14;0;0;1;1;1;A01
201000008176;0;14;0;0;2;2;0;A01
201000008176;0;14;0;0;2;3;0;B02
201000008177;0;30;0;0;2;1;1;B02
201000008177;0;10;0;0;2;6;0;A01
201000008178;0;7;0;13;0;3;1;A01
201000008179;0;7;0;0;2;1;1;A01
201000008179;0;7;0;0;2;3;0;B02
201000008180;0;7;0;0;0;1;1;A01
201000008181;0;7;0;0;2;1;1;A01
201000008181;0;7;0;0;0;4;1;B02
201000008182;0;7;0;0;1;1;1;A01
201000008183;0;7;0;0;1;2;0;A01
201000008184;0;7;0;2;0;2;1;A01
201000008185;0;31;0;0;2;1;0;B02
201000008185;0;7;0;0;2;1;13;A01
201000008186;0;7;0;16;0;9;1;A01
201000008187;0;7;0;0;2;1;1;A01
201000008187;0;7;0;3;0;7;0;B02
201000008188;0;7;0;13;0;2;1;A01
201000008189;0;7;0;0;2;1;17;A01
201000008189;0;2;0;0;2;1;1;B02
201000008190;0;7;0;8;0;8;1;A01
201000008191;0;10;0;0;2;1;17;B02
201000008191;0;30;0;0;2;9;10;A01
201000008192;0;7;0;0;2;3;1;B02
201000008192;0;7;0;0;2;3;13;A01
201000008193;0;7;0;6;0;1;1;A01
201000008194;0;7;0;15;0;1;1;A01
201000008195;0;7;0;0;2;2;1;B02
201000008195;0;30;0;0;2;1;13;A01
201000008196;0;7;0;0;2;2;10;A01
201000008196;0;31;0;0;2;8;1;B02
201000008197;0;33;0;14;0;7;1;A01
201000008198;0;7;0;0;2;8;21;C03
201000008198;0;7;0;0;2;3;21;A01
201000008198;0;7;0;0;2;3;1;B02
201000008199;0;7;0;0;0;3;16;A01
201000008199;0;33;0;0;2;1;1;B02
201000008200;0;7;0;0;1;1;1;A01
201000008201;0;7;0;0;2;1;1;B02
201000008201;0;7;0;0;2;1;13;A01
201000008202;0;7;0;0;1;2;2;A01
201000008203;0;10;0;0;2;7;15;A01
201000008203;0;7;0;0;2;3;1;B02
201000008204;0;7;0;0;1;1;1;A01
201000008205;0;31;0;0;2;1;1;B02
201000008205;0;7;0;0;0;4;4;A01
201000008206;0;1;0;0;0;0;0;A01
201000008207;0;7;0;6;0;3;1;A01
201000008208;0;7;0;0;2;8;1;B02
201000008208;0;10;0;0;2;1;13;A01
201000008209;0;33;0;0;2;1;17;A01
201000008209;0;7;0;0;2;3;15;B02
201000008210;0;7;0;2;0;9;1;A01
201000008211;0;7;0;0;2;3;1;B02
201000008211;0;7;0;0;2;3;13;A01
201000008212;0;7;0;0;2;2;;A01
201000008212;0;1;0;0;2;8;19;B01
201000008213;0;14;0;0;2;3;1;A01
201000008213;0;7;0;0;2;3;13;B02
201000008214;0;7;0;2;0;1;14;A01
201000008215;0;33;0;16;0;9;1;A01
201000008216;0;7;0;0;2;2;15;B02
201000008216;0;1;0;0;2;1;1;A01
201000008217;0;2;0;6;0;1;1;A01
201000008218;0;7;0;0;2;3;1;B02
201000008218;0;7;0;0;2;5;13;A01
201000008219;0;7;0;0;2;2;19;A01
201000008219;0;7;0;0;2;1;21;B02
201000008220;0;7;0;0;2;3;19;A01
201000008220;0;7;0;0;2;1;1;B02
201000008221;0;7;0;0;0;7;1;B02
201000008221;0;1;0;0;2;1;19;A01
201000008222;0;10;0;0;2;2;1;B02
201000008222;0;7;0;5;2;1;13;A01
201000008223;0;1;0;0;2;4;2;B02
201000008223;0;10;0;0;2;1;2;A01
201000008224;0;7;0;0;2;1;1;B02
201000008224;0;10;0;0;2;3;13;A01
201000008225;0;7;0;2;0;1;0;A01
201000008226;0;7;0;0;1;3;1;A01
201000008227;0;7;0;0;2;2;17;B02
201000008227;0;7;0;0;2;2;1;C03
201000008227;0;36;0;0;2;2;1;A01
201000008228;0;2;0;0;2;1;1;A01
201000008228;0;3;0;0;2;1;1;B02
201000008229;0;33;0;0;2;1;1;B02
201000008229;0;7;0;0;2;5;15;A01
201000008230;0;33;0;0;2;2;2;A01
201000008230;0;33;0;0;2;8;2;B02
201000008231;0;7;0;0;0;7;1;B02
201000008231;0;7;0;0;2;1;1;A01
201000008232;0;7;0;0;2;1;1;B02
201000008232;0;7;0;6;2;1;13;A01
201000008233;0;7;0;0;2;2;15;A01
201000008233;0;7;0;0;2;3;1;B02
201000008234;0;33;0;2;0;0;1;A01
201000008235;0;7;0;0;2;6;15;A01
201000008235;0;33;0;0;2;1;1;B02
201000008236;0;7;0;0;2;1;5;B02
201000008236;0;7;0;0;2;1;1;A01
201000008237;0;2;0;0;1;7;1;A01
201000008238;0;7;0;0;2;1;17;A01
201000008238;0;7;0;0;2;1;1;B02
201000008239;0;7;0;0;2;1;1;B02
201000008239;0;7;0;0;2;1;13;A01
201000008240;0;7;0;8;0;9;1;A01
201000008241;0;7;0;0;2;6;1;B02
201000008241;0;2;0;0;2;1;19;A01
201000008242;0;1;0;0;2;8;1;B02
201000008242;0;7;0;0;2;7;17;A01
201000008243;0;10;0;0;2;1;1;B02
201000008243;0;7;0;0;2;7;1;A01
201000008244;0;14;0;0;0;5;15;A01
201000008244;0;33;0;0;2;3;1;B02
201000008245;0;7;0;0;1;2;1;A01
201000008246;0;7;0;13;0;1;1;A01
201000008247;0;2;0;16;0;9;1;A01
201000008248;0;7;0;8;2;9;1;A01
201000008248;0;7;0;6;2;9;17;B02
201000008249;0;2;0;0;1;0;2;A01
201000008250;0;30;0;0;0;1;1;A01
201000008251;0;7;0;0;0;0;17;A01
201000008252;0;7;0;0;2;1;13;A01
201000008252;0;7;0;0;2;1;1;B02
201000008252;0;30;0;0;0;0;9;C03
201000008253;0;7;0;0;2;1;13;B02
201000008253;0;15;0;0;2;3;1;A01
201000008254;0;1;0;12;2;1;1;B01
201000008254;0;7;0;0;2;3;1;A01
201000008255;0;7;0;0;2;2;0;A01
201000008255;0;1;0;0;2;1;1;B02
201000008256;0;7;0;8;0;0;0;A01
201000008257;0;10;0;0;2;1;1;B02
201000008257;0;7;0;0;2;6;5;A01
201000008258;0;10;0;0;2;1;1;B02
201000008258;0;7;0;0;2;8;19;A01
201000008259;0;2;0;0;2;1;1;B02
201000008259;0;7;0;0;2;2;15;A01
201000008260;0;33;0;0;0;0;1;A01
201000008261;0;10;0;0;2;8;0;C03
201000008261;0;7;0;0;2;3;5;A01
201000008261;0;10;0;0;2;3;5;B02
201000008262;0;7;0;0;2;1;21;B02
201000008262;0;2;0;0;2;1;13;A01
201000008263;0;1;0;4;0;8;1;A01
201000008264;0;33;0;0;2;1;1;A01
201000008264;0;7;0;0;2;2;1;B02
201000008265;0;10;0;2;0;3;13;A01
201000008266;0;33;0;0;2;1;13;A01
201000008266;0;7;0;0;2;1;1;B02
201000008267;0;7;0;0;2;7;13;A01
201000008267;0;10;0;0;2;1;1;B02
201000008268;0;7;0;0;0;7;1;A01
201000008268;0;16;0;0;0;1;19;B02
201000008269;0;33;0;16;0;8;1;A01
201000008270;0;3;0;0;2;3;13;A01
201000008270;0;7;0;0;2;3;1;B02
201000008271;0;7;0;0;2;1;19;A01
201000008271;0;10;0;0;2;8;1;B02
201000008272;0;7;0;0;9;5;15;A01
201000008272;0;1;0;0;2;1;1;B02
201000008273;0;30;0;0;0;8;1;A01
201000008274;0;7;0;0;1;2;15;A01
201000008275;0;7;0;13;0;9;13;A01
201000008276;0;15;0;0;2;3;1;B02
201000008276;0;10;0;0;2;3;1;A01
201000008277;0;7;0;0;2;3;1;B02
201000008277;0;33;0;0;2;1;17;A01
201000008278;0;10;0;0;2;8;16;A01
201000008278;0;7;0;15;2;1;1;B02
201000008279;0;33;0;0;2;1;1;B02
201000008279;0;7;0;0;2;3;13;A01
201000008280;0;33;0;16;0;0;1;A01
201000008281;0;7;0;6;2;9;2;A01
201000008281;0;7;0;0;2;6;2;B02
201000008282;0;7;0;0;2;3;17;A01
201000008282;0;7;0;0;2;3;1;B02
201000008283;0;7;0;0;1;4;23;B02
201000008283;0;7;0;1;2;1;2;A01
201000008284;0;7;0;0;0;1;5;A01
201000008284;0;7;0;0;0;1;1;B02
201000008285;0;7;0;0;2;8;15;A01
201000008285;0;33;0;0;2;1;17;B02
201000008286;0;7;0;0;0;1;23;B02
201000008286;0;33;0;0;2;8;1;A01
201000008287;0;1;0;0;2;8;13;B02
201000008287;0;7;0;0;2;3;1;A01
201000008288;0;14;0;16;0;9;15;A01
201000008289;0;10;0;0;0;8;1;A01
201000008289;0;33;0;0;2;3;13;B02
201000008290;0;33;0;0;2;1;1;A01
201000008290;0;10;0;0;2;7;16;B01
201000008291;0;7;0;0;2;5;2;B02
201000008291;0;33;0;0;2;8;2;A01
201000008292;0;1;0;0;2;1;2;B02
201000008292;0;7;0;0;2;3;9;A01
201000008293;0;7;0;2;0;2;0;A01
201000008294;0;7;0;0;1;2;1;A01
201000008295;0;38;1;0;2;3;1;B02
201000008295;0;7;0;0;2;3;24;C03
201000008295;0;7;0;1;2;8;13;A01
201000008296;0;7;0;4;0;9;1;A01
201000008297;0;7;0;0;2;3;15;A01
201000008297;0;7;0;0;2;1;15;B02
201000008298;0;7;0;14;0;9;1;A01
201000008299;0;7;0;0;2;7;21;B02
201000008299;0;7;0;5;0;9;19;A01
201000008300;0;7;0;6;0;1;1;A01
201000008301;0;7;0;0;0;4;23;A01
201000008301;0;7;0;14;0;1;2;B02
201000008302;0;99;0;16;0;9;4;A01
201000008303;0;10;0;0;1;4;4;A01
201000008304;2;7;0;0;2;1;13;B02
201000008304;0;7;0;0;2;1;1;A01
201000008305;0;7;0;0;2;3;21;B02
201000008305;0;7;0;0;2;1;13;A01
201000008306;0;7;0;2;0;3;0;A01
201000008307;0;32;0;0;0;1;17;B02
201000008307;0;7;0;0;2;6;15;A01
201000008308;0;7;0;2;0;9;1;A01
201000008309;0;33;0;4;0;7;14;A01
201000008310;0;7;0;3;2;1;14;A01
201000008310;0;7;0;0;2;7;1;B02
201000008310;0;7;0;1;2;1;1;C03
201000008311;0;7;0;0;1;3;1;A01
201000008312;0;7;0;0;1;5;4;A01
201000008313;0;10;0;4;2;3;1;B02
201000008313;0;7;0;0;2;3;13;A01
201000008314;0;31;0;0;2;8;1;B02
201000008314;0;7;0;0;2;7;1;A01
201000008315;0;10;0;0;2;1;13;A01
201000008315;0;10;0;0;2;1;1;B02
201000008316;0;1;0;0;2;1;19;A01
201000008316;0;7;0;0;0;0;0;B02
201000008317;0;7;0;1;0;4;23;B02
201000008317;0;33;0;0;2;6;23;A01
201000008317;0;7;0;1;0;1;2;C03
201000008318;0;7;0;2;0;3;5;A01
201000008319;0;7;0;0;1;7;1;A01
201000008320;0;7;0;0;2;4;24;B02
201000008320;0;7;0;1;0;1;12;A01
201000008321;0;15;0;0;2;8;1;B02
201000008321;0;7;0;0;2;3;13;A01
201000008322;0;7;0;2;0;1;0;A01
201000008323;0;7;0;6;0;2;1;A01
201000008324;0;7;0;16;0;1;1;A01
201000008325;0;7;0;12;1;3;21;A01
201000008326;0;7;0;6;0;3;1;A01
201000008326;0;7;0;0;9;3;1;B02
201000008327;0;7;0;13;0;4;1;B02
201000008327;0;7;0;3;2;1;1;A01
201000008328;0;33;0;2;0;1;14;A01
201000008329;0;7;0;0;2;8;15;B02
201000008329;0;1;0;0;2;1;2;A01
201000008330;0;1;0;0;2;1;1;B02
201000008330;0;7;0;0;9;5;12;A01
201000008331;0;33;0;0;2;3;1;B02
201000008331;0;7;0;0;2;3;13;A01