num_acc;senc;catv;occutc;obs;obsm;choc;manv;num_veh
201000008332;0;33;0;13;0;2;14;A01
201000008333;0;7;0;0;2;3;1;A01
201000008333;0;10;0;0;2;3;1;B02
201000008334;0;7;0;0;1;3;1;A01
201000008335;0;7;0;0;2;1;1;B02
201000008335;0;7;0;0;2;3;13;A01
201000008336;0;7;0;0;0;4;2;B02
201000008336;0;2;0;0;2;1;2;A01
201000008337;0;30;0;0;2;3;1;A01
201000008337;0;7;0;0;2;3;9;B02
201000008338;0;7;0;0;2;8;15;B02
201000008338;0;33;0;0;2;1;17;A01
201000008339;0;1;0;0;2;4;2;B02
201000008339;0;7;0;0;9;2;2;A01
201000008340;0;7;0;0;2;1;1;B02
201000008340;0;7;0;0;2;1;1;A01
201000008341;0;30;0;8;0;2;1;A01
201000008342;0;7;0;0;0;0;1;B02
201000008342;0;1;0;0;0;0;0;A01
201000008343;0;7;0;0;0;5;23;B02
201000008343;0;33;0;0;2;1;1;A01
201000008344;0;7;0;0;2;1;1;A01
201000008344;0;10;0;0;2;8;9;B02
201000008345;0;30;0;0;9;1;1;A01
201000008345;0;1;0;0;2;2;9;B02
201000008346;0;7;0;1;2;5;23;B02
201000008346;0;7;0;0;2;8;23;C03
201000008346;0;7;0;0;2;3;1;A01
201000008347;0;33;0;2;2;1;1;B02
201000008347;0;14;0;0;2;2;9;A01
201000008348;1;7;0;0;2;2;1;B02
201000008348;0;1;0;0;2;4;1;A01
201000008349;0;7;0;0;2;1;1;A01
201000008349;0;7;0;0;2;1;15;B02
201000008350;0;1;0;3;0;1;0;A01
201000008351;0;14;0;0;1;4;4;A01
201000008352;0;33;0;0;2;1;1;B02
201000008352;0;7;0;0;2;8;10;A01
201000008353;0;33;0;0;2;8;1;B02
201000008353;0;7;0;0;2;3;1;A01
201000008354;0;1;0;0;5;0;1;A01
201000008355;0;7;0;0;2;2;1;A01
201000008355;0;7;0;0;2;1;1;B02
201000008356;0;7;0;0;2;3;1;B02
201000008356;0;7;0;0;2;3;13;A01
201000008357;0;7;0;0;1;3;15;A01
201000008358;0;7;0;0;2;9;2;C03
201000008358;0;7;0;0;2;1;1;E05
201000008358;0;7;0;0;2;1;2;D04
201000008358;0;10;0;0;2;5;2;A01
201000008358;0;7;0;0;2;0;2;B02
201000008359;0;2;0;0;2;8;1;A01
201000008359;0;7;0;0;2;3;1;B02
201000008360;0;7;0;0;2;1;1;B02
201000008360;0;7;0;0;2;1;17;A01
201000008361;0;7;0;0;0;1;13;A01
201000008361;0;7;0;0;2;1;0;B02
201000008362;0;7;0;0;2;2;1;A01
201000008362;0;7;0;0;2;3;1;B02
201000008362;0;7;0;0;2;2;13;C03
201000008363;0;31;0;3;0;1;14;A01
201000008364;0;7;0;0;1;6;4;A01
201000008365;0;30;0;0;1;8;1;A01
201000008366;0;7;0;16;0;9;1;A01
201000008367;0;30;0;0;2;7;5;A01
201000008367;0;21;0;0;2;5;5;B02
201000008368;0;2;0;0;0;7;1;A01
201000008369;0;7;0;0;2;3;1;B02
201000008369;0;30;0;0;2;1;1;A01
201000008370;0;7;0;0;2;1;2;A01
201000008370;0;31;0;0;2;4;2;B02
201000008371;0;7;0;0;0;5;23;B02
201000008371;0;31;0;0;2;3;21;A01
201000008372;0;33;0;3;0;8;1;A01
201000008372;0;33;0;0;2;1;1;B02
201000008373;0;7;0;0;1;2;14;A01
201000008374;0;7;0;0;2;1;1;B02
201000008374;0;7;0;0;0;4;23;A01
201000008375;0;7;0;0;1;2;19;A01
201000008376;0;7;0;0;1;2;14;A01
201000008377;0;7;0;0;2;1;1;B02
201000008377;0;7;0;0;2;5;1;A01
201000008377;0;38;1;0;2;2;0;C03
201000008378;0;14;0;0;1;1;2;A01
201000008379;0;7;0;6;0;2;1;A01
201000008380;0;7;0;0;1;1;1;A01
201000008381;0;10;0;0;2;3;1;B02
201000008381;0;7;0;0;2;1;13;A01
201000008382;0;7;0;0;0;4;23;D04
201000008382;0;7;0;0;2;4;23;C03
201000008382;0;7;0;0;2;1;1;A01
201000008382;0;7;0;0;2;4;23;B02
201000008383;0;7;0;4;0;9;1;A01
201000008384;0;7;0;0;2;1;15;B02
201000008384;0;2;0;0;2;3;1;A01
201000008385;0;1;0;0;0;0;1;A01
201000008386;0;7;0;0;2;7;20;A01
201000008386;0;2;0;0;2;1;1;B02
201000008387;0;33;0;0;2;1;17;A01
201000008387;0;7;0;0;0;8;15;B02
201000008388;0;2;0;0;2;1;1;A01
201000008388;0;7;0;0;2;3;0;B02
201000008389;0;33;0;0;0;2;1;A01
201000008390;0;33;0;0;0;9;1;A01
201000008391;0;7;0;0;2;3;15;B02
201000008391;0;31;0;0;2;7;15;A01
201000008392;0;7;0;0;2;2;1;B02
201000008392;0;7;0;0;2;3;1;A01
201000008393;0;7;0;0;2;1;1;A01
201000008393;0;7;0;6;2;1;1;B02
201000008394;0;7;0;0;0;0;0;A01
201000008395;0;7;0;0;2;1;13;A01
201000008395;0;7;0;0;2;3;1;B02
201000008396;0;7;0;12;0;2;14;A01
201000008397;0;1;0;0;2;1;1;B02
201000008397;0;7;0;0;2;2;9;A01
201000008398;0;7;0;8;0;2;1;A01
201000008399;0;14;0;6;2;3;21;A01
201000008399;0;14;0;0;0;3;0;B02
201000008400;0;7;0;0;0;4;1;A01
201000008400;0;7;0;0;2;1;2;B02
201000008401;0;31;0;0;2;1;17;A01
201000008401;0;7;0;0;9;1;1;B02
201000008402;0;14;0;0;1;2;1;A01
201000008403;0;7;0;14;0;3;1;A01
201000008404;0;7;0;6;0;3;1;A01
201000008405;0;33;0;0;2;1;1;A01
201000008405;0;7;0;0;2;3;19;B02
201000008406;0;7;0;6;0;9;14;A01
201000008407;0;7;0;0;0;3;9;A01
201000008407;0;31;0;0;2;1;1;B02
201000008408;0;7;0;0;1;2;1;A01
201000008408;0;7;0;0;1;3;23;B02
201000008409;0;7;0;0;1;2;1;A01
201000008410;0;7;0;0;0;0;1;A01
201000008411;0;7;0;2;0;1;0;A01
201000008412;0;7;0;0;2;7;19;A01
201000008412;0;36;0;0;2;1;1;B02
201000008413;0;7;0;0;2;1;1;A01
201000008413;0;7;0;0;2;1;11;B02
201000008414;0;7;0;3;2;1;13;A01
201000008414;0;7;0;13;2;8;21;B02
201000008415;0;7;0;15;0;1;13;A01
201000008416;0;7;0;0;1;2;1;A01
201000008417;0;7;0;0;1;1;0;A01
201000008418;0;7;0;0;2;3;0;B02
201000008418;0;7;0;0;2;3;0;A01
201000008419;0;7;0;0;0;3;1;B02
201000008419;0;7;0;0;0;1;1;A01
201000008420;0;1;0;0;0;5;1;B02
201000008420;0;7;0;0;9;1;16;A01
201000008421;0;7;0;0;2;1;0;A01
201000008422;0;7;0;10;0;3;13;A01
201000008423;0;7;0;2;0;9;1;A01
201000008424;0;7;0;2;0;1;1;A01
201000008425;0;7;0;0;2;1;1;A01
201000008425;0;31;0;0;2;7;0;B02
201000008426;0;7;0;0;1;1;1;A01
201000008427;0;7;0;0;0;1;13;A01
201000008428;0;7;0;0;0;2;1;A01
201000008428;0;30;0;0;0;3;16;B02
201000008429;0;7;0;2;0;0;0;A01
201000008430;0;7;0;0;0;1;1;B02
201000008430;0;7;0;0;2;1;17;A01
201000008431;0;33;0;0;0;7;17;A01
201000008432;0;2;0;0;2;1;5;A01
201000008432;0;7;0;0;2;1;1;B02
201000008433;0;34;0;0;1;1;1;A01
201000008434;0;31;0;0;6;1;0;A01
201000008435;0;10;0;0;2;7;15;B02
201000008435;0;33;0;0;2;1;1;A01
201000008436;0;7;0;0;1;2;1;A01
201000008437;0;7;0;0;2;3;1;C03
201000008437;0;7;0;0;2;3;13;A01
201000008437;0;7;0;0;2;3;1;B02
201000008438;0;10;0;0;2;1;2;B02
201000008438;0;7;0;0;2;8;13;A01
201000008439;0;7;0;0;2;1;13;A01
201000008439;0;7;0;0;2;1;2;C03
201000008439;0;7;0;0;2;1;2;B02
201000008440;0;7;0;0;1;3;14;A01
201000008441;0;7;0;0;2;1;2;B02
201000008441;0;7;0;0;2;4;1;A01
201000008442;0;7;0;0;2;4;5;C03
201000008442;0;7;0;0;2;1;1;B02
201000008442;0;7;0;0;2;6;1;A01
201000008443;0;1;0;0;2;1;1;B02
201000008443;0;7;0;0;2;3;15;A01
201000008444;0;31;0;0;2;1;11;C03
201000008444;0;7;0;0;2;3;1;A01
201000008444;0;10;0;0;2;1;1;B02
201000008445;0;33;0;0;2;1;17;A01
201000008445;0;7;0;0;2;2;1;B02
201000008446;0;7;0;0;0;1;17;A01
201000008447;0;1;0;0;2;3;13;B02
201000008447;0;7;0;0;9;2;1;A01
201000008448;0;33;0;0;2;7;17;A01
201000008448;0;7;0;0;2;8;15;B02
201000008449;0;7;0;0;0;1;1;B02
201000008449;0;33;0;0;0;4;1;A01
201000008450;0;7;0;0;2;5;1;A01
201000008450;0;7;0;0;0;1;19;B02
201000008451;0;7;0;0;2;3;1;B02
201000008451;0;7;0;0;2;1;1;A01
201000008452;0;7;0;1;1;2;1;A01
201000008453;0;7;0;10;0;1;1;A01
201000008454;0;7;0;0;1;7;1;A01
201000008455;0;7;0;0;2;1;13;A01
201000008455;0;7;0;0;2;1;1;B02
201000008456;0;7;0;3;2;1;1;B02
201000008456;0;7;0;0;2;1;13;A01
201000008457;0;7;0;0;2;1;1;B02
201000008457;0;10;0;0;2;1;13;A01
201000008458;0;7;0;0;1;0;1;A01
201000008459;0;7;0;0;2;3;1;B02
201000008459;0;7;0;0;2;1;13;A01
201000008460;0;33;0;0;2;1;2;A01
201000008460;0;7;0;0;0;4;2;B02
201000008461;0;7;0;0;2;4;23;B02
201000008461;0;7;0;1;0;1;1;A01
201000008462;0;30;0;9;0;1;6;A01
201000008463;0;2;0;0;2;8;10;A01
201000008463;0;1;0;0;2;1;1;B02
201000008464;0;7;0;0;0;8;15;A01
201000008464;0;33;0;0;2;1;17;B02
201000008465;0;7;0;0;2;8;1;A01
201000008465;0;7;0;0;2;1;1;E05
201000008465;2;7;0;0;2;2;18;F06
201000008465;0;7;0;0;2;6;1;B02
201000008465;0;7;0;0;2;5;17;D04
201000008465;0;7;0;0;9;1;1;C03
201000008466;0;31;0;0;2;8;1;B02
201000008466;0;7;0;11;2;7;17;A01
201000008467;0;7;0;0;2;1;13;A01
201000008467;0;7;0;0;2;3;1;B02
201000008468;0;7;0;0;2;2;15;A01
201000008468;0;7;0;0;2;3;1;B02
201000008469;0;10;0;0;2;7;15;A01
201000008469;0;33;0;0;2;1;1;C03
201000008469;0;7;0;0;2;3;14;B02
201000008470;0;33;0;0;2;1;17;B02
201000008470;0;7;0;0;0;8;15;A01
201000008471;0;7;0;0;1;2;1;A01
201000008472;0;30;0;0;2;4;1;B02
201000008472;0;7;0;0;2;2;1;A01
201000008473;0;7;0;0;2;2;15;A01
201000008473;0;33;0;0;2;1;1;B02
201000008474;0;7;0;0;1;3;1;A01
201000008475;0;7;0;0;1;3;1;A01
201000008476;0;3;0;1;0;1;1;A01
201000008476;0;7;0;0;0;4;0;B02
201000008477;0;7;0;0;1;1;15;A01
201000008478;0;7;0;0;2;7;15;B02
201000008478;0;7;0;0;2;1;1;A01
201000008479;0;33;0;14;0;3;15;B02
201000008479;0;7;0;0;9;4;15;A01
201000008480;0;7;0;0;9;3;13;A01
201000008480;0;1;0;0;2;1;1;B02
201000008481;0;7;0;1;0;3;1;B02
201000008482;0;33;0;0;2;1;1;B02
201000008482;0;7;0;0;2;2;15;A01
201000008483;0;36;0;0;2;3;1;B02
201000008483;0;7;0;0;2;3;1;A01
201000008484;0;7;0;0;0;9;1;A01
201000008485;0;7;0;0;5;1;1;A01
201000008486;0;7;0;0;;9;14;A01
201000008487;0;7;0;8;0;5;1;A01
201000008488;0;33;0;16;0;9;17;A01
201000008489;0;7;0;0;2;3;15;A01
201000008489;0;33;0;0;2;8;1;B02
201000008490;0;1;0;16;0;0;1;A01
201000008491;0;1;0;0;2;1;1;B02
201000008491;0;7;0;0;2;7;15;A01
201000008492;0;10;0;0;2;8;1;D04
201000008492;0;17;0;0;2;1;1;A01
201000008492;0;7;0;0;2;8;1;C03
201000008492;0;7;0;0;2;8;1;B02
201000008493;0;7;0;0;2;2;13;A01
201000008493;0;14;0;0;2;2;21;B02
201000008494;0;7;0;0;2;1;1;B02
201000008494;0;7;0;0;2;1;15;A01
201000008495;0;7;0;13;1;3;1;A01
201000008496;0;38;1;0;1;7;24;A01
201000008497;0;7;0;0;2;3;17;B02
201000008497;0;7;0;0;2;3;1;A01
201000008498;0;30;0;0;0;0;1;A01
201000008499;0;7;0;0;0;1;2;A01
201000008499;0;7;0;0;0;4;23;B02
201000008500;0;10;0;0;0;1;1;A01
201000008500;0;30;0;0;2;8;19;B02
201000008501;0;7;0;0;2;1;1;A01
201000008501;0;2;0;0;2;1;15;B02
201000008502;0;7;0;0;2;3;1;A01
201000008502;0;7;0;0;2;3;1;B02
201000008503;0;7;0;12;0;1;15;A01
201000008504;0;10;0;0;1;4;4;A01
201000008505;0;7;0;0;2;7;19;A01
201000008505;0;7;0;0;2;1;1;B02
201000008506;0;7;0;0;2;3;1;B02
201000008506;0;31;0;0;2;1;1;A01
201000008507;0;33;0;3;0;7;1;A01
201000008508;0;7;0;0;2;1;1;B02
201000008508;0;7;0;0;6;8;1;A01
201000008509;0;7;0;0;9;1;1;B02
201000008509;0;32;0;0;0;0;1;A01
201000008510;0;7;0;3;2;3;13;A01
201000008510;0;7;0;0;2;8;1;B02
201000008510;0;7;0;0;2;3;1;C03
201000008511;0;7;0;6;0;1;1;A01
201000008512;0;7;0;0;0;3;10;A01
201000008512;0;7;0;0;2;2;2;B02
201000008513;0;7;0;9;0;1;14;A01
201000008514;0;7;0;0;2;3;1;B02
201000008514;0;7;0;0;2;2;0;A01
201000008515;0;7;0;0;2;1;13;A01
201000008515;0;7;0;0;2;3;1;B02
201000008516;0;7;0;6;0;3;20;A01
201000008517;0;7;0;0;2;5;15;B02
201000008517;0;33;0;0;2;1;1;A01
201000008518;0;7;0;0;0;3;13;A01
201000008518;0;33;0;0;2;1;1;B02
201000008519;0;10;0;0;2;7;19;A01
201000008519;0;31;0;0;2;1;1;B02
201000008520;0;7;0;0;2;3;19;A01
201000008520;0;33;0;0;2;7;1;B02
201000008521;0;33;0;0;2;1;1;B02
201000008521;0;7;0;0;2;8;15;A01
201000008522;0;7;0;0;2;1;2;A01
201000008522;0;32;0;0;0;4;2;B02
201000008523;0;7;0;2;0;7;1;A01
201000008524;0;2;0;12;0;0;1;A01
201000008525;0;30;0;0;0;0;1;A01
201000008526;0;7;0;0;2;2;0;A01
201000008526;0;7;0;0;2;4;1;C03
201000008526;0;7;0;0;2;8;1;B02
201000008526;0;7;0;0;2;1;1;D04
201000008526;0;7;0;0;2;1;1;E05
201000008527;0;7;0;0;2;3;19;B02
201000008527;0;7;0;0;2;3;1;A01
201000008528;0;7;0;0;2;3;1;B02
201000008528;0;7;0;0;2;6;1;C03
201000008528;0;7;0;0;2;3;3;A01
201000008528;0;7;0;0;2;3;1;D04
201000008529;0;30;0;0;2;1;1;B02
201000008529;0;7;0;0;0;5;15;A01
201000008530;0;7;0;2;0;8;1;A01
201000008531;0;7;0;0;0;0;1;A01
201000008532;0;7;0;0;2;1;5;A01
201000008532;0;7;0;0;2;1;1;B02
201000008533;0;10;0;7;0;2;13;A01
201000008534;0;2;0;0;2;1;1;B02
201000008534;0;7;0;0;2;3;13;A01
201000008535;0;7;0;0;2;8;17;A01
201000008535;0;7;0;0;2;1;1;B02
201000008536;0;7;0;0;2;1;1;B02
201000008536;0;7;0;0;0;8;15;A01
201000008537;0;7;0;13;0;1;1;A01
201000008538;0;7;0;0;1;1;1;A01
201000008539;0;7;0;0;2;1;5;B02
201000008539;0;10;0;0;2;1;5;A01
201000008540;0;7;0;0;1;3;1;A01
201000008541;0;10;0;0;2;3;13;A01
201000008541;0;10;0;0;2;3;1;B02
201000008542;0;7;0;1;2;7;21;A01
201000008542;0;7;0;0;2;8;15;B02
201000008543;0;7;0;0;2;3;13;A01
201000008543;0;7;0;0;2;1;1;B02
201000008544;0;33;0;0;0;0;0;A01
201000008545;0;10;0;0;2;8;13;A01
201000008545;0;14;0;0;2;8;1;B02
201000008546;0;7;0;0;2;3;13;A01
201000008546;0;7;0;0;2;3;1;B02
201000008547;0;7;0;12;0;9;1;A01
201000008548;0;7;0;0;1;3;1;A01
201000008549;0;33;0;0;2;9;21;B02
201000008549;0;7;0;0;2;8;1;A01
201000008550;0;7;0;0;2;3;0;B02
201000008550;0;30;0;0;2;1;19;A01
201000008551;0;7;0;0;2;3;17;A01
201000008551;0;7;0;0;2;3;1;B02
201000008552;0;38;0;13;0;7;1;A01
201000008553;0;10;0;0;0;1;1;A01
201000008553;0;7;0;0;0;8;15;B02
201000008554;0;7;0;2;0;1;1;A01
201000008555;0;7;0;0;2;3;1;B02
201000008555;0;2;0;0;2;1;13;A01
201000008556;0;7;0;0;2;1;1;B02
201000008556;0;2;0;0;2;1;1;A01
201000008557;0;33;0;12;0;3;16;A01
201000008558;0;33;0;0;2;9;13;A01
201000008558;0;7;0;0;2;1;1;B02
201000008559;0;36;0;13;0;5;0;A01
201000008560;0;15;0;0;2;3;1;A01
201000008560;0;7;0;0;2;1;13;B02
201000008561;0;33;0;16;0;0;0;A01
201000008562;0;17;0;0;1;3;1;A01
201000008563;0;7;0;0;2;3;1;B02
201000008563;0;7;0;0;2;3;1;A01
201000008564;0;14;0;0;0;2;1;B02
201000008564;0;7;0;0;2;1;13;A01
201000008565;0;7;0;0;2;1;1;B02
201000008565;0;7;0;0;2;1;13;A01
201000008566;0;7;0;0;2;1;1;B02
201000008566;0;7;0;0;2;1;13;A01
201000008567;0;1;0;0;2;8;1;B02
201000008567;0;10;0;0;2;3;13;A01
201000008568;0;7;0;0;2;1;13;A01
201000008568;0;14;0;0;2;1;1;B02
201000008569;0;7;0;0;2;3;1;B02
201000008569;0;7;0;0;2;6;1;A01
201000008570;0;7;0;0;2;8;0;A01
201000008570;0;7;0;0;2;1;0;B02
201000008571;0;7;0;13;0;1;0;A01
201000008572;0;2;0;0;2;3;1;A01
201000008572;0;7;0;0;9;3;1;B02
201000008573;0;33;0;0;0;7;1;A01
201000008574;0;7;0;0;1;1;1;A01
201000008575;0;33;0;0;6;2;1;A01
201000008576;0;7;0;13;0;0;1;A01
201000008577;0;10;0;8;0;2;1;A01
201000008578;0;30;0;0;2;1;17;B02
201000008578;0;7;0;0;2;3;15;A01
201000008579;0;7;0;2;0;2;14;A01
201000008580;0;7;0;0;2;3;15;A01
201000008580;0;7;0;0;2;1;1;B02
201000008581;0;7;0;0;1;1;1;A01
201000008582;0;30;0;8;0;1;1;A01
201000008583;0;10;0;0;2;8;13;B02
201000008583;0;33;0;0;2;7;17;A01
201000008584;0;7;0;0;0;4;15;A01
201000008584;0;31;0;0;2;1;2;B02
201000008585;0;33;0;0;0;8;13;B02
201000008585;0;7;0;0;0;8;1;A01
201000008586;0;7;0;8;0;1;14;A01
201000008587;0;7;0;0;2;3;15;B02
201000008587;0;33;0;0;2;1;17;A01
201000008588;0;7;0;0;2;3;15;A01
201000008588;0;33;0;0;2;1;17;B02
201000008589;0;7;0;0;0;7;17;A01
201000008589;0;1;0;0;0;8;17;B02
201000008590;0;33;0;0;2;2;17;A01
201000008590;0;7;0;0;0;6;1;B02
201000008591;0;7;0;0;2;1;2;A01
201000008591;0;7;0;0;2;4;2;B02
201000008592;0;10;0;0;2;1;21;B02
201000008592;0;7;0;0;2;1;17;A01
201000008593;0;10;0;0;0;7;1;B02
201000008593;0;33;0;0;2;2;5;A01
201000008594;0;7;0;0;2;2;1;A01
201000008594;0;7;0;0;2;3;19;B02
201000008595;0;1;0;0;0;4;2;B02
201000008595;0;7;0;0;9;2;2;A01
201000008596;0;7;0;0;2;3;2;A01
201000008596;0;1;0;0;2;8;2;B02
201000008597;0;33;0;0;2;1;1;B03
201000008597;0;7;0;0;2;3;15;A01
201000008598;0;7;0;0;2;1;13;A01
201000008598;0;10;0;0;2;3;21;B02
201000008599;0;7;0;0;6;1;0;A01
201000008600;0;32;0;0;2;7;3;A01
201000008600;0;7;0;0;2;2;15;B02
201000008601;0;7;0;0;0;1;0;A01
201000008602;0;7;0;0;2;8;1;B02
201000008602;0;32;0;0;2;1;15;A01
201000008603;0;33;0;0;2;1;2;A01
201000008603;0;7;0;0;0;6;2;B02
201000008604;0;7;0;0;2;3;9;A01
201000008604;0;30;0;0;2;1;19;B02
201000008605;0;7;0;0;0;8;15;A01
201000008605;0;31;0;0;2;1;1;B02
201000008606;0;7;0;0;1;1;0;A01
201000008607;0;7;0;2;0;1;0;A01
201000008608;0;7;0;8;2;1;1;B02
201000008608;0;7;0;0;2;1;13;A01
201000008608;0;7;0;0;2;8;9;C03
201000008609;0;7;0;0;2;2;1;B02
201000008609;0;7;0;0;2;2;13;A01
201000008610;0;7;0;0;2;1;13;A01
201000008610;0;7;0;0;2;1;1;B02
201000008611;0;7;0;0;2;7;13;A01
201000008611;0;38;1;0;2;1;1;B02
201000008612;0;7;0;0;2;1;1;A01
201000008612;0;36;0;0;2;8;19;B02
201000008613;0;1;0;0;2;0;15;A01
201000008614;0;33;0;0;2;1;17;A01
201000008614;0;7;0;0;2;8;1;B02
201000008615;0;7;0;6;0;7;13;A01
201000008616;0;7;0;0;2;1;13;A01
201000008616;0;7;0;0;2;1;1;B02
201000008617;0;7;0;0;2;1;1;B02
201000008617;0;7;0;0;2;1;13;A01
201000008618;0;7;0;0;2;8;0;B02
201000008618;0;7;0;0;0;8;13;A01
201000008619;0;7;0;6;0;1;0;A01
201000008620;0;99;0;14;0;2;15;A01
201000008621;0;10;0;0;1;4;4;A01
201000008622;0;1;0;0;2;3;1;B02
201000008622;0;33;0;0;2;3;13;A01
201000008623;0;33;0;5;9;1;5;A01
201000008624;0;33;0;0;2;8;13;A01
201000008624;0;7;0;0;9;3;1;B02
201000008625;0;14;0;0;2;1;1;B02
201000008625;0;7;0;0;2;1;13;A01
201000008626;0;7;0;0;0;9;1;A01
201000008627;0;7;0;0;2;3;5;A01
201000008627;0;7;0;0;2;3;1;B02
201000008628;0;7;0;0;0;8;0;B02
201000008628;0;7;0;1;0;1;17;A01
201000008629;0;7;0;6;0;1;1;A01
201000008630;0;7;0;0;2;5;15;A01
201000008630;0;1;0;0;2;1;1;B02
201000008631;0;7;0;6;0;1;14;A01
201000008632;0;7;0;0;0;1;0;A01
201000008633;0;33;0;0;0;7;1;A01
201000008634;0;1;0;0;0;1;2;A01
201000008635;0;7;0;0;2;7;1;A01
201000008635;0;99;0;0;2;1;1;B02
201000008636;0;33;0;0;2;1;21;B02
201000008636;0;7;0;0;2;3;10;A01
201000008637;0;33;0;0;2;1;1;B02
201000008637;0;33;0;0;2;1;1;C03
201000008637;0;7;0;0;2;3;13;A01
201000008638;0;7;0;10;0;1;13;A01
201000008639;0;2;0;0;2;1;1;B02
201000008639;0;7;0;0;2;3;19;A01
201000008640;0;33;0;0;0;3;0;B02
201000008640;0;7;0;0;9;3;13;A01
201000008641;0;7;0;14;1;5;16;A01
201000008642;0;33;0;13;0;1;1;A01
201000008643;0;33;0;0;2;1;1;A01
201000008643;0;7;0;0;2;3;1;B02
201000008644;0;7;0;0;2;8;19;A01
201000008644;0;10;0;0;2;1;1;B02
201000008645;0;7;0;0;2;1;13;A01
201000008645;0;7;0;0;2;1;1;B02
201000008646;0;10;0;0;9;2;1;B02
201000008646;0;2;0;0;2;1;11;A01
201000008647;0;7;0;0;1;2;1;A01
201000008648;0;7;0;0;1;1;1;A01
201000008649;0;7;0;13;0;1;21;A01
201000008650;0;33;0;8;0;7;1;A01
201000008651;0;17;0;13;0;7;1;A01
201000008652;0;7;0;13;0;3;0;A01
201000008653;0;7;0;2;0;0;15;A01
201000008654;0;1;0;0;1;1;17;A01
201000008655;0;7;0;0;2;1;1;B02
201000008655;0;7;0;3;2;7;19;A01
201000008656;0;10;0;0;1;1;1;A01
201000008657;0;10;0;0;2;1;1;B02
201000008657;0;7;0;0;2;7;13;A01
201000008658;0;7;0;13;0;0;1;A01
201000008659;0;33;0;0;2;1;1;A01
201000008659;0;7;0;0;0;4;16;B02
201000008660;0;7;0;0;9;6;1;A01
201000008660;0;30;0;0;2;1;1;B02
201000008661;0;7;0;13;0;1;17;A01
201000008662;0;7;0;0;2;3;17;A01
201000008662;0;2;0;0;2;1;1;B02
201000008663;0;7;0;8;0;1;13;A01
201000008664;0;7;0;0;2;5;1;A01
201000008664;0;1;0;0;2;3;1;B02
201000008665;0;7;0;0;2;1;1;B02
201000008665;0;7;0;0;2;7;13;A01
201000008666;0;2;0;0;2;1;19;B02
201000008666;0;7;0;0;2;7;1;A01
201000008667;0;7;0;0;2;3;13;A01
201000008667;0;7;0;0;2;8;1;B02
201000008667;0;7;0;0;2;8;1;C03
201000008668;0;7;0;16;0;9;19;A01
201000008669;0;7;0;0;2;1;13;A01
201000008669;0;7;0;0;2;1;1;B02
201000008670;0;33;0;0;2;3;1;B02
201000008670;0;7;0;0;2;3;13;A01
201000008671;0;31;0;0;0;6;2;A01
201000008671;0;7;0;0;2;2;2;B02
201000008672;0;7;0;13;0;2;14;A01
201000008673;0;7;0;0;2;2;17;A01
201000008673;0;7;0;0;2;3;1;B02
201000008674;0;7;0;2;0;1;1;A01
201000008675;0;7;0;0;2;5;16;B02
201000008675;0;33;0;0;2;1;14;A01
201000008676;0;33;0;13;0;8;13;A01
201000008677;0;33;0;0;0;7;1;A01
201000008678;0;7;0;0;0;1;17;B02
201000008678;0;21;0;0;0;1;15;A01
201000008679;0;7;0;0;0;2;1;B02
201000008679;0;33;0;0;2;1;1;A01
201000008680;0;10;0;0;0;1;1;A01
201000008680;0;10;0;0;0;3;1;B02
201000008681;0;33;0;2;0;8;1;A01
201000008682;0;33;0;0;2;1;13;A01
201000008682;0;10;0;0;2;2;1;B02
201000008683;0;10;0;0;2;8;15;B02
201000008683;0;38;0;0;2;3;1;A01
201000008684;0;7;0;0;1;8;1;A01
201000008685;0;33;0;0;0;1;17;A01
201000008685;0;7;0;0;0;1;1;B02
201000008686;0;2;0;0;2;1;1;A01
201000008686;0;7;0;0;9;3;1;B02
201000008687;0;7;0;1;0;1;19;A01
201000008688;0;10;0;0;2;3;2;B02
201000008688;0;7;0;0;0;1;13;A01
201000008689;0;30;0;0;2;1;13;A01
201000008689;0;7;0;0;2;2;0;B02
201000008690;0;33;0;0;0;0;1;A01
201000008691;0;7;0;0;2;7;1;A01
201000008691;0;7;0;0;2;1;1;B02
201000008692;0;7;0;0;2;3;1;B02
201000008692;0;7;0;0;2;1;1;A01
201000008693;0;30;0;0;2;1;1;A01
201000008693;0;30;0;0;2;1;1;B02
201000008694;0;7;0;0;2;1;0;B02
201000008694;0;7;0;0;2;1;19;A01
201000008695;0;7;0;0;2;2;1;A01
201000008695;0;30;0;0;2;7;9;B02
201000008696;0;33;0;0;2;1;1;B02
201000008696;0;7;0;0;2;7;15;A01
201000008697;0;7;0;0;2;3;1;A01
201000008697;0;7;0;0;2;3;1;B02
201000008698;0;7;0;0;0;8;1;B02
201000008698;0;33;0;0;2;1;1;A01
201000008699;0;7;0;14;0;1;1;A01
201000008700;0;33;0;13;0;3;15;A01
201000008701;0;21;0;0;2;3;1;B02
201000008701;0;7;0;0;2;2;1;A01
201000008702;0;7;0;6;0;1;1;A01
201000008703;0;7;0;0;2;2;15;A01
201000008703;0;33;0;0;2;1;1;B02
201000008704;0;33;0;1;0;0;14;B02
201000008704;0;7;0;0;0;4;24;A01
201000008705;0;7;0;0;2;2;1;A01
201000008705;0;7;0;0;2;2;13;B02