num_acc;senc;catv;occutc;obs;obsm;choc;manv;num_veh
201000008706;0;7;0;0;1;2;1;A01
201000008707;0;1;0;0;2;3;15;B02
201000008707;0;7;0;0;2;2;1;A01
201000008708;0;33;0;0;2;1;1;B02
201000008708;0;7;0;0;0;6;20;A01
201000008709;0;33;0;13;0;6;1;A01
201000008710;0;7;0;0;2;4;1;B02
201000008710;0;7;0;0;2;1;1;A01
201000008711;0;33;0;13;0;2;1;A01
201000008712;0;33;0;0;2;7;1;B02
201000008712;0;7;0;0;2;1;1;A01
201000008713;0;30;0;0;2;1;1;A01
201000008713;0;7;0;0;2;8;1;B02
201000008714;0;7;0;0;9;2;1;A01
201000008714;0;1;0;0;0;4;0;B02
201000008715;0;7;0;0;2;3;21;B02
201000008715;0;7;0;0;2;3;5;A01
201000008716;0;7;0;0;9;3;15;A01
201000008716;0;1;0;0;2;1;1;B02
201000008717;0;14;0;13;0;1;1;A01
201000008718;0;33;0;3;0;0;0;A01
201000008719;0;7;0;6;0;1;1;A01
201000008720;0;30;0;0;2;7;23;B02
201000008720;0;37;10;0;2;4;4;A01
201000008721;0;14;0;0;2;2;1;A01
201000008721;0;14;0;0;2;3;15;B02
201000008722;0;7;0;0;2;1;13;A01
201000008722;0;7;0;0;2;1;0;B02
201000008723;0;7;0;13;0;0;1;A01
201000008724;0;30;0;6;0;1;1;A01
201000008725;0;7;0;13;0;3;1;A01
201000008726;0;1;0;0;2;4;11;B02
201000008726;0;21;0;0;9;6;4;A01
201000008727;0;33;0;0;2;1;2;A01
201000008727;0;7;0;0;2;2;15;B02
201000008728;0;20;0;2;0;1;14;A01
201000008729;0;7;0;13;0;2;1;A01
201000008730;0;7;0;0;0;8;1;A01
201000008731;0;7;0;0;2;1;1;A01
201000008731;0;7;0;0;2;3;1;C03
201000008731;0;7;0;0;0;4;15;B02
201000008732;0;7;0;0;2;1;19;A01
201000008732;0;1;0;0;2;1;1;B02
201000008733;0;33;0;0;2;3;5;A01
201000008733;0;10;0;0;2;2;1;B02
201000008734;0;10;0;0;0;2;13;A01
201000008734;0;1;0;0;0;3;1;B02
201000008735;0;1;0;0;2;8;15;B02
201000008735;0;10;0;0;9;3;1;A01
201000008736;0;7;0;0;0;7;1;B02
201000008736;0;10;0;0;2;1;1;A01
201000008737;0;31;0;0;0;3;0;A01
201000008738;0;7;0;0;2;7;13;A01
201000008738;0;7;0;0;0;1;2;B02
201000008739;0;7;0;6;0;3;1;A01
201000008740;0;7;0;8;0;1;13;A01
201000008741;0;7;0;6;0;1;1;A01
201000008742;0;7;0;0;2;7;1;A01
201000008742;0;7;0;0;2;1;19;B02
201000008743;0;14;0;0;0;5;19;A01
201000008743;0;7;0;0;2;2;1;B02
201000008744;0;2;0;0;2;3;1;B02
201000008744;0;7;0;0;2;3;1;A01
201000008745;0;7;0;13;0;9;1;A01
201000008746;0;7;0;0;2;3;1;B02
201000008746;0;7;0;0;2;3;1;A01
201000008747;0;7;0;13;0;9;1;A01
201000008748;0;30;0;11;0;1;1;A01
201000008749;0;7;0;0;0;1;1;A01
201000008750;0;7;0;2;0;1;21;A01
201000008751;0;7;0;0;0;0;0;C03
201000008751;0;7;0;0;2;8;15;B02
201000008751;0;7;0;0;2;1;17;A01
201000008752;0;7;0;0;1;2;1;A01
201000008753;0;7;0;0;2;2;19;B02
201000008753;0;33;0;0;2;1;1;A01
201000008754;0;14;0;0;0;3;1;B02
201000008754;0;7;0;0;0;3;1;A01
201000008755;0;30;0;0;0;6;17;A01
201000008755;0;1;0;0;0;6;1;B02
201000008756;0;7;0;0;2;3;13;A01
201000008756;0;7;0;0;2;3;0;B02
201000008757;0;7;0;0;2;1;19;A01
201000008757;0;7;0;0;2;8;1;B02
201000008758;0;7;0;0;2;2;1;B02
201000008758;0;1;0;0;2;1;19;A01
201000008759;0;7;0;0;9;1;15;A01
201000008759;0;30;0;0;2;1;1;B02
201000008760;0;7;0;0;1;2;1;A01
201000008761;0;33;0;13;0;8;1;A01
201000008762;0;7;0;2;0;3;1;A01
201000008763;0;7;0;0;2;1;1;B02
201000008763;0;7;0;0;2;1;13;A01
201000008764;0;2;0;0;2;2;21;A01
201000008764;0;7;0;0;0;0;4;B02
201000008765;0;7;0;0;0;4;15;A01
201000008765;0;7;0;0;0;1;2;B02
201000008766;0;7;0;0;2;7;1;B02
201000008766;0;33;0;0;2;7;5;A01
201000008767;0;10;0;0;2;1;15;A01
201000008767;0;7;0;0;2;1;1;B02
201000008768;0;7;0;0;0;6;24;A01
201000008768;0;7;0;1;0;2;0;B02
201000008769;0;7;0;13;0;3;13;A01
201000008770;0;7;0;0;1;1;1;A01
201000008771;0;7;0;2;0;2;1;A01
201000008772;0;7;0;0;2;1;13;B02
201000008772;0;15;0;0;2;3;1;A01
201000008773;0;31;0;0;2;1;13;B02
201000008773;0;7;0;0;2;3;1;A01
201000008774;0;7;0;6;0;3;13;A01
201000008775;0;13;0;0;1;5;4;A01
201000008776;0;7;0;0;2;1;13;A01
201000008776;0;7;0;0;2;1;1;B02
201000008777;0;33;0;1;0;1;21;A01
201000008778;0;3;0;12;0;1;1;A01
201000008779;0;14;0;16;0;2;1;A01
201000008780;0;7;0;8;0;1;1;A01
201000008781;0;7;0;0;2;3;1;B02
201000008781;0;17;0;0;0;8;1;A01
201000008782;0;7;0;2;0;3;1;A01
201000008783;0;3;0;0;2;3;13;A01
201000008783;0;13;0;8;2;3;1;B02
201000008784;0;7;0;0;1;2;1;A01
201000008785;0;7;0;0;2;3;1;B02
201000008785;0;7;0;7;2;7;5;A01
201000008786;0;7;0;0;2;2;15;A01
201000008786;0;31;0;0;2;1;1;B02
201000008787;0;2;0;0;0;1;1;B02
201000008787;0;10;0;0;0;2;15;A01
201000008788;0;31;0;0;2;1;1;A01
201000008788;0;10;0;0;2;3;1;B02
201000008789;0;30;0;0;2;2;1;A01
201000008789;1;7;0;0;2;3;15;B02
201000008790;0;10;0;0;2;1;1;B02
201000008790;0;7;0;0;2;7;1;A01
201000008791;0;7;0;0;2;3;13;A01
201000008791;0;7;0;0;2;3;1;B02
201000008792;0;33;0;0;0;7;1;A01
201000008793;0;7;0;0;2;3;1;A01
201000008793;0;7;0;0;2;2;19;B02
201000008794;0;33;0;0;2;2;1;B02
201000008794;0;7;0;0;2;2;15;A01
201000008795;0;7;0;0;0;9;1;A01
201000008796;0;7;0;0;2;2;1;B02
201000008796;0;31;0;0;2;1;13;A01
201000008797;0;7;0;6;0;3;1;A01
201000008798;0;2;0;0;2;2;15;A01
201000008798;0;7;0;0;2;2;1;B02
201000008799;0;10;0;0;0;0;22;A01
201000008800;0;30;0;0;2;1;1;B02
201000008800;0;7;0;0;2;5;4;A01
201000008801;0;7;0;0;2;2;19;B02
201000008801;0;7;0;0;2;3;1;A01
201000008802;0;7;0;2;0;2;1;A01
201000008803;0;7;0;0;2;3;11;B02
201000008803;0;33;0;0;2;8;1;A01
201000008804;0;10;0;0;1;8;1;A01
201000008805;0;7;0;0;1;1;0;A01
201000008806;0;7;0;7;0;1;13;A01
201000008807;0;7;0;0;0;0;19;A01
201000008808;0;7;0;0;2;7;17;B02
201000008808;0;10;0;0;2;8;17;A01
201000008809;0;7;0;0;9;2;1;A01
201000008809;0;1;0;0;2;1;1;B02
201000008810;0;33;0;3;0;7;1;A01
201000008811;0;7;0;0;2;7;1;C03
201000008811;0;2;0;0;0;8;15;B02
201000008811;0;2;0;0;2;7;17;A01
201000008812;0;7;0;0;2;2;1;B02
201000008812;0;7;0;0;2;3;19;A01
201000008813;0;7;0;0;2;1;1;A01
201000008813;0;7;0;0;2;8;19;B02
201000008814;0;32;0;0;0;7;1;A01
201000008815;0;7;0;0;0;1;1;A01
201000008816;0;7;0;7;0;2;1;A01
201000008817;0;10;0;2;0;3;1;A01
201000008818;0;7;0;0;2;6;1;B02
201000008818;0;3;0;0;2;3;13;A01
201000008819;0;7;0;6;0;1;1;A01
201000008820;0;17;0;0;2;1;1;B02
201000008820;0;7;0;0;2;0;13;C02
201000008821;0;7;0;0;2;1;1;A01
201000008821;0;7;0;0;2;1;1;B02
201000008822;0;17;0;0;0;0;0;B02
201000008822;0;10;0;0;2;3;15;C03
201000008823;0;7;0;0;0;5;15;B02
201000008823;0;33;0;14;0;3;21;A01
201000008824;0;7;0;0;2;1;1;A01
201000008824;0;7;0;0;2;8;15;B02
201000008825;0;7;0;0;2;2;2;A01
201000008825;0;10;0;0;0;6;2;B02
201000008826;0;7;0;13;0;3;13;A01
201000008827;0;7;0;2;0;2;1;A01
201000008828;0;7;0;13;0;1;13;A01
201000008829;0;10;0;2;0;3;1;A01
201000008830;0;33;0;0;2;1;1;B02
201000008830;0;7;0;0;2;1;13;A01
201000008831;0;7;0;0;0;8;1;A01
201000008832;0;7;0;6;0;2;1;A01
201000008833;0;17;0;0;2;2;21;C03
201000008833;0;7;0;0;2;3;13;A01
201000008833;0;17;0;0;2;2;1;B02
201000008834;0;7;0;13;0;2;1;A01
201000008835;0;30;0;0;1;1;1;A01
201000008836;0;7;0;0;2;3;15;A01
201000008836;0;2;0;0;2;1;1;B02
201000008837;0;7;0;0;2;7;1;A01
201000008837;0;2;0;0;2;1;15;B02
201000008838;0;7;0;6;0;1;1;A01
201000008839;0;33;0;0;2;1;17;A01
201000008839;0;7;0;0;2;7;4;B02
201000008840;1;7;0;0;2;2;1;B02
201000008840;0;2;0;0;0;4;1;A01
201000008841;0;7;0;13;0;2;1;A01
201000008842;0;36;0;0;2;1;2;A01
201000008842;0;7;0;0;0;4;2;B02
201000008843;0;7;0;0;2;6;15;A01
201000008843;0;2;0;0;2;1;1;B02
201000008844;0;7;0;13;0;9;1;A01
201000008845;0;16;0;0;2;1;24;B02
201000008845;0;7;0;1;0;1;13;A01
201000008846;0;7;0;13;0;9;1;A01
201000008847;0;7;0;0;2;9;17;A01
201000008847;0;7;0;0;2;3;1;B02
201000008848;0;7;0;0;2;3;1;B02
201000008848;0;10;0;0;2;3;13;C03
201000008848;0;17;0;0;2;8;1;A01
201000008849;0;10;0;13;2;9;17;A01
201000008849;0;10;0;0;2;6;1;B02
201000008850;0;10;0;0;2;1;1;A01
201000008850;0;7;0;6;2;3;1;B02
201000008851;0;17;0;0;2;1;19;A01
201000008851;0;17;0;0;2;3;1;C03
201000008852;0;17;0;0;2;8;1;B02
201000008852;0;17;0;0;2;3;1;A01
201000008852;0;7;0;0;2;1;0;D04
201000008852;0;17;0;0;2;1;1;C03
201000008853;0;7;0;0;0;4;23;C03
201000008853;0;16;0;1;0;0;1;B02
201000008854;0;7;0;13;0;1;13;A01
201000008855;0;7;0;0;2;1;1;A01
201000008855;0;7;0;0;2;1;1;B02
201000008856;0;7;0;0;0;9;1;A01
201000008857;0;7;0;0;2;7;13;A01
201000008857;0;7;0;0;2;0;1;B02
201000008858;0;7;0;0;2;1;1;C03
201000008858;0;7;0;0;2;1;21;A01
201000008858;0;7;0;0;2;6;1;B02
201000008859;0;10;0;0;2;3;13;A01
201000008859;0;17;0;0;2;3;1;B02
201000008860;0;7;0;0;1;3;1;A01
201000008861;0;7;0;8;0;1;13;A01
201000008862;0;7;0;13;0;1;1;A01
201000008863;0;7;0;2;0;3;1;A01
201000008864;0;7;0;0;2;8;15;B02
201000008864;0;10;0;0;2;3;1;A01
201000008865;0;2;0;0;2;1;1;B02
201000008865;0;7;0;0;2;5;1;A01
201000008866;0;7;0;0;2;1;23;C03
201000008866;0;7;0;0;2;1;21;B02
201000008866;0;7;0;1;2;7;15;A01
201000008867;0;7;0;8;0;3;13;A01
201000008868;0;7;0;0;2;7;19;B02
201000008868;0;10;0;0;2;1;1;A01
201000008869;0;7;0;0;2;1;13;A01
201000008869;0;7;0;0;2;3;1;B02
201000008870;0;33;0;13;0;1;0;A01
201000008871;0;33;0;0;2;1;1;B02
201000008871;0;7;0;0;2;8;15;A01
201000008872;0;7;0;8;0;7;1;A01
201000008873;0;3;0;0;0;0;0;A01
201000008874;0;7;0;13;0;0;1;A01
201000008875;0;7;0;2;0;1;1;A01
201000008876;0;7;0;0;2;1;1;A01
201000008876;0;7;0;0;0;4;1;B02
201000008877;0;37;0;0;2;1;1;B02
201000008877;0;31;0;0;0;1;13;A01
201000008878;0;33;0;3;0;7;1;A01
201000008879;0;7;0;0;2;7;19;A01
201000008879;0;38;0;0;2;1;1;B02
201000008880;0;7;0;2;0;8;1;A01
201000008881;0;15;0;13;0;7;1;A01
201000008882;0;15;0;0;2;3;1;A01
201000008882;0;7;0;0;2;3;13;B02
201000008883;0;7;0;0;2;1;0;C03
201000008883;0;14;0;0;0;8;21;B02
201000008883;0;17;0;0;0;1;13;A01
201000008884;0;33;0;2;0;1;15;A01
201000008885;0;7;0;13;0;1;1;A01
201000008886;0;7;0;13;0;1;14;A01
201000008887;0;7;0;0;0;3;1;B02
201000008887;0;7;0;0;2;3;11;A01
201000008888;0;7;0;0;0;7;1;A01
201000008889;0;31;0;0;2;1;17;A01
201000008889;0;7;0;0;2;8;15;B02
201000008890;0;7;0;0;2;8;1;A01
201000008891;0;7;0;0;0;1;1;A01
201000008892;0;7;0;0;2;1;1;A01
201000008892;0;38;0;0;0;1;1;B02
201000008893;0;7;0;0;0;1;1;B02
201000008893;0;7;0;0;0;3;13;A01
201000008894;0;30;0;0;2;2;17;A01
201000008894;0;30;0;0;2;8;15;B02
201000008895;0;7;0;0;2;1;5;A01
201000008895;0;7;0;0;2;1;1;B02
201000008896;0;7;0;0;2;2;1;A01
201000008896;0;3;0;0;0;4;23;B02
201000008897;0;33;0;0;2;1;17;A01
201000008897;0;31;0;0;2;8;13;B02
201000008898;0;10;0;0;2;1;1;A01
201000008898;0;1;0;0;0;4;1;B02
201000008899;0;7;0;0;2;2;1;B02
201000008899;0;1;0;0;2;3;17;A01
201000008900;0;7;0;0;2;1;13;B02
201000008900;0;7;0;0;2;1;1;A01
201000008901;0;10;0;0;2;8;1;A01
201000008901;0;2;0;0;2;1;13;B02
201000008902;0;7;0;0;2;1;1;A01
201000008902;0;7;0;0;2;3;1;B02
201000008903;0;7;0;0;0;2;15;A01
201000008903;0;2;0;0;0;1;1;B02
201000008904;0;7;0;0;2;8;17;B02
201000008904;0;33;0;0;2;7;17;A01
201000008905;0;1;0;0;2;8;1;B02
201000008905;0;7;0;0;2;7;17;A01
201000008906;0;33;0;0;2;1;13;A01
201000008906;0;10;0;0;2;3;1;B02
201000008907;0;7;0;0;2;1;13;A01
201000008907;0;7;0;0;2;1;1;B02
201000008908;0;31;0;16;0;9;1;A01
201000008909;0;21;0;0;1;5;1;A01
201000008910;0;7;0;0;2;1;1;B02
201000008910;0;30;0;0;2;4;1;A01
201000008911;0;7;0;6;0;7;13;A01
201000008912;0;7;0;0;1;2;0;A01
201000008913;0;21;0;0;2;7;15;A01
201000008913;0;33;0;0;2;1;1;C03
201000008913;0;33;0;0;2;1;1;B02
201000008914;0;7;0;6;0;1;1;A01
201000008915;0;2;0;0;2;1;1;A01
201000008915;0;7;0;0;2;3;9;B02
201000008916;0;7;0;0;1;3;1;A01
201000008917;0;10;0;6;0;1;14;A01
201000008918;0;7;0;6;0;1;1;A01
201000008919;0;7;0;7;0;1;0;A01
201000008920;0;7;0;8;0;7;0;A01
201000008921;0;10;0;1;0;1;13;A01
201000008922;0;31;0;0;2;1;13;A01
201000008922;0;38;1;0;2;3;1;B02
201000008923;0;1;0;0;2;8;19;A01
201000008923;0;7;0;0;2;1;1;B02
201000008924;0;7;0;0;2;1;1;A01
201000008924;0;2;0;0;2;1;16;B02
201000008925;0;30;0;0;0;2;15;A01
201000008926;0;10;0;0;1;1;1;A01
201000008927;0;7;0;13;0;5;1;A01
201000008928;0;7;0;2;0;3;1;A01
201000008929;0;7;0;0;2;1;1;B02
201000008929;0;7;0;0;2;8;1;A01
201000008930;0;31;0;16;0;3;14;A01
201000008931;0;7;0;10;0;1;17;A01
201000008932;0;10;0;2;0;2;1;A01
201000008933;0;33;0;15;0;7;16;A01
201000008934;0;7;0;0;2;3;1;A01
201000008934;0;1;0;0;2;1;1;B02
201000008935;0;7;0;15;0;2;1;A01
201000008936;0;17;0;0;1;3;1;A01
201000008937;0;7;0;0;1;1;1;A01
201000008938;0;7;0;0;2;2;13;A01
201000008938;0;7;0;0;2;1;1;B02
201000008939;0;7;0;0;2;2;15;A01
201000008939;0;33;0;0;2;1;1;B02
201000008940;0;7;0;0;2;1;15;A01
201000008940;0;7;0;0;2;1;1;B02
201000008941;0;7;0;6;0;1;1;A01
201000008942;0;10;0;0;0;0;15;B02
201000008942;0;31;0;8;0;1;1;A01
201000008943;0;33;0;0;0;0;20;A01
201000008944;0;7;0;6;0;1;13;A01
201000008945;0;7;0;0;2;1;1;A01
201000008945;0;7;0;0;2;7;1;B02
201000008946;0;7;0;0;2;3;1;A01
201000008946;0;2;0;0;2;4;1;B02
201000008947;0;7;0;0;2;1;1;A01
201000008948;0;2;0;0;0;1;21;B02
201000008948;0;7;0;0;0;3;23;A01
201000008949;0;7;0;2;0;2;1;A01
201000008950;0;7;0;0;2;2;0;A01
201000008950;0;7;0;0;2;1;1;B02
201000008951;0;7;0;0;2;3;1;B02
201000008951;0;7;0;0;2;3;17;A01
201000008952;0;20;0;0;2;9;1;B02
201000008952;0;15;0;0;2;3;1;A01
201000008953;0;10;0;0;2;3;1;B02
201000008953;0;10;0;0;2;3;5;A01
201000008954;0;7;0;0;2;1;1;A01
201000008954;0;7;0;0;2;3;1;B02
201000008955;0;31;0;0;2;3;21;A01
201000008955;0;7;0;0;2;2;16;B02
201000008956;0;7;0;13;0;2;1;A01
201000008957;0;7;0;8;0;1;1;A01
201000008958;0;10;0;0;1;7;1;A01
201000008959;0;31;0;0;0;0;21;A01
201000008960;0;7;0;0;1;3;21;A01
201000008961;0;33;0;13;0;8;1;A01
201000008962;0;7;0;2;0;1;21;A01
201000008963;0;7;0;6;0;2;0;A01
201000008964;0;10;0;0;2;3;5;B02
201000008964;0;7;0;0;2;8;1;C03
201000008964;0;7;0;0;2;1;21;A01
201000008965;0;7;0;0;2;3;13;A01
201000008965;0;7;0;0;2;3;1;B02
201000008966;0;7;0;0;1;2;2;A01
201000008967;0;1;0;0;2;1;2;A01
201000008967;0;1;0;0;2;1;2;B02
201000008968;0;33;0;16;0;9;1;A01
201000008969;0;2;0;0;2;7;1;B02
201000008969;0;7;0;0;2;1;1;A01
201000008970;0;33;0;6;2;1;1;A01
201000008970;0;7;0;0;2;5;1;B02
201000008971;0;7;0;0;1;2;13;A01
201000008972;0;7;0;2;0;5;0;A01
201000008973;0;33;0;0;0;8;1;A01
201000008974;0;10;0;0;9;0;1;B02
201000008974;0;31;0;0;2;0;1;A01
201000008975;0;10;0;16;0;0;1;A01
201000008976;0;7;0;0;2;3;9;A01
201000008976;0;7;0;0;2;2;1;B02
201000008977;0;10;0;3;0;1;1;A01
201000008978;0;7;0;0;1;2;1;A01
201000008979;0;7;0;0;1;2;1;A01
201000008980;0;7;0;2;0;8;1;A01
201000008981;0;33;0;0;2;3;13;A01
201000008981;0;7;0;0;2;3;5;B02
201000008982;0;7;0;0;1;2;1;A01
201000008983;0;7;0;0;2;3;19;B02
201000008983;0;33;0;0;2;8;17;A01
201000008984;0;2;0;0;1;1;14;A01
201000008985;0;33;0;0;0;1;1;B02
201000008985;0;7;0;0;0;2;15;A01
201000008986;0;7;0;0;0;2;21;B02
201000008986;0;7;0;0;0;3;13;A01
201000008987;0;7;0;0;2;1;1;B02
201000008987;0;7;0;0;0;8;19;A01
201000008988;0;10;0;0;0;4;23;B02
201000008988;0;33;0;3;0;8;2;A01
201000008989;0;7;0;0;2;1;1;A01
201000008989;0;7;0;0;2;8;19;B02
201000008990;0;21;0;0;2;1;1;B02
201000008990;0;3;0;0;0;8;1;A01
201000008991;0;7;0;0;2;2;17;A01
201000008991;0;10;0;0;2;8;15;B02
201000008992;0;33;0;0;2;5;15;B02
201000008992;0;13;0;0;2;3;2;A01
201000008993;0;10;0;0;0;1;1;B02
201000008993;0;10;0;0;0;1;1;A01
201000008994;0;7;0;16;0;9;0;A01
201000008995;0;7;0;0;2;1;0;B02
201000008995;0;7;0;0;2;1;0;A01
201000008996;0;10;0;0;2;1;1;A01
201000008996;0;10;0;0;0;4;23;B02
201000008997;0;33;0;0;0;8;16;C03
201000008997;0;10;0;0;2;2;17;A01
201000008997;0;33;0;0;2;4;16;B02
201000008998;0;7;0;1;0;1;0;B02
201000008998;0;15;0;0;2;5;0;A01
201000008999;0;7;0;2;0;1;13;A01
201000009000;0;7;0;0;2;5;15;A01
201000009000;0;10;0;0;2;2;1;B02
201000009001;0;33;0;0;2;1;1;C03
201000009001;0;10;0;0;2;3;1;A01
201000009001;0;33;0;0;0;1;1;B02
201000009002;0;33;0;0;0;1;1;A01
201000009003;0;7;0;0;0;7;23;B02
201000009003;0;7;0;1;1;1;23;A01
201000009004;0;33;0;0;0;1;1;A01
201000009005;0;21;0;0;2;8;1;B02
201000009005;0;30;0;0;2;8;1;A01
201000009006;0;7;0;2;0;1;1;A01
201000009007;0;7;0;2;0;7;1;A01
201000009008;0;1;0;0;2;6;1;B02
201000009008;0;7;0;0;2;7;1;A01
201000009009;0;7;0;0;2;1;1;A01
201000009009;0;7;0;0;2;3;1;B02
201000009010;0;7;0;0;2;2;21;A01
201000009010;0;7;0;0;2;8;16;B02
201000009011;0;7;0;13;0;9;14;A01
201000009012;0;7;0;0;2;1;15;A01
201000009012;0;31;0;0;2;7;17;B02
201000009013;0;7;0;11;0;1;1;A01
201000009014;0;30;0;0;0;7;16;A01
201000009015;0;3;0;2;0;1;1;A01
201000009016;0;7;0;0;2;3;1;B02
201000009016;0;7;0;0;2;3;1;A01
201000009017;0;7;0;0;0;1;1;A01
201000009018;0;10;0;0;1;4;20;A01
201000009019;0;7;0;3;2;8;17;A01
201000009019;0;38;0;0;2;1;1;B02
201000009020;0;14;0;6;2;6;1;B02
201000009020;0;7;0;0;2;3;1;A01
201000009021;0;7;0;2;0;8;1;A01
201000009022;0;7;0;0;2;3;1;B02
201000009022;0;7;0;0;2;6;19;A01
201000009023;0;7;0;0;1;2;1;A01
201000009024;0;33;0;0;2;1;1;A01
201000009024;0;7;0;0;2;7;15;B02
201000009025;0;7;0;0;2;7;17;A01
201000009025;0;2;0;0;2;8;15;B02
201000009026;0;7;0;0;2;3;6;A01
201000009026;0;33;0;0;2;7;1;B02
201000009027;0;7;0;13;0;9;1;A01
201000009028;0;10;0;0;2;2;17;A01
201000009028;0;7;0;0;0;3;1;B02
201000009029;0;7;0;0;2;3;13;A01
201000009029;0;14;0;0;2;3;1;B02
201000009030;0;2;0;0;0;7;1;A01
201000009031;0;7;0;2;0;2;1;A01
201000009032;0;7;0;0;0;4;16;A01
201000009032;0;10;0;0;2;2;1;C03
201000009032;0;10;0;0;2;4;1;B02
201000009033;0;7;0;0;2;1;1;C03
201000009033;0;10;0;0;2;1;13;A01
201000009033;0;7;0;0;2;6;1;B02
201000009034;0;7;0;0;0;1;1;A01
201000009035;0;30;0;8;0;1;1;A01
201000009036;0;10;0;0;2;5;4;A01
201000009036;0;2;0;0;2;1;1;B02
201000009037;0;7;0;0;1;4;1;A01
201000009038;0;7;0;0;2;3;13;A01
201000009038;0;7;0;0;2;3;1;B02
201000009039;0;7;0;0;0;0;0;A01
201000009039;0;7;0;0;2;6;1;B02
201000009040;0;7;0;0;2;2;14;A01
201000009040;0;2;0;0;2;1;13;B02
201000009041;0;36;0;0;2;1;0;A01
201000009041;0;33;0;0;2;1;1;B02
201000009042;0;7;0;0;1;0;1;A01
201000009042;0;7;0;0;1;1;1;B02
201000009043;0;7;0;0;2;3;1;A01
201000009043;0;7;0;0;2;6;1;B02
201000009044;0;7;0;0;2;1;0;A01
201000009044;0;33;0;0;2;1;0;B02
201000009045;0;7;0;0;1;3;1;A01
201000009046;0;2;0;0;2;1;19;A01
201000009046;0;7;0;0;2;7;1;B02
201000009047;0;10;0;0;1;1;15;A01
201000009048;0;21;0;0;0;0;1;A01
201000009049;0;10;0;0;2;1;19;A01
201000009049;0;7;0;0;2;2;1;B02
201000009050;0;7;0;0;0;2;1;A01
201000009051;0;7;0;0;0;1;0;B02
201000009051;0;7;0;0;0;1;0;A01
201000009052;0;33;0;0;0;2;1;A01
201000009053;0;7;0;0;1;3;1;A01
201000009054;0;10;0;3;2;3;1;B02
201000009054;0;7;0;0;2;1;15;A01
201000009055;0;2;0;6;0;1;1;A01
201000009056;0;7;0;0;2;3;1;B02
201000009056;0;7;0;0;2;3;1;A01
201000009057;0;33;0;0;2;1;1;B02
201000009057;0;7;0;0;2;5;15;A01
201000009058;0;7;0;0;2;1;1;B02
201000009058;0;10;0;0;2;3;15;A01
201000009059;0;10;0;0;1;5;4;A01
201000009060;0;7;0;13;0;2;1;A01
201000009061;0;7;0;0;2;8;1;A01
201000009061;0;7;0;0;2;1;1;B02
201000009062;0;2;0;0;2;1;1;B02
201000009062;0;7;0;0;2;2;15;A01
201000009063;0;10;0;0;2;7;13;B02
201000009064;0;33;0;0;0;7;23;A01
201000009065;0;2;0;0;2;1;1;A01
201000009065;0;7;0;0;2;2;15;B02
201000009066;0;2;0;0;2;1;2;A01
201000009066;0;7;0;0;9;3;15;B02
201000009067;0;7;0;10;0;1;1;A01
201000009068;0;2;0;0;2;1;1;B02
201000009068;0;10;0;0;2;2;19;A01
201000009069;0;7;0;0;2;8;13;A01
201000009069;0;7;0;0;2;3;1;B02
201000009070;0;7;0;0;1;2;2;A01
201000009071;0;2;0;0;2;1;17;A01
201000009071;0;7;0;0;2;8;1;B02
201000009072;0;7;0;0;2;3;1;B02
201000009072;0;21;0;0;2;1;15;A01
201000009073;0;7;0;13;0;9;1;A01
201000009074;0;7;0;13;0;3;1;A01
201000009075;0;2;0;0;2;3;13;A01
201000009075;0;7;0;0;2;8;13;B02
201000009076;0;7;0;2;0;8;13;A01
201000009077;1;7;0;0;1;1;1;A01
201000009078;0;7;0;0;2;1;13;A01
201000009078;0;14;0;0;2;1;1;B02
201000009079;0;7;0;13;0;9;1;A01
201000009080;0;7;0;10;0;9;1;A01
201000009081;0;7;0;13;0;1;21;A01
201000009082;0;7;0;0;1;5;20;A01
201000009083;0;33;0;3;0;2;1;A01
201000009084;0;7;0;1;0;1;1;A01
201000009084;0;7;0;1;0;1;1;C03
201000009085;0;7;0;2;0;3;1;A01
201000009086;0;33;0;0;0;8;1;A01
201000009087;0;7;0;9;0;1;1;A01
201000009088;0;7;0;0;2;1;13;A01
201000009088;0;7;0;0;2;1;1;B02
201000009089;0;2;0;16;0;2;1;A01
201000009090;0;7;0;0;2;8;15;A01
201000009090;0;2;0;0;2;1;1;B02
201000009091;0;7;0;0;2;3;9;B02
201000009091;0;33;0;0;2;2;21;A01
201000009092;0;33;0;0;2;1;13;A01
201000009092;0;7;0;0;2;3;1;B02
201000009093;0;7;0;13;0;2;1;A01
201000009094;0;7;0;0;1;2;1;A01
201000009095;0;7;0;0;1;1;1;A01
201000009096;0;33;0;0;2;1;13;B02
201000009096;0;7;0;0;2;3;1;A01
201000009097;0;33;0;0;2;1;2;B02
201000009097;0;7;0;0;2;8;9;A01
201000009098;0;10;0;0;2;1;1;A01
201000009098;0;7;0;0;2;7;19;B02
201000009099;0;7;0;8;0;1;1;A01
201000009100;0;10;0;13;0;2;1;A01
201000009101;0;10;0;0;1;1;1;A01
201000009102;0;7;0;0;1;1;1;A01
201000009103;0;7;0;0;1;0;11;A01
201000009104;0;7;0;0;2;8;9;A01
201000009104;0;33;0;0;2;1;1;B01
201000009105;0;7;0;0;2;2;15;A01
201000009105;0;33;0;0;2;1;2;B01