num_acc;senc;catv;occutc;obs;obsm;choc;manv;num_veh
201000009106;0;7;0;0;2;2;15;A01
201000009106;0;2;0;0;2;1;2;B01
201000009107;0;33;0;0;0;7;1;A01
201000009108;0;7;0;0;9;2;15;A01
201000009108;0;2;0;0;2;1;1;B01
201000009109;0;2;0;0;2;8;1;B01
201000009109;0;7;0;0;9;2;15;A01
201000009110;0;7;0;0;9;8;15;A01
201000009110;0;33;0;0;2;1;1;B01
201000009111;0;7;0;0;2;1;13;A01
201000009111;0;2;0;0;2;1;15;B01
201000009112;0;7;0;0;2;4;24;B01
201000009112;2;7;0;0;2;3;16;A01
201000009113;0;1;0;0;0;0;0;B01
201000009113;0;14;0;0;2;5;16;A01
201000009114;0;7;0;0;1;3;1;A01
201000009115;0;1;0;0;2;1;19;A01
201000009115;0;10;0;0;9;2;1;B01
201000009116;0;7;0;0;1;2;15;A01
201000009117;0;2;0;0;2;1;2;B01
201000009117;0;7;0;0;9;1;15;A01
201000009118;0;7;0;0;9;3;20;A01
201000009118;0;32;0;0;2;1;1;B01
201000009119;0;7;0;0;1;1;15;A01
201000009120;0;33;0;0;2;1;1;A01
201000009120;0;7;0;0;2;8;1;B01
201000009121;0;7;0;0;1;1;1;A01
201000009122;0;7;0;0;1;2;1;A01
201000009123;0;7;0;0;1;2;1;A01
201000009124;0;7;0;0;2;1;13;A01
201000009124;0;14;0;0;2;3;23;B01
201000009125;0;7;0;0;1;4;4;A01
201000009126;0;10;0;0;2;2;13;A01
201000009126;0;7;0;0;0;1;14;D01
201000009126;0;17;0;0;2;2;21;B01
201000009126;0;7;0;0;2;1;2;C01
201000009127;0;2;0;0;2;1;1;B01
201000009127;0;7;0;0;9;2;15;A01
201000009128;0;7;0;0;9;6;4;A01
201000009128;0;2;0;0;2;1;1;B01
201000009129;0;7;0;0;1;2;1;A01
201000009130;0;7;0;0;1;0;1;A01
201000009131;0;7;0;0;0;3;10;A01
201000009131;0;33;0;0;2;3;2;B01
201000009132;0;2;0;0;2;1;1;A01
201000009132;0;7;0;0;9;8;1;B01
201000009133;0;7;0;0;1;2;20;A01
201000009134;0;7;0;0;2;1;20;A01
201000009134;0;7;0;0;0;3;21;C01
201000009134;0;7;0;0;2;3;21;B01
201000009135;0;37;1;0;1;1;1;A01
201000009136;0;7;0;0;1;3;15;A01
201000009137;0;10;0;0;1;1;1;A01
201000009138;0;7;0;0;0;8;9;A01
201000009138;0;33;0;0;2;1;1;B01
201000009139;0;10;0;0;0;6;1;B01
201000009139;0;7;0;0;2;1;21;A01
201000009140;0;33;0;0;2;1;17;B01
201000009140;0;33;0;0;2;7;21;C01
201000009140;0;7;0;0;2;3;15;A01
201000009141;0;7;0;0;2;3;13;A01
201000009141;0;7;0;0;2;3;21;B01
201000009142;0;7;0;0;1;2;2;A01
201000009143;0;7;0;0;2;1;0;B01
201000009143;0;7;0;1;2;1;17;A01
201000009144;0;7;0;1;0;6;1;A01
201000009145;0;31;0;0;2;1;0;B01
201000009145;0;7;0;0;2;2;15;A01
201000009146;0;7;0;0;2;1;2;A01
201000009146;0;1;0;0;2;4;11;B01
201000009147;0;37;2;0;1;2;16;A01
201000009148;0;7;0;0;1;4;4;A01
201000009149;0;7;0;0;2;2;19;A01
201000009149;0;10;0;0;2;3;21;B01
201000009150;0;7;0;13;0;9;1;A01
201000009151;0;7;0;8;0;2;1;A01
201000009152;0;7;0;0;2;4;2;C03
201000009152;0;7;0;0;2;1;2;B02
201000009152;0;7;0;0;2;4;2;A01
201000009153;0;7;0;0;1;7;1;A01
201000009154;0;7;0;0;2;2;9;A01
201000009154;0;1;0;0;0;8;1;B02
201000009155;0;33;0;3;0;8;17;A01
201000009156;0;7;0;2;0;1;1;A01
201000009157;0;7;0;0;0;3;15;A01
201000009157;0;7;0;15;2;1;1;B02
201000009158;0;7;0;2;0;7;13;A01
201000009159;0;7;0;0;1;2;17;A01
201000009160;0;7;0;2;0;1;1;A01
201000009161;0;7;0;0;2;4;2;B02
201000009161;0;7;0;0;2;1;2;A01
201000009162;0;7;0;0;1;1;16;A01
201000009163;0;7;0;0;2;1;1;B02
201000009163;0;7;0;13;2;1;17;A01
201000009164;0;7;0;0;1;1;1;A01
201000009165;0;7;0;0;0;4;1;A01
201000009165;0;2;0;0;2;1;1;B02
201000009166;0;7;0;0;1;5;1;A01
201000009167;0;7;0;0;2;1;11;B02
201000009167;0;7;0;0;2;1;1;A01
201000009168;0;32;0;0;2;1;1;B02
201000009168;0;7;0;0;2;2;5;A01
201000009169;0;33;0;0;2;1;1;A01
201000009169;0;7;0;0;2;6;15;B02
201000009170;0;33;0;0;2;1;1;B02
201000009170;0;7;0;1;2;2;20;A01
201000009171;0;7;0;0;1;3;1;A01
201000009172;0;7;0;0;1;3;1;A01
201000009173;0;7;0;0;1;5;4;A01
201000009174;0;30;0;0;0;1;1;B02
201000009174;0;14;0;0;0;3;15;A01
201000009175;0;30;0;0;0;7;1;B02
201000009175;0;10;0;0;2;4;4;A01
201000009176;0;7;0;0;2;3;13;A01
201000009176;0;7;0;0;2;3;1;B02
201000009177;0;7;0;0;2;2;17;A01
201000009177;0;1;0;0;2;8;13;B02
201000009178;0;7;0;0;2;3;1;B02
201000009178;0;7;0;0;2;3;13;A01
201000009179;0;7;0;0;2;1;16;B02
201000009179;0;7;0;7;2;7;15;A01
201000009180;0;7;0;0;2;1;15;A01
201000009180;0;7;0;0;2;1;1;B02
201000009181;0;7;0;0;2;1;13;B02
201000009181;0;7;0;0;2;3;1;A01
201000009182;0;30;0;0;0;0;0;A01
201000009183;0;7;0;0;0;3;16;A01
201000009183;0;7;0;0;0;2;1;B02
201000009184;0;10;0;0;2;2;1;A01
201000009184;0;10;0;0;2;1;15;B02
201000009185;0;7;0;16;0;1;14;A01
201000009186;0;7;0;0;2;1;1;B02
201000009186;0;7;0;0;2;3;19;A01
201000009187;0;7;0;0;2;2;15;A01
201000009187;0;30;0;0;2;1;1;B02
201000009188;0;7;0;0;2;1;2;A01
201000009188;0;3;0;0;0;4;2;B02
201000009189;0;7;0;6;0;1;2;A01
201000009190;0;7;0;13;0;1;21;A01
201000009191;0;7;0;0;2;3;1;B02
201000009191;0;10;0;0;2;3;13;A01
201000009192;0;36;0;0;0;9;1;A01
201000009193;0;7;0;3;0;9;13;A01
201000009194;0;14;0;2;0;7;1;A01
201000009195;0;33;0;0;2;1;1;B02
201000009195;0;7;0;0;2;5;15;A01
201000009196;0;7;0;0;2;1;19;A01
201000009196;0;7;0;0;2;3;1;B02
201000009197;0;33;0;13;0;1;0;A01
201000009198;0;7;0;14;0;0;1;C03
201000009198;0;21;0;0;0;0;0;A01
201000009199;0;7;0;0;0;9;1;A01
201000009200;0;7;0;0;2;1;13;A01
201000009200;0;7;0;0;2;1;0;B02
201000009201;0;2;0;0;0;1;2;A01
201000009202;0;7;0;13;0;0;21;B02
201000009202;0;7;0;16;0;0;13;A01
201000009203;0;7;0;0;2;3;2;B02
201000009203;0;7;0;0;2;3;5;A01
201000009203;0;7;0;0;2;1;2;C03
201000009204;0;7;0;16;0;9;14;A01
201000009205;0;7;0;1;0;1;19;A01
201000009206;0;7;0;0;2;5;6;A01
201000009206;0;7;0;0;2;1;1;B02
201000009207;0;33;0;0;2;1;1;B02
201000009207;0;7;0;0;2;2;15;A01
201000009208;0;7;0;0;2;3;19;A01
201000009208;0;33;0;0;2;1;1;B02
201000009209;0;7;0;0;1;2;2;A01
201000009210;0;7;0;6;0;1;1;A01
201000009211;0;7;0;0;2;7;1;A01
201000009211;0;7;0;0;2;1;1;B02
201000009212;0;7;0;2;0;1;0;A01
201000009213;0;33;0;0;0;1;1;A01
201000009214;0;33;0;12;0;1;1;A01
201000009215;0;33;0;0;6;1;1;A01
201000009216;0;14;0;0;2;1;1;A01
201000009216;0;7;0;0;2;8;15;B02
201000009217;0;33;0;0;2;2;1;A01
201000009217;0;7;0;0;2;3;15;B02
201000009218;0;7;0;13;2;3;2;B02
201000009218;0;7;0;13;2;7;16;A01
201000009219;0;7;0;0;0;1;1;A01
201000009220;0;7;0;10;0;1;13;A01
201000009221;0;7;0;0;2;1;1;B02
201000009221;0;7;0;0;2;1;13;A01
201000009222;0;7;0;0;2;1;19;A01
201000009222;0;7;0;0;2;3;1;B02
201000009223;0;7;0;0;2;1;13;B02
201000009223;0;7;0;0;2;1;1;A01
201000009224;0;7;0;0;2;6;1;B02
201000009224;0;7;0;0;2;3;1;A01
201000009224;0;7;0;0;2;0;1;C03
201000009225;0;7;0;0;2;3;13;A01
201000009225;0;7;0;0;2;3;1;B02
201000009226;0;7;0;0;2;3;1;B02
201000009226;0;7;0;0;2;3;13;A01
201000009227;0;10;0;0;2;3;13;A01
201000009227;0;21;0;0;2;3;21;B02
201000009228;0;7;0;0;1;1;1;A01
201000009229;0;7;0;0;2;7;19;A01
201000009229;0;10;0;0;2;1;1;B02
201000009230;0;10;0;2;0;7;17;A01
201000009231;0;7;0;2;0;0;1;A01
201000009232;0;2;0;3;0;2;1;A01
201000009233;0;21;0;0;2;8;1;A01
201000009233;0;7;0;0;2;3;1;B02
201000009234;0;7;0;0;2;3;1;B02
201000009234;0;7;0;0;2;1;13;A01
201000009235;0;10;0;0;1;2;23;A01
201000009236;0;7;0;0;1;2;13;A01
201000009237;0;7;0;0;1;2;1;A01
201000009238;0;30;0;0;0;0;15;A01
201000009239;0;7;0;0;0;4;1;B02
201000009239;0;30;0;0;2;1;1;A01
201000009240;0;7;0;0;2;8;9;A01
201000009240;0;33;0;0;2;1;1;B02
201000009241;0;7;0;2;0;7;0;A01
201000009242;0;7;0;0;2;3;1;A01
201000009242;0;7;0;0;2;6;1;B02
201000009243;0;7;0;0;9;0;17;B02
201000009243;0;33;0;0;2;1;17;A01
201000009243;0;7;0;0;0;4;1;C03
201000009244;0;7;0;0;1;3;1;A01
201000009245;0;7;0;13;0;1;1;A01
201000009246;0;7;0;0;0;6;10;B02
201000009246;0;33;0;0;0;1;0;A01
201000009247;0;7;0;0;0;1;0;B02
201000009247;0;7;0;0;0;4;0;A01
201000009248;0;7;0;0;2;2;15;B02
201000009248;0;7;0;0;2;3;1;A01
201000009249;0;7;0;16;0;9;1;A01
201000009250;0;7;0;6;0;1;1;A01
201000009251;0;7;0;2;0;1;1;A01
201000009252;0;7;0;0;2;3;1;A01
201000009252;0;7;0;0;2;3;1;B02
201000009253;0;10;0;0;2;3;1;B02
201000009253;0;10;0;0;2;1;1;C03
201000009253;0;10;0;0;2;3;1;A01
201000009254;0;7;0;2;0;2;14;A01
201000009255;0;33;0;0;2;3;1;A01
201000009255;0;17;0;0;2;3;1;B02
201000009256;0;21;0;8;0;1;1;A01
201000009257;0;2;0;0;0;8;1;A01
201000009258;0;7;0;0;2;2;1;A01
201000009258;0;2;0;0;2;1;1;B02
201000009259;0;7;0;0;2;3;10;A01
201000009259;0;7;0;0;2;2;1;B02
201000009260;0;7;0;8;0;5;1;A01
201000009261;0;7;0;0;0;0;1;A01
201000009262;0;17;0;0;0;0;0;A01
201000009263;0;10;0;13;0;1;13;A01
201000009264;0;7;0;0;2;3;1;B02
201000009264;0;7;0;0;2;3;13;A01
201000009265;0;99;0;13;0;1;1;A01
201000009266;0;7;0;0;2;1;5;A01
201000009266;0;33;0;0;2;1;21;B02
201000009267;0;7;0;2;0;8;1;A01
201000009268;0;7;0;13;0;1;14;A01
201000009269;0;14;0;0;0;6;0;B02
201000009269;0;10;0;0;2;2;14;A01
201000009270;0;7;0;0;1;3;19;A01
201000009271;0;7;0;0;2;1;15;A01
201000009271;0;33;0;0;2;1;1;B02
201000009272;0;7;0;0;1;1;1;A01
201000009273;0;7;0;0;2;2;15;B02
201000009273;0;17;0;0;2;7;1;A01
201000009274;0;7;0;0;1;2;0;A01
201000009275;0;30;0;0;2;1;1;B02
201000009275;0;37;0;0;2;4;4;A01
201000009276;0;2;0;0;2;8;1;B02
201000009276;0;10;0;0;9;2;15;A01
201000009277;0;30;0;0;2;1;0;B02
201000009277;0;7;0;0;2;3;15;A01
201000009278;0;33;0;0;6;1;17;A01
201000009279;0;33;0;1;0;1;1;A01
201000009279;0;7;0;0;0;4;1;B02
201000009280;0;7;0;0;0;0;1;A01
201000009280;0;7;0;0;2;3;17;B02
201000009280;0;33;0;0;2;7;17;C03
201000009281;0;7;0;2;0;1;1;A01
201000009282;0;10;0;0;2;2;;A01
201000009282;0;1;0;0;2;8;1;B02
201000009283;0;7;0;0;2;3;9;A01
201000009283;0;2;0;0;2;7;9;B02
201000009284;0;33;0;0;0;1;1;A01
201000009285;0;1;0;11;0;1;1;A01
201000009286;0;7;0;2;0;1;1;A01
201000009287;0;7;0;0;1;0;1;A01
201000009288;0;7;0;0;2;1;23;B02
201000009288;0;33;0;1;0;1;1;A01
201000009289;0;33;0;0;1;3;1;A01
201000009290;0;7;0;0;2;4;5;A01
201000009290;0;14;0;0;2;2;1;B02
201000009291;0;14;0;0;1;1;1;A01
201000009292;0;7;0;0;2;7;1;A01
201000009292;0;2;0;1;2;1;17;B02
201000009293;0;7;0;0;2;3;1;C03
201000009293;0;7;0;0;0;3;13;A01
201000009293;0;7;0;0;2;1;1;B02
201000009294;0;7;0;2;0;1;1;A01
201000009295;0;7;0;4;0;2;1;A01
201000009296;0;30;0;0;2;1;1;B02
201000009296;0;7;0;0;0;4;1;A01
201000009297;0;7;0;0;2;3;1;A01
201000009297;0;33;0;0;2;3;5;B02
201000009298;0;33;0;0;2;1;1;A01
201000009298;0;7;0;0;2;3;13;B02
201000009299;0;7;0;0;2;1;21;B02
201000009299;0;7;0;0;2;1;13;A01
201000009299;0;7;0;0;2;7;21;C03
201000009300;0;10;0;0;2;1;1;B02
201000009300;0;7;0;0;2;1;13;A01
201000009301;0;33;0;0;0;7;1;A01
201000009302;0;15;0;0;0;4;2;B02
201000009302;0;15;0;0;2;1;2;A01
201000009303;0;2;0;0;2;1;1;B02
201000009303;0;31;0;0;2;1;1;A01
201000009304;0;7;0;0;2;1;1;B02
201000009304;0;1;0;0;2;7;19;A01
201000009305;0;7;0;0;2;1;21;B02
201000009305;0;7;0;0;2;1;11;A01
201000009306;0;7;0;2;0;8;1;A01
201000009307;0;7;0;0;0;6;2;B02
201000009307;0;17;0;0;2;2;2;A01
201000009308;0;2;0;0;2;1;1;B02
201000009308;0;7;0;0;2;6;1;A01
201000009309;0;1;0;0;2;1;15;B02
201000009309;0;7;0;0;2;8;1;A01
201000009310;0;7;0;2;0;2;13;A01
201000009311;0;7;0;3;0;8;0;A01
201000009312;0;10;0;3;0;9;1;B02
201000009312;0;10;0;1;0;8;1;A01
201000009312;0;10;0;0;2;9;24;C03
201000009313;0;7;0;0;2;1;1;B02
201000009313;0;7;0;0;2;7;1;A01
201000009314;0;7;0;0;2;1;1;B02
201000009314;0;7;0;0;2;1;13;A01
201000009315;0;33;0;0;2;7;17;B02
201000009315;0;21;0;0;2;3;15;A01
201000009316;0;21;0;0;2;5;15;A01
201000009316;0;33;0;0;2;1;18;B02
201000009317;0;7;0;0;2;1;23;C03
201000009317;0;7;0;0;2;1;1;A01
201000009317;0;7;0;0;2;5;15;B02
201000009318;0;30;0;12;0;8;13;A01
201000009319;0;10;0;2;0;1;1;B02
201000009319;0;7;0;0;2;5;13;A01
201000009320;0;2;0;0;2;1;13;B02
201000009320;0;7;0;0;2;3;19;A01
201000009321;0;17;0;0;2;1;1;B02
201000009321;0;7;0;0;2;8;15;A01
201000009322;0;7;0;0;2;8;17;B02
201000009322;0;7;0;0;2;7;17;A01
201000009323;0;7;0;0;2;4;15;B02
201000009323;0;7;0;0;2;1;1;C03
201000009323;0;7;0;0;2;1;1;A01
201000009324;0;7;0;0;2;1;1;B02
201000009324;0;33;0;0;2;7;13;A01
201000009325;0;10;0;12;0;2;1;A01
201000009326;0;7;0;0;2;3;1;B02
201000009326;0;7;0;0;2;3;16;A01
201000009327;0;7;0;0;1;2;1;A01
201000009328;0;7;0;0;1;1;15;A01
201000009329;0;7;0;0;2;3;1;B02
201000009329;0;2;0;0;2;1;13;A01
201000009330;0;7;0;0;2;8;19;A01
201000009330;0;7;0;0;2;1;1;B02
201000009331;0;7;0;8;0;1;1;A01
201000009332;0;7;0;0;2;1;1;A01
201000009332;0;7;0;0;2;3;15;B02
201000009333;0;10;0;0;1;2;1;A01
201000009334;0;7;0;0;0;5;23;A01
201000009334;0;2;0;14;0;3;1;B02
201000009335;0;7;0;2;0;8;17;A01
201000009336;0;7;0;0;9;3;1;A01
201000009336;0;1;0;0;2;1;16;B02
201000009337;0;2;0;0;2;1;1;A01
201000009337;0;7;0;0;2;2;1;B02
201000009338;0;1;0;0;0;4;1;B02
201000009338;0;33;0;0;2;1;2;A01
201000009339;0;7;0;13;0;1;1;A01
201000009340;0;7;0;6;0;1;1;A01
201000009341;0;2;0;0;2;1;1;A01
201000009341;0;2;0;0;0;8;15;B02
201000009342;0;2;0;0;2;5;1;B02
201000009342;0;2;0;0;2;8;1;A01
201000009343;0;7;0;0;2;1;13;B02
201000009343;0;7;0;0;2;1;1;A01
201000009344;0;7;0;0;2;3;1;B02
201000009344;0;7;0;0;2;3;13;A01
201000009345;0;2;0;0;1;1;1;A01
201000009346;0;7;0;0;1;2;2;A01
201000009347;0;7;0;0;2;3;5;A01
201000009347;0;7;0;0;2;0;1;B02
201000009348;2;7;0;2;1;3;13;A01
201000009349;1;36;0;0;0;0;0;A01
201000009350;0;7;0;0;1;1;1;A01
201000009351;0;7;0;0;2;3;15;A01
201000009351;0;31;0;0;2;2;1;B02
201000009352;0;7;0;0;0;7;10;B02
201000009352;0;7;0;0;2;1;1;A01
201000009353;0;7;0;0;1;3;15;A01
201000009354;0;7;0;0;1;2;1;A01
201000009355;0;33;0;0;2;1;13;A01
201000009355;0;7;0;0;2;3;1;B02
201000009356;0;7;0;2;0;2;1;A01
201000009357;0;7;0;0;2;3;9;B02
201000009357;0;7;0;10;2;2;1;A01
201000009358;0;21;0;0;0;0;15;A01
201000009358;0;33;0;0;2;1;17;C03
201000009359;0;7;0;0;1;8;1;A01
201000009360;2;7;0;2;0;7;1;A01
201000009361;0;7;0;13;0;1;1;A01
201000009362;0;7;0;2;0;1;1;A01
201000009363;0;7;0;0;2;8;15;A01
201000009363;0;33;0;0;2;1;1;B02
201000009364;0;7;0;13;0;1;1;A01
201000009365;0;7;0;13;0;8;1;A01
201000009366;0;33;0;6;0;1;1;A01
201000009367;0;7;0;0;2;1;15;A01
201000009367;0;3;0;0;2;2;1;B02
201000009368;0;7;0;0;1;1;1;A01
201000009369;0;20;0;0;2;2;1;B02
201000009369;0;7;0;0;2;1;19;A01
201000009370;0;2;0;0;1;1;17;A01
201000009371;0;7;0;0;1;7;1;A01
201000009372;0;7;0;0;2;3;19;A01
201000009372;0;31;0;0;2;1;19;B02
201000009373;0;30;0;0;0;8;0;A01
201000009374;0;30;0;0;2;1;1;B02
201000009374;0;7;0;0;2;3;9;A01
201000009375;0;10;0;0;2;7;1;B02
201000009375;0;2;0;0;2;1;1;A01
201000009376;0;2;0;0;2;1;2;B02
201000009376;0;7;0;0;0;4;23;A01
201000009377;0;31;0;0;0;0;5;A01
201000009378;0;1;0;0;1;1;1;A01
201000009379;0;1;0;0;0;5;0;B02
201000009379;0;10;0;0;0;2;16;A01
201000009380;0;7;0;0;1;1;1;A01
201000009381;0;7;0;0;2;1;15;B02
201000009381;0;30;0;0;2;1;1;A01
201000009382;0;30;0;0;2;7;1;B02
201000009382;0;7;0;0;0;8;9;A01
201000009383;0;7;0;0;1;8;1;A01
201000009384;0;7;0;13;0;8;1;A01
201000009385;0;17;0;0;2;2;1;B02
201000009385;0;7;0;0;2;8;10;A01
201000009386;0;33;0;0;2;1;1;B02
201000009386;0;7;0;0;0;3;15;A01
201000009387;0;7;0;0;2;3;1;A01
201000009387;0;7;0;0;2;2;1;B02
201000009388;0;7;0;0;2;1;1;B02
201000009388;0;32;0;0;2;1;15;A01
201000009389;0;10;0;0;2;3;9;A01
201000009389;0;30;0;0;2;8;15;B02
201000009390;0;1;0;0;1;1;1;A01
201000009391;0;7;0;0;2;3;13;A01
201000009391;0;17;0;3;2;8;1;B02
201000009392;0;7;0;0;2;6;10;A01
201000009392;0;30;0;0;2;1;1;B02
201000009393;0;7;0;6;0;2;1;A01
201000009394;0;7;0;13;0;9;14;A01
201000009395;0;7;0;0;2;3;16;A01
201000009395;0;31;0;0;2;1;1;B02
201000009396;0;7;0;0;2;3;13;A01
201000009396;0;7;0;2;2;3;1;B02
201000009397;0;7;0;8;0;3;1;A01
201000009398;0;7;0;2;0;8;1;A01
201000009399;0;7;0;0;9;2;2;A01
201000009400;0;33;0;0;0;8;23;C03
201000009400;0;7;0;14;2;2;1;B02
201000009400;0;7;0;0;2;1;19;A01
201000009401;0;7;0;2;0;1;13;A01
201000009402;0;7;0;10;0;3;14;A01
201000009403;0;7;0;0;2;4;10;A01
201000009403;0;7;0;0;2;1;1;B02
201000009404;0;7;0;3;0;9;1;A01
201000009405;0;7;0;0;1;3;1;A01
201000009406;0;7;0;0;2;8;15;B02
201000009406;0;7;0;0;2;1;1;A01
201000009407;0;3;0;2;0;1;1;A01
201000009408;0;7;0;2;0;2;1;A01
201000009409;0;7;0;0;2;1;13;A01
201000009409;0;7;0;0;2;1;21;B02
201000009410;0;7;0;8;0;3;1;A01
201000009411;0;7;0;3;0;1;1;A01
201000009412;0;30;0;0;1;1;1;A01
201000009413;0;7;0;0;2;1;2;A01
201000009413;0;7;0;0;0;4;21;B01
201000009414;0;7;0;0;1;4;4;A01
201000009415;0;10;0;0;1;4;4;A01
201000009416;0;7;0;2;0;1;17;A01
201000009417;0;10;0;0;1;1;1;A01
201000009418;0;7;0;0;1;2;1;A01
201000009419;0;7;0;0;1;4;4;A01
201000009420;0;14;0;13;9;3;21;B01
201000009420;0;17;0;0;0;0;1;A01
201000009421;1;7;0;0;2;2;17;Z01
201000009421;0;2;0;0;2;3;1;A01
201000009422;0;7;0;0;2;3;15;A01
201000009422;0;32;0;0;2;1;1;B01
201000009423;0;7;0;2;0;3;14;A01
201000009424;0;33;0;0;2;1;1;B01
201000009424;0;7;0;0;2;2;9;A01
201000009425;0;7;0;0;2;7;15;A01
201000009425;0;30;0;0;2;1;1;B01
201000009426;0;10;0;1;1;7;21;A01
201000009427;0;3;0;0;2;1;13;A01
201000009427;0;7;0;0;2;3;1;B01
201000009428;0;7;0;0;2;1;1;B01
201000009428;0;1;0;0;2;8;19;A01
201000009429;0;33;0;0;2;7;1;B01
201000009429;0;7;0;0;2;1;19;A01
201000009430;0;7;0;0;2;3;9;A01
201000009430;0;33;0;0;2;1;1;B01
201000009431;0;7;0;0;2;8;1;B01
201000009431;0;1;0;0;2;3;5;A01
201000009432;0;7;0;0;2;1;1;A01
201000009432;0;7;0;0;2;4;23;B01
201000009433;0;7;0;0;2;3;1;B01
201000009433;0;7;0;0;2;2;1;A01
201000009433;0;7;0;0;2;1;23;C01
201000009433;0;7;0;0;2;1;23;D01
201000009434;0;1;0;0;0;1;1;A01
201000009435;0;33;0;0;2;1;1;B01
201000009435;0;7;0;0;2;4;15;A01
201000009436;0;2;0;0;2;1;13;A01
201000009436;0;7;0;0;2;3;23;B01
201000009437;0;7;0;0;2;7;15;A01
201000009437;0;2;0;0;2;1;1;B01
201000009438;0;7;0;0;2;8;9;A01
201000009438;0;7;0;0;1;2;1;B01
201000009439;0;2;0;0;2;7;1;B01
201000009439;0;10;0;0;2;2;9;A01
201000009440;0;7;0;0;1;1;1;A01
201000009441;0;7;0;0;2;3;9;A01
201000009441;0;7;0;0;2;2;1;B01
201000009442;0;7;0;0;2;7;15;A01
201000009442;0;33;0;0;2;1;1;B01
201000009443;0;7;0;0;1;1;1;A01
201000009444;0;7;0;0;2;2;1;B01
201000009444;0;31;0;0;2;1;13;A01
201000009445;0;7;0;0;2;3;16;A01
201000009445;0;7;0;0;2;1;1;B01
201000009446;0;7;0;0;1;3;15;B01
201000009446;0;30;0;0;2;1;17;A01
201000009447;0;7;0;0;2;1;1;A01
201000009447;0;7;0;0;2;4;1;B01
201000009448;1;7;0;0;1;1;1;Z01
201000009449;0;7;0;0;2;1;1;B01
201000009449;0;7;0;0;2;2;1;A01
201000009450;0;1;0;0;2;1;9;A01
201000009450;0;7;0;0;2;2;1;B01
201000009451;0;2;0;0;2;3;1;B01
201000009451;0;7;0;0;2;5;17;A01
201000009452;0;7;0;0;1;1;1;A01
201000009453;0;30;0;1;0;1;13;A01
201000009454;1;10;0;0;2;2;17;Z01
201000009454;0;1;0;0;2;8;1;B01
201000009455;1;10;0;0;1;1;1;Z01
201000009456;0;7;0;0;2;3;1;A01
201000009456;0;7;0;0;2;3;1;B01
201000009457;0;2;0;0;0;8;1;A01
201000009458;0;31;0;0;2;3;15;A01
201000009458;0;7;0;0;2;3;1;B01
201000009459;0;10;0;0;2;8;1;B01
201000009459;0;2;0;0;2;8;13;A01
201000009460;0;7;0;0;1;1;1;A01
201000009461;0;2;0;16;0;8;13;A01
201000009462;0;7;0;0;2;2;15;A01
201000009462;0;33;0;0;2;1;1;B01
201000009463;0;2;0;0;2;1;17;A01
201000009463;0;7;0;0;2;3;15;B01
201000009464;0;10;0;0;1;2;1;A01
201000009465;1;7;0;0;1;1;16;Z01
201000009466;0;7;0;0;2;3;1;C01
201000009466;0;7;0;14;0;1;2;A01
201000009466;0;7;0;0;1;1;23;B01
201000009467;0;7;0;0;2;1;1;B01
201000009467;0;2;0;0;2;7;1;A01
201000009468;0;20;0;0;0;8;9;A01
201000009469;0;7;0;0;1;1;1;A01
201000009470;0;2;0;0;2;1;15;A01
201000009470;0;33;0;1;2;3;1;B01
201000009471;0;7;0;0;1;1;1;A01
201000009472;0;7;0;0;1;1;1;A01
201000009473;0;2;0;0;2;8;1;B01
201000009473;1;33;0;0;2;7;17;Z01
201000009474;0;7;0;13;0;1;14;A01
201000009475;0;7;0;0;1;1;1;A01
201000009476;0;7;0;0;1;1;1;A01
201000009477;0;7;0;13;1;2;14;A01
201000009478;0;7;0;0;2;1;15;A01
201000009478;0;1;0;0;2;8;15;B01
201000009479;0;30;0;15;0;2;14;A01
201000009480;0;7;0;8;0;1;13;A01
201000009481;0;7;0;0;2;1;1;B01
201000009481;0;7;0;0;2;3;9;A01
201000009482;0;7;0;0;2;1;2;A01
201000009482;0;7;0;0;2;4;1;B01
201000009483;0;1;0;0;2;1;1;A01
201000009483;0;7;0;0;2;8;1;B01
201000009484;0;1;0;0;2;3;9;A01
201000009484;0;7;0;0;2;3;1;B01
201000009485;0;7;0;8;0;9;21;A01
201000009485;1;7;0;0;0;0;9;Z01
201000009486;0;2;0;0;2;1;1;B01
201000009486;0;7;0;0;2;3;9;A01
201000009487;0;2;0;1;0;1;14;A01
201000009488;0;2;0;14;0;1;1;A01
201000009488;0;15;0;0;0;5;23;B01
201000009489;0;7;0;0;2;6;15;A01
201000009489;0;99;0;1;2;2;17;B01
201000009490;0;7;0;0;2;1;1;B01
201000009490;0;2;0;0;2;3;15;A01
201000009491;0;10;0;8;0;1;1;A01
201000009492;0;7;0;8;0;1;13;A01
201000009493;0;7;0;0;2;3;1;B01
201000009493;0;7;0;0;2;1;1;C01
201000009493;0;7;0;0;2;3;13;A01
201000009494;0;7;0;0;0;4;23;B01
201000009494;0;7;0;14;0;1;2;A01
201000009495;0;7;0;6;0;2;14;A01
201000009496;0;7;0;0;1;1;1;A01
201000009497;0;7;0;0;2;7;13;A01
201000009497;0;10;0;0;2;1;1;B02
201000009498;0;10;0;0;2;1;1;B02
201000009498;0;10;0;0;2;8;15;A01
201000009499;0;17;0;16;0;7;1;A01
201000009500;0;31;0;0;0;8;1;A01