num_acc;senc;catv;occutc;obs;obsm;choc;manv;num_veh
201000009501;0;7;0;0;2;3;10;B02
201000009501;0;33;0;0;2;1;17;A01
201000009502;0;30;0;0;1;1;1;A01
201000009503;0;7;0;0;2;1;2;A01
201000009503;0;33;0;0;0;4;2;B02
201000009504;0;33;0;16;0;0;1;A01
201000009505;0;2;0;0;2;1;16;B02
201000009505;0;7;0;0;2;2;1;A01
201000009506;0;7;0;13;0;2;1;A01
201000009507;0;7;0;0;2;1;11;B02
201000009507;0;2;0;0;2;3;1;A01
201000009508;0;36;0;0;0;2;1;A01
201000009509;0;30;0;12;0;1;1;A01
201000009510;0;7;0;0;2;2;19;A01
201000009510;0;1;0;0;2;1;19;B02
201000009511;0;7;0;16;0;2;1;A01
201000009512;0;7;0;13;0;2;1;A01
201000009513;0;30;0;0;2;1;1;A01
201000009513;0;7;0;0;2;2;1;B02
201000009514;0;10;0;0;0;6;23;A01
201000009514;0;30;0;1;0;2;1;B02
201000009515;0;33;0;0;2;1;1;B02
201000009515;0;7;0;0;0;2;15;A01
201000009516;0;7;0;0;2;1;1;B02
201000009516;0;1;0;0;2;1;5;A01
201000009517;0;7;0;2;0;1;1;A01
201000009518;0;21;0;0;2;3;15;A01
201000009518;0;7;0;0;2;3;1;B02
201000009519;0;2;0;0;5;1;1;A01
201000009520;0;7;0;0;2;3;1;B02
201000009520;0;33;0;0;2;3;13;A01
201000009521;0;33;0;0;2;1;17;A01
201000009521;0;10;0;0;2;3;1;B02
201000009522;0;7;0;0;0;8;24;A01
201000009522;0;1;0;1;0;7;1;B02
201000009523;0;7;0;0;0;3;15;A01
201000009523;0;2;0;0;0;1;16;B02
201000009524;0;7;0;0;0;5;15;A01
201000009524;0;30;0;0;0;1;0;B02
201000009525;0;31;0;0;0;1;15;A01
201000009526;0;10;0;0;2;2;16;A01
201000009526;0;33;0;0;2;1;14;B02
201000009527;0;7;0;13;0;1;1;A01
201000009528;0;10;0;9;0;1;1;A01
201000009529;0;7;0;0;2;3;1;B02
201000009529;0;7;0;0;2;3;1;A01
201000009530;0;7;0;0;2;1;1;A01
201000009530;0;7;0;0;2;7;19;B02
201000009531;0;30;0;6;0;1;1;A01
201000009532;0;7;0;0;1;7;1;A01
201000009533;0;7;0;0;2;8;15;B02
201000009533;0;7;0;0;2;3;1;A01
201000009534;0;10;0;0;2;1;17;A01
201000009534;0;7;0;0;2;1;1;B02
201000009535;0;33;0;0;2;1;13;B02
201000009535;0;7;0;0;9;3;1;A01
201000009536;0;34;0;0;2;2;14;A01
201000009536;0;7;0;0;2;6;1;B02
201000009537;0;7;0;2;0;1;1;A01
201000009538;0;7;0;0;2;2;17;B02
201000009538;0;14;0;0;2;2;1;A01
201000009539;0;1;0;0;2;3;13;B02
201000009539;0;7;0;0;2;8;1;A01
201000009540;0;36;0;8;0;1;14;A01
201000009541;0;7;0;6;0;1;0;A01
201000009542;0;31;0;0;0;8;14;A01
201000009543;0;2;0;1;0;1;14;A01
201000009544;0;7;0;2;0;5;1;A01
201000009545;0;10;0;0;0;3;15;A01
201000009545;0;33;0;0;2;1;17;B02
201000009546;0;7;0;0;1;0;13;A01
201000009547;0;31;0;1;0;7;14;B02
201000009548;0;7;0;0;2;2;1;B02
201000009548;0;7;0;0;2;3;15;A01
201000009549;0;7;0;2;0;2;13;A01
201000009550;0;7;0;1;0;3;1;A01
201000009551;0;2;0;0;6;1;1;A01
201000009552;0;7;0;0;2;7;13;A01
201000009552;0;15;0;0;2;1;1;B02
201000009553;0;7;0;2;0;7;1;A01
201000009554;0;7;0;2;0;5;1;A01
201000009555;0;7;0;16;0;2;14;A01
201000009556;0;7;0;2;0;3;1;A01
201000009557;0;33;0;0;2;1;17;A01
201000009557;0;1;0;0;2;8;15;B02
201000009558;0;7;0;2;0;1;1;A01
201000009559;0;7;0;0;2;1;5;A01
201000009559;0;15;0;0;2;3;1;B02
201000009560;0;2;0;0;1;3;17;A01
201000009561;0;33;0;0;0;1;18;A01
201000009561;0;7;0;0;0;2;1;B02
201000009562;0;7;0;0;0;9;0;A01
201000009563;0;7;0;16;0;1;1;A01
201000009564;0;33;0;0;2;1;1;A01
201000009564;0;10;0;0;2;6;15;B02
201000009565;0;7;0;0;2;2;1;B02
201000009565;0;10;0;0;2;3;19;A01
201000009566;0;31;0;0;2;1;1;A01
201000009566;0;7;0;0;2;6;9;B02
201000009567;0;31;0;0;2;1;1;B02
201000009567;0;7;0;0;0;4;0;A01
201000009568;0;7;0;13;0;9;17;A01
201000009569;0;7;0;0;2;3;1;B02
201000009569;0;7;0;0;2;3;13;A01
201000009570;0;30;0;0;0;3;1;A01
201000009571;0;7;0;0;2;7;1;B02
201000009571;0;2;0;0;2;1;15;A01
201000009572;0;7;0;0;2;3;13;A01
201000009572;0;15;0;0;2;3;1;B02
201000009573;0;7;0;0;1;1;1;A01
201000009574;0;7;0;0;2;7;17;B02
201000009574;0;2;0;0;2;1;15;A01
201000009575;0;7;0;2;0;1;1;A01
201000009576;0;33;0;16;0;8;1;A01
201000009577;0;1;0;0;2;8;2;B02
201000009577;0;7;0;0;2;7;2;A01
201000009578;0;7;0;0;9;2;23;C03
201000009578;0;7;0;0;2;2;15;A02
201000009578;0;33;0;0;2;1;1;B01
201000009579;0;99;0;0;1;1;1;A01
201000009580;0;7;0;6;0;7;1;A01
201000009581;0;30;0;1;0;1;1;A01
201000009582;0;30;0;0;2;1;1;B02
201000009582;0;7;0;0;2;2;13;A01
201000009583;0;7;0;13;0;1;1;A01
201000009584;0;10;0;3;0;8;13;A01
201000009585;0;2;0;0;0;1;0;A01
201000009586;0;33;0;0;0;8;1;A01
201000009587;0;7;0;0;2;3;1;B02
201000009587;0;7;0;0;2;3;1;C03
201000009587;0;7;0;0;2;3;1;A01
201000009587;0;7;0;0;2;3;13;D04
201000009588;0;7;0;0;2;2;15;A01
201000009588;0;7;0;0;2;1;1;B02
201000009589;0;31;0;13;0;8;1;A01
201000009590;0;30;0;1;0;1;1;A01
201000009591;0;33;0;16;0;1;1;A01
201000009592;0;36;0;0;9;1;1;A01
201000009593;0;7;0;0;1;2;1;A01
201000009594;0;7;0;13;0;9;1;A01
201000009595;0;99;0;0;0;1;13;A01
201000009595;0;99;0;0;1;1;1;B02
201000009596;0;7;0;6;0;3;6;A01
201000009597;0;10;0;0;0;2;17;A01
201000009598;0;3;0;8;0;1;1;A01
201000009599;0;7;0;13;0;3;1;A01
201000009600;0;33;0;16;0;8;1;A01
201000009601;0;16;0;0;2;2;1;B02
201000009601;0;7;0;0;2;1;13;A01
201000009602;0;33;0;1;2;1;17;A01
201000009602;0;7;0;0;2;5;0;B02
201000009602;0;7;0;0;2;3;15;C03
201000009603;0;7;0;2;2;3;5;A01
201000009603;0;7;0;0;2;2;1;B02
201000009604;0;7;0;0;0;3;13;A01
201000009604;0;7;0;0;0;3;0;B02
201000009605;0;7;0;2;0;7;13;A01
201000009606;0;7;0;0;6;9;13;A01
201000009607;0;30;0;13;0;1;1;A01
201000009608;2;7;0;13;0;2;5;A01
201000009609;0;7;0;0;0;0;1;A01
201000009610;0;7;0;13;0;9;13;A01
201000009611;0;7;0;0;0;1;1;A01
201000009612;0;7;0;0;2;8;15;A01
201000009612;0;2;0;2;2;7;17;B02
201000009613;0;7;0;13;0;2;17;A01
201000009614;0;7;0;0;2;2;15;A01
201000009614;0;30;0;0;2;8;1;B02
201000009615;0;7;0;0;2;8;1;B02
201000009615;0;7;0;0;2;8;1;A01
201000009616;0;15;0;6;0;8;1;A01
201000009617;0;17;0;3;0;7;15;A01
201000009618;0;31;0;0;2;8;18;A01
201000009618;2;7;0;0;2;7;13;B02
201000009619;0;33;0;3;0;1;1;A01
201000009620;0;7;0;2;0;7;1;A01
201000009621;0;7;0;2;0;9;1;A01
201000009622;0;30;0;0;0;0;1;A01
201000009623;0;2;0;0;0;0;1;A01
201000009624;0;7;0;0;2;8;15;B02
201000009624;0;7;0;0;2;1;17;A01
201000009625;0;33;0;0;2;1;1;B02
201000009625;0;15;0;0;2;2;15;A01
201000009626;0;7;0;0;2;3;13;A01
201000009626;0;7;0;0;2;3;1;B02
201000009627;0;7;0;0;1;2;1;A01
201000009628;0;30;0;0;0;0;1;A01
201000009629;0;30;0;0;2;1;1;B02
201000009629;0;7;0;0;2;7;15;A01
201000009630;0;7;0;0;2;1;0;A01
201000009630;0;21;0;0;2;1;0;B02
201000009631;0;10;0;5;0;2;0;A01
201000009632;0;14;0;0;0;5;23;B02
201000009632;0;7;0;1;1;1;1;A01
201000009633;0;7;0;13;0;1;1;A01
201000009634;0;7;0;16;0;1;1;A01
201000009635;0;7;0;0;0;0;1;A01
201000009636;0;33;0;0;2;2;1;A01
201000009636;0;7;0;0;2;6;1;B02
201000009637;0;7;0;2;0;8;1;A01
201000009638;0;7;0;8;0;8;1;A01
201000009639;0;7;0;13;0;9;1;A01
201000009640;0;10;0;13;0;1;1;A01
201000009641;0;7;0;0;0;9;1;A01
201000009642;0;36;0;10;0;3;16;A01
201000009643;0;30;0;0;0;8;1;A01
201000009644;0;7;0;0;2;3;1;B02
201000009644;0;7;0;0;2;2;17;A01
201000009645;0;33;0;0;0;8;1;A01
201000009646;0;7;0;0;2;1;1;B02
201000009646;0;7;0;0;2;3;1;C03
201000009646;0;7;0;0;2;6;1;A01
201000009647;0;7;0;0;0;9;1;A01
201000009648;0;7;0;0;0;0;0;B02
201000009648;0;7;0;0;2;7;1;A01
201000009649;0;7;0;6;0;8;1;A01
201000009650;0;7;0;0;2;6;17;A01
201000009650;0;33;0;0;2;1;17;B02
201000009651;0;99;0;0;2;5;15;B02
201000009651;0;33;0;0;2;2;1;C03
201000009652;0;7;0;0;2;3;17;A01
201000009652;0;7;0;0;2;3;1;B02
201000009653;0;7;0;0;2;2;15;A01
201000009653;0;7;0;0;2;3;1;B02
201000009654;0;7;0;0;2;;13;A01
201000009654;0;1;0;0;2;0;1;C03
201000009655;0;7;0;0;2;1;1;B02
201000009655;0;10;0;0;2;7;19;A01
201000009656;0;7;0;8;0;1;1;A01
201000009657;0;7;0;2;0;1;1;A01
201000009658;0;7;0;0;1;2;1;A01
201000009659;0;7;0;13;0;2;1;A01
201000009660;0;7;0;6;0;9;17;A01
201000009661;0;7;0;0;2;2;17;A01
201000009661;0;7;0;0;2;6;1;B02
201000009662;0;7;0;0;0;2;1;A01
201000009663;0;7;0;2;0;1;1;A01
201000009664;0;7;0;6;0;1;1;A01
201000009665;0;7;0;0;2;1;1;B02
201000009665;0;7;0;0;2;8;15;A01
201000009666;0;7;0;0;2;1;13;A01
201000009666;0;7;0;3;2;2;21;B02
201000009667;0;7;0;0;2;1;1;B02
201000009667;0;1;0;0;2;8;19;A01
201000009668;0;7;0;0;2;3;13;A01
201000009668;0;7;0;0;2;3;21;B02
201000009669;0;7;0;0;2;3;19;B02
201000009669;0;7;0;0;2;1;1;A01
201000009670;0;7;0;2;0;9;14;A01
201000009671;0;7;0;6;2;1;17;A01
201000009671;0;7;0;0;2;1;1;B02
201000009672;0;7;0;6;2;1;17;A01
201000009672;0;7;0;0;2;1;1;B02
201000009673;0;7;0;13;0;3;13;A01
201000009674;0;7;0;0;1;1;1;A01
201000009675;0;7;0;0;2;6;1;B02
201000009675;0;7;0;0;2;3;13;A01
201000009676;0;33;0;0;1;0;1;A01
201000009677;0;7;0;0;2;3;13;A01
201000009677;0;7;0;0;2;3;1;B02
201000009678;0;31;0;0;2;1;1;B02
201000009678;0;7;0;0;2;1;15;A01
201000009679;0;33;0;0;2;1;1;B02
201000009679;0;7;0;0;2;7;15;A01
201000009680;0;7;0;0;2;2;1;B02
201000009680;0;7;0;0;2;1;13;A01
201000009681;0;7;0;2;0;9;1;A01
201000009682;0;36;0;0;0;0;10;A01
201000009683;0;10;0;0;2;3;13;A01
201000009683;0;7;0;0;2;3;1;B02
201000009684;0;7;0;15;0;2;14;A01
201000009685;0;7;0;0;1;1;1;A01
201000009686;0;1;0;1;0;0;0;A01
201000009687;0;7;0;0;0;3;1;A01
201000009688;0;7;0;0;2;2;13;A01
201000009688;0;7;0;0;2;2;1;B02
201000009689;0;7;0;0;0;3;1;B02
201000009689;0;7;0;0;2;3;13;A01
201000009690;0;1;0;0;2;7;1;A01
201000009690;0;10;0;0;2;7;15;B02
201000009691;0;7;0;0;2;1;1;B02
201000009691;0;7;0;0;2;1;13;A01
201000009692;0;7;0;13;0;1;1;A01
201000009693;0;1;0;0;0;1;13;B02
201000009693;0;7;0;0;0;3;1;A01
201000009694;0;33;0;0;2;1;2;A01
201000009694;0;7;0;0;2;6;2;B02
201000009695;0;7;0;13;0;9;1;A01
201000009696;0;1;0;0;2;1;19;A01
201000009696;0;7;0;0;2;2;1;B02
201000009697;0;7;0;0;2;3;1;B01
201000009697;0;33;0;0;2;1;13;A02
201000009698;0;7;0;0;2;1;13;A01
201000009698;0;7;0;0;2;3;1;B02
201000009698;0;7;0;0;2;2;21;C03
201000009699;0;33;0;13;0;1;13;A01
201000009700;0;15;0;0;2;8;1;B02
201000009700;0;7;0;0;2;3;13;A01
201000009701;0;7;0;0;1;3;9;A01
201000009702;0;7;0;2;0;3;1;A01
201000009703;0;7;0;8;0;1;17;A01
201000009704;0;33;0;2;0;1;1;A01
201000009705;0;10;0;0;2;3;1;B02
201000009705;0;33;0;0;2;1;21;A01
201000009706;0;2;0;0;2;5;1;B02
201000009706;0;7;0;0;2;1;15;A01
201000009707;0;7;0;6;0;9;1;A01
201000009708;0;7;0;0;2;3;1;B02
201000009708;0;7;0;0;2;3;1;A01
201000009709;0;2;0;0;2;1;1;B02
201000009709;0;7;0;0;2;5;17;A01
201000009710;0;13;0;6;0;1;1;A01
201000009711;0;7;0;3;2;1;2;A01
201000009711;0;7;0;2;0;4;2;B02
201000009712;0;33;0;12;0;1;1;A01
201000009713;0;31;0;0;1;1;1;A01
201000009714;0;7;0;0;2;2;19;A01
201000009714;0;2;0;0;2;1;1;B02
201000009715;0;7;0;0;0;1;1;A01
201000009716;0;7;0;8;0;7;1;A01
201000009717;0;33;0;0;2;3;1;A01
201000009718;0;7;0;2;0;6;1;A01
201000009719;0;7;0;1;1;6;4;A01
201000009720;0;2;0;0;2;1;1;B02
201000009720;0;7;0;0;2;3;13;A01
201000009721;0;15;0;0;2;2;1;A01
201000009721;0;7;0;0;2;3;15;B02
201000009722;0;7;0;8;0;6;1;A01
201000009723;0;31;0;0;2;1;1;A01
201000009723;0;7;0;0;2;1;9;B02
201000009724;0;7;0;12;1;1;1;A01
201000009725;0;7;0;0;1;2;1;A01
201000009726;0;33;0;0;0;0;10;A01
201000009727;0;7;0;0;2;1;1;B02
201000009727;0;7;0;0;2;1;1;A01
201000009728;0;7;0;13;0;3;1;A01
201000009729;0;7;0;0;2;2;1;C03
201000009729;0;7;0;0;2;1;13;A01
201000009729;0;7;0;0;2;1;1;B02
201000009730;0;15;0;0;2;8;4;A01
201000009730;0;30;0;0;2;1;1;B02
201000009731;0;7;0;0;2;2;1;B02
201000009731;0;30;0;0;2;1;13;A01
201000009732;0;7;0;13;0;2;1;A01
201000009733;0;7;0;1;0;1;15;A01
201000009734;0;7;0;13;0;8;19;A01
201000009735;0;7;0;0;2;3;13;B02
201000009735;0;7;0;0;2;3;1;A01
201000009736;0;2;0;0;2;1;19;B02
201000009736;0;7;0;0;2;1;19;A01
201000009737;0;31;0;0;2;1;1;B02
201000009737;0;7;0;0;2;3;16;A01
201000009738;0;33;0;0;0;7;2;A01
201000009739;0;33;0;0;2;1;13;A01
201000009739;0;7;0;0;2;2;1;B02
201000009740;0;2;0;14;0;1;1;A01
201000009741;0;7;0;0;2;1;19;A01
201000009741;0;7;0;0;2;8;1;B02
201000009742;0;7;0;0;2;6;1;B02
201000009742;0;7;0;0;2;1;19;A01
201000009743;0;7;0;0;0;1;0;A01
201000009743;0;2;0;0;0;1;0;B02
201000009744;0;10;0;0;1;4;4;A01
201000009745;0;2;0;0;2;1;1;B02
201000009745;0;7;0;0;2;3;15;A01
201000009746;0;21;0;0;2;8;1;A01
201000009746;0;2;0;0;2;1;1;B02
201000009747;0;7;0;10;0;2;13;A01
201000009748;0;7;0;2;0;1;13;A01
201000009749;0;7;0;0;2;1;1;A01
201000009749;0;33;0;0;6;1;13;B02
201000009750;0;7;0;13;0;9;13;A01
201000009751;0;7;0;13;0;1;16;A01
201000009752;0;7;0;1;0;2;14;A01
201000009753;0;7;0;0;2;3;1;C03
201000009753;0;30;0;0;2;1;21;A01
201000009753;0;10;0;0;0;6;23;B02
201000009754;0;33;0;13;0;7;1;A01
201000009755;0;10;0;0;2;2;21;A01
201000009755;0;1;0;0;2;8;19;B02
201000009756;0;32;0;8;0;1;1;A01
201000009757;0;1;0;0;0;0;1;A01
201000009758;0;7;0;0;2;1;1;B02
201000009758;0;7;0;0;2;3;15;A01
201000009759;0;33;0;0;6;1;1;A01
201000009760;0;7;0;13;0;1;1;A01
201000009761;0;7;0;0;0;1;13;A01
201000009762;0;30;0;12;0;1;13;A01
201000009763;0;33;0;0;2;1;1;B01
201000009763;0;7;0;0;2;2;19;A02
201000009764;0;7;0;6;0;2;15;A01
201000009765;0;7;0;6;0;9;1;A01
201000009766;0;7;0;0;2;2;15;A01
201000009766;0;10;0;0;2;3;1;B02
201000009767;0;7;0;0;2;2;19;A01
201000009767;0;7;0;0;2;1;1;B02
201000009768;0;14;0;0;2;1;1;B02
201000009768;0;7;0;0;2;2;1;A01
201000009769;0;7;0;0;2;1;1;B02
201000009769;0;7;0;0;2;1;5;A01
201000009770;0;7;0;13;0;1;1;A01
201000009771;0;15;0;0;1;3;1;A01
201000009772;0;7;0;0;2;7;13;A01
201000009772;0;7;0;0;2;1;1;B02
201000009773;0;33;0;0;2;1;1;B02
201000009773;0;7;0;0;2;2;15;A01
201000009774;0;7;0;1;0;1;13;A01
201000009775;0;7;0;0;2;1;2;B02
201000009775;0;7;0;0;2;1;2;D04
201000009775;0;7;0;6;0;1;11;A01
201000009775;0;7;0;0;2;4;2;C03
201000009776;0;1;0;0;0;1;1;A01
201000009777;0;10;0;3;0;8;1;A01
201000009777;0;10;0;0;2;8;1;B02
201000009778;0;7;0;14;0;3;1;A01
201000009778;0;30;0;0;2;0;23;B02
201000009779;0;10;0;0;2;1;1;B02
201000009779;0;10;0;0;2;7;13;A01
201000009780;0;10;0;0;1;2;1;A01
201000009781;0;7;0;13;0;2;1;A01
201000009782;0;7;0;5;0;1;1;A01
201000009783;0;33;0;0;2;1;1;B02
201000009783;0;15;0;0;0;2;10;A01
201000009784;0;7;0;0;2;7;15;A01
201000009784;0;33;0;0;2;1;1;B02
201000009785;0;33;0;0;0;1;0;A01
201000009786;0;33;0;0;2;3;1;A01
201000009786;0;7;0;0;0;0;15;B02
201000009787;0;7;0;0;2;1;13;A01
201000009787;0;38;23;1;2;1;21;B02
201000009788;0;7;0;16;0;3;1;A01
201000009789;0;17;0;3;2;3;13;A01
201000009789;0;7;0;0;2;3;1;B02
201000009790;0;14;0;0;2;3;1;B02
201000009790;0;10;0;0;2;3;13;A01
201000009791;0;33;0;0;2;1;1;A01
201000009791;0;7;0;1;2;2;15;B02
201000009792;0;30;0;0;0;4;16;B02
201000009792;0;7;0;0;2;2;1;A01
201000009793;0;7;0;0;2;3;1;C02
201000009793;0;7;0;0;2;1;2;B03
201000009793;0;7;0;0;0;3;15;A01
201000009794;0;7;0;15;0;1;1;A01
201000009795;0;33;0;0;2;1;13;A01
201000009795;0;7;0;0;2;3;1;B02
201000009795;0;7;0;0;2;0;1;C03
201000009796;0;7;0;16;0;2;1;A01
201000009797;0;33;0;1;0;1;1;A01
201000009798;0;14;0;0;1;2;1;A01
201000009799;0;7;0;0;1;7;1;A01
201000009800;0;7;0;0;1;2;1;A01
201000009801;0;7;0;0;2;3;15;A01
201000009801;0;2;0;0;2;1;1;B02
201000009802;0;1;0;13;0;1;1;A01
201000009803;0;33;0;0;2;1;1;B02
201000009803;0;7;0;0;2;3;15;A01
201000009804;0;7;0;8;0;3;21;A01
201000009805;0;7;0;0;2;5;1;A01
201000009805;0;7;0;0;2;8;1;B02
201000009806;0;7;0;0;1;2;1;A01
201000009807;0;37;25;0;1;5;1;A01
201000009808;0;7;0;0;2;6;19;A01
201000009808;0;33;0;0;2;1;1;B02
201000009809;0;7;0;0;2;2;15;A01
201000009809;0;33;0;0;2;8;1;B02
201000009810;0;7;0;0;2;2;1;B02
201000009810;0;30;0;0;2;1;9;A01
201000009811;0;33;0;2;0;1;1;A01
201000009812;0;30;0;0;2;7;1;A01
201000009812;0;7;0;0;2;3;1;B01
201000009813;0;33;0;0;2;1;17;B02
201000009813;0;7;0;0;2;8;15;A01
201000009814;0;7;0;0;2;2;1;B02
201000009814;0;10;0;0;2;1;0;A01
201000009815;0;14;0;0;2;2;1;A01
201000009815;0;7;0;0;2;8;19;B02
201000009816;0;7;0;0;2;2;15;B02
201000009816;0;30;0;0;2;1;1;A01
201000009817;0;7;0;10;0;1;21;A01
201000009818;0;7;0;8;0;7;1;A01
201000009819;0;7;0;0;2;2;2;A01
201000009819;0;1;0;0;0;9;2;B02
201000009820;0;30;0;0;9;1;5;A01
201000009820;0;1;0;0;2;1;1;B02
201000009821;0;7;0;0;0;3;1;A01
201000009821;0;7;0;0;2;3;17;C03
201000009821;0;21;0;0;0;1;2;B02
201000009822;0;7;0;0;1;1;1;A01
201000009823;0;7;0;2;0;3;2;A01
201000009824;0;30;0;0;1;1;2;A01
201000009825;0;7;0;0;2;1;15;A01
201000009825;0;99;0;0;2;2;1;B02
201000009826;0;33;0;1;2;8;1;B02
201000009826;0;7;0;0;2;3;15;A01
201000009827;0;2;0;0;2;0;21;A01
201000009828;0;7;0;0;2;2;17;A01
201000009828;0;1;0;0;2;1;15;B02
201000009829;0;33;0;0;2;1;1;B02
201000009829;0;7;0;0;0;7;19;A01
201000009830;0;7;0;0;0;0;1;A01
201000009831;0;7;0;0;2;1;1;B02
201000009831;0;7;0;0;2;2;2;C03
201000009831;0;7;0;0;2;1;3;A01
201000009832;0;7;0;0;0;6;2;B02
201000009832;0;7;0;0;2;2;2;A01
201000009833;0;7;0;0;2;3;1;B02
201000009834;0;7;0;0;9;1;1;A01
201000009835;0;7;0;2;0;8;1;A01
201000009836;0;7;0;2;0;7;1;A01
201000009837;0;1;0;0;2;8;15;B02
201000009837;0;7;0;0;2;2;17;A01
201000009838;0;7;0;2;0;1;16;A01
201000009839;0;7;0;16;0;9;13;A01
201000009840;0;1;0;0;2;8;1;B02
201000009840;0;7;0;0;2;1;1;A01
201000009841;0;13;0;0;1;7;1;A01
201000009842;0;7;0;0;1;2;0;A01
201000009843;0;7;0;0;0;4;2;B02
201000009843;0;7;0;0;2;1;2;A01
201000009844;0;7;0;0;2;1;15;A01
201000009844;0;2;0;0;2;1;1;B02
201000009845;0;36;0;14;0;1;1;A01
201000009846;0;7;0;12;0;1;5;A01
201000009847;0;7;0;0;1;3;1;A01
201000009848;0;7;0;2;0;7;1;A01
201000009849;0;7;0;15;0;6;13;A01
201000009850;0;7;0;0;2;3;1;B02
201000009850;0;7;0;0;2;3;17;A01
201000009851;0;7;0;0;2;3;1;A01
201000009851;0;2;0;0;2;1;17;B02
201000009852;0;7;0;12;0;2;5;A01
201000009853;0;7;0;10;0;1;1;A01
201000009854;0;7;0;0;2;1;1;B02
201000009854;0;7;0;0;2;1;17;A01
201000009855;0;7;0;0;1;3;14;A01
201000009856;0;21;0;0;2;3;15;A01
201000009856;0;14;0;0;2;1;17;B02
201000009857;0;7;0;0;2;1;1;B02
201000009857;0;7;0;0;2;7;19;A01
201000009858;0;33;0;0;0;0;0;B02
201000009858;0;31;0;0;2;2;0;A01
201000009859;0;7;0;0;0;1;1;B02
201000009859;0;7;0;0;0;7;15;A01
201000009860;0;7;0;0;2;3;19;A01
201000009860;0;2;0;0;2;1;1;B02
201000009861;0;7;0;0;2;2;1;B01
201000009861;0;7;0;0;2;3;9;A01
201000009862;0;7;0;2;0;2;1;A01
201000009863;0;2;0;0;0;1;5;B02
201000009863;0;7;0;0;0;7;1;A01
201000009864;0;7;0;0;2;2;16;A01
201000009864;0;31;0;0;2;1;14;B02
201000009865;0;31;0;0;2;1;1;A01
201000009865;0;7;0;0;0;6;1;B02
201000009866;0;2;0;0;2;0;2;A01
201000009866;0;1;0;0;2;0;2;B02
201000009867;0;33;0;;2;2;17;B02
201000009867;0;7;0;0;0;3;15;A01
201000009868;0;7;0;0;2;3;9;A01
201000009868;0;30;0;0;2;1;1;B02
201000009869;0;7;0;0;0;8;15;A01
201000009869;0;10;0;0;2;2;17;B02
201000009870;0;2;0;0;2;1;23;B02
201000009870;0;10;0;0;2;6;4;A01
201000009871;0;7;0;0;1;1;15;A01
201000009872;0;7;0;2;0;2;13;A01
201000009873;0;7;0;0;0;9;13;A01
201000009874;0;33;0;0;2;3;1;B02
201000009874;0;7;0;0;0;2;0;A01
201000009875;0;7;0;0;1;3;1;A01
201000009876;0;1;0;0;2;3;1;B02
201000009876;0;7;0;0;2;2;1;A01
201000009877;0;7;0;0;2;1;2;A01
201000009877;0;7;0;0;2;1;13;B02
201000009878;0;7;0;2;0;5;13;A01
201000009879;0;7;0;0;2;4;4;A01
201000009879;0;31;0;0;2;1;2;B02
201000009880;0;1;0;0;2;1;13;A01
201000009880;0;10;0;0;2;6;1;B02
201000009881;0;7;0;10;0;8;0;A01
201000009882;0;33;0;0;0;7;1;A01
201000009883;0;37;1;0;2;3;1;B02
201000009883;0;7;0;0;2;1;13;A01
201000009884;1;7;0;0;1;0;1;A01
201000009885;0;33;0;2;0;1;1;A01
201000009886;0;7;0;2;0;1;1;A01
201000009887;0;33;0;0;2;8;13;A01
201000009887;0;10;0;0;0;7;17;B02
201000009888;0;33;0;0;2;1;2;B02
201000009888;0;33;0;0;0;8;1;A01
201000009889;0;33;0;2;0;1;1;B02
201000009889;0;33;0;2;0;1;1;A01
201000009890;2;7;0;6;0;2;1;A01
201000009891;0;2;0;0;0;0;1;A01
201000009892;0;10;0;0;2;1;0;B02
201000009892;0;7;0;0;2;1;0;A01
201000009892;0;7;0;0;2;1;0;C03
201000009893;0;7;0;0;0;2;1;A01
201000009894;0;7;0;0;2;1;13;A01
201000009894;0;7;0;0;2;3;1;C03
201000009894;0;7;0;0;2;8;1;B02
201000009895;0;7;0;6;0;3;14;A01
201000009896;0;7;0;0;2;3;1;B02
201000009896;0;14;0;0;2;3;1;A01
201000009897;0;7;0;0;2;2;2;C03
201000009897;0;7;0;0;2;1;2;B02
201000009897;0;7;0;0;2;1;5;D04
201000009897;0;7;0;0;2;6;1;A01
201000009898;0;7;0;0;2;1;1;A01
201000009898;0;7;0;0;2;7;9;B02
201000009899;0;7;0;2;0;1;1;A01
201000009900;0;7;0;2;2;3;13;A01
201000009900;0;7;0;0;2;3;1;B02
201000009901;0;7;0;0;2;3;15;B02
201000009901;0;30;0;0;2;5;17;A01
201000009902;0;33;0;2;0;7;1;A01
201000009903;0;7;0;0;2;1;1;B02
201000009903;0;10;0;0;2;1;5;A01
201000009904;0;7;0;0;1;3;1;A01
201000009905;0;7;0;0;9;1;0;A01
201000009906;0;7;0;0;1;2;16;A01
201000009907;0;7;0;0;2;2;21;A01
201000009907;0;7;0;0;2;6;1;B02
201000009908;0;7;0;0;0;3;1;B02
201000009908;0;7;0;0;2;2;21;A01
201000009909;0;1;0;0;2;8;15;B02
201000009909;0;7;0;0;9;5;16;A01
201000009910;0;2;0;0;2;1;21;A01
201000009910;0;7;0;0;2;1;1;B02
201000009911;0;33;0;0;2;1;5;A01
201000009911;0;7;0;0;2;3;0;B02