num_acc;senc;catv;occutc;obs;obsm;choc;manv;num_veh
201000009912;0;7;0;0;2;2;15;A01
201000009912;0;7;0;0;2;3;1;B02
201000009913;0;7;0;0;2;2;1;B02
201000009913;0;7;0;0;2;2;1;A01
201000009914;0;7;0;0;0;1;1;A01
201000009914;0;7;0;0;2;1;1;B02
201000009915;0;7;0;0;2;3;13;A01
201000009915;0;7;0;0;2;3;1;B02
201000009916;0;1;0;0;0;1;15;B02
201000009916;0;7;0;0;0;1;1;A01
201000009917;0;30;0;15;0;1;1;A01
201000009918;0;7;0;0;0;1;15;A01
201000009918;0;30;0;0;2;1;1;B02
201000009919;0;7;0;0;2;8;1;C03
201000009919;0;7;0;0;2;3;18;A01
201000009919;0;15;0;0;2;2;12;B02
201000009920;0;33;0;0;0;0;1;A01
201000009921;0;7;0;13;0;8;0;A01
201000009922;0;7;0;0;2;1;23;B02
201000009922;0;2;0;14;0;1;16;A01
201000009923;0;7;0;0;2;3;19;B02
201000009923;0;2;0;0;2;7;1;A01
201000009924;0;7;0;0;1;1;16;A01
201000009925;0;7;0;0;1;1;1;A01
201000009926;0;31;0;0;0;8;1;A01
201000009927;0;7;0;0;2;4;1;B02
201000009927;0;7;0;0;2;1;2;A01
201000009928;0;7;0;3;2;8;13;A01
201000009928;0;14;0;0;2;1;1;B02
201000009929;0;10;0;0;0;0;0;A01
201000009929;0;1;0;0;0;0;0;B02
201000009930;0;7;0;0;0;2;1;A01
201000009931;0;20;0;0;2;3;1;B02
201000009931;0;7;0;0;2;3;13;A01
201000009932;0;7;0;0;1;2;1;A01
201000009933;0;7;0;0;2;1;1;B02
201000009933;0;7;0;0;2;1;15;A01
201000009934;0;7;0;0;2;2;1;B02
201000009934;0;7;0;0;2;2;1;A01
201000009935;0;7;0;2;0;9;2;A01
201000009936;0;31;0;0;9;1;1;A01
201000009937;0;7;0;2;0;7;1;A01
201000009938;0;7;0;13;0;1;1;A01
201000009939;0;7;0;2;0;9;1;A01
201000009940;0;7;0;0;1;2;1;A01
201000009941;0;7;0;0;2;8;15;A01
201000009941;0;30;0;0;2;1;1;B02
201000009942;0;7;0;9;0;2;1;A01
201000009943;0;7;0;2;0;2;14;A01
201000009944;0;37;0;0;2;7;1;B02
201000009944;0;7;0;0;2;1;19;A01
201000009945;0;1;0;0;2;8;11;A01
201000009945;0;10;0;0;9;1;17;B02
201000009946;0;2;0;0;2;1;1;A01
201000009946;0;17;0;0;2;3;1;B02
201000009947;0;7;0;0;2;1;15;A01
201000009947;0;7;0;0;2;6;1;B02
201000009948;0;7;0;0;2;3;1;A01
201000009948;0;7;0;0;2;1;1;B02
201000009949;2;7;0;0;1;1;13;A01
201000009950;0;7;0;0;9;3;1;A01
201000009950;0;32;0;0;2;8;19;B02
201000009951;0;7;0;0;2;1;2;A01
201000009951;0;33;0;0;2;4;23;B02
201000009952;0;7;0;0;2;3;0;B02
201000009952;0;7;0;0;2;3;13;A01
201000009953;0;2;0;0;0;8;1;B02
201000009953;0;7;0;0;0;3;15;A01
201000009954;0;1;0;0;2;1;19;B02
201000009954;0;7;0;0;2;7;15;A01
201000009955;0;21;0;0;2;6;5;B02
201000009955;0;31;0;0;2;3;5;A01
201000009956;0;10;0;0;1;2;1;A01
201000009957;0;10;0;0;2;1;0;D04
201000009957;0;7;0;0;2;8;13;B02
201000009957;0;7;0;0;2;3;13;A01
201000009957;0;7;0;13;0;0;21;C03
201000009958;0;7;0;0;1;1;1;A01
201000009959;0;7;0;2;0;3;1;B02
201000009959;0;7;0;0;2;3;13;A01
201000009960;0;10;0;0;1;1;1;A01
201000009961;0;33;0;13;0;1;15;A01
201000009962;0;7;0;6;0;3;16;A01
201000009963;0;7;0;0;2;2;13;A01
201000009963;0;10;0;0;2;2;1;B02
201000009964;0;7;0;0;2;2;15;A01
201000009964;0;33;0;0;2;1;1;B02
201000009965;0;7;0;0;2;1;1;C03
201000009965;0;7;0;0;2;4;1;A01
201000009965;0;7;0;0;2;9;1;B02
201000009966;0;33;0;16;0;1;1;A01
201000009967;0;38;1;0;2;1;0;A01
201000009967;0;30;0;0;0;8;19;B02
201000009968;0;10;0;16;0;9;1;A01
201000009969;0;33;0;0;2;3;1;A01
201000009969;0;10;0;0;2;7;16;B02
201000009970;0;7;0;0;2;8;1;B02
201000009970;0;7;0;0;2;1;19;A01
201000009971;0;7;0;0;2;1;0;B01
201000009971;0;7;0;0;2;8;0;A01
201000009972;0;7;0;0;0;1;1;A01
201000009972;0;33;0;0;0;4;1;B02
201000009973;0;7;0;2;0;3;1;A01
201000009974;0;33;0;0;6;1;1;A01
201000009975;0;10;0;0;1;3;1;A01
201000009976;0;10;0;12;0;9;14;A01
201000009977;0;7;0;0;2;1;1;A01
201000009977;0;2;0;0;0;4;23;C03
201000009977;0;7;0;0;0;5;23;B02
201000009978;0;30;0;0;2;1;1;B02
201000009978;0;7;0;0;2;2;15;A01
201000009979;0;7;0;0;2;2;15;B02
201000009979;0;30;0;0;2;1;1;A01
201000009980;0;7;0;8;2;1;1;B02
201000009980;0;7;0;13;2;1;13;A01
201000009981;0;7;0;0;5;1;1;A01
201000009982;0;1;0;0;2;8;19;B02
201000009982;0;7;0;0;2;1;1;A01
201000009983;0;30;0;1;0;1;13;A01
201000009984;0;7;0;13;0;1;1;A01
201000009985;0;7;0;0;9;3;1;A01
201000009985;0;1;0;0;2;9;9;B02
201000009986;0;10;0;0;1;1;1;A01
201000009987;0;7;0;0;2;2;17;A01
201000009987;0;7;0;0;2;2;15;B02
201000009988;0;7;0;0;2;3;1;B02
201000009988;0;30;0;0;2;1;1;A01
201000009989;0;7;0;2;0;1;13;A01
201000009990;0;30;0;0;2;1;1;A01
201000009990;0;7;0;0;0;8;10;B02
201000009991;0;7;0;0;2;2;1;B02
201000009991;0;1;0;0;2;8;19;A01
201000009992;0;7;0;0;2;3;1;A01
201000009992;0;7;0;0;2;1;5;B02
201000009993;0;1;0;0;2;1;1;A01
201000009993;0;7;0;0;2;3;0;B02
201000009994;0;7;0;2;0;1;1;A01
201000009995;0;33;0;14;0;1;1;A01
201000009996;0;7;0;2;0;3;1;A01
201000009997;0;7;0;2;0;6;1;A01
201000009998;0;7;0;0;1;1;1;A01
201000009999;0;1;0;0;2;2;1;B02
201000009999;0;7;0;0;9;8;24;A01
201000010000;0;7;0;0;2;7;13;A01
201000010000;0;7;0;0;2;1;1;B02
201000010001;0;7;0;0;2;3;1;B02
201000010001;0;7;0;0;2;1;20;A01
201000010002;0;7;0;0;2;1;1;A01
201000010002;0;7;0;0;2;3;1;B02
201000010002;0;7;0;0;2;1;5;C03
201000010003;0;10;0;0;2;1;2;A01
201000010003;0;7;0;0;0;4;23;B02
201000010004;0;30;0;15;0;1;1;A01
201000010005;0;15;0;0;0;1;1;A01
201000010005;0;1;0;0;2;7;16;B02
201000010006;0;7;0;0;2;3;1;A01
201000010006;0;7;0;0;2;1;21;B02
201000010007;0;33;0;0;2;2;17;A01
201000010007;0;7;0;0;2;3;1;B02
201000010008;0;7;0;2;0;1;17;A01
201000010009;0;7;0;9;0;2;1;A01
201000010010;0;1;0;0;2;2;1;A01
201000010010;0;99;0;0;2;7;1;B02
201000010011;0;1;0;0;2;2;15;B02
201000010011;0;38;2;0;9;3;1;A01
201000010012;0;1;0;0;0;3;2;B02
201000010012;0;7;0;0;6;2;16;A01
201000010013;0;7;0;0;2;1;1;A01
201000010013;0;7;0;0;2;7;19;B02
201000010014;0;33;0;1;0;0;18;A01
201000010014;0;7;0;0;0;4;0;B02
201000010015;0;33;0;0;0;8;13;A01
201000010015;0;7;0;0;0;3;1;B02
201000010016;0;7;0;8;0;8;0;A01
201000010017;0;7;0;0;2;5;15;A01
201000010017;0;31;0;0;2;7;1;B02
201000010018;0;37;0;0;2;5;15;B02
201000010018;0;7;0;0;2;1;1;A01
201000010019;0;7;0;0;2;1;17;A01
201000010019;0;7;0;0;2;1;1;C03
201000010019;0;2;0;0;2;1;1;B02
201000010020;0;7;0;0;0;9;1;A01
201000010021;0;7;0;0;2;1;1;B02
201000010021;0;7;0;0;2;1;13;A01
201000010022;0;7;0;0;2;8;1;A01
201000010022;0;30;0;0;2;1;1;B02
201000010023;0;33;0;7;0;0;14;A01
201000010024;0;1;0;0;2;1;1;A01
201000010024;0;7;0;0;2;5;1;B02
201000010025;0;32;0;0;2;1;1;B02
201000010025;0;7;0;0;2;3;15;A01
201000010026;0;1;0;0;2;4;2;B02
201000010026;0;7;0;0;2;1;2;A01
201000010027;0;15;0;0;0;5;16;A01
201000010027;0;2;0;1;0;1;2;B02
201000010028;0;7;0;0;2;3;1;B02
201000010028;0;7;0;0;2;8;1;C03
201000010028;0;10;0;0;2;3;1;A01
201000010029;0;7;0;2;0;7;13;A01
201000010030;0;2;0;0;2;8;13;B02
201000010030;0;7;0;0;2;3;15;A01
201000010031;0;33;0;0;0;3;1;A01
201000010032;0;7;0;0;6;3;21;A01
201000010033;0;7;0;0;2;3;1;A01
201000010033;0;7;0;0;2;3;13;B02
201000010034;0;7;0;13;0;2;14;A01
201000010035;0;7;0;0;2;3;13;A01
201000010036;0;7;0;0;2;3;15;B02
201000010036;0;7;0;0;0;0;1;A01
201000010037;0;1;0;0;1;1;18;A01
201000010038;0;7;0;0;0;6;10;A01
201000010038;0;31;0;0;2;1;1;B02
201000010039;0;33;0;3;2;1;1;A01
201000010039;0;7;0;0;2;3;1;B02
201000010040;0;33;0;0;2;7;17;A01
201000010041;0;31;0;0;0;3;1;A01
201000010042;0;14;0;6;0;2;1;A01
201000010043;0;7;0;2;0;8;21;A01
201000010044;0;33;0;0;2;1;17;B02
201000010044;0;7;0;0;2;1;10;A01
201000010045;0;7;0;13;0;1;1;A01
201000010046;0;7;0;0;2;3;1;B02
201000010046;0;33;0;0;2;1;1;A01
201000010047;0;33;0;13;0;3;1;A01
201000010048;0;7;0;0;2;1;1;A01
201000010048;0;7;0;0;2;7;1;B02
201000010049;0;7;0;2;0;2;21;A01
201000010049;0;7;0;0;0;0;17;B02
201000010050;2;2;0;0;2;0;20;A01
201000010050;0;2;0;0;2;0;2;A02
201000010051;0;2;0;13;0;1;1;A01
201000010052;0;7;0;0;2;3;13;A01
201000010052;0;33;0;0;2;0;17;B02
201000010053;0;7;0;0;2;3;10;A01
201000010053;0;33;0;0;2;1;1;B02
201000010054;0;7;0;0;9;3;1;A01
201000010054;0;1;0;0;0;0;0;B02
201000010055;0;33;0;0;2;0;13;A01
201000010056;0;7;0;6;0;3;16;A01
201000010057;0;7;0;0;2;8;1;A01
201000010057;0;7;0;9;2;2;19;B02
201000010058;0;2;0;0;2;1;1;B02
201000010058;0;7;0;0;2;3;9;A01
201000010059;0;2;0;0;2;1;18;B02
201000010059;0;10;0;0;2;5;15;A01
201000010060;0;7;0;0;2;1;17;B02
201000010060;0;21;0;0;2;8;15;A01
201000010061;0;7;0;2;0;1;0;A01
201000010062;1;7;0;0;0;0;0;B02
201000010062;0;1;0;0;0;5;1;A01
201000010063;0;7;0;1;2;4;1;A01
201000010063;0;7;0;0;2;1;1;B02
201000010064;0;33;0;0;2;8;1;A01
201000010064;0;7;0;0;2;8;1;B02
201000010065;0;14;0;0;2;3;21;B02
201000010065;0;7;0;0;2;3;21;A01
201000010066;0;33;0;0;6;0;21;A01
201000010067;0;21;0;16;0;1;14;A01
201000010068;0;33;0;0;0;3;1;A01
201000010069;0;33;0;0;0;1;1;A01
201000010070;0;7;0;0;0;6;0;A01
201000010071;0;7;0;0;2;3;5;B02
201000010071;0;7;0;0;2;3;5;A01
201000010072;0;7;0;2;0;2;1;A01
201000010073;0;7;0;0;1;8;1;A01
201000010074;0;33;0;0;2;4;2;A01
201000010074;0;7;0;0;2;1;2;B02
201000010075;0;7;0;6;0;2;1;A01
201000010076;1;14;0;0;1;0;0;A01
201000010077;0;7;0;0;1;3;1;A01
201000010078;0;7;0;2;0;8;1;A01
201000010079;0;7;0;0;0;3;24;A01
201000010080;0;10;0;0;2;1;19;A01
201000010080;0;7;0;0;2;3;1;B02
201000010081;0;10;0;0;0;2;15;A01
201000010081;0;2;0;0;0;7;1;B02
201000010082;0;7;0;0;2;3;1;B02
201000010082;0;7;0;0;2;3;19;A01
201000010083;0;33;0;3;0;3;1;A01
201000010084;0;7;0;2;0;3;13;A01
201000010085;0;31;0;14;0;7;1;A01
201000010086;0;3;0;0;1;2;14;A01
201000010087;0;7;0;0;2;1;1;B02
201000010087;0;7;0;0;2;2;13;A01
201000010088;0;7;0;2;0;3;1;A01
201000010089;0;7;0;0;1;7;17;A01
201000010090;0;7;0;0;2;3;0;B02
201000010090;0;33;0;0;2;3;0;A01
201000010091;0;2;0;0;0;3;1;B02
201000010091;0;7;0;0;2;3;1;A01
201000010092;0;7;0;0;2;8;1;B02
201000010092;0;33;0;0;2;8;13;A01
201000010093;1;30;0;0;0;0;0;A02
201000010093;0;1;0;0;0;3;1;A01
201000010094;0;10;0;0;2;8;15;A01
201000010094;0;33;0;0;2;1;1;B02
201000010095;0;7;0;0;2;7;13;A01
201000010095;0;7;0;0;2;1;1;B02
201000010096;0;7;0;15;0;2;1;A01
201000010097;0;7;0;2;0;1;1;A01
201000010098;0;7;0;0;2;3;1;A01
201000010098;0;2;0;0;2;8;15;B02
201000010099;0;1;0;0;0;6;19;B02
201000010099;0;30;0;0;2;3;1;A01
201000010100;0;7;0;0;2;3;1;A01
201000010100;0;1;0;0;0;4;19;B02
201000010101;0;33;0;0;6;2;1;A01
201000010102;0;7;0;0;2;1;1;A01
201000010102;0;7;0;0;0;8;19;B02
201000010103;0;10;0;0;2;1;1;A01
201000010103;0;7;0;0;2;7;1;B02
201000010104;0;7;0;0;2;8;9;A01
201000010104;0;1;0;0;2;1;1;B02
201000010105;0;7;0;0;2;3;15;A01
201000010105;0;33;0;0;2;1;17;B02
201000010106;0;7;0;0;0;1;1;B02
201000010106;0;1;0;0;2;1;13;A01
201000010107;0;33;0;0;2;7;21;A01
201000010107;0;10;0;0;2;1;9;B02
201000010108;0;7;0;0;2;2;13;A01
201000010108;0;10;0;0;2;2;21;B02
201000010109;0;10;0;0;0;3;0;B02
201000010109;0;33;0;0;2;1;1;A01
201000010110;0;7;0;0;1;1;1;A01
201000010111;0;7;0;0;0;7;1;A01
201000010111;0;1;0;0;2;1;19;B02
201000010112;0;7;0;0;1;3;1;A01
201000010113;0;14;0;0;1;2;1;A01
201000010114;0;31;0;0;2;1;1;A01
201000010114;0;17;0;0;2;7;15;B02
201000010115;0;10;0;0;2;1;1;A01
201000010115;0;1;0;0;2;7;19;B02
201000010116;0;7;0;0;1;7;1;A01
201000010117;0;33;0;0;2;3;1;A01
201000010117;0;33;0;0;2;1;1;B02
201000010118;0;10;0;0;2;3;1;A01
201000010118;0;1;0;0;2;2;0;B02
201000010119;0;33;0;0;2;3;13;B02
201000010119;0;7;0;0;2;2;2;A01
201000010120;0;7;0;0;2;6;15;A01
201000010120;0;1;0;0;2;2;1;B02
201000010121;0;31;0;0;2;2;17;A01
201000010121;0;7;0;0;2;6;13;B02
201000010122;0;33;0;8;0;1;1;A01
201000010123;0;33;0;0;2;2;3;B02
201000010123;0;7;0;0;2;3;15;A01
201000010124;0;1;0;0;2;3;13;A01
201000010124;0;7;0;0;2;3;21;B02
201000010125;0;7;0;0;0;7;15;A01
201000010125;0;31;0;0;2;1;1;B02
201000010126;0;7;0;0;2;2;17;B02
201000010126;0;7;0;0;2;9;1;A01
201000010127;0;7;0;6;0;1;1;A01
201000010128;0;30;0;0;0;1;1;A01
201000010129;0;7;0;6;0;3;13;A01
201000010130;0;7;0;2;0;8;13;A01
201000010131;0;7;0;0;2;2;1;B02
201000010131;0;33;0;0;2;1;16;A01
201000010132;0;7;0;0;2;3;1;B02
201000010132;0;7;0;0;2;3;13;A01
201000010133;0;7;0;0;2;1;1;A01
201000010133;0;3;0;0;2;8;15;B02
201000010134;0;7;0;0;2;3;1;A01
201000010134;0;7;0;0;2;1;1;C03
201000010134;0;7;0;0;2;3;1;B02
201000010135;0;7;0;0;0;7;1;E02
201000010135;0;7;0;0;2;1;13;A01
201000010135;0;7;0;0;0;2;1;D02
201000010135;0;7;0;0;0;8;1;C02
201000010135;0;7;0;0;2;1;1;B02
201000010136;0;7;0;0;0;2;14;A01
201000010137;0;7;0;0;2;3;1;A01
201000010137;0;7;0;0;2;3;13;B02
201000010138;0;7;0;13;0;1;1;A01
201000010139;0;30;0;5;0;1;1;A01
201000010140;0;7;0;13;0;3;13;A01
201000010141;0;7;0;2;0;2;1;A01
201000010142;0;7;0;0;2;7;1;A01
201000010142;0;7;0;0;2;1;1;B02
201000010143;0;10;0;0;0;9;1;A01
201000010144;0;7;0;2;0;4;1;A01
201000010145;0;33;0;0;2;1;1;A01
201000010145;0;7;0;0;2;2;15;B02
201000010146;0;30;0;7;0;2;1;A01
201000010147;0;7;0;16;0;2;1;A01
201000010148;0;7;0;2;0;9;1;A01
201000010149;0;2;0;0;2;1;17;A01
201000010149;0;7;0;0;2;8;22;B02
201000010150;0;7;0;2;0;7;1;A01
201000010151;0;7;0;0;2;3;1;B02
201000010151;0;7;0;0;2;2;15;A01
201000010152;0;20;0;0;2;3;1;A01
201000010152;0;7;0;0;2;1;1;B02
201000010153;0;7;0;2;0;5;1;A01
201000010154;0;30;0;0;2;1;1;B02
201000010154;0;7;0;0;2;2;15;A01
201000010155;0;7;0;0;2;7;15;A01
201000010155;0;30;0;0;2;1;1;B02
201000010156;0;7;0;0;2;1;1;B02
201000010156;0;10;0;0;2;2;15;A01
201000010157;0;7;0;2;0;1;1;A01
201000010158;0;7;0;0;2;1;1;B02
201000010158;0;7;0;0;2;2;15;A01
201000010159;0;7;0;13;0;1;6;A01
201000010160;0;2;0;0;2;1;1;B02
201000010160;0;7;0;0;2;2;1;A01
201000010161;0;33;0;0;0;8;1;A01
201000010162;0;7;0;2;0;1;13;A01
201000010163;0;14;0;0;2;1;1;B02
201000010163;0;7;0;0;2;7;23;A01
201000010164;0;7;0;12;0;1;1;A01
201000010165;0;7;0;3;0;9;1;A01
201000010166;0;17;0;0;2;2;1;A01
201000010166;0;7;0;7;2;5;19;B02
201000010166;0;7;0;0;0;8;1;C03
201000010167;0;7;0;0;2;1;1;B02
201000010167;0;7;0;0;2;1;13;A01
201000010168;0;7;0;0;0;1;1;A01
201000010168;0;7;0;0;0;7;19;B02
201000010169;0;7;0;0;2;1;1;B02
201000010169;0;7;0;0;2;1;13;A01
201000010169;0;7;0;0;2;8;1;C03
201000010170;0;7;0;0;2;1;1;B02
201000010170;0;10;0;0;2;3;1;A01
201000010171;0;7;0;0;0;1;1;A01
201000010172;0;17;0;0;0;2;2;A01
201000010172;0;21;0;0;0;6;2;B02
201000010173;0;7;0;0;2;5;20;B02
201000010173;0;30;0;0;2;1;1;A01
201000010174;0;7;0;0;2;2;1;A01
201000010174;0;7;0;0;2;8;15;B02
201000010175;0;7;0;0;2;1;2;A01
201000010175;0;7;0;0;2;4;23;B02
201000010175;0;7;0;0;2;7;23;C03
201000010176;0;7;0;16;0;9;0;A01
201000010177;0;10;0;0;2;2;17;A01
201000010177;0;7;0;0;2;6;1;B02
201000010178;0;1;0;0;2;1;1;B02
201000010178;0;7;0;0;2;1;9;A01
201000010179;0;30;0;14;0;9;1;A01
201000010180;0;7;0;0;0;1;1;A01
201000010181;0;30;0;0;0;0;19;B02
201000010181;0;33;0;0;2;0;21;A01
201000010182;0;7;0;6;0;8;1;A01
201000010183;0;7;0;0;2;1;1;B02
201000010183;0;7;0;0;2;7;13;A01
201000010184;0;7;0;2;0;7;1;A01
201000010185;0;7;0;0;0;4;2;B02
201000010185;0;7;0;0;2;1;2;A01
201000010186;0;7;0;0;2;1;23;A01
201000010186;0;1;0;0;2;7;1;B02
201000010187;0;7;0;0;1;3;1;A01
201000010188;0;7;0;2;0;1;17;A01
201000010189;0;7;0;16;0;9;17;A01
201000010190;0;7;0;0;1;7;1;A01
201000010191;0;2;0;8;0;1;1;A01
201000010192;0;7;0;0;2;1;1;B02
201000010192;0;7;0;0;2;8;19;A01
201000010193;0;7;0;0;2;5;17;A01
201000010193;0;2;0;0;2;8;1;B02
201000010194;0;7;0;0;2;1;2;B02
201000010194;0;7;0;0;0;4;23;A01
201000010195;0;7;0;2;0;7;19;A01
201000010196;0;7;0;0;1;3;1;A01
201000010197;0;10;0;0;2;1;21;B02
201000010197;0;10;0;13;2;1;1;A01
201000010198;0;7;0;0;2;3;1;B02
201000010198;0;7;0;0;2;3;13;A01
201000010199;0;15;0;0;1;3;1;A01
201000010200;0;7;0;2;0;1;1;A01
201000010201;0;7;0;0;2;3;1;B02
201000010201;0;7;0;0;2;3;13;A01
201000010202;0;7;0;0;2;3;1;C03
201000010202;0;7;0;0;2;6;1;B02
201000010202;0;7;0;0;2;2;1;D04
201000010202;0;7;0;0;2;3;3;A01
201000010203;0;7;0;0;5;4;1;B02
201000010203;0;7;0;0;0;1;1;A01
201000010204;0;33;0;1;2;1;13;A01
201000010204;0;10;0;0;0;1;1;B02
201000010205;0;7;0;0;5;2;1;B02
201000010205;0;7;0;0;2;5;1;A01
201000010206;0;7;0;0;2;2;15;B02
201000010206;0;7;0;0;2;9;1;A01
201000010207;0;7;0;0;2;1;1;B02
201000010207;0;2;0;0;0;4;1;A01
201000010208;0;7;0;0;2;9;1;B02
201000010208;0;7;0;0;0;0;17;A01
201000010209;0;7;0;0;2;1;1;A01
201000010209;0;7;0;0;2;4;1;C03
201000010209;0;7;0;0;2;4;1;D04
201000010209;0;7;0;0;0;4;23;B02
201000010210;0;7;0;0;2;3;1;B02
201000010210;0;7;0;0;2;3;13;A01
201000010211;0;7;0;0;2;3;15;B02
201000010211;0;33;0;0;2;1;17;A01
201000010212;0;7;0;0;0;5;23;B02
201000010212;0;7;0;14;0;1;1;A01
201000010212;0;33;0;0;0;4;23;C03
201000010213;0;7;0;0;2;3;15;B02
201000010213;0;30;0;0;2;3;1;A01
201000010214;0;2;0;0;2;1;1;B02
201000010214;0;7;0;0;2;7;15;A01
201000010215;0;7;0;2;0;7;1;A01
201000010216;0;7;0;0;2;6;1;A01
201000010216;0;1;0;0;2;1;1;B02
201000010217;0;7;0;0;1;7;1;A01
201000010218;0;1;0;0;2;1;1;B02
201000010218;0;7;0;0;2;7;1;A01
201000010219;0;7;0;1;1;1;1;A01
201000010220;0;36;0;13;0;1;1;A01
201000010221;0;7;0;13;0;1;1;A01
201000010222;0;33;0;0;2;1;1;B02
201000010222;0;7;0;0;2;1;1;A01
201000010223;0;1;0;0;2;8;1;B02
201000010223;0;7;0;0;2;2;17;A01
201000010224;0;33;0;0;2;7;13;A01
201000010224;0;7;0;0;0;1;15;B02
201000010225;0;7;0;2;0;9;1;A01
201000010226;0;33;0;0;0;0;1;A01
201000010227;0;1;0;0;2;4;1;B02
201000010227;2;7;0;0;2;1;1;A01
201000010228;0;7;0;0;2;3;1;B02
201000010228;0;30;0;0;2;5;16;A01
201000010229;0;33;0;13;0;9;14;A01
201000010230;0;7;0;0;1;6;1;A01
201000010231;0;33;0;0;0;7;13;A01
201000010232;0;33;0;0;0;7;15;A01
201000010233;0;33;0;0;2;7;1;B02
201000010233;0;7;0;0;2;2;9;A01
201000010234;0;7;0;0;1;2;21;A01
201000010235;0;7;0;0;0;8;0;B02
201000010235;0;33;0;0;2;1;13;A01
201000010236;0;7;0;0;0;6;1;B02
201000010236;0;33;0;0;2;1;13;A01
201000010236;0;7;0;0;0;1;1;C03
201000010237;0;33;0;3;0;1;16;A01
201000010238;0;33;0;3;0;1;1;A01
201000010239;0;7;0;0;1;3;1;A01
201000010240;0;7;0;2;0;8;14;A01
201000010241;0;7;0;0;0;2;1;B02
201000010241;0;7;0;0;2;3;13;A01
201000010242;0;7;0;6;2;2;17;A01
201000010242;0;1;0;0;2;1;1;B02
201000010242;0;1;0;0;2;1;1;C03
201000010243;0;7;0;15;0;1;21;A01
201000010244;0;30;0;6;0;1;14;A01
201000010245;0;7;0;0;2;3;19;B02
201000010245;0;33;0;0;2;2;1;A01
201000010246;0;7;0;0;0;5;15;A01
201000010246;0;2;0;0;2;1;1;B02
201000010247;0;7;0;3;0;2;1;A01
201000010248;0;30;0;0;2;1;13;B02
201000010248;0;7;0;0;2;3;1;A01
201000010249;0;10;0;0;1;2;1;A01
201000010250;0;7;0;0;1;1;1;A01
201000010251;0;7;0;12;0;1;1;A01
201000010252;0;7;0;2;0;1;1;A01
201000010253;0;7;0;2;0;1;13;A01
201000010254;0;33;0;16;0;1;1;A01
201000010255;0;7;0;2;0;3;13;A01
201000010256;0;7;0;0;2;8;1;B02
201000010256;0;7;0;0;2;3;13;A01
201000010257;0;10;0;0;2;9;0;B02
201000010257;0;10;0;0;2;1;0;A01
201000010258;0;21;0;0;2;1;19;A01
201000010258;0;1;0;0;2;2;1;B02
201000010259;0;7;0;0;2;3;1;B02
201000010259;0;7;0;0;2;6;15;A01
201000010260;0;7;0;0;2;8;15;A01
201000010260;0;7;0;0;2;1;1;B02
201000010261;0;10;0;0;1;2;1;A01
201000010262;0;33;0;13;0;3;0;A01
201000010263;0;2;0;0;6;8;19;A01
201000010264;0;31;0;0;2;1;1;B02
201000010264;0;31;0;0;2;4;13;A01
201000010265;0;10;0;8;2;1;1;A01
201000010265;0;7;0;2;2;8;19;B02
201000010266;0;10;0;0;2;2;1;B02
201000010266;0;7;0;0;0;3;1;A01
201000010267;1;10;0;0;1;7;1;A01
201000010268;0;1;0;0;2;1;21;B02
201000010268;0;7;0;0;2;3;23;A01
201000010269;0;7;0;0;2;8;1;A01
201000010269;0;1;0;0;2;1;16;B02
201000010270;0;7;0;0;2;8;1;B02
201000010270;0;7;0;2;2;8;13;A01
201000010271;0;7;0;0;2;3;13;A01
201000010271;0;7;0;0;2;3;21;B02
201000010272;0;21;0;0;2;5;15;A01
201000010272;0;33;0;0;2;1;1;B02
201000010273;0;7;0;0;1;3;1;A01
201000010274;0;10;0;0;2;3;13;A01
201000010274;0;15;0;0;2;8;21;B02
201000010275;0;2;0;0;2;1;1;A01
201000010275;0;7;0;0;2;3;1;B02
201000010276;0;7;0;0;1;2;1;A01
201000010277;0;7;0;13;0;1;1;A01
201000010278;0;2;0;0;2;1;1;B02
201000010278;0;3;0;0;2;3;15;A01
201000010279;0;30;0;10;0;1;1;A01
201000010280;0;21;0;0;1;1;1;A01
201000010281;0;15;0;0;2;6;24;B02
201000010281;0;7;0;0;2;2;2;A01
201000010282;0;14;0;7;0;1;1;A01
201000010283;0;30;0;0;2;1;1;B02
201000010283;0;21;0;0;2;0;23;C03
201000010283;0;10;0;0;2;3;15;A01
201000010284;0;7;0;0;2;3;1;A01
201000010284;0;7;0;0;2;3;15;B02
201000010285;0;7;0;0;2;1;1;B02
201000010285;0;7;0;0;2;7;15;A01
201000010286;0;7;0;0;2;3;13;A01
201000010286;0;15;0;0;2;3;1;B02
201000010287;0;7;0;0;2;1;1;A01
201000010287;0;7;0;0;2;1;1;B02
201000010288;0;7;0;16;0;9;1;A01
201000010289;0;7;0;0;2;1;17;A01
201000010289;0;15;0;0;2;3;1;C03
201000010289;0;7;0;0;2;1;1;B02
201000010290;0;7;0;0;1;3;1;A01
201000010291;0;7;0;0;2;3;1;A01
201000010291;0;7;0;0;2;3;1;B02
201000010292;0;7;0;0;0;3;13;A01
201000010292;0;7;0;0;0;1;1;B02
201000010293;0;30;0;8;0;1;1;A01
201000010294;0;30;0;0;2;1;1;B02
201000010294;0;7;0;0;2;8;9;A01
201000010295;0;10;0;0;2;3;1;A01
201000010295;0;7;0;0;2;8;15;B02
201000010296;0;7;0;0;2;1;2;A01