num_acc;senc;catv;occutc;obs;obsm;choc;manv;num_veh
201000010296;0;7;0;0;2;6;15;B02
201000010297;0;7;0;2;0;8;1;A01
201000010298;0;7;0;0;2;1;1;A01
201000010298;0;32;0;0;2;1;1;B02
201000010299;0;7;0;16;0;9;1;A01
201000010300;0;7;0;16;0;9;1;A01
201000010301;0;36;0;3;0;2;1;A01
201000010302;0;17;0;0;2;4;2;B02
201000010302;0;10;0;0;2;1;2;A01
201000010303;0;7;0;0;2;8;19;B02
201000010303;0;7;0;0;2;1;1;A01
201000010304;0;7;0;0;2;3;9;B02
201000010304;0;2;0;0;2;1;1;A01
201000010305;0;7;0;0;6;1;1;A01
201000010306;0;7;0;0;0;7;19;A01
201000010306;0;7;0;0;2;1;1;B02
201000010306;0;7;0;0;0;3;23;C03
201000010307;0;33;0;0;6;1;1;A01
201000010308;0;7;0;2;0;1;13;A01
201000010309;0;7;0;0;2;7;1;A01
201000010309;0;10;0;0;2;1;19;B02
201000010310;0;7;0;2;0;7;21;A01
201000010311;0;7;0;0;2;3;15;A01
201000010311;0;30;0;0;2;1;1;B02
201000010312;0;30;0;0;2;1;1;A01
201000010312;0;7;0;0;2;3;19;B02
201000010313;0;7;0;6;0;2;1;A01
201000010314;0;7;0;0;2;1;15;A01
201000010314;0;33;0;0;2;1;1;B02
201000010315;0;7;0;16;0;9;1;A01
201000010316;0;17;0;0;2;3;1;B02
201000010316;0;10;0;0;2;3;1;A01
201000010317;0;15;0;0;0;7;1;A01
201000010318;0;10;0;0;2;3;1;B02
201000010318;0;7;0;0;2;1;13;A01
201000010319;0;7;0;8;0;1;1;A01
201000010320;0;10;0;12;0;8;13;A01
201000010321;0;30;0;0;0;0;0;A01
201000010322;0;1;0;0;2;1;13;B02
201000010322;0;10;0;0;2;2;1;A01
201000010323;0;33;0;0;2;1;2;A01
201000010323;0;7;0;0;2;4;2;B02
201000010324;0;7;0;16;0;9;1;A01
201000010325;0;7;0;16;0;0;1;A01
201000010326;0;7;0;0;2;3;1;B02
201000010326;0;7;0;0;2;1;13;A01
201000010327;0;7;0;0;1;2;1;A01
201000010328;0;1;0;0;2;1;1;A01
201000010328;0;7;0;0;2;3;1;B02
201000010329;0;2;0;6;0;1;1;A01
201000010330;0;7;0;0;2;1;1;B02
201000010330;0;7;0;0;2;7;13;A01
201000010331;0;33;0;0;0;8;1;A01
201000010332;0;7;0;0;2;1;1;B02
201000010332;0;7;0;0;2;1;21;A01
201000010333;0;7;0;13;0;9;1;A01
201000010334;0;2;0;0;2;4;2;B02
201000010334;0;10;0;0;2;2;1;A01
201000010335;0;7;0;0;2;3;1;B02
201000010335;0;33;0;0;2;1;17;A01
201000010335;0;10;0;0;2;1;1;C03
201000010336;0;1;0;0;2;5;2;B02
201000010336;0;7;0;0;2;2;2;A01
201000010337;0;17;0;0;2;1;15;A01
201000010337;0;7;0;0;2;1;1;B02
201000010338;0;10;0;0;0;3;20;A01
201000010338;0;33;0;0;2;1;1;B02
201000010339;0;7;0;0;2;8;1;B02
201000010339;0;7;0;0;2;1;19;A01
201000010340;0;1;0;14;2;1;2;A01
201000010340;0;1;0;0;2;1;2;B02
201000010341;0;7;0;0;2;4;2;B02
201000010341;0;7;0;0;2;4;2;C03
201000010341;0;7;0;0;2;1;2;A01
201000010342;0;10;0;0;2;2;13;B02
201000010342;0;7;0;0;2;3;13;A01
201000010343;0;30;0;0;0;8;15;A01
201000010344;0;7;0;0;2;7;1;A01
201000010344;0;7;0;0;2;1;19;B02
201000010345;0;17;0;0;2;1;2;A01
201000010345;0;7;0;0;2;4;23;B02
201000010345;0;7;0;0;2;4;23;C03
201000010346;0;7;0;0;2;1;13;A01
201000010346;0;10;0;0;2;1;1;B02
201000010347;0;14;0;16;0;0;14;A01
201000010348;0;1;0;0;0;7;19;B02
201000010348;0;7;0;0;2;1;1;A01
201000010349;0;7;0;0;2;1;1;A01
201000010349;0;7;0;0;2;1;1;C03
201000010349;0;7;0;0;2;6;1;B02
201000010350;0;7;0;0;0;1;14;A01
201000010351;0;7;0;0;1;2;1;A01
201000010352;0;15;0;0;2;3;1;B02
201000010352;0;7;0;0;2;8;13;A01
201000010353;0;17;0;0;2;3;1;A01
201000010353;0;7;0;0;2;3;13;B02
201000010354;0;1;0;0;2;1;23;B02
201000010355;0;14;0;0;2;3;1;B02
201000010355;0;7;0;0;2;3;13;A01
201000010356;0;33;0;16;0;0;1;A01
201000010357;1;7;0;0;2;0;19;A01
201000010357;0;36;0;0;2;1;1;B02
201000010358;0;32;0;0;2;7;1;A01
201000010358;0;7;0;0;2;3;19;B02
201000010359;0;7;0;0;1;2;1;A01
201000010360;0;7;0;3;0;1;1;A01
201000010361;0;33;0;0;2;1;1;B02
201000010361;0;10;0;0;2;7;10;A01
201000010362;0;7;0;6;0;2;1;A01
201000010363;0;30;0;0;0;0;1;A01
201000010364;0;7;0;3;0;8;1;A01
201000010365;0;7;0;15;0;1;1;A01
201000010366;0;7;0;0;2;3;15;B02
201000010366;0;30;0;5;2;1;17;A01
201000010367;0;33;0;16;0;0;1;A01
201000010368;0;7;0;0;2;3;13;A01
201000010368;0;7;0;0;2;3;1;B02
201000010369;0;10;0;0;2;3;17;B02
201000010369;0;2;0;0;2;8;15;A01
201000010370;0;7;0;2;0;1;1;A01
201000010371;0;33;0;1;0;1;0;A01
201000010372;0;33;0;0;0;8;1;A01
201000010373;0;7;0;16;0;9;1;A01
201000010374;0;33;0;16;0;9;1;A01
201000010375;0;7;0;0;2;1;13;A01
201000010375;0;14;0;0;2;1;1;B02
201000010376;0;2;0;0;2;1;17;B02
201000010376;0;7;0;0;2;3;15;A01
201000010377;0;7;0;0;0;1;1;A01
201000010378;0;7;0;13;0;9;1;A01
201000010379;0;7;0;0;2;6;15;A01
201000010379;0;33;0;0;2;1;17;B02
201000010380;0;7;0;0;1;3;1;A01
201000010381;0;7;0;0;2;1;13;A01
201000010381;0;7;0;0;2;1;1;B02
201000010382;0;7;0;2;0;3;1;A01
201000010383;0;14;0;0;2;1;1;B02
201000010383;0;17;0;0;2;7;1;A01
201000010384;0;7;0;0;2;3;14;A01
201000010384;0;21;0;0;0;3;1;B02
201000010385;0;3;0;0;2;6;1;A01
201000010385;0;7;0;0;2;2;2;B02
201000010386;0;17;0;0;2;5;17;A01
201000010386;0;2;0;0;2;8;1;B02
201000010387;0;10;0;2;0;3;14;A01
201000010388;0;2;0;6;0;3;1;A01
201000010389;1;7;0;0;0;0;0;B01
201000010389;0;1;0;0;2;8;1;A01
201000010390;0;7;0;11;0;3;1;A01
201000010391;0;7;0;13;0;9;1;A01
201000010392;0;2;0;0;2;1;17;A01
201000010392;0;7;0;0;2;1;1;B02
201000010393;0;7;0;0;2;5;1;A01
201000010393;0;1;0;0;2;1;1;B02
201000010394;0;7;0;2;0;2;0;A01
201000010395;0;7;0;0;2;3;13;A01
201000010395;0;7;0;0;2;3;1;B02
201000010396;0;7;0;0;2;1;16;B02
201000010396;0;7;0;0;2;1;1;A01
201000010397;0;7;0;11;0;8;1;A01
201000010398;0;7;0;0;2;1;15;A01
201000010398;0;33;0;0;2;8;1;B02
201000010399;0;32;0;12;0;2;14;A01
201000010400;0;30;0;0;2;1;17;A01
201000010400;0;7;0;0;2;8;15;B02
201000010401;0;30;0;6;0;7;1;A01
201000010402;0;7;0;0;6;2;21;A01
201000010403;0;7;0;0;2;3;19;A01
201000010403;0;2;0;0;2;7;1;B02
201000010404;0;7;0;0;2;1;20;A01
201000010404;0;33;0;0;2;3;1;B02
201000010405;0;33;0;0;0;7;11;A01
201000010406;0;7;0;13;0;3;17;A01
201000010407;0;7;0;0;2;7;17;A01
201000010407;0;1;0;0;2;8;13;B02
201000010408;0;7;0;13;0;1;1;A01
201000010409;0;36;0;0;2;3;13;A01
201000010409;0;7;0;0;2;3;1;B02
201000010410;0;7;0;0;2;1;1;A01
201000010410;0;30;0;0;2;1;16;B02
201000010411;0;7;0;0;2;1;13;A01
201000010411;0;7;0;0;2;1;1;B02
201000010412;0;7;0;3;0;5;2;A01
201000010413;0;7;0;0;2;3;1;B02
201000010413;0;7;0;0;2;3;13;A01
201000010414;0;10;0;0;1;1;2;A01
201000010415;0;7;0;0;2;6;1;A01
201000010415;0;7;0;0;2;1;1;B02
201000010416;0;7;0;2;0;1;1;A01
201000010417;0;2;0;0;2;7;1;A01
201000010417;0;7;0;0;2;1;15;B02
201000010418;0;7;0;16;0;9;1;A01
201000010419;0;17;0;0;2;3;1;C03
201000010419;0;7;0;0;2;1;13;A01
201000010419;0;7;0;0;2;6;1;D04
201000010419;0;7;0;0;2;6;23;B02
201000010420;0;7;0;0;2;3;19;A01
201000010420;0;33;0;0;2;1;1;B02
201000010421;0;7;0;0;2;2;1;B02
201000010421;0;10;0;0;2;3;19;A01
201000010422;0;7;0;0;2;3;13;A01
201000010422;0;2;0;0;2;1;1;B02
201000010423;0;7;0;0;0;0;17;A01
201000010423;0;33;0;0;0;0;1;B02
201000010424;0;31;0;0;2;1;1;B02
201000010424;0;7;0;0;9;8;19;A01
201000010425;0;7;0;0;2;3;1;B02
201000010425;0;7;0;0;2;1;13;A01
201000010426;0;7;0;16;0;1;1;A01
201000010427;0;7;0;0;2;3;15;A01
201000010427;0;2;0;0;2;1;1;B02
201000010428;0;7;0;0;2;3;19;B02
201000010428;0;30;0;0;2;1;17;A01
201000010429;0;7;0;0;1;3;19;A01
201000010430;0;7;0;3;0;2;2;A01
201000010431;0;21;0;0;2;2;2;B02
201000010431;0;2;0;0;2;1;2;A01
201000010432;0;7;0;2;0;1;1;A01
201000010433;0;33;0;0;2;1;1;B02
201000010433;0;7;0;0;2;2;15;A01
201000010434;0;2;0;2;0;1;15;A01
201000010435;0;7;0;0;0;9;1;A01
201000010436;0;7;0;3;2;2;0;A01
201000010436;0;7;0;3;2;7;13;B02
201000010437;0;7;0;13;0;9;14;A01
201000010438;0;7;0;13;0;2;1;A01
201000010439;0;7;0;0;2;1;19;A01
201000010439;0;99;0;0;0;7;1;B02
201000010440;0;7;0;8;0;1;1;A01
201000010441;0;33;0;0;2;1;1;B02
201000010441;0;7;0;0;2;6;15;A01
201000010442;0;10;0;0;2;1;1;A01
201000010442;0;7;0;0;1;4;23;B02
201000010443;0;15;0;0;2;3;13;A01
201000010443;0;15;0;0;2;3;1;B02
201000010444;0;7;0;13;0;2;1;A01
201000010445;0;2;0;1;0;1;1;A01
201000010446;0;7;0;0;2;3;15;B02
201000010446;0;33;0;0;2;1;17;A01
201000010447;0;7;0;0;2;3;15;A01
201000010447;0;7;0;0;2;1;17;B02
201000010448;0;3;0;1;0;1;13;A01
201000010449;0;7;0;0;5;2;1;A01
201000010450;0;7;0;13;0;9;1;A01
201000010451;0;7;0;0;2;1;14;B02
201000010451;0;7;0;0;2;1;1;C03
201000010451;0;7;0;0;2;3;17;A01
201000010452;0;7;0;0;1;2;15;A01
201000010453;0;7;0;13;0;3;1;A01
201000010454;0;36;0;2;0;1;1;A01
201000010455;0;33;0;0;6;1;1;A01
201000010456;0;7;0;0;0;0;14;A01
201000010457;0;7;0;0;0;0;13;A01
201000010458;0;30;0;0;1;1;1;A01
201000010459;0;10;0;0;2;7;17;A01
201000010459;0;7;0;0;2;3;15;B02
201000010460;0;33;0;0;0;0;1;A01
201000010461;0;7;0;0;2;2;2;A01
201000010461;0;1;0;0;2;4;2;B02
201000010462;0;7;0;3;0;3;13;A01
201000010463;0;7;0;8;0;1;14;A01
201000010464;0;33;0;0;0;0;1;A01
201000010465;0;33;0;0;0;2;1;A01
201000010466;0;7;0;0;2;3;13;A01
201000010466;0;37;5;0;2;3;1;B02
201000010467;0;7;0;0;0;9;1;A01
201000010468;0;7;0;2;0;1;1;A01
201000010469;0;33;0;0;0;0;1;A01
201000010470;0;7;0;0;2;3;1;B02
201000010470;0;7;0;0;2;3;13;A01
201000010471;0;7;0;13;0;2;1;A01
201000010472;0;7;0;13;0;3;1;A01
201000010473;0;7;0;13;0;1;0;A01
201000010474;0;33;0;0;0;0;2;A01
201000010475;0;2;0;0;0;7;19;A01
201000010476;0;7;0;0;0;2;0;A01
201000010477;0;7;0;0;2;3;1;B02
201000010477;0;7;0;0;2;1;1;A01
201000010478;0;7;0;2;0;3;1;A01
201000010479;0;7;0;2;0;2;14;A01
201000010480;0;7;0;7;0;1;1;A01
201000010481;0;7;0;0;2;7;13;A01
201000010481;0;7;0;0;2;6;1;B02
201000010481;0;7;0;0;2;1;1;C03
201000010482;0;7;0;0;2;1;13;A01
201000010482;0;7;0;0;2;3;9;B02
201000010483;0;7;0;13;0;3;1;A01
201000010484;0;7;0;0;0;9;14;A01
201000010485;0;7;0;0;2;1;1;B02
201000010485;0;7;0;0;2;6;9;A01
201000010486;0;7;0;0;1;4;4;A01
201000010487;0;7;0;13;0;1;1;A01
201000010488;0;7;0;16;0;9;0;A01
201000010489;0;7;0;13;0;2;13;A01
201000010490;0;33;0;0;0;0;1;A01
201000010491;0;21;0;0;2;3;1;B02
201000010491;0;7;0;0;2;3;1;A01
201000010492;0;7;0;0;2;7;13;B02
201000010492;0;30;0;0;2;8;15;A01
201000010493;0;7;0;7;0;1;14;A01
201000010494;1;7;0;0;0;0;17;C03
201000010494;0;7;0;0;2;3;1;B02
201000010494;0;10;0;0;2;3;13;A01
201000010495;0;7;0;0;2;3;1;A01
201000010495;0;2;0;0;2;1;1;B02
201000010496;0;33;0;0;2;7;17;B02
201000010496;0;7;0;0;2;3;15;A01
201000010497;0;7;0;0;2;6;15;A01
201000010497;0;33;0;0;2;2;17;B02
201000010498;0;7;0;0;2;2;9;A01
201000010498;0;7;0;0;2;3;1;B02
201000010499;0;7;0;2;0;7;1;A01
201000010500;0;10;0;6;0;1;1;A01
201000010501;0;7;0;0;2;1;1;B02
201000010501;0;7;0;0;2;1;13;A01
201000010502;0;99;0;11;0;1;1;A01
201000010503;0;2;0;0;2;1;5;A01
201000010503;0;7;0;0;2;1;1;B02
201000010504;0;7;0;0;2;7;19;A01
201000010504;0;17;0;0;2;1;1;B02
201000010505;0;7;0;1;0;2;1;A01
201000010505;0;17;0;0;0;6;24;B02
201000010506;0;30;0;0;1;1;1;A01
201000010507;0;2;0;8;0;1;1;A01
201000010508;0;7;0;0;2;1;5;A01
201000010508;0;7;0;0;2;1;1;B02
201000010509;0;7;0;0;2;6;15;B02
201000010509;0;33;0;0;2;1;17;A01
201000010510;0;33;0;0;0;1;0;A01
201000010511;0;7;0;0;2;1;1;A01
201000010511;0;7;0;0;2;8;15;B02
201000010512;0;7;0;2;0;1;0;A01
201000010513;0;33;0;4;2;1;13;A01
201000010513;0;7;0;0;2;2;1;B02
201000010514;0;2;0;0;2;1;17;A01
201000010514;0;10;0;0;2;8;9;B02
201000010515;0;7;0;0;2;2;1;A01
201000010515;0;1;0;0;2;4;1;B02
201000010515;0;1;0;0;2;4;1;C03
201000010516;0;7;0;13;0;1;13;A01
201000010517;0;7;0;0;1;8;1;A01
201000010518;0;7;0;0;2;2;15;B02
201000010518;0;31;0;0;2;1;1;A01
201000010519;0;33;0;0;0;2;1;A01
201000010520;0;7;0;2;0;6;1;A01
201000010521;0;7;0;2;0;7;1;A01
201000010522;0;7;0;13;0;2;1;A01
201000010523;0;7;0;0;2;2;16;A01
201000010523;0;7;0;0;2;3;1;B02
201000010524;0;2;0;0;2;1;1;B02
201000010524;0;7;0;0;2;2;15;A01
201000010525;0;7;0;9;1;1;1;A01
201000010526;0;7;0;2;0;2;14;A01
201000010527;0;7;0;16;0;2;21;A01
201000010528;0;7;0;0;2;1;0;B02
201000010528;0;10;0;0;2;1;13;A01
201000010529;0;10;0;0;0;0;23;C03
201000010529;0;30;0;0;2;3;1;A01
201000010529;0;21;0;0;2;4;17;B02
201000010530;0;7;0;8;0;1;15;A01
201000010531;0;7;0;0;2;1;2;A01
201000010531;0;15;0;0;2;4;2;B02
201000010531;0;10;0;0;0;0;20;C03
201000010532;0;7;0;0;2;1;1;B02
201000010532;0;33;0;0;2;1;13;A01
201000010533;0;7;0;0;2;3;15;A01
201000010533;0;7;0;0;2;3;1;B02
201000010534;0;38;1;0;1;2;1;A01
201000010535;0;7;0;0;2;1;19;A01
201000010535;0;7;0;0;2;7;1;B02
201000010536;0;33;0;0;2;1;1;B02
201000010536;0;7;0;0;2;8;15;A01
201000010537;0;31;0;0;0;7;1;A01
201000010538;0;7;0;13;0;3;1;A01
201000010539;0;7;0;8;0;1;1;A01
201000010540;0;7;0;16;0;2;1;A01
201000010541;0;7;0;7;2;2;15;A01
201000010541;0;7;0;0;2;3;1;B02
201000010541;0;7;0;0;0;8;2;C03
201000010542;0;7;0;0;2;2;9;A01
201000010542;0;2;0;0;2;1;1;B02
201000010543;0;7;0;0;2;3;13;A01
201000010543;0;7;0;0;2;3;1;B02
201000010544;0;7;0;0;2;3;1;B02
201000010544;0;30;0;0;2;1;1;A01
201000010545;0;7;0;2;0;2;1;A01
201000010546;0;7;0;0;2;3;13;A01
201000010546;0;7;0;0;2;1;1;B02
201000010547;0;7;0;0;2;3;15;A01
201000010547;0;2;0;0;2;8;15;B02
201000010548;0;30;0;6;0;2;1;A01
201000010549;0;7;0;0;0;0;0;A01
201000010550;0;10;0;0;2;1;1;B02
201000010550;0;33;0;0;2;1;13;A01
201000010551;0;30;0;12;0;1;1;A01
201000010552;0;7;0;16;2;3;13;A01
201000010552;0;7;0;16;2;3;1;B02
201000010553;0;2;0;12;0;2;1;A01
201000010554;0;7;0;0;9;2;19;A01
201000010554;0;1;0;0;0;1;23;C02
201000010554;0;7;0;0;0;1;1;B02
201000010555;0;30;0;0;2;0;2;A01
201000010556;0;37;1;0;1;7;24;A01
201000010557;0;7;0;0;0;1;1;A01
201000010558;0;7;0;0;0;8;1;A01
201000010558;0;7;0;0;2;0;13;B02
201000010559;0;15;0;0;0;3;1;A01
201000010559;0;7;0;0;0;3;13;B02
201000010560;0;7;0;0;2;3;13;A01
201000010560;0;17;0;0;2;3;1;B02
201000010561;0;7;0;6;0;7;1;A01
201000010562;0;7;0;0;2;1;17;A01
201000010562;0;38;24;0;2;2;1;B02
201000010562;0;7;0;0;2;6;21;C03
201000010563;0;7;0;8;0;1;1;A01
201000010564;0;21;0;0;0;8;15;B02
201000010564;0;7;0;0;0;1;17;A01
201000010565;0;31;0;6;0;1;13;A01
201000010566;0;7;0;0;2;1;13;A01
201000010566;0;7;0;0;2;1;1;B02
201000010567;0;7;0;2;0;1;13;A01
201000010568;0;7;0;0;2;1;2;A01
201000010568;0;21;0;0;0;4;2;B02
201000010569;0;7;0;0;2;1;15;A01
201000010569;0;7;0;0;2;1;1;B02
201000010570;0;33;0;0;0;1;14;A01
201000010571;0;7;0;0;0;7;14;A01
201000010572;0;7;0;0;2;3;1;A01
201000010572;0;21;0;0;2;3;1;B02
201000010573;0;36;0;0;0;0;16;A01
201000010574;0;7;0;0;2;3;21;A01
201000010574;0;7;0;0;2;1;1;B02
201000010574;0;7;0;0;2;2;13;C03
201000010575;0;7;0;0;2;1;0;A01
201000010575;0;7;0;0;2;7;13;B02
201000010576;0;33;0;0;6;1;1;A01
201000010577;0;7;0;0;2;1;1;A01
201000010577;0;7;0;0;2;1;1;B02
201000010578;0;31;0;0;2;4;1;B02
201000010578;0;31;0;0;2;1;1;A01
201000010579;0;33;0;0;6;2;1;A01
201000010580;0;7;0;0;2;1;13;B02
201000010580;0;7;0;0;2;8;10;A01
201000010581;0;7;0;0;2;3;1;A01
201000010581;0;7;0;0;2;2;19;B02
201000010582;0;31;0;0;0;7;1;A01
201000010583;0;7;0;0;0;3;1;A01
201000010583;0;7;0;0;0;3;0;B02
201000010584;0;33;0;13;0;1;14;A01
201000010585;0;7;0;2;0;2;5;A01
201000010586;0;7;0;0;2;1;2;A01
201000010586;0;7;0;0;2;4;2;B02
201000010587;0;7;0;16;0;1;1;A01
201000010588;0;7;0;0;2;3;13;A01
201000010588;0;7;0;0;2;1;1;B02
201000010589;0;7;0;0;2;2;13;A01
201000010589;0;7;0;0;2;2;1;B02
201000010590;0;33;0;16;0;8;1;A01
201000010591;0;7;0;0;2;3;1;A01
201000010591;0;7;0;0;2;3;21;B02
201000010592;0;7;0;0;2;7;19;A01
201000010592;0;30;0;0;2;1;1;B02
201000010593;0;7;0;13;0;9;1;A01
201000010594;0;7;0;2;0;1;13;A01
201000010595;0;7;0;0;1;2;1;A01
201000010596;0;10;0;0;0;3;1;A01
201000010597;0;7;0;0;2;2;15;A01
201000010597;0;7;0;0;2;8;1;B02
201000010598;0;7;0;8;0;8;2;A01
201000010599;0;7;0;13;0;1;1;A01
201000010600;0;17;0;0;2;3;13;A01
201000010600;0;17;0;0;2;3;1;B02
201000010601;0;7;0;0;0;2;1;A01
201000010602;0;10;0;0;0;3;19;A01
201000010602;0;14;0;0;0;1;1;B02
201000010603;0;7;0;0;0;7;16;B02
201000010603;0;7;0;0;2;8;18;A01
201000010603;0;7;0;0;0;8;23;C03
201000010604;0;7;0;0;2;1;1;B02
201000010605;0;7;0;0;2;5;1;A01
201000010605;0;33;0;0;2;1;1;B02
201000010606;0;7;0;0;2;1;15;A01
201000010606;0;7;0;0;2;1;1;B02
201000010607;0;7;0;0;2;8;15;A01
201000010607;0;7;0;0;2;1;1;B02
201000010608;0;33;0;13;0;9;1;A01
201000010609;0;2;0;0;0;0;1;A01
201000010610;0;31;0;2;0;1;1;A01
201000010611;0;7;0;2;0;4;14;A01
201000010612;0;7;0;0;2;4;23;B02
201000010612;0;7;0;1;0;9;19;A01
201000010613;0;7;0;13;0;7;21;A01
201000010614;0;7;0;2;0;1;13;A01
201000010615;0;7;0;13;0;1;1;A01
201000010616;0;7;0;0;0;0;21;B02
201000010616;0;7;0;13;0;1;21;A01
201000010617;0;7;0;6;0;1;13;A01
201000010618;0;7;0;0;1;3;1;A01
201000010619;0;7;0;0;2;3;1;A01
201000010619;0;7;0;0;2;1;19;B02
201000010620;0;30;0;0;0;1;0;B02
201000010620;0;7;0;0;0;3;0;A01
201000010621;0;7;0;0;2;3;13;A01
201000010621;0;7;0;0;2;3;1;C03
201000010621;0;7;0;0;2;8;1;B02
201000010622;0;10;0;0;2;3;17;A01
201000010622;0;7;0;0;2;3;1;B02
201000010623;0;14;0;0;2;1;2;A01
201000010623;0;7;0;0;2;4;2;C03
201000010623;0;7;0;0;2;4;2;B02
201000010624;0;7;0;6;0;2;1;A01
201000010625;0;7;0;0;1;2;1;A01
201000010626;0;7;0;0;2;3;1;B02
201000010626;0;7;0;0;2;5;20;A01
201000010627;0;14;0;0;2;1;1;A01
201000010627;0;7;0;0;2;8;19;B02
201000010628;0;7;0;0;0;4;2;B02
201000010628;0;33;0;0;2;1;2;A01
201000010629;0;2;0;6;0;1;17;A01
201000010630;0;2;0;14;0;1;1;A01
201000010631;0;7;0;0;1;7;13;A01
201000010632;0;17;0;8;0;0;1;A01
201000010633;0;7;0;0;2;2;21;C03
201000010633;0;7;0;0;2;3;13;A01
201000010633;0;15;0;0;2;3;21;B02
201000010634;0;7;0;0;0;2;0;B02
201000010634;0;2;0;0;2;1;13;A01
201000010635;0;30;0;0;2;1;21;B02
201000010635;0;7;0;0;2;6;24;C03
201000010635;0;30;0;1;0;1;14;A01
201000010636;0;7;0;0;0;3;13;A01
201000010636;0;7;0;0;2;1;21;B02
201000010637;0;31;0;0;6;1;1;A01
201000010638;0;7;0;0;2;5;1;B02
201000010638;0;7;0;8;2;1;17;A01
201000010639;0;7;0;0;1;3;1;A01
201000010640;0;10;0;2;0;3;1;A01
201000010641;0;7;0;0;2;8;13;A01
201000010641;0;7;0;0;2;7;17;B02
201000010641;0;7;0;0;2;6;1;C03
201000010642;0;7;0;2;0;3;1;A01
201000010643;0;7;0;16;0;1;1;A01
201000010644;0;10;0;13;0;1;1;A01
201000010645;0;2;0;0;2;8;1;B02
201000010645;0;7;0;0;9;3;15;A01
201000010646;0;7;0;0;2;1;1;B02
201000010646;0;7;0;0;2;7;13;A01
201000010647;0;7;0;0;1;6;4;A01
201000010648;0;7;0;3;2;7;1;A01
201000010648;0;17;0;0;2;3;1;B02
201000010649;0;7;0;0;1;2;1;A01
201000010650;1;7;0;0;2;3;13;A01
201000010650;0;2;0;0;2;1;1;B02
201000010651;0;7;0;13;0;4;1;A01
201000010652;0;7;0;0;0;5;15;A01
201000010652;0;30;0;0;0;1;17;B02
201000010653;0;7;0;0;2;8;9;A01
201000010653;0;7;0;0;2;1;1;B02
201000010654;0;7;0;0;2;8;13;A01
201000010654;0;15;0;0;2;3;1;B02
201000010655;0;7;0;0;2;2;9;B02
201000010655;0;30;0;0;2;1;1;A01
201000010656;0;30;0;0;2;1;1;B02
201000010656;0;7;0;0;2;3;15;A01
201000010657;0;10;0;0;2;2;12;B02
201000010657;0;10;0;3;0;1;0;A01
201000010658;0;7;0;7;0;1;1;A01
201000010659;0;7;0;0;1;2;1;B02
201000010659;0;10;0;6;0;8;1;A01
201000010660;0;7;0;5;0;1;1;B02
201000010660;0;17;0;3;0;3;1;A01
201000010660;0;10;0;5;0;1;1;C03
201000010661;0;7;0;16;2;7;17;A01
201000010661;0;10;0;16;2;8;1;B02
201000010662;0;7;0;13;0;9;1;A01
201000010663;0;17;0;0;2;4;2;B02
201000010663;0;17;0;0;2;4;2;C03
201000010663;0;10;0;0;2;1;2;A01
201000010664;0;7;0;16;0;9;1;A01
201000010665;0;7;0;0;1;5;20;A01
201000010666;0;7;0;0;2;4;2;B02
201000010666;0;10;0;0;2;1;2;A01
201000010667;0;7;0;13;0;1;2;A01
201000010668;0;10;0;13;0;1;14;A01
201000010669;0;7;0;4;6;1;17;A01
201000010670;0;7;0;4;0;3;1;A01
201000010671;0;10;0;0;2;1;2;A01
201000010671;0;15;0;0;0;4;2;B02
201000010672;0;15;0;1;0;2;14;A01
201000010673;0;7;0;14;0;1;2;B02
201000010673;0;7;0;14;0;3;21;C03
201000010673;0;7;0;4;0;4;1;A01
201000010673;0;7;0;3;2;8;21;D04
201000010674;0;7;0;5;0;9;1;A01
201000010675;0;7;0;0;2;1;2;A01
201000010675;0;7;0;0;2;4;2;B02
201000010676;0;7;0;0;2;1;2;B02
201000010676;0;7;0;3;0;4;1;A01
201000010677;0;7;0;3;0;1;2;A01
201000010678;0;7;0;4;0;3;2;A01
201000010679;0;7;0;6;0;7;1;A01
201000010680;0;33;0;13;0;1;1;A01
201000010681;0;1;0;0;0;8;15;A01
201000010681;0;7;0;0;2;1;1;B02
201000010682;0;7;0;0;0;4;2;B01
201000010682;0;7;0;0;2;1;2;A01
201000010683;0;32;0;0;2;1;17;A01
201000010683;0;7;0;0;2;1;1;B02
201000010684;0;31;0;0;0;1;2;A01
201000010685;0;33;0;16;0;1;1;A01
201000010686;0;2;0;0;2;0;21;A01
201000010686;0;3;0;0;9;0;21;B01
201000010687;0;7;0;0;2;3;1;B02
201000010687;0;7;0;0;2;3;1;A01
201000010688;0;30;0;0;2;1;1;B02
201000010688;0;30;0;0;2;1;1;A01
201000010689;0;33;0;0;0;0;0;A01
201000010690;0;36;0;0;2;8;19;A01
201000010690;0;7;0;0;9;8;1;B02
201000010691;0;33;0;13;0;9;1;A01
201000010692;0;7;0;0;0;7;15;A01
201000010692;0;33;0;0;2;1;1;B02
201000010693;0;7;0;2;0;1;1;A01
201000010694;0;7;0;0;0;3;13;A01
201000010695;0;1;0;0;2;7;14;B02
201000010695;0;30;0;0;9;8;1;A01
201000010696;0;30;0;6;0;1;1;A01
201000010697;0;14;0;13;0;1;1;A01
201000010698;0;7;0;6;0;2;1;A01
201000010699;0;7;0;0;2;3;1;B02
201000010699;0;7;0;0;2;7;13;A01