num_acc;senc;catv;occutc;obs;obsm;choc;manv;num_veh
201000010700;0;30;0;0;2;1;1;B01
201000010700;0;7;0;0;2;3;19;A02
201000010701;0;7;0;0;2;3;15;A01
201000010701;0;2;0;0;2;1;1;B02
201000010702;0;7;0;0;1;7;1;A01
201000010703;0;7;0;2;0;1;1;A01
201000010704;0;7;0;0;6;0;0;A01
201000010705;0;7;0;0;1;2;1;A01
201000010706;0;7;0;0;1;2;1;A01
201000010707;0;7;0;0;2;3;0;B02
201000010707;0;7;0;0;2;3;13;A01
201000010708;0;2;0;15;0;1;19;A01
201000010709;0;7;0;0;2;2;1;A01
201000010709;0;30;0;0;0;0;0;B02
201000010710;1;7;0;0;0;0;2;B01
201000010710;0;1;0;0;2;4;1;A01
201000010711;0;7;0;2;0;1;1;A01
201000010712;0;7;0;0;2;9;17;A01
201000010712;0;7;0;0;2;3;17;B02
201000010713;0;10;0;0;1;7;1;A01
201000010714;0;2;0;0;2;7;13;A01
201000010714;0;33;0;0;0;7;1;B02
201000010715;0;30;0;16;0;0;1;A01
201000010716;0;7;0;0;2;2;1;A01
201000010716;0;7;0;0;2;1;15;B02
201000010717;0;7;0;0;2;1;1;A01
201000010717;0;7;0;0;0;6;15;B02
201000010718;0;7;0;0;2;7;19;A01
201000010718;0;7;0;0;2;1;1;B02
201000010719;0;7;0;0;2;1;1;B02
201000010719;0;31;0;0;2;1;1;A01
201000010720;0;7;0;3;0;1;1;A01
201000010721;0;7;0;13;2;3;1;C03
201000010721;0;15;0;0;2;8;1;B02
201000010721;0;7;0;0;2;3;1;A01
201000010722;0;33;0;0;0;0;1;A01
201000010723;0;33;0;0;2;1;19;B02
201000010723;0;7;0;0;2;7;1;A01
201000010724;0;7;0;0;2;3;1;B02
201000010724;0;7;0;0;2;3;13;A01
201000010725;0;7;0;13;0;3;13;A01
201000010726;0;7;0;2;0;1;13;A01
201000010727;0;31;0;0;0;7;1;A01
201000010728;0;7;0;0;0;0;1;A01
201000010728;0;7;0;0;2;3;16;B02
201000010729;0;7;0;0;0;0;1;B02
201000010729;0;33;0;0;0;0;2;A01
201000010730;0;7;0;0;2;1;13;A01
201000010730;0;7;0;0;2;1;1;B02
201000010731;0;33;0;13;0;1;1;A01
201000010732;0;7;0;0;2;2;13;A01
201000010732;0;17;0;0;2;3;1;B02
201000010733;0;7;0;0;2;1;1;B01
201000010733;0;17;0;0;2;8;10;A01
201000010734;0;7;0;0;2;1;1;A01
201000010734;0;7;0;0;2;6;10;B02
201000010735;0;7;0;0;2;8;1;B02
201000010735;0;7;0;0;2;8;13;A01
201000010736;0;7;0;8;0;9;1;A01
201000010737;0;10;0;13;0;3;1;A01
201000010738;0;7;0;0;2;1;2;A01
201000010738;0;7;0;0;0;4;1;B02
201000010739;0;33;0;0;0;0;1;A01
201000010740;0;7;0;0;2;3;15;A01
201000010740;0;7;0;0;2;3;1;B02
201000010741;0;7;0;0;0;3;1;B02
201000010741;0;7;0;0;0;3;13;A01
201000010742;0;31;0;16;0;1;1;A01
201000010743;0;33;0;9;0;1;1;A01
201000010744;0;1;0;6;0;1;1;A01
201000010745;2;10;0;0;2;1;1;B02
201000010745;0;7;0;0;2;2;1;A01
201000010746;0;33;0;0;2;1;1;B02
201000010746;0;7;0;0;2;8;1;A01
201000010746;0;33;0;0;2;1;1;C03
201000010747;0;7;0;0;2;2;19;B02
201000010747;0;2;0;0;2;5;15;A01
201000010748;0;31;0;0;2;1;1;A01
201000010748;0;7;0;0;2;4;1;B02
201000010749;0;7;0;0;2;1;2;C01
201000010749;0;7;0;0;2;4;2;B01
201000010750;0;7;0;0;2;0;13;A01
201000010750;0;7;0;0;2;0;1;B01
201000010751;0;7;0;0;2;1;1;A01
201000010751;0;7;0;15;2;6;19;B02
201000010752;0;33;0;8;0;8;1;A01
201000010753;0;7;0;0;2;1;13;A01
201000010753;0;10;0;0;2;1;1;B02
201000010754;0;7;0;0;2;1;1;B02
201000010754;0;7;0;0;2;2;13;A01
201000010755;0;10;0;13;0;2;1;A01
201000010756;0;7;0;8;0;1;1;A01
201000010757;0;7;0;0;2;1;1;A01
201000010757;0;10;0;0;2;1;13;B02
201000010758;0;7;0;0;2;1;13;A01
201000010758;0;7;0;0;2;1;1;B02
201000010759;0;36;0;13;0;1;0;A01
201000010760;0;7;0;0;1;2;9;A01
201000010761;0;7;0;0;2;2;2;A01
201000010761;0;1;0;0;0;4;2;B02
201000010762;0;7;0;0;2;1;0;A01
201000010762;0;7;0;0;2;1;0;B01
201000010763;0;7;0;8;0;2;13;A01
201000010764;0;7;0;0;2;8;15;A01
201000010764;0;7;0;0;2;1;1;B02
201000010765;0;7;0;0;1;3;21;A01
201000010766;0;7;0;6;0;1;18;A01
201000010767;0;33;0;0;2;1;2;A01
201000010767;0;10;0;0;2;4;9;B02
201000010768;0;7;0;15;0;2;1;A01
201000010769;0;10;0;0;1;2;1;A01
201000010770;0;7;0;5;0;3;21;A01
201000010771;0;99;0;6;1;3;13;B02
201000010772;0;7;0;0;2;2;2;B02
201000010772;0;30;0;0;2;8;15;A01
201000010773;0;2;0;12;0;0;1;A01
201000010774;0;7;0;0;2;2;1;A01
201000010774;0;30;0;0;2;8;15;B02
201000010775;0;7;0;0;0;3;15;A01
201000010775;0;2;0;0;0;1;1;B02
201000010776;0;7;0;6;0;1;14;A01
201000010777;0;7;0;0;2;3;1;A02
201000010778;0;10;0;2;0;2;1;A01
201000010779;0;7;0;0;2;3;1;B02
201000010779;0;17;0;0;2;8;1;C03
201000010779;0;7;0;0;2;3;17;A01
201000010780;0;7;0;0;2;3;0;B02
201000010780;0;7;0;0;2;1;17;A01
201000010781;0;33;0;0;2;1;1;B01
201000010781;0;17;0;0;9;7;15;A01
201000010782;0;7;0;0;2;7;19;A02
201000010782;0;7;0;0;2;1;1;B01
201000010783;0;7;0;13;0;2;13;A01
201000010784;0;7;0;13;0;1;19;A01
201000010785;0;7;0;16;0;9;14;A01
201000010786;0;7;0;0;1;2;1;A01
201000010787;0;7;0;0;1;1;17;A01
201000010788;0;33;0;0;2;0;1;B01
201000010788;0;7;0;0;2;0;15;A01
201000010789;0;30;0;0;0;1;15;A01
201000010789;0;7;0;0;0;8;1;B02
201000010790;0;30;0;0;2;1;13;A01
201000010790;0;7;0;0;2;3;1;B02
201000010791;0;7;0;0;0;8;0;A01
201000010792;0;3;0;13;0;3;1;A01
201000010793;0;7;0;2;0;8;1;A01
201000010794;0;7;0;0;2;1;19;B02
201000010794;0;17;0;0;2;2;1;A01
201000010795;0;10;0;0;2;1;15;B02
201000010795;0;2;0;0;2;0;1;A01
201000010796;0;7;0;0;1;1;1;A01
201000010797;0;7;0;0;2;2;1;A01
201000010797;0;7;0;0;2;2;1;B02
201000010798;0;7;0;0;2;2;1;B02
201000010798;0;33;0;0;2;1;13;A01
201000010799;0;7;0;2;0;3;1;A01
201000010800;0;10;0;0;2;3;0;B02
201000010800;0;14;0;0;2;3;0;A01
201000010801;0;7;0;13;0;1;17;A01
201000010802;0;33;0;0;0;0;1;A01
201000010803;0;7;0;0;0;2;1;A01
201000010804;0;30;0;3;0;0;1;A01
201000010805;0;35;0;0;2;3;13;B02
201000010805;0;7;0;0;2;3;1;A01
201000010806;0;10;0;0;2;3;15;A02
201000010806;0;7;0;0;2;1;1;B01
201000010807;0;7;0;0;2;8;15;A03
201000010807;0;7;0;0;2;5;1;B01
201000010807;0;7;0;0;2;1;1;C02
201000010808;0;7;0;0;1;1;1;A01
201000010809;0;7;0;0;2;1;13;A01
201000010809;0;7;0;0;2;1;1;B02
201000010810;0;7;0;2;0;1;13;A01
201000010811;0;7;0;0;2;1;1;A01
201000010811;0;7;0;0;2;3;1;B02
201000010811;0;7;0;0;2;1;1;C03
201000010812;0;7;0;0;2;1;1;B02
201000010812;0;7;0;0;2;7;1;A01
201000010813;0;7;0;6;0;1;14;A01
201000010814;0;7;0;0;2;3;13;A01
201000010814;0;7;0;0;2;3;1;B02
201000010815;0;7;0;0;1;3;13;A01
201000010816;0;7;0;0;2;1;0;A01
201000010816;0;21;0;0;0;6;15;B01
201000010817;0;7;0;0;6;1;1;A01
201000010818;0;14;0;0;2;2;1;B02
201000010818;0;7;0;0;2;8;10;A01
201000010819;0;7;0;2;0;5;1;A01
201000010820;0;7;0;2;0;3;13;A01
201000010821;0;7;0;2;0;1;1;A01
201000010822;0;17;0;0;2;1;1;B01
201000010822;0;7;0;0;2;2;13;A01
201000010823;0;10;0;0;2;3;13;A01
201000010823;0;10;0;0;2;3;1;B02
201000010824;0;7;0;6;0;2;1;A01
201000010825;0;7;0;13;0;2;1;A01
201000010826;0;7;0;0;2;2;2;A01
201000010826;0;7;0;0;2;5;2;B02
201000010827;0;7;0;0;0;0;15;B02
201000010827;0;7;0;1;2;1;17;A01
201000010828;0;7;0;0;2;1;1;B02
201000010828;0;7;0;0;2;1;13;A01
201000010829;0;1;0;0;2;7;19;A01
201000010829;0;7;0;0;9;3;1;B02
201000010830;0;10;0;0;1;3;15;A01
201000010831;0;7;0;0;0;1;1;B02
201000010831;0;7;0;0;0;8;1;A01
201000010831;0;10;0;0;0;8;0;D04
201000010831;0;7;0;0;2;3;1;E05
201000010831;0;7;0;0;2;1;17;C03
201000010832;0;7;0;0;2;2;1;A01
201000010832;0;1;0;0;0;4;1;B02
201000010833;0;33;0;0;2;1;1;A01
201000010833;0;37;0;0;2;5;15;B02
201000010834;0;30;0;0;2;7;17;A01
201000010834;0;7;0;0;2;1;15;B02
201000010835;0;7;0;13;0;9;16;A01
201000010836;0;7;0;13;0;9;1;A01
201000010837;0;33;0;0;2;3;13;A01
201000010837;0;7;0;0;2;8;1;B02
201000010838;0;7;0;0;0;6;15;A01
201000010838;0;2;0;0;2;1;2;B02
201000010839;0;7;0;0;2;3;16;A01
201000010839;0;7;0;0;2;3;1;B02
201000010840;0;7;0;0;0;3;11;A01
201000010840;0;7;0;0;0;3;1;B02
201000010841;0;10;0;2;0;1;1;A01
201000010842;0;33;0;0;2;1;21;A01
201000010842;0;31;0;0;2;1;10;B02
201000010843;0;7;0;8;0;3;1;A01
201000010844;0;7;0;0;2;1;1;B02
201000010844;0;7;0;0;2;1;1;A01
201000010845;0;7;0;0;2;8;1;B02
201000010845;0;17;0;0;2;1;1;A01
201000010846;0;7;0;0;9;2;1;A01
201000010846;0;1;0;0;2;1;19;B02
201000010847;0;7;0;0;2;2;19;A01
201000010847;0;31;0;0;2;1;21;B02
201000010848;0;7;0;0;2;3;13;B02
201000010848;0;15;0;0;2;3;1;A01
201000010849;0;7;0;0;9;1;1;C03
201000010849;0;17;0;0;2;3;1;B02
201000010849;0;7;0;0;2;1;13;A01
201000010850;0;7;0;2;0;2;1;A01
201000010851;0;7;0;0;2;2;15;B02
201000010851;0;7;0;0;0;2;0;A01
201000010852;0;10;0;2;0;2;1;A01
201000010853;0;7;0;0;0;9;13;A01
201000010854;0;7;0;6;0;3;1;A01
201000010855;0;7;0;0;1;3;1;A01
201000010856;0;7;0;0;0;0;0;A01
201000010856;0;7;0;0;2;3;1;B02
201000010857;0;7;0;2;0;2;13;A01
201000010858;0;7;0;0;9;1;17;A01
201000010858;0;2;0;0;0;4;15;B02
201000010859;0;33;0;13;0;1;1;A01
201000010860;0;33;0;0;0;9;1;A01
201000010861;0;31;0;8;0;1;16;A01
201000010862;0;7;0;0;0;9;1;A01
201000010863;0;7;0;0;2;1;1;B02
201000010863;0;7;0;0;2;7;1;A01
201000010864;0;33;0;0;2;1;13;A01
201000010864;0;7;0;0;2;8;1;B02
201000010865;0;7;0;0;2;7;0;A01
201000010865;0;7;0;0;2;3;0;B02
201000010866;0;7;0;13;0;1;1;A01
201000010867;0;30;0;0;2;1;1;A01
201000010867;0;2;0;0;2;8;10;B02
201000010868;0;17;0;0;9;3;17;A01
201000010868;0;1;0;0;0;4;15;B02
201000010869;0;7;0;0;2;1;1;B02
201000010869;0;7;0;0;2;1;13;A01
201000010870;0;7;0;0;2;1;13;A01
201000010870;0;10;0;0;2;1;14;B02
201000010871;0;7;0;6;0;7;1;A01
201000010872;0;7;0;0;0;1;1;A01
201000010872;0;7;0;0;0;1;1;B02
201000010873;0;7;0;1;0;3;1;A01
201000010874;0;30;0;12;0;2;1;A01
201000010875;0;7;0;10;0;3;1;A01
201000010876;0;1;0;0;2;1;13;A01
201000010876;0;7;0;0;2;1;1;B02
201000010877;0;7;0;13;0;1;1;A01
201000010878;0;10;0;2;0;8;13;A01
201000010879;0;7;0;0;2;1;1;A01
201000010879;0;7;0;0;2;1;1;B02
201000010880;0;2;0;3;0;1;1;A01
201000010881;0;7;0;8;0;1;1;A01
201000010882;0;7;0;0;2;3;13;A01
201000010882;0;7;0;13;2;3;1;B02
201000010883;0;7;0;2;2;1;17;A01
201000010883;0;7;0;16;2;3;15;B02
201000010884;0;7;0;0;2;3;15;A01
201000010884;0;7;0;0;0;2;1;B02
201000010885;0;33;0;13;0;1;1;A01
201000010886;0;33;0;0;2;1;1;B02
201000010886;0;7;0;0;2;8;19;A01
201000010887;0;7;0;0;2;3;1;A01
201000010887;0;2;0;0;2;8;19;B02
201000010888;0;30;0;0;2;1;1;B02
201000010888;0;7;0;0;2;2;15;A01
201000010889;0;7;0;2;0;5;1;A01
201000010890;0;2;0;0;2;1;1;B02
201000010890;0;7;0;0;2;7;15;A01
201000010891;0;7;0;15;0;2;0;A01
201000010892;0;17;0;13;0;7;21;E05
201000010892;0;17;0;0;2;3;14;C03
201000010892;0;17;0;0;2;1;13;A01
201000010893;0;7;0;0;2;2;1;A01
201000010893;0;2;0;0;2;1;1;B02
201000010894;0;33;0;0;2;1;13;A01
201000010894;0;7;0;0;2;6;19;B02
201000010895;0;7;0;2;0;8;0;A01
201000010896;0;10;0;0;2;3;13;A01
201000010896;0;7;0;0;2;3;1;B02
201000010896;0;10;0;0;2;6;1;C03
201000010897;0;7;0;0;2;3;19;B02
201000010897;0;7;0;0;2;2;1;A01
201000010898;0;2;0;0;2;2;1;B02
201000010898;0;10;0;0;2;8;1;A01
201000010899;0;2;0;0;0;8;19;B02
201000010899;0;7;0;0;0;1;1;A01
201000010900;0;33;0;0;2;1;1;B02
201000010900;0;7;0;0;0;2;9;A01
201000010901;0;7;0;0;2;3;1;B02
201000010901;0;17;0;0;1;3;1;A01
201000010902;0;2;0;0;2;8;1;B02
201000010902;0;7;0;0;2;2;19;A01
201000010903;0;7;0;0;0;7;1;B02
201000010903;0;30;0;0;2;1;19;A01
201000010904;0;33;0;0;1;1;1;A01
201000010905;0;7;0;0;1;2;1;A01
201000010906;0;10;0;0;2;6;17;A01
201000010906;0;10;0;0;2;2;17;B02
201000010907;0;31;0;0;0;8;1;A01
201000010908;0;2;0;0;2;1;5;B02
201000010908;0;7;0;0;2;1;1;A01
201000010909;0;7;0;5;0;1;19;A01
201000010910;0;7;0;0;1;2;1;A01
201000010911;0;7;0;0;2;3;1;A01
201000010911;0;7;0;0;2;3;1;B02
201000010912;0;7;0;2;0;3;1;A01
201000010913;0;7;0;0;2;2;1;A01
201000010913;0;30;0;0;2;1;0;B02
201000010914;0;7;0;0;2;3;1;B02
201000010914;0;2;0;0;2;1;16;A01
201000010915;0;7;0;0;2;3;19;A01
201000010915;0;33;0;0;2;1;1;B02
201000010916;0;30;0;0;0;1;1;A01
201000010917;0;7;0;2;0;1;15;A01
201000010918;0;31;0;0;0;0;15;A01
201000010918;0;33;0;0;2;0;21;B02
201000010919;0;7;0;0;1;3;15;A01
201000010920;0;7;0;0;2;8;1;B02
201000010920;0;14;0;6;2;8;13;A01
201000010921;0;10;0;0;2;1;17;B02
201000010921;0;7;0;0;2;8;19;A01
201000010922;0;21;0;0;2;3;1;B02
201000010922;0;7;0;0;2;3;13;A01
201000010923;0;7;0;0;0;7;19;A01
201000010923;0;2;0;0;2;1;1;B02
201000010924;0;17;0;0;0;5;2;B02
201000010924;0;2;0;0;2;1;2;A01
201000010925;0;7;0;0;2;3;13;A01
201000010925;0;7;0;0;2;1;1;B02
201000010926;0;7;0;0;2;3;1;B02
201000010926;0;7;0;0;2;3;13;A01
201000010927;0;7;0;13;0;0;13;A01
201000010928;0;7;0;2;0;1;1;A01
201000010929;0;10;0;6;0;7;1;A01
201000010930;0;7;0;0;2;2;20;A01
201000010930;0;31;0;0;2;1;1;B02
201000010931;0;7;0;0;2;3;19;B02
201000010931;0;7;0;0;2;2;1;A01
201000010932;0;33;0;0;2;1;2;B02
201000010932;0;7;0;0;2;5;15;A01
201000010933;0;7;0;0;1;5;1;A01
201000010934;0;7;0;0;2;3;0;B02
201000010934;0;7;0;0;2;1;1;A01
201000010935;0;7;0;13;0;2;13;A01
201000010936;0;7;0;13;0;1;1;A01
201000010937;0;7;0;0;1;6;4;A01
201000010938;0;7;0;0;2;3;15;A01
201000010938;0;1;0;0;2;1;1;B02
201000010939;0;7;0;1;1;3;1;B02
201000010939;0;7;0;0;0;5;24;A01
201000010940;0;1;0;0;2;1;1;A01
201000010940;0;10;0;0;2;6;15;B02
201000010941;0;7;0;2;0;1;1;A01
201000010942;0;7;0;0;2;1;1;B02
201000010942;0;7;0;0;2;1;13;A01
201000010943;0;7;0;13;0;1;1;A01
201000010944;0;7;0;16;0;7;0;A01
201000010945;0;17;0;16;0;0;1;A01
201000010946;0;10;0;0;2;7;1;A01
201000010946;0;1;0;0;2;1;1;B02
201000010947;0;7;0;0;2;7;1;B02
201000010947;0;7;0;0;2;2;1;A01
201000010948;0;31;0;0;2;1;1;A01
201000010948;0;3;0;0;2;5;15;B02
201000010949;0;7;0;0;1;2;1;A01
201000010950;0;7;0;0;2;1;1;B02
201000010950;0;1;0;0;2;1;13;A01
201000010951;0;1;0;0;0;0;1;B02
201000010951;0;7;0;0;0;0;15;A01
201000010952;0;7;0;2;0;8;1;A01
201000010953;0;2;0;0;2;1;1;B02
201000010953;0;7;0;0;2;3;17;A01
201000010954;0;10;0;0;2;1;1;B02
201000010954;0;7;0;0;2;1;13;A01
201000010955;0;7;0;6;0;1;1;A01
201000010956;0;10;0;8;0;3;1;A01
201000010957;0;7;0;0;2;4;23;B02
201000010957;0;7;0;0;2;1;1;A01
201000010957;0;7;0;0;0;4;23;C03
201000010957;0;7;0;0;0;0;23;D04
201000010958;0;7;0;0;0;3;21;A01
201000010959;0;7;0;0;2;3;1;B02
201000010960;0;30;0;0;2;3;15;B02
201000010960;0;7;0;0;2;7;17;A01
201000010961;0;7;0;13;0;9;1;A01
201000010962;0;7;0;0;2;3;9;A01
201000010962;0;2;0;0;2;1;1;B02
201000010963;0;7;0;13;0;3;1;A01
201000010964;0;7;0;13;0;1;0;A01
201000010965;0;7;0;0;2;6;5;A01
201000010965;0;7;0;0;2;3;1;B02
201000010966;0;7;0;0;2;1;1;B02
201000010966;0;21;0;0;2;4;1;A01
201000010967;0;7;0;0;2;7;17;A01
201000010967;0;7;0;0;2;1;1;B02
201000010968;0;7;0;2;0;1;1;A01
201000010969;0;7;0;0;9;3;13;A01
201000010970;0;33;0;0;2;1;17;A01
201000010970;0;7;0;0;2;3;15;B02
201000010971;0;1;0;0;0;1;15;B02
201000010971;0;7;0;0;0;2;1;A01
201000010972;0;33;0;0;0;0;1;A01
201000010973;0;7;0;0;0;2;5;A01
201000010973;0;7;0;0;0;2;1;B02
201000010974;0;17;0;0;0;4;1;A01
201000010974;0;7;0;0;2;1;2;C03
201000010974;0;10;0;0;2;1;2;B02
201000010975;0;30;0;8;0;1;17;A01
201000010976;0;33;0;3;0;3;17;A01
201000010977;0;17;0;0;2;1;1;A01
201000010977;0;7;0;13;0;8;19;C03
201000010978;0;7;0;6;0;1;2;A01
201000010979;0;31;0;0;2;1;21;C03
201000010979;0;21;0;0;2;3;19;A01
201000010980;0;33;0;16;0;3;17;A01
201000010981;0;7;0;8;0;8;13;A01
201000010982;0;10;0;8;0;7;1;A01
201000010983;0;7;0;0;2;3;1;B02
201000010983;0;2;0;0;2;1;13;A01
201000010984;0;7;0;13;0;3;1;A01
201000010985;0;7;0;8;0;5;1;A01
201000010986;0;7;0;0;2;5;13;A01
201000010986;0;7;0;0;2;1;1;B02
201000010987;0;31;0;0;2;1;1;B02
201000010987;0;7;0;0;2;8;10;A01
201000010988;0;33;0;0;2;9;1;B02
201000010988;0;7;0;0;2;5;15;C03
201000010988;2;7;0;0;2;0;15;A01
201000010989;0;7;0;2;0;1;1;A01
201000010990;0;7;0;0;0;0;13;A01
201000010990;0;7;0;2;0;1;1;B02
201000010991;0;7;0;2;0;3;13;A01
201000010992;0;2;0;0;2;2;17;B02
201000010992;0;7;0;0;2;3;15;A01
201000010993;0;7;0;0;2;6;4;A01
201000010993;0;30;0;0;2;1;1;B02
201000010994;0;17;0;13;0;1;1;A01
201000010995;0;17;0;0;0;0;1;B02
201000010996;0;7;0;0;2;3;1;B02
201000010996;0;2;0;0;2;1;13;A01
201000010997;0;7;0;6;0;2;1;A01
201000010998;0;7;0;0;0;7;15;A01
201000010998;0;33;0;14;2;1;1;B02
201000010999;0;7;0;0;2;1;5;A01
201000010999;0;7;0;0;2;1;1;B02
201000011000;0;7;0;0;2;1;1;B02
201000011000;0;7;0;0;2;1;1;A01
201000011001;0;7;0;13;0;1;1;A01
201000011002;0;21;0;0;2;7;1;A01
201000011002;0;1;0;0;0;8;1;B02
201000011003;0;7;0;0;0;0;1;B02
201000011003;0;7;0;16;0;0;1;A01
201000011004;0;7;0;0;2;8;1;B02
201000011004;0;7;0;0;2;8;13;A01
201000011005;0;10;0;0;2;3;1;B02
201000011005;0;7;0;0;2;1;17;A01
201000011006;0;7;0;0;2;1;13;A01
201000011006;0;7;0;0;2;1;1;B02
201000011007;0;10;0;0;2;1;15;B02
201000011007;0;10;0;0;0;8;23;A01
201000011008;0;7;0;15;0;7;13;A01
201000011009;0;17;0;0;2;8;13;A01
201000011009;0;10;0;0;2;8;1;B02
201000011010;0;7;0;0;2;7;15;A01
201000011010;0;2;0;0;2;1;1;B02
201000011011;0;7;0;13;0;3;1;A01
201000011012;0;32;0;0;2;1;1;B02
201000011012;0;7;0;0;2;8;16;A01
201000011013;0;7;0;1;1;1;1;A01
201000011013;0;7;0;0;1;6;24;B02
201000011014;0;3;0;0;1;1;0;A01
201000011015;0;33;0;0;2;1;5;B02
201000011015;0;7;0;0;2;3;1;A01
201000011016;0;7;0;0;0;6;0;C03
201000011016;0;7;0;0;0;6;23;B02
201000011016;0;7;0;1;2;2;1;A01
201000011017;0;7;0;6;0;1;1;A01
201000011018;0;33;0;3;0;1;0;A01
201000011019;0;10;0;0;2;1;21;B02
201000011019;0;7;0;0;2;1;13;A01
201000011020;0;21;0;0;2;4;2;B02
201000011020;0;7;0;0;2;1;2;A01
201000011021;0;7;0;0;2;1;2;F06
201000011021;0;38;42;0;0;0;1;A01
201000011021;0;7;0;0;2;2;2;E05
201000011021;0;7;0;0;2;1;5;B02
201000011021;0;7;0;0;2;3;1;D04
201000011021;0;10;0;0;2;1;2;C03
201000011022;0;30;0;0;2;1;1;B02
201000011022;0;7;0;0;2;3;15;A01
201000011023;0;7;0;13;0;3;13;A01
201000011024;0;33;0;0;2;1;1;B02
201000011024;0;15;0;0;2;7;15;A01
201000011025;0;33;0;0;2;3;1;A01
201000011025;0;14;0;0;2;3;1;B02
201000011026;0;17;0;0;2;3;1;B02
201000011026;0;7;0;0;2;3;1;A01
201000011027;0;7;0;3;0;2;1;A01
201000011028;0;7;0;0;2;1;1;B02
201000011028;0;7;0;0;2;7;1;A01
201000011029;0;7;0;0;1;2;1;A01
201000011030;0;7;0;0;2;3;1;B02
201000011030;0;10;0;0;2;8;1;A01
201000011031;0;14;0;6;0;3;1;A01
201000011032;0;33;0;0;1;8;1;A01
201000011033;0;7;0;0;2;3;13;A01
201000011033;0;17;0;0;2;3;1;B02
201000011034;0;3;0;0;2;2;15;A01
201000011034;0;14;0;0;2;3;1;B02
201000011035;0;31;0;0;2;1;1;A01
201000011035;0;7;0;0;2;2;15;B02
201000011036;0;33;0;15;0;1;1;A01
201000011037;0;7;0;2;0;9;1;A01
201000011038;0;7;0;0;2;5;1;A01
201000011038;0;30;0;0;2;1;1;B02
201000011039;0;7;0;13;0;1;13;A01
201000011039;0;7;0;0;2;3;24;C03
201000011039;0;7;0;14;0;1;1;B02
201000011040;0;7;0;16;0;1;1;A01
201000011041;0;7;0;0;2;3;1;A01
201000011041;0;30;0;0;2;4;1;B02
201000011042;0;10;0;0;2;3;1;A01
201000011042;0;14;0;0;2;3;1;B02
201000011043;0;7;0;6;0;1;19;A01
201000011044;0;10;0;0;2;1;15;A01
201000011044;0;7;0;0;2;3;23;C03
201000011044;0;7;0;0;2;1;1;B02
201000011045;0;7;0;0;2;8;23;B02
201000011045;0;7;0;16;0;6;1;A01
201000011045;0;7;0;14;0;2;21;C03
201000011046;0;7;0;0;1;2;1;A01
201000011047;0;7;0;0;2;3;1;A01
201000011047;0;33;0;0;2;3;1;B02
201000011048;0;17;0;0;2;3;1;C03
201000011048;0;17;0;0;2;0;1;A01
201000011049;0;17;0;0;2;1;13;A01
201000011049;0;17;0;0;2;1;0;C03
201000011050;0;7;0;0;2;1;17;A01
201000011050;0;15;0;0;2;1;1;B02
201000011051;0;33;0;0;2;1;1;A01
201000011051;0;10;0;0;2;3;1;B02
201000011052;0;7;0;0;2;1;1;B02
201000011052;0;14;0;0;2;5;15;A01
201000011053;0;7;0;6;0;1;14;A01
201000011054;0;7;0;13;0;2;1;A01
201000011055;0;7;0;0;2;2;1;B02
201000011055;0;7;0;0;2;3;19;A01
201000011056;0;7;0;0;2;3;1;A01
201000011056;0;7;0;0;0;3;1;B02
201000011057;0;30;0;3;0;7;1;A01
201000011058;0;33;0;16;0;7;1;A01
201000011059;0;7;0;0;2;3;1;B02
201000011059;0;7;0;0;2;1;1;C03
201000011059;0;7;0;0;2;9;13;A01
201000011060;0;21;0;0;2;4;1;B02
201000011060;0;2;0;0;2;1;1;A01
201000011061;0;7;0;0;0;1;1;B02
201000011061;0;7;0;0;0;7;19;A01
201000011062;0;7;0;0;2;8;19;A01
201000011062;0;33;0;0;2;1;1;B02
201000011063;0;7;0;4;0;2;21;A01
201000011064;0;7;0;0;2;1;1;A01
201000011064;0;10;0;0;0;4;1;B02
201000011065;0;17;0;0;0;4;1;B02
201000011065;0;7;0;0;2;1;2;A01
201000011066;0;7;0;0;2;2;17;A01
201000011066;0;7;0;0;2;8;1;B02
201000011067;0;7;0;3;0;1;1;A01
201000011068;0;7;0;0;2;2;2;A01
201000011068;0;17;0;0;2;4;24;C03
201000011068;0;7;0;1;2;4;2;B02
201000011069;0;7;0;0;0;1;1;A01
201000011070;0;7;0;13;0;2;1;A01
201000011071;0;7;0;4;0;3;1;A01
201000011072;0;7;0;0;2;6;1;B02
201000011072;2;7;0;0;2;2;17;A01
201000011073;0;7;0;2;0;2;14;A01
201000011074;0;7;0;2;0;3;1;A01
201000011075;0;7;0;2;0;2;14;A01
201000011076;0;1;0;0;2;1;19;A01
201000011076;0;7;0;0;9;2;1;B02
201000011077;0;7;0;2;0;7;21;A01
201000011078;0;1;0;1;0;1;14;A01
201000011079;0;7;0;0;2;2;15;B02
201000011079;0;7;0;0;2;3;1;A01
201000011080;0;33;0;0;2;7;17;A01
201000011080;0;10;0;0;2;8;1;B02
201000011081;0;31;0;0;0;0;1;A01
201000011082;0;30;0;0;0;1;16;A01
201000011083;0;7;0;0;0;4;1;B02
201000011083;0;7;0;0;2;1;2;A01
201000011084;0;7;0;0;0;5;15;A01
201000011084;0;2;0;0;0;1;1;B02
201000011085;0;7;0;0;2;1;1;B02
201000011085;0;7;0;0;2;8;15;A01