num_acc;senc;catv;occutc;obs;obsm;choc;manv;num_veh
201000011086;0;10;0;6;0;8;1;A01
201000011087;0;7;0;0;1;2;0;A01
201000011088;0;1;0;0;2;4;16;B02
201000011088;0;7;0;0;2;3;9;A01
201000011089;0;7;0;0;2;2;1;B01
201000011089;0;7;0;0;2;2;1;A02
201000011090;0;7;0;0;2;1;1;B02
201000011090;0;7;0;0;2;4;15;A01
201000011091;0;7;0;0;0;9;1;A01
201000011092;0;35;0;16;0;1;1;A01
201000011093;0;7;0;0;2;3;13;A01
201000011093;0;7;0;0;2;3;13;B02
201000011094;0;14;0;0;2;3;1;B02
201000011094;0;7;0;0;2;3;5;A01
201000011095;0;7;0;13;0;1;1;A01
201000011096;0;7;0;0;0;9;1;A01
201000011097;0;21;0;0;9;8;1;A01
201000011097;0;1;0;0;2;7;17;B02
201000011098;0;7;0;13;0;2;1;A01
201000011099;0;14;0;13;0;1;13;A01
201000011100;0;7;0;6;0;2;1;A01
201000011101;0;7;0;13;0;2;1;A01
201000011102;0;7;0;0;2;3;21;A01
201000011102;0;7;0;0;2;3;1;B02
201000011103;0;7;0;0;1;2;1;A01
201000011104;0;7;0;16;0;1;13;A01
201000011105;0;10;0;0;2;1;1;B02
201000011105;0;10;0;0;2;1;13;A01
201000011105;0;10;0;0;1;8;1;C03
201000011106;0;7;0;0;1;2;1;A01
201000011107;0;7;0;6;0;7;1;A01
201000011108;0;7;0;0;0;0;0;A01
201000011109;0;14;0;13;0;3;13;A01
201000011110;0;7;0;0;2;3;1;A01
201000011110;0;7;0;0;2;3;1;B02
201000011111;0;21;0;0;2;6;1;B02
201000011111;0;7;0;0;2;2;1;A01
201000011112;0;7;0;0;2;1;13;B02
201000011112;0;7;0;3;2;1;1;A01
201000011113;0;7;0;0;2;3;13;B02
201000011113;0;7;0;0;2;3;1;A01
201000011114;0;30;0;16;0;8;1;A01
201000011115;0;2;0;0;2;1;1;B02
201000011115;0;1;0;0;0;4;1;A01
201000011116;0;7;0;8;0;1;1;A01
201000011117;0;30;0;0;2;1;1;B02
201000011117;0;7;0;0;2;3;15;A01
201000011118;0;7;0;0;6;8;1;A01
201000011119;0;17;0;0;2;3;1;A01
201000011119;0;7;0;0;2;8;1;B02
201000011120;0;7;0;16;0;9;1;A01
201000011121;0;10;0;13;0;8;1;A01
201000011122;0;7;0;6;2;8;1;A01
201000011122;0;7;0;0;2;6;1;B02
201000011123;0;7;0;13;0;2;1;A01
201000011124;0;33;0;13;0;7;1;A01
201000011125;0;7;0;0;4;8;1;A01
201000011125;0;39;0;0;2;1;1;B02
201000011126;0;7;0;13;0;9;1;A01
201000011127;0;15;0;0;2;2;1;A01
201000011127;0;1;0;0;2;4;1;B02
201000011128;0;7;0;0;2;3;1;C03
201000011128;0;7;0;0;2;1;1;A01
201000011128;0;7;0;0;2;4;15;B02
201000011128;0;7;0;0;2;3;23;D04
201000011129;0;7;0;0;0;9;1;A01
201000011130;0;7;0;0;2;8;23;C03
201000011130;0;7;0;0;2;2;15;A01
201000011130;0;7;0;0;2;3;1;B02
201000011131;0;7;0;0;2;2;1;B02
201000011131;0;1;0;0;2;1;15;A01
201000011132;0;7;0;0;1;2;2;A01
201000011133;0;33;0;0;2;7;1;B02
201000011133;0;7;0;0;2;1;19;A01
201000011134;0;10;0;5;0;1;14;A01
201000011135;0;33;0;0;2;4;1;B02
201000011135;0;33;0;0;2;1;1;A01
201000011136;0;7;0;0;2;3;1;B02
201000011136;0;7;0;0;2;1;1;A01
201000011137;0;33;0;3;0;8;1;A01
201000011138;0;7;0;13;0;1;14;A01
201000011139;0;7;0;0;2;2;1;A01
201000011139;0;2;0;0;2;4;0;B02
201000011140;0;7;0;0;1;3;1;A01
201000011141;1;7;0;0;1;3;1;A01
201000011142;0;7;0;0;2;3;13;A01
201000011142;0;37;1;0;2;3;1;B02
201000011143;0;33;0;0;2;1;1;B02
201000011143;0;7;0;0;2;5;15;A01
201000011144;0;10;0;0;0;9;14;A01
201000011145;0;32;0;0;2;8;15;B02
201000011145;0;7;0;0;2;2;17;A01
201000011146;0;33;0;0;2;4;1;B02
201000011146;0;33;0;0;2;1;1;A01
201000011147;0;7;0;2;0;2;14;A01
201000011148;0;7;0;0;2;1;14;B02
201000011148;0;7;0;0;2;1;13;A01
201000011149;0;7;0;0;0;3;0;B02
201000011149;0;7;0;0;0;1;1;A01
201000011150;0;7;0;6;0;1;14;A01
201000011151;0;7;0;0;2;8;15;B02
201000011151;0;30;0;0;2;1;1;A01
201000011152;0;33;0;0;0;1;14;A01
201000011153;0;1;0;0;0;0;23;B02
201000011153;0;7;0;0;1;2;13;A01
201000011154;0;10;0;0;2;2;1;A01
201000011154;0;2;0;0;2;8;19;B02
201000011155;0;7;0;0;2;1;1;A01
201000011155;0;7;0;0;2;1;13;B02
201000011156;0;7;0;2;0;3;1;A01
201000011157;0;7;0;0;2;3;1;B02
201000011157;0;7;0;0;2;1;13;A01
201000011158;0;7;0;0;2;1;13;A01
201000011158;0;14;0;0;2;1;1;B02
201000011159;0;33;0;0;2;1;1;B02
201000011159;0;33;0;0;2;1;1;A01
201000011160;0;30;0;0;2;9;21;A01
201000011161;0;38;4;0;2;1;1;B02
201000011161;0;7;0;0;2;1;13;A01
201000011162;0;7;0;0;2;1;15;A01
201000011162;0;21;0;0;2;1;1;B02
201000011163;0;7;0;0;2;8;15;A01
201000011163;0;31;0;0;2;7;1;B02
201000011164;0;7;0;0;2;3;1;C03
201000011164;0;33;0;0;2;3;13;A01
201000011164;0;7;0;0;2;8;1;B02
201000011165;1;7;0;0;1;3;1;A01
201000011166;0;7;0;0;0;9;1;A01
201000011167;0;10;0;16;0;1;1;A01
201000011168;0;7;0;2;0;5;1;A01
201000011169;0;33;0;0;6;1;1;A01
201000011170;0;14;0;0;2;3;15;A01
201000011170;0;33;0;0;0;8;1;B02
201000011171;0;7;0;0;2;1;1;A01
201000011171;0;7;0;0;2;3;19;B02
201000011172;0;7;0;0;2;3;15;A01
201000011172;0;10;0;0;2;2;1;B02
201000011173;0;1;0;0;0;1;19;B02
201000011173;0;7;0;0;0;7;1;A01
201000011174;0;7;0;0;1;3;1;A01
201000011175;0;17;0;16;0;8;1;A01
201000011176;0;7;0;0;2;7;0;C03
201000011176;0;7;0;1;0;1;6;A01
201000011177;1;7;0;;2;;2;A02
201000011177;0;7;0;0;2;4;1;A01
201000011178;0;10;0;0;1;4;4;A01
201000011179;0;10;0;6;0;3;1;A01
201000011180;0;7;0;13;0;2;1;A01
201000011181;0;7;0;2;0;2;14;A01
201000011182;0;7;0;13;0;3;13;A01
201000011183;0;1;0;0;2;1;1;B02
201000011183;0;7;0;0;9;8;17;A01
201000011184;0;7;0;13;0;9;1;A01
201000011185;0;7;0;13;0;3;13;A01
201000011186;0;7;0;8;0;4;1;A01
201000011187;0;7;0;2;0;1;1;A01
201000011188;0;7;0;0;2;1;1;B02
201000011188;0;7;0;0;2;7;21;A01
201000011189;0;17;0;7;0;8;1;A01
201000011190;0;30;0;1;0;2;17;A01
201000011191;0;7;0;13;0;3;13;A01
201000011192;0;2;0;0;2;1;17;B02
201000011192;0;7;0;0;2;8;15;A01
201000011193;0;21;0;0;2;4;1;B02
201000011193;0;15;0;0;2;1;1;A01
201000011194;0;7;0;9;0;1;1;A01
201000011195;0;7;0;0;1;2;1;A01
201000011196;0;7;0;0;9;1;1;E05
201000011196;0;7;0;0;2;4;1;C03
201000011196;0;7;0;0;2;3;1;B02
201000011196;0;7;0;0;2;3;17;A01
201000011196;0;7;0;0;9;1;1;D04
201000011197;0;7;0;13;0;1;13;A01
201000011198;0;7;0;0;2;3;13;A01
201000011198;0;7;0;0;2;3;1;B02
201000011199;0;7;0;0;2;2;17;A01
201000011199;0;7;0;0;0;6;1;B02
201000011200;0;7;0;0;2;1;1;B02
201000011200;0;7;0;0;2;3;15;A01
201000011201;0;7;0;0;2;8;0;B02
201000011201;0;33;0;0;2;1;0;A01
201000011202;0;7;0;13;0;1;1;A01
201000011203;0;31;0;0;2;7;1;A01
201000011203;0;7;0;0;2;6;9;B02
201000011204;0;2;0;0;1;1;16;A01
201000011205;0;7;0;0;2;7;1;B02
201000011205;0;7;0;0;2;1;1;A01
201000011206;0;17;0;0;2;8;1;B02
201000011206;0;7;0;0;2;1;17;A01
201000011207;0;7;0;2;0;7;0;A01
201000011208;0;7;0;0;2;6;15;A01
201000011208;0;7;0;0;2;1;1;B02
201000011209;0;17;0;0;0;8;1;B02
201000011209;0;7;0;0;9;3;1;A01
201000011210;0;7;0;0;6;9;21;A01
201000011211;0;14;0;0;2;6;1;B02
201000011211;0;2;0;0;2;1;17;A01
201000011212;0;7;0;0;9;9;1;A01
201000011213;0;7;0;2;0;1;16;A01
201000011214;0;7;0;0;2;3;13;B02
201000011214;0;7;0;0;2;3;1;A01
201000011215;0;7;0;0;2;2;15;A01
201000011215;0;33;0;0;2;1;1;B02
201000011216;0;7;0;0;2;3;1;A01
201000011216;0;7;0;0;2;3;21;B02
201000011217;0;17;0;0;2;6;24;A01
201000011217;0;7;0;1;;2;14;B02
201000011218;0;7;0;0;2;3;13;A01
201000011218;0;7;0;0;2;8;1;B02
201000011219;0;31;0;1;0;3;17;A01
201000011219;0;7;0;1;0;3;9;B02
201000011220;0;33;0;2;0;1;13;A01
201000011221;0;7;0;0;2;2;1;B02
201000011221;0;7;0;0;2;1;1;C03
201000011221;0;7;0;0;0;6;12;A01
201000011222;0;7;0;0;2;6;24;B02
201000011222;0;7;0;1;0;1;1;A01
201000011223;0;7;0;0;1;2;21;A01
201000011224;0;7;0;13;0;1;1;A01
201000011225;0;7;0;0;0;9;1;A01
201000011226;0;33;0;0;6;1;1;A01
201000011227;0;7;0;0;0;1;21;A01
201000011228;0;7;0;13;0;7;14;A01
201000011229;0;7;0;6;0;1;1;A01
201000011230;0;7;0;0;2;2;19;A01
201000011230;0;21;0;0;2;3;23;C03
201000011230;0;7;0;0;2;2;1;B02
201000011231;0;17;0;0;0;7;1;A01
201000011232;0;36;0;0;0;3;1;A01
201000011233;0;17;0;0;2;3;15;A01
201000011233;0;7;0;0;2;3;1;B02
201000011234;0;7;0;8;0;7;1;A01
201000011235;0;7;0;13;0;1;14;A01
201000011236;0;7;0;0;2;1;1;B02
201000011236;0;7;0;0;2;3;19;A01
201000011237;0;33;0;0;0;0;1;A01
201000011238;0;33;0;16;0;8;1;A01
201000011239;0;33;0;0;2;8;1;B02
201000011239;0;7;0;0;2;1;20;A01
201000011240;0;7;0;13;0;1;1;A01
201000011241;0;7;0;2;0;2;1;A01
201000011242;0;33;0;0;2;1;1;B02
201000011242;0;7;0;0;2;3;15;A01
201000011243;0;7;0;0;2;2;1;B02
201000011243;0;33;0;0;2;1;16;A01
201000011244;0;7;0;0;0;1;1;A01
201000011245;0;7;0;2;0;2;14;A01
201000011246;0;10;0;0;2;1;13;A01
201000011246;0;21;0;0;2;1;1;B02
201000011247;0;2;0;6;0;1;14;A01
201000011248;0;35;0;8;0;1;1;A01
201000011249;0;7;0;2;0;1;19;A01
201000011250;0;7;0;16;0;1;1;A01
201000011251;0;7;0;0;2;3;13;A01
201000011251;0;7;0;0;2;3;1;B02
201000011252;0;1;0;0;2;4;1;B02
201000011252;0;7;0;0;9;2;1;A01
201000011253;0;7;0;2;0;3;14;A01
201000011254;0;7;0;13;0;3;19;A01
201000011255;0;7;0;0;2;2;5;A01
201000011255;0;99;0;0;2;3;1;B02
201000011256;0;37;10;0;2;3;1;B02
201000011256;0;14;0;0;2;3;1;A01
201000011257;0;14;0;13;0;1;1;A01
201000011258;0;7;0;2;0;1;13;A01
201000011259;0;7;0;0;0;9;1;A01
201000011260;0;7;0;0;2;3;1;B02
201000011260;0;15;0;0;2;7;13;A01
201000011261;0;7;0;3;0;2;13;A01
201000011262;0;10;0;0;1;7;1;A01
201000011263;0;7;0;8;0;2;13;A01
201000011264;0;10;0;0;2;8;1;B02
201000011264;0;33;0;4;2;2;17;A01
201000011265;0;1;0;0;2;1;1;B02
201000011265;0;7;0;0;9;2;0;A01
201000011266;0;7;0;0;2;1;13;A01
201000011266;0;38;6;0;2;1;1;B02
201000011267;0;7;0;0;0;9;14;A01
201000011268;0;7;0;0;2;2;13;A01
201000011268;0;7;0;0;2;2;5;B02
201000011269;0;21;0;0;0;0;1;A01
201000011270;0;7;0;2;0;8;1;A01
201000011271;0;7;0;2;0;1;14;A01
201000011272;0;7;0;0;2;3;13;A01
201000011272;0;7;0;0;2;1;1;C03
201000011272;0;10;0;0;2;3;1;B02
201000011273;0;7;0;2;0;1;0;A01
201000011274;0;7;0;0;2;1;1;A01
201000011274;0;1;0;0;2;1;19;B02
201000011275;0;7;0;6;0;3;13;A01
201000011276;0;7;0;2;0;2;14;A01
201000011277;0;7;0;0;2;2;1;B02
201000011277;0;7;0;0;2;3;10;A01
201000011278;0;7;0;0;2;1;21;B02
201000011278;0;7;0;0;2;8;21;A01
201000011279;0;7;0;0;2;2;13;A01
201000011279;0;7;0;0;2;1;0;C03
201000011279;0;10;0;0;2;2;0;B02
201000011280;0;10;0;0;2;3;13;A01
201000011280;0;39;20;0;4;2;1;B02
201000011281;0;7;0;3;0;2;13;A01
201000011282;0;15;0;0;2;2;1;A01
201000011282;0;15;0;0;2;3;1;B02
201000011283;0;30;0;0;2;7;15;B02
201000011283;0;7;0;0;2;2;1;A01
201000011284;0;7;0;16;0;8;0;A01
201000011285;0;31;0;0;2;0;17;B02
201000011285;0;7;0;0;2;1;1;A01
201000011286;0;7;0;0;1;1;1;A01
201000011287;0;2;0;6;0;1;6;A01
201000011288;0;30;0;0;2;3;17;A01
201000011288;0;7;0;0;2;8;1;B02
201000011289;0;7;0;13;2;1;5;A01
201000011289;0;7;0;3;2;1;5;B02
201000011290;0;7;0;0;2;3;15;A01
201000011290;0;32;0;0;2;3;1;B02
201000011291;0;33;0;3;2;1;2;A01
201000011291;0;7;0;0;2;5;2;B02
201000011292;0;30;0;0;2;1;15;A01
201000011292;0;7;0;0;2;3;1;B02
201000011293;0;7;0;0;2;1;2;A01
201000011293;0;33;0;0;2;4;2;B02
201000011294;0;7;0;0;0;1;17;A01
201000011294;0;7;0;0;0;8;15;B02
201000011295;0;7;0;0;0;3;13;A01
201000011295;0;7;0;0;0;3;1;C03
201000011295;0;7;0;0;0;8;1;B02
201000011296;0;2;0;15;0;1;14;A01
201000011297;0;30;0;0;2;2;15;A01
201000011297;0;7;0;0;2;1;1;B02
201000011298;0;7;0;0;2;3;13;A01
201000011298;0;7;0;0;2;3;1;B02
201000011299;0;30;0;0;0;0;1;A01
201000011300;0;7;0;0;2;3;16;A01
201000011300;0;31;0;0;0;4;1;B02
201000011301;0;7;0;0;2;3;15;A01
201000011301;0;1;0;0;2;1;1;B02
201000011302;0;7;0;0;0;8;1;A01
201000011303;0;30;0;0;2;3;15;A01
201000011303;0;7;0;0;2;2;2;B02
201000011304;0;7;0;0;0;3;1;B02
201000011304;0;7;0;0;0;2;1;A01
201000011305;0;7;0;0;2;7;13;B02
201000011305;0;7;0;0;2;3;23;A01
201000011306;0;7;0;0;2;1;1;C03
201000011306;0;7;0;0;2;3;1;B02
201000011306;0;7;0;0;2;2;17;A01
201000011307;0;7;0;0;1;2;15;A01
201000011308;0;33;0;0;2;0;17;A01
201000011308;0;33;0;0;2;0;1;B02
201000011309;0;7;0;0;2;1;1;A01
201000011309;0;2;0;0;2;1;15;B02
201000011310;0;7;0;2;0;3;0;A01
201000011311;0;7;0;0;2;3;1;C03
201000011311;0;7;0;0;2;8;1;B02
201000011311;0;33;0;0;2;8;13;A01
201000011312;0;33;0;0;2;1;17;A01
201000011312;0;7;0;0;2;3;15;B02
201000011313;0;7;0;0;1;3;1;A01
201000011314;0;7;0;0;2;8;15;A01
201000011314;0;7;0;0;2;1;1;B02
201000011315;0;7;0;0;2;3;1;B02
201000011315;0;7;0;0;2;3;13;A01
201000011316;0;10;0;0;2;2;17;A01
201000011316;0;30;0;0;2;4;2;B02
201000011317;0;7;0;0;2;2;15;A01
201000011317;0;30;0;0;2;1;1;B02
201000011318;0;7;0;6;0;1;1;A01
201000011319;0;7;0;0;2;1;1;A01
201000011319;0;7;0;0;2;1;1;B02
201000011320;0;33;0;0;2;1;2;A01
201000011321;0;7;0;0;2;2;9;A01
201000011321;0;33;0;0;2;1;1;B02
201000011322;0;7;0;0;2;3;1;B02
201000011322;0;7;0;0;2;1;13;A01
201000011323;0;1;0;0;2;8;13;B02
201000011323;0;17;0;0;9;5;1;A01
201000011324;0;33;0;13;0;7;1;A01
201000011325;0;33;0;13;0;1;17;B02
201000011325;0;7;0;0;0;0;17;A01
201000011326;0;33;0;13;0;1;1;A01
201000011327;0;7;0;0;2;3;1;B02
201000011327;0;33;0;0;2;1;1;A01
201000011328;0;1;0;0;2;1;1;B02
201000011328;0;7;0;0;2;7;15;A01
201000011329;0;33;0;0;6;1;1;A01
201000011330;0;7;0;0;2;3;1;B02
201000011330;0;7;0;0;2;1;13;A01
201000011331;0;7;0;2;0;3;1;A01
201000011332;0;7;0;2;0;2;1;A01
201000011333;0;33;0;0;2;1;13;A01
201000011333;0;7;0;0;2;1;1;B02
201000011334;0;7;0;0;2;3;1;A01
201000011334;0;1;0;0;2;1;1;B02
201000011335;0;1;0;0;2;8;19;B02
201000011335;0;7;0;0;2;1;1;A01
201000011336;0;7;0;2;0;7;1;A01
201000011337;0;30;0;0;2;1;1;B02
201000011337;0;7;0;0;2;1;13;A01
201000011338;0;7;0;0;2;3;13;A01
201000011338;0;7;0;0;2;3;1;B02
201000011339;0;33;0;0;9;1;1;B02
201000011339;0;2;0;0;9;1;13;A01
201000011340;0;7;0;0;2;2;13;A01
201000011340;0;10;0;0;2;1;0;B02
201000011341;0;7;0;2;0;7;13;A01
201000011342;0;7;0;6;0;1;21;A01
201000011343;1;7;0;2;0;7;14;A01
201000011344;0;7;0;2;0;1;13;A01
201000011345;0;7;0;6;0;7;1;A01
201000011346;0;7;0;0;2;1;1;B02
201000011346;0;7;0;0;2;7;17;A01
201000011347;0;7;0;8;0;6;13;A01
201000011348;0;33;0;13;0;8;1;A01
201000011349;0;30;0;0;2;1;17;B02
201000011349;0;7;0;0;2;6;15;A01
201000011350;0;1;0;0;0;0;1;A01
201000011351;0;7;0;13;0;2;1;A01
201000011352;0;33;0;0;0;4;1;A01
201000011352;0;33;0;0;2;1;1;B02
201000011353;0;2;0;0;2;1;1;B02
201000011353;0;10;0;0;2;2;15;A01
201000011354;0;31;0;0;2;1;11;B02
201000011354;0;7;0;0;2;3;1;A01
201000011355;0;7;0;8;0;1;14;A01
201000011356;0;31;0;5;0;0;21;A01
201000011357;0;7;0;0;2;2;15;A01
201000011357;0;37;1;0;2;3;1;B02
201000011358;0;7;0;0;9;1;1;C03
201000011358;0;7;0;0;2;1;0;D04
201000011358;0;14;0;0;2;2;1;B02
201000011358;0;7;0;1;2;2;13;A01
201000011359;0;33;0;0;0;8;15;A01
201000011359;0;33;0;0;2;2;0;B02
201000011360;0;7;0;0;0;1;15;B02
201000011360;0;7;0;0;0;2;1;A01
201000011361;0;7;0;0;2;8;1;C03
201000011361;0;7;0;0;2;1;1;B02
201000011361;0;7;0;0;2;1;13;A01
201000011362;0;33;0;0;2;1;13;A01
201000011362;0;7;0;0;2;1;1;B02
201000011363;0;7;0;8;0;7;13;A01
201000011364;0;10;0;2;0;8;1;A01
201000011365;0;7;0;0;2;3;13;A01
201000011365;0;7;0;0;2;3;1;B02
201000011366;0;7;0;2;0;7;1;A01
201000011367;0;7;0;0;2;1;1;C03
201000011368;0;7;0;0;2;3;14;B02
201000011368;0;7;0;0;2;3;13;A01
201000011368;0;7;0;0;2;3;14;D04
201000011368;0;7;0;0;2;2;13;C03
201000011369;0;7;0;0;2;2;15;B02
201000011369;0;33;0;0;2;1;0;A01
201000011370;0;7;0;0;2;7;13;A01
201000011370;0;7;0;0;2;1;1;B02
201000011371;1;7;0;0;2;1;16;B02
201000011371;0;1;0;0;0;7;1;A01
201000011372;0;7;0;13;0;1;13;A01
201000011373;0;7;0;0;2;3;1;B02
201000011373;0;33;0;0;2;1;5;A01
201000011374;0;7;0;0;9;3;0;B02
201000011374;0;17;0;0;9;0;0;A01
201000011375;0;7;0;0;2;3;11;B02
201000011375;0;10;0;0;2;1;1;C03
201000011375;0;7;0;0;2;3;5;A01
201000011376;0;7;0;6;0;1;16;A01
201000011377;0;33;0;0;2;1;1;B02
201000011377;0;7;0;0;2;3;13;A01
201000011378;0;7;0;8;0;7;1;A01
201000011379;0;7;0;0;2;3;15;A01
201000011379;0;33;0;0;2;1;1;B02
201000011379;0;33;0;0;2;1;0;C03
201000011380;0;33;0;0;0;0;1;A01
201000011381;0;14;0;0;2;3;21;B02
201000011381;0;10;0;0;2;1;13;A01
201000011382;0;7;0;6;0;1;14;A01
201000011383;0;7;0;0;2;1;13;A01
201000011383;0;7;0;0;2;1;1;B02
201000011384;0;7;0;3;0;2;17;A01
201000011385;0;7;0;2;0;1;1;A01
201000011386;0;7;0;0;2;1;1;B02
201000011386;0;7;0;0;2;7;19;A01
201000011387;0;7;0;2;0;1;1;A01
201000011388;0;10;0;0;2;2;21;B02
201000011388;0;10;0;3;2;2;15;A01
201000011389;0;7;0;1;0;2;1;A01
201000011389;0;7;0;0;2;2;24;B02
201000011390;0;7;0;0;2;1;1;A01
201000011390;0;7;0;0;2;2;1;B02
201000011391;0;7;0;0;0;9;1;A01
201000011392;0;7;0;0;2;3;1;B02
201000011392;0;2;0;0;2;1;13;A01
201000011393;0;10;0;0;2;1;13;B02
201000011393;0;15;0;0;2;3;1;A01
201000011394;0;7;0;0;0;1;1;A01
201000011395;0;7;0;0;2;5;5;A01
201000011395;0;7;0;0;2;2;1;B02
201000011396;0;10;0;0;2;3;1;B02
201000011396;0;10;0;0;2;2;9;A01
201000011396;0;38;4;0;2;6;1;C03
201000011397;0;7;0;13;0;1;13;A01
201000011398;0;7;0;0;1;3;1;A01
201000011399;0;7;0;0;2;3;1;A01
201000011399;0;30;0;0;2;1;0;B02
201000011400;0;33;0;0;0;8;1;A01
201000011401;0;33;0;0;0;8;1;A01
201000011402;0;7;0;0;2;1;1;B02
201000011402;0;7;0;0;2;7;13;A01
201000011403;0;7;0;0;1;1;1;A01
201000011404;0;7;0;1;1;7;1;A01
201000011405;0;33;0;0;2;1;11;B01
201000011405;0;7;0;0;2;8;9;A01
201000011406;0;7;0;0;9;7;17;A01
201000011406;0;30;0;0;2;7;15;B01
201000011407;0;7;0;0;2;1;1;B01
201000011407;0;7;0;0;2;1;13;A01
201000011408;0;7;0;0;2;1;0;B01
201000011408;0;2;0;0;2;1;0;A01
201000011409;0;1;0;0;2;8;1;B01
201000011409;0;7;0;0;1;8;1;A01
201000011410;0;2;0;14;0;9;2;A01
201000011411;0;7;0;0;1;2;2;A01
201000011412;0;10;0;0;2;3;1;B01
201000011412;0;30;0;0;2;1;14;A01
201000011413;0;7;0;0;2;3;11;A01
201000011413;0;7;0;0;2;3;1;B01
201000011414;0;10;0;0;2;1;2;B01
201000011414;0;7;0;0;2;1;13;A01
201000011415;0;7;0;0;1;3;1;A01
201000011416;0;10;0;0;2;3;1;B02
201000011416;0;31;0;0;2;1;13;A01
201000011417;0;7;0;0;0;0;0;A01
201000011418;0;7;0;0;2;1;1;B02
201000011418;0;7;0;0;2;8;21;A01
201000011419;0;7;0;2;0;3;0;A01
201000011420;0;7;0;0;2;3;19;A01
201000011420;0;31;0;0;0;8;1;B02
201000011421;0;7;0;0;2;7;13;A01
201000011421;0;7;0;0;2;1;1;B02
201000011422;0;13;0;0;2;1;19;A01
201000011422;0;7;0;0;2;7;2;B02
201000011423;0;7;0;0;2;1;1;C03
201000011423;0;7;0;0;2;1;13;A01
201000011423;0;7;0;0;2;1;1;B02
201000011424;0;7;0;2;0;1;1;A01
201000011425;0;7;0;0;2;2;1;B02
201000011425;0;7;0;0;0;3;4;A01
201000011426;0;7;0;2;0;1;13;A01
201000011427;0;30;0;0;1;1;1;A01
201000011428;0;7;0;0;2;7;1;B02
201000011428;0;7;0;0;2;8;13;A01
201000011429;0;2;0;0;2;1;0;A01
201000011429;0;7;0;0;2;8;15;B02
201000011430;0;7;0;0;2;8;1;A01
201000011430;0;7;0;0;2;1;1;B02
201000011431;0;7;0;0;2;2;1;A01
201000011431;0;2;0;0;2;4;1;B02
201000011432;0;14;0;0;0;8;1;D04
201000011432;0;7;0;0;2;1;13;C03
201000011432;0;7;0;0;2;5;13;A01
201000011432;0;7;0;0;2;2;23;B02
201000011432;0;7;0;0;0;0;24;E05
201000011433;0;7;0;0;2;2;1;A01
201000011433;0;7;0;0;2;1;1;B02
201000011434;0;7;0;13;0;7;1;A01
201000011435;0;33;0;0;2;1;1;A01
201000011435;0;7;0;0;2;5;15;B02
201000011435;0;7;0;0;0;1;1;C03
201000011436;0;2;0;0;2;1;1;B02
201000011436;0;7;0;0;2;8;1;A01
201000011437;0;7;0;2;0;2;1;A01
201000011438;0;17;0;0;2;3;1;B02
201000011438;0;7;0;0;2;8;1;A01
201000011439;0;7;0;0;2;3;13;A01
201000011439;0;7;0;0;2;3;1;B02
201000011439;0;7;0;0;2;2;1;C03
201000011440;0;7;0;0;2;1;19;B02
201000011440;0;7;0;0;2;7;1;A01
201000011441;0;7;0;6;0;3;1;A01
201000011442;0;7;0;0;2;6;0;C03
201000011442;0;7;0;0;2;1;1;B02
201000011442;0;7;0;0;2;1;14;A01
201000011443;0;17;0;0;2;1;14;B02
201000011443;0;17;0;0;2;1;1;C03
201000011443;0;7;0;0;2;1;17;A01
201000011444;0;10;0;0;2;3;15;B02
201000011444;0;33;0;0;2;3;1;A01
201000011445;0;2;0;0;2;1;1;A01
201000011445;0;2;0;0;2;1;1;B02
201000011446;0;7;0;3;0;1;21;A01
201000011447;0;10;0;0;2;1;1;B02
201000011447;0;7;0;0;2;2;19;A01
201000011448;0;7;0;0;1;3;1;A01
201000011449;0;2;0;0;2;1;13;A01
201000011449;0;7;0;0;2;3;1;B02
201000011450;0;7;0;0;1;2;13;A01
201000011451;0;7;0;0;2;4;1;A01
201000011451;0;17;0;0;2;3;1;B02
201000011452;0;7;0;0;2;1;13;A01
201000011452;0;7;0;0;2;3;1;B02
201000011453;0;7;0;0;2;3;1;A01
201000011453;0;7;0;0;2;2;1;B02
201000011454;0;7;0;0;1;3;1;A01
201000011455;0;7;0;0;0;4;24;C03
201000011455;0;7;0;0;2;1;2;A01
201000011455;0;7;0;1;0;4;2;B02
201000011456;0;33;0;0;0;0;13;A01
201000011457;0;33;0;16;0;9;19;A01
201000011458;0;33;0;0;2;2;1;B02
201000011458;0;7;0;0;2;7;15;A01
201000011459;0;33;0;5;0;1;0;A01
201000011460;0;7;0;13;0;3;1;A01
201000011461;0;7;0;0;2;1;19;A01
201000011461;0;10;0;0;2;5;1;B02
201000011462;0;30;0;0;1;1;0;A01
201000011463;0;7;0;13;0;2;1;A01
201000011464;0;7;0;0;2;1;1;B02
201000011464;0;10;0;0;2;1;13;A01
201000011465;0;7;0;0;2;8;1;B02
201000011465;0;7;0;0;2;1;1;A01
201000011466;0;7;0;13;0;3;19;A01
201000011467;0;7;0;2;0;3;1;A01
201000011468;0;33;0;16;0;0;17;A01
201000011469;0;1;0;0;2;8;0;B02
201000011469;0;7;0;0;2;7;17;A01
201000011470;0;7;0;0;2;1;1;B02
201000011470;0;7;0;8;0;4;19;A01
201000011471;0;17;0;0;2;2;15;A01
201000011471;0;7;0;0;2;1;1;B02
201000011472;0;7;0;8;0;1;1;A01
201000011473;0;10;0;0;2;7;1;A01