num_acc;senc;catv;occutc;obs;obsm;choc;manv;num_veh
201000011473;0;7;0;0;2;1;1;B02
201000011474;0;7;0;0;2;3;1;B02
201000011474;0;10;0;0;2;3;13;A01
201000011475;0;7;0;1;0;3;13;A01
201000011476;0;7;0;0;2;3;1;B02
201000011476;0;30;0;0;2;3;13;A01
201000011477;0;7;0;12;0;2;6;A01
201000011478;0;7;0;13;0;3;13;A01
201000011479;0;7;0;2;0;6;1;A01
201000011480;0;7;0;8;0;8;13;A01
201000011481;0;10;0;0;2;8;13;A01
201000011481;0;7;0;0;2;1;1;C03
201000011481;0;15;0;0;2;7;1;B02
201000011482;0;7;0;0;2;6;1;C03
201000011482;0;33;0;0;2;1;21;A01
201000011482;0;7;0;0;2;1;1;B02
201000011483;0;31;0;0;2;1;1;A01
201000011483;0;10;0;0;2;7;15;B02
201000011484;0;10;0;0;0;8;19;A01
201000011484;0;10;0;0;2;1;1;B02
201000011485;0;10;0;0;2;1;2;B02
201000011485;0;7;0;0;2;1;2;D04
201000011485;0;15;0;0;2;1;5;A01
201000011485;0;7;0;0;2;1;2;C03
201000011486;0;7;0;0;2;2;19;B02
201000011486;0;7;0;0;2;3;1;A01
201000011487;0;7;0;13;0;1;13;A01
201000011488;0;7;0;16;0;1;1;A01
201000011489;0;31;0;16;0;7;1;A01
201000011490;0;7;0;0;2;1;13;A01
201000011490;0;7;0;0;2;3;1;B02
201000011491;0;7;0;2;0;1;13;A01
201000011492;0;7;0;2;0;7;1;A01
201000011493;0;7;0;9;0;2;1;A01
201000011494;0;7;0;0;2;1;1;A01
201000011494;0;7;0;0;2;1;1;B02
201000011495;0;7;0;0;2;1;5;A01
201000011495;0;7;0;0;2;1;1;B02
201000011495;0;7;0;0;2;2;21;C03
201000011496;0;7;0;0;2;8;15;B02
201000011496;0;30;0;0;2;1;17;A01
201000011497;0;7;0;0;2;1;13;A01
201000011497;0;14;0;0;2;1;1;B02
201000011498;0;7;0;1;0;3;1;A01
201000011499;0;7;0;0;2;3;1;B02
201000011499;0;7;0;0;2;3;1;C03
201000011499;0;33;0;0;2;1;17;A01
201000011500;0;7;0;6;0;3;1;A01
201000011501;0;20;0;0;0;0;1;A01
201000011502;0;7;0;13;0;2;1;A01
201000011503;0;7;0;0;2;1;1;A01
201000011503;0;7;0;0;2;1;1;B02
201000011504;0;33;0;0;2;8;1;B02
201000011504;0;7;0;0;2;3;5;A01
201000011505;0;33;0;3;0;9;1;A01
201000011506;0;7;0;0;2;3;1;C03
201000011506;0;33;0;0;2;1;1;B02
201000011506;0;33;0;0;2;1;1;A01
201000011507;0;7;0;0;2;1;1;B02
201000011507;0;7;0;0;2;1;5;A01
201000011508;0;7;0;0;2;2;13;A01
201000011508;0;7;0;0;2;3;1;B02
201000011509;0;10;0;0;2;3;1;B02
201000011509;0;10;0;0;2;1;0;C03
201000011509;0;7;0;0;2;1;13;A01
201000011510;0;31;0;0;2;1;1;B01
201000011510;0;7;0;0;2;3;19;A01
201000011511;0;7;0;0;1;1;2;A01
201000011512;0;39;1;0;4;1;1;B01
201000011512;0;7;0;8;4;7;23;A01
201000011513;1;30;0;0;2;1;2;B01
201000011513;1;7;0;0;2;0;10;A01
201000011514;0;7;0;0;2;1;1;B01
201000011514;0;7;0;0;2;2;15;A01
201000011515;0;2;0;0;2;1;13;B01
201000011515;0;7;0;0;0;1;19;A01
201000011516;0;7;0;0;0;1;9;A01
201000011516;0;32;0;0;2;4;0;B01
201000011517;0;2;0;0;2;1;17;A01
201000011517;0;35;0;0;2;3;15;B01
201000011518;0;7;0;0;2;2;0;B01
201000011518;0;7;0;0;2;2;0;A01
201000011519;0;10;0;0;0;8;11;A01
201000011519;0;36;0;7;2;7;17;B01
201000011520;0;7;0;0;0;5;15;B01
201000011520;0;7;0;13;2;5;2;A01
201000011521;0;7;0;0;2;1;9;A01
201000011521;0;33;0;0;2;9;2;B01
201000011521;0;7;0;0;1;1;1;C01
201000011522;0;7;0;0;1;3;1;A01
201000011523;0;7;0;13;0;7;14;A01
201000011524;0;7;0;0;2;3;1;B02
201000011524;0;7;0;0;2;3;13;A01
201000011524;0;7;0;0;2;1;1;C03
201000011525;0;7;0;0;2;3;13;A01
201000011525;0;10;0;0;0;3;1;B02
201000011526;0;1;0;0;0;3;15;B02
201000011526;0;33;0;0;2;1;1;A01
201000011527;0;7;0;0;0;9;1;A01
201000011528;0;7;0;0;2;1;1;B02
201000011528;0;7;0;0;2;7;19;A01
201000011529;0;7;0;0;2;1;13;A01
201000011529;0;31;0;0;2;1;1;B02
201000011530;0;7;0;0;2;3;1;B02
201000011530;0;1;0;0;2;1;19;A01
201000011531;0;7;0;0;2;2;15;B02
201000011531;0;32;0;0;2;1;1;A01
201000011532;0;7;0;8;0;3;17;A01
201000011533;0;7;0;0;2;3;1;B02
201000011533;0;7;0;0;2;1;17;A01
201000011534;0;7;0;0;2;1;1;B02
201000011534;0;7;0;0;2;7;19;A01
201000011535;0;7;0;13;0;1;1;A01
201000011536;0;30;0;0;2;1;19;B02
201000011536;0;7;0;0;2;2;1;A01
201000011537;0;7;0;0;1;1;1;A01
201000011538;0;10;0;15;0;3;14;A01
201000011539;0;2;0;3;0;7;1;A01
201000011540;0;7;0;0;2;2;17;A01
201000011540;0;1;0;0;0;4;1;B02
201000011541;0;30;0;0;0;1;13;A01
201000011541;0;7;0;0;0;3;0;B02
201000011542;0;10;0;0;2;1;1;B02
201000011542;0;7;0;0;2;3;19;A01
201000011543;0;7;0;0;0;4;1;B02
201000011543;0;7;0;0;2;1;1;A01
201000011544;0;7;0;0;0;3;0;A01
201000011544;0;2;0;0;0;2;19;B02
201000011545;0;10;0;0;2;4;23;A01
201000011545;0;2;0;0;2;1;1;B02
201000011546;0;21;0;0;2;8;1;B02
201000011546;0;7;0;0;2;1;13;A01
201000011547;0;7;0;2;0;1;17;A01
201000011547;0;21;0;0;0;0;15;B02
201000011548;0;2;0;0;2;1;1;A01
201000011548;0;7;0;0;2;2;15;B02
201000011549;0;10;0;0;2;1;1;B02
201000011549;0;10;0;0;2;7;1;A01
201000011550;0;7;0;0;2;3;1;C03
201000011550;0;7;0;0;0;9;17;A01
201000011550;0;7;0;0;2;1;1;D04
201000011550;0;7;0;0;2;1;1;B02
201000011551;0;17;0;0;0;0;1;B02
201000011551;0;7;0;0;2;0;21;D04
201000011551;0;33;0;0;2;7;17;A01
201000011552;0;7;0;0;1;4;20;A01
201000011553;0;7;0;2;0;9;19;A01
201000011554;0;7;0;0;2;3;1;B02
201000011554;0;7;0;0;2;1;13;A01
201000011555;0;7;0;0;2;9;13;A01
201000011555;0;7;0;0;2;1;1;B02
201000011556;0;1;0;0;2;1;19;A01
201000011556;0;7;0;0;0;4;20;B02
201000011557;1;7;0;0;1;2;15;A01
201000011558;0;7;0;0;2;8;23;B02
201000011558;0;2;0;0;2;1;16;A01
201000011559;0;15;0;0;2;2;21;B02
201000011559;0;7;0;0;2;3;10;A01
201000011560;0;36;0;7;0;1;1;A01
201000011561;0;33;0;0;2;1;1;B02
201000011561;0;7;0;0;2;3;19;A01
201000011562;0;15;0;0;2;3;1;A01
201000011562;0;7;0;0;2;4;11;B02
201000011562;0;7;0;0;2;1;5;C03
201000011563;0;7;0;0;2;3;1;A01
201000011563;0;30;0;0;2;1;1;B02
201000011564;0;30;0;0;0;0;1;A01
201000011565;0;7;0;0;2;7;1;B02
201000011565;0;31;0;0;2;1;13;A01
201000011566;0;7;0;0;2;3;1;B02
201000011566;0;7;0;0;2;7;13;A01
201000011567;0;33;0;14;0;2;17;A01
201000011568;0;30;0;0;2;1;13;A01
201000011568;0;7;0;0;2;1;1;B02
201000011569;0;10;0;0;0;3;1;B02
201000011569;0;7;0;0;0;1;13;A01
201000011570;0;7;0;0;2;3;1;A01
201000011570;0;7;0;0;2;3;1;B02
201000011571;0;1;0;0;2;8;19;A01
201000011571;0;7;0;0;9;2;1;B02
201000011572;0;7;0;0;2;5;15;B02
201000011572;0;7;0;0;2;3;2;A01
201000011573;0;7;0;0;2;2;1;B02
201000011573;0;7;0;0;2;3;10;A01
201000011574;0;7;0;0;1;3;1;A01
201000011575;0;30;0;10;0;8;1;A01
201000011576;0;2;0;0;2;1;1;A01
201000011576;0;7;0;0;0;4;1;B02
201000011577;0;33;0;4;0;1;13;A01
201000011578;0;1;0;0;2;1;1;B02
201000011578;0;7;0;0;9;3;15;A01
201000011579;0;7;0;2;0;3;1;A01
201000011580;0;33;0;13;0;1;15;A01
201000011581;0;7;0;13;0;2;1;A01
201000011582;0;7;0;0;1;1;1;A01
201000011583;0;7;0;0;2;3;13;A01
201000011583;0;7;0;0;2;3;1;B02
201000011584;0;7;0;0;0;3;1;B02
201000011584;0;7;0;0;0;3;1;A01
201000011585;0;7;0;0;2;1;2;B02
201000011585;0;7;0;4;0;6;17;A01
201000011586;0;7;0;0;0;2;19;A01
201000011586;0;2;0;0;2;1;1;B02
201000011587;0;7;0;13;0;3;1;A01
201000011588;0;7;0;2;0;3;1;A01
201000011589;0;33;0;0;2;1;1;B02
201000011589;0;1;0;0;2;8;19;A01
201000011590;0;7;0;0;2;8;23;C03
201000011590;0;7;0;1;2;1;15;A01
201000011590;0;7;0;0;2;3;1;B02
201000011591;0;7;0;0;2;7;1;A01
201000011591;0;7;0;0;2;2;1;B02
201000011592;0;21;0;0;2;1;16;A01
201000011592;0;37;1;0;2;3;1;B02
201000011593;0;15;0;0;2;3;5;A01
201000011593;0;7;0;0;2;1;1;B02
201000011594;0;7;0;13;0;1;14;D04
201000011594;0;7;0;0;2;1;1;C03
201000011594;0;7;0;0;2;2;13;A01
201000011594;0;7;0;0;2;8;1;B02
201000011595;0;7;0;0;2;1;1;B02
201000011595;0;7;0;0;2;1;13;A01
201000011596;0;7;0;8;0;1;1;A01
201000011597;0;7;0;0;1;1;20;A01
201000011598;0;7;0;0;2;1;5;A01
201000011598;0;7;0;0;2;1;2;B02
201000011599;0;1;0;0;2;4;13;A01
201000011599;0;7;0;0;2;3;1;B02
201000011600;1;7;0;0;2;0;17;A01
201000011600;0;1;0;0;0;0;1;B02
201000011601;0;7;0;0;2;8;15;B02
201000011601;0;2;0;0;2;3;13;A01
201000011602;0;10;0;0;2;2;1;B02
201000011602;0;30;0;0;2;1;19;A01
201000011603;0;15;0;0;2;3;1;B02
201000011603;0;7;0;0;2;3;13;A01
201000011604;0;7;0;16;0;8;13;A01
201000011605;0;7;0;2;0;2;1;A01
201000011606;0;7;0;13;0;9;1;A01
201000011607;0;7;0;0;1;3;1;A01
201000011608;0;7;0;0;1;3;1;A01
201000011609;0;33;0;0;2;1;17;B02
201000011609;0;7;0;0;2;3;15;A01
201000011610;0;7;0;0;2;3;1;B02
201000011610;0;7;0;0;2;3;13;A01
201000011611;0;7;0;0;1;2;1;A01
201000011612;0;10;0;0;1;3;1;A01
201000011613;0;17;0;0;2;8;1;B02
201000011613;0;7;0;0;2;3;13;A01
201000011613;0;10;0;0;2;3;1;C03
201000011614;0;7;0;0;2;1;13;A01
201000011614;0;15;0;0;2;2;1;B02
201000011615;0;2;0;0;2;2;2;A01
201000011615;0;7;0;0;2;5;2;B02
201000011616;0;14;0;13;0;1;13;A01
201000011617;0;7;0;0;2;8;1;C03
201000011617;0;7;0;0;2;3;13;A01
201000011617;0;7;0;0;2;8;13;B02
201000011618;0;21;0;0;2;4;2;B02
201000011618;0;7;0;0;2;1;2;A01
201000011619;0;31;0;0;0;1;1;B02
201000011619;0;30;0;0;2;6;10;A01
201000011620;0;7;0;0;2;8;15;B02
201000011620;0;33;0;0;2;7;17;A01
201000011621;0;7;0;0;2;1;1;B02
201000011621;0;21;0;0;2;1;15;A01
201000011622;0;1;0;0;2;1;0;B02
201000011622;0;7;0;0;2;2;17;A01
201000011623;0;2;0;0;2;3;16;A01
201000011623;0;21;0;0;2;6;15;B02
201000011624;0;7;0;2;0;1;15;A01
201000011625;0;7;0;0;2;7;17;A01
201000011625;0;2;0;0;2;8;1;B02
201000011626;0;33;0;0;2;1;1;A01
201000011626;0;7;0;0;2;3;1;B02
201000011627;0;7;0;0;2;8;1;A01
201000011627;0;7;0;0;2;1;1;B02
201000011628;0;7;0;0;2;2;1;A01
201000011628;0;7;0;0;2;8;15;B02
201000011629;0;10;0;0;2;3;13;A01
201000011629;0;10;0;0;2;3;1;B02
201000011629;0;10;0;0;9;2;1;C03
201000011630;0;7;0;0;2;1;1;B02
201000011630;0;1;0;0;2;1;13;A01
201000011631;0;7;0;0;2;3;1;A01
201000011631;0;10;0;0;2;3;1;B02
201000011632;0;2;0;0;0;4;1;B02
201000011632;0;7;0;0;2;2;1;A01
201000011633;0;7;0;2;0;5;13;A01
201000011634;0;7;0;0;2;2;0;B02
201000011634;0;7;0;0;2;2;13;A01
201000011634;0;10;0;0;0;0;0;C03
201000011635;0;7;0;0;2;2;15;A01
201000011635;0;10;0;0;2;1;1;B02
201000011635;0;7;0;0;2;1;0;C03
201000011636;0;7;0;2;0;1;1;A01
201000011637;0;10;0;8;0;3;1;A01
201000011638;0;7;0;0;0;1;1;A01
201000011638;0;7;0;0;0;1;1;B02
201000011639;0;33;0;8;2;7;21;A01
201000011639;0;10;0;0;2;1;1;B02
201000011640;0;7;0;0;0;3;9;A01
201000011640;0;33;0;0;2;1;1;B02
201000011641;0;30;0;7;0;7;1;A01
201000011642;0;7;0;2;0;1;13;A01
201000011643;0;7;0;0;0;3;15;A01
201000011643;0;30;0;0;2;1;1;B02
201000011644;0;7;0;0;2;1;1;A01
201000011644;0;14;0;0;2;1;1;B02
201000011645;0;7;0;0;2;3;1;B02
201000011645;0;7;0;0;2;3;1;A01
201000011646;0;14;0;0;9;2;1;A01
201000011646;0;1;0;0;2;0;0;B02
201000011647;0;14;0;0;1;1;1;A01
201000011648;0;7;0;2;0;9;1;A01
201000011649;0;7;0;0;2;1;15;A01
201000011649;0;7;0;0;2;1;1;B02
201000011650;0;7;0;0;1;2;1;A01
201000011651;0;33;0;0;2;1;13;A01
201000011651;0;7;0;0;2;2;1;B02
201000011652;0;7;0;0;1;1;1;A01
201000011653;0;33;0;0;0;1;1;A01
201000011653;0;10;0;0;2;3;15;B02
201000011654;0;7;0;0;2;3;6;B02
201000011654;0;14;0;0;2;8;1;C03
201000011654;0;7;0;0;2;1;9;A01
201000011655;0;7;0;2;0;3;1;A01
201000011656;0;7;0;0;2;1;13;A01
201000011656;0;7;0;0;2;3;1;C03
201000011656;0;7;0;0;2;1;1;B02
201000011657;0;7;0;0;2;1;13;A01
201000011657;0;7;0;0;2;1;1;B02
201000011658;0;7;0;4;0;3;13;A01
201000011659;0;7;0;4;0;2;1;A01
201000011660;0;7;0;0;2;1;2;F06
201000011660;0;7;0;0;0;6;2;A01
201000011660;0;7;0;0;2;3;14;D04
201000011660;0;7;0;0;2;4;2;E05
201000011660;0;7;0;0;0;6;2;B02
201000011660;0;7;0;0;0;4;2;C03
201000011661;0;99;0;2;0;1;17;A01
201000011662;0;7;0;14;0;1;0;A01
201000011663;0;7;0;0;0;4;24;B02
201000011663;0;7;0;1;2;1;14;A01
201000011664;0;17;0;14;0;2;13;B02
201000011664;0;7;0;4;0;3;13;A01
201000011665;0;7;0;4;0;3;17;A01
201000011666;0;17;0;0;0;6;1;B02
201000011666;0;7;0;0;2;2;1;A01
201000011667;0;7;0;0;2;0;1;C03
201000011667;0;17;0;0;2;2;1;B02
201000011667;0;7;0;0;2;8;9;A01
201000011668;0;7;0;3;2;8;1;A01
201000011668;0;7;0;4;2;5;1;B01
201000011669;0;99;0;0;0;0;0;B02
201000011670;0;7;0;0;2;2;17;B02
201000011670;0;15;0;0;2;3;13;A01
201000011671;0;7;0;0;2;6;1;B02
201000011671;0;7;0;0;2;2;21;A01
201000011672;0;7;0;0;0;6;1;A01
201000011672;0;7;0;0;9;1;1;B02
201000011673;0;7;0;4;0;1;14;A01
201000011674;0;7;0;0;2;2;2;A01
201000011674;0;7;0;0;0;6;2;B02
201000011675;0;7;0;0;2;1;2;A01
201000011675;0;7;0;0;0;4;2;B02
201000011676;0;7;0;0;2;1;1;C01
201000011676;0;7;0;;2;9;1;J01
201000011676;0;7;0;0;2;1;1;E05
201000011676;0;7;0;0;2;6;1;L01
201000011676;0;7;0;;2;9;1;F01
201000011676;0;7;0;0;2;1;1;B01
201000011676;0;7;0;;2;4;1;D01
201000011677;0;7;0;0;0;5;1;B02
201000011677;0;7;0;0;2;3;14;A01
201000011678;0;7;0;0;2;1;2;A01
201000011678;0;7;0;0;2;4;2;B02
201000011679;0;7;0;4;0;3;13;A01
201000011680;0;15;0;0;2;6;1;B02
201000011680;0;7;0;0;2;2;12;A01
201000011681;0;10;0;0;2;2;14;A01
201000011681;0;7;0;0;2;6;1;B02
201000011682;0;7;0;0;2;2;14;A01
201000011682;0;15;0;0;0;6;1;B02
201000011683;0;7;0;0;2;5;2;B02
201000011683;0;7;0;4;0;6;21;C03
201000011683;0;14;0;0;2;3;2;A01
201000011684;0;7;0;4;0;1;0;A01
201000011685;0;7;0;0;0;4;24;D04
201000011685;0;7;0;0;2;1;2;A01
201000011685;0;17;0;0;0;4;2;B02
201000011685;0;17;0;1;1;9;2;C03
201000011686;0;10;0;0;0;7;2;A01
201000011687;0;7;0;0;2;2;14;A01
201000011687;0;7;0;0;0;6;1;B02
201000011688;0;33;0;0;0;8;1;A01
201000011689;0;7;0;5;0;1;14;A01
201000011690;0;7;0;13;0;2;1;A01
201000011691;0;7;0;0;1;5;4;A01
201000011692;0;17;0;0;0;6;1;B02
201000011692;0;7;0;0;2;1;1;A01
201000011692;0;7;0;0;0;7;1;C03
201000011693;0;7;0;4;0;1;2;A01
201000011694;0;7;0;4;0;3;1;A01
201000011695;0;7;0;0;2;1;2;A01
201000011695;0;7;0;0;2;4;2;B02
201000011696;0;7;0;4;0;3;21;A01
201000011697;0;7;0;0;2;2;17;A01
201000011697;0;17;0;0;2;8;2;B02
201000011698;0;7;0;3;0;1;1;A01
201000011699;0;7;0;4;0;1;0;A01
201000011699;0;7;0;0;0;0;0;B02
201000011700;0;17;0;0;2;4;2;B02
201000011700;0;10;0;3;2;1;2;A01
201000011701;0;10;0;0;2;3;1;B02
201000011701;0;33;0;0;2;1;13;A01
201000011702;0;7;0;0;2;1;21;A01
201000011702;0;7;0;0;0;8;19;B02
201000011703;0;7;0;0;2;4;23;A01
201000011703;0;7;0;0;2;1;1;B02
201000011704;0;7;0;2;0;2;1;A01
201000011705;0;7;0;0;0;4;2;B02
201000011705;0;7;0;0;2;1;2;A01
201000011706;0;7;0;0;2;1;1;A01
201000011706;0;7;0;0;2;4;1;B02
201000011707;0;7;0;0;2;6;1;A01
201000011707;0;30;0;0;2;1;1;B02
201000011708;0;7;0;3;2;3;1;B02
201000011708;0;2;0;0;2;1;13;A01
201000011709;0;7;0;0;2;7;13;A01
201000011709;0;7;0;0;2;1;1;B02
201000011710;0;7;0;0;2;3;19;A01
201000011710;0;7;0;0;2;3;1;B02
201000011711;0;7;0;0;2;3;15;A01
201000011711;0;33;0;0;2;1;1;B02
201000011712;0;34;0;0;2;7;17;B02
201000011712;0;7;0;0;2;8;17;A01
201000011713;0;2;0;1;0;1;14;A01
201000011713;0;7;0;0;0;6;23;B02
201000011714;0;7;0;0;0;1;0;B02
201000011714;0;7;0;0;0;1;5;A01
201000011715;0;7;0;10;0;9;13;A01
201000011716;0;7;0;0;0;6;13;A01
201000011716;0;33;0;0;2;1;17;B02
201000011717;0;7;0;0;2;1;1;B02
201000011717;0;7;0;0;2;1;21;A01
201000011718;0;3;0;0;0;6;19;A01
201000011718;0;33;0;0;2;3;14;B02
201000011719;0;7;0;13;0;2;1;A01
201000011720;0;7;0;0;2;3;1;A01
201000011720;0;7;0;0;2;3;1;B02
201000011720;0;7;0;0;2;7;1;C03
201000011721;0;7;0;0;2;3;1;B02
201000011721;0;7;0;0;2;3;1;A01
201000011722;0;7;0;6;2;2;12;A01
201000011722;0;7;0;0;0;3;1;B02
201000011723;0;7;0;0;2;3;16;A01
201000011723;0;7;0;0;2;1;15;B02
201000011724;0;7;0;0;1;2;1;A01
201000011725;0;3;0;0;2;4;2;A01
201000011725;1;7;0;0;0;0;0;A02
201000011726;0;10;0;0;0;1;1;A01
201000011727;0;7;0;0;2;4;1;C03
201000011727;0;7;0;0;2;3;17;A01
201000011727;0;7;0;0;2;2;1;B02
201000011728;0;7;0;0;2;1;1;A01
201000011728;0;33;0;0;2;1;13;B02
201000011729;0;33;0;13;0;1;1;A01
201000011730;0;33;0;3;0;8;1;A01
201000011731;0;32;0;0;2;8;1;B02
201000011731;0;7;0;0;2;5;17;A01
201000011732;0;7;0;13;0;3;1;A01
201000011733;0;1;0;0;2;1;1;B02
201000011733;0;7;0;0;9;3;1;A01
201000011734;0;7;0;2;0;1;1;A01
201000011735;0;7;0;0;2;3;1;A01
201000011735;0;7;0;0;2;3;1;B02
201000011736;0;7;0;0;0;7;15;A01
201000011736;0;33;0;0;0;3;1;B02
201000011737;0;7;0;0;2;3;17;A01
201000011737;0;7;0;0;2;3;1;B02
201000011738;0;7;0;0;0;3;1;A01
201000011738;0;7;0;0;0;3;0;B02
201000011739;0;7;0;0;1;2;1;A01
201000011740;0;10;0;15;0;9;1;A01
201000011741;0;7;0;0;2;4;1;C03
201000011741;0;10;0;0;2;1;1;A01
201000011741;0;7;0;0;2;4;1;B02
201000011742;0;33;0;0;0;7;1;B02
201000011742;0;33;0;0;0;7;1;A01
201000011743;0;31;0;0;1;1;1;A01
201000011744;0;7;0;0;2;1;2;A01
201000011744;0;34;0;0;0;4;0;B02
201000011745;0;7;0;8;0;3;1;A01
201000011746;0;1;0;0;2;1;16;B02
201000011746;0;7;0;0;2;8;1;A01
201000011747;0;13;0;0;0;2;1;A01
201000011748;0;7;0;0;2;1;2;B02
201000011748;0;30;0;0;2;4;2;A01
201000011749;0;7;0;0;1;3;15;A01
201000011749;0;1;0;0;2;0;1;B02
201000011750;0;7;0;0;2;8;15;A01
201000011750;0;7;0;0;2;1;1;B02
201000011751;0;14;0;0;2;1;1;B02
201000011751;0;7;0;0;2;1;13;A01
201000011752;0;10;0;13;0;1;13;A01
201000011753;0;7;0;0;1;1;0;A01
201000011754;0;7;0;4;0;3;1;A01
201000011755;0;33;0;0;2;8;1;A01
201000011755;0;7;0;0;2;8;19;B02
201000011756;2;7;0;0;0;8;0;B02
201000011756;0;7;0;0;2;8;1;A01
201000011757;0;7;0;3;0;0;1;A01
201000011758;0;10;0;0;2;4;1;A01
201000011758;2;7;0;0;2;1;1;B02
201000011759;0;7;0;0;2;6;15;A01
201000011759;0;30;0;0;2;1;1;B02
201000011760;0;7;0;2;0;1;14;A01
201000011761;0;7;0;0;2;9;1;C03
201000011761;0;7;0;0;2;4;1;B02
201000011761;0;7;0;0;2;1;1;A01
201000011762;0;7;0;0;2;8;13;A01
201000011762;0;10;0;0;2;3;13;B02
201000011763;0;7;0;0;2;2;15;A01
201000011763;0;7;0;0;2;3;1;B02
201000011764;0;7;0;0;2;3;9;A01
201000011764;0;33;0;0;2;7;1;B02
201000011765;0;7;0;0;2;1;13;A01
201000011765;0;33;0;0;0;8;1;B02
201000011766;0;34;0;0;2;1;13;B02
201000011766;0;31;0;0;2;1;1;A01
201000011767;0;33;0;12;0;8;1;A01
201000011768;0;33;0;0;2;4;1;A01
201000011769;0;7;0;0;2;3;15;B02
201000011769;0;31;0;0;2;1;1;A01
201000011770;0;7;0;0;2;1;1;A01
201000011770;0;7;0;0;2;3;1;B02
201000011771;0;7;0;0;2;2;9;A01
201000011771;0;1;0;0;0;5;1;B02
201000011772;0;17;0;0;1;0;1;A01
201000011773;0;7;0;0;2;7;21;A01
201000011773;0;10;0;0;2;1;1;B02
201000011774;0;7;0;0;2;1;15;A01
201000011774;0;7;0;0;2;1;1;B02
201000011775;0;7;0;0;2;3;17;A01
201000011775;0;7;0;0;2;3;1;B02
201000011775;0;17;0;0;0;6;2;C03
201000011776;0;7;0;0;2;3;1;A01
201000011776;0;7;0;0;2;6;1;B02
201000011777;0;99;0;13;0;1;1;A01
201000011778;0;33;0;2;0;1;13;A01
201000011779;0;33;0;14;0;1;1;A01
201000011780;0;7;0;11;0;9;1;A01
201000011781;0;7;0;0;2;2;5;A01
201000011781;0;10;0;0;2;3;1;B02
201000011782;0;7;0;2;0;7;13;A01
201000011783;0;7;0;13;0;1;17;A01
201000011784;0;7;0;0;2;8;1;B02
201000011784;0;7;0;0;2;1;19;A01
201000011785;0;7;0;6;0;0;1;A01
201000011786;0;7;0;0;2;5;15;B02
201000011786;0;7;0;0;2;3;1;A01
201000011787;0;7;0;13;0;1;1;A01
201000011788;0;7;0;0;2;2;15;A01
201000011788;0;7;0;0;2;2;13;B02
201000011789;0;7;0;13;0;1;1;A01
201000011790;0;31;0;0;2;1;1;B02
201000011790;0;7;0;0;2;3;15;A01
201000011791;0;31;0;0;2;1;2;A01
201000011791;0;7;0;0;0;5;2;B02
201000011792;0;7;0;0;2;4;2;B02
201000011792;0;7;0;0;2;1;2;A01
201000011793;0;7;0;0;0;8;9;A01
201000011793;0;33;0;0;0;1;2;B02
201000011794;0;7;0;0;2;1;1;A01
201000011794;0;7;0;0;2;7;19;B02
201000011795;0;7;0;0;2;2;1;A01
201000011795;0;7;0;0;2;7;19;B02
201000011796;0;7;0;0;2;2;2;A01
201000011796;0;99;0;0;0;6;2;B02
201000011797;0;33;0;0;2;3;19;A01
201000011797;0;7;0;0;2;1;1;B02
201000011798;1;7;0;0;2;1;19;B02
201000011798;0;7;0;0;2;7;1;A01
201000011799;0;31;0;15;0;1;1;A01
201000011800;0;2;0;0;0;0;0;A01
201000011801;0;7;0;0;2;8;1;B02
201000011801;0;7;0;0;2;2;15;A01
201000011802;0;7;0;8;0;1;1;A01
201000011803;0;1;0;0;2;6;0;B02
201000011803;0;14;0;0;2;3;19;A01
201000011804;0;7;0;6;0;1;14;A01
201000011805;0;7;0;0;2;1;13;A01
201000011805;0;7;0;0;2;1;1;B02
201000011806;0;7;0;3;0;2;1;A01
201000011807;0;31;0;1;0;1;1;A01
201000011807;0;7;0;0;2;3;1;B02
201000011808;0;1;0;0;2;7;19;B02
201000011808;0;7;0;0;2;1;1;A01
201000011809;0;7;0;2;0;1;0;A01
201000011810;0;7;0;0;2;2;2;A01
201000011810;0;7;0;0;0;6;2;B02
201000011811;0;10;0;13;0;8;13;A01
201000011812;0;7;0;0;2;5;0;A01
201000011812;0;7;0;2;2;1;0;B02
201000011813;0;7;0;0;2;5;1;B02
201000011813;0;7;0;0;2;1;1;C03
201000011813;0;7;0;0;2;3;1;A01
201000011814;0;14;0;0;0;5;2;C03
201000011814;0;1;0;0;0;4;1;B02
201000011814;0;7;0;0;9;2;2;A01
201000011815;0;30;0;0;2;1;1;B02
201000011815;0;7;0;0;2;4;15;A01
201000011816;0;7;0;13;0;1;1;A01
201000011817;0;10;0;0;2;2;1;B02
201000011817;0;7;0;2;0;7;14;A01
201000011818;0;7;0;0;2;1;17;A01
201000011818;0;17;0;0;2;8;15;B02
201000011819;0;7;0;2;0;1;1;A01
201000011820;0;7;0;13;0;1;1;A01
201000011821;0;7;0;3;0;0;1;A01
201000011822;0;7;0;0;2;8;15;A01
201000011822;0;10;0;0;2;1;0;B02
201000011823;0;7;0;13;0;1;1;A01
201000011824;0;13;0;0;2;1;1;B02
201000011824;0;7;0;0;2;1;13;A01
201000011825;0;1;0;0;2;1;1;B02
201000011825;0;10;0;0;2;2;15;A01
201000011826;0;7;0;13;0;1;1;A01
201000011827;0;7;0;0;1;1;1;A01
201000011828;0;7;0;14;0;1;21;C03
201000011828;0;10;0;0;2;3;13;A01