num_acc;senc;catv;occutc;obs;obsm;choc;manv;num_veh
201000011828;0;17;0;0;2;3;1;B02
201000011829;0;7;0;0;0;4;23;A01
201000011829;0;7;0;0;2;1;1;B02
201000011830;0;7;0;2;0;3;1;A01
201000011831;0;7;0;2;0;1;13;A01
201000011832;0;7;0;0;2;3;19;B02
201000011832;0;7;0;0;2;1;1;A01
201000011833;0;7;0;2;0;1;1;A01
201000011834;0;7;0;8;0;1;1;A01
201000011835;0;7;0;8;0;1;0;A01
201000011836;0;7;0;2;0;3;1;A01
201000011837;0;31;0;0;5;1;0;A01
201000011838;0;31;0;0;2;4;23;A01
201000011838;0;10;0;1;0;2;1;B02
201000011839;0;20;0;0;2;2;21;B02
201000011839;0;7;0;0;2;2;16;A01
201000011840;0;7;0;0;1;3;1;A01
201000011841;0;7;0;0;2;3;1;B02
201000011841;0;7;0;0;2;1;13;A01
201000011842;0;32;0;0;0;0;1;A01
201000011843;0;7;0;13;0;1;19;A01
201000011844;0;31;0;0;0;0;1;A01
201000011845;0;7;0;0;0;2;1;A01
201000011846;0;7;0;0;2;1;1;A01
201000011846;0;7;0;0;2;8;1;B02
201000011846;0;7;0;0;2;1;1;C03
201000011847;0;7;0;4;2;2;1;B02
201000011847;0;7;0;4;2;2;1;A01
201000011848;0;33;0;13;2;7;17;A01
201000011848;0;7;0;0;2;8;17;B02
201000011849;0;7;0;0;2;8;19;A01
201000011849;0;31;0;0;2;1;1;B02
201000011850;0;7;0;0;2;3;1;B02
201000011850;0;33;0;0;2;1;13;A01
201000011851;0;10;0;0;2;1;1;B02
201000011851;0;7;0;0;2;1;13;A01
201000011852;0;33;0;0;2;1;1;B02
201000011852;0;3;0;0;2;7;19;A01
201000011853;0;33;0;0;0;7;13;A01
201000011854;0;7;0;0;2;3;1;B02
201000011854;0;1;0;0;2;1;13;A01
201000011855;0;7;0;2;0;1;14;A01
201000011856;0;7;0;0;2;3;15;A01
201000011856;0;33;0;0;2;1;1;B02
201000011857;0;7;0;0;2;1;1;B02
201000011857;0;7;0;0;2;2;15;A01
201000011858;0;7;0;0;0;3;13;A01
201000011858;0;7;0;0;0;3;1;B02
201000011859;0;7;0;0;2;8;19;A01
201000011859;0;31;0;0;2;1;1;B02
201000011860;0;30;0;0;1;1;0;A01
201000011861;0;7;0;0;0;1;1;B02
201000011861;0;7;0;0;0;1;13;A01
201000011862;0;7;0;0;2;1;1;B02
201000011862;0;7;0;4;2;1;1;A01
201000011863;0;10;0;0;2;3;1;A01
201000011863;0;30;0;0;2;7;15;B02
201000011864;0;1;0;0;0;8;1;B02
201000011864;0;1;0;0;0;8;1;C03
201000011864;0;7;0;0;9;2;1;A01
201000011865;0;33;0;0;0;8;1;A01
201000011866;0;7;0;0;0;2;1;A01
201000011866;0;7;0;0;0;8;23;B02
201000011867;0;7;0;0;1;3;1;A01
201000011868;0;33;0;0;2;1;5;A01
201000011868;0;7;0;0;0;1;0;B02
201000011869;0;7;0;0;2;5;15;A01
201000011869;0;33;0;0;2;1;1;B02
201000011870;0;2;0;0;2;2;13;A01
201000011870;0;7;0;0;2;3;1;B02
201000011871;0;7;0;0;1;2;1;A01
201000011872;0;1;0;0;2;1;1;B02
201000011872;0;7;0;0;2;5;15;A01
201000011873;0;33;0;0;2;1;1;A01
201000011873;0;7;0;0;2;3;9;B02
201000011874;0;7;0;0;2;6;19;B02
201000011874;0;33;0;0;2;1;1;A01
201000011875;0;7;0;0;2;1;2;A01
201000011875;0;20;0;0;2;4;2;B02
201000011876;0;33;0;0;2;1;2;A01
201000011876;0;7;0;0;0;4;2;B02
201000011877;0;7;0;16;2;3;13;A01
201000011877;0;33;0;0;2;1;1;B02
201000011878;0;14;0;0;0;0;0;B02
201000011879;0;7;0;0;2;2;1;B02
201000011880;0;7;0;2;0;1;13;A01
201000011881;0;7;0;4;2;1;1;A01
201000011881;0;7;0;0;2;3;1;B02
201000011882;0;1;0;0;2;1;1;B02
201000011882;0;7;0;0;2;7;1;A01
201000011883;0;7;0;8;0;1;1;A01
201000011884;0;7;0;0;2;4;2;B02
201000011884;0;7;0;0;2;4;2;A01
201000011884;0;7;0;1;2;1;2;C03
201000011885;0;7;0;2;1;3;1;A01
201000011886;0;7;0;0;2;3;16;B02
201000011886;0;14;0;0;2;3;13;A01
201000011887;0;7;0;0;2;1;19;A01
201000011887;0;7;0;0;2;1;1;B02
201000011888;0;7;0;0;0;6;1;A01
201000011888;0;32;0;0;2;1;1;B02
201000011889;0;30;0;8;0;2;1;A01
201000011890;0;7;0;0;0;3;0;B02
201000011890;0;7;0;0;2;2;0;A01
201000011891;0;7;0;0;2;1;0;A01
201000011891;0;7;0;0;2;8;0;B02
201000011892;0;7;0;0;2;6;15;A01
201000011892;0;33;0;0;2;1;1;B02
201000011893;0;7;0;2;2;3;1;A01
201000011893;0;10;0;0;2;3;1;B02
201000011894;0;10;0;0;0;0;0;A01
201000011895;0;33;0;0;2;1;1;B02
201000011895;0;7;0;0;2;6;19;A01
201000011896;0;2;0;0;0;8;2;A01
201000011897;0;7;0;14;0;1;2;B02
201000011897;0;33;0;0;0;4;15;A01
201000011898;0;7;0;4;2;9;17;A01
201000011898;0;7;0;0;2;1;1;B02
201000011899;0;39;0;0;2;1;0;B02
201000011899;0;7;0;0;4;2;0;A01
201000011900;0;7;0;6;0;4;17;B02
201000011900;0;7;0;0;2;1;17;A01
201000011901;0;1;0;0;2;8;1;A01
201000011902;0;10;0;0;2;1;1;C03
201000011902;0;7;0;0;2;7;13;A01
201000011902;0;33;0;12;2;0;17;B02
201000011903;0;10;0;2;0;3;1;A01
201000011904;0;7;0;0;2;1;9;A01
201000011904;0;7;0;0;2;7;2;B02
201000011905;0;7;0;0;2;3;5;A01
201000011905;0;7;0;0;2;3;5;B02
201000011906;0;7;0;0;2;0;1;C03
201000011906;0;7;0;0;2;5;15;A01
201000011906;0;33;0;0;2;1;1;B02
201000011907;2;7;0;0;2;3;13;A01
201000011907;0;7;0;0;2;6;1;B02
201000011908;0;7;0;2;0;8;1;A01
201000011908;0;7;0;0;9;1;13;B02
201000011909;0;7;0;0;2;2;15;A01
201000011909;0;2;0;0;2;1;15;B02
201000011910;0;7;0;0;2;1;19;A01
201000011910;0;7;0;0;2;1;0;B02
201000011911;0;7;0;15;0;1;0;A01
201000011912;0;7;0;3;0;3;13;A01
201000011913;0;7;0;0;2;2;15;B02
201000011913;0;31;0;0;2;1;1;A01
201000011914;0;7;0;14;0;1;1;A01
201000011915;0;7;0;0;2;1;1;B02
201000011915;0;7;0;0;2;7;13;A01
201000011916;0;7;0;0;2;3;1;A01
201000011916;0;14;0;0;2;8;1;B02
201000011917;0;7;0;0;2;3;15;A01
201000011917;0;7;0;0;2;3;1;B02
201000011918;0;31;0;0;2;1;1;A01
201000011918;0;7;0;0;2;1;15;B02
201000011919;0;7;0;0;2;1;1;B02
201000011919;0;33;0;0;2;7;13;A01
201000011920;0;14;0;0;2;6;1;C03
201000011920;0;7;0;0;2;3;13;A01
201000011920;0;10;0;0;2;3;1;B02
201000011921;0;7;0;0;2;2;15;A01
201000011921;0;7;0;0;2;3;1;B02
201000011922;0;30;0;0;2;8;2;B02
201000011922;1;7;0;0;2;7;17;A01
201000011923;0;7;0;0;2;2;15;A01
201000011923;0;7;0;0;2;3;1;B02
201000011924;0;7;0;0;2;2;1;A01
201000011924;0;21;0;0;2;9;1;C03
201000011924;0;7;0;14;0;1;1;B02
201000011925;0;7;0;0;0;0;0;A01
201000011926;0;30;0;2;0;1;1;A01
201000011927;0;7;0;0;2;3;1;A01
201000011927;0;7;0;0;2;1;15;B02
201000011928;0;30;0;6;0;1;19;A01
201000011929;0;7;0;0;2;6;1;B02
201000011929;0;7;0;0;2;2;1;A01
201000011930;0;7;0;0;0;3;15;A01
201000011930;0;33;0;0;0;1;17;B02
201000011931;0;10;0;0;2;3;23;C03
201000011931;0;7;0;14;2;1;1;B02
201000011931;0;7;0;0;2;1;15;A01
201000011932;0;7;0;0;2;2;15;B02
201000011932;0;7;0;0;2;3;1;A01
201000011933;0;33;0;0;2;7;2;A01
201000011933;0;7;0;0;2;1;2;B02
201000011934;0;17;0;0;2;5;2;A01
201000011934;0;33;0;0;2;3;2;B02
201000011935;0;7;0;0;2;1;13;A01
201000011935;0;7;0;0;2;3;1;B02
201000011936;0;7;0;0;2;7;15;A01
201000011936;0;30;0;0;2;1;1;B02
201000011937;0;7;0;0;2;2;15;A01
201000011937;0;30;0;0;2;1;1;B02
201000011938;0;30;0;0;0;2;1;A01
201000011938;0;7;0;0;2;2;14;B02
201000011939;0;7;0;0;2;8;15;A01
201000011939;0;31;0;0;2;1;13;B02
201000011940;0;7;0;0;2;2;19;A01
201000011940;0;33;0;0;2;1;1;B02
201000011941;0;7;0;2;0;1;0;A01
201000011942;0;10;0;16;0;2;14;A01
201000011943;0;7;0;0;1;7;1;A01
201000011944;0;7;0;0;2;1;15;A01
201000011944;0;33;0;0;2;1;1;B02
201000011945;0;7;0;0;2;1;1;A01
201000011945;0;7;0;0;2;1;5;B02
201000011946;0;7;0;6;2;2;23;A01
201000011946;0;7;0;1;0;1;1;B02
201000011947;0;1;0;0;2;4;1;B02
201000011947;0;7;0;0;2;1;1;A01
201000011948;0;7;0;0;2;1;21;B02
201000011948;0;7;0;0;2;1;13;A01
201000011949;0;7;0;0;1;6;20;A01
201000011950;0;7;0;6;0;1;1;A01
201000011951;0;38;1;0;2;2;1;B02
201000011951;0;10;0;0;2;3;19;A01
201000011952;0;33;0;13;0;3;17;A01
201000011953;0;7;0;0;0;6;23;B02
201000011953;0;33;0;0;2;1;1;A01
201000011954;0;7;0;14;0;3;6;A01
201000011955;0;7;0;0;2;1;1;B02
201000011955;0;7;0;0;2;1;13;A01
201000011956;0;7;0;0;2;6;13;B02
201000011956;0;17;0;0;2;3;1;A01
201000011957;0;7;0;1;0;1;2;A01
201000011957;0;7;0;0;0;4;24;B02
201000011958;0;7;0;13;0;1;0;A01
201000011959;0;7;0;0;2;3;1;B02
201000011959;0;31;0;0;2;1;13;A01
201000011960;0;7;0;13;0;2;14;A01
201000011961;0;33;0;13;0;1;1;A01
201000011962;0;7;0;0;2;3;13;A01
201000011962;0;1;0;0;2;8;19;B02
201000011962;0;7;0;0;0;0;1;C03
201000011963;0;7;0;0;2;3;17;A01
201000011963;0;7;0;0;2;3;1;B02
201000011964;0;10;0;0;2;1;13;A01
201000011964;0;7;0;0;2;3;1;B02
201000011965;0;7;0;0;2;1;17;A01
201000011965;0;7;0;0;0;4;13;B02
201000011966;0;7;0;0;2;8;1;B02
201000011966;0;10;0;0;2;8;13;A01
201000011967;0;10;0;14;0;2;1;B02
201000011967;0;7;0;2;0;1;1;A01
201000011968;0;7;0;0;2;1;17;B02
201000011968;0;7;0;0;2;8;15;A01
201000011969;0;7;0;0;1;1;1;A01
201000011970;0;33;0;2;0;9;14;A01
201000011971;0;7;0;3;0;9;1;A01
201000011972;0;33;0;6;0;2;17;A01
201000011973;0;7;0;0;2;3;1;A01
201000011973;0;33;0;0;2;1;17;B02
201000011974;0;7;0;0;2;8;1;A01
201000011974;0;31;0;0;2;8;1;B02
201000011975;0;7;0;2;0;1;2;A01
201000011976;0;33;0;8;0;8;13;A01
201000011977;0;7;0;10;0;9;19;A01
201000011978;0;17;0;0;0;7;15;A01
201000011979;0;33;0;13;0;1;1;A01
201000011980;0;7;0;0;9;2;13;B02
201000011980;0;1;0;0;2;7;19;A01
201000011981;0;7;0;0;0;0;0;A01
201000011981;0;37;0;0;2;1;1;B02
201000011982;0;33;0;6;0;0;1;A01
201000011983;0;33;0;13;0;1;1;A01
201000011984;0;7;0;10;0;2;1;A01
201000011985;0;7;0;0;2;1;13;A01
201000011985;0;7;0;0;2;1;1;B02
201000011986;0;36;0;13;0;1;1;A01
201000011987;0;33;0;4;0;1;14;A01
201000011988;0;7;0;13;0;1;0;A01
201000011989;0;7;0;13;0;3;1;A01
201000011990;0;7;0;13;0;1;1;A01
201000011991;0;30;0;2;0;1;1;A01
201000011992;0;30;0;0;2;1;1;B02
201000011992;0;7;0;0;0;6;19;A01
201000011993;0;7;0;0;2;2;1;B02
201000011993;0;7;0;0;2;1;9;A01
201000011994;0;2;0;0;0;7;16;A01
201000011995;0;7;0;2;0;1;1;A01
201000011996;0;7;0;0;2;3;1;B02
201000011996;0;7;0;0;2;2;19;A01
201000011997;0;2;0;0;2;1;17;B02
201000011997;0;7;0;0;2;6;15;A01
201000011998;0;2;0;0;2;1;1;A01
201000011998;0;7;0;0;2;4;1;B02
201000011999;0;7;0;2;0;3;13;A01
201000012000;0;7;0;2;0;8;1;A01
201000012001;0;33;0;0;0;8;1;A01
201000012002;0;30;0;10;0;7;5;A01
201000012003;0;33;0;0;2;3;1;B02
201000012003;0;7;0;0;2;2;19;A01
201000012004;0;7;0;0;0;3;0;B02
201000012004;0;7;0;0;0;3;0;A01
201000012005;0;7;0;0;2;3;13;A01
201000012005;0;7;0;0;2;6;1;B02
201000012006;0;7;0;2;0;7;1;A01
201000012007;0;7;0;0;0;1;1;A01
201000012007;0;30;0;0;0;4;1;B02
201000012007;0;7;0;0;0;4;1;C03
201000012008;0;7;0;0;2;4;1;A01
201000012008;0;7;0;0;2;1;2;B02
201000012009;0;7;0;13;0;1;13;A01
201000012010;0;7;0;2;0;1;14;A01
201000012011;0;7;0;13;0;2;14;A01
201000012012;0;7;0;0;2;2;1;A01
201000012012;0;33;0;0;2;1;19;B02
201000012013;0;33;0;11;0;1;1;A01
201000012014;0;2;0;0;2;1;3;B02
201000012014;0;7;0;0;2;3;9;A01
201000012015;0;7;0;0;2;1;1;B02
201000012015;0;7;0;0;2;8;1;A01
201000012016;0;7;0;13;0;1;1;A01
201000012017;0;33;0;8;0;1;1;A01
201000012018;0;7;0;0;0;2;15;A01
201000012018;0;33;0;0;2;1;1;B02
201000012019;0;7;0;0;0;5;16;A01
201000012019;0;1;0;0;0;1;2;B02
201000012020;0;7;0;15;0;4;16;A01
201000012020;0;7;0;0;2;1;1;B02
201000012021;0;33;0;0;2;1;17;B02
201000012021;0;3;0;0;2;8;15;A01
201000012022;0;2;0;0;2;1;1;B02
201000012022;0;7;0;0;2;1;1;A01
201000012023;0;7;0;0;1;2;1;A01
201000012024;0;31;0;1;0;1;18;B02
201000012024;0;7;0;1;0;7;22;A01
201000012025;0;7;0;0;2;1;1;B02
201000012025;0;7;0;0;2;1;16;A01
201000012026;0;7;0;0;2;1;1;B02
201000012026;0;7;0;0;2;1;13;A01
201000012027;0;33;0;0;2;1;1;B02
201000012027;0;10;0;0;2;1;15;A01
201000012028;0;7;0;2;0;9;19;A01
201000012029;0;7;0;0;2;1;1;B02
201000012029;0;2;0;0;2;7;15;A01
201000012030;0;7;0;0;2;3;15;B02
201000012030;0;7;0;0;2;3;15;A01
201000012031;0;7;0;0;2;1;1;A01
201000012031;0;7;0;0;2;7;1;B02
201000012032;0;30;0;2;0;1;14;A01
201000012033;0;7;0;0;2;1;1;B02
201000012033;0;7;0;0;2;4;17;A01
201000012034;0;30;0;0;2;1;5;A01
201000012034;0;7;0;0;2;2;1;B02
201000012035;0;1;0;8;0;1;13;A01
201000012036;0;7;0;2;0;8;1;A01
201000012037;0;7;0;0;0;1;23;B02
201000012037;0;7;0;1;;3;17;A01
201000012038;0;7;0;0;2;2;15;A01
201000012038;0;33;0;0;0;2;1;B02
201000012039;0;7;0;1;0;3;13;C03
201000012039;0;7;0;0;2;6;23;A01
201000012039;0;7;0;0;;3;23;B02
201000012040;0;10;0;13;6;2;21;A01
201000012041;0;30;0;2;0;1;1;A01
201000012042;0;33;0;13;0;2;1;A01
201000012043;0;2;0;0;2;2;13;B02
201000012043;0;7;0;0;0;2;1;A01
201000012044;0;15;0;0;2;1;2;A01
201000012044;0;7;0;0;0;4;2;B02
201000012044;0;7;0;0;0;4;1;C03
201000012045;0;2;0;0;;3;1;B02
201000012045;0;7;0;1;2;2;1;A01
201000012045;0;10;0;;;5;24;C03
201000012046;0;7;0;13;0;1;1;A01
201000012047;0;31;0;0;2;3;13;A01
201000012047;0;10;0;0;0;2;21;B02
201000012048;0;7;0;;2;3;1;A01
201000012048;0;15;0;0;0;6;10;B02
201000012049;0;7;0;13;0;9;1;A01
201000012050;0;7;0;0;;3;1;A01
201000012050;0;10;0;0;2;3;13;B02
201000012051;0;31;0;0;0;1;1;B02
201000012051;0;7;0;0;2;3;19;A02
201000012052;0;7;0;0;2;3;13;A01
201000012052;0;7;0;0;;3;1;B02
201000012053;0;7;0;0;;1;1;A01
201000012053;0;7;0;0;2;1;13;B02
201000012054;0;7;0;2;0;3;1;A01
201000012055;0;30;0;7;0;7;1;A01
201000012056;0;1;0;0;0;1;1;B02
201000012056;0;7;0;0;2;5;15;A01
201000012057;0;7;0;0;9;3;1;B02
201000012057;0;17;0;0;2;6;1;A01
201000012058;0;7;0;2;0;3;1;A01
201000012059;0;33;0;0;0;8;1;C03
201000012059;0;33;0;0;0;9;1;B02
201000012059;0;7;0;4;2;1;1;A01
201000012060;0;7;0;0;;7;1;A01
201000012060;0;2;0;0;2;1;15;B02
201000012061;0;14;0;0;0;3;21;A01
201000012061;0;7;0;0;0;3;13;B02
201000012062;0;33;0;0;2;3;15;B02
201000012062;0;10;0;0;0;1;1;A01
201000012063;0;7;0;0;;8;1;B02
201000012063;0;7;0;0;;1;1;C03
201000012063;0;10;0;0;2;3;13;A01
201000012064;0;33;0;0;0;1;13;A01
201000012065;0;7;0;0;2;3;13;C03
201000012065;0;10;0;0;;8;1;A01
201000012065;0;14;0;0;;8;21;B02
201000012066;0;7;0;0;2;4;15;A01
201000012066;0;7;0;0;0;6;1;C03
201000012066;0;33;0;0;2;1;1;D04
201000012066;0;10;0;0;2;1;2;B02
201000012067;0;7;0;2;0;2;13;A01
201000012068;0;17;0;0;;3;1;B02
201000012068;0;7;0;0;;1;1;C04
201000012068;0;7;0;0;2;3;13;A01
201000012069;0;33;0;16;0;7;13;A01
201000012070;0;7;0;0;2;1;13;A01
201000012070;0;10;0;0;0;1;1;B02
201000012071;0;33;0;5;0;7;1;A01
201000012072;0;33;0;13;0;8;1;A01
201000012073;0;33;0;13;0;0;1;A01
201000012074;0;7;0;0;0;4;15;A01
201000012074;0;33;0;0;2;1;1;B02
201000012075;0;7;0;0;;1;1;B02
201000012075;0;7;0;0;2;1;13;A01
201000012076;0;10;0;0;0;1;1;C03
201000012076;0;7;0;0;2;1;14;A01
201000012076;0;7;0;0;0;7;1;B02
201000012077;0;1;0;0;0;4;1;B02
201000012077;0;7;0;0;2;2;1;A01
201000012077;0;1;0;0;0;4;1;C03
201000012078;0;31;0;0;0;3;15;A01
201000012078;0;31;0;0;;2;1;B02
201000012079;0;33;0;13;0;1;1;A01
201000012080;0;7;0;0;2;1;13;A01
201000012080;0;14;0;0;;1;1;B02
201000012081;0;2;0;0;2;7;1;B02
201000012081;0;7;0;0;2;1;15;A01
201000012082;0;7;0;0;2;3;1;B02
201000012082;0;7;0;0;2;3;13;A01
201000012083;0;7;0;0;2;1;1;A01
201000012083;0;37;0;0;2;1;1;B02
201000012084;0;7;0;6;0;1;15;A01
201000012085;0;2;0;0;2;3;1;B02
201000012085;0;7;0;0;2;1;15;A01
201000012086;0;33;0;0;2;1;21;A01
201000012086;0;7;0;0;2;5;15;B02
201000012087;0;36;0;6;0;2;14;A01
201000012088;0;30;0;0;2;1;13;A01
201000012088;0;7;0;0;2;3;1;B02
201000012089;0;2;0;0;2;1;17;A01
201000012089;0;10;0;0;2;3;1;B02
201000012090;0;31;0;0;1;6;1;A01
201000012091;0;7;0;0;2;1;1;C03
201000012091;0;33;0;0;2;8;1;B02
201000012091;0;7;0;0;2;8;17;A01
201000012092;0;7;0;0;2;1;1;B02
201000012092;0;7;0;0;2;3;3;A01
201000012093;0;30;0;0;2;1;1;B02
201000012093;0;7;0;0;2;6;1;A01
201000012094;0;7;0;16;0;9;13;A01
201000012095;0;7;0;16;0;1;0;A01
201000012096;0;7;0;0;2;2;13;A01
201000012096;0;33;0;0;2;1;13;B02
201000012097;0;7;0;0;2;4;2;C03
201000012097;0;10;0;0;2;4;2;B02
201000012097;0;7;0;0;2;1;2;A01
201000012098;0;32;0;13;0;1;1;A01
201000012099;0;7;0;13;0;1;1;A01
201000012100;0;7;0;11;0;1;1;A01
201000012101;0;7;0;2;0;1;1;A01
201000012102;0;7;0;0;2;3;1;A01
201000012102;0;7;0;0;2;3;1;B02
201000012103;0;33;0;0;2;1;1;B02
201000012103;0;7;0;0;2;1;1;A01
201000012104;0;7;0;0;2;1;1;B02
201000012104;0;10;0;0;2;1;1;A01
201000012105;0;10;0;0;2;3;1;A01
201000012105;0;10;0;0;2;1;1;B02
201000012106;0;7;0;0;2;3;1;A01
201000012106;0;31;0;0;2;1;1;B02
201000012107;0;7;0;2;0;1;1;A01
201000012108;0;7;0;0;2;3;1;A01
201000012108;0;7;0;0;2;2;1;B02
201000012109;1;7;0;0;2;3;13;A01
201000012109;0;7;0;0;2;8;1;B02
201000012110;0;33;0;0;0;2;1;A01
201000012111;0;10;0;0;2;3;1;A01
201000012111;0;2;0;0;2;3;1;B02
201000012112;0;31;0;0;2;8;1;B02
201000012112;0;7;0;0;2;8;1;A01
201000012113;0;7;0;0;2;1;1;A01
201000012113;0;7;0;0;2;1;1;B02
201000012114;0;30;0;8;0;1;1;A01
201000012115;0;7;0;0;2;6;1;A01
201000012115;0;7;0;0;2;3;1;B02
201000012116;0;30;0;0;0;1;1;A01
201000012117;0;7;0;0;2;3;16;A01
201000012117;0;7;0;0;2;3;1;C03
201000012117;0;7;0;0;2;3;1;B02
201000012118;0;7;0;2;0;9;15;A01
201000012119;0;30;0;0;2;1;1;A01
201000012119;0;7;0;0;0;3;1;B02
201000012120;0;31;0;12;0;7;1;A01
201000012121;0;7;0;0;2;3;1;A01
201000012121;0;30;0;0;2;3;1;B02
201000012122;0;7;0;0;2;2;19;A01
201000012122;0;7;0;0;2;8;0;C03
201000012122;0;7;0;0;2;3;0;B02
201000012123;0;7;0;0;2;1;13;A01
201000012123;0;7;0;0;2;1;1;B02
201000012124;0;7;0;2;0;3;1;A01
201000012125;0;33;0;0;2;1;2;A01
201000012125;0;32;0;3;0;1;14;B02
201000012126;0;33;0;5;0;1;1;A01
201000012127;0;7;0;0;2;3;1;A01
201000012127;0;7;0;0;2;3;1;B02
201000012128;0;7;0;0;2;3;24;B02
201000012128;0;10;0;1;0;2;1;A01
201000012129;0;7;0;0;0;0;0;A01
201000012129;0;7;0;0;2;3;1;B02
201000012130;0;31;0;0;2;7;1;A01
201000012130;0;31;0;0;2;8;1;B02
201000012131;0;31;0;0;2;3;1;B02
201000012131;0;38;0;0;2;8;1;A01
201000012132;0;7;0;0;1;1;1;A01
201000012133;0;7;0;0;2;1;5;A01
201000012133;0;33;0;0;2;1;1;B02
201000012134;0;7;0;2;0;1;17;A01
201000012135;0;2;0;11;0;1;1;A01
201000012136;0;7;0;0;2;2;17;A01
201000012136;0;7;0;0;2;6;1;B02
201000012137;0;2;0;0;0;4;1;B02
201000012137;0;10;0;0;2;1;1;A01
201000012138;0;7;0;6;0;3;1;A01
201000012139;0;7;0;0;2;6;15;B02
201000012139;0;31;0;0;2;1;1;A01
201000012140;0;32;0;0;2;3;17;B02
201000012140;0;7;0;0;2;6;1;D04
201000012140;0;10;0;0;2;3;1;E05
201000012140;0;7;0;0;2;6;1;F06
201000012140;0;33;0;0;2;3;17;A01
201000012140;0;7;0;0;2;8;1;C03
201000012141;0;7;0;0;2;2;15;A01
201000012141;0;30;0;0;2;1;1;B02
201000012142;0;7;0;0;2;1;2;A01
201000012142;0;7;0;0;2;4;2;B02
201000012143;0;7;0;3;0;1;16;A01
201000012144;0;7;0;0;2;3;15;A01
201000012144;0;2;0;0;2;1;1;B02
201000012145;0;7;0;0;2;7;16;A01
201000012145;0;1;0;0;2;8;1;B02
201000012146;0;1;0;16;0;1;6;A01
201000012146;0;7;0;0;0;3;1;B02
201000012147;0;31;0;3;0;1;1;A01
201000012148;0;7;0;0;2;5;15;A01
201000012148;0;33;0;0;2;1;1;B02
201000012149;0;2;0;14;0;1;1;A01
201000012150;0;7;0;0;2;2;22;B02
201000012150;0;30;0;0;2;1;18;A01
201000012151;0;10;0;0;2;4;23;B02
201000012151;0;10;0;0;2;1;1;A01
201000012152;0;31;0;0;2;2;15;A01
201000012152;0;31;0;0;2;1;1;B02
201000012153;0;32;0;0;1;1;3;A01
201000012154;0;7;0;0;2;8;19;A01
201000012154;0;32;0;0;2;1;1;B02
201000012155;0;7;0;0;0;2;11;A01
201000012155;0;33;0;0;2;1;18;B02
201000012156;0;7;0;0;2;2;19;A01
201000012156;0;1;0;0;2;1;1;B02
201000012157;0;10;0;0;2;7;13;B02
201000012157;0;30;0;0;2;1;18;A01
201000012158;0;7;0;0;2;3;15;A01
201000012158;0;30;0;0;2;1;1;B02
201000012159;0;31;0;0;2;8;18;B02
201000012159;0;7;0;0;2;7;1;A01
201000012160;0;7;0;0;2;3;10;B02
201000012160;0;32;0;0;2;1;3;A01
201000012161;0;31;0;0;2;1;1;B02
201000012161;0;30;0;0;2;1;15;A01
201000012162;0;38;0;0;2;1;1;A01
201000012162;0;10;0;0;2;1;13;B02
201000012163;0;10;0;0;2;8;19;A01
201000012163;0;33;0;0;2;1;1;B02
201000012164;0;7;0;2;0;1;1;A01
201000012165;0;7;0;0;2;4;23;D04
201000012165;0;32;0;0;2;4;23;G07
201000012165;0;7;0;0;2;3;23;H08
201000012165;0;7;0;0;2;3;23;C03
201000012165;0;32;0;0;2;4;23;B02
201000012165;0;7;0;0;2;1;1;A01
201000012165;0;7;0;0;2;6;23;E05
201000012165;0;7;0;0;2;4;23;F06
201000012166;0;33;0;0;2;8;1;B02
201000012166;0;7;0;0;2;8;13;A01
201000012167;0;33;0;0;2;1;18;B02
201000012167;0;7;0;0;2;7;15;A01
201000012168;0;7;0;0;0;7;1;A01
201000012168;0;1;0;0;0;7;16;B02
201000012169;0;7;0;0;0;8;15;A01
201000012169;0;2;0;0;0;7;17;B02
201000012170;0;32;0;0;2;1;1;A01
201000012170;0;10;0;0;2;1;5;B02
201000012171;0;7;0;15;0;1;1;A01
201000012172;0;2;0;0;2;1;18;B02
201000012172;0;7;0;0;2;7;16;A01
201000012173;0;30;0;0;2;0;21;A01
201000012173;0;7;0;0;0;0;16;B02
201000012174;0;7;0;0;2;3;15;A01
201000012174;0;1;0;0;2;3;1;C03
201000012174;0;1;0;0;2;3;1;D04
201000012174;0;33;0;0;2;1;17;B02
201000012175;0;7;0;0;2;7;13;A01
201000012175;0;7;0;0;2;1;1;B02
201000012176;0;7;0;0;0;3;1;A01
201000012176;0;7;0;0;0;3;1;B02
201000012177;0;33;0;0;2;8;1;A01
201000012178;0;7;0;0;9;8;15;B02
201000012178;0;32;0;0;2;7;17;A01
201000012179;0;7;0;0;1;1;1;A01
201000012180;0;7;0;0;0;7;10;A01
201000012180;0;33;0;0;2;1;1;B02
201000012181;0;31;0;0;2;1;1;A01
201000012181;0;7;0;0;2;1;1;B02
201000012182;0;7;0;0;0;4;2;A01
201000012182;0;30;0;0;2;1;2;B02
201000012183;0;7;0;6;0;1;1;A01
201000012184;0;2;0;0;2;7;17;A01
201000012184;0;7;0;0;2;8;1;B02
201000012185;0;14;0;15;0;9;2;A01
201000012186;1;7;0;0;2;7;17;A01
201000012186;0;33;0;0;2;6;1;B02
201000012187;0;7;0;0;0;3;19;A01
201000012187;0;31;0;0;2;1;1;B02
201000012188;0;10;0;0;2;1;1;A01