num_acc;senc;catv;occutc;obs;obsm;choc;manv;num_veh
201000012188;0;33;0;0;2;1;5;B02
201000012189;0;7;0;0;1;3;1;A01
201000012190;0;99;0;0;2;1;15;B02
201000012190;0;7;0;0;2;2;1;A01
201000012191;0;7;0;0;1;2;1;A01
201000012192;0;30;0;0;2;1;1;B02
201000012192;0;31;0;0;0;4;15;A01
201000012193;0;7;0;0;0;1;1;A01
201000012194;0;7;0;0;2;3;1;B02
201000012194;0;30;0;0;2;1;17;A01
201000012195;0;33;0;12;0;1;15;A01
201000012196;0;30;0;0;9;3;1;A01
201000012196;0;20;0;0;2;3;23;B02
201000012197;0;7;0;0;2;1;1;B02
201000012197;0;7;0;0;2;1;1;A01
201000012198;0;33;0;0;2;1;1;B02
201000012198;0;7;0;0;2;7;15;A01
201000012199;0;7;0;0;2;8;1;B02
201000012199;0;30;0;0;2;1;13;A01
201000012200;0;30;0;0;2;1;2;A01
201000012200;0;7;0;0;2;5;23;B02
201000012201;0;14;0;0;2;3;1;A01
201000012201;0;33;0;0;2;1;13;B02
201000012202;0;7;0;0;2;3;19;A01
201000012202;0;30;0;0;2;7;17;B02
201000012203;0;7;0;0;2;2;15;A01
201000012203;0;31;0;0;2;1;1;B02
201000012204;0;33;0;0;1;0;0;A01
201000012205;0;10;0;0;2;3;1;A01
201000012205;0;2;0;0;2;1;13;B02
201000012206;0;33;0;0;1;1;17;A01
201000012207;0;7;0;0;2;6;0;A01
201000012207;0;33;0;0;2;1;1;B02
201000012208;0;7;0;0;2;2;1;A01
201000012208;0;7;0;0;2;2;5;B02
201000012209;0;7;0;8;1;3;13;A01
201000012210;0;1;0;0;2;1;5;A01
201000012210;0;7;0;0;2;2;1;B02
201000012211;0;30;0;0;2;1;13;A01
201000012211;0;7;0;0;2;1;1;B02
201000012212;0;7;0;0;2;3;1;B02
201000012212;0;7;0;0;2;2;13;A01
201000012213;1;14;0;0;0;0;0;A01
201000012214;0;1;0;16;0;0;14;A01
201000012215;0;7;0;0;2;7;15;A01
201000012215;0;7;0;0;2;1;1;B02
201000012216;0;1;0;0;0;0;1;A01
201000012217;0;1;0;0;5;1;1;A01
201000012218;0;7;0;0;2;3;13;A01
201000012218;0;7;0;0;2;3;1;B02
201000012219;0;7;0;0;2;8;15;B02
201000012219;0;7;0;6;2;7;17;A01
201000012220;0;30;0;6;0;1;13;A01
201000012221;0;30;0;0;0;7;0;A01
201000012222;0;30;0;0;0;1;1;B02
201000012222;0;14;0;0;0;3;9;A01
201000012223;0;7;0;0;0;1;1;B02
201000012223;0;7;0;0;0;2;15;A01
201000012224;0;7;0;0;1;2;1;A01
201000012225;0;7;0;0;2;3;13;A01
201000012225;0;7;0;0;2;3;1;B02
201000012226;0;2;0;0;0;7;1;A01
201000012227;0;7;0;0;2;1;1;B02
201000012227;0;7;0;0;2;1;13;A01
201000012228;0;33;0;0;1;1;1;A01
201000012229;0;30;0;0;2;1;13;A01
201000012229;0;10;0;0;2;3;1;B02
201000012230;0;7;0;12;0;9;13;A01
201000012231;0;7;0;0;2;3;1;B02
201000012231;0;30;0;0;2;1;13;A01
201000012232;0;10;0;0;2;4;23;B02
201000012232;0;7;0;0;2;1;2;C03
201000012232;0;7;0;0;2;4;23;A01
201000012233;0;7;0;1;0;2;2;A01
201000012233;0;10;0;0;2;6;24;B02
201000012234;0;7;0;0;1;2;1;A01
201000012235;0;99;0;0;2;1;1;C03
201000012235;0;33;0;0;9;1;1;A01
201000012235;0;99;0;0;2;1;1;B02
201000012236;0;17;0;0;2;3;1;A01
201000012236;0;7;0;15;2;7;1;B02
201000012237;0;30;0;0;0;8;0;A01
201000012238;0;33;0;5;0;8;1;A01
201000012239;0;7;0;0;2;6;9;A01
201000012239;0;33;0;0;2;1;1;B02
201000012240;0;7;0;0;2;7;19;A01
201000012240;0;33;0;0;2;1;1;B02
201000012241;0;7;0;0;1;2;1;A01
201000012242;0;7;0;0;2;2;15;A01
201000012242;0;7;0;0;2;1;1;B02
201000012243;0;32;0;0;2;3;1;B02
201000012243;0;7;0;0;2;5;11;A01
201000012244;0;7;0;0;2;3;1;A01
201000012244;0;2;0;0;2;1;1;B02
201000012245;0;10;0;0;1;7;1;A01
201000012246;0;30;0;0;2;0;1;A01
201000012246;0;37;0;0;2;0;1;B02
201000012247;0;7;0;0;2;2;1;A01
201000012247;0;7;0;3;2;1;1;B02
201000012247;0;7;0;0;2;2;1;C03
201000012248;0;7;0;0;1;3;4;A01
201000012249;0;7;0;0;2;1;2;A01
201000012249;0;7;0;0;0;0;1;B02
201000012250;0;10;0;1;1;3;13;A01
201000012251;0;33;0;0;2;1;1;A01
201000012251;0;7;0;0;2;1;1;B02
201000012252;0;33;0;0;2;1;1;A01
201000012252;0;7;0;0;2;1;1;B02
201000012253;0;7;0;0;2;1;1;B02
201000012253;0;33;0;0;2;1;17;A01
201000012254;0;7;0;15;0;1;1;A01
201000012255;0;34;0;0;2;1;1;B02
201000012255;0;33;0;0;2;1;13;A01
201000012256;0;33;0;12;0;0;1;A01
201000012257;0;7;0;0;0;6;23;A01
201000012257;0;31;0;14;0;1;1;B02
201000012258;0;7;0;0;0;9;16;A01
201000012259;0;33;0;6;0;1;1;A01
201000012260;0;7;0;0;2;1;13;A01
201000012260;0;7;0;0;2;3;1;B02
201000012261;0;7;0;2;0;3;1;A01
201000012262;0;15;0;4;0;2;1;A01
201000012263;0;10;0;16;0;3;1;A01
201000012264;0;33;0;4;0;1;1;A01
201000012265;0;10;0;0;1;7;1;A01
201000012266;0;7;0;0;1;2;1;A01
201000012267;0;30;0;0;2;3;1;B02
201000012267;0;7;0;0;2;2;1;C03
201000012267;0;7;0;12;2;1;13;A01
201000012268;0;32;0;0;1;2;1;A01
201000012269;0;7;0;0;1;3;1;A01
201000012270;0;7;0;0;1;2;1;A01
201000012271;2;7;0;0;2;6;17;A01
201000012271;0;33;0;0;2;1;17;B02
201000012272;0;33;0;6;0;9;1;A01
201000012273;0;33;0;6;0;7;1;A01
201000012274;0;7;0;0;2;1;1;C03
201000012274;0;33;0;0;2;7;17;B02
201000012274;0;7;0;0;2;8;17;A01
201000012275;0;7;0;0;2;3;1;B02
201000012275;0;7;0;0;2;1;17;A01
201000012276;0;32;0;0;0;1;1;A01
201000012277;0;10;0;0;2;3;1;B02
201000012277;0;15;0;0;2;3;13;A01
201000012278;0;7;0;0;2;8;1;B02
201000012278;0;7;0;0;2;3;1;C03
201000012278;0;7;0;0;2;3;1;A01
201000012279;0;7;0;0;2;1;5;B02
201000012279;0;7;0;0;2;6;0;A01
201000012280;0;99;0;5;0;1;13;A01
201000012281;0;31;0;0;2;1;17;A01
201000012281;0;7;0;0;2;5;15;B02
201000012282;0;10;0;0;2;1;1;A01
201000012282;0;7;0;0;2;3;1;B02
201000012283;0;33;0;0;0;1;1;A01
201000012284;0;33;0;6;0;1;1;A01
201000012285;0;2;0;3;0;1;1;A01
201000012286;0;33;0;0;0;5;17;B02
201000012286;0;7;0;0;0;3;1;A01
201000012287;0;33;0;0;2;0;21;A01
201000012287;0;33;0;0;2;0;21;B02
201000012288;0;7;0;0;0;7;1;A01
201000012289;0;10;0;0;2;8;2;A01
201000012289;0;33;0;0;2;8;2;B02
201000012290;0;10;0;0;0;1;21;B02
201000012290;0;7;0;0;0;1;19;A01
201000012291;0;33;0;0;2;1;17;A01
201000012291;0;20;0;0;2;3;15;B02
201000012292;0;7;0;0;2;1;1;A01
201000012292;0;7;0;0;2;8;13;B02
201000012293;0;7;0;0;2;1;13;A01
201000012293;0;7;0;0;2;1;2;C03
201000012293;0;7;0;0;2;1;1;B02
201000012294;0;7;0;0;2;2;16;A01
201000012294;0;2;0;0;2;1;13;B02
201000012295;0;7;0;16;0;3;1;A01
201000012296;0;2;0;0;2;1;1;A01
201000012296;0;7;0;0;2;6;19;B02
201000012297;0;7;0;0;2;1;13;A01
201000012297;0;10;0;0;2;1;0;B02
201000012298;0;7;0;0;2;1;1;B02
201000012298;0;7;0;0;2;8;13;A01
201000012299;0;32;0;15;0;1;1;A01
201000012300;0;7;0;0;2;6;23;B02
201000012300;0;1;0;0;2;4;1;D04
201000012300;0;7;0;0;2;1;2;A01
201000012300;0;1;0;0;2;4;1;C03
201000012301;0;7;0;0;2;3;1;A01
201000012301;0;30;0;0;2;1;1;B02
201000012302;0;7;0;0;2;1;13;A01
201000012302;0;7;0;0;1;1;1;C03
201000012302;0;32;0;0;2;1;1;B02
201000012303;0;7;0;2;0;9;1;A01
201000012304;0;7;0;0;2;1;1;B02
201000012305;0;32;0;0;2;1;15;A01
201000012305;0;14;0;0;2;1;1;B02
201000012306;0;33;0;0;0;7;1;A01
201000012307;0;33;0;2;0;3;15;A01
201000012308;0;33;0;0;0;1;1;A01
201000012309;0;33;0;3;0;1;0;A01
201000012310;0;33;0;0;2;1;21;B02
201000012310;0;33;0;0;0;3;10;A01
201000012311;0;7;0;2;0;7;14;A01
201000012312;0;7;0;3;0;2;0;A01
201000012313;0;7;0;0;2;6;12;B02
201000012313;0;33;0;0;2;1;1;A01
201000012314;0;7;0;0;2;2;1;B02
201000012314;0;1;0;0;2;1;15;A01
201000012315;0;33;0;6;0;1;1;A01
201000012316;0;7;0;0;2;3;1;B02
201000012316;0;30;0;0;2;5;19;A01
201000012317;0;14;0;0;2;8;1;B02
201000012317;0;30;0;0;2;1;13;A01
201000012318;0;10;0;0;2;3;1;B02
201000012318;0;1;0;0;2;1;13;A01
201000012319;0;7;0;15;0;1;0;A01
201000012320;0;7;0;8;0;1;1;A01
201000012321;0;7;0;0;2;8;19;A01
201000012321;0;7;0;0;2;3;1;B02
201000012322;0;2;0;0;2;1;1;B02
201000012322;0;14;0;0;2;4;4;A01
201000012323;0;7;0;0;2;2;15;A01
201000012323;0;7;0;0;2;1;1;B02
201000012324;0;7;0;0;2;3;1;B02
201000012324;0;14;0;0;2;3;1;A01
201000012325;0;33;0;0;2;1;1;B02
201000012325;0;7;0;0;2;8;19;A01
201000012326;0;7;0;8;0;1;1;A01
201000012327;0;36;0;8;0;2;13;A01
201000012328;0;33;0;0;2;1;1;B02
201000012328;0;7;0;0;2;7;15;A01
201000012329;0;2;0;0;2;1;13;A01
201000012329;0;7;0;0;2;3;1;B02
201000012330;0;10;0;0;2;9;1;A01
201000012330;0;7;0;0;2;2;9;B02
201000012331;0;7;0;11;0;1;1;A01
201000012332;0;7;0;0;2;7;1;B02
201000012332;0;7;0;0;2;1;19;A01
201000012333;0;7;0;0;2;1;23;B02
201000012333;0;7;0;0;2;1;1;A01
201000012334;0;7;0;0;2;3;5;A01
201000012334;0;7;0;0;2;1;1;B02
201000012335;0;7;0;0;2;8;19;A01
201000012335;0;14;0;0;2;1;1;B02
201000012336;0;7;0;8;0;7;1;A01
201000012337;0;33;0;0;2;1;1;A01
201000012337;0;7;0;0;0;1;1;B02
201000012338;0;7;0;16;0;2;1;A01
201000012339;0;33;0;14;0;1;1;A01
201000012340;0;7;0;2;0;1;1;A01
201000012341;0;7;0;13;0;2;1;A01
201000012342;0;2;0;0;2;0;1;A01
201000012342;0;7;0;0;2;3;15;B02
201000012343;0;10;0;16;0;9;1;A01
201000012344;0;7;0;6;0;4;14;A01
201000012345;0;7;0;0;1;2;1;A01
201000012346;0;30;0;14;0;1;1;A01
201000012347;0;7;0;0;2;3;1;B02
201000012347;0;7;0;0;2;3;13;A01
201000012348;0;13;0;0;2;7;19;A01
201000012348;0;7;0;0;2;3;1;B02
201000012349;0;7;0;0;2;3;1;B02
201000012349;0;7;0;0;2;1;19;A01
201000012350;0;7;0;8;0;3;1;A01
201000012351;0;33;0;0;6;1;1;A01
201000012352;0;7;0;0;0;0;15;C03
201000012352;0;7;0;0;2;1;21;A01
201000012352;0;7;0;0;2;1;1;B02
201000012353;0;33;0;13;0;1;0;A01
201000012354;0;33;0;0;2;1;1;B02
201000012354;0;10;0;0;2;3;15;A01
201000012355;0;33;0;0;2;3;13;A01
201000012355;0;7;0;0;2;3;1;B02
201000012356;0;33;0;0;0;7;13;A01
201000012357;0;7;0;2;0;1;13;A01
201000012358;0;33;0;0;2;1;13;A01
201000012358;0;7;0;0;2;3;1;B02
201000012359;0;10;0;0;2;2;21;B02
201000012359;0;7;0;0;2;2;13;A01
201000012360;0;7;0;8;0;3;1;A01
201000012361;0;7;0;0;1;3;16;A01
201000012362;0;7;0;0;2;3;1;B02
201000012362;0;7;0;0;2;2;15;A01
201000012363;0;7;0;0;0;4;15;B02
201000012363;0;7;0;0;2;1;1;A01
201000012364;0;7;0;0;0;1;1;B02
201000012364;0;31;0;0;0;1;16;A01
201000012365;0;7;0;0;2;3;1;B02
201000012365;0;7;0;0;2;3;15;A01
201000012366;0;7;0;0;1;3;1;A01
201000012367;0;7;0;2;0;1;1;A01
201000012368;0;7;0;0;2;6;15;B02
201000012368;0;10;0;0;2;1;17;A01
201000012369;0;7;0;0;2;4;2;B02
201000012369;0;7;0;0;2;1;2;A01
201000012370;0;33;0;12;0;1;1;A01
201000012371;0;31;0;0;2;8;1;A01
201000012371;0;7;0;0;2;1;15;B02
201000012372;0;31;0;0;2;1;13;A01
201000012372;0;38;0;0;2;3;1;B02
201000012373;0;7;0;0;2;3;1;A01
201000012373;0;7;0;0;2;3;1;B02
201000012373;0;7;0;0;2;6;15;C03
201000012374;0;7;0;0;2;8;1;B02
201000012374;0;32;0;0;2;7;9;A01
201000012375;0;7;0;0;1;2;11;A01
201000012376;0;3;0;0;1;3;1;A01
201000012377;0;10;0;16;0;0;14;A01
201000012378;0;10;0;2;0;2;1;A01
201000012379;0;31;0;16;0;0;1;A01
201000012380;0;33;0;0;2;7;17;A01
201000012381;0;7;0;0;6;7;14;A01
201000012382;0;33;0;0;2;1;1;A01
201000012382;0;7;0;0;2;6;15;B02
201000012383;0;1;0;0;2;3;15;B02
201000012383;0;7;0;0;2;3;17;A01
201000012384;0;7;0;13;0;2;14;A01
201000012384;0;7;0;0;2;1;1;B02
201000012385;0;7;0;2;0;3;0;A01
201000012386;0;7;0;0;2;2;21;A01
201000012386;0;14;0;0;0;3;15;B02
201000012386;0;7;0;1;0;2;21;C03
201000012386;0;7;0;0;0;6;0;D04
201000012387;0;7;0;2;0;1;13;A01
201000012388;0;7;0;8;2;1;13;A01
201000012388;0;33;0;0;2;1;1;B02
201000012389;0;10;0;10;0;3;13;A01
201000012390;0;7;0;0;1;2;1;A01
201000012391;0;33;0;2;0;1;1;A01
201000012392;0;7;0;0;2;1;1;B02
201000012392;0;7;0;0;2;1;1;A01
201000012393;0;7;0;13;0;8;1;A01
201000012394;0;2;0;6;0;2;1;A01
201000012395;0;7;0;0;2;8;1;B02
201000012395;0;7;0;0;2;3;1;A01
201000012396;0;7;0;0;2;8;1;C03
201000012396;0;7;0;0;2;1;1;B02
201000012396;0;7;0;0;2;1;13;A01
201000012397;0;1;0;0;2;8;19;A01
201000012397;0;7;0;0;9;2;1;B02
201000012398;0;30;0;0;1;1;1;A01
201000012399;0;33;0;5;0;1;1;A01
201000012400;0;33;0;0;0;7;1;A01
201000012401;0;33;0;0;2;3;17;A01
201000012401;0;7;0;0;2;6;1;C03
201000012401;0;7;0;0;2;3;1;B02
201000012402;0;7;0;0;2;3;1;B02
201000012402;0;7;0;0;2;3;13;A01
201000012403;0;30;0;0;2;1;0;A01
201000012403;0;7;0;0;2;2;0;B02
201000012404;0;7;0;0;2;8;19;A01
201000012404;0;7;0;0;2;2;1;B02
201000012405;0;31;0;0;0;0;14;A01
201000012406;0;33;0;0;2;3;18;A01
201000012406;0;21;0;0;2;5;2;B02
201000012407;0;7;0;0;2;3;1;A01
201000012407;0;33;0;0;2;1;1;B02
201000012408;0;33;0;0;2;1;1;A01
201000012408;0;7;0;0;0;2;15;B02
201000012409;0;31;0;0;6;0;21;A01
201000012410;0;7;0;0;2;3;1;A01
201000012410;0;7;0;0;2;2;15;B02
201000012411;0;33;0;0;6;1;1;A01
201000012412;0;7;0;0;2;3;15;A01
201000012412;0;31;0;0;2;1;1;B02
201000012413;0;13;0;0;2;2;16;A01
201000012413;0;1;0;0;2;1;17;B02
201000012414;0;7;0;0;2;3;1;A01
201000012414;0;7;0;0;2;3;13;B02
201000012415;0;1;0;0;2;1;1;B02
201000012415;0;7;0;0;2;2;15;A01
201000012416;0;7;0;0;1;3;1;A01
201000012417;0;10;0;0;2;2;15;A01
201000012417;0;33;0;0;2;8;15;B02
201000012418;0;7;0;0;2;8;1;B02
201000012418;0;31;0;0;2;8;17;A01
201000012419;0;7;0;0;1;3;2;A01
201000012420;0;33;0;0;0;3;0;A01
201000012421;0;33;0;14;0;8;1;A01
201000012422;0;7;0;4;0;2;1;A01
201000012423;0;7;0;0;2;1;1;A01
201000012423;0;7;0;0;2;1;1;B02
201000012423;0;7;0;0;2;3;1;C03
201000012424;0;31;0;0;2;1;1;A01
201000012424;0;7;0;0;2;8;15;B02
201000012425;0;33;0;0;0;7;16;A01
201000012426;0;7;0;0;2;2;15;A01
201000012426;0;7;0;0;2;3;1;B02
201000012426;0;7;0;0;2;3;23;C03
201000012427;0;7;0;14;0;1;1;A01
201000012428;0;17;0;13;0;2;1;A01
201000012429;0;7;0;0;2;3;1;B02
201000012429;0;7;0;0;2;2;13;A01
201000012430;0;7;0;0;2;7;15;A01
201000012430;0;32;0;0;2;1;1;B02
201000012431;0;30;0;0;2;8;2;B02
201000012431;0;33;0;0;2;7;2;A01
201000012432;0;7;0;8;0;1;1;A01
201000012433;0;1;0;0;0;0;1;A01
201000012434;0;7;0;0;2;2;15;B02
201000012434;0;2;0;0;2;1;13;A01
201000012435;0;7;0;0;2;1;1;B02
201000012435;0;10;0;0;2;1;13;A01
201000012435;0;7;0;0;2;6;1;C03
201000012436;0;7;0;0;2;1;1;A01
201000012436;0;7;0;0;2;1;13;B02
201000012437;0;7;0;0;2;1;13;A01
201000012437;0;7;0;0;2;3;15;B02
201000012438;0;7;0;3;0;9;1;A01
201000012439;0;17;0;0;2;8;1;C03
201000012439;0;7;0;0;2;1;1;B02
201000012439;0;7;0;0;2;1;13;A01
201000012440;0;7;0;0;0;3;15;A01
201000012440;0;33;0;0;0;6;1;B02
201000012441;1;7;0;0;2;3;9;A01
201000012441;0;30;0;0;2;1;13;B02
201000012442;0;7;0;0;0;1;1;C03
201000012442;0;33;0;0;2;1;17;A01
201000012442;0;7;0;0;2;3;1;B02
201000012443;0;7;0;0;1;1;1;A01
201000012444;0;33;0;13;0;0;16;A01
201000012445;0;7;0;0;2;1;13;A01
201000012445;0;7;0;0;2;1;1;B02
201000012446;0;7;0;0;2;2;15;A01
201000012446;0;32;0;0;2;1;1;B02
201000012447;0;7;0;0;2;2;15;A01
201000012447;0;7;0;0;2;3;1;B02
201000012448;2;7;0;0;0;1;15;A01
201000012448;0;7;0;0;2;8;1;B02
201000012448;0;7;0;7;0;8;23;C03
201000012449;0;30;0;0;2;1;1;A01
201000012449;0;7;0;0;2;3;15;B02
201000012450;0;2;0;15;0;1;1;A01
201000012451;0;2;0;0;2;0;1;B02
201000012451;0;7;0;0;2;0;15;A01
201000012452;0;7;0;0;0;0;15;A01
201000012452;0;2;0;0;2;1;21;C03
201000012452;0;7;0;0;2;8;23;D04
201000012452;0;7;0;0;0;6;21;B02
201000012453;0;7;0;0;0;2;15;A01
201000012453;0;7;0;0;2;1;1;B02
201000012454;0;7;0;13;0;2;13;A01
201000012455;0;7;0;2;0;6;0;A01
201000012456;0;7;0;0;1;1;1;A01
201000012457;0;7;0;2;0;3;13;A01
201000012458;1;10;0;0;0;1;19;A01
201000012458;0;30;0;0;2;9;1;B02
201000012459;0;10;0;0;2;8;15;B02
201000012459;0;32;0;0;2;1;13;A01
201000012460;0;31;0;0;0;0;1;A01
201000012461;0;7;0;0;1;2;1;A01
201000012462;0;31;0;0;2;1;1;A01
201000012463;0;7;0;0;2;3;17;A01
201000012463;0;2;0;0;2;1;1;B02
201000012464;0;7;0;0;2;1;15;A01
201000012464;0;31;0;0;2;1;0;B02
201000012465;0;7;0;0;2;7;16;B02
201000012465;0;2;0;0;2;1;2;A01
201000012466;0;7;0;13;0;3;13;A01
201000012467;0;7;0;0;2;3;1;B02
201000012467;0;32;0;0;2;3;17;A01
201000012468;0;7;0;0;2;1;1;B02
201000012468;0;7;0;0;2;1;13;A01
201000012469;0;7;0;6;0;1;1;A01
201000012470;0;32;0;0;2;1;17;A01
201000012470;0;20;0;0;2;3;15;B02
201000012471;0;30;0;0;2;2;17;A01
201000012471;0;7;0;0;2;3;15;B02
201000012472;0;7;0;2;0;8;13;A01
201000012473;0;33;0;0;2;1;13;A01
201000012473;0;7;0;0;2;1;1;B02
201000012474;0;30;0;0;2;1;2;A01
201000012474;0;7;0;0;9;4;15;B02
201000012475;0;7;0;7;0;5;1;A01
201000012476;0;2;0;0;2;1;1;B02
201000012476;0;7;0;0;2;1;15;A01
201000012477;0;30;0;0;2;8;13;A01
201000012477;0;7;0;0;2;8;0;B02
201000012478;0;7;0;0;1;1;1;A01
201000012479;0;30;0;8;0;2;1;A01
201000012480;0;32;0;0;2;7;1;B02
201000012480;0;7;0;0;2;3;15;A01
201000012481;0;7;0;0;1;2;21;A01
201000012482;0;7;0;0;2;5;2;A01
201000012482;0;1;0;0;2;1;2;B02
201000012483;0;7;0;0;2;2;16;A01
201000012483;0;30;0;0;2;4;21;B02
201000012484;0;7;0;2;0;8;13;A01
201000012485;0;7;0;0;1;1;14;A01
201000012486;0;31;0;8;0;1;1;A01
201000012487;0;7;0;12;2;1;17;B02
201000012487;0;20;0;0;0;3;15;A01
201000012488;0;1;0;2;0;9;1;A01
201000012489;0;7;0;0;2;8;17;A01
201000012489;0;33;0;0;2;7;17;B02
201000012490;0;31;0;0;1;1;1;A01
201000012491;0;13;0;0;1;1;15;A01
201000012492;0;7;0;0;1;6;4;A01
201000012493;0;10;0;0;2;3;1;B02
201000012493;0;30;0;0;2;1;13;A01
201000012494;0;7;0;13;0;1;1;A01
201000012495;0;33;0;0;2;8;17;A01
201000012495;0;33;0;0;2;7;17;B02
201000012496;0;7;0;0;2;6;2;A01
201000012496;0;33;0;0;2;1;2;B02
201000012497;0;2;0;0;2;1;1;B02
201000012497;0;7;0;0;2;2;17;A01
201000012498;0;30;0;8;0;1;14;A01
201000012499;0;30;0;0;2;1;1;A01
201000012499;0;14;0;0;0;4;16;B02
201000012500;0;7;0;0;2;3;5;A01
201000012500;0;7;0;0;2;3;1;B02
201000012501;0;15;0;0;2;8;1;B02
201000012501;0;33;0;0;2;3;13;A01
201000012502;0;7;0;0;2;1;9;A01
201000012502;0;1;0;0;2;7;15;B02
201000012503;0;7;0;2;0;1;1;A01
201000012504;0;10;0;0;2;8;9;B02
201000012504;0;10;0;0;2;1;13;A01
201000012505;0;33;0;0;2;1;1;B02
201000012505;0;2;0;0;2;8;9;A01
201000012506;0;30;0;0;2;1;17;A01
201000012506;0;7;0;0;2;3;16;B02
201000012507;0;14;0;0;2;3;1;B02
201000012507;0;7;0;0;2;3;13;A01
201000012508;0;31;0;0;1;1;1;A01
201000012509;0;33;0;0;2;1;2;A01
201000012509;0;7;0;0;6;6;13;B02
201000012510;0;7;0;0;2;5;1;B02
201000012510;0;7;0;0;2;3;15;A01
201000012511;0;7;0;8;0;2;1;A01
201000012512;0;1;0;0;2;4;1;B02
201000012512;0;7;0;0;2;2;9;A01
201000012513;0;7;0;6;2;6;9;A01
201000012513;0;7;0;0;2;9;1;B02
201000012513;0;7;0;0;2;3;1;C03
201000012514;0;31;0;0;2;3;13;B02
201000012514;0;7;0;0;2;8;1;A01
201000012515;0;7;0;0;2;3;1;A01
201000012515;0;33;0;0;2;1;17;B02
201000012516;0;31;0;0;2;1;18;B02
201000012516;0;7;0;0;2;7;15;A01
201000012517;0;7;0;6;0;1;1;A01
201000012518;0;7;0;0;2;3;15;B02
201000012518;0;34;0;0;2;2;17;A01
201000012519;0;99;0;0;2;0;1;B02
201000012519;0;7;0;0;2;7;1;A01
201000012520;0;7;0;0;2;7;1;A01
201000012520;0;14;0;0;2;3;1;B02
201000012521;0;7;0;6;0;1;1;A01
201000012522;0;30;0;0;0;8;2;A01
201000012523;0;30;0;14;0;0;6;A01
201000012524;0;31;0;0;2;2;1;B02
201000012524;0;7;0;0;2;8;9;A01
201000012525;0;7;0;13;0;7;14;A01
201000012526;0;13;0;0;1;2;1;A01
201000012527;0;2;0;0;2;1;1;B02
201000012527;0;7;0;0;2;1;15;A01
201000012528;0;7;0;0;2;2;17;B02
201000012528;0;10;0;0;2;3;15;A01
201000012529;0;7;0;0;1;1;1;A01
201000012530;0;7;0;0;2;3;1;A01
201000012530;0;7;0;6;2;3;13;B02
201000012531;0;7;0;16;0;1;1;A01
201000012532;0;32;0;15;0;6;1;A01
201000012533;0;7;0;0;2;3;13;A01
201000012533;0;17;0;0;2;3;1;B02
201000012534;0;7;0;0;0;7;19;A01
201000012534;0;33;0;0;2;1;1;B02
201000012535;0;1;0;0;2;8;1;B02
201000012535;0;7;0;0;9;7;17;A01
201000012536;0;33;0;0;2;1;1;A01
201000012536;0;7;0;0;2;3;1;B02
201000012537;0;7;0;0;2;5;15;A01
201000012537;0;30;0;0;2;1;0;B02
201000012538;0;10;0;0;0;3;15;A01
201000012538;0;33;0;0;2;1;2;B02
201000012539;0;7;0;0;2;2;19;A01
201000012539;0;31;0;0;2;1;1;B02
201000012540;0;30;0;0;2;5;17;B02
201000012540;0;7;0;0;2;3;16;A01
201000012541;0;30;0;0;2;3;1;A01
201000012541;0;32;0;0;2;2;17;B02
201000012542;0;7;0;0;2;2;1;A01
201000012542;0;2;0;0;2;7;15;B02
201000012543;0;7;0;0;2;1;1;B02
201000012543;0;31;0;3;2;1;13;A01
201000012544;0;33;0;0;2;8;1;A01
201000012544;0;33;0;0;2;7;1;B02
201000012545;0;34;0;6;0;2;1;A01
201000012546;0;30;0;6;0;1;1;A01
201000012547;0;31;0;15;0;1;14;A01
201000012548;0;30;0;0;2;8;1;C03
201000012548;0;30;0;0;2;3;15;B02
201000012548;0;33;0;0;2;1;17;A01
201000012549;0;7;0;0;0;1;19;A01
201000012549;0;33;0;0;2;7;13;B02
201000012550;0;31;0;0;2;3;1;A01
201000012550;0;10;0;0;2;6;0;B02
201000012551;0;7;0;11;0;1;1;A01
201000012552;0;2;0;0;2;1;13;A01
201000012552;0;7;0;0;2;3;1;B02
201000012553;0;7;0;0;2;3;1;B02
201000012553;0;31;0;0;2;3;13;A01
201000012554;0;33;0;0;2;8;1;B02
201000012554;0;7;0;0;2;2;9;A01
201000012555;0;7;0;0;2;4;23;C03
201000012555;0;7;0;0;2;4;23;B02
201000012555;0;13;0;0;2;1;1;A01
201000012556;0;7;0;0;2;2;16;B02
201000012556;0;32;0;0;2;3;18;A01
201000012557;0;30;0;0;2;1;1;B02
201000012557;0;7;0;4;2;2;13;A01
201000012558;0;2;0;0;2;6;15;B02
201000012558;0;32;0;0;2;1;17;A01
201000012559;0;7;0;0;2;1;1;B02
201000012559;0;1;0;0;2;1;13;A01
201000012560;0;33;0;0;2;1;13;A01
201000012560;0;7;0;0;2;1;21;B02
201000012561;0;7;0;0;2;3;1;B02
201000012561;0;7;0;0;2;8;15;A01
201000012562;0;7;0;6;0;2;1;A01
201000012563;0;31;0;0;2;1;13;A01
201000012563;0;7;0;0;2;3;1;B02
201000012564;0;33;0;8;0;1;1;A01
201000012565;0;31;0;0;2;1;1;A01
201000012565;0;99;0;0;2;7;1;B02
201000012566;0;10;0;0;0;0;15;A01