num_acc;senc;catv;occutc;obs;obsm;choc;manv;num_veh
201000012567;0;10;0;0;2;8;1;A01
201000012567;0;31;0;0;2;1;1;B02
201000012568;0;15;0;0;2;4;0;A01
201000012568;0;2;0;1;0;1;1;B02
201000012569;0;7;0;13;5;1;1;A01
201000012570;0;1;0;0;0;0;1;A01
201000012571;0;7;0;2;0;1;14;A01
201000012572;0;7;0;0;2;3;16;A01
201000012572;0;7;0;0;2;2;21;B02
201000012573;0;31;0;0;0;1;1;B02
201000012573;0;7;0;0;0;8;0;A01
201000012574;0;33;0;0;2;1;1;A01
201000012574;0;7;0;0;2;1;1;B02
201000012575;0;2;0;0;2;3;0;B02
201000012575;0;7;0;0;2;3;0;A01
201000012576;0;7;0;0;2;1;1;B02
201000012576;0;7;0;0;2;1;13;A01
201000012577;0;33;0;0;2;1;1;B02
201000012577;0;7;0;0;2;3;19;A01
201000012578;0;7;0;2;0;1;1;A01
201000012579;0;30;0;0;2;3;0;A01
201000012579;0;10;0;0;2;6;15;B02
201000012580;0;33;0;13;0;1;1;A01
201000012581;0;10;0;0;2;8;1;B02
201000012581;1;7;0;0;2;3;1;A01
201000012582;0;7;0;0;2;7;15;A01
201000012582;0;33;0;0;2;1;1;B02
201000012583;0;2;0;0;2;1;13;A01
201000012583;0;7;0;0;2;1;1;B02
201000012584;0;7;0;0;1;1;1;A01
201000012585;0;7;0;0;2;1;9;A01
201000012585;0;1;0;0;2;4;1;B02
201000012586;0;7;0;0;1;2;1;A01
201000012587;0;1;0;0;0;1;0;B02
201000012587;0;14;0;0;9;3;0;A01
201000012588;0;7;0;0;1;1;1;A01
201000012589;0;10;0;0;2;3;1;B02
201000012589;0;7;0;0;2;1;13;A01
201000012590;0;7;0;0;9;7;16;A01
201000012590;0;1;0;0;2;8;1;B02
201000012591;0;7;0;8;0;2;21;A01
201000012592;0;32;0;0;2;1;1;A01
201000012592;0;7;0;0;2;5;15;B02
201000012593;0;21;0;0;2;3;15;B02
201000012593;0;7;0;13;2;2;17;A01
201000012594;0;33;0;8;0;1;1;A01
201000012595;0;7;0;0;2;4;2;A01
201000012595;0;7;0;0;2;4;1;B02
201000012596;0;7;0;0;1;7;1;A01
201000012597;0;15;0;1;0;5;4;B02
201000012598;0;7;0;0;2;1;1;C03
201000012598;1;7;0;0;0;0;0;A01
201000012598;0;7;0;0;2;5;1;B02
201000012599;0;7;0;0;2;4;13;B02
201000012599;0;7;0;0;2;3;21;C03
201000012599;0;7;0;0;2;1;1;A01
201000012600;0;7;0;2;0;5;0;A01
201000012601;0;7;0;0;2;8;15;B02
201000012601;0;2;0;0;2;1;17;A01
201000012602;0;31;0;0;2;1;1;A01
201000012602;0;7;0;0;2;8;15;B02
201000012603;0;33;0;0;2;1;9;A01
201000012603;0;7;0;0;2;5;1;B02
201000012604;0;33;0;0;2;1;0;A01
201000012604;0;14;0;0;2;2;1;B02
201000012605;0;7;0;0;2;7;19;A01
201000012605;0;7;0;0;2;1;1;B02
201000012606;0;14;0;0;2;1;1;A01
201000012606;0;33;0;0;2;8;16;B02
201000012607;0;31;0;0;2;1;1;B02
201000012607;0;7;0;0;2;7;15;A01
201000012608;0;7;0;0;2;4;23;A01
201000012608;0;7;0;14;0;1;1;B02
201000012608;0;7;0;0;2;3;1;C03
201000012608;0;10;0;0;2;8;23;D04
201000012609;0;7;0;0;2;8;23;A01
201000012609;0;7;0;1;0;1;1;B02
201000012610;0;7;0;0;2;1;13;A01
201000012610;0;7;0;0;0;1;1;B02
201000012611;0;7;0;0;2;3;13;D04
201000012611;0;7;0;0;0;0;0;C03
201000012611;0;7;0;0;2;3;13;A01
201000012611;0;7;0;0;2;1;1;B02
201000012612;0;7;0;0;0;3;1;A01
201000012613;0;7;0;13;0;1;1;A01
201000012614;0;7;0;0;2;2;1;A01
201000012614;0;31;0;0;2;1;5;B02
201000012615;0;7;0;15;9;1;2;A01
201000012616;0;14;0;0;2;8;1;A01
201000012616;0;7;0;0;2;1;13;B02
201000012617;0;10;0;0;2;6;5;B02
201000012617;0;7;0;0;2;1;5;C03
201000012617;0;7;0;0;2;1;5;A01
201000012618;0;7;0;0;2;1;9;B02
201000012618;0;7;0;0;2;5;1;A01
201000012619;0;7;0;0;0;2;15;A01
201000012619;0;33;0;0;2;7;1;B02
201000012620;0;7;0;0;1;1;1;A01
201000012621;0;10;0;0;2;8;1;B02
201000012621;0;14;0;0;2;3;15;A01
201000012622;0;7;0;0;2;3;10;A01
201000012622;0;2;0;0;2;1;1;B02
201000012623;0;31;0;16;0;1;14;A01
201000012624;0;33;0;0;9;2;1;A01
201000012624;0;1;0;0;2;3;9;B02
201000012625;0;7;0;0;2;1;1;A01
201000012625;0;7;0;0;2;8;1;B02
201000012626;0;7;0;0;1;3;15;A01
201000012627;0;7;0;0;1;2;0;A01
201000012628;0;7;0;2;0;1;1;A01
201000012629;0;7;0;0;2;6;2;A01
201000012629;0;1;0;0;0;0;0;B02
201000012630;0;7;0;2;0;1;14;A01
201000012631;0;30;0;0;0;7;21;A01
201000012632;0;7;0;0;2;2;1;A01
201000012632;0;1;0;0;2;4;2;B02
201000012633;0;33;0;0;2;1;9;A01
201000012633;0;7;0;0;2;5;1;B02
201000012634;0;31;0;0;2;7;1;B02
201000012634;0;7;0;0;2;2;19;A01
201000012635;0;7;0;0;2;2;1;A01
201000012635;0;7;0;0;2;6;23;B02
201000012636;0;7;0;0;0;1;2;C03
201000012636;0;7;0;0;0;6;23;A01
201000012636;0;7;0;0;0;2;1;B02
201000012637;0;17;0;0;2;5;16;A01
201000012637;0;1;0;0;2;8;23;B02
201000012638;0;31;0;0;2;7;17;A01
201000012639;0;7;0;0;2;2;1;A01
201000012639;0;10;0;0;2;3;19;B02
201000012640;0;32;0;2;0;1;1;A01
201000012641;0;33;0;0;2;8;1;B02
201000012641;0;7;0;0;2;1;19;A01
201000012642;0;33;0;0;2;1;1;A01
201000012642;0;7;0;4;2;6;1;B02
201000012643;0;32;0;3;0;2;1;A01
201000012644;0;7;0;13;0;2;14;A01
201000012645;0;31;0;0;2;1;1;A01
201000012645;0;7;0;0;2;5;9;B02
201000012646;0;7;0;4;0;1;15;A01
201000012647;0;10;0;1;0;6;4;A01
201000012647;0;7;0;0;2;7;24;B02
201000012648;0;7;0;0;0;4;2;C03
201000012648;0;7;0;0;2;1;2;A01
201000012648;0;7;0;0;2;4;2;B02
201000012649;0;30;0;0;2;1;1;B02
201000012649;0;7;0;0;2;1;15;A01
201000012650;0;7;0;0;2;1;1;A01
201000012650;0;7;0;0;2;3;5;B02
201000012651;0;33;0;0;2;7;1;A01
201000012651;0;7;0;0;2;1;15;B02
201000012652;0;7;0;0;0;4;23;A01
201000012652;0;7;0;1;0;3;2;B02
201000012653;0;30;0;0;2;1;1;A01
201000012653;0;7;0;0;2;3;19;B02
201000012654;0;7;0;0;2;1;1;C03
201000012654;0;7;0;0;2;3;5;A01
201000012654;0;7;0;0;2;1;1;B02
201000012655;0;7;0;0;1;1;14;A01
201000012656;0;10;0;2;0;1;2;A01
201000012657;0;31;0;0;2;1;13;A01
201000012657;0;13;0;0;2;3;1;B02
201000012658;0;30;0;0;2;1;5;A01
201000012658;0;7;0;0;2;1;1;B02
201000012659;0;7;0;0;2;1;13;A01
201000012659;0;7;0;0;2;1;1;B02
201000012660;0;7;0;13;0;1;1;A01
201000012661;0;7;0;2;0;1;1;A01
201000012662;0;13;0;3;2;2;0;A01
201000012662;0;10;0;0;9;1;21;C03
201000012662;0;13;0;0;2;8;21;B02
201000012662;0;7;0;0;9;1;21;D04
201000012663;0;2;0;0;2;1;13;B02
201000012663;0;7;0;0;2;3;10;A01
201000012664;0;33;0;0;2;1;6;A01
201000012664;0;7;0;0;2;1;1;D04
201000012664;0;7;0;0;2;6;1;B02
201000012664;0;7;0;0;2;1;1;C03
201000012665;0;7;0;0;2;3;1;A01
201000012665;0;33;0;0;2;1;1;B02
201000012666;0;15;0;0;0;0;15;A01
201000012667;0;7;0;0;0;3;17;B02
201000012667;0;7;0;0;0;3;1;A01
201000012668;0;7;0;0;1;1;1;A01
201000012669;0;3;0;0;2;1;1;B02
201000012669;0;7;0;0;2;1;1;A01
201000012670;0;7;0;0;0;8;19;A01
201000012670;0;10;0;0;2;1;1;B02
201000012671;0;7;0;13;0;2;1;A01
201000012672;0;7;0;0;0;3;1;B02
201000012672;0;33;0;0;2;1;1;A01
201000012673;0;7;0;8;0;3;17;A01
201000012674;0;7;0;13;0;3;16;A01
201000012675;0;7;0;0;0;7;1;B02
201000012675;0;7;0;0;2;1;1;A01
201000012676;0;7;0;2;0;8;0;A01
201000012677;0;7;0;0;0;2;0;B02
201000012677;0;7;0;0;0;2;13;A01
201000012678;0;33;0;0;2;8;1;B02
201000012678;0;21;0;0;2;7;16;A01
201000012679;0;7;0;0;2;2;2;A01
201000012679;0;1;0;0;2;4;2;B02
201000012680;0;7;0;1;0;7;1;A01
201000012681;0;7;0;0;2;1;5;B02
201000012681;0;7;0;0;2;1;5;A01
201000012682;0;20;0;0;0;6;1;A01
201000012682;0;7;0;0;2;1;1;B02
201000012683;0;7;0;0;2;7;15;A01
201000012683;0;2;0;0;2;1;1;B02
201000012684;0;7;0;0;2;1;15;A01
201000012684;0;33;0;0;2;1;1;B02
201000012685;0;7;0;8;0;1;1;A01
201000012686;0;10;0;0;2;3;1;C03
201000012686;0;10;0;0;2;3;13;A01
201000012686;0;7;0;0;2;3;1;B02
201000012687;0;33;0;0;2;1;1;C03
201000012687;0;7;0;0;2;2;1;B02
201000012687;0;7;0;0;2;3;15;A01
201000012688;0;7;0;0;2;3;1;B02
201000012688;0;7;0;0;2;3;13;A01
201000012689;0;7;0;0;1;3;1;A01
201000012690;0;7;0;0;2;7;1;B02
201000012690;0;31;0;0;2;1;9;A01
201000012691;0;7;0;0;2;2;0;A01
201000012691;0;30;0;0;0;7;0;B02
201000012692;0;7;0;0;0;0;0;B02
201000012692;0;7;0;0;0;0;0;A01
201000012693;0;7;0;0;2;2;9;A01
201000012693;0;30;0;0;2;1;1;B02
201000012694;0;7;0;2;0;9;1;A01
201000012695;0;15;0;2;0;1;1;A01
201000012696;0;7;0;0;2;1;1;B02
201000012696;0;7;0;0;2;1;1;A01
201000012697;0;33;0;0;2;1;1;A01
201000012697;0;7;0;0;2;3;1;C03
201000012697;0;7;0;0;2;6;23;B02
201000012698;0;7;0;0;2;3;0;B02
201000012698;0;33;0;0;2;1;17;A01
201000012699;0;7;0;0;2;3;0;B02
201000012699;0;30;0;0;2;1;13;A01
201000012700;0;7;0;2;0;1;0;A01
201000012701;0;7;0;0;2;3;1;B02
201000012701;0;7;0;0;2;2;1;A01
201000012702;0;31;0;11;0;1;17;A01
201000012703;0;10;0;8;0;2;1;A01
201000012704;0;10;0;0;2;3;23;C03
201000012704;0;3;0;0;2;2;15;A01
201000012704;0;7;0;0;2;1;1;B02
201000012705;0;7;0;2;0;3;0;A01
201000012706;0;7;0;13;0;1;1;A01
201000012707;0;30;0;0;2;4;2;A01
201000012707;0;7;0;0;2;1;2;B02
201000012708;0;7;0;0;2;3;11;A01
201000012708;0;33;0;0;2;1;2;B02
201000012709;0;7;0;0;2;1;19;A01
201000012710;0;33;0;0;0;1;0;A01
201000012711;0;2;0;0;0;0;0;A01
201000012712;0;7;0;0;2;1;1;B02
201000012712;0;7;0;0;2;8;13;A01
201000012713;0;10;0;2;0;7;1;A01
201000012714;0;1;0;0;2;1;13;A01
201000012714;0;33;0;0;2;3;1;B02
201000012715;0;36;0;2;0;9;16;A01
201000012716;0;7;0;2;0;8;1;A01
201000012717;0;33;0;0;2;2;1;B02
201000012717;0;7;0;0;0;0;0;A01
201000012718;0;31;0;0;2;1;13;A01
201000012718;0;7;0;0;2;1;1;B02
201000012719;0;10;0;13;0;9;1;A01
201000012720;0;1;0;0;2;1;1;B02
201000012720;0;7;0;0;0;6;10;A01
201000012721;0;31;0;1;0;1;1;A01
201000012721;0;13;0;0;0;6;23;B02
201000012722;0;7;0;0;2;1;2;A01
201000012722;0;7;0;0;2;4;15;B02
201000012723;0;7;0;0;2;3;1;B02
201000012723;0;7;0;0;2;3;13;A01
201000012724;0;10;0;0;1;1;15;A01
201000012725;0;7;0;2;0;5;21;A01
201000012726;0;7;0;0;1;1;1;A01
201000012727;0;10;0;2;0;3;14;A01
201000012728;0;7;0;0;2;7;19;A01
201000012728;0;32;0;0;2;1;1;B02
201000012729;0;7;0;0;2;1;15;A01
201000012729;0;30;0;0;2;1;1;B02
201000012730;0;7;0;2;0;7;13;A01
201000012731;0;7;0;0;2;7;1;B02
201000012731;0;7;0;0;2;3;1;A01
201000012731;0;7;0;0;2;1;1;C03
201000012732;0;2;0;0;0;1;1;A01
201000012733;0;7;0;13;9;3;0;A01
201000012734;0;1;0;0;2;1;2;A01
201000012734;0;7;0;0;0;7;23;B02
201000012735;0;33;0;16;2;1;21;A01
201000012736;0;30;0;0;2;1;1;A01
201000012736;0;7;0;0;2;2;15;B02
201000012737;0;7;0;10;0;1;13;A01
201000012738;0;10;0;0;2;1;16;B02
201000012738;0;1;0;0;2;7;5;A01
201000012739;0;7;0;2;0;8;1;A01
201000012740;0;10;0;13;0;1;1;A01
201000012741;0;7;0;0;0;0;15;A01
201000012741;0;31;0;0;2;0;1;B02
201000012742;0;7;0;0;2;3;13;A01
201000012742;0;7;0;0;2;3;1;B02
201000012743;0;33;0;0;0;7;2;A01
201000012744;0;10;0;0;2;8;23;B02
201000012744;0;7;0;0;2;3;14;A01
201000012745;0;33;0;3;0;2;0;A01
201000012746;0;31;0;0;2;1;1;A01
201000012746;0;7;0;0;2;7;15;B02
201000012747;0;7;0;0;2;3;1;A01
201000012747;0;1;0;0;2;1;0;B02
201000012748;0;31;0;8;0;8;0;B02
201000012748;0;7;0;0;0;7;17;A01
201000012749;0;7;0;0;0;1;1;A01
201000012750;0;7;0;2;0;1;14;A01
201000012751;0;31;0;0;2;8;1;A01
201000012751;0;7;0;0;2;3;1;B02
201000012752;0;7;0;0;0;9;1;A01
201000012753;0;7;0;0;2;2;15;A01
201000012753;0;7;0;0;2;3;1;B02
201000012754;0;7;0;0;2;1;1;B02
201000012754;0;7;0;0;2;1;5;A01
201000012755;0;7;0;2;0;1;21;A01
201000012756;0;7;0;0;2;1;1;B02
201000012756;0;1;0;0;2;4;15;A01
201000012757;0;7;0;0;1;2;2;A01
201000012758;0;7;0;0;2;3;1;C03
201000012758;0;7;0;0;2;0;15;A01
201000012758;0;31;0;0;2;4;21;B02
201000012759;0;2;0;0;2;8;13;A01
201000012759;0;7;0;0;2;7;1;B02
201000012760;0;14;0;0;2;2;1;B02
201000012760;0;7;0;0;2;8;1;A01
201000012761;0;7;0;0;1;1;1;A01
201000012762;0;10;0;0;2;7;15;A01
201000012762;0;7;0;0;2;3;1;B02
201000012763;0;32;0;0;0;1;1;B02
201000012763;0;7;0;0;0;8;15;A01
201000012764;0;7;0;1;0;1;1;B02
201000012764;0;15;0;0;0;5;23;A01
201000012765;0;7;0;13;0;1;13;A01
201000012766;0;7;0;0;2;1;0;B02
201000012766;0;7;0;0;0;3;5;A01
201000012767;0;7;0;0;1;1;20;A01
201000012768;0;7;0;0;6;3;21;A01
201000012769;0;7;0;0;2;1;0;A01
201000012769;0;32;0;0;2;8;9;B02
201000012770;0;7;0;0;2;2;15;A01
201000012770;0;7;0;0;2;1;1;B02
201000012771;0;33;0;0;0;0;5;C03
201000012771;0;33;0;0;9;1;21;A01
201000012771;0;1;0;0;2;4;2;B02
201000012772;0;30;0;0;2;1;9;A01
201000012772;0;7;0;0;2;3;1;B02
201000012773;0;7;0;0;2;1;13;A01
201000012773;0;7;0;0;2;6;1;C03
201000012773;0;7;0;0;2;1;1;B02
201000012774;0;7;0;0;2;3;1;B02
201000012774;0;7;0;0;2;3;13;A01
201000012775;0;7;0;0;1;2;15;A01
201000012776;0;7;0;13;0;2;14;A01
201000012777;0;7;0;13;0;1;2;A01
201000012778;0;7;0;0;1;2;1;A01
201000012779;0;7;0;0;2;1;1;A01
201000012779;0;7;0;0;2;1;1;B02
201000012780;0;10;0;0;1;1;16;A01
201000012781;0;7;0;0;1;2;1;A01
201000012782;0;33;0;2;0;7;21;A01
201000012783;0;2;0;0;2;4;2;B02
201000012783;0;7;0;0;2;1;2;A01
201000012784;0;33;0;0;2;1;1;B02
201000012784;0;7;0;0;0;3;15;A01
201000012785;0;33;0;0;0;0;14;A01
201000012786;0;30;0;16;0;8;1;A01
201000012787;0;7;0;0;2;3;15;B02
201000012787;0;7;0;0;2;1;1;A01
201000012788;0;34;0;0;2;2;17;B02
201000012788;0;7;0;0;2;6;15;A01
201000012789;0;7;0;16;0;9;17;A01
201000012790;0;10;0;0;2;7;17;B02
201000012791;0;33;0;16;0;9;15;A01
201000012792;0;7;0;2;0;1;1;A01
201000012793;0;7;0;13;0;9;1;A01
201000012794;0;7;0;2;0;3;1;A01
201000012795;0;7;0;0;2;8;15;A01
201000012795;0;33;0;0;2;1;2;B02
201000012796;0;7;0;0;2;3;15;A01
201000012797;0;2;0;0;2;7;15;A01
201000012797;0;7;0;0;2;2;1;B02
201000012798;0;7;0;0;2;8;1;B02
201000012798;0;33;0;0;2;8;13;A01
201000012799;0;1;0;0;2;4;2;B02
201000012799;0;7;0;0;9;2;2;A01
201000012800;0;7;0;0;2;3;15;A01
201000012800;0;7;0;0;2;2;1;B02
201000012801;0;7;0;0;2;1;17;A01
201000012801;0;10;0;0;2;1;1;C03
201000012801;0;14;0;0;2;3;1;B02
201000012802;0;7;0;0;2;3;1;A01
201000012802;0;7;0;0;2;1;6;B02
201000012803;0;1;0;0;2;1;1;A01
201000012803;0;7;0;0;2;3;15;B02
201000012804;0;10;0;0;2;3;1;C03
201000012804;0;7;0;0;2;3;1;B02
201000012804;0;10;0;0;2;3;13;A01
201000012805;0;7;0;0;2;1;1;B02
201000012805;0;7;0;0;2;8;13;A01
201000012806;0;7;0;5;0;2;11;A01
201000012807;0;7;0;2;0;8;1;A01
201000012808;0;7;0;0;2;1;0;B02
201000012808;0;7;0;0;2;1;14;A01
201000012809;0;33;0;13;0;1;13;A01
201000012810;0;33;0;5;0;7;14;A01
201000012811;0;7;0;0;2;1;13;A01
201000012811;0;30;0;0;2;1;1;B02
201000012812;0;30;0;0;0;4;2;A01
201000012812;2;7;0;0;2;2;2;B02
201000012813;0;7;0;0;0;5;15;A01
201000012813;0;33;0;0;2;1;1;B02
201000012814;0;7;0;2;0;3;1;A01
201000012815;0;32;0;0;2;7;17;B02
201000012815;0;7;0;0;2;8;15;A01
201000012816;0;7;0;0;2;2;1;A01
201000012816;0;30;0;0;2;4;2;B02
201000012817;0;7;0;13;0;1;16;A01
201000012818;0;7;0;2;0;2;1;A01
201000012819;0;7;0;2;0;1;1;B02
201000012819;0;7;0;2;0;1;17;A01
201000012820;0;33;0;12;0;1;1;A01
201000012821;0;7;0;0;0;1;14;A01
201000012822;0;1;0;0;2;1;1;B02
201000012822;0;7;0;0;2;2;15;A01
201000012823;0;7;0;0;2;8;13;A01
201000012823;0;10;0;0;2;8;1;B02
201000012824;0;7;0;0;1;4;4;A01
201000012825;0;14;0;8;0;2;1;A01
201000012826;0;7;0;0;9;3;9;A01
201000012826;0;1;0;0;2;7;1;B02
201000012827;0;7;0;0;2;2;1;A01
201000012827;0;1;0;0;2;5;19;B02
201000012828;0;7;0;0;1;5;1;B02
201000012828;0;7;0;0;2;1;1;A01
201000012829;0;7;0;2;0;8;1;A01
201000012830;0;7;0;2;0;7;0;A01
201000012831;0;7;0;13;0;9;1;A01
201000012832;0;7;0;11;0;3;1;A01
201000012833;0;7;0;13;0;3;13;A01
201000012834;0;10;0;0;2;1;1;A01
201000012834;0;7;0;0;0;4;15;B02
201000012835;0;7;0;0;2;3;1;B02
201000012835;0;7;0;0;2;3;13;A01
201000012836;0;7;0;13;0;9;1;A01
201000012837;0;10;0;0;2;3;1;B02
201000012837;0;7;0;0;2;2;11;A01
201000012838;0;7;0;2;0;1;1;A01
201000012839;0;7;0;13;0;0;1;A01
201000012840;0;7;0;0;2;3;19;A01
201000012840;0;33;0;0;2;1;1;B02
201000012841;0;7;0;0;1;1;15;A01
201000012842;0;2;0;0;2;1;1;A01
201000012843;0;7;0;0;2;2;15;A01
201000012843;0;34;0;0;2;8;1;B02
201000012844;0;7;0;0;2;7;13;A01
201000012844;0;7;0;0;2;1;1;B02
201000012845;0;33;0;8;2;1;2;B02
201000012845;0;7;0;0;2;5;15;A01
201000012846;0;7;0;0;2;3;1;B02
201000012846;0;33;0;0;2;1;13;A01
201000012847;0;7;0;6;2;7;6;B02
201000012847;0;7;0;0;2;1;1;A01
201000012848;0;7;0;0;2;6;15;B02
201000012848;0;34;0;0;2;1;2;A01
201000012849;0;31;0;0;2;1;1;B02
201000012849;0;7;0;0;2;2;1;A01
201000012850;0;7;0;0;2;1;19;A01
201000012850;0;7;0;0;2;1;1;B02
201000012851;0;31;0;9;0;8;1;A01
201000012852;0;7;0;2;0;1;1;A01
201000012853;0;99;0;0;0;0;16;A01
201000012854;0;7;0;14;0;3;21;C03
201000012854;0;33;0;0;2;1;13;A01
201000012854;0;7;0;0;2;1;2;B02
201000012855;0;7;0;2;0;7;16;A01
201000012856;0;7;0;0;2;8;1;A01
201000012856;0;1;0;0;2;8;1;B02
201000012857;0;7;0;16;0;9;1;A01
201000012858;0;7;0;13;0;1;1;A01
201000012859;0;7;0;2;0;1;1;A01
201000012860;0;1;0;0;2;1;1;B02
201000012860;0;33;0;0;2;1;1;A01
201000012861;0;7;0;0;2;7;17;A01
201000012861;0;1;0;0;2;8;1;B02
201000012862;0;7;0;0;0;1;1;C03
201000012862;0;7;0;0;0;3;13;A01
201000012862;0;7;0;0;0;3;1;B02
201000012863;0;1;0;0;2;7;1;A01
201000012863;0;7;0;0;2;8;1;B02
201000012864;0;7;0;0;2;1;13;A01
201000012864;0;7;0;0;2;2;1;B02
201000012865;0;1;0;0;0;0;1;A01
201000012866;0;2;0;0;2;1;1;B02
201000012866;0;7;0;0;2;2;15;A01
201000012867;0;10;0;0;2;8;19;B02
201000012867;0;7;0;0;2;1;1;A01
201000012868;0;10;0;2;0;1;1;A01
201000012869;0;7;0;2;0;1;1;A01
201000012870;1;7;0;0;2;1;1;A01
201000012870;0;1;0;0;2;4;1;B02
201000012871;0;7;0;13;2;2;1;A01
201000012871;0;7;0;0;2;3;1;B02
201000012872;0;1;0;0;2;3;19;B02
201000012872;0;7;0;0;9;2;1;A01
201000012873;0;33;0;0;0;7;1;A01
201000012874;0;7;0;0;2;1;1;B02
201000012874;0;7;0;0;2;3;15;A01
201000012875;0;7;0;0;2;3;15;B02
201000012875;0;31;0;0;2;1;17;A01
201000012876;0;33;0;10;0;1;1;A01
201000012877;0;33;0;0;2;4;23;B02
201000012877;0;7;0;0;2;3;2;A01
201000012878;0;7;0;1;1;7;1;A01
201000012879;0;7;0;13;0;3;14;A01
201000012880;0;30;0;13;0;1;0;A01
201000012881;0;7;0;15;0;3;1;A01
201000012882;0;7;0;2;0;3;14;A01
201000012883;0;7;0;2;0;1;13;A01
201000012884;0;7;0;0;1;3;1;A01
201000012885;0;7;0;0;2;8;15;A01
201000012885;0;33;0;0;2;1;17;B02
201000012886;0;17;0;0;2;3;10;A01
201000012886;0;31;0;0;2;5;17;B02
201000012887;0;99;0;6;0;2;1;A01
201000012888;0;7;0;16;0;2;1;A01
201000012889;0;7;0;3;0;2;1;A01
201000012890;0;1;0;0;9;5;2;A01
201000012891;0;21;0;0;2;6;1;A01
201000012891;0;2;0;0;2;1;13;B02
201000012892;0;30;0;0;2;1;19;A01
201000012892;0;14;0;0;2;2;2;B02
201000012893;0;33;0;0;0;2;1;A01
201000012894;0;3;0;10;0;2;1;A01
201000012895;0;1;0;0;2;4;1;C03
201000012895;0;7;0;0;2;2;1;A01
201000012895;0;1;0;0;2;4;1;B02
201000012896;0;7;0;0;2;2;19;A01
201000012896;0;30;0;0;2;1;1;B02
201000012897;0;33;0;0;2;7;19;A01
201000012897;0;20;0;0;2;1;1;B02
201000012898;0;7;0;13;0;7;1;A01
201000012899;0;7;0;0;2;8;1;A01
201000012899;0;36;0;0;2;3;1;B02
201000012900;0;7;0;2;0;8;1;A01
201000012901;0;7;0;0;0;4;0;C03
201000012901;0;7;0;1;0;2;14;A01
201000012902;0;7;0;0;2;1;1;C03
201000012902;0;7;0;0;2;3;13;A01
201000012902;0;7;0;0;2;3;1;B02
201000012903;0;7;0;0;2;5;15;B02
201000012903;0;7;0;0;2;1;1;A01
201000012904;0;15;0;13;0;1;13;A01
201000012905;0;33;0;0;2;1;1;A01
201000012905;0;30;0;0;2;1;9;B02
201000012906;0;14;0;0;9;8;1;A01
201000012906;0;1;0;0;2;0;1;B02
201000012907;0;7;0;0;2;8;13;A01
201000012907;0;7;0;0;2;1;2;C03
201000012907;0;7;0;0;2;1;1;B02
201000012908;0;10;0;0;0;0;0;A01
201000012909;0;30;0;0;2;1;13;B02
201000012909;0;7;0;0;2;3;1;A01
201000012910;0;10;0;0;2;3;1;B02
201000012910;0;7;0;0;2;3;1;A01
201000012911;0;2;0;0;2;4;2;A01
201000012911;0;7;0;0;2;1;2;B02
201000012912;0;7;0;0;1;1;1;A01
201000012913;0;7;0;10;0;8;1;A01
201000012914;0;7;0;10;2;0;1;A01
201000012915;0;7;0;2;0;1;13;A01
201000012916;0;17;0;0;0;7;1;A01
201000012917;0;7;0;12;0;1;16;A01
201000012918;0;7;0;13;0;9;1;A01
201000012919;0;10;0;13;0;2;1;A01
201000012920;0;7;0;0;2;9;0;B02
201000012920;0;10;0;0;2;4;15;A01
201000012920;0;7;0;0;2;1;0;C03
201000012921;0;33;0;13;0;1;1;A01
201000012922;0;38;1;0;2;3;1;B02
201000012922;0;7;0;0;2;2;1;A01
201000012923;0;7;0;0;2;3;13;A01
201000012923;0;7;0;0;2;8;1;B02
201000012923;0;7;0;0;2;1;1;C03
201000012924;0;30;0;0;9;0;1;A01
201000012925;0;7;0;13;0;1;1;A01
201000012925;0;7;0;0;0;0;1;B02
201000012926;0;7;0;13;0;1;14;A01
201000012927;0;7;0;0;2;1;1;B02
201000012927;0;7;0;0;2;1;13;A01
201000012928;0;7;0;0;2;3;1;A01
201000012928;0;33;0;0;2;7;16;B02
201000012929;0;7;0;0;2;1;1;B02
201000012929;0;7;0;0;2;1;13;A01
201000012929;0;7;0;0;2;8;1;C03
201000012930;0;7;0;8;0;8;1;A01
201000012931;0;7;0;0;2;2;1;A01
201000012931;0;1;0;0;2;4;1;B02
201000012932;0;10;0;13;0;3;1;A01
201000012933;0;7;0;2;0;1;1;A01
201000012934;0;32;0;0;2;8;1;A01
201000012934;0;10;0;0;2;8;19;B02
201000012935;0;7;0;2;0;3;1;A01
201000012936;0;7;0;0;2;3;15;B02
201000012936;0;30;0;0;2;1;1;A01
201000012937;0;7;0;2;0;2;1;A01
201000012938;0;10;0;0;0;9;16;A01
201000012939;0;33;0;10;0;1;1;A01
201000012940;0;33;0;2;0;7;14;A01
201000012941;0;7;0;0;2;3;13;A01
201000012942;0;7;0;2;0;2;14;A01
201000012943;0;33;0;0;2;1;1;B02
201000012943;0;33;0;0;2;1;17;A01
201000012944;0;7;0;0;0;1;1;A01
201000012945;0;7;0;13;0;7;1;A01
201000012946;0;7;0;13;0;3;1;A01
201000012947;0;7;0;0;0;8;0;A01
201000012948;0;7;0;13;0;1;1;A01
201000012949;0;32;0;15;0;1;17;A01
201000012950;0;33;0;0;2;7;1;A01
201000012950;0;37;0;0;2;1;1;B02
201000012951;0;7;0;0;2;2;19;A01
201000012951;0;33;0;0;2;5;0;B02