num_acc;senc;catv;occutc;obs;obsm;choc;manv;num_veh
201000012952;0;33;0;0;2;1;1;B02
201000012952;0;7;0;0;2;3;9;A01
201000012953;0;10;0;13;0;1;1;A01
201000012954;0;7;0;2;0;2;1;A01
201000012955;0;15;0;0;2;1;23;C03
201000012955;0;7;0;0;2;7;21;B02
201000012955;0;7;0;0;2;2;9;A01
201000012956;0;7;0;0;0;3;0;B02
201000012956;0;30;0;0;0;1;0;A01
201000012957;0;10;0;2;0;7;13;A01
201000012958;0;14;0;0;0;9;19;A01
201000012959;0;7;0;2;0;1;14;A01
201000012960;0;7;0;0;0;2;1;B02
201000012960;0;30;0;0;2;1;13;A01
201000012961;0;33;0;8;0;0;1;A01
201000012962;0;7;0;13;0;7;14;A01
201000012963;0;7;0;0;0;9;0;A01
201000012964;0;7;0;0;0;3;1;A01
201000012965;0;7;0;0;2;7;1;A01
201000012965;0;7;0;0;2;1;19;B02
201000012966;0;7;0;13;0;2;14;A01
201000012967;0;7;0;0;0;6;15;A01
201000012967;0;31;0;0;2;1;1;B02
201000012968;0;7;0;2;0;7;1;A01
201000012969;0;7;0;0;2;1;13;A01
201000012969;0;10;0;0;2;1;1;B02
201000012970;0;7;0;6;0;1;1;A01
201000012971;0;7;0;2;0;1;1;A01
201000012972;0;10;0;2;0;1;0;A01
201000012973;0;7;0;2;0;1;1;A01
201000012974;0;30;0;0;2;8;1;B02
201000012974;0;7;0;0;2;3;15;A01
201000012975;0;10;0;0;1;2;1;A01
201000012976;0;7;0;0;0;2;1;A01
201000012976;0;7;0;0;2;8;1;B02
201000012977;0;7;0;0;1;0;4;A01
201000012978;0;7;0;0;2;2;1;B02
201000012978;0;2;0;0;2;1;5;A01
201000012979;0;7;0;0;2;2;23;C03
201000012979;0;7;0;0;2;1;15;B02
201000012979;0;7;0;0;2;3;1;A01
201000012980;0;10;0;16;0;9;21;A01
201000012981;0;21;0;0;0;0;1;A01
201000012982;0;7;0;0;1;2;1;A01
201000012983;0;1;0;0;2;7;19;B02
201000012983;0;7;0;0;9;1;1;A01
201000012984;0;7;0;0;2;1;5;A01
201000012984;0;7;0;0;2;1;1;B02
201000012985;0;7;0;0;2;3;1;B02
201000012985;0;7;0;0;2;3;13;A01
201000012986;0;33;0;0;2;1;2;A01
201000012986;0;7;0;0;2;6;2;B02
201000012987;0;2;0;0;2;1;1;B02
201000012987;0;7;0;0;2;5;15;A01
201000012988;0;33;0;0;2;1;21;B02
201000012988;0;7;0;0;2;7;15;A01
201000012989;0;7;0;0;1;2;21;A01
201000012990;0;2;0;6;0;1;5;A01
201000012991;0;7;0;0;2;3;15;A01
201000012991;0;2;0;0;2;8;1;B02
201000012992;0;14;0;0;2;1;15;A01
201000012992;0;2;0;0;2;8;1;B02
201000012993;0;7;0;0;2;8;15;B02
201000012993;0;7;0;0;2;3;1;A01
201000012994;0;7;0;2;0;1;13;A01
201000012995;0;7;0;2;2;1;21;A01
201000012995;0;7;0;0;2;3;19;B02
201000012996;0;7;0;0;2;3;13;B02
201000012996;0;7;0;2;2;6;0;C03
201000012996;0;7;0;0;0;5;23;A01
201000012997;0;1;0;0;2;7;15;B02
201000012997;0;7;0;0;9;1;0;A01
201000012998;0;99;0;0;1;2;1;A01
201000012999;0;7;0;0;0;7;1;A01
201000013000;0;7;0;0;2;2;19;B02
201000013000;0;7;0;0;2;3;1;A01
201000013001;0;7;0;0;2;4;2;C03
201000013001;0;7;0;0;2;8;1;B02
201000013001;0;7;0;0;2;1;2;A01
201000013002;0;2;0;0;2;1;1;B02
201000013002;0;7;0;0;2;8;19;A01
201000013003;0;7;0;0;9;0;1;A01
201000013003;0;7;0;0;9;3;1;B02
201000013004;0;31;0;0;2;2;2;A01
201000013004;0;10;0;0;2;3;2;B02
201000013005;0;7;0;0;2;2;15;A01
201000013005;0;7;0;0;2;8;1;B02
201000013006;0;7;0;0;0;5;15;A01
201000013006;0;2;0;0;0;1;1;B02
201000013007;0;7;0;0;2;1;1;B02
201000013007;0;7;0;0;2;2;15;A01
201000013008;0;7;0;0;2;3;13;A01
201000013008;0;33;0;0;2;8;1;B02
201000013009;0;7;0;2;0;2;1;A01
201000013010;0;7;0;0;1;5;1;A01
201000013011;0;7;0;0;2;3;13;A01
201000013011;0;7;0;0;2;3;1;B02
201000013012;0;7;0;0;2;2;1;A01
201000013012;0;2;0;0;2;4;1;B02
201000013013;0;7;0;0;1;2;1;A01
201000013014;0;7;0;0;2;1;13;A01
201000013014;0;7;0;0;2;1;1;B02
201000013015;0;7;0;2;0;0;1;A01
201000013016;0;1;0;0;9;0;1;A01
201000013017;0;30;0;0;2;1;1;B02
201000013017;0;7;0;0;2;3;15;A01
201000013018;0;7;0;6;0;3;1;A01
201000013019;0;7;0;15;0;1;1;A01
201000013020;0;33;0;0;0;7;21;A01
201000013021;0;31;0;0;2;8;1;B02
201000013021;0;7;0;0;2;3;1;A01
201000013022;0;33;0;15;0;0;1;A01
201000013023;0;7;0;0;2;3;1;A01
201000013023;0;7;0;0;2;3;1;B02
201000013024;0;7;0;0;2;8;1;B02
201000013024;0;7;0;0;2;1;19;A01
201000013025;0;7;0;0;2;1;1;B02
201000013025;0;7;0;0;2;8;10;A01
201000013026;0;33;0;0;2;1;1;B02
201000013026;0;7;0;0;2;2;19;A01
201000013027;0;7;0;0;2;1;1;A01
201000013027;0;7;0;0;2;1;1;B02
201000013028;0;7;0;8;0;9;1;A01
201000013029;0;7;0;0;2;3;13;A01
201000013029;0;31;0;0;2;7;1;B02
201000013030;0;10;0;0;2;1;1;B02
201000013030;0;17;0;0;2;1;1;A01
201000013031;0;7;0;0;2;1;1;A01
201000013031;0;33;0;0;2;4;2;B02
201000013032;0;7;0;0;2;2;1;B02
201000013032;0;7;0;0;2;2;1;A01
201000013033;0;2;0;0;2;1;2;B02
201000013033;0;7;0;0;2;3;19;A01
201000013034;0;7;0;0;2;8;1;B02
201000013034;0;7;0;0;2;3;1;C03
201000013034;0;7;0;3;2;3;13;A01
201000013035;0;33;0;0;2;1;13;B02
201000013035;0;7;0;0;2;1;1;A01
201000013036;0;7;0;2;0;1;1;A01
201000013037;0;7;0;0;2;1;1;A01
201000013037;0;7;0;0;2;8;21;B02
201000013038;0;2;0;0;2;1;1;A01
201000013038;0;7;0;0;2;2;1;B02
201000013039;0;32;0;1;0;1;1;A01
201000013039;0;7;0;1;0;3;0;B02
201000013040;0;7;0;6;0;1;1;A01
201000013041;0;3;0;0;2;3;17;A01
201000013041;0;7;0;0;2;3;1;B02
201000013042;0;10;0;11;0;3;1;A01
201000013043;0;10;0;0;2;2;19;A01
201000013043;0;30;0;0;2;7;21;B02
201000013044;0;7;0;13;0;1;13;A01
201000013045;0;13;0;14;0;2;1;A01
201000013046;0;10;0;1;0;4;4;A01
201000013046;0;30;0;0;2;1;23;B02
201000013047;0;31;0;0;2;1;19;B02
201000013047;0;7;0;0;2;7;9;A01
201000013048;0;7;0;0;2;3;1;A01
201000013048;0;17;0;3;2;1;1;B02
201000013049;0;14;0;0;2;1;2;D04
201000013049;0;7;0;0;2;7;10;C03
201000013049;0;7;0;0;2;1;2;B02
201000013049;0;7;0;0;2;2;2;A01
201000013050;0;7;0;0;2;1;21;B02
201000013050;0;7;0;0;2;1;13;A01
201000013051;0;10;0;2;0;8;1;A01
201000013052;0;10;0;16;0;9;1;A01
201000013053;1;7;0;0;1;2;0;A01
201000013054;0;17;0;0;1;3;1;A01
201000013055;0;17;0;0;2;3;1;B02
201000013055;0;7;0;0;2;8;19;A01
201000013056;0;7;0;0;2;1;1;A01
201000013056;0;7;0;4;2;6;1;B02
201000013057;0;7;0;0;1;7;1;A01
201000013058;0;7;0;0;2;1;5;A01
201000013058;0;7;0;0;2;1;1;B02
201000013059;0;7;0;0;2;3;10;A01
201000013059;0;31;0;0;2;1;1;B02
201000013060;0;7;0;0;2;3;13;A01
201000013060;0;7;0;0;2;3;1;B02
201000013061;0;7;0;6;0;3;1;A01
201000013062;0;30;0;0;2;5;1;B02
201000013062;0;37;0;0;2;2;9;A01
201000013063;0;7;0;0;2;1;1;B02
201000013063;0;7;0;0;2;3;13;A01
201000013064;0;2;0;0;2;1;1;A01
201000013064;0;7;0;0;2;3;1;B02
201000013065;0;7;0;0;2;3;15;B01
201000013065;0;33;0;0;2;2;17;A02
201000013066;0;7;0;13;0;2;1;A01
201000013067;0;7;0;2;0;2;1;A01
201000013068;0;10;0;0;2;3;9;A01
201000013068;0;1;0;0;2;1;1;B02
201000013069;0;7;0;2;0;3;14;A01
201000013070;0;10;0;6;0;1;1;A01
201000013071;0;33;0;13;0;1;15;A01
201000013072;0;7;0;0;2;1;1;B02
201000013072;0;7;0;0;2;8;1;A01
201000013073;0;7;0;10;0;2;0;A01
201000013074;0;7;0;8;0;2;13;A01
201000013075;0;7;0;0;2;3;13;A02
201000013075;0;7;0;0;2;3;1;B01
201000013076;0;7;0;13;0;8;1;A01
201000013077;0;1;0;0;2;1;14;A01
201000013077;0;17;0;0;2;8;16;B02
201000013078;0;7;0;16;0;9;14;A01
201000013079;0;7;0;7;0;9;13;A01
201000013080;0;7;0;0;2;7;1;A01
201000013080;0;1;0;0;2;1;10;B02
201000013081;0;21;0;0;2;6;1;B02
201000013081;0;36;0;0;2;3;1;A01
201000013082;0;7;0;16;0;1;1;A01
201000013083;0;7;0;0;2;1;1;B01
201000013083;0;7;0;0;2;8;19;A02
201000013084;0;7;0;13;0;1;14;A01
201000013085;0;10;0;2;0;2;14;A01
201000013086;0;15;0;0;2;3;1;B02
201000013086;0;10;0;0;2;1;1;A01
201000013087;0;7;0;0;1;3;1;A01
201000013088;0;7;0;13;0;1;1;A01
201000013089;0;7;0;0;2;7;1;B02
201000013089;0;10;0;0;2;1;19;A01
201000013090;0;7;0;0;0;8;1;B02
201000013090;0;7;0;0;2;1;19;A01
201000013091;0;7;0;13;0;1;13;A01
201000013092;0;7;0;8;0;1;1;A01
201000013093;0;7;0;0;2;1;1;B02
201000013093;0;7;0;0;2;1;19;A01
201000013094;0;2;0;0;0;8;1;A01
201000013095;0;7;0;13;0;2;1;A01
201000013096;0;33;0;0;2;1;17;A01
201000013096;0;7;0;0;2;8;15;B02
201000013097;0;7;0;0;1;2;21;A01
201000013098;0;7;0;2;2;1;14;A01
201000013098;0;7;0;0;2;3;1;B02
201000013099;0;7;0;0;2;7;1;B02
201000013099;0;30;0;0;2;1;1;A01
201000013100;0;7;0;2;0;8;13;A01
201000013101;0;13;0;2;0;1;14;A01
201000013102;0;7;0;0;2;2;1;C03
201000013102;0;7;0;0;2;1;13;A01
201000013102;0;7;0;0;2;1;1;B02
201000013103;0;21;0;0;1;3;15;A01
201000013104;0;7;0;0;1;7;1;A01
201000013105;0;7;0;0;2;5;1;B01
201000013105;0;7;0;0;2;5;1;C02
201000013105;0;7;0;0;2;2;1;D03
201000013105;0;7;0;0;2;8;19;A04
201000013106;0;10;0;0;1;1;1;A01
201000013107;0;33;0;14;0;2;1;A01
201000013108;0;33;0;0;2;8;16;B02
201000013108;0;7;0;0;2;2;16;A01
201000013109;0;10;0;2;0;2;1;A01
201000013110;0;7;0;2;0;3;1;A01
201000013111;0;30;0;0;2;1;1;B02
201000013112;0;7;0;12;0;9;1;A01
201000013113;0;7;0;0;1;1;1;A01
201000013114;0;7;0;6;0;1;15;A01
201000013115;0;7;0;0;2;3;1;B02
201000013115;0;7;0;0;2;3;1;A01
201000013116;0;7;0;2;0;8;1;A01
201000013117;0;7;0;2;0;3;1;A01
201000013118;0;10;0;0;2;3;1;A01
201000013118;0;1;0;0;2;1;1;B02
201000013119;0;7;0;13;0;1;1;A01
201000013120;0;7;0;13;0;2;1;A01
201000013121;0;2;0;13;0;1;21;A01
201000013122;0;30;0;0;2;1;0;A01
201000013123;0;10;0;2;0;8;1;A01
201000013124;0;7;0;2;0;3;1;A01
201000013125;0;7;0;16;0;9;1;A01
201000013126;0;7;0;0;2;1;1;B02
201000013126;0;7;0;0;2;1;13;A01
201000013127;0;33;0;0;0;3;1;A01
201000013128;0;7;0;5;0;2;14;A01
201000013129;0;2;0;0;2;1;1;B02
201000013129;0;7;0;0;2;6;19;A01
201000013130;0;7;0;0;1;1;1;A01
201000013131;0;14;0;0;2;8;0;B02
201000013131;0;7;0;0;2;3;13;A01
201000013132;0;7;0;0;2;2;1;B02
201000013132;0;1;0;0;2;1;19;A01
201000013133;0;7;0;0;1;1;1;A01
201000013134;0;31;0;13;0;1;13;A01
201000013135;0;7;0;0;2;8;1;C03
201000013135;0;15;0;0;2;3;1;B02
201000013135;0;7;0;0;2;3;13;A01
201000013136;0;7;0;5;0;3;13;A01
201000013137;0;7;0;0;2;0;15;B02
201000013137;0;33;0;0;2;0;21;C03
201000013137;0;7;0;0;0;0;24;A01
201000013138;0;7;0;0;0;4;23;A01
201000013138;0;7;0;0;2;1;1;B02
201000013139;0;7;0;13;0;9;1;A01
201000013140;0;1;0;0;2;4;2;A01
201000013140;0;7;0;0;2;2;1;B02
201000013141;0;7;0;0;2;3;1;A01
201000013141;0;7;0;0;2;3;1;B02
201000013142;0;7;0;13;0;9;13;A01
201000013143;0;7;0;0;2;3;15;A01
201000013143;0;33;0;0;2;1;1;B02
201000013144;0;7;0;0;1;1;1;A01
201000013145;0;7;0;15;0;8;13;A01
201000013146;0;7;0;0;2;1;1;B02
201000013146;0;14;0;0;2;3;15;A01
201000013147;0;7;0;0;1;6;4;A01
201000013148;0;10;0;0;2;3;1;B02
201000013148;0;7;0;3;2;3;13;A01
201000013149;0;7;0;0;9;2;1;A01
201000013149;0;1;0;0;0;4;1;C03
201000013149;0;1;0;0;0;4;1;B02
201000013150;0;30;0;6;0;1;1;A01
201000013151;0;2;0;9;0;1;13;A01
201000013152;0;33;0;0;2;1;13;C03
201000013152;0;7;0;0;2;6;1;A01
201000013152;0;7;0;0;2;2;1;B02
201000013153;0;7;0;0;2;1;1;B02
201000013153;0;32;0;0;2;1;13;A01
201000013153;0;7;0;0;2;6;1;C03
201000013154;0;7;0;0;2;1;1;A01
201000013154;0;7;0;0;2;7;19;B02
201000013155;0;7;0;0;2;1;1;C03
201000013155;0;33;0;0;2;1;13;A01
201000013155;0;7;0;0;2;1;1;B02
201000013156;0;7;0;0;1;3;1;A01
201000013157;0;33;0;6;0;8;1;A01
201000013158;0;7;0;13;0;1;1;A01
201000013159;0;7;0;16;0;0;13;A01
201000013160;0;2;0;0;2;1;2;A01
201000013160;0;1;0;0;2;4;2;B02
201000013161;0;2;0;10;0;1;21;A01
201000013162;0;2;0;0;2;1;1;B02
201000013162;0;7;0;0;2;6;19;A01
201000013163;0;7;0;0;2;8;13;A01
201000013163;0;10;0;0;2;1;1;C03
201000013163;0;7;0;0;2;8;21;B02
201000013164;0;7;0;0;1;1;1;A01
201000013165;0;10;0;0;2;3;19;B02
201000013165;0;7;0;0;2;1;13;A01
201000013166;0;7;0;0;2;3;15;B02
201000013166;0;31;0;0;2;1;1;A01
201000013167;0;7;0;13;0;1;0;A01
201000013168;0;7;0;0;0;3;0;B02
201000013168;0;7;0;0;0;3;13;A01
201000013169;0;7;0;0;1;2;15;A01
201000013170;0;7;0;2;0;1;1;A01
201000013171;0;32;0;0;2;1;17;B02
201000013171;0;7;0;0;0;3;13;A01
201000013172;0;7;0;13;0;9;13;A01
201000013173;0;33;0;10;0;2;1;A01
201000013174;0;1;0;0;2;6;15;A01
201000013174;0;7;0;0;2;2;1;B02
201000013175;0;7;0;0;0;2;2;B02
201000013175;0;7;0;0;0;6;2;A01
201000013176;0;10;0;0;2;1;13;A01
201000013176;0;38;0;0;2;1;1;B02
201000013177;0;7;0;0;2;2;1;A01
201000013177;2;7;0;0;2;7;15;B02
201000013178;0;7;0;0;1;2;1;A01
201000013179;0;10;0;6;0;3;1;A01
201000013180;0;14;0;13;0;1;1;A01
201000013181;0;7;0;0;1;4;4;A01
201000013182;0;7;0;0;1;4;4;A01
201000013183;0;7;0;13;0;2;1;A01
201000013184;0;7;0;0;0;4;24;B02
201000013184;0;7;0;1;0;1;1;A01
201000013185;0;33;0;0;2;1;17;B02
201000013185;0;7;0;0;2;1;19;A01
201000013186;0;7;0;2;0;1;14;A01
201000013187;0;7;0;3;0;9;1;A01
201000013188;0;1;0;0;2;1;5;B02
201000013188;0;7;0;0;9;3;15;A01
201000013189;0;7;0;0;2;6;24;A01
201000013189;0;7;0;1;0;2;1;B02
201000013190;0;7;0;14;0;1;0;A01
201000013191;0;7;0;0;1;2;19;A01
201000013192;0;33;0;0;6;1;1;A01
201000013193;0;33;0;6;0;1;17;A01
201000013194;0;7;0;0;2;1;1;B02
201000013194;0;7;0;11;2;3;9;A01
201000013195;0;32;0;0;2;0;1;A01
201000013195;0;31;0;0;2;0;21;B02
201000013196;0;33;0;0;2;1;17;A01
201000013196;0;7;0;0;2;3;15;B02
201000013197;0;33;0;0;2;3;13;A01
201000013197;0;31;0;0;2;1;16;B02
201000013198;0;7;0;0;2;7;1;A01
201000013198;0;1;0;0;2;1;5;B02
201000013199;0;7;0;13;0;3;1;A01
201000013200;0;10;0;13;0;2;1;A01
201000013201;0;7;0;0;0;0;1;A01
201000013202;0;7;0;6;0;1;1;A01
201000013203;0;7;0;2;0;3;1;A01
201000013204;0;33;0;0;2;1;1;B02
201000013204;0;7;0;0;2;8;19;A01
201000013205;0;31;0;6;0;1;1;A01
201000013206;0;7;0;0;2;3;13;A01
201000013206;0;7;0;0;2;8;1;B02
201000013207;0;7;0;0;2;2;13;A01
201000013207;0;7;0;0;2;3;1;B02
201000013208;0;10;0;2;0;1;1;A01
201000013209;0;31;0;0;2;1;1;B02
201000013209;0;7;0;0;2;7;15;A01
201000013210;0;7;0;0;0;0;1;A01
201000013211;0;1;0;1;0;1;1;B02
201000013212;0;7;0;0;2;3;15;A01
201000013212;0;30;0;0;2;1;1;B02
201000013213;0;7;0;0;2;1;13;A01
201000013213;0;7;0;0;2;1;1;B02
201000013214;0;21;0;0;2;2;19;A01
201000013214;0;7;0;0;2;2;1;B02
201000013215;0;7;0;13;0;3;1;A01
201000013216;0;7;0;0;0;7;17;B02
201000013216;0;30;0;0;0;7;2;A01
201000013217;0;7;0;2;0;1;1;A01
201000013218;0;7;0;0;2;3;13;B02
201000013218;0;7;0;0;2;3;1;A01
201000013219;0;7;0;6;1;9;1;A01
201000013220;0;7;0;6;0;2;0;A01
201000013221;0;7;0;0;2;1;1;B02
201000013221;0;7;0;0;2;1;13;A01
201000013222;0;7;0;6;0;1;13;A01
201000013223;0;33;0;0;2;1;1;B02
201000013223;0;7;0;0;2;7;11;A01
201000013224;0;30;0;12;0;2;0;A01
201000013225;0;7;0;0;2;1;13;B02
201000013225;0;3;0;0;2;1;1;A01
201000013226;0;7;0;0;2;1;5;B02
201000013226;0;10;0;0;2;1;1;A01
201000013227;0;7;0;0;1;4;20;A01
201000013228;0;7;0;0;2;6;15;A01
201000013228;0;33;0;0;2;1;17;B02
201000013229;0;7;0;0;2;3;1;A01
201000013229;0;7;0;0;2;3;1;B02
201000013230;0;7;0;0;2;4;15;A01
201000013230;0;7;0;0;2;1;1;B02
201000013231;0;7;0;0;1;1;1;A01
201000013232;0;7;0;2;0;1;1;A01
201000013233;0;7;0;6;0;2;1;A01
201000013234;0;7;0;0;1;2;1;A01
201000013235;0;7;0;0;0;7;1;B02
201000013235;0;7;0;0;2;1;16;A01
201000013236;0;7;0;13;0;2;1;A01
201000013237;0;33;0;0;2;3;1;B02
201000013237;0;7;0;0;2;3;1;A01
201000013238;0;33;0;0;2;1;9;B02
201000013238;0;10;0;0;2;2;1;A01
201000013239;0;33;0;0;0;1;18;B02
201000013239;0;7;0;0;0;7;15;A01
201000013240;0;7;0;0;0;0;1;A01
201000013241;0;7;0;0;2;1;13;B02
201000013241;0;7;0;0;2;1;1;A01
201000013242;0;7;0;16;0;9;1;A01
201000013243;0;7;0;0;0;0;0;A01
201000013243;0;10;0;0;2;1;1;B02
201000013244;0;7;0;2;0;1;1;A01
201000013245;0;1;0;0;2;1;19;A01
201000013245;0;30;0;0;2;1;1;B02
201000013246;0;7;0;0;2;1;17;A01
201000013246;0;7;0;0;2;1;1;B02
201000013247;0;1;0;0;2;8;1;B02
201000013247;0;7;0;0;2;1;15;A01
201000013248;0;7;0;0;2;3;15;A01
201000013248;0;33;0;0;2;8;1;B02
201000013249;0;7;0;0;5;1;1;A01
201000013250;0;10;0;8;2;2;2;B02
201000013250;0;10;0;0;0;6;1;A01
201000013251;0;10;0;0;2;1;13;A01
201000013251;0;7;0;0;0;1;1;B02
201000013252;0;7;0;0;2;2;15;A01
201000013252;0;2;0;0;2;1;1;B02
201000013253;0;7;0;0;2;1;1;B02
201000013253;0;7;0;0;2;1;13;A01
201000013254;0;7;0;0;1;1;0;A01
201000013254;0;99;0;0;0;0;19;B02
201000013255;0;10;0;0;2;7;17;B02
201000013255;0;7;0;0;2;3;15;A01
201000013256;0;7;0;0;2;3;1;A01
201000013256;0;7;0;0;2;3;1;B02
201000013257;0;7;0;0;2;7;9;A01
201000013257;0;33;0;0;2;1;1;B02
201000013258;0;7;0;0;2;1;1;B02
201000013258;0;7;0;0;2;3;13;A01
201000013259;0;7;0;2;2;3;13;A01
201000013259;0;7;0;2;2;8;17;B02
201000013259;0;7;0;0;2;8;1;C03
201000013260;0;2;0;0;0;1;1;B02
201000013260;0;7;0;0;0;3;1;A01
201000013261;0;10;0;0;2;2;17;A01
201000013261;0;7;0;0;2;8;15;B02
201000013262;0;7;0;13;0;1;16;A01
201000013263;0;33;0;0;2;2;1;B02
201000013263;0;7;0;0;2;1;9;A01
201000013264;0;33;0;0;0;8;1;A01
201000013265;0;7;0;0;2;3;1;B02
201000013265;0;7;0;0;2;3;13;A01
201000013265;0;99;0;0;2;8;1;C03
201000013266;0;7;0;0;2;1;1;A01
201000013266;0;7;0;0;2;1;13;B02
201000013267;0;7;0;0;2;3;1;B02
201000013267;0;7;0;0;2;1;13;A01
201000013268;0;7;0;0;2;1;1;C03
201000013268;0;30;0;0;2;0;13;A01
201000013268;0;7;0;0;2;8;1;B02
201000013269;0;7;0;13;0;2;1;A01
201000013270;0;7;0;0;0;4;1;C03
201000013270;0;33;0;0;2;1;1;A01
201000013270;0;33;0;0;2;8;1;B02
201000013271;0;7;0;0;1;1;1;A01
201000013272;0;14;0;0;2;3;1;B02
201000013272;0;7;0;0;2;1;1;C03
201000013272;0;7;0;0;2;3;13;A01
201000013273;0;7;0;6;0;1;13;A01
201000013274;0;33;0;2;0;1;1;A01
201000013275;0;30;0;15;0;3;1;A01
201000013276;0;7;0;0;2;8;24;B02
201000013276;0;7;0;0;2;0;24;C03
201000013276;0;33;0;1;0;1;0;A01
201000013277;0;14;0;0;0;1;1;B02
201000013277;0;7;0;0;0;1;13;A01
201000013278;0;7;0;1;0;3;1;A01
201000013279;0;7;0;0;2;3;13;A01
201000013279;0;7;0;0;2;8;1;B02
201000013280;0;7;0;2;0;7;13;A01
201000013281;0;7;0;0;0;3;15;A01
201000013281;0;31;0;0;0;8;1;B02
201000013282;0;7;0;0;1;5;20;A01
201000013283;0;7;0;13;0;3;13;A01
201000013284;0;7;0;0;1;2;17;A01
201000013285;0;14;0;0;2;3;1;B02
201000013285;0;10;0;0;2;3;1;A01
201000013286;0;7;0;0;2;1;1;A01
201000013286;0;31;0;0;2;1;1;B02
201000013286;0;2;0;0;2;1;1;C03
201000013287;0;33;0;2;0;1;1;A01
201000013288;0;7;0;0;0;0;15;A01
201000013288;0;33;0;0;0;0;1;B02
201000013289;0;2;0;0;2;8;13;B02
201000013289;0;7;0;0;2;8;1;A01
201000013290;0;32;0;0;0;7;1;A01
201000013291;0;7;0;0;2;1;1;B02
201000013291;0;10;0;0;2;2;15;A01
201000013292;0;30;0;0;2;1;1;A01
201000013292;0;7;0;0;2;8;19;B02
201000013293;0;7;0;0;2;3;1;B02
201000013293;0;7;0;0;2;3;13;A01
201000013294;0;7;0;0;9;3;1;A01
201000013294;0;1;0;0;2;1;19;B02
201000013295;0;7;0;0;6;0;1;A01
201000013296;0;7;0;13;0;2;1;A01
201000013297;0;7;0;6;0;6;2;A01
201000013298;0;7;0;0;0;0;13;A01
201000013299;0;7;0;2;0;3;1;A01
201000013300;0;10;0;0;1;1;0;A01
201000013301;0;2;0;6;0;7;1;A01
201000013302;0;7;0;0;2;6;17;B02
201000013302;0;33;0;0;2;1;17;A01
201000013303;0;31;0;0;2;5;0;A01
201000013303;0;7;0;0;2;2;19;B02
201000013304;0;7;0;0;2;8;1;B02
201000013304;0;33;0;0;2;1;1;A01
201000013305;0;33;0;0;2;1;0;B02
201000013305;0;7;0;0;2;3;19;A01
201000013306;0;7;0;0;2;1;5;B02
201000013306;0;7;0;0;2;1;1;A01
201000013307;0;7;0;0;2;3;1;B02
201000013307;0;7;0;0;2;3;13;A01
201000013308;0;21;0;0;0;7;1;A01
201000013309;0;17;0;13;0;7;1;A01
201000013310;0;7;0;0;2;3;0;B02
201000013310;0;33;0;0;2;8;0;A01
201000013311;0;7;0;0;0;1;1;A01
201000013312;0;7;0;13;0;2;1;A01
201000013313;0;7;0;0;2;2;17;A01
201000013313;0;1;0;0;2;3;15;B02
201000013314;0;7;0;0;2;6;1;B02
201000013314;0;7;0;0;2;2;17;C03
201000013314;0;7;0;0;2;6;17;A01
201000013315;0;7;0;0;2;1;0;B02
201000013315;0;7;0;0;2;2;13;A01
201000013316;0;7;0;0;2;3;1;B02
201000013316;0;7;0;0;2;3;13;A01
201000013317;0;7;0;13;0;1;13;A01
201000013318;0;2;0;0;1;1;1;A01
201000013319;0;15;0;0;1;7;0;A01
201000013320;0;7;0;0;2;2;1;B02
201000013320;0;1;0;0;2;1;19;A01
201000013321;0;7;0;2;0;8;1;A01
201000013322;0;30;0;0;2;1;1;A01
201000013322;0;7;0;0;2;3;15;B02
201000013323;0;3;0;0;1;1;1;A01
201000013324;0;7;0;0;2;3;1;B02
201000013324;0;7;0;0;2;3;13;A01
201000013325;0;1;0;0;2;1;1;B02
201000013325;0;7;0;0;2;5;15;A01
201000013326;0;33;0;0;0;7;17;A01
201000013327;0;7;0;0;1;1;1;A01
201000013328;0;7;0;0;1;2;1;A01
201000013329;0;7;0;13;0;3;13;A01
201000013330;0;7;0;0;2;3;13;B02
201000013330;0;7;0;0;2;3;1;A01
201000013331;0;7;0;0;2;2;17;A01
201000013331;0;7;0;0;2;3;1;B02
201000013331;0;10;0;0;2;1;1;C03
201000013332;0;7;0;0;2;1;1;B02
201000013332;0;7;0;6;2;1;0;A01
201000013333;0;37;0;0;2;1;1;B02
201000013333;0;7;0;0;2;2;13;A01
201000013334;0;7;0;2;0;1;1;A01
201000013335;0;30;0;16;0;0;1;A01
201000013336;0;10;0;0;2;3;1;B02
201000013336;0;7;0;0;2;3;1;A01
201000013337;0;7;0;6;2;7;19;A01
201000013337;0;10;0;0;2;1;1;B02
201000013338;0;7;0;13;0;3;19;A01
201000013339;0;36;0;15;0;1;1;A01
201000013340;0;10;0;0;0;0;15;B02
201000013340;0;10;0;0;2;9;1;A01
201000013341;0;7;0;0;2;3;19;A01
201000013341;0;31;0;0;2;1;1;B02
201000013342;0;33;0;2;0;7;1;A01
201000013343;0;31;0;0;0;0;1;A01
201000013344;0;30;0;0;2;8;19;A01
201000013344;0;7;0;0;2;1;1;B02
201000013345;0;7;0;0;2;8;13;B02
201000013345;0;7;0;0;2;3;13;A01
201000013346;0;7;0;0;2;1;1;B02
201000013346;0;7;0;0;2;7;19;A01
201000013347;0;7;0;2;0;1;0;A01
201000013348;0;7;0;0;2;3;1;B02
201000013348;0;31;0;0;2;1;13;A01