num_acc;senc;catv;occutc;obs;obsm;choc;manv;num_veh
201000013349;0;2;0;0;2;7;19;A01
201000013349;0;7;0;0;2;1;1;B02
201000013350;0;1;0;0;2;4;1;B02
201000013350;0;7;0;0;9;2;17;A01
201000013351;0;31;0;0;0;7;1;A01
201000013352;0;7;0;0;9;3;19;B02
201000013352;0;1;0;0;2;1;1;A01
201000013353;0;7;0;0;0;1;1;B02
201000013353;0;10;0;0;0;3;13;A01
201000013354;0;33;0;0;2;1;1;B02
201000013354;0;7;0;0;2;3;19;A01
201000013355;0;7;0;2;0;1;19;A01
201000013356;0;10;0;14;0;2;1;A01
201000013357;0;7;0;0;0;3;13;A01
201000013358;0;7;0;0;1;2;15;A01
201000013359;0;7;0;0;2;6;13;A01
201000013359;0;15;0;0;2;1;0;B02
201000013360;0;33;0;0;2;1;1;A01
201000013360;0;7;0;0;2;5;19;B02
201000013361;0;7;0;0;1;3;1;A01
201000013362;0;7;0;8;0;1;1;A01
201000013363;0;7;0;2;0;7;15;A01
201000013364;0;7;0;0;1;1;1;A01
201000013365;0;7;0;13;0;1;13;A01
201000013366;0;7;0;0;1;8;19;A01
201000013367;0;7;0;0;2;1;13;A01
201000013367;0;7;0;0;2;1;1;B02
201000013368;0;14;0;0;2;1;1;B02
201000013368;0;14;0;0;0;8;15;A01
201000013369;0;7;0;0;2;1;1;B02
201000013369;0;7;0;0;2;1;21;A01
201000013370;0;7;0;0;2;2;17;B02
201000013370;0;2;0;0;2;3;15;A01
201000013371;0;7;0;0;2;1;1;A01
201000013371;0;2;0;0;2;1;1;C03
201000013371;0;2;0;0;2;1;1;B02
201000013372;0;1;0;0;2;0;23;C03
201000013372;0;99;0;0;9;0;1;B02
201000013373;0;7;0;0;2;5;15;B02
201000013373;0;33;0;0;2;1;1;A01
201000013374;0;7;0;0;2;3;9;A01
201000013374;0;7;0;0;2;1;1;B02
201000013375;0;7;0;0;2;3;13;A01
201000013375;0;99;0;13;2;3;21;B02
201000013376;0;10;0;0;2;3;1;B02
201000013376;0;10;0;0;2;1;13;A01
201000013377;0;10;0;13;0;1;1;A01
201000013378;0;7;0;0;2;1;15;B02
201000013378;0;33;0;0;2;1;1;A01
201000013379;0;7;0;0;2;7;2;A01
201000013379;0;1;0;0;2;8;2;B02
201000013380;0;7;0;0;1;2;1;A01
201000013381;0;7;0;0;2;3;16;B02
201000013381;0;7;0;0;2;2;1;A01
201000013382;0;7;0;0;2;1;19;A01
201000013382;0;7;0;0;2;1;1;B02
201000013383;0;7;0;2;0;1;17;A01
201000013384;0;7;0;0;2;3;13;A01
201000013384;0;15;0;0;2;3;1;B02
201000013385;0;7;0;0;2;3;1;B02
201000013385;0;33;0;0;2;1;1;A01
201000013386;0;7;0;2;0;1;1;A01
201000013387;0;7;0;13;0;2;14;A01
201000013388;0;7;0;2;2;2;13;A01
201000013388;0;7;0;0;2;8;15;B02
201000013389;0;14;0;0;2;7;1;B02
201000013389;0;30;0;0;2;7;13;A01
201000013390;0;33;0;0;2;1;2;B02
201000013390;0;7;0;0;2;4;2;A01
201000013391;0;3;0;0;2;3;2;A01
201000013391;0;7;0;0;2;5;17;B02
201000013391;0;7;0;0;2;8;1;C03
201000013392;0;7;0;0;2;7;21;B02
201000013392;0;7;0;0;2;7;13;A01
201000013393;0;33;0;0;2;1;1;B02
201000013393;0;7;0;0;2;7;15;A01
201000013394;0;10;0;0;2;2;1;A01
201000013394;0;10;0;0;2;3;13;B02
201000013395;0;7;0;0;0;2;0;A01
201000013395;0;31;0;0;0;1;1;B02
201000013396;0;7;0;0;0;9;1;A01
201000013397;0;7;0;0;5;1;1;A01
201000013398;0;7;0;0;2;2;2;A01
201000013398;0;2;0;0;2;3;2;B02
201000013399;0;7;0;13;0;1;1;A01
201000013400;0;7;0;0;2;7;19;A01
201000013400;0;7;0;0;2;1;1;B02
201000013401;0;7;0;0;2;2;13;A01
201000013401;0;7;0;0;2;3;1;B02
201000013402;0;7;0;13;0;1;9;A01
201000013403;0;14;0;0;2;1;1;B02
201000013403;0;14;0;0;0;7;15;A01
201000013404;0;7;0;0;1;1;14;A01
201000013405;0;7;0;0;6;1;13;A01
201000013405;0;7;0;0;6;0;1;B02
201000013406;0;1;0;0;0;1;1;B02
201000013406;0;7;0;0;2;1;15;A01
201000013407;0;7;0;0;2;3;1;B02
201000013407;0;7;0;0;2;5;11;A01
201000013408;0;30;0;0;0;4;1;A01
201000013408;0;7;0;0;0;2;2;C03
201000013409;0;7;0;8;0;2;1;A01
201000013410;0;7;0;0;2;3;6;B02
201000013410;0;7;0;0;2;1;1;A01
201000013411;0;30;0;16;0;0;0;A01
201000013412;0;33;0;0;6;1;1;A01
201000013413;0;10;0;0;0;2;0;A01
201000013414;0;7;0;6;0;2;14;A01
201000013415;0;7;0;0;2;1;1;B02
201000013415;0;33;0;0;2;1;0;A01
201000013416;0;7;0;13;0;3;14;A01
201000013417;0;7;0;0;2;3;1;A01
201000013417;0;7;0;0;2;3;13;B02
201000013418;0;99;0;0;2;7;2;B02
201000013418;0;7;0;0;9;9;9;A01
201000013419;0;36;0;0;0;0;16;A01
201000013420;0;36;0;0;0;9;1;A01
201000013421;0;33;0;10;0;3;1;A01
201000013422;0;10;0;0;2;7;1;B02
201000013422;0;7;0;0;2;3;9;A01
201000013423;0;30;0;6;0;2;1;A01
201000013424;0;10;0;6;0;2;1;A01
201000013425;0;7;0;8;0;3;1;A01
201000013426;0;21;0;0;1;0;1;A01
201000013427;0;2;0;0;2;0;0;B02
201000013427;0;7;0;0;2;2;15;A01
201000013428;0;33;0;0;2;8;13;A01
201000013428;0;7;0;0;2;1;1;B02
201000013429;0;33;0;13;0;2;1;A01
201000013430;0;1;0;0;0;1;1;A01
201000013431;0;21;0;0;2;3;15;A01
201000013431;0;38;0;0;2;3;17;B02
201000013432;0;10;0;8;2;7;1;B02
201000013432;0;14;0;0;2;1;19;A01
201000013433;0;7;0;8;0;1;1;A01
201000013434;0;7;0;0;2;2;15;A01
201000013434;0;2;0;0;2;5;1;B02
201000013435;0;7;0;8;0;3;1;A01
201000013436;0;7;0;0;2;6;15;B02
201000013436;0;33;0;0;2;1;17;A01
201000013437;0;7;0;13;0;2;1;A01
201000013438;0;7;0;0;2;1;1;A01
201000013438;0;3;0;0;2;1;1;B02
201000013439;0;7;0;3;0;1;17;A01
201000013440;0;7;0;13;0;1;1;A01
201000013441;0;7;0;14;0;1;1;C03
201000013441;0;7;0;0;2;8;1;B02
201000013441;0;7;0;0;2;3;13;A01
201000013442;0;7;0;0;2;1;1;B02
201000013442;0;7;0;0;2;1;13;A01
201000013443;0;15;0;0;0;7;0;A01
201000013444;0;99;0;0;2;0;17;A01
201000013444;0;30;0;0;0;6;1;B02
201000013445;0;33;0;0;2;1;1;A01
201000013445;0;7;0;0;2;3;1;B02
201000013446;0;7;0;15;0;3;1;A01
201000013447;2;10;0;6;0;1;1;A01
201000013448;0;7;0;0;2;3;13;A01
201000013448;0;33;0;0;2;1;13;B02
201000013449;0;7;0;16;0;1;1;A01
201000013450;0;33;0;1;2;1;21;A01
201000013450;0;10;0;0;0;3;1;B02
201000013451;0;10;0;0;2;3;14;B02
201000013451;0;30;0;0;2;7;13;A01
201000013452;0;33;0;0;2;1;13;A01
201000013452;0;7;0;0;0;3;15;B02
201000013453;0;7;0;0;2;7;1;A01
201000013453;0;33;0;0;2;1;5;B02
201000013454;0;7;0;0;2;1;1;B02
201000013454;0;7;0;0;2;1;13;A01
201000013455;0;7;0;13;0;3;13;A01
201000013456;0;7;0;8;0;1;13;A01
201000013457;0;7;0;13;0;1;1;A01
201000013458;0;7;0;0;1;3;1;A01
201000013459;0;7;0;2;0;1;14;A01
201000013460;0;7;0;2;0;8;1;A01
201000013461;0;7;0;6;0;1;1;A01
201000013462;0;7;0;0;2;3;1;B02
201000013462;0;30;0;0;2;1;13;A01
201000013463;0;7;0;0;2;6;1;B02
201000013463;0;7;0;0;2;3;1;A01
201000013464;0;10;0;0;2;1;1;A01
201000013464;0;7;0;0;2;2;15;B02
201000013465;0;7;0;6;0;3;1;A01
201000013466;0;7;0;6;0;2;1;A01
201000013467;0;7;0;0;2;1;19;A01
201000013467;0;1;0;0;2;7;1;B02
201000013468;0;7;0;0;2;1;1;B02
201000013468;0;7;0;0;2;6;1;A01
201000013469;0;7;0;0;2;1;1;D04
201000013469;0;7;0;0;2;1;1;C03
201000013469;0;7;0;0;2;3;1;A01
201000013469;0;7;0;0;2;3;1;B02
201000013470;0;17;0;0;2;3;1;B02
201000013470;0;10;0;0;2;3;13;A01
201000013471;0;7;0;0;1;1;1;A01
201000013472;0;16;0;10;0;0;1;A01
201000013473;0;7;0;0;2;3;1;B02
201000013473;0;7;0;0;2;3;17;A01
201000013474;0;33;0;0;0;1;13;A01
201000013475;0;7;0;0;2;3;1;B02
201000013475;0;7;0;0;2;3;1;A01
201000013476;0;7;0;7;0;2;1;A01
201000013477;0;7;0;0;2;1;1;B02
201000013477;0;7;0;3;2;7;13;A01
201000013478;0;7;0;16;0;0;1;A01
201000013479;0;7;0;0;2;6;13;A01
201000013479;0;7;0;0;2;8;1;B02
201000013480;0;7;0;2;0;1;0;A01
201000013481;0;7;0;14;0;1;1;A01
201000013482;0;1;0;0;2;1;1;B02
201000013482;0;7;0;0;2;2;15;A01
201000013483;0;7;0;3;0;0;1;A01
201000013484;0;17;0;3;0;3;0;A01
201000013485;0;7;0;13;0;9;1;A01
201000013486;0;7;0;0;2;3;1;B02
201000013486;0;7;0;0;2;3;1;A01
201000013487;0;7;0;0;2;1;15;A01
201000013487;0;33;0;0;2;8;1;B02
201000013488;0;7;0;0;2;1;13;A01
201000013488;0;7;0;0;2;1;1;B02
201000013489;0;7;0;16;0;9;21;A01
201000013490;0;7;0;0;1;1;1;A01
201000013491;0;7;0;2;0;3;1;A01
201000013492;0;17;0;13;0;0;14;A01
201000013493;0;7;0;6;0;1;14;A01
201000013494;0;7;0;2;0;1;0;A01
201000013495;0;7;0;0;2;3;1;B02
201000013495;0;7;0;0;2;1;13;A01
201000013496;0;33;0;0;0;0;0;A01
201000013497;0;7;0;13;0;9;4;A01
201000013498;0;33;0;6;0;1;1;A01
201000013499;0;7;0;0;2;3;1;B02
201000013499;0;7;0;0;2;3;15;A01
201000013500;0;7;0;13;0;1;1;A01
201000013501;0;7;0;0;2;3;16;A01
201000013501;0;7;0;0;2;3;1;B02
201000013502;0;33;0;2;0;8;1;A01
201000013503;0;7;0;0;0;9;2;A01
201000013504;0;14;0;0;2;3;1;A01
201000013504;0;7;0;0;2;8;1;B02
201000013505;0;33;0;0;2;1;13;A01
201000013505;0;7;0;0;2;3;1;B02
201000013506;0;7;0;13;0;1;1;A01
201000013507;0;17;0;0;2;1;1;A01
201000013507;0;7;0;0;2;1;13;B02
201000013508;0;33;0;0;0;0;1;A01
201000013509;0;33;0;0;6;2;1;A01
201000013510;0;17;0;8;0;3;1;A01
201000013511;0;3;0;6;0;1;1;A01
201000013512;0;33;0;0;2;2;17;B02
201000013512;0;7;0;0;0;6;13;A01
201000013513;0;7;0;13;0;2;13;A01
201000013514;1;7;0;0;1;2;1;A01
201000013515;0;7;0;0;2;1;15;A01
201000013515;0;7;0;0;2;1;1;B02
201000013516;0;7;0;0;2;1;1;B02
201000013516;0;7;0;12;2;6;5;A01
201000013517;0;2;0;0;2;1;13;B02
201000013517;0;7;0;0;2;3;1;A01
201000013518;0;7;0;0;1;2;14;A01
201000013519;0;10;0;0;1;2;1;A01
201000013520;0;7;0;8;0;2;1;A01
201000013521;0;33;0;0;2;1;1;A01
201000013521;0;21;0;0;0;8;9;B02
201000013522;0;2;0;0;2;1;13;A01
201000013522;0;7;0;0;2;3;21;B02
201000013523;0;10;0;0;2;1;5;A01
201000013523;0;7;0;0;0;1;5;B02
201000013524;0;10;0;13;0;3;13;A01
201000013525;0;7;0;13;0;1;13;A01
201000013526;0;7;0;8;0;2;13;A01
201000013527;0;7;0;16;0;9;1;A01
201000013528;0;7;0;0;2;3;1;A01
201000013528;0;10;0;0;2;3;1;B02
201000013529;0;7;0;0;2;1;1;B02
201000013529;0;7;0;0;2;8;13;A01
201000013530;0;10;0;4;0;1;1;A01
201000013531;0;21;0;0;0;1;1;A01
201000013532;0;33;0;0;0;7;0;A01
201000013533;0;7;0;2;0;2;13;A01
201000013534;0;33;0;13;0;4;1;A01
201000013535;0;7;0;1;0;1;19;A01
201000013535;0;7;0;0;2;1;23;B02
201000013536;0;7;0;16;2;1;1;B02
201000013536;0;7;0;16;2;8;19;A01
201000013537;0;7;0;16;0;9;1;A01
201000013538;0;7;0;0;2;2;1;B02
201000013538;0;2;0;0;0;0;0;A01
201000013539;0;10;0;0;2;1;1;B02
201000013539;0;7;0;0;0;3;19;A01
201000013540;0;7;0;13;0;2;1;A01
201000013541;0;7;0;0;1;2;21;A01
201000013542;0;7;0;0;1;1;1;B02
201000013542;0;7;0;0;1;1;1;A01
201000013543;0;7;0;0;9;2;1;A01
201000013544;0;33;0;0;1;8;13;A01
201000013545;0;7;0;0;2;7;10;B02
201000013545;0;33;0;0;2;1;1;A01
201000013546;0;32;0;0;2;7;17;A01
201000013546;0;30;0;0;2;8;15;B02
201000013547;0;1;0;0;2;1;1;B02
201000013547;0;7;0;0;0;7;19;A01
201000013548;0;7;0;0;0;6;15;A01
201000013548;0;33;0;0;2;1;1;B02
201000013549;0;7;0;0;1;1;1;A01
201000013550;0;33;0;0;2;2;21;A01
201000013550;0;7;0;0;2;3;0;B02
201000013551;0;7;0;0;1;1;1;A01
201000013552;0;21;0;0;2;3;2;B02
201000013552;0;7;0;0;2;2;2;A01
201000013553;0;31;0;0;2;1;15;A01
201000013553;0;1;0;0;2;3;1;B02
201000013554;0;7;0;8;0;1;14;A01
201000013555;0;2;0;1;0;1;2;B02
201000013556;0;33;0;0;2;1;1;B02
201000013556;0;7;0;0;2;6;16;A01
201000013557;0;33;0;0;2;1;1;A01
201000013557;0;7;0;0;2;1;17;B02
201000013558;0;2;0;0;2;1;1;B02
201000013558;0;7;0;0;2;1;17;A01
201000013559;1;7;0;15;1;7;1;A01
201000013560;0;7;0;0;2;2;1;A01
201000013560;0;30;0;0;2;1;19;B02
201000013561;0;7;0;2;2;3;1;A01
201000013561;0;7;0;2;2;3;17;B02
201000013562;0;30;0;5;0;1;1;A01
201000013563;0;10;0;13;0;2;1;A01
201000013564;0;33;0;0;6;1;1;A01
201000013565;0;7;0;0;9;2;1;A01
201000013565;0;1;0;0;2;1;1;B02
201000013566;0;7;0;0;2;3;1;B02
201000013566;0;7;0;0;2;3;1;A01
201000013567;0;10;0;0;2;3;1;B02
201000013567;0;33;0;0;2;7;13;A01
201000013568;0;7;0;13;0;3;1;A01
201000013569;0;7;0;0;0;7;15;A01
201000013569;0;31;0;0;0;1;1;B02
201000013570;0;30;0;0;0;0;1;A01
201000013571;0;7;0;0;2;1;15;A01
201000013571;0;1;0;0;2;1;1;B02
201000013572;0;10;0;0;1;3;1;A01
201000013573;0;10;0;0;1;2;19;A01
201000013574;0;33;0;0;2;1;13;B02
201000013574;0;7;0;0;2;3;1;A01
201000013575;0;7;0;6;0;1;0;A01
201000013576;0;31;0;0;2;7;1;B02
201000013576;0;7;0;0;2;1;19;A01
201000013577;0;33;0;0;2;1;2;A01
201000013577;0;7;0;0;2;6;2;B02
201000013578;0;99;0;0;2;6;1;B02
201000013578;0;33;0;0;2;1;13;A01
201000013579;0;2;0;0;2;8;15;B02
201000013579;0;7;0;0;2;1;1;A01
201000013580;0;30;0;0;2;1;17;B02
201000013580;0;7;0;0;2;3;15;A01
201000013581;0;15;0;13;0;7;1;A01
201000013582;0;7;0;0;2;3;13;B02
201000013582;0;7;0;0;2;3;1;A01
201000013583;0;30;0;0;9;1;1;A01
201000013584;0;7;0;0;2;3;19;A01
201000013584;0;30;0;0;2;1;1;B02
201000013585;0;7;0;0;0;0;0;A01
201000013585;0;7;0;0;2;3;1;B02
201000013586;0;7;0;0;2;2;1;B02
201000013586;0;7;0;0;2;2;17;A01
201000013586;0;7;0;0;2;5;1;C03
201000013587;0;7;0;0;2;3;15;A01
201000013587;0;33;0;0;2;1;1;B02
201000013588;0;7;0;0;1;1;1;A01
201000013589;0;7;0;0;2;3;1;B02
201000013589;0;7;0;0;2;2;13;A01
201000013589;0;7;0;0;2;6;1;C03
201000013590;0;10;0;0;2;1;1;A01
201000013590;0;1;0;0;0;4;1;B02
201000013591;0;7;0;0;2;7;13;A01
201000013591;0;7;0;0;2;3;1;B02
201000013592;0;10;0;0;2;8;10;B02
201000013592;0;10;0;0;2;1;1;A01
201000013593;0;7;0;0;1;1;1;A01
201000013594;0;10;0;0;2;3;19;A01
201000013594;0;33;0;0;2;1;1;B02
201000013595;0;2;0;0;2;9;13;B02
201000013595;0;7;0;0;2;1;1;A01
201000013596;0;7;0;0;2;2;1;B02
201000013596;0;33;0;11;2;1;13;A01
201000013597;0;10;0;13;0;2;1;A01
201000013598;0;99;0;0;2;4;1;B02
201000013598;0;10;0;0;2;1;14;A01
201000013599;0;10;0;4;0;1;13;A01
201000013600;0;7;0;0;2;1;13;A01
201000013600;0;10;0;0;2;3;1;B02
201000013601;0;10;0;6;0;9;1;A01
201000013602;0;7;0;0;0;2;0;B02
201000013602;0;32;0;0;0;7;1;A01
201000013603;0;7;0;2;0;1;1;A01
201000013604;0;7;0;6;0;3;1;A01
201000013605;0;7;0;13;2;9;17;A01
201000013605;0;7;0;0;0;6;1;B02
201000013606;0;7;0;0;1;8;1;A01
201000013607;0;7;0;0;2;1;1;B02
201000013607;0;7;0;0;2;1;13;A01
201000013608;0;7;0;0;0;6;15;A01
201000013608;0;2;0;0;0;1;17;B02
201000013609;0;7;0;0;1;3;1;A01
201000013610;0;36;0;12;0;1;16;A01
201000013611;0;7;0;0;1;3;1;A01
201000013612;0;7;0;0;2;8;15;A01
201000013612;0;33;0;0;2;1;1;B02
201000013613;0;7;0;8;0;3;1;A01
201000013614;0;7;0;0;2;2;15;A01
201000013614;0;7;0;0;2;1;1;B02
201000013615;0;7;0;0;2;3;1;A01
201000013615;0;30;0;0;2;1;13;B02
201000013616;0;10;0;0;0;8;15;B02
201000013616;0;33;0;0;2;2;17;A01
201000013617;0;7;0;0;2;2;16;A01
201000013617;0;1;0;0;2;3;19;B02
201000013618;0;30;0;0;2;1;1;B02
201000013618;0;30;0;0;2;8;15;A01
201000013619;0;10;0;0;2;3;23;C03
201000013619;0;7;0;9;2;4;23;B02
201000013619;0;7;0;1;0;1;1;A01
201000013620;0;2;0;0;2;1;1;B02
201000013620;0;7;0;0;2;1;17;A01
201000013621;0;7;0;0;1;3;9;A01
201000013622;0;2;0;0;2;1;19;A01
201000013622;0;15;0;0;2;7;1;B02
201000013623;0;7;0;9;0;3;13;A01
201000013624;0;7;0;2;0;1;0;A01
201000013625;0;30;0;0;2;1;1;B02
201000013625;0;14;0;0;2;7;16;A01
201000013626;0;36;0;0;2;2;1;A01
201000013626;0;7;0;0;2;2;13;B02
201000013627;0;7;0;0;2;1;13;A01
201000013627;0;7;0;0;2;1;1;B02
201000013628;0;7;0;4;0;1;1;A01
201000013629;0;7;0;0;9;1;1;A01
201000013629;0;1;0;0;2;1;13;B02
201000013630;0;33;0;13;0;1;1;A01
201000013631;0;7;0;0;1;3;1;A01
201000013632;0;7;0;4;2;1;17;A01
201000013632;0;7;0;0;2;1;1;B02
201000013633;0;33;0;0;2;1;1;B02
201000013633;0;7;0;0;2;3;10;A01
201000013634;0;7;0;0;2;3;1;B02
201000013634;0;7;0;0;2;3;13;A01
201000013635;0;7;0;0;2;8;1;B02
201000013635;0;30;0;0;2;2;17;A01
201000013636;0;31;0;0;2;1;1;B02
201000013636;0;10;0;0;0;8;19;A01
201000013637;0;33;0;2;0;1;1;A01
201000013638;0;7;0;16;0;9;14;A01
201000013639;0;7;0;0;9;3;1;C03
201000013639;0;7;0;0;2;1;15;A01
201000013639;0;31;0;0;2;1;1;B02
201000013640;0;7;0;0;2;3;10;A01
201000013640;0;31;0;0;2;1;17;B02
201000013641;0;7;0;3;0;3;1;A01
201000013642;0;7;0;0;2;1;1;C03
201000013642;0;7;0;6;2;1;13;A01
201000013642;0;10;0;0;2;1;1;B02
201000013643;0;10;0;0;2;1;1;B02
201000013643;0;7;0;0;2;2;17;A01
201000013644;0;7;0;0;1;8;15;A01
201000013645;0;7;0;13;0;0;14;A01
201000013646;0;14;0;0;1;2;1;A01
201000013647;0;31;0;0;2;1;13;A01
201000013647;0;7;0;0;2;3;1;B02
201000013648;0;7;0;0;2;3;1;B02
201000013648;0;33;0;0;2;1;21;A01
201000013649;0;7;0;6;0;1;1;A01
201000013650;0;7;0;0;1;1;1;A01
201000013651;0;7;0;0;2;3;13;A01
201000013651;0;7;0;0;2;3;1;B02
201000013652;0;31;0;4;0;7;1;A01
201000013653;0;7;0;0;0;1;0;B02
201000013653;0;7;0;0;0;6;0;A01
201000013654;0;7;0;0;2;3;1;B02
201000013654;0;7;0;0;2;3;17;A01
201000013655;0;7;0;0;2;3;13;A01
201000013655;0;7;0;0;2;1;1;B02
201000013656;0;7;0;6;0;1;13;A01
201000013657;0;7;0;10;0;2;0;A01
201000013658;0;7;0;10;0;7;1;A01
201000013659;0;33;0;8;0;0;1;A01
201000013660;0;7;0;2;0;1;1;A01
201000013661;0;7;0;0;0;1;1;B02
201000013661;0;7;0;0;0;1;17;A01
201000013662;0;7;0;0;2;3;17;A01
201000013662;0;7;0;0;2;3;1;B02
201000013662;0;33;0;0;2;1;1;C03
201000013663;0;1;0;0;2;1;1;B02
201000013663;0;7;0;0;2;1;17;A01
201000013664;0;7;0;0;2;3;15;B02
201000013664;0;30;0;0;2;2;17;A01
201000013665;0;7;0;0;2;1;21;A01
201000013665;0;15;0;0;2;3;23;B02
201000013666;0;7;0;0;0;2;1;A01
201000013666;0;7;0;0;0;5;1;B02
201000013667;0;7;0;0;2;4;2;C03
201000013667;0;7;0;0;2;1;2;B02
201000013667;0;7;0;0;0;0;17;A01
201000013668;0;7;0;0;2;1;2;C03
201000013668;0;7;0;0;2;3;5;B02
201000013668;0;7;0;0;2;3;13;A01
201000013669;0;37;28;0;0;8;13;A01
201000013670;0;33;0;14;0;0;1;A01
201000013671;0;7;0;0;2;3;1;B02
201000013671;0;7;0;0;2;3;13;A01
201000013672;0;7;0;6;0;3;1;A01
201000013673;0;7;0;0;0;0;0;A01
201000013673;0;7;0;0;2;3;1;B02
201000013674;0;7;0;1;0;1;1;A01
201000013675;0;7;0;0;2;1;13;A01
201000013675;0;7;0;0;2;3;1;B02
201000013676;0;10;0;0;0;1;1;B02
201000013676;0;10;0;0;0;1;1;A01
201000013677;0;7;0;6;0;7;1;A01
201000013678;0;7;0;13;0;2;14;A01
201000013679;0;13;0;0;2;0;1;B02
201000013679;0;7;0;13;0;3;17;A01
201000013680;0;10;0;13;0;1;14;A01
201000013681;0;7;0;0;2;1;5;A01
201000013681;0;7;0;0;2;1;1;B02
201000013682;0;33;0;0;0;0;0;A01
201000013683;0;7;0;0;2;3;19;A01
201000013683;0;33;0;0;2;0;1;B02
201000013684;0;7;0;8;0;1;1;A01
201000013685;0;10;0;0;2;8;2;B02
201000013685;0;7;0;0;2;3;13;A01
201000013686;0;7;0;0;2;2;1;B02
201000013686;0;7;0;0;2;1;13;A01
201000013687;0;7;0;0;2;8;10;A01
201000013687;0;33;0;0;2;1;17;B02
201000013688;0;33;0;0;2;1;2;A01
201000013688;0;7;0;0;2;6;2;B02
201000013689;0;7;0;0;2;7;15;A01
201000013689;0;33;0;0;2;1;1;B02
201000013690;0;33;0;13;0;1;1;A01
201000013691;0;7;0;0;0;0;1;A01
201000013692;0;10;0;0;2;3;1;B02
201000013692;0;33;0;0;2;3;13;A01
201000013693;0;7;0;0;2;3;1;B02
201000013693;0;7;0;0;2;2;1;A01
201000013694;0;7;0;0;2;8;19;A01
201000013694;0;13;0;0;2;1;1;B02
201000013695;0;35;0;0;0;1;0;A01
201000013696;0;10;0;0;0;9;13;A01
201000013697;0;7;0;0;2;1;1;B02
201000013697;0;7;0;0;2;1;11;A01
201000013698;0;33;0;2;0;1;13;A01
201000013699;0;33;0;0;2;1;17;A01
201000013699;0;7;0;0;2;4;15;B02
201000013700;0;7;0;0;2;6;23;B02
201000013700;0;7;0;1;2;9;2;A01
201000013700;0;7;0;0;0;4;23;C03
201000013701;0;2;0;0;0;8;14;A01
201000013702;0;30;0;0;2;7;17;A01
201000013702;0;7;0;0;2;3;15;B02
201000013703;0;7;0;2;0;1;2;A01
201000013704;0;7;0;0;2;3;16;B02
201000013704;0;33;0;0;2;1;2;A01
201000013705;0;33;0;0;2;7;1;B02
201000013705;0;7;0;0;2;1;15;A01
201000013706;0;33;0;16;0;0;21;A01
201000013707;0;10;0;0;0;5;15;B02
201000013707;0;33;0;0;2;3;21;A01
201000013708;0;7;0;0;1;2;1;A01
201000013709;0;7;0;0;2;1;1;B02
201000013709;0;7;0;0;2;4;15;A01
201000013710;0;10;0;0;2;3;15;A01
201000013710;0;31;0;0;2;1;1;B02
201000013711;0;7;0;10;0;2;1;A01
201000013712;0;30;0;0;2;1;17;A01
201000013712;0;7;0;0;9;8;15;B02
201000013713;0;7;0;0;1;8;1;A01
201000013714;0;30;0;0;2;1;1;A01
201000013714;0;7;0;0;2;1;1;B02
201000013715;0;7;0;0;0;2;2;A01
201000013715;0;33;0;0;2;1;3;B02
201000013716;0;7;0;13;0;1;1;A01
201000013717;0;36;0;0;2;1;1;A01
201000013717;0;7;0;0;2;1;1;B02
201000013718;0;30;0;0;2;1;1;B02
201000013718;0;7;0;0;9;2;15;A01
201000013719;0;33;0;0;2;1;17;A01
201000013719;0;30;0;0;2;1;0;B02
201000013720;0;7;0;13;0;1;1;A01
201000013721;0;30;0;13;0;1;1;A01
201000013722;0;7;0;0;0;9;1;A01
201000013723;0;7;0;0;2;2;19;A01
201000013723;0;7;0;0;2;3;1;B02
201000013724;0;7;0;0;2;0;1;C03
201000013724;0;7;0;0;2;3;1;B02
201000013724;0;10;0;0;2;2;15;A01
201000013725;0;14;0;0;0;3;15;A01
201000013725;0;33;0;0;2;6;1;B02
201000013726;0;7;0;2;0;2;14;A01
201000013727;0;7;0;0;2;3;1;B02
201000013727;0;7;0;0;2;1;13;A01
201000013728;0;10;0;0;2;3;1;B02
201000013728;0;33;0;0;2;8;13;A01
201000013729;0;33;0;13;0;8;1;A01
201000013730;0;7;0;0;2;3;1;B02
201000013730;0;31;0;0;2;1;13;A01
201000013731;0;33;0;0;1;1;1;A01
201000013732;0;33;0;0;0;0;1;A01
201000013733;0;10;0;0;2;8;13;B02
201000013733;0;33;0;0;2;7;13;A01
201000013734;0;7;0;16;0;9;17;A01
201000013735;0;7;0;0;2;8;1;B02
201000013735;0;7;0;0;2;1;1;C03
201000013735;0;7;0;0;2;1;13;A01
201000013736;0;33;0;0;2;1;1;A01
201000013736;0;7;0;0;2;2;1;B02
201000013737;0;7;0;0;0;3;2;B02
201000013737;0;33;0;0;2;1;2;A01
201000013738;0;7;0;0;2;3;17;A01
201000013738;0;15;0;0;2;8;1;C03
201000013738;0;7;0;0;2;3;1;B02
201000013739;0;7;0;8;0;1;15;A01
201000013740;0;7;0;1;0;3;13;A01
201000013741;0;33;0;0;2;2;17;A01
201000013741;0;7;0;0;2;3;13;B02
201000013742;0;7;0;0;2;1;5;A01
201000013742;0;7;0;0;2;1;1;B02
201000013743;0;7;0;0;2;1;1;B02
201000013743;0;7;0;0;2;1;1;A01