num_acc;senc;catv;occutc;obs;obsm;choc;manv;num_veh
201000013744;0;33;0;5;0;0;9;A01
201000013745;0;10;0;0;2;3;1;A01
201000013745;0;7;0;0;2;1;1;C03
201000013745;0;7;0;0;2;1;15;B02
201000013746;0;7;0;0;0;3;13;A01
201000013746;0;7;0;0;0;3;1;B02
201000013746;0;7;0;0;0;2;1;C03
201000013747;0;33;0;0;2;1;17;A01
201000013747;0;7;0;0;9;8;15;B02
201000013748;0;7;0;0;1;1;1;A01
201000013749;0;7;0;0;2;6;23;B02
201000013749;0;7;0;0;2;2;1;A01
201000013750;0;10;0;0;2;7;1;B02
201000013750;0;10;0;0;2;2;12;A01
201000013751;0;7;0;0;2;3;1;B02
201000013751;0;7;0;0;2;1;13;A01
201000013752;0;7;0;0;0;8;13;A01
201000013753;0;7;0;0;2;1;2;A01
201000013753;0;7;0;0;0;4;2;D04
201000013753;0;7;0;0;2;4;2;C03
201000013753;0;7;0;0;2;4;2;B02
201000013754;0;7;0;0;2;1;2;B02
201000013754;0;2;0;0;2;4;11;A01
201000013755;0;7;0;0;2;7;17;A01
201000013755;2;7;0;0;2;7;15;B02
201000013756;0;14;0;12;0;3;1;A01
201000013757;0;33;0;0;2;7;1;B02
201000013757;0;7;0;0;2;1;1;A01
201000013758;0;7;0;0;1;3;1;A01
201000013759;0;7;0;1;2;4;2;B02
201000013759;0;7;0;1;2;4;2;C03
201000013759;0;7;0;0;0;4;2;D04
201000013759;0;7;0;1;2;1;2;A01
201000013760;0;33;0;0;5;2;1;A01
201000013761;0;10;0;0;2;7;1;B02
201000013761;0;31;0;0;2;8;13;A01
201000013762;0;7;0;0;1;1;1;A01
201000013763;0;33;0;0;2;1;21;A01
201000013763;0;10;0;0;2;6;15;B02
201000013764;0;7;0;5;0;2;1;A01
201000013765;0;7;0;0;2;3;1;B02
201000013765;0;33;0;0;2;1;17;A01
201000013766;0;36;0;0;2;3;17;A01
201000013766;0;32;0;0;2;1;1;B02
201000013767;0;30;0;0;1;2;21;A01
201000013768;0;7;0;6;2;2;17;A01
201000013768;0;7;0;0;2;3;15;B02
201000013769;0;7;0;0;2;2;1;A01
201000013769;0;10;0;0;2;3;9;B02
201000013770;0;7;0;0;2;6;2;B02
201000013770;0;34;0;0;2;1;2;A01
201000013771;0;7;0;0;1;2;1;A01
201000013772;0;7;0;0;0;9;21;A01
201000013773;0;33;0;0;1;1;17;A01
201000013774;0;13;0;0;2;1;1;B02
201000013774;0;7;0;2;2;7;13;A01
201000013775;0;33;0;0;2;1;2;B02
201000013775;0;10;0;0;0;4;1;A01
201000013776;0;7;0;0;2;1;1;A01
201000013776;0;30;0;0;2;8;19;B02
201000013777;0;7;0;0;0;1;13;A01
201000013777;0;10;0;0;2;6;1;B02
201000013778;0;7;0;0;0;8;19;B02
201000013778;0;33;0;0;2;1;1;A01
201000013779;0;7;0;0;2;2;5;A01
201000013779;0;31;0;0;2;1;13;B02
201000013780;0;7;0;0;1;2;14;A01
201000013781;0;7;0;0;2;3;1;A01
201000013781;0;7;0;0;2;3;1;B02
201000013782;0;7;0;0;2;1;13;A01
201000013782;0;7;0;0;2;1;0;B02
201000013783;0;10;0;0;2;3;1;B02
201000013783;0;37;9;0;2;3;1;A01
201000013784;0;7;0;0;0;9;1;A01
201000013785;0;37;18;0;2;3;14;B02
201000013785;0;7;0;0;2;3;13;A01
201000013786;0;17;0;0;2;3;1;B02
201000013786;0;7;0;0;0;1;13;A01
201000013787;0;7;0;12;0;2;14;A01
201000013788;0;7;0;0;1;2;2;A01
201000013789;0;1;0;0;2;1;13;B02
201000013789;0;7;0;0;9;3;1;A01
201000013790;0;7;0;0;0;1;5;A01
201000013790;0;7;0;0;2;3;0;B02
201000013791;0;33;0;0;2;1;1;A01
201000013791;0;7;0;0;2;1;1;B02
201000013792;0;33;0;16;0;8;1;A01
201000013793;0;33;0;6;0;1;21;A01
201000013794;0;33;0;0;0;0;1;A01
201000013795;0;7;0;9;0;1;13;A01
201000013796;0;7;0;0;2;8;13;A01
201000013796;0;7;0;0;2;8;1;B02
201000013797;0;7;0;16;0;9;19;A01
201000013798;0;7;0;13;1;0;1;A01
201000013799;0;33;0;0;2;3;18;A01
201000013799;0;30;0;0;0;0;23;B02
201000013800;0;7;0;2;0;1;13;A01
201000013801;0;14;0;0;2;8;1;B02
201000013801;0;10;0;0;2;1;1;A01
201000013802;0;7;0;0;2;1;1;C03
201000013802;0;7;0;0;2;1;17;A01
201000013802;0;7;0;0;2;3;15;B02
201000013803;0;33;0;6;0;1;1;A01
201000013804;0;7;0;0;2;1;1;A01
201000013804;0;7;0;0;2;1;1;B02
201000013805;0;7;0;0;5;1;1;A01
201000013806;0;7;0;0;2;3;13;A01
201000013806;0;7;0;0;2;3;1;B02
201000013807;0;7;0;8;0;1;1;A01
201000013808;0;32;0;1;0;1;1;A01
201000013809;0;2;0;0;2;4;1;B02
201000013810;0;33;0;0;0;8;1;A01
201000013811;0;7;0;0;2;1;13;A01
201000013811;0;7;0;0;2;1;1;B02
201000013811;0;7;0;0;2;1;1;C03
201000013812;0;30;0;12;0;1;14;A01
201000013813;0;17;0;0;2;3;1;B02
201000013813;0;7;0;0;9;3;1;C03
201000013813;0;10;0;0;2;3;13;A01
201000013814;0;7;0;0;2;1;1;B02
201000013814;0;7;0;0;2;1;1;A01
201000013815;0;7;0;0;2;4;2;B02
201000013815;0;30;0;0;2;1;2;A01
201000013816;0;33;0;6;0;1;1;A01
201000013817;0;7;0;0;2;1;1;B02
201000013817;0;7;0;0;2;8;19;A01
201000013818;0;7;0;0;2;6;15;A01
201000013818;0;33;0;0;2;1;21;B02
201000013819;0;7;0;1;0;2;1;A01
201000013820;0;7;0;0;2;1;2;B02
201000013820;0;7;0;0;6;4;2;A01
201000013821;0;7;0;0;2;4;13;A01
201000013821;0;7;0;0;2;1;1;B02
201000013822;0;1;0;0;2;8;1;B02
201000013822;0;7;0;0;9;3;1;A01
201000013823;0;38;10;0;2;1;2;B02
201000013823;0;7;0;0;2;1;13;A01
201000013824;0;33;0;0;0;1;1;A01
201000013825;0;7;0;0;2;3;1;B02
201000013825;0;32;0;6;2;3;13;A01
201000013826;0;7;0;13;0;0;13;A01
201000013826;0;7;0;12;0;7;0;B02
201000013827;0;7;0;0;2;3;4;A01
201000013827;0;7;0;0;2;1;1;B02
201000013827;0;2;0;0;2;1;21;C03
201000013828;0;7;0;0;2;3;1;B02
201000013828;0;7;0;0;2;1;13;A01
201000013829;0;7;0;13;0;2;1;A01
201000013830;0;7;0;8;0;0;1;A01
201000013831;0;10;0;0;2;3;1;B02
201000013831;0;7;0;0;2;3;13;A01
201000013832;0;7;0;0;2;3;1;A01
201000013832;0;7;0;0;2;3;1;B02
201000013833;0;7;0;0;0;8;1;A01
201000013834;0;10;0;6;0;9;1;A01
201000013835;0;7;0;0;2;1;1;A01
201000013835;0;7;0;0;2;1;1;B02
201000013836;0;33;0;0;1;1;1;A01
201000013837;0;33;0;0;0;1;15;A01
201000013838;0;7;0;0;0;1;1;A01
201000013839;0;7;0;0;0;9;1;C03
201000013839;0;7;0;0;2;1;13;A01
201000013839;0;7;0;0;0;3;1;B02
201000013840;0;7;0;6;0;1;15;A01
201000013841;0;10;0;0;2;1;13;A01
201000013841;0;7;0;0;2;1;1;B02
201000013842;0;7;0;0;0;6;1;A01
201000013842;0;33;0;0;2;1;1;B02
201000013843;0;7;0;2;0;4;21;A01
201000013844;0;2;0;0;2;1;5;A01
201000013844;0;1;0;0;9;1;1;B02
201000013845;0;7;0;0;2;2;15;A01
201000013845;0;33;0;0;2;1;1;B02
201000013846;2;30;0;0;2;3;15;A01
201000013846;0;99;0;0;2;1;21;B02
201000013847;0;7;0;2;0;1;14;A01
201000013848;0;7;0;0;2;2;15;A01
201000013848;0;7;0;0;2;1;1;B02
201000013849;0;7;0;2;0;1;1;A01
201000013850;0;7;0;0;2;1;1;A01
201000013850;0;14;0;0;2;3;1;B02
201000013851;0;7;0;2;0;8;1;A01
201000013852;0;7;0;16;0;9;1;A01
201000013853;0;7;0;0;2;2;21;B02
201000013853;0;30;0;0;0;5;19;A01
201000013854;0;7;0;0;2;8;10;A01
201000013854;0;7;0;0;2;2;1;B02
201000013855;0;7;0;0;2;5;21;A01
201000013855;0;7;0;0;2;3;1;B02
201000013856;0;10;0;0;0;8;1;A01
201000013856;0;7;0;0;9;3;1;C03
201000013857;0;7;0;0;2;3;1;B02
201000013857;0;7;0;0;2;3;13;A01
201000013858;0;7;0;2;0;2;14;A01
201000013859;0;10;0;0;1;4;4;A01
201000013860;0;7;0;0;1;2;1;A01
201000013861;0;10;0;0;2;1;1;B02
201000013861;0;7;0;0;2;2;13;A01
201000013862;0;7;0;0;2;2;15;A01
201000013862;0;33;0;0;2;1;1;B02
201000013863;0;7;0;0;2;1;2;A01
201000013863;0;7;0;0;2;4;2;B02
201000013864;0;7;0;0;2;4;15;B02
201000013864;0;7;0;0;2;1;1;A01
201000013865;0;7;0;0;2;3;1;A01
201000013865;0;31;0;0;0;4;11;B02
201000013866;0;7;0;0;2;6;15;B02
201000013866;0;7;0;0;2;1;17;A01
201000013867;0;36;0;12;2;2;21;A01
201000013867;0;10;0;0;2;2;16;B02
201000013868;0;10;0;0;0;3;19;A01
201000013868;0;7;0;0;0;2;1;B02
201000013869;0;7;0;6;0;1;13;A01
201000013870;0;7;0;0;0;2;15;A01
201000013870;0;7;0;0;2;1;1;B02
201000013871;0;7;0;0;1;1;1;A01
201000013872;0;7;0;0;2;1;1;B02
201000013872;0;7;0;0;2;4;13;A01
201000013873;0;33;0;0;0;1;14;A01
201000013874;0;7;0;0;1;2;1;A01
201000013875;0;7;0;16;0;2;1;A01
201000013876;0;33;0;0;2;1;17;A01
201000013876;0;7;0;0;2;3;19;B02
201000013877;0;7;0;0;2;2;17;B02
201000013877;2;7;0;0;2;3;15;A01
201000013878;0;33;0;0;2;1;1;B02
201000013878;0;7;0;0;2;1;15;A01
201000013879;0;7;0;8;0;1;15;A01
201000013880;0;7;0;0;2;6;1;A01
201000013880;0;7;0;0;2;2;17;B02
201000013881;0;34;0;0;2;7;1;B02
201000013881;0;7;0;0;2;1;15;A01
201000013882;0;7;0;0;0;6;1;B02
201000013882;0;7;0;0;2;2;1;A01
201000013883;0;7;0;10;0;3;1;A01
201000013884;0;7;0;13;2;1;13;A01
201000013884;0;7;0;0;2;7;21;B02
201000013885;0;7;0;0;1;1;1;A01
201000013886;0;7;0;0;2;1;1;C03
201000013886;0;7;0;0;2;1;1;B02
201000013886;0;7;0;0;2;1;13;A01
201000013887;0;7;0;0;1;1;1;A01
201000013888;0;15;0;0;0;6;23;B02
201000013888;0;30;0;1;0;1;1;A01
201000013889;0;10;0;0;2;1;1;A01
201000013889;0;7;0;0;;4;23;B02
201000013890;0;30;0;1;0;1;1;A01
201000013891;0;7;0;0;2;7;15;A01
201000013891;0;30;0;0;;1;5;B02
201000013892;0;33;0;0;2;7;17;A01
201000013892;0;7;0;0;0;6;15;B01
201000013893;0;30;0;0;0;5;1;B01
201000013893;1;7;0;0;2;1;0;Z01
201000013894;0;31;0;0;1;1;1;A01
201000013895;0;7;0;0;0;4;15;B01
201000013895;0;10;0;0;2;1;1;A01
201000013896;0;7;0;0;;7;16;B01
201000013896;0;33;0;0;2;1;1;A01
201000013897;0;7;0;0;0;6;15;B02
201000013897;0;31;0;0;2;1;17;A01
201000013898;0;7;0;0;2;8;11;A01
201000013898;0;31;0;0;;7;1;B01
201000013899;0;7;0;0;;2;1;B01
201000013899;0;7;0;0;2;3;11;A01
201000013900;0;7;0;0;2;3;10;A01
201000013900;0;33;0;0;;1;1;B01
201000013901;0;7;0;0;1;1;1;A01
201000013902;0;7;0;0;2;3;15;A01
201000013902;0;33;0;0;;1;1;B02
201000013903;0;7;0;0;1;1;1;A01
201000013904;0;1;0;0;0;4;1;B02
201000013904;0;7;0;0;2;2;1;A01
201000013905;0;7;0;0;1;2;1;A01
201000013906;0;7;0;0;2;3;15;A01
201000013906;0;1;0;0;0;7;15;B01
201000013907;0;7;0;0;2;1;1;B02
201000013907;0;7;0;0;2;1;13;A01
201000013908;0;7;0;0;2;1;1;B02
201000013908;0;7;0;0;2;1;13;A01
201000013909;0;7;0;0;2;7;15;A01
201000013909;0;33;0;0;2;1;1;B02
201000013910;0;7;0;0;2;8;1;C03
201000013910;0;33;0;0;2;4;17;B02
201000013910;0;33;0;0;2;1;17;A01
201000013911;0;7;0;13;0;9;1;A01
201000013912;0;7;0;8;0;1;1;A01
201000013913;0;33;0;5;2;7;17;A01
201000013914;0;7;0;0;2;1;1;A01
201000013914;0;37;0;0;2;7;19;B02
201000013915;0;7;0;2;0;8;1;A01
201000013916;0;7;0;0;1;4;20;A01
201000013917;0;7;0;2;2;7;21;A01
201000013918;0;33;0;0;2;1;1;B02
201000013918;0;10;0;0;2;3;15;A01
201000013919;0;10;0;0;2;1;0;C03
201000013919;0;33;0;0;2;1;1;B02
201000013919;0;33;0;0;2;1;17;A01
201000013920;0;7;0;6;0;1;13;A01
201000013921;0;37;14;0;2;1;1;B02
201000013921;0;7;0;0;2;8;9;A01
201000013922;0;7;0;0;1;2;1;A01
201000013923;0;7;0;0;2;1;1;C03
201000013923;0;7;0;0;2;4;1;A01
201000013923;0;7;0;0;2;1;1;B02
201000013924;0;7;0;6;2;3;1;A01
201000013925;0;10;0;0;2;7;17;A01
201000013925;0;1;0;0;2;8;1;B02
201000013926;0;36;0;6;0;1;1;A01
201000013927;0;7;0;3;2;1;13;C03
201000013927;0;7;0;0;0;3;1;A01
201000013927;0;14;0;0;0;3;1;B02
201000013928;0;7;0;0;2;1;0;A01
201000013928;0;7;0;0;2;7;16;B02
201000013929;0;7;0;2;0;8;1;A01
201000013930;0;7;0;0;2;1;1;A01
201000013930;0;7;0;0;2;7;13;B02
201000013931;0;7;0;0;2;8;15;A01
201000013931;0;7;0;0;2;1;1;B02
201000013932;0;7;0;13;0;9;1;A01
201000013933;0;7;0;0;2;3;23;C03
201000013933;0;7;0;0;2;1;9;A01
201000013933;0;7;0;0;2;8;1;B02
201000013934;0;31;0;0;0;8;1;B02
201000013934;0;7;0;0;0;3;1;A01
201000013935;0;7;0;0;2;1;1;B02
201000013935;0;7;0;0;2;4;13;A01
201000013936;0;2;0;8;0;1;1;A01
201000013937;0;7;0;0;2;2;15;B02
201000013937;0;33;0;0;2;1;1;A01
201000013938;0;7;0;0;2;2;21;A01
201000013938;0;1;0;0;2;3;9;B02
201000013939;0;33;0;11;2;1;21;A01
201000013940;0;31;0;0;0;0;1;A01
201000013941;0;7;0;2;0;1;1;A01
201000013942;0;7;0;0;2;3;15;A01
201000013942;0;33;0;0;2;1;1;B02
201000013943;0;7;0;0;0;5;0;A01
201000013943;0;2;0;0;0;1;0;B02
201000013944;0;10;0;0;2;3;1;B02
201000013944;0;7;0;0;2;3;13;A01
201000013945;0;10;0;0;2;2;15;A01
201000013945;0;30;0;0;2;1;1;B02
201000013946;0;10;0;0;2;8;21;D04
201000013946;0;10;0;0;2;8;21;C03
201000013946;0;7;0;0;2;1;21;B02
201000013946;0;7;0;0;2;7;21;A01
201000013946;0;7;0;0;2;3;21;E05
201000013947;0;7;0;0;1;2;1;A01
201000013948;0;1;0;0;2;1;1;C03
201000013948;0;1;0;0;2;1;1;B02
201000013948;0;7;0;0;2;2;15;A01
201000013949;0;7;0;0;0;0;0;A01
201000013950;0;7;0;2;0;3;13;A01
201000013951;0;7;0;0;2;7;13;A01
201000013951;0;7;0;0;2;1;1;B02
201000013952;0;7;0;0;2;2;1;B02
201000013952;0;7;0;0;2;1;15;A01
201000013953;0;33;0;0;1;1;1;A01
201000013954;0;33;0;14;0;0;1;A01
201000013955;0;7;0;0;2;3;13;A01
201000013955;0;33;0;0;2;1;1;B02
201000013956;0;7;0;13;0;1;13;A01
201000013957;0;7;0;13;0;3;1;A01
201000013958;0;30;0;0;0;0;15;A01
201000013959;0;33;0;0;0;0;0;A01
201000013960;0;7;0;0;2;2;21;A01
201000013960;0;7;0;0;0;2;15;B02
201000013961;0;7;0;0;2;1;1;A01
201000013961;0;7;0;0;2;1;15;B02
201000013962;0;7;0;0;2;2;1;A01
201000013962;0;1;0;0;2;1;15;B02
201000013963;0;7;0;0;0;7;1;A01
201000013963;0;33;0;0;0;1;1;B02
201000013964;0;7;0;0;0;1;23;C03
201000013964;0;7;0;0;2;6;13;A01
201000013964;0;7;0;0;2;8;1;B02
201000013964;0;7;0;0;0;1;23;D04
201000013965;1;7;0;0;2;0;1;B02
201000013965;0;2;0;0;2;8;1;A01
201000013966;0;7;0;0;2;1;0;B02
201000013966;0;7;0;0;2;1;13;A01
201000013966;0;7;0;0;2;6;0;C03
201000013967;0;7;0;0;2;1;1;B02
201000013967;0;7;0;0;2;8;1;C03
201000013967;0;7;0;16;2;1;13;A01
201000013968;0;7;0;13;0;4;23;B02
201000013968;0;10;0;0;0;0;0;D04
201000013968;0;7;0;0;0;3;23;C03
201000013968;0;7;0;13;1;1;21;A01
201000013969;0;7;0;8;0;3;1;A01
201000013970;0;7;0;0;2;1;1;A01
201000013970;0;7;0;0;2;7;13;B02
201000013971;0;7;0;2;2;1;17;A01
201000013971;0;7;0;0;2;9;1;B02
201000013972;0;7;0;2;0;7;1;A01
201000013973;0;33;0;16;0;7;1;A01
201000013974;0;7;0;6;0;1;13;A01
201000013975;0;33;0;0;2;1;1;B02
201000013975;0;10;0;0;0;5;13;A01
201000013976;0;33;0;0;2;1;1;A01
201000013976;0;7;0;0;2;4;1;B02
201000013977;0;33;0;8;0;8;1;A01
201000013978;0;7;0;0;2;1;5;A01
201000013978;0;7;0;0;2;1;1;B02
201000013979;0;7;0;2;0;7;1;A01
201000013980;0;7;0;0;2;8;1;A01
201000013980;0;7;0;0;2;1;1;B02
201000013981;0;7;0;0;2;2;1;A01
201000013981;0;7;0;0;2;3;1;B02
201000013982;0;7;0;0;2;3;1;B02
201000013982;0;7;0;0;2;2;19;A01
201000013983;0;7;0;8;0;2;14;A01
201000013984;0;31;0;0;0;8;1;A01
201000013985;0;33;0;11;0;1;15;A01
201000013986;0;7;0;0;0;2;1;A01
201000013987;0;7;0;16;0;9;1;A01
201000013988;0;7;0;2;0;8;12;A01
201000013989;0;7;0;0;0;6;1;B02
201000013989;0;33;0;0;2;4;6;A01
201000013990;0;30;0;6;0;1;1;A01
201000013991;0;7;0;0;0;7;1;A01
201000013992;0;34;0;0;0;7;21;A01
201000013993;0;33;0;0;0;8;1;A01
201000013994;0;7;0;2;0;1;5;A01
201000013995;0;7;0;2;0;7;1;A01
201000013996;0;7;0;0;0;4;15;A01
201000013996;0;33;0;0;0;1;1;B02
201000013997;0;33;0;0;0;3;1;A01
201000013998;0;7;0;2;0;1;1;A01
201000013999;0;7;0;0;5;0;21;A04
201000013999;0;10;0;0;2;0;2;C04
201000013999;0;7;0;0;2;3;1;D04
201000013999;0;7;0;14;0;6;2;B04
201000014000;0;33;0;12;0;7;1;A01
201000014001;0;33;0;0;0;7;1;A01
201000014002;0;7;0;16;0;1;13;A01
201000014003;0;7;0;0;2;1;9;A01
201000014003;0;7;0;0;2;4;1;B02
201000014004;0;7;0;0;2;6;1;A01
201000014004;0;7;0;0;2;2;17;C03
201000014004;0;7;0;14;0;3;1;D04
201000014004;0;7;0;14;0;1;1;B02
201000014005;0;2;0;0;0;2;19;B02
201000014005;0;10;0;0;2;3;0;A01
201000014006;0;7;0;0;2;3;1;B02
201000014006;0;7;0;0;2;3;1;C03
201000014006;0;7;0;0;2;3;1;A01
201000014007;0;1;0;0;2;4;1;A01
201000014008;0;31;0;0;0;1;1;A01
201000014009;0;2;0;0;2;1;1;B02
201000014009;0;7;0;0;9;1;1;C03
201000014009;0;7;0;0;9;5;17;A01
201000014010;0;7;0;0;2;5;1;B02
201000014010;0;2;0;0;2;1;1;A01
201000014011;0;33;0;0;2;1;13;A01
201000014011;0;38;55;0;2;3;2;B02
201000014012;0;7;0;6;0;3;1;A01
201000014013;0;33;0;0;2;3;17;A01
201000014013;0;10;0;0;2;8;1;B02
201000014014;0;33;0;0;0;8;1;A01
201000014015;0;7;0;0;2;3;1;B02
201000014015;0;31;0;0;2;1;13;A03
201000014016;0;7;0;0;0;0;1;A01
201000014017;0;30;0;0;2;1;1;B02
201000014017;0;7;0;0;2;2;19;A01
201000014018;0;7;0;0;2;1;13;A01
201000014018;0;7;0;0;2;1;1;B02
201000014018;0;7;0;0;2;1;23;C03
201000014019;0;7;0;16;0;9;1;A01
201000014020;0;7;0;0;2;1;1;A01
201000014020;0;7;0;0;2;1;1;B02
201000014021;0;7;0;2;0;1;14;A01
201000014022;0;7;0;1;1;1;13;A01
201000014023;0;7;0;0;0;1;13;A01
201000014024;0;7;0;0;1;3;1;B02
201000014024;0;10;0;0;2;1;1;C03
201000014024;0;7;0;0;2;1;13;D04
201000014024;0;21;0;0;2;6;1;A01
201000014025;0;10;0;0;0;9;13;A01
201000014026;0;7;0;2;0;1;13;A01
201000014027;0;33;0;0;2;1;1;B02
201000014027;0;7;0;0;0;3;6;A01
201000014028;0;30;0;0;2;1;1;B02
201000014028;0;7;0;0;2;2;16;A01
201000014029;0;37;0;0;1;2;1;A01
201000014030;0;7;0;6;1;1;1;A01
201000014031;0;7;0;0;1;1;1;A01
201000014032;0;7;0;13;0;2;17;A01
201000014033;0;7;0;2;0;1;13;A01
201000014034;0;7;0;2;0;7;1;A01
201000014035;0;30;0;0;2;5;15;A01
201000014035;0;7;0;0;2;2;1;B02
201000014036;0;2;0;0;2;2;21;A01
201000014036;0;7;0;0;2;3;1;B02
201000014037;0;33;0;3;0;8;17;A01
201000014038;0;7;0;0;1;3;0;A01
201000014039;0;33;0;0;2;1;3;A01
201000014039;0;7;0;0;0;5;1;B02
201000014040;0;7;0;0;1;1;1;A01
201000014041;0;7;0;0;1;2;1;A01
201000014042;0;7;0;14;0;9;1;A01
201000014042;0;15;0;0;0;5;0;B02
201000014043;0;7;0;0;2;4;2;A01
201000014043;0;38;1;0;2;1;2;B02
201000014044;0;7;0;0;0;0;1;B02
201000014044;0;7;0;0;0;4;9;A01
201000014045;0;7;0;0;2;7;13;A01
201000014045;0;10;0;0;2;1;1;B02
201000014046;0;7;0;0;2;2;1;B02
201000014046;0;7;0;0;2;3;13;A01
201000014047;0;7;0;2;0;1;13;A01
201000014048;0;7;0;0;2;8;1;A01
201000014048;0;33;0;8;2;1;1;B02
201000014049;0;30;0;0;2;7;9;A01
201000014049;0;30;0;0;2;8;19;B02
201000014050;0;7;0;0;0;1;1;B02
201000014050;0;7;0;0;0;1;5;A01
201000014051;0;10;0;16;0;0;14;A01
201000014052;0;7;0;0;2;2;15;A01
201000014052;0;7;0;0;2;0;1;B02
201000014053;0;31;0;0;0;1;1;B02
201000014053;0;7;0;0;0;8;19;A01
201000014054;0;7;0;0;1;1;1;A01
201000014055;0;7;0;0;0;6;24;C03
201000014055;0;7;0;1;0;2;14;A01
201000014055;0;7;0;0;0;6;23;B02
201000014056;0;7;0;2;0;3;1;A01
201000014057;0;7;0;6;0;9;1;A01
201000014058;0;17;0;0;2;4;23;B02
201000014058;0;7;0;14;0;1;12;A01
201000014059;0;7;0;0;0;3;15;B02
201000014059;0;30;0;0;2;7;17;A01
201000014060;0;7;0;0;2;8;1;B02
201000014060;0;7;0;0;2;3;19;A01
201000014061;0;7;0;0;2;6;1;B02
201000014061;0;33;0;0;2;2;12;A01
201000014062;0;33;0;5;0;0;1;A01
201000014063;0;7;0;14;2;3;1;A01
201000014063;0;7;0;0;2;2;1;B02
201000014064;0;10;0;0;2;4;2;A01
201000014064;0;33;0;0;2;1;2;B02
201000014065;0;10;0;0;0;3;1;B02
201000014065;0;7;0;0;2;3;13;A01
201000014066;0;33;0;0;2;1;17;B02
201000014066;0;7;0;0;2;3;15;A01
201000014067;0;14;0;0;1;0;2;A01
201000014068;0;7;0;0;2;3;0;B02
201000014068;0;7;0;0;2;3;0;A01
201000014069;0;33;0;16;6;1;1;A01
201000014070;0;7;0;0;0;0;1;A01
201000014071;0;7;0;0;0;3;0;A01
201000014071;0;7;0;0;0;3;0;B02
201000014072;0;7;0;8;0;1;19;A01
201000014073;0;7;0;0;2;1;1;A01
201000014073;0;14;0;0;2;4;24;B02
201000014074;0;7;0;0;2;8;15;B02
201000014074;0;30;0;0;2;8;1;A01
201000014075;0;7;0;8;0;1;1;A01
201000014076;0;7;0;0;2;7;21;B02
201000014076;0;10;0;0;2;1;15;A01
201000014077;0;33;0;1;0;1;1;A01
201000014078;0;7;0;0;0;5;19;B02
201000014078;0;33;0;0;2;1;1;A01
201000014079;0;7;0;6;0;7;13;A01
201000014080;0;7;0;0;2;1;1;A01
201000014080;0;7;0;0;2;3;19;B02
201000014081;0;31;0;0;2;1;1;B02
201000014081;0;7;0;0;2;5;10;A01
201000014082;0;7;0;0;2;4;2;A01
201000014082;0;7;0;0;2;1;2;B02
201000014083;0;7;0;14;1;1;2;C03
201000014083;0;7;0;14;0;1;2;B02
201000014083;0;7;0;14;0;3;2;D04
201000014083;0;7;0;4;0;3;2;A01
201000014084;0;7;0;0;0;4;2;C03
201000014084;0;34;0;0;2;4;2;B02
201000014084;0;7;0;0;2;0;1;D04
201000014084;0;7;0;0;2;1;2;A01
201000014085;0;7;0;1;0;1;2;A01
201000014085;0;7;0;1;0;9;23;B02
201000014085;0;7;0;1;0;9;23;D04
201000014085;0;7;0;1;0;9;23;C03
201000014085;0;7;0;0;0;4;23;E05
201000014086;0;10;0;0;2;1;11;A01
201000014086;0;10;0;0;2;1;1;B02
201000014087;0;33;0;0;0;0;1;A01
201000014087;0;7;0;0;0;4;23;B02
201000014087;0;7;0;1;0;1;1;C03
201000014088;0;33;0;9;0;0;1;A01
201000014089;0;10;0;0;2;4;1;B02
201000014089;0;33;0;0;2;1;1;A01
201000014090;0;30;0;0;2;1;16;A01
201000014090;0;14;0;0;0;4;16;B02
201000014091;0;7;0;8;0;8;1;A01
201000014092;0;7;0;0;2;1;1;A01
201000014092;0;33;0;0;2;1;1;B02
201000014093;0;10;0;6;0;1;2;A01
201000014094;0;7;0;0;1;1;1;A01
201000014095;0;32;0;0;6;1;1;A01
201000014096;0;7;0;0;2;8;2;A01
201000014097;0;7;0;0;2;1;1;A01
201000014097;0;7;0;0;2;2;11;B02
201000014098;0;33;0;0;2;1;3;A01
201000014098;0;7;0;0;2;6;13;B02
201000014099;0;2;0;0;2;1;13;A01
201000014099;0;7;0;0;2;3;1;B02
201000014100;0;33;0;0;2;8;1;B02
201000014100;0;7;0;0;0;1;13;A01
201000014101;0;7;0;6;1;2;14;A01
201000014102;0;30;0;0;0;1;0;B02
201000014102;0;7;0;0;0;3;10;A01
201000014103;0;7;0;0;2;2;15;A01
201000014103;0;7;0;0;2;3;1;B02
201000014104;0;33;0;0;2;1;1;A01
201000014105;0;7;0;0;0;1;1;B02
201000014105;0;7;0;0;0;1;13;A01
201000014106;0;2;0;0;0;1;1;B02
201000014106;0;7;0;0;0;3;15;A01
201000014107;0;10;0;0;1;4;4;A01
201000014108;0;33;0;0;1;3;1;A01
201000014109;0;7;0;0;2;4;1;D04
201000014109;0;7;0;0;0;2;12;A01
201000014109;0;33;0;0;2;1;3;C03
201000014109;0;33;0;0;2;1;3;B02
201000014110;0;30;0;0;0;0;1;A01
201000014111;0;7;0;0;1;2;15;A01
201000014112;0;7;0;9;0;0;1;A01
201000014113;0;7;0;0;2;3;16;B02
201000014113;0;34;0;0;2;1;1;A01
201000014114;0;10;0;1;2;3;1;A01
201000014114;0;7;0;0;2;3;1;B02