num_acc;senc;catv;occutc;obs;obsm;choc;manv;num_veh
201000014114;0;7;0;0;2;2;1;C03
201000014115;0;33;0;0;2;1;1;B02
201000014115;0;7;0;0;2;1;13;A01
201000014116;0;7;0;0;9;4;9;A01
201000014116;0;1;0;0;2;4;0;B02
201000014117;0;7;0;0;2;2;16;B02
201000014117;0;31;0;0;2;1;18;A01
201000014118;0;33;0;0;1;1;1;A01
201000014119;0;30;0;0;2;1;13;A01
201000014119;0;7;0;0;2;3;1;B02
201000014120;0;7;0;13;0;0;14;A01
201000014121;0;33;0;0;2;1;17;A01
201000014121;0;7;0;0;2;3;15;B02
201000014122;0;2;0;2;0;8;1;A01
201000014123;0;7;0;0;2;3;1;A01
201000014123;0;30;0;0;2;3;5;B02
201000014124;0;7;0;0;0;4;24;B02
201000014124;0;1;0;1;0;1;2;A01
201000014125;0;7;0;13;0;0;1;A01
201000014126;0;33;0;0;0;1;1;A01
201000014127;0;7;0;13;0;4;2;A01
201000014128;0;10;0;0;2;3;1;B02
201000014128;0;10;0;0;2;3;13;A01
201000014129;0;7;0;2;0;7;13;A01
201000014130;0;7;0;2;0;7;1;A01
201000014131;0;7;0;0;2;1;13;A01
201000014131;0;15;0;0;2;1;1;B02
201000014132;0;33;0;0;0;0;1;A01
201000014133;0;33;0;16;0;0;1;A01
201000014134;0;7;0;0;2;3;13;A01
201000014134;0;10;0;0;2;3;1;B02
201000014135;0;7;0;13;0;9;1;A01
201000014136;0;33;0;6;2;1;13;A01
201000014136;0;7;0;0;2;8;1;B02
201000014137;0;30;0;16;0;8;1;A01
201000014138;0;7;0;0;2;1;1;C03
201000014138;0;33;0;0;2;1;13;B02
201000014138;0;33;0;0;2;1;13;A01
201000014139;0;7;0;0;2;7;15;A01
201000014139;0;30;0;0;2;1;1;B02
201000014140;0;7;0;0;2;3;5;A01
201000014140;0;15;0;0;2;3;1;B02
201000014141;0;7;0;2;0;1;14;A01
201000014142;0;7;0;13;0;3;1;A01
201000014143;0;7;0;13;0;2;14;A01
201000014144;0;33;0;12;0;1;1;A01
201000014145;0;7;0;0;1;2;1;A01
201000014146;0;7;0;2;0;1;1;A01
201000014147;0;7;0;16;0;9;1;A01
201000014148;0;31;0;16;0;1;1;A01
201000014149;0;7;0;6;0;3;1;A01
201000014150;0;7;0;6;0;3;1;A01
201000014151;0;7;0;2;0;1;1;A01
201000014152;0;2;0;0;2;1;1;B02
201000014152;0;7;0;0;2;3;15;A01
201000014153;0;33;0;6;0;3;1;A01
201000014154;0;7;0;0;2;3;13;A01
201000014154;0;7;0;0;2;3;1;B02
201000014155;0;1;0;0;0;8;19;B02
201000014155;0;7;0;0;2;1;1;A01
201000014156;0;7;0;2;0;7;13;A01
201000014157;0;7;0;0;2;1;1;B02
201000014157;0;7;0;0;2;1;13;A01
201000014158;0;7;0;16;0;3;17;A01
201000014159;0;33;0;16;0;2;12;A01
201000014160;0;7;0;0;2;3;15;A01
201000014160;0;2;0;0;2;1;1;B02
201000014161;0;7;0;0;2;0;0;B02
201000014161;0;2;0;0;2;7;19;A01
201000014162;0;33;0;16;0;9;1;A01
201000014163;0;1;0;12;0;7;2;A01
201000014163;1;7;0;0;0;0;17;Z02
201000014164;0;33;0;16;0;8;1;A01
201000014165;0;30;0;0;2;8;15;B02
201000014165;0;7;0;0;2;2;1;A01
201000014166;0;7;0;0;2;3;9;B02
201000014166;0;32;0;0;2;1;1;A01
201000014167;0;7;0;2;0;8;1;A01
201000014168;0;7;0;2;0;3;14;A01
201000014169;0;7;0;0;1;5;4;A01
201000014170;0;7;0;0;0;4;2;B02
201000014170;0;7;0;0;2;1;2;A01
201000014171;0;7;0;0;2;1;2;B02
201000014171;0;7;0;0;2;4;23;A01
201000014172;0;7;0;0;0;4;2;B02
201000014172;0;7;0;0;0;1;2;A01
201000014173;0;17;0;0;2;7;9;A01
201000014173;0;7;0;0;2;3;1;B02
201000014174;0;7;0;0;2;1;2;B02
201000014174;0;7;0;14;0;4;1;A01
201000014175;0;7;0;0;2;1;2;B02
201000014175;0;7;0;0;2;4;1;A01
201000014176;0;7;0;0;2;6;15;B02
201000014176;0;32;0;0;2;1;1;A01
201000014177;0;10;0;9;0;9;1;A01
201000014178;0;10;0;0;2;8;1;B02
201000014178;0;10;0;0;2;1;1;A01
201000014179;0;30;0;16;0;0;0;A01
201000014180;0;10;0;8;0;8;0;A01
201000014181;0;33;0;0;2;1;17;A01
201000014181;0;7;0;0;2;3;1;B02
201000014182;1;7;0;;2;1;2;Z02
201000014182;0;10;0;;2;4;1;A01
201000014183;0;7;0;0;2;2;1;A01
201000014183;0;7;0;0;2;3;15;B02
201000014184;0;7;0;0;0;2;17;A01
201000014184;0;7;0;0;0;6;0;B02
201000014185;0;7;0;0;0;1;19;B02
201000014185;0;7;0;0;2;7;1;A01
201000014186;0;30;0;0;2;1;19;B02
201000014186;0;7;0;0;0;5;1;A01
201000014187;0;33;0;0;2;1;2;B02
201000014187;0;7;0;0;2;6;15;A01
201000014188;0;7;0;0;2;2;17;A01
201000014188;0;2;0;0;2;8;1;B02
201000014189;0;7;0;0;0;9;1;A01
201000014190;0;7;0;0;2;1;1;B02
201000014190;0;7;0;0;2;1;13;A01
201000014191;0;7;0;0;0;2;1;A01
201000014192;0;7;0;0;2;1;17;A01
201000014192;0;7;0;0;2;1;1;B02
201000014193;0;33;0;0;0;1;14;A01
201000014194;0;7;0;0;0;1;2;A01
201000014194;0;7;0;0;0;4;1;B02
201000014195;0;7;0;0;2;1;1;A01
201000014195;0;7;0;0;2;2;19;B02
201000014196;0;7;0;0;0;0;0;A01
201000014197;0;7;0;1;0;2;18;A01
201000014198;0;7;0;0;2;7;19;A01
201000014198;0;7;0;0;2;1;1;B02
201000014199;0;33;0;0;0;1;1;A01
201000014200;0;10;0;0;2;1;1;B02
201000014200;0;7;0;0;2;1;13;A01
201000014201;0;7;0;13;0;1;1;A01
201000014202;0;17;0;0;2;3;5;A01
201000014203;0;15;0;0;9;2;24;A01
201000014203;0;1;0;1;0;1;1;B02
201000014204;0;7;0;0;1;3;1;A01
201000014205;0;10;0;0;2;1;1;B02
201000014205;0;7;0;14;0;9;1;C03
201000014205;0;7;0;14;0;3;1;D04
201000014205;0;10;0;0;2;1;13;A01
201000014206;0;7;0;0;2;2;1;A01
201000014206;0;7;0;0;2;3;9;B02
201000014207;0;7;0;0;2;8;1;A01
201000014207;0;33;0;0;2;8;1;B02
201000014208;0;7;0;0;1;2;1;A01
201000014209;0;7;0;0;2;3;19;B02
201000014209;0;7;0;0;2;1;1;A01
201000014210;0;7;0;2;0;8;1;A01
201000014211;0;7;0;0;2;2;1;B02
201000014211;0;7;0;0;2;2;15;A01
201000014212;0;14;0;0;0;7;17;B02
201000014212;0;30;0;0;0;8;1;A01
201000014213;0;7;0;0;0;6;1;B02
201000014213;0;7;0;0;2;1;21;A01
201000014214;0;7;0;0;0;6;23;A01
201000014214;0;7;0;0;2;2;1;B02
201000014215;0;7;0;2;0;8;19;A01
201000014216;0;7;0;0;2;1;1;B02
201000014216;0;7;0;0;2;1;21;A01
201000014217;0;7;0;0;2;5;1;E05
201000014217;0;7;0;0;0;2;1;I09
201000014217;0;7;0;0;0;4;1;H08
201000014217;0;7;0;0;0;2;1;J10
201000014217;0;7;0;0;2;1;12;F06
201000014217;0;7;0;14;0;1;1;G07
201000014217;0;7;0;0;2;4;1;B02
201000014217;0;7;0;0;2;3;21;C03
201000014217;0;7;0;0;2;3;21;D04
201000014217;0;7;0;0;0;3;1;A01
201000014218;0;7;0;0;2;6;23;B02
201000014218;0;30;0;1;0;1;21;A01
201000014219;0;7;0;0;0;8;13;A01
201000014219;0;7;0;0;2;1;2;B02
201000014220;0;7;0;0;1;3;19;A01
201000014221;0;33;0;0;0;8;17;A01
201000014222;0;7;0;0;2;7;13;A01
201000014222;0;7;0;0;2;1;0;B02
201000014223;0;1;0;12;2;8;18;A01
201000014223;0;7;0;0;2;7;1;B02
201000014224;0;7;0;0;9;3;0;A01
201000014224;0;1;0;0;2;1;0;B02
201000014225;0;7;0;0;0;9;0;A01
201000014226;0;7;0;0;2;2;1;C03
201000014226;0;33;0;0;2;1;17;A01
201000014227;0;7;0;13;0;9;13;A01
201000014228;0;7;0;0;1;3;1;A01
201000014229;0;7;0;0;0;2;1;A01
201000014229;0;10;0;0;0;2;1;B02
201000014230;0;39;0;0;2;2;0;B02
201000014230;0;7;0;0;4;5;23;A01
201000014231;0;7;0;0;0;1;2;B02
201000014231;0;7;0;0;0;4;2;A01
201000014232;0;7;0;6;0;1;13;A01
201000014233;0;10;0;2;0;1;1;A01
201000014234;0;1;0;0;2;8;9;B02
201000014234;0;7;0;0;2;2;1;A01
201000014235;0;7;0;0;0;2;23;A01
201000014235;0;7;0;1;0;1;1;B02
201000014236;0;33;0;0;6;1;1;A01
201000014237;0;7;0;13;0;1;0;A01
201000014238;0;7;0;0;2;2;1;A01
201000014238;0;7;0;0;2;3;15;B02
201000014239;0;7;0;0;0;3;10;B02
201000014239;0;33;0;0;2;1;0;A01
201000014240;0;1;0;0;2;8;1;B02
201000014240;0;7;0;0;9;8;13;A01
201000014241;0;7;0;0;2;3;1;A01
201000014241;0;7;0;0;2;2;1;B02
201000014242;0;7;0;0;2;7;1;A01
201000014242;0;30;0;0;2;3;1;B02
201000014243;0;10;0;0;1;3;1;A01
201000014244;0;7;0;0;0;0;0;B02
201000014244;0;2;0;0;2;1;1;A01
201000014245;0;35;0;0;0;1;0;A01
201000014246;0;1;0;0;2;4;1;B02
201000014246;0;7;0;0;2;1;1;A01
201000014247;0;7;0;0;2;3;13;A01
201000014247;0;7;0;0;2;3;1;B02
201000014248;0;7;0;0;0;9;0;A01
201000014249;0;3;0;0;2;2;13;A01
201000014249;0;7;0;0;2;2;21;B02
201000014250;0;7;0;1;2;2;1;B02
201000014250;0;7;0;0;2;1;1;A01
201000014251;0;33;0;0;6;1;1;A01
201000014252;0;7;0;0;0;9;0;A01
201000014253;0;7;0;0;1;2;3;A01
201000014254;0;7;0;0;6;9;1;A01
201000014255;0;7;0;0;1;2;1;A01
201000014256;0;7;0;2;0;9;1;A01
201000014257;0;7;0;0;2;1;2;A01
201000014257;0;7;0;0;2;4;2;B02
201000014258;0;7;0;0;1;2;19;A01
201000014259;0;7;0;0;2;2;1;A01
201000014259;0;7;0;0;2;7;5;B02
201000014260;0;10;0;2;0;2;1;A01
201000014261;0;7;0;0;2;7;13;A01
201000014261;0;7;0;0;2;1;1;B02
201000014262;0;7;0;0;2;5;19;A01
201000014262;0;15;0;0;2;1;1;B02
201000014263;0;7;0;0;2;3;1;A01
201000014263;0;7;0;0;2;3;1;C03
201000014263;0;7;0;0;2;3;1;B02
201000014264;0;1;0;0;0;6;2;B02
201000014264;0;10;0;0;2;2;2;A01
201000014265;0;7;0;0;2;7;15;A01
201000014265;0;33;0;0;2;1;1;B02
201000014266;0;7;0;0;0;6;9;B02
201000014266;0;7;0;0;0;1;1;A01
201000014267;0;99;0;0;0;1;1;B02
201000014267;0;7;0;0;0;3;19;A01
201000014268;0;7;0;0;2;8;1;B02
201000014268;0;7;0;0;2;5;17;A01
201000014269;0;7;0;0;2;3;13;A01
201000014269;0;7;0;0;2;3;1;B02
201000014270;0;7;0;0;0;1;1;A01
201000014271;0;13;0;0;2;1;1;B02
201000014271;0;1;0;0;2;4;15;A01
201000014272;0;7;0;0;2;2;17;A01
201000014272;0;7;0;0;1;6;13;B02
201000014273;0;15;0;0;0;4;2;D04
201000014273;0;7;0;0;2;1;2;C03
201000014273;0;10;0;14;2;4;2;B02
201000014273;0;7;0;14;0;4;2;A01
201000014274;0;7;0;0;2;8;15;A01
201000014274;0;30;0;0;2;7;17;B02
201000014275;0;7;0;0;1;2;1;A01
201000014276;0;7;0;0;2;0;0;B02
201000014276;0;7;0;0;2;7;0;A01
201000014277;0;7;0;0;2;7;9;A01
201000014277;0;7;0;0;2;1;1;B02
201000014278;0;33;0;0;2;1;1;B02
201000014278;0;7;0;0;2;2;1;A01
201000014279;0;7;0;0;2;8;1;B02
201000014279;0;7;0;0;2;1;9;A01
201000014280;0;7;0;0;2;2;1;A01
201000014280;0;7;0;0;2;1;1;B02
201000014281;0;30;0;0;2;4;1;B02
201000014281;0;7;0;0;2;1;1;A01
201000014282;0;33;0;0;2;1;1;B02
201000014282;0;3;0;0;2;7;19;A01
201000014283;0;2;0;0;2;4;1;B02
201000014283;0;7;0;0;2;1;1;A01
201000014284;0;7;0;0;2;3;0;A01
201000014284;0;17;0;0;2;3;0;B02
201000014284;0;17;0;0;0;0;0;C03
201000014285;0;7;0;0;2;7;15;A01
201000014285;0;30;0;0;2;1;1;B02
201000014286;0;33;0;0;2;1;1;A01
201000014287;0;7;0;2;2;9;17;A01
201000014287;0;7;0;0;0;8;15;B02
201000014288;0;7;0;0;0;3;15;B02
201000014288;0;33;0;0;2;2;17;A01
201000014289;0;7;0;0;2;1;1;B02
201000014289;0;7;0;0;2;1;1;C03
201000014289;0;7;0;0;2;1;1;A01
201000014290;0;7;0;0;2;8;1;B02
201000014290;0;7;0;0;0;3;13;A01
201000014291;0;7;0;0;0;9;1;A01
201000014292;0;1;0;0;0;4;2;B02
201000014292;0;7;0;0;2;2;2;A01
201000014293;0;7;0;0;2;2;1;A01
201000014293;0;7;0;0;2;3;19;B02
201000014294;0;33;0;0;0;1;1;A01
201000014295;0;7;0;0;2;1;1;B02
201000014295;0;7;0;0;2;3;19;A01
201000014296;0;30;0;0;2;1;0;A01
201000014297;0;7;0;0;0;2;1;A01
201000014298;0;7;0;13;0;2;16;A01
201000014299;0;33;0;8;2;1;1;B02
201000014299;0;7;0;0;2;1;1;A01
201000014300;0;33;0;0;6;1;1;A01
201000014301;0;7;0;0;2;1;1;C03
201000014301;0;7;0;0;2;3;13;A01
201000014301;0;7;0;0;2;3;1;B02
201000014302;0;7;0;0;2;1;1;A01
201000014302;0;7;0;0;2;3;16;B02
201000014303;0;7;0;13;0;1;0;A01
201000014304;0;7;0;0;2;3;1;B02
201000014304;0;7;0;0;2;1;19;A01
201000014305;0;33;0;2;0;1;1;A01
201000014306;0;7;0;2;0;7;13;A01
201000014307;0;7;0;0;2;1;1;A01
201000014307;0;7;0;0;2;2;15;B02
201000014308;0;14;0;0;0;0;1;A01
201000014309;0;7;0;0;2;3;15;A01
201000014309;0;30;0;0;2;8;1;B02
201000014310;0;7;0;2;0;7;1;A01
201000014311;0;7;0;0;2;1;1;C03
201000014311;0;7;0;0;2;3;17;A01
201000014311;0;7;0;0;2;3;1;B02
201000014312;0;7;0;0;2;7;19;B02
201000014312;0;37;1;0;2;7;19;A01
201000014313;0;7;0;1;2;7;18;A01
201000014313;0;33;0;0;2;8;1;B02
201000014314;0;10;0;2;0;9;1;A01
201000014315;0;7;0;0;2;4;13;A01
201000014315;0;7;0;0;2;1;1;B02
201000014316;0;30;0;0;2;1;1;B02
201000014317;0;33;0;12;0;1;14;A01
201000014318;0;33;0;0;2;1;1;A01
201000014318;0;7;0;0;2;7;15;B02
201000014319;0;7;0;0;2;7;15;B02
201000014319;0;7;0;0;2;2;1;A01
201000014320;0;14;0;0;0;3;1;A01
201000014321;0;7;0;0;2;2;15;A01
201000014321;0;30;0;0;2;1;1;B02
201000014322;0;7;0;8;0;2;1;A01
201000014323;0;7;0;0;2;6;23;B02
201000014323;0;33;0;0;2;1;1;A01
201000014324;0;32;0;0;2;1;1;A01
201000014324;0;7;0;0;2;2;1;B02
201000014325;0;7;0;0;2;1;1;A01
201000014325;0;10;0;0;2;6;24;D04
201000014325;0;7;0;0;2;4;1;B02
201000014325;0;10;0;1;0;1;1;C03
201000014326;0;7;0;4;0;3;14;A01
201000014327;0;31;0;0;0;2;1;A01
201000014328;0;7;0;0;2;3;1;B02
201000014328;0;10;0;0;2;1;1;A01
201000014329;0;33;0;12;0;1;1;A01
201000014330;0;7;0;0;0;2;14;A01
201000014331;0;7;0;8;0;1;12;A01
201000014332;0;7;0;0;2;3;1;B02
201000014332;0;33;0;0;2;1;1;A01
201000014333;0;7;0;0;0;7;1;A01
201000014334;0;7;0;0;2;3;21;B02
201000014334;0;33;0;0;2;1;17;A01
201000014335;0;3;0;2;0;3;13;A01
201000014336;0;15;0;0;2;1;1;B02
201000014336;0;7;0;0;2;1;5;A01
201000014337;0;7;0;0;2;1;1;B02
201000014337;0;37;1;0;2;7;19;A01
201000014338;0;7;0;0;2;7;1;B02
201000014338;0;7;0;0;2;3;19;A01
201000014339;0;10;0;13;0;1;1;A01
201000014340;0;15;0;0;2;1;21;A01
201000014340;0;10;0;0;2;1;21;B02
201000014341;0;7;0;0;2;1;0;B02
201000014341;0;7;0;0;2;1;5;A01
201000014342;1;17;0;;2;8;13;A01
201000014342;0;7;0;;2;3;2;A02
201000014343;0;7;0;0;1;2;2;A01
201000014344;0;7;0;13;0;0;2;A01
201000014345;0;31;0;0;2;1;1;A01
201000014345;0;7;0;0;0;7;19;B02
201000014346;0;7;0;0;2;2;5;A01
201000014346;0;7;0;0;2;3;1;B02
201000014347;0;15;0;0;2;1;0;B02
201000014347;0;7;0;0;2;3;13;A01
201000014348;0;7;0;8;0;5;1;A01
201000014349;0;7;0;13;0;1;13;A01
201000014350;0;7;0;0;2;1;13;A01
201000014350;0;17;0;0;2;1;1;B02
201000014351;0;7;0;0;2;8;1;A01
201000014351;2;30;0;0;2;8;1;B02
201000014352;0;7;0;0;2;1;1;A01
201000014352;0;7;0;6;2;3;19;B02
201000014353;0;7;0;0;2;8;1;A01
201000014353;0;15;0;0;2;1;1;B02
201000014354;0;7;0;0;1;2;21;A01
201000014355;0;7;0;2;0;1;19;A01
201000014356;0;1;0;0;2;1;13;B02
201000014356;0;14;0;0;2;4;4;A01
201000014357;0;7;0;2;0;8;1;A01
201000014358;0;35;0;0;0;1;1;A01
201000014359;0;14;0;0;2;1;1;B02
201000014359;0;7;0;0;2;7;1;A01
201000014360;0;7;0;0;2;1;1;A01
201000014360;0;2;0;0;2;7;19;B02
201000014361;0;7;0;16;0;1;13;A01
201000014362;0;7;0;13;0;1;1;A01
201000014363;0;14;0;0;2;1;0;B02
201000014363;0;33;0;0;2;7;19;A01
201000014364;0;7;0;2;0;7;1;A01
201000014365;0;7;0;0;2;3;0;A02
201000014365;0;7;0;0;2;2;19;A01
201000014366;0;7;0;13;0;1;1;A01
201000014367;0;33;0;0;2;1;1;B02
201000014367;0;10;0;0;2;2;15;A01
201000014368;0;7;0;13;0;9;17;A01
201000014369;0;7;0;16;0;9;17;A01
201000014370;0;2;0;0;2;3;13;A01
201000014370;0;15;0;0;2;3;1;B02
201000014371;0;7;0;8;0;2;1;A01
201000014372;0;7;0;0;2;3;15;B02
201000014372;0;7;0;0;2;2;17;A01
201000014373;0;7;0;8;0;4;1;A01
201000014374;0;21;0;0;2;2;15;A01
201000014374;0;7;0;0;2;1;1;B02
201000014375;0;7;0;2;0;7;1;A01
201000014376;0;7;0;0;2;3;1;B02
201000014376;0;30;0;0;2;1;1;A01
201000014377;0;7;0;0;1;2;1;A01
201000014378;0;7;0;0;2;2;17;A01
201000014378;0;7;0;0;2;8;15;B02
201000014379;0;30;0;0;1;3;1;A01
201000014380;0;7;0;0;2;3;1;B02
201000014380;0;7;0;0;2;3;13;A01
201000014381;0;10;0;0;2;2;1;B02
201000014381;0;2;0;0;2;1;15;A01
201000014382;0;7;0;0;2;3;5;B02
201000014382;0;7;0;0;2;3;17;A01
201000014382;0;15;0;0;0;6;1;C03
201000014383;0;7;0;0;1;2;1;A01
201000014384;0;7;0;13;0;7;1;A01
201000014385;0;7;0;15;0;1;13;A01
201000014386;0;7;0;15;0;2;1;A01
201000014387;0;2;0;2;2;3;21;A01
201000014387;0;7;0;0;2;2;20;B02
201000014388;0;7;0;0;2;2;15;A01
201000014388;0;33;0;0;2;1;1;B02
201000014389;0;7;0;0;2;2;2;A01
201000014389;0;30;0;2;0;4;13;B02
201000014390;0;7;0;0;1;3;1;A01
201000014391;0;36;0;2;0;2;14;A01
201000014392;0;7;0;0;0;4;15;B02
201000014392;0;30;0;0;2;1;2;A01
201000014393;0;7;0;13;6;9;21;A01
201000014394;0;7;0;0;2;8;15;B02
201000014394;0;33;0;0;2;1;17;A01
201000014395;0;7;0;0;2;7;1;A01
201000014395;0;33;0;0;2;1;1;B02
201000014396;0;7;0;0;2;6;15;B02
201000014396;0;33;0;0;2;1;1;A01
201000014397;0;7;0;2;0;7;1;A01
201000014398;0;7;0;0;2;3;1;B01
201000014398;0;7;0;0;2;3;13;A01
201000014399;0;10;0;0;2;3;1;A01
201000014399;0;10;0;6;2;7;1;B02
201000014400;0;7;0;0;2;1;1;B02
201000014400;0;7;0;0;2;1;13;A01
201000014401;0;7;0;0;2;1;1;B02
201000014401;0;7;0;0;2;1;13;A01
201000014402;0;33;0;14;0;8;1;A01
201000014403;0;7;0;0;2;3;1;B02
201000014403;0;7;0;0;2;8;15;A01
201000014404;0;10;0;0;2;3;1;A01
201000014404;0;10;0;0;2;2;1;B02
201000014404;0;7;0;0;2;3;23;C03
201000014405;0;10;0;2;0;3;1;A01
201000014406;0;7;0;6;0;7;1;A01
201000014407;0;33;0;3;0;2;1;A01
201000014408;0;33;0;13;0;1;1;A01
201000014409;0;7;0;0;0;6;15;B02
201000014409;0;31;0;0;2;1;17;A01
201000014410;0;1;0;14;0;1;1;A01
201000014411;0;7;0;0;2;1;1;B02
201000014411;0;7;0;0;0;7;1;A01
201000014412;0;2;0;0;2;1;1;B02
201000014412;0;13;0;0;2;5;15;A01
201000014413;0;7;0;0;1;7;15;A01
201000014414;0;7;0;0;2;3;1;A01
201000014414;0;10;0;0;2;2;1;B02
201000014415;0;7;0;0;2;3;1;C03
201000014415;0;10;0;0;2;3;1;B02
201000014415;0;7;0;0;2;3;13;A01
201000014416;0;33;0;0;2;1;1;B02
201000014416;0;7;0;0;2;3;9;A01
201000014417;0;7;0;0;2;1;1;B02
201000014417;0;7;0;0;0;7;1;A01
201000014418;0;7;0;0;2;1;1;C03
201000014418;0;7;0;3;2;3;1;B02
201000014418;0;7;0;0;2;1;13;A01
201000014419;0;7;0;6;0;3;1;A01
201000014420;0;7;0;8;0;7;1;A01
201000014421;0;7;0;0;2;1;1;A01
201000014421;0;7;0;0;2;1;1;B02
201000014422;0;33;0;0;2;1;1;B02
201000014422;0;7;0;0;2;7;15;A01
201000014423;0;31;0;16;0;1;1;A01
201000014424;0;7;0;6;0;2;1;A01
201000014425;0;7;0;0;2;1;17;A01
201000014425;0;10;0;0;2;1;1;B02
201000014426;0;17;0;0;2;2;1;B02
201000014426;0;7;0;0;2;3;16;A01
201000014427;0;1;0;0;0;4;1;B02
201000014427;0;7;0;0;2;2;2;A01
201000014428;0;33;0;13;0;1;1;A01
201000014429;0;33;0;0;2;8;1;C03
201000014429;0;7;0;0;2;2;21;A01
201000014429;0;7;0;0;2;2;15;B02
201000014430;0;7;0;0;2;1;1;A01
201000014430;0;1;0;0;0;4;15;B02
201000014431;0;7;0;0;2;2;15;A01
201000014431;0;30;0;0;2;3;1;B02
201000014432;0;2;0;0;2;1;1;A01
201000014432;0;7;0;0;2;5;15;B02
201000014433;0;7;0;15;0;1;1;A01
201000014434;0;7;0;2;0;2;1;A01
201000014435;0;7;0;0;2;1;15;A01
201000014435;0;7;0;0;2;1;1;B02
201000014436;0;7;0;0;1;3;1;A01
201000014437;0;2;0;0;2;1;1;B02
201000014437;0;7;0;0;2;8;15;A01
201000014438;0;2;0;0;2;1;1;A01
201000014438;0;7;0;0;2;2;1;B02
201000014439;0;2;0;9;0;1;1;A01
201000014440;0;7;0;0;2;1;17;A01
201000014440;0;7;0;0;2;2;1;B02
201000014441;0;7;0;0;2;1;13;A01
201000014441;0;7;0;0;2;1;1;B02
201000014442;0;2;0;0;2;1;1;B02
201000014442;0;7;0;0;2;3;15;A01
201000014443;0;7;0;0;0;4;23;B02
201000014443;0;7;0;0;2;1;2;A01
201000014444;0;7;0;2;0;2;13;A01
201000014445;0;15;0;0;2;1;1;B02
201000014445;0;7;0;0;0;7;10;A01
201000014446;0;37;30;0;1;2;1;A01
201000014447;0;7;0;0;1;3;1;A01
201000014448;0;7;0;0;2;3;1;A01
201000014448;0;33;0;0;0;7;1;B02
201000014449;0;33;0;0;2;1;13;A01
201000014449;0;17;0;0;0;8;1;B02
201000014450;0;7;0;2;0;7;1;A01
201000014451;0;10;0;0;2;1;1;B02
201000014451;0;14;0;0;2;7;1;A01
201000014452;0;7;0;8;0;2;14;A01
201000014453;0;7;0;4;0;3;1;A01
201000014454;0;7;0;2;0;3;1;A01
201000014455;0;31;0;12;0;1;1;A01
201000014456;0;7;0;0;2;7;15;A01
201000014456;0;2;0;0;2;1;1;B02
201000014457;0;7;0;8;0;1;1;A01
201000014458;0;7;0;0;2;1;1;B02
201000014458;0;7;0;0;2;1;13;A01
201000014459;0;7;0;2;0;7;1;A01
201000014460;0;2;0;0;2;1;1;B02
201000014460;0;7;0;0;2;3;15;A01
201000014461;0;7;0;0;2;1;2;A01
201000014461;0;31;0;0;0;4;1;B02
201000014462;0;7;0;13;0;1;1;A01
201000014463;0;7;0;0;2;3;13;A01
201000014463;0;7;0;0;2;3;1;B02
201000014464;0;33;0;2;0;1;1;A01
201000014465;0;7;0;8;0;1;21;A01
201000014466;0;7;0;0;2;2;13;A01
201000014466;0;7;0;0;2;1;1;B02
201000014467;0;7;0;3;0;2;1;A01
201000014468;0;7;0;0;2;2;1;B02
201000014468;0;7;0;0;2;1;13;A01
201000014469;0;10;0;0;2;2;1;B02
201000014469;0;10;0;0;2;3;1;A01
201000014470;0;7;0;11;0;1;1;A01
201000014471;0;7;0;0;2;5;21;B02
201000014471;0;7;0;0;2;7;13;A01
201000014472;0;7;0;0;2;1;17;A01
201000014472;0;7;0;0;2;1;1;B02
201000014473;0;7;0;2;0;1;13;A01
201000014474;0;3;0;0;2;7;1;A01
201000014474;0;7;0;0;2;1;1;B02
201000014475;0;7;0;0;2;3;13;A01
201000014475;0;7;0;0;2;3;21;B02
201000014476;0;30;0;0;2;1;15;A01
201000014476;0;17;0;0;2;2;1;B02
201000014477;0;7;0;0;2;1;23;C03
201000014477;0;10;0;0;2;2;15;A01
201000014477;0;7;0;0;2;3;1;B02
201000014478;0;7;0;8;0;9;17;A01
201000014479;0;7;0;12;2;1;13;A01
201000014479;0;15;0;0;2;2;1;B02
201000014480;0;7;0;0;0;5;15;B02
201000014480;0;2;0;0;2;1;1;A01
201000014481;0;7;0;0;1;1;1;A01
201000014482;0;7;0;8;0;3;1;A01
201000014483;0;7;0;0;1;1;1;A01
201000014484;0;7;0;13;0;3;1;A01
201000014485;0;7;0;13;0;1;1;A01
201000014486;0;7;0;13;0;1;1;A01
201000014487;0;7;0;6;0;2;14;A01
201000014488;0;7;0;0;2;1;1;B02
201000014488;0;7;0;0;2;1;21;A01
201000014489;0;33;0;0;2;1;1;B02
201000014489;0;7;0;0;2;3;15;A01
201000014490;0;31;0;0;0;1;15;A01
201000014491;0;7;0;0;2;3;1;A01
201000014491;2;7;0;0;2;2;1;B02
201000014492;0;7;0;15;0;2;1;A01
201000014493;0;7;0;0;2;3;13;A01
201000014493;0;7;0;0;2;3;1;B02
201000014494;0;7;0;6;0;2;1;A01
201000014495;0;33;0;0;2;1;1;B02
201000014495;0;7;0;0;0;8;15;A01
201000014496;0;30;0;0;0;8;15;A01
201000014496;0;7;0;0;2;2;17;B02
201000014497;0;10;0;16;0;9;1;A01
201000014498;0;3;0;0;2;1;1;B02
201000014498;0;7;0;0;2;1;15;A01
201000014499;0;7;0;0;2;1;13;B02
201000014499;0;17;0;0;2;1;1;A01