num_acc;senc;catv;occutc;obs;obsm;choc;manv;num_veh
201000014500;0;7;0;0;2;7;15;A01
201000014500;0;2;0;0;2;1;1;B02
201000014501;0;7;0;3;2;7;13;A01
201000014501;0;10;0;3;2;1;1;B02
201000014502;0;33;0;13;0;7;1;A01
201000014503;0;7;0;8;0;7;1;A01
201000014504;0;7;0;6;0;1;1;A01
201000014505;0;7;0;1;2;1;1;A01
201000014505;0;30;0;0;0;4;1;B02
201000014505;0;7;0;0;0;4;1;C04
201000014506;0;10;0;2;0;1;1;A01
201000014507;0;7;0;13;0;1;1;A01
201000014508;0;7;0;16;0;9;17;A01
201000014509;0;7;0;8;0;3;1;A01
201000014510;0;7;0;0;0;4;15;B02
201000014510;0;33;0;0;2;1;17;A01
201000014511;0;7;0;0;2;1;15;B02
201000014511;0;7;0;0;2;1;1;A01
201000014512;0;7;0;8;0;1;17;A01
201000014513;0;7;0;0;2;2;2;A01
201000014513;0;1;0;0;0;4;1;B02
201000014514;0;7;0;0;2;1;1;B02
201000014514;0;7;0;0;2;8;13;A01
201000014515;0;7;0;0;0;4;23;B02
201000014515;0;30;0;0;2;1;1;A01
201000014516;0;10;0;7;2;1;1;B02
201000014516;0;7;0;7;0;7;15;A01
201000014517;0;1;0;0;2;6;1;A01
201000014517;1;7;0;0;2;2;2;Z02
201000014518;0;30;0;0;2;1;1;B02
201000014518;0;7;0;0;2;3;1;A01
201000014519;0;2;0;0;2;1;17;A01
201000014519;0;7;0;0;2;8;15;B02
201000014520;0;7;0;0;2;5;13;A01
201000014520;0;7;0;0;2;1;1;B02
201000014521;0;7;0;8;2;3;10;A01
201000014521;0;7;0;0;2;2;1;B02
201000014522;0;33;0;2;0;1;14;A01
201000014523;0;7;0;13;0;3;1;A01
201000014524;0;10;0;0;2;1;1;B02
201000014524;0;30;0;0;2;7;1;A01
201000014525;0;7;0;16;0;9;1;A01
201000014526;0;7;0;0;1;2;1;A01
201000014527;0;33;0;2;0;1;13;A01
201000014528;0;7;0;6;0;1;1;A01
201000014529;0;7;0;7;0;1;1;A01
201000014530;0;7;0;13;0;9;1;A01
201000014531;0;7;0;0;2;3;1;B02
201000014531;0;30;0;0;2;1;13;A01
201000014532;0;7;0;16;0;9;14;A01
201000014533;0;7;0;0;1;2;1;A01
201000014534;0;7;0;1;0;8;1;A01
201000014535;0;7;0;2;0;8;1;A01
201000014536;0;14;0;0;2;3;1;B02
201000014536;0;7;0;0;2;1;17;A01
201000014537;0;37;1;0;2;3;1;B02
201000014537;0;7;0;0;2;3;13;A01
201000014538;0;33;0;4;0;2;15;A01
201000014539;0;33;0;12;0;4;1;A01
201000014540;0;7;0;15;0;3;17;A01
201000014541;0;33;0;0;2;1;1;B02
201000014541;0;7;0;0;0;4;21;A01
201000014541;0;21;0;0;2;3;1;C03
201000014542;0;7;0;0;1;1;15;A01
201000014543;0;31;0;14;0;1;1;A01
201000014544;0;7;0;0;2;3;13;A01
201000014544;0;7;0;0;2;3;1;B02
201000014545;0;7;0;0;2;2;1;B02
201000014545;0;7;0;0;2;3;1;A01
201000014546;0;10;0;0;2;1;15;A01
201000014546;0;33;0;0;2;3;1;B02
201000014547;0;7;0;16;0;9;1;A01
201000014548;0;7;0;0;2;8;1;A01
201000014548;0;33;0;0;2;1;17;B02
201000014549;0;7;0;8;2;3;1;B02
201000014549;0;10;0;0;2;3;13;A01
201000014550;0;7;0;0;1;3;1;A01
201000014551;0;2;0;0;2;3;1;B02
201000014551;0;7;0;0;2;3;15;A01
201000014552;0;7;0;16;0;9;14;A01
201000014553;0;33;0;0;2;1;1;B02
201000014553;0;7;0;0;0;5;15;A01
201000014554;0;7;0;0;2;2;1;B02
201000014554;0;30;0;0;2;1;13;A01
201000014555;0;7;0;1;1;1;1;A01
201000014556;0;7;0;16;0;9;14;A01
201000014557;0;7;0;16;0;9;1;A01
201000014558;0;7;0;0;2;1;1;B02
201000014558;0;30;0;0;2;1;15;A01
201000014559;0;7;0;0;2;3;1;B02
201000014559;0;15;0;0;2;6;15;A01
201000014560;0;7;0;0;1;1;1;A01
201000014561;0;7;0;13;0;2;1;A01
201000014562;0;7;0;1;0;3;0;A01
201000014563;0;31;0;16;0;1;1;A01
201000014564;0;7;0;0;1;8;1;A01
201000014565;0;7;0;0;1;1;20;A01
201000014566;0;7;0;0;2;3;13;A01
201000014566;0;7;0;0;2;3;1;B02
201000014567;0;7;0;0;2;1;9;A01
201000014567;0;2;0;0;2;7;1;B02
201000014568;0;30;0;6;0;1;1;A01
201000014569;0;10;0;0;2;8;15;A01
201000014569;0;10;0;0;2;1;17;B02
201000014570;0;7;0;0;0;1;21;A01
201000014571;0;33;0;5;0;1;1;A01
201000014572;0;7;0;0;2;8;1;B02
201000014572;0;7;0;0;2;3;13;A01
201000014573;0;7;0;13;0;1;1;A01
201000014574;0;7;0;0;0;1;1;A01
201000014574;0;7;0;0;0;3;1;B02
201000014575;0;7;0;13;0;9;1;A01
201000014576;0;37;0;0;1;6;1;A01
201000014577;0;36;0;0;2;3;19;A01
201000014577;0;33;0;0;2;1;1;B02
201000014578;0;33;0;3;0;1;1;B02
201000014578;0;7;0;3;0;2;13;A01
201000014579;0;7;0;5;0;2;1;A01
201000014580;0;7;0;0;2;2;1;A01
201000014580;0;17;0;3;0;0;13;B02
201000014581;0;30;0;13;0;1;1;A01
201000014582;0;7;0;13;0;9;13;A01
201000014583;0;30;0;13;0;1;14;A01
201000014584;0;7;0;0;1;2;14;A01
201000014585;0;10;0;13;0;2;14;A01
201000014586;0;7;0;0;2;3;1;A01
201000014586;0;7;0;0;2;3;1;B02
201000014587;0;33;0;0;0;8;1;A01
201000014588;0;7;0;13;0;1;13;A01
201000014589;0;7;0;0;0;9;13;A01
201000014590;0;38;1;0;2;3;1;B02
201000014590;0;33;0;0;2;1;13;A01
201000014591;0;7;0;1;0;5;1;A01
201000014592;0;33;0;2;0;1;13;A01
201000014593;0;10;0;6;0;1;1;A01
201000014594;0;21;0;0;2;3;1;A01
201000014595;0;7;0;13;0;2;1;A01
201000014596;0;7;0;0;2;3;13;A01
201000014596;0;7;0;0;2;2;1;B02
201000014597;0;7;0;0;2;7;1;B02
201000014597;0;7;0;0;2;1;19;A01
201000014598;0;7;0;0;9;1;1;D04
201000014598;0;17;0;0;2;3;13;A01
201000014598;0;7;0;0;2;8;1;C03
201000014599;0;10;0;0;2;7;19;B02
201000014599;0;7;0;0;2;1;1;A01
201000014600;0;7;0;2;0;1;13;A01
201000014601;0;7;0;0;2;1;1;B02
201000014601;0;7;0;0;2;2;1;A01
201000014602;0;33;0;16;0;7;1;A01
201000014603;0;33;0;0;0;8;15;A01
201000014604;0;31;0;0;0;1;21;A01
201000014605;0;7;0;0;2;3;15;A01
201000014605;0;7;0;0;2;1;1;B02
201000014606;0;33;0;0;2;1;1;B02
201000014606;0;7;0;0;2;7;19;A01
201000014607;0;7;0;0;2;8;19;A01
201000014607;0;7;0;0;2;1;1;B02
201000014608;0;33;0;0;2;1;1;A01
201000014608;0;16;0;0;2;3;1;B02
201000014609;0;33;0;8;0;1;17;A01
201000014610;0;7;0;0;2;2;1;A01
201000014610;0;1;0;0;2;4;1;B02
201000014611;0;7;0;0;2;2;1;B02
201000014611;0;7;0;0;2;1;1;A01
201000014611;0;7;0;0;2;3;19;C03
201000014612;0;17;0;0;2;3;1;A01
201000014612;0;7;0;0;2;2;19;B02
201000014613;0;33;0;1;0;1;16;A01
201000014613;0;10;0;0;0;8;23;B02
201000014614;0;7;0;8;2;1;1;A01
201000014614;2;2;0;0;2;8;15;B02
201000014615;0;7;0;0;2;3;19;B02
201000014615;0;7;0;0;2;2;1;A01
201000014616;0;17;0;0;2;4;23;B02
201000014616;0;7;0;0;0;1;1;A01
201000014617;0;21;0;0;0;4;1;B02
201000014617;0;15;0;0;2;1;2;A01
201000014618;0;33;0;0;0;1;17;A01
201000014619;0;10;0;0;0;0;0;C03
201000014619;0;33;0;0;2;1;1;A01
201000014620;0;10;0;13;0;3;1;A01
201000014621;0;7;0;0;2;1;1;A01
201000014621;0;7;0;0;2;2;19;B02
201000014622;0;7;0;16;0;9;1;A01
201000014623;0;7;0;6;0;7;1;A01
201000014624;0;21;0;0;2;4;1;B02
201000014624;0;2;0;0;2;1;1;A01
201000014625;0;7;0;0;0;9;1;A01
201000014626;0;3;0;0;2;3;1;A01
201000014626;0;17;0;0;2;3;1;B02
201000014627;0;7;0;0;0;1;13;A01
201000014627;0;20;0;0;0;3;1;B02
201000014628;0;33;0;6;0;7;1;A01
201000014629;0;31;0;16;0;0;1;A01
201000014630;0;30;0;0;2;6;2;B02
201000014630;0;7;0;0;2;5;17;A01
201000014631;0;7;0;0;2;1;1;B02
201000014631;0;38;0;0;2;7;1;A01
201000014632;0;7;0;8;0;3;1;A01
201000014633;0;7;0;0;2;1;1;B02
201000014633;0;7;0;0;2;1;13;A01
201000014634;0;7;0;0;2;1;1;A01
201000014634;0;7;0;0;2;0;13;B02
201000014635;0;33;0;12;0;7;13;A01
201000014636;0;7;0;0;2;2;1;A01
201000014636;0;7;0;0;2;1;1;B02
201000014637;0;7;0;13;0;9;1;A01
201000014638;0;7;0;0;2;1;1;A01
201000014638;0;7;0;0;2;5;1;B02
201000014639;0;10;0;0;2;1;1;B02
201000014640;0;7;0;0;2;1;13;A01
201000014640;0;7;0;0;2;1;1;B02
201000014641;0;7;0;0;1;2;1;A01
201000014642;0;7;0;0;1;1;1;A01
201000014643;0;7;0;0;2;2;1;A01
201000014643;0;30;0;0;0;8;15;B02
201000014644;0;33;0;2;0;1;1;A01
201000014645;0;17;0;0;0;7;1;A01
201000014646;0;7;0;0;1;3;1;A01
201000014647;0;7;0;1;1;2;1;A01
201000014648;0;7;0;0;0;3;2;B02
201000014648;0;7;0;0;2;2;17;A01
201000014649;0;14;0;0;0;3;1;A01
201000014650;0;7;0;0;9;2;1;A01
201000014650;0;2;0;0;2;1;13;B02
201000014651;0;33;0;15;0;1;1;A01
201000014652;0;33;0;0;0;0;1;A01
201000014653;0;2;0;0;1;7;0;A01
201000014654;0;7;0;0;2;1;13;B02
201000014654;0;7;0;0;2;3;1;A01
201000014655;0;7;0;0;9;2;2;A01
201000014655;0;1;0;0;2;4;1;B02
201000014656;0;7;0;0;2;1;13;A01
201000014656;0;7;0;0;2;1;1;B02
201000014657;0;7;0;6;0;1;1;A01
201000014658;0;1;0;0;0;7;1;A01
201000014659;0;33;0;0;2;1;1;B02
201000014659;0;7;0;0;0;6;1;A01
201000014660;0;7;0;0;2;2;1;A01
201000014660;0;7;0;0;2;3;16;B02
201000014661;0;10;0;0;2;3;1;B02
201000014661;0;7;0;0;2;3;13;A01
201000014662;0;7;0;0;0;9;1;A01
201000014663;0;7;0;0;2;1;1;A01
201000014663;0;7;0;0;2;3;1;B02
201000014664;0;7;0;2;0;1;1;A01
201000014665;0;7;0;0;1;1;1;A01
201000014666;0;7;0;0;2;6;19;A01
201000014666;0;7;0;0;2;3;1;B02
201000014667;0;10;0;2;0;1;1;A01
201000014668;0;7;0;0;2;8;19;A01
201000014668;0;7;0;0;2;1;1;B02
201000014669;0;7;0;13;0;9;1;A01
201000014670;0;7;0;0;0;4;17;A01
201000014670;0;33;0;0;2;9;17;B02
201000014671;0;30;0;6;0;2;1;A01
201000014672;0;7;0;0;2;2;13;A01
201000014672;0;7;0;0;2;1;21;B01
201000014673;0;7;0;1;0;3;1;A01
201000014673;0;10;0;0;2;8;24;B01
201000014674;0;7;0;0;1;2;1;A01
201000014675;0;7;0;0;2;8;1;C01
201000014675;0;7;0;0;2;3;1;A01
201000014675;0;7;0;0;2;3;1;B01
201000014676;0;7;0;0;0;9;1;A01
201000014677;0;7;0;0;2;1;1;B02
201000014677;0;7;0;0;2;7;0;A01
201000014678;0;7;0;0;2;8;9;A01
201000014678;0;30;0;0;2;2;9;B02
201000014679;0;33;0;12;0;7;1;A01
201000014680;0;7;0;0;2;8;1;B02
201000014680;0;7;0;0;0;7;1;A01
201000014681;0;2;0;8;0;1;1;A01
201000014682;0;7;0;13;0;3;1;A01
201000014683;0;10;0;0;2;3;1;B02
201000014683;0;7;0;0;2;1;13;A01
201000014684;0;7;0;0;0;9;1;A01
201000014685;0;7;0;0;2;3;13;A01
201000014685;0;33;0;0;2;1;1;B02
201000014686;0;7;0;0;2;8;14;A01
201000014686;0;7;0;0;2;3;13;B02
201000014687;0;7;0;16;0;9;1;A01
201000014688;0;7;0;0;2;1;1;C01
201000014688;0;7;0;0;2;1;13;A01
201000014688;0;7;0;0;2;3;1;B01
201000014689;0;7;0;13;0;1;1;A01
201000014690;0;7;0;6;0;3;1;A01
201000014691;0;7;0;6;0;1;1;A01
201000014692;0;7;0;2;0;3;1;A01
201000014693;0;7;0;2;2;8;21;A01
201000014693;0;10;0;2;2;8;21;B01
201000014694;0;7;0;0;1;1;1;A01
201000014695;0;7;0;0;1;2;2;A01
201000014696;0;7;0;0;9;3;1;B02
201000014696;0;1;0;0;2;2;19;A01
201000014697;0;7;0;0;1;1;1;A01
201000014698;0;7;0;0;2;3;1;B02
201000014698;0;7;0;0;2;1;1;A01
201000014699;0;32;0;1;0;1;14;A01
201000014700;0;21;0;0;2;3;15;B02
201000014700;0;10;0;0;0;0;0;C03
201000014700;0;33;0;0;2;1;1;A01
201000014701;0;7;0;0;1;7;1;A01
201000014702;0;7;0;0;2;3;1;B01
201000014702;0;7;0;0;2;3;5;C01
201000014702;0;15;0;0;2;1;1;A01
201000014703;0;7;0;0;2;3;1;A01
201000014703;0;7;0;0;2;1;1;B01
201000014704;0;7;0;16;0;1;1;A01
201000014705;0;10;0;0;2;3;1;B01
201000014705;0;7;0;0;2;3;1;A01
201000014706;0;7;0;6;0;1;0;A01
201000014707;0;7;0;2;0;8;0;A01
201000014708;0;7;0;2;0;4;0;A01
201000014709;0;33;0;0;0;9;1;A01
201000014710;0;7;0;0;2;1;1;B02
201000014710;0;7;0;0;2;1;17;A01
201000014711;0;7;0;0;2;1;13;A01
201000014711;0;17;0;0;2;8;1;B02
201000014712;0;7;0;0;2;8;15;A01
201000014712;0;7;0;0;2;1;1;B02
201000014713;0;7;0;0;2;3;1;A01
201000014713;0;7;0;0;2;1;9;B02
201000014714;0;7;0;2;0;9;1;A01
201000014715;0;2;0;6;0;1;1;A01
201000014716;0;7;0;16;0;9;1;A01
201000014717;0;7;0;0;0;9;1;A01
201000014718;0;2;0;6;0;1;1;A01
201000014719;0;33;0;0;0;3;1;A01
201000014720;0;7;0;2;0;2;14;A01
201000014721;0;7;0;0;2;1;1;A01
201000014721;0;7;0;0;2;8;19;B02
201000014722;0;14;0;0;2;3;1;A01
201000014722;0;7;0;0;2;1;1;B01
201000014723;0;1;0;0;0;6;1;B01
201000014723;0;7;0;0;2;2;1;A01
201000014724;0;2;0;0;0;8;1;A01
201000014725;0;7;0;0;2;8;19;A01
201000014725;0;7;0;0;2;1;1;B01
201000014726;0;7;0;0;0;7;19;A01
201000014726;0;7;0;0;2;1;1;B01
201000014727;0;10;0;0;2;3;0;B01
201000014727;0;7;0;0;2;3;0;A01
201000014728;0;7;0;0;2;1;1;B01
201000014728;0;15;0;0;2;2;15;A01
201000014729;0;7;0;0;2;3;1;A01
201000014729;0;30;0;0;2;1;1;B02
201000014730;0;30;0;0;0;3;15;A01
201000014731;0;7;0;0;0;4;15;B02
201000014731;0;2;0;0;2;1;2;A01
201000014732;0;99;0;0;0;0;0;B02
201000014732;1;7;0;0;1;2;1;A01
201000014733;0;7;0;0;0;1;1;A01
201000014734;0;7;0;0;2;1;1;A01
201000014734;0;31;0;0;2;7;19;B01
201000014735;0;7;0;0;2;3;19;B01
201000014735;0;7;0;0;2;1;1;A01
201000014736;0;7;0;2;0;1;17;A01
201000014737;0;7;0;6;0;3;1;A01
201000014738;0;7;0;8;0;1;1;A01
201000014739;0;33;0;0;0;1;1;A01
201000014740;0;30;0;0;2;1;1;A01
201000014740;0;7;0;0;0;3;1;B01
201000014741;0;10;0;0;2;2;1;B01
201000014741;0;7;0;0;0;8;1;A01
201000014742;0;21;0;0;0;2;1;A01
201000014742;0;1;0;0;0;7;16;B01
201000014743;0;7;0;0;2;7;13;A01
201000014743;0;7;0;0;2;1;1;B01
201000014744;0;7;0;8;0;2;14;A01
201000014745;0;31;0;12;0;7;1;A01
201000014746;0;7;0;0;2;3;5;A01
201000014746;0;7;0;0;2;3;1;B02
201000014747;0;7;0;0;0;2;17;A01
201000014747;0;1;0;0;0;6;13;B02
201000014748;0;33;0;0;2;8;1;B02
201000014748;0;7;0;0;2;3;15;A01
201000014749;0;7;0;8;0;3;0;A01
201000014750;0;7;0;0;2;7;1;A01
201000014750;0;7;0;0;2;1;1;B02
201000014751;0;7;0;0;2;5;15;B02
201000014751;0;33;0;0;2;1;1;A01
201000014752;0;33;0;0;2;1;2;A01
201000014752;0;1;0;0;2;4;2;B01
201000014753;0;31;0;0;2;2;1;A01
201000014753;0;32;0;0;2;6;13;B01
201000014754;0;7;0;13;0;1;13;A01
201000014755;0;7;0;0;2;1;1;B01
201000014755;0;7;0;0;2;7;15;A01
201000014756;0;14;0;0;2;3;1;A01
201000014756;0;7;0;0;2;3;1;B01
201000014757;0;7;0;0;2;7;15;A01
201000014757;0;7;0;0;2;1;1;B01
201000014758;0;7;0;13;0;1;1;A01
201000014759;0;7;0;2;0;1;1;A01
201000014760;0;7;0;0;2;6;23;A01
201000014760;0;7;0;0;2;8;23;E05
201000014760;0;15;0;0;0;4;23;H08
201000014760;0;7;0;0;2;3;23;F06
201000014760;0;7;0;0;0;8;23;C03
201000014760;0;7;0;0;2;8;23;D04
201000014760;0;7;0;0;0;5;23;B02
201000014760;0;15;0;0;2;2;2;G07
201000014761;0;31;0;8;0;5;14;A01
201000014762;0;7;0;0;2;8;1;B02
201000014762;0;7;0;0;2;1;19;A01
201000014763;0;7;0;0;2;1;9;A01
201000014763;0;7;0;0;2;7;1;B02
201000014764;0;33;0;13;0;9;1;A01
201000014765;0;7;0;0;2;1;1;B01
201000014765;0;7;0;0;2;2;13;A01
201000014766;0;7;0;0;0;3;1;B01
201000014766;0;7;0;0;0;1;6;A01
201000014767;0;2;0;0;2;1;0;A01
201000014767;0;21;0;0;0;5;1;B01
201000014768;0;7;0;0;2;2;15;B02
201000014768;0;31;0;15;2;1;1;A01
201000014769;0;7;0;0;0;0;2;C03
201000014769;0;7;0;0;2;6;17;A01
201000014769;0;33;0;0;2;7;17;B02
201000014770;0;7;0;0;2;3;15;A01
201000014770;0;31;0;0;2;1;1;B02
201000014771;0;7;0;0;2;0;19;A01
201000014771;0;10;0;8;0;2;2;C01
201000014771;0;7;0;8;0;2;21;B01
201000014772;0;7;0;0;2;3;19;A01
201000014772;0;33;0;0;2;1;1;B01
201000014773;0;7;0;0;0;3;9;A01
201000014773;0;1;0;0;0;1;1;B01
201000014774;0;1;0;0;0;0;1;A01
201000014775;0;7;0;0;2;3;13;A01
201000014775;0;7;0;0;2;3;1;B01
201000014776;0;33;0;0;2;3;13;A01
201000014776;0;7;0;0;2;0;0;B01
201000014777;0;33;0;0;2;1;1;A01
201000014777;0;7;0;0;2;3;1;B01
201000014778;0;2;0;0;2;1;1;B01
201000014778;0;7;0;0;2;7;15;A01
201000014779;0;7;0;13;0;1;1;A01
201000014780;0;7;0;2;0;8;6;A01
201000014781;0;7;0;0;0;1;1;A01
201000014782;0;10;0;0;2;3;6;A01
201000014782;0;13;0;0;2;3;1;B02
201000014783;0;7;0;8;0;3;1;A01
201000014784;0;7;0;0;2;7;1;B02
201000014784;0;7;0;0;2;3;1;A01
201000014785;0;7;0;0;2;1;1;A01
201000014785;0;3;0;0;2;1;5;B02
201000014786;0;33;0;0;0;4;0;B02
201000014786;0;33;0;0;2;1;2;A01
201000014787;0;7;0;0;2;3;13;A01
201000014787;0;7;0;0;2;3;1;B01
201000014788;0;7;0;6;0;3;13;A01
201000014789;0;7;0;0;2;1;1;B01
201000014789;0;7;0;0;2;1;13;A01
201000014790;0;15;0;0;2;3;1;B02
201000014790;0;7;0;0;2;3;9;A01
201000014791;0;7;0;0;2;2;17;A01
201000014791;0;7;0;0;2;1;0;B02
201000014792;0;10;0;0;2;3;1;B02
201000014792;0;7;0;0;2;1;13;A01
201000014793;0;7;0;8;0;5;14;A01
201000014794;0;30;0;0;0;0;0;A01
201000014795;0;7;0;0;0;3;20;B02
201000014795;0;33;0;0;0;7;1;A01
201000014796;0;7;0;2;0;7;1;A01
201000014797;0;7;0;0;2;5;10;A01
201000014797;0;33;0;0;2;1;1;B02
201000014798;0;33;0;13;0;0;1;A01
201000014799;0;7;0;16;0;9;1;A01
201000014800;0;7;0;13;0;1;0;A01
201000014801;0;30;0;0;0;2;1;A01
201000014802;0;7;0;0;1;2;1;A01
201000014803;0;31;0;12;0;1;1;A01
201000014804;0;7;0;13;0;3;1;A01
201000014805;0;7;0;0;2;8;1;B02
201000014805;0;7;0;8;2;2;17;A01
201000014806;0;7;0;0;2;2;19;A01
201000014806;0;7;0;0;2;1;1;B02
201000014807;0;10;0;2;0;1;1;A01
201000014808;0;7;0;0;0;5;4;A01
201000014808;0;33;0;0;2;1;2;B02
201000014809;0;7;0;0;2;3;1;B01
201000014809;0;1;0;0;2;1;19;A01
201000014810;0;7;0;10;0;1;1;A01
201000014811;0;10;0;0;2;1;1;B01
201000014811;0;7;0;0;2;1;13;A01
201000014812;0;7;0;0;2;3;1;B01
201000014812;0;7;0;0;2;6;15;A01
201000014813;0;7;0;0;2;4;23;B02
201000014813;0;7;0;0;2;1;2;A01
201000014814;0;7;0;2;0;1;21;A01
201000014815;0;7;0;0;2;5;1;B02
201000014815;0;10;0;0;2;2;19;A01
201000014816;0;7;0;0;2;3;1;B02
201000014816;0;7;0;0;2;1;13;A01
201000014817;0;7;0;16;0;9;1;A01
201000014818;0;7;0;0;2;3;1;B02
201000014818;0;7;0;0;2;2;1;A01
201000014819;0;7;0;0;2;3;1;B02
201000014819;0;7;0;0;2;8;15;A01
201000014820;0;7;0;0;2;3;13;A01
201000014820;0;7;0;0;2;3;1;B02
201000014821;0;33;0;0;2;2;1;B02
201000014821;0;14;0;0;2;5;15;A01
201000014822;0;7;0;0;2;7;19;A01
201000014822;0;7;0;0;2;3;1;B02
201000014823;0;2;0;0;2;1;1;B02
201000014823;0;7;0;0;2;7;15;A01
201000014824;0;7;0;0;2;8;1;B02
201000014824;0;7;0;0;2;3;5;A01
201000014825;0;7;0;0;2;1;14;A01
201000014825;0;21;0;0;2;5;15;B02
201000014826;0;7;0;2;0;5;1;A01
201000014827;0;7;0;15;0;2;1;A01
201000014828;0;33;0;16;0;8;1;A01
201000014829;0;7;0;2;0;3;1;A01
201000014830;0;7;0;2;0;1;1;A01
201000014831;0;7;0;16;0;0;1;A01
201000014832;0;7;0;2;0;1;1;A01
201000014833;0;3;0;1;1;1;1;A01
201000014834;0;30;0;0;2;1;1;B02
201000014834;0;7;0;0;2;3;15;A01
201000014835;0;7;0;0;2;8;19;A01
201000014835;0;10;0;0;2;1;1;B02
201000014836;0;7;0;8;0;1;1;A01
201000014837;0;10;0;0;2;3;19;A01
201000014837;0;7;0;0;2;1;1;B02
201000014838;0;33;0;15;2;1;17;A01
201000014838;0;7;0;0;2;3;15;B02
201000014839;0;7;0;0;2;8;1;B02
201000014839;0;7;0;0;2;9;1;A01
201000014840;0;7;0;0;2;3;1;B02
201000014840;0;7;0;0;2;3;13;A01
201000014841;0;33;0;16;0;7;1;A01
201000014842;0;7;0;0;2;3;1;B02
201000014842;0;7;0;0;2;1;5;A01
201000014843;0;7;0;0;2;3;1;B02
201000014843;0;10;0;0;2;2;19;A01
201000014844;0;34;0;0;0;8;1;A01
201000014845;0;7;0;0;1;2;10;A01
201000014846;0;7;0;0;2;1;24;B02
201000014846;0;7;0;1;0;2;1;A01
201000014847;0;7;0;0;2;8;19;A01
201000014847;0;7;0;0;2;1;1;B02
201000014848;0;30;0;12;0;2;1;A01
201000014849;0;30;0;0;6;1;1;A01
201000014850;0;7;0;0;2;7;1;A01
201000014850;0;33;0;14;2;2;1;B02
201000014851;0;7;0;0;0;9;1;A01
201000014852;0;10;0;0;2;1;15;A01
201000014852;0;7;0;0;2;1;1;B02
201000014853;0;30;0;15;0;1;1;A01
201000014854;0;30;0;12;0;8;1;A01
201000014855;0;2;0;16;0;7;1;A01
201000014856;0;7;0;0;2;1;1;B02
201000014856;0;15;0;0;2;2;23;A01
201000014857;0;7;0;0;2;3;19;A01
201000014857;0;7;0;0;2;1;1;B02
201000014858;0;2;0;0;2;2;15;A01
201000014858;0;7;0;0;2;8;15;B02
201000014859;0;2;0;10;2;1;1;A01
201000014859;0;2;0;10;2;5;1;B02
201000014860;0;7;0;10;0;1;1;A01
201000014861;0;7;0;0;2;1;1;A01
201000014861;0;1;0;0;2;8;15;B02
201000014862;0;1;0;0;2;3;1;B02
201000014862;0;7;0;0;2;3;21;A01
201000014863;0;33;0;0;2;1;1;B02
201000014863;0;7;0;0;2;5;15;A01
201000014864;0;7;0;0;2;8;1;B02
201000014864;0;33;0;0;2;8;21;A01
201000014864;0;7;0;0;2;3;21;C03
201000014865;0;7;0;8;0;2;1;A01
201000014866;0;7;0;0;2;1;1;A01
201000014866;0;7;0;0;2;7;1;B02
201000014867;0;7;0;0;1;2;21;A01
201000014868;0;7;0;2;0;1;16;A01
201000014869;0;17;0;3;0;8;1;A01
201000014870;0;7;0;13;6;1;21;A01
201000014871;0;7;0;0;2;1;1;B02
201000014871;0;7;0;0;2;2;15;A01
201000014872;0;7;0;0;2;8;1;C03
201000014872;0;33;0;0;2;3;13;A01
201000014872;0;33;0;0;2;8;1;B02
201000014873;0;7;0;6;0;2;1;A01
201000014874;0;33;0;15;0;1;14;A01
201000014875;0;7;0;0;2;3;19;A01
201000014875;0;17;0;0;2;2;1;B02
201000014876;0;7;0;13;0;1;1;A01
201000014877;0;7;0;13;0;2;21;C03
201000014877;0;10;0;0;2;8;5;A01
201000014877;0;10;0;0;2;3;1;B02
201000014878;0;7;0;0;2;3;13;A01
201000014878;0;14;0;0;2;3;1;B02
201000014879;0;7;0;13;0;2;1;A01
201000014880;0;7;0;0;1;1;21;A01
201000014881;0;7;0;13;0;2;1;A01
201000014882;0;7;0;0;2;5;17;A01
201000014882;0;1;0;0;2;1;1;C03
201000014882;0;1;0;0;2;8;1;B02
201000014883;0;7;0;13;0;9;1;A01
201000014884;0;7;0;0;2;7;19;A01
201000014884;0;10;0;0;2;1;1;B02
201000014885;0;7;0;6;0;3;1;A01
201000014886;0;7;0;13;2;6;19;A01
201000014886;0;7;0;13;2;1;1;B02
201000014887;0;7;0;0;2;3;13;A01
201000014887;0;7;0;0;2;3;21;B02
201000014888;0;7;0;0;5;3;1;A01
201000014889;0;7;0;13;0;0;1;A01
201000014890;0;7;0;2;0;4;1;A01
201000014891;0;7;0;0;2;3;15;A01
201000014891;0;7;0;0;2;3;1;B02
201000014892;0;10;0;0;2;2;15;A01
201000014892;0;2;0;0;2;1;1;B02
201000014893;0;7;0;0;2;6;23;B02
201000014893;0;33;0;0;2;1;1;A01
201000014894;0;7;0;13;0;2;14;A01
201000014895;0;7;0;2;0;1;1;A01
201000014896;0;7;0;13;0;9;21;A01
201000014897;0;1;0;0;2;1;1;B02
201000014897;0;21;0;0;2;6;1;A01
201000014898;0;7;0;13;0;2;14;A01
201000014899;0;33;0;16;0;7;21;A01
201000014900;0;7;0;0;2;7;13;A01
201000014900;0;7;0;0;2;1;1;B02
201000014901;0;7;0;8;0;8;0;A01
201000014902;0;7;0;0;2;3;1;A01
201000014902;0;7;0;0;2;3;1;B02