num_acc;senc;catv;occutc;obs;obsm;choc;manv;num_veh
201000014903;0;7;0;0;2;7;13;A01
201000014903;0;33;0;0;2;1;1;B02
201000014904;0;7;0;13;0;3;13;A01
201000014905;0;2;0;3;0;7;1;A01
201000014906;0;7;0;13;0;8;1;A01
201000014907;0;7;0;0;2;8;1;B02
201000014907;0;33;0;13;0;1;21;C03
201000014907;0;33;0;0;2;1;1;A01
201000014908;0;7;0;0;2;3;1;B02
201000014908;0;7;0;0;2;1;15;A01
201000014909;0;7;0;0;2;1;1;B02
201000014909;0;7;0;0;2;1;13;A01
201000014910;0;13;0;0;2;8;15;A01
201000014910;0;7;0;0;2;1;1;B02
201000014911;0;7;0;16;0;1;21;A01
201000014912;0;7;0;13;0;9;13;A01
201000014913;0;1;0;0;2;1;1;B02
201000014913;0;10;0;0;2;7;19;A01
201000014914;0;7;0;0;1;2;1;A01
201000014915;0;7;0;0;2;1;1;B02
201000014915;0;3;0;0;2;1;15;A01
201000014915;0;7;0;0;2;3;1;C03
201000014916;0;2;0;0;2;5;23;B02
201000014916;0;10;0;1;2;2;1;A01
201000014917;0;7;0;0;2;1;13;A01
201000014917;0;7;0;0;2;1;1;B02
201000014918;0;1;0;0;2;1;2;A01
201000014918;0;1;0;0;2;4;2;B02
201000014919;0;7;0;0;2;1;1;A01
201000014919;0;31;0;0;2;1;15;B02
201000014920;0;7;0;0;2;8;13;A01
201000014920;0;7;0;0;2;3;21;C03
201000014920;0;7;0;0;2;3;1;B02
201000014921;0;1;0;0;2;4;1;B02
201000014921;0;14;0;0;2;2;1;A01
201000014922;0;7;0;0;2;1;13;A01
201000014922;0;15;0;0;2;1;1;B02
201000014923;0;7;0;16;0;0;1;A01
201000014924;0;7;0;13;0;3;1;A01
201000014925;0;7;0;0;2;2;1;C03
201000014925;0;7;0;0;2;3;17;B02
201000014925;0;7;0;0;2;1;1;A01
201000014926;0;7;0;6;2;1;13;A01
201000014927;0;7;0;0;2;1;1;A01
201000014927;0;30;0;0;2;8;16;B02
201000014928;0;7;0;0;2;1;1;A01
201000014928;0;7;0;0;2;7;1;B02
201000014929;0;7;0;0;2;1;1;A01
201000014929;0;7;0;0;2;7;1;B02
201000014930;0;7;0;0;1;1;15;A01
201000014931;0;2;0;2;0;1;13;A01
201000014932;0;33;0;11;0;1;1;A01
201000014933;0;2;0;0;2;1;21;B02
201000014933;0;7;0;0;2;8;15;A01
201000014934;0;7;0;0;0;4;15;A01
201000014934;0;33;0;0;2;1;2;B02
201000014935;0;7;0;0;0;7;1;A01
201000014935;0;7;0;0;2;1;1;B02
201000014936;0;7;0;0;9;1;2;A01
201000014936;0;1;0;0;0;4;2;B02
201000014937;0;15;0;2;0;1;1;A01
201000014938;0;7;0;0;2;1;15;A01
201000014938;0;33;0;0;2;1;1;B02
201000014939;0;7;0;6;0;1;13;A01
201000014940;0;7;0;2;0;7;1;A01
201000014941;0;38;1;0;2;8;15;B02
201000014941;0;17;0;0;2;1;1;A01
201000014942;0;17;0;6;0;1;15;A01
201000014943;0;2;0;0;2;3;19;B02
201000014943;0;7;0;0;2;1;1;A01
201000014944;0;7;0;1;0;2;1;A01
201000014944;0;21;0;0;2;6;24;B02
201000014945;0;7;0;0;2;3;1;B02
201000014945;0;7;0;0;2;6;15;A01
201000014946;0;7;0;0;0;3;1;B02
201000014946;0;30;0;0;2;1;1;A01
201000014947;0;7;0;0;2;2;9;A01
201000014947;0;33;0;0;2;1;1;B02
201000014948;0;14;0;8;0;9;1;A01
201000014949;0;7;0;13;0;2;1;A01
201000014950;0;10;0;0;2;1;15;A01
201000014950;0;30;0;0;2;1;2;B02
201000014951;0;7;0;0;1;3;1;A01
201000014952;0;7;0;2;0;7;1;A01
201000014953;0;30;0;0;2;1;13;A01
201000014953;0;7;0;0;2;3;1;C03
201000014953;0;7;0;0;0;0;17;B02
201000014954;0;14;0;0;2;2;1;B02
201000014954;0;14;0;0;2;3;1;A01
201000014955;0;7;0;13;0;1;1;A01
201000014956;0;7;0;2;0;1;13;A01
201000014957;0;17;0;0;2;3;1;B02
201000014957;0;7;0;0;2;3;13;A01
201000014958;0;31;0;0;2;8;1;B02
201000014958;0;10;0;0;2;8;13;A01
201000014959;0;7;0;0;2;2;1;B02
201000014959;0;2;0;0;2;8;10;A01
201000014960;0;7;0;2;2;1;1;A01
201000014960;0;10;0;0;2;1;1;B02
201000014961;0;30;0;0;2;1;2;A01
201000014961;0;7;0;0;2;5;16;B02
201000014962;0;33;0;13;0;1;1;A01
201000014963;0;7;0;0;2;7;15;A01
201000014963;0;7;0;0;2;2;1;B02
201000014964;0;7;0;0;0;1;1;A01
201000014964;0;2;0;0;2;1;13;B02
201000014965;0;7;0;3;0;3;1;A01
201000014966;0;7;0;13;0;3;1;A01
201000014967;0;7;0;0;2;3;10;B02
201000014967;0;33;0;0;2;1;1;A01
201000014968;0;33;0;0;5;9;1;A01
201000014969;0;7;0;0;0;7;15;A01
201000014969;0;33;0;0;2;1;1;B02
201000014970;0;7;0;0;2;2;13;A01
201000014970;0;7;0;0;2;1;1;B02
201000014971;0;33;0;1;0;2;1;A01
201000014972;0;7;0;2;0;9;0;A01
201000014973;0;7;0;0;1;7;13;A01
201000014974;0;7;0;0;2;1;1;B02
201000014974;0;33;0;0;2;7;1;A01
201000014975;0;7;0;0;2;3;19;A01
201000014975;0;33;0;0;2;1;1;B02
201000014976;0;7;0;0;2;8;1;B02
201000014976;0;33;0;0;2;8;1;A01
201000014977;0;7;0;0;1;2;1;A01
201000014978;0;7;0;2;0;7;19;A01
201000014979;0;7;0;0;2;2;15;A01
201000014979;0;7;0;7;2;1;1;B02
201000014980;0;30;0;0;2;0;0;B02
201000014980;0;7;0;0;2;2;0;A01
201000014981;0;10;0;0;0;2;24;B02
201000014981;0;7;0;1;0;6;0;A01
201000014982;0;7;0;0;2;3;13;A01
201000014982;0;7;0;0;2;1;1;B02
201000014983;0;7;0;13;0;3;1;A01
201000014984;0;33;0;0;2;1;1;B02
201000014984;0;7;0;0;2;1;15;A01
201000014985;0;33;0;13;0;1;1;A01
201000014986;0;10;0;5;2;1;2;A01
201000014986;0;10;0;0;0;4;2;B02
201000014987;0;1;0;0;0;0;1;A01
201000014988;0;1;0;0;0;0;1;A01
201000014989;0;7;0;13;0;1;1;A01
201000014990;0;7;0;0;2;1;15;A01
201000014990;0;7;0;0;2;1;1;B02
201000014991;0;34;0;3;0;1;1;A01
201000014992;0;10;0;0;2;2;2;A01
201000014992;0;21;0;0;0;6;2;B02
201000014993;0;7;0;0;2;8;15;B02
201000014993;0;1;0;0;0;0;0;A01
201000014994;0;7;0;0;2;3;10;A01
201000014994;0;33;0;0;2;1;1;B02
201000014995;0;7;0;0;2;7;1;B02
201000014995;0;7;0;0;2;1;19;A01
201000014996;0;7;0;0;2;8;0;C03
201000014996;0;7;0;0;2;8;1;B02
201000014996;0;2;0;1;0;2;17;A01
201000014997;0;10;0;0;2;3;1;C03
201000014997;0;7;0;0;2;8;1;B02
201000014997;0;7;0;0;2;1;13;A01
201000014998;0;7;0;0;2;3;1;B02
201000014998;0;7;0;0;2;3;15;A01
201000014999;0;7;0;0;1;2;1;A01
201000015000;0;2;0;0;0;0;1;A01
201000015001;0;7;0;2;0;2;14;A01
201000015002;0;13;0;0;2;3;0;B02
201000015002;0;33;0;0;2;8;1;C03
201000015002;0;7;0;0;2;3;13;A01
201000015003;0;7;0;0;1;1;1;A01
201000015004;0;14;0;0;2;3;1;B02
201000015004;0;7;0;0;2;3;1;A01
201000015005;0;7;0;0;2;3;13;A01
201000015005;0;2;0;0;2;1;1;B02
201000015006;0;7;0;0;2;1;1;B02
201000015006;0;7;0;0;2;2;19;A01
201000015007;0;7;0;0;0;1;1;A01
201000015008;0;7;0;0;2;7;19;B02
201000015008;0;7;0;0;2;1;1;A01
201000015009;0;7;0;8;0;7;1;A01
201000015010;0;30;0;0;0;2;21;A01
201000015011;0;30;0;13;0;1;1;A01
201000015012;0;7;0;13;0;1;1;A01
201000015013;0;7;0;0;0;1;1;D04
201000015013;0;10;0;0;0;7;1;B02
201000015013;0;10;0;3;2;3;13;A01
201000015013;0;7;0;0;0;3;1;C03
201000015014;0;30;0;0;2;1;1;B02
201000015014;0;7;0;0;2;3;1;E05
201000015014;0;10;0;0;0;4;1;C03
201000015014;0;2;0;0;2;1;0;A01
201000015014;0;7;0;0;1;1;1;D04
201000015015;0;7;0;16;0;9;1;A01
201000015016;0;7;0;0;2;8;1;A01
201000015016;0;7;0;0;2;1;1;B02
201000015017;0;7;0;13;0;1;1;A01
201000015018;0;17;0;0;2;2;21;A01
201000015018;0;7;0;0;2;1;1;B02
201000015018;0;7;0;0;0;0;16;C03
201000015019;0;30;0;8;0;1;1;A01
201000015020;0;32;0;0;0;1;1;A01
201000015021;0;7;0;13;0;1;1;A01
201000015022;0;7;0;0;1;2;1;A01
201000015023;0;7;0;0;2;1;15;A01
201000015023;0;7;0;0;2;1;1;B02
201000015024;0;7;0;0;2;8;19;B02
201000015024;0;30;0;0;2;1;1;A01
201000015025;0;7;0;0;2;3;1;A01
201000015025;0;7;0;0;2;1;13;B02
201000015026;0;7;0;0;2;2;1;B02
201000015026;0;7;0;0;2;1;5;A01
201000015027;0;7;0;0;6;3;1;A01
201000015027;0;7;0;0;6;1;1;B02
201000015028;0;10;0;0;2;3;1;A01
201000015028;0;7;0;0;2;3;1;B02
201000015029;0;7;0;6;0;3;1;A01
201000015030;0;7;0;0;0;1;1;A01
201000015031;0;33;0;0;2;8;5;A01
201000015031;0;7;0;0;2;8;5;B02
201000015032;0;10;0;0;2;1;1;A01
201000015032;0;2;0;0;2;9;19;B02
201000015033;0;7;0;0;2;3;17;A01
201000015033;0;7;0;0;2;3;1;B02
201000015034;0;7;0;0;2;8;1;B02
201000015034;0;31;0;0;2;3;13;A01
201000015035;0;31;0;0;0;1;1;A01
201000015036;0;7;0;13;0;1;14;A01
201000015037;0;7;0;0;1;3;1;A01
201000015038;0;30;0;0;2;1;15;A01
201000015038;0;10;0;0;2;2;1;B02
201000015039;0;33;0;0;2;1;0;A01
201000015039;0;1;0;0;2;8;15;B02
201000015040;0;7;0;0;2;3;5;B02
201000015040;0;7;0;0;2;3;5;A01
201000015041;0;10;0;13;0;3;1;A01
201000015042;0;7;0;6;0;1;19;A01
201000015043;0;7;0;0;2;1;23;B02
201000015043;0;7;0;1;0;1;1;A01
201000015044;0;7;0;16;0;7;0;A01
201000015045;0;30;0;0;0;8;1;A01
201000015046;0;7;0;0;2;7;1;B02
201000015046;0;7;0;0;2;1;1;A01
201000015047;0;7;0;0;2;3;1;B02
201000015047;0;7;0;0;2;3;1;A01
201000015048;0;1;0;0;0;7;19;B02
201000015048;0;14;0;0;2;1;1;A01
201000015049;0;21;0;0;0;0;1;A01
201000015049;0;3;0;0;2;1;19;C03
201000015050;0;7;0;0;2;2;1;B02
201000015050;0;7;0;0;2;2;6;A01
201000015051;0;7;0;15;0;1;14;A01
201000015052;0;7;0;0;0;4;23;B02
201000015052;0;2;0;1;0;1;1;A01
201000015053;0;7;0;0;2;1;1;B02
201000015053;0;7;0;0;2;2;13;A01
201000015054;0;1;0;0;0;1;2;A01
201000015055;0;7;0;13;0;1;1;A01
201000015056;0;10;0;0;1;2;13;A01
201000015057;0;14;0;2;2;6;13;B02
201000015057;0;7;0;0;2;1;1;C03
201000015057;0;7;0;0;2;3;13;A01
201000015058;0;30;0;0;2;1;24;A01
201000015058;0;30;0;1;0;1;1;B02
201000015059;0;7;0;0;2;1;13;A01
201000015059;0;7;0;0;2;1;1;B02
201000015060;0;33;0;0;2;1;13;A01
201000015060;0;7;0;0;2;3;1;B02
201000015061;0;7;0;0;2;4;1;A01
201000015061;0;33;0;0;2;6;17;B02
201000015062;0;10;0;1;0;2;1;A01
201000015063;0;7;0;0;2;2;1;A01
201000015063;0;2;0;0;2;3;19;B02
201000015064;0;10;0;0;1;1;1;A01
201000015065;0;7;0;0;2;1;5;A01
201000015065;0;7;0;0;2;1;1;B02
201000015066;0;7;0;2;0;6;14;A01
201000015067;0;7;0;0;0;3;21;A01
201000015068;0;7;0;13;0;5;1;A01
201000015069;0;7;0;0;0;1;1;A01
201000015070;0;33;0;0;2;1;13;A01
201000015070;0;7;0;0;2;1;1;B02
201000015071;0;7;0;16;0;2;13;A01
201000015072;0;30;0;0;2;1;1;A01
201000015072;0;38;3;0;2;1;1;B02
201000015073;0;7;0;0;2;1;13;A01
201000015073;0;7;0;0;2;1;1;B02
201000015074;0;33;0;0;2;7;1;A01
201000015074;0;1;0;0;2;1;19;B02
201000015075;0;7;0;0;2;2;21;C03
201000015075;0;7;0;0;2;1;17;A01
201000015075;0;33;0;0;2;1;1;B02
201000015076;0;7;0;0;1;3;1;A01
201000015077;0;7;0;13;0;9;14;A01
201000015078;0;7;0;0;2;3;1;B02
201000015078;0;7;0;0;2;3;13;A01
201000015079;0;7;0;1;0;1;1;A01
201000015080;0;7;0;0;1;2;1;A01
201000015081;0;7;0;2;0;3;16;A01
201000015082;0;7;0;0;0;1;5;A01
201000015082;0;7;0;0;2;1;1;B02
201000015083;0;7;0;13;0;9;14;A01
201000015084;0;7;0;6;0;0;1;A01
201000015085;0;7;0;0;2;1;19;A01
201000015085;0;7;0;0;2;8;1;B02
201000015086;0;7;0;0;2;1;1;B02
201000015086;0;10;0;0;2;1;1;A01
201000015087;0;2;0;6;0;1;1;A01
201000015088;0;7;0;8;0;8;1;A01
201000015089;0;7;0;2;0;8;1;A01
201000015090;0;7;0;8;0;2;1;A01
201000015091;0;7;0;0;2;3;13;A01
201000015091;0;7;0;0;2;3;1;B02
201000015092;0;30;0;0;2;1;1;A01
201000015092;0;7;0;0;2;5;15;B02
201000015093;0;7;0;0;2;8;15;A01
201000015093;0;7;0;0;2;1;1;B02
201000015094;0;7;0;16;0;9;13;A01
201000015095;0;7;0;2;0;3;13;A01
201000015096;0;7;0;0;2;8;15;B02
201000015096;0;7;0;0;2;3;1;A01
201000015097;0;33;0;0;2;1;2;A01
201000015097;0;10;0;0;0;6;1;B02
201000015098;0;7;0;0;2;3;1;C03
201000015098;0;7;0;0;2;8;1;B02
201000015098;0;7;0;0;2;9;13;A01
201000015099;0;33;0;0;0;8;1;A01
201000015100;0;10;0;0;2;3;1;B02
201000015100;0;10;0;0;2;3;1;A01
201000015101;0;30;0;0;6;0;21;A01
201000015102;0;7;0;0;1;3;1;A01
201000015103;0;7;0;10;0;3;1;A01
201000015104;0;10;0;0;6;9;1;A01
201000015105;0;10;0;16;0;3;1;A01
201000015106;0;7;0;0;2;3;19;A01
201000015106;0;33;0;1;2;1;1;B02
201000015106;0;7;0;0;0;3;24;C03
201000015107;0;7;0;0;2;3;1;B02
201000015107;0;7;0;0;2;3;13;A01
201000015108;0;7;0;0;2;1;17;A01
201000015108;0;7;0;0;2;8;19;B02
201000015109;0;33;0;0;0;1;1;A01
201000015110;0;7;0;0;2;3;15;A01
201000015110;0;2;0;0;2;8;21;B02
201000015111;0;33;0;15;0;0;1;A01
201000015112;0;7;0;13;0;1;14;A01
201000015113;0;7;0;0;2;3;1;A01
201000015113;0;7;0;0;2;3;1;B02
201000015114;0;7;0;2;0;3;13;A01
201000015115;0;10;0;0;2;2;15;A01
201000015115;0;36;0;0;2;3;1;B02
201000015116;0;7;0;0;2;7;4;A01
201000015116;0;2;0;0;2;8;1;B02
201000015117;0;7;0;8;0;3;1;A01
201000015118;0;7;0;13;0;9;13;A01
201000015119;0;36;0;2;0;1;1;A01
201000015120;0;7;0;0;2;7;15;A01
201000015120;0;7;0;0;2;1;1;B02
201000015121;0;7;0;16;0;0;1;A01
201000015122;0;10;0;0;2;3;13;A01
201000015123;0;7;0;13;0;1;1;A01
201000015124;0;30;0;1;0;1;1;A01
201000015124;0;38;1;0;0;6;23;B02
201000015125;0;7;0;0;2;7;1;A01
201000015125;0;10;0;0;2;1;1;B02
201000015126;0;7;0;0;2;1;13;A01
201000015126;0;10;0;0;2;3;1;B02
201000015127;0;7;0;0;2;3;13;A01
201000015127;0;7;0;0;2;3;1;B02
201000015128;0;2;0;0;2;6;15;B02
201000015128;0;7;0;0;2;2;17;A01
201000015129;0;7;0;8;0;9;14;A01
201000015130;0;7;0;0;2;3;13;B02
201000015130;0;7;0;0;9;8;1;C03
201000015130;0;15;0;0;2;3;1;A01
201000015131;0;7;0;0;2;3;1;B02
201000015131;0;7;0;0;2;3;13;A01
201000015132;0;7;0;2;0;8;1;A01
201000015133;0;2;0;0;2;1;21;B02
201000015133;0;7;0;0;2;2;13;A01
201000015134;0;7;0;8;0;3;1;A01
201000015135;0;7;0;13;0;7;1;A01
201000015136;0;7;0;14;0;1;2;A01
201000015136;0;15;0;0;0;4;23;B02
201000015137;0;33;0;6;0;8;1;A01
201000015138;0;17;0;0;2;4;15;B02
201000015138;0;10;0;0;2;1;1;A01
201000015139;0;7;0;0;2;2;2;A01
201000015139;0;1;0;0;0;4;1;B02
201000015140;0;7;0;6;0;1;1;A01
201000015141;0;7;0;0;2;3;13;A01
201000015141;0;7;0;0;2;3;1;B02
201000015142;0;7;0;0;1;3;1;A01
201000015143;0;33;0;16;0;9;1;A01
201000015144;0;7;0;0;2;2;1;B02
201000015144;0;2;0;0;2;1;1;A01
201000015145;0;7;0;0;2;1;1;A01
201000015145;0;2;0;0;2;1;1;B02
201000015146;0;17;0;13;0;3;13;A01
201000015147;0;7;0;5;0;1;1;A01
201000015148;0;7;0;6;0;2;1;A01
201000015149;0;7;0;0;2;3;15;A01
201000015149;0;2;0;0;2;1;17;B02
201000015150;0;7;0;12;0;2;21;C03
201000015150;0;7;0;0;2;3;2;A01
201000015150;0;30;0;0;2;5;23;B02
201000015151;0;7;0;0;9;3;21;B02
201000015151;0;31;0;0;2;0;13;C02
201000015152;0;10;0;0;0;2;17;A01
201000015152;0;7;0;0;0;8;15;B02
201000015153;0;2;0;0;2;3;1;B02
201000015153;0;7;0;0;2;6;15;A01
201000015154;0;7;0;0;2;1;1;B02
201000015154;0;7;0;0;2;7;19;A01
201000015155;0;3;0;0;2;2;5;A01
201000015155;0;15;0;0;2;2;1;B02
201000015156;0;7;0;0;2;1;1;B02
201000015156;0;7;0;0;2;7;13;A01
201000015157;0;7;0;6;0;2;1;A01
201000015158;0;1;0;0;2;8;19;B02
201000015158;0;7;0;0;9;1;1;A01
201000015159;0;99;0;0;2;3;15;B02
201000015159;0;2;0;0;2;1;1;A01
201000015160;0;21;0;0;2;3;15;B02
201000015160;0;3;0;0;2;1;17;A01
201000015161;0;31;0;0;6;7;1;A01
201000015162;0;7;0;2;0;1;0;A01
201000015163;1;36;0;0;2;4;1;C03
201000015163;0;7;0;0;2;3;1;A01
201000015163;0;2;0;0;2;1;1;B02
201000015164;0;7;0;0;1;8;1;A01
201000015165;0;33;0;0;2;7;17;A01
201000015165;0;7;0;0;2;8;15;B02
201000015166;0;7;0;0;2;1;1;B02
201000015166;0;7;0;0;2;1;13;A01
201000015167;0;10;0;0;2;1;1;A01
201000015167;0;7;0;0;2;1;1;B02
201000015168;0;7;0;0;2;2;1;A01
201000015168;0;1;0;0;2;3;19;B02
201000015169;0;3;0;13;0;3;1;A01
201000015170;0;7;0;0;2;1;17;A01
201000015170;0;7;0;0;2;6;15;B02
201000015171;0;7;0;2;0;1;1;A01
201000015172;0;7;0;0;0;3;1;B02
201000015172;0;1;0;0;0;4;0;C03
201000015173;0;7;0;8;0;9;1;A01
201000015174;0;33;0;0;0;1;1;A01
201000015174;0;7;0;0;0;2;19;B02
201000015175;0;10;0;1;0;2;1;A01
201000015175;0;17;0;0;2;6;24;B02
201000015176;0;7;0;0;2;1;2;C03
201000015176;0;7;0;0;2;4;15;B02
201000015176;0;7;0;0;2;1;2;A01
201000015177;0;7;0;13;0;3;1;A01
201000015178;0;7;0;13;0;1;1;A01
201000015179;0;7;0;0;2;1;15;B02
201000015179;0;2;0;0;2;7;1;A01
201000015180;0;7;0;0;2;3;5;B02
201000015180;0;7;0;0;2;1;5;A01
201000015181;0;7;0;0;2;3;1;B02
201000015181;1;10;0;0;2;3;13;A01
201000015182;1;7;0;0;1;0;0;A01
201000015183;0;1;0;0;2;1;1;B02
201000015183;0;7;0;0;2;2;15;A01
201000015184;0;7;0;0;1;1;15;A01
201000015185;0;10;0;0;2;3;13;A01
201000015185;0;7;0;0;2;3;1;B02
201000015186;0;7;0;0;2;1;13;A01
201000015186;0;7;0;0;2;1;1;B02
201000015187;0;7;0;0;2;1;13;A01
201000015187;0;7;0;0;2;1;13;B02
201000015188;0;17;0;0;2;3;1;A01
201000015188;0;2;0;0;2;1;13;B02
201000015189;0;33;0;0;2;1;1;B02
201000015189;0;7;0;0;2;1;13;A01
201000015189;0;33;0;0;2;1;1;C03
201000015190;0;7;0;0;2;6;23;B02
201000015190;0;7;0;0;2;1;1;C03
201000015190;0;7;0;0;2;2;2;A01
201000015191;0;7;0;0;2;3;1;A01
201000015191;0;1;0;0;2;1;15;B02
201000015192;0;7;0;0;2;6;4;A01
201000015192;0;2;0;0;2;1;1;B02
201000015193;0;7;0;0;2;1;1;A01
201000015193;0;15;0;0;2;4;23;B02
201000015194;0;7;0;0;2;3;1;A01
201000015194;0;99;0;0;0;5;1;B02
201000015195;0;2;0;0;5;1;1;A01
201000015196;0;7;0;15;2;1;1;A01
201000015196;0;15;0;6;2;1;1;B02
201000015197;0;7;0;0;2;2;21;A01
201000015197;0;21;0;0;2;3;19;B02
201000015198;0;7;0;13;0;0;1;A01
201000015198;0;7;0;0;2;2;1;D04
201000015198;0;10;0;0;2;3;1;B02
201000015198;0;7;0;13;0;0;1;C03
201000015199;0;31;0;2;0;3;1;A01
201000015200;0;7;0;13;0;1;0;A01
201000015201;0;7;0;0;0;1;1;B02
201000015201;0;7;0;0;0;1;13;A01
201000015202;0;7;0;0;2;1;1;B02
201000015202;0;7;0;0;2;2;1;A01
201000015203;0;7;0;13;0;7;1;A01
201000015204;0;7;0;0;2;3;15;A01
201000015204;0;2;0;0;2;1;1;B02
201000015205;0;7;0;13;0;9;14;A01
201000015206;0;7;0;0;0;6;2;B02
201000015206;0;7;0;0;2;1;2;A01
201000015207;0;7;0;0;2;1;17;B02
201000015207;0;7;0;0;0;6;6;A01
201000015208;0;7;0;0;2;5;16;A01
201000015208;0;1;0;0;2;1;1;B02
201000015209;0;31;0;0;2;1;1;B02
201000015209;0;7;0;0;2;1;5;A01
201000015210;0;7;0;14;0;1;1;A01
201000015211;0;7;0;3;0;1;1;A01
201000015212;0;7;0;0;2;1;1;A01
201000015212;0;7;0;0;2;1;1;B02
201000015213;0;7;0;4;0;6;13;A01
201000015214;0;7;0;13;0;2;1;A01
201000015215;0;7;0;0;2;3;2;A01
201000015215;0;2;0;0;2;2;2;B02
201000015216;0;7;0;0;2;1;1;A01
201000015216;0;7;0;0;2;3;13;B02
201000015217;0;30;0;15;0;1;13;A01
201000015218;0;7;0;0;9;2;15;A01
201000015218;0;30;0;0;2;1;1;B02
201000015219;0;10;0;0;2;6;1;C02
201000015219;0;7;0;;2;1;5;A01
201000015219;0;10;0;0;2;1;1;B02
201000015220;0;31;0;0;0;9;1;A01
201000015221;0;7;0;0;0;5;15;A01
201000015221;0;33;0;0;2;1;17;B02
201000015222;0;7;0;0;0;3;13;A01
201000015222;0;7;0;0;0;3;14;B02
201000015223;0;7;0;0;1;1;0;A01
201000015224;0;14;0;0;2;3;1;B02
201000015224;0;7;0;0;2;3;13;A01
201000015225;0;7;0;0;9;3;19;A01
201000015225;0;2;0;0;2;1;1;B02
201000015226;0;7;0;0;2;8;19;A01
201000015226;0;30;0;0;2;1;1;B02
201000015227;0;7;0;0;0;6;24;C03
201000015227;0;7;0;1;2;8;1;B02
201000015227;0;7;0;0;2;7;17;A01
201000015228;0;2;0;0;1;1;17;A01
201000015229;0;2;0;0;2;7;17;B02
201000015229;0;7;0;0;2;3;15;A01
201000015230;0;7;0;0;2;1;1;B02
201000015230;0;7;0;0;2;7;13;A01
201000015231;0;1;0;0;2;3;15;B02
201000015231;0;3;0;0;2;2;1;A01
201000015232;0;7;0;0;1;1;2;A01
201000015233;0;31;0;11;0;1;1;A01
201000015234;0;7;0;0;2;1;1;B02
201000015234;0;7;0;0;2;8;13;A01
201000015235;0;7;0;6;1;0;21;A01
201000015236;0;33;0;0;2;7;1;B02
201000015236;0;7;0;0;2;3;19;A01
201000015237;0;33;0;0;0;7;1;A01
201000015238;0;7;0;8;0;8;1;A01
201000015239;0;7;0;13;0;1;1;A01
201000015240;0;7;0;1;0;1;1;A01
201000015240;0;7;0;0;2;4;15;B01
201000015241;0;33;0;0;0;0;1;A01
201000015242;0;7;0;2;0;8;1;A01
201000015243;0;7;0;0;1;2;14;A01
201000015244;0;32;0;0;2;1;1;B01
201000015244;0;7;0;0;2;1;15;A01
201000015245;0;3;0;8;1;1;1;A01
201000015246;0;7;0;0;2;8;15;B01
201000015246;0;32;0;0;2;7;1;A01
201000015247;0;2;0;2;2;0;0;A01
201000015247;0;7;0;0;2;0;0;B01
201000015248;0;7;0;0;1;3;1;A01
201000015249;0;1;0;0;2;1;1;A01
201000015249;0;7;0;0;9;3;15;B01
201000015250;0;7;0;0;2;8;15;B01
201000015250;0;2;0;2;2;2;17;A01
201000015251;0;31;0;0;2;1;1;B01
201000015251;0;7;0;0;2;6;1;A01
201000015252;0;7;0;0;2;3;9;A01
201000015252;0;30;0;0;0;7;1;B01
201000015253;1;7;0;0;1;0;0;Z01
201000015254;0;2;0;0;2;1;1;B01
201000015254;0;7;0;0;2;2;15;A01
201000015255;0;32;0;0;2;1;1;B01
201000015255;0;7;0;0;2;1;15;A01
201000015256;0;32;0;0;2;1;17;A01
201000015256;0;7;0;0;2;4;1;C01
201000015256;0;7;0;0;0;2;15;B01
201000015257;0;32;0;0;2;1;1;A01
201000015257;0;7;0;0;2;1;1;B01
201000015258;0;31;0;0;0;0;0;A01
201000015258;0;7;0;0;0;0;0;B01
201000015259;0;33;0;0;2;7;1;C01
201000015259;0;7;0;0;2;6;10;A01
201000015259;0;33;0;0;2;1;1;B01
201000015260;0;7;0;0;2;3;15;B01
201000015260;0;7;0;0;2;2;1;A01
201000015261;0;7;0;0;2;1;1;A01
201000015261;0;2;0;0;2;8;1;B01
201000015262;0;34;0;0;2;0;0;B01
201000015262;0;7;0;0;2;0;0;A01
201000015263;0;30;0;0;2;1;1;A01
201000015264;0;7;0;0;1;1;1;A01
201000015265;0;7;0;0;1;1;1;A01
201000015266;0;7;0;0;2;1;0;B01
201000015266;0;7;0;0;2;4;4;A01
201000015267;0;13;0;0;0;0;23;C01
201000015267;0;7;0;0;2;3;1;B01
201000015267;0;14;0;0;2;3;21;A01
201000015268;0;7;0;0;1;2;1;A01
201000015269;0;7;0;0;2;8;1;B01
201000015269;1;7;0;0;2;1;15;Z01
201000015270;0;7;0;0;2;3;15;A01
201000015270;0;33;0;0;2;1;17;B01
201000015271;0;7;0;0;1;1;15;A01
201000015272;0;7;0;2;0;1;0;A01
201000015273;0;33;0;0;2;1;1;B01
201000015273;0;7;0;0;2;2;11;A01
201000015274;0;7;0;0;2;7;16;B01
201000015274;0;30;0;0;2;3;18;A01
201000015275;0;7;0;0;1;1;1;A01
201000015276;0;33;0;0;2;0;1;A01
201000015276;0;2;0;0;0;0;1;B01
201000015277;0;7;0;0;2;3;1;B01
201000015277;0;7;0;0;2;3;1;A01
201000015278;0;33;0;0;1;3;1;B01
201000015279;0;37;4;0;1;2;0;A01
201000015280;0;7;0;0;2;1;15;B01
201000015280;0;7;0;0;2;1;1;A01
201000015281;0;30;0;0;1;1;17;A01
201000015282;0;7;0;0;2;2;0;A01