num_acc;senc;catv;occutc;obs;obsm;choc;manv;num_veh
201000015282;0;30;0;0;2;1;1;B01
201000015283;0;32;0;0;9;1;1;B01
201000015283;0;1;0;0;2;4;9;A01
201000015284;0;7;0;0;2;7;14;B01
201000015284;0;30;0;0;2;1;1;A01
201000015285;0;7;0;0;2;7;1;A01
201000015285;0;30;0;0;2;1;1;B01
201000015286;0;7;0;0;1;2;1;A01
201000015287;0;7;0;0;2;7;15;B01
201000015287;0;33;0;0;0;1;1;A01
201000015288;1;7;0;0;2;0;1;Z01
201000015288;0;34;0;0;0;4;2;A01
201000015289;0;32;0;0;1;2;1;A01
201000015290;1;7;0;0;2;0;15;Z01
201000015290;0;34;0;0;2;1;1;B01
201000015291;0;33;0;0;0;7;17;B01
201000015291;0;10;0;0;0;8;9;A01
201000015292;0;33;0;0;1;1;1;A01
201000015293;0;33;0;1;2;3;17;A01
201000015293;0;7;0;0;2;3;1;B01
201000015294;0;7;0;0;0;1;0;A01
201000015294;0;2;0;0;0;1;0;B01
201000015295;0;32;0;0;2;2;1;B01
201000015295;0;7;0;0;2;3;15;A01
201000015296;0;30;0;0;0;3;1;A01
201000015296;0;7;0;0;0;0;1;B01
201000015297;0;33;0;0;1;1;1;A01
201000015297;0;7;0;0;2;2;10;B01
201000015298;0;30;0;0;2;1;5;A01
201000015298;0;7;0;0;2;1;1;B01
201000015299;0;33;0;0;2;1;1;B01
201000015299;0;7;0;0;2;4;9;A01
201000015300;0;7;0;0;2;3;10;A01
201000015300;0;32;0;0;2;1;1;B01
201000015301;0;7;0;0;1;1;0;A01
201000015302;0;30;0;12;0;2;0;A01
201000015303;0;7;0;0;1;1;1;A01
201000015304;0;30;0;0;2;0;5;A01
201000015304;0;30;0;0;2;1;1;B01
201000015305;0;7;0;0;0;1;11;A01
201000015306;0;7;0;0;2;7;15;A01
201000015306;0;2;0;0;2;1;1;B01
201000015307;0;30;0;0;2;1;21;A01
201000015307;1;13;0;0;2;3;1;Z01
201000015307;0;10;0;0;1;5;16;B01
201000015308;0;7;0;8;0;1;0;A01
201000015309;0;7;0;0;2;2;15;A01
201000015309;0;30;0;0;2;1;0;B01
201000015310;0;7;0;0;0;2;1;B01
201000015310;0;7;0;0;2;6;9;A01
201000015311;0;7;0;0;1;0;1;A01
201000015312;0;7;0;0;2;3;15;B01
201000015312;0;2;0;0;2;2;17;A01
201000015313;2;7;0;0;2;8;10;A01
201000015313;0;30;0;0;2;1;1;B01
201000015314;0;7;0;0;1;2;1;A01
201000015315;0;2;0;15;0;1;0;A01
201000015316;0;30;0;0;0;0;0;A01
201000015316;0;7;0;0;2;3;1;B01
201000015317;0;7;0;0;1;4;4;A01
201000015318;0;30;0;0;2;1;1;A01
201000015318;0;7;0;0;9;2;15;B01
201000015319;0;7;0;0;9;2;15;A01
201000015319;0;30;0;0;2;1;17;B01
201000015320;0;7;0;0;2;7;15;A01
201000015320;0;32;0;0;2;1;1;B01
201000015321;0;32;0;0;1;1;1;A01
201000015322;0;10;0;0;2;8;1;B01
201000015322;0;30;0;0;2;1;1;A01
201000015323;0;7;0;0;2;3;16;B01
201000015323;0;2;0;0;2;3;1;A01
201000015324;0;7;0;0;2;6;15;A01
201000015324;0;30;0;0;2;1;1;B01
201000015325;0;7;0;0;2;2;1;A01
201000015325;0;34;0;0;2;0;15;B01
201000015326;0;30;0;0;0;4;2;C01
201000015326;0;30;0;0;2;1;1;A01
201000015326;0;30;0;0;2;1;1;B01
201000015327;0;7;0;0;1;2;16;A01
201000015328;0;32;0;0;0;2;1;A01
201000015328;0;7;0;0;0;3;1;B01
201000015329;0;7;0;0;2;6;10;A01
201000015329;0;31;0;0;2;1;1;B01
201000015330;1;7;0;0;1;0;0;Z01
201000015331;0;7;0;0;1;4;4;A01
201000015332;0;7;0;0;2;7;2;B01
201000015332;0;33;0;0;2;1;9;A01
201000015333;0;7;0;0;2;3;10;A01
201000015333;0;32;0;0;2;1;1;B01
201000015334;0;37;15;0;1;2;1;A01
201000015335;0;34;0;0;2;3;1;A01
201000015336;0;7;0;0;1;2;1;A01
201000015337;0;37;1;0;2;1;1;B01
201000015337;0;2;0;0;2;1;5;A01
201000015338;0;31;0;6;0;1;0;A01
201000015339;0;7;0;0;1;1;1;A01
201000015340;0;7;0;0;2;8;1;A01
201000015340;0;14;0;0;2;2;1;B01
201000015341;0;7;0;0;2;1;0;B01
201000015341;0;7;0;0;2;5;0;A01
201000015342;0;30;0;0;2;1;17;A01
201000015342;0;7;0;0;0;6;15;B01
201000015343;0;30;0;0;2;1;2;A01
201000015343;0;7;0;0;2;3;15;B01
201000015344;0;33;0;0;2;1;19;A01
201000015344;0;7;0;0;2;3;2;B01
201000015345;0;32;0;0;0;1;1;B01
201000015345;0;7;0;0;0;2;15;A01
201000015346;0;32;0;8;0;0;1;A01
201000015347;0;7;0;0;1;1;9;A01
201000015348;1;7;0;0;0;0;0;A01
201000015349;0;7;0;0;2;1;15;A01
201000015349;0;31;0;0;2;1;1;B01
201000015350;0;7;0;0;1;2;1;A01
201000015351;0;33;0;15;1;1;1;A01
201000015352;0;7;0;0;1;1;15;A01
201000015353;0;7;0;0;1;2;1;A01
201000015354;0;7;0;0;2;8;0;B01
201000015354;0;7;0;2;2;1;0;A01
201000015355;0;7;0;0;2;2;15;A01
201000015355;0;30;0;0;2;1;1;B01
201000015356;0;7;0;0;2;3;15;B01
201000015356;0;30;0;0;2;1;17;A01
201000015357;0;7;0;0;2;1;13;A01
201000015357;0;7;0;0;2;1;1;B01
201000015358;0;32;0;0;1;1;17;A01
201000015359;0;7;0;0;1;1;15;A01
201000015360;0;10;0;0;1;1;1;A01
201000015361;0;7;0;0;1;1;1;A01
201000015362;0;7;0;0;2;5;2;B01
201000015362;0;30;0;0;2;1;2;A01
201000015363;0;37;2;0;2;6;23;B01
201000015363;0;1;0;0;2;1;2;A01
201000015364;0;7;0;0;2;2;15;A01
201000015364;0;30;0;0;2;1;1;B01
201000015365;0;7;0;0;2;2;1;B01
201000015365;0;7;0;0;2;1;15;A01
201000015366;0;32;0;0;2;1;15;A01
201000015366;0;30;0;0;2;1;16;B01
201000015367;0;7;0;0;2;4;4;A01
201000015367;0;7;0;0;2;1;1;B01
201000015368;0;7;0;0;1;1;1;A01
201000015369;0;30;0;0;2;7;17;B01
201000015369;0;7;0;0;2;3;15;A01
201000015370;0;7;0;0;1;2;1;A01
201000015371;0;7;0;0;2;2;16;A01
201000015371;0;33;0;0;2;8;1;B01
201000015372;0;7;0;0;2;1;13;A01
201000015372;0;2;0;0;2;1;1;B01
201000015373;0;7;0;0;2;1;1;C01
201000015373;0;7;0;0;2;4;2;B01
201000015373;0;32;0;0;2;1;1;A01
201000015374;0;7;0;0;2;1;5;A01
201000015374;0;7;0;0;2;1;1;B01
201000015375;0;10;0;0;2;3;13;A01
201000015375;0;7;0;0;2;3;1;B01
201000015376;0;7;0;0;2;3;15;B01
201000015376;0;2;0;0;2;1;1;A01
201000015377;0;7;0;0;1;1;1;A01
201000015377;0;7;0;0;2;4;2;B01
201000015378;0;7;0;1;0;7;14;A01
201000015379;0;7;0;0;2;1;15;A01
201000015379;0;32;0;0;2;5;1;B01
201000015380;0;7;0;0;2;2;15;A01
201000015380;0;7;0;0;2;2;1;B01
201000015381;0;10;0;0;2;2;2;A01
201000015381;0;2;0;0;2;4;23;B01
201000015382;0;31;0;0;1;1;1;A01
201000015383;0;7;0;0;2;3;15;A01
201000015383;0;1;0;0;2;1;15;B01
201000015384;0;1;0;0;2;1;1;B01
201000015384;0;7;0;0;2;2;16;A01
201000015385;0;7;0;0;2;6;23;B01
201000015385;0;7;0;14;2;2;17;A01
201000015386;0;7;0;0;2;5;23;B01
201000015386;0;33;0;0;2;1;2;A01
201000015387;0;32;0;0;2;1;1;B01
201000015387;0;7;0;0;2;5;15;A01
201000015388;0;7;0;15;2;6;2;B01
201000015388;2;10;0;0;2;1;2;A01
201000015389;0;7;0;0;2;3;23;B01
201000015389;0;30;0;0;2;3;2;A01
201000015390;0;31;0;7;0;1;1;A01
201000015391;0;33;0;0;2;1;1;B01
201000015391;0;7;0;0;2;3;15;A01
201000015392;0;7;0;0;2;1;2;A01
201000015392;0;32;0;0;0;4;2;B01
201000015393;0;7;0;0;1;5;2;A01
201000015394;0;30;0;0;2;1;1;B01
201000015394;0;7;0;0;2;2;15;A01
201000015395;0;7;0;0;2;3;1;A01
201000015395;0;33;0;0;2;1;1;B01
201000015396;0;7;0;0;2;2;1;B01
201000015396;0;7;0;15;2;3;9;A01
201000015397;0;7;0;0;2;3;1;B01
201000015397;0;7;0;0;2;5;12;A01
201000015398;0;30;0;0;2;4;2;B01
201000015398;0;7;0;0;2;1;2;A01
201000015399;0;7;0;0;2;1;19;A01
201000015399;0;31;0;0;2;0;1;B01
201000015400;0;30;0;0;1;1;1;A01
201000015401;0;31;0;0;2;1;15;A01
201000015401;0;7;0;0;2;2;16;B01
201000015402;0;7;0;0;1;2;1;A01
201000015403;0;30;0;0;2;1;3;A01
201000015403;0;7;0;0;2;4;15;B01
201000015404;0;30;0;0;2;1;2;A01
201000015405;0;33;0;0;2;1;1;B01
201000015405;0;7;0;0;2;6;19;A01
201000015406;0;7;0;0;2;1;2;A01
201000015406;0;7;0;0;2;4;2;B01
201000015407;0;7;0;0;2;3;1;B01
201000015407;0;7;0;0;2;3;13;A01
201000015408;0;10;0;0;2;2;1;A01
201000015408;0;7;0;0;2;6;1;B01
201000015409;1;7;0;0;1;0;1;Z01
201000015410;0;33;0;0;2;1;16;A01
201000015410;0;7;0;0;2;3;15;B01
201000015411;0;7;0;0;0;0;15;A01
201000015411;0;33;0;0;0;0;1;B01
201000015412;0;7;0;0;2;7;5;A01
201000015412;0;7;0;0;2;1;1;B01
201000015413;0;32;0;0;2;1;1;B01
201000015413;0;7;0;0;2;3;15;A01
201000015414;0;32;0;0;2;1;13;A01
201000015414;0;7;0;0;2;1;15;B01
201000015415;0;14;0;0;2;3;1;A01
201000015415;0;7;0;0;2;3;1;B01
201000015416;0;33;0;0;2;7;1;B01
201000015416;0;7;0;0;2;8;11;A01
201000015417;0;7;0;0;2;3;15;A01
201000015417;0;30;0;0;2;1;1;B01
201000015418;0;33;0;1;2;1;1;B01
201000015418;0;7;0;0;2;1;15;A01
201000015419;0;7;0;0;2;2;15;A01
201000015419;0;30;0;0;2;1;1;B01
201000015420;0;31;0;1;2;1;1;B01
201000015420;0;7;0;0;2;3;11;A01
201000015421;0;7;0;0;1;2;16;A01
201000015422;0;7;0;0;2;3;16;B01
201000015422;0;32;0;0;2;1;1;A01
201000015423;0;7;0;0;2;2;15;A01
201000015423;0;32;0;0;2;8;1;B01
201000015424;0;7;0;0;2;1;2;A01
201000015424;0;7;0;0;2;4;2;B01
201000015425;0;7;0;0;2;1;2;A01
201000015425;0;15;0;0;2;4;2;B01
201000015426;0;30;0;0;2;3;1;B01
201000015426;0;10;0;0;2;0;15;A01
201000015427;0;33;0;0;2;1;1;B01
201000015427;0;7;0;0;2;3;15;A01
201000015428;0;7;0;0;2;1;2;A01
201000015428;0;32;0;0;2;4;2;B01
201000015429;0;7;0;0;1;2;1;A01
201000015430;0;33;0;0;1;1;1;A01
201000015431;0;7;0;0;2;1;15;A01
201000015431;0;32;0;0;2;1;17;B01
201000015432;0;7;0;0;2;2;1;B01
201000015432;0;7;0;0;2;4;4;A01
201000015433;0;32;0;0;2;8;13;B01
201000015433;0;7;0;0;2;8;15;A01
201000015434;0;7;0;0;2;2;19;A01
201000015434;0;30;0;0;2;1;1;B01
201000015435;0;7;0;0;2;1;2;A01
201000015435;0;7;0;1;2;4;23;B01
201000015436;0;32;0;0;2;3;13;A01
201000015436;0;7;0;0;2;3;1;B01
201000015437;0;1;0;0;1;1;1;A01
201000015438;0;30;0;0;1;1;1;A01
201000015439;0;7;0;0;2;3;15;A01
201000015439;0;30;0;0;2;1;17;B01
201000015440;0;7;0;0;2;3;9;A01
201000015440;0;38;3;0;2;2;1;B01
201000015441;0;7;0;0;2;3;1;B01
201000015441;0;7;0;0;2;3;13;A01
201000015442;0;33;0;0;2;1;2;A01
201000015442;0;7;0;0;2;4;23;B01
201000015443;0;30;0;0;2;1;1;B01
201000015443;0;7;0;0;2;2;15;A01
201000015444;0;10;0;0;2;3;15;B01
201000015444;0;32;0;0;2;2;17;A01
201000015445;0;7;0;0;2;4;23;C01
201000015445;0;7;0;0;2;4;23;B01
201000015445;0;7;0;0;2;1;2;A01
201000015446;0;10;0;0;2;3;23;B01
201000015446;0;32;0;0;2;1;13;A01
201000015447;0;33;0;0;1;2;1;A01
201000015448;0;7;0;0;2;1;15;A01
201000015448;0;7;0;0;2;3;1;B01
201000015449;0;32;0;12;0;1;0;A01
201000015450;0;7;0;1;2;8;2;A01
201000015450;0;7;0;0;2;7;2;B01
201000015451;0;30;0;0;2;1;2;A01
201000015451;0;7;0;0;2;6;2;B01
201000015452;0;33;0;0;2;8;15;B01
201000015452;0;7;0;0;2;1;15;A01
201000015453;0;7;0;0;1;3;0;A01
201000015454;0;7;0;0;1;6;4;A01
201000015455;0;7;0;0;2;4;2;A01
201000015455;1;7;0;0;2;1;2;Z01
201000015456;0;7;0;0;2;2;14;B01
201000015456;0;1;0;0;2;8;13;A01
201000015457;0;37;1;0;2;0;1;A01
201000015458;0;10;0;0;2;7;12;A01
201000015458;0;30;0;0;2;8;1;B01
201000015459;0;7;0;0;2;8;1;B01
201000015459;0;33;0;0;2;3;17;A01
201000015460;0;7;0;0;2;3;15;A01
201000015460;0;7;0;0;2;2;1;B01
201000015461;0;7;0;0;1;1;1;A01
201000015462;0;7;0;0;2;3;15;A01
201000015462;0;33;0;0;2;1;13;B01
201000015463;0;7;0;1;0;4;4;A01
201000015464;0;1;0;0;2;1;1;B01
201000015464;0;10;0;0;2;3;9;A01
201000015465;0;7;0;0;2;4;23;B01
201000015465;0;7;0;0;2;1;2;A01
201000015466;0;7;0;0;1;3;15;A01
201000015466;0;32;0;0;2;7;13;B01
201000015467;0;7;0;0;2;8;15;A01
201000015467;0;33;0;0;2;8;1;B01
201000015468;0;1;0;0;2;1;5;A01
201000015468;0;7;0;0;2;3;1;B01
201000015469;0;30;0;0;2;1;2;A01
201000015469;0;7;0;0;2;4;2;B01
201000015470;0;7;0;0;2;1;13;A01
201000015470;0;37;1;0;2;1;1;B01
201000015471;0;7;0;3;2;3;1;B01
201000015471;0;10;0;0;2;3;13;A01
201000015472;0;32;0;0;2;8;1;B01
201000015472;0;7;0;0;2;2;15;A01
201000015473;0;38;1;0;2;3;23;C01
201000015473;0;7;0;0;2;4;13;A01
201000015473;0;99;0;0;2;2;1;B01
201000015474;0;2;0;0;2;1;13;B01
201000015474;0;7;0;0;2;3;15;A01
201000015475;0;7;0;0;1;1;1;A01
201000015476;0;7;0;0;2;4;2;B01
201000015476;0;7;0;0;2;1;2;A01
201000015477;0;2;0;0;1;1;1;A01
201000015478;0;33;0;0;2;0;1;B01
201000015478;0;14;0;0;2;3;15;A01
201000015479;0;30;0;0;2;7;11;A01
201000015479;0;7;0;0;2;3;11;B01
201000015480;0;7;0;0;2;3;1;B01
201000015480;0;30;0;0;2;3;5;A01
201000015481;0;7;0;0;2;2;1;B01
201000015481;0;1;0;0;2;1;1;A01
201000015482;0;7;0;2;2;3;1;B01
201000015482;0;7;0;0;2;3;1;A01
201000015483;0;32;0;1;2;1;2;A01
201000015483;0;7;0;0;2;6;2;B01
201000015484;0;30;0;8;0;1;1;A01
201000015485;0;14;0;0;1;7;1;A01
201000015486;0;7;0;0;2;2;15;A01
201000015486;0;30;0;0;2;7;1;B01
201000015487;0;1;0;0;2;1;1;A01
201000015487;0;7;0;0;2;2;1;B01
201000015488;0;10;0;0;1;1;1;A01
201000015489;0;7;0;0;2;4;2;B01
201000015489;0;7;0;0;2;1;2;A01
201000015490;0;7;0;8;2;1;1;A01
201000015490;0;7;0;0;2;4;23;B01
201000015491;0;7;0;0;2;1;15;A01
201000015491;0;31;0;0;2;8;1;B01
201000015492;0;30;0;0;2;1;2;A01
201000015492;0;7;0;0;2;4;2;B01
201000015493;0;7;0;0;2;8;11;A01
201000015493;0;33;0;0;2;7;1;B01
201000015494;0;7;0;0;2;4;2;B01
201000015494;0;7;0;0;2;1;2;A01
201000015495;0;32;0;0;2;1;1;B01
201000015495;0;10;0;0;2;5;4;A01
201000015496;0;30;0;0;2;5;15;A01
201000015496;0;7;0;0;2;0;1;B01
201000015497;0;7;0;0;2;3;1;B01
201000015497;0;33;0;0;2;1;17;A01
201000015498;0;7;0;0;2;3;10;A01
201000015498;0;33;0;0;2;2;1;B01
201000015499;0;7;0;0;2;5;15;A01
201000015499;0;33;0;0;2;1;1;B01
201000015500;0;31;0;0;1;0;1;A01
201000015501;0;7;0;0;2;2;15;A01
201000015501;0;32;0;0;2;8;1;B01
201000015502;1;7;0;0;2;3;15;A01
201000015502;0;32;0;0;2;1;1;B01
201000015503;0;7;0;15;2;1;1;B01
201000015503;0;7;0;0;2;3;15;A01
201000015504;0;7;0;0;2;3;15;B01
201000015504;0;2;0;0;2;1;1;A01
201000015505;0;30;0;0;2;3;1;B01
201000015505;0;7;0;0;2;2;16;A01
201000015506;0;7;0;0;2;6;15;A01
201000015506;0;32;0;0;2;1;13;B01
201000015507;0;2;0;0;1;1;1;A01
201000015508;0;7;0;0;2;3;15;B01
201000015508;0;30;0;0;2;1;13;A01
201000015509;0;7;0;0;1;3;1;A01
201000015510;0;30;0;0;2;1;2;A01
201000015510;0;7;0;0;2;4;2;B01
201000015511;0;7;0;0;1;4;4;A01
201000015512;0;31;0;2;0;1;1;A01
201000015513;0;30;0;0;2;4;2;B01
201000015513;0;7;0;0;2;1;2;A01
201000015514;0;33;0;0;2;8;1;B01
201000015514;0;7;0;0;2;5;4;A01
201000015515;0;7;0;0;2;1;1;B01
201000015515;0;7;0;0;2;2;15;A01
201000015516;0;31;0;12;2;2;2;A01
201000015516;1;7;0;0;2;0;11;Z01
201000015517;0;7;0;0;2;4;9;A01
201000015517;0;33;0;0;2;1;1;B01
201000015518;0;7;0;0;2;3;13;A01
201000015518;0;2;0;0;2;1;1;B01
201000015519;0;7;0;0;2;3;1;B01
201000015519;0;30;0;0;2;1;13;A01
201000015520;0;7;0;0;2;5;15;A01
201000015520;0;7;0;0;2;1;1;B01
201000015521;0;7;0;0;2;5;15;B01
201000015521;0;30;0;1;2;1;2;A01
201000015522;0;7;0;0;2;3;1;A01
201000015522;0;7;0;0;2;7;1;B01
201000015523;0;7;0;0;1;0;1;A01
201000015524;0;7;0;0;2;1;13;A01
201000015524;0;10;0;0;2;3;1;B01
201000015525;0;14;0;0;2;1;1;B01
201000015525;0;7;0;0;2;1;15;A01
201000015526;0;2;0;0;1;1;13;A01
201000015527;0;7;0;0;2;1;2;A01
201000015527;0;7;0;0;2;4;2;B01
201000015528;0;33;0;0;2;1;1;B01
201000015528;0;7;0;0;2;3;15;A01
201000015529;0;30;0;0;2;1;1;B01
201000015529;0;7;0;0;2;7;14;A01
201000015530;0;7;0;0;2;4;2;B01
201000015530;0;7;0;0;2;1;2;A01
201000015531;0;14;0;0;2;1;1;B01
201000015531;0;33;0;0;2;1;1;A01
201000015532;0;7;0;0;1;1;16;A01
201000015533;0;7;0;0;2;5;15;B01
201000015533;0;2;0;0;2;7;1;A01
201000015534;0;7;0;0;2;1;10;A01
201000015534;0;33;0;0;2;1;13;B01
201000015535;0;7;0;0;2;3;1;C01
201000015535;0;7;0;0;2;3;11;A01
201000015535;0;30;0;0;2;7;1;B01
201000015536;0;7;0;0;2;1;15;A01
201000015536;0;33;0;0;2;8;1;B01
201000015537;0;7;0;0;1;4;4;A01
201000015538;0;31;0;0;2;7;0;B01
201000015538;0;7;0;0;2;3;0;A01
201000015539;0;33;0;0;2;1;1;B01
201000015539;0;7;0;0;2;3;19;A01
201000015540;0;7;0;0;2;1;2;A01
201000015540;0;7;0;0;2;4;2;B01
201000015541;0;30;0;0;2;1;1;A01
201000015541;0;99;0;0;2;3;1;B01
201000015542;0;31;0;0;2;1;13;B01
201000015542;0;7;0;0;2;3;15;A01
201000015543;0;7;0;0;2;1;15;A01
201000015543;0;10;0;0;2;3;1;B01
201000015544;0;30;0;0;2;1;13;B01
201000015544;0;7;0;0;2;8;15;A01
201000015545;0;7;0;0;2;1;15;A01
201000015546;0;31;0;0;2;8;1;B01
201000015546;0;7;0;0;2;5;1;A01
201000015547;0;7;0;0;2;5;24;B01
201000015547;0;7;0;1;0;1;19;A01
201000015548;0;7;0;0;1;3;15;A01
201000015549;0;7;0;0;2;2;15;A01
201000015549;0;3;0;0;2;1;1;B01
201000015550;0;32;0;0;0;8;1;A01
201000015550;1;7;0;0;2;0;16;Z01
201000015551;0;7;0;0;2;4;2;B01
201000015551;0;7;0;0;2;1;2;A01
201000015552;0;7;0;1;0;7;16;A01
201000015552;0;7;0;1;2;8;24;B01
201000015553;0;7;0;0;1;1;1;A01
201000015554;0;33;0;0;2;7;3;A01
201000015554;0;7;0;0;2;3;1;B01
201000015555;0;7;0;0;0;4;1;B01
201000015555;0;30;0;0;0;1;2;A01
201000015556;1;7;0;0;2;1;2;A01
201000015556;0;30;0;0;0;4;2;B01
201000015557;0;7;0;0;2;3;15;B01
201000015557;0;1;0;0;2;1;5;A01
201000015558;0;33;0;0;2;1;1;B01
201000015558;0;10;0;0;2;3;15;A01
201000015559;0;7;0;0;2;2;1;B01
201000015559;0;1;0;0;2;1;19;A01
201000015560;0;2;0;0;2;1;2;A01
201000015560;0;7;0;0;2;5;2;B01
201000015561;0;7;0;0;2;8;22;A01
201000015561;0;2;0;1;0;1;1;B01
201000015562;0;7;0;0;2;7;16;A01
201000015562;0;7;0;0;2;3;1;B01
201000015563;0;7;0;0;2;3;15;A01
201000015563;0;2;0;0;2;1;1;B01
201000015564;0;7;0;0;2;1;16;B01
201000015564;0;1;0;0;2;1;1;A01
201000015565;0;7;0;0;2;1;15;A01
201000015565;0;33;0;0;2;3;1;B01
201000015566;0;7;0;0;1;1;15;A01
201000015567;0;7;0;0;2;8;0;B01
201000015567;0;33;0;0;2;5;3;A01
201000015568;0;32;0;0;2;5;1;B01
201000015568;0;7;0;0;2;3;1;C01
201000015568;0;7;0;0;2;2;15;A01
201000015569;0;32;0;16;1;1;1;A01
201000015570;0;7;0;0;2;3;15;A01
201000015570;0;7;0;0;2;1;1;B01
201000015571;0;7;0;0;0;6;2;B01
201000015571;0;33;0;0;2;1;2;A01
201000015572;0;7;0;0;1;1;1;A01
201000015573;0;7;0;0;2;4;2;B01
201000015573;0;32;0;0;2;1;2;A01
201000015574;0;32;0;0;2;1;1;B01
201000015574;0;7;0;0;2;2;15;A01
201000015575;0;7;0;0;1;1;1;A01
201000015576;0;2;0;0;1;1;1;A01
201000015577;0;34;0;0;2;2;16;A01
201000015577;0;7;0;0;2;6;1;B01
201000015578;0;31;0;0;2;1;1;B01
201000015578;0;7;0;0;2;3;5;A01
201000015579;0;33;0;0;2;1;1;B01
201000015579;0;7;0;0;2;5;15;A01
201000015580;0;7;0;0;2;3;9;A01
201000015580;0;33;0;0;2;1;1;B01
201000015581;0;33;0;0;2;1;1;B01
201000015581;0;7;0;0;2;0;15;A01
201000015582;0;32;0;0;2;1;9;A01
201000015582;0;7;0;0;2;2;1;B01
201000015583;0;7;0;0;1;2;1;A01
201000015584;0;7;0;0;2;3;16;B01
201000015584;0;32;0;0;2;1;1;A01
201000015585;0;7;0;0;2;1;2;A01
201000015585;0;2;0;0;2;4;2;B01
201000015586;0;7;0;0;2;6;1;B01
201000015586;0;7;0;0;2;1;1;C01
201000015586;0;7;0;0;2;1;5;A01
201000015587;0;7;0;0;2;2;1;C01
201000015587;0;7;0;0;2;1;17;A01
201000015587;0;7;0;0;2;1;1;B01
201000015588;0;7;0;0;1;1;1;A01
201000015589;0;30;0;0;2;1;8;B01
201000015589;0;7;0;0;2;1;15;A01
201000015590;0;7;0;0;2;1;4;A01
201000015591;0;7;0;0;2;1;0;A01
201000015592;0;7;0;0;1;1;1;A01
201000015593;0;7;0;0;2;1;1;A01
201000015594;0;30;0;0;1;1;1;A01
201000015595;0;7;0;0;2;1;9;A01
201000015595;0;30;0;0;2;1;17;B01
201000015596;0;30;0;0;2;1;1;B01
201000015596;0;7;0;0;2;3;15;A01
201000015597;0;7;0;0;1;1;1;A01
201000015598;0;7;0;0;2;3;0;A01
201000015598;0;30;0;0;2;1;1;B01
201000015599;0;7;0;0;1;1;1;A01
201000015600;0;7;0;0;1;1;15;A01
201000015601;0;7;0;0;2;3;11;A01
201000015601;0;32;0;0;2;1;1;B01
201000015602;0;32;0;0;1;3;1;A01
201000015603;0;7;0;0;2;1;1;A01
201000015604;0;10;0;0;2;1;0;A01
201000015604;0;32;0;0;2;1;1;B01
201000015605;0;10;0;0;2;1;0;A01
201000015605;0;1;0;0;2;1;1;B01
201000015606;0;33;0;13;0;1;1;A01
201000015607;0;2;0;0;2;1;1;A01
201000015607;0;14;0;0;2;6;23;B01
201000015608;0;7;0;0;2;1;1;A01
201000015609;0;7;0;0;2;1;0;A01
201000015610;0;7;0;0;2;7;15;A01
201000015610;0;2;0;0;2;1;8;B01
201000015611;0;2;0;0;2;1;1;A01
201000015611;0;7;0;0;2;3;1;B01
201000015612;0;32;0;0;2;1;1;A01
201000015612;0;7;0;0;2;5;1;B01
201000015613;0;1;0;0;2;8;1;B01
201000015613;0;37;1;0;2;5;1;A01
201000015614;0;7;0;1;1;1;1;A01
201000015615;0;7;0;0;1;1;1;A01
201000015616;0;2;0;0;1;1;1;A01
201000015617;0;7;0;1;0;1;1;A01
201000015618;0;7;0;0;2;1;2;A01
201000015618;0;7;0;0;2;4;1;B01
201000015619;0;7;0;0;2;1;1;A01
201000015619;0;30;0;0;2;1;1;B01
201000015620;0;34;0;0;2;7;17;A01
201000015620;0;7;0;0;2;8;13;B01
201000015621;0;7;0;0;2;4;0;B01
201000015621;0;2;0;0;2;1;0;A01
201000015622;0;7;0;0;2;7;16;B01
201000015622;0;32;0;0;2;1;18;A01
201000015623;0;30;0;0;2;1;1;B01
201000015623;0;7;0;0;2;2;15;A01
201000015624;0;33;0;0;2;8;1;B01
201000015624;0;7;0;0;2;1;9;A01
201000015625;0;1;0;0;2;1;0;B01
201000015625;0;30;0;0;2;1;0;A01
201000015626;0;32;0;0;1;1;1;A01
201000015627;0;7;0;0;1;2;1;A01
201000015628;0;7;0;0;2;4;0;B01
201000015628;0;2;0;0;2;1;0;A01
201000015629;0;7;0;0;1;1;1;A01
201000015630;0;2;0;0;2;1;1;B01
201000015630;0;7;0;0;0;8;20;A01
201000015631;0;7;0;9;1;1;13;A01
201000015632;0;32;0;0;1;1;1;A01
201000015633;0;7;0;0;2;7;15;A01
201000015633;0;2;0;0;2;1;1;B01
201000015634;0;7;0;0;2;2;5;A01
201000015634;0;34;0;0;2;1;1;B01
201000015635;0;7;0;0;2;1;0;A01
201000015635;0;33;0;0;2;1;0;B01
201000015636;0;2;0;0;2;1;1;B01
201000015636;0;7;0;0;2;7;1;A01
201000015637;0;30;0;0;2;1;0;B01
201000015637;0;7;0;0;2;1;1;A01
201000015638;0;7;0;0;1;1;1;A01
201000015639;0;2;0;0;2;1;1;B01
201000015639;0;7;0;0;0;7;22;A01
201000015640;0;2;0;0;2;7;1;A01
201000015640;0;7;0;0;2;1;1;B01
201000015641;0;7;0;0;1;1;0;A01
201000015642;0;7;0;0;2;3;0;B01
201000015642;0;30;0;0;2;1;0;A01
201000015643;0;7;0;0;2;3;9;A01
201000015643;0;7;0;0;2;1;1;B01
201000015644;0;7;0;0;2;1;1;B01