num_acc;senc;catv;occutc;obs;obsm;choc;manv;num_veh
201000015644;0;2;0;0;2;3;9;A01
201000015645;0;33;0;0;1;0;1;A01
201000015646;0;7;0;0;2;7;1;A01
201000015646;0;32;0;0;2;6;1;B01
201000015647;0;7;0;1;2;1;0;A01
201000015647;0;7;0;0;2;7;0;B01
201000015648;0;7;0;0;2;7;16;A01
201000015648;0;33;0;0;2;1;1;B01
201000015649;0;2;0;0;2;1;9;A01
201000015649;0;7;0;0;2;2;1;B01
201000015650;0;37;0;0;2;1;0;B01
201000015650;0;7;0;0;2;1;1;C01
201000015650;0;33;0;0;2;1;1;A01
201000015651;0;7;0;0;2;1;1;C01
201000015651;0;7;0;0;2;4;23;B01
201000015651;0;7;0;0;2;1;1;A01
201000015652;0;7;0;0;2;2;5;A01
201000015652;0;1;0;0;2;1;1;B01
201000015653;0;7;0;0;1;1;0;A01
201000015654;0;1;0;0;2;1;0;B01
201000015654;0;7;0;0;2;1;1;A01
201000015655;0;7;0;0;2;1;3;A01
201000015655;0;30;0;0;2;8;1;B01
201000015656;0;2;0;0;2;1;1;A01
201000015657;0;30;0;0;0;7;0;A01
201000015658;0;7;0;0;2;3;1;A01
201000015658;0;7;0;0;0;3;1;B01
201000015659;0;32;0;0;2;4;1;A01
201000015659;0;2;0;0;2;1;1;B01
201000015660;0;2;0;0;2;1;1;A01
201000015660;0;7;0;0;2;7;1;B01
201000015661;0;30;0;0;2;1;1;A01
201000015661;0;7;0;0;0;4;0;B01
201000015662;0;7;0;0;2;1;0;B01
201000015662;0;3;0;0;2;1;0;A01
201000015663;0;2;0;0;2;8;18;A01
201000015663;0;7;0;0;2;7;1;B01
201000015664;0;2;0;0;1;0;1;A01
201000015665;0;30;0;0;2;1;1;C01
201000015665;0;7;0;0;2;1;1;A01
201000015665;0;30;0;0;2;1;0;B01
201000015666;0;7;0;0;2;1;5;A01
201000015666;0;31;0;0;2;1;1;B01
201000015667;0;7;0;6;2;3;0;A01
201000015668;0;33;0;0;2;1;1;B01
201000015668;0;7;0;0;2;1;0;A01
201000015669;0;33;0;15;0;1;1;A01
201000015670;0;2;0;0;2;1;9;B01
201000015670;0;2;0;0;2;1;9;A01
201000015671;0;33;0;0;2;1;1;B01
201000015671;0;7;0;0;2;8;15;A01
201000015672;0;2;0;0;1;1;17;A01
201000015673;0;7;0;0;2;1;1;B01
201000015673;0;7;0;0;2;4;1;C01
201000015673;0;7;0;0;2;1;1;A01
201000015674;0;7;0;1;2;0;23;C01
201000015674;0;7;0;0;2;2;17;A01
201000015674;0;7;0;0;2;4;1;B01
201000015675;0;2;0;0;2;1;1;B01
201000015675;0;7;0;0;2;7;9;A01
201000015676;0;7;0;0;2;4;23;B01
201000015676;0;10;0;0;2;1;1;A01
201000015676;0;7;0;0;2;4;23;C01
201000015677;0;7;0;0;2;1;0;A01
201000015677;0;7;0;0;2;3;1;B01
201000015678;0;33;0;0;2;1;1;A01
201000015678;0;13;0;0;2;3;1;B01
201000015679;0;31;0;0;2;1;1;A01
201000015680;0;7;0;0;2;1;0;A01
201000015680;0;32;0;0;2;1;0;B01
201000015681;0;32;0;0;0;0;0;A01
201000015682;0;7;0;0;2;3;15;A01
201000015682;0;34;0;0;2;1;1;B01
201000015683;0;7;0;0;2;3;9;A01
201000015683;0;2;0;0;2;7;1;B01
201000015684;0;2;0;0;2;1;1;A01
201000015684;0;7;0;0;2;4;23;B01
201000015685;0;32;0;0;2;1;1;B01
201000015685;1;7;0;0;2;1;9;A01
201000015686;0;7;0;0;2;3;1;A01
201000015686;0;7;0;0;2;3;1;B01
201000015687;0;31;0;0;2;1;1;B01
201000015687;0;7;0;0;2;7;9;A01
201000015688;0;7;0;0;2;8;0;A01
201000015688;0;2;0;0;2;1;0;B01
201000015689;0;30;0;0;2;4;0;A01
201000015690;0;7;0;0;2;1;0;A01
201000015690;0;30;0;0;2;1;0;B01
201000015691;0;32;0;0;2;0;0;B01
201000015691;0;7;0;0;2;1;0;A01
201000015692;0;7;0;0;2;4;23;B01
201000015692;0;10;0;0;2;1;1;A01
201000015693;0;32;0;0;1;1;1;A01
201000015694;0;37;0;0;1;5;1;A01
201000015695;0;7;0;0;2;1;15;A01
201000015695;0;7;0;0;2;1;1;B01
201000015696;0;7;0;0;2;3;9;A01
201000015696;0;2;0;0;2;1;1;B01
201000015697;0;2;0;0;2;1;2;A01
201000015697;0;7;0;0;2;6;16;B01
201000015698;0;7;0;0;2;1;1;B01
201000015698;0;7;0;0;2;1;13;A01
201000015699;0;32;0;0;2;1;17;A01
201000015699;0;7;0;0;2;3;15;B01
201000015700;0;7;0;0;1;1;1;A01
201000015701;0;7;0;0;2;4;23;A01
201000015701;2;7;0;0;2;1;2;B01
201000015702;0;7;0;0;2;1;0;A01
201000015702;0;7;0;0;2;1;1;C01
201000015703;0;33;0;0;2;8;1;A01
201000015703;1;7;0;0;2;1;12;Z01
201000015704;0;32;0;0;5;1;1;A01
201000015705;0;7;0;0;2;3;1;B01
201000015705;0;2;0;0;2;3;1;A01
201000015706;0;7;0;0;2;3;23;B01
201000015706;0;32;0;0;2;8;23;C01
201000015706;0;7;0;0;2;1;1;A01
201000015707;0;33;0;0;2;1;1;A01
201000015707;0;2;0;0;2;7;9;B01
201000015708;0;7;0;0;2;5;1;B01
201000015708;0;32;0;0;2;1;1;A01
201000015709;0;7;0;0;2;7;9;A01
201000015709;0;2;0;0;2;1;1;B01
201000015710;0;7;0;0;2;1;15;A01
201000015710;0;1;0;0;2;1;1;B01
201000015711;0;7;0;0;1;4;4;A01
201000015712;0;7;0;0;2;1;15;A01
201000015712;0;33;0;0;2;1;17;B01
201000015713;1;7;0;0;1;1;0;A01
201000015714;0;7;0;0;2;1;5;A01
201000015714;0;30;0;0;2;1;1;B01
201000015715;0;7;0;0;2;1;0;B01
201000015715;0;7;0;0;0;1;1;A01
201000015716;0;7;0;0;1;1;1;A01
201000015717;0;7;0;0;2;1;0;A01
201000015717;0;1;0;0;2;1;0;B01
201000015718;0;7;0;0;2;1;0;A01
201000015718;0;30;0;0;0;1;1;B01
201000015719;0;2;0;0;1;1;1;A01
201000015720;0;7;0;0;2;8;9;A01
201000015720;0;1;0;0;2;1;1;B01
201000015721;0;32;0;0;1;1;1;A01
201000015722;0;7;0;0;2;8;9;A01
201000015722;0;7;0;0;2;5;1;B01
201000015723;0;32;0;0;2;1;1;B01
201000015723;0;7;0;0;2;1;1;A01
201000015724;0;7;0;0;2;6;1;C01
201000015724;0;2;0;0;2;1;18;B01
201000015724;0;7;0;0;2;2;10;A01
201000015725;0;7;0;0;2;1;1;A01
201000015725;0;31;0;0;2;1;1;B01
201000015726;0;37;1;0;1;1;1;A01
201000015727;0;31;0;0;2;1;0;B01
201000015727;0;7;0;0;2;1;0;A01
201000015728;0;7;0;0;2;3;1;A01
201000015728;0;7;0;0;2;3;1;B01
201000015729;0;31;0;14;2;1;1;A01
201000015729;0;7;0;0;2;6;1;B01
201000015730;0;32;0;0;1;1;1;A01
201000015731;0;7;0;0;1;2;1;A01
201000015732;0;7;0;0;1;2;1;A01
201000015733;0;2;0;0;1;1;0;A01
201000015734;0;7;0;0;0;1;1;B01
201000015734;0;7;0;0;2;1;13;A01
201000015735;0;13;0;0;2;1;1;B01
201000015735;0;7;0;0;2;1;1;A01
201000015736;0;7;0;0;2;1;15;A01
201000015736;0;30;0;0;2;1;1;B01
201000015737;0;7;0;0;1;2;1;A01
201000015738;0;7;0;0;2;1;1;A01
201000015738;0;2;0;0;2;1;1;B01
201000015739;0;7;0;0;1;5;4;A01
201000015740;0;7;0;0;2;4;0;A01
201000015740;0;30;0;0;2;1;1;B01
201000015741;2;7;0;0;2;1;0;B01
201000015742;0;7;0;0;1;0;4;A01
201000015743;0;32;0;1;2;1;17;B01
201000015743;0;7;0;0;2;8;1;A01
201000015744;0;7;0;0;1;1;0;A01
201000015745;0;7;0;0;2;1;0;A01
201000015745;0;33;0;0;2;1;1;B01
201000015746;0;7;0;0;2;4;0;B01
201000015746;0;14;0;0;2;1;1;A01
201000015747;0;32;0;0;2;1;1;B01
201000015747;0;7;0;0;2;1;0;A01
201000015748;0;30;0;0;2;0;0;A01
201000015748;0;7;0;0;2;2;0;B01
201000015749;0;7;0;0;2;1;15;A01
201000015749;0;30;0;0;2;1;1;B01
201000015750;0;7;0;0;2;1;1;A01
201000015750;0;33;0;0;2;4;23;B01
201000015751;0;7;0;0;2;1;0;A01
201000015751;0;31;0;0;2;1;1;B01
201000015752;0;7;0;0;1;2;1;A01
201000015753;0;7;0;0;2;1;15;A01
201000015753;0;7;0;0;2;1;1;B01
201000015754;0;7;0;0;2;1;15;A01
201000015754;0;1;0;0;2;1;1;B01
201000015755;0;10;0;0;2;2;15;A01
201000015755;0;2;0;0;2;1;1;B01
201000015756;0;33;0;0;2;1;17;B01
201000015756;0;7;0;0;2;8;15;A01
201000015757;0;32;0;0;2;1;1;B01
201000015757;0;7;0;0;2;2;1;A01
201000015758;0;7;0;0;1;1;1;A01
201000015759;0;7;0;0;1;1;1;A01
201000015760;0;7;0;0;2;1;1;A01
201000015760;0;30;0;0;2;1;1;B01
201000015761;0;7;0;0;2;6;10;A01
201000015761;0;2;0;0;2;1;17;B01
201000015762;0;7;0;0;1;1;1;A01
201000015763;0;2;0;0;1;1;1;A01
201000015764;0;13;0;0;1;1;1;A01
201000015765;0;7;0;0;1;7;0;A01
201000015766;0;7;0;0;2;6;10;A01
201000015766;0;1;0;0;2;1;1;B01
201000015767;0;1;0;0;2;1;0;B01
201000015767;0;7;0;0;2;1;1;A01
201000015768;0;7;0;0;1;1;1;A01
201000015769;0;7;0;0;2;1;1;B01
201000015769;0;2;0;0;2;1;0;A01
201000015770;0;32;0;0;1;1;1;A01
201000015771;0;2;0;0;2;1;1;B01
201000015771;0;7;0;0;2;2;15;A01
201000015772;0;7;0;0;2;6;0;B01
201000015772;0;33;0;0;2;0;0;A01
201000015773;0;32;0;0;0;1;0;A01
201000015774;0;7;0;2;0;3;0;A01
201000015775;0;32;0;0;2;1;0;B01
201000015775;0;32;0;0;2;1;0;A01
201000015776;0;7;0;0;0;8;1;A01
201000015776;0;30;0;0;2;1;1;B01
201000015777;0;1;0;0;2;1;9;A01
201000015777;0;7;0;0;2;6;1;B01
201000015778;0;7;0;0;1;1;15;A01
201000015779;0;7;0;0;2;5;16;A01
201000015779;0;1;0;0;2;8;1;B01
201000015780;0;2;0;0;2;1;0;A01
201000015781;0;30;0;0;2;1;1;B01
201000015781;0;7;0;0;2;1;1;A01
201000015782;0;2;0;0;2;1;17;A01
201000015782;0;7;0;0;2;3;15;B01
201000015783;0;30;0;0;2;1;0;B01
201000015783;0;7;0;0;2;1;0;A01
201000015784;0;7;0;0;2;4;1;C01
201000015784;0;7;0;0;2;1;1;A01
201000015784;0;7;0;0;2;4;1;B01
201000015785;0;30;0;0;2;1;1;B01
201000015785;0;30;0;0;2;1;1;A01
201000015786;0;7;0;0;1;1;0;A01
201000015787;0;7;0;0;2;7;0;B01
201000015787;0;7;0;0;2;1;1;C01
201000015787;0;7;0;0;2;1;1;A01
201000015788;0;33;0;0;1;1;0;A01
201000015789;0;7;0;0;2;4;1;C01
201000015789;0;32;0;0;2;1;0;B01
201000015789;0;7;0;0;2;1;0;A01
201000015790;0;7;0;0;2;1;0;A01
201000015790;0;30;0;0;2;3;1;B01
201000015791;0;30;0;0;2;1;0;B01
201000015791;0;33;0;0;2;1;0;A01
201000015792;0;7;0;0;2;8;15;A01
201000015792;0;30;0;0;2;1;0;B01
201000015793;0;30;0;0;2;1;1;B01
201000015793;0;7;0;0;2;1;15;A01
201000015794;0;7;0;0;2;1;0;A01
201000015794;0;31;0;0;2;1;1;B01
201000015795;0;2;0;0;2;1;0;B01
201000015795;0;7;0;0;2;7;16;A01
201000015796;0;30;0;0;2;1;0;B01
201000015796;0;15;0;0;2;4;4;A01
201000015797;0;7;0;0;2;4;1;B01
201000015797;0;7;0;0;2;1;1;A01
201000015798;0;7;0;0;2;1;0;A01
201000015798;0;1;0;0;2;1;0;B01
201000015799;0;2;0;0;1;1;1;A01
201000015800;0;30;0;0;2;1;0;B01
201000015800;0;7;0;0;2;1;0;A01
201000015801;0;7;0;0;2;5;23;A01
201000015802;0;7;0;0;2;1;0;A01
201000015802;0;7;0;0;2;1;1;B01
201000015803;0;7;0;9;0;0;0;A01
201000015804;0;7;0;0;2;6;9;A01
201000015804;0;33;0;0;2;1;1;B01
201000015805;0;7;0;0;1;1;0;A01
201000015806;0;2;0;0;2;7;1;A01
201000015806;0;32;0;0;2;8;1;B01
201000015807;0;7;0;0;2;4;1;B01
201000015807;0;30;0;0;2;1;0;A01
201000015808;0;7;0;0;2;7;15;A01
201000015808;0;33;0;0;2;1;1;B01
201000015809;0;7;0;0;2;1;0;B01
201000015809;0;7;0;0;2;1;0;A01
201000015810;0;7;0;0;2;3;1;A01
201000015810;0;7;0;0;2;3;1;B01
201000015811;0;30;0;0;2;1;1;A01
201000015811;0;7;0;0;2;5;1;D01
201000015811;0;7;0;1;2;8;0;B01
201000015811;0;7;0;0;2;5;1;C01
201000015812;0;7;0;0;1;1;1;A01
201000015813;0;1;0;0;2;1;1;A01
201000015814;0;7;0;0;2;1;0;B01
201000015814;0;7;0;2;2;1;0;A01
201000015815;0;33;0;0;2;1;0;B01
201000015815;0;7;0;0;2;1;1;A01
201000015816;0;7;0;0;1;3;1;A01
201000015817;0;7;0;0;1;1;1;A01
201000015818;0;34;0;0;1;1;1;A01
201000015819;0;7;0;0;2;2;0;A01
201000015819;0;31;0;0;2;7;1;B01
201000015820;0;7;0;0;2;1;2;A01
201000015820;0;7;0;0;0;4;2;B01
201000015821;0;33;0;0;0;0;0;A01
201000015822;0;10;0;0;2;3;21;B01
201000015822;0;10;0;4;2;2;21;A01
201000015823;0;7;0;0;1;3;1;A01
201000015824;0;7;0;15;0;0;0;A01
201000015825;0;7;0;3;0;1;14;A01
201000015826;0;33;0;0;0;0;0;A01
201000015827;0;30;0;0;0;0;0;A01
201000015828;0;7;0;0;2;3;13;A01
201000015828;0;7;0;0;2;8;1;B01
201000015829;0;2;0;0;2;7;17;A01
201000015829;0;7;0;0;2;8;15;B01
201000015830;0;32;0;0;2;1;1;B01
201000015830;0;7;0;0;2;2;15;A01
201000015831;0;10;0;0;2;3;0;A01
201000015831;0;31;0;0;0;1;0;B01
201000015832;0;7;0;0;2;3;9;A01
201000015832;0;2;0;0;2;1;1;B01
201000015833;0;7;0;7;0;1;14;A01
201000015834;0;7;0;0;1;1;1;A01
201000015835;0;7;0;0;1;3;1;A01
201000015836;0;7;0;0;2;1;1;A01
201000015836;0;7;0;0;0;5;9;B01
201000015837;0;33;0;0;0;7;1;B01
201000015837;0;7;0;0;2;1;1;A01
201000015838;0;7;0;0;1;1;0;A01
201000015839;0;37;1;0;2;1;2;B01
201000015839;0;7;0;0;2;4;4;A01
201000015840;0;32;0;0;0;0;21;A01
201000015841;0;7;0;0;1;3;1;A01
201000015842;0;7;0;0;1;1;1;A01
201000015843;0;30;0;0;0;0;17;A01
201000015844;0;30;0;0;0;0;0;A01
201000015845;0;7;0;0;1;1;1;A01
201000015846;0;7;0;0;2;7;15;A01
201000015846;0;2;0;0;2;1;1;B01
201000015847;1;7;0;0;2;3;13;Z01
201000015847;0;7;0;0;0;8;1;C01
201000015847;0;7;0;0;0;8;1;B01
201000015848;0;7;0;0;0;6;2;B01
201000015848;0;7;0;0;2;2;2;A01
201000015849;0;31;0;0;0;0;0;A01
201000015850;0;7;0;6;0;0;0;A01
201000015851;0;2;0;0;2;1;1;A01
201000015851;0;7;0;0;0;4;23;B01
201000015852;0;14;0;0;2;1;1;A01
201000015852;0;3;0;0;0;4;15;B01
201000015853;0;30;0;0;2;2;17;B01
201000015853;0;7;0;0;2;8;15;A01
201000015854;0;7;0;0;2;2;1;A01
201000015854;0;7;0;0;2;1;15;B01
201000015855;0;30;0;0;0;0;0;A01
201000015856;0;10;0;0;0;4;2;A01
201000015856;0;7;0;0;2;1;2;B01
201000015857;0;33;0;0;0;0;0;A01
201000015858;0;7;0;0;0;4;2;B01
201000015858;0;7;0;0;2;1;2;A01
201000015859;0;33;0;0;2;1;1;A01
201000015859;0;7;0;0;0;3;9;B01
201000015860;0;7;0;0;2;4;2;B01
201000015860;0;7;0;0;2;1;2;A01
201000015861;0;7;0;0;2;1;1;A01
201000015861;0;7;0;0;0;4;23;B01
201000015862;0;7;0;0;2;1;2;A01
201000015862;0;7;0;0;0;4;2;B01
201000015863;0;7;0;0;2;1;2;A01
201000015863;0;7;0;0;2;4;2;B01
201000015864;0;7;0;0;1;1;1;A01
201000015865;0;10;0;0;0;4;1;B01
201000015865;0;10;0;0;2;1;1;A01
201000015866;0;2;0;0;2;1;17;B01
201000015866;0;7;0;0;2;1;1;A01
201000015867;0;30;0;0;0;0;0;A01
201000015868;0;2;0;0;2;1;1;B01
201000015868;0;7;0;0;0;5;15;A01
201000015869;0;7;0;15;0;2;21;A01
201000015870;0;7;0;8;0;2;14;A01
201000015871;0;30;0;0;0;0;0;A01
201000015872;0;7;0;0;2;1;2;A01
201000015872;0;7;0;0;2;4;2;B01
201000015873;0;7;0;0;2;1;1;A01
201000015873;0;7;0;0;0;4;23;B01
201000015874;0;32;0;0;2;1;1;B01
201000015874;0;36;0;0;2;2;13;A01
201000015875;0;7;0;2;0;1;0;A01
201000015876;0;30;0;2;0;1;13;A01
201000015877;0;7;0;0;1;1;1;A01
201000015878;0;7;0;15;0;0;0;A01
201000015879;0;30;0;0;0;0;0;A01
201000015880;0;7;0;6;0;1;14;B01
201000015880;2;7;0;0;0;0;13;A01
201000015881;0;7;0;0;2;3;1;A01
201000015881;0;7;0;0;0;8;9;B01
201000015882;0;3;0;13;0;0;14;A01
201000015883;0;7;0;6;0;0;0;A01
201000015884;0;32;0;0;0;0;1;A01
201000015885;0;7;0;1;0;0;0;A01
201000015886;0;7;0;15;2;3;0;A01
201000015886;0;7;0;0;0;2;0;B01
201000015887;0;33;0;15;0;0;0;A01
201000015888;0;33;0;0;0;0;0;A01
201000015889;0;32;0;0;0;0;0;A01
201000015890;0;7;0;0;0;4;16;B01
201000015890;0;7;0;0;2;1;1;A01
201000015891;0;2;0;0;0;0;23;A01
201000015892;0;7;0;15;0;2;0;A01
201000015893;0;7;0;0;0;4;2;B01
201000015893;0;7;0;0;2;1;2;A01
201000015894;0;7;0;0;0;4;2;C01
201000015894;0;2;0;0;2;4;2;B01
201000015894;0;7;0;0;2;1;2;A01
201000015895;0;7;0;0;1;3;1;A01
201000015896;0;7;0;0;0;4;2;B01
201000015896;0;7;0;0;2;1;2;A01
201000015897;0;7;0;0;0;8;9;A01
201000015897;0;33;0;0;2;1;1;B01
201000015898;0;31;0;0;0;0;0;A01
201000015899;0;7;0;0;2;4;2;B01
201000015899;0;7;0;0;2;4;2;C01
201000015899;0;7;0;0;2;1;2;A01
201000015899;0;7;0;0;0;4;2;D01
201000015900;0;32;0;0;2;1;2;A01
201000015900;0;14;0;0;0;4;23;B01
201000015901;0;7;0;0;0;7;1;B01
201000015901;0;2;0;0;2;1;0;A01
201000015902;0;7;0;0;0;4;23;B01
201000015902;0;7;0;0;2;1;1;A01
201000015903;0;7;0;0;2;2;1;B01
201000015903;0;30;0;0;2;1;15;A01
201000015904;0;10;0;0;2;1;2;A01
201000015904;0;7;0;0;0;4;2;B01
201000015905;0;10;0;0;0;4;23;B01
201000015905;0;10;0;0;2;1;1;A01
201000015906;0;32;0;0;2;1;17;A01
201000015906;0;7;0;0;2;8;15;B01
201000015907;0;34;0;0;2;1;13;A01
201000015907;0;37;1;0;0;3;1;B01
201000015908;0;2;0;0;2;1;1;A01
201000015908;0;7;0;0;0;4;23;B01
201000015909;0;7;0;0;2;1;1;A01
201000015909;0;7;0;15;0;7;0;B01
201000015910;0;7;0;0;2;3;16;B01
201000015910;0;10;0;0;2;3;15;A01
201000015911;0;33;0;0;2;7;1;B01
201000015911;0;7;0;0;2;3;1;A01
201000015912;1;7;0;0;1;0;1;A01
201000015913;0;7;0;0;0;1;1;B01
201000015913;0;7;0;0;2;7;15;A01
201000015914;0;7;0;0;2;1;2;A01
201000015914;0;7;0;0;0;4;2;B01
201000015915;0;31;0;0;2;8;18;B01
201000015915;0;7;0;0;2;7;14;A01
201000015916;0;33;0;0;2;1;17;A01
201000015916;0;7;0;0;0;4;9;B01
201000015917;0;1;0;0;2;0;1;B01
201000015917;1;7;0;0;2;0;9;Z01
201000015918;0;7;0;0;0;8;1;B01
201000015918;0;7;0;0;0;8;1;C01
201000015918;0;7;0;0;2;3;13;A01
201000015919;0;10;0;6;0;2;14;A01
201000015920;0;30;0;0;0;0;0;A01
201000015921;0;31;0;0;0;7;1;B01
201000015921;1;7;0;0;2;4;4;Z01
201000015922;0;33;0;0;0;0;0;A01
201000015923;0;30;0;0;2;1;1;A01
201000015923;0;7;0;0;0;4;15;B01
201000015924;0;7;0;0;2;1;1;A01
201000015924;0;7;0;0;0;4;1;B01
201000015925;0;7;0;0;0;4;23;B01
201000015925;0;2;0;0;2;1;1;A01
201000015926;0;30;0;0;2;2;17;A01
201000015926;0;10;0;0;2;8;15;B01
201000015927;0;7;0;0;2;1;9;A01
201000015927;0;33;0;0;2;1;1;B01
201000015928;0;7;0;0;0;8;1;C01
201000015928;0;33;0;0;2;0;17;A01
201000015928;0;7;0;0;0;8;15;B01
201000015929;0;2;0;0;1;1;1;A01
201000015930;0;7;0;0;0;6;23;B01
201000015930;0;33;0;0;2;2;17;A01
201000015931;0;7;0;0;0;8;10;B01
201000015931;0;33;0;0;2;1;17;A01
201000015932;0;7;0;0;2;3;15;A01
201000015932;0;7;0;0;2;8;1;B01
201000015933;0;30;0;0;0;0;0;A01
201000015934;0;7;0;0;2;8;15;A01
201000015934;0;32;0;0;2;7;17;B01
201000015935;0;7;0;0;2;3;1;A01
201000015935;0;7;0;0;2;3;1;B01
201000015936;0;33;0;0;0;0;0;A01
201000015937;0;30;0;0;2;1;1;B01
201000015937;0;30;0;0;2;1;9;A01
201000015938;0;7;0;0;2;1;2;A01
201000015938;0;32;0;0;0;4;2;B01
201000015939;0;7;0;0;2;3;9;A01
201000015939;0;31;0;0;2;1;1;B01
201000015940;0;7;0;15;0;1;0;A01
201000015941;0;7;0;0;1;1;9;A01
201000015942;0;31;0;0;0;0;0;A01
201000015943;0;2;0;0;2;7;17;A01
201000015943;0;7;0;0;2;8;15;B01
201000015944;0;2;0;0;2;1;17;A01
201000015944;0;7;0;0;0;8;15;B01
201000015945;0;33;0;0;0;0;0;A01
201000015946;0;2;0;0;2;1;2;A01
201000015946;0;10;0;0;0;4;2;B01
201000015947;0;7;0;0;2;1;6;A01
201000015947;0;30;0;0;0;1;1;B01
201000015948;0;7;0;0;0;4;2;C01
201000015948;0;7;0;0;2;1;2;A01
201000015948;0;7;0;0;2;4;2;B01
201000015949;0;1;0;0;0;0;0;A01
201000015950;0;7;0;13;0;0;0;A01
201000015951;0;2;0;0;0;0;0;A01
201000015952;0;10;0;15;0;5;0;A01
201000015953;0;37;1;0;2;3;1;B01
201000015953;0;7;0;0;2;7;16;A01
201000015954;0;7;0;0;2;2;15;A01
201000015954;0;33;0;0;2;1;1;B01
201000015955;0;7;0;0;2;1;1;B01
201000015955;0;7;0;0;0;3;0;A01
201000015956;0;7;0;0;2;1;9;A01
201000015956;0;33;0;0;2;1;17;B01
201000015957;0;1;0;0;1;0;1;A01
201000015958;0;2;0;0;0;0;0;A01
201000015959;0;7;0;0;2;1;0;B01
201000015959;0;7;0;0;2;1;0;A01
201000015960;0;10;0;0;0;4;23;B01
201000015960;0;31;0;0;2;1;0;A01
201000015961;0;7;0;0;1;5;1;A01
201000015962;0;31;0;0;2;1;0;A01
201000015962;0;7;0;0;0;1;1;B01
201000015963;0;7;0;0;1;4;4;A01
201000015964;0;33;0;0;2;1;17;A01
201000015964;0;7;0;0;0;8;15;B01
201000015965;0;7;0;0;2;1;0;A01
201000015965;0;1;0;0;0;7;1;B01
201000015966;1;7;0;0;1;2;1;Z01
201000015967;0;31;0;0;0;5;16;A01
201000015967;0;30;0;0;2;1;1;B01
201000015968;0;30;0;0;2;7;21;B01
201000015968;0;7;0;0;2;1;15;A01
201000015969;0;7;0;1;0;3;13;A01
201000015970;0;7;0;0;2;2;1;A01
201000015970;0;7;0;0;2;3;15;B01
201000015971;0;7;0;0;0;8;15;B01
201000015971;0;7;0;0;2;1;1;A01
201000015972;0;30;0;0;1;1;0;A01
201000015973;0;7;0;0;2;7;11;A01
201000015973;0;33;0;0;2;1;1;B01
201000015974;0;10;0;13;0;0;1;A01
201000015975;0;7;0;0;2;1;1;B01
201000015975;0;7;0;0;2;1;1;C01
201000015975;0;7;0;0;2;1;11;A01
201000015976;0;7;0;0;1;0;1;A01
201000015977;0;10;0;0;2;1;2;A01
201000015977;0;7;0;0;0;4;2;C01
201000015977;0;7;0;0;2;4;2;B01
201000015978;1;7;0;0;2;0;17;Z01
201000015978;0;30;0;0;0;8;2;B01
201000015979;0;7;0;0;0;0;0;A01
201000015980;0;7;0;0;0;4;2;B01
201000015980;0;7;0;0;2;1;2;A01
201000015981;0;33;0;0;2;1;1;B01
201000015981;0;7;0;0;2;2;15;A01
201000015982;0;7;0;0;2;7;1;B01
201000015982;1;7;0;0;2;3;9;A01
201000015983;1;7;0;0;1;1;1;Z01
201000015984;0;7;0;0;2;3;1;A01
201000015984;0;30;0;0;2;7;1;B01
201000015985;0;30;0;0;2;7;0;B01
201000015985;0;37;9;0;2;3;1;A01
201000015986;0;30;0;0;0;0;0;A01
201000015987;0;7;0;0;2;1;1;A01
201000015987;0;7;0;0;1;4;23;B01
201000015988;0;30;0;0;2;1;1;A01
201000015988;0;30;0;0;0;4;0;B01
201000015989;0;32;0;0;0;0;0;A01
201000015990;0;31;0;0;0;4;2;B01
201000015990;0;7;0;0;2;1;2;A01
201000015991;0;7;0;0;0;4;23;B01
201000015991;0;7;0;0;2;1;1;A01
201000015992;0;7;0;0;2;3;1;B01
201000015992;0;30;0;0;2;3;13;A01
201000015993;0;30;0;0;2;1;18;A01
201000015993;0;7;0;0;2;7;15;B01
201000015994;0;34;0;0;1;1;1;A01
201000015995;0;7;0;0;2;8;9;A01
201000015995;0;32;0;0;2;1;1;B01
201000015996;1;7;0;0;2;1;0;Z01
201000015996;0;3;0;0;0;4;0;A01
201000015997;0;7;0;0;2;3;13;A01
201000015997;0;38;7;0;2;3;1;B01
201000015998;0;2;0;0;2;1;1;B01
201000015998;0;7;0;0;2;2;9;A01
201000015999;0;32;0;0;0;0;0;A01
201000016000;0;30;0;0;2;1;2;A01
201000016000;0;7;0;0;0;4;2;B01
201000016001;0;7;0;0;0;7;23;B01
201000016001;0;7;0;0;0;5;23;C01
201000016001;0;2;0;15;2;2;21;A01
201000016002;0;2;0;0;0;0;0;A01
201000016003;0;30;0;0;0;0;0;A01
201000016004;0;2;0;0;0;0;0;A01
201000016005;1;7;0;0;2;3;0;B01
201000016005;0;7;0;0;2;3;0;A01
201000016006;0;36;0;3;0;0;14;A01
201000016007;0;33;0;0;2;1;15;A01
201000016007;0;7;0;0;2;8;1;B01
201000016008;0;30;0;0;0;0;1;A01
201000016009;0;7;0;0;2;8;15;B01
201000016009;0;1;0;0;2;1;21;A01
201000016010;0;30;0;0;0;4;13;B01
201000016010;0;33;0;0;2;1;2;A01
201000016011;0;7;0;0;0;4;23;B01
201000016011;0;7;0;0;2;1;1;A01
201000016012;0;31;0;0;2;1;17;A01
201000016012;0;7;0;0;0;8;15;B01
201000016013;0;33;0;0;2;1;1;B01
201000016013;0;7;0;0;2;2;15;A01
201000016014;0;1;0;0;2;1;1;A01
201000016014;0;7;0;0;0;8;15;B01
201000016015;0;31;0;6;0;0;0;A01