num_acc;senc;catv;occutc;obs;obsm;choc;manv;num_veh
201000016016;0;10;0;8;0;1;0;A01
201000016017;0;7;0;0;2;3;20;A01
201000016017;0;2;0;0;2;1;1;B01
201000016018;0;30;0;0;0;0;21;A01
201000016019;0;2;0;0;0;0;1;A01
201000016020;0;30;0;12;0;0;14;A01
201000016021;0;30;0;0;2;2;1;A01
201000016021;0;7;0;0;2;3;15;B01
201000016022;0;7;0;0;6;0;21;A01
201000016023;0;7;0;0;2;1;1;C01
201000016023;0;7;0;0;2;1;1;D01
201000016023;0;7;0;0;2;1;1;B01
201000016023;0;7;0;0;2;5;15;A01
201000016024;0;7;0;0;0;8;1;B01
201000016024;0;30;0;0;2;1;13;A01
201000016025;0;7;0;0;0;0;0;A01
201000016026;0;2;0;0;2;1;2;A01
201000016026;0;7;0;0;0;5;2;B01
201000016027;0;7;0;0;0;4;2;B01
201000016027;1;7;0;0;2;1;2;A01
201000016028;0;7;0;0;1;2;1;A01
201000016029;0;32;0;0;0;0;1;A01
201000016030;0;33;0;0;2;1;1;B01
201000016030;0;13;0;0;2;7;15;A01
201000016031;0;7;0;0;0;0;0;A01
201000016032;0;33;0;13;0;0;1;A01
201000016033;0;7;0;0;0;4;2;C01
201000016033;0;7;0;0;2;3;2;A01
201000016033;0;7;0;0;2;4;2;B01
201000016034;0;7;0;1;0;1;0;A01
201000016035;0;7;0;0;2;1;1;B01
201000016035;0;7;0;0;0;8;15;A01
201000016036;0;7;0;12;0;2;1;A01
201000016037;1;7;0;0;2;3;17;Z01
201000016037;0;7;0;0;2;3;1;B01
201000016038;0;7;0;0;2;1;2;A01
201000016038;0;7;0;0;2;4;2;B01
201000016038;0;7;0;0;0;4;2;C01
201000016039;0;7;0;0;2;1;1;A01
201000016039;0;30;0;0;0;4;23;B01
201000016040;0;2;0;0;2;2;17;A01
201000016040;0;7;0;0;2;8;15;B01
201000016041;0;7;0;0;0;8;23;B01
201000016041;0;31;0;0;2;7;17;A01
201000016042;0;2;0;0;0;0;0;A01
201000016043;0;7;0;0;1;8;1;A01
201000016044;0;7;0;0;1;1;1;A01
201000016045;0;7;0;0;2;1;1;A01
201000016045;0;30;0;0;0;4;23;B01
201000016046;0;7;0;0;2;8;15;B01
201000016046;0;2;0;0;2;7;17;A01
201000016047;0;7;0;8;0;0;0;A01
201000016048;0;7;0;15;2;2;13;A01
201000016048;0;7;0;0;2;2;21;B01
201000016049;0;2;0;0;2;0;13;A01
201000016049;0;7;0;0;2;8;1;B01
201000016050;0;10;0;0;0;4;23;C01
201000016050;0;10;0;0;2;1;1;A01
201000016050;0;7;0;0;2;4;23;B01
201000016051;0;7;0;0;2;3;13;A01
201000016051;0;7;0;0;2;3;1;B01
201000016052;0;30;0;0;0;0;0;A01
201000016053;0;7;0;0;2;1;13;A01
201000016053;0;7;0;0;2;3;1;B01
201000016054;0;7;0;0;2;2;9;A01
201000016054;0;30;0;0;2;1;1;B01
201000016055;0;2;0;0;0;0;0;A01
201000016056;0;7;0;6;0;1;0;A01
201000016057;0;7;0;6;2;2;21;B01
201000016057;0;7;0;0;0;7;1;C01
201000016057;0;7;0;0;0;7;15;A01
201000016058;0;33;0;0;1;1;1;A01
201000016059;0;2;0;0;2;1;1;A01
201000016059;1;36;0;0;2;7;16;Z01
201000016060;0;30;0;0;2;7;1;B01
201000016060;0;7;0;0;2;3;9;A01
201000016061;0;30;0;0;2;0;17;A01
201000016061;0;7;0;0;2;8;15;B01
201000016062;0;32;0;15;0;1;14;A01
201000016063;0;30;0;0;1;1;1;A01
201000016064;0;7;0;0;0;1;1;B01
201000016064;0;7;0;0;2;2;9;A01
201000016065;0;7;0;0;1;4;4;A01
201000016066;0;7;0;0;2;8;15;A01
201000016066;0;30;0;0;2;1;17;B01
201000016067;0;7;0;0;2;1;1;B01
201000016067;0;7;0;0;2;2;15;A01
201000016068;0;7;0;0;1;4;4;A01
201000016069;0;7;0;0;1;3;1;A01
201000016070;0;7;0;0;2;1;1;A01
201000016070;0;31;0;0;2;7;1;B01
201000016071;0;7;0;6;0;1;14;A01
201000016072;0;7;0;0;2;8;0;A01
201000016072;0;10;0;0;0;0;0;B01
201000016073;0;30;0;0;0;7;1;B01
201000016073;0;7;0;0;2;1;0;A01
201000016074;0;7;0;0;1;4;23;B01
201000016074;0;7;0;0;2;1;1;A01
201000016075;0;7;0;0;1;1;1;A01
201000016076;0;30;0;0;2;1;17;A01
201000016076;0;7;0;0;2;1;15;B01
201000016077;0;7;0;0;1;1;1;A01
201000016078;0;33;0;2;0;1;0;A01
201000016079;0;33;0;0;0;0;0;A01
201000016080;0;30;0;0;0;0;21;A01
201000016081;0;2;0;0;0;0;0;A01
201000016082;1;7;0;0;2;0;0;Z01
201000016082;0;30;0;0;2;0;0;A01
201000016083;0;7;0;0;0;8;23;B01
201000016083;0;2;0;0;2;0;14;A01
201000016084;0;7;0;0;2;3;9;A01
201000016084;0;31;0;0;2;1;1;B01
201000016085;0;2;0;0;2;1;17;A01
201000016085;0;10;0;0;2;8;15;B01
201000016086;0;3;0;8;0;1;14;A01
201000016087;0;7;0;0;1;1;1;A01
201000016088;1;7;0;0;2;0;0;Z01
201000016088;0;33;0;0;2;1;0;A01
201000016089;0;7;0;0;1;1;1;A01
201000016090;0;7;0;0;2;1;15;A01
201000016090;0;30;0;0;2;8;1;B01
201000016091;0;7;0;0;2;3;1;B01
201000016091;0;2;0;0;2;1;13;A01
201000016092;0;7;0;10;0;2;14;A01
201000016093;0;7;0;6;0;1;0;A01
201000016094;0;7;0;0;2;1;1;A01
201000016094;0;10;0;0;2;1;1;B01
201000016095;0;32;0;0;2;1;1;B01
201000016095;0;7;0;0;0;2;15;A01
201000016096;0;32;0;0;2;1;1;B01
201000016096;0;7;0;0;0;1;15;A01
201000016097;0;33;0;0;2;1;1;B01
201000016097;0;7;0;0;0;2;15;A01
201000016098;0;30;0;0;0;0;1;B01
201000016098;0;7;0;0;0;0;15;A01
201000016099;0;7;0;0;1;7;1;A01
201000016100;0;30;0;12;0;0;13;A01
201000016101;0;30;0;0;1;1;1;A01
201000016102;0;7;0;0;1;1;1;A01
201000016103;0;7;0;0;1;2;1;A01
201000016104;0;7;0;0;2;0;11;A01
201000016104;0;32;0;0;0;7;1;B01
201000016105;0;2;0;0;2;1;1;A01
201000016105;0;32;0;0;0;4;23;B01
201000016106;0;7;0;0;1;2;1;A01
201000016107;0;30;0;0;1;1;1;A01
201000016108;0;14;0;0;2;3;13;A01
201000016108;0;38;21;0;0;8;1;B01
201000016109;1;10;0;0;2;7;17;Z01
201000016109;0;32;0;1;0;8;1;A01
201000016110;0;7;0;5;0;3;1;A01
201000016111;0;33;0;0;2;1;1;B01
201000016111;0;7;0;0;0;7;15;A01
201000016112;0;7;0;0;2;3;13;A01
201000016112;0;7;0;0;0;3;1;B01
201000016113;0;30;0;0;2;1;1;A01
201000016113;0;32;0;0;0;7;15;B01
201000016114;0;7;0;0;1;1;1;A01
201000016115;0;32;0;12;0;1;14;A01
201000016116;0;32;0;1;0;8;13;A01
201000016117;0;10;0;0;0;8;1;B01
201000016117;0;33;0;0;2;3;17;A01
201000016118;0;2;0;0;2;1;1;B01
201000016118;0;7;0;0;0;8;20;A01
201000016119;0;32;0;0;2;1;1;B01
201000016119;0;1;0;0;0;8;16;A01
201000016120;0;31;0;0;2;1;13;A01
201000016120;0;7;0;0;2;3;1;B01
201000016121;0;7;0;0;2;1;13;A01
201000016121;0;7;0;0;2;3;1;B01
201000016122;0;10;0;0;0;8;15;A01
201000016122;0;30;0;0;2;0;17;B01
201000016123;0;32;0;0;0;1;13;A01
201000016123;0;34;0;0;2;1;1;B01
201000016124;0;33;0;0;0;4;23;B01
201000016124;0;7;0;0;2;1;1;A01
201000016125;0;1;0;0;1;1;1;A01
201000016126;0;33;0;6;0;7;1;A01
201000016127;0;7;0;0;2;1;1;A01
201000016127;0;14;0;0;0;6;23;B01
201000016128;0;7;0;0;0;8;15;B01
201000016128;0;33;0;0;2;1;17;A01
201000016129;0;31;0;0;2;1;1;B01
201000016129;0;7;0;0;0;1;23;C01
201000016129;0;7;0;0;0;2;15;A01
201000016130;0;30;0;0;2;1;1;A01
201000016130;0;7;0;0;0;4;23;B01
201000016131;0;7;0;0;0;8;15;B01
201000016131;0;33;0;0;2;2;17;A01
201000016132;0;32;0;0;0;0;1;A01
201000016132;0;38;1;0;0;7;1;B01
201000016133;0;31;0;0;2;1;1;B01
201000016133;0;7;0;0;0;8;1;A01
201000016134;1;7;0;0;2;3;13;Z01
201000016134;0;1;0;0;0;1;1;A01
201000016135;0;7;0;0;0;7;15;A01
201000016135;0;32;0;0;2;1;1;B01
201000016136;0;2;0;15;0;1;1;A01
201000016136;1;7;0;0;0;0;15;Z01
201000016137;0;2;0;0;0;1;1;B01
201000016137;0;30;0;0;2;1;17;A01
201000016138;0;30;0;0;0;0;1;A01
201000016138;1;7;0;0;0;0;11;Z01
201000016139;0;7;0;0;2;1;15;A01
201000016139;0;2;0;0;0;1;1;B01
201000016140;0;33;0;9;0;0;17;A01
201000016140;0;7;0;0;0;0;2;B01
201000016141;0;30;0;0;2;1;1;B01
201000016141;0;33;0;0;0;1;13;A01
201000016142;0;30;0;1;0;1;1;A01
201000016142;0;7;0;0;0;0;1;B01
201000016143;0;32;0;0;2;1;17;A01
201000016143;0;7;0;0;0;8;15;B01
201000016144;0;7;0;0;2;3;13;A01
201000016144;0;7;0;0;0;3;1;B01
201000016145;0;7;0;0;1;3;15;A01
201000016146;0;7;0;9;0;2;14;A01
201000016146;0;31;0;1;2;1;1;B01
201000016147;0;7;0;0;2;1;1;A01
201000016147;0;7;0;0;0;8;15;B01
201000016148;0;7;0;0;0;8;20;A01
201000016148;0;32;0;0;2;1;1;B01
201000016149;0;32;0;0;0;0;1;B01
201000016149;0;10;0;0;0;0;1;A01
201000016150;0;32;0;0;2;1;1;B01
201000016150;0;7;0;0;0;8;9;A01
201000016151;0;7;0;0;2;1;13;A01
201000016151;0;13;0;0;0;3;1;B01
201000016152;0;14;0;0;1;1;1;A01
201000016153;0;7;0;0;2;7;16;A01
201000016153;0;33;0;0;0;8;16;B01
201000016154;0;7;0;0;1;8;1;A01
201000016155;0;30;0;0;2;1;17;A01
201000016155;0;7;0;0;0;3;1;B01
201000016156;0;7;0;0;2;8;13;A01
201000016156;0;30;0;0;0;8;1;B01
201000016157;0;30;0;0;2;2;1;B01
201000016157;0;10;0;0;0;0;15;A01
201000016158;0;33;0;0;2;2;17;B01
201000016158;0;33;0;0;0;1;1;C01
201000016158;0;7;0;0;0;0;17;A01
201000016159;0;32;0;0;2;1;13;A01
201000016159;0;7;0;0;0;3;1;B01
201000016160;0;33;0;0;0;1;1;B01
201000016160;0;30;0;0;2;3;13;A01
201000016161;0;33;0;0;2;1;1;B01
201000016161;0;7;0;0;0;8;9;A01
201000016162;0;31;0;12;0;1;14;A01
201000016163;0;7;0;0;0;3;15;A01
201000016163;0;32;0;0;2;1;1;B01
201000016164;0;7;0;0;2;1;1;A01
201000016164;0;30;0;0;0;8;1;B01
201000016165;0;33;0;11;0;8;1;A01
201000016166;0;30;0;0;1;0;17;A01
201000016167;0;7;0;6;0;1;1;A01
201000016168;0;32;0;1;2;1;17;A01
201000016168;0;7;0;0;0;8;15;B01
201000016169;0;30;0;0;0;0;0;A01
201000016170;0;7;0;9;0;1;13;A01
201000016171;0;30;0;0;2;1;1;B01
201000016171;0;99;0;0;2;8;1;A01
201000016172;0;30;0;0;2;1;18;A01
201000016172;0;7;0;0;0;4;20;B01
201000016173;0;33;0;0;2;1;1;B01
201000016173;0;7;0;0;0;8;15;A01
201000016174;0;37;10;0;0;0;16;B01
201000016174;0;2;0;0;0;0;13;A01
201000016175;0;34;0;0;2;1;17;A01
201000016175;0;7;0;0;0;8;15;B01
201000016176;0;7;0;0;1;2;1;A01
201000016177;0;7;0;0;0;4;23;B01
201000016177;0;7;0;0;2;1;2;A01
201000016178;0;1;0;0;2;1;1;B01
201000016178;0;7;0;0;0;3;16;A01
201000016179;0;7;0;0;0;5;4;A01
201000016179;0;2;0;0;2;1;1;B01
201000016180;0;32;0;0;2;1;1;C01
201000016180;0;7;0;0;0;4;14;B01
201000016180;0;30;0;0;0;0;1;A01
201000016181;0;7;0;0;2;8;20;A01
201000016181;0;32;0;0;0;1;1;B01
201000016182;0;30;0;0;2;1;2;A01
201000016182;0;7;0;0;0;6;1;B01
201000016183;0;30;0;0;1;1;1;A01
201000016184;0;30;0;0;2;1;1;B01
201000016184;0;7;0;0;0;8;16;A01
201000016185;0;2;0;0;1;1;1;A01
201000016186;0;30;0;0;2;3;13;A01
201000016186;0;7;0;0;0;3;1;B01
201000016187;0;30;0;0;2;1;1;B01
201000016187;0;30;0;0;0;1;5;A01
201000016188;0;7;0;0;1;1;1;A01
201000016189;0;33;0;0;2;1;17;B01
201000016189;0;7;0;0;0;8;15;A01
201000016190;0;10;0;0;2;1;2;A01
201000016190;0;7;0;0;0;4;1;B01
201000016191;0;32;0;1;1;1;1;A01
201000016192;0;7;0;0;1;2;1;A01
201000016193;0;7;0;0;1;3;1;A01
201000016194;1;7;0;0;0;0;13;Z01
201000016194;0;32;0;6;0;1;21;A01
201000016195;0;7;0;0;1;2;1;A01
201000016196;0;7;0;0;0;7;1;A01
201000016196;0;2;0;0;2;3;1;B01
201000016197;0;2;0;0;0;8;1;A01
201000016198;0;7;0;13;0;2;14;A01
201000016199;0;7;0;0;1;2;1;A01
201000016200;0;7;0;1;0;1;1;A01
201000016201;0;33;0;1;2;1;1;A01
201000016201;1;7;0;0;0;2;15;Z01
201000016202;0;7;0;1;0;8;13;A01
201000016203;0;32;0;0;2;1;1;A01
201000016203;0;34;0;0;0;4;23;B01
201000016204;0;7;0;4;0;9;13;A01
201000016205;0;30;0;0;0;0;0;A01
201000016206;0;7;0;0;0;1;1;B01
201000016206;0;7;0;0;2;7;13;A01
201000016207;0;33;0;0;2;1;17;A01
201000016207;0;37;10;0;0;8;1;B01
201000016208;0;7;0;1;2;1;1;A01
201000016208;0;32;0;0;0;1;1;B01
201000016209;0;38;35;0;2;3;1;B01
201000016209;0;7;0;0;0;8;1;A01
201000016210;1;7;0;0;2;1;15;Z01
201000016210;0;7;0;0;0;7;1;A01
201000016211;0;30;0;0;1;1;1;A01
201000016212;0;7;0;0;0;4;23;B01
201000016212;0;30;0;0;2;1;1;A01
201000016213;0;30;0;0;0;7;17;A01
201000016213;1;7;0;0;2;8;13;Z01
201000016214;0;33;0;0;2;0;1;B01
201000016214;0;7;0;0;0;3;15;A01
201000016215;0;7;0;0;0;1;15;A01
201000016215;0;32;0;0;2;1;1;B01
201000016216;0;32;0;0;2;1;1;B01
201000016216;0;32;0;0;2;1;1;A01
201000016217;0;7;0;0;1;4;4;A01
201000016218;0;2;0;0;2;0;9;A01
201000016218;0;31;0;0;2;1;1;B01
201000016219;0;7;0;0;2;1;1;B01
201000016219;0;7;0;6;2;2;19;A01
201000016220;0;7;0;0;1;0;15;A01
201000016221;0;7;0;0;0;3;1;B01
201000016221;0;7;0;6;2;3;2;A01
201000016222;0;7;0;14;0;1;1;A01
201000016222;0;7;0;0;2;4;2;B01
201000016223;0;33;0;0;2;4;1;B01
201000016223;0;7;0;0;2;1;11;A01
201000016224;0;7;0;0;2;1;15;A01
201000016224;0;30;0;0;2;3;1;B01
201000016225;0;1;0;0;2;1;0;A01
201000016225;0;7;0;0;2;2;1;B01
201000016226;0;7;0;0;2;3;10;A01
201000016226;0;2;0;0;2;1;13;B01
201000016227;0;10;0;0;2;4;2;B01
201000016227;0;2;0;0;2;1;2;A01
201000016228;0;2;0;0;2;2;1;B01
201000016228;1;7;0;0;2;1;1;A01
201000016229;0;7;0;0;2;6;1;B01
201000016229;0;1;0;0;2;0;11;A01
201000016230;0;10;0;0;1;3;1;A01
201000016231;0;2;0;0;2;1;1;B01
201000016231;0;7;0;0;2;3;15;A01
201000016232;0;7;0;0;2;0;4;A01
201000016232;0;31;0;0;2;1;1;B01
201000016233;0;31;0;0;0;0;0;A01
201000016234;0;7;0;0;2;6;9;B01
201000016234;1;7;0;0;2;1;2;A01
201000016235;0;7;0;14;0;1;1;A01
201000016235;0;7;0;0;2;4;2;B01
201000016236;0;7;0;0;2;7;15;B01
201000016236;0;13;0;0;2;3;1;A01
201000016237;0;10;0;0;2;3;0;A01
201000016237;0;7;0;0;2;2;1;B01
201000016238;0;7;0;0;1;1;2;A01
201000016239;0;31;0;0;2;1;5;B01
201000016239;0;7;0;0;2;1;10;A01
201000016240;0;7;0;1;0;7;14;A01
201000016241;0;7;0;0;2;3;1;B01
201000016241;0;2;0;0;2;3;1;A01
201000016242;0;7;0;0;1;1;2;A01
201000016243;0;7;0;0;2;1;16;B01
201000016243;0;37;1;0;2;2;1;A01
201000016244;0;7;0;0;1;1;9;A01
201000016245;0;7;0;0;2;4;2;B01
201000016245;0;2;0;14;0;1;1;A01
201000016246;0;33;0;0;0;0;0;A01
201000016247;0;7;0;0;2;3;9;B01
201000016247;0;2;0;0;2;7;1;A01
201000016248;0;7;0;0;2;8;10;A01
201000016248;0;31;0;0;2;7;2;B01
201000016249;0;7;0;0;2;4;2;C01
201000016249;0;7;0;0;2;1;2;A01
201000016249;0;7;0;0;2;4;2;B01
201000016250;0;10;0;0;1;1;1;A01
201000016251;0;7;0;0;1;5;1;A01
201000016252;0;33;0;0;1;1;1;A01
201000016253;0;7;0;0;2;2;9;A01
201000016253;0;31;0;0;2;1;2;B01
201000016254;0;33;0;0;2;8;2;B01
201000016254;0;10;0;0;2;2;9;A01
201000016255;0;7;0;0;2;3;15;B01
201000016255;0;2;0;0;2;5;14;A01
201000016256;0;7;0;0;0;8;1;B01
201000016256;0;30;0;0;2;2;1;A01
201000016257;0;7;0;0;1;1;1;A01
201000016258;0;7;0;0;2;5;23;A01
201000016258;0;34;0;0;2;1;2;B01
201000016259;0;7;0;0;1;4;4;A01
201000016260;0;7;0;0;2;3;15;A01
201000016260;0;32;0;0;2;1;17;B01
201000016261;0;7;0;0;2;4;2;B01
201000016261;0;7;0;0;2;1;1;A01
201000016261;0;7;0;0;2;4;2;D01
201000016261;0;7;0;0;2;4;2;C01
201000016262;0;31;0;0;2;1;21;A01
201000016262;1;7;0;0;0;0;23;Z01
201000016262;0;10;0;0;2;2;1;B01
201000016263;0;2;0;0;0;0;0;A01
201000016264;0;1;0;0;2;8;1;B01
201000016265;0;30;0;0;2;1;17;B01
201000016265;0;7;0;0;2;3;15;A01
201000016266;1;30;0;1;1;1;1;Z01
201000016267;0;1;0;0;0;0;0;B01
201000016267;0;14;0;0;9;0;0;A01
201000016268;0;2;0;0;2;1;2;B01
201000016268;0;7;0;0;2;2;15;A01
201000016269;0;7;0;0;2;1;20;A01
201000016269;0;30;0;0;2;7;1;B01
201000016270;0;30;0;0;2;1;2;A01
201000016270;0;7;0;0;2;3;2;B01
201000016271;0;7;0;0;2;6;17;B01
201000016271;0;7;0;0;0;0;0;C01
201000016271;0;33;0;0;2;2;17;A01
201000016272;0;7;0;0;2;3;10;A01
201000016272;0;2;0;0;2;0;1;B01
201000016273;0;7;0;0;2;3;2;A01
201000016273;0;2;0;0;2;0;17;B01
201000016274;0;31;0;0;2;8;1;A01
201000016274;0;7;0;0;2;4;15;B01
201000016275;0;7;0;0;2;5;2;B01
201000016275;0;31;0;0;2;0;2;A01
201000016276;1;2;0;0;2;3;13;Z01
201000016276;0;7;0;0;2;4;2;B01
201000016276;0;7;0;0;2;2;2;A01
201000016277;0;7;0;0;2;4;1;B01
201000016277;0;2;0;0;2;1;1;A01
201000016277;0;37;1;0;2;3;1;C01
201000016278;0;32;0;0;2;8;15;A01
201000016278;0;37;1;0;2;2;1;B01
201000016279;0;2;0;0;2;5;1;B01
201000016279;0;7;0;0;2;3;1;A01
201000016280;2;7;0;0;1;1;0;A01
201000016281;0;30;0;0;2;2;15;A01
201000016281;0;7;0;0;2;8;15;B01
201000016282;0;7;0;0;1;1;16;A01
201000016283;0;31;0;0;2;3;2;A01
201000016283;0;7;0;0;2;3;23;B01
201000016284;0;7;0;0;2;6;0;A01
201000016284;0;7;0;0;2;2;1;B01
201000016285;0;34;0;1;0;1;13;A01
201000016286;0;7;0;3;0;1;14;A01
201000016287;0;7;0;0;2;4;23;B01
201000016287;0;7;0;14;0;1;1;A01
201000016288;0;7;0;0;2;3;10;A01
201000016288;0;2;0;0;2;1;1;B01
201000016289;0;30;0;0;2;3;11;A01
201000016289;0;7;0;0;2;2;1;B01
201000016290;0;30;0;0;2;1;1;B01
201000016290;0;7;0;0;2;2;15;A01
201000016291;0;7;0;0;1;1;1;A01
201000016292;0;7;0;0;2;3;9;B01
201000016292;0;7;0;0;2;2;2;A01
201000016293;0;32;0;0;2;1;1;B01
201000016293;0;7;0;0;2;1;9;A01
201000016294;0;32;0;0;2;1;1;B01
201000016294;0;7;0;0;2;6;1;A01
201000016295;0;32;0;0;2;7;1;A01
201000016295;0;7;0;0;2;1;1;B01
201000016296;0;7;0;0;2;6;9;B01
201000016296;0;32;0;1;2;1;1;A01
201000016297;0;33;0;1;1;1;1;A01
201000016298;1;7;0;0;2;0;0;Z01
201000016298;0;33;0;0;2;1;1;A01
201000016299;0;7;0;0;2;6;1;B01
201000016299;0;2;0;0;2;7;15;A01
201000016300;0;7;0;0;2;1;2;A01
201000016300;0;31;0;1;2;0;9;B01
201000016301;0;40;0;0;2;2;1;B01
201000016301;2;2;0;0;4;3;15;A01
201000016302;0;7;0;0;2;3;15;B01
201000016302;0;7;0;0;2;1;1;A01
201000016303;0;10;0;0;1;1;1;A01
201000016304;0;2;0;0;2;1;1;B01
201000016304;0;7;0;0;2;5;1;A01
201000016305;0;2;0;0;0;0;0;A01
201000016306;0;7;0;0;2;3;15;A01
201000016306;0;30;0;0;2;1;1;B01
201000016307;0;7;0;8;0;3;1;A01
201000016308;0;31;0;0;0;0;1;B01
201000016308;0;7;0;0;0;0;1;A01
201000016309;0;7;0;0;2;5;16;A01
201000016309;0;37;45;0;2;8;1;B01
201000016310;0;31;0;0;2;1;1;B01
201000016310;1;7;0;0;2;2;15;A01
201000016311;0;7;0;0;2;8;1;B01
201000016311;1;7;0;0;2;1;9;A01
201000016312;0;7;0;0;2;3;0;A01
201000016312;0;10;0;0;2;3;2;B01
201000016313;0;2;0;0;2;1;1;B01
201000016313;0;7;0;0;2;1;1;A01
201000016314;0;7;0;0;1;1;15;A01
201000016315;0;2;0;0;2;1;1;B01
201000016315;0;7;0;0;2;2;15;A01
201000016316;0;32;0;0;2;1;15;A01
201000016316;0;30;0;0;2;1;1;B01
201000016317;0;1;0;0;2;1;1;B01
201000016317;0;1;0;0;9;1;1;A01
201000016318;0;2;0;0;2;1;1;B01
201000016318;0;7;0;0;2;3;15;A01
201000016319;0;33;0;0;2;2;0;B01
201000016319;0;7;0;0;2;3;15;A01
201000016320;0;32;0;0;2;8;1;A01
201000016320;0;7;0;0;2;7;16;B01
201000016321;0;7;0;0;2;2;5;A01
201000016321;0;7;0;0;2;1;1;B01
201000016322;0;7;0;0;2;1;15;B01
201000016322;0;7;0;0;2;1;1;A01
201000016323;0;2;0;0;2;1;1;A01
201000016323;0;10;0;0;2;4;1;B01
201000016324;0;7;0;0;2;1;1;B01
201000016324;0;7;0;0;2;1;13;A01
201000016325;0;10;0;0;2;3;1;B01
201000016325;0;7;0;0;2;1;1;A01
201000016326;0;7;0;0;2;6;15;A01
201000016326;0;33;0;0;2;1;1;B01
201000016327;0;32;0;0;2;1;1;B01
201000016327;0;7;0;0;2;1;15;A01
201000016328;0;7;0;0;2;1;1;A01
201000016328;0;7;0;0;2;8;16;B01
201000016329;2;7;0;0;2;3;15;Z01
201000016329;0;7;0;8;2;1;17;B01
201000016330;0;7;0;0;2;4;0;B01
201000016330;0;2;0;0;2;1;1;A01
201000016331;0;10;0;0;1;2;15;A01
201000016332;0;33;0;0;2;6;1;B01
201000016332;0;7;0;0;2;2;12;A01
201000016333;0;7;0;0;1;2;16;A01
201000016334;0;2;0;0;2;8;1;B01
201000016334;0;7;0;0;2;2;14;A01
201000016335;0;7;0;0;1;6;4;A01
201000016336;0;7;0;0;2;4;16;C01
201000016336;0;10;0;0;2;4;1;B01
201000016336;0;15;0;0;2;1;1;A01
201000016337;0;7;0;0;1;3;1;A01
201000016338;0;7;0;0;2;6;15;A01
201000016338;0;2;0;0;2;1;15;B01
201000016339;0;2;0;0;2;1;1;B01
201000016339;0;7;0;0;2;2;15;A01
201000016340;0;32;0;0;2;1;1;B01
201000016340;0;7;0;0;2;1;15;A01
201000016341;0;10;0;0;2;2;1;B01
201000016341;0;2;0;0;2;3;9;A01
201000016342;0;7;0;0;1;5;4;A01
201000016343;0;7;0;0;1;1;1;A01
201000016344;0;2;0;0;2;1;1;B01
201000016344;0;1;0;0;2;6;1;A01
201000016345;0;7;0;0;2;2;15;A01
201000016345;0;32;0;0;2;1;1;B01
201000016346;0;7;0;0;2;5;16;B01
201000016346;0;7;0;0;2;0;1;A01
201000016347;0;7;0;0;2;3;1;B01
201000016347;0;30;0;0;2;7;1;A01
201000016348;0;7;0;0;2;4;2;B01
201000016348;0;7;0;0;2;1;2;A01
201000016349;0;7;0;0;2;1;1;B01
201000016349;0;7;0;0;2;7;15;A01
201000016350;0;7;0;0;2;4;2;B01
201000016350;2;7;0;0;0;1;2;A01
201000016351;0;7;0;0;2;3;15;B01
201000016351;0;32;0;0;2;1;1;A01
201000016352;0;33;0;0;1;3;1;A01
201000016353;0;7;0;0;2;1;2;B01
201000016353;0;2;0;0;2;1;2;A01
201000016354;0;10;0;0;2;2;0;A01
201000016354;0;7;0;0;2;5;0;B01
201000016355;0;7;0;0;2;1;1;B01
201000016355;0;2;0;0;2;1;1;A01
201000016356;0;7;0;0;2;1;15;A01
201000016356;0;32;0;0;2;3;1;B01
201000016357;0;7;0;0;2;8;1;B01
201000016357;0;7;0;0;2;1;1;A01
201000016358;0;7;0;0;2;1;2;B01
201000016358;2;7;0;8;2;1;2;A01
201000016359;0;7;0;0;2;4;1;B01
201000016359;0;7;0;0;2;1;2;A01
201000016360;0;7;0;0;2;1;1;A01
201000016360;0;2;0;0;2;4;1;B01
201000016361;0;32;0;0;2;2;1;B01
201000016361;0;7;0;0;2;3;19;A01
201000016362;0;2;0;0;2;1;1;A01
201000016362;0;7;0;0;2;6;1;B01
201000016363;0;7;0;0;1;3;1;A01
201000016364;0;7;0;0;1;1;1;A01
201000016365;0;7;0;0;1;2;15;A01
201000016366;0;99;0;0;2;1;2;B01
201000016366;0;2;0;0;2;0;2;A01
201000016367;0;13;0;0;1;2;16;A01
201000016368;0;7;0;0;2;1;15;A01
201000016368;0;31;0;0;2;1;1;B01
201000016369;0;7;0;0;9;1;2;A01
201000016370;0;2;0;0;1;1;1;A01
201000016371;0;7;0;0;2;5;15;B01
201000016371;0;2;0;0;2;1;1;A01
201000016372;0;7;0;0;2;1;1;A01
201000016372;0;7;0;0;2;7;1;B01
201000016373;0;2;0;0;2;3;0;A01
201000016373;0;7;0;0;2;2;1;B01
201000016374;0;32;0;0;2;1;1;B01
201000016374;0;7;0;0;2;8;10;A01
201000016375;0;7;0;0;2;3;9;A01
201000016375;0;2;0;0;2;1;21;B01
201000016376;0;40;0;0;1;2;1;A01
201000016377;0;31;0;1;1;1;1;A01
201000016378;0;7;0;0;2;2;15;B01
201000016378;0;33;0;0;2;1;1;A01
201000016379;0;31;0;0;2;1;1;B01
201000016379;0;7;0;0;2;8;10;A01
201000016380;0;7;0;0;2;7;16;B01
201000016380;0;1;0;0;2;1;1;A01
201000016381;0;33;0;0;2;1;1;A01