num_acc;senc;catv;occutc;obs;obsm;choc;manv;num_veh
201000016382;0;10;0;0;1;1;1;A01
201000016383;0;37;19;0;2;1;1;B01
201000016383;0;7;0;0;2;8;15;A01
201000016384;0;7;0;0;2;1;15;A01
201000016384;0;2;0;0;2;1;1;B01
201000016385;0;7;0;0;2;1;1;A01
201000016385;0;7;0;0;2;2;1;B01
201000016386;0;7;0;0;2;3;0;B01
201000016386;0;31;0;0;2;2;3;A01
201000016387;0;7;0;0;2;8;9;A01
201000016387;0;31;0;0;2;1;1;B01
201000016388;0;7;0;0;2;5;2;C01
201000016388;0;7;0;0;2;1;2;A01
201000016388;0;10;0;0;2;6;2;D01
201000016388;0;7;0;0;2;0;2;B01
201000016389;0;7;0;0;1;1;1;A01
201000016390;0;7;0;0;1;1;1;A01
201000016391;0;7;0;0;2;1;9;A01
201000016391;0;33;0;0;2;7;1;B01
201000016392;0;7;0;0;1;7;1;A01
201000016393;0;33;0;0;2;1;2;A01
201000016393;0;7;0;0;2;4;2;B01
201000016394;0;7;0;0;2;0;9;A01
201000016394;0;33;0;0;2;8;2;B01
201000016395;0;2;0;0;2;1;1;A01
201000016395;0;2;0;0;2;1;1;B01
201000016395;0;7;0;0;2;3;1;C01
201000016396;0;7;0;1;0;1;14;A01
201000016397;0;33;0;0;2;1;1;A01
201000016398;0;7;0;0;2;3;1;B01
201000016398;0;31;0;0;2;4;2;A01
201000016399;0;7;0;0;2;3;13;A01
201000016399;0;32;0;0;2;3;1;B01
201000016400;1;31;0;0;1;0;0;Z01
201000016401;0;30;0;0;2;8;11;A01
201000016401;0;7;0;0;2;7;1;B01
201000016402;0;33;0;0;2;0;1;B01
201000016402;0;7;0;0;2;2;6;A01
201000016403;0;7;0;0;2;1;1;B01
201000016403;0;7;0;0;2;7;1;A01
201000016404;0;33;0;0;2;8;1;B01
201000016404;0;10;0;0;2;7;15;A01
201000016405;0;2;0;0;1;1;1;A01
201000016406;0;7;0;0;2;3;1;B01
201000016406;0;2;0;0;2;1;13;A01
201000016407;0;32;0;0;2;1;1;A01
201000016407;0;37;1;0;2;4;1;B01
201000016408;0;2;0;0;2;1;2;B01
201000016408;0;7;0;0;2;2;10;A01
201000016409;0;7;0;0;2;1;1;A01
201000016409;0;7;0;0;2;6;15;B01
201000016410;0;7;0;1;2;1;1;A01
201000016410;0;7;0;1;2;7;9;B01
201000016411;0;30;0;0;2;0;0;A01
201000016411;0;7;0;0;2;2;1;B01
201000016412;0;7;0;0;1;2;1;A01
201000016413;0;7;0;0;2;1;1;B01
201000016413;0;7;0;0;2;4;0;C01
201000016413;0;7;0;1;2;2;1;A01
201000016413;0;7;0;1;0;4;0;E01
201000016413;0;7;0;0;2;4;0;D01
201000016414;0;33;0;0;2;1;2;B01
201000016414;0;33;0;0;2;1;2;A01
201000016414;0;7;0;0;2;4;2;C01
201000016415;0;7;0;0;2;2;15;A01
201000016415;0;33;0;0;2;1;2;B01
201000016416;0;7;0;0;1;3;16;A01
201000016417;0;31;0;0;1;1;1;A01
201000016418;0;7;0;0;2;8;2;B01
201000016418;2;7;0;0;2;0;15;A01
201000016419;0;7;0;0;1;4;20;A01
201000016420;0;7;0;0;2;2;20;B01
201000016420;0;32;0;0;2;1;18;A01
201000016421;0;7;0;0;1;3;15;A01
201000016422;0;33;0;0;1;1;1;A01
201000016423;0;33;0;0;2;1;0;A01
201000016423;0;7;0;0;2;3;0;B01
201000016424;0;32;0;0;2;1;1;B01
201000016424;0;7;0;0;2;2;16;A01
201000016425;0;7;0;0;1;1;15;A01
201000016426;0;7;0;0;1;2;1;A01
201000016427;0;34;0;0;2;1;1;B01
201000016427;0;10;0;0;2;5;1;A01
201000016428;0;40;0;0;1;1;1;A01
201000016429;0;10;0;0;2;7;16;A01
201000016429;0;30;0;0;2;1;1;B01
201000016430;0;7;0;0;2;2;15;A01
201000016430;0;33;0;0;2;1;1;B01
201000016431;0;30;0;0;2;7;1;B01
201000016431;0;7;0;0;2;3;20;A01
201000016432;0;7;0;0;1;2;1;A01
201000016433;0;7;0;6;2;3;2;B01
201000016433;2;7;0;0;2;1;5;A01
201000016434;0;7;0;0;2;2;9;A01
201000016434;0;2;0;1;2;1;21;B01
201000016435;0;7;0;0;2;3;23;B01
201000016435;0;30;0;0;2;1;0;A01
201000016436;0;7;0;0;1;1;1;A01
201000016437;0;37;17;0;2;1;7;B01
201000016437;0;7;0;0;2;3;15;A01
201000016438;0;7;0;0;2;8;15;A01
201000016438;0;33;0;0;2;1;2;B01
201000016439;0;30;0;0;2;0;0;B01
201000016439;0;7;0;0;1;0;23;A01
201000016440;0;7;0;0;0;0;9;A01
201000016440;0;31;0;0;2;0;1;B01
201000016441;0;2;0;14;0;1;1;B01
201000016441;0;10;0;0;2;7;22;A01
201000016442;0;7;0;0;2;4;2;C01
201000016442;0;7;0;0;2;1;2;A01
201000016442;0;7;0;0;2;4;2;B01
201000016443;0;2;0;0;2;7;0;A01
201000016443;0;7;0;0;2;3;15;B01
201000016444;0;30;0;0;2;1;1;A01
201000016444;0;7;0;0;2;4;2;B01
201000016445;0;7;0;0;2;4;1;A01
201000016445;0;7;0;0;2;1;1;D01
201000016445;0;7;0;0;2;9;1;B01
201000016445;0;7;0;0;2;1;1;C01
201000016446;0;7;0;0;2;3;2;A01
201000016446;0;7;0;0;2;4;2;C01
201000016446;0;7;0;0;2;4;2;B01
201000016447;0;7;0;0;2;3;9;B01
201000016447;0;31;0;0;2;0;2;A01
201000016448;0;31;0;0;2;1;1;B01
201000016448;0;7;0;0;2;2;15;A01
201000016449;0;34;0;0;2;1;1;B01
201000016449;0;7;0;0;2;1;13;A01
201000016450;1;7;0;0;0;0;4;A01
201000016450;0;7;0;1;0;1;13;B01
201000016451;0;7;0;0;2;3;16;A01
201000016451;0;33;0;0;2;7;1;B01
201000016452;0;7;0;0;2;3;15;A01
201000016452;0;33;0;0;2;3;8;B01
201000016453;0;7;0;0;2;6;1;B01
201000016453;1;10;0;0;2;0;0;A01
201000016454;0;7;0;0;2;3;1;B01
201000016454;0;10;0;0;2;2;1;A01
201000016455;0;7;0;15;0;2;1;A01
201000016455;0;7;0;0;2;6;23;B01
201000016456;0;33;0;0;2;1;1;B01
201000016456;0;7;0;0;2;6;15;A01
201000016457;0;10;0;0;2;2;1;B01
201000016457;0;7;0;8;2;1;1;A01
201000016458;0;7;0;0;1;1;1;A01
201000016459;0;7;0;0;2;3;2;B01
201000016459;0;30;0;0;2;1;5;A01
201000016460;0;7;0;0;2;3;13;A01
201000016460;0;7;0;0;2;8;1;B01
201000016461;0;33;0;0;2;1;2;B01
201000016461;0;7;0;0;2;1;13;A01
201000016462;0;7;0;0;2;4;1;B01
201000016462;0;7;0;0;2;1;1;A01
201000016463;0;7;0;0;1;1;2;A01
201000016464;0;30;0;0;2;1;1;B01
201000016464;0;30;0;0;2;3;15;A01
201000016465;0;7;0;8;0;1;13;A01
201000016466;0;10;0;0;1;3;5;A01
201000016467;0;32;0;0;0;0;17;B01
201000016467;0;33;0;0;0;0;0;A01
201000016468;0;7;0;0;2;4;1;B01
201000016468;0;15;0;0;2;1;1;A01
201000016469;0;7;0;0;2;2;2;B01
201000016469;0;1;0;0;2;0;21;A01
201000016470;0;7;0;0;2;4;1;C02
201000016470;0;7;0;0;2;6;1;E01
201000016470;0;7;0;0;2;2;1;D01
201000016470;0;7;0;6;2;1;0;A01
201000016470;0;7;0;0;2;6;2;B01
201000016470;0;7;0;0;2;5;1;F01
201000016471;0;14;0;0;2;8;15;B01
201000016471;0;7;0;0;2;1;17;A01
201000016472;0;7;0;0;2;3;1;B01
201000016472;0;1;0;0;2;2;15;A01
201000016473;0;7;0;0;2;4;23;B01
201000016473;0;33;0;14;0;1;1;A01
201000016474;0;10;0;0;2;1;2;A01
201000016474;0;7;0;0;2;4;2;B01
201000016475;0;7;0;0;2;1;2;B01
201000016475;0;7;0;0;2;1;21;A01
201000016476;0;2;0;0;2;8;1;B01
201000016476;0;10;0;0;2;2;9;A01
201000016477;0;7;0;0;2;2;1;A01
201000016477;0;31;0;0;2;4;1;B01
201000016477;0;7;0;0;2;5;1;C01
201000016478;0;34;0;0;2;8;1;A01
201000016478;0;7;0;0;2;2;16;B01
201000016479;0;30;0;0;1;1;1;A01
201000016480;0;31;0;0;2;3;15;A01
201000016480;0;31;0;0;2;3;1;B01
201000016481;0;7;0;0;2;2;20;A01
201000016481;0;1;0;0;2;0;2;B01
201000016482;0;7;0;0;2;3;15;B01
201000016482;0;2;0;0;2;1;17;A01
201000016483;0;7;0;0;2;7;1;B01
201000016483;0;2;0;0;2;1;1;A01
201000016484;0;34;0;0;2;7;0;B01
201000016484;0;7;0;0;2;3;4;A01
201000016485;0;32;0;0;1;1;1;A01
201000016486;0;33;0;0;2;1;1;B01
201000016486;0;7;0;0;2;3;1;A01
201000016487;0;7;0;0;2;3;15;A01
201000016487;0;30;0;0;2;4;17;B01
201000016488;0;30;0;0;2;2;15;A01
201000016488;0;7;0;0;2;1;1;B01
201000016489;0;32;0;0;1;1;1;A01
201000016490;0;10;0;0;1;4;4;A01
201000016491;0;14;0;0;2;4;4;A01
201000016492;0;7;0;0;2;2;15;A01
201000016492;0;30;0;0;2;1;1;B01
201000016493;0;37;26;0;1;2;1;A01
201000016494;0;7;0;0;2;3;15;A01
201000016494;0;31;0;0;2;1;1;B01
201000016495;0;31;0;0;2;3;1;B01
201000016495;0;7;0;0;2;7;9;A01
201000016496;0;1;0;14;0;3;3;B01
201000016496;0;7;0;0;2;3;23;C01
201000016496;0;7;0;0;2;2;22;A01
201000016497;0;10;0;0;2;3;15;A01
201000016497;0;2;0;0;2;1;1;B01
201000016498;0;7;0;0;2;5;23;B01
201000016498;0;2;0;0;2;1;0;A01
201000016499;0;7;0;0;2;4;1;B01
201000016499;0;33;0;0;2;1;1;A01
201000016500;0;7;0;0;1;1;1;A01
201000016501;0;32;0;0;1;1;1;A01
201000016502;0;7;0;0;2;4;2;B01
201000016502;0;7;0;0;2;1;2;A01
201000016503;0;7;0;0;2;5;1;A01
201000016503;0;31;0;0;2;2;13;B01
201000016504;0;7;0;14;0;1;1;A01
201000016504;0;7;0;0;2;4;2;C01
201000016504;0;7;0;14;2;4;2;B01
201000016505;0;33;0;0;2;9;1;A01
201000016505;0;7;0;0;2;6;23;B01
201000016506;0;7;0;0;2;1;1;A01
201000016506;0;7;0;0;2;4;2;B01
201000016507;0;31;0;0;2;1;2;B01
201000016507;0;10;0;0;2;8;2;A01
201000016508;0;32;0;0;0;0;1;A01
201000016509;0;7;0;0;2;8;15;B01
201000016509;0;30;0;0;2;2;17;A01
201000016510;1;7;0;0;1;1;1;Z01
201000016511;0;7;0;0;2;1;1;A01
201000016511;0;7;0;0;2;7;1;B01
201000016512;0;40;0;0;2;2;1;B01
201000016512;0;32;0;0;4;3;15;A01
201000016513;0;32;0;0;2;3;0;A01
201000016513;0;7;0;0;2;3;1;B01
201000016514;0;30;0;0;0;4;23;B01
201000016514;1;7;0;14;0;1;1;A01
201000016515;0;33;0;0;2;1;1;A01
201000016515;0;7;0;0;2;6;1;B01
201000016516;0;7;0;0;2;3;1;B01
201000016516;0;1;0;0;2;2;12;A01
201000016517;0;7;0;0;2;7;1;A01
201000016517;0;1;0;0;2;3;11;B01
201000016518;0;7;0;0;2;2;16;B01
201000016518;0;2;0;0;2;1;18;A01
201000016519;0;32;0;0;2;4;1;B01
201000016519;0;7;0;0;2;1;1;A01
201000016520;0;30;0;0;2;1;5;A01
201000016520;0;7;0;0;2;8;0;B01
201000016521;0;7;0;0;2;0;9;B01
201000016521;0;32;0;1;0;1;1;A01
201000016522;0;7;0;0;2;2;1;B01
201000016522;0;7;0;0;2;3;1;A01
201000016523;0;7;0;0;2;1;1;A01
201000016523;0;33;0;0;2;4;1;B01
201000016524;0;33;0;0;2;1;1;B01
201000016524;0;32;0;0;2;3;17;A01
201000016525;0;14;0;0;2;1;2;B01
201000016525;0;30;0;0;2;4;2;A01
201000016526;0;7;0;0;2;2;20;A01
201000016526;0;32;0;0;2;1;1;B01
201000016527;0;31;0;0;2;7;17;A01
201000016527;0;7;0;0;2;1;19;B01
201000016528;0;1;0;0;1;1;0;A01
201000016529;0;7;0;0;2;5;0;B01
201000016529;0;1;0;0;2;0;0;A01
201000016530;0;32;0;0;2;2;1;B01
201000016530;0;7;0;0;2;3;20;A01
201000016531;0;33;0;0;2;4;1;A01
201000016532;0;30;0;0;2;1;1;B01
201000016532;0;7;0;0;2;6;15;A01
201000016533;0;31;0;0;2;1;1;B01
201000016533;0;7;0;0;2;8;15;A01
201000016534;0;31;0;0;2;4;0;B01
201000016534;0;7;0;0;2;1;0;A01
201000016535;0;7;0;0;2;2;15;A01
201000016535;0;32;0;0;2;1;1;B01
201000016536;0;33;0;0;2;1;1;B01
201000016536;0;7;0;0;2;2;10;A01
201000016537;0;33;0;0;2;1;1;B01
201000016537;0;7;0;0;2;1;15;A01
201000016538;0;37;15;0;1;2;7;A01
201000016539;0;7;0;0;2;1;1;A01
201000016539;0;7;0;0;2;8;1;B01
201000016540;0;7;0;0;2;2;1;B01
201000016540;0;7;0;0;2;8;1;C01
201000016540;0;7;0;0;2;9;9;A01
201000016541;0;7;0;0;2;1;1;A01
201000016541;0;10;0;0;0;0;1;C01
201000016541;0;7;0;0;2;4;15;B01
201000016542;0;33;0;0;2;1;1;A01
201000016542;0;7;0;0;2;6;1;B01
201000016543;0;7;0;0;2;1;15;B01
201000016543;0;2;0;0;2;2;1;A01
201000016544;0;7;0;0;2;3;13;A01
201000016544;0;32;0;0;2;7;1;B01
201000016545;0;7;0;0;1;1;1;A01
201000016546;0;7;0;0;2;5;15;A01
201000016546;0;2;0;0;2;1;21;B01
201000016547;0;7;0;1;0;2;14;A01
201000016548;0;7;0;0;2;3;10;A01
201000016548;0;33;0;0;2;1;17;B01
201000016549;0;7;0;0;2;2;9;A01
201000016549;0;7;0;0;2;1;2;B01
201000016550;0;31;0;0;1;1;1;A01
201000016551;0;38;15;0;1;1;16;A01
201000016552;0;7;0;0;2;4;2;B01
201000016552;0;31;0;0;1;1;2;A01
201000016553;0;10;0;0;2;0;12;B01
201000016553;0;33;0;0;2;2;1;A01
201000016554;0;7;0;0;2;3;2;B01
201000016554;0;30;0;0;0;0;0;A01
201000016555;0;7;0;0;2;4;23;B01
201000016555;0;31;0;14;0;1;1;A01
201000016556;2;34;0;0;1;1;2;Z01
201000016557;0;99;0;0;2;7;1;B01
201000016557;0;7;0;0;2;1;1;A01
201000016558;0;7;0;0;1;1;1;A01
201000016559;0;33;0;0;2;1;2;A01
201000016559;0;10;0;0;2;4;2;B01
201000016560;0;2;0;0;2;1;9;A01
201000016560;0;7;0;0;2;7;1;B01
201000016561;0;13;0;0;2;3;11;A01
201000016561;0;33;0;0;2;0;17;B01
201000016562;0;31;0;0;1;3;18;A01
201000016563;0;7;0;0;2;2;2;B01
201000016563;0;2;0;0;2;1;2;A01
201000016563;0;7;0;0;2;5;2;C01
201000016564;0;31;0;0;1;1;1;A01
201000016565;0;10;0;0;2;3;1;B01
201000016565;0;2;0;0;2;7;9;A01
201000016565;0;7;0;0;2;5;1;C01
201000016566;0;7;0;0;2;4;4;A01
201000016566;0;33;0;0;2;1;23;B01
201000016567;0;30;0;0;2;7;1;B01
201000016567;0;33;0;0;2;3;18;A01
201000016568;0;7;0;0;1;1;15;A01
201000016569;0;7;0;0;2;3;0;A01
201000016569;0;2;0;0;2;8;0;B01
201000016570;0;7;0;9;0;1;13;A01
201000016571;0;2;0;0;2;7;17;B01
201000016571;0;7;0;0;2;3;15;A01
201000016572;0;7;0;0;1;1;1;A01
201000016573;0;7;0;0;2;7;1;B01
201000016573;0;7;0;0;2;4;1;C01
201000016573;0;30;0;0;2;1;1;A01
201000016574;0;7;0;0;2;5;2;A01
201000016574;0;31;0;0;2;1;2;B01
201000016575;0;7;0;0;2;7;15;A01
201000016575;0;30;0;0;2;1;1;B01
201000016576;0;7;0;0;2;7;1;B01
201000016576;0;33;0;0;2;4;1;A01
201000016577;0;1;0;0;2;7;2;B01
201000016577;0;7;0;0;2;1;20;A01
201000016578;0;37;1;0;1;2;1;A01
201000016579;0;31;0;0;2;2;17;B01
201000016579;0;14;0;0;2;6;15;A01
201000016580;0;37;15;0;1;2;1;A01
201000016581;0;7;0;0;2;4;1;B01
201000016581;0;7;0;0;2;1;1;A01
201000016582;0;32;0;0;2;4;2;B01
201000016582;0;7;0;0;2;1;2;A01
201000016583;0;7;0;0;1;1;15;A01
201000016584;0;7;0;0;2;2;13;A01
201000016584;0;30;0;0;2;1;1;B01
201000016585;0;7;0;0;2;1;15;A01
201000016585;0;2;0;0;2;1;16;B01
201000016586;0;7;0;0;1;1;1;A01
201000016587;0;7;0;0;2;1;1;B01
201000016587;0;32;0;0;2;1;1;A01
201000016588;0;31;0;0;2;2;0;A01
201000016588;0;2;0;0;2;0;0;B01
201000016589;0;7;0;0;2;1;1;B01
201000016589;0;7;0;0;2;3;19;A01
201000016590;0;7;0;0;2;3;2;A01
201000016590;0;2;0;0;2;3;1;B01
201000016591;0;33;0;0;2;4;2;B01
201000016591;0;7;0;14;0;1;1;A01
201000016592;0;7;0;0;1;1;15;A01
201000016593;0;7;0;0;2;4;1;C01
201000016593;0;7;0;0;2;4;1;B01
201000016593;0;10;0;0;2;1;1;A01
201000016594;0;31;0;0;1;1;1;A01
201000016595;0;31;0;0;2;1;14;A01
201000016595;0;33;0;0;2;4;1;B01
201000016596;0;1;0;0;1;1;1;A01
201000016597;0;7;0;0;2;1;1;B01
201000016597;0;32;0;14;2;2;17;A01
201000016597;1;7;0;0;2;8;22;Z01
201000016598;0;7;0;0;2;2;15;A01
201000016598;0;7;0;0;2;1;1;B01
201000016599;0;2;0;0;2;2;1;B01
201000016599;0;7;0;0;2;1;9;A01
201000016600;0;7;0;0;2;7;2;A01
201000016600;0;31;0;0;2;0;2;B01
201000016601;0;31;0;0;2;1;2;B01
201000016601;0;7;0;0;2;5;15;A01
201000016602;0;2;0;0;2;8;1;B01
201000016602;0;7;0;0;2;2;12;A01
201000016603;0;7;0;0;2;1;13;A01
201000016603;0;7;0;0;2;1;1;B01
201000016604;0;7;0;0;1;1;1;A01
201000016605;0;33;0;0;1;0;2;A01
201000016606;0;10;0;0;2;4;2;C01
201000016606;0;10;0;14;2;4;2;B01
201000016606;0;7;0;14;0;1;1;A01
201000016607;0;7;0;1;0;1;2;A01
201000016608;0;7;0;0;2;4;1;B01
201000016608;0;7;0;0;2;1;1;A01
201000016609;0;7;0;0;2;1;1;B01
201000016609;0;7;0;0;2;2;1;A01
201000016610;0;32;0;0;2;8;18;B01
201000016610;0;7;0;0;2;1;15;A01
201000016611;0;7;0;0;2;1;1;A01
201000016612;0;7;0;0;2;1;15;A01
201000016612;0;34;0;0;2;1;1;B01
201000016613;0;7;0;0;2;1;1;A01
201000016613;0;2;0;0;2;4;2;B01
201000016614;0;7;0;0;2;1;1;A01
201000016614;0;2;0;0;2;3;1;B01
201000016615;0;7;0;0;1;1;1;A01
201000016616;0;2;0;0;1;1;1;A01
201000016617;0;30;0;0;2;1;1;A01
201000016617;0;31;0;0;2;1;1;B01
201000016618;0;2;0;0;2;1;1;B01
201000016618;0;13;0;0;2;3;15;A01
201000016619;0;1;0;0;1;1;1;A01
201000016620;0;7;0;0;2;7;17;A01
201000016620;0;2;0;0;2;8;1;B01
201000016621;0;7;0;0;2;6;11;B01
201000016621;0;7;0;0;2;2;1;A01
201000016622;0;7;0;0;2;1;1;A01
201000016622;0;7;0;0;2;3;1;B01
201000016623;0;7;0;0;2;4;23;B01
201000016623;0;7;0;0;2;1;2;A01
201000016624;0;7;0;0;2;3;15;A01
201000016625;0;7;0;1;1;1;1;A01
201000016626;0;30;0;0;2;1;1;B01
201000016626;0;7;0;0;2;0;12;A01
201000016627;0;33;0;0;2;1;1;B01
201000016627;0;7;0;0;2;6;15;A01
201000016628;0;7;0;0;2;1;1;A01
201000016629;0;7;0;0;2;2;1;A01
201000016629;0;31;0;0;2;1;1;B01
201000016630;0;7;0;0;2;4;23;B01
201000016630;0;33;0;0;2;1;1;A01
201000016631;0;37;26;0;1;1;1;A01
201000016632;0;7;0;0;2;2;1;A01
201000016632;0;31;0;0;2;3;1;B01
201000016633;0;7;0;0;2;1;2;A01
201000016633;0;2;0;0;0;4;2;B01
201000016634;0;37;1;0;2;3;1;B01
201000016634;0;2;0;0;2;1;0;A01
201000016635;0;7;0;0;2;4;2;B01
201000016635;0;7;0;0;2;1;2;A01
201000016636;0;30;0;0;2;0;2;B01
201000016636;0;7;0;0;2;3;15;A01
201000016637;0;31;0;0;2;1;2;B01
201000016637;0;30;0;0;2;8;0;A01
201000016638;0;31;0;0;2;9;1;A01
201000016638;0;7;0;0;2;5;1;B01
201000016638;1;7;0;0;2;0;0;Z01
201000016639;0;7;0;0;2;4;1;B01
201000016639;0;7;0;0;2;1;1;A01
201000016640;0;31;0;0;2;1;1;B01
201000016640;0;7;0;0;2;2;12;A01
201000016641;0;33;0;0;2;1;1;A01
201000016641;0;7;0;0;0;4;1;B01
201000016642;0;2;0;0;2;1;1;A01
201000016642;0;7;0;0;2;2;16;B01
201000016643;0;2;0;0;2;1;21;A01
201000016643;0;7;0;0;2;3;9;B01
201000016644;0;7;0;0;2;8;1;B01
201000016644;1;7;0;0;2;1;1;A01
201000016645;0;7;0;0;2;2;2;A01
201000016645;0;30;0;0;2;4;23;B01
201000016646;0;33;0;0;2;1;1;B01
201000016646;0;10;0;0;2;4;4;A01
201000016647;0;1;0;0;2;1;1;B01
201000016647;0;7;0;0;2;7;22;A01
201000016648;0;2;0;0;2;8;1;A01
201000016648;0;7;0;0;2;6;15;B01
201000016649;0;7;0;0;1;2;1;A01
201000016650;0;31;0;0;2;1;1;A01
201000016650;0;7;0;0;2;1;1;B01
201000016651;0;2;0;0;2;4;2;B01
201000016651;0;10;0;0;2;1;2;A01
201000016652;0;7;0;0;2;1;1;A01
201000016652;0;7;0;0;2;9;1;B01
201000016652;0;2;0;0;2;9;1;C01
201000016652;0;7;0;0;2;4;1;D01
201000016653;0;33;0;0;1;1;1;A01
201000016654;0;7;0;0;2;3;1;A01
201000016655;0;10;0;0;1;7;1;A01
201000016656;0;1;0;0;1;1;1;A01
201000016657;0;99;0;0;2;7;1;B01
201000016657;0;1;0;0;2;9;1;C01
201000016657;0;7;0;0;2;1;1;A01
201000016658;0;31;0;0;2;1;17;B01
201000016658;0;7;0;0;2;3;15;A01
201000016659;0;34;0;0;2;1;17;A01
201000016659;0;33;0;0;2;3;15;B01
201000016660;0;30;0;0;2;1;13;A01
201000016660;0;7;0;0;2;3;13;B01
201000016661;0;7;0;0;0;8;10;A01
201000016661;0;2;0;0;2;1;13;B01
201000016662;0;7;0;0;2;2;2;A01
201000016662;0;2;0;0;2;4;2;B01
201000016663;0;31;0;0;2;1;1;B01
201000016663;0;7;0;0;2;5;15;A01
201000016664;0;7;0;0;2;5;2;B01
201000016664;0;2;0;0;2;8;2;A01
201000016665;0;37;6;0;2;1;13;A01
201000016665;0;10;0;0;2;8;1;B01
201000016666;0;2;0;0;2;0;18;A01
201000016666;0;7;0;0;2;2;1;B01
201000016667;0;10;0;4;0;1;14;A01
201000016668;0;7;0;0;2;3;15;B01
201000016668;0;2;0;1;2;1;9;A01
201000016669;0;7;0;0;2;4;23;D01
201000016669;0;7;0;0;2;4;1;B01
201000016669;0;7;0;0;2;1;1;A01
201000016669;0;7;0;0;2;4;1;C01
201000016670;0;7;0;0;2;3;9;A01
201000016670;0;2;0;0;2;2;1;B01
201000016671;0;7;0;0;2;6;1;B01
201000016671;0;7;0;0;2;7;14;A01
201000016672;0;7;0;0;1;1;2;A01
201000016673;0;99;0;0;2;6;16;B01
201000016673;0;1;0;0;2;1;2;A01
201000016673;0;1;0;0;0;0;13;C01
201000016674;0;7;0;0;2;1;1;A01
201000016674;0;7;0;0;2;4;23;B01
201000016675;0;30;0;0;1;1;1;A01
201000016676;0;31;0;0;2;6;0;B01
201000016676;0;7;0;0;2;7;0;A01
201000016677;0;1;0;0;2;1;1;B01
201000016677;0;7;0;0;2;3;24;A01
201000016678;0;7;0;0;2;1;1;B01
201000016678;0;2;0;0;2;1;5;A01
201000016679;0;32;0;0;2;4;2;B01
201000016679;0;7;0;0;2;1;2;A01
201000016679;0;7;0;0;2;4;2;C01
201000016680;0;7;0;0;2;6;15;B01
201000016680;0;7;0;0;2;3;9;A01
201000016681;0;33;0;0;1;1;1;A01
201000016682;0;31;0;0;2;3;1;B01
201000016682;0;2;0;1;2;1;15;A01
201000016683;0;7;0;0;2;1;2;A01
201000016683;0;7;0;1;2;7;2;B01
201000016684;0;7;0;0;1;1;1;A01
201000016685;0;7;0;14;2;1;1;A01
201000016685;0;7;0;0;2;4;2;B01
201000016685;0;7;0;0;2;4;2;C01
201000016686;0;31;0;0;2;2;15;A01
201000016686;0;7;0;0;2;3;1;B01
201000016687;0;33;0;0;1;3;1;A01
201000016688;0;7;0;0;2;3;15;A01
201000016688;0;37;3;0;2;2;1;B01
201000016689;0;31;0;0;0;7;1;A01
201000016690;0;37;1;0;1;0;16;A01
201000016691;0;32;0;0;1;2;1;A01
201000016692;0;7;0;0;1;3;1;A01
201000016693;0;33;0;1;2;7;13;A01
201000016693;0;37;15;0;2;3;1;B01
201000016694;1;2;0;0;1;1;1;Z01
201000016695;0;7;0;0;2;2;15;A01
201000016695;0;2;0;0;2;1;1;B01
201000016696;0;30;0;0;2;7;0;B01
201000016696;0;7;0;0;2;6;15;A01
201000016697;0;7;0;0;2;1;13;A01
201000016697;0;7;0;0;2;1;1;B01
201000016698;0;2;0;0;2;1;1;B01
201000016698;0;7;0;0;2;1;15;A01
201000016699;0;7;0;0;2;1;1;B01
201000016699;0;2;0;0;2;3;1;A01
201000016700;0;2;0;0;2;1;1;A01
201000016700;0;2;0;0;2;1;1;B01
201000016701;0;14;0;0;2;2;15;B01
201000016701;0;31;0;0;2;1;15;A01
201000016702;0;7;0;0;2;6;1;A01
201000016702;0;2;0;0;2;1;1;B01
201000016703;0;7;0;0;2;6;0;B01
201000016703;0;30;0;0;2;1;0;A01
201000016704;0;7;0;0;2;4;23;C01
201000016704;0;7;0;0;1;9;23;B01
201000016704;0;7;0;0;2;1;1;A01
201000016705;0;31;0;0;2;1;1;B01
201000016705;0;31;0;0;2;1;1;A01
201000016706;0;2;0;0;2;1;2;B01
201000016706;0;7;0;0;2;6;9;A01
201000016707;0;2;0;1;0;1;1;A01
201000016708;0;7;0;0;2;3;15;A01
201000016708;0;30;0;0;2;2;17;B01
201000016709;0;34;0;0;2;1;2;A01
201000016709;0;7;0;0;2;4;2;B01
201000016710;0;10;0;0;2;5;1;B01
201000016710;0;7;0;0;2;3;9;A01
201000016711;0;33;0;0;2;0;0;B01
201000016711;0;7;0;0;2;1;2;A01
201000016712;0;32;0;0;2;3;1;A01
201000016712;0;7;0;0;2;7;16;B01
201000016713;0;31;0;0;1;1;1;A01
201000016714;0;7;0;0;2;3;1;B01
201000016714;0;33;0;0;2;1;1;A01
201000016715;0;10;0;0;2;1;1;A01
201000016715;0;10;0;0;2;4;2;B01
201000016716;0;7;0;0;1;2;1;A01
201000016717;0;33;0;0;2;1;2;A01
201000016717;0;7;0;0;2;6;24;B01
201000016718;0;7;0;0;2;1;2;A01
201000016718;0;7;0;0;2;4;2;B01
201000016719;0;1;0;0;1;1;1;A01
201000016720;0;7;0;0;1;2;17;A01
201000016721;0;7;0;0;2;2;16;B01
201000016721;0;33;0;0;2;3;1;A01
201000016722;0;32;0;0;2;7;2;B01
201000016722;0;7;0;0;2;6;0;A01
201000016723;0;7;0;0;2;1;1;A01