num_acc;senc;catv;occutc;obs;obsm;choc;manv;num_veh
201000016723;0;2;0;0;2;7;1;B01
201000016724;0;7;0;0;2;6;0;B01
201000016724;0;7;0;0;2;1;0;A01
201000016725;0;7;0;0;2;4;2;B01
201000016725;0;7;0;0;2;1;1;A01
201000016726;0;7;0;0;2;1;2;A01
201000016726;0;7;0;0;2;4;2;B01
201000016727;0;33;0;0;2;2;1;B01
201000016727;0;7;0;0;2;3;15;A01
201000016728;0;2;0;0;2;1;17;B01
201000016728;0;2;0;0;2;1;17;A01
201000016729;0;32;0;0;2;1;2;A01
201000016729;0;7;0;0;2;4;2;B01
201000016730;0;30;0;0;1;1;1;A01
201000016731;0;7;0;0;2;4;0;C01
201000016731;0;7;0;0;2;1;1;A01
201000016731;0;7;0;0;1;4;1;B01
201000016732;0;7;0;0;2;1;8;B01
201000016732;0;1;0;0;2;7;15;A01
201000016733;0;1;0;0;9;1;1;A01
201000016734;0;7;0;0;2;1;1;A01
201000016734;0;7;0;0;2;4;1;B01
201000016735;0;30;0;0;2;1;17;A01
201000016735;0;7;0;0;2;1;2;B01
201000016736;0;33;0;0;2;4;1;B01
201000016736;0;7;0;0;2;1;1;A01
201000016737;0;2;0;0;2;1;1;A01
201000016737;0;7;0;0;2;1;1;B01
201000016738;0;13;0;0;2;3;1;B01
201000016738;0;33;0;0;2;3;13;A01
201000016739;0;7;0;0;2;2;16;B01
201000016739;0;2;0;0;0;3;18;A01
201000016740;0;30;0;0;2;0;2;B01
201000016740;0;7;0;0;2;3;15;A01
201000016741;0;7;0;1;2;1;1;A01
201000016741;0;7;0;0;2;6;1;B01
201000016742;0;7;0;0;2;6;1;B01
201000016742;0;2;0;0;2;1;1;A01
201000016743;0;30;0;0;2;2;1;A01
201000016743;0;7;0;0;2;3;1;B01
201000016744;0;2;0;0;2;1;1;B01
201000016744;0;7;0;0;0;5;16;A01
201000016745;0;30;0;0;2;0;2;B01
201000016745;0;7;0;0;2;2;15;A01
201000016746;0;33;0;0;2;1;1;B01
201000016746;0;10;0;0;2;2;6;A01
201000016747;0;2;0;0;2;1;17;B01
201000016747;0;7;0;0;2;3;15;A01
201000016748;0;7;0;0;2;1;14;A01
201000016749;0;30;0;0;2;0;15;A01
201000016749;0;7;0;0;2;6;0;C01
201000016749;0;7;0;0;2;5;0;B01
201000016750;0;7;0;0;2;4;23;C01
201000016750;0;7;0;0;2;2;9;A01
201000016750;0;7;0;1;2;9;23;B01
201000016751;0;31;0;0;2;5;0;B01
201000016751;0;7;0;0;2;6;4;A01
201000016752;0;7;0;0;2;6;0;B01
201000016752;0;31;0;0;2;9;0;A01
201000016753;0;32;0;0;2;1;1;A01
201000016754;0;7;0;0;2;3;15;B01
201000016754;0;31;0;0;2;2;17;A01
201000016755;0;33;0;0;2;7;2;B01
201000016755;0;7;0;0;2;8;24;A01
201000016756;0;7;0;9;0;1;14;A01
201000016757;2;7;0;0;2;1;16;A01
201000016757;0;1;0;0;2;4;1;B01
201000016757;1;7;0;0;2;1;14;Z01
201000016758;0;7;0;0;2;2;13;A01
201000016758;0;7;0;0;2;2;13;B01
201000016759;0;7;0;0;2;2;2;B01
201000016759;0;31;0;0;2;0;0;A01
201000016760;0;7;0;0;2;1;2;A01
201000016760;0;7;0;0;2;0;0;B01
201000016761;0;7;0;0;2;1;0;A01
201000016761;0;2;0;0;2;8;0;B01
201000016762;0;7;0;0;2;3;1;B01
201000016762;0;33;0;0;2;3;13;A01
201000016763;0;1;0;0;2;1;5;A01
201000016763;0;32;0;0;2;1;1;B01
201000016764;0;32;0;0;2;8;0;B01
201000016764;0;7;0;0;2;1;0;A01
201000016765;0;7;0;0;1;1;0;A01
201000016766;0;7;0;0;2;8;9;A01
201000016766;0;33;0;0;2;1;2;B01
201000016767;0;7;0;0;2;1;1;B01
201000016767;0;32;0;0;2;1;5;A01
201000016768;0;7;0;0;2;7;15;A01
201000016768;0;37;4;0;2;3;2;B01
201000016769;0;7;0;0;2;1;1;B01
201000016769;0;2;0;0;2;1;17;A01
201000016770;0;2;0;0;2;1;1;B01
201000016770;0;2;0;0;2;3;9;A01
201000016771;0;31;0;0;2;4;2;B01
201000016771;0;7;0;0;2;4;2;C01
201000016771;0;7;0;0;2;3;2;A01
201000016772;0;7;0;0;2;3;9;A01
201000016772;0;32;0;0;2;1;1;B01
201000016773;0;7;0;0;2;1;9;A01
201000016774;0;7;0;14;0;1;1;A01
201000016774;0;7;0;0;2;4;2;B01
201000016775;0;33;0;0;2;3;1;B01
201000016775;0;7;0;0;2;8;16;A01
201000016776;0;30;0;0;2;4;2;B01
201000016776;0;10;0;0;2;1;2;A01
201000016777;0;7;0;0;1;2;1;A01
201000016778;0;7;0;1;0;2;1;A01
201000016779;0;7;0;0;2;7;1;A01
201000016779;0;33;0;0;2;1;1;B01
201000016780;0;7;0;0;2;4;1;B01
201000016780;0;30;0;0;2;1;1;A01
201000016781;0;7;0;1;0;2;14;A01
201000016782;0;32;0;0;2;1;1;B01
201000016782;0;7;0;0;2;6;15;A01
201000016783;0;7;0;0;2;1;1;B01
201000016783;0;7;0;0;2;2;1;A01
201000016784;0;7;0;0;2;3;9;B01
201000016784;0;7;0;0;2;1;5;A01
201000016785;0;7;0;0;2;1;2;A01
201000016785;0;7;0;0;2;4;23;C01
201000016785;0;7;0;0;2;4;23;B01
201000016786;0;30;0;0;2;1;16;A01
201000016786;0;7;0;0;2;3;1;B01
201000016787;0;7;0;0;2;6;1;B01
201000016787;0;7;0;0;2;1;1;A01
201000016788;0;31;0;0;0;0;0;A01
201000016789;0;7;0;0;2;1;15;A01
201000016789;0;2;0;0;2;1;1;B01
201000016790;0;2;0;0;2;8;1;B01
201000016790;0;7;0;0;2;7;24;A01
201000016791;0;32;0;0;2;0;0;B01
201000016791;1;32;0;0;2;0;0;Z01
201000016792;0;7;0;0;2;4;1;B01
201000016792;0;10;0;0;2;1;1;A01
201000016793;0;32;0;0;2;7;13;A01
201000016793;0;7;0;0;2;3;1;B01
201000016794;0;7;0;0;2;1;1;A01
201000016794;0;31;0;0;2;8;1;B01
201000016795;0;7;0;5;0;9;1;A01
201000016795;1;7;0;0;2;0;0;Z01
201000016796;0;7;0;0;2;4;2;B01
201000016796;0;7;0;0;2;1;1;A01
201000016797;0;7;0;0;2;2;16;A01
201000016797;0;30;0;0;2;1;1;B01
201000016798;0;30;0;0;2;7;1;A01
201000016798;0;7;0;0;2;3;1;B01
201000016799;0;7;0;0;1;1;1;A01
201000016800;0;33;0;0;2;3;1;A01
201000016800;0;7;0;0;2;2;16;B01
201000016801;0;7;0;0;2;0;13;B01
201000016801;0;2;0;0;2;1;1;A01
201000016802;0;7;0;0;0;9;1;A01
201000016803;0;31;0;0;2;4;1;B01
201000016803;0;30;0;0;2;1;1;A01
201000016804;0;2;0;0;0;0;0;A01
201000016805;0;2;0;0;2;1;1;B01
201000016805;0;10;0;0;2;5;16;A01
201000016806;0;32;0;9;2;1;1;A01
201000016807;0;30;0;0;2;7;14;B01
201000016807;0;7;0;0;2;3;1;A01
201000016808;0;32;0;0;2;1;1;A01
201000016808;0;37;16;0;2;5;15;B01
201000016809;0;7;0;1;0;9;14;A01
201000016810;0;33;0;10;0;1;1;A01
201000016811;0;7;0;0;2;2;1;A01
201000016811;0;7;0;1;2;1;1;B01
201000016812;0;7;0;0;2;2;15;A01
201000016812;0;31;0;0;2;1;1;B01
201000016813;0;7;0;0;1;0;15;A01
201000016814;0;7;0;0;2;3;15;B01
201000016814;0;30;0;0;2;1;17;A01
201000016815;0;32;0;0;0;0;9;B01
201000016815;0;10;0;0;0;0;4;A01
201000016816;0;7;0;0;2;8;15;A01
201000016816;0;33;0;0;2;8;1;B01
201000016817;0;2;0;0;0;2;1;A01
201000016818;0;7;0;2;0;1;1;A01
201000016819;0;31;0;0;2;3;1;B01
201000016819;0;7;0;0;2;2;1;A01
201000016820;0;37;1;0;1;0;9;A01
201000016821;0;7;0;0;0;0;0;B01
201000016821;0;33;0;0;2;0;16;A01
201000016822;0;30;0;0;0;8;1;A01
201000016823;0;31;0;0;2;1;1;B01
201000016823;0;7;0;0;2;3;9;A01
201000016824;0;7;0;0;2;8;15;A01
201000016824;0;2;0;0;2;2;1;B01
201000016824;0;2;0;0;2;2;1;C01
201000016825;0;33;0;0;2;1;1;A01
201000016825;0;7;0;0;2;6;1;B01
201000016826;0;7;0;0;2;4;1;B01
201000016826;0;7;0;0;2;1;1;A01
201000016827;0;31;0;0;2;8;15;A01
201000016827;0;37;26;0;2;1;7;B01
201000016828;0;7;0;0;2;8;15;A01
201000016828;0;2;0;0;2;1;1;B01
201000016829;0;7;0;0;1;1;1;A01
201000016830;0;7;0;0;2;1;1;B01
201000016830;0;33;0;0;2;1;1;A01
201000016831;0;7;0;0;2;4;2;B01
201000016831;0;30;0;0;2;1;1;A01
201000016832;0;7;0;0;2;4;1;B01
201000016832;0;7;0;0;2;1;1;A01
201000016833;0;7;0;0;1;1;15;A01
201000016834;0;7;0;0;2;5;1;B01
201000016834;0;7;0;0;2;2;1;A01
201000016835;0;7;0;0;2;4;1;B01
201000016835;0;7;0;0;2;1;1;A01
201000016836;0;7;0;0;2;6;0;B01
201000016836;0;7;0;1;0;2;1;A01
201000016837;0;31;0;0;2;1;1;A01
201000016837;0;7;0;0;2;6;15;B01
201000016838;0;2;0;0;2;1;1;B01
201000016838;0;7;0;0;2;5;12;A01
201000016839;0;31;0;0;2;1;13;A01
201000016839;0;7;0;0;2;3;1;B01
201000016840;0;7;0;0;2;1;1;A01
201000016840;0;7;0;0;2;2;0;B01
201000016840;0;7;0;0;2;1;1;C01
201000016841;0;2;0;12;0;2;1;A01
201000016842;0;2;0;0;2;5;1;B01
201000016842;0;7;0;0;2;2;1;A01
201000016843;0;33;0;0;2;1;1;B01
201000016843;0;7;0;0;2;2;15;A01
201000016844;0;7;0;0;1;3;1;A01
201000016845;0;32;0;11;2;7;1;B01
201000016845;0;7;0;0;2;3;11;A01
201000016846;0;7;0;0;0;0;0;B01
201000016846;0;31;0;0;2;1;1;A01
201000016847;0;7;0;0;2;2;15;B01
201000016847;0;33;0;0;2;8;15;A01
201000016848;0;7;0;0;2;3;15;B01
201000016848;0;32;0;0;2;7;17;A01
201000016849;0;7;0;0;2;2;1;B01
201000016849;0;2;0;0;2;1;9;A01
201000016850;0;7;0;0;0;0;12;B01
201000016850;0;31;0;0;0;0;1;A01
201000016851;0;32;0;1;0;1;1;A01
201000016852;0;31;0;0;2;7;1;A01
201000016852;0;7;0;0;2;3;1;B01
201000016853;0;7;0;0;2;4;1;B01
201000016853;0;7;0;0;2;1;1;A01
201000016854;0;1;0;0;1;1;1;A01
201000016855;0;7;0;0;2;6;23;C01
201000016855;0;33;0;0;0;0;0;B01
201000016855;0;31;0;0;2;7;0;A01
201000016856;0;7;0;0;2;1;1;B01
201000016856;0;1;0;0;2;8;0;A01
201000016857;0;31;0;0;2;7;16;B01
201000016857;0;31;0;0;2;1;1;A01
201000016858;0;33;0;0;2;8;0;B01
201000016858;0;7;0;0;2;6;0;A01
201000016859;0;32;0;0;2;2;1;B01
201000016859;0;7;0;1;2;7;12;A01
201000016860;0;32;0;0;0;0;1;A01
201000016861;0;31;0;0;2;4;1;B01
201000016861;0;7;0;0;2;4;1;C01
201000016861;0;7;0;0;2;1;1;A01
201000016862;1;7;0;0;2;7;16;Z01
201000016862;0;7;0;0;2;6;23;B01
201000016862;0;33;0;1;2;1;1;A01
201000016863;0;31;0;0;2;6;1;B01
201000016863;0;2;0;0;2;1;1;A01
201000016864;0;31;0;0;2;1;1;A01
201000016864;0;7;0;0;2;2;16;B01
201000016865;0;33;0;0;2;1;17;A01
201000016865;0;7;0;0;2;6;17;B01
201000016866;0;7;0;0;2;7;15;A01
201000016866;0;32;0;0;2;1;1;B01
201000016867;0;30;0;0;2;7;1;B01
201000016867;0;7;0;0;2;1;1;A01
201000016868;0;37;16;0;2;1;1;B01
201000016868;0;2;0;0;2;2;1;A01
201000016869;0;32;0;0;2;1;1;B01
201000016869;0;7;0;0;2;4;0;A01
201000016870;0;2;0;0;0;0;0;A01
201000016871;0;10;0;0;2;1;9;A01
201000016871;0;7;0;0;2;8;1;B01
201000016872;0;7;0;0;2;8;20;A01
201000016872;0;30;0;0;2;1;1;B01
201000016873;0;7;0;0;2;3;1;B01
201000016873;0;30;0;0;2;1;15;A01
201000016874;0;33;0;0;2;1;1;A01
201000016874;0;7;0;0;2;4;1;B01
201000016875;0;7;0;0;2;5;9;B01
201000016875;0;7;0;0;2;3;1;A01
201000016876;0;1;0;0;2;1;5;A01
201000016876;0;7;0;0;2;1;1;B01
201000016877;0;7;0;0;2;3;1;A01
201000016877;0;32;0;0;2;9;1;B01
201000016878;0;7;0;0;1;4;4;A01
201000016879;0;2;0;0;2;3;1;B01
201000016879;0;7;0;0;2;7;16;A01
201000016880;0;7;0;0;2;2;1;A01
201000016880;0;32;0;0;2;9;23;B01
201000016880;0;7;0;0;2;4;23;C01
201000016881;0;7;0;0;2;3;0;A01
201000016881;0;7;0;15;2;2;0;B01
201000016882;0;7;0;4;0;3;1;A01
201000016883;0;2;0;0;2;1;1;B01
201000016883;0;7;0;0;2;3;9;A01
201000016884;0;7;0;0;1;3;1;A01
201000016885;0;13;0;0;2;4;23;B01
201000016885;0;7;0;0;2;1;1;A01
201000016886;0;7;0;0;1;6;4;A01
201000016887;0;7;0;0;2;3;9;A01
201000016887;0;2;0;0;2;1;1;B01
201000016888;0;7;0;0;2;1;23;B01
201000016888;0;7;0;1;2;9;1;A01
201000016889;0;32;0;0;2;1;1;A01
201000016889;0;7;0;0;2;6;1;B01
201000016890;0;2;0;1;0;1;13;A01
201000016891;0;1;0;0;2;1;1;A01
201000016891;0;1;0;0;2;1;1;B01
201000016892;0;2;0;0;2;1;1;B01
201000016892;0;7;0;0;2;4;20;A01
201000016893;0;30;0;0;2;1;1;A01
201000016894;0;7;0;0;2;2;1;B01
201000016894;0;33;0;0;2;8;9;A01
201000016895;0;1;0;0;2;1;1;B01
201000016895;0;14;0;0;2;3;15;A01
201000016896;0;7;0;0;1;4;4;A01
201000016897;0;7;0;0;2;8;15;A01
201000016897;0;30;0;0;2;1;17;B01
201000016898;0;33;0;1;0;1;1;A01
201000016899;0;7;0;3;0;1;14;A01
201000016900;0;1;0;0;2;0;1;B01
201000016900;0;7;0;0;2;1;9;A01
201000016901;0;7;0;0;2;1;1;B01
201000016901;0;7;0;0;2;1;1;A01
201000016902;0;32;0;0;2;8;1;B01
201000016902;0;7;0;0;2;4;0;A01
201000016903;0;7;0;0;2;7;9;A01
201000016903;0;37;0;0;2;1;1;B01
201000016904;0;2;0;0;2;4;1;A01
201000016904;0;7;0;0;2;7;16;B01
201000016905;0;31;0;0;2;7;1;B01
201000016905;0;7;0;0;2;3;15;A01
201000016906;0;7;0;0;2;0;1;A01
201000016906;0;30;0;1;0;2;1;B01
201000016907;0;7;0;0;2;1;1;A01
201000016907;0;7;0;0;2;4;1;B01
201000016908;0;30;0;0;2;1;1;B01
201000016908;0;32;0;0;2;0;15;A01
201000016909;0;2;0;0;2;1;1;B01
201000016909;0;7;0;0;2;1;15;A01
201000016910;0;2;0;0;0;0;15;B01
201000016910;0;7;0;0;0;0;15;A01
201000016911;0;37;3;0;2;4;2;B01
201000016911;0;7;0;0;2;1;2;A01
201000016912;0;7;0;0;1;1;2;A01
201000016913;0;7;0;0;2;3;10;A01
201000016913;0;32;0;0;2;7;17;B01
201000016914;0;33;0;0;2;1;1;B01
201000016914;0;7;0;0;2;6;10;A01
201000016915;0;7;0;0;2;1;15;A01
201000016915;0;2;0;0;2;1;1;B01
201000016916;0;31;0;0;1;1;1;A01
201000016917;0;7;0;0;2;1;2;A01
201000016917;0;31;0;0;2;4;2;B01
201000016918;0;7;0;4;0;9;24;B01
201000016918;0;7;0;1;0;2;0;A01
201000016918;0;99;0;0;2;7;24;C01
201000016919;0;34;0;0;1;2;0;A01
201000016920;0;2;0;0;2;3;1;B01
201000016920;0;33;0;0;2;3;1;A01
201000016921;1;7;0;0;2;1;1;A01
201000016921;0;33;0;0;2;2;1;B01
201000016922;0;7;0;0;1;2;15;A01
201000016923;0;33;0;0;2;7;2;A01
201000016923;0;7;0;0;2;4;2;B01
201000016924;0;7;0;0;2;2;1;B01
201000016924;0;33;0;0;2;1;1;A01
201000016925;0;7;0;0;2;3;0;A01
201000016925;0;32;0;0;2;2;0;B01
201000016926;0;30;0;0;2;1;0;A01
201000016926;0;10;0;0;2;8;0;B01
201000016927;0;33;0;0;2;1;2;A01
201000016927;0;31;0;0;2;4;2;B01
201000016928;0;33;0;0;0;9;1;A01
201000016929;0;7;0;0;2;3;1;B01
201000016929;0;7;0;0;2;1;15;A01
201000016930;0;7;0;0;2;4;2;B01
201000016930;0;7;0;0;2;1;2;A01
201000016931;0;7;0;0;2;3;9;B01
201000016931;0;7;0;0;2;2;2;A01
201000016932;0;33;0;0;2;1;1;B01
201000016932;0;7;0;0;2;1;14;A01
201000016932;0;31;0;0;2;8;1;C01
201000016933;0;7;0;0;2;3;1;A01
201000016933;0;10;0;0;2;1;1;C01
201000016933;0;2;0;0;2;1;1;B01
201000016934;0;1;0;0;0;0;0;A01
201000016934;0;7;0;0;2;6;23;B01
201000016935;0;30;0;1;0;0;1;A01
201000016936;0;30;0;0;0;9;0;A01
201000016937;0;7;0;0;2;0;1;B01
201000016937;0;32;0;0;2;8;3;A01
201000016938;0;32;0;2;0;0;0;A01
201000016939;0;7;0;0;2;1;1;A01
201000016939;0;7;0;0;2;1;1;B01
201000016940;0;2;0;0;2;1;0;B01
201000016940;0;7;0;0;2;2;1;A01
201000016941;0;7;0;0;2;1;11;A01
201000016941;0;7;0;12;2;4;1;B01
201000016942;0;7;0;0;2;3;11;B01
201000016942;0;34;0;0;2;7;1;A01
201000016943;1;7;0;0;2;8;13;Z01
201000016943;0;33;0;6;2;7;1;A01
201000016944;0;2;0;0;2;1;0;A01
201000016945;0;7;0;0;2;3;2;B01
201000016945;0;2;0;1;2;1;2;A01
201000016946;0;7;0;0;2;4;15;A01
201000016946;0;37;2;0;2;1;2;B01
201000016947;0;32;0;1;2;1;1;B01
201000016947;0;7;0;0;2;3;1;A01
201000016948;0;7;0;0;2;6;2;B01
201000016948;0;33;0;0;2;4;2;A01
201000016949;0;10;0;1;0;1;13;A01
201000016950;0;7;0;0;1;4;2;B01
201000016950;0;10;0;0;2;1;2;A01
201000016951;0;7;0;0;2;1;13;A01
201000016951;0;30;0;0;2;1;1;B01
201000016952;0;7;0;0;2;2;16;A01
201000016952;0;31;0;8;2;3;1;B01
201000016953;0;7;0;0;2;1;1;B01
201000016953;0;2;0;0;2;1;1;A01
201000016954;0;7;0;0;2;1;1;B01
201000016954;0;1;0;0;2;8;0;A01
201000016955;0;33;0;0;2;1;0;B01
201000016955;0;7;0;0;2;7;15;A01
201000016956;0;7;0;0;1;2;0;A01
201000016957;0;10;0;0;2;3;1;A01
201000016957;0;31;0;0;2;1;1;B01
201000016958;0;7;0;0;2;5;1;A01
201000016958;0;7;0;0;2;1;1;B01
201000016959;0;7;0;0;2;3;15;A01
201000016959;0;33;0;0;2;1;1;B01
201000016960;0;2;0;0;2;8;15;A01
201000016960;0;37;40;0;2;2;7;B01
201000016961;0;7;0;14;0;9;0;A01
201000016962;0;7;0;0;2;1;1;A01
201000016962;0;31;0;0;2;1;0;B01
201000016963;0;7;0;0;2;4;1;B01
201000016963;0;7;0;0;2;5;1;C01
201000016963;0;7;0;0;2;1;1;A01
201000016964;0;7;0;0;1;0;15;A01
201000016965;0;7;0;0;2;2;0;A01
201000016965;0;32;0;0;2;5;0;B01
201000016966;0;7;0;0;2;8;15;A01
201000016966;0;31;0;0;2;2;17;B01
201000016967;0;31;0;0;2;3;1;B01
201000016967;0;7;0;0;2;2;1;A01
201000016968;0;31;0;0;2;1;1;B01
201000016968;0;7;0;0;2;1;15;A01
201000016969;0;7;0;0;1;1;1;A01
201000016970;0;7;0;10;0;1;16;A01
201000016971;0;2;0;0;2;1;1;B01
201000016971;0;7;0;0;2;0;9;A01
201000016972;0;2;0;0;2;1;1;B01
201000016972;0;7;0;0;2;1;1;A01
201000016973;0;38;1;0;1;0;1;A01
201000016974;0;7;0;0;1;1;0;A01
201000016975;0;7;0;0;1;1;1;A01
201000016976;0;7;0;0;1;1;16;A01
201000016977;0;7;0;0;2;3;15;A01
201000016977;0;33;0;0;2;1;1;B01
201000016978;0;33;0;0;2;6;1;B01
201000016978;0;7;0;0;2;2;1;A01
201000016979;0;30;0;0;2;3;11;A01
201000016979;0;31;0;0;1;2;1;B01
201000016980;0;30;0;0;2;2;15;B01
201000016980;0;7;0;0;2;3;16;A01
201000016981;0;33;0;11;2;3;1;B01
201000016981;0;7;0;0;2;3;13;A01
201000016982;0;32;0;0;2;3;1;B01
201000016982;0;7;0;0;2;3;22;A01
201000016983;0;31;0;0;2;4;23;B01
201000016983;0;7;0;0;2;1;1;A01
201000016984;0;37;20;0;1;2;7;A01
201000016985;0;7;0;0;2;3;11;A01
201000016985;0;34;0;0;2;2;1;B01
201000016986;0;7;0;0;2;1;1;B01
201000016986;0;7;0;0;2;2;1;A01
201000016987;0;31;0;0;2;2;1;A01
201000016987;0;7;0;0;2;8;0;B01
201000016988;0;7;0;0;1;1;1;A01
201000016989;0;7;0;0;2;3;1;B01
201000016989;0;7;0;0;2;2;15;A01
201000016990;0;31;0;12;2;2;17;A01
201000016990;0;7;0;0;2;8;1;B01
201000016991;0;7;0;0;1;2;1;A01
201000016992;0;7;0;0;2;8;15;A01
201000016992;0;37;1;0;2;1;1;B01
201000016993;0;2;0;0;2;0;0;A01
201000016993;0;2;0;0;2;1;1;B01
201000016994;0;7;0;0;2;3;0;A01
201000016994;0;2;0;0;2;1;1;B01
201000016995;0;31;0;0;2;1;1;B01
201000016995;0;7;0;0;2;1;15;A01
201000016996;0;7;0;0;2;2;15;A01
201000016996;0;33;0;0;2;1;1;B01
201000016997;0;7;0;0;2;2;1;A01
201000016998;0;7;0;0;2;4;1;D01
201000016998;0;7;0;0;2;9;1;C01
201000016998;0;7;0;0;2;1;1;A01
201000016998;0;7;0;0;2;9;1;B01
201000016999;0;33;0;0;2;1;18;B01
201000016999;0;7;0;0;2;2;15;A01
201000017000;0;2;0;8;0;1;1;A01
201000017001;0;2;0;0;2;4;1;B01
201000017001;0;10;0;0;2;2;17;A01
201000017002;0;7;0;0;2;2;1;B01
201000017002;0;7;0;0;2;2;15;A01
201000017003;0;31;0;12;0;9;18;A01
201000017004;0;2;0;6;0;1;0;A01
201000017005;0;7;0;0;1;4;4;A01
201000017006;1;2;0;0;1;0;1;Z01
201000017007;0;7;0;0;1;1;1;A01
201000017008;0;7;0;1;2;9;1;A01
201000017008;0;7;0;0;2;6;0;B01
201000017008;0;7;0;0;2;4;1;E01
201000017008;0;7;0;0;2;1;1;D01
201000017008;0;7;0;0;2;3;1;C01
201000017009;0;7;0;0;2;6;0;B01
201000017009;0;7;0;0;2;2;0;A01
201000017010;0;13;0;6;2;1;1;A01
201000017010;0;7;0;0;2;1;1;B01
201000017011;0;7;0;0;1;1;1;A01
201000017012;0;1;0;0;2;8;1;B01
201000017012;0;7;0;0;2;2;1;A01
201000017013;0;10;0;0;2;3;1;B01
201000017013;0;10;0;0;2;3;13;A01
201000017014;0;7;0;0;2;1;1;A01
201000017014;0;7;0;0;2;9;1;B01
201000017014;0;7;0;0;2;7;1;C01
201000017015;0;33;0;0;2;1;1;B01
201000017015;0;7;0;0;2;7;15;A01
201000017016;0;2;0;0;2;1;1;B01
201000017016;0;7;0;0;2;2;1;A01
201000017017;0;33;0;0;2;8;0;B01
201000017017;0;7;0;0;2;3;0;A01
201000017018;0;30;0;0;2;8;1;A01
201000017018;0;7;0;0;2;4;1;B01
201000017019;0;7;0;0;1;1;1;A01
201000017020;0;30;0;0;0;1;1;A01
201000017021;0;7;0;0;2;5;0;B01
201000017021;0;30;0;0;2;3;0;A01
201000017022;1;7;0;0;2;4;0;Z01
201000017022;0;7;0;0;2;4;1;B01
201000017022;0;7;0;0;2;1;1;A01
201000017022;0;7;0;0;2;4;1;C01
201000017023;0;1;0;0;1;0;5;A01
201000017023;0;7;0;0;2;3;15;B01
201000017024;0;7;0;0;2;1;2;A01
201000017024;0;2;0;0;2;4;2;B01
201000017025;0;31;0;0;2;1;1;A01
201000017025;0;7;0;0;2;3;1;B01
201000017026;0;32;0;0;2;5;1;A01
201000017026;0;7;0;0;2;6;1;B01
201000017027;0;7;0;0;2;0;1;A01
201000017027;0;7;0;0;2;8;1;B01
201000017028;0;33;0;0;2;1;1;B01
201000017028;0;7;0;0;2;1;10;A01
201000017029;0;7;0;8;0;1;13;A01
201000017030;0;7;0;0;2;5;5;A01
201000017030;0;7;0;0;2;1;1;C01
201000017030;0;33;0;0;2;3;1;B01
201000017031;0;7;0;6;2;1;0;A01
201000017031;1;7;0;0;0;0;13;Z01
201000017031;0;7;0;0;2;8;1;B01
201000017032;0;31;0;0;2;4;2;B01
201000017032;0;7;0;0;2;1;1;A01
201000017033;0;7;0;0;2;5;1;D01
201000017033;0;7;0;0;2;8;1;C01
201000017033;0;7;0;0;2;9;1;B01
201000017033;0;2;0;0;2;2;1;A01
201000017034;0;31;0;0;2;1;3;B01
201000017034;0;7;0;0;2;3;15;A01
201000017035;1;7;0;0;2;1;1;Z01
201000017035;0;31;0;0;2;0;1;B01
201000017036;0;33;0;0;2;1;1;B01
201000017036;0;7;0;0;2;3;1;A01
201000017037;0;7;0;0;1;1;1;A01
201000017038;0;7;0;0;2;4;1;B01
201000017038;0;30;0;0;2;1;1;A01
201000017039;0;32;0;0;2;1;1;B01
201000017039;0;7;0;0;2;0;0;A01
201000017040;0;7;0;0;2;4;2;B01
201000017040;0;33;0;14;0;1;1;A01
201000017041;0;7;0;0;2;2;1;A01
201000017041;0;31;0;0;2;1;1;B01
201000017042;0;2;0;0;2;1;1;B01
201000017042;0;7;0;0;2;2;1;A01
201000017043;0;30;0;0;2;4;2;B01
201000017043;0;7;0;0;2;1;2;A01
201000017044;0;33;0;0;2;1;1;B01
201000017044;0;7;0;0;2;3;15;A01
201000017045;0;7;0;0;2;3;15;A01
201000017045;0;33;0;0;2;8;1;B01
201000017046;0;1;0;0;2;3;1;B01
201000017046;0;7;0;0;9;2;20;A01
201000017047;0;7;0;0;2;3;1;A01
201000017047;0;31;0;0;2;1;1;B01
201000017048;0;1;0;0;2;1;16;A01
201000017048;0;7;0;0;1;4;1;B01
201000017049;0;33;0;0;2;1;1;B01
201000017049;0;7;0;1;2;4;1;A01
201000017050;0;7;0;0;2;3;1;B01
201000017050;0;2;0;0;2;1;1;A01
201000017051;0;7;0;0;2;1;1;A01
201000017051;0;7;0;0;2;4;1;B01
201000017052;0;7;0;0;2;5;1;B01
201000017052;0;1;0;0;2;3;13;A01
201000017053;0;31;0;0;2;1;1;A01
201000017053;0;7;0;0;2;4;1;B01
201000017054;0;7;0;0;2;3;9;B01
201000017054;0;31;0;0;2;1;1;A01
201000017055;0;2;0;1;0;1;18;A01
201000017056;0;2;0;0;2;8;1;A01
201000017056;1;7;0;0;2;1;1;Z01
201000017057;0;7;0;0;2;3;1;B01
201000017057;0;7;0;0;2;7;1;D01
201000017057;0;7;0;0;2;1;1;C01
201000017057;0;7;0;1;0;1;5;A01
201000017057;0;7;0;0;2;1;1;E01
201000017058;0;7;0;0;1;1;1;A01
201000017059;0;32;0;6;0;1;14;A01
201000017060;0;2;0;0;2;1;17;B01
201000017060;0;7;0;0;2;6;15;A01
201000017061;0;7;0;0;1;1;15;A01
201000017062;0;7;0;0;1;1;1;A01
201000017063;0;31;0;0;2;2;1;B01
201000017063;0;7;0;0;2;1;15;A01