num_acc;senc;catv;occutc;obs;obsm;choc;manv;num_veh
201000017064;0;34;0;0;2;7;1;B01
201000017064;0;7;0;0;2;2;9;A01
201000017065;0;7;0;0;2;1;1;B01
201000017065;0;31;0;13;2;1;13;A01
201000017066;0;7;0;0;2;1;1;A01
201000017066;0;7;0;0;2;4;2;C01
201000017066;0;7;0;14;2;4;2;B01
201000017067;0;7;0;0;2;3;15;B01
201000017067;0;2;0;0;2;2;17;A01
201000017068;0;7;0;0;2;2;12;A01
201000017068;0;7;0;0;2;8;1;B01
201000017069;0;7;0;0;2;1;1;B01
201000017069;0;7;0;0;2;5;1;C01
201000017069;0;7;0;0;2;3;1;E01
201000017069;0;7;0;0;2;3;1;D01
201000017069;0;7;0;0;2;2;1;A01
201000017070;0;7;0;0;2;3;15;A01
201000017070;0;33;0;0;2;1;1;B01
201000017071;0;31;0;0;1;8;1;A01
201000017072;0;7;0;0;1;2;1;A01
201000017073;0;7;0;0;1;1;1;A01
201000017074;0;32;0;0;2;1;1;A01
201000017074;0;10;0;0;2;4;1;B01
201000017075;0;33;0;0;2;1;9;B01
201000017075;0;34;0;0;2;6;1;A01
201000017076;0;32;0;0;2;6;16;B01
201000017076;0;10;0;0;2;1;1;A01
201000017077;0;2;0;0;2;4;1;B01
201000017077;0;7;0;0;2;1;1;A01
201000017078;0;7;0;0;2;3;15;A01
201000017078;0;7;0;0;2;2;1;B01
201000017079;0;33;0;0;2;1;1;B01
201000017079;0;7;0;0;2;1;15;A01
201000017080;0;7;0;0;2;4;1;B01
201000017080;0;37;0;0;2;1;1;A01
201000017081;0;7;0;0;2;7;15;B01
201000017081;0;40;0;0;2;1;1;A01
201000017082;0;30;0;0;2;1;0;B01
201000017082;0;7;0;0;2;8;15;A01
201000017083;0;7;0;0;2;2;9;A01
201000017083;0;33;0;0;2;1;1;B01
201000017084;0;33;0;11;0;1;14;A01
201000017085;0;40;0;0;1;1;1;A01
201000017086;0;34;0;0;2;5;15;B01
201000017086;0;10;0;0;2;1;1;A01
201000017087;1;7;0;0;2;1;12;Z01
201000017087;0;2;0;0;2;8;1;B01
201000017088;0;33;0;0;2;2;1;B01
201000017088;0;7;0;0;2;3;15;A01
201000017089;0;7;0;0;2;1;15;A01
201000017090;0;7;0;0;2;6;15;A01
201000017090;0;30;0;0;2;1;1;B01
201000017091;0;30;0;14;2;1;13;A01
201000017091;0;7;0;0;2;3;21;B01
201000017092;0;7;0;0;2;5;1;B01
201000017092;0;30;0;0;2;1;1;A01
201000017093;0;7;0;0;2;2;15;A01
201000017093;0;2;0;0;2;1;1;B01
201000017094;0;32;0;0;2;2;16;A01
201000017094;0;10;0;0;2;5;16;B01
201000017095;0;7;0;0;2;4;10;B01
201000017095;0;33;0;0;2;1;2;A01
201000017096;0;7;0;0;2;1;1;A01
201000017097;0;2;0;0;2;1;15;A01
201000017097;0;7;0;0;2;1;1;B01
201000017098;0;7;0;0;2;0;15;A01
201000017098;0;1;0;0;2;7;1;B01
201000017099;0;10;0;0;2;1;1;A01
201000017099;0;7;0;14;2;4;2;B01
201000017099;0;7;0;0;2;4;2;C01
201000017100;0;31;0;0;2;1;16;A01
201000017100;0;32;0;0;2;1;1;B01
201000017101;0;7;0;1;0;1;1;A01
201000017102;0;31;0;0;2;3;1;B01
201000017102;0;31;0;0;2;2;16;A01
201000017103;0;7;0;0;2;4;1;B01
201000017103;0;2;0;0;2;1;11;A01
201000017104;0;10;0;0;1;4;4;A01
201000017105;0;7;0;0;1;1;1;A01
201000017106;0;7;0;0;0;3;1;B01
201000017106;0;32;0;0;2;1;5;A01
201000017107;0;37;1;0;2;3;2;B01
201000017107;0;7;0;0;2;5;12;A01
201000017108;0;33;0;0;2;1;1;B01
201000017108;0;7;0;0;2;1;15;A01
201000017109;0;7;0;0;2;4;1;C01
201000017109;0;7;0;0;2;1;1;A01
201000017109;0;7;0;0;2;4;1;B01
201000017110;0;2;0;0;2;7;1;B01
201000017110;0;7;0;0;2;1;9;A01
201000017111;0;31;0;14;2;1;15;A01
201000017111;0;7;0;0;2;8;1;B01
201000017111;0;7;0;0;2;5;23;C01
201000017112;0;30;0;0;0;7;1;A01
201000017113;0;2;0;0;2;7;1;A01
201000017113;0;7;0;0;2;3;1;B01
201000017114;0;30;0;0;1;1;1;A01
201000017115;0;7;0;0;2;2;1;B01
201000017115;0;32;0;1;2;8;18;A01
201000017115;0;7;0;0;2;6;1;C01
201000017116;0;7;0;0;2;1;1;B01
201000017116;0;7;0;0;2;1;13;A01
201000017117;1;7;0;0;1;0;0;Z01
201000017117;0;1;0;0;2;9;1;B01
201000017118;0;30;0;0;2;1;1;A01
201000017118;0;7;0;0;2;4;1;B01
201000017119;0;31;0;0;2;1;1;A01
201000017119;0;7;0;0;2;3;9;B01
201000017120;0;7;0;0;2;1;16;B01
201000017120;0;31;0;0;2;6;1;A01
201000017121;0;7;0;0;2;4;2;C01
201000017121;0;7;0;0;2;1;2;A01
201000017121;0;7;0;0;2;4;2;B01
201000017122;0;7;0;0;2;4;1;C01
201000017122;0;7;0;0;2;4;1;B01
201000017122;0;7;0;0;2;1;1;A01
201000017123;0;7;0;0;1;1;1;A01
201000017124;0;33;0;0;1;1;1;A01
201000017125;0;10;0;0;1;1;1;A01
201000017126;0;10;0;0;1;1;1;A01
201000017126;0;7;0;0;2;6;24;B01
201000017127;0;31;0;0;2;1;1;A01
201000017127;0;7;0;0;2;4;1;B01
201000017128;0;7;0;0;1;1;15;A01
201000017129;0;99;0;0;2;5;1;B01
201000017129;0;7;0;0;2;1;1;A01
201000017130;0;7;0;0;2;1;1;A01
201000017131;0;33;0;0;2;1;1;B01
201000017131;0;7;0;0;2;6;11;A01
201000017132;0;31;0;0;2;1;2;A01
201000017132;0;7;0;0;2;4;2;B01
201000017133;0;7;0;1;1;1;1;A01
201000017133;0;31;0;0;2;4;0;B01
201000017133;0;7;0;0;0;1;1;C01
201000017134;0;10;0;0;1;4;4;A01
201000017135;0;30;0;0;1;1;1;A01
201000017136;0;7;0;0;2;1;1;A01
201000017136;0;7;0;0;2;4;1;C01
201000017136;0;7;0;0;2;4;1;B01
201000017137;0;1;0;0;2;7;1;B01
201000017137;0;31;0;0;2;8;9;A01
201000017138;0;7;0;0;1;1;1;A01
201000017139;0;7;0;0;2;3;15;A01
201000017139;0;31;0;0;2;1;17;B01
201000017140;0;33;0;0;1;1;0;A01
201000017141;0;7;0;0;2;4;2;B01
201000017141;0;30;0;0;2;1;2;A01
201000017142;0;2;0;0;2;4;1;B01
201000017142;0;2;0;0;2;1;1;A01
201000017143;0;10;0;0;1;3;15;A01
201000017144;0;7;0;0;2;1;15;A01
201000017145;0;31;0;4;0;3;1;A01
201000017146;0;10;0;0;2;7;12;B01
201000017146;0;2;0;0;2;5;1;A01
201000017147;0;7;0;0;2;3;15;A01
201000017147;0;7;0;0;2;7;1;B01
201000017148;0;2;0;0;2;4;2;B01
201000017148;0;7;0;0;2;1;1;A01
201000017149;0;7;0;0;1;3;15;A01
201000017150;0;30;0;1;1;1;1;A01
201000017151;0;7;0;0;2;2;1;A01
201000017151;0;7;0;0;2;8;9;B01
201000017152;0;7;0;0;2;3;15;A01
201000017152;0;37;1;0;2;2;1;B01
201000017153;0;7;0;0;2;0;1;B01
201000017153;0;7;0;0;2;1;1;A01
201000017154;0;33;0;0;2;6;15;B01
201000017154;0;10;0;0;2;2;16;A01
201000017155;0;7;0;3;2;7;13;A01
201000017155;0;14;0;0;2;1;21;B01
201000017156;0;31;0;0;1;0;1;A01
201000017157;0;7;0;1;2;6;16;A01
201000017157;0;7;0;1;2;1;1;B01
201000017158;0;30;0;0;1;1;1;A01
201000017159;0;30;0;1;2;1;1;B01
201000017159;0;7;0;0;2;3;11;A01
201000017160;0;7;0;0;1;2;21;A01
201000017161;0;13;0;0;2;1;1;B01
201000017161;0;30;0;0;2;4;16;A01
201000017162;0;7;0;0;2;5;15;A01
201000017162;0;33;0;0;2;1;1;B01
201000017163;0;33;0;0;2;1;0;A01
201000017163;0;7;0;0;2;1;0;B01
201000017164;0;7;0;0;2;4;23;B01
201000017164;0;2;0;14;0;1;1;A01
201000017165;0;2;0;0;2;0;19;A01
201000017165;0;31;0;0;2;8;1;B01
201000017166;0;33;0;1;2;8;1;B01
201000017166;0;15;0;0;2;7;1;A01
201000017167;0;30;0;0;2;1;1;A01
201000017167;0;10;0;0;2;2;9;B01
201000017168;0;34;0;0;2;1;0;B01
201000017168;0;7;0;0;2;5;0;A01
201000017169;0;7;0;0;2;2;15;A01
201000017169;0;32;0;0;2;1;1;B01
201000017170;0;7;0;0;2;3;15;A01
201000017170;0;33;0;0;2;8;17;B01
201000017171;0;7;0;0;2;4;2;B01
201000017171;0;7;0;0;2;1;2;A01
201000017171;0;7;0;0;2;4;2;C01
201000017172;0;30;0;1;0;1;14;A01
201000017173;0;7;0;0;2;1;1;B01
201000017173;0;37;1;0;2;1;15;A01
201000017174;0;30;0;0;2;4;1;B01
201000017174;0;13;0;0;2;0;1;A01
201000017175;0;7;0;0;2;8;9;A01
201000017175;0;30;0;0;2;1;1;B01
201000017176;0;7;0;0;2;1;1;A01
201000017176;0;7;0;0;2;3;15;B01
201000017177;0;2;0;0;2;1;1;B01
201000017177;0;7;0;0;2;3;15;A01
201000017178;0;7;0;0;1;3;23;A01
201000017179;0;33;0;1;0;2;1;A01
201000017179;0;7;0;0;2;2;1;B01
201000017179;0;7;0;0;2;6;1;C01
201000017180;0;31;0;0;2;1;1;B01
201000017180;0;7;0;0;2;2;9;A01
201000017181;0;1;0;0;2;1;1;B01
201000017181;0;7;0;0;2;3;15;A01
201000017182;0;37;24;0;2;1;1;B01
201000017182;0;7;0;0;2;8;15;A01
201000017183;0;32;0;0;0;0;0;A01
201000017184;0;7;0;6;0;1;14;A01
201000017185;0;7;0;0;2;8;15;B01
201000017185;0;31;0;0;2;2;17;A01
201000017186;0;7;0;0;2;4;1;B01
201000017186;0;7;0;0;2;2;9;A01
201000017187;0;7;0;0;1;1;1;A01
201000017188;0;7;0;0;2;3;15;A01
201000017188;0;2;0;0;2;2;1;B01
201000017189;0;7;0;0;2;1;1;A01
201000017190;0;7;0;0;2;3;16;A01
201000017190;0;30;0;0;2;1;1;B01
201000017191;0;32;0;0;2;3;1;B01
201000017191;0;32;0;0;2;3;9;A01
201000017192;0;33;0;0;2;8;1;B01
201000017192;0;7;0;0;2;1;15;A01
201000017193;0;7;0;0;2;3;15;B01
201000017193;0;30;0;0;2;2;17;A01
201000017194;0;2;0;0;2;3;1;B01
201000017194;0;7;0;0;2;2;16;A01
201000017195;0;7;0;0;2;3;1;B01
201000017195;0;1;0;0;2;2;1;A01
201000017196;0;7;0;0;2;3;15;A01
201000017196;0;33;0;0;2;2;17;B01
201000017197;0;33;0;0;2;2;1;B01
201000017197;0;7;0;0;2;8;22;A01
201000017198;0;7;0;0;2;4;2;C01
201000017198;0;7;0;14;2;4;2;B01
201000017198;0;7;0;0;0;0;0;A01
201000017199;0;1;0;0;2;1;1;A01
201000017199;0;7;0;0;2;8;1;B01
201000017200;0;37;0;0;0;2;1;B01
201000017200;0;30;0;0;2;3;15;A01
201000017201;0;10;0;0;1;8;1;A01
201000017202;0;7;0;0;2;3;15;A01
201000017202;0;7;0;0;2;3;1;B01
201000017203;0;2;0;0;2;1;1;B01
201000017203;0;7;0;0;2;3;9;A01
201000017204;0;7;0;9;0;1;1;A01
201000017205;0;37;16;0;1;8;7;A01
201000017206;0;34;0;0;1;1;17;A01
201000017207;0;7;0;0;2;1;1;A01
201000017207;0;7;0;0;2;3;1;B01
201000017208;0;7;0;14;2;4;2;B01
201000017208;0;7;0;14;2;4;2;C01
201000017208;0;7;0;0;2;4;2;D01
201000017208;0;10;0;14;0;1;1;A01
201000017209;0;30;0;0;2;1;1;B01
201000017209;0;7;0;0;2;8;9;A01
201000017210;0;7;0;0;2;2;15;A01
201000017210;0;30;0;0;2;1;1;B01
201000017211;0;7;0;0;1;4;4;A01
201000017212;0;7;0;0;2;1;1;A01
201000017212;0;2;0;0;2;3;1;B01
201000017213;0;7;0;6;0;1;16;A01
201000017214;0;7;0;0;1;4;4;A01
201000017215;0;7;0;0;1;3;15;A01
201000017216;0;7;0;0;1;1;16;A01
201000017217;0;2;0;0;2;2;17;A01
201000017217;0;7;0;0;2;6;15;B01
201000017218;0;7;0;0;1;1;1;A01
201000017219;0;7;0;0;2;1;10;A01
201000017219;0;33;0;0;2;1;1;B01
201000017220;0;7;0;0;2;3;9;A01
201000017220;0;32;0;0;2;1;1;B01
201000017221;0;7;0;0;2;3;9;B01
201000017221;0;2;0;0;2;1;1;A01
201000017222;0;7;0;15;0;7;0;A01
201000017223;0;7;0;0;2;3;13;A01
201000017223;0;7;0;0;2;3;1;B01
201000017224;0;32;0;0;2;1;2;B01
201000017224;0;7;0;0;2;6;13;A01
201000017225;0;7;0;0;2;0;1;A01
201000017226;0;7;0;0;1;1;1;A01
201000017227;0;7;0;0;2;1;9;A01
201000017227;0;30;0;1;2;7;1;B01
201000017228;0;7;0;0;1;1;1;A01
201000017229;0;31;0;0;2;1;1;B01
201000017229;0;7;0;0;2;2;15;A01
201000017230;0;2;0;0;0;2;1;A01
201000017231;0;33;0;0;2;7;15;A01
201000017231;0;7;0;0;2;1;1;B01
201000017232;0;32;0;0;2;1;1;B01
201000017232;0;7;0;0;2;7;15;A01
201000017233;0;7;0;0;2;2;1;A01
201000017233;0;32;0;0;2;3;1;B01
201000017234;0;7;0;0;2;9;1;A01
201000017234;0;7;0;0;2;3;1;B01
201000017235;0;30;0;0;2;1;1;A01
201000017235;0;7;0;0;2;1;9;B01
201000017236;0;32;0;0;1;2;1;A01
201000017236;0;10;0;0;2;3;15;B01
201000017237;0;7;0;0;2;2;1;B01
201000017237;0;2;0;0;2;3;11;A01
201000017238;0;7;0;0;2;8;15;B01
201000017238;0;33;0;1;2;1;1;A01
201000017239;0;32;0;0;2;2;17;A01
201000017239;0;7;0;0;2;3;15;B01
201000017240;0;2;0;0;2;7;1;A01
201000017240;0;7;0;0;2;3;15;B01
201000017241;0;3;0;0;2;1;1;A01
201000017241;0;7;0;0;2;4;1;B01
201000017242;0;7;0;0;2;2;15;A01
201000017242;0;30;0;0;2;1;1;B01
201000017243;0;37;1;0;2;1;1;B01
201000017243;0;7;0;0;2;7;9;A01
201000017244;0;32;0;0;2;2;1;A01
201000017244;0;7;0;0;2;6;1;B01
201000017245;0;7;0;0;2;4;1;B01
201000017245;0;7;0;0;2;4;1;C01
201000017245;0;7;0;0;2;1;1;A01
201000017246;0;33;0;0;2;1;1;B01
201000017246;0;7;0;0;2;5;16;A01
201000017247;0;7;0;0;2;1;1;A01
201000017247;0;7;0;0;2;4;1;B01
201000017248;0;7;0;0;1;4;4;A01
201000017249;0;2;0;0;1;1;1;A01
201000017250;0;7;0;0;2;1;15;A01
201000017250;0;32;0;0;2;1;1;B01
201000017251;0;31;0;0;1;0;9;A01
201000017252;0;31;0;0;2;1;2;A01
201000017252;0;7;0;0;2;4;1;B01
201000017253;0;7;0;0;2;1;15;A01
201000017253;0;33;0;0;2;1;1;B01
201000017254;0;7;0;0;2;3;1;A01
201000017254;0;31;0;0;2;1;1;B01
201000017255;0;30;0;0;2;1;18;B01
201000017255;0;7;0;1;0;1;14;A01
201000017256;0;30;0;0;2;1;1;A01
201000017256;0;31;0;0;2;1;1;B01
201000017257;0;7;0;0;2;1;1;B01
201000017257;0;7;0;0;2;1;0;A01
201000017258;0;2;0;0;2;8;1;B01
201000017258;0;7;0;0;2;0;9;A01
201000017259;0;7;0;0;2;5;1;A01
201000017259;0;7;0;0;2;3;1;B01
201000017260;0;33;0;0;2;1;1;A01
201000017260;0;1;0;0;2;8;9;B01
201000017261;0;7;0;0;2;1;1;A01
201000017261;0;7;0;0;2;5;1;B01
201000017262;0;2;0;0;2;8;1;B01
201000017262;1;10;0;0;0;0;17;Z01
201000017263;0;33;0;0;2;1;1;B01
201000017263;0;7;0;0;2;2;15;A01
201000017264;0;7;0;0;2;1;15;A01
201000017264;0;31;0;0;2;8;1;B01
201000017265;0;7;0;0;1;2;0;A01
201000017266;0;7;0;0;2;8;15;A01
201000017266;0;37;10;0;2;2;1;B01
201000017267;0;7;0;1;0;1;0;A01
201000017268;0;7;0;0;2;4;1;B01
201000017268;0;7;0;0;2;1;1;A01
201000017268;0;2;0;0;2;3;1;C01
201000017269;0;32;0;0;2;1;2;A01
201000017269;0;10;0;0;2;4;2;B01
201000017270;0;7;0;0;1;3;1;A01
201000017271;0;31;0;0;2;3;13;A01
201000017271;0;7;0;0;2;2;1;B01
201000017272;0;37;1;0;1;1;1;A01
201000017273;0;34;0;0;2;1;1;A01
201000017273;0;10;0;0;2;3;15;B01
201000017274;0;31;0;0;4;1;1;B01
201000017274;0;7;0;0;2;2;15;A01
201000017275;0;7;0;0;2;2;17;A01
201000017276;0;7;0;0;1;2;15;A01
201000017277;0;30;0;0;1;1;1;A01
201000017278;0;7;0;0;2;7;16;A01
201000017278;0;33;0;0;2;3;1;B01
201000017279;0;7;0;0;2;6;1;A01
201000017279;0;31;0;0;2;1;1;B01
201000017280;1;7;0;0;2;8;9;A01
201000017280;0;7;0;8;2;0;1;B01
201000017281;0;7;0;0;2;1;2;A01
201000017281;0;7;0;0;2;4;2;B01
201000017282;0;1;0;0;2;1;1;B01
201000017282;0;7;0;0;2;2;15;A01
201000017283;0;7;0;0;1;3;1;A01
201000017284;0;7;0;0;1;3;0;A01
201000017285;0;30;0;0;2;1;1;B01
201000017285;0;7;0;0;2;3;15;A01
201000017286;0;33;0;0;2;0;1;B01
201000017286;0;7;0;0;2;1;9;A01
201000017287;0;38;1;0;2;3;1;B01
201000017287;0;7;0;0;2;7;15;A01
201000017288;0;7;0;0;1;1;1;A01
201000017289;0;7;0;0;1;0;0;A01
201000017290;0;10;0;2;0;1;0;A01
201000017291;0;32;0;0;2;1;1;A01
201000017291;0;7;0;0;2;1;15;B01
201000017292;0;7;0;0;2;7;20;B01
201000017292;0;2;0;1;2;1;0;A01
201000017293;0;7;0;0;2;8;0;B01
201000017293;0;32;0;0;2;1;0;A01
201000017294;0;32;0;0;0;0;0;A01
201000017295;0;37;3;0;2;3;1;B01
201000017295;0;33;0;5;2;3;6;A01
201000017296;0;7;0;0;2;7;12;A01
201000017296;0;32;0;0;1;3;1;B01
201000017297;0;7;0;0;2;2;16;A01
201000017297;0;2;0;0;2;1;1;B01
201000017298;0;7;0;0;2;8;15;A01
201000017298;0;37;1;0;2;2;1;B01
201000017299;0;7;0;0;2;4;1;C01
201000017299;0;7;0;0;1;7;1;B01
201000017299;0;31;0;0;2;1;3;A01
201000017300;0;7;0;0;2;1;1;A01
201000017300;0;7;0;0;2;4;1;B01
201000017301;0;7;0;0;1;2;0;A01
201000017302;0;7;0;0;2;3;1;A01
201000017302;0;30;0;0;2;1;9;B01
201000017303;0;33;0;0;0;0;1;B01
201000017303;0;7;0;0;0;0;9;A01
201000017304;0;7;0;2;0;9;0;A01
201000017305;0;1;0;0;1;0;1;A01
201000017306;0;1;0;0;1;1;1;A01
201000017307;0;7;0;0;2;8;1;A01
201000017307;0;32;0;0;2;1;7;B01
201000017308;0;7;0;0;2;5;15;A01
201000017308;0;31;0;0;2;7;1;B01
201000017309;0;2;0;0;2;1;1;A01
201000017309;0;7;0;0;2;5;1;B01
201000017310;0;7;0;0;2;4;1;B01
201000017310;0;30;0;0;2;1;1;A01
201000017311;0;7;0;0;1;2;15;A01
201000017312;0;7;0;0;2;4;1;B01
201000017312;0;7;0;0;2;1;1;A01
201000017313;0;2;0;0;2;2;7;A01
201000017313;0;7;0;0;2;8;15;B01
201000017314;0;10;0;0;1;2;15;A01
201000017315;0;7;0;1;0;2;1;A01
201000017316;1;10;0;0;2;1;1;A01
201000017316;0;7;0;0;2;4;1;B01
201000017317;0;7;0;0;1;3;15;A01
201000017318;0;7;0;0;1;3;1;A01
201000017319;0;7;0;0;2;2;1;A01
201000017320;0;7;0;0;2;1;2;A01
201000017320;0;7;0;0;2;4;1;B01
201000017320;0;7;0;0;2;4;1;C01
201000017321;0;7;0;0;2;1;1;A01
201000017321;0;7;0;0;2;3;1;B01
201000017322;0;7;0;0;2;1;1;B01
201000017322;0;7;0;0;2;8;1;A01
201000017323;0;7;0;5;0;2;0;A01
201000017324;0;7;0;0;1;1;0;A01
201000017325;0;3;0;1;1;4;4;A01
201000017326;0;7;0;0;2;6;15;B01
201000017326;0;32;0;0;2;1;1;A01
201000017327;0;30;0;0;0;0;0;A01
201000017328;0;33;0;0;2;1;1;A01
201000017328;0;7;0;0;2;6;13;B01
201000017329;0;40;0;0;1;2;1;A01
201000017330;0;7;0;0;2;1;2;A01
201000017330;0;7;0;0;0;4;2;B01
201000017331;0;7;0;0;2;7;1;B01
201000017331;1;7;0;0;2;1;0;Z01
201000017332;0;7;0;0;1;1;1;A01
201000017333;0;33;0;0;2;1;13;A01
201000017333;0;7;0;0;2;1;1;B02
201000017334;0;31;0;0;2;2;1;A01
201000017334;0;7;0;0;2;3;16;B02
201000017335;0;33;0;16;0;2;1;A01
201000017336;0;33;0;12;0;1;1;A01
201000017337;0;33;0;0;0;1;1;A01
201000017337;0;10;0;0;0;7;15;B02
201000017338;0;7;0;0;2;2;15;A01
201000017338;0;31;0;0;2;1;1;B02
201000017339;0;7;0;0;2;1;13;A01
201000017339;0;7;0;0;2;3;1;B02
201000017340;0;7;0;8;0;3;1;A01
201000017341;0;7;0;8;0;1;1;A01
201000017342;0;7;0;0;0;1;2;A01
201000017342;0;1;0;0;0;4;2;B02
201000017343;0;33;0;0;2;7;17;A01
201000017343;0;7;0;0;2;3;15;B02
201000017344;0;33;0;0;6;1;1;A01
201000017345;0;30;0;0;2;1;1;B02
201000017345;0;14;0;0;2;3;15;A01
201000017346;0;38;1;0;0;5;1;A01
201000017346;0;2;0;0;2;1;1;B02
201000017347;0;30;0;0;0;0;0;A01
201000017348;0;7;0;0;2;3;16;A01
201000017348;0;7;0;0;2;1;1;B01
201000017349;0;7;0;0;0;5;10;A01
201000017349;0;33;0;0;2;1;1;B02
201000017350;0;7;0;0;2;5;13;A01
201000017350;0;7;0;0;2;2;1;B02
201000017351;0;21;0;0;2;3;15;B02
201000017351;0;33;0;0;2;1;17;A01
201000017352;0;7;0;0;2;3;2;A01
201000017352;0;16;0;0;2;7;16;B02
201000017353;0;7;0;0;1;3;1;A01
201000017354;0;7;0;0;9;2;1;A01
201000017354;0;1;0;0;2;4;1;B02
201000017355;0;7;0;0;2;3;13;A01
201000017355;0;7;0;0;2;1;1;B02
201000017355;0;7;0;0;2;6;1;C03
201000017356;0;7;0;0;2;0;13;A01
201000017356;0;7;0;0;2;8;15;B02
201000017357;0;7;0;0;2;8;15;A01
201000017357;0;7;0;0;2;1;1;B02
201000017358;0;7;0;0;2;5;15;B02
201000017358;0;33;0;0;2;1;1;A01
201000017359;0;10;0;8;0;1;1;A01
201000017360;0;33;0;0;2;1;2;A01
201000017360;0;7;0;0;2;6;15;B02
201000017361;0;10;0;0;2;1;1;B02
201000017361;0;7;0;0;2;4;1;C03
201000017361;0;33;0;0;2;1;1;A01
201000017362;0;10;0;0;1;4;4;A01
201000017363;0;10;0;13;0;1;13;A01
201000017364;0;7;0;0;0;0;15;B01
201000017364;0;7;0;0;0;1;2;A01
201000017365;0;7;0;0;2;3;13;B02
201000017365;0;7;0;0;2;3;1;A01
201000017366;0;7;0;2;0;1;1;A01
201000017367;0;14;0;0;0;7;1;A01
201000017368;0;31;0;0;6;1;1;A01
201000017369;0;7;0;13;0;1;14;A01
201000017370;0;7;0;2;0;7;1;A01
201000017371;0;7;0;2;0;1;1;A01
201000017372;0;7;0;0;1;4;20;A01
201000017373;0;7;0;0;2;3;1;B02
201000017373;0;7;0;0;2;7;9;A01
201000017374;0;7;0;13;0;3;1;A01
201000017375;0;7;0;6;0;3;1;A01
201000017376;0;7;0;13;2;1;13;A01
201000017376;0;7;0;13;0;1;1;B02
201000017377;0;7;0;0;2;1;1;C03
201000017377;0;7;0;0;2;1;13;A01
201000017377;0;7;0;0;2;8;1;B02
201000017378;0;7;0;0;1;8;0;A01
201000017379;0;7;0;0;1;3;12;A01
201000017380;0;33;0;0;2;1;2;A01
201000017381;2;7;0;0;2;3;13;A01
201000017381;0;7;0;0;2;1;1;C01
201000017381;0;7;0;0;2;6;1;B01
201000017382;0;10;0;0;2;7;15;A01
201000017382;0;2;0;0;2;1;1;B01
201000017383;0;31;0;6;0;1;13;A01
201000017384;0;7;0;0;9;1;0;B01
201000017384;0;2;0;0;2;1;0;A01
201000017385;0;7;0;0;0;6;2;B01
201000017385;0;2;0;0;2;2;2;A01
201000017386;1;7;0;0;9;1;13;A01
201000017386;0;1;0;0;2;1;1;B01
201000017387;0;33;0;0;2;1;0;B01
201000017387;0;7;0;0;2;1;15;A01
201000017388;0;7;0;0;1;2;1;A01
201000017389;1;7;0;0;1;1;1;A01
201000017390;0;7;0;0;1;3;0;A01
201000017391;0;31;0;0;2;1;1;B01
201000017391;0;7;0;0;2;1;1;C01
201000017391;0;7;0;0;2;2;15;A01
201000017392;0;7;0;0;1;1;1;A01
201000017393;0;7;0;0;2;1;1;B01
201000017393;0;7;0;0;2;1;1;C01
201000017393;0;10;0;0;2;1;13;A01
201000017394;0;33;0;0;0;0;15;B01
201000017394;0;7;0;0;0;0;1;A01
201000017395;0;31;0;0;2;1;17;B01
201000017395;0;7;0;3;0;8;10;A01
201000017396;0;30;0;1;0;2;0;A01
201000017397;0;7;0;15;0;9;2;A01
201000017398;0;7;0;0;2;1;2;B01
201000017398;0;7;0;0;2;1;5;A01
201000017399;0;7;0;0;1;4;4;A01
201000017400;0;7;0;0;2;5;2;B01
201000017400;0;7;0;0;2;3;2;A01
201000017401;0;7;0;0;2;1;17;A01
201000017401;0;99;0;0;2;3;5;B01
201000017402;0;7;0;0;2;3;1;B01
201000017402;0;7;0;0;2;3;13;A01
201000017403;0;7;0;0;2;3;13;A01
201000017403;0;7;0;0;2;1;5;B01
201000017404;2;7;0;6;0;1;1;A01
201000017405;0;7;0;12;0;9;1;A01
201000017406;0;7;0;13;0;2;1;A01
201000017407;0;7;0;0;2;1;13;A01
201000017407;0;7;0;0;2;8;1;B01
201000017408;0;15;0;0;2;6;1;B01
201000017408;0;7;0;0;2;1;13;A01
201000017409;0;7;0;0;2;8;13;A01
201000017409;0;14;0;0;2;6;1;B01
201000017410;0;1;0;0;2;1;1;B01
201000017410;0;7;0;0;9;5;16;A01
201000017411;0;7;0;6;2;3;13;A01
201000017411;0;7;0;6;2;3;1;B01
201000017412;0;7;0;0;2;1;15;A01
201000017412;0;7;0;0;2;8;1;B01
201000017413;0;7;0;0;9;1;1;C03
201000017413;0;7;0;0;9;1;1;B02
201000017413;0;32;0;11;0;8;1;A01
201000017414;0;17;0;0;0;0;1;A01
201000017415;0;7;0;8;0;1;1;A01
201000017416;0;14;0;0;9;2;17;A01
201000017416;0;1;0;0;0;4;1;B02
201000017417;0;7;0;0;2;8;1;B02
201000017417;0;7;0;0;2;1;1;C03
201000017417;0;7;0;0;2;8;13;A01
201000017418;0;7;0;0;9;8;1;C03
201000017418;0;33;0;0;2;8;17;A01
201000017418;0;7;0;0;2;8;1;B02
201000017419;0;30;0;8;0;1;1;A01
201000017420;0;14;0;10;2;2;1;B02
201000017420;0;7;0;0;2;3;16;A01
201000017421;0;7;0;0;0;9;2;A01
201000017422;0;7;0;7;0;7;1;A01
201000017423;0;7;0;0;2;3;1;B02
201000017423;0;7;0;0;2;3;17;A01
201000017424;0;33;0;6;0;1;1;A01
201000017425;0;10;0;0;2;8;15;A01
201000017425;0;31;0;0;2;1;1;B02