num_acc;senc;catv;occutc;obs;obsm;choc;manv;num_veh
201000017426;0;7;0;0;2;3;17;A01
201000017426;0;33;0;0;2;1;1;B02
201000017427;0;7;0;0;2;1;1;B02
201000017427;0;7;0;2;2;7;13;A01
201000017428;0;7;0;0;1;7;2;A01
201000017429;0;7;0;0;0;1;1;B02
201000017429;0;7;0;0;2;3;1;A01
201000017430;0;7;0;2;0;1;1;A01
201000017431;0;7;0;0;1;1;1;A01
201000017432;0;7;0;0;2;1;20;A01
201000017432;0;2;0;0;2;1;1;B01
201000017433;0;7;0;0;2;3;2;B01
201000017433;0;33;0;0;2;2;17;A01
201000017434;0;7;0;0;2;1;13;B01
201000017434;0;7;0;0;2;3;13;A01
201000017435;0;33;0;0;2;1;1;B01
201000017435;0;7;0;0;2;8;19;A01
201000017436;0;7;0;0;2;1;2;A01
201000017436;0;7;0;12;0;4;2;B01
201000017437;0;7;0;0;2;1;2;B01
201000017437;1;7;0;0;0;0;2;A01
201000017438;0;7;0;13;0;9;1;A01
201000017439;0;7;0;0;2;2;1;A01
201000017439;0;10;0;0;0;2;16;B01
201000017440;0;38;4;0;2;1;1;B01
201000017440;0;7;0;6;2;5;1;A01
201000017441;0;33;0;0;2;1;1;B01
201000017441;1;7;0;0;2;0;15;A01
201000017442;0;7;0;0;2;7;19;A01
201000017442;0;7;0;0;2;1;1;B02
201000017443;0;7;0;2;0;1;1;A01
201000017444;0;1;0;0;2;1;15;B02
201000017444;0;7;0;0;2;2;1;A01
201000017445;0;7;0;0;2;8;15;A01
201000017445;0;7;0;0;2;1;17;B02
201000017446;0;7;0;0;2;8;15;A01
201000017446;0;7;0;0;2;1;5;B02
201000017447;0;10;0;0;2;3;15;B02
201000017447;0;2;0;0;2;1;17;A01
201000017448;0;31;0;0;0;1;2;A01
201000017448;0;1;0;0;0;4;1;B01
201000017449;0;37;4;0;1;5;1;A01
201000017450;0;7;0;0;0;3;15;A01
201000017450;0;32;0;0;0;1;1;B02
201000017451;0;33;0;12;0;9;17;A01
201000017452;0;7;0;2;0;7;1;A01
201000017453;0;36;0;1;0;1;16;A01
201000017454;0;33;0;0;2;1;1;B02
201000017454;0;7;0;0;2;8;15;A01
201000017455;0;7;0;13;0;2;1;A01
201000017456;0;1;0;0;2;1;1;B02
201000017456;0;7;0;0;9;1;19;A01
201000017457;0;7;0;0;2;3;13;A01
201000017457;0;7;0;0;2;1;1;B02
201000017458;0;7;0;13;0;1;14;A01
201000017459;0;7;0;13;0;2;1;A01
201000017460;0;7;0;0;1;8;1;A01
201000017461;0;33;0;0;2;2;17;A01
201000017461;0;7;0;0;0;3;15;B02
201000017462;0;7;0;0;2;7;16;A01
201000017462;0;1;0;0;2;1;1;B02
201000017463;0;7;0;0;2;1;1;C03
201000017464;0;33;0;0;2;1;2;A01
201000017464;0;7;0;0;0;5;2;B02
201000017465;0;7;0;13;0;1;1;A01
201000017466;0;7;0;0;1;2;1;A01
201000017467;0;7;0;3;0;1;1;A01
201000017468;0;7;0;0;2;3;1;B02
201000017468;0;7;0;0;2;3;13;A01
201000017469;0;7;0;2;0;3;1;A01
201000017470;0;7;0;6;0;1;1;A01
201000017471;0;7;0;0;2;1;1;B02
201000017471;0;10;0;0;0;1;11;A01
201000017472;0;33;0;13;0;8;1;A01
201000017473;0;7;0;0;2;5;15;A01
201000017473;0;33;0;0;2;1;1;B02
201000017474;0;7;0;0;2;3;16;B02
201000017474;0;33;0;0;2;1;13;A01
201000017475;0;7;0;13;0;1;13;A01
201000017476;0;7;0;0;1;3;21;A01
201000017477;0;10;0;0;2;1;1;B02
201000017477;0;7;0;0;2;2;13;A01
201000017478;0;7;0;2;0;2;2;A01
201000017479;0;1;0;0;2;1;13;B02
201000017479;0;21;0;0;2;0;23;A01
201000017480;0;33;0;0;0;7;1;A01
201000017481;0;10;0;0;2;2;14;A01
201000017481;0;17;0;0;0;6;1;B02
201000017482;0;7;0;4;0;1;21;A01
201000017483;0;7;0;16;0;1;14;A01
201000017484;0;7;0;13;0;9;1;A01
201000017485;0;7;0;13;2;6;2;B02
201000017485;0;7;0;0;2;2;21;A01
201000017486;0;7;0;3;0;3;21;A01
201000017487;0;7;0;4;0;3;13;A01
201000017488;0;7;0;6;0;1;14;A01
201000017489;0;7;0;13;0;0;1;A01
201000017490;0;7;0;0;2;5;2;A01
201000017490;0;33;0;0;2;1;21;B02
201000017491;0;7;0;4;0;3;1;A01
201000017492;0;7;0;3;0;3;14;A01
201000017493;0;7;0;4;0;0;21;A01
201000017494;0;7;0;4;0;3;21;A01
201000017495;0;7;0;16;0;2;0;A01
201000017496;0;17;0;0;1;2;1;A01
201000017497;0;7;0;0;2;8;13;A01
201000017497;0;7;0;0;2;7;1;B02
201000017498;0;7;0;0;2;1;14;B02
201000017498;0;14;0;0;2;4;1;A01
201000017499;0;7;0;3;0;1;1;A01
201000017500;0;7;0;4;0;1;1;A01
201000017501;0;7;0;13;0;2;12;A01
201000017502;0;7;0;0;2;4;1;B01
201000017502;0;7;0;0;2;1;0;A01
201000017503;0;7;0;0;2;1;1;A01
201000017503;0;7;0;0;2;4;1;B02
201000017504;0;7;0;13;0;1;1;A01
201000017505;0;37;1;0;2;1;1;B02
201000017505;0;7;0;4;9;9;1;C03
201000017505;0;17;0;4;2;8;13;A01
201000017506;0;7;0;11;0;8;1;A01
201000017507;0;7;0;0;2;1;2;A01
201000017507;0;7;0;0;2;4;12;B01
201000017508;0;7;0;4;0;1;13;A01
201000017509;0;7;0;13;0;2;21;A01
201000017510;0;7;0;14;0;1;1;F06
201000017510;0;7;0;14;0;2;1;C03
201000017510;0;17;0;14;0;1;1;G07
201000017510;0;7;0;14;0;3;1;D04
201000017510;0;7;0;14;0;1;1;B02
201000017510;0;7;0;14;9;1;1;A01
201000017510;0;7;0;14;0;1;1;E05
201000017511;0;7;0;2;0;1;1;A01
201000017512;0;33;0;0;2;1;1;B02
201000017512;0;7;0;0;2;1;15;A01
201000017513;0;7;0;0;1;1;1;A01
201000017514;0;7;0;16;0;2;1;A01
201000017515;0;33;0;0;0;0;1;A01
201000017516;0;99;0;6;0;1;1;A01
201000017517;0;7;0;0;2;2;1;B02
201000017517;0;10;0;3;2;1;19;A01
201000017518;0;7;0;8;0;8;1;A01
201000017519;0;33;0;0;2;1;0;B02
201000017519;0;7;0;0;2;3;15;A01
201000017520;0;7;0;3;2;1;21;C03
201000017520;0;17;0;0;2;2;13;A01
201000017520;0;7;0;0;2;1;1;B02
201000017521;0;7;0;2;0;1;1;A01
201000017522;0;1;0;0;2;2;1;A01
201000017522;0;38;1;0;9;8;2;B02
201000017523;0;7;0;0;0;7;17;A01
201000017523;0;7;0;0;0;8;0;B02
201000017524;0;1;0;0;0;8;19;B02
201000017524;0;7;0;0;1;3;1;A01
201000017525;0;7;0;0;2;7;0;A01
201000017525;0;14;0;0;2;1;1;B02
201000017526;0;1;0;0;1;1;5;A01
201000017527;0;7;0;0;2;1;1;B02
201000017527;0;7;0;0;2;1;13;A01
201000017528;0;7;0;;2;;15;A01
201000017528;0;7;0;;2;2;;B02
201000017529;0;7;0;0;2;1;6;A01
201000017529;0;31;0;0;2;7;1;B02
201000017529;0;31;0;0;2;1;1;C03
201000017530;0;7;0;6;0;7;1;A01
201000017531;0;7;0;0;2;7;21;B01
201000017531;0;7;0;0;2;2;21;A01
201000017532;0;7;0;0;2;1;0;B02
201000017532;0;7;0;0;2;1;0;A01
201000017533;0;7;0;0;0;4;1;C03
201000017533;0;10;0;0;2;4;1;B02
201000017533;0;7;0;0;2;1;1;A01
201000017534;0;7;0;0;2;8;1;B02
201000017534;0;10;0;4;2;2;17;A01
201000017535;0;7;0;0;2;1;2;B02
201000017535;0;3;0;0;0;4;2;A01
201000017536;0;7;0;0;2;1;1;B02
201000017536;0;7;0;0;2;1;13;A01
201000017537;0;33;0;0;0;0;1;A01
201000017538;0;10;0;1;0;1;1;A01
201000017538;0;7;0;0;2;4;24;C03
201000017538;0;7;0;1;2;4;24;B02
201000017539;0;7;0;0;2;8;15;B02
201000017539;0;7;0;0;2;1;1;A01
201000017540;0;10;0;0;2;7;15;A01
201000017540;0;33;0;0;2;1;1;B02
201000017541;0;33;0;0;0;0;1;A01
201000017542;0;32;0;0;0;0;1;A01
201000017543;0;7;0;13;2;2;15;A01
201000017543;0;10;0;0;2;1;1;B02
201000017544;0;1;0;0;2;4;2;B02
201000017544;0;7;0;0;2;2;2;A01
201000017545;0;1;0;0;2;8;15;B02
201000017546;0;10;0;0;0;8;1;B02
201000017546;0;10;0;0;2;1;1;A01
201000017547;0;2;0;12;0;1;1;A01
201000017548;0;7;0;0;2;3;14;B02
201000017548;0;7;0;0;2;3;0;A01
201000017549;0;7;0;0;1;2;1;A01
201000017550;0;33;0;0;0;9;1;A01
201000017551;0;30;0;0;2;8;17;B02
201000017551;0;7;0;0;0;0;15;A01
201000017552;0;30;0;0;2;1;1;B02
201000017552;0;7;0;0;2;2;1;A01
201000017553;0;31;0;0;0;4;1;B02
201000017553;0;38;0;0;2;1;1;A01
201000017554;0;7;0;0;2;2;19;A01
201000017554;0;7;0;0;2;3;1;B02
201000017555;0;7;0;0;2;3;1;A01
201000017555;0;7;0;0;2;3;1;B02
201000017556;0;33;0;0;2;1;1;A01
201000017556;0;7;0;0;0;4;23;B02
201000017557;0;7;0;8;0;1;13;A01
201000017558;0;2;0;0;2;3;13;A01
201000017558;0;7;0;0;2;3;1;B02
201000017559;0;33;0;0;2;2;1;B02
201000017559;0;7;0;0;2;3;16;A01
201000017560;0;7;0;2;0;1;1;A01
201000017561;0;7;0;8;0;2;1;A01
201000017562;0;2;0;0;0;0;1;A01
201000017563;0;33;0;14;0;1;1;A01
201000017564;0;7;0;0;2;2;17;A01
201000017564;0;7;0;0;2;8;15;B02
201000017565;0;7;0;0;2;7;15;A01
201000017565;0;33;0;0;2;1;1;B02
201000017566;0;7;0;0;2;7;17;A01
201000017566;0;17;0;0;2;3;13;B02
201000017567;0;31;0;0;2;1;1;A01
201000017567;0;10;0;0;2;1;5;B02
201000017568;0;30;0;0;2;3;13;A01
201000017568;0;7;0;0;2;8;1;B02
201000017569;0;2;0;0;2;3;15;A01
201000017569;0;10;0;0;2;2;17;B02
201000017570;0;7;0;13;0;2;1;A01
201000017571;0;7;0;0;1;2;1;A01
201000017572;0;33;0;13;0;8;13;A01
201000017573;0;7;0;0;2;1;1;C03
201000017573;0;7;0;0;2;3;13;A01
201000017573;0;10;0;0;2;3;1;B02
201000017574;0;33;0;3;0;7;1;A01
201000017575;0;7;0;2;0;3;13;A01
201000017576;0;7;0;0;2;3;1;B02
201000017576;0;7;0;0;2;3;1;A01
201000017577;0;7;0;0;1;1;17;A01
201000017578;0;7;0;16;0;9;1;A01
201000017579;0;7;0;0;2;7;14;A01
201000017579;0;7;0;0;2;8;1;B02
201000017580;0;7;0;1;0;1;21;M13
201000017580;0;10;0;1;0;1;21;D04
201000017580;0;10;0;1;0;2;21;E05
201000017580;0;7;0;0;0;4;0;B02
201000017580;0;7;0;1;0;4;0;C03
201000017580;0;15;0;1;0;7;21;F06
201000017580;0;7;0;0;0;0;0;A01
201000017580;0;7;0;1;0;1;21;I09
201000017580;0;7;0;1;0;6;21;K11
201000017580;0;7;0;1;0;1;21;H08
201000017580;0;7;0;1;0;1;21;G07
201000017580;0;7;0;1;0;0;21;O15
201000017580;0;14;0;1;0;4;21;J10
201000017580;0;7;0;4;0;3;21;L12
201000017580;0;7;0;4;0;1;21;N14
201000017581;0;10;0;4;0;3;1;A01
201000017582;0;7;0;4;0;3;1;A01
201000017583;0;7;0;13;0;0;1;A01
201000017584;0;33;0;0;0;7;16;A01
201000017585;0;7;0;0;2;1;1;B02
201000017585;0;7;0;0;2;4;6;A01
201000017586;0;7;0;4;0;1;1;A01
201000017587;0;33;0;0;0;0;1;A01
201000017588;0;10;0;0;0;0;13;A01
201000017588;0;7;0;0;2;9;21;B02
201000017589;0;15;0;0;2;4;2;B02
201000017589;0;7;0;0;2;1;2;A01
201000017590;0;7;0;0;2;1;5;A01
201000017590;0;7;0;0;2;1;1;B02
201000017591;0;7;0;3;0;3;1;A01
201000017592;0;7;0;0;2;4;23;A01
201000017592;0;7;0;1;0;1;14;B02
201000017593;0;17;0;0;2;1;2;B02
201000017594;0;33;0;4;2;8;2;A01
201000017595;0;7;0;3;0;2;1;A01
201000017596;0;10;0;0;0;9;2;A01
201000017597;0;7;0;3;0;1;1;A01
201000017598;0;7;0;0;2;1;2;A01
201000017598;0;7;0;0;2;1;23;B02
201000017599;0;7;0;4;0;3;21;A01
201000017600;0;7;0;13;0;5;1;A01
201000017601;0;17;0;3;0;1;6;A01
201000017602;0;7;0;0;2;1;2;A01
201000017602;0;17;0;0;0;4;2;B02
201000017603;0;7;0;4;2;1;17;B02
201000017603;0;7;0;4;2;8;13;A01
201000017604;0;7;0;0;0;9;1;A01
201000017605;0;7;0;7;0;9;2;A01
201000017606;0;7;0;13;0;2;21;A01
201000017607;0;15;0;0;0;0;2;A01
201000017608;0;7;0;4;0;1;1;A01
201000017609;0;17;0;4;0;1;0;A01
201000017610;0;7;0;5;0;8;1;A01
201000017611;0;17;0;0;2;3;2;B02
201000017611;2;7;0;0;2;2;2;A01
201000017612;0;7;0;0;2;4;23;B02
201000017612;0;17;0;4;0;3;3;C03
201000017612;0;7;0;3;0;6;0;A01
201000017613;0;7;0;3;2;2;17;A01
201000017613;0;17;0;0;2;1;1;B02
201000017614;0;7;0;4;0;1;1;A01
201000017615;1;7;0;0;0;1;1;A01
201000017616;0;15;0;0;2;8;1;B02
201000017616;0;7;0;0;2;2;17;A01
201000017617;0;7;0;0;0;3;17;A01
201000017618;0;10;0;0;2;1;2;A01
201000017618;0;15;0;0;2;4;2;B02
201000017619;0;7;0;0;0;2;1;A01
201000017620;0;7;0;0;0;2;1;A01
201000017621;0;15;0;0;0;0;1;B02
201000017621;0;7;0;0;2;1;1;A01
201000017622;0;7;0;4;0;4;1;A01
201000017622;0;7;0;0;2;1;12;B02
201000017623;0;17;0;0;2;4;2;B02
201000017623;0;7;0;0;2;1;2;A01
201000017624;0;14;0;0;0;4;2;B02
201000017625;0;7;0;13;0;2;1;A01
201000017626;0;17;0;0;1;0;0;B02
201000017626;0;10;0;0;2;2;14;A01
201000017627;0;7;0;13;0;2;1;A01
201000017628;0;7;0;0;2;2;14;A01
201000017628;0;15;0;0;2;8;1;B02
201000017629;0;14;0;3;0;2;1;A01
201000017630;0;15;0;0;2;8;1;B02
201000017630;0;10;0;0;2;1;1;A01
201000017630;0;7;0;0;2;4;1;C03
201000017631;0;7;0;0;2;8;11;A01
201000017631;0;7;0;0;2;1;1;B02
201000017632;0;10;0;0;0;0;0;A01
201000017633;0;7;0;0;0;8;21;A01
201000017633;0;7;0;14;0;2;1;B02
201000017634;0;7;0;0;9;1;1;B02
201000017634;0;17;0;3;0;3;1;A01
201000017635;0;7;0;0;2;2;17;A01
201000017635;0;17;0;0;0;8;1;B02
201000017636;0;10;0;13;0;9;1;A01
201000017637;0;7;0;4;2;3;1;A01
201000017637;0;17;0;0;2;8;1;B02
201000017638;0;99;0;3;0;1;21;A01
201000017639;0;7;0;0;2;4;2;B02
201000017639;0;7;0;0;2;1;2;A01
201000017640;0;10;0;0;2;3;1;B02
201000017640;0;33;0;0;2;3;13;A01
201000017641;0;15;0;0;2;1;3;B02
201000017641;0;7;0;0;2;1;2;A01
201000017642;0;17;0;0;0;0;1;B02
201000017642;0;7;0;4;0;3;2;A01
201000017643;0;7;0;4;0;1;0;A01
201000017644;0;10;0;0;0;4;2;C02
201000017644;0;17;0;0;2;1;2;A01
201000017645;0;99;0;12;0;0;20;B02
201000017646;0;7;0;0;2;1;2;B02
201000017646;0;17;0;0;0;0;1;A01
201000017647;0;7;0;4;0;4;13;A01
201000017648;0;7;0;0;0;6;1;A01
201000017648;0;17;0;0;2;2;2;B02
201000017649;0;10;0;0;2;1;2;A01
201000017649;0;7;0;0;0;4;4;B02
201000017649;0;7;0;0;2;5;1;C03
201000017650;0;10;0;3;0;2;14;A01
201000017651;0;7;0;4;0;1;0;A01
201000017652;0;7;0;0;2;3;2;A01
201000017652;0;17;0;0;2;5;2;B02
201000017653;0;7;0;4;0;1;1;A01
201000017654;0;7;0;3;0;1;1;A01
201000017655;0;7;0;0;2;2;14;A01
201000017655;0;17;0;0;2;8;1;B02
201000017656;0;33;0;4;0;8;1;A01
201000017657;0;15;0;0;0;6;1;D04
201000017657;0;17;0;4;2;1;6;A01
201000017657;0;7;0;0;0;8;1;C03
201000017658;0;10;0;3;;0;14;A01
201000017658;0;14;0;0;0;2;1;B02
201000017659;0;7;0;4;0;2;1;A01
201000017660;0;7;0;7;0;1;1;A01
201000017661;0;7;0;13;0;2;14;A01
201000017662;0;17;0;0;2;5;23;D04
201000017662;0;17;0;1;0;2;1;A01
201000017662;0;15;0;1;0;3;2;C03
201000017662;0;17;0;0;2;6;24;B02
201000017663;0;7;0;4;0;1;14;A01
201000017664;0;7;0;0;2;7;14;A01
201000017664;0;7;0;13;0;6;1;B02
201000017665;0;33;0;0;0;8;1;A01
201000017666;0;17;0;0;0;0;2;C03
201000017666;0;17;0;0;2;1;2;A01
201000017667;0;7;0;3;0;1;1;A01
201000017668;0;7;0;3;0;2;1;A01
201000017669;0;7;0;3;0;7;1;A01
201000017670;0;7;0;0;2;1;17;A01
201000017670;0;10;0;3;2;1;1;B02
201000017671;0;7;0;0;2;2;21;C03
201000017671;0;7;0;3;0;2;1;A01
201000017671;0;10;0;0;2;2;21;B02
201000017672;0;7;0;3;0;1;2;A01
201000017673;0;10;0;0;0;4;0;B02
201000017673;0;7;0;0;2;1;0;A01
201000017674;0;7;0;0;2;6;13;B02
201000017674;0;7;0;0;2;3;1;A01
201000017675;0;7;0;3;0;2;1;A01
201000017676;0;7;0;0;2;1;2;C03
201000017676;0;10;0;0;0;4;0;A01
201000017676;0;7;0;0;0;8;1;B02
201000017677;0;7;0;2;0;3;0;A01
201000017678;0;7;0;3;0;1;1;A01
201000017679;0;7;0;3;2;4;1;B02
201000017679;0;14;0;0;2;2;2;A01
201000017680;0;7;0;4;0;3;1;A01
201000017681;0;7;0;0;2;1;2;A01
201000017681;0;10;0;14;0;2;2;C03
201000017681;0;7;0;0;0;4;2;B02
201000017682;0;7;0;4;0;1;17;A01
201000017683;0;17;0;0;2;6;1;B02
201000017683;0;7;0;4;2;1;1;C03
201000017683;0;7;0;4;2;1;1;A01
201000017684;0;7;0;0;0;4;2;B02
201000017684;0;7;0;0;0;1;2;A01
201000017685;0;7;0;0;2;4;1;B02
201000017685;0;10;0;0;2;1;1;A01
201000017686;0;31;0;0;2;1;1;A01
201000017686;0;7;0;0;0;5;1;B02
201000017687;0;7;0;0;0;4;2;B02
201000017687;0;7;0;0;2;1;2;A01
201000017688;0;7;0;0;0;8;1;C03
201000017688;0;7;0;0;2;1;17;A01
201000017688;0;7;0;0;0;8;1;B02
201000017689;0;10;0;3;0;0;14;A01
201000017690;0;7;0;0;0;4;1;B02
201000017690;0;7;0;0;2;1;2;A01
201000017691;0;7;0;3;0;2;19;A01
201000017692;0;7;0;14;0;4;23;B02
201000017692;0;7;0;0;2;1;2;A01
201000017693;0;7;0;0;2;4;2;B02
201000017693;0;10;0;0;2;1;2;A01
201000017694;0;7;0;0;2;8;0;B02
201000017694;0;7;0;0;9;0;0;C03
201000017694;0;7;0;4;0;3;13;A01
201000017695;0;7;0;0;2;8;1;C03
201000017695;0;7;0;0;2;1;17;A01
201000017695;0;7;0;0;2;5;17;B02
201000017696;0;7;0;8;0;1;2;A01
201000017697;0;7;0;14;0;1;2;C03
201000017697;0;7;0;0;2;4;23;D04
201000017697;0;7;0;14;0;1;2;E05
201000017697;0;7;0;0;2;4;23;B02
201000017697;0;7;0;0;2;4;23;A01
201000017698;0;7;0;0;0;3;11;A01
201000017698;0;7;0;0;2;5;1;B02
201000017698;0;7;0;14;0;1;1;C03
201000017699;0;7;0;0;2;2;2;A01
201000017699;0;7;0;0;2;5;0;C03
201000017699;0;7;0;0;2;6;0;B02
201000017700;0;7;0;0;2;6;2;E05
201000017700;0;7;0;0;2;8;0;D04
201000017700;0;7;0;0;2;3;2;A01
201000017700;0;7;0;0;0;4;2;B02
201000017700;0;7;0;0;2;5;2;C03
201000017701;0;7;0;4;0;3;1;A01
201000017702;0;7;0;0;0;8;2;A01
201000017702;0;10;0;0;0;1;2;B02
201000017703;0;7;0;0;0;0;17;A01
201000017704;0;15;0;0;9;2;1;A01
201000017705;0;7;0;0;2;2;5;A01
201000017705;0;7;0;0;2;2;1;B02
201000017706;0;33;0;0;0;5;1;B02
201000017706;0;7;0;0;2;3;2;A01
201000017707;0;7;0;13;0;9;1;A01
201000017708;0;15;0;1;0;1;1;A01
201000017709;0;17;0;4;0;2;13;A01
201000017710;0;7;0;0;2;4;1;B02
201000017710;0;14;0;0;2;3;2;A01
201000017710;0;7;0;0;2;5;1;C03
201000017711;0;17;0;0;1;2;1;A01
201000017711;0;7;0;0;0;0;23;B02
201000017712;0;7;0;0;9;0;1;A01
201000017713;0;17;0;0;2;6;1;B02
201000017713;0;10;0;0;2;2;2;A01
201000017714;0;7;0;0;2;4;2;A01
201000017714;0;7;0;0;2;4;2;B02
201000017714;0;7;0;0;2;4;2;C03
201000017715;0;7;0;3;0;9;1;A01
201000017715;0;7;0;0;2;1;1;B02
201000017716;0;7;0;0;2;7;14;A01
201000017716;0;16;0;0;2;6;1;B02
201000017717;0;7;0;3;0;9;14;A01
201000017717;0;7;0;14;0;1;21;C03
201000017717;0;17;0;14;0;1;21;D04
201000017717;0;7;0;14;0;1;21;B02
201000017718;0;7;0;0;5;4;1;A01
201000017718;0;7;0;0;5;1;2;B02
201000017719;0;7;0;3;0;2;1;A01
201000017720;0;33;0;0;0;2;3;A01
201000017720;0;7;0;0;0;5;12;B02
201000017721;0;7;0;0;2;1;1;B02
201000017721;0;7;0;0;2;2;13;A01
201000017722;0;7;0;0;2;2;19;A01
201000017722;0;7;0;0;2;3;1;B02
201000017723;0;7;0;0;2;1;13;A01
201000017723;0;7;0;0;2;1;1;B02
201000017723;0;7;0;0;2;1;1;C03
201000017724;0;2;0;0;2;1;23;B02
201000017724;0;17;0;0;2;4;4;A01
201000017725;0;1;0;0;2;8;24;C03
201000017725;0;1;0;0;2;8;24;B02
201000017725;0;7;0;0;2;4;1;A01
201000017725;0;1;0;0;2;3;24;D04
201000017726;0;33;0;1;0;1;1;A01
201000017727;0;7;0;0;2;3;13;B02
201000017727;0;33;0;0;2;1;1;A01
201000017728;0;14;0;0;2;1;1;A01
201000017728;0;1;0;0;2;8;1;B02
201000017729;0;7;0;6;0;1;1;A01
201000017730;0;3;0;1;0;1;13;A01
201000017731;0;31;0;0;2;1;21;A01
201000017731;0;7;0;0;2;6;10;B02
201000017732;0;2;0;0;2;8;13;A01
201000017732;0;7;0;0;2;8;1;B02
201000017733;0;7;0;0;2;1;1;B02
201000017733;0;7;0;0;2;8;2;C03
201000017733;0;7;0;0;2;1;17;A01
201000017734;0;31;0;8;0;1;1;A01
201000017735;0;7;0;0;1;1;1;A01
201000017736;0;33;0;0;2;1;1;A01
201000017736;0;7;0;0;2;3;15;B02
201000017737;0;17;0;0;2;4;23;A01
201000017737;0;10;0;1;0;1;1;B02
201000017738;0;7;0;0;2;3;2;A01
201000017738;0;7;0;0;2;2;2;B02
201000017739;0;10;0;0;2;1;2;A01
201000017739;0;17;0;0;0;4;2;B02
201000017740;0;7;0;4;0;3;1;A01
201000017741;0;7;0;7;0;2;14;A01
201000017742;0;7;0;0;6;1;1;A01
201000017743;0;7;0;3;0;3;1;A01
201000017744;0;7;0;0;2;4;2;B02
201000017744;0;7;0;0;2;1;2;A01
201000017745;0;7;0;0;2;8;11;A01
201000017745;0;7;0;0;2;7;1;B02
201000017746;0;7;0;4;0;1;0;A01
201000017747;0;7;0;14;0;2;2;A01
201000017748;0;7;0;0;2;6;2;A01
201000017748;0;7;0;0;2;4;2;B02
201000017749;0;7;0;4;0;3;13;A01
201000017750;0;7;0;7;0;3;14;A01
201000017751;0;7;0;13;0;1;1;A01
201000017752;0;7;0;4;0;3;2;A01
201000017753;0;7;0;4;0;6;17;A01
201000017754;0;7;0;4;0;3;17;A01
201000017755;0;7;0;1;0;1;2;F06
201000017755;0;7;0;3;0;3;13;D04
201000017755;0;7;0;1;0;3;2;B02
201000017755;0;7;0;3;0;3;0;A01
201000017755;0;7;0;1;0;3;2;C03
201000017755;0;7;0;0;0;4;21;E05
201000017756;0;7;0;0;0;0;1;A01
201000017757;0;7;0;13;0;1;1;A01
201000017758;0;7;0;0;2;2;14;A01
201000017758;0;7;0;0;2;6;1;B02
201000017759;0;7;0;0;2;1;14;A01
201000017759;0;7;0;0;2;6;1;B02
201000017760;0;33;0;3;0;8;11;A01
201000017761;0;33;0;0;0;0;21;A01
201000017762;0;7;0;0;2;2;17;A01
201000017762;0;14;0;0;0;8;1;B02
201000017763;0;33;0;3;0;3;11;A01
201000017763;0;7;0;3;0;2;12;B02
201000017764;0;7;0;4;0;3;13;A01
201000017765;0;7;0;4;0;3;1;A01
201000017766;0;7;0;4;0;0;21;A01
201000017767;0;17;0;0;0;4;0;A01
201000017767;0;14;0;0;0;4;0;B02
201000017767;0;7;0;0;0;0;0;C03
201000017768;0;15;0;0;2;6;1;B02
201000017768;0;10;0;0;2;2;14;A01
201000017769;0;7;0;11;2;4;1;B02
201000017769;1;7;0;0;2;1;0;Z02
201000017770;0;7;0;0;2;2;14;A01
201000017770;0;15;0;0;2;6;2;B02
201000017771;0;14;0;0;2;1;0;C03
201000017771;0;7;0;0;0;4;23;A01
201000017771;0;7;0;0;2;2;23;B02
201000017772;0;17;0;0;2;1;1;A01
201000017772;0;17;0;0;2;4;1;B02
201000017773;0;7;0;4;0;3;0;A01
201000017774;0;7;0;0;0;4;2;B02
201000017774;0;7;0;0;2;1;2;C03
201000017774;0;7;0;0;2;1;2;A01
201000017775;0;7;0;0;0;0;0;A01
201000017776;0;7;0;0;0;2;14;A01
201000017777;0;10;0;3;0;3;13;A01
201000017778;0;7;0;0;2;1;2;E05
201000017778;0;17;0;0;2;1;2;B01
201000017778;0;7;0;0;2;1;14;F06
201000017778;0;7;0;0;2;1;14;G07
201000017778;0;7;0;0;2;1;14;A02
201000017778;0;7;0;0;2;1;2;C03
201000017778;0;17;0;0;2;4;2;D04
201000017779;0;7;0;0;2;1;21;B02
201000017779;0;7;0;3;2;7;13;A01
201000017779;0;7;0;0;2;1;17;D04
201000017779;0;7;0;0;2;4;21;C03
201000017780;0;7;0;0;2;7;17;B02
201000017780;0;7;0;0;2;8;17;A01
201000017781;0;13;0;0;2;1;2;A01
201000017781;0;17;0;0;2;6;1;B02
201000017782;0;7;0;3;0;1;0;A01
201000017783;0;7;0;3;0;1;14;A01
201000017784;0;7;0;0;2;1;17;A01
201000017784;0;17;0;0;0;5;1;B02
201000017785;0;7;0;0;2;1;1;A01
201000017785;0;7;0;0;0;4;1;B02
201000017786;0;7;0;14;0;1;1;B02
201000017786;0;10;0;3;0;2;1;A01
201000017787;0;99;0;0;0;7;1;A01
201000017788;0;7;0;3;0;3;1;A01
201000017789;0;7;0;0;1;2;1;A01
201000017790;0;7;0;0;2;6;1;B02
201000017790;0;7;0;0;2;2;17;A01
201000017790;0;7;0;14;0;1;2;C03
201000017791;0;17;0;0;2;6;0;D04
201000017791;0;16;0;0;2;3;1;B02
201000017791;0;14;0;0;2;1;1;C03
201000017791;0;17;0;0;2;1;1;A01
201000017792;0;7;0;14;0;1;2;F06