num_acc;senc;catv;occutc;obs;obsm;choc;manv;num_veh
201000017792;0;7;0;0;2;4;23;D04
201000017792;0;17;0;1;0;1;2;B02
201000017792;0;99;0;0;0;0;0;E05
201000017792;0;17;0;1;0;3;2;A01
201000017792;0;7;0;0;2;7;23;C03
201000017793;0;7;0;3;0;1;0;A01
201000017794;0;7;0;3;2;3;13;A01
201000017794;0;7;0;0;2;2;1;B02
201000017795;0;7;0;0;2;4;2;A01
201000017795;0;7;0;0;2;1;2;C03
201000017795;0;7;0;0;2;4;2;B02
201000017796;0;7;0;0;2;3;1;B02
201000017796;0;7;0;0;2;3;13;A01
201000017797;0;7;0;8;0;1;0;A01
201000017798;0;1;0;0;0;4;17;B02
201000017798;0;7;0;0;0;2;1;A01
201000017799;0;7;0;0;2;1;13;A01
201000017799;0;7;0;0;2;1;1;B02
201000017800;0;17;0;0;2;1;1;D04
201000017800;0;17;0;0;2;3;1;B02
201000017800;0;7;0;0;2;3;13;A01
201000017801;0;17;0;0;2;3;1;B02
201000017801;0;17;0;0;2;1;13;A01
201000017802;0;7;0;0;2;8;9;A01
201000017802;0;7;0;0;2;1;1;B02
201000017803;0;3;0;0;2;3;9;A01
201000017803;0;1;0;0;2;4;1;B02
201000017804;0;31;0;13;0;1;1;A01
201000017805;0;7;0;0;0;1;15;A01
201000017805;0;1;0;0;0;1;15;B02
201000017806;0;7;0;0;2;3;13;B02
201000017806;0;17;0;0;2;3;1;A01
201000017807;0;7;0;2;0;3;14;A01
201000017808;0;7;0;2;0;3;1;A01
201000017809;0;7;0;3;0;1;0;A01
201000017810;0;17;0;1;0;1;1;D04
201000017810;0;17;0;0;0;4;23;C03
201000017810;0;7;0;0;2;2;14;A01
201000017810;0;17;0;0;2;6;1;B02
201000017811;0;38;1;6;0;1;1;A01
201000017812;0;7;0;0;2;8;13;A01
201000017812;0;7;0;0;2;6;1;C03
201000017812;0;7;0;0;2;2;1;B02
201000017812;0;7;0;0;0;1;0;D04
201000017813;0;7;0;0;2;1;2;A01
201000017813;0;7;0;0;2;4;2;B02
201000017813;0;7;0;0;2;4;2;C03
201000017814;0;10;0;4;0;9;21;A01
201000017815;0;10;0;4;0;3;1;A01
201000017816;0;7;0;4;0;1;1;A01
201000017817;0;7;0;0;2;1;2;B02
201000017817;0;10;0;4;2;3;2;A01
201000017818;0;15;0;0;2;8;1;B02
201000017818;0;7;0;0;2;4;17;A01
201000017819;0;7;0;0;2;1;17;A01
201000017819;0;17;0;0;2;6;1;B02
201000017820;0;10;0;0;2;1;2;A01
201000017820;0;7;0;1;0;8;21;C03
201000017820;0;7;0;0;2;4;2;B02
201000017820;0;7;0;1;0;3;21;D04
201000017821;0;7;0;0;2;1;2;B02
201000017821;0;17;0;14;0;1;21;A01
201000017821;0;7;0;0;0;0;2;C03
201000017821;0;15;0;0;9;4;2;D04
201000017822;0;33;0;13;0;1;16;A01
201000017823;0;7;0;13;0;1;17;A01
201000017824;0;7;0;0;1;2;14;A01
201000017825;0;7;0;3;0;1;14;A01
201000017826;0;7;0;13;0;1;1;A01
201000017827;0;7;0;0;0;6;2;B02
201000017827;0;7;0;0;2;1;2;C03
201000017827;0;7;0;0;0;8;9;A01
201000017828;0;7;0;0;2;1;1;C03
201000017828;0;15;0;3;2;1;13;A01
201000017828;0;7;0;3;2;7;1;B02
201000017829;0;17;0;0;2;6;1;B02
201000017829;0;7;0;0;2;2;1;A01
201000017830;0;17;0;0;0;0;24;A01
201000017830;0;7;0;4;9;3;21;B02
201000017831;0;7;0;0;1;1;15;A01
201000017832;0;7;0;1;1;1;13;A01
201000017832;0;10;0;1;2;1;24;B02
201000017833;0;7;0;0;2;5;15;A01
201000017833;0;33;0;1;0;7;1;B02
201000017834;0;7;0;0;2;3;15;A01
201000017834;0;7;0;0;2;3;15;B02
201000017835;0;7;0;0;2;1;1;B02
201000017835;0;10;0;0;2;1;13;A01
201000017836;0;7;0;0;2;3;13;A01
201000017836;0;7;0;0;2;3;1;B02
201000017837;0;7;0;0;2;7;15;A01
201000017837;0;33;0;0;2;1;1;B02
201000017838;0;7;0;0;1;2;1;A01
201000017839;0;7;0;0;2;3;15;A01
201000017839;0;1;0;0;2;1;1;B02
201000017840;0;7;0;0;0;1;1;B02
201000017840;0;7;0;0;0;4;1;A01
201000017841;0;7;0;0;2;3;13;A01
201000017841;0;7;0;0;2;3;1;B02
201000017842;0;7;0;0;2;3;15;A01
201000017842;0;21;0;0;2;6;13;B02
201000017843;0;7;0;0;2;2;17;A01
201000017843;0;7;0;13;0;6;1;B02
201000017844;0;33;0;0;2;1;1;A01
201000017844;0;10;0;0;2;5;19;B02
201000017845;0;3;0;13;0;1;1;A01
201000017846;0;7;0;0;2;7;1;A01
201000017846;0;7;0;0;2;7;1;B02
201000017847;0;17;0;0;2;3;2;A01
201000017847;0;14;0;0;0;1;24;B02
201000017848;0;7;0;0;2;3;1;B02
201000017848;0;7;0;0;2;3;1;A01
201000017849;0;10;0;13;0;5;1;A01
201000017850;0;7;0;13;0;3;1;A01
201000017851;0;33;0;15;0;1;1;A01
201000017852;0;1;0;0;9;0;1;A01
201000017853;0;30;0;8;0;1;1;A01
201000017854;0;7;0;6;0;1;14;A01
201000017855;0;7;0;0;2;8;15;A01
201000017855;0;10;0;0;2;3;1;B02
201000017856;0;7;0;13;0;2;1;A01
201000017857;0;7;0;0;2;2;13;A01
201000017857;0;7;0;0;2;1;1;B02
201000017858;0;7;0;2;0;1;15;A01
201000017859;0;30;0;0;1;1;17;A01
201000017860;0;14;0;0;2;1;1;B02
201000017860;0;7;0;0;2;1;13;A01
201000017861;0;33;0;2;0;1;1;A01
201000017862;0;7;0;0;2;4;1;A01
201000017862;0;7;0;0;2;1;1;B02
201000017863;0;7;0;0;1;1;1;A01
201000017864;0;7;0;0;0;3;5;A01
201000017864;0;30;0;0;2;1;1;B02
201000017865;0;7;0;5;0;2;0;A01
201000017866;0;17;0;0;2;3;1;A01
201000017866;0;7;0;0;2;3;13;B02
201000017867;0;7;0;0;0;5;0;A01
201000017867;0;17;0;0;2;3;0;B02
201000017868;0;7;0;0;2;5;24;A01
201000017868;0;7;0;4;0;0;2;C03
201000017868;0;7;0;1;1;1;2;B02
201000017869;0;17;0;0;2;4;1;B02
201000017869;0;7;0;0;2;1;2;A01
201000017870;0;10;0;0;0;1;1;A01
201000017871;0;10;0;0;0;9;1;A01
201000017872;0;7;0;13;0;2;14;A01
201000017873;0;7;0;13;0;2;1;A01
201000017874;0;7;0;0;2;2;17;A01
201000017874;0;17;0;0;2;6;2;B02
201000017874;0;99;0;0;9;0;2;C03
201000017875;0;7;0;13;0;1;1;A01
201000017876;0;10;0;14;0;1;0;C03
201000017877;0;10;0;0;2;2;2;B02
201000017877;0;7;0;7;0;4;2;A01
201000017878;0;7;0;3;2;7;2;A01
201000017878;0;15;0;3;2;8;6;B02
201000017879;0;7;0;0;2;3;9;A01
201000017879;0;17;0;0;2;6;2;C03
201000017879;0;7;0;0;2;5;1;B02
201000017880;0;7;0;13;0;9;1;A01
201000017881;0;38;0;0;0;2;14;A01
201000017882;0;10;0;0;1;3;1;A01
201000017883;0;7;0;0;2;2;15;B02
201000017883;0;31;0;0;2;1;1;A01
201000017884;0;34;0;0;2;1;1;A01
201000017884;0;10;0;0;2;1;15;B02
201000017885;0;33;0;0;2;1;17;B02
201000017885;0;20;0;0;0;3;15;A01
201000017886;0;7;0;4;0;3;1;A01
201000017887;0;15;0;0;2;6;1;B02
201000017887;0;7;0;0;2;1;12;A01
201000017888;0;7;0;3;2;7;14;A01
201000017888;0;7;0;0;2;4;1;B02
201000017889;0;15;0;0;2;6;1;B02
201000017889;0;7;0;0;2;2;14;A01
201000017890;0;14;0;0;0;6;1;B02
201000017890;0;33;0;0;2;1;18;A01
201000017891;0;10;0;0;2;1;2;C03
201000017891;0;7;0;0;2;1;2;D04
201000017891;0;7;0;0;2;1;2;B02
201000017891;0;7;0;0;2;4;2;A01
201000017892;0;14;0;0;0;6;0;B02
201000017892;0;10;0;0;2;2;1;A01
201000017893;0;7;0;4;0;1;9;A01
201000017894;0;7;0;16;0;9;1;A01
201000017895;0;7;0;5;0;1;1;A01
201000017896;0;7;0;3;0;8;1;A01
201000017897;0;17;0;6;0;3;1;A01
201000017898;0;7;0;3;0;1;13;A01
201000017898;0;7;0;0;2;3;1;B02
201000017899;0;33;0;16;0;0;17;A01
201000017900;0;7;0;2;0;1;0;A01
201000017901;0;14;0;0;2;5;2;C03
201000017901;0;14;0;0;2;5;2;B02
201000017901;0;7;0;0;2;1;2;A01
201000017902;0;7;0;0;2;1;2;A01
201000017902;0;32;0;0;2;4;2;B02
201000017903;0;33;0;14;0;1;1;A01
201000017904;0;7;0;7;0;1;14;A01
201000017905;0;7;0;0;2;3;1;B02
201000017905;0;7;0;0;2;7;17;A01
201000017906;0;10;0;0;0;4;1;B02
201000017906;0;7;0;0;2;1;13;A01
201000017907;0;7;0;0;2;4;1;B02
201000017907;0;15;0;0;2;1;1;A01
201000017908;0;17;0;0;2;1;1;B02
201000017908;0;10;0;0;0;4;1;A01
201000017909;0;7;0;0;2;1;1;A01
201000017909;0;33;0;0;2;4;1;B02
201000017910;0;17;0;0;2;1;2;A01
201000017910;0;7;0;0;2;4;1;B02
201000017911;0;7;0;0;0;6;1;A01
201000017912;0;7;0;0;2;4;2;D04
201000017912;0;10;0;0;2;1;2;A01
201000017912;0;7;0;0;2;4;2;B02
201000017912;0;7;0;0;2;4;2;C03
201000017913;0;15;0;0;2;6;1;A01
201000017913;0;7;0;0;2;2;1;B02
201000017914;0;7;0;3;0;8;13;A01
201000017915;0;7;0;3;0;5;1;A01
201000017916;0;10;0;1;0;1;2;D04
201000017916;0;7;0;0;0;4;1;B02
201000017916;0;17;0;0;0;0;1;A01
201000017916;0;7;0;1;0;1;2;C03
201000017917;0;7;0;0;2;2;14;A01
201000017917;0;17;0;0;0;6;2;B02
201000017918;0;7;0;0;9;4;2;A01
201000017918;0;7;0;0;2;1;2;B02
201000017918;0;10;0;0;0;0;1;C03
201000017919;0;7;0;4;0;2;14;A01
201000017920;0;17;0;0;0;4;2;B02
201000017920;0;17;0;0;2;1;2;A01
201000017921;0;33;0;0;2;1;1;C03
201000017921;0;7;0;0;0;8;11;B02
201000017921;0;7;0;0;2;7;12;A01
201000017922;0;7;0;4;0;1;11;A01
201000017923;0;7;0;0;2;1;2;A01
201000017923;0;99;0;0;2;4;2;B02
201000017924;0;33;0;1;0;1;0;A01
201000017924;0;7;0;0;0;4;23;B02
201000017925;0;33;0;3;0;1;0;A01
201000017926;0;7;0;0;2;4;23;B02
201000017926;0;7;0;0;2;1;1;A01
201000017926;0;7;0;0;2;4;23;C03
201000017927;0;17;0;3;0;7;13;A01
201000017928;0;7;0;0;2;1;2;A01
201000017928;0;7;0;0;2;4;1;C03
201000017928;0;7;0;0;2;4;1;B02
201000017929;0;33;0;3;0;0;1;A01
201000017930;0;33;0;0;0;0;1;A01
201000017931;0;7;0;0;2;5;12;A01
201000017931;0;7;0;4;2;3;1;B02
201000017931;0;7;0;0;2;3;1;C03
201000017932;0;7;0;4;0;3;2;A01
201000017933;0;10;0;0;2;1;9;A01
201000017933;0;7;0;0;2;1;2;B02
201000017933;0;7;0;0;2;7;2;D04
201000017933;0;7;0;0;2;1;1;C03
201000017934;0;7;0;4;0;3;1;A01
201000017935;0;17;0;0;1;7;1;B02
201000017935;0;10;0;0;0;0;24;A01
201000017936;0;7;0;0;2;2;1;B02
201000017936;0;7;0;0;2;5;9;A01
201000017937;0;17;0;0;2;2;21;B02
201000017937;0;7;0;4;0;6;1;A01
201000017938;0;17;0;4;2;1;11;A01
201000017938;0;7;0;4;2;7;21;C03
201000017938;0;7;0;4;2;2;21;B02
201000017939;0;7;0;0;2;6;9;B02
201000017939;0;7;0;0;2;2;1;A01
201000017940;0;17;0;0;2;5;1;A01
201000017940;0;7;0;0;2;1;14;B02
201000017941;0;7;0;10;0;1;14;A01
201000017942;0;33;0;0;0;8;1;A01
201000017943;0;10;0;0;2;1;2;A01
201000017943;0;17;0;0;0;4;1;B02
201000017944;0;7;0;0;9;8;0;B02
201000017944;0;17;0;0;0;0;0;A01
201000017945;0;7;0;14;0;3;3;A01
201000017945;0;7;0;0;9;1;1;C03
201000017945;0;7;0;3;0;3;13;B02
201000017946;0;7;0;0;2;6;2;B02
201000017946;0;15;0;0;2;2;2;A01
201000017947;0;7;0;0;2;1;1;D04
201000017947;0;7;0;3;0;1;21;A01
201000017947;0;7;0;0;2;1;1;C03
201000017947;0;7;0;0;2;8;1;B02
201000017948;0;7;0;0;2;2;14;A01
201000017948;0;17;0;0;0;6;1;B02
201000017949;0;7;0;3;0;2;1;A01
201000017950;0;14;0;0;2;6;1;B02
201000017950;0;7;0;0;2;2;14;A01
201000017951;0;15;0;0;2;8;1;B02
201000017951;0;10;0;0;2;2;1;A01
201000017952;0;10;0;0;2;2;14;A01
201000017952;0;16;0;0;0;0;1;C03
201000017953;0;7;0;0;2;4;1;B02
201000017953;0;7;0;0;2;1;12;A01
201000017954;0;7;0;0;9;1;1;D04
201000017954;0;15;0;3;2;8;6;A01
201000017954;0;7;0;0;2;8;1;B02
201000017954;0;7;0;0;2;8;1;C03
201000017954;0;7;0;0;2;1;1;E05
201000017955;0;10;0;0;2;6;2;B02
201000017955;0;17;0;0;2;2;2;A01
201000017956;0;7;0;3;0;1;1;A01
201000017957;0;7;0;0;0;6;24;B02
201000017957;0;17;0;1;0;2;14;A01
201000017958;0;7;0;0;2;1;14;A01
201000017958;0;17;0;0;0;4;1;B02
201000017959;0;7;0;0;2;1;1;B02
201000017959;0;7;0;0;2;1;11;A01
201000017960;0;7;0;3;0;1;13;A01
201000017961;0;7;0;0;0;4;20;A01
201000017961;0;30;0;0;2;1;18;B02
201000017962;0;17;0;0;0;0;17;A01
201000017962;0;7;0;2;0;0;17;B02
201000017963;0;7;0;13;0;3;13;A01
201000017964;0;7;0;0;2;3;15;A01
201000017964;0;7;0;0;2;1;1;B02
201000017965;0;10;0;0;1;2;1;A01
201000017966;0;7;0;0;1;3;1;A01
201000017967;0;7;0;0;0;1;1;A01
201000017967;0;7;0;0;0;8;5;B02
201000017968;0;7;0;0;2;7;19;A01
201000017968;0;7;0;0;2;1;1;B02
201000017969;0;1;0;0;2;1;1;B02
201000017969;0;7;0;0;2;7;15;A01
201000017970;0;1;0;0;0;0;1;B02
201000017971;0;30;0;0;2;1;0;B02
201000017971;0;7;0;0;2;2;15;A01
201000017972;0;30;0;1;0;1;1;A01
201000017973;0;7;0;0;0;1;1;A01
201000017974;0;7;0;0;2;2;1;B02
201000017974;0;7;0;0;0;4;0;C03
201000017974;0;7;0;0;2;1;0;D04
201000017974;0;33;0;0;2;1;17;A01
201000017975;0;2;0;0;2;1;9;B02
201000017975;0;7;0;0;2;3;9;A01
201000017976;0;33;0;15;0;1;14;A01
201000017977;0;7;0;0;2;1;0;A01
201000017977;0;7;0;0;0;6;0;B02
201000017978;0;7;0;13;0;1;1;A01
201000017979;0;7;0;13;0;2;1;A01
201000017980;0;7;0;13;0;1;1;A01
201000017981;0;7;0;4;2;3;13;A01
201000017981;0;20;0;0;2;1;1;B02
201000017982;0;7;0;3;2;8;1;B02
201000017982;0;7;0;3;2;2;14;A01
201000017983;0;33;0;14;0;2;1;A01
201000017984;0;7;0;4;0;9;13;A01
201000017985;0;17;0;1;0;2;1;A01
201000017985;0;15;0;0;2;8;23;B02
201000017986;0;33;0;0;0;8;1;A01
201000017987;0;15;0;0;0;5;1;B02
201000017987;0;7;0;0;2;3;14;A01
201000017988;0;7;0;13;0;1;1;A01
201000017989;0;7;0;0;2;1;2;A01
201000017989;0;7;0;0;0;4;1;B02
201000017989;0;7;0;0;2;1;2;C03
201000017990;0;7;0;4;0;8;21;A01
201000017991;0;7;0;13;2;1;1;A01
201000017991;0;7;0;3;0;5;1;B02
201000017992;0;14;0;13;0;2;1;A01
201000017993;0;7;0;3;0;9;17;A01
201000017994;0;17;0;0;0;6;1;C03
201000017994;0;7;0;0;2;2;17;A01
201000017994;0;7;0;0;2;3;1;B02
201000017995;0;33;0;0;0;7;1;A01
201000017996;0;7;0;4;0;3;1;A01
201000017997;0;7;0;1;0;1;1;A01
201000017997;0;7;0;0;2;1;1;B01
201000017998;0;7;0;0;2;1;1;B02
201000017998;0;7;0;0;2;1;13;A01
201000017999;0;10;0;0;1;2;1;A01
201000018000;0;7;0;6;0;3;1;A01
201000018001;0;7;0;0;2;1;1;B02
201000018001;0;7;0;0;2;1;13;A01
201000018002;0;30;0;3;0;8;1;A01
201000018003;0;7;0;1;0;1;1;A01
201000018004;0;7;0;2;2;7;13;A01
201000018004;0;7;0;0;2;1;1;B02
201000018005;0;17;0;0;0;0;1;C03
201000018005;0;7;0;0;0;2;1;A01
201000018005;0;7;0;0;0;2;1;B02
201000018005;0;99;0;0;0;0;1;D04
201000018006;0;7;0;3;2;9;1;A01
201000018006;0;17;0;0;0;0;1;B02
201000018007;0;10;0;6;0;1;1;A01
201000018008;0;7;0;6;0;2;17;A01
201000018009;0;33;0;3;0;0;17;A01
201000018010;0;7;0;7;0;1;2;A01
201000018011;0;7;0;3;2;7;17;A01
201000018011;0;7;0;3;2;8;1;B02
201000018012;0;7;0;13;0;1;1;A01
201000018013;0;7;0;0;2;1;2;A01
201000018013;0;7;0;0;2;4;2;B02
201000018013;0;7;0;0;2;4;2;E05
201000018013;0;7;0;0;2;6;2;C03
201000018013;0;7;0;0;2;4;2;D04
201000018014;0;7;0;3;2;4;2;B02
201000018014;0;38;0;0;2;1;2;A01
201000018015;0;7;0;0;9;2;17;D04
201000018015;0;17;0;0;0;6;24;B02
201000018015;0;7;0;1;0;2;14;A01
201000018016;0;33;0;0;0;4;2;B02
201000018016;0;7;0;0;2;1;2;A01
201000018017;0;7;0;0;2;4;23;A01
201000018017;0;7;0;0;2;1;1;C03
201000018017;0;17;0;0;0;4;23;B02
201000018018;0;7;0;6;0;1;1;A01
201000018019;0;15;0;0;2;3;1;A01
201000018019;0;7;0;0;2;3;17;B02
201000018020;0;7;0;0;2;3;1;A01
201000018020;0;99;0;0;2;3;1;B02
201000018021;0;7;0;0;2;3;13;B02
201000018021;0;7;0;0;2;3;1;A01
201000018022;0;7;0;8;0;3;1;A01
201000018023;0;17;0;0;0;0;1;B02
201000018023;0;7;0;0;2;2;14;A01
201000018024;0;7;0;3;0;9;21;A01
201000018025;0;7;0;4;2;3;17;A01
201000018025;0;38;1;0;0;8;1;B02
201000018026;0;10;0;4;2;1;1;A01
201000018026;0;17;0;0;2;5;1;B02
201000018027;0;10;0;0;2;1;2;A01
201000018027;0;15;0;0;0;6;2;B02
201000018028;0;17;0;4;0;4;23;A01
201000018028;0;7;0;14;2;7;21;B02
201000018029;0;7;0;3;0;1;0;A01
201000018030;0;7;0;14;0;1;17;B02
201000018030;0;7;0;3;2;3;17;A01
201000018030;0;17;0;0;2;8;1;C03
201000018031;0;7;0;4;0;3;0;A01
201000018032;0;7;0;13;0;2;1;A01
201000018033;0;7;0;4;0;1;0;A01
201000018034;0;7;0;0;2;1;0;C03
201000018034;0;7;0;0;2;1;0;B02
201000018034;0;7;0;4;0;7;0;A01
201000018035;0;7;0;3;0;1;1;A01
201000018036;0;17;0;6;0;1;1;A01
201000018037;0;7;0;3;0;8;13;A01
201000018038;0;7;0;4;2;3;2;B02
201000018038;0;7;0;4;0;1;2;A01
201000018039;0;7;0;0;2;3;1;A01
201000018039;0;7;0;14;0;7;1;C03
201000018039;0;7;0;0;2;5;17;B02
201000018040;0;7;0;0;2;4;14;A01
201000018040;0;10;0;0;0;4;23;B02
201000018041;0;7;0;3;0;1;13;A01
201000018042;0;33;0;3;0;7;2;A01
201000018043;0;14;0;1;0;1;1;A01
201000018044;0;7;0;13;0;1;1;A01
201000018045;0;7;0;3;0;3;1;A01
201000018046;0;10;0;0;0;2;1;A01
201000018047;0;7;0;16;0;9;21;A01
201000018048;0;7;0;3;0;8;1;A01
201000018049;0;7;0;0;2;4;2;B02
201000018049;0;7;0;0;0;4;1;C03
201000018049;0;7;0;0;2;1;2;A01
201000018050;0;7;0;3;0;8;14;A01
201000018051;0;7;0;4;0;2;1;A01
201000018052;0;7;0;3;0;9;1;A01
201000018053;0;7;0;3;0;9;1;A01
201000018053;0;7;0;14;2;1;1;B02
201000018054;0;7;0;0;2;8;1;A01
201000018054;0;7;0;0;2;1;1;B02
201000018055;0;7;0;4;0;1;1;A01
201000018056;0;7;0;4;0;5;1;C03
201000018056;0;7;0;0;2;3;1;B02
201000018056;0;7;0;4;2;3;5;A01
201000018057;0;7;0;3;0;1;1;A01
201000018058;0;7;0;0;0;6;23;B02
201000018058;0;17;0;1;0;2;2;A01
201000018059;0;7;0;0;0;1;14;A01
201000018060;0;7;0;0;0;9;1;A01
201000018061;0;7;0;0;2;1;12;E05
201000018061;0;7;0;3;0;5;13;I09
201000018061;0;7;0;0;2;3;1;D04
201000018061;0;10;0;0;0;4;1;F06
201000018061;0;10;0;0;2;1;1;H08
201000018061;0;7;0;13;0;1;14;J10
201000018061;0;7;0;0;2;3;1;C03
201000018061;0;7;0;13;0;8;14;G07
201000018061;0;17;0;0;0;0;1;A01
201000018062;0;7;0;13;0;2;1;A01
201000018063;0;7;0;0;2;8;20;A01
201000018063;0;30;0;0;2;1;1;B01
201000018064;0;7;0;1;0;1;1;A01
201000018065;0;1;0;0;2;7;17;A01
201000018065;0;7;0;0;2;8;13;B01
201000018066;0;7;0;0;1;2;1;A01
201000018067;0;2;0;0;2;1;1;B01
201000018067;0;7;0;0;2;1;15;A01
201000018068;0;1;0;0;2;1;15;A01
201000018068;0;7;0;0;2;3;1;B01
201000018069;0;7;0;0;1;1;15;A01
201000018070;0;7;0;0;2;1;1;A01
201000018070;0;2;0;0;2;8;1;B01
201000018071;0;7;0;0;1;1;1;A01
201000018072;0;7;0;0;2;5;16;A01
201000018072;0;10;0;0;2;1;2;B01
201000018073;0;7;0;0;2;1;13;A01
201000018073;0;7;0;0;2;1;2;B01
201000018074;0;2;0;0;2;6;1;A01
201000018074;0;7;0;0;0;2;1;C01
201000018074;0;7;0;0;2;6;1;B01
201000018075;0;32;0;1;1;1;1;A01
201000018076;0;7;0;0;2;3;15;A01
201000018076;0;33;0;0;2;8;1;B01
201000018077;0;33;0;0;2;7;1;A01
201000018077;0;33;0;0;2;2;1;B01
201000018077;0;7;0;0;2;3;15;C01
201000018078;2;7;0;0;2;1;1;B01
201000018078;0;2;0;1;2;7;1;A01
201000018079;0;7;0;0;1;4;4;A01
201000018080;0;7;0;16;0;0;1;A01
201000018081;0;30;0;0;1;3;1;A01
201000018082;0;7;0;3;0;1;14;A01
201000018083;0;7;0;0;1;1;16;A01
201000018084;0;7;0;0;1;1;1;A01
201000018085;0;7;0;0;2;1;2;B02
201000018085;0;7;0;0;0;4;1;A01
201000018086;0;7;0;3;0;7;1;A01
201000018087;0;10;0;3;2;9;17;C03
201000018087;0;15;0;0;2;1;1;B02
201000018087;0;15;0;0;2;4;9;A01
201000018088;0;15;0;0;0;4;2;B02
201000018088;0;7;0;0;2;1;2;A01
201000018089;0;7;0;0;2;4;2;D04
201000018089;0;7;0;0;2;1;2;A01
201000018089;0;7;0;0;2;4;2;B02
201000018089;0;7;0;0;2;4;2;C03
201000018090;0;7;0;0;0;6;1;B02
201000018090;0;33;0;0;2;1;17;A01
201000018091;0;7;0;0;0;4;2;B02
201000018091;0;7;0;0;0;4;2;C03
201000018091;0;7;0;0;2;1;2;D04
201000018091;0;10;0;0;0;4;2;A01
201000018092;0;7;0;3;0;3;1;A01
201000018093;0;17;0;3;0;9;1;A01
201000018094;0;33;0;0;2;1;2;A01
201000018094;0;10;0;0;2;4;2;B02
201000018095;0;14;0;0;0;6;24;B02
201000018095;0;7;0;1;0;7;14;A01
201000018096;0;7;0;2;0;8;21;A01
201000018097;0;1;0;0;2;7;1;A01
201000018097;0;7;0;0;2;3;1;B02
201000018098;0;10;0;0;2;2;1;A01
201000018098;0;10;0;0;2;1;1;B02
201000018099;0;30;0;8;0;0;1;A01
201000018100;0;7;0;13;0;1;1;A01
201000018101;0;7;0;8;0;7;1;A01
201000018102;0;7;0;0;2;1;2;A01
201000018102;0;7;0;0;2;4;2;B02
201000018103;0;10;0;0;2;1;1;A01
201000018103;0;17;0;0;0;4;1;B02
201000018104;0;7;0;13;0;4;1;A01
201000018105;0;7;0;3;0;2;1;A01
201000018106;0;7;0;4;0;3;1;A01
201000018107;0;7;0;0;2;5;9;A01
201000018107;0;7;0;1;0;3;1;B02
201000018108;0;7;0;0;0;0;12;C03
201000018108;0;33;0;0;2;7;3;B02
201000018108;0;7;0;0;0;4;1;A01
201000018109;0;17;0;6;0;1;1;A01
201000018110;0;7;0;4;0;3;1;A01
201000018111;0;17;0;6;0;1;0;A01
201000018112;0;7;0;3;2;1;2;B02
201000018112;0;17;0;0;2;8;2;C03
201000018112;0;7;0;4;2;1;13;D04
201000018112;0;7;0;0;2;4;2;A01
201000018113;0;7;0;4;0;3;13;A01
201000018114;0;7;0;4;0;1;2;A01
201000018115;0;7;0;13;0;2;1;A01
201000018116;0;7;0;16;0;2;14;A01
201000018117;0;10;0;13;0;9;1;A01
201000018118;0;7;0;5;0;1;1;A01
201000018119;0;30;0;1;0;0;1;A01
201000018119;0;7;0;0;0;0;24;B02
201000018120;0;30;0;0;0;2;1;B02
201000018120;0;7;0;0;0;5;15;A01
201000018121;0;13;0;0;2;3;23;A01
201000018121;0;30;0;1;0;1;1;B02
201000018122;0;7;0;0;2;1;1;B02
201000018122;0;7;0;0;2;1;13;A01
201000018123;0;31;0;0;0;1;1;A01
201000018123;0;7;0;0;2;3;1;B02
201000018124;0;7;0;0;1;2;1;A01
201000018125;0;15;0;0;1;2;1;A01
201000018126;0;33;0;0;2;1;1;A01
201000018126;0;7;0;0;2;8;9;B02
201000018127;0;7;0;0;2;2;15;A01
201000018127;0;2;0;0;2;1;1;B02
201000018128;0;7;0;13;0;9;1;A01
201000018129;0;7;0;13;0;1;21;A01
201000018130;0;31;0;0;2;7;21;A01
201000018130;0;30;0;0;2;7;21;B02
201000018131;0;7;0;0;2;8;15;A01
201000018131;0;7;0;0;2;1;1;B02
201000018132;0;7;0;0;2;3;13;A01
201000018132;0;7;0;0;2;3;1;B02
201000018133;0;7;0;5;0;2;14;A01
201000018134;0;7;0;0;0;1;1;A01
201000018135;0;7;0;0;1;2;1;A01
201000018136;0;7;0;0;2;3;13;A01
201000018136;0;7;0;0;2;3;1;B02
201000018136;0;7;0;0;2;1;1;C03
201000018137;0;7;0;16;0;0;1;A01
201000018138;0;7;0;13;2;9;13;A01
201000018138;0;7;0;0;2;8;1;C03
201000018138;0;7;0;0;2;3;1;B02
201000018139;0;7;0;16;0;2;1;A01
201000018140;0;7;0;0;1;7;17;A01
201000018141;0;10;0;2;0;0;1;A01
201000018142;0;31;0;0;2;1;1;A01
201000018142;0;7;0;0;2;1;15;B02
201000018143;0;7;0;0;2;8;9;A01
201000018143;0;34;0;0;2;2;16;B02
201000018144;0;31;0;12;0;7;2;A01
201000018145;0;31;0;0;0;4;0;B02
201000018145;0;7;0;0;0;1;1;A01
201000018146;0;10;0;0;2;3;23;C03
201000018146;0;14;0;0;2;3;1;B02
201000018146;0;31;0;1;2;7;17;A01
201000018147;0;7;0;0;2;1;13;A01
201000018147;0;7;0;8;2;1;0;B02
201000018148;0;7;0;0;2;1;0;A01
201000018148;0;7;0;0;2;1;0;B02
201000018149;0;2;0;0;2;3;17;B02
201000018149;0;7;0;0;2;3;2;A01
201000018150;0;31;0;0;2;1;1;B02