num_acc;senc;catv;occutc;obs;obsm;choc;manv;num_veh
201000018150;0;7;0;0;2;3;17;A01
201000018151;0;7;0;16;0;9;1;A01
201000018152;0;7;0;0;1;2;17;A01
201000018153;0;33;0;8;0;1;1;A01
201000018154;0;10;0;0;1;7;1;A01
201000018155;0;7;0;0;1;1;1;A01
201000018156;0;14;0;0;0;8;1;B02
201000018156;0;7;0;0;2;2;21;A01
201000018157;0;33;0;0;0;8;13;A01
201000018158;0;15;0;0;0;8;1;F06
201000018158;0;7;0;0;2;4;1;B02
201000018158;0;7;0;0;0;4;1;D04
201000018158;0;7;0;0;2;1;1;A01
201000018158;0;7;0;0;2;4;1;C03
201000018158;0;7;0;0;2;3;1;E05
201000018159;0;7;0;1;0;8;1;C03
201000018159;0;14;0;0;0;5;24;A01
201000018159;0;34;0;1;0;4;1;B02
201000018160;0;33;0;3;0;7;1;A01
201000018161;0;7;0;3;0;1;14;A01
201000018162;0;7;0;3;0;3;13;A01
201000018163;0;15;0;0;2;1;1;C03
201000018163;0;17;0;0;2;6;1;A01
201000018163;0;14;0;0;2;1;1;E05
201000018163;0;17;0;0;2;1;1;F06
201000018164;0;7;0;0;1;1;1;A01
201000018165;0;7;0;0;2;1;1;A01
201000018165;0;7;0;0;2;4;1;B02
201000018166;0;7;0;0;2;1;2;A01
201000018166;0;17;0;0;2;4;2;B02
201000018167;0;10;0;0;2;7;17;A01
201000018167;0;7;0;0;2;1;1;B02
201000018168;0;7;0;0;2;4;23;B02
201000018168;0;7;0;0;2;1;2;A01
201000018169;0;10;0;0;0;3;21;E05
201000018169;0;17;0;0;2;7;21;D04
201000018169;0;10;0;0;2;1;1;C03
201000018169;0;10;0;3;2;3;13;A01
201000018169;0;10;0;0;2;1;21;B02
201000018170;0;7;0;0;1;2;1;A01
201000018171;0;7;0;0;2;1;13;A01
201000018171;0;10;0;0;2;1;1;B02
201000018172;0;7;0;0;2;3;1;B02
201000018172;0;7;0;0;2;1;1;A01
201000018173;0;7;0;0;2;2;2;A01
201000018173;0;33;0;0;0;4;15;B02
201000018174;0;33;0;12;0;1;1;A01
201000018175;0;33;0;0;2;1;17;A01
201000018175;0;7;0;0;2;8;15;B02
201000018176;0;7;0;0;0;1;1;C03
201000018176;0;7;0;0;0;2;12;A01
201000018176;0;7;0;0;0;6;1;B02
201000018177;0;7;0;0;2;2;21;B02
201000018177;0;17;0;0;0;6;1;A01
201000018178;0;7;0;0;2;2;1;B02
201000018178;0;7;0;0;2;3;2;C03
201000018178;0;7;0;0;0;6;11;A01
201000018179;0;15;0;1;0;4;23;B02
201000018179;0;7;0;1;0;7;0;A01
201000018180;0;10;0;0;2;1;2;A01
201000018180;0;14;0;0;0;4;2;B02
201000018181;0;7;0;0;0;4;1;B02
201000018181;0;33;0;0;2;1;1;A01
201000018182;0;7;0;0;2;3;1;B02
201000018182;0;7;0;0;2;3;5;A01
201000018183;0;7;0;3;5;5;2;B02
201000018183;0;33;0;0;2;1;2;A01
201000018184;0;7;0;0;1;8;1;A01
201000018185;0;10;0;3;0;1;0;A01
201000018186;0;7;0;4;0;3;1;A01
201000018187;0;7;0;0;2;8;9;A01
201000018187;0;15;0;0;2;2;1;B02
201000018188;0;7;0;0;2;8;5;A01
201000018188;0;17;0;0;2;3;1;B02
201000018189;0;7;0;0;0;0;2;A01
201000018189;0;7;0;0;9;1;2;B02
201000018190;0;33;0;4;0;1;0;A01
201000018191;0;7;0;3;2;4;21;A01
201000018191;0;15;0;0;2;1;2;B02
201000018192;0;7;0;0;0;6;1;B02
201000018192;0;7;0;3;2;1;1;A01
201000018193;0;7;0;3;0;1;1;A01
201000018194;0;10;0;0;0;0;0;A01
201000018195;0;2;0;0;2;1;1;A01
201000018195;0;7;0;0;2;4;4;B01
201000018196;0;14;0;3;0;1;14;A01
201000018197;0;7;0;4;0;2;14;A01
201000018198;0;17;0;13;0;2;2;A01
201000018199;0;7;0;0;9;1;17;C03
201000018199;0;15;0;0;2;4;2;B02
201000018199;0;7;0;0;2;1;2;A01
201000018200;0;7;0;4;0;3;1;A01
201000018201;0;7;0;0;2;1;1;A01
201000018201;0;15;0;0;2;4;1;B02
201000018202;0;17;0;0;2;2;1;A01
201000018202;0;17;0;0;0;6;0;B02
201000018203;0;7;0;0;2;6;1;B02
201000018203;0;7;0;0;2;5;3;A01
201000018204;0;33;0;0;0;7;1;A01
201000018205;0;10;0;3;0;3;21;A01
201000018205;0;7;0;14;0;1;21;D04
201000018205;0;7;0;14;0;1;21;B02
201000018205;0;7;0;14;0;4;24;C03
201000018206;0;7;0;0;0;4;23;B02
201000018206;0;33;0;1;0;1;2;A01
201000018207;0;7;0;0;2;1;2;B02
201000018207;0;17;0;0;0;4;2;A01
201000018208;0;7;0;0;2;5;2;B02
201000018208;0;7;0;0;2;3;2;A01
201000018209;0;17;0;3;0;9;13;A01
201000018210;0;7;0;7;0;2;14;A01
201000018211;0;17;0;0;2;2;12;A01
201000018211;0;7;0;5;2;6;1;C03
201000018212;0;33;0;0;0;0;17;A01
201000018213;0;7;0;0;2;4;2;C03
201000018213;0;7;0;0;2;4;2;B02
201000018213;0;7;0;0;2;1;2;A01
201000018214;0;7;0;0;1;2;1;A01
201000018215;0;7;0;0;0;4;13;A01
201000018215;0;33;0;0;2;1;1;B02
201000018216;0;17;0;0;0;8;13;A01
201000018217;0;33;0;3;0;2;1;A01
201000018218;0;14;0;0;1;7;0;A01
201000018219;0;30;0;0;0;8;15;A01
201000018220;0;7;0;0;2;3;1;B02
201000018220;0;7;0;0;2;2;15;A01
201000018221;0;33;0;12;0;7;1;A01
201000018222;0;33;0;2;0;1;1;A01
201000018223;0;7;0;0;2;7;15;A01
201000018223;0;32;0;0;2;1;1;B02
201000018224;0;33;0;16;0;7;1;A01
201000018225;0;33;0;13;0;1;21;C03
201000018225;0;7;0;0;2;1;1;A01
201000018225;0;33;0;0;2;1;13;B02
201000018226;0;7;0;0;2;3;1;B02
201000018226;0;1;0;0;2;1;19;A01
201000018227;0;33;0;0;2;2;17;A01
201000018227;0;7;0;0;2;7;2;C03
201000018227;0;7;0;0;2;6;13;B02
201000018228;0;14;0;8;0;0;14;A01
201000018229;0;33;0;0;2;1;1;A01
201000018230;0;7;0;0;2;5;19;A01
201000018230;0;32;0;0;2;3;19;B02
201000018231;0;7;0;0;2;1;13;A01
201000018231;0;7;0;0;2;8;21;C03
201000018231;0;7;0;0;2;3;1;B02
201000018232;0;7;0;0;1;1;1;A01
201000018233;0;7;0;0;2;3;1;A01
201000018233;0;33;0;0;2;1;5;B02
201000018234;0;7;0;0;2;8;15;A01
201000018234;0;7;0;0;2;1;1;B02
201000018235;0;7;0;7;0;3;1;A01
201000018236;0;10;0;3;0;2;1;A01
201000018237;0;7;0;3;0;2;0;A01
201000018238;0;7;0;13;0;1;1;A01
201000018239;0;33;0;0;2;7;17;A01
201000018239;0;7;0;0;2;8;1;B02
201000018240;0;33;0;0;0;0;1;A01
201000018241;0;7;0;3;0;1;1;A01
201000018242;0;7;0;13;0;2;1;A01
201000018243;0;10;0;13;0;2;1;A01
201000018244;0;7;0;0;2;6;9;B02
201000018244;0;7;0;0;2;2;9;A01
201000018245;0;7;0;13;0;2;14;A01
201000018246;0;7;0;0;2;2;14;A01
201000018246;0;17;0;0;0;8;1;B02
201000018247;0;7;0;16;0;9;2;A01
201000018248;0;7;0;6;2;6;1;A01
201000018248;0;10;0;0;2;2;14;B02
201000018249;0;17;0;0;2;1;2;A01
201000018249;0;17;0;0;0;4;2;B02
201000018250;0;17;0;3;2;1;13;A01
201000018250;0;17;0;0;2;1;1;B02
201000018251;0;7;0;0;2;1;1;C03
201000018251;0;7;0;3;2;1;1;A01
201000018251;0;7;0;0;0;8;1;B02
201000018252;0;7;0;14;0;3;1;C03
201000018252;0;7;0;0;2;2;17;B02
201000018252;0;10;0;3;0;9;1;A01
201000018252;0;7;0;14;0;8;1;D04
201000018253;0;7;0;13;0;2;21;A01
201000018254;0;7;0;0;2;4;0;C03
201000018254;0;7;0;0;6;1;1;F06
201000018254;0;7;0;13;6;9;1;D04
201000018254;0;7;0;0;6;1;1;E05
201000018254;0;7;0;0;2;4;1;A01
201000018254;0;7;0;0;6;1;1;B02
201000018255;0;7;0;0;0;0;24;A01
201000018255;0;7;0;0;0;4;0;B02
201000018255;0;7;0;0;2;1;2;C03
201000018256;0;7;0;5;0;3;12;A01
201000018257;0;7;0;3;0;3;1;A01
201000018258;0;7;0;3;0;3;13;A01
201000018259;0;17;0;3;0;8;1;A01
201000018260;0;15;0;16;0;1;13;A01
201000018261;0;7;0;3;0;1;1;A01
201000018262;0;7;0;3;0;2;6;A01
201000018263;0;33;0;0;0;7;21;A01
201000018264;0;7;0;3;0;1;1;A01
201000018265;0;33;0;0;0;7;1;A01
201000018266;0;33;0;0;0;7;1;A01
201000018267;0;33;0;0;0;7;1;A01
201000018268;0;15;0;0;2;8;11;A01
201000018268;0;33;0;0;2;0;1;B02
201000018269;0;7;0;0;2;1;2;A01
201000018269;0;2;0;0;2;9;2;B02
201000018269;0;7;0;0;2;4;2;C03
201000018270;0;32;0;0;0;0;2;A01
201000018270;0;7;0;0;2;4;0;B02
201000018271;0;7;0;0;2;3;9;A01
201000018271;0;34;0;0;2;2;1;B02
201000018272;0;7;0;6;0;5;1;A01
201000018273;0;33;0;0;2;1;2;B02
201000018273;0;7;0;0;2;6;1;C03
201000018273;0;7;0;0;9;5;1;A01
201000018274;0;33;0;0;9;1;1;A01
201000018275;0;7;0;0;0;4;2;C03
201000018275;0;7;0;0;2;1;2;A01
201000018275;0;7;0;0;0;4;2;B02
201000018276;0;7;0;1;0;1;1;A01
201000018276;0;7;0;5;1;9;23;B02
201000018276;0;7;0;0;0;4;23;C03
201000018277;0;7;0;6;0;1;15;A01
201000018278;0;17;0;1;0;1;2;A01
201000018278;0;17;0;0;2;4;23;B02
201000018279;0;7;0;0;0;4;23;A01
201000018279;0;7;0;0;2;1;2;C03
201000018279;0;7;0;0;2;1;2;B02
201000018280;0;7;0;4;0;3;1;A01
201000018281;0;10;0;0;2;2;2;A01
201000018281;0;17;0;0;0;6;2;B02
201000018282;0;7;0;0;0;1;2;B02
201000018282;0;7;0;0;2;2;17;A01
201000018283;0;7;0;4;0;3;1;A01
201000018284;0;17;0;0;2;4;2;A01
201000018284;0;17;0;0;0;4;2;B02
201000018284;0;17;0;0;0;1;2;C03
201000018285;0;7;0;5;0;1;1;A01
201000018286;0;17;0;0;0;1;1;B02
201000018286;0;17;0;0;0;1;1;C03
201000018286;0;17;0;0;0;4;2;A01
201000018287;0;17;0;4;0;2;1;A01
201000018288;0;17;0;0;0;0;0;C03
201000018288;0;17;0;0;1;2;21;A01
201000018288;0;17;0;0;0;0;23;B02
201000018289;0;7;0;0;2;9;1;A01
201000018289;0;7;0;0;2;2;14;B02
201000018290;0;17;0;14;0;3;1;C03
201000018290;0;17;0;0;2;6;1;B02
201000018290;0;10;0;0;2;2;17;A01
201000018291;0;17;0;3;0;1;13;A01
201000018292;0;7;0;0;2;4;2;B02
201000018292;0;7;0;0;2;1;2;A01
201000018293;0;10;0;0;1;3;19;A01
201000018294;0;7;0;3;0;3;1;A01
201000018295;0;7;0;1;0;2;2;B02
201000018295;0;17;0;0;0;6;23;A01
201000018296;0;7;0;3;0;2;0;A01
201000018297;0;7;0;0;0;0;1;A01
201000018298;0;10;0;0;0;1;2;B02
201000018298;0;17;0;0;0;4;2;A01
201000018299;0;14;0;0;2;3;1;C03
201000018299;0;15;0;0;2;8;1;B02
201000018299;0;33;0;4;2;9;17;A01
201000018300;0;15;0;0;0;0;16;A01
201000018301;0;7;0;0;9;1;2;B02
201000018301;0;7;0;0;9;3;2;A01
201000018302;0;33;0;0;0;0;17;A01
201000018303;0;33;0;3;0;8;13;A01
201000018304;0;31;0;0;2;3;13;A01
201000018304;0;7;0;0;2;2;1;B02
201000018305;0;7;0;0;0;5;12;B02
201000018305;0;33;0;0;2;1;3;A01
201000018306;0;10;0;0;2;1;2;A01
201000018306;0;7;0;0;2;4;23;B02
201000018307;0;33;0;0;0;8;20;A01
201000018308;0;7;0;5;0;1;1;A01
201000018309;0;7;0;0;0;9;1;A01
201000018310;0;7;0;0;0;0;0;A01
201000018311;0;7;0;8;0;1;1;A01
201000018312;0;7;0;13;0;1;14;A01
201000018313;0;7;0;3;0;2;1;A01
201000018314;0;7;0;13;0;2;21;A01
201000018315;0;10;0;3;0;3;1;A01
201000018316;0;14;0;0;0;6;1;B02
201000018316;0;99;0;3;2;2;17;A01
201000018317;0;99;0;3;0;2;17;A01
201000018318;0;7;0;0;2;3;11;A01
201000018318;0;7;0;3;2;2;1;B02
201000018319;0;17;0;0;1;2;1;A01
201000018320;0;7;0;13;0;2;1;A01
201000018321;0;7;0;0;1;8;4;A01
201000018322;0;7;0;0;1;2;2;A01
201000018323;0;33;0;0;2;3;1;B02
201000018323;0;7;0;0;2;7;15;A01
201000018324;0;7;0;0;2;2;15;A01
201000018324;0;7;0;0;2;3;1;B02
201000018325;0;7;0;0;2;5;23;A01
201000018325;0;7;0;0;2;6;2;B02
201000018325;0;10;0;0;2;6;23;C03
201000018326;0;7;0;3;2;2;14;A01
201000018326;0;10;0;0;0;8;1;B02
201000018327;0;7;0;0;2;1;2;A01
201000018327;0;14;0;0;2;5;2;B02
201000018328;0;7;0;3;0;2;1;A01
201000018329;0;7;0;13;0;1;1;A01
201000018330;0;10;0;0;2;1;2;A01
201000018330;0;99;0;0;2;4;2;B02
201000018331;0;7;0;0;0;4;1;B02
201000018331;0;7;0;0;2;1;2;A01
201000018332;0;7;0;0;9;1;1;D04
201000018332;0;17;0;0;2;6;24;C03
201000018332;0;10;0;0;2;7;1;A01
201000018332;0;17;0;0;2;2;1;B02
201000018333;0;14;0;0;0;6;1;A01
201000018333;0;33;0;0;2;1;1;B02
201000018334;0;17;0;0;1;2;20;A01
201000018335;0;7;0;13;0;9;1;A01
201000018336;0;33;0;0;2;1;3;B02
201000018336;0;7;0;0;2;2;12;A01
201000018337;0;7;0;0;0;8;11;A01
201000018337;0;7;0;0;0;2;1;B02
201000018338;0;7;0;2;0;9;14;A01
201000018339;0;7;0;3;0;1;1;A01
201000018340;0;7;0;0;2;2;1;A01
201000018340;0;17;0;0;0;6;1;B02
201000018341;0;17;0;0;0;6;23;B02
201000018341;0;17;0;1;0;2;2;A01
201000018342;0;33;0;16;0;8;1;A01
201000018343;0;14;0;0;0;3;2;B02
201000018343;0;10;0;0;0;8;21;A01
201000018344;0;7;0;6;0;1;1;A01
201000018345;0;7;0;0;2;1;2;A01
201000018345;0;7;0;0;0;4;23;B02
201000018346;0;7;0;0;2;5;12;A01
201000018346;0;33;0;0;2;1;1;B02
201000018347;0;17;0;0;2;7;12;A01
201000018347;0;7;0;3;2;8;1;B02
201000018348;0;33;0;0;2;1;3;A01
201000018348;0;7;0;0;0;4;12;B02
201000018349;0;33;0;0;2;1;1;A01
201000018349;0;7;0;0;2;5;1;B02
201000018350;0;7;0;3;0;1;1;A01
201000018351;0;7;0;0;2;4;1;B02
201000018351;0;7;0;0;2;4;1;D04
201000018351;0;7;0;0;2;4;1;C03
201000018351;0;7;0;0;2;1;1;A01
201000018352;0;7;0;0;2;5;1;A01
201000018352;0;10;0;0;2;8;17;B02
201000018353;0;7;0;0;9;1;0;A01
201000018353;0;17;0;0;0;4;1;B02
201000018354;0;7;0;3;0;1;1;A01
201000018355;0;10;0;0;2;1;13;C03
201000018355;0;14;0;0;2;6;1;B02
201000018355;0;7;0;0;2;2;1;A01
201000018356;0;7;0;0;2;1;9;A01
201000018356;0;7;0;0;2;1;1;C03
201000018356;0;7;0;0;0;4;23;B02
201000018357;0;7;0;4;0;9;2;A01
201000018358;0;14;0;0;0;0;0;C03
201000018358;0;7;0;0;0;0;2;B02
201000018358;0;7;0;0;0;0;1;A01
201000018359;0;10;0;0;2;4;2;B02
201000018359;0;7;0;0;2;1;2;A01
201000018360;0;7;0;3;0;8;0;A01
201000018361;0;7;0;0;2;4;2;A01
201000018361;0;7;0;0;2;1;2;B02
201000018362;0;7;0;0;0;4;2;A01
201000018362;0;7;0;0;2;1;2;B02
201000018363;0;10;0;0;0;3;1;C03
201000018363;0;10;0;0;2;3;0;A01
201000018363;0;10;0;0;2;2;0;B02
201000018364;0;32;0;0;2;1;12;B02
201000018364;0;7;0;0;2;4;2;C03
201000018364;1;7;0;0;2;3;1;A01
201000018365;0;7;0;4;2;0;0;A01
201000018365;0;7;0;3;2;0;0;B02
201000018366;0;7;0;4;0;3;17;A01
201000018367;0;33;0;0;9;1;2;A01
201000018368;0;7;0;0;2;7;12;B02
201000018368;0;33;0;0;2;8;3;A01
201000018369;0;7;0;0;2;3;1;B02
201000018369;0;7;0;4;2;9;19;A01
201000018370;0;7;0;0;9;6;1;B02
201000018370;0;7;0;0;2;2;14;A01
201000018370;0;14;0;0;2;1;2;C03
201000018371;0;7;0;13;0;1;0;A01
201000018372;0;33;0;1;0;7;21;E05
201000018372;0;7;0;0;0;4;0;D04
201000018372;0;7;0;4;0;1;1;A01
201000018373;0;7;0;4;0;3;17;A01
201000018374;0;10;0;0;2;1;2;B02
201000018374;0;17;0;0;0;4;1;A01
201000018375;0;7;0;2;0;7;1;A01
201000018376;0;7;0;1;0;1;1;A01
201000018376;0;7;0;0;0;4;24;B02
201000018377;0;7;0;3;0;1;1;A01
201000018378;0;7;0;0;2;4;1;A01
201000018378;0;33;0;0;2;1;1;B02
201000018379;0;1;0;0;0;7;0;B02
201000018379;0;7;0;0;9;3;1;A01
201000018380;0;21;0;0;0;2;2;B02
201000018380;0;33;0;0;2;1;1;A01
201000018381;0;7;0;0;2;3;1;A01
201000018381;0;2;0;0;2;1;15;B02
201000018382;0;2;0;0;2;1;1;A01
201000018382;0;7;0;0;2;3;19;B02
201000018383;0;7;0;3;0;3;13;A01
201000018384;0;99;0;0;0;0;0;B02
201000018384;0;7;0;0;1;1;15;A01
201000018385;0;7;0;0;0;0;1;A01
201000018386;0;33;0;12;0;8;0;A01
201000018387;0;7;0;0;2;2;19;B02
201000018387;0;33;0;0;2;1;1;A01
201000018388;0;10;0;0;1;4;20;A01
201000018389;0;1;0;0;0;1;1;B02
201000018389;0;7;0;0;0;2;16;A01
201000018390;0;99;0;0;0;0;0;A01
201000018390;0;1;0;0;2;1;0;B02
201000018391;0;7;0;0;2;1;2;A01
201000018391;0;7;0;0;2;1;5;B02
201000018392;0;7;0;0;0;3;13;A01
201000018392;0;7;0;0;0;3;1;B02
201000018393;0;7;0;15;0;1;1;A01
201000018394;0;7;0;0;0;1;0;B01
201000018394;0;7;0;2;0;7;0;A02
201000018395;0;17;0;3;2;2;14;A01
201000018395;0;7;0;3;2;6;0;B02
201000018396;0;7;0;14;0;1;1;A01
201000018397;0;10;0;3;0;2;17;A01
201000018398;0;7;0;11;0;1;0;A01
201000018399;0;7;0;3;0;3;1;A01
201000018400;0;17;0;0;2;6;9;A01
201000018400;0;7;0;0;2;7;14;B02
201000018401;0;7;0;3;2;8;14;A01
201000018401;0;33;0;3;2;7;1;B02
201000018402;0;7;0;7;0;1;1;A01
201000018403;0;7;0;0;2;7;19;B02
201000018403;0;33;0;0;2;1;1;A01
201000018404;0;33;0;0;0;1;1;A01
201000018405;0;33;0;16;0;1;1;A01
201000018406;0;7;0;0;1;1;1;A01
201000018407;0;14;0;0;2;1;19;A01
201000018407;0;30;0;0;2;8;1;B02
201000018408;0;7;0;0;2;2;1;B02
201000018408;0;3;0;0;2;8;1;A01
201000018409;0;7;0;0;0;7;19;A01
201000018409;0;30;0;0;2;1;1;B02
201000018410;0;7;0;0;2;2;1;B02
201000018410;0;7;0;0;2;3;15;A01
201000018411;0;7;0;0;0;4;1;B02
201000018411;0;7;0;0;2;1;21;A01
201000018412;0;7;0;3;2;2;21;A01
201000018412;0;17;0;0;2;6;1;B02
201000018413;0;15;0;0;0;4;2;B02
201000018413;0;7;0;0;2;1;2;A01
201000018414;0;17;0;0;2;4;2;B02
201000018414;0;10;0;0;2;1;2;A01
201000018415;0;7;0;3;0;9;14;A01
201000018416;0;10;0;13;0;9;1;A01
201000018417;0;10;0;4;0;1;1;A01
201000018418;0;7;0;8;0;9;21;A01
201000018419;0;7;0;13;0;9;21;A01
201000018420;0;7;0;0;0;0;1;A01
201000018421;0;7;0;3;0;5;1;A01
201000018422;0;7;0;0;2;4;21;E05
201000018422;0;7;0;0;2;4;2;A01
201000018422;0;7;0;0;2;4;2;B02
201000018422;0;7;0;0;2;1;2;C03
201000018422;0;7;0;0;2;1;2;D04
201000018422;0;7;0;0;2;1;21;F06
201000018423;0;7;0;3;2;5;1;A01
201000018423;0;7;0;0;2;1;1;B02
201000018424;0;7;0;0;2;8;1;A01
201000018424;0;38;0;0;2;1;1;B02
201000018425;0;7;0;14;0;1;1;B02
201000018425;0;7;0;16;0;9;1;A01
201000018426;0;33;0;3;0;6;0;A01
201000018427;0;30;0;0;2;1;1;A01
201000018427;0;7;0;0;0;4;1;B01
201000018428;0;7;0;0;1;1;1;A01
201000018429;0;7;0;0;0;0;1;A01
201000018430;0;7;0;0;1;2;1;A01
201000018431;0;7;0;0;2;1;1;B01
201000018431;0;2;0;0;2;2;16;A01
201000018432;0;1;0;0;2;1;13;A01
201000018432;0;7;0;0;2;1;1;B01
201000018433;0;33;0;0;2;1;1;B01
201000018433;0;7;0;0;2;1;15;A01
201000018434;0;7;0;6;1;1;15;A01
201000018435;0;7;0;0;2;1;1;A01
201000018435;0;7;0;0;2;4;1;B01
201000018436;0;7;0;0;1;2;1;A01
201000018437;0;7;0;0;0;0;0;A01
201000018438;0;10;0;0;2;6;13;A01
201000018438;0;33;0;0;2;2;17;B02
201000018439;0;7;0;8;0;3;1;A01
201000018440;0;7;0;6;0;1;1;A01
201000018441;0;7;0;0;0;3;16;A01
201000018441;0;33;0;12;0;2;16;B02
201000018442;0;7;0;13;0;4;1;A01
201000018442;0;7;0;0;2;2;14;B02
201000018443;0;7;0;0;2;3;15;A01
201000018443;0;7;0;0;2;3;23;C03
201000018443;0;7;0;0;2;3;1;B02
201000018444;0;10;0;0;2;1;1;A01
201000018444;0;10;0;7;2;7;15;B02
201000018445;0;31;0;0;0;7;1;A01
201000018446;0;7;0;6;0;1;1;A01
201000018447;0;31;0;14;0;2;1;A01
201000018448;0;1;0;4;0;1;1;A01
201000018449;0;33;0;3;0;0;1;A01
201000018450;0;33;0;13;0;2;14;A01
201000018451;0;7;0;8;0;1;2;A01
201000018452;0;7;0;0;1;3;1;A01
201000018453;0;7;0;0;2;4;1;B01
201000018453;0;7;0;0;2;1;1;A01
201000018454;0;7;0;0;2;6;19;A01
201000018454;0;33;0;0;2;1;1;B01
201000018455;0;30;0;0;2;1;1;A01
201000018455;0;7;0;0;2;1;1;B01
201000018456;0;32;0;0;1;0;1;A01
201000018457;0;7;0;0;1;2;15;A01
201000018458;0;7;0;0;1;1;1;A01
201000018459;0;7;0;0;1;1;2;A01
201000018460;0;7;0;11;0;1;15;A01
201000018461;0;3;0;0;0;3;1;A01
201000018462;0;10;0;3;2;8;13;A01
201000018462;0;7;0;3;2;0;1;B01
201000018463;0;7;0;0;2;2;1;A01
201000018463;0;7;0;0;0;6;11;B02
201000018464;0;7;0;0;2;1;1;A01
201000018464;0;7;0;0;0;8;0;C03
201000018464;0;7;0;3;2;5;1;B02
201000018465;0;33;0;0;0;2;1;A01
201000018466;0;7;0;5;0;5;1;A01
201000018467;0;10;0;0;0;4;23;A01
201000018467;0;7;0;1;0;1;1;B02
201000018468;0;7;0;0;0;4;2;C03
201000018468;0;7;0;0;2;1;2;A01
201000018468;0;7;0;0;2;4;2;B02
201000018469;0;17;0;3;0;2;1;A01
201000018470;0;7;0;0;2;1;1;B02
201000018470;0;7;0;0;2;3;13;A01
201000018471;0;10;0;0;2;1;2;A01
201000018471;0;14;0;0;0;4;2;B02
201000018472;0;7;0;3;0;1;14;A01
201000018473;0;7;0;0;0;9;0;A01
201000018473;0;7;0;0;0;0;17;B02
201000018474;0;7;0;16;0;9;1;A01
201000018475;0;7;0;0;0;9;1;A01
201000018476;0;7;0;0;2;6;2;B02
201000018476;0;7;0;0;2;4;2;C03
201000018476;0;7;0;4;0;2;2;A01
201000018477;0;7;0;7;0;1;14;A01
201000018478;0;7;0;0;0;9;14;A01
201000018479;0;7;0;0;0;4;1;A01
201000018480;0;7;0;16;0;9;1;A01
201000018481;0;7;0;0;0;0;0;B02
201000018481;0;7;0;3;2;2;2;A01
201000018482;0;7;0;0;0;1;1;A01
201000018483;0;34;0;4;0;1;13;A01
201000018484;0;34;0;0;0;8;1;A01
201000018485;0;33;0;0;0;8;1;A01
201000018486;0;33;0;0;2;1;2;A01
201000018486;0;17;0;0;0;0;2;B02
201000018487;0;7;0;0;2;4;2;B02
201000018487;0;10;0;0;2;1;2;A01
201000018488;0;7;0;0;9;7;17;A01
201000018488;0;1;0;0;2;0;0;B01
201000018489;0;10;0;0;0;8;1;A01
201000018489;0;30;0;0;2;0;21;B01
201000018490;0;7;0;2;0;1;2;A01
201000018491;0;7;0;13;2;1;14;A01
201000018491;0;7;0;0;2;1;1;B02
201000018492;0;7;0;3;0;1;1;A01
201000018493;0;7;0;16;0;9;0;A01
201000018494;0;7;0;2;0;9;12;A01
201000018495;0;7;0;0;2;2;14;B02
201000018495;0;7;0;0;0;6;1;C03
201000018496;0;7;0;0;2;1;2;B02
201000018496;0;14;0;0;2;6;2;A01
201000018497;0;15;0;1;0;2;1;B02
201000018497;0;7;0;0;0;6;23;A01
201000018498;0;7;0;13;0;1;17;A01
201000018499;0;7;0;0;2;4;2;B02
201000018499;0;7;0;0;2;1;2;A01
201000018500;0;17;0;0;0;6;24;D04
201000018501;0;10;0;13;0;2;21;A01
201000018502;0;7;0;0;0;1;1;B02
201000018502;0;7;0;0;0;1;5;A01
201000018503;0;7;0;3;0;2;13;A01
201000018504;0;7;0;0;2;3;1;A01
201000018504;0;17;0;0;2;5;0;B02
201000018505;0;7;0;13;0;2;1;A01
201000018506;0;7;0;3;0;2;14;A01
201000018507;0;7;0;3;0;1;1;A01
201000018508;0;7;0;2;0;1;14;A01
201000018509;0;7;0;0;2;2;1;B02
201000018509;0;2;0;0;0;8;1;A01
201000018510;0;33;0;0;2;8;1;B02
201000018510;0;7;0;0;2;8;13;A01
201000018511;0;10;0;0;2;6;1;A01
201000018511;0;7;0;0;2;3;1;B02
201000018512;0;33;0;0;0;2;2;A01
201000018513;0;32;0;0;0;0;1;A01
201000018514;0;7;0;0;2;3;1;B02
201000018514;0;7;0;0;2;1;13;A01
201000018515;0;7;0;0;2;1;13;A01
201000018515;0;7;0;0;2;1;1;B02
201000018516;0;7;0;0;2;3;1;B02
201000018516;0;33;0;0;2;3;13;A01
201000018517;0;7;0;0;2;3;1;B02
201000018517;0;7;0;0;2;3;1;A01
201000018518;0;38;21;5;0;1;12;A01
201000018519;0;7;0;0;0;6;2;B02
201000018519;0;7;0;0;2;2;2;A01
201000018520;0;10;0;3;0;1;21;A01
201000018521;0;33;0;0;0;1;1;B02
201000018521;0;7;0;0;2;3;15;A01
201000018522;0;7;0;0;0;5;19;A01
201000018522;0;33;0;0;2;8;1;B02
201000018523;0;33;0;8;0;3;17;A01
201000018524;0;7;0;16;0;9;1;A01
201000018525;0;7;0;0;1;2;1;A01
201000018526;0;1;0;0;2;1;0;B02
201000018526;0;7;0;0;1;2;13;A01
201000018527;0;30;0;0;2;8;10;A01
201000018527;0;33;0;0;2;1;1;B02
201000018528;0;30;0;12;0;8;1;A01
201000018529;0;31;0;0;9;1;1;A01