num_acc;senc;catv;occutc;obs;obsm;choc;manv;num_veh
201000018530;0;7;0;0;1;2;1;A01
201000018531;0;14;0;0;1;2;1;A01
201000018532;0;7;0;0;2;2;1;A01
201000018532;0;1;0;0;2;8;19;B02
201000018533;0;33;0;11;0;1;1;A01
201000018534;0;31;0;0;2;1;13;B02
201000018534;0;14;0;0;2;3;1;A01
201000018535;0;10;0;0;2;1;1;A01
201000018535;0;31;0;0;2;0;1;C03
201000018535;0;32;0;0;2;0;1;B02
201000018536;0;33;0;0;2;1;1;B02
201000018536;0;10;0;0;2;7;15;A01
201000018537;0;33;0;0;2;0;3;A01
201000018537;0;7;0;0;0;4;1;B02
201000018537;0;7;0;0;0;3;9;C03
201000018538;0;34;0;0;0;0;0;B02
201000018538;0;7;0;0;0;0;0;A01
201000018539;0;7;0;0;0;3;0;A01
201000018539;0;2;0;0;0;0;0;B02
201000018540;0;1;0;0;0;4;1;B02
201000018540;0;1;0;0;0;4;1;C03
201000018540;0;7;0;0;9;1;1;A01
201000018541;0;7;0;0;0;4;2;A01
201000018541;0;7;0;0;2;4;2;B02
201000018541;0;7;0;0;2;1;2;C03
201000018542;0;34;0;8;0;1;1;A01
201000018543;0;31;0;0;2;2;1;B02
201000018543;0;7;0;0;2;3;15;A01
201000018544;0;33;0;0;2;1;21;C03
201000018544;2;7;0;0;9;7;15;A01
201000018544;0;7;0;0;9;8;1;B02
201000018545;0;7;0;4;0;0;1;A01
201000018546;0;7;0;0;1;5;1;A01
201000018547;0;7;0;0;2;1;1;B02
201000018547;0;7;0;0;2;6;15;A01
201000018548;0;33;0;0;0;7;1;A01
201000018549;0;7;0;0;0;6;0;B02
201000018549;0;31;0;1;0;1;14;A01
201000018550;0;33;0;0;2;7;3;A01
201000018550;0;7;0;0;2;8;15;B02
201000018551;0;7;0;0;2;3;15;A01
201000018551;0;33;0;0;2;1;1;B02
201000018552;0;7;0;0;2;2;15;A01
201000018552;0;7;0;0;2;8;1;B02
201000018553;0;33;0;0;2;1;1;A01
201000018553;0;7;0;0;2;3;15;B02
201000018554;0;7;0;0;0;3;13;A01
201000018554;0;7;0;0;0;8;0;B02
201000018555;0;7;0;6;0;3;13;A01
201000018556;0;7;0;0;1;4;4;A01
201000018557;0;7;0;2;6;3;1;A01
201000018558;0;7;0;10;0;9;1;A01
201000018559;0;7;0;0;2;3;1;B02
201000018559;0;7;0;0;2;1;15;A01
201000018560;0;7;0;0;2;2;15;A01
201000018560;0;33;0;0;2;1;1;B02
201000018561;0;7;0;0;2;7;15;A01
201000018561;0;33;0;0;2;1;1;B02
201000018562;0;7;0;0;2;3;15;A01
201000018563;0;7;0;0;2;1;23;B02
201000018563;0;7;0;0;2;6;23;A01
201000018564;0;17;0;0;0;6;2;C03
201000018564;0;7;0;14;0;1;2;B02
201000018564;0;17;0;14;0;1;0;D04
201000018564;0;7;0;0;0;5;1;A01
201000018565;0;7;0;0;0;4;2;B02
201000018565;0;7;0;0;2;1;2;A01
201000018565;0;7;0;0;2;4;23;D04
201000018565;0;7;0;0;2;4;2;C03
201000018566;0;33;0;0;2;8;13;B02
201000018566;0;7;0;0;2;7;17;A01
201000018567;0;31;0;16;0;7;16;A01
201000018568;0;7;0;14;0;3;1;B02
201000018568;0;7;0;0;0;3;13;A01
201000018569;0;7;0;0;2;4;2;B02
201000018569;0;33;0;0;2;1;2;A01
201000018570;0;17;0;4;0;8;1;A01
201000018571;0;7;0;0;0;7;0;A01
201000018571;0;7;0;0;0;8;0;B02
201000018572;0;7;0;0;2;1;17;B02
201000018572;0;10;0;3;2;2;17;A01
201000018573;0;7;0;2;0;3;1;A01
201000018574;0;17;0;0;2;2;1;A01
201000018574;0;7;0;0;2;8;19;B02
201000018575;0;7;0;0;0;7;21;B02
201000018575;0;10;0;0;2;1;21;E05
201000018575;0;7;0;0;2;2;21;F06
201000018575;0;7;0;0;0;4;21;D04
201000018575;0;7;0;0;0;1;21;A01
201000018575;0;7;0;0;2;1;21;C03
201000018575;0;7;0;0;2;3;2;I09
201000018575;0;17;0;0;0;8;1;H08
201000018576;0;7;0;3;0;3;17;A01
201000018577;0;7;0;3;0;2;14;A01
201000018578;0;7;0;0;2;1;2;A01
201000018578;0;7;0;0;2;4;2;B02
201000018579;0;14;0;3;0;1;1;A01
201000018580;0;7;0;4;0;1;1;A01
201000018581;0;7;0;0;2;5;11;A01
201000018581;0;34;0;0;2;3;3;B02
201000018582;0;7;0;3;0;3;16;A01
201000018583;0;7;0;0;0;0;2;A01
201000018584;0;15;0;14;0;1;2;A01
201000018584;0;7;0;14;2;4;23;B02
201000018584;0;7;0;0;2;4;23;C03
201000018585;0;7;0;3;0;1;1;A01
201000018586;0;30;0;0;1;1;13;A01
201000018586;0;7;0;0;2;1;1;B02
201000018587;0;7;0;0;1;3;1;A01
201000018588;0;14;0;0;2;2;1;B02
201000018588;0;7;0;0;2;5;15;A01
201000018589;0;7;0;2;0;8;13;A01
201000018590;0;33;0;12;0;0;12;A01
201000018591;0;7;0;0;2;7;13;A01
201000018591;0;7;0;0;2;1;1;B02
201000018592;0;15;0;0;2;6;1;A01
201000018592;0;15;0;0;2;3;1;B02
201000018593;0;14;0;0;2;3;1;C03
201000018593;0;7;0;0;2;1;1;B02
201000018593;0;7;0;0;2;3;1;D04
201000018593;0;7;0;0;2;3;13;A01
201000018594;0;33;0;0;2;8;1;C03
201000018594;0;7;0;0;2;3;1;B02
201000018594;0;33;0;0;2;8;1;A01
201000018595;2;7;0;2;0;1;1;A01
201000018596;0;35;0;0;2;8;15;B02
201000018596;0;33;0;0;2;1;17;A01
201000018597;0;10;0;13;0;3;1;A01
201000018598;0;7;0;16;0;2;1;A01
201000018599;0;7;0;10;0;3;1;A01
201000018600;0;7;0;2;0;1;1;A01
201000018601;0;7;0;0;0;0;0;A01
201000018601;0;7;0;0;2;1;1;B02
201000018602;0;7;0;8;0;2;1;A01
201000018603;0;10;0;0;1;3;16;A01
201000018604;0;7;0;0;2;1;1;C03
201000018604;0;10;0;0;2;6;23;A01
201000018604;0;10;0;0;2;1;1;B02
201000018605;0;7;0;0;1;2;1;A01
201000018606;0;30;0;15;0;1;14;A01
201000018607;0;33;0;15;0;8;19;A01
201000018608;0;7;0;0;1;1;1;A01
201000018609;0;7;0;0;2;7;15;B02
201000018609;0;30;0;0;2;1;1;A01
201000018610;0;7;0;0;2;1;2;B02
201000018610;0;7;0;0;0;4;23;A01
201000018611;0;1;0;0;2;8;1;B02
201000018611;0;7;0;0;9;7;17;A01
201000018612;0;7;0;13;0;3;13;A01
201000018613;0;7;0;0;0;3;15;A01
201000018613;0;30;0;0;2;1;17;B02
201000018614;0;7;0;14;2;6;1;C03
201000018614;0;7;0;0;2;1;1;D04
201000018614;0;7;0;0;2;6;1;A01
201000018614;0;7;0;0;2;1;1;B02
201000018615;0;30;0;0;2;1;8;B02
201000018615;0;7;0;0;2;7;15;A01
201000018616;0;7;0;14;0;1;1;B02
201000018617;0;7;0;0;2;2;2;A01
201000018617;0;7;0;0;2;6;2;B02
201000018618;0;7;0;4;0;3;11;A01
201000018619;0;15;0;1;0;5;0;C03
201000018620;0;15;0;0;2;4;1;B02
201000018620;0;7;0;0;2;1;0;A01
201000018621;0;10;0;0;2;2;1;B02
201000018621;0;15;0;0;2;5;1;C03
201000018621;0;7;0;0;2;3;11;A01
201000018622;0;33;0;0;0;9;1;A01
201000018623;0;7;0;0;0;1;21;A01
201000018624;0;15;0;0;2;4;1;B02
201000018624;0;7;0;0;2;1;1;A01
201000018625;0;7;0;0;2;1;0;A01
201000018625;0;17;0;0;2;4;0;B02
201000018626;0;10;0;0;0;8;17;B02
201000018626;0;7;0;0;0;7;1;A01
201000018627;0;14;0;0;0;6;1;C03
201000018627;0;7;0;14;0;1;13;B02
201000018627;0;10;0;0;2;1;2;A01
201000018628;0;7;0;14;0;1;1;C03
201000018628;0;7;0;3;0;2;14;A01
201000018628;0;7;0;14;0;3;1;B02
201000018629;0;7;0;4;0;0;1;A01
201000018630;0;17;0;1;0;5;14;A01
201000018630;0;7;0;0;0;8;24;B02
201000018631;0;7;0;14;2;1;22;A01
201000018632;0;7;0;14;0;1;2;B02
201000018632;0;7;0;3;0;1;1;A01
201000018633;0;7;0;0;1;1;1;A01
201000018634;0;33;0;0;2;8;1;B02
201000018634;0;7;0;0;2;2;9;A01
201000018635;0;7;0;0;2;3;11;A01
201000018635;0;10;0;0;2;3;1;B02
201000018636;0;33;0;0;2;1;1;B02
201000018636;0;7;0;0;2;3;15;A01
201000018637;0;10;0;0;1;1;16;A01
201000018638;0;1;0;0;2;1;1;B02
201000018638;0;7;0;0;2;2;15;A01
201000018639;0;1;0;0;2;1;9;B02
201000018639;0;7;0;0;2;2;1;A01
201000018640;0;7;0;0;1;3;1;A01
201000018641;0;1;0;0;0;0;0;B02
201000018641;0;7;0;0;0;4;4;A01
201000018642;0;31;0;0;2;1;1;A01
201000018643;0;10;0;0;2;1;1;A01
201000018643;0;14;0;0;2;1;1;B02
201000018644;0;10;0;0;2;8;19;B02
201000018644;0;7;0;0;2;1;1;A01
201000018645;0;7;0;0;2;7;21;B02
201000018645;0;7;0;0;2;1;1;C03
201000018645;0;7;0;0;0;0;13;A01
201000018646;0;7;0;13;2;2;15;A01
201000018646;0;13;0;13;2;1;2;B02
201000018647;0;30;0;0;2;1;2;B02
201000018647;0;13;0;0;2;4;2;A01
201000018648;0;7;0;0;2;8;17;B02
201000018648;0;33;0;0;2;7;17;A01
201000018649;0;33;0;16;0;3;17;A01
201000018650;0;10;0;0;2;8;15;A01
201000018650;0;7;0;0;2;1;1;B02
201000018651;0;7;0;0;2;1;1;B02
201000018651;0;7;0;0;2;2;15;A01
201000018652;0;7;0;0;2;8;15;A01
201000018652;0;7;0;0;2;1;1;B02
201000018653;0;17;0;0;2;4;2;B02
201000018653;0;7;0;0;2;1;2;A01
201000018654;0;7;0;0;2;3;1;B02
201000018654;0;99;0;0;2;1;19;A01
201000018655;0;7;0;0;2;3;1;B02
201000018655;0;10;0;0;2;3;13;A01
201000018656;0;7;0;0;2;8;19;A01
201000018656;0;7;0;0;2;1;1;B02
201000018657;0;7;0;0;2;3;1;D04
201000018657;0;14;0;0;2;0;13;A01
201000018657;0;14;0;0;2;3;1;C03
201000018658;0;33;0;0;2;7;2;B02
201000018658;0;7;0;0;2;3;11;A01
201000018659;0;7;0;13;0;2;17;A01
201000018660;0;7;0;0;2;7;19;A01
201000018660;0;7;0;0;2;1;1;B02
201000018661;0;30;0;0;0;0;1;A01
201000018662;0;30;0;11;0;7;16;A01
201000018663;0;7;0;0;2;6;15;A01
201000018663;0;33;0;0;2;1;1;B02
201000018664;0;7;0;0;2;8;19;A01
201000018664;0;7;0;0;2;1;0;B02
201000018665;0;14;0;0;2;4;4;A01
201000018665;0;30;0;0;2;1;21;B02
201000018666;0;7;0;13;0;2;1;A01
201000018667;0;7;0;8;0;1;1;A01
201000018668;0;7;0;0;2;1;1;B02
201000018668;0;7;0;0;2;7;19;A01
201000018669;0;15;0;0;2;6;9;A01
201000018669;0;7;0;0;2;1;1;B02
201000018670;0;14;0;0;2;1;1;B02
201000018670;0;7;0;0;2;1;13;A01
201000018671;0;7;0;0;2;7;19;A01
201000018671;0;7;0;0;2;1;1;B02
201000018672;0;10;0;0;2;8;1;C03
201000018672;0;7;0;0;2;3;1;B02
201000018672;0;10;0;0;2;3;13;A01
201000018673;0;14;0;0;0;7;1;A01
201000018674;0;7;0;0;2;2;14;A01
201000018674;0;14;0;0;2;6;1;B02
201000018675;0;7;0;4;0;3;0;A01
201000018676;0;7;0;11;0;3;1;A01
201000018677;0;10;0;6;0;7;14;A01
201000018678;0;7;0;0;2;2;1;A01
201000018678;0;7;0;4;2;1;13;B02
201000018679;0;7;0;0;0;8;2;B02
201000018679;0;7;0;0;0;2;0;A01
201000018679;0;10;0;1;0;2;2;C03
201000018680;0;10;0;3;0;3;1;B02
201000018680;0;7;0;3;0;1;1;K11
201000018680;0;7;0;3;2;1;1;E05
201000018680;0;7;0;3;0;8;1;J10
201000018680;0;7;0;3;0;3;1;I09
201000018680;0;7;0;3;0;1;1;H08
201000018680;0;7;0;3;2;1;1;G07
201000018680;0;7;0;3;0;1;1;F06
201000018680;0;7;0;0;2;1;2;A01
201000018680;0;7;0;3;2;4;17;C03
201000018680;0;7;0;0;2;4;1;D04
201000018680;0;7;0;0;9;1;1;L12
201000018681;0;7;0;11;0;1;2;A01
201000018682;0;7;0;3;2;1;2;A01
201000018682;0;7;0;0;2;1;2;B02
201000018683;0;7;0;0;2;2;15;A01
201000018683;0;30;0;0;2;1;1;B02
201000018684;0;30;0;0;2;4;1;B02
201000018684;0;7;0;0;2;2;1;A01
201000018685;0;17;0;0;1;7;1;A01
201000018686;0;7;0;0;2;7;15;B02
201000018686;2;7;0;0;2;1;1;A01
201000018687;0;2;0;0;2;1;1;B02
201000018687;0;7;0;0;2;8;1;A01
201000018688;0;33;0;16;0;1;1;A01
201000018689;0;2;0;12;0;1;1;A01
201000018690;1;7;0;0;2;4;2;B02
201000018690;0;7;0;0;2;1;2;A01
201000018691;0;1;0;0;2;2;1;A01
201000018691;0;10;0;0;9;3;9;B02
201000018692;0;7;0;0;1;3;1;A01
201000018693;0;7;0;0;2;1;9;A01
201000018693;0;30;0;0;2;1;1;B02
201000018694;0;32;0;0;2;1;1;B02
201000018694;0;10;0;0;2;3;15;A01
201000018695;0;7;0;0;1;2;14;A01
201000018696;0;7;0;0;1;2;1;A01
201000018697;0;7;0;0;2;3;15;A01
201000018697;0;1;0;0;2;1;1;B02
201000018698;0;34;0;0;2;1;1;B02
201000018698;0;7;0;0;2;2;15;A01
201000018699;0;7;0;0;2;7;16;B02
201000018699;0;3;0;0;2;3;1;A01
201000018700;0;31;0;0;2;1;17;A01
201000018700;0;7;0;0;2;1;1;B02
201000018700;0;7;0;0;2;1;1;C03
201000018701;0;7;0;0;2;1;13;A01
201000018701;0;7;0;0;2;1;1;B02
201000018702;0;33;0;0;2;1;15;B02
201000018702;0;7;0;0;2;2;1;A01
201000018703;0;7;0;0;2;8;15;B02
201000018703;0;31;0;0;2;1;1;A01
201000018704;0;10;0;0;2;6;2;A01
201000018704;0;33;0;0;2;1;11;B02
201000018705;0;7;0;0;2;8;15;B02
201000018705;0;33;0;0;2;1;17;A01
201000018706;0;10;0;0;2;8;17;A01
201000018706;0;33;0;0;2;7;17;B02
201000018707;0;34;0;13;0;7;1;A01
201000018708;2;7;0;0;2;8;1;A01
201000018708;0;7;0;0;2;1;1;B02
201000018709;0;7;0;0;2;3;10;A01
201000018709;0;33;0;0;2;7;17;B02
201000018710;0;10;0;0;2;3;15;A01
201000018710;0;33;0;0;2;1;1;B02
201000018711;0;7;0;0;2;4;23;A01
201000018711;0;34;0;0;2;1;1;B02
201000018712;0;7;0;0;2;3;17;A01
201000018712;0;1;0;0;2;1;1;B02
201000018713;0;31;0;0;2;1;1;A01
201000018713;0;7;0;0;2;2;1;B02
201000018714;0;7;0;0;1;3;16;A01
201000018715;0;7;0;0;1;1;1;A01
201000018716;0;7;0;0;2;3;21;A01
201000018716;0;7;0;0;0;8;23;C03
201000018716;0;7;0;0;2;3;1;B02
201000018717;0;7;0;0;2;1;1;B02
201000018717;0;33;0;0;2;2;5;A01
201000018718;0;7;0;;;3;;A01
201000018718;0;1;0;;;;;A02
201000018719;0;33;0;14;0;1;1;A01
201000018720;0;10;0;0;2;3;5;B02
201000018720;0;33;0;0;2;1;5;A01
201000018721;0;3;0;0;0;3;1;B02
201000018721;0;7;0;0;0;3;1;A01
201000018722;1;7;0;0;1;1;1;A01
201000018723;0;7;0;0;2;1;16;A01
201000018723;0;31;0;0;2;2;1;B02
201000018724;0;7;0;0;2;3;10;A01
201000018724;0;33;0;0;2;1;17;B02
201000018725;0;1;0;0;1;1;1;A01
201000018726;0;7;0;0;2;3;6;B02
201000018726;0;7;0;0;2;3;1;A01
201000018727;0;33;0;0;2;0;13;B01
201000018727;0;7;0;0;2;8;15;A01
201000018728;0;33;0;0;2;1;1;B02
201000018728;0;7;0;0;2;5;10;A01
201000018729;0;3;0;0;2;3;13;A01
201000018729;0;7;0;0;2;3;1;B02
201000018730;0;7;0;0;2;1;15;A01
201000018730;0;7;0;0;2;2;1;B02
201000018731;0;7;0;0;1;8;1;A01
201000018732;0;33;0;0;2;1;1;B02
201000018732;0;7;0;0;2;2;15;A01
201000018733;0;10;0;0;1;1;1;A01
201000018734;0;31;0;0;2;1;1;B02
201000018734;0;7;0;0;2;3;19;A01
201000018735;0;7;0;0;1;4;4;A01
201000018736;0;7;0;16;1;5;4;A01
201000018737;0;7;0;0;1;3;1;A01
201000018738;0;7;0;0;0;4;23;B02
201000018738;0;7;0;0;2;1;2;A01
201000018739;0;21;0;13;0;9;1;A01
201000018740;0;7;0;0;2;8;19;A01
201000018740;0;7;0;0;2;1;1;B02
201000018741;0;7;0;0;2;3;13;A01
201000018741;0;7;0;0;2;3;1;B02
201000018742;0;2;0;0;2;3;0;B02
201000018742;0;7;0;0;2;2;9;A01
201000018743;0;7;0;0;2;8;1;E05
201000018743;0;7;0;0;2;6;23;C03
201000018743;0;7;0;0;2;6;23;B02
201000018743;0;7;0;1;2;2;17;A01
201000018743;0;7;0;0;2;6;23;D04
201000018744;0;7;0;0;2;2;2;A01
201000018744;0;30;0;0;2;4;2;B02
201000018745;0;2;0;0;2;8;19;A01
201000018745;0;7;0;0;2;1;1;B02
201000018746;0;7;0;0;2;7;17;A01
201000018746;0;10;0;0;2;3;15;B02
201000018747;0;10;0;0;0;4;1;B02
201000018747;0;30;0;0;2;1;1;A01
201000018748;0;1;0;0;0;7;1;B02
201000018748;0;7;0;0;0;3;0;A01
201000018749;0;15;0;9;2;3;1;A01
201000018749;0;7;0;0;2;3;13;B02
201000018750;0;31;0;0;1;1;1;A01
201000018751;0;37;1;13;0;1;1;A01
201000018752;0;7;0;0;2;3;1;B02
201000018752;0;15;0;0;2;3;13;A01
201000018752;0;7;0;0;2;8;2;C03
201000018752;0;7;0;14;9;0;1;D04
201000018753;0;7;0;0;0;4;2;C03
201000018753;0;7;0;0;2;1;2;A01
201000018753;0;7;0;0;2;4;2;B02
201000018754;0;33;0;0;2;1;17;A01
201000018754;0;7;0;0;2;6;15;B02
201000018755;0;2;0;6;0;1;0;A01
201000018756;0;7;0;0;2;2;1;A01
201000018756;0;33;0;0;2;8;10;B02
201000018757;0;7;0;0;1;2;1;A01
201000018758;0;33;0;0;2;6;1;B02
201000018758;0;7;0;0;2;3;19;A01
201000018759;0;7;0;6;0;1;1;A01
201000018760;0;1;0;;2;8;1;B01
201000018760;0;7;0;0;9;5;16;A01
201000018761;0;7;0;13;0;9;1;A01
201000018762;0;7;0;0;0;1;1;A01
201000018762;0;33;0;0;0;1;1;B02
201000018763;0;34;0;16;0;7;9;A01
201000018764;0;7;0;0;2;3;13;B02
201000018764;0;7;0;0;2;3;1;A01
201000018765;0;7;0;0;2;3;1;A01
201000018765;0;1;0;0;1;8;15;B02
201000018766;0;7;0;0;2;3;1;B02
201000018766;0;33;0;0;2;1;13;A01
201000018767;0;10;0;0;2;3;15;A01
201000018767;0;31;0;0;2;1;1;B02
201000018768;0;7;0;0;2;2;1;B02
201000018768;0;33;0;0;2;1;13;A01
201000018769;0;7;0;13;0;1;1;A01
201000018770;0;10;0;0;2;1;13;A01
201000018770;0;7;0;0;2;1;1;B02
201000018771;0;7;0;0;2;3;15;A01
201000018771;0;33;0;0;2;1;1;B02
201000018772;0;33;0;0;2;1;1;B02
201000018772;0;7;0;0;2;1;13;A01
201000018773;0;7;0;2;0;7;1;A01
201000018774;0;7;0;0;2;1;1;E05
201000018774;0;14;0;0;2;1;1;D04
201000018774;0;7;0;0;2;1;13;A01
201000018774;0;17;0;0;2;1;1;B02
201000018775;0;7;0;0;2;1;1;A01
201000018775;0;7;0;0;2;1;13;B02
201000018776;0;7;0;0;2;3;1;A01
201000018776;0;7;0;0;2;3;13;B02
201000018777;0;7;0;0;2;2;13;A01
201000018777;0;7;0;0;2;3;1;B02
201000018778;0;30;0;0;2;8;13;A01
201000018778;0;7;0;0;2;1;5;B02
201000018779;0;7;0;0;2;7;13;A01
201000018779;0;7;0;7;2;1;1;B02
201000018780;0;7;0;3;2;1;2;A01
201000018780;0;7;0;0;2;2;17;B02
201000018781;0;7;0;3;0;3;1;A01
201000018781;0;15;0;0;0;2;1;B02
201000018782;0;7;0;3;0;1;1;A01
201000018783;0;7;0;0;2;1;2;A01
201000018783;0;17;0;0;0;6;2;B02
201000018784;0;7;0;4;0;9;13;A01
201000018785;0;14;0;0;0;6;1;A01
201000018785;0;7;0;0;2;2;17;B02
201000018786;0;7;0;0;2;1;1;A01
201000018786;0;15;0;0;0;4;1;B02
201000018787;0;7;0;4;0;3;13;A01
201000018788;0;33;0;0;0;3;1;A01
201000018789;0;17;0;3;0;2;16;A01
201000018789;0;7;0;0;2;3;1;B02
201000018790;0;7;0;0;2;1;1;B02
201000018790;0;7;0;3;0;1;13;A01
201000018791;0;7;0;13;0;7;14;A01
201000018792;0;33;0;0;2;1;1;B02
201000018792;0;30;0;0;2;8;15;A01
201000018793;0;31;0;12;0;7;1;A01
201000018794;0;7;0;0;2;1;9;A01
201000018794;0;1;0;0;2;7;1;B01
201000018795;0;10;0;0;0;1;1;B02
201000018795;0;10;0;0;2;1;13;A01
201000018796;0;7;0;0;9;1;2;C03
201000018796;0;7;0;0;9;2;2;A01
201000018796;0;2;0;0;2;8;2;B02
201000018797;0;7;0;0;1;3;1;A01
201000018798;0;7;0;0;2;3;5;A01
201000018798;0;31;0;0;2;1;21;B02
201000018799;0;7;0;0;1;1;1;A01
201000018800;0;7;0;1;0;1;0;A01
201000018800;0;7;0;0;0;4;0;B02
201000018801;0;7;0;0;2;6;15;B02
201000018801;0;7;0;0;2;1;17;A01
201000018802;0;33;0;0;2;7;17;B02
201000018802;0;7;0;0;2;3;15;A01
201000018803;0;7;0;0;2;3;1;B02
201000018803;0;7;0;0;2;3;1;C03
201000018803;0;7;0;0;2;3;13;A01
201000018804;0;7;0;10;0;4;1;A01
201000018805;0;30;0;0;0;0;0;A01
201000018806;0;7;0;6;2;3;1;B02
201000018806;0;7;0;1;2;1;1;A01
201000018807;0;7;0;6;2;8;1;B02
201000018807;0;7;0;1;2;1;1;A01
201000018808;0;7;0;0;2;4;23;B02
201000018808;0;7;0;0;2;4;23;A01
201000018808;0;15;0;0;2;4;23;C03
201000018809;0;14;0;0;2;6;1;B02
201000018809;0;33;0;0;2;2;3;A01
201000018810;0;7;0;13;0;3;16;A01
201000018811;0;7;0;0;2;1;13;A01
201000018811;0;7;0;0;2;1;1;B02
201000018812;0;2;0;0;2;1;1;B02
201000018812;0;7;0;0;2;2;15;A01
201000018813;0;7;0;13;0;1;13;A01
201000018814;0;33;0;16;0;8;1;A01
201000018815;0;33;0;11;0;1;17;A01
201000018816;0;33;0;0;2;7;1;A01
201000018816;0;7;0;0;2;7;17;B02
201000018817;0;33;0;0;2;1;13;B02
201000018817;0;7;0;0;2;3;2;A01
201000018818;0;13;0;0;2;8;1;B02
201000018818;0;7;0;0;2;8;1;C03
201000018818;0;33;0;0;2;1;13;A01
201000018819;0;7;0;0;0;8;15;B02
201000018819;0;30;0;0;2;1;17;A01
201000018820;0;7;0;0;0;5;15;A01
201000018820;0;33;0;0;0;1;1;B02
201000018821;0;33;0;12;0;1;1;A01
201000018822;0;2;0;0;2;8;19;A01
201000018822;0;7;0;0;2;1;1;B02
201000018823;0;30;0;0;0;0;0;A01
201000018824;0;7;0;0;2;3;15;A01
201000018824;0;33;0;0;2;1;1;B02
201000018825;0;7;0;0;2;1;0;B02
201000018825;0;7;0;0;2;7;13;A01
201000018826;0;14;0;0;1;6;4;A01
201000018827;0;7;0;6;0;2;2;A01
201000018828;0;7;0;0;2;1;15;A01
201000018828;0;33;0;0;2;8;1;B02
201000018829;0;7;0;0;2;1;2;A01
201000018829;0;10;0;0;0;4;2;C03
201000018829;0;7;0;0;2;4;2;B02
201000018830;0;7;0;0;2;1;1;B02
201000018830;0;7;0;0;2;1;13;A01
201000018831;0;33;0;0;2;1;1;C03
201000018831;0;7;0;0;2;3;15;A01
201000018831;0;7;0;8;2;6;1;B02
201000018832;0;33;0;0;2;8;1;C03
201000018832;0;16;0;3;2;7;5;A01
201000018833;0;1;0;0;0;3;1;C03
201000018833;0;10;0;0;9;3;1;B02
201000018833;0;17;0;0;2;3;15;A01
201000018834;0;7;0;13;0;3;13;A01
201000018835;0;7;0;0;2;1;1;A01
201000018835;0;7;0;0;0;4;16;B02
201000018836;0;7;0;0;2;3;1;A01
201000018836;0;31;0;0;2;1;13;B02
201000018837;0;7;0;0;9;3;1;A01
201000018837;0;1;0;0;2;1;19;B02
201000018838;0;7;0;1;0;1;1;C03
201000018838;0;7;0;0;0;1;1;D04
201000018838;0;7;0;3;0;9;1;A01
201000018838;0;7;0;1;0;8;1;B02
201000018839;0;7;0;0;1;3;1;A01
201000018840;0;7;0;13;0;1;1;B02
201000018841;0;7;0;0;0;4;2;C03
201000018841;0;7;0;0;2;3;14;A01
201000018841;0;7;0;0;0;5;2;B02
201000018842;0;10;0;0;2;5;2;B02
201000018842;0;7;0;0;2;1;2;A01
201000018843;0;7;0;3;6;3;21;A01
201000018844;0;7;0;0;2;4;13;A01
201000018844;0;7;0;0;2;2;11;B02
201000018845;0;33;0;0;2;1;1;A01
201000018845;0;7;0;0;2;2;15;B02
201000018846;0;7;0;8;0;1;1;A01
201000018847;0;10;0;0;0;3;13;A01
201000018847;0;14;0;0;2;3;0;B02
201000018848;0;7;0;0;2;3;1;B02
201000018848;0;7;0;0;2;3;13;A01
201000018849;0;14;0;16;0;0;1;A01
201000018850;0;33;0;0;2;2;17;A01
201000018850;1;7;0;0;0;8;1;B02
201000018851;0;7;0;0;2;3;1;A01
201000018851;0;7;0;0;2;1;15;B02
201000018852;0;7;0;4;0;3;11;A01
201000018853;0;7;0;16;2;2;14;A01
201000018853;0;7;0;0;0;8;1;B02
201000018854;0;33;0;0;0;8;15;A01
201000018855;0;7;0;16;0;1;1;A01
201000018856;0;7;0;0;2;4;1;B02
201000018856;0;7;0;0;2;1;1;A01
201000018857;0;17;0;0;9;4;1;C03
201000018857;0;15;0;0;0;1;2;A01
201000018857;0;10;0;0;0;4;23;B02
201000018858;0;7;0;0;0;1;1;A01
201000018859;0;7;0;0;2;1;2;A01
201000018859;0;15;0;0;0;4;1;B02
201000018860;0;7;0;13;2;1;1;A01
201000018860;0;17;0;0;2;1;1;D04
201000018860;0;7;0;3;2;4;1;B02
201000018860;0;17;0;0;0;4;1;C03
201000018861;0;7;0;0;0;4;2;B02
201000018861;0;7;0;0;2;1;2;A01
201000018862;0;7;0;2;0;7;1;A01
201000018863;0;10;0;2;0;1;1;A01
201000018864;0;17;0;13;0;2;1;A01
201000018865;0;7;0;13;0;9;1;A01
201000018866;0;7;0;13;6;1;1;A01
201000018867;0;7;0;13;0;1;12;A01
201000018868;0;14;0;0;1;1;0;A01
201000018869;0;7;0;0;2;8;1;C03
201000018869;0;7;0;0;2;8;1;D04
201000018869;0;7;0;0;2;1;13;A01
201000018869;0;7;0;0;2;1;1;B02
201000018870;0;7;0;0;2;1;13;A01
201000018870;0;7;0;0;2;1;1;B02
201000018871;0;2;0;0;2;4;1;B02
201000018871;1;7;0;0;2;2;1;A01
201000018872;0;7;0;0;1;3;1;A01
201000018873;0;7;0;0;2;1;1;B02
201000018873;0;7;0;0;2;1;13;A01
201000018874;0;7;0;1;0;3;14;A01