num_acc;senc;catv;occutc;obs;obsm;choc;manv;num_veh
201000018874;0;14;0;0;0;6;0;B02
201000018875;0;7;0;13;0;2;0;A01
201000018876;0;7;0;13;0;9;0;A01
201000018877;0;33;0;3;0;3;1;A01
201000018878;0;7;0;3;0;1;1;A01
201000018879;0;7;0;4;0;1;1;A01
201000018880;0;7;0;13;0;3;13;A01
201000018881;0;7;0;0;2;8;1;B02
201000018881;0;2;0;0;2;8;13;A01
201000018881;0;7;0;0;2;1;1;C03
201000018882;0;33;0;0;2;0;1;A01
201000018882;0;7;0;0;2;8;19;B02
201000018883;0;7;0;0;2;1;2;C03
201000018883;0;7;0;0;0;4;2;A01
201000018883;0;7;0;0;2;1;2;B02
201000018883;0;33;0;0;2;1;2;D04
201000018884;0;7;0;0;1;2;1;A01
201000018885;0;7;0;0;0;7;19;A01
201000018885;0;33;0;0;2;1;1;B02
201000018886;0;30;0;0;2;1;16;A01
201000018886;0;7;0;0;9;2;1;B02
201000018887;0;7;0;0;2;1;1;A01
201000018887;0;7;0;0;2;3;19;B02
201000018888;0;7;0;2;0;7;17;A01
201000018889;0;7;0;0;0;1;13;A01
201000018889;0;7;0;0;0;1;1;B02
201000018890;0;7;0;6;0;1;16;A01
201000018891;0;7;0;0;2;8;13;A01
201000018891;0;10;0;6;2;3;1;B02
201000018892;0;32;0;0;2;2;1;A01
201000018892;0;7;0;0;2;3;19;B02
201000018893;0;7;0;0;2;3;1;B02
201000018893;0;7;0;0;2;3;13;A01
201000018894;0;7;0;0;2;1;19;A01
201000018894;0;7;0;0;2;1;1;B02
201000018895;0;7;0;0;2;4;2;A01
201000018895;0;7;0;0;2;1;1;B02
201000018896;0;7;0;16;0;9;0;A01
201000018897;0;7;0;0;0;0;18;A01
201000018898;0;7;0;0;2;3;15;B02
201000018898;0;33;0;0;2;6;18;A01
201000018899;0;14;0;0;1;2;0;A01
201000018900;0;7;0;0;1;7;1;A01
201000018901;0;33;0;0;2;1;19;A01
201000018901;0;7;0;0;2;3;1;B02
201000018902;0;7;0;0;2;3;19;A01
201000018902;0;7;0;0;2;8;1;C03
201000018902;0;33;0;0;2;1;1;B02
201000018903;0;10;0;0;2;2;1;B02
201000018903;0;7;0;0;2;1;5;A01
201000018904;0;10;0;0;2;8;19;A01
201000018904;0;99;0;0;2;1;1;B02
201000018905;0;7;0;0;2;3;1;B02
201000018905;0;7;0;0;2;3;1;A01
201000018906;0;17;0;0;2;1;2;A01
201000018906;0;7;0;14;0;8;1;C03
201000018906;0;17;0;0;2;4;1;B02
201000018907;0;7;0;0;1;3;1;A01
201000018908;0;10;0;0;0;8;17;A01
201000018908;0;7;0;0;0;0;17;B02
201000018909;0;7;0;1;0;1;2;A01
201000018909;0;15;0;0;0;6;2;B02
201000018910;0;10;0;0;0;9;11;A01
201000018911;0;17;0;5;0;7;1;A01
201000018912;0;10;0;0;2;2;17;A01
201000018912;0;10;0;0;2;6;1;B02
201000018913;0;17;0;0;0;6;2;B02
201000018913;0;7;0;0;2;1;2;A01
201000018914;0;7;0;0;0;9;0;A01
201000018915;0;7;0;0;0;0;2;A01
201000018915;0;7;0;0;2;1;2;C03
201000018915;0;7;0;1;0;1;2;D04
201000018915;0;7;0;0;2;5;2;B02
201000018916;0;7;0;0;2;1;5;A01
201000018916;0;7;0;0;2;1;1;B02
201000018917;0;32;0;0;0;7;1;A01
201000018918;0;15;0;0;2;1;2;A01
201000018918;0;15;0;0;2;4;2;B02
201000018919;0;7;0;13;0;1;1;A01
201000018920;0;7;0;0;2;1;2;A01
201000018921;0;7;0;0;1;2;1;A01
201000018922;0;30;0;8;0;2;14;A01
201000018923;0;16;0;0;1;0;1;A01
201000018924;0;34;0;14;0;1;1;A01
201000018925;0;10;0;3;0;1;1;A01
201000018926;0;7;0;0;9;1;1;C03
201000018926;0;17;0;3;2;3;6;A01
201000018926;0;7;0;0;2;3;17;B02
201000018927;0;7;0;0;2;1;2;A01
201000018927;0;7;0;13;0;4;1;B02
201000018928;0;7;0;1;0;3;1;A01
201000018929;0;7;0;7;0;1;14;A01
201000018930;0;10;0;0;0;4;1;B02
201000018930;0;14;0;0;2;1;2;A01
201000018931;0;7;0;3;2;2;13;A01
201000018931;0;7;0;3;1;8;1;C03
201000018931;0;7;0;0;2;1;1;B02
201000018932;0;17;0;0;2;4;1;B02
201000018932;0;10;0;0;2;1;2;A01
201000018933;0;14;0;3;0;3;17;A01
201000018934;0;7;0;0;0;4;1;A01
201000018934;0;7;0;0;2;1;2;B02
201000018935;0;17;0;0;0;6;1;B02
201000018935;0;7;0;0;2;1;2;A01
201000018936;0;17;0;6;0;1;13;A01
201000018937;0;3;0;0;2;6;1;A01
201000018937;0;7;0;0;2;2;2;B02
201000018938;0;7;0;0;1;2;1;A01
201000018939;0;7;0;0;1;1;1;A01
201000018940;0;7;0;0;2;1;5;A01
201000018940;0;7;0;0;2;1;1;B02
201000018941;0;7;0;0;1;1;1;A01
201000018942;0;7;0;0;2;3;15;A01
201000018942;0;2;0;0;2;1;1;B01
201000018943;0;7;0;0;1;1;1;A01
201000018944;0;1;0;0;2;1;0;B01
201000018944;0;37;0;0;2;5;15;A01
201000018945;0;1;0;0;2;1;1;B01
201000018945;0;10;0;0;2;4;4;A01
201000018946;0;7;0;0;2;3;15;B02
201000018946;0;32;0;0;2;8;1;A01
201000018947;0;1;0;0;2;3;15;B01
201000018947;0;30;0;0;2;2;17;A01
201000018948;0;7;0;0;1;2;1;A01
201000018949;0;7;0;0;2;3;15;A01
201000018949;0;2;0;0;2;1;1;B01
201000018950;0;10;0;13;0;9;0;A01
201000018951;0;10;0;0;1;2;1;A01
201000018952;0;1;0;0;2;0;1;B01
201000018952;0;7;0;0;2;0;1;A01
201000018953;0;7;0;0;2;4;23;B01
201000018953;0;2;0;0;2;1;2;A01
201000018954;0;30;0;0;2;1;1;B01
201000018954;0;7;0;0;2;2;15;A01
201000018955;0;2;0;0;2;4;23;B01
201000018955;0;7;0;0;1;4;23;C01
201000018955;0;7;0;0;2;1;2;A01
201000018956;0;7;0;0;1;1;1;A01
201000018957;0;7;0;0;2;2;1;B01
201000018957;0;2;0;0;2;1;15;A01
201000018958;0;7;0;0;2;1;1;A01
201000018958;0;7;0;0;2;3;1;B01
201000018959;0;3;0;0;2;2;23;B01
201000018959;0;7;0;0;2;1;13;A01
201000018959;0;7;0;0;2;1;23;C01
201000018960;0;7;0;0;2;2;1;B01
201000018960;0;2;0;0;2;1;1;A01
201000018961;0;7;0;0;2;4;23;B01
201000018961;0;7;0;0;2;1;1;A01
201000018961;0;7;0;0;2;4;23;C01
201000018962;0;7;0;0;2;3;15;A01
201000018962;0;2;0;0;2;1;1;B01
201000018963;0;33;0;0;2;1;2;A01
201000018963;0;33;0;0;2;4;1;B01
201000018964;0;7;0;0;2;0;0;A01
201000018964;0;7;0;1;0;0;0;B01
201000018965;0;7;0;0;2;4;23;B01
201000018965;0;7;0;0;2;1;2;A01
201000018965;0;7;0;0;2;4;23;C01
201000018966;0;7;0;0;2;3;15;A01
201000018966;0;2;0;0;2;1;1;B01
201000018967;0;10;0;0;1;4;4;A01
201000018968;0;7;0;4;0;1;21;B01
201000018968;1;7;0;0;0;0;5;A01
201000018968;0;7;0;4;0;4;21;C01
201000018968;0;10;0;11;0;2;21;D01
201000018969;0;1;0;0;2;7;17;A01
201000018969;0;1;0;0;2;8;1;B01
201000018970;0;1;0;0;2;0;0;B01
201000018970;1;7;0;0;2;1;0;Z01
201000018971;0;1;0;0;0;1;2;A01
201000018971;0;2;0;0;9;1;2;B01
201000018972;0;7;0;0;2;7;1;B01
201000018972;0;7;0;0;2;3;11;A01
201000018973;0;7;0;0;1;1;1;A01
201000018974;0;1;0;0;2;8;1;B01
201000018974;0;7;0;0;2;2;16;A01
201000018975;0;7;0;0;1;8;1;A01
201000018976;0;7;0;0;2;6;15;B01
201000018976;0;33;0;0;2;1;2;A01
201000018977;0;7;0;0;1;3;11;A01
201000018978;0;7;0;0;2;8;15;A01
201000018978;0;34;0;0;2;2;17;B01
201000018979;0;2;0;0;2;8;16;A01
201000018979;0;7;0;0;2;1;1;B01
201000018980;0;7;0;0;2;5;1;B01
201000018980;0;7;0;0;2;4;24;C01
201000018980;0;7;0;0;2;4;24;D01
201000018980;0;7;0;0;2;2;19;A01
201000018981;0;7;0;0;2;7;15;A01
201000018981;0;33;0;0;2;1;1;B01
201000018982;0;2;0;0;0;0;1;B01
201000018982;0;7;0;0;0;0;16;A01
201000018983;0;10;0;0;1;1;1;A01
201000018984;0;32;0;0;2;1;1;B01
201000018984;0;7;0;0;2;5;15;A01
201000018985;0;7;0;0;2;2;2;A01
201000018985;0;1;0;0;2;8;19;B01
201000018986;0;2;0;0;2;1;2;A01
201000018986;0;7;0;0;2;4;2;B01
201000018987;0;7;0;0;1;1;16;A01
201000018988;0;33;0;0;0;1;1;B02
201000018988;1;10;0;0;0;0;16;A01
201000018989;0;7;0;0;1;7;1;A01
201000018990;0;7;0;0;2;1;1;B01
201000018990;0;1;0;0;2;8;19;A01
201000018991;0;2;0;0;2;1;1;B01
201000018991;0;7;0;0;2;8;15;A01
201000018992;0;1;0;0;2;2;1;B01
201000018992;0;7;0;0;2;1;15;A01
201000018993;0;7;0;0;0;9;21;A01
201000018993;1;7;0;0;0;0;0;B01
201000018994;0;7;0;0;1;1;1;A01
201000018995;0;1;0;0;2;1;19;A01
201000018995;0;7;0;0;2;1;1;B01
201000018996;0;2;0;0;2;7;1;B01
201000018996;0;7;0;0;2;1;9;A01
201000018997;0;2;0;0;2;2;1;B01
201000018997;0;1;0;0;2;8;11;A01
201000018998;0;2;0;0;2;2;17;A01
201000018998;0;7;0;0;2;3;15;B01
201000018999;0;7;0;0;2;3;1;A01
201000018999;0;1;0;0;2;7;19;B01
201000019000;1;7;0;0;1;1;1;A01
201000019001;0;37;1;0;2;1;1;B01
201000019001;0;7;0;0;2;7;1;A01
201000019002;0;7;0;0;2;3;1;B01
201000019002;0;7;0;0;2;8;19;A01
201000019003;0;33;0;0;2;1;17;A01
201000019003;0;7;0;0;2;6;24;C01
201000019003;0;7;0;0;2;3;15;B01
201000019004;0;7;0;0;2;2;1;A01
201000019004;0;1;0;0;2;6;2;B01
201000019005;0;1;0;0;2;8;18;B01
201000019005;0;10;0;0;2;2;16;A01
201000019006;0;33;0;8;0;1;2;A01
201000019007;0;33;0;4;0;3;17;A01
201000019008;0;17;0;0;2;3;1;B02
201000019008;0;10;0;0;2;3;17;A01
201000019008;0;7;0;0;0;0;1;C01
201000019009;0;7;0;0;2;2;15;A01
201000019009;0;33;0;0;2;1;1;B01
201000019010;0;2;0;0;2;8;15;B01
201000019010;0;2;0;0;2;1;1;A01
201000019011;0;7;0;0;2;1;17;A01
201000019011;0;37;2;0;2;1;1;B01
201000019012;0;7;0;0;1;3;1;A01
201000019013;0;7;0;0;1;4;4;A01
201000019014;0;2;0;0;2;2;17;A01
201000019014;0;7;0;0;2;3;15;B01
201000019015;0;7;0;0;2;6;1;C01
201000019015;0;2;0;0;2;1;1;B01
201000019015;0;7;0;0;2;3;16;A01
201000019016;0;2;0;0;2;1;1;B01
201000019016;0;7;0;0;2;6;15;A01
201000019017;0;33;0;15;0;1;9;A01
201000019018;0;7;0;0;1;8;1;A01
201000019019;0;7;0;0;1;2;1;A01
201000019020;0;7;0;0;2;5;1;B01
201000019020;0;2;0;0;2;1;21;A01
201000019021;0;7;0;0;2;3;1;B01
201000019021;0;7;0;0;2;2;15;A01
201000019022;0;33;0;1;0;0;21;A01
201000019023;0;32;0;0;2;1;0;A01
201000019023;0;7;0;0;2;7;15;B01
201000019024;0;7;0;0;1;1;1;A01
201000019025;0;33;0;0;2;4;0;B01
201000019025;1;7;0;0;2;1;0;Z01
201000019026;0;7;0;0;0;4;23;B01
201000019026;0;33;0;0;2;1;1;A01
201000019027;0;7;0;0;2;2;1;B01
201000019027;0;1;0;0;2;3;15;A01
201000019028;0;10;0;0;1;1;15;A01
201000019029;0;7;0;0;2;1;1;A01
201000019029;0;7;0;0;2;4;23;B01
201000019030;0;7;0;0;2;3;15;B01
201000019030;0;2;0;0;2;2;17;A01
201000019031;0;1;0;0;2;0;16;B01
201000019031;1;7;0;0;2;0;0;Z01
201000019032;0;7;0;0;1;1;1;A01
201000019033;0;7;0;0;2;1;1;B02
201000019033;0;7;0;0;2;5;19;A01
201000019034;0;7;0;1;0;1;0;A01
201000019035;0;7;0;0;2;1;1;B01
201000019035;0;7;0;0;2;1;13;A01
201000019036;0;7;0;0;2;8;20;A01
201000019036;0;31;0;0;2;1;1;B01
201000019037;0;7;0;0;1;1;16;A01
201000019038;0;7;0;0;2;3;1;B01
201000019038;0;1;0;0;2;1;19;A01
201000019039;0;7;0;0;2;1;13;A01
201000019039;0;7;0;0;2;1;1;B01
201000019040;0;33;0;0;2;7;1;B01
201000019040;0;7;0;0;2;8;24;A01
201000019041;0;7;0;0;1;3;15;A02
201000019042;0;7;0;0;2;1;1;A01
201000019042;0;7;0;0;2;3;1;B02
201000019043;0;7;0;0;1;2;1;A01
201000019044;0;7;0;0;2;1;1;A01
201000019044;0;7;0;0;2;3;15;B01
201000019045;0;33;0;0;2;1;1;B01
201000019045;0;7;0;0;2;3;10;A01
201000019046;0;7;0;0;2;7;15;A01
201000019046;0;2;0;0;2;1;1;B01
201000019047;0;7;0;0;1;8;1;A01
201000019048;0;1;0;0;2;1;1;B02
201000019048;0;7;0;0;2;8;1;A01
201000019049;0;7;0;0;2;1;1;B02
201000019049;0;7;0;0;2;1;5;A01
201000019050;0;30;0;12;0;1;0;A01
201000019051;0;17;0;0;2;3;1;B02
201000019051;0;14;0;0;2;1;13;A01
201000019052;0;7;0;0;2;1;2;A01
201000019052;0;7;0;0;0;4;1;B02
201000019053;0;7;0;0;2;3;1;B02
201000019053;0;7;0;0;2;3;1;A01
201000019054;0;7;0;2;9;4;23;A01
201000019054;0;7;0;1;0;1;15;B02
201000019055;0;2;0;14;0;9;1;A01
201000019056;0;7;0;0;2;1;13;C03
201000019056;0;7;0;0;0;8;2;B02
201000019056;0;37;0;0;2;3;1;A01
201000019057;0;7;0;0;1;7;1;A01
201000019058;0;10;0;0;2;1;1;A01
201000019058;0;7;0;0;2;8;10;B02
201000019059;0;14;0;0;2;3;1;B02
201000019059;0;7;0;0;2;3;1;A01
201000019060;0;10;0;0;2;1;1;B02
201000019060;0;7;0;0;2;8;15;A01
201000019061;0;10;0;0;2;3;23;A01
201000019061;0;31;0;0;2;1;21;B02
201000019062;0;7;0;0;2;8;13;A01
201000019062;0;15;0;0;2;3;1;B02
201000019063;0;30;0;12;0;1;1;A01
201000019064;0;7;0;0;9;2;1;A01
201000019064;0;1;0;0;2;4;1;B02
201000019065;0;7;0;0;2;1;15;A01
201000019065;0;2;0;0;2;1;1;B02
201000019066;0;10;0;0;2;3;1;A01
201000019066;0;7;0;0;2;7;9;B02
201000019067;0;38;0;0;2;2;16;B02
201000019067;0;30;0;0;9;3;18;A01
201000019068;0;33;0;8;0;1;14;A01
201000019069;0;7;0;0;2;3;1;B02
201000019069;0;10;0;0;2;3;1;A01
201000019070;0;14;0;0;0;1;1;A01
201000019071;0;7;0;0;2;1;19;A01
201000019071;0;33;0;0;2;1;1;B02
201000019072;0;30;0;0;2;1;1;A01
201000019072;0;7;0;0;2;1;1;B02
201000019073;0;1;0;0;2;1;1;B02
201000019073;0;7;0;0;0;2;6;A01
201000019074;0;7;0;0;2;5;20;B02
201000019074;0;30;0;0;2;1;1;A01
201000019075;0;7;0;3;0;9;1;A01
201000019076;0;7;0;0;9;2;1;A01
201000019077;0;10;0;0;2;8;5;D04
201000019077;0;7;0;0;0;3;2;C03
201000019077;0;7;0;0;2;2;17;B02
201000019077;0;17;0;3;2;3;13;A01
201000019078;0;17;0;0;2;6;1;B02
201000019078;0;7;0;0;2;2;1;A01
201000019079;0;30;0;0;0;8;1;A01
201000019080;0;7;0;0;1;1;1;A01
201000019081;0;33;0;0;2;1;3;A01
201000019081;0;7;0;0;0;8;19;B02
201000019082;0;33;0;0;2;1;1;B02
201000019082;0;7;0;0;2;3;10;A01
201000019083;0;33;0;0;0;1;0;B02
201000019083;0;7;0;0;0;2;23;A01
201000019084;0;7;0;0;2;1;1;B02
201000019084;0;7;0;0;2;1;13;A01
201000019085;0;33;0;0;2;2;17;A01
201000019085;0;7;0;0;2;3;13;B02
201000019086;0;7;0;0;2;8;1;C03
201000019086;0;7;0;0;2;1;13;A01
201000019086;0;7;0;0;2;1;1;B02
201000019087;0;20;0;0;1;5;1;A01
201000019088;0;2;0;0;2;1;1;A01
201000019088;0;7;0;0;2;6;19;B02
201000019089;0;1;0;13;2;8;23;B02
201000019089;0;7;0;12;1;5;19;A01
201000019090;0;7;0;0;1;5;1;A01
201000019091;0;7;0;0;0;8;5;A01
201000019091;0;7;0;0;0;8;1;B02
201000019092;0;7;0;3;0;7;1;A01
201000019093;0;7;0;3;2;1;1;A01
201000019093;0;7;0;0;2;5;1;B02
201000019094;0;17;0;0;2;6;1;B02
201000019094;0;7;0;0;2;1;17;A01
201000019095;0;7;0;13;0;9;1;A01
201000019096;0;7;0;3;0;1;1;A01
201000019097;0;7;0;13;0;1;1;A01
201000019098;0;7;0;0;0;9;1;A01
201000019099;0;7;0;13;0;1;18;A01
201000019100;0;15;0;0;2;4;1;B02
201000019100;0;7;0;0;2;1;1;A01
201000019101;0;7;0;4;0;3;1;A01
201000019102;0;33;0;4;0;1;1;A01
201000019103;0;7;0;0;0;6;16;A01
201000019103;0;7;0;0;2;2;12;B02
201000019104;0;7;0;0;1;2;1;A01
201000019105;0;7;0;4;0;2;1;A01
201000019106;0;7;0;4;0;3;1;A01
201000019107;0;7;0;0;1;2;0;A01
201000019108;0;15;0;0;0;1;1;A01
201000019109;0;7;0;4;0;2;14;A01
201000019109;0;7;0;0;2;7;1;B01
201000019110;0;15;0;3;0;1;1;A01
201000019111;0;15;0;0;2;1;1;A01
201000019111;0;15;0;0;2;4;11;B02
201000019112;0;7;0;3;0;6;1;A01
201000019113;0;7;0;3;2;1;11;C03
201000019113;0;7;0;0;2;1;1;B02
201000019113;0;7;0;4;0;8;1;D04
201000019113;0;7;0;3;;1;1;A01
201000019114;0;7;0;1;0;1;2;B02
201000019114;0;7;0;0;0;6;23;A01
201000019115;0;7;0;0;2;4;23;B02
201000019115;0;7;0;0;2;1;1;A01
201000019116;0;31;0;0;1;2;21;A01
201000019117;0;7;0;0;2;3;2;A01
201000019117;0;17;0;0;2;5;1;B02
201000019118;0;15;0;6;0;0;1;A01
201000019118;0;7;0;0;2;1;1;B02
201000019118;0;7;0;0;2;1;1;C03
201000019119;0;7;0;3;0;2;1;A01
201000019120;0;7;0;0;0;2;1;A01
201000019121;0;7;0;0;0;5;1;B02
201000019121;0;7;0;3;0;3;1;A01
201000019122;0;7;0;0;2;3;15;A01
201000019122;0;7;0;0;2;2;1;B02
201000019123;0;7;0;0;2;1;15;A01
201000019123;0;7;0;0;2;1;1;B02
201000019124;0;7;0;0;2;1;1;B02
201000019124;0;7;0;0;2;2;15;A01
201000019125;0;7;0;0;2;2;2;B02
201000019125;0;7;0;0;2;3;19;A01
201000019126;0;33;0;0;2;7;1;A01
201000019126;0;7;0;0;2;2;19;B02
201000019127;0;2;0;0;2;7;1;B02
201000019127;0;7;0;0;2;2;19;A01
201000019128;0;33;0;0;0;3;1;A01
201000019129;0;7;0;0;2;3;1;B02
201000019129;0;7;0;0;2;3;17;A01
201000019130;0;2;0;0;2;7;1;A01
201000019130;0;7;0;0;2;3;15;B02
201000019131;0;7;0;0;2;3;13;A01
201000019131;0;7;0;0;2;3;0;B02
201000019132;0;7;0;0;2;3;0;B02
201000019132;0;7;0;0;0;8;0;A01
201000019133;0;7;0;0;0;1;1;A01
201000019134;0;7;0;3;0;3;1;A01
201000019135;0;14;0;0;0;6;23;B02
201000019135;0;7;0;1;0;1;1;A01
201000019136;0;7;0;4;0;2;14;A01
201000019137;0;17;0;0;1;5;4;A01
201000019138;0;33;0;0;2;7;14;B02
201000019138;0;14;0;0;2;8;18;A01
201000019139;0;33;0;3;0;7;1;A01
201000019140;0;17;0;0;2;2;21;B02
201000019140;0;7;0;0;2;3;21;C03
201000019140;0;7;0;0;2;3;14;D04
201000019140;0;17;0;4;0;2;6;A01
201000019141;0;7;0;13;0;2;17;A01
201000019142;0;10;0;3;0;1;14;A01
201000019143;0;7;0;3;0;1;17;A01
201000019143;0;7;0;1;0;1;1;B02
201000019144;0;17;0;4;0;8;1;A01
201000019145;0;38;0;13;0;1;14;A01
201000019146;0;7;0;0;0;5;12;A01
201000019146;0;7;0;0;2;1;1;B02
201000019147;0;16;0;6;2;3;1;B02
201000019148;0;7;0;4;0;1;1;A01
201000019149;0;10;0;13;0;1;1;A01
201000019150;0;17;0;13;0;1;1;A01
201000019151;0;7;0;0;2;3;1;A01
201000019151;0;10;0;0;2;7;15;B02
201000019152;0;10;0;0;2;2;1;B02
201000019152;0;7;0;0;2;1;17;A01
201000019152;0;7;0;0;2;6;2;C03
201000019153;0;7;0;3;2;1;3;A01
201000019153;0;7;0;0;2;8;1;B02
201000019153;0;7;0;0;2;4;1;D04
201000019153;0;7;0;0;2;8;1;C03
201000019154;0;10;0;3;0;3;1;A01
201000019155;0;7;0;13;0;1;1;A01
201000019156;0;7;0;13;2;2;21;B02
201000019156;0;17;0;0;2;3;1;A01
201000019157;0;7;0;3;2;2;1;B02
201000019157;0;7;0;0;2;3;11;A01
201000019158;0;7;0;3;0;7;1;A01
201000019159;0;7;0;5;0;7;21;A01
201000019160;0;7;0;0;0;2;1;A01
201000019161;0;7;0;3;0;1;14;A01
201000019162;0;7;0;0;0;2;1;A01
201000019163;0;7;0;0;2;6;2;B02
201000019163;0;7;0;0;2;2;2;A01
201000019164;0;7;0;3;2;6;19;A01
201000019164;0;7;0;0;2;1;1;B02
201000019165;0;10;0;0;0;8;2;A01
201000019166;0;17;0;3;0;9;15;A01
201000019167;0;7;0;0;2;5;23;B02
201000019167;0;10;0;0;2;3;2;A01
201000019167;0;7;0;0;0;4;23;C03
201000019168;0;7;0;0;0;4;1;A01
201000019168;0;7;0;0;0;4;1;B02
201000019168;0;14;0;0;0;0;1;C03
201000019168;0;15;0;0;0;1;1;D04
201000019169;0;7;0;3;2;2;13;B02
201000019169;0;10;0;5;2;3;2;A01
201000019170;0;10;0;0;0;9;1;A01
201000019171;0;7;0;4;0;3;1;A01
201000019172;0;10;0;1;0;2;0;A01
201000019172;0;7;0;0;0;6;0;B02
201000019173;0;7;0;0;0;0;1;A01
201000019174;0;36;0;1;0;2;1;A01
201000019175;0;7;0;0;2;8;13;A01
201000019175;0;2;0;0;2;8;2;B02
201000019176;0;7;0;0;0;6;15;A01
201000019176;0;7;0;0;0;1;1;B02
201000019177;0;7;0;9;0;1;1;A01
201000019178;0;7;0;0;2;1;1;B01
201000019178;0;7;0;0;2;7;10;A01
201000019179;0;2;0;0;2;8;1;B01
201000019179;0;7;0;0;2;1;15;A01
201000019180;0;7;0;0;2;1;15;A01
201000019180;0;7;0;0;2;1;1;B01
201000019181;0;7;0;0;2;1;0;A01
201000019181;0;7;0;0;2;0;0;B01
201000019182;0;7;0;15;0;1;13;A01
201000019183;0;2;0;0;2;7;1;A01
201000019183;0;7;0;0;2;8;15;B01
201000019184;0;2;0;0;2;1;1;B01
201000019184;0;7;0;0;2;1;1;A01
201000019185;0;7;0;6;0;1;1;A01
201000019186;0;7;0;0;2;1;13;A01
201000019186;0;7;0;0;2;1;1;B01
201000019187;0;7;0;2;0;0;0;A01
201000019188;0;7;0;2;0;1;14;A01
201000019189;0;32;0;0;2;1;1;B01
201000019189;0;7;0;0;2;3;15;A01
201000019190;0;33;0;0;2;7;1;B01
201000019190;0;7;0;0;2;1;15;A01
201000019191;0;7;0;0;2;4;1;A01
201000019191;0;7;0;0;2;4;0;B01
201000019192;0;7;0;1;0;1;1;A01
201000019193;0;7;0;0;1;4;4;A01
201000019194;0;30;0;0;2;7;17;A01
201000019194;0;7;0;0;2;8;15;B01
201000019195;0;7;0;0;2;1;1;B02
201000019195;0;7;0;0;2;7;15;A01
201000019196;0;32;0;0;2;1;13;A01
201000019196;0;7;0;0;2;1;1;B01
201000019197;0;7;0;0;0;0;15;B01
201000019197;0;2;0;1;0;8;1;A01
201000019198;0;33;0;4;2;7;1;B01
201000019198;0;7;0;0;2;8;11;A01
201000019199;0;7;0;0;1;1;1;A01
201000019200;0;7;0;0;2;1;1;A01
201000019200;0;7;0;0;2;8;1;B01
201000019201;0;30;0;0;2;7;17;A01
201000019201;0;7;0;0;2;7;17;B01
201000019202;0;7;0;0;2;8;15;B01
201000019202;0;33;0;0;2;1;17;A01
201000019203;0;7;0;0;2;4;0;B01
201000019203;0;33;0;0;2;1;1;A01
201000019204;0;13;0;0;2;1;0;A01
201000019204;0;7;0;0;0;4;1;B01
201000019205;0;7;0;0;1;2;1;A01
201000019206;0;10;0;0;2;8;1;B01
201000019206;0;31;0;0;2;1;13;A01
201000019207;0;7;0;0;1;7;1;A01
201000019208;0;7;0;8;0;0;1;A01
201000019209;0;7;0;2;0;1;1;A01
201000019210;0;7;0;0;2;2;1;B01
201000019210;0;14;0;0;0;6;4;A01
201000019211;0;7;0;2;1;1;6;B01
201000019211;0;7;0;9;0;1;1;A01
201000019212;0;7;0;0;2;0;0;B01
201000019212;0;7;0;0;2;1;1;A01
201000019212;0;7;0;0;2;3;1;C01
201000019213;0;7;0;0;1;0;1;A01
201000019214;0;7;0;0;0;0;0;A01
201000019215;0;7;0;6;0;1;1;A01
201000019216;0;7;0;0;1;0;1;A01
201000019217;0;7;0;0;2;4;1;A01
201000019217;0;7;0;0;2;1;1;B01
201000019218;0;7;0;16;0;0;1;A01
201000019219;0;2;0;16;0;0;1;A01
201000019220;0;7;0;16;0;0;0;A01
201000019221;0;7;0;16;0;0;0;A01
201000019222;0;10;0;6;0;1;1;A01
201000019223;0;7;0;8;0;1;0;A01
201000019224;0;7;0;0;1;1;0;A01
201000019224;0;1;0;0;0;0;0;B01
201000019225;0;7;0;0;2;4;0;A01
201000019225;0;7;0;0;0;4;0;B01
201000019226;0;7;0;6;0;1;1;A01
201000019227;0;7;0;10;0;1;1;A01
201000019228;0;7;0;0;2;3;1;B01
201000019228;0;7;0;0;2;2;1;A01
201000019229;0;2;0;0;2;2;0;A01
201000019229;0;7;0;0;2;4;1;B01
201000019230;0;30;0;16;0;0;1;A01
201000019231;0;7;0;0;0;9;0;A01
201000019232;0;7;0;0;0;7;0;A01
201000019232;0;7;0;0;2;7;0;B01
201000019233;0;7;0;0;0;0;1;A01
201000019234;0;7;0;0;0;0;0;A01
201000019235;0;2;0;0;0;1;0;B01
201000019235;0;7;0;0;0;0;0;A01
201000019236;0;7;0;0;0;0;1;A01
201000019237;0;7;0;0;1;4;1;A01
201000019238;0;30;0;0;1;1;1;A01
201000019239;0;7;0;0;0;0;1;A01
201000019240;0;7;0;0;9;0;1;A01
201000019241;0;7;0;0;2;4;0;A01
201000019241;0;7;0;0;2;4;1;B01
201000019242;0;33;0;0;0;0;1;A01
201000019243;0;7;0;0;0;0;0;B01
201000019243;0;7;0;0;0;7;0;A01
201000019244;0;30;0;0;0;0;1;A01
201000019245;0;7;0;0;2;4;1;A01
201000019245;0;7;0;0;0;4;1;B01
201000019246;0;7;0;0;0;4;1;A01
201000019246;0;7;0;0;2;4;1;B01
201000019247;0;7;0;0;0;2;1;A01
201000019247;0;33;0;0;2;1;12;B01
201000019248;0;7;0;0;2;1;1;A01
201000019248;0;7;0;0;2;4;1;B01
201000019249;0;7;0;0;0;0;0;A01
201000019250;0;7;0;0;2;7;1;A01