num_acc;senc;catv;occutc;obs;obsm;choc;manv;num_veh
201000019250;0;7;0;0;2;2;1;B01
201000019251;0;33;0;0;2;8;1;A01
201000019251;0;10;0;0;2;8;1;B01
201000019252;0;7;0;0;2;4;1;B01
201000019252;0;7;0;0;2;4;0;A01
201000019253;0;7;0;0;2;4;1;A01
201000019253;0;7;0;0;2;0;1;B01
201000019254;0;7;0;0;2;0;1;A01
201000019254;0;33;0;0;2;1;1;B01
201000019255;0;7;0;0;2;1;0;B01
201000019255;0;7;0;0;2;0;0;A01
201000019256;0;7;0;0;2;0;1;A01
201000019257;0;7;0;0;0;1;0;A01
201000019257;0;7;0;0;2;0;1;B01
201000019258;0;7;0;0;0;1;0;A01
201000019259;0;7;0;0;0;0;1;B01
201000019259;0;7;0;0;2;1;1;A01
201000019260;0;30;0;0;2;7;0;A01
201000019260;0;7;0;0;2;0;0;B01
201000019261;0;7;0;0;2;1;0;A01
201000019261;0;7;0;0;0;0;0;B01
201000019262;0;7;0;0;2;7;0;A01
201000019262;0;7;0;0;2;1;0;B01
201000019263;0;30;0;0;0;1;0;A01
201000019264;0;7;0;15;0;0;0;A01
201000019265;0;7;0;0;2;0;1;A01
201000019265;0;2;0;0;0;0;0;B01
201000019266;0;7;0;0;2;0;1;A01
201000019267;0;7;0;0;2;0;1;A01
201000019267;0;30;0;0;2;0;0;B01
201000019268;0;7;0;0;9;0;0;A01
201000019269;0;7;0;0;1;0;0;A01
201000019270;0;33;0;0;0;1;1;A01
201000019271;0;31;0;0;1;0;0;A01
201000019272;0;7;0;0;2;1;1;B01
201000019272;0;7;0;0;2;7;1;A01
201000019273;0;7;0;0;2;0;0;B01
201000019273;0;7;0;0;2;0;0;A01
201000019274;0;7;0;0;2;0;0;A01
201000019274;0;7;0;0;2;0;0;B01
201000019275;0;7;0;0;2;4;0;A01
201000019275;0;7;0;0;2;0;0;B01
201000019276;0;30;0;0;0;1;0;A01
201000019276;0;7;0;0;2;1;1;B01
201000019277;0;7;0;0;2;0;0;A01
201000019278;0;7;0;0;1;0;0;A01
201000019279;0;7;0;0;2;1;1;A01
201000019279;0;1;0;0;2;0;1;B01
201000019280;0;7;0;0;2;0;0;B01
201000019280;0;7;0;0;2;0;0;A01
201000019281;0;7;0;0;0;1;0;A01
201000019281;0;7;0;0;0;2;1;B01
201000019282;0;33;0;0;2;0;0;A01
201000019282;0;7;0;0;2;0;0;B01
201000019283;0;7;0;0;2;0;0;A01
201000019284;0;7;0;0;2;0;1;B01
201000019284;0;7;0;0;2;7;0;A01
201000019285;0;13;0;0;0;4;1;B01
201000019285;0;7;0;0;2;4;1;A01
201000019286;0;33;0;0;0;0;0;A01
201000019287;0;7;0;0;0;0;0;B01
201000019287;0;7;0;0;2;0;0;A01
201000019288;0;34;0;0;2;0;1;A01
201000019289;0;2;0;0;0;0;0;A01
201000019290;0;7;0;0;0;0;0;A01
201000019291;0;33;0;0;0;0;1;A01
201000019292;0;7;0;0;2;7;1;B01
201000019292;0;7;0;0;2;7;1;A01
201000019293;0;7;0;0;2;0;1;A01
201000019294;0;32;0;0;0;0;1;A01
201000019295;0;13;0;1;2;0;0;A01
201000019296;0;1;0;0;0;0;1;A01
201000019297;0;7;0;0;2;1;0;B01
201000019297;0;13;0;0;2;0;1;A01
201000019298;0;7;0;0;2;0;1;A01
201000019298;0;33;0;0;2;0;0;B01
201000019299;0;30;0;0;0;0;1;A01
201000019300;0;1;0;0;2;0;0;B01
201000019300;0;7;0;0;9;1;15;A01
201000019301;0;7;0;13;0;1;17;A01
201000019302;0;7;0;0;1;1;1;A01
201000019303;0;34;0;0;2;1;0;B01
201000019303;0;7;0;0;2;2;15;A01
201000019304;0;1;0;0;2;1;0;A01
201000019304;0;7;0;0;0;1;0;B01
201000019305;1;10;0;0;0;0;1;Z01
201000019305;0;31;0;0;2;7;1;A01
201000019306;0;7;0;0;2;1;2;A01
201000019306;0;7;0;0;0;4;1;B01
201000019307;0;33;0;0;2;1;2;B01
201000019307;0;7;0;0;0;6;10;A01
201000019308;0;7;0;0;1;1;0;A01
201000019309;0;7;0;6;0;0;1;A01
201000019310;1;7;0;0;0;0;0;Z01
201000019311;0;7;0;0;2;0;0;A01
201000019311;0;31;0;0;2;1;0;B01
201000019312;0;7;0;0;2;0;0;A01
201000019312;0;7;0;0;2;0;0;B01
201000019313;0;7;0;0;0;0;0;B01
201000019313;0;7;0;0;0;4;1;A01
201000019314;0;7;0;0;0;9;0;A01
201000019315;0;7;0;0;0;4;2;B01
201000019315;0;30;0;0;2;1;2;A01
201000019316;0;7;0;0;2;7;1;B01
201000019316;0;7;0;0;2;0;0;A01
201000019317;0;33;0;0;0;0;1;B01
201000019317;0;7;0;0;2;3;10;A01
201000019318;0;7;0;0;2;0;1;B01
201000019318;0;30;0;0;2;7;1;A01
201000019319;0;7;0;0;2;0;1;B01
201000019319;0;7;0;0;2;0;1;A01
201000019320;0;32;0;0;2;7;1;A01
201000019320;0;7;0;0;2;0;1;B01
201000019321;0;7;0;0;1;0;0;B01
201000019321;0;7;0;0;2;0;0;A01
201000019322;0;13;0;0;0;7;0;A01
201000019322;0;30;0;0;2;0;0;B01
201000019323;0;7;0;0;0;0;1;B01
201000019323;0;13;0;0;0;0;1;A01
201000019323;0;7;0;0;2;0;1;C01
201000019324;0;7;0;13;0;0;1;A01
201000019325;0;33;0;3;0;0;1;A01
201000019326;0;7;0;0;0;0;1;A01
201000019326;0;7;0;0;0;0;1;B01
201000019327;0;10;0;0;1;0;0;A01
201000019328;0;2;0;0;0;0;1;A01
201000019329;0;2;0;0;2;7;1;B01
201000019329;0;7;0;0;2;8;11;A01
201000019330;0;7;0;0;2;8;1;B01
201000019330;0;7;0;0;2;3;0;A01
201000019331;0;7;0;0;2;4;1;A01
201000019331;0;7;0;0;2;4;1;B01
201000019332;0;7;0;0;1;7;1;A01
201000019333;0;2;0;0;2;5;1;A01
201000019333;0;7;0;0;2;5;1;B01
201000019334;0;7;0;0;2;7;1;B01
201000019334;0;30;0;0;2;7;1;A01
201000019335;0;7;0;2;0;1;0;A01
201000019336;0;7;0;6;0;1;1;A01
201000019337;0;7;0;0;1;7;1;A01
201000019338;0;7;0;13;0;0;0;A01
201000019339;0;7;0;0;2;0;0;A01
201000019339;0;7;0;0;2;0;0;B01
201000019340;0;7;0;0;2;1;1;A01
201000019340;0;7;0;0;2;1;1;B01
201000019341;0;7;0;0;0;0;0;A01
201000019342;0;7;0;0;2;8;0;B01
201000019342;0;7;0;0;2;8;1;A01
201000019343;0;7;0;0;2;1;1;A01
201000019343;0;10;0;1;0;4;1;B01
201000019344;0;7;0;0;0;0;1;A01
201000019345;0;7;0;0;0;8;1;A01
201000019346;0;7;0;2;0;3;13;A01
201000019347;0;1;0;0;1;1;1;A01
201000019348;0;33;0;0;2;1;2;A01
201000019348;0;7;0;0;2;4;2;B01
201000019348;0;7;0;0;2;3;1;C01
201000019349;0;7;0;0;2;8;19;A01
201000019349;0;7;0;0;2;1;1;B01
201000019350;0;7;0;0;2;3;1;A01
201000019350;0;32;0;0;2;3;1;B01
201000019351;0;1;0;0;2;1;15;B01
201000019351;0;7;0;0;2;3;1;A01
201000019352;0;10;0;0;1;2;1;A01
201000019353;0;7;0;0;2;4;2;C03
201000019353;0;7;0;0;0;4;2;E05
201000019353;0;7;0;0;2;4;2;B02
201000019353;0;7;0;0;2;1;2;A01
201000019353;0;10;0;0;2;4;2;D04
201000019354;0;7;0;13;0;1;0;A01
201000019355;0;7;0;0;0;4;23;B02
201000019355;0;7;0;1;0;1;1;A01
201000019356;0;7;0;3;0;3;23;A01
201000019356;0;7;0;0;2;1;1;B02
201000019357;0;7;0;3;0;9;14;A01
201000019358;0;7;0;0;2;1;2;A01
201000019358;0;15;0;0;0;4;0;B02
201000019359;0;30;0;0;2;5;2;B01
201000019359;0;7;0;0;2;1;1;A01
201000019360;0;7;0;0;2;3;1;A01
201000019360;0;33;0;0;2;1;1;B01
201000019361;0;7;0;0;2;1;15;A01
201000019361;0;7;0;0;2;1;1;B01
201000019362;0;7;0;0;1;1;15;A01
201000019363;0;7;0;0;2;1;16;B01
201000019363;0;2;0;0;2;1;1;A01
201000019364;1;2;0;0;1;1;1;A01
201000019365;0;33;0;0;6;1;1;A01
201000019366;0;30;0;0;0;0;0;A01
201000019367;0;15;0;6;0;9;1;A01
201000019368;0;7;0;0;2;4;23;B01
201000019368;0;7;0;0;2;1;2;A01
201000019368;0;7;0;0;2;4;23;D01
201000019368;0;7;0;0;2;4;23;C01
201000019369;0;7;0;0;1;3;1;A01
201000019370;0;7;0;3;0;8;1;A01
201000019371;0;7;0;0;1;1;1;A01
201000019372;0;17;0;0;2;3;13;A01
201000019372;0;7;0;3;2;3;1;B01
201000019373;0;7;0;6;0;1;0;A01
201000019374;0;32;0;0;0;0;21;A01
201000019375;0;7;0;0;2;8;15;A01
201000019375;0;30;0;0;2;1;1;B01
201000019376;0;7;0;0;2;1;5;A01
201000019376;0;7;0;0;2;1;1;B01
201000019377;0;7;0;0;2;1;2;A01
201000019377;0;7;0;0;2;4;1;B01
201000019378;0;2;0;0;0;0;0;A01
201000019379;0;30;0;0;0;0;1;A01
201000019380;0;7;0;0;2;0;0;A01
201000019380;0;7;0;0;2;0;0;B01
201000019381;0;37;10;0;2;5;1;B01
201000019381;0;1;0;0;2;3;1;A01
201000019382;0;7;0;0;1;1;1;A01
201000019383;0;1;0;0;2;0;1;B01
201000019383;0;7;0;0;2;0;1;A01
201000019384;0;30;0;0;2;1;1;B01
201000019384;0;7;0;0;2;2;15;A01
201000019385;0;7;0;0;1;0;1;A01
201000019386;0;7;0;0;9;1;1;A01
201000019387;0;7;0;0;1;1;15;A01
201000019388;0;7;0;0;2;7;2;A01
201000019388;0;2;0;0;2;8;2;B01
201000019389;0;7;0;0;1;2;20;A01
201000019390;0;7;0;0;2;1;15;A01
201000019390;0;7;0;0;2;8;1;B01
201000019391;0;7;0;0;0;0;0;A01
201000019391;0;7;0;0;0;0;0;B01
201000019392;0;30;0;0;0;0;1;A01
201000019393;0;7;0;0;2;3;1;B01
201000019393;0;7;0;0;2;0;1;A01
201000019394;0;7;0;0;1;1;0;A01
201000019395;0;7;0;0;2;1;13;A01
201000019395;0;7;0;0;2;1;1;B01
201000019396;0;7;0;6;0;0;0;A01
201000019397;0;7;0;0;1;3;1;A01
201000019398;0;7;0;1;0;0;1;A01
201000019399;0;7;0;0;1;2;1;A01
201000019400;0;7;0;0;1;1;1;A01
201000019401;0;7;0;0;1;4;4;A01
201000019402;0;7;0;0;2;4;20;B01
201000019402;0;30;0;0;2;1;0;A01
201000019403;0;7;0;0;0;0;0;A01
201000019403;0;7;0;0;2;0;0;B01
201000019404;0;7;0;0;1;2;1;A01
201000019405;0;7;0;0;1;2;1;A01
201000019406;0;7;0;0;2;4;2;B01
201000019406;0;7;0;0;2;1;2;A01
201000019407;0;2;0;0;2;1;17;A01
201000019407;0;7;0;0;2;8;15;B01
201000019408;0;33;0;0;2;8;1;B01
201000019408;0;7;0;0;2;2;12;A01
201000019409;0;1;0;0;2;9;0;B01
201000019409;0;7;0;0;0;0;0;A01
201000019410;0;7;0;2;0;2;1;A01
201000019411;0;7;0;0;2;5;16;A01
201000019411;0;1;0;0;2;8;1;B01
201000019412;0;7;0;0;2;1;2;A01
201000019412;0;7;0;0;2;4;2;B01
201000019413;0;10;0;0;2;8;9;A01
201000019413;0;31;0;0;2;0;15;B01
201000019414;0;7;0;0;2;1;1;B01
201000019414;0;30;0;0;2;1;16;A01
201000019415;1;7;0;0;2;5;12;Z01
201000019415;0;2;0;0;2;3;21;B01
201000019416;0;2;0;0;2;1;1;B01
201000019416;2;7;0;0;2;4;1;A02
201000019417;0;30;0;0;1;1;1;A01
201000019418;0;7;0;0;1;1;1;A01
201000019419;0;2;0;0;2;4;23;B01
201000019419;0;38;1;0;2;1;1;A01
201000019420;0;7;0;3;0;1;21;A01
201000019421;0;2;0;0;2;0;5;A01
201000019422;0;7;0;0;2;1;9;A01
201000019422;0;10;0;0;2;2;1;B01
201000019423;0;7;0;0;2;1;1;B01
201000019423;0;2;0;0;2;1;17;A01
201000019424;0;7;0;0;1;1;20;A01
201000019425;0;7;0;0;2;3;1;B01
201000019425;0;7;0;0;2;1;1;A01
201000019426;0;7;0;0;2;1;1;B01
201000019426;0;7;0;0;2;8;16;A01
201000019427;0;33;0;0;2;1;1;A01
201000019427;0;7;0;0;2;6;19;B01
201000019428;0;7;0;0;1;3;13;A01
201000019428;0;7;0;0;1;3;1;B01
201000019429;0;7;0;0;2;1;1;B01
201000019429;0;10;0;0;2;7;13;A01
201000019430;0;7;0;0;1;3;1;A01
201000019431;0;7;0;0;2;1;1;B01
201000019431;0;7;0;0;2;2;15;A01
201000019432;0;7;0;0;0;0;1;A01
201000019433;0;7;0;0;1;1;1;A01
201000019434;0;7;0;0;1;1;15;A01
201000019435;0;7;0;0;2;4;1;B01
201000019435;0;7;0;0;2;1;1;A01
201000019436;0;7;0;0;0;6;23;B01
201000019436;0;30;0;0;2;1;17;A01
201000019437;0;7;0;0;1;2;0;A01
201000019438;0;7;0;1;2;1;0;A01
201000019438;0;7;0;0;2;0;0;B01
201000019439;0;7;0;0;2;0;0;B01
201000019439;0;7;0;0;2;1;0;A01
201000019440;0;2;0;0;0;0;0;A01
201000019441;0;7;0;0;2;1;0;A01
201000019441;0;7;0;0;2;3;0;B01
201000019442;0;7;0;0;2;0;0;A01
201000019442;0;32;0;0;2;0;0;B01
201000019443;0;1;0;0;2;0;0;A01
201000019443;0;7;0;0;2;4;2;B01
201000019444;0;7;0;0;2;0;0;B01
201000019444;0;7;0;0;2;0;0;A01
201000019445;0;2;0;0;0;0;0;A01
201000019446;0;2;0;0;2;7;1;A01
201000019446;0;7;0;0;2;0;0;B01
201000019447;1;7;0;0;0;0;0;A01
201000019448;0;7;0;6;0;0;0;A01
201000019449;0;7;0;0;2;8;1;B01
201000019449;0;7;0;0;2;2;1;A01
201000019450;0;7;0;0;2;2;1;B01
201000019450;0;7;0;0;2;6;1;A01
201000019451;0;7;0;0;2;2;16;A01
201000019451;0;30;0;0;2;1;18;B01
201000019452;0;7;0;0;2;3;15;A01
201000019452;0;7;0;0;2;1;1;B01
201000019453;0;7;0;8;0;1;0;A01
201000019454;0;2;0;0;2;0;0;A01
201000019454;0;7;0;0;2;0;0;B01
201000019455;0;7;0;0;2;1;1;A01
201000019456;0;7;0;0;2;1;15;B01
201000019456;0;7;0;0;2;1;2;A01
201000019457;0;7;0;0;2;0;0;B01
201000019457;0;7;0;0;2;0;0;C01
201000019457;0;7;0;0;2;0;0;A01
201000019458;0;32;0;0;2;1;17;A01
201000019458;0;7;0;0;2;4;0;B01
201000019459;0;7;0;0;2;8;1;B01
201000019459;0;7;0;0;2;1;1;A01
201000019460;0;7;0;0;1;0;0;A01
201000019461;0;7;0;0;0;0;0;A01
201000019462;0;7;0;0;2;1;17;A01
201000019462;0;7;0;0;2;8;0;B01
201000019463;0;7;0;0;1;1;1;A01
201000019464;0;1;0;0;0;0;0;A01
201000019465;0;2;0;0;0;0;0;A01
201000019466;0;7;0;0;1;8;0;A01
201000019467;0;7;0;0;0;4;23;B01
201000019467;0;7;0;1;0;1;1;A01
201000019468;0;2;0;0;0;0;0;A01
201000019469;0;7;0;8;0;0;0;A01
201000019470;0;7;0;0;2;0;0;A01
201000019470;0;7;0;0;2;0;0;B01
201000019471;0;7;0;0;1;0;1;A01
201000019472;0;7;0;0;2;1;1;B01
201000019472;0;7;0;0;2;8;1;A01
201000019473;0;7;0;0;0;0;0;A01
201000019473;0;7;0;0;2;0;0;B01
201000019474;0;7;0;0;0;0;0;B01
201000019474;0;7;0;0;2;0;0;A01
201000019474;0;7;0;0;0;0;0;C01
201000019475;0;2;0;0;0;0;0;A01
201000019476;0;7;0;12;0;0;0;A01
201000019477;0;34;0;0;0;0;0;A01
201000019478;0;10;0;0;2;2;1;A01
201000019478;0;7;0;0;2;3;1;B01
201000019479;0;33;0;0;0;9;18;A01
201000019480;0;7;0;0;2;2;1;A01
201000019480;0;7;0;0;2;3;1;B01
201000019481;0;7;0;0;0;4;4;B01
201000019481;0;7;0;0;2;1;1;A01
201000019482;0;7;0;0;2;3;1;B01
201000019482;0;7;0;0;2;2;1;A01
201000019483;0;7;0;15;0;9;21;A01
201000019484;0;7;0;0;2;1;1;A01
201000019484;0;7;0;0;0;4;1;B01
201000019485;0;1;0;0;0;0;1;A01
201000019486;0;2;0;0;2;1;0;A01
201000019486;0;7;0;0;0;0;0;B01
201000019487;0;7;0;0;1;0;0;A01
201000019488;0;7;0;0;2;1;0;B01
201000019488;0;7;0;0;2;2;0;A01
201000019489;0;33;0;0;0;0;0;A01
201000019490;0;7;0;0;0;0;0;B01
201000019490;0;7;0;0;0;0;0;A01
201000019491;0;7;0;0;2;1;9;A01
201000019491;0;7;0;0;2;0;2;B01
201000019492;0;1;0;0;2;0;0;B01
201000019492;1;7;0;0;0;0;0;A01
201000019493;0;7;0;0;2;0;20;B01
201000019493;0;7;0;0;1;8;20;A01
201000019494;0;7;0;0;1;1;1;A01
201000019495;0;7;0;0;2;4;1;C01
201000019495;0;3;0;0;2;1;1;B01
201000019495;0;7;0;0;2;1;1;A01
201000019496;0;2;0;0;2;0;1;A01
201000019496;0;7;0;0;0;0;1;B01
201000019497;0;1;0;0;2;8;1;B01
201000019497;0;7;0;0;2;2;0;A01
201000019498;0;30;0;0;0;0;0;B01
201000019498;0;7;0;0;2;0;0;A01
201000019499;0;2;0;0;2;1;1;B01
201000019499;0;7;0;0;2;0;1;A01
201000019500;0;7;0;0;1;2;1;A01
201000019501;0;7;0;14;2;1;6;A01
201000019501;0;7;0;0;2;0;1;B01
201000019502;0;2;0;0;2;8;1;B01
201000019502;0;10;0;0;2;7;17;A01
201000019503;0;7;0;0;1;1;1;A01
201000019504;0;7;0;0;0;0;0;A01
201000019505;0;7;0;0;0;0;0;A01
201000019505;0;99;0;0;0;0;0;B01
201000019506;0;7;0;0;0;0;0;A01
201000019507;0;7;0;0;2;1;15;A01
201000019507;0;7;0;0;2;3;1;B01
201000019508;1;2;0;0;0;0;0;A01
201000019509;0;30;0;0;0;0;0;A01
201000019510;0;7;0;0;2;4;2;B01
201000019510;0;7;0;0;2;1;2;A01
201000019511;0;7;0;0;2;1;1;A01
201000019511;0;7;0;0;2;4;1;B01
201000019512;0;10;0;0;2;7;12;A01
201000019512;0;14;0;0;2;8;1;B01
201000019513;0;7;0;0;2;4;1;A01
201000019513;0;7;0;0;2;2;1;B01
201000019514;0;7;0;0;2;1;16;A01
201000019514;0;7;0;0;2;0;1;B01
201000019515;0;2;0;0;2;1;1;B01
201000019515;0;7;0;0;2;1;15;A01
201000019516;0;7;0;0;2;8;1;A01
201000019516;0;31;0;0;2;8;1;B01
201000019517;0;7;0;0;1;0;0;A01
201000019518;0;7;0;0;2;4;2;B01
201000019518;0;1;0;0;2;1;2;A01
201000019519;0;7;0;0;2;4;2;C01
201000019519;0;7;0;0;2;4;2;B01
201000019519;0;7;0;4;2;1;2;A01
201000019520;0;2;0;0;0;0;21;A01
201000019521;0;7;0;0;2;0;0;B01
201000019521;0;7;0;0;2;0;0;A01
201000019522;0;33;0;0;0;0;1;A01
201000019523;0;33;0;0;2;0;17;A01
201000019523;0;7;0;0;2;2;15;B01
201000019524;0;31;0;0;0;0;1;A01
201000019525;0;7;0;0;2;2;16;B01
201000019525;0;2;0;0;2;0;1;A01
201000019526;0;7;0;0;2;3;15;B01
201000019526;0;31;0;0;2;1;1;A01
201000019527;0;2;0;0;2;1;1;B01
201000019527;0;7;0;0;2;5;15;A01
201000019528;0;33;0;0;0;0;21;A01
201000019529;0;30;0;0;0;0;1;A01
201000019530;0;7;0;0;2;8;1;B01
201000019530;0;7;0;0;2;1;1;A01
201000019531;0;7;0;0;1;0;21;A01
201000019532;0;7;0;0;1;1;1;A01
201000019533;0;7;0;0;1;1;1;A01
201000019534;0;7;0;0;2;0;1;C01
201000019534;0;7;0;0;2;0;20;B01
201000019534;0;2;0;1;2;0;17;A01
201000019535;1;7;0;0;1;0;0;A01
201000019536;0;7;0;13;0;9;13;A01
201000019537;0;33;0;7;0;1;1;A01
201000019538;0;7;0;0;2;2;17;A01
201000019538;0;7;0;0;2;6;1;B02
201000019539;0;7;0;4;2;3;17;A01
201000019539;0;17;0;0;0;0;1;B02
201000019540;0;10;0;0;0;4;1;A01
201000019540;0;7;0;0;2;1;1;B02
201000019541;0;14;0;3;0;8;1;A01
201000019542;0;14;0;0;2;4;2;B02
201000019542;0;10;0;0;2;1;2;A01
201000019543;0;7;0;3;0;5;1;A01
201000019543;0;33;0;0;2;1;21;B02
201000019544;0;7;0;3;0;2;1;A01
201000019545;0;7;0;2;0;8;1;A01
201000019546;0;7;0;0;1;2;1;A01
201000019547;0;7;0;0;2;1;1;A01
201000019547;0;15;0;0;2;3;1;B02
201000019547;0;7;0;0;2;1;16;C03
201000019548;0;7;0;0;2;4;17;A01
201000019548;0;33;0;0;2;1;17;B02
201000019549;0;15;0;0;0;8;1;A01
201000019550;0;31;0;2;0;1;1;A01
201000019551;0;7;0;0;2;8;13;A01
201000019551;0;7;0;0;2;3;1;B02
201000019552;0;7;0;0;0;4;24;C03
201000019552;0;7;0;0;2;2;16;A01
201000019552;0;33;0;0;2;1;18;B02
201000019553;0;7;0;0;2;6;1;C03
201000019553;0;7;0;0;2;1;19;A01
201000019553;0;37;0;0;2;6;23;B02
201000019554;0;7;0;13;0;2;1;A01
201000019555;0;7;0;0;0;9;1;A01
201000019556;0;7;0;0;2;4;2;B02
201000019556;0;7;0;0;2;1;2;A01
201000019557;0;7;0;13;0;1;0;A01
201000019558;0;7;0;16;0;9;1;A01
201000019559;0;33;0;0;6;1;1;A01
201000019560;0;7;0;13;0;3;0;A01
201000019561;0;15;0;0;2;7;16;A01
201000019561;0;33;0;0;2;3;1;B02
201000019562;0;7;0;0;2;2;5;A01
201000019562;0;7;0;0;2;2;17;B02
201000019563;0;7;0;2;2;1;21;A01
201000019564;0;33;0;16;0;1;1;A01
201000019565;0;7;0;4;6;1;21;A01
201000019566;0;7;0;3;0;3;2;A01
201000019567;0;7;0;0;0;1;1;A01
201000019568;0;15;0;13;0;7;1;A01
201000019569;0;7;0;3;0;3;1;A01
201000019570;0;7;0;0;0;4;1;B02
201000019570;0;17;0;0;2;2;14;A01
201000019571;0;7;0;0;2;6;1;A01
201000019571;0;7;0;0;2;2;11;B02
201000019572;0;7;0;4;0;1;17;A01
201000019573;0;7;0;0;2;8;1;B02
201000019574;0;7;0;13;0;2;1;A01
201000019575;0;7;0;13;0;2;1;A01
201000019576;0;7;0;0;2;1;1;B02
201000019576;0;7;0;0;2;1;1;A01
201000019577;0;7;0;0;0;2;2;A01
201000019578;0;10;0;6;0;3;1;A01
201000019579;0;10;0;0;2;3;1;A01
201000019579;0;10;0;0;0;5;1;B02
201000019580;0;31;0;0;0;1;2;A01
201000019581;0;7;0;13;0;2;14;A01
201000019582;0;7;0;13;0;3;1;A01
201000019583;0;1;0;0;0;0;1;A01
201000019584;0;7;0;13;0;9;13;A01
201000019585;0;7;0;0;1;2;1;A01
201000019586;0;7;0;0;2;3;1;A01
201000019586;0;10;0;0;2;3;13;B02
201000019587;0;7;0;0;0;6;15;B02
201000019587;0;33;0;0;2;1;17;A01
201000019588;0;7;0;0;1;1;1;A01
201000019589;0;7;0;0;2;3;13;A01
201000019589;0;7;0;0;2;1;1;B02
201000019590;0;7;0;0;0;1;1;B02
201000019590;0;7;0;0;0;1;17;A01
201000019591;0;7;0;16;0;9;1;A01
201000019592;0;7;0;4;0;3;1;A01
201000019593;0;15;0;0;0;8;1;C03
201000019593;0;7;0;0;2;1;1;B02
201000019593;0;10;0;0;0;4;11;A01
201000019594;0;7;0;4;2;1;1;A01
201000019594;0;10;0;4;2;6;1;B02
201000019595;0;15;0;0;0;8;9;A01
201000019596;0;7;0;0;0;4;2;B02
201000019596;0;7;0;0;0;4;2;C03
201000019596;0;7;0;0;2;3;1;A01
201000019597;0;33;0;13;0;8;1;A01
201000019598;0;7;0;4;0;3;1;A01
201000019599;0;7;0;4;0;3;1;A01
201000019600;0;34;0;0;0;7;16;A01
201000019601;0;7;0;4;0;3;17;A01
201000019602;0;7;0;4;0;3;1;A01
201000019603;0;7;0;10;0;3;1;A01
201000019604;0;7;0;4;0;1;0;A01
201000019605;0;33;0;0;5;7;1;A01
201000019606;0;7;0;3;0;1;13;A01
201000019607;0;17;0;4;0;8;1;A01
201000019608;0;7;0;3;0;1;2;A01
201000019609;0;7;0;13;0;9;17;A01
201000019610;0;7;0;6;0;1;1;A01
201000019611;0;7;0;0;2;1;1;B02
201000019611;0;7;0;0;2;1;5;A01
201000019612;0;14;0;3;0;3;1;A01
201000019613;0;17;0;4;0;1;14;A01
201000019614;0;7;0;0;0;6;2;B02
201000019614;0;7;0;0;2;2;2;A01
201000019615;0;7;0;3;0;0;0;A01
201000019616;0;7;0;7;0;2;1;A01
201000019617;0;7;0;13;0;1;1;A01
201000019618;0;17;0;3;0;3;1;A01
201000019619;0;7;0;14;1;1;21;C03
201000019619;0;7;0;0;1;3;1;A01
201000019619;0;7;0;3;0;1;2;B02
201000019619;0;15;0;14;0;3;21;D04
201000019620;0;7;0;0;2;1;15;A01
201000019620;0;30;0;0;2;1;1;B01
201000019621;0;7;0;6;0;1;1;A01
201000019622;0;7;0;0;1;1;1;A01
201000019623;0;7;0;0;2;1;1;B01
201000019623;0;7;0;0;2;1;1;A01
201000019624;0;2;0;12;0;1;1;A01
201000019625;0;13;0;0;1;6;4;A01
201000019626;0;7;0;0;1;2;1;A01
201000019627;0;7;0;0;2;1;11;A01
201000019627;0;7;0;0;2;3;1;B01
201000019628;0;7;0;0;2;3;10;A01
201000019628;0;7;0;0;2;1;1;B01
201000019629;0;7;0;0;2;1;1;B01
201000019629;0;7;0;0;0;8;1;A01
201000019630;0;7;0;0;1;8;1;A01
201000019631;0;15;0;13;0;2;1;A01
201000019632;0;2;0;0;2;1;1;B01
201000019632;0;10;0;0;2;3;15;A01
201000019633;0;7;0;0;2;3;1;A01
201000019633;0;33;0;0;0;4;12;B01
201000019634;0;99;0;0;1;1;1;A01
201000019635;0;1;0;1;0;3;2;B01
201000019635;0;7;0;0;9;0;24;A01
201000019636;0;99;0;0;2;3;15;A01
201000019636;0;33;0;0;2;1;1;B01
201000019637;0;7;0;0;0;2;2;A01
201000019637;0;1;0;0;0;4;2;B01
201000019638;0;7;0;2;0;1;0;A01
201000019639;0;7;0;0;0;3;19;A01
201000019639;0;33;0;0;2;1;1;B01
201000019640;0;30;0;0;0;8;1;A01
201000019641;0;33;0;0;2;1;2;A01
201000019641;0;7;0;0;0;4;2;B01
201000019642;0;7;0;0;2;1;15;A01
201000019642;0;1;0;0;0;8;15;B01
201000019643;0;1;0;0;2;1;2;B01
201000019643;0;10;0;0;2;2;11;A01
201000019644;0;7;0;0;2;2;9;B01
201000019644;0;2;0;0;2;1;9;A01
201000019645;0;33;0;0;2;1;1;A01
201000019645;0;7;0;0;2;3;9;B01
201000019646;0;2;0;0;2;2;1;B01
201000019646;0;7;0;0;2;3;9;A01
201000019647;0;7;0;1;0;3;11;A01
201000019647;0;2;0;0;2;2;17;B01
201000019648;0;7;0;0;1;1;0;A01
201000019649;0;7;0;0;2;4;2;B01
201000019649;0;7;0;0;2;1;2;A01
201000019650;0;7;0;0;2;1;1;A01
201000019650;0;7;0;0;2;4;23;B01
201000019651;0;2;0;0;2;1;1;A01
201000019651;0;7;0;0;2;3;1;B01
201000019652;0;7;0;0;2;6;10;A01
201000019652;0;30;0;0;2;1;1;B01
201000019653;0;7;0;0;1;5;4;A01
201000019654;0;7;0;0;2;2;1;A01
201000019654;0;30;0;0;2;1;1;B01
201000019655;0;7;0;0;2;1;1;B01