num_acc;senc;catv;occutc;obs;obsm;choc;manv;num_veh
201000019655;0;7;0;0;2;3;23;C01
201000019655;0;7;0;0;2;1;19;A01
201000019656;0;1;0;0;2;3;1;B01
201000019656;0;7;0;0;2;5;17;A01
201000019657;0;30;0;6;0;1;1;A01
201000019658;0;7;0;13;0;2;14;A01
201000019659;0;7;0;0;2;4;23;B01
201000019659;0;7;0;0;2;1;2;A01
201000019660;0;31;0;14;0;0;1;A01
201000019661;0;7;0;0;2;3;1;B01
201000019661;0;7;0;0;2;3;15;A01
201000019662;0;7;0;0;2;3;9;A01
201000019662;0;14;0;0;2;5;1;B01
201000019663;0;7;0;0;2;2;15;A01
201000019663;0;7;0;0;2;1;1;B01
201000019664;0;2;0;0;2;1;16;A01
201000019664;0;7;0;0;2;3;23;B01
201000019665;0;7;0;13;0;9;1;A01
201000019666;0;7;0;13;0;9;1;A01
201000019667;0;7;0;0;2;1;19;A01
201000019667;0;15;0;0;2;1;1;B01
201000019668;0;7;0;0;1;2;1;A01
201000019669;0;7;0;0;2;1;1;A01
201000019669;0;7;0;0;2;1;1;C01
201000019669;0;7;0;0;2;4;23;B01
201000019670;0;2;0;0;2;4;2;B01
201000019670;0;7;0;0;2;3;9;A01
201000019671;0;1;0;0;2;4;1;B01
201000019671;0;7;0;0;2;1;1;A01
201000019672;0;7;0;0;2;3;10;A01
201000019672;0;7;0;0;2;1;2;B01
201000019673;0;7;0;8;2;6;15;B01
201000019673;0;14;0;0;2;2;2;A01
201000019674;0;7;0;8;0;9;1;A01
201000019675;0;7;0;0;2;2;1;B01
201000019675;0;7;0;0;2;1;19;A01
201000019676;0;2;0;0;2;8;2;A01
201000019676;0;7;0;0;2;4;2;B01
201000019677;0;7;0;0;1;4;4;A01
201000019678;0;7;0;0;2;6;2;B01
201000019678;0;32;0;0;2;2;2;A01
201000019679;0;7;0;0;2;1;1;B01
201000019679;0;33;0;0;2;1;17;A01
201000019680;0;33;0;0;0;0;1;A01
201000019681;0;30;0;0;2;4;1;B01
201000019681;0;7;0;0;2;1;1;A01
201000019682;0;7;0;0;2;1;1;B01
201000019682;0;7;0;0;2;1;1;A01
201000019683;0;7;0;0;1;1;1;A01
201000019684;0;7;0;0;1;1;1;A01
201000019685;0;30;0;0;2;1;2;A01
201000019685;0;7;0;0;2;4;2;B01
201000019686;0;7;0;0;2;4;23;C01
201000019686;0;7;0;0;2;1;2;A01
201000019686;0;2;0;0;2;4;23;B01
201000019687;0;33;0;1;2;1;1;B01
201000019687;0;7;0;0;2;3;10;A01
201000019688;0;31;0;0;2;1;1;B01
201000019688;0;7;0;0;2;2;9;A01
201000019689;0;7;0;0;2;6;19;A01
201000019689;0;33;0;0;2;1;1;B01
201000019690;0;7;0;0;2;6;15;A01
201000019690;0;7;0;0;2;1;1;B01
201000019690;0;7;0;0;2;1;1;C01
201000019691;0;30;0;0;2;1;16;B01
201000019691;0;30;0;8;0;1;15;A01
201000019692;0;7;0;0;2;1;23;B01
201000019692;0;7;0;0;2;1;1;C01
201000019692;0;10;0;0;2;1;1;A01
201000019692;0;7;0;0;2;1;23;D01
201000019693;0;7;0;0;2;1;1;B01
201000019693;0;7;0;0;2;3;15;A01
201000019694;0;14;0;0;2;1;1;B01
201000019694;0;7;0;0;2;3;9;A01
201000019695;0;7;0;0;1;1;0;A01
201000019696;0;7;0;0;2;3;5;A01
201000019696;0;10;0;3;2;8;1;B01
201000019697;0;7;0;0;1;3;15;A01
201000019698;0;7;0;0;2;1;2;A01
201000019698;0;7;0;0;2;5;2;B01
201000019699;0;31;0;13;0;1;1;A01
201000019700;0;7;0;13;0;1;14;A01
201000019701;0;7;0;5;0;1;10;A01
201000019702;0;7;0;0;0;5;12;A01
201000019702;0;14;0;0;0;3;1;B02
201000019703;0;33;0;0;2;1;2;A01
201000019703;0;17;0;0;2;6;2;B02
201000019704;0;7;0;0;0;4;2;B02
201000019704;0;7;0;0;2;1;2;A01
201000019705;0;7;0;0;2;2;2;A01
201000019705;0;15;0;0;0;6;1;B02
201000019706;0;7;0;4;0;3;13;A01
201000019707;0;7;0;4;0;3;13;A01
201000019708;0;17;0;0;0;6;1;B02
201000019708;0;7;0;14;0;1;1;C03
201000019708;0;7;0;0;2;2;14;A01
201000019709;0;15;0;0;0;4;2;B02
201000019709;0;10;0;0;2;1;2;C03
201000019709;0;17;0;4;0;2;14;A01
201000019710;0;10;0;4;0;1;13;A01
201000019710;0;15;0;0;9;1;1;B02
201000019711;0;17;0;0;2;1;1;B02
201000019711;0;7;0;0;2;4;4;A01
201000019712;0;7;0;13;0;9;1;A01
201000019713;0;7;0;16;0;9;12;A01
201000019714;0;33;0;3;0;3;1;A01
201000019715;0;17;0;0;2;4;1;B02
201000019715;0;10;0;0;2;1;2;A01
201000019716;0;7;0;13;0;3;1;A01
201000019717;0;7;0;2;0;1;1;A01
201000019718;0;17;0;3;0;1;1;A01
201000019719;0;7;0;0;2;4;2;B01
201000019719;0;7;0;0;0;4;2;C01
201000019719;0;7;0;0;2;1;2;A01
201000019720;1;7;0;0;0;8;0;Z01
201000019721;0;7;0;1;0;1;12;A01
201000019722;0;7;0;0;2;4;0;B01
201000019723;0;7;0;6;0;9;1;A01
201000019724;0;7;0;2;0;1;1;A01
201000019725;0;7;0;0;1;4;4;A01
201000019726;0;7;0;0;2;1;1;A01
201000019726;1;7;0;0;2;4;0;B01
201000019727;0;33;0;0;2;1;1;B01
201000019727;0;14;0;0;2;8;1;C01
201000019727;0;7;0;0;2;7;2;A01
201000019728;0;7;0;0;2;2;1;A01
201000019728;0;7;0;0;2;3;9;B01
201000019729;1;7;0;0;1;0;0;Z01
201000019730;0;7;0;0;2;2;15;A01
201000019730;0;30;0;0;2;1;1;B01
201000019731;0;7;0;2;0;1;1;A01
201000019732;0;37;20;0;1;2;1;A01
201000019733;1;7;0;0;2;1;1;Z01
201000019733;0;7;0;0;0;4;1;B01
201000019734;0;7;0;0;2;8;15;A01
201000019734;0;32;0;0;2;5;17;B01
201000019735;0;7;0;13;0;4;1;A01
201000019736;0;7;0;0;2;4;1;C01
201000019736;0;7;0;0;2;4;1;B01
201000019736;0;7;0;0;2;1;1;A01
201000019737;0;7;0;13;0;0;2;A01
201000019738;0;7;0;2;0;1;1;A01
201000019739;0;33;0;0;2;7;1;A01
201000019739;0;37;1;0;0;7;1;B01
201000019740;0;7;0;0;2;3;13;A01
201000019740;0;7;0;0;2;1;1;B01
201000019741;0;7;0;0;1;2;1;A01
201000019742;0;7;0;0;2;3;9;A01
201000019742;0;2;0;0;2;1;1;B01
201000019743;0;33;0;0;2;7;1;B01
201000019743;0;7;0;0;2;8;11;A01
201000019744;0;7;0;0;2;8;11;A01
201000019744;0;2;0;0;2;7;1;B01
201000019745;0;7;0;0;1;1;10;Z01
201000019746;0;7;0;0;0;0;0;A01
201000019746;0;33;0;0;0;0;0;B01
201000019747;0;30;0;0;2;1;1;A01
201000019747;0;7;0;0;0;6;23;B01
201000019748;0;7;0;0;2;3;15;A01
201000019748;0;7;0;0;2;2;1;B01
201000019749;0;7;0;0;0;0;0;A01
201000019749;0;14;0;0;0;0;0;B01
201000019750;0;7;0;0;1;5;2;A01
201000019751;0;7;0;0;2;1;5;A01
201000019751;0;7;0;0;2;1;1;B01
201000019752;0;14;0;13;0;7;1;A01
201000019753;0;33;0;0;2;1;17;B01
201000019753;0;7;0;0;2;1;19;A01
201000019754;0;7;0;0;2;3;2;B01
201000019754;0;7;0;0;2;6;15;A01
201000019755;0;7;0;0;1;1;1;A01
201000019756;0;10;0;0;1;2;1;A01
201000019757;0;33;0;0;2;1;17;A01
201000019757;0;7;0;0;0;0;13;B01
201000019758;0;33;0;0;2;7;1;B01
201000019758;0;7;0;0;2;1;16;A01
201000019759;0;33;0;0;2;7;0;B01
201000019759;0;7;0;0;2;8;15;A01
201000019760;0;7;0;0;1;2;1;A01
201000019761;0;7;0;0;2;5;15;A01
201000019761;0;31;0;0;2;1;1;B01
201000019762;0;7;0;8;0;9;1;A01
201000019763;0;7;0;2;2;1;2;B01
201000019763;0;7;0;0;2;2;10;A01
201000019764;0;1;0;0;2;1;1;A01
201000019764;0;7;0;0;2;2;23;B01
201000019765;0;2;0;0;2;1;1;B01
201000019765;0;7;0;0;2;3;15;A01
201000019766;0;7;0;0;0;6;2;B01
201000019766;0;33;0;0;0;1;2;A01
201000019767;0;7;0;0;2;1;2;A01
201000019767;0;7;0;0;0;4;2;B01
201000019768;0;7;0;0;2;3;9;B01
201000019768;0;30;0;0;2;1;1;A01
201000019769;0;7;0;0;1;3;1;A01
201000019770;0;7;0;0;1;0;0;A01
201000019771;0;32;0;0;0;0;0;A01
201000019772;1;7;0;0;1;7;0;Z01
201000019773;0;7;0;0;9;8;9;A01
201000019773;0;1;0;0;2;0;0;B01
201000019774;0;7;0;0;2;6;10;B01
201000019774;0;32;0;0;2;1;2;A01
201000019775;0;7;0;0;0;8;0;B01
201000019775;0;7;0;0;0;2;0;A01
201000019776;0;7;0;0;1;1;0;A01
201000019777;0;7;0;0;2;8;0;A01
201000019777;0;7;0;0;2;0;0;B01
201000019778;0;2;0;0;2;1;5;A01
201000019778;0;2;0;0;2;1;1;B01
201000019779;0;7;0;0;1;1;15;A01
201000019780;0;7;0;0;0;1;0;A01
201000019781;0;7;0;0;1;1;2;A01
201000019782;0;7;0;0;1;3;1;A01
201000019783;0;7;0;0;2;5;15;A01
201000019783;0;32;0;0;2;1;1;B01
201000019784;0;7;0;0;2;3;15;B01
201000019784;1;2;0;0;2;2;11;A01
201000019785;0;7;0;0;2;1;5;A01
201000019785;0;10;0;3;2;2;0;B01
201000019785;0;7;0;0;2;0;0;C01
201000019786;0;7;0;0;2;1;1;B01
201000019786;0;7;0;0;2;7;19;A01
201000019787;0;10;0;0;0;0;15;C01
201000019787;0;7;0;0;2;4;2;B01
201000019787;0;7;0;0;2;1;2;A01
201000019788;1;7;0;0;0;0;13;Z01
201000019788;0;7;0;4;2;1;1;A01
201000019789;0;7;0;0;1;2;1;A01
201000019790;0;7;0;0;2;1;15;A01
201000019790;0;33;0;0;2;1;15;B01
201000019791;0;7;0;0;0;5;12;A01
201000019791;0;1;0;0;0;1;1;B01
201000019792;0;7;0;0;2;2;15;A01
201000019792;0;34;0;1;0;2;14;B01
201000019793;0;7;0;0;0;0;1;A01
201000019793;0;34;0;0;0;8;21;B01
201000019794;0;14;0;0;1;3;1;A01
201000019795;1;33;0;0;1;1;1;Z01
201000019796;0;2;0;0;2;8;3;A01
201000019796;0;13;0;0;2;7;1;B01
201000019797;0;7;0;3;0;0;0;A01
201000019797;0;7;0;0;2;1;0;B01
201000019798;0;7;0;0;2;2;10;A01
201000019798;0;7;0;0;2;1;1;B01
201000019799;0;7;0;4;0;1;0;A01
201000019800;0;7;0;0;0;8;1;A01
201000019801;0;33;0;0;0;8;1;A01
201000019802;0;30;0;0;0;0;2;B01
201000019802;0;31;0;0;9;1;2;A01
201000019803;0;7;0;0;2;2;17;A01
201000019803;0;7;0;0;2;3;15;B01
201000019804;0;30;0;0;5;1;1;A01
201000019805;0;7;0;0;2;1;1;B01
201000019805;0;37;1;0;2;3;1;A01
201000019806;0;7;0;0;0;1;1;A01
201000019806;0;7;0;0;0;4;1;B01
201000019807;0;7;0;0;2;2;0;A01
201000019807;0;7;0;0;2;6;1;B01
201000019808;0;7;0;0;2;6;2;B01
201000019808;0;30;0;0;4;1;0;A01
201000019809;0;7;0;0;2;1;13;A01
201000019809;0;7;0;0;2;1;2;B01
201000019810;0;34;0;0;2;1;2;A01
201000019810;0;7;0;0;0;7;16;B01
201000019811;0;7;0;0;0;4;1;B01
201000019811;0;7;0;0;2;1;1;A01
201000019812;0;7;0;0;0;1;2;A01
201000019812;0;7;0;0;0;4;2;B01
201000019813;0;7;0;0;1;4;4;A01
201000019814;0;7;0;0;2;2;12;A01
201000019814;0;33;0;0;2;1;7;B01
201000019815;0;7;0;0;0;4;2;B01
201000019815;0;7;0;0;2;1;2;A01
201000019816;0;10;0;0;1;2;1;A01
201000019817;0;7;0;0;2;8;15;A01
201000019817;0;7;0;0;2;1;1;B01
201000019818;0;7;0;7;0;1;1;A01
201000019819;0;7;0;6;2;7;1;B01
201000019819;0;7;0;13;2;1;2;A01
201000019820;0;1;0;0;2;8;0;B01
201000019820;0;7;0;0;2;5;1;C01
201000019820;1;33;0;0;2;1;18;A01
201000019821;0;7;0;0;2;1;2;A01
201000019821;0;7;0;0;0;4;23;C01
201000019821;0;7;0;0;2;4;23;B01
201000019822;0;34;0;0;2;7;17;B01
201000019822;0;7;0;0;2;8;15;A01
201000019823;0;7;0;0;2;2;11;A01
201000019823;0;34;0;0;2;8;1;B01
201000019824;0;7;0;0;2;1;1;A01
201000019824;0;7;0;0;2;4;23;B01
201000019825;0;7;0;0;2;1;1;A01
201000019825;0;7;0;0;2;4;1;B01
201000019826;0;7;0;0;2;6;23;C01
201000019826;0;7;0;0;2;1;2;A01
201000019826;0;7;0;1;2;1;2;B01
201000019827;0;7;0;0;1;1;0;A01
201000019828;1;7;0;0;2;1;2;A01
201000019828;0;7;0;0;0;4;2;B01
201000019829;0;10;0;0;1;7;1;A01
201000019830;0;7;0;0;2;2;2;A01
201000019830;0;31;0;0;0;6;2;B01
201000019831;0;7;0;0;2;3;1;B01
201000019831;0;33;0;0;2;6;15;A01
201000019832;0;7;0;0;0;7;0;A01
201000019833;0;33;0;0;1;2;21;A01
201000019834;0;7;0;0;1;1;0;A01
201000019835;0;7;0;0;1;3;1;A01
201000019836;0;7;0;0;2;1;2;A01
201000019836;0;7;0;0;0;4;2;B01
201000019837;1;33;0;0;1;0;0;Z01
201000019838;0;7;0;0;1;4;4;A01
201000019839;0;7;0;3;0;3;2;A01
201000019840;0;7;0;0;0;0;0;A01
201000019841;0;7;0;0;0;1;2;A01
201000019841;0;7;0;0;2;9;2;B01
201000019841;0;7;0;0;2;4;2;C01
201000019842;0;7;0;0;2;8;15;B01
201000019842;0;10;0;0;2;2;1;A01
201000019843;0;7;0;0;2;4;2;B01
201000019844;0;10;0;0;1;3;15;A01
201000019845;0;7;0;0;0;1;0;A01
201000019846;0;31;0;0;2;1;1;B01
201000019846;0;7;0;0;2;3;15;A01
201000019847;1;7;0;0;1;0;0;Z01
201000019848;0;10;0;0;2;1;1;A01
201000019848;0;7;0;0;2;4;1;B01
201000019849;0;7;0;0;2;5;15;A01
201000019849;0;31;0;0;2;1;1;B01
201000019850;1;33;0;0;2;1;1;A01
201000019850;0;30;0;0;2;1;17;B01
201000019851;0;7;0;0;2;5;4;A01
201000019851;0;7;0;6;2;7;1;B01
201000019852;0;34;0;0;2;7;17;A01
201000019852;0;7;0;0;2;3;15;B01
201000019853;0;33;0;0;0;0;0;A01
201000019853;0;7;0;0;0;0;0;B01
201000019854;0;7;0;0;2;2;17;A01
201000019855;0;7;0;13;6;8;1;A01
201000019856;0;99;0;0;2;6;15;A01
201000019856;0;31;0;0;2;1;13;B01
201000019857;0;10;0;0;2;0;1;A01
201000019857;0;14;0;0;2;8;1;B01
201000019858;0;31;0;15;0;1;0;A01
201000019859;0;7;0;0;1;4;4;A01
201000019860;0;10;0;0;2;3;1;B01
201000019860;0;7;0;0;2;1;1;A01
201000019861;0;32;0;0;1;1;1;A01
201000019862;0;7;0;8;0;0;1;A01
201000019863;0;7;0;0;2;3;9;A01
201000019863;0;7;0;0;2;2;16;B01
201000019864;0;7;0;0;2;0;0;D01
201000019864;0;7;0;0;2;4;1;B01
201000019864;0;10;0;0;2;4;1;F02
201000019864;0;14;0;0;2;1;1;A01
201000019864;0;17;0;0;2;4;1;E01
201000019864;0;7;0;0;2;4;1;C01
201000019865;0;34;0;0;2;0;0;A01
201000019865;0;7;0;0;2;0;0;B01
201000019866;0;7;0;0;2;4;2;B01
201000019866;0;10;0;0;2;1;2;A01
201000019867;0;7;0;0;2;4;1;B01
201000019867;0;7;0;0;2;1;1;A01
201000019868;0;7;0;0;2;1;5;B01
201000019868;0;10;0;0;2;5;15;A01
201000019868;0;7;0;0;2;1;2;C01
201000019868;0;7;0;0;2;6;2;D01
201000019869;0;34;0;0;0;8;1;A01
201000019870;0;7;0;0;2;1;1;A01
201000019870;0;30;0;0;2;1;1;B01
201000019871;1;7;0;0;2;1;1;Z01
201000019871;0;7;0;0;2;8;1;A01
201000019872;0;7;0;12;0;1;16;A01
201000019873;0;7;0;0;0;1;9;A01
201000019873;0;31;0;0;0;7;1;B01
201000019874;0;30;0;0;2;1;1;A01
201000019874;0;7;0;0;2;7;15;B01
201000019875;0;7;0;0;0;0;0;A01
201000019876;2;7;0;0;0;1;0;A01
201000019876;0;7;0;0;0;3;0;C01
201000019876;0;7;0;0;0;3;0;B01
201000019877;0;7;0;0;2;6;15;A01
201000019877;0;33;0;0;2;1;1;B01
201000019878;0;7;0;0;1;8;1;A01
201000019879;0;30;0;0;2;8;0;A01
201000019880;0;7;0;0;1;2;1;A01
201000019881;0;32;0;0;2;1;1;B01
201000019881;0;7;0;0;2;7;15;A01
201000019882;0;1;0;0;2;1;1;B01
201000019882;0;7;0;0;9;1;15;A01
201000019883;0;7;0;13;0;2;1;A01
201000019884;0;7;0;0;2;8;15;A01
201000019884;0;33;0;0;2;7;2;B01
201000019885;0;7;0;0;2;1;1;B01
201000019885;1;7;0;0;2;6;0;A01
201000019886;0;7;0;0;1;1;2;A01
201000019887;0;1;0;0;0;5;0;A01
201000019888;0;32;0;0;2;7;1;B01
201000019888;0;7;0;0;2;1;19;A01
201000019889;1;7;0;0;1;7;1;Z01
201000019890;0;7;0;0;2;0;2;A01
201000019890;0;7;0;0;2;4;2;B01
201000019891;0;7;0;0;0;0;0;A01
201000019892;0;1;0;0;2;4;1;B01
201000019892;0;7;0;0;2;7;2;A01
201000019893;0;37;0;0;0;0;1;A01
201000019894;0;99;0;3;0;2;1;A01
201000019895;0;7;0;0;2;8;0;A01
201000019895;0;30;0;0;2;7;0;B01
201000019896;0;7;0;0;2;4;23;C01
201000019896;0;7;0;0;2;1;2;A01
201000019896;0;7;0;0;2;4;23;B01
201000019897;0;7;0;0;2;6;10;A01
201000019897;0;33;0;0;2;1;1;B01
201000019898;0;7;0;0;2;2;16;A01
201000019898;0;33;0;0;2;1;16;B01
201000019899;0;7;0;0;2;3;16;A01
201000019899;0;2;0;0;2;1;1;B01
201000019900;0;7;0;0;2;1;15;A01
201000019900;0;2;0;0;2;7;1;B01
201000019901;0;32;0;0;1;1;0;A01
201000019902;0;7;0;0;1;2;1;A01
201000019903;0;33;0;0;0;0;0;A01
201000019904;0;10;0;0;1;2;2;A01
201000019905;0;7;0;0;0;7;0;A01
201000019906;0;10;0;0;2;6;1;A01
201000019906;0;10;0;0;2;4;1;B01
201000019907;0;7;0;0;1;3;9;A01
201000019908;0;15;0;0;0;0;2;A01
201000019909;0;7;0;0;2;8;0;B01
201000019909;0;7;0;0;2;1;0;A01
201000019910;0;32;0;0;9;1;1;B01
201000019910;0;1;0;0;2;4;9;A01
201000019911;0;13;0;0;1;1;0;A01
201000019912;0;10;0;0;2;1;2;A01
201000019912;0;7;0;0;0;4;2;B01
201000019913;0;7;0;0;2;1;2;A01
201000019913;0;7;0;0;2;4;15;B01
201000019914;0;33;0;0;2;8;15;A01
201000019914;0;7;0;0;2;7;1;B01
201000019915;0;7;0;0;0;0;0;A01
201000019916;0;7;0;0;1;4;4;A01
201000019917;0;30;0;0;2;1;7;B01
201000019917;0;7;0;0;2;2;16;A01
201000019918;0;34;0;0;2;0;0;B01
201000019918;0;13;0;0;2;3;15;A01
201000019919;0;33;0;0;0;1;1;A01
201000019919;0;7;0;0;0;3;10;B01
201000019920;0;1;0;0;2;3;16;B01
201000019920;0;7;0;0;2;7;19;A01
201000019921;0;7;0;0;9;0;0;A01
201000019921;0;1;0;0;2;0;0;B01
201000019922;0;32;0;0;2;2;1;A01
201000019922;0;7;0;0;2;3;1;B01
201000019923;0;33;0;0;2;1;1;B01
201000019923;0;7;0;0;2;7;15;A01
201000019924;0;7;0;0;2;8;15;A01
201000019924;0;32;0;0;2;7;17;B01
201000019925;0;2;0;0;2;1;2;B01
201000019925;0;7;0;0;2;3;10;A01
201000019926;0;31;0;0;2;8;1;B01
201000019926;0;7;0;3;2;1;1;A01
201000019927;0;7;0;14;2;1;1;A01
201000019927;0;10;0;0;2;8;9;B01
201000019928;0;2;0;0;2;7;1;B01
201000019928;0;7;0;0;2;1;19;A01
201000019929;0;33;0;0;2;8;0;B01
201000019929;0;7;0;0;2;1;0;A01
201000019930;0;31;0;0;2;2;17;A01
201000019930;0;7;0;0;2;3;15;B01
201000019931;0;7;0;14;0;2;1;A01
201000019931;0;13;0;0;2;8;1;B01
201000019932;0;7;0;2;0;1;14;A01
201000019933;0;31;0;0;1;1;1;A01
201000019934;0;7;0;0;1;1;1;A01
201000019935;0;7;0;2;0;2;1;A01
201000019936;0;30;0;0;0;3;0;A01
201000019936;0;7;0;0;0;5;0;B01
201000019937;1;7;0;0;2;3;13;Z01
201000019937;0;33;0;0;2;8;1;A01
201000019938;0;33;0;0;2;2;13;B01
201000019938;0;7;0;0;2;3;15;A01
201000019939;0;7;0;13;1;1;1;B01
201000019939;0;7;0;13;1;1;1;A01
201000019940;0;7;0;0;2;5;15;A01
201000019940;0;7;0;0;2;1;1;B01
201000019941;0;7;0;0;2;0;0;B01
201000019941;0;7;0;0;2;0;0;A01
201000019942;0;7;0;0;2;8;15;A01
201000019942;0;33;0;0;2;1;1;B01
201000019943;0;7;0;0;1;1;0;A01
201000019944;0;33;0;0;0;2;21;A01
201000019945;0;7;0;0;1;1;0;A01
201000019946;0;14;0;0;1;3;11;A01
201000019947;0;7;0;0;2;0;0;B01
201000019947;0;33;0;0;2;0;0;A01
201000019948;0;7;0;0;2;3;11;A01
201000019948;0;31;0;1;2;2;1;B01
201000019949;0;7;0;8;0;3;14;A01
201000019950;1;7;0;0;1;0;0;Z01
201000019951;0;7;0;0;2;1;1;C01
201000019951;0;7;0;0;2;1;5;A01
201000019951;0;7;0;0;2;7;1;B01
201000019952;0;7;0;13;0;9;1;A01
201000019953;0;7;0;2;0;2;1;A01
201000019954;0;7;0;0;0;3;23;C01
201000019954;0;7;0;0;2;3;15;A01
201000019954;0;30;0;1;0;1;17;B01
201000019955;0;7;0;0;2;2;9;C01
201000019955;0;7;0;0;2;2;1;B01
201000019955;0;30;0;0;2;3;3;A01
201000019956;0;7;0;0;2;1;1;B01
201000019956;0;7;0;0;2;2;19;A01
201000019957;0;7;0;0;0;6;2;B01
201000019957;0;33;0;0;2;1;2;A01
201000019958;1;7;0;0;1;0;1;A01
201000019959;0;7;0;0;1;1;1;A01
201000019960;0;7;0;0;2;6;13;B01
201000019960;0;32;0;0;2;2;2;A01
201000019961;0;7;0;0;1;5;4;A01
201000019962;0;13;0;0;2;1;2;A01
201000019962;0;99;0;0;0;4;2;B01
201000019963;0;33;0;16;0;7;0;A01
201000019964;0;7;0;0;2;1;0;A01
201000019964;0;7;0;0;2;4;0;B01
201000019965;0;7;0;0;2;2;1;A01
201000019965;0;7;0;0;2;6;0;B01
201000019966;0;7;0;0;2;4;1;B01
201000019966;0;7;0;0;2;1;1;A01
201000019967;0;37;1;0;2;8;23;C01
201000019967;0;30;0;14;0;2;17;A01
201000019967;0;7;0;0;2;8;23;B01
201000019968;0;7;0;0;1;1;1;A01
201000019969;0;7;0;0;2;6;10;A01
201000019969;0;33;0;0;2;1;1;B01
201000019970;0;30;0;0;2;1;1;B01
201000019970;0;7;0;0;0;8;10;A01
201000019971;0;7;0;0;1;5;17;A01
201000019972;0;37;1;0;2;7;1;B01
201000019972;0;7;0;0;2;1;16;A01
201000019973;0;7;0;0;2;8;10;A01
201000019973;0;31;0;0;2;1;2;B01
201000019974;0;7;0;0;1;4;4;A01
201000019975;0;7;0;0;2;8;15;B01
201000019975;0;2;0;0;2;1;17;A01
201000019976;0;1;0;0;0;0;0;A01
201000019976;0;7;0;0;0;5;1;B01
201000019977;0;2;0;0;2;1;1;A01
201000019977;0;7;0;0;2;2;1;B01
201000019978;0;2;0;0;2;8;1;B01
201000019978;0;7;0;0;2;2;17;A01
201000019979;0;7;0;5;0;0;0;A01
201000019980;0;7;0;2;0;3;1;A01
201000019981;0;38;1;0;1;0;0;A01
201000019982;0;14;0;0;9;0;15;A01
201000019982;0;1;0;0;2;1;1;B01
201000019983;0;31;0;0;2;1;1;B01
201000019983;0;7;0;0;2;3;15;A01
201000019984;0;2;0;0;0;0;0;A01
201000019985;1;7;0;0;1;1;1;A01
201000019986;0;7;0;0;2;4;0;B01
201000019986;0;7;0;0;2;1;1;C01
201000019986;0;7;0;0;2;1;1;A01
201000019986;0;7;0;0;2;4;1;D01
201000019987;1;7;0;0;1;4;4;A01
201000019988;0;31;0;0;2;8;1;C01
201000019988;0;7;0;0;2;3;17;B01
201000019988;0;7;0;0;2;3;16;A01
201000019989;0;1;0;0;2;1;15;B01
201000019989;0;33;0;0;2;1;17;A01
201000019990;0;7;0;0;2;1;15;A01
201000019990;0;33;0;0;2;1;1;B01
201000019991;0;7;0;2;0;8;13;A01
201000019991;0;7;0;2;0;1;21;B01
201000019992;2;7;0;12;0;1;0;A01
201000019993;0;31;0;0;2;1;1;B01
201000019993;0;7;0;0;2;8;9;A01
201000019994;0;16;0;0;2;0;1;A01
201000019994;0;16;0;0;0;2;1;B01
201000019995;0;7;0;2;0;1;1;A01
201000019996;0;7;0;6;0;1;1;A01
201000019997;0;7;0;0;2;2;1;B01
201000019997;0;7;0;0;2;3;1;A01
201000019998;0;7;0;2;2;2;13;A01
201000019998;0;7;0;0;2;2;1;B01
201000019999;0;7;0;2;0;2;1;A01
201000020000;0;7;0;0;2;4;24;C01
201000020000;0;7;0;0;2;1;2;A01
201000020000;0;7;0;0;2;1;24;B01
201000020001;0;7;0;0;1;1;1;A01
201000020002;0;7;0;0;2;1;1;B01
201000020002;0;1;0;0;2;1;19;A01
201000020003;0;7;0;0;2;1;2;A01
201000020003;0;7;0;0;1;4;1;B01
201000020004;0;1;0;0;2;1;1;B01
201000020004;0;7;0;0;2;2;16;A01
201000020005;0;7;0;0;2;3;9;B01
201000020005;0;32;0;0;2;1;1;A01
201000020006;0;31;0;0;2;1;1;B01
201000020006;0;7;0;0;2;3;15;A01
201000020007;0;7;0;0;2;4;1;B01
201000020007;0;7;0;0;2;1;1;A01
201000020008;0;7;0;0;2;1;15;A01
201000020008;0;7;0;0;2;3;1;B01
201000020009;0;7;0;0;2;1;1;A01
201000020009;0;7;0;0;2;4;1;B01
201000020010;0;7;0;2;2;1;15;A01
201000020010;0;17;0;0;2;1;1;B01
201000020011;0;10;0;0;2;1;1;B01
201000020011;0;7;0;0;2;1;13;A01
201000020012;0;7;0;2;0;2;1;A01
201000020013;0;7;0;0;1;1;1;A01
201000020014;0;33;0;0;2;8;1;A01
201000020014;0;7;0;0;2;2;1;B01
201000020015;0;7;0;0;1;1;13;A01
201000020016;0;7;0;0;2;6;15;B01
201000020016;0;30;0;0;2;1;1;A01
201000020017;0;7;0;0;2;6;1;A01
201000020017;0;7;0;0;2;2;1;B01
201000020018;0;30;0;0;0;0;1;A01
201000020019;0;1;0;0;2;7;1;A01
201000020019;1;99;0;0;9;0;0;Z01
201000020020;0;7;0;0;9;3;9;A01
201000020020;0;31;0;0;2;1;1;B01
201000020021;0;7;0;0;0;6;1;A01
201000020022;0;7;0;0;1;1;1;A01
201000020023;0;7;0;0;2;1;2;A01
201000020023;0;15;0;0;2;4;15;B01
201000020024;1;7;0;0;9;8;16;Z01
201000020024;0;1;0;0;2;8;1;B01
201000020025;0;7;0;16;0;0;0;A01
201000020026;0;7;0;0;2;1;1;E02
201000020026;0;7;0;0;2;4;23;B01
201000020026;0;10;0;0;2;1;16;A01