num_acc;senc;catv;occutc;obs;obsm;choc;manv;num_veh
201000020026;0;7;0;0;2;4;23;C01
201000020026;0;7;0;0;2;4;23;D01
201000020027;0;7;0;2;0;1;13;A01
201000020028;0;33;0;0;2;1;17;A01
201000020028;0;99;0;0;2;3;15;B01
201000020029;0;7;0;2;0;1;14;A01
201000020030;0;7;0;0;2;7;15;A01
201000020030;0;2;0;0;2;1;1;B01
201000020031;0;7;0;3;2;1;1;B01
201000020031;0;7;0;0;2;1;13;A01
201000020032;0;7;0;0;2;3;15;B01
201000020032;0;7;0;8;2;7;17;A01
201000020033;0;32;0;0;0;0;0;A01
201000020034;0;33;0;0;2;0;17;A01
201000020034;0;2;0;0;2;4;23;B01
201000020035;0;33;0;0;2;2;1;B01
201000020035;0;7;0;0;2;2;19;A01
201000020036;0;7;0;0;1;3;1;A01
201000020037;0;7;0;0;2;3;1;B01
201000020037;0;7;0;0;2;1;16;A01
201000020038;0;33;0;0;2;7;1;A01
201000020038;0;7;0;0;2;1;15;B01
201000020039;0;30;0;0;1;1;1;A01
201000020040;0;7;0;0;2;5;9;A01
201000020040;0;7;0;0;2;3;1;B01
201000020041;0;33;0;0;2;1;21;B01
201000020041;0;7;0;0;0;6;15;A01
201000020042;0;7;0;0;2;1;2;A01
201000020042;0;10;0;0;2;4;23;B01
201000020042;0;7;0;0;2;4;23;C01
201000020043;0;7;0;0;1;4;4;A01
201000020044;0;7;0;0;2;7;15;A01
201000020044;0;33;0;0;2;1;1;B01
201000020045;0;7;0;0;1;4;4;A01
201000020046;0;14;0;0;0;6;1;B01
201000020046;0;7;0;0;2;1;16;A01
201000020047;0;30;0;0;2;2;0;A01
201000020047;0;32;0;0;2;2;1;B01
201000020048;0;7;0;0;1;3;1;A01
201000020049;0;7;0;0;1;3;1;A01
201000020050;0;30;0;11;0;8;0;A01
201000020051;0;15;0;0;0;0;1;A01
201000020051;0;32;0;4;0;2;1;B01
201000020052;0;7;0;0;2;3;2;A01
201000020052;0;30;0;0;2;4;2;B01
201000020052;0;7;0;0;2;3;1;C01
201000020053;0;30;0;0;2;8;0;A01
201000020053;1;7;0;0;2;0;6;Z01
201000020054;0;7;0;0;0;3;23;C01
201000020054;0;7;0;0;2;8;15;A01
201000020054;0;2;0;0;2;1;17;B01
201000020055;0;30;0;0;2;1;17;B01
201000020055;0;7;0;0;2;3;15;A01
201000020056;0;10;0;0;1;2;1;A01
201000020057;0;7;0;0;1;2;1;A01
201000020058;0;33;0;0;2;4;12;B01
201000020058;0;7;0;0;2;2;0;A01
201000020059;0;2;0;0;0;7;17;B01
201000020059;0;7;0;0;0;8;15;A01
201000020060;0;30;0;8;0;2;1;A01
201000020061;1;7;0;0;1;0;0;Z01
201000020062;0;34;0;0;2;1;1;B01
201000020062;0;7;0;0;0;6;20;A01
201000020063;0;7;0;0;1;2;15;A01
201000020064;0;33;0;0;2;3;21;B01
201000020064;0;7;0;0;0;6;23;C01
201000020064;0;7;0;1;2;6;21;A01
201000020065;0;32;0;0;2;1;2;B01
201000020065;0;7;0;0;0;3;15;A01
201000020066;0;33;0;0;2;1;1;B01
201000020066;0;7;0;0;2;5;19;A01
201000020067;0;33;0;1;0;7;21;B01
201000020067;0;7;0;0;2;1;19;A01
201000020068;0;7;0;0;2;1;1;B01
201000020068;0;7;0;1;0;7;15;A01
201000020069;0;7;0;0;2;6;9;A01
201000020069;0;7;0;12;2;3;1;B01
201000020070;0;7;0;0;0;7;1;B01
201000020070;0;7;0;0;0;2;0;A01
201000020071;0;7;0;0;2;3;13;A01
201000020071;0;30;0;0;0;7;2;B01
201000020072;0;30;0;0;2;1;21;C01
201000020072;0;7;0;0;0;0;15;A01
201000020072;0;7;0;0;2;1;1;B01
201000020073;0;32;0;0;2;1;17;B01
201000020073;0;7;0;0;2;3;1;A01
201000020074;0;7;0;15;0;1;6;A01
201000020075;0;33;0;0;2;1;1;B01
201000020075;0;7;0;0;2;2;15;A01
201000020076;0;7;0;0;1;1;1;A01
201000020077;0;7;0;0;1;2;1;A01
201000020078;0;33;0;12;0;1;1;B01
201000020078;0;7;0;0;2;1;16;A01
201000020079;0;32;0;13;0;8;1;A01
201000020080;0;30;0;0;0;0;0;B01
201000020080;0;7;0;0;0;0;0;A01
201000020081;0;32;0;0;0;0;1;A01
201000020081;0;7;0;0;0;0;15;B01
201000020082;0;7;0;0;2;6;0;A01
201000020082;0;33;0;0;2;1;1;B01
201000020083;0;2;0;15;0;1;2;A01
201000020084;0;7;0;0;2;1;1;A01
201000020084;0;31;0;0;0;0;1;B01
201000020085;0;7;0;0;2;1;1;A01
201000020085;0;7;0;0;0;4;23;B01
201000020086;0;7;0;0;0;4;1;B01
201000020086;0;30;0;0;2;1;2;A01
201000020087;0;2;0;4;0;0;0;A01
201000020088;0;7;0;0;0;0;16;A01
201000020088;0;31;0;0;0;0;1;B01
201000020089;0;7;0;0;1;1;0;A01
201000020090;0;7;0;0;2;4;1;B01
201000020090;0;7;0;0;0;4;23;C01
201000020090;0;99;0;0;2;1;1;A01
201000020091;1;7;0;0;9;2;17;A01
201000020091;0;1;0;0;2;3;15;B01
201000020092;0;7;0;0;1;1;1;A01
201000020093;0;33;0;0;2;1;21;A01
201000020093;0;7;0;0;2;2;21;B01
201000020094;0;30;0;0;2;1;1;A01
201000020094;0;7;0;0;0;3;15;B01
201000020095;0;33;0;0;2;8;13;B01
201000020095;0;34;0;0;2;8;13;A01
201000020096;0;7;0;8;0;1;0;A01
201000020097;0;7;0;0;0;4;1;B01
201000020097;0;7;0;0;2;1;1;A01
201000020098;0;7;0;0;1;3;15;A01
201000020099;0;7;0;0;2;3;1;A01
201000020099;0;7;0;0;2;3;1;B01
201000020100;0;7;0;0;2;3;15;A01
201000020100;0;30;0;0;2;1;17;B01
201000020101;0;7;0;0;2;3;15;A01
201000020101;0;7;0;1;2;3;2;B01
201000020102;0;7;0;0;2;1;2;A01
201000020102;0;7;0;0;2;4;2;B01
201000020103;0;10;0;0;1;4;4;A01
201000020104;0;7;0;8;0;3;0;A01
201000020105;0;30;0;0;1;1;17;A01
201000020106;0;30;0;0;0;0;9;A01
201000020107;0;2;0;0;0;8;1;A01
201000020108;0;7;0;0;1;0;1;A01
201000020109;0;34;0;0;2;1;1;B01
201000020109;0;7;0;0;2;2;15;A01
201000020110;0;33;0;12;0;1;0;A01
201000020111;0;31;0;0;0;8;1;B01
201000020111;0;2;0;0;2;1;1;A01
201000020112;0;32;0;0;2;1;13;A01
201000020112;0;7;0;0;2;1;21;B01
201000020113;0;7;0;0;2;4;4;A01
201000020113;0;2;0;0;2;1;2;B01
201000020114;0;32;0;0;0;4;1;B01
201000020114;1;7;0;0;2;0;0;Z01
201000020115;0;7;0;8;0;8;1;A01
201000020116;0;10;0;0;1;6;4;A01
201000020117;0;7;0;0;2;1;1;C01
201000020117;0;7;0;0;2;3;1;B01
201000020117;0;7;0;0;2;3;13;A01
201000020118;0;7;0;0;0;1;2;A01
201000020118;0;7;0;0;0;4;2;B01
201000020119;0;31;0;0;2;1;17;A01
201000020119;0;30;0;0;2;1;15;B01
201000020120;0;10;0;0;1;4;4;A01
201000020121;0;99;0;0;0;9;1;A01
201000020122;0;7;0;0;1;1;1;A01
201000020123;0;33;0;0;2;1;17;B01
201000020123;0;7;0;0;2;3;10;A01
201000020124;0;33;0;0;2;1;16;A01
201000020124;0;7;0;0;2;3;15;B01
201000020125;0;7;0;0;1;7;4;A01
201000020126;0;7;0;0;2;1;2;B01
201000020126;0;7;0;0;2;7;2;A01
201000020127;0;30;0;0;0;0;1;A01
201000020128;0;30;0;12;0;0;2;A01
201000020129;0;33;0;6;0;1;0;A01
201000020130;0;2;0;1;0;1;14;A01
201000020131;0;7;0;0;2;4;2;B01
201000020131;0;7;0;0;0;4;2;C01
201000020131;0;7;0;0;2;3;2;A01
201000020132;0;7;0;1;2;2;1;A01
201000020132;0;7;0;0;2;1;0;B01
201000020133;0;7;0;0;2;5;2;C01
201000020133;0;10;0;0;2;1;2;A01
201000020133;0;32;0;1;0;9;2;B01
201000020134;1;35;0;0;0;0;0;Z01
201000020135;0;33;0;13;0;1;21;B01
201000020135;1;31;0;0;0;0;1;A01
201000020136;0;32;0;10;0;1;1;A01
201000020137;0;7;0;0;1;3;1;A01
201000020138;0;7;0;0;2;3;0;B01
201000020138;0;10;0;0;2;7;0;A01
201000020139;0;7;0;0;2;1;19;A01
201000020139;0;7;0;0;0;1;1;B01
201000020140;0;7;0;0;1;3;1;A01
201000020141;0;3;0;0;1;4;4;A01
201000020142;0;31;0;0;2;5;13;A01
201000020142;1;7;0;0;2;3;18;Z01
201000020143;0;7;0;6;2;7;21;B01
201000020143;0;7;0;0;2;2;13;A01
201000020144;0;7;0;0;2;1;1;A01
201000020144;0;7;0;0;0;3;15;B01
201000020145;0;7;0;0;1;7;2;A01
201000020146;0;7;0;1;2;3;14;A01
201000020146;0;33;0;0;2;1;1;B01
201000020147;0;32;0;0;0;1;1;B01
201000020147;0;7;0;0;0;3;15;A01
201000020148;0;7;0;0;2;1;1;A01
201000020148;0;7;0;0;0;1;1;B01
201000020149;0;7;0;1;0;1;17;B01
201000020149;1;7;0;1;0;4;4;A01
201000020150;0;7;0;0;2;3;1;B01
201000020150;0;7;0;0;2;7;16;A01
201000020151;0;7;0;0;0;1;1;B01
201000020151;0;31;0;0;2;1;13;A01
201000020152;0;31;0;0;0;8;23;B01
201000020152;0;7;0;0;0;2;1;A01
201000020153;0;7;0;0;2;3;1;B01
201000020153;2;7;0;0;2;6;9;A01
201000020154;0;7;0;0;0;5;1;A01
201000020154;0;7;0;0;2;1;1;B01
201000020155;0;7;0;0;2;1;9;A01
201000020155;0;2;0;0;2;7;1;B01
201000020156;0;1;0;0;2;9;19;B01
201000020156;0;7;0;0;9;1;1;A01
201000020157;0;7;0;13;0;2;1;A01
201000020158;0;33;0;0;0;0;1;B01
201000020158;0;33;0;0;0;2;1;A01
201000020159;0;7;0;0;1;7;1;A01
201000020160;0;7;0;0;2;8;15;B01
201000020160;0;34;0;0;2;1;1;A01
201000020161;0;3;0;0;2;2;1;B01
201000020161;0;7;0;0;2;1;9;A01
201000020162;0;30;0;0;2;1;1;A01
201000020162;0;7;0;0;0;4;20;B01
201000020163;0;33;0;0;2;1;1;B01
201000020163;0;7;0;0;2;1;15;A01
201000020164;0;34;0;0;2;4;1;B01
201000020164;0;10;0;6;2;9;6;A01
201000020165;0;33;0;7;2;1;1;A01
201000020166;0;7;0;0;0;1;1;B01
201000020166;0;7;0;0;0;1;13;A01
201000020167;0;31;0;0;0;1;1;B01
201000020167;0;7;0;0;0;7;15;A01
201000020168;0;30;0;0;2;7;0;A01
201000020169;0;7;0;0;1;2;1;A01
201000020170;0;34;0;15;0;1;1;A01
201000020171;0;7;0;0;2;1;15;A01
201000020171;0;2;0;0;0;7;1;B01
201000020172;0;7;0;0;0;3;0;B01
201000020172;0;7;0;0;2;3;13;A01
201000020173;0;1;0;0;0;0;14;A01
201000020174;0;7;0;0;0;1;1;B01
201000020174;0;7;0;0;2;1;15;A01
201000020175;0;7;0;0;0;1;5;C01
201000020175;0;31;0;0;0;1;2;A01
201000020175;0;7;0;0;0;4;2;B01
201000020176;0;7;0;0;0;1;1;B01
201000020176;0;7;0;0;0;7;0;A01
201000020177;1;7;0;0;0;1;2;Z01
201000020177;0;1;0;0;0;1;2;B01
201000020178;0;7;0;0;0;3;1;B01
201000020178;0;7;0;0;0;3;13;A01
201000020179;0;7;0;0;2;2;1;B01
201000020179;0;7;0;0;2;1;1;A01
201000020180;1;99;0;0;0;0;0;Z01
201000020181;0;7;0;0;1;1;1;A01
201000020182;0;34;0;0;1;1;13;A01
201000020183;0;7;0;0;2;5;1;B01
201000020183;0;1;0;0;2;1;19;A01
201000020184;0;33;0;0;2;2;17;B01
201000020184;0;7;0;0;2;3;10;A01
201000020185;0;7;0;0;1;1;1;A01
201000020186;0;36;0;2;0;1;0;A01
201000020187;0;38;3;0;0;2;1;B01
201000020187;0;7;0;0;2;3;13;A01
201000020188;0;7;0;6;0;1;13;A01
201000020188;0;10;0;0;2;3;1;B01
201000020188;0;7;0;0;2;3;1;C01
201000020189;0;33;0;7;2;1;1;A01
201000020189;0;7;0;0;0;8;1;B01
201000020190;0;7;0;0;0;2;15;A01
201000020190;0;33;0;0;2;1;1;B01
201000020191;0;7;0;0;0;4;1;A01
201000020191;1;7;0;0;2;1;1;Z01
201000020192;0;33;0;7;0;7;1;A01
201000020193;0;7;0;0;0;1;13;A01
201000020193;0;33;0;0;0;1;2;B01
201000020194;0;7;0;10;0;9;1;A01
201000020195;0;33;0;0;0;7;2;A01
201000020196;0;7;0;0;0;4;2;B01
201000020196;0;7;0;0;0;1;2;A01
201000020197;0;7;0;0;0;1;1;B01
201000020197;0;7;0;0;2;1;13;A01
201000020198;0;2;0;0;1;1;9;A01
201000020199;0;2;0;0;0;7;1;A01
201000020199;1;7;0;0;2;3;13;Z01
201000020200;0;7;0;0;0;1;1;B01
201000020200;0;7;0;0;0;3;16;A01
201000020201;0;7;0;0;2;3;1;B01
201000020201;0;7;0;0;2;2;15;A01
201000020202;0;7;0;1;0;1;13;A01
201000020203;1;7;0;0;2;1;0;A01
201000020203;0;7;0;0;2;4;0;B01
201000020204;0;7;0;0;0;1;5;A01
201000020204;0;7;0;0;0;1;1;B01
201000020205;0;7;0;9;2;8;19;A01
201000020205;0;37;3;0;2;3;1;B01
201000020206;0;7;0;0;0;6;2;B01
201000020206;0;30;0;0;2;1;2;A01
201000020207;0;7;0;0;1;2;0;A01
201000020208;0;7;0;0;2;7;2;A01
201000020208;0;7;0;0;2;8;0;B01
201000020209;0;7;0;0;0;3;15;A01
201000020209;0;33;0;0;0;7;17;B01
201000020210;0;10;0;0;2;4;2;B01
201000020210;0;10;0;0;2;2;2;A01
201000020211;0;7;0;0;2;5;0;B01
201000020211;0;7;0;0;2;2;1;A01
201000020212;0;33;0;0;2;4;16;B01
201000020212;0;10;0;0;2;3;2;A01
201000020213;0;33;0;0;0;4;1;B01
201000020213;0;7;0;0;2;1;1;A01
201000020214;0;7;0;0;0;8;9;A01
201000020214;0;34;0;0;2;1;2;B01
201000020215;0;7;0;0;1;2;2;A01
201000020216;0;13;0;0;1;2;1;A01
201000020217;0;7;0;0;2;1;2;A01
201000020217;0;7;0;0;0;5;2;B01
201000020218;0;34;0;16;0;2;16;A01
201000020219;0;7;0;0;0;1;1;A01
201000020219;0;7;0;0;0;8;15;B01
201000020220;0;7;0;8;0;3;0;A01
201000020221;0;31;0;0;0;1;1;B01
201000020221;0;7;0;0;0;8;9;A01
201000020222;0;34;0;0;0;1;15;B01
201000020222;0;7;0;0;0;3;1;A01
201000020223;0;7;0;0;0;4;23;B01
201000020223;0;7;0;0;2;1;2;A01
201000020224;1;7;0;0;2;6;0;B01
201000020224;0;3;0;1;0;2;0;A01
201000020225;0;33;0;0;2;1;0;A01
201000020225;0;7;0;0;2;2;10;B01
201000020226;0;7;0;0;0;2;1;B01
201000020226;0;13;0;0;0;4;4;A01
201000020227;0;7;0;0;2;1;15;A01
201000020227;0;7;0;0;2;1;1;B01
201000020228;0;2;0;0;0;2;17;B01
201000020228;0;7;0;0;0;8;15;A01
201000020229;0;33;0;0;0;3;17;A01
201000020229;0;10;0;0;0;6;15;B01
201000020230;0;7;0;0;0;0;12;A01
201000020230;0;30;0;0;0;4;2;B01
201000020231;0;16;0;0;2;6;1;A01
201000020231;0;7;0;0;0;1;15;B01
201000020232;0;7;0;0;2;8;1;B01
201000020232;0;7;0;0;2;1;19;A01
201000020233;0;34;0;0;0;8;2;A01
201000020234;0;33;0;0;0;2;2;A01
201000020235;0;7;0;0;2;1;16;A01
201000020235;0;7;0;0;2;1;1;B01
201000020236;0;7;0;0;0;0;0;B01
201000020236;0;7;0;0;0;0;0;A01
201000020237;0;7;0;0;2;8;1;B01
201000020237;2;7;0;0;2;8;15;A01
201000020238;0;33;0;0;2;1;1;B01
201000020238;0;7;0;0;2;3;9;A01
201000020239;0;7;0;0;2;1;1;B01
201000020239;0;7;0;0;2;2;5;A01
201000020240;0;30;0;0;0;0;1;A01
201000020241;0;7;0;0;2;4;2;B01
201000020241;0;7;0;0;0;4;2;D01
201000020241;0;7;0;0;2;1;2;A01
201000020241;0;7;0;0;2;4;2;C01
201000020242;0;7;0;0;2;7;15;A01
201000020242;0;33;0;0;2;1;0;B01
201000020243;0;33;0;0;2;1;17;A01
201000020243;0;7;0;0;0;3;15;B01
201000020244;0;7;0;0;2;1;2;A01
201000020244;0;7;0;0;2;4;2;B01
201000020245;0;30;0;0;2;1;19;A01
201000020245;0;7;0;0;2;2;0;B01
201000020246;0;7;0;0;2;3;1;B01
201000020246;0;7;0;0;2;8;19;A01
201000020247;0;7;0;1;0;2;1;A01
201000020248;0;7;0;1;0;8;0;E01
201000020248;0;7;0;0;0;6;2;B01
201000020248;1;7;0;1;2;2;2;A01
201000020248;0;7;0;0;0;5;0;C01
201000020248;0;7;0;0;0;6;0;D01
201000020249;0;10;0;0;0;8;15;B01
201000020249;0;33;0;0;2;7;17;A01
201000020250;0;30;0;0;2;8;10;A01
201000020250;0;7;0;0;2;3;2;B01
201000020251;0;7;0;0;2;1;2;B01
201000020251;0;7;0;0;2;1;5;A01
201000020252;0;10;0;0;0;6;2;B01
201000020252;0;7;0;0;2;2;17;A01
201000020253;0;10;0;0;0;3;9;A01
201000020253;0;10;0;0;0;7;1;B01
201000020254;0;7;0;0;2;1;6;A01
201000020254;0;33;0;0;2;7;6;B01
201000020255;0;2;0;0;2;7;1;B01
201000020255;1;7;0;0;2;8;0;A01
201000020256;0;7;0;0;0;3;16;A01
201000020256;0;7;0;0;0;1;1;B01
201000020257;0;33;0;0;2;8;17;A01
201000020257;0;7;0;0;2;3;15;B01
201000020258;0;7;0;0;0;0;1;A01
201000020259;0;7;0;0;0;1;1;B01
201000020259;2;10;0;0;0;7;10;Z01
201000020260;0;7;0;0;2;6;19;A01
201000020260;0;7;0;0;2;1;1;B01
201000020261;0;7;0;2;0;8;1;A01
201000020262;0;7;0;0;2;4;2;E01
201000020262;0;7;0;0;2;4;2;B01
201000020262;0;7;0;0;2;4;2;C01
201000020262;0;7;0;0;2;4;2;D01
201000020262;0;7;0;0;2;1;2;A01
201000020263;0;7;0;0;2;3;10;B01
201000020263;0;31;0;0;2;3;2;A01
201000020264;0;7;0;0;2;1;2;A01
201000020264;0;7;0;0;0;6;1;B01
201000020265;0;33;0;0;2;1;1;B01
201000020265;0;7;0;0;2;8;9;A01
201000020266;0;33;0;0;2;2;17;B01
201000020266;0;7;0;0;2;8;11;A01
201000020267;0;7;0;0;2;3;0;A01
201000020267;0;7;0;0;2;3;1;B01
201000020268;0;7;0;0;2;8;13;A01
201000020268;0;34;0;0;2;2;17;B01
201000020269;0;7;0;0;1;2;1;A01
201000020270;0;7;0;0;1;8;15;A01
201000020271;0;7;0;0;0;1;2;A01
201000020271;0;7;0;0;0;4;2;B01
201000020272;0;7;0;0;2;2;2;B01
201000020272;0;7;0;1;2;4;4;A01
201000020273;0;7;0;0;2;4;2;B01
201000020273;0;7;0;0;2;1;2;A01
201000020274;0;7;0;0;2;5;11;B01
201000020274;0;7;0;0;2;1;11;A01
201000020275;0;7;0;0;2;1;2;A01
201000020275;0;7;0;0;2;4;2;B01
201000020276;0;7;0;4;0;3;13;A01
201000020277;0;33;0;0;2;1;2;A01
201000020277;0;10;0;0;0;4;2;B01
201000020278;0;7;0;0;0;4;15;A01
201000020278;0;7;0;0;2;1;2;B01
201000020279;0;33;0;0;2;0;21;A01
201000020280;0;30;0;0;2;1;16;A01
201000020280;0;7;0;0;2;1;15;B01
201000020281;0;7;0;0;2;4;2;B01
201000020281;0;7;0;0;2;4;2;C01
201000020281;0;10;0;0;2;1;2;A01
201000020281;0;7;0;0;2;4;2;D01
201000020282;0;7;0;0;0;8;9;A01
201000020282;0;7;0;0;0;1;1;B01
201000020283;0;7;0;0;0;3;1;A01
201000020283;0;7;0;0;2;4;15;B01
201000020284;0;7;0;0;0;2;16;A01
201000020284;0;1;0;0;0;6;0;B01
201000020285;1;99;0;0;0;0;0;A01
201000020286;0;7;0;0;2;1;1;B01
201000020286;0;7;0;0;2;3;1;A01
201000020287;0;1;0;0;2;0;2;B01
201000020287;1;14;0;0;9;0;2;Z01
201000020288;0;7;0;0;2;5;1;B01
201000020288;0;7;0;0;2;1;15;A01
201000020289;0;10;0;8;0;1;0;A01
201000020290;0;7;0;0;1;0;2;A01
201000020291;0;7;0;0;2;2;2;B01
201000020291;0;7;0;0;2;3;9;A01
201000020292;0;30;0;0;0;0;1;A01
201000020293;2;30;0;0;2;0;1;Z01
201000020293;0;10;0;0;9;3;15;B01
201000020294;0;7;0;0;2;1;2;B01
201000020294;0;7;0;0;2;6;2;A01
201000020295;0;7;0;0;2;2;1;B01
201000020295;0;7;0;0;2;3;15;A01
201000020296;0;7;0;0;0;1;15;A01
201000020296;0;7;0;0;0;3;1;B01
201000020297;0;7;0;0;0;0;4;A01
201000020298;0;30;0;0;1;1;17;A01
201000020299;0;7;0;0;0;5;1;B01
201000020299;0;14;0;2;0;1;9;A01
201000020300;0;2;0;0;2;1;1;B01
201000020300;0;7;0;0;2;1;15;A01
201000020301;0;7;0;8;0;3;1;A01
201000020302;0;2;0;0;2;1;5;A01
201000020302;0;7;0;0;2;3;15;B01
201000020303;0;7;0;0;1;1;16;A01
201000020304;0;7;0;0;0;1;1;A01
201000020304;0;7;0;0;0;6;1;B01
201000020305;0;7;0;12;0;1;1;A01
201000020306;0;7;0;0;2;1;1;B01
201000020306;0;7;0;0;2;6;1;A01
201000020307;0;7;0;0;0;0;1;A01
201000020308;0;7;0;0;0;4;2;C01
201000020308;0;7;0;0;2;1;1;A01
201000020308;0;7;0;0;2;6;2;B01
201000020309;0;7;0;0;2;3;1;A01
201000020309;0;32;0;0;1;4;1;B01
201000020310;0;7;0;0;2;3;1;A01
201000020310;0;7;0;0;2;3;1;B01
201000020311;0;7;0;8;0;8;1;A01
201000020312;0;7;0;0;2;1;15;C01
201000020312;0;7;0;0;2;1;15;A01
201000020312;0;7;0;0;2;3;19;B01
201000020313;0;2;0;0;0;3;15;A01
201000020313;0;7;0;0;0;1;2;B01
201000020314;0;7;0;0;2;5;15;B01
201000020314;0;7;0;0;2;1;1;A01
201000020315;0;37;0;0;1;2;1;A01
201000020316;0;7;0;0;2;4;2;B01
201000020316;0;7;0;0;2;1;2;A01
201000020317;0;7;0;0;2;8;1;B01
201000020317;0;7;0;0;2;1;1;A01
201000020318;0;7;0;0;2;1;15;A01
201000020318;0;34;0;0;2;3;1;B01
201000020319;0;32;0;14;0;1;1;A01
201000020320;0;7;0;0;2;4;2;C01
201000020320;0;7;0;0;2;1;2;A01
201000020320;0;7;0;0;2;4;2;B01
201000020321;0;7;0;0;1;1;2;A01
201000020322;0;32;0;0;2;2;19;A01
201000020322;0;7;0;0;2;2;2;B01
201000020323;0;7;0;0;2;3;15;B01
201000020323;0;30;0;0;2;1;13;A01
201000020324;1;7;0;0;1;1;2;Z01
201000020325;0;7;0;0;0;4;1;C01
201000020325;0;7;0;0;2;1;1;A01
201000020325;0;7;0;0;2;4;1;B01
201000020326;0;7;0;0;2;1;15;B01
201000020326;0;2;0;0;2;1;2;A01
201000020327;0;7;0;0;2;2;1;B01
201000020327;0;7;0;0;2;2;13;A01
201000020328;0;34;0;0;2;1;1;B01
201000020328;0;7;0;0;2;3;10;A01
201000020329;0;7;0;0;2;8;2;C01
201000020329;0;7;0;0;2;1;16;A01
201000020329;0;7;0;5;2;8;2;B01
201000020330;0;7;0;0;0;4;2;B01
201000020330;0;7;0;0;2;1;1;A01
201000020331;1;10;0;0;1;8;0;A01
201000020332;1;7;0;0;2;8;9;Z01
201000020332;0;33;0;0;2;7;0;B01
201000020333;2;7;0;0;2;1;1;A01
201000020333;0;7;0;0;2;3;1;C01
201000020333;0;7;0;0;2;3;1;B01
201000020334;1;7;0;0;1;1;1;A01
201000020335;1;7;0;0;2;8;13;A01
201000020335;0;7;0;0;2;8;1;B01
201000020336;1;7;0;0;1;0;1;Z01
201000020337;0;7;0;0;2;4;23;B01
201000020337;1;7;0;0;2;1;1;A01
201000020338;1;7;0;0;2;0;1;A01
201000020338;0;33;0;0;2;0;1;B01
201000020339;0;33;0;0;2;0;1;B01
201000020339;1;7;0;0;2;0;0;Z01
201000020340;0;7;0;0;2;4;23;B01
201000020340;1;7;0;0;2;1;1;Z01
201000020341;1;7;0;0;2;0;14;Z01
201000020341;0;30;0;0;2;0;1;B01
201000020342;0;7;0;0;2;6;0;A01
201000020342;0;33;0;0;2;2;0;B01
201000020343;0;7;0;0;1;2;1;A01
201000020344;0;7;0;0;2;2;2;B01
201000020344;0;2;0;0;2;1;2;A01
201000020345;0;32;0;0;0;1;0;A01
201000020345;0;7;0;0;0;5;0;B01
201000020346;0;7;0;0;1;1;1;A01
201000020347;0;2;0;0;1;1;0;A01
201000020348;0;32;0;0;2;7;17;A01
201000020348;0;7;0;0;2;6;15;B01
201000020349;0;7;0;0;2;4;1;B01
201000020349;0;33;0;0;2;1;21;A01
201000020350;2;7;0;0;2;1;1;A01
201000020350;0;7;0;0;2;1;5;B01
201000020351;0;10;0;0;1;1;2;A01
201000020352;0;7;0;0;0;8;20;A01
201000020352;0;14;0;0;0;2;1;B01
201000020353;0;30;0;0;2;0;0;B01
201000020353;0;7;0;0;2;1;0;A01
201000020354;1;7;0;0;1;0;0;Z01
201000020355;0;7;0;0;1;3;2;A01
201000020356;0;7;0;0;2;1;0;A01
201000020356;0;7;0;0;2;3;0;B01
201000020357;0;30;0;0;2;7;17;B01
201000020357;0;7;0;0;2;1;9;A01
201000020358;0;7;0;0;2;1;2;B01
201000020358;0;7;0;0;2;4;2;A01
201000020359;0;32;0;0;2;3;1;B01
201000020359;0;7;0;0;2;2;10;A01
201000020360;0;1;0;0;0;4;1;B01
201000020360;0;7;0;0;2;3;1;A01
201000020361;0;7;0;0;2;2;15;A01
201000020361;0;33;0;0;2;1;1;B01
201000020362;0;7;0;0;2;3;15;B01
201000020362;0;33;0;0;2;1;17;A01
201000020363;0;33;0;0;2;0;1;B01
201000020363;1;7;0;0;2;0;9;Z01
201000020364;0;7;0;1;2;5;1;B01
201000020364;0;7;0;0;2;1;1;A01
201000020365;0;7;0;0;1;1;2;A01
201000020366;0;7;0;1;0;1;15;A01
201000020367;0;7;0;0;2;6;13;A01
201000020367;0;31;0;0;2;7;1;B01
201000020368;0;7;0;0;2;4;16;B01
201000020368;0;7;0;0;2;1;16;A01
201000020369;0;7;0;0;2;4;1;B01
201000020369;1;7;0;0;2;1;1;A01
201000020370;0;7;0;0;2;1;2;A01
201000020370;0;7;0;0;2;4;2;B01
201000020371;0;7;0;0;2;1;1;A01
201000020371;0;7;0;0;2;4;1;B01
201000020371;0;99;0;0;2;4;1;C01
201000020372;0;10;0;0;2;1;5;A01
201000020372;0;7;0;0;2;3;1;B01
201000020373;0;7;0;0;2;3;9;A01
201000020373;0;34;0;0;2;2;1;B01
201000020374;0;7;0;0;2;5;2;B01
201000020374;0;7;0;0;2;1;2;A01
201000020375;1;17;0;0;2;1;1;Z01
201000020375;0;7;0;0;2;4;23;B01
201000020376;0;7;0;0;0;4;1;B01
201000020376;0;34;0;0;0;1;2;A01
201000020377;1;2;0;0;0;1;0;A01
201000020378;0;7;0;0;2;0;1;A01
201000020378;0;30;0;0;1;0;1;B01
201000020379;0;7;0;0;0;2;15;A01
201000020379;0;7;0;0;2;1;1;B01
201000020380;0;30;0;0;0;1;1;A01
201000020380;0;7;0;0;0;3;1;B01
201000020381;1;7;0;0;1;0;1;Z01
201000020382;0;7;0;8;0;6;1;A01