num_acc;senc;catv;occutc;obs;obsm;choc;manv;num_veh
201000020383;0;7;0;0;2;3;9;A01
201000020383;0;33;0;0;2;1;0;B01
201000020384;0;10;0;0;2;1;1;A01
201000020384;0;7;0;0;2;5;21;B01
201000020385;0;99;0;0;0;1;0;A01
201000020385;0;7;0;0;0;4;0;B01
201000020386;1;7;0;0;1;4;4;Z01
201000020387;0;30;0;0;2;1;1;A01
201000020387;0;7;0;0;2;8;1;B01
201000020388;0;7;0;0;1;2;1;A01
201000020389;0;30;0;0;1;0;1;A01
201000020390;0;7;0;0;0;1;2;B01
201000020390;0;7;0;0;0;4;2;A01
201000020391;0;7;0;0;0;4;0;A01
201000020391;0;7;0;0;2;1;0;B01
201000020392;0;7;0;0;2;5;2;B01
201000020392;0;31;0;0;2;1;2;A01
201000020393;0;7;0;0;1;6;10;A01
201000020394;0;7;0;0;1;3;1;A01
201000020395;0;30;0;0;2;1;3;A01
201000020395;0;7;0;0;2;5;15;B01
201000020396;0;7;0;1;1;3;15;A01
201000020397;0;7;0;0;2;3;2;B01
201000020397;0;33;0;0;2;2;3;A01
201000020398;1;7;0;0;2;0;1;Z01
201000020398;0;34;0;0;2;0;1;B01
201000020399;0;7;0;0;2;1;15;A01
201000020399;0;30;0;0;2;1;21;B01
201000020400;0;33;0;0;1;1;1;A01
201000020401;0;7;0;0;2;2;15;A01
201000020401;0;31;0;0;2;1;1;B01
201000020402;0;32;0;14;0;1;1;A01
201000020403;0;30;0;12;0;1;17;A01
201000020403;0;10;0;0;0;8;1;B01
201000020404;0;30;0;0;2;0;0;A01
201000020404;0;7;0;0;2;0;0;B01
201000020405;0;7;0;6;0;2;6;A01
201000020406;0;2;0;0;2;7;17;B01
201000020406;0;7;0;0;2;8;15;A01
201000020407;0;13;0;0;1;1;1;A01
201000020408;0;31;0;0;2;7;1;A01
201000020408;0;7;0;0;2;1;15;B01
201000020409;0;7;0;0;2;3;19;A01
201000020409;0;33;0;0;2;7;1;B01
201000020410;0;7;0;0;1;3;1;A01
201000020411;0;2;0;0;1;1;1;A01
201000020412;0;7;0;0;0;1;1;A01
201000020412;0;7;0;0;0;6;1;B01
201000020413;0;7;0;0;2;3;15;A01
201000020413;0;33;0;0;2;1;2;B01
201000020414;0;7;0;0;2;3;1;A01
201000020414;0;34;0;0;2;7;16;B01
201000020415;0;32;0;0;0;1;17;B01
201000020415;0;7;0;0;0;3;15;A01
201000020416;0;7;0;0;2;1;1;A01
201000020416;0;7;0;0;9;3;1;B01
201000020417;0;7;0;0;2;1;1;B01
201000020417;0;31;0;0;2;1;15;A01
201000020418;0;7;0;0;1;1;1;A01
201000020419;0;7;0;0;2;8;9;A01
201000020419;0;7;0;0;2;2;9;B01
201000020420;0;10;0;0;1;7;1;A01
201000020421;0;7;0;0;2;2;0;B01
201000020421;0;37;0;0;2;3;0;C01
201000020421;0;32;0;0;2;3;0;A01
201000020422;0;7;0;0;2;3;15;B01
201000020422;0;30;0;0;2;0;17;A01
201000020423;0;7;0;0;0;3;1;A01
201000020423;2;7;0;0;2;0;13;Z01
201000020424;0;3;0;0;1;1;0;A01
201000020425;0;7;0;0;2;3;15;A01
201000020425;0;30;0;0;2;2;1;B01
201000020426;0;32;0;0;1;1;0;A01
201000020427;0;7;0;0;0;8;15;B01
201000020427;0;34;0;0;2;3;0;A01
201000020428;0;37;0;0;2;2;2;A01
201000020428;0;7;0;0;2;6;2;B01
201000020429;0;31;0;0;1;8;1;A01
201000020430;0;7;0;1;0;0;17;A01
201000020431;0;30;0;0;2;1;2;A01
201000020431;0;7;0;0;0;6;15;B01
201000020432;0;10;0;0;2;8;23;A01
201000020432;0;30;0;0;2;1;17;B01
201000020433;0;7;0;0;1;1;0;A01
201000020434;0;32;0;0;1;1;1;A01
201000020435;1;30;0;0;1;1;17;Z01
201000020436;0;34;0;1;2;0;0;B01
201000020436;1;7;0;0;2;0;0;Z01
201000020437;0;7;0;0;1;8;1;A01
201000020438;0;30;0;0;2;1;2;A01
201000020438;0;7;0;0;2;4;2;B01
201000020439;0;33;0;0;0;1;0;B01
201000020439;0;7;0;0;0;3;15;A01
201000020440;0;33;0;14;0;1;0;A01
201000020441;0;13;0;0;2;1;2;A01
201000020441;0;7;0;0;2;4;2;C01
201000020441;0;7;0;0;2;4;2;B01
201000020442;0;7;0;0;2;7;15;A01
201000020442;0;31;0;0;2;1;17;B01
201000020443;0;7;0;0;2;3;15;A01
201000020443;0;30;0;0;2;1;1;B01
201000020444;0;7;0;0;2;3;15;A01
201000020444;0;32;0;0;2;7;2;B01
201000020445;0;7;0;0;2;8;1;B01
201000020445;0;37;1;0;2;1;1;A01
201000020445;0;37;1;0;2;3;23;C01
201000020446;0;7;0;0;0;3;15;B01
201000020446;0;30;0;0;0;1;1;A01
201000020447;0;7;0;0;0;0;0;A01
201000020447;0;32;0;0;2;0;0;B01
201000020448;0;33;0;0;2;7;1;B01
201000020448;0;7;0;0;2;3;11;A01
201000020449;0;7;0;0;2;3;2;A01
201000020449;0;99;0;0;2;2;8;B01
201000020450;0;34;0;0;1;1;1;A01
201000020451;0;7;0;0;0;2;1;A01
201000020452;0;7;0;0;2;3;1;B01
201000020452;0;30;0;0;2;2;16;A01
201000020453;0;7;0;0;1;2;1;A01
201000020454;0;30;0;0;2;0;2;A01
201000020454;0;7;0;0;2;1;1;B01
201000020455;0;33;0;1;1;3;0;A01
201000020456;0;7;0;0;2;1;2;A01
201000020456;0;7;0;0;2;4;1;B01
201000020457;0;7;0;0;2;1;2;A01
201000020457;0;7;0;0;0;4;9;B01
201000020458;0;7;0;0;2;6;2;B01
201000020458;0;14;0;0;2;3;12;A01
201000020459;0;7;0;0;1;1;0;A01
201000020460;0;7;0;0;2;0;0;A01
201000020460;0;7;0;0;2;0;0;B01
201000020461;0;7;0;0;1;1;15;A01
201000020462;0;7;0;0;2;1;5;A01
201000020462;0;7;0;0;2;1;1;B01
201000020463;0;7;0;14;2;1;15;A01
201000020463;0;1;0;0;2;1;19;B01
201000020464;1;31;0;0;1;0;1;Z01
201000020465;0;7;0;8;0;1;1;A01
201000020466;0;32;0;0;0;7;16;A01
201000020467;0;1;0;0;1;1;7;A01
201000020468;0;7;0;0;0;4;15;C01
201000020468;0;7;0;0;2;2;9;A01
201000020469;0;7;0;0;2;4;1;B01
201000020469;0;30;0;0;2;1;1;A01
201000020470;0;7;0;0;0;4;1;B01
201000020470;0;1;0;0;2;1;1;A01
201000020471;0;7;0;0;2;1;1;A01
201000020471;0;33;0;0;2;4;23;B01
201000020472;0;2;0;0;2;0;1;B01
201000020472;0;7;0;0;2;0;15;A01
201000020473;0;10;0;6;0;2;0;A01
201000020474;0;1;0;0;2;8;19;A01
201000020474;0;37;20;0;9;1;8;B01
201000020475;0;7;0;0;2;7;1;A01
201000020475;0;37;40;0;2;3;1;B01
201000020476;0;7;0;0;2;2;1;A01
201000020476;0;7;0;0;2;1;1;B01
201000020477;0;7;0;0;2;1;2;A01
201000020477;0;33;0;0;2;4;16;B01
201000020478;0;7;0;0;2;3;2;A01
201000020478;0;7;0;0;2;2;2;B01
201000020479;0;7;0;0;0;2;1;A01
201000020479;0;33;0;0;0;6;1;B01
201000020480;1;7;0;0;2;3;0;Z01
201000020480;0;7;0;0;2;1;0;B01
201000020481;0;30;0;0;2;7;15;B01
201000020481;0;7;0;0;2;3;9;A01
201000020482;1;7;0;0;2;0;2;Z01
201000020482;0;7;0;0;2;7;2;A01
201000020482;0;7;0;0;2;8;0;B01
201000020483;0;33;0;0;1;1;1;A01
201000020484;0;7;0;0;1;8;1;A01
201000020485;0;34;0;0;2;1;1;B01
201000020485;0;7;0;0;2;3;9;A01
201000020486;0;7;0;0;2;1;2;A01
201000020486;0;7;0;0;2;3;16;B01
201000020487;0;31;0;0;1;1;2;A01
201000020488;0;7;0;0;2;1;19;B01
201000020488;0;7;0;0;2;7;19;A01
201000020489;0;10;0;0;1;5;0;A01
201000020490;0;30;0;0;2;1;2;A01
201000020490;0;7;0;0;0;4;1;B01
201000020491;0;7;0;0;2;2;1;A01
201000020491;0;7;0;0;2;4;1;B01
201000020492;0;7;0;0;2;2;15;A01
201000020492;0;34;0;0;2;1;1;B01
201000020493;0;7;0;14;0;1;23;A01
201000020493;0;7;0;0;0;4;23;C01
201000020493;0;7;0;14;0;4;23;B01
201000020494;0;7;0;0;2;2;10;A01
201000020494;0;7;0;0;2;1;1;B01
201000020495;0;7;0;0;2;3;15;B01
201000020495;2;32;0;0;2;1;0;A01
201000020496;0;7;0;0;2;1;0;A01
201000020496;0;33;0;0;2;1;0;B01
201000020497;0;7;0;0;0;2;12;B01
201000020497;0;32;0;0;0;3;0;A01
201000020498;0;7;0;1;1;6;0;A01
201000020499;0;10;0;6;0;1;1;A01
201000020500;0;37;0;0;1;8;0;A01
201000020501;0;7;0;0;2;3;2;B01
201000020501;0;7;0;0;2;1;15;A01
201000020502;0;7;0;0;2;8;2;A01
201000020502;0;7;0;0;2;1;2;B01
201000020503;0;7;0;0;2;6;1;B01
201000020503;0;7;0;0;2;2;15;A01
201000020504;0;7;0;0;2;4;1;B01
201000020504;0;7;0;0;2;2;1;A01
201000020505;0;7;0;0;2;2;9;A01
201000020505;0;2;0;0;2;1;1;B01
201000020506;0;7;0;0;9;2;17;A01
201000020506;0;1;0;0;2;0;1;B01
201000020507;0;7;0;0;0;4;0;A01
201000020507;0;7;0;0;0;4;0;B01
201000020508;0;7;0;0;1;2;1;A01
201000020509;0;7;0;0;2;8;0;B01
201000020509;0;30;0;0;2;1;0;A01
201000020510;0;7;0;10;0;1;2;A01
201000020511;0;7;0;0;0;4;0;A01
201000020512;0;7;0;0;1;1;0;A01
201000020513;0;10;0;0;2;3;9;A01
201000020513;0;33;0;0;2;1;1;B01
201000020514;0;7;0;0;2;1;5;A01
201000020514;0;30;0;0;2;1;1;B01
201000020515;0;32;0;6;0;1;1;A01
201000020516;0;32;0;0;2;7;1;B01
201000020516;0;7;0;0;2;0;15;A01
201000020517;0;7;0;1;2;2;0;A01
201000020517;1;7;0;0;2;1;0;Z01
201000020518;0;7;0;0;2;3;19;A01
201000020518;0;7;0;0;2;2;1;B01
201000020519;1;7;0;0;1;0;0;Z01
201000020520;1;7;0;0;1;4;4;Z01
201000020521;0;7;0;0;2;3;9;A01
201000020521;0;32;0;0;2;0;1;B01
201000020522;1;7;0;0;1;4;4;Z01
201000020523;1;7;0;0;1;0;0;Z01
201000020524;0;7;0;1;2;2;0;E01
201000020524;0;7;0;0;2;9;0;D01
201000020524;0;7;0;0;2;9;0;B01
201000020524;0;17;0;0;2;8;0;A01
201000020524;0;7;0;0;2;2;0;C01
201000020525;0;7;0;8;0;7;0;A01
201000020526;0;7;0;1;0;1;0;A01
201000020527;0;7;0;0;1;4;0;A01
201000020528;1;7;0;0;1;1;1;A01
201000020529;0;33;0;0;2;8;0;B01
201000020529;0;7;0;0;2;3;0;A01
201000020530;0;7;0;0;2;3;15;B01
201000020530;0;2;0;0;2;1;0;A01
201000020531;0;7;0;0;1;3;16;A01
201000020532;0;7;0;0;1;2;0;A01
201000020533;0;7;0;0;0;4;0;B01
201000020533;0;7;0;1;0;1;0;A01
201000020533;0;7;0;1;0;5;0;C01
201000020534;0;32;0;9;2;1;0;B01
201000020534;0;7;0;0;2;3;0;A01
201000020535;0;7;0;0;2;1;0;A01
201000020535;0;7;0;0;2;3;0;B01
201000020536;0;7;0;0;1;1;0;A01
201000020537;0;37;0;0;2;2;0;A01
201000020537;0;7;0;0;0;4;0;B01
201000020538;0;2;0;0;1;1;0;A01
201000020539;0;30;0;0;2;2;0;B01
201000020539;1;7;0;0;0;8;0;Z01
201000020539;0;30;0;0;2;0;0;A01
201000020539;0;7;0;0;2;0;0;C01
201000020540;1;7;0;0;1;0;1;Z01
201000020541;0;32;0;0;2;3;0;B01
201000020541;0;7;0;0;2;2;0;A01
201000020542;0;7;0;0;0;4;0;C01
201000020542;0;7;0;0;2;1;0;A01
201000020542;0;7;0;0;2;4;0;B01
201000020543;0;30;0;0;2;1;0;A01
201000020543;0;7;0;0;2;2;0;B01
201000020544;0;7;0;0;2;4;0;C01
201000020544;0;7;0;1;2;4;0;D01
201000020544;0;7;0;0;2;4;0;B01
201000020544;0;7;0;0;2;1;0;A01
201000020545;0;7;0;0;1;2;0;A01
201000020546;0;7;0;1;0;1;0;A01
201000020546;0;7;0;0;0;4;2;B01
201000020547;0;37;0;0;2;1;0;B01
201000020547;0;13;0;0;2;2;0;A01
201000020548;0;33;0;0;0;0;1;A01
201000020549;0;2;0;0;2;1;1;B01
201000020549;0;7;0;0;2;2;9;A01
201000020550;0;7;0;1;2;2;5;A01
201000020550;0;7;0;0;2;2;1;B01
201000020551;0;7;0;0;2;3;0;B01
201000020551;0;31;0;0;2;5;0;A01
201000020552;0;7;0;0;2;1;0;A01
201000020552;0;7;0;0;2;4;0;C01
201000020552;0;7;0;0;2;9;0;B01
201000020553;0;31;0;0;2;1;0;B01
201000020553;0;7;0;0;2;3;0;A01
201000020554;0;7;0;0;0;1;0;A01
201000020554;0;7;0;0;0;8;0;B01
201000020555;0;10;0;0;2;1;0;A01
201000020555;0;7;0;0;2;4;0;B01
201000020556;0;7;0;14;2;3;0;B01
201000020556;0;7;0;0;2;2;0;A01
201000020557;0;33;0;0;1;1;17;A01
201000020558;0;7;0;0;2;4;16;B01
201000020558;1;7;0;1;2;1;2;Z01
201000020559;1;7;0;0;1;1;1;Z01
201000020560;0;2;0;0;2;0;0;A01
201000020560;1;7;0;0;2;1;0;Z01
201000020561;1;7;0;1;1;1;0;Z01
201000020562;0;13;0;0;2;7;2;B01
201000020562;0;37;1;0;2;4;0;C01
201000020562;0;7;0;0;2;1;0;A01
201000020563;1;7;0;0;1;1;0;Z01
201000020564;0;33;0;0;2;0;0;B01
201000020564;1;7;0;0;0;0;0;Z01
201000020565;0;7;0;0;0;8;1;B01
201000020565;0;7;0;0;2;1;1;A01
201000020566;0;7;0;0;2;1;0;A01
201000020566;0;7;0;0;2;4;0;B01
201000020567;0;7;0;2;0;4;0;B01
201000020567;0;7;0;0;0;7;0;A01
201000020568;0;14;0;0;2;0;2;B01
201000020568;0;30;0;0;2;0;1;A01
201000020569;0;7;0;0;1;3;1;A01
201000020570;0;7;0;1;0;0;0;B01
201000020570;0;33;0;0;0;8;0;A01
201000020571;0;7;0;0;2;8;13;B01
201000020571;0;2;0;0;2;1;1;A01
201000020572;0;7;0;0;1;3;1;A01
201000020573;0;15;0;0;2;1;2;B01
201000020573;0;7;0;0;2;4;2;A01
201000020574;0;2;0;0;0;0;21;A01
201000020574;0;7;0;0;0;0;15;B01
201000020575;0;7;0;0;2;8;13;A01
201000020575;0;2;0;0;2;1;17;B01
201000020576;0;7;0;0;2;1;2;A01
201000020576;0;7;0;0;2;4;15;B01
201000020577;0;7;0;0;2;3;0;A01
201000020577;0;2;0;0;2;4;0;B01
201000020578;0;14;0;0;2;1;0;A01
201000020578;0;7;0;0;2;4;0;B01
201000020579;0;32;0;0;0;0;0;A01
201000020579;0;7;0;0;0;0;0;B01
201000020580;0;7;0;0;2;2;0;A01
201000020580;0;7;0;0;0;4;0;B01
201000020581;0;32;0;0;1;6;0;A01
201000020582;0;7;0;0;2;1;0;B01
201000020582;0;7;0;0;2;1;0;A01
201000020583;0;7;0;0;1;3;1;A01
201000020584;0;7;0;0;0;8;0;B01
201000020584;0;7;0;0;2;1;0;A01
201000020585;0;7;0;1;1;7;0;A01
201000020586;0;7;0;0;0;3;11;A01
201000020586;0;32;0;0;2;7;17;B01
201000020587;0;32;0;1;2;1;0;B01
201000020587;0;7;0;0;2;2;0;A01
201000020588;0;34;0;1;1;1;2;A01
201000020589;0;30;0;0;2;1;17;A01
201000020589;0;7;0;0;2;3;1;B01
201000020590;0;7;0;0;1;2;0;A01
201000020591;0;13;0;0;1;1;0;A01
201000020592;0;34;0;0;2;1;0;A01
201000020592;1;7;0;1;0;0;0;Z01
201000020593;0;1;0;0;2;7;0;B01
201000020593;0;7;0;0;2;1;0;A01
201000020594;0;30;0;0;2;1;1;B01
201000020594;0;7;0;0;2;3;15;A01
201000020595;0;7;0;0;2;1;0;A01
201000020595;0;7;0;0;0;4;0;B01
201000020596;0;7;0;0;0;3;0;A01
201000020596;1;33;0;1;0;1;0;Z01
201000020597;1;7;0;0;0;3;0;Z01
201000020598;0;7;0;0;2;4;0;B01
201000020598;1;7;0;0;2;1;0;Z01
201000020599;0;7;0;1;2;8;24;C01
201000020599;0;7;0;0;2;8;15;A01
201000020599;0;34;0;0;2;2;17;B01
201000020600;0;7;0;0;2;7;1;B01
201000020600;0;7;0;0;0;8;0;A01
201000020601;0;33;0;0;2;1;1;B01
201000020601;0;99;0;0;2;6;0;A01
201000020602;1;7;0;0;1;0;15;Z01
201000020603;0;33;0;0;0;1;1;A01
201000020603;0;7;0;0;0;6;13;B01
201000020604;0;7;0;0;2;7;0;B01
201000020604;0;32;0;0;2;1;0;A01
201000020605;0;2;0;0;1;1;17;A01
201000020606;0;7;0;0;2;1;9;A01
201000020606;0;7;0;0;2;2;1;B01
201000020607;0;30;0;0;2;4;15;B01
201000020607;0;7;0;0;2;1;0;A01
201000020608;1;7;0;0;1;4;4;A01
201000020609;1;7;0;0;2;0;0;Z01
201000020609;0;32;0;0;2;1;1;A01
201000020610;0;7;0;0;1;2;1;A01
201000020611;1;7;0;0;2;1;0;Z01
201000020611;0;7;0;0;2;4;0;B01
201000020612;0;7;0;0;1;1;1;A01
201000020613;0;30;0;0;2;3;0;B01
201000020613;1;7;0;0;2;7;0;Z01
201000020614;0;7;0;0;2;2;2;A01
201000020614;0;7;0;0;2;4;9;B01
201000020615;0;7;0;1;2;1;1;B01
201000020615;0;7;0;6;2;7;1;A01
201000020616;0;7;0;0;2;3;15;A01
201000020616;0;2;0;0;2;1;2;B01
201000020617;0;7;0;0;2;1;1;A01
201000020617;0;2;0;0;2;1;0;B01
201000020618;1;30;0;0;1;0;1;Z01
201000020619;0;1;0;0;0;2;1;B01
201000020619;0;7;0;0;0;3;0;A01
201000020620;0;7;0;9;0;3;0;A01
201000020621;0;7;0;0;2;3;15;A01
201000020621;0;32;0;0;2;8;1;B01
201000020622;0;7;0;0;2;7;16;B01
201000020622;0;7;0;3;2;3;1;A01
201000020623;0;7;0;0;2;1;2;A01
201000020623;0;7;0;0;2;4;2;B01
201000020623;0;7;0;0;2;4;2;C01
201000020623;0;7;0;0;2;4;2;D01
201000020624;0;7;0;0;1;1;1;A01
201000020625;0;7;0;1;2;8;1;B01
201000020625;1;7;0;0;2;7;14;Z01
201000020626;0;1;0;0;2;1;1;B01
201000020626;1;10;0;0;2;0;0;Z01
201000020627;0;7;0;0;2;4;0;A01
201000020627;0;32;0;0;2;7;0;B01
201000020628;0;10;0;0;2;4;4;A01
201000020628;0;30;0;0;2;1;1;B01
201000020629;0;7;0;0;2;6;0;A01
201000020629;0;32;0;0;2;1;0;B01
201000020630;0;7;0;0;2;1;15;A01
201000020630;0;7;0;0;2;1;1;B01
201000020631;0;7;0;0;2;3;2;A01
201000020631;0;7;0;0;2;6;1;C01
201000020631;0;32;0;0;2;4;17;B01
201000020632;0;7;0;0;2;7;1;A01
201000020632;0;7;0;0;2;1;1;B01
201000020633;0;7;0;0;0;3;0;A01
201000020633;0;7;0;0;0;3;0;C01
201000020633;0;30;0;0;2;1;0;B01
201000020634;0;7;0;0;1;7;2;A01
201000020635;0;7;0;0;2;2;0;B01
201000020635;0;7;0;0;2;1;0;A01
201000020636;0;3;0;0;2;3;19;A01
201000020636;0;31;0;0;2;1;0;B01
201000020637;0;10;0;0;2;1;2;A01
201000020637;0;7;0;0;0;4;2;B01
201000020638;0;7;0;0;2;2;2;A01
201000020638;0;7;0;0;2;5;2;B01
201000020639;0;7;0;0;1;5;1;A01
201000020640;0;7;0;0;2;1;2;A01
201000020640;0;7;0;0;2;5;23;B01
201000020641;0;14;0;0;0;1;1;A01
201000020642;0;7;0;0;0;3;5;A01
201000020642;0;7;0;0;0;4;2;B01
201000020643;1;7;0;0;9;0;0;Z01
201000020643;0;2;0;0;2;1;0;B01
201000020644;0;7;0;0;2;3;15;A01
201000020644;0;32;0;0;2;1;3;B01
201000020645;0;7;0;0;2;6;0;B01
201000020645;0;2;0;1;2;1;0;A01
201000020646;0;7;0;0;1;1;1;A01
201000020647;0;7;0;0;0;3;1;A01
201000020647;0;7;0;0;0;6;1;B01
201000020648;0;7;0;0;2;8;11;A01
201000020648;0;33;0;0;2;1;1;B01
201000020649;0;2;0;0;2;1;2;B01
201000020649;0;7;0;0;0;5;15;A01
201000020650;0;7;0;0;2;3;1;A01
201000020650;0;33;0;0;2;2;1;B01
201000020651;0;7;0;0;2;1;0;A01
201000020651;0;7;0;0;0;4;0;B01
201000020652;0;7;0;0;0;1;24;B01
201000020652;0;7;0;0;0;1;2;A01
201000020653;0;7;0;0;1;2;1;A01
201000020654;0;2;0;0;0;7;2;B01
201000020654;0;20;0;0;0;0;2;A01
201000020655;0;14;0;0;2;2;0;A01
201000020655;0;7;0;1;2;0;0;B01
201000020656;0;7;0;0;2;1;2;A01
201000020656;0;7;0;0;2;4;2;B01
201000020656;0;7;0;0;2;4;2;C01
201000020657;0;7;0;0;2;2;15;A01
201000020657;0;1;0;0;2;1;1;B01
201000020658;0;7;0;0;1;1;1;A01
201000020659;2;7;0;0;2;1;2;Z01
201000020659;0;7;0;0;0;4;0;A01
201000020659;0;7;0;0;0;4;0;B01
201000020660;0;7;0;0;2;1;2;A01
201000020660;0;7;0;0;0;6;2;B01
201000020661;0;7;0;0;1;4;4;A01
201000020662;0;7;0;0;0;0;9;A01
201000020662;0;31;0;0;0;0;1;B01
201000020663;0;7;0;0;2;1;9;A01
201000020663;0;34;0;0;2;7;9;B01
201000020664;0;7;0;0;0;1;1;B01
201000020664;0;7;0;0;0;4;1;D01
201000020664;0;7;0;0;0;1;1;A01
201000020664;0;7;0;0;0;4;1;C01
201000020665;0;7;0;0;0;0;0;B01
201000020665;0;7;0;0;2;1;0;A01
201000020666;0;32;0;1;0;7;14;A01
201000020666;0;7;0;0;0;8;1;B01
201000020667;0;7;0;0;1;3;0;A01
201000020668;1;7;0;0;0;0;0;A01
201000020669;0;2;0;0;0;7;17;B01
201000020669;0;7;0;0;0;3;13;A01
201000020670;0;37;15;0;2;2;1;A01
201000020670;0;7;0;0;2;1;1;B01
201000020671;0;32;0;0;1;1;1;A01
201000020672;0;30;0;0;2;7;17;A01
201000020672;0;7;0;0;2;8;2;B01
201000020673;0;31;0;0;2;1;17;A01
201000020673;0;7;0;0;2;6;15;B01
201000020674;0;10;0;0;2;7;15;B01
201000020674;0;30;0;0;2;8;18;A01
201000020675;0;20;0;0;1;0;22;A01
201000020676;0;34;0;0;2;1;8;A01
201000020676;0;7;0;0;0;0;15;B01
201000020677;0;7;0;0;2;5;0;A01
201000020677;0;34;0;0;2;1;0;B01
201000020678;0;7;0;0;2;3;1;B01
201000020678;0;30;0;0;2;1;1;A01
201000020679;0;7;0;0;2;4;1;B01
201000020679;0;7;0;0;2;1;2;A01
201000020680;0;33;0;0;2;8;5;A01
201000020680;0;7;0;0;2;8;1;B01
201000020681;0;7;0;0;0;3;15;A01
201000020681;0;31;0;0;0;1;1;B01
201000020682;0;7;0;0;0;0;9;B01
201000020682;0;30;0;0;0;8;1;A01
201000020683;0;7;0;0;2;1;1;B01
201000020683;0;7;0;0;2;1;17;A01
201000020684;0;7;0;1;0;3;1;A01
201000020685;0;33;0;11;2;8;18;A01
201000020685;0;7;0;0;2;7;16;B01
201000020686;0;7;0;0;2;3;0;A01
201000020686;0;32;0;0;2;1;0;B01
201000020687;0;30;0;0;2;2;1;B01
201000020687;1;2;0;0;2;1;1;Z01
201000020688;1;7;0;1;2;1;1;Z01
201000020688;0;33;0;0;2;1;0;B01
201000020689;0;7;0;0;2;1;2;A01
201000020689;0;7;0;0;2;4;1;B01
201000020690;0;32;0;0;0;0;1;A01
201000020691;0;7;0;0;2;1;20;A01
201000020691;0;31;0;0;2;1;1;B01
201000020692;1;7;0;0;2;3;0;Z01
201000020692;0;99;0;0;2;3;1;B01
201000020693;1;30;0;0;1;0;0;Z01
201000020694;0;2;0;0;2;6;2;A01
201000020694;0;7;0;0;0;6;10;B01
201000020695;0;32;0;15;1;0;0;A01
201000020696;0;2;0;0;0;0;0;B01
201000020696;0;7;0;0;0;0;0;A01
201000020697;0;7;0;0;1;2;0;A01
201000020698;0;30;0;0;2;1;0;B01
201000020698;0;7;0;0;2;6;0;A01
201000020699;0;7;0;0;0;3;0;A01
201000020699;0;33;0;0;2;1;0;B01
201000020700;0;7;0;0;1;6;0;A01
201000020701;0;7;0;1;0;2;0;A01
201000020702;0;33;0;0;2;1;0;A01
201000020702;0;7;0;0;2;7;0;B01
201000020703;0;7;0;0;1;1;0;A01
201000020704;0;7;0;8;0;0;1;A01
201000020705;0;14;0;1;2;7;0;A01
201000020705;0;7;0;7;2;8;0;B01
201000020706;0;7;0;0;2;1;0;A01
201000020706;0;7;0;0;2;1;0;B01
201000020707;0;15;0;0;2;1;2;A01
201000020707;0;7;0;0;0;4;23;B01
201000020708;1;7;0;0;2;1;1;Z01
201000020708;0;30;0;0;2;4;1;B01
201000020709;0;30;0;0;2;3;1;B01
201000020709;1;7;0;0;2;2;12;Z01
201000020710;0;30;0;0;2;1;1;B01
201000020710;1;7;0;0;2;1;1;Z01
201000020711;0;7;0;0;2;3;1;B01
201000020711;0;7;0;0;0;1;1;A01
201000020712;0;7;0;0;2;4;1;B01
201000020712;1;7;0;1;2;1;1;Z01
201000020713;1;32;0;0;1;1;17;Z01
201000020714;1;33;0;0;2;0;12;Z01
201000020714;0;32;0;0;2;0;1;B01
201000020715;0;32;0;0;0;4;0;B01
201000020715;1;7;0;1;2;1;0;Z01
201000020716;0;7;0;0;2;3;15;B01
201000020716;0;7;0;1;2;1;17;A01
201000020717;0;7;0;0;1;3;15;A01
201000020718;0;33;0;12;2;2;1;B01
201000020718;0;7;0;0;2;7;16;A01
201000020719;0;34;0;0;2;1;0;B01
201000020719;0;7;0;0;2;7;0;A01
201000020720;0;7;0;0;0;8;1;A01
201000020720;2;7;0;0;0;3;0;Z01
201000020721;0;32;0;0;0;0;0;A01
201000020722;0;32;0;0;1;2;0;A01
201000020723;0;7;0;0;2;1;2;C01
201000020723;0;7;0;0;2;1;2;B01
201000020723;0;7;0;0;2;4;2;A01
201000020724;0;34;0;0;2;1;2;B01
201000020724;0;7;0;0;2;1;15;A01
201000020725;0;7;0;0;0;1;2;A01
201000020725;0;32;0;0;2;4;2;B01
201000020726;0;2;0;0;2;1;0;B01
201000020726;0;7;0;0;2;1;10;A01
201000020727;0;31;0;1;0;8;0;A01
201000020728;0;7;0;0;1;1;0;A01
201000020729;0;13;0;0;0;0;0;A01
201000020730;0;2;0;0;2;1;5;A01
201000020730;0;7;0;0;2;3;1;B01
201000020731;0;30;0;0;1;1;17;A01
201000020732;0;33;0;1;2;7;21;B01
201000020732;0;7;0;0;2;3;19;A01
201000020733;0;7;0;0;2;1;15;A01
201000020733;0;33;0;0;2;3;2;B01
201000020734;0;7;0;0;2;6;0;C01
201000020734;0;32;0;0;2;1;0;A01
201000020734;0;7;0;0;2;2;0;B01
201000020735;0;7;0;0;1;4;0;A01
201000020736;0;34;0;1;2;1;17;A01
201000020736;0;7;0;0;2;3;15;B01
201000020737;0;2;0;0;1;1;0;A01
201000020738;0;7;0;0;1;2;0;A01
201000020739;0;30;0;0;0;3;1;A01
201000020739;0;7;0;0;0;0;1;B01
201000020740;0;7;0;0;2;1;1;B01
201000020740;0;30;0;0;2;1;1;A01
201000020741;0;7;0;0;0;7;9;B01
201000020741;0;33;0;0;2;1;17;A01
201000020742;0;7;0;0;2;2;9;A01
201000020742;0;7;0;0;2;3;0;B01
201000020743;1;7;0;0;1;2;0;A01
201000020744;1;7;0;0;2;0;0;Z01