num_acc;senc;catv;occutc;obs;obsm;choc;manv;num_veh
201000020744;0;7;0;0;2;6;0;A01
201000020745;0;7;0;0;0;1;0;A01
201000020746;0;7;0;0;2;2;17;A01
201000020746;0;7;0;0;2;3;15;B01
201000020747;0;7;0;0;2;4;2;B01
201000020747;0;7;0;0;2;1;2;A01
201000020748;0;33;0;0;2;1;0;A01
201000020748;0;7;0;0;2;8;0;B01
201000020749;0;7;0;0;1;3;1;A01
201000020750;0;20;0;0;0;4;2;B01
201000020750;0;3;0;0;2;1;2;A01
201000020751;0;33;0;0;2;2;0;B01
201000020751;0;7;0;0;2;3;0;A01
201000020752;1;99;0;0;0;0;0;Z01
201000020753;0;32;0;0;0;1;0;A01
201000020753;0;7;0;0;0;1;0;B01
201000020754;0;7;0;0;2;0;1;B01
201000020754;1;7;0;0;2;0;0;Z01
201000020755;0;34;0;0;0;4;1;B01
201000020755;0;7;0;0;2;2;1;A01
201000020756;0;33;0;0;2;2;1;B01
201000020756;0;7;0;0;2;3;15;A01
201000020757;0;7;0;0;0;6;1;A01
201000020757;0;2;0;0;0;1;1;B01
201000020758;0;34;0;0;2;1;5;A01
201000020758;0;7;0;0;2;8;15;B01
201000020759;0;7;0;0;2;7;15;A01
201000020759;0;31;0;0;2;1;1;B01
201000020760;0;7;0;0;2;5;1;B01
201000020760;0;7;0;0;2;6;1;C01
201000020760;0;7;0;0;2;1;1;A01
201000020761;0;7;0;0;2;1;2;A01
201000020761;0;7;0;0;0;4;2;B01
201000020762;0;2;0;14;0;1;5;A01
201000020762;0;7;0;0;2;2;23;B01
201000020763;0;7;0;0;2;3;15;B01
201000020763;0;2;0;0;2;1;17;A01
201000020764;0;30;0;0;2;1;1;A01
201000020764;0;7;0;0;2;2;1;B01
201000020765;0;7;0;0;2;7;16;A01
201000020765;0;32;0;0;2;1;1;B01
201000020766;0;7;0;0;1;7;1;A01
201000020766;0;7;0;0;0;3;1;B01
201000020767;0;30;0;0;2;1;1;B01
201000020767;0;7;0;0;2;3;15;A01
201000020768;0;33;0;0;2;0;0;A01
201000020768;0;7;0;0;2;0;0;B01
201000020769;0;32;0;0;0;8;2;A01
201000020770;1;7;0;0;1;1;0;Z01
201000020771;0;7;0;0;2;1;15;A01
201000020771;0;7;0;0;2;3;2;B01
201000020772;0;17;0;0;1;1;1;A01
201000020773;0;7;0;0;0;8;2;A01
201000020773;0;33;0;0;0;7;17;B01
201000020774;1;17;0;0;2;0;11;Z01
201000020774;0;7;0;0;2;8;2;A01
201000020775;1;7;0;0;1;3;2;A01
201000020776;0;7;0;0;2;1;2;B01
201000020776;0;33;0;0;2;1;2;A01
201000020777;0;37;0;0;1;0;0;A01
201000020778;0;33;0;0;0;0;10;A01
201000020778;0;33;0;0;2;0;1;B01
201000020779;0;7;0;0;2;2;10;A01
201000020779;0;33;0;0;2;1;17;B01
201000020780;0;7;0;0;2;8;15;A01
201000020780;0;30;0;0;2;1;1;B01
201000020781;0;31;0;1;2;1;17;A01
201000020781;0;7;0;0;2;8;15;B01
201000020782;0;7;0;1;2;4;1;B01
201000020782;1;7;0;0;2;1;2;Z01
201000020783;1;7;0;0;2;1;1;Z01
201000020783;0;7;0;0;2;4;1;B01
201000020784;1;7;0;0;1;1;0;Z01
201000020785;1;7;0;0;1;0;0;Z01
201000020786;0;7;0;0;0;4;2;B01
201000020786;0;7;0;0;2;4;2;A01
201000020787;0;7;0;0;1;8;15;A01
201000020788;0;7;0;0;0;2;0;B01
201000020788;0;2;0;0;2;0;0;A01
201000020789;0;32;0;0;0;0;0;B01
201000020789;0;7;0;0;2;0;0;A01
201000020790;0;7;0;0;2;1;5;A01
201000020790;0;7;0;0;2;1;1;B01
201000020791;0;7;0;0;1;3;1;A01
201000020792;0;7;0;0;1;2;1;A01
201000020793;0;7;0;0;2;2;0;A01
201000020793;0;32;0;1;2;8;0;B01
201000020794;1;7;0;0;2;1;2;Z01
201000020794;0;7;0;0;2;6;2;B01
201000020795;0;7;0;0;1;1;1;B01
201000020795;1;7;0;1;2;1;5;Z01
201000020796;1;7;0;0;1;1;0;Z01
201000020797;0;34;0;9;0;1;0;A01
201000020798;0;2;0;0;2;1;2;A01
201000020798;0;7;0;0;0;4;2;B01
201000020799;0;33;0;0;1;1;1;A01
201000020800;0;7;0;0;1;2;17;A01
201000020801;0;33;0;0;2;2;1;A01
201000020801;0;7;0;0;2;6;1;B01
201000020802;0;7;0;0;2;2;9;A01
201000020802;0;7;0;0;2;3;1;B01
201000020803;0;13;0;0;1;2;0;A01
201000020804;1;30;0;0;1;1;2;A01
201000020805;0;7;0;0;2;4;2;A01
201000020805;0;32;0;0;0;4;2;B01
201000020806;0;33;0;0;2;1;21;B01
201000020806;0;7;0;0;2;6;10;A01
201000020807;0;7;0;0;2;8;15;A01
201000020807;0;30;0;0;2;1;1;B01
201000020808;0;30;0;0;2;5;15;B01
201000020808;0;32;0;0;2;1;1;A01
201000020809;0;7;0;0;0;3;0;B01
201000020809;0;30;0;0;2;1;17;A01
201000020810;0;7;0;0;0;2;16;A01
201000020811;0;30;0;0;1;1;1;A01
201000020812;0;2;0;0;2;1;1;A01
201000020812;0;7;0;0;2;3;1;B01
201000020813;0;2;0;0;2;1;0;A01
201000020813;0;7;0;0;0;6;0;B01
201000020814;0;10;0;1;2;1;0;A01
201000020814;0;7;0;0;2;4;0;B01
201000020815;0;7;0;0;2;5;15;B01
201000020815;0;7;0;0;0;1;17;A01
201000020816;1;7;0;0;2;3;9;Z01
201000020816;0;7;0;0;2;2;1;A01
201000020817;1;30;0;0;1;0;0;Z01
201000020818;0;33;0;0;0;7;2;A01
201000020819;1;7;0;0;1;0;0;A01
201000020820;0;3;0;0;2;4;16;A01
201000020820;0;34;0;0;2;1;0;B01
201000020821;0;7;0;0;1;2;15;A01
201000020822;0;34;0;0;0;0;1;A01
201000020823;0;7;0;0;0;6;0;B01
201000020823;0;2;0;1;0;6;0;A01
201000020824;0;7;0;0;0;5;1;A01
201000020824;0;30;0;0;0;3;1;B01
201000020825;0;2;0;0;2;1;2;A01
201000020825;0;7;0;0;2;6;2;B01
201000020826;1;7;0;0;2;3;15;Z01
201000020826;0;30;0;0;2;5;2;A01
201000020827;0;7;0;0;2;4;2;B01
201000020827;0;7;0;0;2;1;2;A01
201000020828;0;7;0;0;1;1;15;A01
201000020829;0;33;0;0;2;7;17;B01
201000020829;0;7;0;0;2;8;17;A01
201000020830;0;7;0;0;2;5;1;B01
201000020830;0;33;0;0;2;1;1;A01
201000020831;0;7;0;8;0;1;2;A01
201000020832;0;7;0;0;2;1;1;B01
201000020832;0;7;0;0;0;3;9;A01
201000020833;0;33;0;0;2;1;1;B01
201000020833;0;7;0;0;2;2;15;A01
201000020834;0;30;0;0;2;1;2;A01
201000020834;0;99;0;0;0;6;16;B01
201000020835;0;7;0;0;2;2;10;A01
201000020835;0;33;0;0;2;1;1;B01
201000020836;1;7;0;0;2;1;1;Z01
201000020836;0;1;0;0;2;4;1;B01
201000020837;1;7;0;0;1;1;1;Z01
201000020838;1;32;0;0;1;1;0;A01
201000020839;0;7;0;1;0;1;13;A01
201000020840;0;33;0;10;0;8;13;A01
201000020841;0;7;0;0;2;1;1;A01
201000020841;0;7;0;0;2;4;1;B01
201000020842;0;31;0;0;1;1;2;A01
201000020843;0;7;0;0;2;3;1;B01
201000020843;0;7;0;0;0;7;0;A01
201000020844;0;7;0;0;2;3;9;A01
201000020844;0;7;0;0;2;3;1;B01
201000020845;0;37;0;0;0;1;0;A01
201000020846;0;7;0;0;2;1;1;B01
201000020846;0;7;0;0;2;3;15;A01
201000020847;0;33;0;0;2;1;1;A01
201000020847;0;7;0;0;2;6;1;B01
201000020848;0;7;0;0;2;7;2;C01
201000020848;0;30;0;0;0;1;3;A01
201000020848;0;7;0;0;0;4;0;B01
201000020849;0;7;0;0;2;2;20;B01
201000020849;0;2;0;0;2;1;18;A01
201000020850;0;7;0;0;1;1;1;A01
201000020851;0;7;0;0;2;1;1;B01
201000020851;0;7;0;0;2;1;13;A01
201000020852;0;7;0;0;2;1;1;A01
201000020852;0;30;0;0;2;7;12;B01
201000020853;0;30;0;0;2;1;0;B01
201000020853;0;7;0;0;2;7;15;A01
201000020854;0;7;0;0;1;3;1;A01
201000020855;0;7;0;0;2;1;1;B01
201000020855;0;7;0;0;2;6;10;A01
201000020856;0;33;0;0;0;2;2;B01
201000020856;0;7;0;0;0;8;2;A01
201000020857;0;10;0;0;2;1;12;A01
201000020857;0;7;0;0;2;4;1;B01
201000020858;0;7;0;0;2;3;9;A01
201000020858;0;33;0;0;2;2;1;B01
201000020859;0;7;0;1;2;2;0;B01
201000020859;0;7;0;0;2;3;0;A01
201000020860;0;7;0;0;2;1;2;A01
201000020860;0;7;0;0;2;8;15;B01
201000020861;0;33;0;0;2;8;2;A01
201000020861;0;7;0;0;2;3;15;B01
201000020862;0;7;0;0;0;1;1;B01
201000020862;0;7;0;0;0;7;2;A01
201000020863;0;7;0;0;2;3;15;A01
201000020863;0;30;0;0;2;1;1;B01
201000020864;0;7;0;0;0;4;23;B01
201000020864;0;7;0;0;0;1;0;A01
201000020865;0;7;0;0;1;1;1;A01
201000020866;0;7;0;0;2;5;2;B01
201000020866;0;30;0;0;2;3;2;A01
201000020867;0;7;0;0;2;3;1;B01
201000020867;0;7;0;0;2;6;15;A01
201000020868;0;7;0;0;9;0;2;A01
201000020869;1;2;0;0;1;0;0;Z01
201000020870;0;33;0;0;0;1;0;A01
201000020871;1;7;0;0;1;1;1;Z01
201000020872;1;33;0;0;2;0;12;Z01
201000020872;0;34;0;0;2;0;1;B01
201000020873;0;33;0;0;2;1;1;B01
201000020873;1;30;0;0;2;4;5;Z01
201000020874;0;7;0;0;9;1;2;C01
201000020874;0;7;0;0;9;4;2;A01
201000020874;0;7;0;0;2;9;2;B01
201000020875;0;33;0;0;2;3;1;B01
201000020875;0;7;0;0;2;0;2;A01
201000020876;0;7;0;0;2;1;15;A01
201000020876;0;30;0;0;2;1;17;B01
201000020877;1;31;0;0;1;1;0;A01
201000020878;0;7;0;0;2;1;2;A01
201000020878;0;7;0;0;0;4;16;C01
201000020878;0;7;0;0;2;4;1;B01
201000020879;0;2;0;0;2;1;5;A01
201000020879;0;99;0;0;9;3;9;B01
201000020880;0;7;0;0;2;1;1;B01
201000020880;0;7;0;0;2;1;1;A01
201000020881;0;17;0;0;0;0;1;A01
201000020881;0;10;0;0;9;3;1;B01
201000020882;0;7;0;1;2;4;1;B01
201000020882;1;7;0;1;2;1;1;Z01
201000020883;1;7;0;0;2;1;1;Z01
201000020883;0;7;0;0;2;4;1;B01
201000020884;0;7;0;1;2;3;1;B01
201000020884;1;7;0;1;2;1;1;Z01
201000020885;0;7;0;9;0;3;14;A01
201000020886;0;7;0;0;2;1;1;B01
201000020886;0;7;0;0;2;7;0;A01
201000020887;0;30;0;0;2;7;17;B01
201000020887;0;10;0;0;2;8;1;A01
201000020888;0;33;0;0;2;1;1;B01
201000020888;0;7;0;0;2;3;9;A01
201000020889;0;30;0;0;1;0;0;A01
201000020890;0;30;0;0;0;0;17;A01
201000020890;0;7;0;0;0;0;15;B01
201000020891;0;33;0;14;0;3;21;B01
201000020891;0;7;0;0;0;0;15;A01
201000020892;0;32;0;0;0;8;0;B01
201000020892;0;7;0;0;0;0;13;A01
201000020893;0;7;0;0;2;2;16;A01
201000020893;0;13;0;0;2;2;1;C01
201000020893;0;33;0;0;2;6;1;B01
201000020894;0;7;0;0;2;1;1;A01
201000020894;0;7;0;0;2;4;1;B01
201000020895;0;33;0;0;2;6;19;B01
201000020895;0;7;0;0;2;1;1;A01
201000020896;0;34;0;0;2;1;13;B01
201000020896;0;7;0;0;2;1;5;A01
201000020897;0;30;0;0;2;1;2;A01
201000020897;0;7;0;0;2;4;23;B01
201000020898;0;7;0;0;2;3;9;A01
201000020898;0;2;0;0;2;1;1;B01
201000020899;0;7;0;0;2;1;1;A01
201000020899;0;1;0;0;2;8;19;B01
201000020900;0;7;0;0;2;3;1;B01
201000020900;0;7;0;0;2;2;15;A01
201000020901;0;37;3;1;0;3;1;B01
201000020901;0;7;0;0;2;2;22;A01
201000020902;0;32;0;0;1;2;1;A01
201000020903;0;34;0;0;1;1;1;A01
201000020904;0;2;0;0;2;3;16;A01
201000020904;0;7;0;0;2;1;1;B01
201000020905;0;32;0;0;2;1;2;B01
201000020905;0;7;0;0;2;8;9;A01
201000020906;0;30;0;0;2;2;1;B01
201000020906;1;7;0;0;2;3;1;Z01
201000020907;0;7;0;0;2;1;2;A01
201000020907;0;7;0;0;2;4;2;B01
201000020908;0;7;0;0;1;3;1;A01
201000020909;0;7;0;0;2;5;23;C01
201000020909;0;7;0;0;2;1;1;A01
201000020909;0;7;0;0;2;4;1;B01
201000020910;0;7;0;0;2;1;1;A01
201000020910;0;7;0;0;2;3;15;B01
201000020911;0;33;0;0;0;7;1;B01
201000020911;0;7;0;1;0;8;13;A01
201000020911;0;7;0;0;0;4;23;C01
201000020912;0;7;0;0;2;0;9;A01
201000020912;0;34;0;0;2;0;1;B01
201000020913;0;7;0;0;2;3;15;A01
201000020913;0;34;0;0;2;1;1;B01
201000020914;0;7;0;0;2;5;16;B01
201000020914;0;30;0;0;2;1;7;A01
201000020915;0;7;0;0;2;1;2;A01
201000020915;0;7;0;0;2;4;23;C01
201000020915;0;7;0;0;2;4;23;B01
201000020916;0;7;0;0;2;4;23;A01
201000020916;1;7;0;14;0;1;1;Z01
201000020917;1;7;0;0;1;4;0;Z01
201000020918;0;30;0;0;2;0;0;B01
201000020918;1;7;0;0;2;0;0;Z01
201000020919;1;7;0;0;1;1;0;Z01
201000020920;1;7;0;0;2;1;0;Z01
201000020920;0;7;0;0;0;3;0;B01
201000020921;0;7;0;0;2;8;15;B01
201000020921;0;33;0;0;2;7;17;A01
201000020922;0;7;0;0;2;3;9;A01
201000020922;0;30;0;0;0;5;1;B01
201000020923;0;7;0;0;1;0;0;A01
201000020924;0;2;0;0;2;4;0;B01
201000020924;0;16;0;0;2;7;0;A01
201000020925;0;30;0;2;0;1;0;A01
201000020926;0;30;0;0;0;3;0;A01
201000020926;0;7;0;0;0;0;0;B01
201000020927;0;2;0;1;1;0;0;A01
201000020928;0;32;0;0;2;4;1;B01
201000020928;1;33;0;0;2;1;0;Z01
201000020929;0;30;0;0;0;0;15;A01
201000020930;0;30;0;0;2;1;2;B01
201000020930;0;7;0;0;2;3;15;A01
201000020931;0;7;0;0;1;3;2;A01
201000020932;0;7;0;0;2;3;0;A01
201000020932;0;2;0;0;2;1;0;B01
201000020933;0;33;0;0;2;1;21;B01
201000020933;0;7;0;0;2;2;15;A01
201000020934;0;33;0;0;0;1;16;A01
201000020935;0;7;0;0;1;1;1;A01
201000020936;0;33;0;0;0;0;0;A01
201000020937;0;7;0;0;2;3;0;A01
201000020937;0;2;0;0;2;7;0;B01
201000020938;0;7;0;0;2;1;1;A01
201000020938;0;7;0;0;0;4;1;B01
201000020939;0;7;0;0;1;1;1;A01
201000020940;0;7;0;0;2;3;0;B01
201000020940;0;7;0;0;2;1;0;A01
201000020941;0;7;0;0;0;7;1;B01
201000020941;0;13;0;0;0;3;1;A01
201000020942;0;7;0;1;2;3;1;B01
201000020942;0;7;0;0;2;2;1;A01
201000020943;0;7;0;0;1;2;2;A01
201000020944;0;7;0;0;2;4;23;B01
201000020944;0;7;0;0;2;1;2;A01
201000020945;0;33;0;0;2;1;0;A01
201000020945;0;7;0;0;2;6;1;B01
201000020946;0;2;0;0;1;1;1;A01
201000020947;0;7;0;0;2;2;13;A01
201000020947;0;7;0;0;2;3;0;B01
201000020948;0;7;0;0;2;3;2;A01
201000020948;0;31;0;0;2;1;2;B01
201000020949;0;7;0;0;1;2;0;A01
201000020950;0;7;0;0;1;3;1;A01
201000020951;0;7;0;0;1;3;0;A01
201000020952;0;7;0;0;0;0;11;B01
201000020952;0;30;0;0;2;0;2;A01
201000020953;0;7;0;0;1;2;1;A01
201000020954;0;7;0;1;2;1;17;A01
201000020954;0;7;0;0;2;1;1;B01
201000020955;0;7;0;0;0;3;1;A01
201000020956;0;33;0;0;2;1;1;B01
201000020956;0;7;0;1;2;8;10;A01
201000020957;0;7;0;12;2;1;7;A01
201000020957;0;7;0;0;2;2;16;B01
201000020958;0;30;0;0;2;3;21;B01
201000020958;1;7;0;0;2;8;5;Z01
201000020959;0;15;0;0;2;1;2;A01
201000020959;0;7;0;0;0;4;2;B01
201000020960;1;33;0;0;0;0;0;Z01
201000020960;0;30;0;0;0;1;17;A01
201000020961;0;30;0;0;2;7;15;A01
201000020961;0;7;0;0;2;1;1;B01
201000020962;0;1;0;0;2;9;1;B01
201000020962;1;7;0;0;2;0;0;Z01
201000020963;1;32;0;0;2;2;15;A01
201000020963;0;33;0;0;2;3;1;B01
201000020964;0;7;0;0;1;0;0;A01
201000020965;1;7;0;0;1;0;1;Z01
201000020966;1;7;0;0;1;7;1;Z01
201000020967;1;7;0;0;1;1;0;Z01
201000020968;1;7;0;0;2;0;13;Z01
201000020968;0;33;0;0;2;0;1;B01
201000020969;0;34;0;0;2;1;1;B01
201000020969;1;7;0;0;2;1;1;Z01
201000020970;0;10;0;0;1;1;15;A01
201000020971;0;7;0;0;2;2;14;A01
201000020971;0;7;0;0;2;6;2;B01
201000020972;0;7;0;0;0;1;2;A01
201000020972;0;7;0;0;0;4;23;B01
201000020973;0;2;0;0;2;1;16;A01
201000020973;0;7;0;0;2;7;19;B01
201000020974;0;32;0;0;2;7;17;A01
201000020974;0;7;0;0;2;8;0;B01
201000020975;0;7;0;0;2;4;23;B01
201000020975;0;7;0;3;2;1;1;A01
201000020975;0;7;0;10;2;4;23;C01
201000020976;0;7;0;0;1;2;1;A01
201000020977;1;7;0;0;1;0;0;Z01
201000020978;0;7;0;0;2;3;9;A01
201000020978;0;34;0;0;2;1;1;B01
201000020979;0;32;0;0;0;7;12;A01
201000020980;0;34;0;12;0;7;0;A01
201000020981;0;7;0;0;0;8;1;B01
201000020981;0;7;0;0;0;7;14;A01
201000020982;0;2;0;0;2;1;0;A01
201000020982;0;7;0;0;2;3;0;B01
201000020983;0;34;0;0;2;1;1;B01
201000020983;0;7;0;0;2;3;9;A01
201000020984;0;33;0;0;2;1;1;B01
201000020984;0;7;0;0;2;3;19;A01
201000020985;0;7;0;0;0;0;10;A01
201000020985;0;33;0;0;2;7;2;B01
201000020986;0;7;0;0;2;3;1;B01
201000020986;0;34;0;0;2;7;1;A01
201000020987;0;10;0;0;2;4;2;B01
201000020987;0;7;0;0;2;1;2;A01
201000020988;1;7;0;0;2;0;15;A01
201000020988;0;30;0;0;2;1;1;B01
201000020989;0;7;0;0;1;3;0;B01
201000020989;0;32;0;0;2;1;13;A01
201000020990;0;7;0;0;2;3;0;B01
201000020990;0;30;0;0;2;2;1;A01
201000020991;0;7;0;0;2;3;0;B01
201000020991;0;32;0;0;2;2;0;A01
201000020992;0;34;0;0;1;2;2;A01
201000020993;0;32;0;1;2;1;2;A01
201000020993;0;99;0;0;2;5;9;B01
201000020994;0;32;0;0;2;7;13;B01
201000020994;0;7;0;0;2;8;11;A01
201000020995;0;7;0;0;1;4;4;A01
201000020996;0;7;0;0;2;2;11;A01
201000020996;0;32;0;0;2;2;2;B01
201000020996;0;31;0;0;2;1;0;C01
201000020997;0;32;0;0;2;3;7;A01
201000020997;0;30;0;0;2;3;0;B01
201000020998;0;7;0;0;2;3;1;A01
201000020998;0;7;0;0;2;1;1;B01
201000020999;0;7;0;0;2;2;9;A01
201000020999;0;32;0;0;2;1;1;B01
201000021000;0;7;0;0;2;3;13;A01
201000021000;0;32;0;0;2;7;21;B01
201000021001;0;7;0;1;1;2;2;A01
201000021002;0;7;0;0;1;4;2;A01
201000021002;0;7;0;0;2;1;2;B01
201000021003;0;7;0;0;0;3;9;A01
201000021003;0;7;0;0;0;1;1;B01
201000021004;0;7;0;0;2;1;2;A01
201000021004;0;7;0;0;2;4;1;B01
201000021005;0;33;0;14;0;8;15;A01
201000021006;0;7;0;0;2;3;9;A01
201000021006;0;33;0;0;2;1;1;B01
201000021007;0;7;0;0;9;2;15;A01
201000021007;0;1;0;0;2;1;0;B01
201000021008;0;7;0;0;1;2;1;A01
201000021009;0;7;0;0;2;3;15;A01
201000021009;0;34;0;0;2;1;17;B01
201000021010;0;7;0;0;2;1;15;A01
201000021010;0;32;0;0;2;1;1;B01
201000021011;0;13;0;0;2;8;10;B01
201000021011;0;10;0;0;2;2;17;A01
201000021012;0;30;0;0;2;2;1;A01
201000021012;1;7;0;0;2;0;0;Z01
201000021013;1;10;0;0;0;0;0;Z01
201000021013;0;1;0;0;0;0;0;A01
201000021014;0;32;0;0;2;4;1;B01
201000021014;1;13;0;0;2;1;1;Z01
201000021015;1;7;0;0;2;1;1;Z01
201000021015;0;7;0;0;2;4;1;B01
201000021016;0;1;0;0;2;1;1;B01
201000021016;1;7;0;0;2;0;11;Z01
201000021017;0;7;0;0;2;4;1;B01
201000021017;1;7;0;0;2;1;1;Z01
201000021018;0;7;0;6;2;1;1;A01
201000021018;0;7;0;0;0;4;1;B01
201000021019;0;7;0;1;0;1;1;A01
201000021020;0;1;0;0;0;1;0;B01
201000021020;0;31;0;0;2;1;0;A01
201000021021;0;32;0;0;2;1;0;A01
201000021021;0;10;0;0;2;6;0;B01
201000021022;0;7;0;3;2;1;13;A01
201000021022;0;7;0;0;2;2;1;B01
201000021023;0;7;0;0;2;3;5;A01
201000021023;0;7;0;0;2;1;2;B01
201000021024;0;38;10;0;2;2;2;A01
201000021024;0;7;0;0;0;4;1;B01
201000021025;0;7;0;15;0;9;1;A01
201000021026;0;30;0;0;9;3;1;A01
201000021027;0;7;0;0;2;2;1;B01
201000021027;2;7;0;0;2;2;5;A01
201000021028;0;30;0;0;2;1;0;B01
201000021028;1;31;0;0;0;0;0;Z01
201000021029;0;7;0;6;0;1;0;A01
201000021030;0;33;0;0;2;1;2;A01
201000021030;0;7;0;0;2;2;15;B01
201000021031;0;7;0;0;1;1;2;A01
201000021032;0;7;0;0;0;6;4;A01
201000021032;0;32;0;0;0;7;0;B01
201000021033;0;33;0;0;0;0;1;A01
201000021034;0;7;0;0;2;1;1;A01
201000021034;0;7;0;0;2;4;1;B01
201000021035;0;7;0;0;0;9;1;A01
201000021036;0;7;0;0;1;2;1;A01
201000021037;0;30;0;1;2;5;1;B01
201000021037;1;7;0;0;2;1;19;Z01
201000021038;0;33;0;0;0;1;1;A01
201000021039;0;7;0;0;2;1;5;A01
201000021039;0;7;0;0;2;3;1;B01
201000021039;0;7;0;0;2;1;1;C01
201000021040;0;7;0;1;0;2;1;A01
201000021041;0;7;0;0;1;3;2;A01
201000021042;0;32;0;0;0;0;1;A01
201000021043;0;7;0;0;2;1;15;A01
201000021043;0;31;0;0;2;1;1;B01
201000021044;0;7;0;0;1;0;1;A01
201000021045;0;1;0;0;2;2;1;B01
201000021045;0;7;0;0;2;1;1;A01
201000021046;0;7;0;0;2;2;1;A01
201000021046;0;7;0;0;2;5;1;B01
201000021047;0;10;0;1;0;1;1;A01
201000021047;0;10;0;0;0;6;0;B01
201000021048;0;34;0;0;2;0;16;A01
201000021048;0;7;0;0;0;0;4;B01
201000021049;0;33;0;0;2;0;0;B01
201000021049;0;7;0;0;0;0;0;A01
201000021050;1;7;0;0;1;0;0;Z01
201000021051;0;7;0;0;2;7;2;B01
201000021051;0;7;0;0;2;1;2;A01
201000021052;0;33;0;1;1;1;1;A01
201000021053;0;7;0;0;1;1;0;A01
201000021054;0;7;0;0;1;5;1;A01
201000021055;0;7;0;0;0;5;23;B01
201000021055;0;7;0;0;2;1;1;A01
201000021056;0;2;0;0;0;7;0;A01
201000021057;0;7;0;0;2;8;9;A01
201000021057;0;7;0;0;2;7;1;B01
201000021057;0;7;0;0;0;6;0;C01
201000021058;0;30;0;0;2;7;2;B01
201000021058;0;7;0;0;2;8;15;A01
201000021059;0;7;0;0;2;4;1;B01
201000021059;0;33;0;0;2;1;2;A01
201000021060;0;7;0;0;2;2;1;B01
201000021060;0;7;0;9;2;6;1;A01
201000021060;0;7;0;0;2;3;1;C01
201000021061;0;7;0;0;1;4;0;A01
201000021062;0;7;0;0;1;1;0;A01
201000021063;0;33;0;0;2;0;0;B01
201000021063;0;7;0;0;2;0;0;A01
201000021064;0;2;0;0;2;0;0;A01
201000021064;0;7;0;0;2;1;0;B01
201000021065;0;7;0;0;2;1;2;A01
201000021065;0;7;0;0;2;4;2;B01
201000021066;0;7;0;0;2;1;2;A01
201000021066;0;7;0;0;2;4;2;B01
201000021067;1;33;0;0;1;0;15;Z01
201000021068;2;33;0;0;0;1;0;Z01
201000021068;0;7;0;0;0;3;0;B01
201000021069;2;7;0;1;0;0;0;Z01
201000021069;0;7;0;0;0;0;0;B01
201000021070;0;7;0;0;2;3;1;B01
201000021070;0;7;0;0;2;1;13;A01
201000021071;0;7;0;0;2;1;1;A01
201000021071;0;14;0;0;2;7;1;B01
201000021072;1;7;0;0;0;0;0;Z01
201000021072;0;32;0;0;0;2;0;A01
201000021073;0;7;0;0;0;5;20;A01
201000021073;0;32;0;0;2;3;21;B01
201000021074;0;32;0;0;2;1;5;B01
201000021074;0;7;0;0;2;3;11;A01
201000021075;0;7;0;0;2;8;11;A01
201000021075;0;2;0;0;2;7;2;B01
201000021076;0;7;0;0;2;3;1;A01
201000021076;0;30;0;0;2;7;2;B01
201000021077;0;7;0;0;2;4;23;C01
201000021077;0;7;0;0;2;4;23;B01
201000021077;0;7;0;0;2;1;2;A01
201000021078;0;7;0;1;0;3;15;A01
201000021078;0;7;0;0;0;5;23;B01
201000021079;0;30;0;0;2;1;2;A01
201000021079;0;7;0;0;2;3;1;B01
201000021080;0;7;0;0;2;4;23;B01
201000021080;0;32;0;0;2;1;1;A01
201000021081;0;7;0;0;2;4;1;A01
201000021081;1;7;0;0;2;1;1;Z01
201000021082;0;33;0;0;2;8;1;A01
201000021082;0;7;0;0;2;1;1;B01
201000021083;0;7;0;6;0;1;13;A01
201000021084;0;7;0;1;0;3;15;A01
201000021084;0;30;0;0;0;1;1;B01
201000021085;0;34;0;0;2;2;17;A01
201000021085;0;7;0;0;2;6;15;B01
201000021086;0;32;0;0;2;2;1;A01
201000021086;0;7;0;0;2;3;15;B01
201000021087;0;33;0;0;1;1;21;A01
201000021088;0;7;0;0;2;2;1;A01
201000021088;0;32;0;0;2;8;1;B01
201000021089;0;7;0;0;0;8;1;A01
201000021089;0;32;0;0;0;1;19;B01
201000021090;0;7;0;0;2;1;1;A01
201000021090;0;7;0;0;1;4;1;B01
201000021091;0;7;0;0;2;8;15;B01
201000021091;0;32;0;0;2;8;3;A01
201000021092;0;30;0;0;2;2;1;A01
201000021092;0;7;0;0;2;8;15;B01
201000021093;0;33;0;0;2;1;2;B01
201000021093;0;7;0;0;2;1;15;A01
201000021094;0;7;0;0;2;3;0;A01
201000021094;0;32;0;0;2;1;0;B01
201000021095;1;3;0;0;2;0;0;A01
201000021095;0;34;0;0;2;0;0;B01
201000021096;0;7;0;0;1;3;1;A01
201000021097;0;7;0;0;2;1;1;A01
201000021097;0;7;0;0;2;4;1;B01
201000021098;1;99;0;0;0;0;10;A01
201000021098;0;30;0;0;0;8;1;B01
201000021099;1;99;0;0;1;1;1;Z01
201000021100;2;7;0;0;2;1;2;A01
201000021100;0;7;0;0;2;5;2;B01
201000021101;0;32;0;0;2;1;1;A01
201000021101;0;7;0;0;2;3;16;B01
201000021102;0;30;0;0;2;1;2;A01
201000021102;0;7;0;0;2;6;2;B01
201000021103;0;7;0;0;2;7;1;A01
201000021103;1;7;0;0;2;1;15;Z01
201000021104;0;30;0;0;2;7;17;B01
201000021104;0;7;0;0;2;8;15;A01
201000021105;0;7;0;0;2;1;15;A01
201000021105;0;30;0;0;2;1;1;B01
201000021106;0;7;0;0;2;1;2;A01