num_acc;senc;catv;occutc;obs;obsm;choc;manv;num_veh
201000021106;0;7;0;0;2;4;23;B01
201000021107;0;7;0;0;1;1;2;A01
201000021108;0;33;0;0;0;0;0;A01
201000021109;0;7;0;0;2;6;15;B01
201000021109;0;32;0;0;2;7;17;A01
201000021110;0;7;0;0;1;2;1;A01
201000021111;0;7;0;0;2;3;1;B01
201000021111;0;2;0;0;2;1;0;A01
201000021112;0;7;0;0;2;1;16;A01
201000021112;0;32;0;0;2;1;1;B01
201000021113;0;7;0;0;2;1;0;A01
201000021113;0;7;0;0;0;4;0;B01
201000021114;0;7;0;0;2;3;1;A01
201000021114;0;2;0;0;2;6;1;B01
201000021115;0;33;0;0;2;7;1;B01
201000021115;1;7;0;0;2;3;15;A01
201000021116;0;32;0;0;2;1;0;B01
201000021116;0;7;0;0;2;3;0;A01
201000021117;0;33;0;0;2;3;1;A01
201000021117;2;32;0;0;2;2;10;Z01
201000021118;0;32;0;0;2;1;1;B01
201000021118;0;7;0;1;0;0;15;A01
201000021119;0;32;0;0;0;0;1;A01
201000021120;1;7;0;0;0;0;0;Z01
201000021120;0;7;0;0;2;1;0;B01
201000021120;0;7;0;0;2;3;0;C01
201000021121;0;7;0;0;2;3;15;B01
201000021121;0;30;0;0;2;1;17;A01
201000021122;0;32;0;0;2;3;2;B01
201000021122;0;13;0;0;2;3;11;A01
201000021123;0;7;0;0;2;3;0;A01
201000021123;0;34;0;0;2;2;1;B01
201000021124;0;33;0;0;2;1;2;B01
201000021124;0;7;0;0;2;8;11;A01
201000021125;0;7;0;0;2;4;2;A01
201000021125;0;7;0;0;2;4;1;B01
201000021126;0;34;0;0;1;0;1;A01
201000021127;0;7;0;0;2;1;0;A01
201000021127;0;7;0;1;0;4;0;B01
201000021128;2;7;0;0;2;1;0;A01
201000021128;0;7;0;0;2;6;23;B01
201000021129;0;7;0;0;2;3;1;B01
201000021129;0;32;0;0;2;7;3;A01
201000021130;0;33;0;0;2;1;1;B01
201000021130;0;7;0;0;2;4;4;A01
201000021131;0;30;0;0;2;7;1;B01
201000021131;0;7;0;0;0;0;20;C01
201000021131;0;30;0;0;2;7;21;A01
201000021132;1;7;0;0;0;8;15;Z01
201000021132;0;2;0;0;0;1;1;B01
201000021133;0;7;0;0;2;3;0;B01
201000021133;0;31;0;0;2;1;5;A01
201000021134;0;7;0;0;2;2;1;A01
201000021135;0;7;0;0;0;0;15;A01
201000021135;0;32;0;0;2;1;15;B01
201000021136;0;7;0;1;0;2;1;A01
201000021137;0;7;0;0;2;1;1;B01
201000021137;0;7;0;0;2;1;5;A01
201000021138;0;7;0;6;0;1;0;A01
201000021138;1;7;0;0;0;0;0;Z01
201000021139;2;7;0;6;2;2;1;A01
201000021139;0;7;0;0;2;1;1;B01
201000021140;0;7;0;0;2;2;13;A01
201000021140;0;30;0;0;0;3;18;B01
201000021141;0;32;0;0;1;1;2;A01
201000021142;0;7;0;0;0;2;1;B01
201000021142;0;33;0;0;2;1;0;A01
201000021143;0;33;0;0;2;1;1;A01
201000021143;0;7;0;0;2;6;1;B01
201000021144;0;34;0;0;2;6;1;B01
201000021144;0;7;0;0;2;6;15;A01
201000021145;0;7;0;0;1;2;1;A01
201000021146;0;40;0;0;1;1;1;A01
201000021147;0;30;0;0;2;2;0;A01
201000021147;0;32;0;0;0;8;1;B01
201000021148;0;7;0;0;2;1;2;A01
201000021148;0;7;0;0;2;4;23;B01
201000021149;0;34;0;0;0;1;2;B01
201000021149;0;7;0;0;2;1;14;A01
201000021150;0;7;0;0;2;8;22;A01
201000021150;0;7;0;0;2;3;1;C01
201000021150;0;2;0;14;2;1;17;B01
201000021151;0;31;0;0;2;1;8;A01
201000021151;0;7;0;0;0;1;15;B01
201000021152;0;32;0;0;2;2;1;A01
201000021152;0;7;0;0;2;1;1;B01
201000021153;0;7;0;0;0;1;0;A01
201000021154;0;7;0;0;2;1;1;A01
201000021154;0;7;0;0;0;4;23;B01
201000021155;0;32;0;0;2;3;1;A01
201000021155;0;7;0;0;2;1;1;B01
201000021156;0;30;0;0;1;1;1;A01
201000021157;0;7;0;0;2;3;15;A01
201000021157;0;30;0;0;2;2;17;B01
201000021158;0;32;0;0;2;1;1;A01
201000021158;2;7;0;0;2;2;0;Z01
201000021159;1;7;0;0;2;3;1;Z01
201000021159;0;32;0;0;2;6;1;A01
201000021160;2;7;0;0;1;3;7;Z01
201000021161;0;7;0;0;2;2;15;A01
201000021161;0;3;0;0;2;1;1;B01
201000021162;0;32;0;0;2;1;17;B01
201000021162;0;7;0;0;2;3;10;A01
201000021163;0;7;0;0;2;1;2;A01
201000021163;1;7;0;0;2;4;23;Z01
201000021163;0;7;0;0;2;4;2;B01
201000021164;0;30;0;0;2;1;1;A01
201000021164;0;7;0;0;2;3;9;B01
201000021165;0;7;0;4;0;1;1;A01
201000021166;0;7;0;0;2;3;15;A01
201000021166;0;32;0;0;2;7;17;B01
201000021167;0;33;0;0;2;1;1;A01
201000021167;0;7;0;0;2;1;1;B01
201000021168;0;7;0;0;1;1;1;B01
201000021169;0;7;0;0;2;2;1;A01
201000021169;0;32;0;0;2;1;1;B01
201000021170;0;7;0;0;2;2;1;B01
201000021170;0;30;0;0;2;1;1;A01
201000021171;0;1;0;0;2;7;0;B01
201000021171;0;30;0;0;2;1;3;A01
201000021172;0;7;0;0;2;0;11;A01
201000021172;0;32;0;0;2;0;2;B01
201000021173;0;31;0;0;2;1;2;B01
201000021173;0;7;0;0;2;6;1;A01
201000021174;0;2;0;1;1;1;17;A01
201000021175;0;32;0;0;0;0;1;A01
201000021176;0;15;0;0;2;4;1;C01
201000021176;0;10;0;0;2;3;2;B01
201000021176;1;15;0;0;2;0;5;Z01
201000021176;0;7;0;0;2;1;2;A01
201000021177;1;2;0;0;2;0;0;Z01
201000021177;0;2;0;0;2;0;0;A01
201000021178;0;7;0;0;1;1;1;A01
201000021179;0;7;0;7;0;8;0;A01
201000021180;0;7;0;0;0;0;13;A01
201000021180;0;7;0;0;0;0;1;B01
201000021181;0;7;0;8;0;1;0;A01
201000021182;0;7;0;0;1;4;4;A01
201000021183;0;7;0;0;2;4;1;C01
201000021183;0;7;0;0;2;1;1;A01
201000021183;0;7;0;0;2;9;1;B01
201000021184;0;7;0;0;2;6;15;B01
201000021184;0;7;0;0;2;1;1;A01
201000021185;0;2;0;2;2;1;1;B01
201000021185;0;7;0;0;2;3;15;A01
201000021186;0;7;0;0;0;0;9;A01
201000021186;0;32;0;1;0;1;13;B01
201000021186;0;7;0;0;0;3;24;C01
201000021187;0;7;0;0;2;3;2;A01
201000021187;0;7;0;0;2;5;2;B01
201000021188;0;7;0;0;2;6;1;B01
201000021188;0;30;0;0;2;1;17;A01
201000021189;0;7;0;0;0;5;23;C01
201000021189;0;7;0;0;0;3;9;A01
201000021189;0;7;0;0;0;7;23;B01
201000021190;0;7;0;0;1;2;16;A01
201000021191;0;7;0;0;2;7;10;A01
201000021191;0;34;0;0;2;1;1;B01
201000021192;0;32;0;0;0;1;3;B01
201000021192;0;10;0;0;0;3;11;A01
201000021193;0;7;0;0;2;1;1;A01
201000021193;0;32;0;1;2;1;1;B01
201000021194;0;99;0;0;1;1;1;A01
201000021195;0;7;0;1;0;2;14;A01
201000021196;0;7;0;6;0;3;0;A01
201000021197;0;33;0;0;2;3;1;B01
201000021197;0;7;0;0;2;2;19;A01
201000021198;0;1;0;0;2;1;5;A01
201000021198;0;7;0;0;2;1;0;B01
201000021199;0;7;0;0;0;7;15;A01
201000021199;0;34;0;0;2;1;2;B01
201000021200;0;7;0;0;2;1;1;A01
201000021200;0;7;0;0;2;2;1;B01
201000021201;0;7;0;0;2;8;10;A01
201000021201;0;33;0;0;2;7;1;B01
201000021202;0;7;0;0;0;6;1;B01
201000021202;0;7;0;0;2;2;1;A01
201000021203;0;33;0;14;0;1;1;A01
201000021204;0;7;0;4;0;2;1;A01
201000021205;0;1;0;0;0;4;1;B01
201000021205;1;7;0;0;2;1;2;Z01
201000021206;0;7;0;0;2;1;2;A01
201000021206;0;7;0;0;2;4;2;B01
201000021207;1;30;0;8;0;0;0;Z01
201000021208;0;7;0;0;2;1;1;B01
201000021208;0;7;0;0;2;1;1;A01
201000021209;0;10;0;1;2;1;0;C01
201000021209;0;13;0;16;2;2;1;A01
201000021209;0;10;0;8;0;8;11;B01
201000021210;0;7;0;0;1;3;1;A01
201000021211;0;7;0;0;2;1;1;A01
201000021211;0;33;0;0;2;5;16;B01
201000021212;0;32;0;0;0;0;1;A01
201000021213;0;7;0;0;2;1;0;B01
201000021213;0;30;0;0;2;6;0;A01
201000021214;1;7;0;0;2;0;0;Z01
201000021214;0;30;0;0;2;0;0;B01
201000021215;1;7;0;0;2;1;1;Z01
201000021215;0;7;0;0;2;4;1;B01
201000021216;0;7;0;0;2;4;1;B01
201000021216;1;7;0;0;2;1;1;Z01
201000021217;0;7;0;0;2;4;1;B01
201000021217;1;7;0;0;2;1;1;Z01
201000021218;0;34;0;0;2;1;2;A01
201000021218;0;7;0;0;0;4;23;B01
201000021219;0;7;0;0;2;6;0;B01
201000021219;0;30;0;0;2;2;1;A01
201000021220;0;33;0;0;0;8;23;B01
201000021220;0;15;0;0;0;6;1;A01
201000021221;0;34;0;0;0;0;1;A01
201000021222;0;7;0;15;0;1;13;A01
201000021223;0;7;0;0;1;2;1;A01
201000021224;0;7;0;0;2;2;1;B01
201000021224;0;1;0;0;2;1;1;A01
201000021225;0;7;0;0;2;6;15;A01
201000021225;0;32;0;0;2;1;17;B01
201000021226;0;7;0;0;2;8;15;B01
201000021226;0;32;0;0;2;1;17;A01
201000021227;0;33;0;6;0;2;1;B01
201000021227;0;7;0;0;0;0;9;A01
201000021228;0;32;0;0;0;5;16;A01
201000021228;0;15;0;0;0;3;1;B01
201000021229;0;34;0;0;0;2;0;A01
201000021230;0;33;0;0;2;1;0;A01
201000021230;0;30;0;0;2;3;9;B01
201000021231;0;7;0;0;2;3;0;A01
201000021231;0;7;0;0;2;8;0;B01
201000021232;0;7;0;0;0;4;23;B01
201000021232;0;7;0;0;0;1;0;A01
201000021233;1;7;0;0;2;1;2;Z01
201000021233;0;7;0;0;2;7;2;A01
201000021234;1;7;0;0;9;2;2;Z01
201000021234;0;1;0;0;2;4;16;A01
201000021235;0;32;0;0;2;6;0;B01
201000021235;1;7;0;0;2;1;0;Z01
201000021236;0;2;0;0;1;1;2;A01
201000021237;0;7;0;0;2;1;15;A01
201000021237;0;7;0;0;2;8;1;B01
201000021238;0;7;0;0;0;0;9;A01
201000021238;0;33;0;0;2;0;21;B01
201000021239;1;7;0;0;1;1;0;A01
201000021240;0;7;0;0;2;3;13;A01
201000021240;0;99;0;0;2;6;0;B01
201000021241;0;7;0;0;0;2;0;B01
201000021241;0;7;0;0;2;1;5;A01
201000021242;0;7;0;0;2;3;6;A01
201000021242;0;33;0;0;2;2;1;B01
201000021243;0;2;0;0;2;1;17;A01
201000021243;0;7;0;0;0;8;0;B01
201000021244;0;10;0;0;2;3;5;A01
201000021244;0;7;0;0;2;1;16;B01
201000021245;0;10;0;0;1;3;9;A01
201000021246;0;7;0;0;1;1;1;A01
201000021247;0;7;0;0;0;4;0;C01
201000021247;0;7;0;0;0;4;0;B01
201000021247;0;7;0;0;2;1;0;A01
201000021248;0;32;0;0;2;1;1;A01
201000021248;0;7;0;0;2;3;11;B01
201000021249;0;7;0;1;2;1;1;A01
201000021249;0;7;0;0;0;5;1;B01
201000021250;0;7;0;0;1;4;0;A01
201000021251;0;7;0;0;2;2;1;B01
201000021251;1;7;0;0;2;1;13;Z01
201000021252;0;34;0;0;2;1;2;A01
201000021252;0;7;0;0;2;1;2;B01
201000021253;0;7;0;0;2;3;6;A01
201000021253;0;32;0;0;2;1;1;B01
201000021254;0;32;0;0;2;1;2;B01
201000021254;0;7;0;0;0;1;15;A01
201000021255;0;7;0;6;0;2;1;A01
201000021256;0;32;0;0;2;1;7;A01
201000021256;0;7;0;0;0;4;23;B01
201000021257;1;7;0;0;1;0;0;Z01
201000021258;0;7;0;0;9;1;0;A01
201000021259;0;7;0;0;1;1;0;A01
201000021260;1;7;0;0;1;1;7;Z01
201000021261;0;2;0;0;2;3;2;B01
201000021261;0;7;0;0;2;2;16;A01
201000021262;0;30;0;0;1;1;1;A01
201000021263;1;7;0;0;2;1;1;Z01
201000021263;0;33;0;0;2;7;1;B01
201000021264;0;7;0;0;1;2;1;A01
201000021265;1;33;0;0;2;0;0;Z01
201000021265;0;32;0;0;2;0;0;B01
201000021266;0;30;0;0;2;1;15;A01
201000021266;0;7;0;0;2;3;1;B01
201000021267;0;7;0;0;1;3;1;A01
201000021268;0;30;0;0;0;1;1;A01
201000021269;0;7;0;0;2;3;15;A01
201000021269;0;31;0;0;2;7;1;B01
201000021270;0;7;0;0;1;0;1;A01
201000021271;0;7;0;0;2;1;9;A01
201000021271;0;30;0;1;2;1;1;B01
201000021271;0;7;0;0;2;1;0;C01
201000021272;0;7;0;0;2;3;15;A01
201000021272;0;33;0;0;2;1;1;B01
201000021273;0;30;0;0;0;2;1;B01
201000021273;0;7;0;0;0;6;4;A01
201000021274;0;7;0;0;1;3;15;A01
201000021275;0;7;0;0;1;1;0;A01
201000021276;0;7;0;0;1;0;0;A01
201000021277;0;7;0;0;2;1;2;A01
201000021277;0;7;0;0;2;4;2;B01
201000021278;0;30;0;0;2;0;21;A01
201000021278;0;7;0;0;0;0;9;B01
201000021279;0;7;0;8;2;1;9;A01
201000021279;0;7;0;0;2;5;1;B01
201000021279;0;7;0;0;2;8;9;C01
201000021280;0;7;0;0;2;3;11;A01
201000021280;0;33;0;0;2;1;1;B01
201000021281;0;7;0;1;2;3;1;A01
201000021281;0;7;0;0;2;1;1;B01
201000021282;0;7;0;0;1;3;1;A01
201000021283;0;33;0;0;0;0;0;A01
201000021284;0;32;0;0;1;1;0;A01
201000021285;0;7;0;0;2;3;9;B01
201000021285;0;30;0;0;2;1;0;A01
201000021286;0;30;0;0;0;7;0;A01
201000021287;0;7;0;0;0;1;1;C01
201000021287;0;7;0;1;0;1;1;A01
201000021287;0;34;0;0;0;0;24;D01
201000021287;0;7;0;0;2;1;1;B01
201000021288;0;31;0;8;2;1;8;A01
201000021288;0;99;0;0;2;1;9;B01
201000021289;0;31;0;0;0;8;1;A01
201000021289;0;2;0;0;0;1;7;B01
201000021290;0;7;0;0;2;3;6;A01
201000021290;0;34;0;0;2;2;21;B01
201000021291;0;7;0;0;2;3;0;A01
201000021291;0;32;0;0;2;7;1;B01
201000021292;0;30;0;0;1;1;1;A01
201000021293;0;7;0;0;2;3;1;B01
201000021293;0;32;0;0;2;1;1;A01
201000021294;0;30;0;0;2;1;1;B01
201000021294;0;7;0;0;0;3;6;A01
201000021295;0;7;0;0;2;7;1;A01
201000021295;0;7;0;0;2;1;1;B01
201000021296;0;34;0;0;2;3;1;A01
201000021296;0;7;0;0;2;2;1;B01
201000021297;0;7;0;0;2;4;2;B01
201000021297;0;7;0;0;2;1;2;A01
201000021298;0;7;0;0;0;8;0;A01
201000021298;1;7;0;0;2;1;0;Z01
201000021299;0;7;0;0;2;8;15;B01
201000021299;0;32;0;0;2;1;1;A01
201000021300;0;7;0;0;2;1;1;A01
201000021300;0;7;0;0;2;4;1;B01
201000021301;0;1;0;0;2;8;1;B01
201000021301;0;7;0;0;9;7;17;A01
201000021302;0;7;0;0;2;1;1;A01
201000021302;0;33;0;0;2;7;19;B01
201000021303;0;7;0;0;2;1;1;C01
201000021303;0;30;0;0;0;0;7;A01
201000021303;0;7;0;0;2;3;1;B01
201000021304;0;7;0;0;2;1;5;A01
201000021304;0;33;0;0;2;1;1;B01
201000021305;0;32;0;0;2;7;2;B01
201000021305;0;7;0;0;2;8;10;A01
201000021306;0;34;0;0;1;1;1;A01
201000021307;0;7;0;0;2;7;1;B01
201000021307;0;7;0;0;2;8;1;A01
201000021308;0;7;0;0;2;1;1;B01
201000021308;0;7;0;6;1;2;1;A01
201000021309;0;31;0;0;2;2;18;A01
201000021309;0;7;0;0;2;8;20;B01
201000021310;0;7;0;0;2;3;13;A01
201000021310;0;34;0;0;2;0;23;B01
201000021311;0;32;0;0;2;1;17;A01
201000021311;0;7;0;0;0;5;15;B01
201000021312;0;7;0;0;2;5;2;B01
201000021312;0;7;0;0;2;2;2;A01
201000021313;0;30;0;0;0;0;0;A01
201000021314;0;32;0;0;0;7;0;A01
201000021315;0;7;0;0;2;3;15;B01
201000021315;0;2;0;8;2;1;17;A01
201000021316;0;10;0;0;2;1;2;A01
201000021316;0;10;0;1;0;5;1;B01
201000021317;0;7;0;0;0;0;0;B01
201000021317;0;7;0;0;0;1;2;A01
201000021318;0;7;0;0;2;3;1;B01
201000021318;1;7;0;0;2;1;17;Z01
201000021319;0;7;0;13;0;9;21;A01
201000021320;0;7;0;0;2;1;2;B01
201000021320;0;30;0;0;2;2;0;A01
201000021321;0;7;0;0;2;1;15;A01
201000021321;0;33;0;0;2;8;1;B01
201000021322;0;7;0;0;0;4;0;B01
201000021322;0;7;0;0;0;1;2;A01
201000021323;0;7;0;0;0;6;15;B01
201000021323;0;32;0;0;2;1;17;A01
201000021324;0;3;0;0;1;1;1;A01
201000021325;0;7;0;0;2;2;12;B01
201000021325;0;7;0;4;2;8;11;A01
201000021326;0;7;0;0;2;1;2;A01
201000021326;0;7;0;0;2;4;2;B01
201000021327;0;7;0;0;2;7;19;A01
201000021327;0;7;0;0;2;2;1;B01
201000021328;0;7;0;0;2;1;1;A01
201000021328;0;7;0;0;2;2;15;B01
201000021329;0;34;0;1;1;1;1;A01
201000021329;0;7;0;0;0;7;24;B01
201000021330;0;31;0;0;1;1;17;A01
201000021331;0;30;0;0;2;1;2;A01
201000021331;0;7;0;0;0;4;2;B01
201000021332;0;34;0;0;2;1;0;A01
201000021332;0;7;0;0;2;1;0;B01
201000021333;0;34;0;0;0;0;17;B01
201000021333;0;7;0;0;2;0;17;A01
201000021334;0;7;0;0;2;1;2;A01
201000021334;0;32;0;0;2;4;2;B01
201000021335;0;7;0;0;2;3;15;A01
201000021335;0;33;0;0;2;1;17;B01
201000021336;0;31;0;8;0;1;1;A01
201000021337;0;7;0;0;2;3;1;B01
201000021337;0;34;0;0;2;1;1;A01
201000021338;0;7;0;0;2;0;15;A01
201000021338;0;32;0;0;0;0;17;B01
201000021339;0;14;0;0;2;3;2;A01
201000021339;0;30;0;0;0;4;2;B01
201000021340;0;7;0;0;2;2;15;A01
201000021340;0;7;0;0;2;3;1;B01
201000021341;0;7;0;8;0;1;1;A01
201000021342;0;7;0;0;2;1;2;A01
201000021342;0;7;0;0;2;4;2;B01
201000021343;1;2;0;0;1;1;1;Z01
201000021344;0;7;0;0;1;1;1;A01
201000021345;1;30;0;0;1;0;0;Z01
201000021346;0;2;0;0;2;1;7;A01
201000021346;0;7;0;0;2;5;16;B01
201000021347;0;30;0;0;0;0;1;A01
201000021348;0;7;0;0;2;1;2;A01
201000021348;0;7;0;0;2;4;2;B01
201000021349;0;34;0;0;0;1;0;A01
201000021350;0;7;0;1;2;3;15;A01
201000021350;0;7;0;0;2;3;1;B01
201000021351;0;34;0;0;0;2;0;A01
201000021351;0;7;0;0;2;3;0;B01
201000021352;0;7;0;0;2;1;11;A01
201000021352;0;1;0;0;2;6;11;B01
201000021353;0;7;0;0;1;0;0;A01
201000021354;0;7;0;0;2;8;15;B01
201000021354;0;7;0;0;2;1;1;A01
201000021355;0;34;0;0;2;0;0;B01
201000021355;1;7;0;0;0;0;0;Z01
201000021356;1;7;0;0;2;1;1;Z01
201000021356;0;7;0;0;2;4;0;B01
201000021357;1;15;0;0;2;0;0;Z01
201000021357;0;30;0;0;2;8;2;B01
201000021358;0;2;0;0;2;4;1;B01
201000021358;0;7;0;0;2;1;1;A01
201000021359;0;7;0;0;2;3;15;A01
201000021359;0;7;0;0;2;1;1;B01
201000021360;0;31;0;0;2;2;9;B01
201000021360;0;7;0;0;2;1;1;A01
201000021361;0;7;0;0;2;2;1;A01
201000021361;0;7;0;0;2;1;1;B01
201000021362;0;31;0;0;2;3;2;B01
201000021362;0;14;0;0;2;7;12;A01
201000021363;1;30;0;0;1;0;1;Z01
201000021364;1;7;0;0;1;1;13;Z01
201000021365;0;7;0;0;1;2;9;A01
201000021366;0;7;0;0;2;1;14;A01
201000021367;0;7;0;0;0;1;1;B01
201000021367;0;7;0;0;0;7;9;A01
201000021368;0;7;0;0;0;8;9;A01
201000021368;0;7;0;0;2;1;2;B01
201000021369;0;7;0;0;2;3;1;A01
201000021369;0;7;0;0;2;3;1;B01
201000021370;0;33;0;0;2;5;17;A01
201000021370;0;7;0;0;2;1;9;B01
201000021371;0;10;0;0;2;1;15;A01
201000021371;0;32;0;0;2;1;1;B01
201000021372;0;7;0;0;2;6;23;C01
201000021372;0;7;0;0;2;6;1;B01
201000021372;0;32;0;0;2;2;1;A01
201000021373;0;7;0;0;2;1;1;B01
201000021373;0;7;0;0;0;8;9;A01
201000021374;0;7;0;0;2;1;1;B01
201000021374;0;32;0;0;0;7;1;A01
201000021375;0;33;0;0;0;1;1;A01
201000021376;0;7;0;0;1;1;0;A01
201000021377;0;1;0;0;0;1;0;B01
201000021377;0;7;0;0;9;0;15;A01
201000021378;0;13;0;0;2;2;15;A01
201000021378;0;33;0;0;2;1;0;B01
201000021379;0;7;0;0;0;1;19;B01
201000021379;0;7;0;0;0;8;19;A01
201000021380;0;7;0;0;2;3;1;B01
201000021380;0;32;0;0;2;3;17;A01
201000021381;0;7;0;0;2;4;0;B01
201000021381;0;32;0;0;2;1;2;A01
201000021382;0;32;0;0;2;1;2;B01
201000021382;0;7;0;0;2;7;2;A01
201000021383;0;7;0;15;0;1;1;A01
201000021384;0;30;0;0;2;2;5;A01
201000021384;0;37;1;0;2;3;5;B01
201000021385;0;32;0;0;2;1;2;B01
201000021385;1;7;0;0;2;3;5;A01
201000021386;0;33;0;0;0;0;0;B01
201000021386;1;7;0;0;2;1;0;Z01
201000021387;1;7;0;0;2;1;0;Z01
201000021387;0;7;0;0;2;4;0;B01
201000021388;0;7;0;0;2;3;0;A01
201000021388;0;2;0;0;2;2;0;B01
201000021389;0;32;0;0;2;1;1;A01
201000021389;0;7;0;0;0;6;16;B01
201000021390;0;7;0;0;0;1;1;A01
201000021391;0;7;0;0;2;1;15;B01
201000021391;0;30;0;0;2;1;8;A01
201000021392;0;7;0;0;2;1;17;A01
201000021392;0;7;0;0;2;6;2;B01
201000021393;0;7;0;0;1;1;9;A01
201000021394;0;7;0;0;0;1;15;A01
201000021394;0;30;0;0;2;1;18;B01
201000021395;0;37;1;0;1;1;2;A01
201000021396;0;32;0;0;2;0;0;B01
201000021396;0;7;0;0;2;0;0;A01
201000021397;0;7;0;0;2;2;9;A01
201000021397;0;7;0;0;2;8;1;B01
201000021398;0;7;0;0;0;4;0;B01
201000021398;0;7;0;0;2;4;0;A01
201000021399;0;20;0;0;1;3;14;A01
201000021400;0;7;0;2;0;1;1;A01
201000021401;0;2;0;0;0;2;1;A01
201000021402;0;32;0;0;0;4;2;B01
201000021402;0;7;0;0;0;1;2;A01
201000021403;0;34;0;15;0;1;1;A01
201000021404;0;33;0;0;2;1;17;B01
201000021404;0;99;0;0;2;3;10;A01
201000021405;0;7;0;0;1;1;1;A01
201000021406;0;34;0;0;0;1;16;B01
201000021406;0;7;0;0;2;1;5;A01
201000021407;0;7;0;0;2;1;2;A01
201000021407;0;7;0;0;0;4;23;B01
201000021408;0;7;0;0;0;5;0;B01
201000021408;0;2;0;0;2;1;0;A01
201000021409;0;32;0;0;2;7;6;A01
201000021409;0;7;0;0;2;1;2;B01
201000021410;0;34;0;0;0;0;0;A01
201000021411;0;33;0;0;2;1;1;A01
201000021411;0;7;0;0;2;2;15;B01
201000021412;0;7;0;0;2;3;15;A01
201000021412;0;7;0;0;2;1;1;B01
201000021413;0;7;0;0;1;1;2;A01
201000021414;0;7;0;0;2;8;0;A01
201000021414;0;32;0;0;2;1;0;B01
201000021415;0;33;0;0;1;0;1;A01
201000021416;0;32;0;0;0;0;0;A01
201000021416;0;2;0;0;2;0;0;B01
201000021417;0;7;0;0;1;2;0;A01
201000021418;0;7;0;0;0;6;2;B01
201000021418;0;32;0;0;2;1;2;A01
201000021419;0;32;0;0;2;3;1;B01
201000021419;0;7;0;0;2;3;15;A01
201000021420;0;7;0;8;0;9;0;A01
201000021421;0;7;0;0;1;1;1;A01
201000021422;0;1;0;0;2;1;18;A01
201000021422;0;7;0;0;2;5;15;B01
201000021423;0;7;0;0;1;1;1;A01
201000021424;0;7;0;0;2;4;2;B01
201000021424;0;7;0;0;2;1;2;A01
201000021425;0;3;0;0;1;4;1;A01
201000021426;0;7;0;0;2;2;15;A01
201000021426;0;30;0;0;2;8;15;B01
201000021427;0;30;0;0;2;1;0;A01
201000021427;0;10;0;0;2;5;0;B01
201000021428;0;32;0;0;0;7;1;A01
201000021429;1;7;0;0;2;1;5;Z01
201000021429;0;30;0;0;2;3;15;A01
201000021430;0;33;0;0;2;1;2;B01
201000021430;0;7;0;0;2;5;2;A01
201000021431;0;3;0;0;0;9;2;A01
201000021432;0;7;0;0;2;2;5;A01
201000021432;0;7;0;0;2;3;1;B01
201000021433;0;7;0;0;1;3;1;A01
201000021434;0;7;0;0;2;3;0;A01
201000021434;0;7;0;0;2;1;0;B01
201000021435;0;7;0;0;2;1;1;B01
201000021435;0;2;0;0;2;7;1;A01
201000021436;0;33;0;0;1;0;1;A01
201000021437;0;7;0;0;2;4;23;A01
201000021437;1;7;0;0;2;1;2;Z01
201000021438;0;34;0;0;2;0;1;B01
201000021438;1;7;0;0;2;1;0;Z01
201000021439;0;7;0;0;2;3;16;A01
201000021439;0;31;0;0;2;5;1;B01
201000021440;0;30;0;0;2;1;17;B01
201000021440;0;7;0;0;2;8;13;A01
201000021441;0;33;0;0;1;1;1;A01
201000021442;1;7;0;6;1;0;12;Z01
201000021443;0;7;0;0;0;4;23;B01
201000021443;0;7;0;0;2;1;1;A01
201000021444;0;7;0;0;2;3;1;B01
201000021444;0;2;0;0;2;1;21;A01
201000021445;0;7;0;0;0;5;1;B01
201000021445;0;37;110;0;2;3;1;A01
201000021446;0;33;0;11;0;3;13;A01
201000021447;0;32;0;0;2;1;17;B01
201000021447;0;7;0;0;2;3;15;A01
201000021448;0;30;0;0;2;8;18;A01
201000021448;0;7;0;0;2;7;16;B01
201000021449;0;7;0;0;0;5;15;B01
201000021449;0;30;0;0;2;8;1;A01
201000021450;0;7;0;0;1;1;2;A01
201000021451;0;7;0;0;0;3;9;A01
201000021451;0;30;0;0;2;1;17;B01
201000021452;0;30;0;0;2;1;8;B01
201000021452;0;7;0;0;2;2;16;A01
201000021453;0;7;0;8;0;1;1;A01
201000021454;0;7;0;0;2;1;2;A01
201000021454;0;7;0;0;2;7;1;B01
201000021455;0;7;0;0;2;0;17;A01
201000021455;0;2;0;1;2;0;1;B01
201000021456;0;3;0;1;1;4;4;A01
201000021457;0;7;0;0;2;8;15;B01
201000021457;0;2;0;0;2;7;3;A01
201000021458;0;30;0;1;0;1;0;A01
201000021459;0;7;0;0;2;3;9;A01
201000021459;0;30;0;0;0;7;1;B01
201000021460;0;7;0;0;2;3;1;B01
201000021460;0;2;0;0;2;7;9;A01
201000021461;0;7;0;1;0;9;15;A01
201000021462;0;10;0;0;2;1;1;A01
201000021462;0;7;0;0;2;0;1;B01
201000021463;0;7;0;8;0;2;2;A01
201000021464;0;7;0;0;2;4;1;B01
201000021464;0;7;0;0;2;1;1;A01
201000021465;0;30;0;0;2;7;17;B01
201000021465;0;7;0;0;0;2;15;A01
201000021466;0;7;0;0;2;2;15;A01
201000021466;0;7;0;0;2;3;1;B01
201000021467;0;7;0;0;2;3;9;A01
201000021467;0;34;0;0;2;1;0;B01
201000021468;0;7;0;0;2;2;19;A01