num_acc;senc;catv;occutc;obs;obsm;choc;manv;num_veh
201000021468;0;32;0;0;2;1;1;B01
201000021469;0;7;0;0;2;3;2;B01
201000021469;0;7;0;0;2;1;15;A01
201000021470;0;7;0;11;1;6;4;A01
201000021471;0;7;0;0;2;8;11;A01
201000021471;0;2;0;0;2;3;17;B01
201000021472;0;7;0;0;2;1;13;A01
201000021472;0;7;0;0;0;1;1;C01
201000021472;0;7;0;0;2;1;2;B01
201000021473;0;30;0;0;2;1;17;A01
201000021473;0;7;0;0;2;3;15;B01
201000021474;0;30;0;0;2;0;1;B01
201000021474;1;7;0;0;2;1;1;Z01
201000021475;1;7;0;0;1;1;0;Z01
201000021476;0;10;0;8;1;1;0;A01
201000021477;0;7;0;0;2;1;16;A01
201000021477;0;32;0;0;2;7;1;B01
201000021478;0;2;0;14;0;1;1;A01
201000021479;0;7;0;0;1;7;1;A01
201000021480;0;7;0;0;2;1;1;A01
201000021480;0;7;0;0;0;6;23;B01
201000021481;0;32;0;0;2;5;0;B01
201000021481;1;7;0;0;2;0;0;Z01
201000021482;1;7;0;0;2;3;11;Z01
201000021482;0;7;0;0;2;2;1;A01
201000021483;0;32;0;0;2;0;1;B01
201000021483;0;7;0;0;2;0;22;A01
201000021484;0;7;0;0;2;2;15;A01
201000021484;0;7;0;0;2;1;1;B01
201000021485;0;7;0;0;2;1;2;A01
201000021485;0;37;10;0;2;4;23;B01
201000021486;0;2;0;0;2;1;17;A01
201000021486;0;7;0;0;2;8;15;B01
201000021487;0;33;0;0;2;1;17;B01
201000021487;0;7;0;0;2;1;15;A01
201000021488;0;7;0;0;0;4;1;A01
201000021489;0;7;0;0;2;1;1;B01
201000021489;0;7;0;0;2;3;1;A01
201000021490;0;7;0;0;0;8;9;B01
201000021490;0;34;0;0;0;1;17;A01
201000021491;0;2;0;0;2;1;8;B01
201000021491;0;7;0;0;2;2;15;A01
201000021492;0;7;0;0;2;8;10;A01
201000021492;0;34;0;0;2;1;1;B01
201000021493;0;7;0;0;2;1;9;A01
201000021493;0;34;0;0;2;7;17;B01
201000021494;0;7;0;1;0;2;16;A01
201000021495;0;37;15;0;1;5;23;A01
201000021496;0;7;0;0;1;1;1;A01
201000021497;0;7;0;0;1;8;23;A01
201000021498;0;10;0;0;2;1;9;A01
201000021498;0;7;0;0;2;8;1;B01
201000021499;0;7;0;0;2;3;15;B01
201000021499;0;32;0;0;2;1;17;A01
201000021500;0;33;0;0;0;0;0;A01
201000021500;0;7;0;0;0;0;0;B01
201000021501;0;2;0;0;2;1;1;B01
201000021501;0;7;0;0;2;1;15;A01
201000021502;0;7;0;0;2;4;2;B01
201000021502;0;30;0;0;2;1;2;A01
201000021503;0;7;0;0;2;3;13;A01
201000021503;0;7;0;0;2;3;1;B01
201000021504;0;7;0;0;2;9;23;B01
201000021504;0;7;0;0;2;4;23;C01
201000021504;0;7;0;0;2;0;0;A01
201000021505;0;7;0;0;0;1;15;A01
201000021506;0;7;0;0;2;6;2;B01
201000021506;0;30;0;0;2;1;2;A01
201000021507;0;7;0;0;1;6;4;A01
201000021508;0;7;0;6;0;1;1;A01
201000021509;0;32;0;0;2;1;17;B01
201000021509;0;7;0;0;2;8;10;A01
201000021510;0;7;0;0;2;3;15;A01
201000021510;0;7;0;1;0;1;2;B01
201000021511;0;7;0;0;0;3;15;A01
201000021511;0;32;0;0;0;1;1;B01
201000021512;0;32;0;14;0;8;1;A01
201000021513;0;7;0;0;0;4;23;C01
201000021513;0;7;0;0;0;4;23;B01
201000021513;0;10;0;0;0;1;2;A01
201000021514;0;7;0;0;9;0;9;A01
201000021514;0;30;0;0;2;7;9;B01
201000021515;0;7;0;0;2;8;15;A01
201000021515;0;32;0;0;2;1;1;B01
201000021516;0;7;0;0;0;2;11;A01
201000021516;0;99;0;0;2;1;5;B01
201000021517;1;7;0;0;2;1;10;Z01
201000021517;0;30;0;0;2;8;0;A01
201000021518;1;7;0;0;0;0;0;Z01
201000021518;0;30;0;0;2;1;1;A01
201000021519;1;7;0;0;1;0;0;Z01
201000021520;0;7;0;0;2;8;15;A01
201000021520;0;32;0;0;2;2;1;B01
201000021521;0;30;0;0;2;1;1;A01
201000021521;0;10;0;0;2;7;11;B01
201000021522;0;7;0;0;0;4;2;B01
201000021522;0;7;0;0;0;1;2;A01
201000021523;0;20;0;0;2;2;9;A01
201000021523;0;32;0;14;0;1;1;B01
201000021524;0;32;0;0;0;1;2;A01
201000021525;0;7;0;0;2;3;1;B01
201000021525;0;7;0;0;2;2;1;A01
201000021526;1;7;0;0;2;1;1;Z01
201000021526;0;7;0;0;2;4;1;B01
201000021527;0;7;0;0;0;1;16;B01
201000021527;0;2;0;0;0;8;5;A01
201000021528;2;7;0;3;0;2;1;A01
201000021529;0;7;0;0;0;0;1;A01
201000021529;0;7;0;0;0;0;15;B01
201000021530;0;7;0;0;2;4;1;B01
201000021530;0;30;0;0;2;1;1;A01
201000021531;0;7;0;0;1;1;1;A01
201000021532;0;7;0;0;2;8;15;A01
201000021532;0;30;0;0;2;1;17;B01
201000021533;0;7;0;0;2;3;13;A01
201000021533;0;30;0;0;2;0;17;B01
201000021534;1;7;0;0;2;1;1;Z01
201000021534;0;7;0;0;2;1;20;C01
201000021535;0;31;0;0;2;4;1;B01
201000021535;1;30;0;0;2;1;1;Z01
201000021536;1;7;0;0;1;1;0;Z01
201000021537;0;1;0;0;2;4;1;B01
201000021537;1;30;0;0;2;1;1;Z01
201000021538;1;99;0;0;1;1;0;Z01
201000021539;1;7;0;0;1;0;0;Z01
201000021540;0;32;0;14;0;7;1;A01
201000021541;0;7;0;0;0;3;15;A01
201000021541;0;40;0;0;2;2;1;B01
201000021542;0;7;0;8;0;3;0;A01
201000021543;0;33;0;0;0;2;16;A01
201000021544;0;7;0;0;0;2;5;A01
201000021544;0;1;0;0;2;1;0;B01
201000021545;0;7;0;14;0;1;10;A01
201000021545;0;33;0;0;2;8;0;B01
201000021546;0;33;0;0;2;0;14;B01
201000021546;1;7;0;0;2;0;16;Z01
201000021547;0;7;0;0;0;2;1;A01
201000021548;0;30;0;0;0;0;0;A01
201000021549;0;7;0;0;2;1;2;B01
201000021549;0;7;0;0;2;6;2;C01
201000021549;0;7;0;0;2;1;2;A01
201000021550;0;14;0;0;2;1;2;A01
201000021550;0;7;0;0;2;4;23;B01
201000021551;0;7;0;0;2;3;13;B01
201000021551;0;2;0;0;2;1;1;A01
201000021552;0;7;0;0;2;1;2;A01
201000021552;0;2;0;0;2;4;2;B01
201000021553;0;32;0;0;2;2;1;A01
201000021553;0;7;0;0;2;1;1;B01
201000021554;0;30;0;0;0;1;18;A01
201000021554;0;10;0;0;0;2;16;B01
201000021555;0;7;0;0;1;4;20;A01
201000021556;1;7;0;0;2;1;2;A01
201000021556;0;1;0;0;2;8;19;B01
201000021557;0;34;0;0;2;0;1;A01
201000021557;1;99;0;0;0;0;0;Z01
201000021558;0;7;0;12;0;1;1;A01
201000021558;0;7;0;8;0;4;0;B01
201000021559;0;7;0;11;0;2;1;A01
201000021560;0;7;0;0;1;2;0;A01
201000021561;0;7;0;0;1;1;15;A01
201000021562;0;10;0;0;0;3;1;B01
201000021562;0;2;0;0;0;1;5;A01
201000021563;0;7;0;0;2;3;15;A01
201000021563;0;30;0;0;2;1;0;B01
201000021564;0;7;0;0;2;3;16;A01
201000021564;0;7;0;0;2;3;1;B01
201000021565;0;7;0;0;1;2;1;A01
201000021566;1;7;0;0;0;0;0;A01
201000021567;0;7;0;0;2;1;1;A01
201000021567;0;7;0;0;2;6;15;B01
201000021568;0;7;0;0;2;2;2;B01
201000021568;0;7;0;0;2;6;11;A01
201000021569;0;7;0;0;2;1;5;A01
201000021569;0;7;0;0;2;1;16;B01
201000021570;0;7;0;0;1;7;4;A01
201000021571;0;33;0;0;2;1;2;B01
201000021571;0;7;0;0;2;4;12;A01
201000021572;0;7;0;0;2;8;17;A01
201000021572;0;34;0;0;2;1;1;B01
201000021573;0;7;0;0;0;4;0;B01
201000021573;0;32;0;0;2;4;0;A01
201000021574;0;7;0;0;2;8;1;B01
201000021574;0;7;0;0;2;1;1;A01
201000021575;0;7;0;8;2;1;21;A01
201000021575;0;17;0;0;0;7;1;B01
201000021576;0;7;0;0;0;0;0;A01
201000021577;0;33;0;0;0;0;1;A01
201000021578;0;7;0;0;2;7;16;A01
201000021578;0;37;1;0;2;8;1;B01
201000021579;0;30;0;0;2;1;15;A01
201000021579;0;7;0;0;2;3;15;B01
201000021580;0;7;0;0;1;1;1;A01
201000021581;0;7;0;0;1;4;4;A01
201000021582;0;31;0;0;2;8;9;A01
201000021582;0;34;0;0;2;1;1;B01
201000021583;0;7;0;0;2;3;11;B01
201000021583;0;30;0;0;2;1;12;A01
201000021584;0;7;0;0;2;3;2;B01
201000021584;0;7;0;0;2;1;2;A01
201000021585;0;7;0;0;2;4;23;B01
201000021585;0;7;0;0;2;1;2;A01
201000021586;0;7;0;0;2;2;16;B01
201000021586;0;30;0;0;2;8;18;A01
201000021587;0;7;0;1;2;3;11;A01
201000021587;0;10;0;0;2;5;0;B01
201000021588;0;2;0;0;2;8;1;B01
201000021588;0;7;0;0;2;1;1;A01
201000021589;0;32;0;8;0;1;16;A01
201000021590;0;34;0;0;2;3;0;B01
201000021590;0;7;0;0;0;7;12;A01
201000021591;0;7;0;0;2;1;1;B01
201000021591;0;7;0;0;2;7;9;A01
201000021592;0;7;0;0;2;2;2;B01
201000021592;0;30;0;0;2;3;5;A01
201000021593;0;7;0;0;0;1;0;A01
201000021593;0;7;0;0;0;4;0;B01
201000021594;0;30;0;0;9;7;1;A01
201000021595;0;7;0;1;0;1;1;A01
201000021596;0;7;0;0;2;3;15;A01
201000021596;0;32;0;0;2;2;2;B01
201000021597;0;7;0;0;2;1;1;A01
201000021597;0;33;0;0;2;8;1;B01
201000021598;0;7;0;0;2;2;2;A01
201000021598;0;7;0;0;2;1;2;C01
201000021598;0;33;0;0;2;1;2;B01
201000021599;0;2;0;0;2;3;9;A01
201000021599;0;7;0;0;2;7;9;B01
201000021600;0;7;0;0;1;0;15;A01
201000021601;0;7;0;0;2;3;9;A01
201000021601;0;7;0;0;2;1;1;B01
201000021602;0;7;0;0;2;6;15;B01
201000021602;0;30;0;0;2;2;17;A01
201000021603;0;32;0;0;2;2;17;A01
201000021603;0;7;0;0;2;3;1;B01
201000021604;0;33;0;0;0;8;0;A01
201000021604;0;7;0;0;0;8;0;B01
201000021605;0;7;0;0;1;1;1;A01
201000021606;0;7;0;0;2;1;1;B01
201000021606;0;7;0;6;2;1;19;A01
201000021607;1;7;0;0;0;0;1;A01
201000021607;0;7;0;0;0;1;1;B01
201000021607;0;7;0;0;0;8;1;C01
201000021608;1;7;0;0;2;1;1;Z01
201000021608;0;7;0;0;2;4;1;B01
201000021609;0;30;0;0;2;4;1;B01
201000021609;1;7;0;0;2;1;1;Z01
201000021609;0;7;0;0;2;1;1;C01
201000021610;0;7;0;0;2;2;1;B01
201000021610;1;7;0;0;2;6;1;Z01
201000021611;1;7;0;0;1;1;1;Z01
201000021612;0;7;0;6;0;1;0;A01
201000021613;0;2;0;0;2;1;0;B01
201000021613;0;7;0;0;2;7;9;A01
201000021614;0;7;0;0;2;4;15;B01
201000021614;0;7;0;0;2;1;1;A01
201000021615;0;7;0;0;2;1;1;B01
201000021615;0;7;0;0;2;7;0;A01
201000021616;0;7;0;0;0;4;1;B01
201000021616;1;7;0;0;2;1;0;Z01
201000021617;0;7;0;0;1;2;2;A01
201000021618;0;30;0;0;1;1;21;A01
201000021619;0;7;0;1;0;9;1;A01
201000021620;0;7;0;0;1;1;1;A01
201000021621;0;33;0;0;2;2;16;A01
201000021621;0;7;0;0;2;8;1;B01
201000021622;0;30;0;0;0;0;21;A01
201000021622;0;7;0;0;0;0;0;B01
201000021623;0;7;0;0;2;1;2;A01
201000021623;0;7;0;0;2;4;23;B01
201000021624;0;7;0;0;2;3;10;A01
201000021624;0;32;0;0;2;1;17;B01
201000021625;0;2;0;0;0;0;15;A01
201000021626;0;7;0;0;2;6;2;A01
201000021626;0;2;0;0;2;1;2;B01
201000021627;0;7;0;0;2;3;1;B01
201000021627;0;17;0;0;2;8;0;A01
201000021628;0;7;0;0;1;1;15;A01
201000021629;0;14;0;0;0;7;0;A01
201000021629;0;7;0;0;2;1;0;B01
201000021630;0;33;0;0;2;4;2;B01
201000021630;0;34;0;0;2;1;2;A01
201000021631;0;32;0;0;2;1;1;A01
201000021631;0;7;0;0;0;8;9;B01
201000021632;0;30;0;0;2;1;1;A01
201000021633;0;7;0;0;2;4;2;C01
201000021633;0;7;0;0;2;1;2;A01
201000021633;0;10;0;0;2;1;2;B01
201000021634;0;33;0;0;2;1;13;A01
201000021634;0;14;0;0;2;1;1;B01
201000021635;0;7;0;0;1;2;2;A01
201000021636;0;7;0;0;2;2;0;A01
201000021636;0;30;0;0;2;7;0;B01
201000021637;0;7;0;0;0;4;20;B01
201000021637;0;34;0;0;2;1;0;A01
201000021638;0;7;0;0;2;1;0;A01
201000021638;0;33;0;0;2;0;0;B01
201000021639;0;7;0;0;2;2;0;A01
201000021639;0;32;0;0;2;0;0;B01
201000021640;0;7;0;0;1;2;14;A01
201000021641;0;33;0;0;2;0;0;A01
201000021641;0;7;0;0;2;1;0;B01
201000021642;0;30;0;8;0;1;21;B01
201000021642;0;7;0;0;0;0;10;A01
201000021643;0;38;1;0;2;1;2;B01
201000021643;0;7;0;0;2;8;1;A01
201000021644;0;7;0;0;2;2;20;A01
201000021644;0;7;0;0;2;8;2;B01
201000021645;0;7;0;0;2;1;2;A01
201000021645;0;7;0;0;2;2;2;B01
201000021646;0;7;0;0;2;1;0;A01
201000021646;0;7;0;0;0;8;0;B01
201000021647;0;2;0;0;2;0;0;A01
201000021647;0;7;0;0;0;3;0;B01
201000021648;0;33;0;0;0;8;1;A01
201000021649;0;7;0;0;2;4;1;A01
201000021649;0;7;0;0;0;4;23;B01
201000021650;0;7;0;0;2;2;15;A01
201000021650;0;31;0;0;2;1;1;B01
201000021651;0;33;0;9;0;1;2;A01
201000021652;0;7;0;0;1;1;1;A01
201000021653;0;7;0;0;2;8;9;B01
201000021653;0;7;0;0;2;9;1;A01
201000021654;0;7;0;0;2;1;15;A01
201000021654;0;31;0;0;2;3;1;B01
201000021655;0;7;0;0;2;6;4;A01
201000021655;0;30;0;0;2;1;1;B01
201000021656;0;31;0;12;0;1;0;A01
201000021657;2;7;0;0;1;2;1;Z01
201000021658;0;15;0;0;0;8;1;A01
201000021659;1;7;0;0;1;0;0;Z01
201000021660;0;1;0;0;0;2;0;B01
201000021660;1;7;0;0;0;0;0;Z01
201000021661;1;31;0;0;2;0;0;Z01
201000021661;0;33;0;0;2;0;0;B01
201000021662;0;7;0;0;2;8;15;B01
201000021662;1;7;0;0;2;7;17;Z01
201000021663;0;7;0;0;2;1;19;A01
201000021663;0;7;0;0;2;1;15;B01
201000021664;0;20;0;8;0;2;1;A01
201000021665;0;7;0;0;1;1;1;A01
201000021666;0;32;0;0;2;9;21;A01
201000021666;0;30;0;0;2;3;9;B01
201000021667;0;2;0;0;0;1;11;B01
201000021667;0;7;0;0;2;8;0;A01
201000021668;0;7;0;1;2;1;5;A01
201000021669;0;7;0;0;2;8;17;B01
201000021669;0;32;0;0;2;1;2;A01
201000021670;0;7;0;0;2;5;1;B01
201000021670;0;33;0;0;2;1;0;A01
201000021671;0;30;0;0;1;3;1;A01
201000021672;1;7;0;0;0;0;0;Z01
201000021672;0;7;0;0;0;2;1;A01
201000021673;0;32;0;0;2;8;18;B01
201000021673;0;7;0;0;0;7;20;A01
201000021674;0;32;0;0;2;8;23;B01
201000021674;0;10;0;6;2;1;21;A01
201000021675;0;30;0;0;2;7;0;B01
201000021675;0;7;0;0;2;1;1;A01
201000021676;0;7;0;0;2;1;1;B01
201000021676;0;2;0;0;0;5;1;A01
201000021677;0;32;0;0;2;1;0;B01
201000021677;0;7;0;0;2;2;17;A01
201000021678;0;32;0;0;2;1;1;A01
201000021678;0;7;0;0;2;2;10;B01
201000021679;0;30;0;0;2;4;2;B01
201000021679;0;7;0;0;2;1;2;A01
201000021680;0;7;0;0;1;3;1;A01
201000021681;0;7;0;0;0;1;0;A01
201000021681;0;7;0;0;1;4;1;B01
201000021682;0;30;0;0;0;1;2;A01
201000021682;0;7;0;0;0;4;2;B01
201000021683;0;7;0;1;1;1;2;A01
201000021684;0;7;0;0;2;3;15;A01
201000021684;0;33;0;0;2;7;15;B01
201000021685;0;7;0;0;2;3;1;B01
201000021685;0;33;0;0;2;2;1;A01
201000021686;0;7;0;0;1;1;1;A01
201000021687;0;2;0;0;2;8;2;A01
201000021687;0;32;0;0;0;2;0;B01
201000021688;0;30;0;0;2;1;1;A01
201000021688;0;7;0;0;2;3;1;B01
201000021689;0;37;0;0;2;3;1;B01
201000021689;0;7;0;0;2;2;15;A01
201000021690;0;30;0;0;0;0;18;A01
201000021690;0;15;0;0;0;0;12;B01
201000021691;0;7;0;0;2;2;16;A01
201000021691;0;32;0;0;2;6;7;B01
201000021692;0;7;0;0;2;4;2;B01
201000021692;0;10;0;0;2;1;2;A01
201000021693;0;7;0;0;2;1;0;A01
201000021693;0;7;0;0;2;4;2;B01
201000021694;1;7;0;0;2;1;2;Z01
201000021694;0;7;0;0;2;4;23;A01
201000021695;0;7;0;0;2;1;15;A01
201000021695;0;30;0;0;2;1;1;B01
201000021696;0;7;0;0;2;3;15;A01
201000021696;0;7;0;0;2;2;1;B01
201000021697;0;7;0;0;1;7;1;A01
201000021698;0;7;0;0;2;1;9;B01
201000021698;0;34;0;0;2;2;5;A01
201000021699;0;7;0;0;2;1;1;B01
201000021699;0;7;0;0;2;1;1;A01
201000021700;0;7;0;0;2;1;0;A01
201000021700;0;32;0;0;2;4;0;B01
201000021701;0;7;0;0;2;8;0;B01
201000021701;0;33;0;0;2;1;2;A01
201000021702;0;33;0;0;2;8;1;A01
201000021702;0;7;0;0;2;3;15;B01
201000021703;0;7;0;0;2;4;4;A01
201000021703;0;30;0;0;2;1;23;B01
201000021704;0;7;0;0;1;1;1;A01
201000021705;0;7;0;0;2;3;1;B01
201000021705;0;7;0;0;0;3;11;A01
201000021706;0;32;0;0;2;1;1;B01
201000021706;0;7;0;0;2;2;13;A01
201000021707;0;7;0;0;2;1;1;B01
201000021707;0;7;0;0;2;4;4;A01
201000021708;0;32;0;8;0;1;16;A01
201000021709;0;7;0;0;1;3;15;A01
201000021710;0;10;0;0;2;4;1;B01
201000021711;0;30;0;0;2;1;1;B01
201000021711;1;7;0;0;2;4;4;Z01
201000021712;0;7;0;0;2;1;15;A01
201000021712;0;7;0;0;2;1;1;B01
201000021713;0;33;0;0;0;0;1;A01
201000021714;0;7;0;0;0;0;4;A01
201000021715;0;7;0;0;2;1;1;A01
201000021715;0;7;0;0;2;3;2;B01
201000021716;0;7;0;0;2;3;9;C01
201000021716;1;7;0;0;2;0;0;A01
201000021716;0;7;0;0;2;4;23;B01
201000021717;0;7;0;0;1;6;1;A01
201000021718;0;7;0;0;4;5;1;A01
201000021718;0;40;0;0;2;1;1;B01
201000021719;0;30;0;0;0;4;23;B01
201000021719;0;7;0;0;2;2;2;A01
201000021720;0;7;0;0;0;0;1;A01
201000021720;0;7;0;0;0;6;9;B01
201000021721;0;7;0;0;0;4;0;B01
201000021721;0;7;0;0;0;0;0;C01
201000021721;0;7;0;0;0;1;0;A01
201000021722;0;10;0;0;2;3;15;B01
201000021722;0;7;0;0;2;1;2;A01
201000021723;0;7;0;0;2;3;15;A01
201000021723;0;32;0;0;2;2;2;B01
201000021724;0;7;0;0;1;2;1;A01
201000021725;0;7;0;0;0;4;2;C01
201000021725;0;7;0;0;2;4;2;B01
201000021725;0;7;0;0;2;1;2;A01
201000021726;0;7;0;0;2;8;2;A01
201000021726;0;34;0;0;2;7;17;B01
201000021727;0;32;0;0;2;3;1;A01
201000021727;0;7;0;0;2;5;16;B01
201000021728;0;7;0;0;2;5;16;A01
201000021728;0;30;0;0;2;8;1;B01
201000021729;0;7;0;0;2;7;1;A01
201000021729;0;7;0;0;2;1;1;B01
201000021730;2;7;0;0;2;1;2;A01
201000021730;0;7;0;0;0;4;23;B01
201000021731;0;7;0;0;2;3;1;C01
201000021731;0;7;0;0;2;3;1;B01
201000021731;0;32;0;0;2;1;0;A01
201000021732;0;7;0;0;2;4;4;A01
201000021732;0;33;0;0;2;9;9;B01
201000021733;0;7;0;0;2;1;0;B01
201000021733;0;7;0;0;2;4;0;A01
201000021734;0;7;0;0;2;2;1;A01
201000021734;0;7;0;0;2;8;15;B01
201000021735;0;7;0;0;0;4;1;B01
201000021735;0;7;0;0;2;1;2;A01
201000021736;0;7;0;0;1;1;1;A01
201000021737;0;7;0;0;0;1;1;B01
201000021737;0;7;0;1;2;1;1;A01
201000021737;0;7;0;0;0;1;0;C01
201000021737;0;31;0;0;0;1;1;D01
201000021738;0;7;0;6;0;1;1;A01
201000021739;0;15;0;2;1;2;0;A01
201000021740;0;10;0;0;2;0;0;A01
201000021740;0;7;0;1;0;1;13;B01
201000021740;0;10;0;0;2;4;24;C01
201000021741;0;32;0;0;0;8;1;A01
201000021742;0;7;0;0;2;2;15;A01
201000021742;0;2;0;0;2;1;1;B01
201000021743;0;33;0;11;0;1;0;A01
201000021744;0;37;1;0;2;1;0;A01
201000021744;0;37;1;0;2;3;0;B01
201000021745;0;7;0;0;2;4;0;B01
201000021745;0;7;0;0;2;2;1;A01
201000021746;0;7;0;0;2;1;0;A01
201000021746;0;7;0;0;2;3;0;B01
201000021747;0;99;0;0;1;4;4;A01
201000021748;0;30;0;0;2;1;1;A01
201000021748;0;7;0;0;2;3;1;B01
201000021749;0;7;0;0;2;4;1;B01
201000021749;0;7;0;0;2;1;1;A01
201000021750;0;32;0;0;2;7;0;B01
201000021750;0;7;0;0;2;3;0;A01
201000021751;0;32;0;0;2;2;5;A01
201000021751;0;7;0;0;2;1;15;B01
201000021752;0;7;0;0;2;3;6;A01
201000021752;0;1;0;0;2;1;17;B01
201000021753;1;33;0;0;2;5;15;Z01
201000021753;0;33;0;0;2;2;1;A01
201000021754;1;7;0;0;1;0;0;Z01
201000021755;0;14;0;0;0;0;16;A01
201000021756;0;7;0;0;2;1;1;B01
201000021756;0;7;0;0;2;1;1;A01
201000021757;1;7;0;0;2;1;1;Z01
201000021757;0;13;0;0;2;4;1;B01
201000021758;1;7;0;0;2;7;17;Z01
201000021758;0;30;0;0;2;8;1;B01
201000021759;0;33;0;0;2;7;1;B01
201000021759;1;14;0;0;2;7;12;Z01
201000021760;0;7;0;0;2;1;2;A01
201000021760;0;7;0;0;2;4;15;B01
201000021761;0;7;0;0;2;3;15;A01
201000021761;0;33;0;0;2;1;0;B01
201000021762;0;30;0;0;2;1;17;A01
201000021762;0;7;0;0;2;3;15;B01
201000021763;0;7;0;0;0;6;22;A01
201000021763;0;2;0;0;2;1;17;B01
201000021764;0;7;0;0;0;4;4;A01
201000021765;0;32;0;0;0;2;17;A01
201000021765;1;99;0;0;0;0;17;Z01
201000021766;1;7;0;0;1;3;15;Z01
201000021767;0;7;0;0;1;2;9;A01
201000021768;0;30;0;0;2;8;0;A01
201000021768;0;7;0;0;2;7;16;B01
201000021769;0;30;0;0;2;1;2;A01
201000021769;0;7;0;0;2;7;16;B01
201000021770;0;2;0;0;2;1;16;A01
201000021770;0;7;0;0;2;2;15;B01
201000021771;0;32;0;0;1;1;0;A01
201000021772;0;13;0;0;2;6;15;B01
201000021772;0;7;0;0;2;2;0;A01
201000021773;0;7;0;0;2;4;1;C01
201000021773;0;7;0;0;2;1;2;A01
201000021773;0;7;0;0;2;4;1;B01
201000021774;0;33;0;0;0;1;1;A01
201000021775;0;7;0;0;2;6;23;B01
201000021775;0;7;0;0;2;2;1;A01
201000021776;0;34;0;0;2;1;1;B01
201000021776;1;7;0;0;2;1;14;Z01
201000021777;0;7;0;6;0;3;16;A01
201000021778;0;7;0;0;1;3;1;A01
201000021779;0;30;0;0;2;1;21;A01
201000021779;0;7;0;0;2;1;1;B01
201000021780;0;7;0;0;2;3;0;C01
201000021780;0;7;0;0;2;3;1;B01
201000021780;0;31;0;0;2;1;19;A01
201000021781;1;7;0;0;1;1;1;Z01
201000021782;0;7;0;0;2;6;12;A01
201000021782;0;30;0;0;2;6;1;B01
201000021783;0;7;0;14;0;1;0;B01
201000021784;0;7;0;0;2;1;15;A01
201000021784;0;31;0;0;2;7;1;B01
201000021785;0;2;0;0;2;1;0;C01
201000021785;0;2;0;0;2;1;13;A01
201000021785;0;32;0;0;2;3;1;B01
201000021786;0;13;0;0;2;3;1;B01
201000021786;0;30;0;0;2;1;1;A01
201000021787;0;7;0;0;2;2;11;A01
201000021787;0;30;0;0;2;8;1;B01
201000021788;0;7;0;0;1;1;0;A01
201000021789;0;2;0;14;0;1;2;A01
201000021789;0;7;0;0;0;6;20;B01
201000021790;0;32;0;0;2;5;1;B01
201000021790;0;7;0;0;2;3;1;A01
201000021791;0;33;0;0;0;9;2;A01
201000021791;0;7;0;5;0;3;2;B01
201000021792;1;7;0;0;0;0;0;Z01
201000021792;0;30;0;0;0;7;2;A01
201000021793;0;7;0;0;2;3;1;B01
201000021793;0;30;0;0;2;1;1;A01
201000021794;0;7;0;0;0;4;1;C01
201000021794;0;7;0;0;0;1;1;A01
201000021794;0;7;0;0;0;4;1;B01
201000021795;0;7;0;0;0;6;2;B01
201000021795;0;32;0;0;2;1;21;A01
201000021796;0;7;0;0;2;8;15;B01
201000021796;0;33;0;0;2;2;17;A01
201000021797;1;7;0;0;2;0;17;Z01
201000021797;0;7;0;0;2;0;1;B01
201000021798;0;7;0;0;2;1;1;A01
201000021798;0;37;1;0;2;6;1;B01
201000021799;0;33;0;0;2;2;2;B01
201000021799;0;7;0;0;2;6;0;A01
201000021800;0;7;0;0;1;2;1;A01
201000021801;0;7;0;0;1;6;4;A01
201000021802;1;7;0;0;2;1;1;Z01
201000021802;0;7;0;0;2;4;1;B01
201000021803;0;7;0;0;2;8;1;A01
201000021803;0;7;0;0;2;3;1;B01
201000021804;0;2;0;0;2;3;10;A01
201000021804;0;7;0;0;2;3;10;B01
201000021805;0;7;0;0;2;1;0;B01
201000021805;0;7;0;0;2;8;10;A01
201000021806;0;31;0;0;1;1;1;A01
201000021807;1;30;0;0;1;1;1;Z01
201000021808;0;7;0;0;2;4;1;B01
201000021808;1;7;0;0;2;1;0;Z01
201000021809;0;32;0;12;2;9;0;B01
201000021809;0;7;0;0;2;1;0;A01
201000021810;0;7;0;0;2;2;11;A01
201000021810;0;7;0;0;2;3;19;B01
201000021811;0;7;0;0;1;3;20;A01
201000021812;0;7;0;0;2;2;15;A01
201000021812;0;33;0;0;2;1;1;B01
201000021813;0;7;0;0;0;8;1;B01
201000021813;0;7;0;0;2;1;0;A01
201000021814;1;7;0;0;2;1;1;Z01
201000021814;0;7;0;0;2;4;1;B01
201000021815;0;7;0;0;2;1;1;C01
201000021815;0;7;0;0;2;6;21;A01
201000021815;0;32;0;0;2;2;17;B01
201000021816;0;7;0;15;0;1;1;A01
201000021817;0;7;0;0;1;2;15;A01
201000021818;0;7;0;6;1;1;11;A01
201000021819;0;7;0;0;2;3;9;A01
201000021819;0;33;0;0;2;1;0;B01
201000021820;0;7;0;0;0;4;2;B01
201000021820;0;7;0;4;2;9;2;A01
201000021821;0;7;0;8;0;1;1;A01
201000021822;0;10;0;0;1;3;1;A01
201000021823;0;7;0;0;1;2;1;A01
201000021824;0;33;0;0;2;1;7;A01
201000021824;0;7;0;0;2;5;11;B01
201000021825;0;34;0;0;2;1;1;B01
201000021825;0;7;0;0;2;2;15;A01
201000021826;0;7;0;0;1;2;1;A01
201000021827;0;7;0;0;2;1;2;A01
201000021827;0;7;0;0;2;4;2;B01