num_acc;senc;catv;occutc;obs;obsm;choc;manv;num_veh
201000021828;0;7;0;0;2;8;1;B01
201000021828;0;32;0;0;2;1;14;A01
201000021829;0;7;0;0;2;4;2;A01
201000021829;0;7;0;0;2;1;1;B01
201000021830;0;7;0;0;2;3;1;B01
201000021830;0;34;0;0;2;1;1;A01
201000021830;0;7;0;0;2;1;24;C01
201000021831;0;30;0;0;0;8;0;A01
201000021832;0;34;0;0;0;1;0;A01
201000021832;0;7;0;0;0;6;0;C01
201000021832;0;33;0;0;0;4;0;B01
201000021833;0;2;0;0;0;9;11;A01
201000021834;0;7;0;0;2;8;1;B01
201000021834;0;7;0;0;2;1;1;A01
201000021835;0;7;0;0;2;5;1;B01
201000021835;0;30;0;0;2;1;1;A01
201000021836;0;2;0;0;2;1;2;A01
201000021836;0;7;0;0;2;3;0;B01
201000021837;0;33;0;0;2;1;2;B01
201000021837;0;7;0;0;1;3;2;A01
201000021838;0;33;0;0;0;1;0;A01
201000021838;0;7;0;0;0;5;1;B01
201000021839;1;7;0;0;2;1;0;Z01
201000021839;0;30;0;0;2;1;1;B01
201000021840;0;32;0;0;2;1;1;B01
201000021840;1;7;0;0;2;6;19;Z01
201000021841;0;30;0;0;2;4;2;A01
201000021841;1;7;0;0;2;1;2;Z01
201000021842;0;7;0;0;2;5;15;A01
201000021842;0;33;0;0;2;1;1;B01
201000021843;0;7;0;0;2;4;1;C01
201000021843;0;7;0;0;2;4;1;B01
201000021843;0;7;0;0;0;1;2;A01
201000021844;0;17;0;0;2;0;0;B01
201000021844;0;32;0;0;9;0;0;A01
201000021845;0;7;0;0;2;4;23;C01
201000021845;0;13;0;0;2;1;1;A01
201000021845;0;7;0;0;2;9;23;B01
201000021846;0;7;0;0;2;7;16;A01
201000021846;0;1;0;0;2;8;6;B01
201000021847;0;33;0;0;0;0;1;A01
201000021848;0;7;0;0;2;1;1;A01
201000021848;0;34;0;0;2;3;1;B01
201000021849;0;34;0;0;2;1;1;A01
201000021849;0;7;0;0;0;5;1;B01
201000021850;0;7;0;0;2;1;1;A01
201000021850;0;7;0;0;2;4;23;B01
201000021851;0;7;0;0;2;1;13;A01
201000021851;0;14;0;0;2;3;1;B01
201000021852;0;7;0;0;0;2;10;A01
201000021852;0;7;0;0;2;3;1;B01
201000021853;0;32;0;0;0;0;1;A01
201000021854;0;1;0;0;2;8;2;B01
201000021854;1;7;0;0;9;7;2;A01
201000021855;0;7;0;0;2;2;1;B01
201000021855;1;2;0;0;2;0;0;Z01
201000021856;0;7;0;0;2;6;15;B01
201000021856;2;7;0;0;2;2;1;A01
201000021857;0;7;0;0;2;6;15;A01
201000021857;1;7;0;0;1;3;13;Z01
201000021858;2;7;0;0;2;1;10;A01
201000021858;0;10;0;0;2;8;1;B01
201000021859;0;34;0;0;2;8;2;A01
201000021859;0;7;0;0;2;7;2;B01
201000021860;1;30;0;0;1;2;7;Z01
201000021861;1;10;0;0;0;0;0;A01
201000021862;1;7;0;0;1;1;16;Z01
201000021863;1;7;0;0;0;0;0;Z01
201000021864;0;34;0;0;2;6;1;B01
201000021864;0;7;0;0;2;8;15;A01
201000021865;0;30;0;8;0;0;15;A01
201000021866;0;7;0;0;2;4;1;B01
201000021866;0;7;0;0;2;1;1;A01
201000021867;0;32;0;0;2;1;1;A01
201000021867;0;7;0;0;2;3;1;B01
201000021868;0;7;0;0;2;4;0;B01
201000021868;0;7;0;0;2;1;2;A01
201000021869;0;10;0;0;2;1;1;A01
201000021869;0;10;0;0;2;4;2;B01
201000021870;0;30;0;0;1;1;1;A01
201000021871;0;7;0;0;1;0;1;Z01
201000021872;0;32;0;0;0;7;1;B01
201000021872;0;7;0;0;0;3;11;A01
201000021873;0;33;0;0;2;7;1;B01
201000021873;0;30;0;0;0;2;1;A01
201000021874;0;32;0;0;2;4;1;B01
201000021874;1;7;0;0;2;0;13;Z01
201000021875;1;30;0;0;0;0;5;Z01
201000021875;0;32;0;0;2;8;15;B01
201000021876;0;33;0;0;2;1;1;B01
201000021876;0;7;0;0;2;2;15;A01
201000021877;0;2;0;1;0;2;1;A01
201000021878;0;7;0;0;2;8;1;A01
201000021878;1;7;0;0;0;0;0;Z01
201000021879;0;7;0;0;2;4;1;C01
201000021879;0;7;0;0;2;6;2;B01
201000021879;0;7;0;0;2;1;2;A01
201000021880;0;7;0;0;2;7;16;B01
201000021880;0;33;0;0;2;1;2;A01
201000021881;1;7;0;0;1;0;0;A01
201000021882;0;7;0;0;2;4;2;B01
201000021882;0;7;0;0;2;1;2;A01
201000021882;0;7;0;0;2;4;2;C01
201000021882;0;7;0;0;2;4;2;D01
201000021883;0;31;0;0;9;2;21;A01
201000021883;0;2;0;0;2;3;0;B01
201000021884;0;7;0;0;2;2;14;A01
201000021884;0;30;0;0;2;1;1;B01
201000021885;0;30;0;0;2;1;2;A01
201000021885;0;7;0;0;2;4;1;B01
201000021886;2;34;0;0;2;1;1;A01
201000021886;0;7;0;0;2;3;1;B01
201000021887;0;7;0;0;1;4;4;A01
201000021888;0;32;0;0;0;1;1;A01
201000021889;0;7;0;0;2;1;15;A01
201000021889;0;31;0;0;2;3;1;B01
201000021890;0;2;0;0;2;2;1;A01
201000021890;0;7;0;0;2;3;1;B01
201000021891;0;15;0;0;2;2;1;A01
201000021891;0;7;0;0;2;8;1;B01
201000021892;0;33;0;0;2;1;17;B01
201000021892;0;7;0;0;2;8;15;A01
201000021893;0;32;0;0;0;1;1;B01
201000021893;0;7;0;0;0;3;15;A01
201000021894;1;7;0;0;1;2;0;Z01
201000021895;1;7;0;0;2;2;1;Z01
201000021895;0;30;0;0;2;6;1;A01
201000021896;1;7;0;0;2;0;15;Z01
201000021896;0;34;0;0;2;0;1;B01
201000021897;0;32;0;0;2;4;1;C01
201000021897;1;7;0;0;2;1;1;Z01
201000021897;0;7;0;0;2;4;0;B01
201000021898;0;33;0;6;0;0;1;A01
201000021899;0;7;0;9;0;2;1;A01
201000021900;0;7;0;0;2;8;15;A01
201000021900;0;33;0;0;2;7;15;B01
201000021901;0;3;0;0;2;5;1;A01
201000021901;1;7;0;0;2;3;18;Z01
201000021902;0;33;0;0;2;1;2;B01
201000021902;0;30;0;0;2;1;13;A01
201000021903;1;7;0;0;2;1;2;Z01
201000021903;0;7;0;0;2;4;2;A01
201000021904;1;7;0;0;2;5;17;Z01
201000021904;0;30;0;0;0;3;1;A01
201000021905;0;7;0;0;2;4;2;B01
201000021905;0;33;0;0;2;1;2;A01
201000021906;0;7;0;0;2;5;15;A01
201000021906;0;7;0;0;2;1;1;B01
201000021907;0;30;0;0;2;8;18;A01
201000021907;0;7;0;0;2;5;1;C01
201000021907;0;30;0;0;2;2;1;B01
201000021908;0;7;0;0;2;3;1;B01
201000021908;0;1;0;0;2;1;14;A01
201000021909;0;7;0;0;1;3;1;A01
201000021910;0;30;0;0;2;8;1;A01
201000021910;0;7;0;0;2;1;15;B01
201000021911;0;7;0;0;2;7;2;B01
201000021911;0;7;0;0;2;1;0;A01
201000021912;0;7;0;1;0;1;1;A01
201000021913;0;33;0;0;0;1;21;A01
201000021913;1;7;0;0;0;0;0;Z01
201000021914;0;17;0;0;2;6;2;B01
201000021914;0;31;0;0;2;1;2;A01
201000021915;0;32;0;0;2;1;1;A01
201000021916;0;7;0;0;1;2;1;A01
201000021917;0;7;0;0;2;4;4;A01
201000021917;0;33;0;0;2;0;1;B01
201000021918;0;7;0;0;2;8;1;A01
201000021918;0;32;0;0;2;1;1;B01
201000021919;0;7;0;0;2;1;1;B01
201000021919;0;7;0;0;2;7;15;A01
201000021920;0;2;0;0;2;7;1;B01
201000021920;1;7;0;0;2;0;0;Z01
201000021921;0;14;0;0;2;1;2;A01
201000021921;0;7;0;0;2;4;23;B01
201000021922;0;33;0;0;2;1;1;B01
201000021922;1;7;0;0;2;7;0;Z01
201000021923;0;7;0;0;0;4;23;C01
201000021923;0;10;0;0;2;1;2;A01
201000021923;0;7;0;0;2;4;23;B01
201000021924;0;7;0;0;1;4;4;A01
201000021925;0;1;0;0;2;1;1;B01
201000021925;0;7;0;0;2;2;1;A01
201000021926;1;7;0;0;2;1;1;Z01
201000021926;0;2;0;0;2;0;1;B01
201000021927;0;33;0;0;2;0;1;B01
201000021927;1;7;0;0;2;0;14;Z01
201000021928;1;7;0;0;1;1;0;Z01
201000021929;1;7;0;0;1;1;1;Z01
201000021930;0;10;0;0;2;7;15;A01
201000021930;0;2;0;0;2;8;1;B01
201000021931;0;37;0;0;2;7;15;A01
201000021931;0;7;0;0;2;1;23;B01
201000021932;0;10;0;0;2;1;1;C01
201000021932;0;7;0;0;2;4;1;A01
201000021932;0;7;0;0;2;4;1;B01
201000021933;0;33;0;0;2;8;1;B01
201000021933;0;7;0;0;2;3;15;A01
201000021934;0;37;0;0;1;0;1;A01
201000021935;0;32;0;0;1;9;1;A01
201000021936;0;7;0;0;2;2;15;A01
201000021936;0;34;0;0;2;1;1;B01
201000021937;0;7;0;0;2;1;0;A01
201000021937;0;32;0;0;2;8;0;B01
201000021938;0;7;0;0;2;2;1;B01
201000021938;0;7;0;0;2;5;4;A01
201000021939;0;7;0;0;2;7;12;B01
201000021939;0;32;0;0;2;8;16;A01
201000021940;0;7;0;0;2;4;1;B01
201000021940;1;7;0;0;2;1;1;Z01
201000021941;0;7;0;8;0;1;21;A01
201000021941;0;7;0;0;0;0;15;B01
201000021942;0;10;0;0;2;4;1;B01
201000021942;0;33;0;1;2;1;0;A01
201000021943;0;30;0;0;2;1;1;A01
201000021943;0;7;0;0;0;3;0;B01
201000021944;0;7;0;0;2;1;1;A01
201000021944;0;7;0;0;2;4;1;B01
201000021945;0;32;0;0;0;1;1;B01
201000021945;0;7;0;0;0;3;19;A01
201000021946;0;7;0;0;2;1;1;A01
201000021946;0;7;0;0;2;4;1;B01
201000021947;0;31;0;0;2;1;2;A01
201000021947;0;10;0;0;2;5;1;B01
201000021948;0;7;0;15;0;1;11;A01
201000021948;0;7;0;0;0;0;19;B01
201000021949;0;7;0;0;0;0;19;A01
201000021949;0;31;0;0;0;0;1;B01
201000021950;0;7;0;0;2;1;13;A01
201000021950;0;7;0;6;2;8;1;C01
201000021950;0;32;0;0;2;1;1;D01
201000021950;0;7;0;10;2;8;1;B01
201000021951;0;7;0;0;1;5;1;A01
201000021952;0;7;0;0;2;3;15;A01
201000021952;0;32;0;0;2;9;1;B01
201000021953;0;7;0;0;1;3;1;A01
201000021954;0;7;0;0;0;5;23;B01
201000021954;0;35;0;0;2;1;2;A01
201000021955;0;7;0;0;2;5;9;A01
201000021955;0;33;0;0;2;1;1;B01
201000021956;0;7;0;0;2;1;17;A01
201000021956;0;7;0;0;0;3;15;B01
201000021957;0;7;0;0;2;3;1;B01
201000021957;0;7;0;0;2;1;13;A01
201000021958;0;33;0;0;0;4;1;B01
201000021958;0;7;0;0;2;2;16;A01
201000021959;0;31;0;0;2;1;1;C01
201000021959;0;34;0;0;2;1;1;A01
201000021959;0;7;0;0;2;0;1;B01
201000021960;0;7;0;0;1;2;0;A01
201000021961;1;32;0;0;1;1;0;Z01
201000021962;0;7;0;0;2;0;16;B01
201000021962;0;31;0;0;2;0;21;A01
201000021963;0;7;0;0;2;7;13;A01
201000021963;0;33;0;0;0;8;1;B01
201000021964;0;30;0;0;2;0;13;A01
201000021964;0;31;0;0;2;0;24;B01
201000021965;0;33;0;0;2;1;21;B01
201000021965;0;7;0;0;2;8;15;A01
201000021966;0;7;0;0;2;5;15;B01
201000021966;0;32;0;0;2;1;1;A01
201000021967;0;7;0;0;2;1;2;A01
201000021967;0;7;0;0;2;4;2;B01
201000021968;0;31;0;0;2;1;16;B01
201000021968;0;7;0;0;2;3;5;A01
201000021969;0;7;0;0;1;2;1;A01
201000021970;0;7;0;0;2;1;15;A01
201000021970;0;32;0;0;2;1;17;B01
201000021971;0;7;0;0;2;1;2;A01
201000021971;0;7;0;0;0;4;2;B01
201000021972;0;7;0;0;1;1;2;A01
201000021973;0;7;0;0;2;4;23;B01
201000021973;0;7;0;0;2;3;1;A01
201000021974;1;30;0;0;1;1;0;Z01
201000021975;0;30;0;0;2;1;0;A01
201000021975;0;7;0;0;2;1;1;B01
201000021976;0;32;0;0;1;2;1;A01
201000021977;0;7;0;0;1;0;9;A01
201000021978;0;7;0;0;1;1;1;A01
201000021979;0;33;0;0;2;8;23;B01
201000021979;0;37;0;1;0;5;8;A01
201000021980;0;33;0;0;2;3;0;B01
201000021980;1;7;0;0;2;0;5;Z01
201000021981;0;7;0;0;0;6;2;B01
201000021981;0;7;0;0;2;1;2;A01
201000021982;0;2;0;0;2;1;1;A01
201000021982;0;34;0;0;2;1;15;B01
201000021983;0;1;0;0;2;1;0;B01
201000021983;0;7;0;0;0;7;0;A01
201000021984;0;7;0;0;0;3;19;B01
201000021984;0;7;0;0;0;1;1;A01
201000021985;0;7;0;0;2;1;1;A01
201000021985;0;2;0;0;0;4;23;B01
201000021986;0;7;0;0;1;1;1;A01
201000021987;0;7;0;0;0;4;23;B01
201000021987;0;10;0;0;2;1;2;A01
201000021988;0;33;0;0;2;1;1;B01
201000021988;0;7;0;0;2;2;10;A01
201000021989;0;7;0;0;2;0;0;A01
201000021989;0;7;0;0;2;0;0;B01
201000021990;0;7;0;0;1;2;1;A01
201000021991;0;7;0;0;1;4;20;A01
201000021992;0;7;0;0;0;0;0;A01
201000021993;0;34;0;8;0;1;1;A01
201000021994;0;7;0;0;1;1;1;A01
201000021995;1;7;0;0;2;6;0;Z01
201000021995;0;32;0;0;2;2;1;B01
201000021996;0;30;0;1;0;0;0;A01
201000021997;0;30;0;0;1;1;2;A01
201000021998;0;33;0;0;2;1;0;A01
201000021998;0;7;0;0;2;8;0;B01
201000021999;0;7;0;0;2;4;1;A01
201000021999;0;7;0;15;2;4;15;B01
201000021999;0;7;0;0;2;6;1;C01
201000022000;0;7;0;1;1;1;20;A01
201000022001;0;10;0;0;0;3;0;B01
201000022001;0;10;0;0;0;3;0;A01
201000022002;0;7;0;0;2;4;23;B01
201000022002;0;7;0;0;2;1;2;A01
201000022003;0;33;0;0;2;1;1;B01
201000022003;0;2;0;0;2;1;15;A01
201000022004;0;7;0;0;2;1;15;B01
201000022004;0;32;0;0;2;5;17;A01
201000022005;1;2;0;0;1;1;1;Z01
201000022006;1;7;0;1;2;0;15;Z01
201000022006;0;33;0;0;2;1;2;B01
201000022007;0;33;0;15;0;1;1;A01
201000022008;0;32;0;0;0;0;0;A01
201000022009;0;1;0;0;2;1;1;B01
201000022009;1;7;0;0;2;1;9;Z01
201000022010;0;30;0;0;2;1;2;A01
201000022010;0;7;0;0;2;2;15;B01
201000022011;0;7;0;0;2;3;10;B01
201000022011;0;32;0;0;2;1;0;A01
201000022012;0;7;0;15;0;1;0;A01
201000022013;1;7;0;0;1;4;4;Z01
201000022014;0;7;0;4;2;7;1;A01
201000022014;1;7;0;0;2;7;13;Z01
201000022015;1;1;0;0;1;0;1;Z01
201000022016;0;33;0;0;2;0;1;B01
201000022016;1;2;0;0;0;0;0;Z01
201000022017;0;7;0;0;2;4;1;B01
201000022017;1;7;0;0;2;1;1;Z01
201000022018;1;7;0;0;2;1;1;Z01
201000022018;0;7;0;0;2;4;1;B01
201000022019;0;7;0;0;2;4;1;B01
201000022019;1;7;0;0;2;1;1;Z01
201000022020;1;2;0;0;1;1;1;Z01
201000022021;0;7;0;0;2;1;1;B01
201000022021;1;7;0;0;2;1;5;Z01
201000022022;1;7;0;0;2;1;1;Z01
201000022022;0;7;0;0;2;4;1;B01
201000022023;0;7;0;0;2;1;1;B01
201000022023;0;7;0;0;2;1;11;A01
201000022024;0;7;0;1;2;2;0;A01
201000022024;0;7;0;0;2;4;24;C01
201000022025;0;33;0;0;2;1;0;B01
201000022025;0;7;0;0;2;2;16;A01
201000022026;0;7;0;0;2;3;10;A01
201000022026;0;30;0;0;2;1;17;B01
201000022027;0;30;0;0;2;1;17;A01
201000022027;0;7;0;0;2;3;1;B01
201000022028;0;7;0;0;2;1;2;A01
201000022028;0;7;0;0;2;4;2;B01
201000022029;0;7;0;0;2;5;9;A01
201000022029;0;33;0;1;2;1;2;B01
201000022030;1;7;0;0;1;1;1;Z01
201000022031;0;7;0;0;2;2;1;C01
201000022031;0;7;0;1;2;6;3;A01
201000022031;0;7;0;0;2;6;23;B01
201000022032;0;7;0;0;2;8;1;B01
201000022032;1;7;0;0;2;7;0;Z01
201000022033;0;7;0;0;2;6;1;B01
201000022033;0;7;0;0;2;1;1;A01
201000022034;0;7;0;0;1;3;1;A01
201000022035;0;30;0;0;2;0;5;A01
201000022035;0;7;0;0;2;8;1;B01
201000022036;0;7;0;0;2;1;15;A01
201000022036;0;32;0;0;2;1;0;B01
201000022037;0;7;0;0;2;3;15;A01
201000022037;0;32;0;0;2;9;1;B01
201000022038;1;2;0;0;2;1;1;Z01
201000022039;0;32;0;0;2;3;1;B01
201000022039;1;7;0;0;2;0;5;Z01
201000022040;1;7;0;0;2;1;15;Z01
201000022040;0;2;0;0;2;1;1;B01
201000022041;0;31;0;0;2;1;11;A01
201000022041;0;7;0;0;2;8;2;C01
201000022041;0;7;0;0;2;2;2;B01
201000022042;0;30;0;0;0;1;1;A01
201000022043;0;7;0;0;2;7;15;A01
201000022043;0;7;0;0;2;1;1;B01
201000022044;0;34;0;0;0;0;0;A01
201000022045;0;2;0;0;1;1;1;A01
201000022046;0;7;0;0;2;4;2;B01
201000022046;0;7;0;0;2;1;2;A01
201000022047;1;7;0;0;2;0;0;Z01
201000022048;0;7;0;3;0;1;0;A01
201000022049;0;7;0;0;2;3;1;B01
201000022049;0;34;0;0;2;2;1;A01
201000022050;0;30;0;0;2;0;1;B01
201000022050;1;7;0;0;2;0;10;Z01
201000022051;1;7;0;0;2;1;0;B01
201000022051;0;7;0;0;0;4;0;A01
201000022052;0;7;0;0;2;6;15;B01
201000022052;0;34;0;0;2;1;1;A01
201000022053;0;32;0;0;0;1;13;A01
201000022054;0;7;0;0;2;3;9;A01
201000022054;0;32;0;0;2;7;1;B01
201000022055;0;7;0;0;2;5;2;B01
201000022055;0;33;0;0;2;1;2;A01
201000022056;0;7;0;1;2;6;2;B01
201000022056;0;7;0;0;2;2;1;A01
201000022057;0;7;0;9;0;1;11;A01
201000022058;0;7;0;0;2;2;17;A01
201000022058;0;7;0;0;2;3;13;B01
201000022059;0;34;0;0;2;1;0;A01
201000022059;0;7;0;0;2;2;15;B01
201000022060;0;10;0;0;2;1;2;B01
201000022060;0;7;0;0;0;4;2;C01
201000022060;0;14;0;0;2;1;2;A01
201000022061;0;7;0;0;2;6;1;B01
201000022061;0;7;0;0;2;2;21;A01
201000022062;0;7;0;0;2;7;1;B01
201000022062;0;30;0;0;2;8;17;A01
201000022063;0;32;0;0;2;1;0;B01
201000022063;0;7;0;0;2;3;15;A01
201000022064;0;31;0;0;5;1;1;A01
201000022065;0;32;0;0;0;0;1;A01
201000022066;0;7;0;0;2;1;15;A01
201000022066;0;7;0;0;2;7;1;B01
201000022067;0;33;0;0;2;1;2;A01
201000022067;0;7;0;0;1;4;2;B01
201000022068;0;7;0;0;1;2;1;A01
201000022069;0;7;0;0;2;2;16;B01
201000022069;0;30;0;0;2;1;3;A01
201000022070;0;7;0;0;2;2;1;A01
201000022071;0;33;0;0;2;0;1;B01
201000022071;0;7;0;0;2;0;9;A01
201000022072;0;30;0;0;2;1;1;B01
201000022072;0;7;0;0;2;2;5;A01
201000022073;0;31;0;0;2;2;15;A01
201000022073;0;7;0;0;2;2;1;B01
201000022074;0;33;0;0;2;1;1;B01
201000022074;0;7;0;0;2;5;15;A01
201000022075;0;34;0;0;0;7;0;A01
201000022076;0;7;0;0;1;1;1;A01
201000022077;0;32;0;0;0;8;1;A01
201000022078;0;3;0;0;2;6;10;A01
201000022078;0;32;0;0;2;1;2;B01
201000022079;0;7;0;0;2;3;15;A01
201000022079;0;30;0;0;2;2;17;B01
201000022080;0;30;0;0;0;0;0;B01
201000022080;0;7;0;0;0;2;0;A01
201000022081;0;7;0;0;2;2;9;A01
201000022081;0;7;0;0;2;2;2;B01
201000022082;1;10;0;0;2;1;0;Z01
201000022082;0;7;0;0;2;5;23;B01
201000022083;0;7;0;15;0;2;0;A01
201000022083;1;7;0;0;0;0;0;Z01
201000022084;1;7;0;0;2;6;0;Z01
201000022084;0;33;0;0;2;1;1;A01
201000022085;0;32;0;0;2;4;1;B01
201000022085;1;7;0;0;2;1;1;Z01
201000022086;0;99;0;0;2;1;2;B01
201000022086;0;34;0;0;0;4;0;A01
201000022087;0;32;0;0;2;4;2;B01
201000022087;0;7;0;0;2;1;2;A01
201000022088;0;30;0;0;0;7;16;A01
201000022088;0;31;0;0;2;1;7;B01
201000022089;0;7;0;0;2;1;2;A01
201000022089;0;7;0;0;2;4;1;B01
201000022090;0;7;0;0;2;1;2;A01
201000022090;0;7;0;0;2;4;2;B01
201000022091;0;33;0;15;0;1;11;A01
201000022092;0;7;0;0;1;4;4;A01
201000022093;0;7;0;0;2;3;10;A01
201000022093;0;32;0;0;2;2;17;B01
201000022094;0;7;0;6;0;1;0;A01
201000022095;0;7;0;0;0;1;1;A01
201000022096;0;7;0;0;2;4;1;B01
201000022096;1;7;0;0;2;1;2;Z01
201000022097;1;7;0;0;1;0;1;Z01
201000022098;1;7;0;0;2;0;1;Z01
201000022098;0;30;0;0;2;7;2;B01
201000022099;1;7;0;0;1;1;1;Z01
201000022100;1;7;0;0;2;1;2;Z01
201000022100;0;34;0;0;2;4;23;B01
201000022101;1;34;0;0;2;0;1;Z01
201000022101;0;30;0;0;1;0;1;B01
201000022102;0;32;0;0;1;1;1;A01
201000022103;1;7;0;0;2;1;1;Z01
201000022103;0;7;0;0;2;1;1;B01
201000022104;1;33;0;0;1;1;1;Z01
201000022105;1;37;0;0;2;7;1;Z01
201000022106;0;33;0;0;2;1;1;A01
201000022106;0;7;0;0;0;6;1;B01
201000022107;1;7;0;0;1;7;1;Z01
201000022108;1;7;0;0;1;1;1;Z01
201000022109;0;1;0;0;1;1;5;A01
201000022110;0;30;0;0;1;1;1;A01
201000022111;0;7;0;8;2;7;1;B01
201000022111;0;7;0;0;2;1;1;A01
201000022112;0;7;0;0;2;1;1;B01
201000022112;0;7;0;0;2;3;10;A01
201000022113;0;7;0;0;1;4;4;A01
201000022114;0;7;0;0;2;2;15;B01
201000022114;0;7;0;0;2;2;13;A01
201000022115;0;7;0;0;2;6;1;B01
201000022115;0;37;0;0;2;2;1;A01
201000022116;0;2;0;0;2;1;0;A01
201000022116;0;7;0;0;2;3;0;B01
201000022117;0;7;0;0;2;2;0;B01
201000022117;0;7;0;0;2;1;0;A01
201000022118;0;33;0;0;1;1;0;A01
201000022119;0;7;0;0;2;1;1;B01
201000022119;0;7;0;0;2;3;13;A01
201000022120;0;7;0;1;0;1;0;A01
201000022121;0;32;0;0;0;6;0;B01
201000022121;1;7;0;0;2;1;1;A01
201000022122;1;33;0;0;1;0;0;Z01
201000022123;0;7;0;0;2;8;15;B01
201000022123;0;33;0;0;2;1;2;A01
201000022124;0;7;0;15;0;2;17;A01
201000022125;0;7;0;0;2;3;13;A01
201000022125;0;30;0;0;2;1;17;B01
201000022126;0;37;0;0;1;2;1;A01
201000022127;0;7;0;0;2;2;15;A01
201000022127;0;7;0;0;2;1;2;C01
201000022127;0;7;0;0;2;8;2;B01
201000022128;0;31;0;0;2;2;2;A01
201000022128;0;7;0;0;0;3;2;B01
201000022129;0;7;0;0;1;8;1;A01
201000022130;0;7;0;0;2;6;1;B01
201000022130;0;7;0;0;2;2;10;A01
201000022131;0;7;0;0;2;0;2;A01
201000022131;0;7;0;0;2;4;2;B01
201000022132;0;7;0;0;2;1;1;B01
201000022132;0;7;0;0;2;1;21;A01
201000022133;0;33;0;0;0;0;1;C01
201000022133;0;33;0;0;0;0;17;A01
201000022133;0;7;0;0;0;0;15;B01
201000022134;0;2;0;0;0;0;0;A01
201000022135;0;33;0;0;2;0;17;A01
201000022135;0;7;0;0;0;0;15;B01
201000022136;0;7;0;0;2;1;1;A01
201000022136;0;7;0;0;2;4;23;B01
201000022137;0;7;0;0;0;1;14;A01
201000022138;0;32;0;0;1;1;1;A01
201000022139;2;7;0;0;1;3;0;Z01
201000022140;0;32;0;0;2;1;1;B01
201000022140;0;7;0;0;2;1;15;A01
201000022141;0;7;0;0;2;3;2;B01
201000022141;0;7;0;0;2;3;5;A01
201000022142;0;7;0;0;2;8;16;A01
201000022142;0;32;0;0;2;1;1;B01
201000022143;0;7;0;0;2;1;1;B01
201000022143;0;7;0;0;2;1;9;A01
201000022144;0;30;0;0;0;1;1;A01
201000022145;0;33;0;0;2;4;23;B01
201000022145;0;7;0;0;2;1;1;A01
201000022146;0;34;0;0;0;7;16;A01
201000022147;1;7;0;0;2;0;10;Z01
201000022147;0;33;0;0;2;0;1;B01
201000022148;0;34;0;0;2;0;1;B01
201000022148;1;7;0;0;2;1;0;Z01
201000022149;0;7;0;0;2;3;17;A01
201000022149;0;30;0;0;2;2;15;B01
201000022150;0;30;0;0;2;3;0;A01
201000022150;0;7;0;0;2;2;0;B01
201000022151;1;30;0;0;1;1;1;Z01
201000022152;0;33;0;0;2;0;1;B01
201000022152;1;7;0;0;2;0;0;Z01
201000022153;1;7;0;0;1;1;1;Z01
201000022154;0;7;0;0;2;2;9;A01
201000022154;0;7;0;0;2;2;9;B01
201000022155;1;30;0;0;1;1;14;Z01
201000022156;0;7;0;0;2;4;1;C01
201000022156;0;7;0;0;2;4;1;B01
201000022156;0;15;0;0;2;1;1;A01
201000022157;0;32;0;0;0;8;2;A01
201000022157;0;7;0;0;0;0;9;B01
201000022158;0;30;0;0;2;1;1;B01
201000022158;0;7;0;0;2;5;15;A01
201000022159;0;30;0;0;2;2;1;A01
201000022159;0;7;0;0;9;1;15;B01
201000022160;0;32;0;0;2;7;17;B01
201000022160;0;7;0;0;2;3;10;A01
201000022161;0;7;0;0;2;8;17;A01
201000022161;0;32;0;0;2;1;2;B01
201000022162;0;7;0;0;0;4;23;B01
201000022162;0;7;0;0;2;1;2;A01
201000022163;0;2;0;0;2;1;1;B01
201000022163;0;7;0;0;2;1;15;A01
201000022164;0;33;0;0;2;1;2;A01
201000022164;0;7;0;0;2;4;2;B01
201000022165;0;7;0;0;0;0;2;B01
201000022165;0;31;0;0;2;1;2;A01
201000022166;0;7;0;0;1;2;2;A01
201000022167;0;30;0;12;0;1;6;A01
201000022168;0;30;0;0;2;1;1;B01
201000022168;0;7;0;0;2;8;10;A01
201000022169;0;13;0;0;2;1;2;A01
201000022169;0;7;0;0;2;4;23;B01
201000022170;0;30;0;0;2;3;1;B01
201000022170;0;7;0;0;2;3;15;A01
201000022171;1;7;0;0;2;0;0;Z01
201000022171;0;33;0;0;2;0;1;B01
201000022172;0;33;0;0;2;5;17;A01
201000022172;0;7;0;0;2;3;15;B01
201000022173;0;7;0;8;0;1;0;A01
201000022174;0;2;0;0;2;1;5;A01
201000022174;0;7;0;0;2;8;20;B01
201000022175;0;33;0;0;2;1;1;B01
201000022175;0;7;0;0;2;4;15;A01
201000022176;0;7;0;0;2;3;2;B01
201000022176;0;7;0;0;2;3;5;A01
201000022177;0;7;0;0;2;0;15;A01
201000022177;0;30;0;0;2;0;17;B01
201000022178;0;7;0;0;2;1;2;A01
201000022178;0;7;0;0;2;4;2;B01
201000022178;0;7;0;0;2;4;2;C01
201000022179;0;33;0;0;0;8;1;A01
201000022180;0;7;0;0;1;4;4;A01
201000022181;0;30;0;0;2;1;1;B01
201000022181;0;7;0;0;2;2;1;A01
201000022182;0;31;0;0;2;1;17;A01
201000022182;0;7;0;0;2;3;9;B01
201000022183;2;7;0;8;0;9;21;A01
201000022184;0;7;0;0;0;1;0;A01
201000022184;0;7;0;0;0;1;0;B01
201000022185;0;7;0;0;2;2;0;B01
201000022185;0;32;0;0;0;8;0;A01