num_acc;senc;catv;occutc;obs;obsm;choc;manv;num_veh
201000022186;0;30;0;0;0;4;2;B01
201000022186;0;2;0;0;2;1;2;A01
201000022187;0;7;0;0;1;4;4;A01
201000022188;0;7;0;0;2;2;2;B01
201000022188;0;34;0;0;2;3;15;A01
201000022189;0;32;0;0;1;3;1;A01
201000022190;0;7;0;0;2;2;15;A01
201000022190;0;32;0;0;2;3;1;B01
201000022191;1;7;0;0;1;1;1;Z01
201000022192;0;34;0;0;2;0;1;B01
201000022192;1;7;0;0;2;0;0;Z01
201000022193;0;7;0;0;2;3;15;B01
201000022193;0;33;0;0;2;1;1;A01
201000022194;0;30;0;0;1;1;1;A01
201000022195;0;7;0;0;1;0;1;A01
201000022196;0;7;0;0;2;1;1;B01
201000022196;0;30;0;0;2;8;0;A01
201000022197;0;34;0;0;2;7;2;A01
201000022197;0;7;0;0;2;8;21;B01
201000022198;0;30;0;0;2;1;17;A01
201000022198;0;37;0;0;2;3;2;B01
201000022199;0;32;0;0;2;1;1;A01
201000022199;0;33;0;0;2;4;23;B01
201000022200;0;7;0;0;1;3;1;A01
201000022201;0;34;0;0;2;4;23;B01
201000022201;1;7;0;0;2;1;1;Z01
201000022202;0;32;0;0;1;1;1;A01
201000022203;0;7;0;0;2;1;15;A01
201000022203;0;34;0;0;2;1;0;B01
201000022204;0;7;0;0;2;3;9;A01
201000022204;0;37;10;0;2;5;1;B01
201000022205;0;7;0;8;0;6;0;A01
201000022206;2;30;0;0;1;1;0;A01
201000022207;0;32;0;0;2;0;0;B01
201000022207;1;7;0;0;0;0;0;Z01
201000022208;0;7;0;6;2;7;17;A01
201000022208;0;7;0;0;2;8;15;B01
201000022209;0;7;0;0;2;1;2;A01
201000022209;0;7;0;0;0;4;23;B01
201000022210;0;2;0;8;2;1;1;A01
201000022210;0;7;0;0;2;2;1;B01
201000022211;0;7;0;0;2;2;10;A01
201000022211;0;30;0;0;2;1;1;B01
201000022212;0;32;0;0;2;1;2;B01
201000022212;0;7;0;0;2;3;2;A01
201000022213;0;13;0;0;0;0;0;B01
201000022213;0;7;0;0;2;0;0;A01
201000022214;0;34;0;0;2;1;2;B01
201000022214;0;7;0;0;2;3;2;A01
201000022215;0;30;0;0;2;0;0;A01
201000022215;0;7;0;0;2;0;0;B01
201000022216;0;7;0;3;0;1;1;A01
201000022217;0;7;0;0;2;1;1;A01
201000022217;0;37;0;0;2;1;1;B01
201000022218;0;33;0;0;2;1;2;B01
201000022218;0;13;0;0;0;3;10;A01
201000022219;0;7;0;0;2;3;10;A01
201000022219;0;30;0;0;2;1;1;B01
201000022220;0;7;0;0;2;1;2;A01
201000022220;0;7;0;0;2;4;1;B01
201000022221;0;7;0;0;2;8;1;C01
201000022221;0;7;0;0;2;8;23;A01
201000022221;0;32;0;14;0;1;17;B01
201000022222;0;7;0;0;2;7;19;A01
201000022222;0;33;0;0;2;1;1;B01
201000022223;0;7;0;14;0;2;14;A01
201000022224;0;7;0;0;1;3;1;A01
201000022225;0;32;0;0;2;0;1;A01
201000022225;0;7;0;0;2;1;23;B01
201000022226;0;7;0;0;2;1;1;A01
201000022226;0;7;0;0;2;4;1;B01
201000022227;0;30;0;0;1;1;0;A01
201000022228;0;7;0;0;2;1;1;A01
201000022228;0;7;0;0;2;4;1;B01
201000022229;0;7;0;0;2;2;15;B01
201000022229;0;30;0;0;2;1;8;A01
201000022230;0;7;0;0;2;3;1;B01
201000022230;0;2;0;0;2;1;1;A01
201000022231;0;7;0;0;2;3;1;B01
201000022231;0;7;0;0;2;3;11;A01
201000022232;0;10;0;0;2;7;1;B01
201000022232;0;7;0;0;2;1;9;A01
201000022233;0;7;0;0;1;1;1;A01
201000022233;0;7;0;0;2;1;1;B01
201000022234;0;30;0;0;2;1;5;A01
201000022234;0;7;0;0;2;3;15;B01
201000022235;0;32;0;0;0;3;2;A01
201000022236;0;30;0;0;2;3;7;A01
201000022236;0;7;0;0;0;2;16;B01
201000022237;0;32;0;0;0;8;0;A01
201000022238;0;32;0;0;2;6;1;B01
201000022238;0;7;0;0;2;1;1;A01
201000022239;0;7;0;0;0;1;1;A01
201000022240;0;34;0;0;2;8;7;A01
201000022240;0;7;0;0;9;2;16;B01
201000022241;0;7;0;0;2;1;2;A01
201000022241;0;7;0;0;2;4;0;B01
201000022241;0;7;0;0;2;4;2;C01
201000022242;0;7;0;0;2;8;9;A01
201000022242;0;13;0;0;2;2;1;B01
201000022243;0;7;0;0;2;5;10;A01
201000022243;0;33;0;0;2;1;1;B01
201000022244;1;33;0;0;2;8;13;Z01
201000022244;0;34;0;0;2;8;1;A01
201000022245;1;7;0;0;2;1;0;Z01
201000022245;0;32;0;0;2;4;1;B01
201000022246;0;34;0;0;0;7;1;A01
201000022247;0;7;0;0;2;1;2;A01
201000022247;0;7;0;0;2;4;2;B01
201000022248;0;32;0;0;2;0;0;B01
201000022248;0;7;0;0;2;2;0;A01
201000022249;0;7;0;0;0;4;1;B01
201000022249;0;7;0;1;2;1;1;A01
201000022250;0;7;0;0;0;4;2;B01
201000022250;0;7;0;0;2;1;2;A01
201000022251;0;7;0;15;0;2;21;A01
201000022252;0;7;0;0;2;2;10;A01
201000022252;0;30;0;0;2;1;1;B01
201000022253;0;7;0;0;0;2;0;B01
201000022253;0;32;0;0;0;0;0;A01
201000022254;0;33;0;12;0;2;2;A01
201000022255;1;34;0;0;2;0;0;Z01
201000022256;1;30;0;0;1;1;1;Z01
201000022257;0;30;0;0;2;3;1;B01
201000022257;0;7;0;0;2;2;1;A01
201000022258;0;7;0;0;2;1;1;B01
201000022258;0;30;0;0;2;1;1;A01
201000022259;0;33;0;0;1;3;1;A01
201000022260;0;7;0;0;2;5;19;A01
201000022260;0;32;0;0;2;1;1;B01
201000022261;0;2;0;0;1;1;1;A01
201000022262;0;7;0;0;0;0;15;A01
201000022262;0;34;0;0;2;0;1;B01
201000022263;0;7;0;0;2;2;12;A01
201000022263;0;2;0;0;2;1;1;B01
201000022264;0;7;0;0;1;1;9;A01
201000022265;0;7;0;0;1;4;4;A01
201000022266;0;7;0;0;1;1;0;A01
201000022267;0;34;0;0;1;1;0;A01
201000022268;0;34;0;0;1;1;2;A01
201000022269;0;7;0;0;1;2;1;A01
201000022270;0;37;1;0;1;5;1;A01
201000022271;0;7;0;0;1;0;1;A01
201000022272;0;7;0;0;1;1;0;A01
201000022273;1;7;0;0;1;8;1;Z01
201000022274;0;14;0;6;0;1;9;A01
201000022275;0;30;0;0;2;3;1;B01
201000022275;0;33;0;0;2;7;12;A01
201000022276;0;2;0;0;1;1;0;A01
201000022277;0;7;0;0;1;1;1;A01
201000022278;0;7;0;8;0;6;0;A01
201000022278;1;7;0;1;0;2;0;Z01
201000022279;0;7;0;0;2;2;15;A01
201000022279;0;32;0;0;2;1;0;B01
201000022280;0;14;0;0;1;7;1;A01
201000022281;0;7;0;0;2;7;10;A01
201000022281;0;30;0;0;2;1;1;B01
201000022282;0;7;0;0;2;2;1;A01
201000022282;0;7;0;0;2;4;1;B01
201000022283;0;7;0;0;2;3;15;A01
201000022283;0;32;0;0;2;1;1;B01
201000022284;0;32;0;0;2;9;1;B01
201000022284;0;7;0;0;2;2;15;A01
201000022285;0;7;0;0;2;8;15;A01
201000022285;1;7;0;0;2;7;15;Z01
201000022286;0;7;0;0;2;4;2;A01
201000022286;1;7;0;0;2;7;13;Z01
201000022287;0;30;0;0;2;1;2;A01
201000022287;0;7;0;0;0;4;2;B01
201000022288;0;7;0;0;0;6;1;B01
201000022288;0;2;0;0;2;1;2;A01
201000022289;0;7;0;0;1;7;1;A01
201000022290;0;7;0;0;2;4;2;A01
201000022290;0;7;0;0;2;4;23;B01
201000022291;0;7;0;0;2;1;15;A01
201000022291;0;30;0;0;2;7;1;B01
201000022292;0;7;0;0;2;3;15;A01
201000022292;0;32;0;0;2;7;1;B01
201000022293;0;7;0;0;2;7;24;C01
201000022293;0;33;0;1;2;1;1;A01
201000022293;0;7;0;0;2;0;20;B01
201000022294;0;31;0;0;2;1;2;B01
201000022294;0;7;0;0;2;1;9;A01
201000022295;0;7;0;0;2;1;2;A01
201000022295;0;7;0;0;2;4;2;B01
201000022296;0;7;0;0;1;4;4;A01
201000022297;0;34;0;0;0;4;1;B01
201000022297;0;7;0;0;2;1;2;A01
201000022298;0;7;0;0;2;2;17;A01
201000022298;0;36;0;0;2;1;1;B01
201000022299;0;7;0;0;0;7;12;B01
201000022299;0;30;0;0;2;3;1;A01
201000022300;0;7;0;0;0;8;20;A01
201000022300;0;30;0;0;2;7;1;B01
201000022301;0;7;0;0;1;2;1;A01
201000022302;0;33;0;0;2;1;1;B01
201000022302;0;7;0;0;0;6;1;A01
201000022303;0;30;0;0;2;4;2;B01
201000022303;0;30;0;0;2;2;2;A01
201000022304;0;7;0;0;2;8;2;A01
201000022304;0;33;0;0;2;2;2;B01
201000022305;0;7;0;0;1;1;0;A01
201000022306;0;7;0;0;2;1;0;A01
201000022306;0;7;0;0;2;6;13;B01
201000022307;0;1;0;0;2;4;1;B01
201000022307;1;7;0;0;2;1;1;Z01
201000022308;0;7;0;0;2;1;1;B01
201000022308;0;7;0;0;2;3;1;A01
201000022309;1;7;0;0;2;2;1;Z01
201000022310;0;33;0;0;2;1;1;B01
201000022310;0;7;0;0;2;3;9;A01
201000022311;0;34;0;0;2;0;1;B01
201000022311;1;30;0;0;2;0;1;Z01
201000022312;0;34;0;0;2;0;1;B01
201000022312;1;7;0;0;2;0;9;Z01
201000022313;1;30;0;0;2;1;0;B01
201000022313;1;7;0;0;0;0;0;Z01
201000022314;0;33;0;0;0;1;1;A01
201000022315;0;7;0;0;2;1;6;A01
201000022315;0;32;0;0;2;1;3;B01
201000022316;1;7;0;0;1;1;1;Z01
201000022317;0;30;0;0;2;0;21;B01
201000022317;1;7;0;0;2;0;1;Z01
201000022318;1;7;0;0;2;1;2;Z01
201000022318;0;33;0;0;2;4;2;B01
201000022319;0;7;0;0;0;0;0;B01
201000022319;1;7;0;0;2;1;1;Z01
201000022320;1;7;0;0;2;7;2;Z01
201000022320;0;34;0;0;2;8;1;B01
201000022321;1;7;0;0;2;1;1;Z01
201000022321;0;33;0;0;2;4;1;B01
201000022322;1;7;0;0;1;1;1;Z01
201000022323;0;30;0;0;2;1;3;A01
201000022323;0;7;0;0;0;1;0;B01
201000022324;0;2;0;0;1;1;18;A01
201000022325;0;7;0;0;1;1;21;A01
201000022326;0;2;0;12;0;0;0;A01
201000022327;0;7;0;0;2;1;1;A01
201000022327;0;7;0;0;2;3;9;B01
201000022328;0;7;0;0;9;2;1;B01
201000022328;0;1;0;0;2;8;19;A01
201000022329;0;33;0;8;2;8;1;B01
201000022329;0;7;0;0;2;3;15;A01
201000022330;0;33;0;0;0;7;1;A01
201000022330;0;7;0;0;2;1;15;B01
201000022331;0;30;0;0;2;1;3;A01
201000022331;0;33;0;0;2;1;1;B01
201000022332;0;7;0;0;0;4;2;B01
201000022332;0;7;0;0;0;1;2;A01
201000022333;0;7;0;0;1;3;9;A01
201000022334;1;7;0;0;1;5;1;Z01
201000022335;0;7;0;0;2;4;1;C01
201000022335;0;7;0;0;2;4;1;D01
201000022335;0;7;0;0;2;4;1;B01
201000022335;0;7;0;0;2;1;1;A01
201000022336;0;10;0;8;2;1;1;B01
201000022336;0;7;0;15;2;1;1;A01
201000022337;0;7;0;0;2;0;1;A01
201000022337;0;32;0;0;2;7;1;B01
201000022338;1;10;0;0;0;7;1;Z01
201000022339;0;37;1;0;2;1;1;B01
201000022339;0;7;0;0;2;1;5;A01
201000022340;0;30;0;0;2;1;23;A01
201000022340;1;7;0;0;2;4;4;Z01
201000022341;0;7;0;0;2;7;0;A01
201000022342;0;7;0;0;2;3;10;A01
201000022342;0;33;0;0;2;1;2;B01
201000022343;0;2;0;1;0;3;0;A01
201000022343;0;7;0;0;0;3;0;B01
201000022344;0;2;0;0;2;0;1;A01
201000022344;0;7;0;0;2;0;0;B01
201000022345;0;7;0;0;1;1;0;A01
201000022346;0;34;0;0;2;3;2;B01
201000022346;0;7;0;0;2;1;1;A01
201000022347;0;7;0;0;2;2;15;A01
201000022347;0;30;0;0;0;0;0;B01
201000022348;0;1;0;0;1;1;1;A01
201000022349;0;10;0;0;2;2;9;A01
201000022349;0;32;0;0;2;3;1;B01
201000022350;0;7;0;0;2;3;0;A01
201000022350;0;32;0;0;2;1;21;B01
201000022351;0;7;0;14;0;9;1;A01
201000022352;0;2;0;0;2;1;17;A01
201000022352;0;7;0;0;2;3;15;B01
201000022353;1;7;0;0;1;4;4;Z01
201000022354;0;10;0;0;2;8;10;A01
201000022354;0;32;0;0;2;2;2;B01
201000022355;0;31;0;0;1;3;1;A01
201000022356;0;7;0;0;1;4;4;A01
201000022357;0;33;0;0;1;1;1;A01
201000022358;0;30;0;0;2;9;21;B01
201000022358;0;7;0;0;0;8;10;A01
201000022359;0;7;0;0;0;9;1;A01
201000022360;0;7;0;0;2;1;2;A01
201000022360;0;7;0;0;2;4;2;B01
201000022361;0;7;0;0;2;4;1;A01
201000022361;1;7;0;0;2;1;1;Z01
201000022362;0;7;0;0;2;6;2;B01
201000022362;0;32;0;0;2;1;2;A01
201000022363;1;7;0;0;1;1;1;Z01
201000022364;0;7;0;1;2;8;1;B01
201000022364;1;7;0;0;2;2;15;Z01
201000022365;0;7;0;0;2;6;13;A01
201000022365;0;33;0;0;2;7;1;B01
201000022366;0;7;0;0;2;3;13;A01
201000022366;0;2;0;0;2;6;1;B01
201000022367;0;7;0;0;2;5;1;A01
201000022367;0;30;0;0;2;1;1;B01
201000022368;0;30;0;16;0;5;1;A01
201000022368;0;7;0;0;0;8;2;B01
201000022369;0;7;0;0;2;2;1;B01
201000022369;0;7;0;0;2;3;10;A01
201000022370;0;7;0;0;2;5;17;B01
201000022370;0;7;0;0;2;3;1;A01
201000022371;0;7;0;0;1;8;1;A01
201000022372;0;7;0;0;2;2;2;A01
201000022372;0;7;0;0;2;6;2;B01
201000022373;0;7;0;0;2;3;15;A01
201000022373;0;7;0;0;2;3;1;B01
201000022374;0;7;0;0;2;2;15;A01
201000022374;0;7;0;0;2;2;1;B01
201000022375;0;30;0;0;2;7;15;A01
201000022375;0;7;0;0;2;1;1;B01
201000022376;0;31;0;0;2;7;12;A01
201000022376;1;7;0;0;0;2;12;Z01
201000022377;0;15;0;0;1;1;1;A01
201000022378;0;30;0;0;2;1;17;B01
201000022378;0;7;0;0;2;0;15;A01
201000022379;0;10;0;0;2;9;13;A01
201000022379;0;7;0;0;2;7;1;B01
201000022380;0;7;0;0;2;4;1;C01
201000022380;0;7;0;0;2;4;1;B01
201000022380;0;10;0;0;2;1;1;A01
201000022381;1;2;0;0;1;1;0;Z01
201000022382;1;7;0;0;0;0;11;Z01
201000022382;0;2;0;0;2;1;21;B01
201000022382;0;7;0;0;2;7;1;C01
201000022383;0;7;0;0;1;1;0;A01
201000022384;0;7;0;0;2;4;1;B01
201000022384;0;10;0;0;2;1;1;A01
201000022385;0;7;0;0;2;3;15;A01
201000022385;0;33;0;0;2;7;17;B01
201000022386;0;7;0;0;2;4;0;C01
201000022386;0;7;0;0;2;1;0;A01
201000022386;0;7;0;0;2;4;0;B01
201000022387;0;30;0;0;0;0;16;A01
201000022388;0;7;0;0;2;7;15;A01
201000022388;0;30;0;0;2;1;1;B01
201000022389;0;33;0;9;0;9;1;A01
201000022390;1;34;0;0;1;1;1;Z01
201000022391;1;7;0;0;2;1;1;Z01
201000022391;0;33;0;0;2;6;1;B01
201000022392;0;7;0;0;2;2;1;B01
201000022392;0;7;0;0;2;8;9;A01
201000022393;0;7;0;0;1;2;1;A01
201000022394;0;7;0;0;1;1;1;A01
201000022395;0;7;0;0;2;1;15;B01
201000022395;0;2;0;0;2;1;1;A01
201000022396;0;7;0;0;2;8;9;A01
201000022396;0;32;0;0;2;1;1;B01
201000022397;0;33;0;3;0;1;1;A01
201000022398;0;7;0;0;1;2;0;A01
201000022399;0;2;0;0;2;8;11;A01
201000022399;0;15;0;0;2;5;1;B01
201000022400;0;33;0;0;0;0;1;A01
201000022401;0;30;0;0;2;1;2;A01
201000022401;0;99;0;1;0;4;2;B01
201000022402;0;7;0;0;2;3;1;B01
201000022402;0;32;0;0;2;1;17;A01
201000022403;0;10;0;0;2;2;5;A01
201000022403;0;32;0;0;2;3;1;B01
201000022404;0;7;0;0;2;6;15;A01
201000022404;0;33;0;0;2;2;17;B01
201000022405;0;7;0;0;2;1;2;A01
201000022405;0;7;0;0;2;4;2;B01
201000022406;0;30;0;0;2;1;15;A01
201000022406;2;30;0;0;2;3;1;Z01
201000022407;0;7;0;0;2;8;9;B01
201000022407;0;32;0;0;2;1;0;A01
201000022408;0;32;0;0;0;7;0;A01
201000022409;0;7;0;0;1;5;2;A01
201000022410;0;34;0;0;2;0;1;B01
201000022410;1;7;0;0;2;0;0;Z01
201000022411;0;30;0;0;2;0;1;B01
201000022411;1;7;0;0;2;0;0;Z01
201000022412;1;32;0;0;1;1;1;Z01
201000022413;0;30;0;0;2;0;23;B01
201000022413;1;7;0;0;2;0;1;Z01
201000022414;1;7;0;0;0;0;0;Z01
201000022414;0;30;0;0;2;8;1;B01
201000022415;0;1;0;0;2;0;0;B01
201000022415;1;30;0;0;2;0;1;Z01
201000022416;0;7;0;0;2;1;9;A01
201000022416;0;32;0;15;2;7;17;B01
201000022417;0;33;0;0;2;1;2;B01
201000022417;0;7;0;0;2;7;10;A01
201000022418;0;33;0;0;2;3;1;A01
201000022418;0;7;0;0;0;3;0;B01
201000022419;0;7;0;15;0;1;0;A01
201000022420;0;7;0;0;2;1;2;A01
201000022420;0;7;0;0;2;4;2;C01
201000022420;0;7;0;0;2;1;2;B01
201000022421;0;33;0;0;2;2;1;B01
201000022421;0;7;0;0;2;8;11;A01
201000022422;0;32;0;1;0;2;21;A01
201000022423;0;7;0;0;2;1;15;A01
201000022423;0;30;0;0;2;2;17;B01
201000022424;0;32;0;0;0;1;0;A01
201000022424;1;7;0;0;0;0;0;Z01
201000022425;0;33;0;0;2;0;1;B01
201000022425;1;7;0;0;2;0;0;Z01
201000022426;0;7;0;0;2;1;2;B01
201000022426;0;7;0;0;2;1;0;A01
201000022427;0;33;0;0;2;1;1;B01
201000022427;0;7;0;0;2;3;15;A01
201000022428;0;7;0;0;2;3;1;B01
201000022428;0;7;0;0;2;1;1;A01
201000022429;0;7;0;0;2;1;1;B01
201000022429;0;7;0;1;0;8;10;A01
201000022430;0;30;0;0;2;1;1;B01
201000022430;1;7;0;0;2;0;15;Z01
201000022431;1;7;0;0;2;0;0;Z01
201000022431;0;7;0;0;2;0;1;B01
201000022432;0;30;0;0;2;0;1;B01
201000022432;1;7;0;0;2;1;15;Z01
201000022433;1;7;0;0;1;0;1;Z01
201000022434;1;7;0;0;1;1;1;Z01
201000022435;0;10;0;0;0;4;23;B01
201000022435;0;30;0;0;2;1;1;A01
201000022436;0;7;0;0;2;1;16;A01
201000022436;0;7;0;0;2;3;1;B01
201000022437;0;7;0;0;2;4;2;B01
201000022437;0;7;0;0;2;1;2;A01
201000022438;1;7;0;0;2;1;6;B01
201000022438;0;34;0;0;2;5;1;A01
201000022439;0;32;0;0;2;1;1;B01
201000022439;1;7;0;0;2;7;10;Z01
201000022440;0;7;0;0;2;1;0;B01
201000022440;0;30;0;0;2;0;9;A01
201000022441;1;99;0;0;0;0;0;Z01
201000022441;0;30;0;0;0;1;2;B01
201000022442;0;7;0;0;2;1;9;A01
201000022442;0;7;0;0;2;7;1;B01
201000022443;0;2;0;1;0;2;14;A01
201000022444;0;7;0;0;2;1;2;A01
201000022444;0;7;0;0;2;6;10;B01
201000022445;0;7;0;0;1;0;1;A01
201000022446;1;7;0;0;2;0;0;Z01
201000022446;0;34;0;0;2;0;0;B01
201000022447;0;7;0;0;2;1;2;A01
201000022447;0;7;0;0;2;4;2;B01
201000022448;1;31;0;0;2;0;16;Z01
201000022448;0;33;0;0;2;3;1;A01
201000022449;0;7;0;0;2;1;2;A01
201000022449;0;7;0;0;0;4;2;B01
201000022450;0;34;0;0;2;8;0;A01
201000022450;0;7;0;0;2;1;15;B01
201000022451;0;7;0;0;2;3;10;A01
201000022451;0;32;0;0;2;1;1;B01
201000022452;0;37;0;0;1;5;1;A01
201000022453;0;7;0;0;2;7;1;A01
201000022453;0;7;0;0;2;3;1;B01
201000022454;0;7;0;0;2;4;2;B01
201000022454;0;7;0;0;2;1;2;A01
201000022455;0;7;0;0;2;1;5;A01
201000022455;0;7;0;0;2;1;1;B01
201000022456;0;33;0;0;2;7;9;B01
201000022456;0;7;0;0;2;3;9;A01
201000022457;0;2;0;0;0;7;1;B01
201000022457;0;10;0;0;2;1;16;A01
201000022458;0;2;0;0;2;1;0;B01
201000022458;0;7;0;0;2;2;15;A01
201000022459;0;32;0;1;0;2;1;A01
201000022460;0;31;0;16;0;3;1;A01
201000022461;0;7;0;0;2;4;2;B01
201000022461;0;7;0;0;2;1;2;A01
201000022462;0;7;0;0;1;2;1;A01
201000022463;0;7;0;0;1;4;4;A01
201000022464;0;32;0;0;2;1;7;A01
201000022464;0;7;0;0;2;2;2;B01
201000022465;0;30;0;0;2;1;1;B01
201000022465;1;30;0;0;2;1;1;Z01
201000022466;0;7;0;0;1;3;1;A01
201000022467;0;7;0;0;1;1;1;B01
201000022468;0;7;0;0;0;1;1;A01
201000022468;0;7;0;0;0;1;1;B01
201000022469;0;7;0;0;1;8;1;A01
201000022470;0;7;0;0;0;5;1;B01
201000022470;0;7;0;0;2;3;23;C01
201000022470;1;7;0;0;2;2;1;Z01
201000022471;0;7;0;0;1;1;16;A01
201000022472;0;2;0;0;0;4;0;A01
201000022472;1;7;0;0;0;1;0;Z01
201000022473;1;30;0;0;0;0;0;Z01
201000022473;2;7;0;0;0;1;0;A01
201000022474;0;7;0;0;2;8;1;B01
201000022474;0;10;0;0;2;1;1;A01
201000022475;0;32;0;0;2;1;8;A01
201000022475;0;7;0;0;2;5;15;B01
201000022476;0;7;0;0;0;8;1;A01
201000022476;0;32;0;0;0;1;1;B01
201000022477;0;7;0;0;0;0;10;A01
201000022477;0;32;0;0;0;1;17;B01
201000022478;0;7;0;0;2;3;9;A01
201000022478;0;30;0;0;2;5;0;B01
201000022479;0;7;0;0;1;0;2;A01
201000022480;0;7;0;0;2;4;1;C01
201000022480;0;7;0;0;2;4;1;D01
201000022480;0;7;0;0;2;4;1;B01
201000022480;0;7;0;0;2;1;1;A01
201000022481;1;32;0;0;1;0;5;Z01
201000022482;0;7;0;0;0;1;2;A01
201000022482;0;2;0;0;0;0;0;B01
201000022483;0;7;0;0;1;3;1;A01
201000022484;0;7;0;0;0;8;0;A01
201000022484;0;17;0;0;0;0;0;B01
201000022485;0;2;0;0;2;1;2;A01
201000022485;1;2;0;0;2;0;5;Z01
201000022486;0;7;0;0;1;1;1;A01
201000022487;0;7;0;0;1;6;1;A01
201000022488;0;7;0;0;2;3;1;B01
201000022488;1;7;0;0;2;1;1;Z01
201000022489;0;7;0;0;2;1;2;A01
201000022489;0;7;0;0;2;4;23;B01
201000022490;0;2;0;0;2;0;1;A01
201000022490;0;7;0;0;2;1;1;B01
201000022491;0;7;0;0;1;1;1;A01
201000022492;0;33;0;0;2;1;5;B01
201000022492;0;7;0;0;2;3;10;A01
201000022493;0;34;0;0;2;3;2;B01
201000022493;0;7;0;0;2;0;9;A01
201000022494;0;34;0;0;1;1;0;B01
201000022495;0;7;0;9;2;2;1;A01
201000022495;0;7;0;0;2;6;24;B01
201000022496;0;7;0;0;2;3;22;A01
201000022496;0;30;0;1;0;2;1;B01
201000022497;0;30;0;0;2;7;1;A01
201000022497;0;7;0;0;9;1;1;B01
201000022498;0;7;0;0;2;6;1;B01
201000022498;0;31;0;0;2;1;1;A01
201000022499;0;7;0;0;2;2;16;A01
201000022499;0;32;0;0;2;1;7;B01
201000022500;0;7;0;0;2;1;1;A01
201000022500;0;30;0;0;2;1;1;B01
201000022501;0;2;0;0;2;1;2;A01
201000022501;0;7;0;0;0;4;2;B01
201000022502;0;7;0;0;2;3;15;A01
201000022502;0;32;0;0;2;5;1;B01
201000022503;0;7;0;0;1;0;0;A01
201000022504;0;7;0;0;1;1;1;A01
201000022505;0;30;0;0;2;8;1;B01
201000022505;1;7;0;0;2;6;12;Z01
201000022506;1;7;0;0;1;7;0;Z01
201000022507;1;7;0;0;1;1;0;Z01
201000022508;0;7;0;0;2;3;15;B01
201000022508;0;31;0;0;2;1;1;A01
201000022509;0;7;0;0;2;2;2;A01
201000022509;0;7;0;0;0;6;2;B01
201000022510;0;7;0;0;2;2;9;A01
201000022510;0;33;0;0;2;1;1;B01
201000022511;0;7;0;0;0;0;23;B01
201000022511;0;33;0;0;0;3;21;A01
201000022512;0;7;0;0;2;3;15;B01
201000022512;0;30;0;0;2;1;1;A01
201000022513;0;13;0;0;2;5;4;A01
201000022513;0;31;0;0;2;1;1;B01
201000022514;0;7;0;0;2;1;0;B01
201000022514;0;33;0;0;2;4;1;A01
201000022515;1;7;0;0;2;1;2;Z01
201000022515;0;30;0;0;2;4;23;A01
201000022516;0;7;0;0;2;2;1;A01
201000022516;0;31;0;0;2;1;1;B01
201000022517;0;30;0;0;2;1;1;A01
201000022517;0;7;0;0;2;2;15;B01
201000022518;1;7;0;0;1;1;1;Z01
201000022519;1;7;0;0;1;7;1;Z01
201000022520;0;2;0;0;2;1;17;A01
201000022520;0;33;0;0;2;1;1;B01
201000022521;0;32;0;0;0;1;0;A01
201000022522;0;33;0;0;0;0;0;A01
201000022523;0;7;0;0;1;7;0;A01
201000022524;0;7;0;0;1;1;1;A01
201000022525;0;33;0;0;2;1;0;B01
201000022525;0;7;0;0;2;5;1;A01
201000022526;0;7;0;0;2;0;0;A01
201000022526;0;30;0;0;2;2;0;B01
201000022527;0;1;0;0;2;0;1;B01
201000022527;1;7;0;0;2;0;1;Z01
201000022528;1;7;0;0;2;0;1;Z01
201000022528;0;32;0;0;2;3;1;B01
201000022529;0;3;0;15;0;1;1;A01
201000022530;0;7;0;0;2;7;20;A01
201000022530;0;30;0;0;2;1;1;B01
201000022531;0;2;0;0;2;0;0;A01
201000022531;0;33;0;0;2;0;0;B01
201000022532;0;7;0;0;2;6;4;B01
201000022532;0;7;0;0;2;7;0;A01
201000022533;0;7;0;0;2;7;11;A01
201000022533;0;34;0;0;2;1;1;B01
201000022534;0;30;0;0;0;7;5;A01
201000022535;0;7;0;0;1;1;1;A01
201000022535;0;30;0;0;0;0;1;B01
201000022536;0;7;0;1;0;0;0;A01
201000022536;0;15;0;0;0;6;0;B01
201000022537;0;7;0;0;0;8;10;A01
201000022537;0;30;0;0;2;1;1;B01
201000022538;0;7;0;0;2;8;1;B01
201000022538;1;13;0;0;2;0;0;Z01
201000022539;1;7;0;0;1;1;1;Z01
201000022540;0;7;0;0;2;4;23;B01
201000022540;1;7;0;0;2;1;1;Z01
201000022541;1;7;0;0;2;1;5;Z01
201000022541;0;2;0;0;2;1;1;B01
201000022542;1;7;0;0;1;1;1;Z01
201000022543;0;7;0;0;2;1;1;B01
201000022544;1;7;0;0;2;0;1;Z01
201000022544;0;1;0;0;2;0;1;B01
201000022545;1;7;0;0;2;0;1;Z01
201000022545;0;32;0;0;2;0;1;B01
201000022546;1;30;0;0;2;1;1;Z01
201000022547;0;32;0;0;0;1;15;A01
201000022547;0;7;0;0;0;0;15;B01
201000022548;0;33;0;0;2;1;1;D01
201000022548;0;7;0;0;2;3;11;A01
201000022548;0;7;0;0;2;4;1;C01
201000022548;0;33;0;0;2;1;2;B01
201000022549;0;7;0;0;2;3;1;A01
201000022549;0;33;0;0;2;5;12;B01
201000022550;0;30;0;0;2;1;0;A01
201000022550;0;30;0;0;2;1;0;B01
201000022551;0;1;0;0;2;3;1;B01
201000022551;0;7;0;0;9;3;15;A01
201000022552;0;7;0;0;1;1;1;A01
201000022553;0;31;0;0;2;0;1;A01