num_acc;senc;catv;occutc;obs;obsm;choc;manv;num_veh
201000022553;0;7;0;0;2;0;16;B01
201000022554;0;7;0;6;0;1;2;A01
201000022555;0;7;0;0;2;4;2;A01
201000022555;0;7;0;0;2;1;2;B01
201000022556;0;7;0;0;2;6;1;C01
201000022556;0;7;0;0;2;2;2;B01
201000022556;0;33;0;0;2;0;2;A01
201000022557;0;7;0;0;1;3;1;A01
201000022558;0;7;0;0;2;4;2;B01
201000022558;0;7;0;0;2;4;2;D01
201000022558;0;7;0;0;2;4;2;C01
201000022558;0;7;0;0;2;1;2;A01
201000022559;0;7;0;0;2;6;13;A01
201000022559;0;2;0;0;2;2;17;B01
201000022560;0;7;0;0;2;5;19;A01
201000022560;0;2;0;0;2;1;1;B01
201000022561;0;7;0;0;2;6;10;A01
201000022561;0;32;0;0;2;2;1;B01
201000022562;0;7;0;0;2;3;1;C01
201000022562;0;33;0;0;2;1;13;A01
201000022562;0;7;0;0;2;1;1;B01
201000022563;0;10;0;0;1;4;4;A01
201000022564;0;33;0;0;2;0;1;B01
201000022564;1;7;0;0;2;0;0;Z01
201000022565;0;7;0;0;2;2;2;B01
201000022565;0;7;0;0;2;5;15;A01
201000022566;0;7;0;0;2;3;0;A01
201000022566;0;7;0;0;2;2;1;B01
201000022567;0;7;0;0;2;5;1;B01
201000022567;0;7;0;0;2;1;9;A01
201000022568;0;2;0;0;2;1;2;B01
201000022568;0;7;0;0;2;7;15;A01
201000022569;0;7;0;0;2;3;1;B01
201000022569;0;34;0;0;2;1;13;A01
201000022570;0;7;0;0;2;3;15;A01
201000022570;0;7;0;0;2;1;1;B01
201000022571;0;7;0;0;2;1;1;A01
201000022571;0;7;0;0;2;3;1;B01
201000022572;0;2;0;0;0;0;1;A01
201000022573;0;1;0;0;2;1;1;A01
201000022573;0;7;0;0;9;3;15;B01
201000022574;0;33;0;0;2;2;17;B01
201000022574;0;7;0;0;2;3;15;A01
201000022575;0;7;0;0;2;1;2;A01
201000022575;0;7;0;0;0;4;23;B01
201000022576;0;7;0;0;2;3;11;A01
201000022576;0;31;0;0;2;4;1;B01
201000022577;0;31;0;0;1;1;1;A01
201000022578;0;30;0;1;0;1;1;A01
201000022578;0;37;1;0;2;6;23;B01
201000022579;0;7;0;0;2;6;1;B01
201000022579;1;7;0;14;0;1;0;A01
201000022580;1;99;0;0;1;0;0;Z01
201000022581;0;7;0;0;2;1;0;B01
201000022581;0;30;0;0;2;2;0;A01
201000022582;0;7;0;0;1;6;4;A01
201000022583;0;33;0;0;2;1;1;B01
201000022583;0;7;0;0;2;2;15;A01
201000022584;0;33;0;0;1;1;1;A01
201000022585;0;7;0;0;2;1;19;A01
201000022585;0;33;0;8;2;8;1;B01
201000022586;0;31;0;0;1;1;1;A01
201000022587;0;33;0;0;2;0;2;A01
201000022587;1;32;0;0;2;5;11;Z01
201000022588;0;32;0;0;2;3;1;B01
201000022588;0;7;0;0;2;7;9;A01
201000022589;0;33;0;0;2;3;1;B01
201000022589;0;7;0;0;2;2;14;A01
201000022590;0;7;0;0;2;4;13;A01
201000022590;0;31;0;0;2;1;1;B01
201000022591;0;7;0;0;1;3;1;A01
201000022592;0;7;0;0;1;2;0;A01
201000022593;0;7;0;0;2;1;2;A01
201000022593;0;7;0;0;2;5;2;B01
201000022594;0;32;0;0;2;1;12;A01
201000022594;0;7;0;0;2;4;12;B01
201000022595;0;7;0;1;2;8;22;A01
201000022595;0;32;0;0;2;1;0;B01
201000022596;0;33;0;11;0;1;17;A01
201000022597;0;7;0;15;0;1;1;A01
201000022598;0;7;0;1;2;8;0;A01
201000022598;1;7;0;0;2;0;0;Z01
201000022599;0;7;0;0;0;1;9;A01
201000022599;0;7;0;0;0;7;1;B01
201000022600;0;33;0;0;0;0;21;B01
201000022600;1;7;0;0;0;0;0;Z01
201000022601;0;7;0;0;2;1;1;B01
201000022601;0;7;0;16;0;1;6;A01
201000022602;1;10;0;0;1;4;4;Z01
201000022603;0;7;0;0;0;4;2;B01
201000022603;0;7;0;0;2;1;2;A01
201000022604;0;30;0;1;9;1;17;B01
201000022604;0;7;0;0;2;6;1;C01
201000022604;0;7;0;0;2;8;22;A01
201000022605;0;7;0;0;2;3;15;A01
201000022605;0;7;0;0;2;1;1;B01
201000022606;0;33;0;0;1;1;21;A01
201000022607;0;7;0;0;2;4;1;B01
201000022607;1;7;0;0;2;1;2;Z01
201000022608;0;30;0;0;2;1;2;A01
201000022608;0;7;0;0;2;3;2;B01
201000022609;0;7;0;0;2;1;2;A01
201000022609;0;7;0;0;2;4;2;B01
201000022610;0;7;0;0;2;2;0;A01
201000022610;0;37;3;0;2;3;1;B01
201000022611;0;99;0;0;0;4;0;B01
201000022611;0;7;0;0;0;1;0;A01
201000022612;0;7;0;0;0;4;0;B01
201000022612;0;32;0;0;0;1;2;A01
201000022613;0;7;0;0;2;4;2;B01
201000022613;0;7;0;0;2;1;2;A01
201000022614;1;7;0;0;2;1;1;Z01
201000022614;0;7;0;0;2;0;1;B01
201000022615;0;7;0;0;0;3;2;A01
201000022615;0;33;0;0;2;2;2;B01
201000022616;0;7;0;0;1;1;2;A01
201000022617;0;7;0;0;2;1;1;A01
201000022617;0;2;0;0;2;3;23;B01
201000022618;0;32;0;0;2;3;1;B01
201000022618;0;7;0;0;2;2;19;A01
201000022619;1;30;0;0;2;7;3;Z01
201000022619;0;7;0;0;2;8;24;B01
201000022620;0;30;0;0;2;1;1;A01
201000022620;1;7;0;0;2;0;9;Z01
201000022621;0;7;0;0;2;1;1;B01
201000022621;0;7;0;0;2;2;15;A01
201000022622;0;7;0;0;2;3;0;A01
201000022622;0;7;0;0;2;3;0;B01
201000022623;0;7;0;0;0;0;0;A01
201000022624;0;34;0;0;9;0;0;A01
201000022625;0;2;0;0;2;2;15;A01
201000022625;0;7;0;0;2;8;15;B01
201000022626;0;10;0;0;0;4;2;B01
201000022626;0;7;0;0;0;1;2;A01
201000022627;0;30;0;0;2;3;17;A01
201000022627;0;7;0;0;2;8;15;B01
201000022628;1;7;0;0;1;1;1;Z01
201000022629;0;32;0;0;2;1;1;B01
201000022629;0;7;0;0;2;3;15;A01
201000022630;0;7;0;0;2;8;22;A01
201000022630;0;99;0;1;0;2;0;B01
201000022631;0;30;0;0;0;7;1;A01
201000022632;0;7;0;0;2;2;15;A01
201000022632;0;30;0;0;2;7;1;B01
201000022633;0;10;0;0;2;6;10;A01
201000022633;0;33;0;0;2;1;1;B01
201000022634;0;32;0;0;1;1;2;A01
201000022635;0;2;0;0;2;1;1;A01
201000022635;0;7;0;0;2;3;1;B01
201000022636;0;7;0;0;0;4;2;C01
201000022636;0;7;0;0;0;1;2;A01
201000022636;0;7;0;0;0;4;2;B01
201000022637;0;7;0;0;0;7;2;B01
201000022637;0;7;0;0;0;8;24;A01
201000022638;0;7;0;0;0;0;0;A01
201000022639;0;7;0;0;1;1;1;A01
201000022640;0;7;0;0;0;8;11;B01
201000022640;0;34;0;0;2;8;1;A01
201000022641;0;7;0;0;2;1;2;A01
201000022641;0;33;0;0;2;1;2;B01
201000022642;0;7;0;0;2;7;15;A01
201000022642;0;30;0;0;2;1;2;B01
201000022643;0;7;0;0;0;0;15;A01
201000022643;0;2;0;0;0;1;2;B01
201000022644;0;7;0;0;1;1;1;A01
201000022645;0;7;0;0;2;3;9;A01
201000022645;0;34;0;0;2;1;1;B01
201000022646;0;30;0;0;1;1;1;A01
201000022647;0;7;0;0;0;1;2;E01
201000022647;0;2;0;0;2;1;2;C01
201000022647;0;31;0;0;2;1;2;B01
201000022647;0;7;0;0;0;8;1;D01
201000022647;0;7;0;0;0;8;9;A01
201000022648;0;7;0;0;2;2;12;A01
201000022648;0;30;0;0;2;3;1;B01
201000022649;0;32;0;0;1;8;3;A01
201000022650;0;7;0;0;2;4;23;B01
201000022650;0;7;0;0;2;5;23;C01
201000022650;0;33;0;0;1;0;21;A01
201000022651;0;7;0;2;0;8;1;A01
201000022652;0;7;0;0;2;7;1;B01
201000022652;0;7;0;0;2;1;9;A01
201000022653;0;7;0;0;2;3;1;A01
201000022653;0;7;0;0;2;6;15;B01
201000022654;0;34;0;0;2;1;1;B01
201000022654;0;7;0;0;2;5;19;A01
201000022655;0;34;0;0;2;5;3;B01
201000022655;0;7;0;0;2;2;15;A01
201000022656;0;33;0;0;2;7;17;A01
201000022656;0;7;0;0;2;3;1;B01
201000022657;0;7;0;13;0;1;0;A01
201000022658;0;2;0;0;0;2;1;A01
201000022659;0;33;0;0;2;3;1;A01
201000022659;0;7;0;0;2;3;11;B01
201000022660;0;7;0;0;2;8;2;A01
201000022660;0;30;0;0;2;7;2;B01
201000022661;0;7;0;0;2;2;0;A01
201000022661;0;31;0;0;0;1;2;B01
201000022662;0;7;0;0;2;1;1;A01
201000022662;0;7;0;0;0;2;1;B01
201000022663;1;34;0;0;1;1;0;A01
201000022664;1;7;0;0;0;0;0;Z01
201000022664;0;7;0;0;2;8;1;B01
201000022665;1;99;0;0;0;0;0;Z01
201000022666;0;32;0;0;2;8;0;A01
201000022666;1;7;0;0;2;0;0;Z01
201000022667;1;7;0;0;2;0;2;Z01
201000022667;0;7;0;0;2;4;23;A01
201000022668;0;7;0;0;2;1;1;C01
201000022668;0;7;0;0;2;1;1;B01
201000022668;0;7;0;0;2;1;5;A01
201000022669;0;31;0;14;0;7;1;B01
201000022670;0;7;0;6;0;1;0;A01
201000022671;0;7;0;3;0;4;0;A01
201000022672;0;7;0;0;2;6;11;A01
201000022672;0;33;0;0;2;3;6;B01
201000022673;0;7;0;0;2;5;15;B01
201000022673;0;7;0;0;2;1;1;A01
201000022674;0;32;0;0;0;0;0;A01
201000022675;0;31;0;0;0;3;21;B01
201000022675;0;7;0;0;0;0;1;A01
201000022676;0;10;0;0;2;3;21;C01
201000022676;0;7;0;0;2;1;1;B01
201000022676;0;2;0;0;2;1;17;A01
201000022677;0;7;0;0;1;1;17;A01
201000022678;1;2;0;0;2;0;0;Z01
201000022678;0;7;0;0;9;0;0;B01
201000022679;0;30;0;0;2;1;17;A01
201000022679;0;7;0;0;2;3;15;B01
201000022680;0;10;0;0;1;1;16;A01
201000022681;0;7;0;0;2;3;15;A01
201000022681;0;33;0;0;2;1;1;B01
201000022682;0;32;0;0;2;1;1;B01
201000022682;0;34;0;0;2;4;1;A01
201000022683;0;7;0;0;2;2;0;B01
201000022683;0;7;0;1;2;3;9;A01
201000022684;0;32;0;0;2;8;12;B01
201000022684;0;7;0;0;2;2;2;A01
201000022685;0;10;0;0;9;3;9;A01
201000022685;0;37;15;0;2;7;1;B01
201000022686;0;7;0;0;9;6;0;B01
201000022686;0;30;0;0;2;1;0;A01
201000022687;0;7;0;0;0;1;1;B01
201000022687;0;7;0;0;0;1;1;C01
201000022687;0;7;0;0;0;4;1;A01
201000022688;0;7;0;0;2;7;12;A01
201000022688;0;1;0;0;2;1;1;B01
201000022689;0;10;0;0;2;2;9;B01
201000022689;0;7;0;0;2;1;2;A01
201000022690;0;7;0;0;2;8;10;A01
201000022690;0;7;0;0;2;2;1;B01
201000022691;0;30;0;1;0;1;2;B01
201000022692;0;32;0;0;2;7;1;B01
201000022692;1;7;0;0;2;8;11;Z01
201000022693;0;7;0;0;2;8;1;A01
201000022693;2;7;0;0;2;1;5;Z01
201000022694;0;7;0;0;2;0;11;B01
201000022694;0;32;0;0;2;2;1;A01
201000022695;1;7;0;0;1;0;1;Z01
201000022696;1;7;0;0;1;1;1;Z01
201000022697;1;30;0;0;1;0;0;Z01
201000022698;0;7;0;0;2;2;12;B01
201000022698;0;34;0;0;2;0;0;A01
201000022699;0;30;0;0;2;3;0;A01
201000022699;0;30;0;0;2;3;0;B01
201000022700;1;30;0;0;2;0;0;Z01
201000022700;0;32;0;0;2;0;1;B01
201000022701;0;32;0;0;2;1;8;A01
201000022701;0;7;0;0;2;2;11;B01
201000022702;0;2;0;0;2;1;1;A01
201000022702;0;7;0;0;2;7;12;B01
201000022703;0;30;0;0;0;0;0;A01
201000022704;0;7;0;0;2;7;1;B01
201000022704;0;30;0;0;2;1;5;A01
201000022705;0;31;0;0;0;1;0;A01
201000022705;0;7;0;0;0;3;1;B01
201000022706;0;7;0;0;2;4;2;B01
201000022706;0;31;0;0;2;1;2;A01
201000022707;0;32;0;0;2;4;1;B01
201000022707;0;7;0;0;2;3;15;A01
201000022708;0;7;0;0;0;0;10;A01
201000022708;0;32;0;0;2;0;1;B01
201000022709;0;33;0;0;2;1;17;A01
201000022709;0;7;0;0;2;3;15;B01
201000022710;0;7;0;0;2;2;9;B01
201000022710;0;34;0;0;2;1;2;A01
201000022711;1;7;0;0;2;0;0;Z01
201000022711;0;7;0;0;2;0;0;B01
201000022712;0;7;0;0;2;2;1;B01
201000022712;0;7;0;0;2;1;16;A01
201000022713;0;2;0;0;2;1;9;A01
201000022713;0;7;0;0;2;2;1;B01
201000022714;0;7;0;0;2;2;22;A01
201000022714;0;30;0;0;2;1;1;B01
201000022715;0;30;0;0;2;3;18;A01
201000022715;0;7;0;0;2;5;1;B01
201000022716;0;2;0;0;0;0;0;A01
201000022717;0;7;0;0;1;2;0;A01
201000022718;0;31;0;0;2;1;1;B01
201000022718;0;7;0;0;2;7;10;A01
201000022719;0;7;0;0;2;3;16;A01
201000022719;0;7;0;0;2;1;1;B01
201000022720;1;7;0;0;0;0;2;Z01
201000022720;0;7;0;0;0;1;2;B01
201000022721;0;7;0;0;1;2;1;A01
201000022722;0;7;0;15;2;1;14;A01
201000022722;0;7;0;0;2;1;15;B01
201000022723;2;7;0;0;2;1;2;A01
201000022723;0;7;0;0;0;4;2;B01
201000022724;1;7;0;0;1;1;1;Z01
201000022725;0;7;0;1;0;1;0;A01
201000022725;0;7;0;0;0;4;2;B01
201000022726;0;7;0;0;2;5;1;B01
201000022726;1;16;0;0;2;0;1;Z01
201000022727;0;33;0;0;2;9;1;B01
201000022727;2;7;0;0;0;3;9;A01
201000022728;0;33;0;0;2;7;2;A01
201000022728;0;7;0;0;2;8;2;B01
201000022729;0;7;0;0;2;1;5;A01
201000022729;0;7;0;0;2;1;1;B01
201000022730;0;33;0;0;1;1;1;A01
201000022731;0;2;0;0;2;1;1;A01
201000022731;0;7;0;0;2;7;15;B01
201000022732;0;33;0;0;1;1;0;A01
201000022733;0;37;0;0;1;2;1;A01
201000022734;0;2;0;0;2;1;1;A01
201000022734;0;7;0;0;0;5;2;B01
201000022735;0;7;0;0;2;5;15;A01
201000022735;0;32;0;0;2;1;1;B01
201000022736;0;7;0;0;2;8;2;A01
201000022736;0;2;0;0;2;1;2;B01
201000022737;0;7;0;0;0;4;24;B01
201000022737;0;7;0;1;0;1;1;A01
201000022738;0;33;0;0;1;8;1;A01
201000022739;0;2;0;0;0;0;1;A01
201000022740;0;7;0;0;2;8;10;A01
201000022740;0;31;0;0;2;1;1;B01
201000022741;0;7;0;1;0;3;0;A01
201000022742;0;30;0;0;2;6;12;A01
201000022742;0;10;0;0;0;6;23;B01
201000022743;0;7;0;0;1;4;4;A01
201000022744;0;7;0;0;2;1;1;B01
201000022744;0;7;0;8;2;7;1;A01
201000022745;0;1;0;0;2;1;13;A01
201000022745;0;7;0;0;2;8;15;B01
201000022746;0;7;0;0;4;3;0;B01
201000022746;0;32;0;0;2;1;0;A01
201000022747;0;7;0;0;1;1;0;A01
201000022748;0;33;0;0;1;1;1;A01
201000022749;0;14;0;0;2;0;2;A01
201000022749;0;32;0;0;2;0;2;B01
201000022750;0;32;0;0;0;0;1;A01
201000022751;0;10;0;0;2;3;9;A01
201000022751;0;32;0;0;2;1;21;B01
201000022751;0;7;0;0;2;1;23;C01
201000022752;0;7;0;13;0;9;1;A01
201000022753;1;7;0;0;1;0;1;Z01
201000022754;0;7;0;0;2;5;16;B01
201000022754;0;30;0;0;2;1;7;A01
201000022755;0;7;0;0;1;2;0;A01
201000022756;0;33;0;0;2;1;1;B01
201000022756;0;7;0;0;2;1;15;A01
201000022757;0;7;0;0;0;1;15;A01
201000022758;0;30;0;0;1;1;1;A01
201000022759;0;7;0;0;0;3;2;A01
201000022759;0;30;0;0;0;4;2;B01
201000022760;0;7;0;5;0;1;0;A01
201000022761;0;32;0;0;0;4;23;B01
201000022761;0;7;0;0;2;1;2;A01
201000022762;0;10;0;0;2;8;11;A01
201000022762;0;32;0;0;2;1;1;B01
201000022763;0;10;0;0;0;2;1;A01
201000022764;0;7;0;0;2;3;1;B01
201000022764;0;2;0;0;2;3;5;A01
201000022765;0;7;0;0;0;4;1;A01
201000022766;0;30;0;0;0;0;0;A01
201000022767;0;7;0;1;2;9;1;A01
201000022767;0;7;0;0;2;3;1;E01
201000022768;0;7;0;0;1;1;1;A01
201000022769;0;7;0;0;2;4;2;B01
201000022769;0;30;0;0;2;1;2;A01
201000022770;0;2;0;0;2;1;1;B01
201000022770;0;7;0;0;2;1;15;A01
201000022771;0;7;0;0;1;2;20;A01
201000022772;0;30;0;0;1;1;1;A01
201000022773;0;31;0;0;2;1;1;B01
201000022773;0;7;0;0;2;2;15;A01
201000022774;0;30;0;0;2;1;0;B01
201000022774;0;7;0;0;2;3;0;A01
201000022775;0;7;0;0;0;0;0;A01
201000022775;0;33;0;0;2;1;1;B01
201000022776;0;7;0;0;2;2;15;A01
201000022776;0;2;0;0;2;1;1;B01
201000022777;0;33;0;0;2;1;0;B01
201000022777;0;7;0;0;2;2;9;A01
201000022778;0;7;0;0;2;3;0;A01
201000022778;0;7;0;0;0;4;1;B01
201000022779;0;7;0;0;2;2;15;A01
201000022779;0;33;0;0;2;1;1;B01
201000022780;0;30;0;0;2;4;2;A01
201000022780;1;7;0;0;2;1;2;Z01
201000022781;0;7;0;0;2;1;15;A01
201000022781;0;33;0;0;2;1;1;B01
201000022782;0;33;0;1;0;3;0;B01
201000022782;1;7;0;0;2;3;10;Z01
201000022783;0;7;0;0;2;3;18;B01
201000022783;1;7;0;0;2;1;1;Z01
201000022784;0;7;0;0;2;3;0;A01
201000022784;0;7;0;0;2;2;0;B01
201000022785;0;7;0;0;1;1;0;A01
201000022786;0;7;0;0;1;1;1;A01
201000022787;0;30;0;0;2;8;1;B01
201000022787;0;7;0;0;2;3;10;A01
201000022788;0;1;0;0;2;7;19;A01
201000022788;0;7;0;0;9;1;1;B01
201000022788;0;7;0;0;0;4;23;C01
201000022789;0;10;0;0;2;1;2;A01
201000022789;0;7;0;0;2;4;2;C01
201000022789;0;7;0;0;2;4;2;B01
201000022790;0;7;0;13;0;1;0;A01
201000022791;0;7;0;0;2;4;2;B01
201000022791;0;7;0;0;2;4;2;C01
201000022791;0;7;0;0;2;1;2;A01
201000022792;0;7;0;0;2;6;2;B01
201000022792;0;7;0;0;2;2;2;A01
201000022793;0;7;0;0;0;6;10;B01
201000022793;0;30;0;0;2;0;17;A01
201000022794;0;7;0;0;2;2;0;B01
201000022794;1;10;0;0;2;3;0;Z01
201000022795;0;7;0;6;0;1;1;A01
201000022796;0;7;0;0;0;4;2;B01
201000022796;0;10;0;0;2;1;2;A01
201000022797;0;7;0;0;2;1;2;A01
201000022797;0;7;0;0;2;4;2;B01
201000022798;0;7;0;0;2;4;2;B01
201000022798;0;7;0;0;2;1;2;A01
201000022799;1;7;0;0;0;6;5;B01
201000022799;0;10;0;0;0;3;5;A01
201000022800;0;7;0;9;0;1;12;A01
201000022801;0;7;0;9;2;1;2;A01
201000022801;0;7;0;0;2;4;2;B01
201000022802;0;2;0;0;2;1;17;B01
201000022802;0;7;0;0;0;6;10;A01
201000022803;0;7;0;0;2;1;1;A01
201000022803;0;1;0;0;2;4;1;B01
201000022804;0;7;0;8;0;1;0;A01
201000022805;0;33;0;0;2;3;1;B01
201000022805;0;7;0;0;2;2;0;A01
201000022806;0;7;0;8;0;1;1;A01
201000022807;0;7;0;0;2;5;1;B01
201000022807;0;31;0;0;2;1;1;A01
201000022808;0;7;0;0;1;0;2;A01
201000022809;2;7;0;0;2;6;13;Z01
201000022809;0;37;3;0;2;3;1;A01
201000022810;0;32;0;0;2;4;23;A01
201000022810;2;7;0;0;2;2;0;Z01
201000022810;0;7;0;0;2;6;15;B01
201000022811;0;7;0;1;2;1;2;A01
201000022811;0;7;0;1;2;4;2;B01
201000022812;0;7;0;0;2;5;4;A01
201000022812;0;7;0;0;2;1;13;B01
201000022813;0;2;0;0;2;1;0;B01
201000022813;0;7;0;0;2;3;0;A01
201000022814;0;7;0;0;0;3;18;A01
201000022814;0;7;0;0;0;2;9;B01
201000022815;0;34;0;0;2;1;1;B01
201000022815;0;14;0;0;2;7;0;A01
201000022816;2;7;0;15;1;1;1;Z01
201000022817;0;10;0;0;2;3;9;A01
201000022817;0;33;0;0;2;1;1;B01
201000022818;0;7;0;0;0;1;1;A01
201000022818;0;7;0;0;0;4;1;B01
201000022819;0;33;0;0;1;1;1;A01
201000022820;0;7;0;0;1;2;1;A01
201000022821;0;7;0;0;2;3;15;A01
201000022821;0;30;0;0;2;1;1;B01
201000022822;0;7;0;0;2;2;16;B01
201000022822;0;30;0;0;2;7;15;A01
201000022823;0;38;0;0;0;0;0;B01
201000022823;0;7;0;0;0;8;1;A01
201000022824;0;7;0;0;2;2;15;B01
201000022824;0;7;0;15;2;8;0;A01
201000022825;0;10;0;0;1;3;1;A01
201000022826;0;2;0;0;1;1;1;A01
201000022827;0;7;0;0;2;4;2;B01
201000022827;0;7;0;0;2;1;1;A01
201000022828;0;7;0;0;2;6;15;A01
201000022828;0;33;0;0;2;1;1;B01
201000022829;1;7;0;0;1;0;0;A01
201000022830;0;34;0;1;2;3;0;A01
201000022830;0;7;0;0;0;2;2;B01
201000022831;0;37;20;0;2;3;2;A01
201000022831;0;7;0;0;0;4;23;B01
201000022832;0;7;0;0;1;2;1;A01
201000022833;0;7;0;0;1;2;1;A01
201000022834;0;7;0;0;2;4;1;B01
201000022834;0;7;0;0;0;4;1;D01
201000022834;1;7;0;0;2;0;1;Z01
201000022834;0;7;0;0;2;4;1;C01
201000022835;0;7;0;0;0;1;0;A01
201000022836;1;7;0;0;2;1;1;Z01
201000022836;0;7;0;0;2;7;15;B01
201000022837;0;7;0;14;0;3;1;A01
201000022837;0;14;0;0;2;6;23;B01
201000022838;1;2;0;0;1;1;1;Z01
201000022839;0;7;0;0;1;3;2;A01
201000022840;0;33;0;0;2;1;17;A01
201000022840;0;7;0;0;9;6;2;B01
201000022841;0;7;0;0;2;2;20;A01
201000022841;0;31;0;0;2;1;1;B01
201000022842;0;7;0;0;2;2;5;A01
201000022842;0;7;0;0;2;2;1;B01
201000022843;0;1;0;0;0;1;0;A01
201000022844;0;32;0;0;2;2;17;B01
201000022844;0;7;0;0;2;6;15;A01
201000022845;0;7;0;0;2;1;1;A01
201000022845;0;7;0;0;2;4;1;B01
201000022846;0;7;0;0;2;2;1;B01
201000022846;0;7;0;0;2;3;15;A01
201000022847;0;7;0;0;2;1;1;A01
201000022847;0;7;0;0;2;4;9;B01
201000022848;0;7;0;0;2;8;19;A01
201000022848;0;7;0;0;2;1;1;B01
201000022849;0;7;0;0;2;3;9;A01
201000022849;0;32;0;0;2;1;21;B01
201000022850;0;30;0;0;0;0;1;A01
201000022851;0;7;0;0;2;0;15;B01
201000022851;0;33;0;0;2;8;21;A01
201000022852;0;33;0;0;2;4;15;B01
201000022852;0;10;0;0;2;2;1;A01
201000022853;0;7;0;0;2;3;0;A01
201000022853;0;7;0;0;2;5;0;B01
201000022854;0;7;0;0;2;1;2;A01
201000022854;0;7;0;0;2;4;23;B01
201000022855;0;7;0;0;2;3;0;A01
201000022855;0;7;0;0;2;3;0;B01
201000022856;0;30;0;8;0;1;2;A01
201000022857;0;7;0;0;2;3;15;A01
201000022857;0;30;0;0;2;2;1;B01
201000022858;2;7;0;3;0;1;14;A01
201000022859;0;7;0;0;2;1;13;A01
201000022859;0;7;0;0;2;1;1;B01
201000022860;0;7;0;0;2;6;15;A01
201000022860;0;31;0;0;2;7;17;B01
201000022861;0;7;0;0;2;1;15;A01
201000022861;0;7;0;0;2;7;1;B01
201000022862;0;7;0;0;2;1;15;A01
201000022862;0;7;0;0;2;3;1;B01
201000022863;0;7;0;0;2;3;10;A01
201000022863;0;7;0;0;2;2;1;B01
201000022864;0;33;0;0;2;1;18;A01
201000022864;0;33;0;0;2;4;23;B01
201000022865;0;1;0;0;2;5;1;B01
201000022865;0;7;0;0;9;1;0;A01
201000022866;0;7;0;0;2;1;2;A01
201000022866;0;7;0;0;2;4;1;B01
201000022867;0;7;0;0;2;1;2;A01
201000022867;0;7;0;0;0;6;2;B01
201000022868;0;31;0;0;2;1;13;A01
201000022868;0;7;0;0;2;2;9;B01
201000022869;0;34;0;13;0;1;1;A01
201000022870;2;7;0;0;2;1;13;A01
201000022870;0;7;0;0;2;1;1;B01
201000022871;0;7;0;0;2;1;2;A01
201000022871;0;7;0;0;2;4;23;B01
201000022872;0;7;0;0;2;3;19;A01
201000022872;0;7;0;0;2;2;1;B01
201000022873;0;31;0;0;2;8;1;B01
201000022873;0;15;0;0;2;7;12;A01
201000022874;0;10;0;1;1;2;14;A01
201000022874;0;7;0;0;0;8;22;B01
201000022875;0;33;0;0;0;0;11;A01
201000022876;0;33;0;0;0;8;1;A01
201000022877;0;7;0;0;2;1;2;A01
201000022877;0;30;0;0;2;4;2;B01
201000022878;0;7;0;0;2;2;1;B01
201000022878;0;2;0;0;2;8;19;A01
201000022879;0;33;0;7;0;1;1;A01
201000022880;0;15;0;4;0;8;11;A01
201000022881;0;7;0;0;1;8;1;A01
201000022882;0;7;0;0;2;1;1;A01
201000022882;0;7;0;0;2;7;15;B01
201000022883;0;2;0;0;0;0;1;A01
201000022884;0;30;0;0;2;1;1;A01
201000022884;0;7;0;0;2;6;16;B01
201000022885;0;7;0;0;2;4;23;B01
201000022885;0;15;0;0;0;4;23;D01
201000022885;0;15;0;0;2;7;2;A01
201000022885;0;7;0;0;2;4;23;C01
201000022886;0;7;0;0;2;3;0;B01
201000022886;0;7;0;0;2;3;13;A01
201000022887;0;7;0;4;0;3;0;A01
201000022888;0;32;0;13;0;1;1;A01
201000022889;0;2;0;0;2;6;15;A01
201000022889;1;7;0;0;2;0;1;B01
201000022890;0;7;0;6;0;1;14;A01
201000022891;0;7;0;0;2;7;13;A01
201000022891;0;7;0;0;2;1;1;B01
201000022892;0;7;0;6;0;1;1;A01
201000022892;0;7;0;0;2;9;24;B01
201000022893;0;14;0;0;0;7;14;A01
201000022894;0;7;0;1;2;3;14;A01
201000022894;0;7;0;0;2;6;24;C01
201000022894;0;7;0;0;2;3;23;B01
201000022895;0;7;0;0;2;3;9;A01
201000022895;0;31;0;0;2;7;1;B01
201000022896;0;34;0;0;2;1;1;B01
201000022896;0;7;0;0;2;2;15;A01
201000022897;0;7;0;2;0;1;14;A01
201000022898;0;7;0;0;2;1;2;A01
201000022898;0;7;0;0;2;4;2;B01
201000022899;0;34;0;0;2;2;17;B01
201000022899;0;7;0;0;2;1;15;A01
201000022900;0;7;0;0;1;3;15;A01
201000022901;0;7;0;3;0;1;1;A01
201000022902;0;30;0;0;2;1;17;A01
201000022902;0;7;0;0;2;1;1;B01
201000022903;0;7;0;0;2;1;0;B01
201000022903;0;15;0;0;2;1;0;A01
201000022904;0;7;0;0;2;1;10;A01
201000022904;0;33;0;0;2;8;17;B01
201000022905;0;30;0;13;0;8;1;A01
201000022906;0;7;0;0;2;1;1;B01
201000022906;0;32;0;0;2;1;13;A01
201000022907;0;10;0;0;2;7;17;A01
201000022907;0;33;0;0;2;8;1;B01
201000022908;0;7;0;0;2;1;1;B01
201000022908;0;7;0;0;2;1;13;A01
201000022909;0;7;0;0;2;1;1;B01
201000022909;0;7;0;0;2;4;4;A01
201000022910;0;7;0;0;2;5;19;B01
201000022910;0;7;0;0;2;1;1;A01
201000022911;0;7;0;13;0;7;14;A01