num_acc;senc;catv;occutc;obs;obsm;choc;manv;num_veh
201000022912;0;7;0;0;2;8;16;A01
201000022912;0;34;0;0;2;2;1;B01
201000022913;0;2;0;0;2;8;15;A01
201000022913;0;7;0;0;2;3;1;B01
201000022914;0;7;0;0;2;1;2;A01
201000022914;0;7;0;0;0;4;2;B01
201000022915;0;1;0;1;0;1;14;A01
201000022915;0;7;0;0;2;8;24;B01
201000022916;0;36;0;1;0;1;14;A01
201000022917;0;10;0;0;2;3;19;A01
201000022917;0;33;0;0;2;8;1;B01
201000022918;0;1;0;0;2;0;9;A01
201000022918;0;33;0;0;9;1;1;B01
201000022919;0;14;0;11;0;7;14;A01
201000022920;0;7;0;0;0;7;1;B01
201000022920;0;7;0;0;2;1;1;A01
201000022921;0;7;0;9;0;1;13;A01
201000022922;1;7;0;0;2;0;1;Z01
201000022922;0;7;0;0;2;1;1;A01
201000022923;0;7;0;0;2;2;1;B01
201000022923;0;7;0;0;2;1;1;A01
201000022924;0;7;0;0;2;1;2;A01
201000022924;0;30;0;0;0;4;2;B01
201000022925;0;7;0;0;1;1;0;A01
201000022926;0;31;0;0;2;1;1;B01
201000022926;0;15;0;0;2;2;15;A01
201000022927;0;7;0;0;0;0;11;A01
201000022927;0;33;0;16;0;7;21;B01
201000022928;0;7;0;0;2;4;1;C01
201000022928;0;7;0;0;2;1;2;A01
201000022928;0;7;0;0;2;4;2;B01
201000022929;0;7;0;0;2;0;1;A01
201000022929;1;7;0;0;2;0;0;Z01
201000022930;0;7;0;0;2;2;1;A01
201000022930;0;7;0;0;2;1;1;B01
201000022931;0;3;0;2;0;1;5;A01
201000022932;0;7;0;13;0;3;0;A01
201000022933;0;7;0;12;0;2;14;A01
201000022934;0;7;0;6;0;2;14;A01
201000022935;0;7;0;16;0;7;14;A01
201000022936;0;7;0;8;0;6;0;A01
201000022937;0;7;0;6;0;1;15;A01
201000022938;0;33;0;0;2;1;1;A01
201000022939;0;13;0;0;2;3;1;B01
201000022939;0;7;0;0;2;6;19;A01
201000022940;0;7;0;0;2;2;15;A01
201000022940;0;33;0;0;2;7;2;B01
201000022941;0;7;0;0;2;1;1;B01
201000022941;0;7;0;0;2;8;15;A01
201000022942;0;7;0;0;1;4;4;A01
201000022943;0;7;0;0;1;2;1;A01
201000022944;0;7;0;0;2;3;15;B01
201000022944;0;7;0;0;2;1;1;A01
201000022945;0;7;0;7;2;7;1;C01
201000022945;0;7;0;0;2;6;23;B01
201000022945;0;7;0;0;2;1;2;A01
201000022946;0;15;0;0;2;1;14;A01
201000022946;0;7;0;4;2;8;1;B01
201000022947;0;10;0;0;2;1;2;A01
201000022947;0;7;0;0;2;4;1;B01
201000022948;0;7;0;0;2;2;1;A01
201000022948;0;7;0;0;2;1;1;B01
201000022949;0;7;0;0;2;1;1;B01
201000022949;2;7;0;0;2;1;0;Z01
201000022950;0;7;0;0;2;1;1;A01
201000022950;0;7;0;0;2;3;15;B01
201000022951;0;33;0;0;0;8;21;A01
201000022952;0;7;0;0;2;7;14;A01
201000022952;0;1;0;0;2;8;1;B01
201000022953;0;7;0;0;2;1;1;A01
201000022953;0;7;0;0;0;4;2;B01
201000022954;0;7;0;0;2;8;19;A01
201000022954;0;33;0;0;2;1;1;B01
201000022955;0;7;0;0;2;1;13;A01
201000022955;0;7;0;0;2;1;0;B01
201000022956;0;37;4;0;0;0;1;A01
201000022957;0;7;0;0;2;1;1;B01
201000022957;0;7;0;13;2;1;0;A01
201000022958;1;7;0;0;2;1;2;Z01
201000022958;0;7;0;0;2;4;1;B01
201000022959;0;7;0;0;2;1;1;B01
201000022959;0;7;0;0;2;2;15;A01
201000022960;0;7;0;0;2;3;1;B01
201000022960;0;7;0;0;2;1;1;A01
201000022961;2;7;0;0;2;1;13;A01
201000022961;0;32;0;0;2;3;1;B01
201000022962;0;7;0;0;2;3;13;A01
201000022962;0;7;0;0;2;3;1;B01
201000022962;0;7;0;0;2;6;24;C01
201000022963;0;7;0;0;2;2;1;B01
201000022963;0;7;0;0;2;8;15;A01
201000022964;0;7;0;0;2;1;1;B01
201000022964;0;7;0;0;2;2;19;A01
201000022965;0;7;0;0;2;3;15;A01
201000022965;0;7;0;0;2;2;1;B01
201000022966;0;33;0;12;0;1;1;A01
201000022967;0;7;0;0;2;3;13;A01
201000022967;0;7;0;0;2;7;1;B01
201000022968;0;7;0;0;1;0;0;A01
201000022968;1;7;0;0;0;0;0;Z01
201000022969;0;7;0;0;1;0;0;A01
201000022970;0;7;0;0;2;1;2;A01
201000022970;0;7;0;0;2;4;23;B01
201000022971;0;7;0;0;2;4;2;B01
201000022971;0;7;0;0;2;1;2;Z01
201000022972;0;7;0;0;2;6;1;B01
201000022972;0;7;0;0;2;1;2;A01
201000022973;0;7;0;0;2;3;13;A01
201000022974;0;7;0;14;0;2;1;A01
201000022975;0;7;0;0;2;1;2;A01
201000022975;0;7;0;0;2;4;2;B01
201000022976;0;7;0;0;2;6;20;A01
201000022976;0;30;0;0;2;2;0;B01
201000022977;2;7;0;0;2;1;5;A01
201000022977;0;7;0;0;2;3;0;B01
201000022978;0;10;0;13;0;9;14;A01
201000022979;0;7;0;0;0;0;0;B01
201000022979;0;7;0;0;0;3;1;A01
201000022980;0;7;0;0;2;1;1;A01
201000022980;0;7;0;0;2;1;15;B01
201000022980;0;7;0;0;2;8;23;C01
201000022981;2;7;0;0;1;2;1;A01
201000022982;2;7;0;0;2;5;0;A01
201000022982;0;7;0;0;2;1;0;B01
201000022983;0;7;0;0;0;2;2;A01
201000022984;0;10;0;0;0;7;9;A01
201000022984;0;34;0;0;2;1;1;B01
201000022985;0;7;0;0;9;0;1;A01
201000022986;0;30;0;0;1;2;1;A01
201000022987;0;7;0;0;0;9;1;A01
201000022988;0;33;0;0;2;1;1;B01
201000022988;0;7;0;0;0;8;15;A01
201000022989;0;7;0;14;0;9;1;A01
201000022990;0;33;0;0;2;1;0;B01
201000022990;0;7;0;0;2;7;0;A01
201000022991;0;7;0;0;1;2;1;A01
201000022992;0;7;0;0;0;9;11;A01
201000022993;0;2;0;0;2;1;1;A01
201000022993;0;7;0;0;0;5;1;B01
201000022994;0;13;0;0;2;1;2;A01
201000022994;0;7;0;0;2;4;1;B01
201000022994;0;7;0;0;2;4;1;C01
201000022994;0;7;0;0;0;4;1;D01
201000022995;0;2;0;0;2;1;13;B01
201000022995;0;7;0;0;0;6;15;A01
201000022996;0;13;0;0;0;4;0;B01
201000022996;0;33;0;0;2;1;2;A01
201000022997;0;7;0;0;2;1;1;A01
201000022997;0;7;0;0;2;2;1;B01
201000022998;1;7;0;0;2;1;17;Z01
201000022998;0;7;0;0;2;3;24;C01
201000022998;0;30;0;1;2;1;1;B01
201000022999;0;2;0;0;0;0;11;A01
201000023000;0;7;0;0;1;2;1;A01
201000023001;0;33;0;0;0;8;0;A01
201000023002;0;7;0;0;2;1;17;A01
201000023002;0;7;0;0;0;4;15;B01
201000023003;0;37;1;0;1;2;1;A01
201000023004;0;7;0;0;2;8;1;A01
201000023004;0;15;0;0;2;3;1;B01
201000023005;0;10;0;2;0;3;0;A01
201000023006;0;10;0;0;2;1;1;B01
201000023006;0;7;0;0;2;7;18;A01
201000023006;0;7;0;0;0;0;16;C01
201000023007;0;7;0;0;2;1;2;A01
201000023007;0;7;0;0;1;4;23;B01
201000023008;0;7;0;0;2;4;2;B01
201000023008;0;33;0;0;2;1;2;A01
201000023009;0;7;0;0;0;4;23;C01
201000023009;0;7;0;0;2;1;2;A01
201000023009;0;7;0;0;0;4;23;B01
201000023010;0;2;0;0;0;4;2;B01
201000023010;0;7;0;0;0;1;2;A01
201000023011;0;7;0;0;1;1;1;A01
201000023012;0;7;0;0;1;3;0;A01
201000023013;0;2;0;0;0;1;1;A01
201000023013;0;7;0;0;0;4;1;B01
201000023014;0;13;0;0;1;7;4;A01
201000023015;0;7;0;0;2;3;1;A01
201000023015;0;7;0;0;2;3;1;B01
201000023016;0;7;0;0;0;6;0;B01
201000023016;0;2;0;0;0;1;19;A01
201000023017;0;7;0;0;2;1;1;A01
201000023017;0;33;0;0;2;4;15;B01
201000023018;0;7;0;9;0;1;1;A01
201000023019;0;7;0;0;0;4;2;B01
201000023019;0;2;0;0;2;1;2;A01
201000023020;0;1;0;0;2;8;1;B01
201000023020;0;7;0;0;9;8;1;A01
201000023021;0;30;0;8;0;7;18;A01
201000023021;0;7;0;0;2;2;16;B01
201000023022;0;7;0;0;1;1;1;A01
201000023023;0;15;0;0;1;3;0;A01
201000023024;0;7;0;0;2;1;5;A01
201000023024;0;7;0;0;2;8;1;B01
201000023025;0;1;0;0;2;8;15;B01
201000023025;0;10;0;0;9;1;2;A01
201000023026;0;10;0;2;0;1;1;A01
201000023027;0;7;0;0;2;3;1;B01
201000023027;0;7;0;0;2;8;9;A01
201000023028;0;7;0;0;2;2;17;A01
201000023028;0;7;0;2;9;6;15;B01
201000023029;0;36;0;6;0;1;0;A01
201000023030;0;13;0;0;0;1;15;A01
201000023030;0;7;0;0;2;1;0;B01
201000023031;0;7;0;0;2;3;15;B01
201000023031;0;7;0;0;2;7;1;A01
201000023032;0;7;0;0;2;1;1;B01
201000023032;0;7;0;0;2;7;9;A01
201000023033;0;7;0;0;2;1;1;A01
201000023034;0;7;0;8;2;1;21;A01
201000023035;0;7;0;0;2;2;17;A01
201000023035;0;7;0;0;0;3;15;B01
201000023036;0;7;0;0;0;8;10;A01
201000023036;0;7;0;0;2;1;1;B01
201000023037;0;10;0;0;2;1;2;A01
201000023037;0;32;0;0;0;4;0;B01
201000023038;0;7;0;13;0;2;16;A01
201000023039;0;7;0;0;2;1;1;B01
201000023039;0;7;0;6;2;7;15;A01
201000023040;0;7;0;0;1;2;1;A01
201000023041;0;7;0;0;9;2;2;A01
201000023041;0;1;0;0;2;8;15;B01
201000023042;0;7;0;0;2;1;0;B01
201000023042;0;7;0;0;2;0;11;A01
201000023043;0;31;0;12;0;7;2;A01
201000023044;1;99;0;0;0;0;0;Z01
201000023045;0;10;0;2;0;1;11;A01
201000023046;1;7;0;0;1;2;1;Z01
201000023047;0;7;0;0;2;4;5;A01
201000023047;0;7;0;0;2;1;1;B01
201000023048;0;10;0;0;1;2;1;A01
201000023049;0;7;0;2;0;1;1;A01
201000023050;0;33;0;0;2;4;13;B01
201000023050;0;21;0;0;2;8;15;A01
201000023051;0;7;0;0;2;1;1;B01
201000023051;0;7;0;0;2;3;9;A01
201000023052;0;7;0;13;2;7;5;A01
201000023052;0;99;0;0;2;1;1;B01
201000023053;0;7;0;0;2;1;1;B01
201000023053;0;10;0;0;2;2;0;A01
201000023054;0;7;0;0;2;2;16;B01
201000023054;0;2;0;0;2;1;18;A01
201000023055;0;2;0;0;1;1;1;A01
201000023056;0;7;0;2;0;5;1;A01
201000023057;0;7;0;0;2;1;1;A01
201000023057;0;7;0;0;2;1;1;B01
201000023058;0;7;0;0;2;3;1;B01
201000023058;0;7;0;0;2;1;1;C01
201000023058;0;7;0;0;2;1;5;A01
201000023059;0;7;0;0;2;1;2;B01
201000023059;0;7;0;0;2;3;9;A01
201000023060;1;7;0;0;1;7;0;Z01
201000023061;0;7;0;0;2;4;2;B01
201000023061;0;7;0;0;2;4;2;D01
201000023061;0;7;0;0;2;4;23;C01
201000023061;0;7;0;0;2;1;2;A01
201000023061;0;7;0;0;0;4;2;E01
201000023062;0;7;0;0;1;3;1;A01
201000023063;0;2;0;0;0;3;2;A01
201000023064;0;7;0;0;2;2;0;A01
201000023064;0;34;0;0;2;7;0;B01
201000023065;0;7;0;0;0;0;0;B01
201000023065;0;7;0;0;0;0;0;A01
201000023066;0;7;0;0;1;2;1;A01
201000023067;0;7;0;0;2;3;15;A01
201000023067;0;7;0;0;2;3;1;B01
201000023068;0;7;0;0;1;2;2;A01
201000023069;0;7;0;0;2;1;2;A01
201000023069;0;7;0;0;0;4;2;B01
201000023070;0;7;0;0;2;1;0;A01
201000023070;0;7;0;0;0;4;0;B01
201000023071;0;7;0;0;2;8;2;B01
201000023071;0;7;0;0;2;1;13;A01
201000023072;0;33;0;6;0;2;0;A01
201000023073;0;7;0;0;1;2;0;A01
201000023074;0;7;0;0;1;6;4;A01
201000023075;0;7;0;0;1;3;0;A01
201000023076;0;7;0;0;0;5;1;B01
201000023076;0;33;0;0;2;1;0;A01
201000023077;0;7;0;0;2;3;5;A01
201000023077;0;7;0;0;2;3;1;B01
201000023078;0;33;0;0;2;1;1;B01
201000023078;0;7;0;0;2;2;19;A01
201000023079;0;7;0;8;2;1;1;C01
201000023079;0;7;0;14;2;9;1;A01
201000023079;0;7;0;0;2;8;1;B01
201000023080;0;7;0;0;2;2;19;A01
201000023080;0;7;0;0;2;3;1;B01
201000023081;0;10;0;0;1;4;4;A01
201000023082;0;7;0;0;1;2;1;A01
201000023083;0;7;0;4;0;3;1;A01
201000023084;0;7;0;0;2;6;2;B01
201000023084;0;7;0;0;2;5;1;D01
201000023084;0;7;0;0;2;1;1;C01
201000023084;0;7;0;0;2;2;2;A01
201000023085;0;7;0;0;2;1;9;A01
201000023085;0;7;0;0;2;4;1;B01
201000023086;0;30;0;0;2;1;0;B01
201000023086;0;7;0;0;2;5;15;A01
201000023087;0;7;0;13;0;8;13;A01
201000023088;0;7;0;0;2;3;1;B01
201000023088;0;7;0;0;2;1;15;A01
201000023089;0;2;0;0;2;1;1;A01
201000023089;0;7;0;0;2;4;1;B01
201000023090;0;7;0;0;1;3;1;A01
201000023091;0;32;0;0;2;6;15;B01
201000023091;0;33;0;0;2;6;17;A01
201000023092;0;7;0;0;2;7;20;A01
201000023092;0;33;0;0;2;7;21;B01
201000023093;0;7;0;0;2;1;2;A01
201000023093;0;7;0;0;2;4;2;B01
201000023094;0;7;0;0;2;4;2;C01
201000023094;0;33;0;0;2;2;21;A01
201000023094;0;10;0;0;2;1;2;B01
201000023095;0;7;0;0;0;4;2;B01
201000023095;0;7;0;0;0;1;2;A01
201000023096;0;30;0;0;2;1;2;C01
201000023096;0;7;0;0;0;4;23;B01
201000023096;0;7;0;0;2;1;2;A01
201000023097;0;33;0;16;0;8;1;A01
201000023098;0;7;0;0;2;3;0;A01
201000023098;0;7;0;0;0;3;1;B01
201000023099;0;7;0;0;2;1;1;B01
201000023099;2;10;0;0;2;2;19;A01
201000023100;0;7;0;0;2;1;1;A01
201000023100;0;7;0;0;0;8;0;B01
201000023101;0;7;0;0;0;8;9;A01
201000023101;0;2;0;0;2;1;1;B01
201000023102;0;7;0;0;2;3;1;B01
201000023102;0;7;0;0;2;2;16;A01
201000023103;0;7;0;0;0;1;1;A01
201000023104;0;7;0;0;2;4;2;B01
201000023104;0;7;0;0;2;1;1;A01
201000023105;0;33;0;0;2;1;2;A01
201000023105;0;7;0;0;2;7;16;B01
201000023106;0;7;0;0;2;6;13;A01
201000023106;0;32;0;0;2;1;2;B01
201000023107;0;7;0;4;2;0;12;A01
201000023107;0;37;26;0;2;3;2;B01
201000023108;0;7;0;0;2;4;1;B01
201000023108;0;31;0;0;2;1;1;A01
201000023109;0;7;0;0;0;4;2;B01
201000023109;0;7;0;0;2;1;2;A01
201000023110;0;7;0;0;2;2;23;B01
201000023110;0;31;0;0;2;1;9;A01
201000023111;0;7;0;0;2;1;13;A01
201000023111;0;7;0;0;2;1;1;B01
201000023112;0;10;0;0;0;4;2;C01
201000023112;0;7;0;0;2;1;2;A01
201000023112;0;7;0;0;2;4;2;B01
201000023113;0;7;0;0;2;3;2;A01
201000023113;0;7;0;0;1;5;2;B01
201000023114;0;7;0;0;0;3;0;A01
201000023114;0;7;0;0;2;3;1;B01
201000023115;0;7;0;4;0;5;0;A01
201000023116;0;7;0;0;2;1;0;A01
201000023116;0;34;0;0;2;0;0;B01
201000023117;0;7;0;0;2;4;2;B01
201000023117;0;7;0;14;2;1;2;A01
201000023118;0;34;0;0;0;8;1;A01
201000023119;0;33;0;0;0;7;1;A01
201000023120;0;7;0;0;2;0;0;B01
201000023120;0;7;0;0;0;0;0;A01
201000023121;0;7;0;0;0;0;15;B01
201000023121;0;7;0;15;0;1;21;A01
201000023122;0;7;0;0;0;4;23;C01
201000023122;0;7;0;0;2;4;23;B01
201000023122;0;7;0;0;2;1;2;A01
201000023123;0;7;0;0;0;9;17;A01
201000023124;0;30;0;12;0;2;21;A01
201000023125;0;7;0;0;2;2;15;A01
201000023125;0;37;0;0;2;1;0;B01
201000023126;0;7;0;0;0;4;0;C01
201000023126;0;34;0;0;2;1;1;B01
201000023126;0;7;0;0;0;6;0;A01
201000023127;0;7;0;0;2;1;13;A01
201000023127;0;7;0;8;2;1;1;B01
201000023128;0;7;0;0;2;3;2;A01
201000023128;0;7;0;0;0;5;2;B01
201000023129;0;1;0;0;2;4;13;B01
201000023129;0;7;0;0;2;2;2;A01
201000023130;0;10;0;0;1;1;1;A01
201000023131;0;33;0;5;0;1;2;A01
201000023132;0;2;0;0;2;1;1;A01
201000023132;0;7;0;0;0;6;23;B01
201000023133;0;7;0;0;2;2;15;A01
201000023133;0;7;0;0;2;3;1;B01
201000023134;0;99;0;0;2;1;2;A01
201000023134;0;7;0;0;0;4;1;B01
201000023135;0;33;0;0;2;1;0;B01
201000023135;0;7;0;0;2;3;9;A01
201000023136;0;7;0;14;2;3;6;A01
201000023136;0;7;0;0;2;6;0;B01
201000023136;0;7;0;0;2;6;1;C01
201000023137;0;10;0;0;2;3;1;B01
201000023137;0;7;0;0;2;8;19;A01
201000023138;0;33;0;0;0;7;1;A01
201000023139;0;7;0;0;2;3;1;B01
201000023139;0;7;0;0;2;6;9;A01
201000023140;0;7;0;0;1;3;1;A01
201000023141;0;7;0;8;0;0;16;A01
201000023142;0;7;0;0;2;1;1;A01
201000023142;0;7;0;0;0;5;1;B01
201000023143;0;7;0;0;0;3;15;B01
201000023143;0;30;0;12;2;2;17;A01
201000023144;0;33;0;0;0;0;0;A01
201000023145;0;7;0;0;2;8;1;B01
201000023145;0;7;0;0;2;1;1;A01
201000023146;0;7;0;0;1;1;9;A01
201000023147;0;7;0;0;2;3;19;A01
201000023147;0;7;0;0;2;2;1;B01
201000023148;0;7;0;0;2;3;15;A01
201000023148;0;30;0;0;2;7;17;B01
201000023149;0;2;0;0;2;1;17;A01
201000023149;0;7;0;1;2;2;0;C01
201000023149;0;7;0;0;2;1;0;B01
201000023150;0;7;0;0;2;0;19;A01
201000023150;0;33;0;0;2;7;1;B01
201000023151;0;7;0;1;0;3;0;A01
201000023152;0;7;0;8;0;1;0;A01
201000023153;0;7;0;0;2;3;15;B01
201000023153;0;33;0;0;0;7;17;A01
201000023154;0;7;0;0;0;4;2;C01
201000023154;0;7;0;0;2;9;2;B01
201000023154;0;7;0;3;2;1;2;A01
201000023155;0;30;0;12;0;8;13;A01
201000023156;0;7;0;0;2;6;1;B01
201000023156;0;7;0;0;2;3;1;A01
201000023157;0;7;0;0;2;4;2;B01
201000023157;0;7;0;0;0;4;2;C01
201000023157;0;7;0;0;2;1;2;A01
201000023158;0;7;0;14;0;3;0;A01
201000023159;0;7;0;0;0;6;23;B01
201000023159;0;7;0;0;2;2;11;A01
201000023160;0;33;0;0;0;4;2;B01
201000023160;0;7;0;0;2;2;2;A01
201000023161;0;7;0;3;0;6;0;A01
201000023162;0;14;0;0;2;3;1;B01
201000023162;0;2;0;0;2;3;13;A01
201000023163;0;2;0;0;2;0;0;C01
201000023163;1;7;0;0;2;0;0;Z01
201000023163;0;30;0;0;2;0;1;B01
201000023164;0;7;0;4;0;1;2;A01
201000023165;0;7;0;12;0;2;21;A01
201000023166;0;33;0;0;2;1;2;A01
201000023166;0;7;0;0;0;5;2;B01
201000023167;0;7;0;0;2;3;10;A01
201000023167;0;7;0;0;2;2;17;B01
201000023168;0;14;0;0;1;4;4;A01
201000023169;0;7;0;8;0;1;1;A01
201000023170;0;10;0;0;0;6;23;B01
201000023170;0;10;0;1;0;2;1;A01
201000023171;0;7;0;0;0;4;2;B01
201000023171;0;7;0;0;2;1;2;A01
201000023172;0;7;0;12;0;2;1;A01
201000023173;0;7;0;0;2;1;9;A01
201000023173;0;7;0;0;2;7;1;B01
201000023174;0;7;0;0;0;3;13;A01
201000023175;0;7;0;4;0;2;1;A01
201000023176;0;7;0;0;2;2;1;B01
201000023176;0;30;0;0;2;1;15;A01
201000023177;0;7;0;0;2;3;1;B01
201000023177;0;7;0;0;2;5;10;A01
201000023178;0;7;0;0;0;4;0;C01
201000023178;0;33;0;0;2;1;17;A01
201000023178;0;7;0;0;2;6;1;B01
201000023179;0;33;0;0;0;0;0;A01
201000023180;0;7;0;0;2;1;9;A01
201000023180;0;7;0;0;2;1;23;C01
201000023180;0;7;0;0;2;2;1;B01
201000023181;0;7;0;4;0;3;1;A01
201000023182;0;30;0;14;0;1;2;A01
201000023182;0;7;0;0;0;6;1;B01
201000023183;0;7;0;0;1;2;1;A01
201000023184;0;7;0;0;2;7;19;A01
201000023184;0;2;0;0;2;1;1;B01
201000023185;0;7;0;0;2;8;2;A01
201000023185;0;7;0;0;2;1;1;B01
201000023186;0;7;0;0;2;4;2;C01
201000023186;0;7;0;0;2;4;1;B01
201000023186;0;7;0;0;2;1;1;A01
201000023187;0;7;0;0;0;0;0;A01
201000023188;0;7;0;0;9;3;15;A01
201000023189;0;15;0;0;0;7;15;A01
201000023190;0;7;0;0;1;2;1;A01
201000023191;0;7;0;0;2;3;9;A01
201000023191;0;30;0;0;2;1;1;B01
201000023192;0;7;0;0;0;4;2;C01
201000023192;0;7;0;0;2;4;2;B01
201000023192;0;7;0;0;0;4;2;D01
201000023192;0;7;0;0;2;1;2;A01
201000023193;0;7;0;1;0;1;15;A01
201000023194;0;10;0;13;0;9;9;A01
201000023195;0;34;0;0;0;0;1;A01
201000023196;0;7;0;0;2;4;2;B01
201000023196;0;7;0;0;2;1;2;A01
201000023197;0;7;0;0;0;1;2;A01
201000023197;0;7;0;0;0;4;2;B01
201000023198;0;14;0;0;0;0;0;A01
201000023199;0;10;0;0;2;3;10;A01
201000023199;0;33;0;0;2;1;1;B01
201000023200;0;7;0;0;0;5;0;B01
201000023200;0;33;0;0;2;1;2;A01
201000023201;0;7;0;0;2;9;2;B01
201000023201;0;7;0;0;0;4;15;C01
201000023201;0;10;0;0;2;1;2;A01
201000023202;0;31;0;0;2;7;1;B01
201000023202;0;7;0;0;2;1;9;A01
201000023203;0;31;0;0;2;1;2;A01
201000023203;0;17;0;0;0;8;13;B01
201000023204;0;32;0;12;0;7;0;A01
201000023205;0;7;0;0;0;2;2;A01
201000023206;0;33;0;0;2;1;1;C01
201000023206;0;7;0;0;2;3;19;A01
201000023206;0;7;0;0;2;7;1;B01
201000023207;0;7;0;0;2;4;15;B01
201000023207;0;7;0;0;2;1;1;A01
201000023208;0;7;0;0;2;1;2;A01
201000023208;0;7;0;0;2;4;15;B01
201000023209;0;7;0;0;2;2;1;A01
201000023209;0;7;0;0;2;3;0;B01
201000023210;0;7;0;0;2;1;1;A01
201000023210;0;7;0;0;2;4;1;B01
201000023211;0;7;0;0;2;3;1;A01
201000023211;0;7;0;0;2;5;15;B01
201000023212;0;7;0;0;1;4;4;A01
201000023213;0;33;0;0;0;8;17;A01
201000023213;0;17;0;0;0;8;15;B01
201000023214;0;7;0;0;0;1;1;A01
201000023215;0;7;0;0;2;1;1;A01
201000023215;0;7;0;0;2;3;15;B01
201000023216;0;7;0;0;1;1;2;A01
201000023217;0;2;0;0;2;1;1;A01
201000023217;0;7;0;0;2;3;1;B01
201000023218;0;33;0;0;2;1;2;A01
201000023218;0;7;0;0;0;4;2;B01
201000023219;0;7;0;0;2;5;1;B01
201000023219;0;33;0;0;2;8;9;A01
201000023220;0;30;0;0;2;2;2;B01
201000023220;0;7;0;0;2;2;0;C01
201000023220;0;7;0;0;0;0;1;A01
201000023221;0;7;0;3;2;2;1;A01
201000023221;0;7;0;1;0;1;2;B01
201000023222;0;7;0;0;2;1;2;A01
201000023222;0;7;0;0;2;4;2;B01
201000023223;0;7;0;0;2;2;1;A01
201000023223;0;33;0;0;2;1;0;B01
201000023224;0;7;0;0;2;1;2;B01
201000023224;0;7;0;0;2;3;10;A01
201000023225;0;7;0;0;2;1;2;A01
201000023225;0;7;0;0;0;4;15;B01
201000023226;0;7;0;0;2;6;19;B01
201000023226;0;7;0;0;2;1;1;A01
201000023227;0;7;0;0;1;1;1;A01
201000023228;0;7;0;3;0;3;1;A01
201000023229;0;7;0;4;0;1;1;A01
201000023230;0;7;0;0;2;1;1;A01
201000023230;0;7;0;0;2;4;2;B01
201000023231;0;34;0;14;0;8;1;A01
201000023232;0;2;0;0;2;7;1;A01
201000023232;0;7;0;0;2;1;1;B01
201000023233;0;2;0;0;0;7;0;A01
201000023234;0;2;0;0;0;1;1;A01
201000023235;0;7;0;0;0;8;10;A01
201000023235;0;7;0;0;2;2;2;B01
201000023236;0;7;0;0;2;3;15;A01
201000023236;0;7;0;0;2;3;1;B01
201000023237;0;7;0;4;0;3;1;A01
201000023238;0;7;0;0;2;1;1;B01
201000023238;0;7;0;0;2;3;19;A01
201000023239;0;7;0;0;2;6;1;C01
201000023239;0;7;0;0;2;1;0;A01
201000023239;0;7;0;0;2;6;1;B01
201000023240;0;14;0;0;2;1;2;A01
201000023240;0;2;0;0;2;5;2;B01
201000023241;0;33;0;0;1;1;2;A01
201000023242;0;32;0;0;0;3;2;A01
201000023243;0;7;0;0;2;2;15;A01
201000023243;0;30;0;0;2;6;1;B01
201000023244;0;7;0;0;2;4;1;B01
201000023244;0;10;0;0;2;1;1;A01
201000023245;0;7;0;0;2;1;1;A01
201000023245;0;7;0;0;2;4;1;B01
201000023246;0;30;0;0;2;1;2;A01
201000023246;0;7;0;0;0;6;1;B01
201000023247;0;30;0;0;2;6;2;A01
201000023247;0;37;1;0;2;6;2;B01
201000023248;0;7;0;0;2;2;2;A01
201000023248;0;7;0;0;2;6;2;B01
201000023249;0;7;0;0;1;2;16;A01
201000023250;0;7;0;0;2;1;2;A01
201000023250;0;7;0;0;2;6;4;B01
201000023251;0;7;0;0;0;1;0;A01
201000023252;0;7;0;15;0;1;0;A01
201000023253;0;32;0;0;2;1;21;A01
201000023253;0;7;0;0;2;6;23;B01
201000023254;0;2;0;0;2;1;18;A01
201000023254;0;7;0;0;2;2;19;B01
201000023255;0;7;0;4;0;1;15;A01
201000023256;0;7;0;4;2;1;9;A01
201000023256;0;7;0;0;0;1;2;B01
201000023257;0;7;0;0;0;1;1;A01
201000023258;0;7;0;0;0;0;0;A01
201000023258;0;32;0;0;2;4;3;B01
201000023259;0;7;0;0;2;3;13;A01
201000023259;0;7;0;0;2;3;2;B01
201000023260;0;7;0;0;0;4;2;A01
201000023260;1;99;0;0;0;0;0;Z01
201000023261;0;7;0;0;2;4;2;C01
201000023261;0;7;0;0;2;4;2;B01
201000023261;0;7;0;0;2;1;2;A01
201000023262;0;7;0;0;2;4;2;B01
201000023262;0;7;0;0;2;1;2;A01
201000023263;0;7;0;0;1;1;1;A01
201000023264;0;7;0;0;2;2;1;B01
201000023264;0;7;0;0;2;3;9;A01
201000023265;0;17;0;0;0;3;1;B02
201000023265;0;7;0;0;0;7;17;A01
201000023266;0;7;0;6;0;2;1;A01
201000023267;0;7;0;0;0;4;1;A01
201000023267;0;7;0;0;2;1;1;B02
201000023268;0;7;0;14;2;1;17;A01
201000023268;0;14;0;0;2;8;1;B02
201000023269;0;10;0;3;0;2;1;A01
201000023270;0;7;0;0;0;9;1;A01
201000023271;0;7;0;0;2;6;2;B02
201000023271;0;7;0;0;2;2;2;A01
201000023272;0;7;0;0;1;3;1;A01
201000023273;0;10;0;0;2;2;1;A01
201000023273;0;17;0;0;2;6;23;B02
201000023274;0;7;0;16;0;1;1;A01
201000023275;0;7;0;0;2;4;23;C03
201000023275;0;7;0;0;2;1;2;A01
201000023275;0;7;0;0;2;4;23;B02