num_acc;senc;catv;occutc;obs;obsm;choc;manv;num_veh
201000023275;0;7;0;0;0;4;23;D04
201000023276;0;7;0;13;0;1;1;A01
201000023277;0;1;0;0;0;1;1;A01
201000023278;0;33;0;0;2;7;1;B01
201000023278;0;7;0;0;2;1;19;A02
201000023279;0;33;0;0;2;2;1;A01
201000023279;0;7;0;0;2;3;19;B02
201000023280;0;30;0;1;0;1;14;A01
201000023281;0;33;0;0;0;1;1;A01
201000023282;0;33;0;0;2;1;2;B02
201000023282;0;7;0;0;2;4;2;A01
201000023283;0;10;0;0;2;2;17;A01
201000023283;0;30;0;0;2;1;1;B02
201000023284;0;7;0;3;2;1;2;B02
201000023284;0;7;0;0;2;1;11;C03
201000023284;0;7;0;0;0;4;2;A01
201000023285;0;7;0;0;2;1;17;A01
201000023285;0;7;0;0;2;4;1;B02
201000023286;0;7;0;0;2;3;1;B02
201000023286;0;7;0;0;2;3;1;A01
201000023287;0;7;0;0;2;1;1;B02
201000023288;0;7;0;13;0;1;1;A01
201000023289;0;33;0;0;2;1;1;B02
201000023289;0;7;0;0;2;6;15;A01
201000023290;0;7;0;0;2;1;1;A01
201000023290;0;2;0;0;2;8;19;B02
201000023291;0;7;0;0;2;3;23;C03
201000023291;0;7;0;0;2;3;5;A01
201000023291;0;14;0;0;2;3;1;B02
201000023292;0;7;0;0;2;1;1;B02
201000023292;0;7;0;0;2;1;13;A01
201000023293;0;33;0;8;9;1;0;A01
201000023294;0;33;0;0;2;1;17;B02
201000023294;0;7;0;0;0;6;15;A01
201000023295;0;10;0;0;2;3;15;A01
201000023295;0;2;0;0;2;1;1;B02
201000023296;2;33;0;0;2;1;1;B02
201000023296;0;13;0;0;2;2;15;A01
201000023297;0;7;0;0;2;1;17;A01
201000023297;0;7;0;0;2;1;1;B02
201000023298;0;7;0;2;0;2;1;A01
201000023299;0;7;0;13;0;1;1;A01
201000023300;0;7;0;0;1;3;1;A01
201000023301;0;7;0;3;0;3;14;A01
201000023302;0;10;0;3;0;1;17;A01
201000023303;0;7;0;13;0;8;0;A01
201000023304;0;7;0;3;0;2;1;A01
201000023305;0;7;0;16;0;6;1;A01
201000023306;0;7;0;3;0;0;2;B02
201000023306;0;7;0;0;2;2;3;A01
201000023307;0;7;0;13;0;0;1;A01
201000023308;0;7;0;0;9;2;17;A01
201000023309;0;10;0;0;0;9;1;A01
201000023310;0;7;0;0;1;5;4;A01
201000023311;0;14;0;3;0;2;0;A01
201000023312;0;7;0;13;0;2;1;A01
201000023313;0;17;0;13;0;1;1;A01
201000023314;0;7;0;0;2;1;1;A01
201000023314;0;7;0;0;2;2;15;B02
201000023315;1;7;0;0;1;2;1;A01
201000023316;1;7;0;0;1;1;2;A01
201000023317;0;3;0;0;2;1;1;B02
201000023317;0;7;0;0;2;3;9;A01
201000023318;0;7;0;0;0;9;2;A01
201000023319;0;7;0;13;0;1;1;A01
201000023320;0;7;0;2;0;8;1;A01
201000023321;0;33;0;0;2;8;21;A01
201000023322;0;30;0;0;2;8;2;A01
201000023322;0;7;0;0;2;1;1;B02
201000023323;0;7;0;0;1;2;1;A01
201000023324;0;10;0;0;2;3;1;C03
201000023324;0;7;0;0;2;1;17;A01
201000023324;0;7;0;0;2;1;1;B02
201000023325;0;7;0;0;1;2;1;A01
201000023326;0;7;0;3;0;9;14;A01
201000023327;0;7;0;0;2;3;1;B01
201000023327;0;1;0;0;2;1;15;A01
201000023328;0;7;0;0;1;1;23;B01
201000023328;0;7;0;1;0;1;1;A01
201000023329;0;2;0;0;1;1;17;A01
201000023330;0;7;0;2;0;1;13;A01
201000023331;0;33;0;0;2;1;1;B01
201000023331;0;14;0;0;0;7;15;A01
201000023332;0;7;0;1;0;2;14;A01
201000023333;0;7;0;0;1;7;1;A01
201000023334;0;31;0;0;0;0;1;A01
201000023335;0;7;0;0;2;7;13;A01
201000023335;0;17;0;0;2;1;1;B01
201000023336;0;7;0;0;0;8;1;C01
201000023336;0;7;0;9;0;5;23;B01
201000023336;2;7;0;0;2;1;1;A01
201000023337;0;2;0;0;1;1;1;A01
201000023338;0;7;0;0;2;3;1;B01
201000023338;0;2;0;0;2;1;13;A01
201000023339;0;7;0;2;0;1;13;A01
201000023340;0;7;0;0;1;5;1;A01
201000023341;1;7;0;0;2;8;13;Z01
201000023341;0;2;0;0;2;1;1;A01
201000023342;0;7;0;0;0;4;1;C01
201000023342;0;7;0;0;0;4;1;B01
201000023342;0;7;0;0;2;1;1;A01
201000023343;0;7;0;0;1;5;16;A01
201000023344;0;7;0;0;0;6;1;A01
201000023344;0;33;0;3;2;1;1;B01
201000023345;0;33;0;0;2;1;1;B01
201000023345;0;7;0;0;0;7;15;A01
201000023346;0;7;0;0;2;3;15;B01
201000023346;0;2;0;0;2;1;17;A01
201000023347;0;7;0;0;1;0;0;A01
201000023348;0;7;0;2;0;1;0;A01
201000023349;0;7;0;0;2;1;1;A01
201000023349;0;7;0;0;2;2;16;B01
201000023350;0;2;0;0;2;1;1;B01
201000023350;0;7;0;0;2;7;1;A01
201000023351;0;7;0;0;0;4;1;B01
201000023351;0;33;0;0;2;1;1;A01
201000023352;0;7;0;6;0;1;1;A01
201000023353;0;7;0;0;2;1;15;A01
201000023353;0;31;0;0;2;1;1;B01
201000023354;0;7;0;0;1;0;1;A01
201000023355;0;7;0;0;1;3;15;A01
201000023356;0;7;0;0;1;2;16;A01
201000023357;0;7;0;7;0;9;14;A01
201000023358;0;7;0;0;2;2;1;B01
201000023358;0;2;0;0;2;1;1;A01
201000023359;0;7;0;2;0;1;13;A01
201000023360;0;7;0;0;0;9;13;A01
201000023361;0;33;0;3;0;1;13;A01
201000023362;0;33;0;0;2;1;1;B01
201000023362;2;7;0;0;2;2;15;A01
201000023363;0;7;0;0;2;1;1;A01
201000023363;0;7;0;0;2;4;1;B01
201000023363;0;7;0;0;2;4;1;D01
201000023363;0;7;0;0;2;4;1;C01
201000023364;0;2;0;0;2;1;17;A01
201000023364;0;7;0;0;0;8;15;B01
201000023365;0;7;0;13;0;1;16;A01
201000023366;0;33;0;12;0;1;1;A01
201000023367;0;7;0;2;0;1;13;A01
201000023368;0;7;0;0;1;7;1;A01
201000023369;0;7;0;0;2;6;1;B01
201000023369;0;33;0;0;2;1;1;A01
201000023370;0;7;0;0;2;3;2;T01
201000023370;0;31;0;0;2;4;2;A01
201000023371;0;7;0;0;2;3;15;A01
201000023371;0;7;0;14;0;1;1;C01
201000023371;0;33;0;0;2;1;1;B01
201000023372;0;1;0;0;2;1;1;B01
201000023372;0;7;0;0;2;2;1;A01
201000023373;0;7;0;13;0;2;1;A01
201000023374;0;7;0;0;1;1;16;A01
201000023375;0;33;0;0;2;1;1;A01
201000023375;0;7;0;0;2;8;10;B01
201000023376;0;7;0;0;2;1;15;B01
201000023376;0;2;0;0;2;1;1;A01
201000023377;0;37;0;0;1;7;7;A01
201000023378;0;7;0;9;0;1;1;A01
201000023379;0;2;0;0;0;1;16;A01
201000023380;0;7;0;0;2;1;1;A01
201000023380;0;7;0;0;2;5;1;B01
201000023381;0;2;0;0;0;4;23;B01
201000023381;0;14;0;0;2;1;1;A01
201000023382;0;1;0;14;0;0;1;A01
201000023383;0;7;0;0;0;6;15;B01
201000023383;0;2;0;0;2;2;17;A01
201000023384;0;7;0;0;2;4;2;C01
201000023384;0;7;0;0;2;4;2;B01
201000023384;0;7;0;0;2;1;1;A01
201000023385;0;7;0;0;2;6;9;A01
201000023385;0;1;0;0;2;2;1;B01
201000023386;0;1;0;0;1;1;1;A01
201000023387;0;2;0;0;2;1;16;A01
201000023387;0;7;0;0;2;1;1;B01
201000023388;1;7;0;0;1;0;1;Z01
201000023389;0;7;0;0;1;2;1;A01
201000023390;0;31;0;0;2;1;1;B01
201000023390;0;7;0;0;2;7;15;A01
201000023391;0;7;0;0;2;6;1;B01
201000023391;0;2;0;0;2;3;13;A01
201000023392;0;2;0;0;0;0;1;A01
201000023393;0;7;0;3;0;1;1;A01
201000023394;0;7;0;0;2;6;1;B01
201000023394;0;7;0;0;2;3;14;A01
201000023394;0;31;0;0;2;8;15;C01
201000023395;0;7;0;0;1;1;15;A01
201000023396;0;1;0;0;2;7;1;B01
201000023396;0;7;0;0;2;3;1;A01
201000023397;0;7;0;0;2;3;1;A01
201000023397;0;2;0;0;2;1;1;B01
201000023398;0;7;0;0;2;2;14;A01
201000023398;0;7;0;0;2;3;1;B01
201000023399;0;7;0;2;0;1;1;A01
201000023400;0;1;0;0;2;1;1;B01
201000023400;0;7;0;0;2;5;15;A01
201000023401;0;7;0;0;2;1;1;A01
201000023401;0;7;0;0;2;3;1;B01
201000023402;0;10;0;0;2;3;1;C01
201000023402;0;7;0;0;2;1;6;A01
201000023402;0;7;0;0;2;1;1;B01
201000023403;1;99;0;0;2;7;1;Z01
201000023403;0;1;0;0;2;8;1;A01
201000023404;0;32;0;0;2;1;1;B01
201000023404;0;7;0;0;2;8;1;A01
201000023405;0;14;0;0;1;2;1;A01
201000023406;0;7;0;0;0;7;23;B01
201000023406;0;2;0;0;2;1;1;A01
201000023407;0;7;0;0;2;3;4;A01
201000023407;0;33;0;0;2;1;1;B01
201000023408;0;7;0;0;1;1;1;A01
201000023409;0;7;0;0;1;2;1;A01
201000023410;0;7;0;0;2;3;23;A01
201000023410;0;33;0;0;2;1;1;B01
201000023411;0;7;0;0;1;1;1;A01
201000023412;0;7;0;0;1;2;1;A01
201000023413;0;7;0;0;2;1;1;A01
201000023413;0;7;0;0;2;4;23;B01
201000023414;0;2;0;0;2;1;1;B01
201000023414;0;7;0;0;2;3;1;C01
201000023414;0;7;0;0;2;6;16;A01
201000023415;0;7;0;0;1;3;15;A01
201000023416;0;7;0;0;1;1;1;A01
201000023417;0;7;0;0;1;1;16;A01
201000023418;0;7;0;13;0;1;1;A01
201000023419;0;1;0;0;2;1;1;B01
201000023419;0;7;0;0;2;8;9;A01
201000023420;0;10;0;0;2;2;15;A01
201000023420;0;2;0;0;2;1;1;B01
201000023421;0;7;0;6;0;3;13;A01
201000023422;0;7;0;0;1;1;1;A01
201000023423;0;7;0;0;5;1;1;A01
201000023423;0;99;0;0;2;8;14;B02
201000023424;0;33;0;0;0;0;0;A01
201000023425;0;7;0;13;0;1;13;A01
201000023426;0;7;0;0;1;2;1;A01
201000023427;0;7;0;0;2;1;14;A01
201000023427;0;7;0;0;2;2;1;B01
201000023428;0;7;0;1;1;2;1;A01
201000023429;0;7;0;13;0;1;1;A01
201000023430;0;7;0;13;0;1;1;A01
201000023431;0;14;0;0;2;3;1;B02
201000023431;0;7;0;0;2;3;13;A01
201000023432;0;7;0;0;2;8;19;A01
201000023432;0;7;0;0;2;2;1;B02
201000023433;1;7;0;0;1;2;1;A01
201000023434;0;7;0;13;0;2;21;A01
201000023435;0;7;0;0;1;1;1;A01
201000023436;0;33;0;2;0;1;1;A01
201000023437;0;7;0;0;2;1;5;A01
201000023437;0;7;0;0;2;1;1;B02
201000023437;0;14;0;0;2;3;1;C03
201000023438;0;10;0;0;2;1;1;B02
201000023438;0;7;0;0;2;7;19;A01
201000023439;0;31;0;0;2;3;2;A01
201000023439;0;7;0;0;2;3;2;B02
201000023440;0;7;0;3;0;8;16;A01
201000023441;0;7;0;0;2;8;15;B02
201000023441;0;7;0;0;2;5;1;A01
201000023442;0;33;0;16;0;1;2;A01
201000023443;0;7;0;0;9;7;17;A01
201000023443;0;1;0;0;2;8;1;B02
201000023444;0;7;0;0;2;3;1;C03
201000023444;0;7;0;0;2;4;13;B02
201000023444;0;7;0;0;2;1;2;A01
201000023445;0;7;0;16;0;8;1;A01
201000023446;0;7;0;13;0;1;2;A01
201000023447;0;7;0;0;2;1;1;B02
201000023447;0;7;0;0;2;3;1;A01
201000023448;0;7;0;1;0;1;2;A01
201000023448;0;1;0;0;2;4;23;B02
201000023449;0;31;0;0;2;3;1;C03
201000023449;0;7;0;0;2;6;1;B02
201000023449;0;31;0;0;2;3;1;A01
201000023450;0;31;0;0;2;1;1;B02
201000023450;0;10;0;0;0;5;15;A01
201000023451;0;30;0;0;2;8;2;B01
201000023451;0;7;0;9;2;2;14;A01
201000023452;0;7;0;0;2;1;5;A01
201000023452;0;14;0;0;2;1;1;B01
201000023453;0;99;0;1;1;1;19;A01
201000023454;0;2;0;16;0;7;1;A01
201000023455;0;7;0;0;1;2;1;A01
201000023456;0;10;0;0;0;8;1;A01
201000023457;0;7;0;0;0;1;0;A01
201000023458;0;2;0;0;0;7;1;A01
201000023459;0;33;0;0;0;0;1;A01
201000023459;0;21;0;0;0;0;9;B01
201000023460;0;7;0;8;2;3;1;B01
201000023460;0;7;0;0;2;2;9;A01
201000023461;0;7;0;1;0;1;14;A01
201000023462;0;30;0;0;0;0;1;A01
201000023463;0;7;0;0;1;1;1;A01
201000023464;0;32;0;0;2;5;2;B01
201000023464;0;7;0;0;2;3;10;A01
201000023465;0;30;0;0;2;1;1;A01
201000023465;0;30;0;0;2;1;15;B01
201000023466;0;2;0;0;2;8;1;B01
201000023466;0;7;0;0;2;1;11;A01
201000023467;0;7;0;0;0;0;2;B01
201000023467;0;33;0;0;0;0;2;A01
201000023468;0;7;0;0;2;2;21;B01
201000023468;0;7;0;0;2;1;13;A01
201000023469;0;30;0;16;0;7;0;A01
201000023470;0;15;0;0;2;6;4;A01
201000023470;0;7;0;0;2;3;4;B01
201000023471;0;10;0;2;0;3;1;A01
201000023472;0;30;0;11;0;1;1;A01
201000023473;0;7;0;0;2;1;5;A01
201000023473;0;7;0;0;2;1;0;B01
201000023474;0;7;0;15;0;1;1;A01
201000023475;1;7;0;1;0;1;1;A01
201000023475;0;7;0;0;2;6;24;B01
201000023476;0;7;0;0;1;1;1;A01
201000023477;0;7;0;0;2;8;9;A01
201000023477;0;30;0;0;2;7;1;B01
201000023478;0;7;0;13;0;9;1;A01
201000023479;0;7;0;8;0;1;21;A01
201000023480;0;33;0;0;2;8;1;B01
201000023480;0;7;0;0;2;3;15;A01
201000023481;0;2;0;0;2;7;5;A01
201000023481;0;7;0;0;2;3;1;B01
201000023482;0;2;0;0;2;1;1;B01
201000023482;0;7;0;0;2;3;15;A01
201000023483;0;17;0;0;2;8;15;A01
201000023483;0;2;0;0;2;1;1;B01
201000023484;0;7;0;0;1;0;1;A01
201000023485;0;2;0;0;2;1;2;A01
201000023485;0;7;0;0;2;4;20;B01
201000023486;0;14;0;0;2;1;2;A01
201000023486;0;7;0;0;2;4;2;B01
201000023486;0;7;0;0;2;4;2;C01
201000023487;0;7;0;1;2;3;0;B01
201000023487;0;7;0;0;2;2;2;A01
201000023488;0;7;0;0;1;4;4;A01
201000023489;0;2;0;0;2;1;13;A01
201000023489;0;7;0;0;2;1;1;B01
201000023490;0;7;0;0;1;1;1;A01
201000023491;0;7;0;0;0;1;1;A01
201000023492;0;7;0;0;2;1;0;A01
201000023492;0;7;0;8;2;3;1;B01
201000023493;0;7;0;0;2;3;15;B01
201000023493;0;2;0;0;2;1;17;A01
201000023494;0;2;0;12;0;1;1;A01
201000023495;0;7;0;0;2;0;10;A01
201000023495;0;33;0;0;2;1;2;B01
201000023496;0;7;0;8;0;9;1;A01
201000023497;0;7;0;15;0;9;1;A01
201000023498;0;7;0;0;2;1;2;A01
201000023498;0;7;0;0;2;4;1;B01
201000023499;0;7;0;15;0;0;1;A01
201000023500;0;30;0;0;2;1;2;A01
201000023500;0;7;0;0;2;4;2;B01
201000023501;0;3;0;0;2;1;1;A01
201000023501;0;7;0;0;0;4;23;B01
201000023502;0;7;0;0;2;3;20;A01
201000023502;0;7;0;0;2;2;1;B01
201000023503;0;7;0;0;2;3;17;A01
201000023503;0;7;0;0;2;2;17;B01
201000023504;0;7;0;2;0;1;1;A01
201000023505;0;7;0;1;0;2;1;A01
201000023506;0;33;0;14;0;1;1;A01
201000023507;0;7;0;0;2;1;13;A01
201000023507;0;7;0;0;2;3;1;B01
201000023508;0;7;0;13;0;1;1;A01
201000023509;0;10;0;0;2;4;1;A01
201000023509;0;7;0;0;2;3;2;C01
201000023509;0;7;0;0;2;8;2;B01
201000023510;0;7;0;0;2;3;15;A01
201000023510;0;2;0;0;2;1;1;B01
201000023511;0;7;0;0;2;8;1;B01
201000023511;0;7;0;0;2;8;1;C01
201000023511;0;7;0;0;2;8;13;A01
201000023512;0;10;0;0;1;2;1;A01
201000023513;0;7;0;0;2;7;10;A01
201000023513;0;7;0;0;2;1;1;B01
201000023514;0;2;0;1;0;1;1;A01
201000023515;0;30;0;0;2;1;17;A01
201000023515;0;7;0;0;2;3;15;B01
201000023516;0;7;0;0;2;4;2;B01
201000023516;0;7;0;0;2;1;2;A01
201000023517;0;7;0;0;1;1;1;A01
201000023518;0;30;0;0;2;1;1;B01
201000023518;0;7;0;0;2;7;1;A01
201000023519;0;7;0;0;1;1;15;A01
201000023520;0;7;0;0;1;1;10;A01
201000023521;0;7;0;0;2;2;15;B01
201000023521;0;10;0;0;2;3;1;A01
201000023522;0;7;0;0;0;2;1;A01
201000023523;0;2;0;0;2;1;2;A01
201000023523;0;7;0;0;2;3;15;B01
201000023524;0;7;0;0;1;1;1;A01
201000023525;0;7;0;0;2;3;1;B01
201000023525;0;7;0;0;2;2;15;A01
201000023526;0;7;0;0;2;5;12;A01
201000023526;0;30;0;0;2;8;1;B01
201000023527;0;33;0;14;0;2;1;A01
201000023528;0;7;0;1;2;9;1;B01
201000023528;0;7;0;0;2;1;19;A01
201000023529;0;32;0;7;0;1;1;A01
201000023530;0;20;0;0;2;4;4;A01
201000023530;0;33;0;0;2;3;1;B01
201000023531;0;7;0;0;2;3;1;A01
201000023531;0;33;0;0;2;3;1;B01
201000023532;0;7;0;13;0;9;1;A01
201000023533;0;7;0;0;2;2;1;B01
201000023533;0;7;0;0;2;8;9;A01
201000023534;0;33;0;0;2;3;17;B01
201000023534;0;7;0;0;2;8;10;A01
201000023535;0;7;0;6;0;1;1;A01
201000023536;1;1;0;0;1;0;15;A01
201000023537;0;30;0;0;0;8;15;A01
201000023538;0;7;0;0;2;2;12;A01
201000023538;0;33;0;0;2;8;1;B01
201000023539;0;7;0;0;2;7;1;B01
201000023539;0;7;0;0;2;1;15;A01
201000023540;0;7;0;13;0;1;1;A01
201000023541;0;7;0;0;1;3;1;A01
201000023542;0;31;0;0;0;0;1;A01
201000023543;1;7;0;0;2;0;1;B01
201000023543;0;30;0;1;2;3;1;A01
201000023544;0;7;0;0;0;0;24;A01
201000023544;0;1;0;0;0;0;21;B01
201000023545;0;7;0;0;2;4;1;B01
201000023545;0;7;0;1;2;1;1;A01
201000023546;0;7;0;5;0;1;1;A01
201000023547;0;7;0;6;2;8;19;A01
201000023547;0;7;0;0;2;1;1;B01
201000023548;0;30;0;0;2;7;1;B01
201000023548;0;7;0;0;2;3;10;A01
201000023549;0;7;0;0;2;1;1;A01
201000023549;0;7;0;0;2;6;1;B01
201000023550;0;33;0;0;1;1;1;A01
201000023551;0;7;0;0;2;1;2;A01
201000023551;0;7;0;0;0;4;1;B01
201000023552;0;10;0;0;2;8;15;B01
201000023552;0;7;0;0;2;1;1;A01
201000023553;0;7;0;2;0;7;15;A01
201000023554;0;30;0;15;0;1;1;A01
201000023555;0;30;0;0;0;8;15;A01
201000023556;0;30;0;0;2;1;1;B01
201000023556;0;7;0;0;2;4;1;A01
201000023557;0;7;0;5;0;1;1;A01
201000023558;0;7;0;0;2;6;20;B01
201000023558;0;7;0;0;2;7;1;C01
201000023558;0;7;0;0;2;2;21;A01
201000023559;0;1;0;0;2;1;10;A01
201000023559;0;7;0;0;2;2;1;B01
201000023560;0;7;0;13;0;2;1;A01
201000023561;0;7;0;0;1;4;4;A01
201000023562;0;7;0;0;2;8;1;B01
201000023562;0;7;0;0;2;7;9;A01
201000023563;0;7;0;0;1;3;1;A01
201000023564;0;7;0;0;2;4;9;A01
201000023564;0;31;0;0;2;1;1;B01
201000023565;0;7;0;2;0;1;1;A01
201000023566;0;7;0;0;2;1;1;A01
201000023566;0;7;0;0;2;4;1;B01
201000023567;0;7;0;8;2;8;1;B01
201000023567;0;7;0;0;2;1;1;A01
201000023568;0;7;0;0;2;1;1;B01
201000023568;0;7;0;0;2;4;1;A01
201000023569;0;30;0;0;2;1;17;A01
201000023569;0;7;0;0;2;3;15;B01
201000023570;0;7;0;0;0;1;1;A01
201000023571;0;30;0;1;2;1;1;B01
201000023571;0;7;0;0;2;3;9;A01
201000023572;0;1;0;0;2;1;1;B01
201000023572;0;7;0;0;2;4;1;A01
201000023573;0;7;0;0;1;3;15;A01
201000023574;0;7;0;13;0;0;0;A01
201000023575;0;7;0;3;0;1;14;A01
201000023576;0;7;0;14;0;7;1;D04
201000023576;0;7;0;0;2;1;1;C03
201000023576;0;7;0;3;0;1;14;B02
201000023576;0;7;0;0;2;1;5;A01
201000023577;0;7;0;4;0;3;1;A01
201000023578;0;7;0;0;2;1;2;A01
201000023578;0;17;0;0;2;4;2;B02
201000023579;0;7;0;0;2;2;15;A01
201000023579;0;1;0;0;2;1;1;B02
201000023580;0;10;0;0;2;1;1;A01
201000023580;0;10;0;0;2;4;15;B02
201000023581;0;1;0;0;2;1;1;B02
201000023581;0;7;0;0;2;1;15;A01
201000023582;0;2;0;0;2;6;23;B02
201000023582;0;7;0;0;2;3;2;A01
201000023583;0;2;0;0;2;1;13;A01
201000023583;0;7;0;0;2;3;1;B02
201000023584;0;7;0;6;0;1;1;A01
201000023585;0;7;0;2;0;8;1;A01
201000023586;0;7;0;0;2;1;2;A01
201000023586;0;21;0;0;2;6;2;B02
201000023587;0;7;0;0;0;1;1;A01
201000023588;0;7;0;13;0;1;0;A01
201000023589;0;14;0;2;0;3;1;A01
201000023590;0;30;0;16;0;0;1;A01
201000023591;0;7;0;0;2;8;10;A01
201000023591;0;32;0;0;2;1;1;B02
201000023592;0;7;0;0;2;6;23;C03
201000023592;0;7;0;0;2;1;14;A01
201000023592;0;7;0;1;0;6;23;B02
201000023592;0;31;0;0;2;3;23;D04
201000023593;0;7;0;1;0;1;1;A01
201000023594;0;7;0;0;2;4;24;A01
201000023594;0;7;0;1;1;1;1;B02
201000023595;0;7;0;0;2;1;1;B02
201000023595;0;7;0;0;2;7;19;A01
201000023596;0;7;0;0;1;1;1;A01
201000023597;0;7;0;0;1;3;15;A01
201000023598;0;7;0;13;0;9;1;A01
201000023599;0;7;0;13;0;9;1;A01
201000023600;0;7;0;0;1;1;1;A01
201000023600;0;7;0;0;1;1;23;B01
201000023601;0;33;0;0;1;3;1;A01
201000023602;0;2;0;0;2;7;1;B01
201000023602;0;7;0;0;2;3;9;A01
201000023603;0;33;0;0;2;1;1;A01
201000023603;0;7;0;0;2;5;16;B01
201000023604;0;33;0;0;1;1;1;A01
201000023604;0;7;0;0;1;1;1;B01
201000023605;0;2;0;0;2;1;17;A01
201000023605;0;7;0;0;2;3;15;B01
201000023606;0;7;0;0;1;1;1;A01
201000023607;0;7;0;0;2;3;1;B01
201000023607;0;3;0;0;1;1;1;A01
201000023608;0;7;0;0;1;2;1;A01
201000023609;0;7;0;0;2;7;19;A01
201000023609;0;2;0;0;2;1;1;B01
201000023610;0;2;0;0;2;6;1;A01
201000023610;0;7;0;0;2;6;1;B01
201000023611;0;2;0;12;0;1;1;A01
201000023612;0;7;0;0;1;3;15;A01
201000023613;0;7;0;0;1;8;1;A01
201000023614;0;7;0;0;2;7;19;A01
201000023614;0;7;0;0;2;1;1;B02
201000023615;0;10;0;0;1;2;1;A01
201000023615;0;99;0;0;2;0;19;B02
201000023616;0;30;0;0;2;2;19;B02
201000023616;0;10;0;0;2;3;1;A01
201000023617;0;7;0;0;1;1;16;A01
201000023618;0;30;0;1;0;1;1;A01
201000023619;0;7;0;0;2;1;1;B02
201000023619;0;7;0;0;2;4;19;A01
201000023620;0;7;0;0;1;2;1;A01
201000023621;0;30;0;1;0;1;2;B02
201000023621;0;7;0;0;0;4;23;A01
201000023622;0;7;0;0;2;1;1;B02
201000023622;0;7;0;0;2;1;1;A01
201000023623;0;7;0;0;2;7;1;A01
201000023623;0;7;0;0;2;1;1;B02
201000023624;0;7;0;0;2;3;1;B02
201000023624;0;7;0;0;2;3;15;A01
201000023625;0;2;0;0;0;1;1;B02
201000023625;0;10;0;0;0;3;13;A01
201000023626;0;7;0;2;0;3;1;A01
201000023627;0;30;0;1;0;2;1;A01
201000023628;0;30;0;15;0;0;1;A01
201000023629;0;7;0;0;2;3;13;A01
201000023629;0;7;0;0;2;3;1;B02
201000023630;0;7;0;0;1;7;1;A01
201000023631;0;7;0;0;2;1;1;B02
201000023631;0;7;0;0;2;8;19;A01
201000023632;0;2;0;0;2;8;1;B02
201000023632;0;7;0;8;2;2;1;A01
201000023633;0;33;0;13;0;1;1;A01
201000023634;0;7;0;8;0;2;1;A01
201000023635;0;7;0;2;0;1;1;A01
201000023636;0;7;0;0;2;3;1;C03
201000023636;0;7;0;0;2;3;13;A01
201000023636;0;10;0;0;2;6;1;B02
201000023637;0;32;0;14;0;1;0;A01
201000023638;0;33;0;13;0;1;1;A01
201000023639;0;33;0;0;2;1;1;A01
201000023639;0;7;0;0;0;8;15;B02
201000023640;1;7;0;0;1;1;1;A01
201000023641;0;33;0;0;2;1;17;A01
201000023641;0;7;0;0;2;5;15;B02
201000023642;0;33;0;0;0;7;0;A01
201000023643;0;33;0;0;0;2;17;A01
201000023643;0;7;0;0;2;8;15;B02
201000023644;0;7;0;13;0;2;1;A01
201000023645;0;7;0;3;0;1;1;A01
201000023646;0;7;0;4;0;3;1;A01
201000023647;0;7;0;3;0;3;1;A01
201000023648;0;7;0;13;0;9;1;A01
201000023649;0;7;0;0;0;6;10;A01
201000023649;0;33;0;0;2;1;1;B02
201000023650;0;38;1;0;1;5;22;A01
201000023651;0;31;0;2;0;2;14;A01
201000023652;0;7;0;0;2;7;15;A01
201000023652;0;33;0;0;2;1;1;B01
201000023653;0;7;0;0;1;1;1;A01
201000023654;0;7;0;0;2;2;1;A01
201000023654;0;7;0;0;0;3;19;B02
201000023655;0;7;0;0;2;6;2;B02
201000023655;1;7;0;0;2;1;2;A01
201000023656;0;1;0;0;0;0;15;A01
201000023656;0;7;0;0;2;2;17;B02
201000023657;0;7;0;0;0;4;2;B02
201000023657;0;33;0;0;2;1;1;A01
201000023658;0;7;0;0;2;6;9;A01
201000023658;0;33;0;0;2;1;1;B02
201000023659;1;7;0;0;2;1;9;A01
201000023659;0;7;0;0;0;5;15;B02
201000023660;0;7;0;0;2;8;15;A01
201000023660;0;33;0;0;2;1;2;B02
201000023661;0;3;0;0;2;1;13;A01
201000023661;0;7;0;0;0;3;1;B02
201000023662;0;33;0;0;2;1;1;A01
201000023662;0;10;0;0;2;8;15;B02
201000023663;0;7;0;0;2;6;2;B02
201000023663;0;33;0;0;2;1;2;A01
201000023664;0;7;0;0;9;3;2;A01
201000023664;0;30;0;0;2;1;2;B02
201000023665;0;7;0;0;2;7;17;A01
201000023665;0;30;0;0;0;8;15;B02
201000023666;0;1;0;0;2;4;1;B02
201000023666;0;7;0;0;9;2;1;A01
201000023667;0;7;0;0;2;3;1;A01
201000023667;0;7;0;0;2;2;1;B02
201000023668;1;10;0;0;1;2;1;A01
201000023669;0;7;0;0;2;3;19;A01
201000023669;0;31;0;0;2;1;1;B02
201000023670;0;7;0;2;0;1;13;A01
201000023671;0;7;0;0;2;2;17;A01
201000023671;0;1;0;0;2;8;1;B02
201000023672;0;7;0;0;2;1;1;B02
201000023672;0;7;0;0;2;3;19;A01
201000023673;1;7;0;0;1;2;1;A01
201000023674;0;7;0;0;2;1;1;B02
201000023674;0;7;0;0;2;8;1;C03
201000023674;0;7;0;0;2;7;13;A01
201000023675;0;7;0;0;1;2;21;A01
201000023676;0;7;0;0;1;4;4;A01
201000023677;0;7;0;4;0;2;1;A01