num_acc;senc;catv;occutc;obs;obsm;choc;manv;num_veh
201000023677;0;7;0;4;2;1;1;B02
201000023678;0;7;0;16;0;9;1;A01
201000023679;0;30;0;3;0;0;13;A01
201000023680;0;1;0;14;0;7;15;B02
201000023680;0;7;0;14;0;1;1;A01
201000023681;0;31;0;16;0;0;1;A01
201000023682;0;7;0;0;2;4;2;A01
201000023682;0;7;0;0;2;1;2;B02
201000023683;0;2;0;0;2;1;1;B02
201000023683;0;31;0;0;2;1;21;A01
201000023684;0;7;0;0;1;0;1;A01
201000023685;0;7;0;0;1;1;19;A01
201000023686;0;33;0;16;0;8;1;A01
201000023687;0;7;0;0;2;1;1;A01
201000023687;0;7;0;0;2;9;1;B02
201000023687;0;7;0;0;2;1;2;C03
201000023688;0;7;0;2;1;4;1;A01
201000023689;0;7;0;0;2;3;0;B02
201000023689;0;7;0;0;2;1;1;D04
201000023689;0;7;0;0;2;3;1;A01
201000023689;0;7;0;0;2;1;1;C03
201000023690;0;33;0;0;2;7;17;A01
201000023690;0;7;0;0;2;8;17;B02
201000023691;0;7;0;2;0;8;14;A01
201000023692;0;7;0;0;2;6;1;B02
201000023692;0;7;0;0;2;3;13;A01
201000023693;0;10;0;0;2;5;16;A01
201000023693;0;1;0;0;2;3;19;B02
201000023694;0;15;0;0;2;3;1;B02
201000023694;0;7;0;0;2;3;5;A01
201000023695;0;7;0;0;2;3;1;A01
201000023695;0;7;0;0;2;2;15;B02
201000023696;0;7;0;0;2;3;15;A01
201000023696;0;36;0;0;2;2;1;B02
201000023697;0;10;0;4;0;3;1;A01
201000023698;0;7;0;0;2;3;1;B02
201000023698;0;7;0;0;2;2;13;A01
201000023699;0;33;0;0;2;1;0;B02
201000023699;0;10;0;0;2;1;15;A01
201000023700;0;32;0;0;0;1;2;A01
201000023701;0;7;0;2;0;8;1;A01
201000023702;0;7;0;0;2;1;1;B02
201000023702;0;7;0;0;2;1;1;A01
201000023703;0;7;0;2;0;2;1;A01
201000023704;0;10;0;2;0;2;14;A01
201000023705;0;2;0;7;0;1;1;A01
201000023706;0;33;0;2;0;1;1;A01
201000023707;0;7;0;0;2;2;13;A01
201000023707;0;7;0;0;2;3;15;B02
201000023708;0;7;0;0;2;1;1;B02
201000023708;0;7;0;0;2;1;13;A01
201000023709;0;33;0;0;0;1;1;A01
201000023709;0;7;0;0;0;3;15;B02
201000023710;0;17;0;0;2;8;15;B02
201000023710;0;33;0;0;2;1;1;A01
201000023711;0;7;0;8;0;1;14;A01
201000023712;0;7;0;0;2;3;1;B02
201000023712;0;7;0;0;2;3;13;A01
201000023713;0;30;0;0;2;8;1;B02
201000023713;0;33;0;0;2;7;17;A01
201000023714;0;7;0;13;0;1;1;A01
201000023715;0;33;0;0;2;1;17;B02
201000023715;0;7;0;0;2;6;15;A01
201000023716;0;7;0;0;2;1;13;A01
201000023716;0;7;0;0;2;2;1;B02
201000023717;0;7;0;13;0;1;17;A01
201000023718;0;7;0;0;2;4;1;A01
201000023718;0;7;0;0;2;1;1;B02
201000023719;0;7;0;2;0;7;13;A01
201000023720;0;7;0;14;1;1;16;A01
201000023720;0;99;0;0;0;0;0;B02
201000023721;1;7;0;0;1;3;1;A01
201000023722;0;31;0;3;0;8;17;A01
201000023723;0;2;0;0;2;4;1;B02
201000023723;0;2;0;0;2;1;1;A01
201000023724;0;7;0;0;9;5;12;A01
201000023724;0;1;0;0;2;3;19;B02
201000023725;0;7;0;0;2;3;1;B02
201000023725;0;33;0;0;2;5;12;A01
201000023726;0;10;0;13;2;7;21;A01
201000023727;0;10;0;0;2;5;15;A01
201000023727;0;33;0;0;2;1;1;B02
201000023728;0;7;0;0;0;2;1;A01
201000023729;0;7;0;13;0;2;1;A01
201000023730;0;7;0;13;0;3;13;A01
201000023731;0;7;0;13;0;1;1;A01
201000023732;0;7;0;0;1;2;1;A01
201000023733;0;7;0;14;0;3;13;A01
201000023733;0;10;0;0;0;3;23;B02
201000023734;0;33;0;0;2;1;2;B02
201000023734;0;7;0;0;0;8;10;A01
201000023735;0;2;0;0;2;2;1;B02
201000023735;0;10;0;0;2;3;1;A01
201000023736;0;7;0;0;2;8;9;A01
201000023736;0;17;0;0;2;1;1;B02
201000023737;0;7;0;0;0;6;10;A01
201000023737;0;33;0;0;0;0;0;B02
201000023738;0;7;0;0;1;3;1;A01
201000023739;0;7;0;0;2;1;0;A01
201000023739;0;7;0;0;2;1;1;B02
201000023740;0;31;0;0;2;1;1;A01
201000023740;0;3;0;0;0;8;15;B02
201000023741;0;37;0;13;2;3;1;B02
201000023741;0;10;0;0;2;3;13;A01
201000023742;0;2;0;0;1;1;1;A01
201000023743;0;10;0;0;1;2;1;A01
201000023744;0;7;0;13;0;3;1;A01
201000023745;0;33;0;2;0;1;14;A01
201000023746;0;7;0;0;2;8;10;A01
201000023746;0;2;0;0;2;1;2;B02
201000023747;0;7;0;3;0;7;1;A01
201000023748;0;7;0;0;6;0;1;A01
201000023749;0;7;0;13;0;9;1;A01
201000023750;0;7;0;13;0;2;17;A01
201000023751;0;99;0;0;2;7;1;A01
201000023751;0;33;0;0;2;8;9;B02
201000023752;0;7;0;3;0;8;1;A01
201000023753;0;14;0;0;0;7;1;A01
201000023754;0;7;0;0;2;3;13;A01
201000023754;0;7;0;0;2;1;1;B02
201000023755;0;7;0;0;2;1;2;B02
201000023755;0;7;0;0;2;4;2;A01
201000023756;0;7;0;2;0;2;1;A01
201000023757;0;7;0;0;1;5;17;A01
201000023758;0;31;0;16;0;7;1;A01
201000023759;0;7;0;0;2;1;13;A01
201000023759;0;7;0;0;2;1;1;B02
201000023760;0;7;0;0;1;3;15;A01
201000023761;0;33;0;0;2;1;17;A01
201000023761;0;7;0;6;0;3;15;B02
201000023762;0;7;0;0;2;3;1;B02
201000023762;0;33;0;0;2;1;17;A01
201000023763;0;7;0;0;2;1;13;A01
201000023763;0;7;0;0;2;1;0;B02
201000023764;0;7;0;0;2;1;9;C03
201000023764;0;10;0;0;9;1;1;B02
201000023764;0;33;0;0;2;1;1;A01
201000023765;0;33;0;14;0;2;13;A01
201000023766;0;7;0;13;0;1;1;A01
201000023767;0;7;0;5;0;7;1;A01
201000023768;0;30;0;0;2;1;1;A01
201000023768;0;7;0;0;2;3;1;C03
201000023768;0;7;0;0;2;6;23;B02
201000023769;0;7;0;0;2;2;15;B02
201000023769;0;33;0;2;2;1;1;A01
201000023770;0;2;0;0;0;1;1;A01
201000023770;0;10;0;0;0;0;15;B02
201000023771;0;7;0;3;2;3;1;B01
201000023771;0;7;0;0;2;1;13;A01
201000023772;0;7;0;0;2;7;1;A01
201000023772;0;30;0;0;2;8;9;B01
201000023773;0;7;0;0;2;7;17;A01
201000023773;0;7;0;0;2;8;1;B01
201000023774;0;7;0;0;1;1;20;A01
201000023775;0;7;0;0;2;1;1;B01
201000023775;0;7;0;0;2;1;15;A01
201000023776;0;7;0;2;0;1;14;A01
201000023777;0;2;0;0;2;3;15;B01
201000023777;0;2;0;0;2;2;17;A01
201000023778;0;34;0;0;1;1;1;A01
201000023779;0;33;0;0;2;2;17;A01
201000023779;0;7;0;0;2;8;15;B01
201000023780;0;7;0;0;2;7;19;A01
201000023780;0;33;0;0;2;1;1;B01
201000023781;0;7;0;3;2;7;21;C01
201000023781;0;7;0;0;2;1;13;A01
201000023781;0;7;0;0;2;1;1;B01
201000023782;0;2;0;11;2;2;9;A01
201000023782;0;7;0;0;2;3;9;B01
201000023783;0;7;0;0;1;1;1;A01
201000023784;0;2;0;0;2;1;1;A01
201000023784;0;7;0;0;2;7;15;B01
201000023785;0;7;0;0;2;2;15;A01
201000023785;0;30;0;0;2;1;1;B01
201000023786;0;7;0;16;0;8;1;A01
201000023787;0;7;0;0;2;1;9;A01
201000023787;0;33;0;0;2;5;0;B01
201000023788;0;7;0;0;1;4;4;A01
201000023789;0;30;0;1;0;1;14;A01
201000023790;0;7;0;0;2;8;15;A01
201000023790;0;30;0;0;2;7;17;B01
201000023791;0;2;0;0;1;1;1;A01
201000023792;0;7;0;0;2;3;15;A01
201000023792;0;2;0;8;2;1;1;B01
201000023793;0;7;0;0;2;2;15;A01
201000023793;0;33;0;0;2;1;1;B01
201000023794;0;2;0;0;2;7;21;B01
201000023794;0;7;0;0;2;1;13;A01
201000023795;0;7;0;13;0;1;14;A01
201000023796;0;7;0;9;0;7;1;A01
201000023797;0;7;0;0;1;1;1;A01
201000023798;0;7;0;0;2;1;1;A01
201000023798;0;7;0;0;2;1;15;B01
201000023798;0;7;0;0;2;1;1;C01
201000023799;0;33;0;0;2;1;20;B01
201000023799;0;7;0;0;2;3;1;A01
201000023800;0;7;0;3;0;2;14;A01
201000023801;0;10;0;0;9;1;1;A01
201000023801;0;1;0;0;2;2;16;B01
201000023802;0;10;0;0;1;3;1;A01
201000023803;0;7;0;0;1;3;1;A01
201000023804;0;7;0;9;0;6;1;A01
201000023805;0;7;0;16;0;1;13;A01
201000023806;0;7;0;0;1;1;1;A01
201000023807;0;7;0;0;1;1;1;A01
201000023808;0;2;0;2;0;1;14;A01
201000023809;0;33;0;0;2;7;1;B01
201000023809;0;7;0;0;2;1;20;A01
201000023810;0;7;0;0;2;1;15;A01
201000023810;0;7;0;0;2;1;16;B01
201000023811;0;7;0;0;1;1;1;A01
201000023812;0;7;0;0;1;1;1;A01
201000023813;0;34;0;0;1;1;1;A01
201000023814;0;7;0;0;2;4;2;C01
201000023814;0;7;0;0;2;1;2;A01
201000023814;0;7;0;0;2;1;2;B01
201000023815;0;33;0;0;2;1;1;B01
201000023815;0;7;0;0;2;3;15;A01
201000023816;0;7;0;0;2;1;1;B01
201000023816;0;7;0;0;2;4;6;A01
201000023817;0;7;0;9;0;3;1;A01
201000023818;0;7;0;16;0;9;14;A01
201000023819;0;33;0;0;2;1;0;B01
201000023819;0;7;0;0;2;1;13;A01
201000023820;0;7;0;13;0;1;16;A01
201000023821;0;7;0;0;2;1;17;A01
201000023821;0;32;0;0;2;8;15;B01
201000023822;0;2;0;1;0;2;14;A01
201000023823;0;32;0;11;0;1;3;A01
201000023824;0;7;0;0;2;4;1;B01
201000023824;0;30;0;0;2;1;1;A01
201000023825;0;7;0;0;1;3;1;A01
201000023826;0;7;0;0;2;3;1;B01
201000023826;0;7;0;0;2;2;18;A01
201000023827;0;1;0;0;9;1;16;B01
201000023827;0;7;0;0;2;3;22;A01
201000023828;0;7;0;0;2;6;1;B01
201000023828;0;7;0;0;2;1;1;C01
201000023828;0;7;0;0;2;1;15;A01
201000023828;0;7;0;0;2;1;1;D01
201000023829;0;7;0;0;2;1;1;A01
201000023830;0;7;0;1;0;1;14;A01
201000023831;0;7;0;0;1;3;1;A01
201000023832;0;7;0;3;0;1;14;A01
201000023833;0;7;0;14;0;1;1;A01
201000023834;0;10;0;16;0;1;14;A01
201000023835;0;7;0;6;0;1;13;A01
201000023836;0;30;0;1;0;1;14;A01
201000023837;0;3;0;0;2;1;1;A01
201000023837;0;34;0;0;2;4;20;B01
201000023838;0;7;0;0;1;1;1;A01
201000023839;0;7;0;0;2;7;1;B01
201000023839;0;7;0;0;2;1;9;A01
201000023840;0;32;0;0;1;1;1;A01
201000023841;0;7;0;0;2;4;1;B01
201000023841;0;7;0;0;2;1;1;A01
201000023842;0;30;0;0;1;1;17;A01
201000023843;0;7;0;0;1;1;1;A01
201000023844;0;2;0;15;0;8;1;A01
201000023845;0;7;0;3;2;1;1;C01
201000023845;0;16;0;3;2;1;17;A01
201000023845;0;7;0;0;2;3;17;B01
201000023846;0;7;0;9;0;6;14;A01
201000023847;0;17;0;3;0;1;14;A01
201000023848;0;10;0;0;2;1;2;A01
201000023848;0;7;0;0;2;4;15;B01
201000023849;0;7;0;0;2;1;2;A01
201000023849;0;7;0;0;2;4;2;B01
201000023849;0;7;0;0;2;4;1;C01
201000023850;0;7;0;0;2;1;1;A01
201000023850;0;7;0;0;2;4;1;B01
201000023851;0;7;0;0;2;4;1;B01
201000023851;0;7;0;0;2;1;2;A01
201000023852;0;7;0;0;1;1;1;A01
201000023853;0;7;0;0;1;1;1;A01
201000023854;0;7;0;0;2;4;15;B01
201000023854;0;7;0;0;2;1;1;A01
201000023855;0;37;40;0;1;5;16;A01
201000023856;0;34;0;0;2;1;13;A01
201000023857;0;7;0;0;2;2;1;B01
201000023857;0;13;0;0;2;0;19;A01
201000023858;0;7;0;6;0;1;1;A01
201000023859;0;10;0;0;1;1;15;A01
201000023860;0;10;0;0;1;2;1;A01
201000023861;0;30;0;15;0;1;1;A01
201000023862;0;2;0;0;2;1;17;A01
201000023862;2;7;0;0;2;2;15;B01
201000023863;0;7;0;0;2;2;1;C01
201000023863;0;31;0;0;2;1;1;A01
201000023864;0;33;0;0;2;1;0;A01
201000023865;0;7;0;0;2;1;13;A01
201000023865;0;7;0;0;2;1;1;B01
201000023866;0;31;0;6;0;1;14;A01
201000023867;0;13;0;0;2;7;17;A01
201000023867;0;33;0;0;2;8;23;B01
201000023868;0;7;0;0;2;1;15;A01
201000023868;0;31;0;0;2;1;1;B01
201000023869;0;2;0;0;2;4;1;B01
201000023869;1;7;0;0;2;1;15;A01
201000023870;0;1;0;0;1;1;1;A01
201000023871;0;10;0;0;1;1;1;A01
201000023872;0;7;0;0;2;3;1;B01
201000023872;0;7;0;0;2;1;1;A01
201000023873;0;7;0;0;2;2;12;A01
201000023873;0;1;0;0;2;1;1;B01
201000023874;0;33;0;15;0;7;21;A01
201000023875;0;33;0;1;2;1;21;A01
201000023875;0;7;0;0;2;3;9;B01
201000023876;0;30;0;0;0;8;1;A01
201000023877;0;7;0;0;2;7;1;B01
201000023877;0;7;0;0;2;1;1;A01
201000023878;0;1;0;0;2;4;16;A01
201000023878;0;7;0;0;2;2;2;C01
201000023878;0;7;0;0;2;4;12;B01
201000023879;0;7;0;0;2;5;15;B01
201000023879;0;33;0;0;2;1;17;A01
201000023880;0;13;0;0;1;4;4;A01
201000023881;0;7;0;0;2;2;1;A01
201000023882;0;21;0;0;2;0;15;B02
201000023882;0;7;0;13;2;9;17;A01
201000023883;0;7;0;0;2;6;2;B02
201000023883;0;33;0;0;2;2;17;A01
201000023884;0;7;0;6;2;5;17;A01
201000023884;0;7;0;0;2;1;1;B02
201000023885;0;7;0;0;2;2;1;C03
201000023885;0;7;0;0;2;2;1;D04
201000023885;0;7;0;0;2;1;13;A01
201000023885;0;99;0;0;2;1;1;B02
201000023886;0;7;0;0;1;5;4;A01
201000023887;0;7;0;3;2;9;1;A01
201000023888;0;7;0;0;2;8;13;A01
201000023888;0;7;0;0;2;8;1;B02
201000023889;0;1;0;0;2;5;1;B02
201000023890;0;31;0;14;0;1;15;A01
201000023891;0;30;0;9;0;1;1;A01
201000023892;0;7;0;0;2;3;1;A01
201000023892;0;7;0;0;2;1;15;B01
201000023893;0;32;0;12;0;0;1;A01
201000023894;0;7;0;13;2;1;1;A01
201000023895;0;7;0;6;0;2;1;A01
201000023896;0;7;0;0;2;7;19;A01
201000023896;0;7;0;0;2;3;1;B02
201000023897;0;7;0;0;1;2;1;A01
201000023898;0;7;0;0;1;6;4;A01
201000023899;0;7;0;0;2;1;1;A01
201000023899;0;7;0;0;2;4;15;C01
201000023899;0;7;0;0;2;4;23;B01
201000023900;0;2;0;0;0;0;1;A01
201000023901;0;7;0;13;0;9;1;A01
201000023902;0;2;0;0;2;1;1;A01
201000023902;0;1;0;0;2;4;1;B01
201000023903;0;7;0;0;1;2;15;A01
201000023904;0;7;0;0;2;7;1;A01
201000023904;0;10;0;0;2;1;1;B01
201000023905;0;7;0;0;2;3;1;A01
201000023905;0;1;0;0;2;1;1;B01
201000023906;0;7;0;0;2;2;1;B01
201000023906;0;7;0;0;2;3;15;A01
201000023907;0;30;0;0;0;8;1;A01
201000023908;0;7;0;2;0;1;1;A01
201000023909;0;7;0;0;2;2;16;A01
201000023909;0;2;0;0;2;7;1;B01
201000023910;0;7;0;0;2;2;11;A01
201000023910;0;2;0;0;2;1;1;B01
201000023911;0;7;0;0;2;4;1;B01
201000023911;0;7;0;0;2;2;1;A01
201000023912;0;7;0;0;2;2;1;A01
201000023912;0;1;0;0;2;4;1;B01
201000023913;0;30;0;0;0;8;1;A01
201000023914;0;3;0;0;2;3;15;B01
201000023914;0;2;0;0;2;7;15;A01
201000023915;0;1;0;0;2;3;15;A01
201000023915;0;33;0;0;2;8;17;B01
201000023916;0;7;0;0;2;1;11;B01
201000023916;0;32;0;0;2;3;1;A01
201000023917;0;10;0;0;2;8;15;A01
201000023917;0;7;0;0;2;1;1;B01
201000023918;0;7;0;0;2;2;1;A01
201000023918;0;7;0;0;2;6;1;B01
201000023919;0;7;0;2;0;1;1;A01
201000023920;0;7;0;0;2;3;1;A01
201000023920;0;7;0;0;2;7;1;B01
201000023921;0;2;0;0;2;1;1;A01
201000023921;0;7;0;0;2;4;1;B01
201000023922;0;1;0;0;2;1;1;A01
201000023922;0;7;0;0;2;8;1;B01
201000023923;0;30;0;0;2;1;13;A01
201000023923;0;7;0;0;2;3;1;B01
201000023924;0;17;0;0;2;2;1;A01
201000023924;0;2;0;0;2;4;1;B01
201000023925;0;30;0;0;0;8;1;A01
201000023926;0;7;0;0;1;1;1;A01
201000023927;0;2;0;0;2;1;17;A01
201000023927;0;10;0;0;2;3;15;B01
201000023928;0;2;0;1;0;1;2;A01
201000023929;0;7;0;0;1;5;4;A01
201000023930;0;30;0;0;0;8;1;A01
201000023931;0;7;0;0;1;1;15;A01
201000023932;0;30;0;1;0;1;14;A01
201000023933;0;2;0;0;0;8;1;A01
201000023934;0;7;0;0;2;2;15;A01
201000023934;0;31;0;0;2;1;1;B01
201000023935;0;7;0;0;1;1;1;A01
201000023936;0;30;0;0;2;7;1;B01
201000023936;0;13;0;0;2;8;9;A01
201000023937;0;7;0;0;9;7;14;A01
201000023937;0;1;0;0;2;8;1;B01
201000023938;0;7;0;8;0;1;1;A01
201000023939;0;33;0;9;0;7;1;A01
201000023940;0;33;0;0;2;1;5;A01
201000023940;0;7;0;0;2;1;1;B01
201000023941;0;7;0;9;0;1;13;A01
201000023942;0;7;0;0;2;8;1;B01
201000023942;0;7;0;0;2;8;1;D01
201000023942;0;7;0;3;2;3;1;C01
201000023942;0;7;0;3;2;3;13;A01
201000023943;0;1;0;1;0;1;1;A01
201000023944;0;7;0;7;0;2;14;A01
201000023945;0;7;0;0;2;1;1;B01
201000023945;0;7;0;0;2;1;13;A01
201000023946;0;7;0;0;2;1;1;A01
201000023946;0;7;0;0;2;7;1;B01
201000023947;0;32;0;0;0;8;1;A01
201000023948;0;7;0;0;2;2;1;A01
201000023948;0;7;0;0;2;3;1;B01
201000023949;0;7;0;8;0;1;1;A01
201000023950;0;1;0;0;0;8;1;A01
201000023951;0;30;0;0;2;8;18;A01
201000023951;0;7;0;0;2;2;16;B01
201000023952;0;30;0;0;0;8;1;A01
201000023953;0;7;0;0;2;7;15;A01
201000023953;0;1;0;0;2;1;1;B01
201000023954;0;7;0;0;2;3;5;A01
201000023954;0;7;0;0;2;3;1;B01
201000023955;0;7;0;0;0;0;13;A01
201000023956;0;3;0;0;2;4;2;B01
201000023956;0;7;0;0;2;4;2;C01
201000023956;0;7;0;0;2;1;2;A01
201000023957;0;7;0;0;2;3;1;B01
201000023957;0;7;0;0;2;3;1;A01
201000023958;0;7;0;0;2;1;9;A01
201000023958;0;37;15;0;2;3;1;B01
201000023959;0;33;0;0;2;1;1;A01
201000023959;0;7;0;0;2;4;15;B01
201000023960;0;7;0;0;2;2;1;A01
201000023960;0;7;0;0;2;3;1;B01
201000023961;0;1;0;0;2;1;1;A01
201000023961;0;7;0;0;2;3;1;B01
201000023962;0;1;0;0;2;1;1;A01
201000023962;0;7;0;0;2;3;1;B01
201000023963;0;7;0;0;2;4;1;B01
201000023963;0;7;0;0;2;1;1;A01
201000023964;0;7;0;0;1;2;1;A01
201000023965;0;3;0;0;2;2;5;A01
201000023965;0;7;0;0;2;1;1;B01
201000023966;0;7;0;0;2;1;1;B01
201000023966;0;7;0;0;2;3;15;A01
201000023967;0;7;0;0;2;3;10;A01
201000023967;0;7;0;0;2;3;1;B01
201000023968;1;7;0;0;2;8;10;Z01
201000023968;0;30;0;0;2;1;1;A01
201000023969;0;2;0;0;2;1;1;B01
201000023969;0;7;0;0;2;2;1;A01
201000023970;0;7;0;0;1;4;20;A01
201000023971;0;7;0;0;2;5;17;A01
201000023971;0;1;0;0;2;1;15;B01
201000023972;0;7;0;0;2;1;1;A01
201000023972;0;7;0;0;2;4;1;B01
201000023973;0;10;0;8;2;1;1;A01
201000023973;0;7;0;0;2;5;15;B01
201000023974;0;7;0;0;2;7;14;A01
201000023974;0;30;0;0;2;8;1;B01
201000023975;0;30;0;7;0;8;1;A01
201000023976;0;7;0;0;2;4;23;B01
201000023976;0;7;0;0;2;4;23;C01
201000023976;0;7;0;0;2;1;1;A01
201000023977;0;30;0;0;0;8;1;A01
201000023978;0;7;0;0;1;7;1;A01
201000023979;0;7;0;0;0;4;2;C01
201000023979;0;7;0;0;2;1;2;A01
201000023979;0;7;0;0;2;4;2;B01
201000023980;0;2;0;0;2;1;1;A01
201000023980;0;7;0;0;2;6;1;C01
201000023980;0;7;0;0;2;2;1;B01
201000023981;0;7;0;1;0;2;1;A01
201000023982;0;7;0;0;2;3;1;A01
201000023982;0;1;0;0;2;5;1;B01
201000023983;0;7;0;0;2;1;1;A01
201000023983;0;7;0;0;2;2;1;B01
201000023984;0;7;0;13;0;8;1;A01
201000023985;0;3;0;0;2;7;17;A01
201000023985;0;2;0;0;0;1;14;B01
201000023986;0;13;0;0;2;1;1;A01
201000023986;0;7;0;0;2;4;1;B01
201000023987;0;1;0;0;2;7;1;B01
201000023987;0;7;0;0;2;8;22;A01
201000023988;0;7;0;0;2;1;1;B01
201000023988;0;10;0;1;2;8;1;A01
201000023989;0;7;0;0;2;2;1;A01
201000023989;0;7;0;0;2;3;15;B01
201000023990;0;30;0;0;2;7;1;A01
201000023990;0;7;0;0;2;3;15;B01
201000023991;0;7;0;0;1;1;1;A01
201000023992;0;7;0;0;2;2;15;A01
201000023992;0;2;0;0;2;1;1;B01
201000023993;0;7;0;0;2;1;2;B01
201000023993;0;7;0;0;2;4;2;A01
201000023994;0;7;0;0;1;1;1;A01
201000023995;0;7;0;0;2;3;1;B01
201000023995;0;7;0;0;2;6;10;A01
201000023996;0;7;0;0;2;1;9;A01
201000023996;0;2;0;0;2;7;0;B01
201000023997;0;7;0;1;0;1;0;A01
201000023998;0;7;0;0;1;1;15;A01
201000023999;0;7;0;0;1;3;0;A01
201000024000;1;7;0;0;2;1;1;Z01
201000024000;0;32;0;1;2;4;1;A01
201000024001;0;7;0;0;2;1;0;B01
201000024001;0;7;0;0;2;2;1;A01
201000024002;0;7;0;6;0;1;1;A01
201000024003;0;7;0;0;2;2;1;A01
201000024003;0;2;0;0;2;1;1;B01
201000024004;0;2;0;0;0;0;18;A01
201000024005;0;7;0;0;2;1;2;A01
201000024005;0;7;0;0;2;4;2;B01
201000024006;0;1;0;1;0;1;0;A01
201000024006;0;7;0;0;0;8;22;B01
201000024007;0;7;0;12;0;2;0;A01
201000024008;0;30;0;0;0;0;0;A01
201000024009;0;7;0;0;1;1;1;A01
201000024010;0;30;0;0;2;1;12;A01
201000024010;0;7;0;0;2;6;1;B01
201000024011;0;7;0;13;0;1;0;A01
201000024012;0;7;0;0;2;1;13;A01
201000024012;0;7;0;0;2;1;16;B01
201000024013;0;7;0;2;2;8;1;B01
201000024013;0;7;0;0;2;1;15;A01
201000024014;0;2;0;0;0;7;1;A01
201000024015;0;7;0;0;2;8;0;B01
201000024015;0;7;0;0;2;1;0;A01
201000024016;0;10;0;0;1;4;0;A01
201000024017;0;7;0;0;2;8;10;A01
201000024017;0;30;0;0;2;1;1;B01
201000024018;0;10;0;0;1;1;1;A01
201000024019;0;7;0;0;2;2;15;A01
201000024019;0;30;0;0;2;1;1;B01
201000024020;0;7;0;0;2;7;1;A01
201000024020;0;7;0;0;2;3;1;B01
201000024021;0;2;0;7;0;1;1;A01
201000024022;0;33;0;0;0;7;1;A01
201000024023;0;7;0;0;1;1;1;A01
201000024024;0;2;0;0;2;1;17;A01
201000024024;0;7;0;0;0;8;19;B01
201000024025;2;7;0;0;1;1;1;Z01
201000024026;0;34;0;0;2;3;1;B01
201000024026;0;7;0;0;2;3;13;A01
201000024027;0;7;0;0;2;7;14;A01
201000024027;0;30;0;0;2;8;1;B01
201000024028;0;7;0;0;2;3;15;A01
201000024028;0;30;0;0;2;3;1;B01
201000024029;0;7;0;0;2;9;0;A01
201000024029;0;7;0;0;2;9;0;B01
201000024030;0;33;0;0;0;0;1;A01
201000024031;0;7;0;13;0;0;14;A01
201000024032;0;7;0;0;1;2;1;A01
201000024033;0;3;0;0;2;4;2;B01
201000024033;0;7;0;0;2;1;2;A01
201000024034;0;30;0;0;2;1;17;A01
201000024034;0;7;0;0;2;8;15;B01
201000024035;0;7;0;0;1;1;16;A01
201000024036;0;33;0;0;2;1;2;A01
201000024036;0;7;0;0;2;4;23;B01
201000024037;0;7;0;0;2;3;17;A01
201000024037;0;31;0;0;2;1;1;B01
201000024038;0;7;0;0;1;0;1;A01
201000024039;0;30;0;0;5;1;1;A01
201000024040;0;2;0;0;2;1;5;A01
201000024040;0;7;0;0;2;1;1;B01
201000024041;0;7;0;0;2;3;1;A01
201000024041;0;7;0;0;2;3;1;B01
201000024042;0;7;0;0;1;3;1;A01
201000024043;0;2;0;0;2;1;1;A01
201000024043;0;7;0;0;2;4;1;B01
201000024044;0;1;0;0;2;0;0;A01
201000024044;0;7;0;0;2;3;0;B01
201000024045;0;7;0;0;2;4;23;B01
201000024045;0;7;0;0;2;1;2;A01
201000024046;1;7;0;0;2;7;17;Z01
201000024046;0;1;0;0;2;8;1;B01
201000024047;0;7;0;0;1;3;17;A01
201000024048;0;7;0;0;1;1;1;A01
201000024049;0;7;0;0;2;1;1;A01
201000024049;0;1;0;0;2;1;1;B01
201000024050;0;7;0;0;2;4;23;B01
201000024050;0;7;0;0;2;1;1;A01
201000024051;0;2;0;0;2;1;1;B01
201000024051;0;7;0;0;2;1;5;A01
201000024052;0;7;0;0;2;8;13;A01
201000024052;0;7;0;0;2;2;1;B01
201000024053;0;2;0;0;0;0;0;A01
201000024054;0;7;0;0;2;1;1;A01
201000024054;0;7;0;0;2;7;1;B01
201000024055;0;7;0;0;2;4;23;A01
201000024055;0;2;0;0;2;1;2;B01
201000024056;0;7;0;1;0;1;1;B01
201000024056;0;7;0;0;2;1;24;A01
201000024057;0;7;0;1;0;0;14;A01
201000024058;0;7;0;0;2;4;1;B01
201000024058;0;30;0;0;2;1;1;A01
201000024059;0;7;0;0;2;0;5;A01
201000024059;0;33;0;6;2;0;1;B01
201000024060;0;7;0;0;1;1;9;A01
201000024061;0;7;0;0;2;1;13;A01
201000024061;0;33;0;0;2;1;1;B01
201000024062;0;33;0;9;0;7;1;A01
201000024063;0;1;0;0;1;0;1;A01
201000024064;0;1;0;1;0;1;1;B01
201000024064;0;7;0;0;2;7;24;A01
201000024065;0;7;0;0;2;1;15;B01
201000024065;0;7;0;0;2;8;1;A01
201000024066;0;7;0;7;0;0;13;A01
201000024067;0;30;0;12;0;1;1;A01
201000024068;0;7;0;0;2;4;2;B01
201000024068;0;7;0;0;2;1;2;A01
201000024069;0;7;0;3;0;2;1;A01
201000024070;0;7;0;0;2;2;1;A01
201000024070;0;1;0;0;2;1;1;B01
201000024071;0;1;0;0;2;5;1;B01
201000024071;0;7;0;0;2;1;9;A01
201000024072;0;7;0;0;2;2;15;A01
201000024072;0;7;0;0;2;1;1;B01
201000024073;0;1;0;0;2;1;1;A01
201000024073;0;1;0;0;2;1;1;B01