num_acc;senc;catv;occutc;obs;obsm;choc;manv;num_veh
201000024074;0;7;0;0;1;1;6;A01
201000024075;0;7;0;0;2;4;13;A01
201000024075;0;33;0;0;2;6;1;B01
201000024076;0;2;0;0;2;2;1;B01
201000024076;0;7;0;0;2;3;9;A01
201000024077;0;30;0;16;0;0;1;A01
201000024078;0;7;0;0;2;1;1;B01
201000024078;0;7;0;0;2;1;9;A01
201000024079;0;7;0;0;2;3;1;A01
201000024079;0;7;0;0;2;2;1;B01
201000024080;0;31;0;0;2;1;1;B01
201000024080;0;7;0;0;2;3;16;A01
201000024081;0;10;0;0;2;1;1;B01
201000024081;0;7;0;0;0;4;23;A01
201000024082;0;7;0;0;2;2;15;A01
201000024082;0;33;0;0;2;1;1;B01
201000024083;0;7;0;0;1;1;1;A01
201000024084;0;34;0;0;0;4;23;B01
201000024084;0;33;0;0;2;1;1;A01
201000024085;0;7;0;0;2;4;23;B01
201000024085;0;7;0;0;2;1;2;A01
201000024086;0;7;0;1;0;8;22;A01
201000024086;0;1;0;0;2;1;1;B01
201000024087;0;7;0;0;1;1;1;A01
201000024088;0;7;0;7;0;0;0;A01
201000024089;0;7;0;0;2;1;1;A01
201000024089;0;7;0;0;2;4;1;B01
201000024090;0;7;0;0;1;1;1;A01
201000024091;0;2;0;0;2;1;1;B01
201000024091;0;7;0;0;2;8;19;A01
201000024092;0;7;0;0;2;2;1;A01
201000024092;0;7;0;0;2;3;0;B01
201000024093;0;2;0;0;2;1;1;B01
201000024093;0;7;0;0;2;8;10;A01
201000024094;0;2;0;0;2;2;5;A01
201000024094;0;7;0;0;2;1;1;B01
201000024095;0;7;0;0;0;4;23;A01
201000024095;0;7;0;0;2;1;1;B01
201000024096;0;30;0;0;9;7;1;A01
201000024097;0;7;0;0;2;1;0;A01
201000024097;0;7;0;0;2;1;1;B01
201000024098;0;30;0;0;0;8;1;A01
201000024099;0;1;0;16;0;0;0;A01
201000024100;0;7;0;0;1;2;1;A01
201000024101;0;7;0;0;2;4;23;B01
201000024101;0;2;0;0;2;1;2;A01
201000024102;0;7;0;0;2;4;1;B01
201000024102;0;7;0;0;2;1;1;A01
201000024103;0;7;0;0;2;3;1;A01
201000024103;0;7;0;0;2;1;15;B01
201000024104;0;2;0;0;0;0;0;A01
201000024105;0;7;0;0;2;2;0;A01
201000024106;0;7;0;0;2;0;15;A01
201000024106;0;30;0;0;2;1;17;B01
201000024107;0;7;0;0;1;1;1;A01
201000024108;0;3;0;5;0;0;19;A01
201000024109;0;7;0;0;1;1;1;A01
201000024110;0;2;0;0;2;2;1;B01
201000024110;0;7;0;0;2;1;9;A01
201000024111;0;7;0;0;1;1;1;A01
201000024112;0;7;0;0;2;3;9;A01
201000024112;0;7;0;0;2;1;1;B01
201000024113;0;7;0;0;2;1;1;B01
201000024113;0;10;0;0;2;1;13;A01
201000024114;0;7;0;0;0;2;1;A01
201000024115;1;7;0;0;1;1;1;Z01
201000024116;0;7;0;2;0;6;1;A01
201000024117;1;7;0;0;0;0;2;Z01
201000024117;0;7;0;0;0;9;1;A01
201000024118;0;2;0;12;0;0;0;A01
201000024119;0;7;0;0;9;1;1;A01
201000024120;0;7;0;0;2;3;1;B01
201000024120;0;30;0;0;2;1;18;A01
201000024121;0;7;0;0;2;3;1;B01
201000024121;0;7;0;0;2;2;15;A01
201000024122;0;37;0;0;1;5;1;A01
201000024123;0;7;0;0;2;4;23;C01
201000024123;0;7;0;0;2;1;2;A01
201000024123;0;7;0;0;2;4;23;B01
201000024124;0;7;0;0;2;1;1;A01
201000024124;0;7;0;0;2;4;0;B01
201000024125;0;7;0;0;2;2;15;A01
201000024125;0;33;0;0;2;1;1;B01
201000024126;0;2;0;0;0;0;1;A01
201000024127;0;1;0;14;0;0;1;A01
201000024128;0;1;0;0;0;0;0;A01
201000024129;0;7;0;0;0;0;0;A01
201000024130;1;7;0;0;1;0;0;Z01
201000024131;0;7;0;0;2;8;15;A01
201000024131;0;33;0;0;2;1;17;B01
201000024132;0;7;0;0;2;3;15;A01
201000024132;0;2;0;0;2;1;17;B01
201000024133;0;30;0;0;0;0;0;A01
201000024134;0;7;0;0;2;1;13;A01
201000024134;0;7;0;0;2;3;1;B01
201000024135;0;2;0;0;2;1;2;B01
201000024135;0;10;0;0;0;4;23;A01
201000024136;0;7;0;0;2;1;2;A01
201000024136;0;2;0;0;2;4;2;B01
201000024136;0;7;0;0;0;4;2;C01
201000024137;0;7;0;0;2;1;1;A01
201000024137;0;7;0;0;2;4;1;B01
201000024138;0;7;0;0;2;1;1;A01
201000024138;0;1;0;0;2;8;15;B01
201000024139;0;1;0;1;0;1;21;B01
201000024139;0;7;0;0;0;8;22;A01
201000024140;0;7;0;15;0;1;13;A01
201000024141;0;7;0;0;2;1;1;A01
201000024141;0;30;0;0;2;4;1;B01
201000024142;0;7;0;1;2;3;13;A01
201000024142;0;2;0;0;2;7;17;B01
201000024143;0;7;0;0;2;6;1;A01
201000024143;0;1;0;0;2;1;1;B01
201000024144;0;7;0;0;2;4;1;A01
201000024144;0;7;0;0;2;1;2;B01
201000024145;0;2;0;0;2;1;1;B01
201000024145;0;7;0;0;2;3;1;A01
201000024146;0;37;1;0;1;1;1;A01
201000024147;0;7;0;0;2;4;23;C01
201000024147;0;7;0;0;2;1;2;A01
201000024147;0;7;0;0;2;4;23;B01
201000024148;0;2;0;15;0;0;0;A01
201000024149;0;32;0;0;0;0;1;A01
201000024150;0;7;0;0;0;1;1;B01
201000024150;0;7;0;0;2;2;15;A01
201000024151;0;1;0;0;0;0;0;A01
201000024152;0;7;0;0;2;0;0;A01
201000024152;0;1;0;0;2;0;0;B01
201000024153;0;7;0;0;2;8;1;B01
201000024153;0;7;0;0;2;1;1;A01
201000024154;0;7;0;1;1;2;14;A01
201000024155;0;7;0;0;2;1;13;A01
201000024155;0;7;0;0;2;1;1;B01
201000024156;0;7;0;0;2;1;1;B01
201000024156;0;7;0;0;2;1;9;A01
201000024157;0;7;0;0;2;4;1;C01
201000024157;0;7;0;0;2;1;1;A01
201000024157;0;7;0;0;2;4;1;B01
201000024158;0;7;0;0;2;5;10;A01
201000024158;0;7;0;0;2;1;1;B01
201000024159;0;30;0;0;0;0;0;A01
201000024160;0;7;0;0;2;1;1;A01
201000024160;0;7;0;0;2;4;1;B01
201000024161;0;1;0;0;4;3;1;B01
201000024161;0;7;0;0;2;7;17;A01
201000024162;0;7;0;0;2;3;15;A01
201000024162;0;1;0;0;2;0;13;B01
201000024163;0;7;0;0;2;3;13;A01
201000024163;0;7;0;0;2;5;1;B01
201000024164;0;7;0;0;2;4;1;C01
201000024164;0;7;0;0;2;1;1;A01
201000024164;0;7;0;0;2;4;1;B01
201000024165;0;33;0;16;0;8;21;A01
201000024166;0;1;0;0;2;4;1;B01
201000024166;0;7;0;0;2;1;1;A01
201000024167;0;7;0;0;2;4;1;A01
201000024167;0;1;0;0;2;1;1;B01
201000024168;0;30;0;0;0;0;0;A01
201000024169;0;7;0;8;0;1;13;A01
201000024170;0;1;0;16;0;7;0;A01
201000024171;0;7;0;0;2;8;15;A01
201000024171;0;33;0;0;2;7;17;B01
201000024172;0;7;0;0;2;3;1;A01
201000024172;0;2;0;0;2;1;1;B01
201000024173;0;1;0;0;2;1;1;A01
201000024173;0;7;0;0;2;4;1;B01
201000024174;0;2;0;0;2;3;5;A01
201000024174;0;7;0;0;2;3;1;B01
201000024175;0;7;0;4;0;9;13;A01
201000024176;0;7;0;0;2;1;1;A01
201000024176;0;7;0;0;2;4;1;B01
201000024177;0;7;0;0;2;1;1;A01
201000024177;0;7;0;0;2;4;1;B01
201000024178;0;1;0;0;0;9;0;A01
201000024179;1;10;0;0;1;1;0;A01
201000024180;0;31;0;13;0;0;1;A01
201000024181;0;33;0;0;2;1;0;A01
201000024181;0;38;1;0;2;4;0;B01
201000024182;0;1;0;14;0;1;1;A01
201000024183;0;7;0;8;0;0;0;A01
201000024184;0;7;0;0;0;1;1;A01
201000024184;0;7;0;0;2;4;1;B01
201000024185;0;1;0;0;2;0;0;B01
201000024185;0;7;0;0;2;0;0;A01
201000024186;0;7;0;7;0;2;1;A01
201000024187;0;2;0;12;0;0;0;A01
201000024188;0;7;0;7;0;1;1;A01
201000024189;0;7;0;0;2;4;1;B01
201000024189;0;7;0;0;2;1;1;A01
201000024190;0;7;0;0;2;7;17;A01
201000024190;0;1;0;0;2;1;1;B01
201000024191;0;10;0;2;0;0;0;A01
201000024192;0;32;0;0;2;1;1;B01
201000024192;0;7;0;0;2;7;15;A01
201000024193;0;7;0;0;2;1;1;A01
201000024193;0;7;0;0;2;4;1;B01
201000024194;0;7;0;0;0;4;23;A01
201000024194;0;30;0;0;2;1;1;B01
201000024195;0;31;0;0;0;0;0;A01
201000024196;0;7;0;0;2;1;1;A01
201000024197;0;30;0;0;2;1;1;A01
201000024197;0;7;0;0;2;4;1;B01
201000024198;0;33;0;0;2;1;1;A01
201000024198;0;7;0;0;2;3;10;B01
201000024199;0;7;0;0;2;4;2;B01
201000024199;0;10;0;0;2;1;2;A01
201000024200;0;7;0;0;2;1;1;A01
201000024201;0;30;0;0;2;1;1;A01
201000024201;0;7;0;0;2;1;1;B01
201000024202;0;7;0;0;2;3;1;A01
201000024202;0;7;0;0;2;1;1;B01
201000024203;0;33;0;7;0;1;13;A01
201000024204;0;33;0;0;0;0;0;A01
201000024205;0;32;0;16;0;0;1;A01
201000024206;0;1;0;0;2;0;1;A01
201000024206;0;33;0;0;2;0;1;B01
201000024207;0;2;0;0;2;1;9;B01
201000024207;0;7;0;0;2;2;1;A01
201000024208;0;1;0;0;2;8;1;A01
201000024208;0;1;0;0;2;5;17;B01
201000024209;0;7;0;0;1;0;1;A01
201000024210;0;7;0;0;1;1;1;A01
201000024211;0;1;0;0;2;2;0;B01
201000024211;0;7;0;0;2;3;17;A01
201000024212;0;7;0;0;2;1;1;C01
201000024212;0;7;0;0;2;4;1;B01
201000024212;0;3;0;0;2;1;1;A01
201000024213;0;32;0;0;2;1;1;A01
201000024213;0;7;0;0;2;4;1;B01
201000024214;0;30;0;0;2;0;0;A01
201000024215;0;33;0;0;0;0;1;A01
201000024216;0;7;0;0;1;1;1;A01
201000024217;0;7;0;0;2;6;11;A01
201000024217;0;33;0;0;2;1;1;B01
201000024218;0;2;0;0;2;1;1;B01
201000024218;0;7;0;0;2;8;20;A01
201000024219;0;7;0;0;2;1;1;B01
201000024219;0;33;0;0;2;4;1;A01
201000024220;0;30;0;16;0;0;14;A01
201000024221;0;7;0;0;2;1;5;A01
201000024221;0;7;0;4;2;1;1;B01
201000024222;0;1;0;0;2;1;1;B01
201000024222;0;7;0;0;2;4;1;A01
201000024223;0;7;0;0;2;1;1;A01
201000024223;0;7;0;0;2;4;1;B01
201000024223;0;7;0;0;2;4;1;C01
201000024224;0;7;0;0;2;4;23;C01
201000024224;0;7;0;0;2;9;23;B01
201000024224;0;7;0;0;2;1;2;A01
201000024225;0;32;0;0;2;1;1;A01
201000024225;0;7;0;0;2;3;1;B01
201000024226;0;7;0;0;2;4;1;B01
201000024226;0;7;0;0;2;1;12;A01
201000024227;0;7;0;0;1;0;0;A01
201000024228;0;7;0;0;2;1;1;A01
201000024228;0;2;0;0;2;5;1;B01
201000024229;0;31;0;0;0;0;0;A01
201000024230;0;2;0;16;0;0;1;A01
201000024231;0;7;0;0;2;4;1;C01
201000024231;0;10;0;0;2;1;0;A01
201000024231;0;7;0;0;2;9;0;B01
201000024232;0;2;0;0;0;0;0;A01
201000024233;0;7;0;0;2;4;20;A01
201000024233;0;33;0;0;2;1;1;B01
201000024234;0;7;0;0;2;1;1;B01
201000024234;0;7;0;0;2;4;1;A01
201000024235;0;7;0;0;2;7;1;B01
201000024235;0;1;0;0;2;8;13;A01
201000024236;0;33;0;0;0;0;0;A01
201000024237;0;7;0;0;2;4;1;B01
201000024237;0;7;0;0;2;1;1;A01
201000024237;0;7;0;0;2;1;1;C01
201000024237;0;7;0;0;2;4;1;D01
201000024238;0;30;0;0;2;4;1;B01
201000024238;0;30;0;0;2;1;1;A01
201000024239;0;2;0;0;2;1;9;A01
201000024239;0;7;0;0;2;1;1;B01
201000024240;0;33;0;16;0;0;1;A01
201000024241;0;1;0;0;2;1;1;B01
201000024241;0;7;0;0;9;1;21;A01
201000024242;0;7;0;0;2;5;15;A01
201000024242;0;1;0;0;2;1;1;B01
201000024243;0;7;0;0;2;1;9;A01
201000024243;0;7;0;0;2;7;1;B01
201000024244;0;2;0;0;0;0;2;A01
201000024245;0;7;0;0;2;2;17;A01
201000024245;0;1;0;0;2;8;1;B01
201000024246;0;7;0;0;1;4;4;A01
201000024247;0;2;0;0;2;1;1;B01
201000024247;0;7;0;0;2;1;9;A01
201000024248;0;7;0;0;2;1;1;B01
201000024248;0;2;0;0;2;1;5;A01
201000024249;0;1;0;0;1;1;1;A01
201000024250;0;7;0;0;2;1;1;B01
201000024250;0;1;0;0;2;1;5;A01
201000024251;0;7;0;0;2;4;23;B01
201000024251;0;7;0;0;2;1;2;A01
201000024252;0;1;0;0;2;0;1;B01
201000024252;1;7;0;0;2;0;9;Z01
201000024253;0;30;0;0;2;3;13;B01
201000024253;0;7;0;0;2;2;17;A01
201000024254;0;7;0;0;0;9;0;A01
201000024255;0;7;0;0;2;0;1;A01
201000024255;0;1;0;0;2;1;9;B01
201000024256;0;7;0;0;2;4;4;A01
201000024256;0;33;0;0;2;1;1;B01
201000024257;0;7;0;0;0;0;0;B01
201000024257;0;7;0;0;2;1;1;A01
201000024258;0;2;0;16;0;7;0;A01
201000024259;0;32;0;0;0;0;0;A01
201000024260;0;7;0;0;2;1;9;A01
201000024260;0;33;0;0;2;1;1;B01
201000024261;0;7;0;0;2;1;9;A01
201000024261;0;1;0;0;2;7;1;B01
201000024262;0;7;0;0;2;2;17;A01
201000024262;0;7;0;0;2;8;1;B01
201000024263;0;7;0;0;2;1;2;A01
201000024263;0;7;0;0;2;4;23;B01
201000024264;0;7;0;1;0;1;0;A01
201000024265;0;7;0;0;2;1;9;A01
201000024265;0;1;0;0;2;1;1;B01
201000024266;0;7;0;0;1;1;1;A01
201000024267;0;7;0;0;2;0;13;A01
201000024267;0;30;0;0;2;7;1;B01
201000024268;1;7;0;0;2;1;1;Z01
201000024268;0;7;0;0;2;1;1;A01
201000024269;0;2;0;0;2;9;0;A01
201000024269;0;38;1;0;2;6;23;B01
201000024270;0;2;0;0;0;0;0;A01
201000024271;0;31;0;0;1;9;1;A01
201000024272;0;7;0;0;1;7;15;A01
201000024273;0;2;0;0;2;1;13;A01
201000024273;0;7;0;0;2;1;1;B01
201000024274;0;1;0;0;2;7;15;A01
201000024274;0;7;0;0;2;1;1;B01
201000024275;0;7;0;0;2;1;1;B01
201000024275;0;30;0;0;2;8;1;A01
201000024276;0;7;0;0;2;0;9;A01
201000024276;0;2;0;0;2;1;1;B01
201000024277;0;2;0;0;2;1;1;B01
201000024277;0;1;0;0;2;4;1;A01
201000024278;0;1;0;0;0;0;0;A01
201000024279;0;7;0;0;2;7;1;B01
201000024279;0;2;0;0;2;8;11;A01
201000024280;0;33;0;0;2;1;17;B01
201000024280;0;7;0;0;2;8;15;A01
201000024281;0;2;0;15;0;1;1;A01
201000024282;0;7;0;0;2;1;13;A01
201000024282;0;7;0;0;2;1;1;B01
201000024283;0;7;0;0;2;4;1;B01
201000024283;0;30;0;0;2;1;1;A01
201000024284;0;33;0;0;0;1;17;B01
201000024284;0;7;0;0;0;3;15;A01
201000024285;0;30;0;0;2;4;1;B01
201000024285;0;7;0;0;2;1;1;A01
201000024286;0;7;0;0;2;1;9;A01
201000024286;0;1;0;0;2;4;1;B01
201000024287;0;7;0;13;0;9;9;A01
201000024288;0;34;0;0;2;1;1;B01
201000024288;0;7;0;0;0;4;1;A01
201000024289;0;31;0;0;2;1;1;B01
201000024289;0;7;0;0;2;2;15;A01
201000024290;0;30;0;0;0;0;1;A01
201000024291;0;1;0;0;0;0;0;A01
201000024292;0;2;0;0;2;0;13;A01
201000024292;0;10;0;0;2;1;1;B01
201000024293;0;32;0;0;0;0;1;A01
201000024294;0;7;0;0;2;2;17;A01
201000024294;0;37;1;0;2;3;1;B01
201000024295;0;7;0;0;0;9;14;A01
201000024296;0;2;0;0;1;1;0;A01
201000024297;0;7;0;0;1;1;1;A01
201000024298;0;7;0;0;2;1;13;A01
201000024298;0;30;0;0;2;3;1;B01
201000024299;0;2;0;0;2;9;18;A01
201000024299;0;7;0;0;2;7;20;B01
201000024300;0;7;0;6;0;2;2;A01
201000024301;0;7;0;0;1;1;1;A01
201000024302;0;33;0;12;0;0;0;A01
201000024303;0;7;0;0;2;2;1;B01
201000024303;0;30;0;0;2;2;1;A01
201000024304;0;7;0;0;2;3;0;A01
201000024304;0;1;0;0;2;0;0;B01
201000024305;0;7;0;0;2;1;15;A01
201000024305;0;2;0;0;2;1;1;B01
201000024306;0;7;0;0;2;1;15;A01
201000024306;0;1;0;0;0;0;1;B01
201000024307;0;7;0;1;0;4;23;A01
201000024307;0;1;0;0;2;1;1;B01
201000024308;0;7;0;12;0;9;13;A01
201000024309;0;30;0;0;2;2;0;B01
201000024309;0;7;0;0;2;3;2;A01
201000024310;0;7;0;0;2;8;22;A01
201000024310;0;30;0;1;0;1;1;B01
201000024311;0;7;0;0;2;1;1;A01
201000024311;0;1;0;0;2;0;1;B01
201000024312;0;7;0;0;2;6;1;A01
201000024312;0;2;0;0;2;0;1;B01
201000024313;0;10;0;0;2;1;2;A01
201000024313;0;7;0;0;0;4;23;B01
201000024314;0;7;0;0;2;1;1;B01
201000024314;0;7;0;0;2;3;15;A01
201000024315;0;33;0;16;0;8;1;A01
201000024316;0;2;0;12;0;1;1;A01
201000024317;0;7;0;0;1;2;1;A01
201000024318;0;7;0;0;2;1;1;B01
201000024318;0;7;0;0;2;7;19;A01
201000024319;0;30;0;0;0;0;0;A01
201000024320;0;30;0;0;2;4;1;B01
201000024320;0;30;0;0;2;1;1;A01
201000024321;0;7;0;13;0;0;1;A01
201000024322;0;7;0;0;2;4;1;A01
201000024322;0;13;0;0;2;1;1;B01
201000024323;0;7;0;0;2;3;1;A01
201000024323;0;1;0;0;2;3;11;B01
201000024324;0;7;0;0;1;4;4;A01
201000024325;0;2;0;0;2;0;1;A01
201000024325;0;7;0;0;0;3;15;B01
201000024326;0;30;0;0;1;1;0;A01
201000024327;0;7;0;0;2;1;15;A01
201000024327;0;7;0;0;2;1;16;B01
201000024328;0;7;0;0;2;2;16;A01
201000024328;0;1;0;0;2;8;1;B01
201000024329;0;13;0;0;2;3;1;B01
201000024329;0;7;0;0;2;3;13;A01
201000024330;0;7;0;0;2;6;20;A01
201000024330;0;31;0;0;2;1;1;B01
201000024331;0;7;0;0;1;3;1;A01
201000024332;0;7;0;1;0;1;1;A01
201000024333;0;7;0;0;2;3;18;A01
201000024333;0;2;0;0;2;0;16;B01
201000024334;0;30;0;12;0;7;14;A01
201000024335;0;7;0;0;2;1;1;A01
201000024335;0;7;0;0;2;4;1;C01
201000024335;0;7;0;0;2;1;1;B01
201000024336;0;15;0;0;1;0;16;A01
201000024337;0;7;0;0;2;5;1;A01
201000024337;0;30;0;0;2;1;1;B01
201000024338;0;7;0;0;1;4;4;A01
201000024339;0;7;0;3;0;1;0;A01
201000024340;0;7;0;14;0;1;1;A01
201000024341;0;7;0;0;2;1;1;B01
201000024341;0;7;0;0;2;2;1;A01
201000024342;0;30;0;0;0;8;1;A01
201000024343;0;7;0;0;2;4;1;B01
201000024343;0;7;0;0;0;1;1;A01
201000024344;0;7;0;0;2;1;1;B01
201000024344;0;7;0;0;2;1;5;A01
201000024345;0;7;0;0;2;4;0;C01
201000024345;0;7;0;0;2;1;0;A01
201000024345;0;7;0;0;2;4;0;B01
201000024346;0;7;0;0;2;8;0;B01
201000024346;0;7;0;0;2;1;0;A01
201000024347;0;7;0;0;2;1;1;B01
201000024347;0;7;0;0;2;2;1;A01
201000024348;0;7;0;0;2;1;1;A01
201000024348;0;7;0;0;2;4;1;B01
201000024349;0;7;0;1;2;1;1;A01
201000024350;0;7;0;0;0;1;1;A01
201000024351;0;7;0;0;9;4;1;A01
201000024351;0;1;0;0;2;1;1;C01
201000024351;0;1;0;0;2;1;1;B01
201000024352;0;7;0;0;2;7;1;B01
201000024352;0;7;0;0;2;1;1;A01
201000024353;0;2;0;0;0;7;1;A01
201000024354;0;7;0;0;0;9;1;A01
201000024355;0;7;0;6;2;1;1;A01
201000024355;0;7;0;0;2;1;1;B01
201000024355;0;7;0;0;2;1;1;C01
201000024356;0;7;0;0;2;3;9;A01
201000024356;0;31;0;0;0;1;1;B01
201000024357;0;33;0;0;2;1;0;A01
201000024357;0;7;0;0;2;3;0;B01
201000024358;0;7;0;0;2;1;1;B01
201000024358;0;3;0;0;2;7;15;A01
201000024359;0;33;0;0;2;1;1;A01
201000024359;0;7;0;0;2;8;1;B01
201000024360;0;7;0;0;2;1;13;A01
201000024360;0;7;0;0;2;1;1;B01
201000024361;0;2;0;0;0;7;1;A01
201000024362;0;31;0;0;2;1;16;A01
201000024362;0;7;0;0;2;1;1;B01
201000024363;0;2;0;0;2;1;1;B01
201000024363;0;7;0;0;2;5;1;A01
201000024364;0;7;0;0;2;4;1;B01
201000024364;0;30;0;0;2;1;1;A01
201000024365;0;7;0;0;0;1;1;A01
201000024366;0;7;0;0;2;6;1;B01
201000024366;0;7;0;0;2;1;0;A01
201000024367;0;3;0;11;0;2;1;A01
201000024368;0;7;0;0;2;4;15;B01
201000024368;0;30;0;0;2;1;1;A01
201000024369;0;31;0;0;2;4;1;B01
201000024369;0;7;0;0;2;1;1;A01
201000024370;0;7;0;0;2;4;1;B01
201000024370;0;7;0;0;2;1;1;A01
201000024371;0;1;0;0;2;1;1;B01
201000024371;0;7;0;0;2;2;0;A01
201000024372;0;7;0;0;2;2;15;A01
201000024372;0;2;0;0;2;1;1;B01
201000024373;0;7;0;0;2;8;9;A01
201000024373;0;30;0;0;2;1;1;B01
201000024374;0;2;0;12;0;0;0;A01
201000024375;0;7;0;0;2;1;1;A01
201000024375;0;7;0;0;2;4;1;B01
201000024376;0;7;0;0;0;1;1;A01
201000024377;0;7;0;0;1;1;1;A01
201000024378;0;7;0;0;2;7;1;A01
201000024378;0;7;0;0;2;1;1;B01
201000024379;0;7;0;0;1;1;1;A01
201000024380;0;7;0;0;2;1;1;A01
201000024380;0;7;0;0;2;1;1;B01
201000024381;0;2;0;0;2;1;1;B01
201000024381;0;7;0;0;2;1;1;A01
201000024382;0;30;0;7;0;1;1;A01
201000024383;0;7;0;14;0;1;0;C01
201000024383;0;7;0;0;2;4;23;A01
201000024383;0;7;0;0;2;4;23;B01
201000024384;0;32;0;0;0;7;1;A01
201000024385;0;7;0;0;2;1;1;A01
201000024385;0;7;0;0;2;4;1;B01
201000024386;0;7;0;0;2;8;15;B01
201000024386;0;30;0;0;2;1;1;A01
201000024387;0;7;0;0;2;4;4;A01
201000024387;0;7;0;0;2;5;1;B01
201000024388;0;37;0;0;2;1;1;B01
201000024388;0;7;0;0;2;8;1;A01
201000024389;0;7;0;9;1;1;1;A01
201000024390;0;7;0;0;2;8;1;B01
201000024390;0;7;0;0;2;1;1;A01
201000024391;0;31;0;0;0;8;1;A01
201000024392;0;33;0;0;2;1;1;B01
201000024392;0;1;0;0;2;4;16;A01
201000024393;0;7;0;0;0;2;1;A01
201000024394;0;7;0;0;1;4;4;A01
201000024395;0;30;0;0;2;7;1;B01
201000024395;0;10;0;0;2;1;9;A01
201000024396;0;3;0;0;1;1;1;A01
201000024397;0;7;0;0;2;1;1;A01
201000024397;0;7;0;0;2;7;1;B01
201000024398;0;7;0;0;2;1;13;A01
201000024398;0;7;0;0;2;1;1;B01
201000024399;0;2;0;0;0;7;1;A01
201000024400;0;30;0;12;0;1;1;A01
201000024401;0;7;0;0;1;1;1;A01
201000024402;0;30;0;12;0;1;1;A01
201000024403;0;32;0;0;0;0;1;B01
201000024403;0;7;0;0;2;3;0;A01
201000024404;0;7;0;0;2;4;0;B01
201000024404;0;7;0;0;2;1;2;A01
201000024405;0;7;0;0;0;4;0;B01
201000024405;0;7;0;0;2;1;2;A01
201000024406;0;7;0;0;9;2;0;A01
201000024406;0;1;0;0;2;8;0;B01
201000024407;0;7;0;0;1;2;0;A01
201000024408;0;7;0;0;0;2;0;A01
201000024409;0;1;0;0;2;4;0;B01
201000024409;0;7;0;0;2;1;0;A01
201000024410;0;7;0;0;2;1;0;A01
201000024410;0;7;0;0;2;8;0;B01
201000024411;0;34;0;0;2;0;0;B01
201000024411;0;7;0;0;2;2;0;A01
201000024412;0;7;0;0;2;1;13;A01
201000024412;0;7;0;0;2;3;1;C01
201000024412;0;7;0;0;2;6;1;B01
201000024413;0;7;0;0;2;1;1;A01
201000024413;0;7;0;0;2;4;1;B01
201000024414;0;7;0;0;2;1;1;B01
201000024414;0;7;0;0;2;1;1;A01
201000024415;0;7;0;0;2;4;1;B01
201000024415;0;7;0;0;2;4;1;A01
201000024416;0;7;0;2;0;1;1;A01
201000024417;0;7;0;0;0;0;0;A01
201000024418;0;33;0;0;0;1;0;B01
201000024418;0;7;0;0;2;4;0;A01
201000024419;0;7;0;0;2;5;15;A01
201000024419;0;32;0;0;2;7;1;B01
201000024420;0;7;0;0;2;7;1;A01
201000024420;0;7;0;0;2;1;1;B01
201000024421;0;7;0;0;2;3;9;A01
201000024421;0;7;0;0;2;1;1;B01
201000024422;0;1;0;0;2;4;1;A01
201000024422;0;1;0;0;2;1;1;B01
201000024423;0;7;0;0;2;1;1;B01
201000024423;0;33;0;0;2;1;17;A01
201000024424;0;7;0;0;2;4;9;A01
201000024424;0;33;0;0;2;1;1;B01
201000024425;0;30;0;0;2;8;1;B01
201000024425;0;7;0;0;2;1;9;A01
201000024426;0;7;0;0;1;4;4;A01
201000024427;0;7;0;0;2;8;10;A01
201000024427;0;7;0;0;2;1;1;B01
201000024428;0;7;0;0;2;3;15;A01
201000024428;0;2;0;0;1;1;1;B01
201000024429;0;7;0;0;2;1;1;A01
201000024429;0;7;0;0;2;4;1;B01
201000024430;0;1;0;0;0;0;1;A01
201000024431;0;7;0;0;2;4;1;B01
201000024431;0;7;0;0;2;1;1;A01
201000024432;0;30;0;0;2;7;1;A01
201000024432;0;7;0;0;2;1;1;B01
201000024433;0;7;0;0;2;3;22;A01
201000024433;0;1;0;0;2;1;1;B01
201000024434;0;7;0;0;1;1;1;A01
201000024435;0;7;0;0;1;8;9;A01
201000024436;0;30;0;0;0;0;1;A01
201000024437;0;33;0;0;0;8;1;A01
201000024438;0;7;0;0;2;0;1;B01
201000024438;0;7;0;0;2;1;1;A01
201000024439;0;7;0;0;2;4;1;B01
201000024439;0;30;0;0;2;1;1;A01
201000024440;0;7;0;0;2;4;1;B01
201000024440;0;7;0;0;2;1;1;A01
201000024441;0;7;0;0;2;2;1;A01
201000024441;0;7;0;0;2;1;1;B01
201000024442;0;10;0;0;0;0;1;A01
201000024443;0;2;0;0;0;8;1;A01
201000024444;0;7;0;0;2;1;1;A01
201000024444;0;7;0;1;2;4;1;B01
201000024444;0;7;0;0;2;1;1;C01
201000024445;0;7;0;0;0;8;1;A01
201000024446;0;30;0;0;2;1;17;A01
201000024446;0;7;0;0;2;8;15;B01
201000024447;0;7;0;0;2;7;20;B01
201000024447;0;33;0;0;2;1;17;A01
201000024448;0;33;0;0;0;7;1;A01
201000024449;0;7;0;8;0;2;1;A01
201000024450;0;7;0;0;2;8;9;A01
201000024450;0;31;0;0;2;1;1;B01
201000024451;0;33;0;0;2;1;1;B01
201000024451;0;7;0;0;2;3;15;A01
201000024452;0;7;0;0;0;1;1;A01
201000024453;0;2;0;0;2;7;1;B01
201000024453;0;7;0;0;2;1;9;A01
201000024454;0;33;0;0;0;0;1;A01
201000024455;0;1;0;0;0;1;1;A01
201000024456;0;7;0;0;2;1;0;A01