num_acc;senc;catv;occutc;obs;obsm;choc;manv;num_veh
201000024456;0;7;0;0;2;8;1;B01
201000024457;0;1;0;0;2;1;0;B01
201000024457;0;7;0;0;2;3;0;A01
201000024458;0;7;0;8;0;0;1;A01
201000024459;0;2;0;0;2;1;0;A01
201000024459;0;7;0;0;0;8;0;B01
201000024460;0;7;0;0;2;5;0;B01
201000024460;0;7;0;0;2;1;0;A01
201000024461;0;7;0;0;2;4;1;B01
201000024461;0;7;0;0;2;1;1;A01
201000024462;0;7;0;9;0;1;1;A01
201000024463;0;7;0;0;2;3;9;A01
201000024463;0;7;0;0;2;1;1;B01
201000024464;0;7;0;0;1;2;0;A01
201000024465;0;2;0;0;2;4;1;B01
201000024465;0;7;0;0;2;1;1;A01
201000024466;0;7;0;0;2;1;1;A01
201000024466;0;7;0;0;0;4;1;B01
201000024467;0;7;0;0;0;1;1;A01
201000024468;0;7;0;14;0;1;1;A01
201000024469;0;7;0;0;2;1;1;C01
201000024469;0;10;0;0;2;1;1;A01
201000024469;0;7;0;0;2;4;0;B01
201000024470;0;7;0;0;2;1;20;A01
201000024470;0;30;0;0;2;8;1;B01
201000024471;0;7;0;0;9;1;1;B01
201000024471;0;1;0;0;2;1;0;A01
201000024472;0;7;0;0;1;0;1;A01
201000024473;0;7;0;0;2;1;1;A01
201000024473;0;7;0;0;2;4;1;B01
201000024474;0;7;0;0;1;1;1;A01
201000024475;0;7;0;3;0;1;1;A01
201000024476;0;7;0;13;0;9;19;A01
201000024477;0;7;0;4;0;1;0;A01
201000024478;0;10;0;1;0;1;21;B02
201000024478;0;7;0;0;0;4;23;A01
201000024479;0;7;0;0;1;1;0;A01
201000024480;0;2;0;0;2;1;2;A01
201000024480;0;7;0;0;0;4;2;B01
201000024481;0;7;0;0;2;2;2;A01
201000024481;0;14;0;0;0;5;2;B01
201000024482;0;7;0;5;0;1;0;A01
201000024483;0;7;0;0;0;8;0;B01
201000024483;0;2;0;0;2;1;0;A01
201000024484;0;7;0;0;0;4;2;B01
201000024484;0;7;0;0;2;1;2;A01
201000024485;0;7;0;0;2;1;0;A01
201000024485;0;32;0;0;2;1;0;B01
201000024486;0;7;0;0;1;7;0;B01
201000024487;0;7;0;6;0;1;0;A01
201000024488;0;7;0;0;2;1;2;A01
201000024488;0;7;0;0;0;4;2;B01
201000024489;0;7;0;0;0;8;0;B01
201000024489;0;2;0;0;2;1;0;A01
201000024490;0;7;0;0;1;1;1;A01
201000024491;0;7;0;0;1;0;1;A01
201000024492;0;7;0;0;2;1;0;B01
201000024492;0;7;0;0;0;7;0;A01
201000024493;0;7;0;0;0;7;9;A01
201000024493;0;7;0;0;2;1;19;B01
201000024494;0;7;0;0;1;4;0;A01
201000024495;0;10;0;0;2;1;2;A01
201000024495;0;7;0;0;0;4;2;B01
201000024496;0;7;0;0;0;4;2;B01
201000024496;0;7;0;0;2;1;2;A01
201000024497;0;7;0;9;0;1;0;A01
201000024498;0;33;0;1;0;1;1;A01
201000024498;0;7;0;0;0;7;24;B01
201000024499;0;7;0;6;0;1;0;A01
201000024500;0;7;0;0;2;1;0;A01
201000024500;0;31;0;0;2;2;0;B01
201000024501;0;7;0;6;0;1;0;A01
201000024502;0;7;0;6;0;1;0;A01
201000024503;0;2;0;0;6;1;0;A01
201000024504;0;7;0;0;2;8;0;B01
201000024504;0;7;0;0;2;1;0;A01
201000024505;0;2;0;0;2;1;0;A01
201000024505;0;7;0;0;0;0;0;B01
201000024506;0;7;0;0;9;1;0;A01
201000024506;0;1;0;0;0;7;0;B01
201000024507;0;31;0;0;9;1;0;B01
201000024507;0;2;0;0;0;4;0;A01
201000024508;0;7;0;0;0;4;2;B01
201000024508;0;7;0;0;2;1;2;A01
201000024509;0;30;0;0;0;0;0;A01
201000024510;0;7;0;0;6;1;0;A01
201000024511;0;7;0;0;1;7;0;A01
201000024512;0;7;0;0;0;1;0;A01
201000024513;0;7;0;0;9;2;0;A01
201000024513;0;31;0;0;2;1;0;B01
201000024514;0;7;0;0;2;1;2;C01
201000024514;0;7;0;0;2;1;2;B01
201000024514;0;14;0;0;0;0;2;A01
201000024515;0;7;0;0;0;1;0;A01
201000024515;0;7;0;0;0;4;2;B01
201000024516;0;30;0;0;5;0;0;A01
201000024517;0;7;0;0;0;5;0;B01
201000024517;0;7;0;0;2;1;0;A01
201000024518;0;31;0;6;0;1;0;A01
201000024519;0;7;0;0;2;8;0;A01
201000024519;0;33;0;0;2;1;0;B01
201000024520;0;30;0;0;2;1;0;B01
201000024520;0;7;0;0;9;3;0;A01
201000024521;0;13;0;0;2;1;0;B01
201000024521;0;7;0;0;2;3;0;A01
201000024522;0;2;0;0;2;1;0;A01
201000024522;0;7;0;0;2;1;0;B01
201000024523;0;2;0;0;2;1;0;A01
201000024523;0;7;0;0;0;6;0;B01
201000024524;0;7;0;0;2;1;0;A01
201000024524;0;7;0;0;2;4;0;B01
201000024525;0;7;0;0;2;1;0;A01
201000024525;0;7;0;0;0;4;0;B01
201000024526;0;33;0;0;2;1;17;B01
201000024526;0;7;0;0;0;8;15;A01
201000024527;0;3;0;0;2;1;0;A01
201000024527;0;7;0;0;0;1;0;B01
201000024528;0;7;0;0;0;8;0;B01
201000024528;0;7;0;0;2;1;1;C01
201000024528;0;7;0;1;2;1;0;A01
201000024529;0;7;0;0;2;1;0;B01
201000024529;0;7;0;0;2;1;0;A01
201000024530;0;2;0;0;0;4;2;B01
201000024530;0;7;0;0;9;1;2;A01
201000024531;0;7;0;0;2;3;0;A01
201000024531;0;7;0;0;0;1;0;B01
201000024532;0;3;0;0;9;2;2;A01
201000024532;0;1;0;0;2;2;2;B01
201000024533;0;2;0;0;9;1;0;B01
201000024533;0;7;0;0;2;3;0;A01
201000024534;0;1;0;0;2;1;2;A01
201000024534;0;7;0;0;0;6;2;B01
201000024535;0;1;0;0;0;8;1;B01
201000024535;0;7;0;0;9;7;14;A01
201000024536;0;7;0;13;0;1;14;A01
201000024537;0;1;0;0;2;1;2;A01
201000024537;0;7;0;0;0;4;2;B01
201000024538;0;7;0;13;0;1;0;A01
201000024539;0;30;0;0;2;1;0;B01
201000024539;0;7;0;0;0;1;0;A01
201000024540;0;7;0;0;2;1;2;A01
201000024540;0;7;0;0;0;4;2;B01
201000024540;0;7;0;0;0;4;2;C01
201000024541;0;7;0;0;0;7;24;B01
201000024541;0;7;0;0;1;3;13;A01
201000024542;0;2;0;0;2;1;0;A01
201000024542;0;7;0;0;0;4;0;B01
201000024543;0;7;0;0;2;1;0;A01
201000024543;0;7;0;0;0;4;0;B01
201000024544;0;7;0;0;2;7;12;A01
201000024544;0;30;0;0;2;8;0;B01
201000024545;0;7;0;0;2;1;0;A01
201000024545;0;7;0;0;2;2;0;B01
201000024546;0;7;0;0;2;3;20;A01
201000024546;0;30;0;0;2;7;1;B01
201000024547;0;7;0;0;2;3;13;A01
201000024547;0;14;0;0;2;3;21;B01
201000024548;0;7;0;0;9;3;0;A01
201000024548;0;1;0;0;2;1;0;B01
201000024549;0;7;0;0;0;0;15;A01
201000024549;0;33;0;0;2;7;17;B01
201000024550;0;7;0;0;1;3;1;A01
201000024551;0;2;0;0;2;0;1;B01
201000024551;0;7;0;0;2;2;10;A01
201000024552;0;7;0;0;2;1;0;A01
201000024552;0;2;0;0;2;1;0;B01
201000024553;0;7;0;0;0;0;1;B01
201000024553;0;7;0;0;0;0;1;A01
201000024553;0;7;0;0;0;0;1;C01
201000024554;0;7;0;0;2;0;1;A01
201000024554;0;2;0;0;2;0;0;B01
201000024555;0;7;0;0;2;1;0;A01
201000024555;0;33;0;0;2;1;0;B01
201000024556;0;7;0;12;0;2;0;A01
201000024557;0;7;0;0;2;1;0;A01
201000024557;0;7;0;0;2;4;0;B01
201000024558;0;7;0;0;2;7;0;A01
201000024558;0;2;0;0;2;3;0;B01
201000024559;0;7;0;0;1;1;1;A01
201000024560;0;7;0;0;2;1;1;B01
201000024560;0;7;0;0;2;2;15;A01
201000024561;0;7;0;0;1;1;1;A01
201000024562;0;17;0;0;2;1;1;B01
201000024562;0;7;0;0;2;4;9;A01
201000024563;0;10;0;0;2;1;1;A01
201000024563;0;7;0;0;2;6;1;B01
201000024564;0;7;0;0;2;2;0;B01
201000024564;0;7;0;0;0;2;1;A01
201000024565;0;2;0;0;1;1;1;A01
201000024566;0;2;0;0;2;1;0;B01
201000024566;0;7;0;0;9;7;0;A01
201000024567;0;7;0;0;2;3;17;A01
201000024567;0;7;0;0;2;1;1;B01
201000024568;0;7;0;0;0;0;0;A01
201000024569;0;7;0;0;2;4;23;B01
201000024569;0;2;0;0;2;1;2;A01
201000024570;0;7;0;0;0;4;23;A01
201000024570;0;7;0;1;1;4;21;B02
201000024571;0;7;0;0;0;4;23;B02
201000024571;0;7;0;4;2;2;2;A01
201000024572;0;7;0;0;0;4;2;B02
201000024572;0;7;0;0;2;8;11;A01
201000024573;0;17;0;16;0;7;1;A01
201000024574;0;7;0;0;1;2;1;A01
201000024575;0;7;0;3;0;1;1;A01
201000024576;0;20;0;0;2;6;23;B02
201000024576;0;7;0;0;1;3;14;A01
201000024577;0;14;0;0;0;1;0;B02
201000024577;0;14;0;0;0;1;13;A01
201000024578;0;7;0;0;2;3;1;A01
201000024578;0;7;0;0;2;3;13;B02
201000024579;0;7;0;0;0;3;15;A01
201000024579;0;31;0;0;2;1;17;B02
201000024580;0;2;0;0;2;3;13;B02
201000024580;0;10;0;0;0;3;1;A01
201000024581;0;7;0;0;2;1;1;B02
201000024581;0;7;0;16;2;1;21;A01
201000024582;0;7;0;0;2;2;15;A01
201000024582;0;33;0;0;2;1;1;B02
201000024583;0;7;0;0;2;2;15;A01
201000024583;0;7;0;0;2;1;1;B02
201000024584;0;7;0;0;5;2;1;A01
201000024585;0;10;0;0;2;3;0;B02
201000024585;0;7;0;0;2;3;0;A01
201000024586;0;10;0;0;1;2;1;A01
201000024587;0;7;0;0;2;6;15;A01
201000024587;0;31;0;0;2;1;1;B02
201000024588;0;30;0;0;0;0;0;A01
201000024589;0;7;0;0;2;1;1;B02
201000024589;0;7;0;0;2;1;13;A01
201000024590;0;7;0;0;2;3;15;A01
201000024590;0;7;0;0;2;1;17;B02
201000024591;0;7;0;0;2;1;13;B02
201000024591;0;7;0;0;2;1;1;A01
201000024592;0;33;0;0;0;0;1;A01
201000024593;0;7;0;0;2;3;15;B02
201000024593;0;31;0;0;2;1;1;A01
201000024594;0;7;0;16;0;8;1;A01
201000024595;0;7;0;0;2;1;2;A01
201000024595;0;7;0;0;0;4;23;B02
201000024596;0;7;0;0;9;6;2;B02
201000024596;0;30;0;0;2;1;2;A01
201000024597;0;17;0;0;2;2;1;A01
201000024597;0;7;0;0;2;3;1;B02
201000024598;0;7;0;0;2;1;1;A01
201000024598;0;7;0;0;2;1;5;C03
201000024598;0;7;0;0;2;4;15;B02
201000024599;0;7;0;0;2;3;1;B02
201000024599;0;7;0;0;2;3;17;A01
201000024600;0;7;0;0;0;3;1;B02
201000024600;0;7;0;0;0;3;13;A01
201000024601;0;14;0;0;0;3;1;B02
201000024601;0;33;0;0;0;1;13;A01
201000024602;0;7;0;16;0;1;1;A01
201000024603;0;7;0;13;0;7;14;A01
201000024604;0;1;0;0;2;1;19;B02
201000024604;0;7;0;0;9;7;1;A01
201000024605;0;7;0;8;0;7;1;A01
201000024606;0;10;0;6;0;1;13;A01
201000024607;0;31;0;13;0;7;1;A01
201000024608;0;1;0;0;2;6;15;B02
201000024608;0;33;0;0;2;1;17;A01
201000024609;0;7;0;16;0;9;1;A01
201000024610;0;33;0;13;0;1;19;A01
201000024611;0;7;0;13;0;2;1;A01
201000024612;0;15;0;13;0;2;1;A01
201000024613;0;7;0;3;0;3;14;A01
201000024614;0;10;0;6;0;3;1;A01
201000024615;0;7;0;4;0;3;1;A01
201000024616;0;7;0;0;1;2;2;A01
201000024617;0;7;0;13;0;2;1;A01
201000024618;0;7;0;3;0;1;0;A01
201000024619;0;7;0;0;2;4;2;B02
201000024619;0;17;0;0;2;3;2;A01
201000024620;0;17;0;3;0;3;0;A01
201000024621;0;7;0;3;0;9;6;A01
201000024622;0;33;0;3;2;2;2;A01
201000024623;0;15;0;0;2;3;14;C03
201000024623;0;7;0;0;0;3;23;B02
201000024623;0;10;0;14;0;2;2;A01
201000024624;0;7;0;0;2;7;15;A01
201000024624;0;2;0;0;2;1;1;B02
201000024625;0;7;0;0;2;1;15;A01
201000024625;0;7;0;0;2;1;1;B02
201000024626;0;7;0;0;2;3;9;A01
201000024626;0;32;0;0;2;7;1;B02
201000024627;0;99;0;0;2;0;0;B02
201000024627;0;10;0;0;1;1;1;A01
201000024628;0;2;0;0;2;8;1;B02
201000024628;0;10;0;0;0;5;6;A01
201000024629;0;7;0;0;2;3;0;A01
201000024629;0;2;0;0;2;1;0;B02
201000024630;0;33;0;3;0;1;1;A01
201000024631;0;7;0;0;2;3;19;A01
201000024631;0;32;0;0;2;1;17;B02
201000024632;0;2;0;0;2;1;1;B02
201000024632;0;7;0;0;2;3;15;A01
201000024633;0;7;0;6;1;1;15;A01
201000024634;0;30;0;0;2;1;17;A01
201000024634;0;7;0;0;2;2;1;B02
201000024634;0;7;0;0;2;1;1;C03
201000024635;0;7;0;0;2;1;2;B02
201000024635;0;1;0;0;2;8;15;A01
201000024636;0;7;0;0;2;8;10;A01
201000024636;0;31;0;0;2;1;1;B02
201000024637;0;30;0;0;2;1;1;A01
201000024637;0;14;0;0;0;6;15;B02
201000024638;0;7;0;0;2;3;19;A01
201000024638;0;30;0;0;2;1;1;B02
201000024639;0;10;0;0;1;3;1;A01
201000024640;0;7;0;13;0;9;14;A01
201000024641;0;7;0;8;0;7;14;A01
201000024642;0;7;0;15;0;1;14;A01
201000024643;0;7;0;13;0;2;14;A01
201000024644;0;2;0;0;2;8;2;A01
201000024644;1;7;0;0;2;2;15;Z01
201000024645;0;2;0;0;2;1;2;B01
201000024645;0;7;0;0;2;3;15;A01
201000024646;0;7;0;0;1;1;1;A01
201000024647;0;7;0;0;2;4;1;B01
201000024647;0;7;0;0;0;1;1;A01
201000024648;0;31;0;0;2;1;1;B01
201000024648;0;7;0;0;0;8;10;A01
201000024649;0;2;0;0;0;1;16;A01
201000024650;0;7;0;0;2;2;15;A01
201000024650;0;7;0;0;2;3;1;B01
201000024651;0;7;0;0;2;8;1;B01
201000024651;0;7;0;0;2;1;1;A01
201000024652;0;7;0;15;2;2;1;B01
201000024652;0;30;0;0;2;1;15;A01
201000024653;0;17;0;0;0;7;14;A01
201000024654;0;7;0;0;1;3;15;A01
201000024655;0;7;0;0;1;7;15;A01
201000024656;0;7;0;0;1;1;1;A01
201000024657;1;7;0;0;1;0;1;Z01
201000024658;0;7;0;8;0;1;1;A01
201000024658;0;7;0;14;0;2;1;B01
201000024659;0;7;0;0;2;2;15;A01
201000024659;0;2;0;0;2;1;1;B01
201000024660;0;2;0;1;0;7;15;A01
201000024661;0;7;0;0;0;4;1;A01
201000024661;0;7;0;0;2;1;2;B01
201000024662;0;7;0;0;0;4;2;C01
201000024662;0;7;0;0;0;2;2;A01
201000024662;0;7;0;0;2;1;2;B01
201000024663;0;7;0;0;2;1;15;B01
201000024663;0;10;0;0;2;1;1;A01
201000024664;0;7;0;0;2;1;2;A01
201000024664;0;7;0;0;2;4;2;B01
201000024665;0;7;0;0;2;3;9;A01
201000024665;0;33;0;0;2;5;17;B01
201000024666;0;10;0;2;0;2;14;A01
201000024667;0;7;0;0;2;3;13;A01
201000024667;0;7;0;0;2;3;1;B01
201000024668;0;33;0;0;0;7;1;A01
201000024668;0;7;0;0;0;1;23;B01
201000024669;0;7;0;0;2;3;1;B01
201000024669;0;7;0;0;2;3;13;A01
201000024670;0;7;0;0;2;1;1;A01
201000024670;0;7;0;0;2;4;2;B01
201000024671;0;7;0;0;2;1;1;B01
201000024671;0;7;0;0;2;2;19;A01
201000024672;0;30;0;0;2;8;1;A01
201000024672;0;7;0;0;2;1;15;B01
201000024673;0;7;0;0;0;4;1;B01
201000024673;0;30;0;0;2;1;2;A01
201000024674;0;7;0;0;2;2;15;A01
201000024674;0;2;0;0;2;1;1;B01
201000024675;0;7;0;11;0;1;2;A01
201000024676;0;7;0;0;2;1;1;B01
201000024676;0;14;0;0;2;8;1;A01
201000024677;0;33;0;0;2;8;2;B01
201000024677;0;7;0;0;2;3;11;A01
201000024678;0;7;0;0;1;2;1;A01
201000024678;0;7;0;0;0;0;23;B01
201000024679;0;7;0;0;2;2;10;A01
201000024679;0;7;0;0;2;1;1;B01
201000024680;0;7;0;0;2;1;13;A01
201000024680;0;7;0;9;0;9;1;B01
201000024681;0;7;0;0;1;8;9;A01
201000024682;0;30;0;0;0;8;1;A01
201000024683;0;10;0;13;0;1;1;A01
201000024684;0;7;0;0;2;1;1;B01
201000024684;0;7;0;0;2;6;15;A01
201000024685;1;7;0;0;1;2;1;A01
201000024686;0;7;0;0;2;2;13;A01
201000024686;0;7;0;0;2;3;1;B01
201000024687;0;7;0;0;0;1;13;A01
201000024688;0;7;0;0;1;7;1;A01
201000024689;0;7;0;0;0;0;1;A01
201000024690;0;7;0;1;0;2;14;A01
201000024690;0;7;0;0;2;8;24;B01
201000024691;0;33;0;0;0;7;1;A01
201000024692;0;10;0;0;2;3;9;A01
201000024692;0;10;0;0;2;8;1;B01
201000024693;0;7;0;15;0;1;9;A01
201000024694;0;7;0;0;2;8;13;A01
201000024694;0;7;0;0;2;8;1;B01
201000024695;0;7;0;0;1;3;1;A01
201000024696;0;7;0;0;2;2;1;B01
201000024696;0;33;0;0;2;1;1;A01
201000024697;0;7;0;0;0;3;23;D01
201000024697;0;7;0;0;2;1;1;C01
201000024697;0;7;0;0;2;1;1;A01
201000024697;0;7;0;0;2;4;15;B01
201000024698;0;7;0;0;1;1;2;A01
201000024699;0;7;0;0;1;3;16;A01
201000024700;0;7;0;3;0;7;1;A01
201000024701;0;7;0;0;0;9;1;A01
201000024702;0;7;0;0;2;3;19;B01
201000024702;0;7;0;0;2;2;19;A01
201000024703;0;7;0;0;2;3;15;B01
201000024703;0;31;0;0;2;7;2;A01
201000024704;0;7;0;0;2;3;14;A01
201000024704;1;7;0;0;0;0;17;Z01
201000024705;0;33;0;0;2;1;15;B01
201000024705;0;7;0;0;2;8;15;A01
201000024706;0;7;0;0;2;3;9;A01
201000024706;0;33;0;0;2;2;1;B01
201000024707;0;7;0;0;0;9;1;A01
201000024708;0;7;0;0;2;1;2;A01
201000024708;0;7;0;0;2;4;23;B01
201000024709;0;7;0;0;2;6;2;B01
201000024709;0;30;0;0;2;1;2;A01
201000024710;0;7;0;0;2;3;15;B01
201000024710;0;33;0;0;2;1;17;A01
201000024711;0;7;0;0;0;3;15;B01
201000024711;0;30;0;0;2;8;1;A01
201000024712;0;10;0;0;1;7;1;A01
201000024713;0;7;0;0;2;1;15;A01
201000024713;0;7;0;0;2;1;1;B01
201000024714;0;2;0;0;1;2;1;A01
201000024715;0;1;0;7;2;4;1;B01
201000024715;0;15;0;0;2;2;1;A01
201000024716;0;2;0;0;2;6;1;B01
201000024716;1;10;0;0;2;5;17;Z01
201000024717;0;33;0;8;0;2;1;A01
201000024718;0;7;0;0;0;4;1;B01
201000024718;0;2;0;0;2;1;1;A01
201000024719;0;7;0;0;2;8;15;B01
201000024719;0;2;0;0;2;1;17;A01
201000024720;0;15;0;0;2;6;19;A01
201000024720;0;7;0;0;2;8;1;B01
201000024721;0;2;0;0;2;2;1;A01
201000024721;0;7;0;0;2;3;15;B01
201000024722;0;7;0;0;2;1;1;B01
201000024722;0;7;0;0;2;2;13;A01
201000024723;0;2;0;0;2;8;1;A01
201000024723;0;7;0;0;2;3;15;B01
201000024724;1;7;0;0;1;1;0;A01
201000024725;0;7;0;0;2;4;2;B01
201000024725;0;2;0;0;2;1;2;A01
201000024726;0;7;0;0;2;7;10;A01
201000024726;0;15;0;0;2;3;1;B01
201000024727;0;7;0;2;0;1;1;A01
201000024728;0;7;0;0;2;1;2;A01
201000024728;0;7;0;0;0;4;2;B01
201000024729;0;7;0;0;1;4;20;A01
201000024730;0;7;0;0;2;1;1;A01
201000024730;0;7;0;0;2;4;23;B01
201000024731;0;7;0;0;2;3;13;A01
201000024731;0;7;0;0;2;3;1;B01
201000024732;0;7;0;0;2;3;16;B01
201000024732;0;7;0;0;2;2;1;A01
201000024733;0;7;0;3;2;3;1;A01
201000024733;0;7;0;0;2;6;2;B01
201000024734;0;7;0;0;2;8;1;B01
201000024734;0;7;0;0;2;1;1;A01
201000024735;0;7;0;0;0;8;1;B01
201000024735;0;7;0;0;2;1;1;C01
201000024735;0;34;0;0;2;1;13;A01
201000024736;0;30;0;0;2;1;17;A01
201000024736;0;7;0;0;2;3;15;B01
201000024737;0;33;0;0;2;3;1;A01
201000024737;0;7;0;0;2;1;1;B01
201000024738;0;2;0;3;0;1;16;A01
201000024739;0;2;0;0;2;1;23;B01
201000024739;0;10;0;0;2;2;4;A01
201000024740;0;10;0;0;2;2;20;A01
201000024740;0;1;0;0;2;1;1;B01
201000024741;0;7;0;0;2;8;15;B01
201000024741;0;7;0;0;2;1;1;A01
201000024742;0;32;0;0;0;3;1;A01
201000024743;0;33;0;0;2;1;2;B01
201000024743;0;7;0;0;0;6;17;A01
201000024744;0;7;0;0;0;4;15;B01
201000024744;0;33;0;0;2;1;1;A01
201000024745;0;7;0;0;2;3;1;B01
201000024745;0;7;0;0;2;2;19;A01
201000024746;0;7;0;0;2;3;13;A01
201000024746;0;7;0;0;2;3;1;B01
201000024747;0;32;0;11;0;8;1;A01
201000024748;0;7;0;0;9;7;2;A01
201000024748;0;1;0;0;2;8;2;B01
201000024749;0;33;0;0;0;0;10;A01
201000024750;0;7;0;0;0;0;24;C01
201000024750;0;7;0;0;2;2;13;A01
201000024750;0;34;0;0;2;1;17;B01
201000024751;0;7;0;0;2;2;1;A01
201000024751;0;33;0;0;2;3;15;B01
201000024752;0;7;0;0;2;1;16;A01
201000024752;0;7;0;0;2;8;1;B01
201000024753;0;31;0;0;0;8;23;A01
201000024754;0;2;0;0;2;1;17;B01
201000024754;0;7;0;0;2;3;10;A01
201000024755;0;33;0;12;2;8;17;A01
201000024755;0;15;0;0;0;6;1;B01
201000024756;0;33;0;0;2;1;1;B01
201000024756;0;7;0;0;2;8;10;A01
201000024757;0;7;0;0;2;1;1;A01
201000024757;0;7;0;0;2;4;1;B01
201000024758;0;33;0;0;2;2;17;A01
201000024758;0;7;0;0;2;8;15;B01
201000024759;0;7;0;0;2;1;1;A01
201000024759;0;7;0;0;0;4;1;B01
201000024760;0;2;0;0;2;1;17;A01
201000024760;0;7;0;0;0;3;15;B01
201000024761;0;7;0;0;0;9;1;A01
201000024762;2;7;0;8;0;5;1;A01
201000024763;0;7;0;0;0;9;1;A01
201000024764;0;7;0;0;2;4;1;C01
201000024764;0;7;0;0;2;1;1;A01
201000024764;0;7;0;0;2;4;1;B01
201000024765;0;37;97;0;2;1;2;A01
201000024765;0;7;0;0;2;4;2;B01
201000024766;0;7;0;0;1;2;1;B01
201000024767;0;7;0;0;2;2;15;A01
201000024767;0;7;0;0;2;1;19;B01
201000024768;0;1;0;0;2;4;12;B01
201000024768;0;7;0;0;9;1;1;A01
201000024769;0;7;0;0;2;5;15;A01
201000024769;0;2;0;0;0;1;1;B01
201000024770;0;7;0;0;1;1;1;A01
201000024771;0;7;0;0;2;3;1;B01
201000024771;0;7;0;0;2;3;15;A01
201000024772;0;7;0;2;0;2;1;A01
201000024773;0;33;0;0;2;1;1;B01
201000024773;0;7;0;0;2;6;9;A01
201000024774;0;7;0;0;1;1;1;A01
201000024775;0;10;0;0;2;1;2;A01
201000024775;0;7;0;0;0;4;2;B01
201000024775;0;13;0;0;2;4;2;C01
201000024776;0;7;0;3;0;9;0;A01
201000024777;0;10;0;0;2;2;1;B01
201000024777;0;7;0;0;2;3;10;A01
201000024778;0;32;0;0;2;1;17;A01
201000024778;0;10;0;0;2;3;1;C01
201000024778;0;7;0;0;0;1;23;B01
201000024779;0;33;0;0;2;1;1;B01
201000024779;0;10;0;0;2;4;12;A01
201000024780;0;7;0;0;1;3;1;A01
201000024781;0;30;0;0;1;1;1;A01
201000024782;0;7;0;0;0;3;1;B01
201000024782;0;7;0;0;0;3;9;A01
201000024783;0;7;0;15;0;1;1;A01
201000024784;1;10;0;0;1;0;0;A01
201000024785;0;7;0;0;2;4;1;A01
201000024785;0;33;0;0;2;1;1;B01
201000024786;0;3;0;0;1;1;1;A01
201000024787;0;7;0;0;2;1;1;A01
201000024787;0;2;0;0;2;1;15;B01
201000024788;0;1;0;0;2;8;11;A01
201000024788;0;7;0;0;9;1;11;B01
201000024789;0;7;0;0;2;6;1;B01
201000024789;0;30;0;0;2;1;1;A01
201000024790;0;7;0;0;1;2;15;A01
201000024791;0;7;0;0;1;1;1;A01
201000024792;0;7;0;0;2;3;1;B01
201000024792;2;10;0;0;2;3;1;A01
201000024793;0;7;0;0;2;1;2;A01
201000024793;0;7;0;0;0;4;2;B01
201000024794;0;7;0;7;0;9;1;A01
201000024795;2;7;0;0;1;2;1;A01
201000024796;0;7;0;0;0;6;23;B01
201000024796;0;7;0;0;2;2;2;A01
201000024797;0;7;0;0;0;9;1;A01
201000024798;0;7;0;0;2;1;1;A01
201000024798;0;7;0;0;2;4;1;B01
201000024799;0;33;0;0;2;1;2;A01
201000024799;0;7;0;0;0;6;2;B01
201000024800;0;30;0;0;2;1;1;A01
201000024800;1;7;0;0;0;1;2;Z01
201000024801;0;2;0;1;0;4;1;B01
201000024801;0;7;0;1;0;4;1;C01
201000024801;1;7;0;0;2;1;1;A01
201000024802;0;7;0;0;1;3;1;A01
201000024803;0;7;0;6;1;1;1;A01
201000024804;0;7;0;0;1;1;1;A01
201000024805;0;7;0;8;0;1;1;A01
201000024806;0;7;0;0;0;0;1;B01
201000024806;0;7;0;0;0;0;9;A01
201000024807;0;7;0;0;2;3;1;B01
201000024807;0;99;0;0;2;3;13;A01
201000024808;0;2;0;0;2;8;1;B01
201000024808;0;7;0;0;2;1;15;A01
201000024809;0;7;0;0;2;1;9;A01
201000024809;0;7;0;0;2;7;1;B01
201000024810;0;7;0;0;0;5;10;A01
201000024810;0;7;0;0;2;1;1;B01
201000024811;0;7;0;2;0;1;1;A01
201000024812;0;7;0;0;2;1;2;A01
201000024812;0;7;0;13;2;4;2;B01
201000024813;0;1;0;0;2;1;1;A01
201000024813;0;7;0;0;2;6;1;B01
201000024814;0;7;0;0;2;2;1;A01
201000024814;0;7;0;0;2;1;19;B02
201000024815;0;7;0;2;0;1;1;A01
201000024816;0;7;0;0;2;3;1;B02
201000024816;0;32;0;0;2;1;1;A01
201000024817;0;33;0;0;2;1;1;B02
201000024817;0;7;0;0;2;1;13;A01
201000024818;0;7;0;0;2;3;19;A01
201000024818;0;31;0;0;2;2;1;B02
201000024819;0;2;0;0;2;8;19;B02
201000024819;0;10;0;0;2;1;1;A01
201000024820;0;10;0;2;0;0;1;A01
201000024821;0;7;0;0;0;0;1;A01
201000024822;0;31;0;0;0;0;2;A01
201000024823;0;7;0;2;0;1;1;A01
201000024824;0;14;0;0;2;2;1;A01
201000024824;0;21;0;0;0;6;1;B02
201000024825;0;10;0;0;9;3;16;A01
201000024825;0;1;0;0;2;1;1;B02
201000024826;0;33;0;0;2;1;10;A01
201000024826;0;7;0;0;2;1;1;C03
201000024826;0;14;0;0;2;1;1;B02
201000024827;0;2;0;0;2;1;17;A01
201000024828;0;33;0;0;0;7;2;A01
201000024829;0;7;0;0;2;6;1;B02
201000024829;0;7;0;0;2;5;17;A01
201000024830;0;7;0;0;2;6;9;A01
201000024830;0;7;0;0;2;2;1;B02
201000024831;0;33;0;0;0;8;17;A01
201000024832;0;10;0;4;0;1;6;A01
201000024833;0;7;0;4;2;1;1;A01