num_acc;senc;catv;occutc;obs;obsm;choc;manv;num_veh
201000024833;0;7;0;0;2;6;1;B02
201000024834;0;14;0;0;2;1;1;B02
201000024834;0;7;0;4;0;3;1;A01
201000024834;0;7;0;0;2;0;1;C03
201000024835;0;7;0;3;0;1;1;A01
201000024836;0;7;0;0;2;2;17;A01
201000024836;0;17;0;0;0;6;1;B02
201000024837;0;33;0;0;2;1;1;A01
201000024837;0;7;0;0;2;5;1;B02
201000024838;0;17;0;0;2;8;1;C03
201000024838;0;7;0;0;2;3;5;A01
201000024838;0;7;0;0;2;3;17;B02
201000024839;0;7;0;0;2;8;1;C03
201000024839;0;7;0;0;2;1;1;B02
201000024839;0;7;0;3;0;1;0;A01
201000024840;0;10;0;0;0;6;1;B02
201000024840;0;7;0;0;0;2;17;A01
201000024841;0;7;0;0;2;6;11;A01
201000024841;0;7;0;0;2;2;0;B02
201000024842;0;17;0;0;2;4;2;B02
201000024842;0;7;0;0;2;1;2;A01
201000024843;0;7;0;1;0;2;14;A01
201000024843;0;7;0;0;0;6;24;B02
201000024844;0;7;0;3;0;3;1;A01
201000024845;0;7;0;3;0;3;17;A01
201000024846;0;33;0;3;0;5;1;A01
201000024847;0;7;0;0;6;9;21;A01
201000024848;0;7;0;13;0;2;1;A01
201000024849;0;7;0;3;0;1;1;A01
201000024850;0;14;0;3;0;1;1;A01
201000024850;0;10;0;14;2;1;1;C03
201000024850;0;7;0;14;2;1;1;B02
201000024851;0;7;0;0;2;1;2;A01
201000024851;0;7;0;3;2;4;9;B02
201000024852;0;10;0;6;0;1;1;A01
201000024853;0;7;0;4;0;8;17;A01
201000024854;0;7;0;4;0;3;14;A01
201000024855;0;7;0;0;2;1;1;B02
201000024855;0;7;0;3;2;3;17;A01
201000024856;0;7;0;4;0;3;13;A01
201000024857;0;15;0;4;2;1;1;A01
201000024857;0;7;0;0;9;1;1;C03
201000024857;0;7;0;0;2;1;17;B02
201000024858;0;7;0;1;1;3;2;A01
201000024858;0;7;0;3;0;5;23;B02
201000024859;0;7;0;0;0;0;17;B02
201000024859;0;33;0;3;0;1;21;A01
201000024860;0;7;0;0;0;9;1;A01
201000024861;0;7;0;3;2;1;1;A01
201000024861;0;7;0;0;0;3;1;B02
201000024862;0;7;0;13;0;2;17;A01
201000024863;0;7;0;3;0;2;1;A01
201000024864;0;7;0;0;2;3;5;A01
201000024864;0;7;0;0;2;3;1;B02
201000024864;0;7;0;0;2;3;1;C03
201000024865;0;7;0;3;0;2;1;A01
201000024866;0;17;0;1;0;5;1;H08
201000024866;0;7;0;13;0;2;1;B02
201000024866;0;7;0;3;0;2;1;D04
201000024866;0;7;0;13;0;1;1;A01
201000024866;0;7;0;13;0;5;1;C03
201000024866;0;17;0;13;0;1;1;G07
201000024866;0;7;0;0;2;6;1;E05
201000024866;0;7;0;1;0;1;1;I09
201000024866;0;17;0;1;0;2;1;F06
201000024867;0;7;0;13;0;9;1;A01
201000024868;0;14;0;3;0;6;2;A01
201000024869;0;7;0;13;0;6;1;A01
201000024869;0;7;0;0;2;2;17;B01
201000024870;0;7;0;0;2;6;0;A01
201000024870;0;7;0;0;2;1;2;B02
201000024870;0;7;0;3;2;7;2;C03
201000024871;0;7;0;0;0;1;1;A01
201000024872;0;7;0;3;0;3;1;C01
201000024872;0;7;0;0;2;1;1;A01
201000024872;0;7;0;0;0;1;1;B01
201000024873;0;17;0;13;0;2;1;A01
201000024874;0;7;0;4;0;1;2;A01
201000024875;0;7;0;3;0;3;1;A01
201000024875;0;7;0;0;2;1;2;B02
201000024876;0;15;0;0;2;5;24;B02
201000024876;0;10;0;4;0;2;2;A01
201000024877;0;7;0;3;0;1;1;A01
201000024878;0;33;0;0;9;2;13;A01
201000024878;0;7;0;0;1;1;1;B02
201000024879;0;33;0;4;0;1;1;A01
201000024880;0;33;0;0;9;8;1;A01
201000024881;0;7;0;3;2;2;17;A01
201000024881;0;7;0;3;2;6;13;B02
201000024882;0;7;0;0;2;1;2;B02
201000024882;0;7;0;0;0;4;1;A01
201000024883;0;10;0;0;0;3;14;A01
201000024884;0;17;0;0;0;0;2;A01
201000024884;0;7;0;0;2;1;2;C03
201000024885;0;7;0;3;2;1;21;C03
201000024885;0;7;0;3;0;3;21;A01
201000024885;0;7;0;3;2;2;21;B02
201000024886;0;7;0;0;2;4;1;A01
201000024886;0;7;0;0;2;1;1;B02
201000024887;0;7;0;4;0;3;13;A01
201000024888;0;10;0;4;0;3;1;A01
201000024889;0;7;0;6;0;1;1;A01
201000024890;0;7;0;13;0;2;14;A01
201000024891;0;7;0;0;2;3;1;C03
201000024891;0;33;0;0;2;1;5;A01
201000024891;0;7;0;0;2;2;1;B02
201000024892;0;10;0;0;2;4;2;C03
201000024892;0;10;0;0;2;4;2;E05
201000024892;0;10;0;0;2;4;2;G07
201000024892;0;10;0;0;2;4;2;D04
201000024892;0;10;0;0;2;4;2;F06
201000024892;0;14;0;0;2;1;2;A01
201000024893;0;7;0;4;0;3;17;A01
201000024894;0;7;0;11;0;1;16;A01
201000024895;0;7;0;3;0;3;17;A01
201000024896;0;7;0;0;2;4;2;A01
201000024896;0;7;0;0;2;1;2;D04
201000024896;0;7;0;0;2;4;2;B02
201000024896;0;15;0;0;2;1;2;C03
201000024897;0;7;0;13;0;2;14;A01
201000024898;0;7;0;13;0;1;2;A01
201000024899;0;7;0;0;2;2;14;A01
201000024899;0;7;0;0;2;1;1;C03
201000024899;0;7;0;0;2;3;1;B02
201000024900;0;7;0;0;1;7;0;A01
201000024901;0;7;0;4;0;3;13;A01
201000024902;0;7;0;0;0;0;0;A01
201000024902;0;7;0;0;0;1;1;B02
201000024903;2;7;0;0;2;2;21;A01
201000024903;0;99;0;0;0;6;1;B02
201000024904;0;7;0;0;0;8;2;A01
201000024905;0;7;0;13;0;2;2;A01
201000024906;0;7;0;0;0;4;23;A01
201000024906;0;7;0;0;0;1;2;B02
201000024907;0;10;0;6;0;1;21;A01
201000024908;0;15;0;7;0;3;0;A01
201000024909;0;7;0;3;2;4;1;B02
201000024909;0;7;0;14;0;3;21;C03
201000024909;0;10;0;0;2;1;1;A01
201000024910;0;7;0;0;0;7;21;B02
201000024910;0;10;0;0;2;7;21;D04
201000024910;0;7;0;0;2;1;21;E05
201000024910;0;7;0;0;2;7;21;F06
201000024910;0;7;0;0;2;1;21;A01
201000024910;0;7;0;0;2;1;21;C03
201000024911;0;10;0;13;0;1;2;A01
201000024912;0;7;0;0;2;1;2;A01
201000024912;0;7;0;0;2;4;2;B02
201000024913;0;33;0;0;2;1;1;B02
201000024913;0;3;0;0;0;4;1;A01
201000024914;0;7;0;0;2;1;1;B02
201000024914;0;7;0;0;2;1;5;A01
201000024915;0;7;0;13;0;2;1;A01
201000024916;0;10;0;13;0;1;1;A01
201000024917;0;7;0;0;2;6;9;A01
201000024917;0;7;0;0;2;1;1;B02
201000024918;0;14;0;0;2;6;9;A01
201000024918;0;7;0;0;2;2;14;B02
201000024919;0;30;0;3;0;3;13;A01
201000024920;0;7;0;1;0;1;2;A01
201000024920;0;10;0;0;0;4;23;B02
201000024921;0;7;0;3;0;8;17;A01
201000024922;0;10;0;13;0;3;13;A01
201000024923;0;7;0;0;2;1;2;D04
201000024923;0;7;0;0;0;0;9;A01
201000024923;0;7;0;0;2;4;2;C03
201000024923;0;10;0;0;9;4;2;B02
201000024924;0;7;0;1;0;8;23;B02
201000024924;0;7;0;1;1;2;2;C03
201000024924;0;7;0;1;0;8;23;A01
201000024925;0;7;0;0;2;3;2;A01
201000024925;0;7;0;0;0;4;2;B01
201000024926;0;7;0;0;2;1;0;C03
201000024926;0;10;0;0;2;1;0;B02
201000024926;0;17;0;3;0;1;13;A01
201000024927;0;17;0;3;0;3;6;A01
201000024927;0;7;0;0;9;1;1;B02
201000024928;0;7;0;13;0;3;17;A01
201000024929;0;7;0;13;0;1;1;A01
201000024930;0;7;0;3;0;1;1;A01
201000024931;0;7;0;13;0;1;14;A01
201000024932;0;7;0;13;0;2;14;A01
201000024933;0;7;0;13;0;1;17;A01
201000024934;0;7;0;0;0;5;1;B01
201000024934;0;7;0;7;2;6;21;A01
201000024935;0;7;0;0;1;3;1;A01
201000024935;0;17;0;0;1;1;1;B01
201000024935;0;10;0;0;1;1;1;C01
201000024936;0;14;0;0;0;0;2;B01
201000024936;0;14;0;13;0;1;13;A01
201000024937;0;7;0;0;0;4;2;A01
201000024937;0;17;0;0;2;3;2;B01
201000024938;0;7;0;1;1;3;13;A01
201000024938;0;7;0;0;0;5;23;B01
201000024939;0;7;0;3;0;1;13;A01
201000024940;0;7;0;13;0;2;14;A01
201000024941;0;7;0;0;2;6;2;C01
201000024941;0;15;0;0;2;2;2;A01
201000024941;0;7;0;0;2;6;2;D01
201000024941;0;7;0;0;0;2;2;E01
201000024942;0;33;0;0;0;9;1;A01
201000024943;0;21;0;0;0;4;2;A01
201000024943;0;10;0;0;0;1;2;B01
201000024944;0;7;0;0;0;1;14;A01
201000024945;0;7;0;0;1;1;1;A01
201000024946;0;7;0;1;0;6;1;A01
201000024947;0;10;0;0;2;1;1;A01
201000024947;0;7;0;0;0;3;15;B01
201000024948;0;1;0;0;2;1;1;B01
201000024948;0;7;0;0;2;2;15;A01
201000024949;0;7;0;0;2;1;15;A01
201000024949;0;7;0;0;2;3;1;B01
201000024950;0;7;0;0;2;3;13;A01
201000024950;0;7;0;0;2;3;1;B01
201000024951;0;7;0;0;2;1;1;B01
201000024951;0;7;0;0;2;2;19;A01
201000024952;0;7;0;0;2;1;2;A01
201000024952;0;7;0;0;0;4;2;B01
201000024953;0;2;0;0;1;1;2;A01
201000024954;0;7;0;0;0;6;1;A01
201000024954;0;33;0;0;2;1;1;B01
201000024955;0;7;0;13;0;1;1;A01
201000024956;0;2;0;0;9;1;17;A01
201000024956;0;1;0;0;0;8;15;B01
201000024957;0;2;0;0;0;2;1;A01
201000024958;0;31;0;0;0;0;0;B01
201000024958;0;7;0;0;0;0;0;A01
201000024959;0;7;0;0;2;1;2;A01
201000024959;0;7;0;0;0;4;23;B01
201000024960;0;7;0;0;2;1;1;B01
201000024960;0;7;0;0;2;3;16;A01
201000024961;0;7;0;0;1;1;2;A01
201000024962;0;7;0;1;0;3;1;A01
201000024963;0;2;0;1;0;1;1;A01
201000024964;0;7;0;0;2;3;1;B01
201000024964;0;30;0;0;2;1;1;A01
201000024965;0;7;0;0;2;1;17;A01
201000024965;0;7;0;0;2;1;16;B01
201000024966;0;7;0;8;0;1;1;A01
201000024967;0;7;0;0;9;1;2;A01
201000024967;0;2;0;0;2;4;21;B01
201000024968;0;7;0;0;1;1;1;A01
201000024969;0;30;0;0;0;0;1;A01
201000024970;0;10;0;0;2;1;1;A01
201000024970;0;7;0;0;2;1;16;B01
201000024971;0;7;0;6;0;1;1;A01
201000024972;0;2;0;0;2;8;1;B01
201000024972;0;10;0;0;2;1;1;A01
201000024973;1;7;0;0;1;0;1;Z01
201000024974;0;7;0;0;9;3;20;A01
201000024975;0;33;0;1;0;1;1;A01
201000024976;0;33;0;1;0;1;13;A01
201000024977;0;7;0;0;9;8;15;A01
201000024977;0;2;0;0;2;1;17;B01
201000024978;0;30;0;0;2;1;1;B01
201000024978;0;7;0;0;2;1;1;A01
201000024979;0;7;0;0;2;1;15;A01
201000024979;0;7;0;0;2;1;1;B01
201000024980;0;30;0;0;2;1;1;A01
201000024980;0;7;0;0;2;3;1;B01
201000024981;0;30;0;0;0;2;1;A01
201000024982;0;30;0;0;0;1;1;A01
201000024983;0;7;0;0;1;1;1;A01
201000024984;0;2;0;0;2;1;1;A01
201000024984;0;7;0;0;2;5;15;B01
201000024985;0;33;0;0;2;8;18;A01
201000024985;0;7;0;0;2;1;16;B01
201000024986;0;7;0;0;0;4;1;B01
201000024986;0;30;0;0;2;1;2;A01
201000024987;0;7;0;3;2;3;13;A01
201000024987;0;15;0;0;2;4;1;B01
201000024988;0;2;0;6;0;1;1;A01
201000024989;0;7;0;0;2;3;1;B01
201000024989;0;30;0;0;2;1;19;A01
201000024990;0;31;0;0;0;8;1;A01
201000024991;0;7;0;0;2;1;1;A01
201000024991;0;7;0;0;2;4;1;B01
201000024992;0;30;0;0;0;1;2;A01
201000024992;0;7;0;0;2;4;15;B01
201000024993;0;2;0;0;0;7;1;A01
201000024994;0;20;0;0;2;3;1;B01
201000024994;0;3;0;0;2;2;1;A01
201000024995;0;7;0;0;1;0;15;A01
201000024996;0;7;0;0;2;2;9;A01
201000024996;0;2;0;0;2;3;1;B01
201000024997;0;13;0;0;2;3;11;A01
201000024997;0;32;0;0;2;1;1;B01
201000024998;0;7;0;0;1;1;1;A01
201000024999;0;7;0;0;2;3;15;A01
201000024999;0;1;0;0;2;1;1;B01
201000025000;0;2;0;0;0;2;1;A01
201000025001;0;10;0;0;1;4;4;A01
201000025002;0;7;0;9;0;3;1;A01
201000025003;0;7;0;0;1;3;1;A01
201000025004;0;7;0;0;0;6;2;B01
201000025004;0;2;0;0;2;6;2;A01
201000025005;0;7;0;0;1;1;15;A01
201000025006;0;7;0;0;2;3;10;B01
201000025006;0;30;0;0;2;2;1;A01
201000025007;0;7;0;0;2;1;2;A01
201000025007;0;2;0;0;0;0;9;B01
201000025008;0;7;0;0;2;1;1;A01
201000025008;0;7;0;0;2;1;16;B01
201000025009;0;2;0;0;0;7;1;A01
201000025010;0;10;0;0;2;1;15;A01
201000025010;0;2;0;0;2;8;1;B01
201000025011;0;7;0;8;0;8;1;A01
201000025012;0;2;0;0;0;3;1;A01
201000025013;0;7;0;0;2;7;15;B02
201000025013;0;7;0;0;2;1;1;A01
201000025014;0;34;0;0;0;7;1;A01
201000025015;0;33;0;0;0;0;1;A01
201000025016;0;7;0;0;1;1;1;A01
201000025017;0;7;0;0;9;2;1;A01
201000025017;0;1;0;0;2;8;11;B02
201000025018;0;30;0;0;0;0;1;A01
201000025019;0;7;0;0;2;8;1;B02
201000025019;0;33;0;0;2;8;1;A01
201000025020;0;7;0;0;2;3;16;A01
201000025020;0;31;0;0;2;1;1;B02
201000025021;0;33;0;0;0;1;1;A01
201000025022;0;7;0;0;2;1;1;A01
201000025022;0;7;0;0;2;1;1;B02
201000025023;0;7;0;0;2;1;2;A01
201000025023;0;7;0;0;2;4;2;B02
201000025024;0;31;0;0;2;1;1;B02
201000025024;0;7;0;0;2;2;15;A01
201000025025;0;33;0;0;2;1;1;A01
201000025025;0;7;0;0;9;2;1;C03
201000025025;0;7;0;0;0;6;1;B02
201000025026;0;7;0;0;2;3;13;A01
201000025026;0;7;0;0;2;6;1;B02
201000025027;0;7;0;0;2;2;19;A01
201000025027;0;7;0;0;2;1;1;B02
201000025028;0;7;0;0;2;1;19;A01
201000025028;0;30;0;0;0;8;1;B02
201000025029;0;7;0;0;2;3;15;A01
201000025029;0;33;0;0;2;7;1;B02
201000025030;0;7;0;0;0;3;1;A01
201000025030;0;7;0;0;2;7;1;B02
201000025031;0;31;0;0;2;3;17;B02
201000025031;0;30;0;0;2;6;10;A01
201000025032;0;2;0;0;2;1;1;B02
201000025032;0;7;0;0;2;2;19;A01
201000025033;0;30;0;0;2;1;13;A01
201000025033;0;7;0;0;2;3;1;B02
201000025034;0;7;0;0;0;3;23;A01
201000025034;0;2;0;14;0;1;1;B02
201000025035;0;7;0;0;2;1;1;B02
201000025035;1;17;0;0;2;0;15;A01
201000025036;0;99;0;0;0;0;16;A01
201000025037;0;33;0;16;0;9;1;A01
201000025038;0;30;0;0;0;1;1;A01
201000025039;0;15;0;0;9;5;17;A01
201000025039;0;1;0;0;2;7;1;B02
201000025040;0;7;0;0;2;7;15;A01
201000025040;0;33;0;0;2;1;1;B02
201000025041;0;7;0;2;0;1;1;A01
201000025042;0;7;0;0;0;8;19;A01
201000025042;0;10;0;0;2;1;1;B02
201000025043;0;1;0;0;2;0;2;B02
201000025043;0;7;0;0;9;7;16;A01
201000025044;0;7;0;0;1;1;1;A01
201000025045;0;30;0;0;2;1;1;A01
201000025045;0;7;0;0;2;8;15;B02
201000025046;0;33;0;0;2;1;2;A01
201000025046;0;7;0;0;2;2;16;B02
201000025047;0;7;0;0;2;2;2;A01
201000025047;0;32;0;0;2;4;2;B02
201000025048;0;7;0;0;0;5;23;B02
201000025048;0;36;0;0;2;1;1;A01
201000025049;0;31;0;0;2;7;1;A01
201000025049;0;7;0;0;2;2;9;B02
201000025050;0;2;0;0;0;0;1;B02
201000025050;0;13;0;0;0;0;0;A01
201000025051;0;7;0;0;2;3;1;B02
201000025051;0;31;0;0;2;1;17;A01
201000025051;0;7;0;0;2;8;1;C03
201000025052;0;7;0;0;2;1;5;C03
201000025052;0;32;0;0;2;1;1;A01
201000025052;0;7;0;0;2;6;1;B02
201000025053;0;7;0;0;0;2;15;A01
201000025053;0;1;0;0;2;9;1;B02
201000025054;0;7;0;0;2;3;1;B02
201000025054;0;7;0;0;2;1;1;A01
201000025055;0;7;0;0;2;2;15;A01
201000025055;0;33;0;0;2;1;1;B02
201000025056;0;7;0;6;0;9;1;A01
201000025057;0;33;0;0;2;1;1;B02
201000025057;0;7;0;0;2;2;19;A01
201000025058;0;7;0;0;2;3;13;A01
201000025058;0;7;0;0;2;3;1;B02
201000025059;0;2;0;0;2;1;1;B02
201000025059;0;7;0;0;2;1;15;A01
201000025060;0;7;0;0;0;1;13;A01
201000025060;0;7;0;0;2;1;1;B02
201000025061;0;7;0;0;2;3;1;B02
201000025061;0;14;0;0;2;1;6;A01
201000025062;0;7;0;0;2;2;2;A01
201000025062;0;20;0;0;0;8;1;B02
201000025063;0;7;0;0;1;1;1;A01
201000025064;0;1;0;0;2;4;1;B01
201000025064;0;7;0;0;2;1;9;A01
201000025065;0;7;0;0;2;1;20;A01
201000025065;0;30;0;1;2;9;1;B01
201000025066;0;30;0;0;0;8;1;A01
201000025067;0;7;0;4;0;1;1;A01
201000025068;0;2;0;0;0;0;1;A01
201000025069;0;1;0;0;2;1;1;A01
201000025069;0;7;0;0;2;8;1;B01
201000025070;0;2;0;0;0;1;1;B01
201000025070;0;7;0;0;2;1;9;A01
201000025071;0;7;0;1;0;1;1;A01
201000025072;0;7;0;11;0;9;1;A01
201000025073;0;7;0;0;2;1;2;A01
201000025073;0;2;0;0;0;4;1;B01
201000025074;0;7;0;0;2;1;2;A01
201000025074;0;7;0;0;2;4;23;B01
201000025075;0;7;0;8;0;1;1;A01
201000025076;0;2;0;0;2;7;1;B01
201000025076;0;7;0;0;2;3;9;A01
201000025077;0;1;0;0;2;1;1;B01
201000025077;0;7;0;0;2;5;9;A01
201000025078;2;10;0;0;2;1;15;A01
201000025078;0;7;0;0;2;3;1;B01
201000025079;0;7;0;0;1;3;15;A01
201000025080;0;2;0;0;2;1;17;A01
201000025080;0;7;0;0;2;8;15;B01
201000025081;1;10;0;0;2;7;15;Z01
201000025081;0;7;0;0;2;1;1;B01
201000025082;0;2;0;0;0;0;1;A01
201000025083;0;7;0;0;2;8;9;A01
201000025083;0;7;0;0;0;1;1;B01
201000025084;0;7;0;0;2;1;1;B01
201000025084;0;7;0;0;2;2;15;A01
201000025085;0;2;0;0;2;1;1;A01
201000025085;0;7;0;0;2;1;15;B01
201000025086;0;2;0;0;2;1;1;B01
201000025086;0;7;0;0;2;3;11;A01
201000025087;0;2;0;0;2;1;1;B01
201000025087;0;7;0;0;2;3;9;A01
201000025088;0;7;0;0;2;1;15;A01
201000025088;0;2;0;0;2;1;1;B01
201000025089;0;7;0;0;1;1;1;A01
201000025090;0;15;0;0;2;3;1;A01
201000025090;0;7;0;0;2;6;15;B01
201000025091;0;7;0;0;2;3;2;A01
201000025091;0;7;0;0;2;5;1;B01
201000025092;0;2;0;0;1;0;1;A01
201000025093;0;2;0;0;2;1;0;A01
201000025093;0;7;0;0;2;3;0;B01
201000025094;0;7;0;0;1;1;1;A01
201000025095;0;7;0;8;0;9;1;A01
201000025096;0;7;0;1;0;1;1;A01
201000025097;0;7;0;0;2;1;1;B01
201000025097;0;7;0;0;2;6;9;A01
201000025098;0;7;0;8;0;2;1;A01
201000025099;0;7;0;0;2;3;2;B01
201000025099;0;7;0;0;2;3;1;A01
201000025099;0;31;0;0;2;2;2;C01
201000025100;0;7;0;13;0;9;1;A01
201000025101;0;7;0;0;1;1;1;A01
201000025102;0;7;0;0;2;1;15;B01
201000025102;0;7;0;0;2;1;1;A01
201000025103;0;7;0;0;1;1;14;A01
201000025104;0;7;0;0;2;4;2;B01
201000025104;0;7;0;0;2;1;1;A01
201000025105;0;7;0;0;2;6;15;B01
201000025105;0;2;0;0;2;1;17;A01
201000025106;0;10;0;0;2;1;1;A01
201000025106;0;7;0;0;2;6;1;B01
201000025107;0;7;0;6;0;1;1;A01
201000025108;0;7;0;0;2;4;2;B01
201000025108;0;7;0;0;2;1;1;A01
201000025108;0;7;0;0;2;4;2;C01
201000025109;0;2;0;1;0;0;1;A01
201000025110;0;7;0;0;2;8;9;A01
201000025110;0;2;0;0;2;1;1;B01
201000025111;0;7;0;6;0;7;1;A01
201000025112;0;7;0;2;0;1;5;A01
201000025113;0;7;0;0;2;8;5;A01
201000025113;0;7;0;0;2;1;1;B01
201000025114;0;2;0;0;2;0;17;A01
201000025114;0;7;0;0;2;8;11;B01
201000025115;0;1;0;0;2;1;1;A01
201000025115;1;7;0;0;2;7;16;Z01
201000025116;0;7;0;0;2;5;4;A01
201000025116;0;1;0;0;2;7;1;B01
201000025117;0;7;0;0;2;0;0;A01
201000025118;0;7;0;0;2;3;1;B01
201000025118;0;10;0;0;2;1;9;A01
201000025119;0;7;0;0;2;8;11;A01
201000025119;0;2;0;0;2;7;1;B01
201000025120;0;7;0;0;2;1;9;A01
201000025120;0;7;0;0;2;7;1;B01
201000025121;0;7;0;0;2;4;23;B01
201000025121;0;1;0;0;2;1;2;A01
201000025122;0;33;0;6;2;9;17;B01
201000025122;0;7;0;0;2;8;15;A01
201000025123;0;7;0;0;2;1;2;A01
201000025123;0;10;0;0;2;4;23;B01
201000025124;0;7;0;0;2;1;9;A01
201000025124;0;7;0;0;2;1;1;B01
201000025125;0;7;0;0;1;3;1;A01
201000025126;0;7;0;0;2;3;1;B01
201000025126;0;2;0;0;2;1;9;A01
201000025127;0;31;0;0;2;1;1;B01
201000025127;0;7;0;0;2;2;15;A01
201000025128;0;7;0;0;2;7;15;A01
201000025128;0;2;0;0;2;1;1;B01
201000025129;0;7;0;0;0;2;1;A01
201000025129;0;2;0;0;0;0;1;B01
201000025130;0;7;0;0;2;4;0;E01
201000025130;0;7;0;0;2;4;0;C01
201000025130;0;7;0;0;2;4;0;D01
201000025130;0;7;0;0;2;0;0;A01
201000025130;0;7;0;0;2;4;0;B01
201000025131;0;7;0;0;2;7;1;B01
201000025131;0;10;0;0;2;3;15;A01
201000025132;0;7;0;0;2;2;9;A01
201000025132;0;2;0;0;2;1;17;B01
201000025133;0;7;0;0;2;4;2;C01
201000025133;0;7;0;0;2;4;2;B01
201000025133;0;7;0;0;2;1;1;A01
201000025133;0;7;0;0;2;4;2;D01
201000025134;0;10;0;0;2;1;9;A01
201000025134;0;7;0;0;2;8;15;B01
201000025135;0;7;0;6;2;1;1;B01
201000025135;0;7;0;0;2;1;13;A01
201000025136;0;7;0;0;2;1;1;A01
201000025136;0;7;0;0;2;4;2;B01
201000025136;0;7;0;0;2;4;2;C01
201000025137;0;7;0;0;2;3;1;B01
201000025137;0;7;0;0;2;2;15;A01
201000025138;0;7;0;0;2;2;1;B01
201000025138;0;10;0;0;2;3;9;A01
201000025139;0;7;0;0;2;1;1;B01
201000025139;0;7;0;0;2;7;1;A01
201000025140;0;7;0;0;2;7;16;B01
201000025140;0;30;0;0;2;7;1;A01
201000025141;0;7;0;0;2;8;15;B01
201000025141;0;33;0;0;2;1;17;A01
201000025142;0;7;0;0;1;1;1;A01
201000025143;0;7;0;0;2;8;1;B01
201000025143;0;7;0;0;2;1;1;A01
201000025144;0;7;0;0;2;4;2;C01
201000025144;0;7;0;0;2;4;2;B01
201000025144;0;7;0;0;2;1;1;A01
201000025145;0;33;0;0;2;1;2;A01
201000025145;0;7;0;0;2;4;23;B01
201000025146;0;7;0;0;2;3;10;B01
201000025146;0;7;0;0;2;1;15;A01
201000025147;0;7;0;0;2;1;1;B01
201000025147;0;7;0;0;2;1;9;A01
201000025148;0;7;0;0;2;2;1;A01
201000025148;0;7;0;0;2;1;1;B01
201000025149;0;7;0;11;0;1;1;A01
201000025150;0;7;0;4;0;9;1;A01
201000025151;0;7;0;0;2;1;17;A01
201000025151;0;30;0;0;2;8;15;B01
201000025152;0;33;0;0;1;4;15;B01
201000025152;0;33;0;0;2;1;1;A01
201000025153;0;33;0;11;0;1;1;A01
201000025154;0;7;0;0;2;0;0;A01
201000025154;0;7;0;0;2;0;0;B01
201000025155;0;7;0;0;1;0;1;A01
201000025156;0;7;0;0;1;4;4;A01
201000025157;0;33;0;0;2;1;1;B01
201000025157;0;7;0;0;2;1;15;A01
201000025158;0;7;0;0;2;4;2;B01
201000025158;0;7;0;0;2;1;1;A01
201000025159;0;7;0;0;1;1;1;A01
201000025160;0;7;0;0;2;7;17;A01
201000025160;0;1;0;0;2;1;1;B01
201000025161;0;7;0;0;2;1;13;A01
201000025161;0;7;0;0;2;1;1;B01
201000025162;0;33;0;0;2;1;1;A01
201000025162;0;7;0;0;2;4;15;B01
201000025163;0;7;0;0;2;4;2;B01
201000025163;0;14;0;0;2;2;0;A01
201000025164;0;7;0;0;2;1;1;B01
201000025164;0;7;0;0;2;8;10;A01
201000025165;0;7;0;0;2;7;1;A01
201000025165;0;30;0;0;2;1;1;B01
201000025166;0;30;0;0;2;1;17;A01
201000025166;0;7;0;0;2;8;1;B01
201000025167;0;7;0;0;2;1;1;A01
201000025167;0;7;0;0;2;4;1;B01
201000025168;0;14;0;0;2;4;2;A01
201000025168;0;7;0;0;2;1;2;B01
201000025169;0;7;0;0;2;4;2;A01
201000025169;0;30;0;0;2;1;2;B01
201000025170;0;30;0;1;0;1;2;A01
201000025171;0;7;0;0;2;8;9;A01
201000025171;0;7;0;0;2;1;1;B01
201000025172;0;30;0;0;2;1;17;B01
201000025172;0;7;0;0;2;3;9;A01
201000025173;0;7;0;0;2;1;1;A01
201000025173;0;7;0;0;2;4;2;C01
201000025173;0;7;0;0;2;4;2;B01
201000025174;0;7;0;0;2;2;1;B01
201000025174;0;2;0;0;2;1;1;A01
201000025175;0;2;0;0;2;7;1;B01
201000025175;0;7;0;0;2;1;13;A01
201000025176;0;7;0;0;2;1;1;B01
201000025176;0;7;0;0;2;1;0;A01
201000025177;0;7;0;0;2;4;2;B01
201000025177;0;7;0;0;2;1;2;A01
201000025178;0;2;0;0;2;2;2;A01
201000025178;0;2;0;0;2;0;2;B01
201000025179;0;7;0;0;2;7;1;B01
201000025179;0;2;0;0;2;8;9;A01
201000025180;0;7;0;0;2;1;1;A01
201000025180;0;7;0;0;2;2;1;B01
201000025181;0;10;0;0;1;1;1;A01
201000025182;0;7;0;0;2;8;1;B01
201000025182;0;2;0;0;2;8;1;A01
201000025183;0;7;0;0;2;1;1;B01
201000025183;0;2;0;0;2;1;5;A01
201000025184;0;2;0;0;2;1;2;A01
201000025184;0;7;0;0;2;5;2;B01
201000025185;0;1;0;0;2;0;1;B01
201000025185;0;7;0;0;2;2;12;A01
201000025186;0;2;0;0;2;1;1;B01
201000025186;0;7;0;0;2;3;9;A01
201000025187;0;7;0;0;2;1;1;B01
201000025187;0;7;0;6;2;3;1;A01
201000025188;0;10;0;0;2;1;5;A01
201000025188;0;10;0;1;2;1;1;B01
201000025189;0;7;0;0;2;2;15;A01
201000025189;0;2;0;0;2;1;1;B01
201000025190;0;7;0;0;1;4;4;A01
201000025191;0;7;0;1;0;1;14;A01
201000025192;0;7;0;0;2;4;1;B01
201000025192;0;7;0;0;2;1;1;A01