num_acc;senc;catv;occutc;obs;obsm;choc;manv;num_veh
201000025193;0;30;0;0;2;1;9;B01
201000025193;0;7;0;0;2;7;1;A01
201000025194;0;10;0;0;1;1;1;A01
201000025195;0;33;0;0;1;1;18;A01
201000025196;0;7;0;0;1;7;1;A01
201000025197;0;7;0;0;2;2;9;A01
201000025197;0;7;0;0;2;8;1;B01
201000025198;0;7;0;0;2;3;13;A01
201000025198;0;7;0;0;2;8;1;B01
201000025199;0;7;0;0;2;3;1;B01
201000025199;1;7;0;0;2;0;0;Z01
201000025200;0;2;0;0;2;0;9;A01
201000025200;0;7;0;0;2;6;1;B01
201000025201;0;7;0;0;2;1;9;A01
201000025201;0;30;0;0;2;1;1;B01
201000025202;0;7;0;0;1;1;1;A01
201000025203;0;7;0;0;1;1;1;A01
201000025204;0;7;0;0;2;1;1;A01
201000025204;0;7;0;0;2;4;2;B01
201000025205;0;1;0;0;2;1;9;B01
201000025205;0;7;0;0;2;7;1;A01
201000025206;0;7;0;0;1;1;1;A01
201000025207;0;7;0;0;2;1;2;A01
201000025207;0;7;0;0;1;4;2;B01
201000025208;0;7;0;0;2;4;1;B01
201000025208;0;10;0;0;2;1;2;A01
201000025208;0;7;0;0;2;4;1;C01
201000025209;0;2;0;0;2;4;1;B01
201000025209;0;7;0;0;2;3;9;A01
201000025210;0;2;0;0;1;1;1;A01
201000025211;0;7;0;0;1;1;1;A01
201000025212;0;2;0;0;2;1;17;B01
201000025212;0;7;0;0;2;2;9;A01
201000025213;0;7;0;0;2;1;1;B01
201000025213;0;10;0;0;2;8;15;A01
201000025214;0;7;0;0;1;2;1;A01
201000025214;0;99;0;0;0;0;0;E05
201000025214;0;7;0;0;1;1;1;C03
201000025214;0;3;0;0;1;1;1;D04
201000025214;0;7;0;0;1;1;1;B02
201000025215;0;7;0;0;2;7;15;B02
201000025215;0;2;0;0;2;1;1;A01
201000025216;0;7;0;0;2;4;2;A01
201000025216;0;30;0;0;2;4;2;B02
201000025217;0;7;0;12;1;2;20;A01
201000025218;0;7;0;13;0;0;1;A01
201000025219;0;33;0;0;2;1;1;B02
201000025219;0;7;0;0;2;7;1;A01
201000025220;0;37;0;0;0;7;1;A01
201000025221;0;7;0;0;2;5;4;A01
201000025221;0;30;0;0;2;2;1;B02
201000025222;0;7;0;6;0;1;2;A01
201000025223;0;33;0;2;0;0;1;A01
201000025224;0;38;1;0;2;3;1;B02
201000025224;0;7;0;0;2;1;1;A01
201000025225;0;7;0;0;1;2;16;A01
201000025226;0;7;0;0;2;3;1;B01
201000025226;0;7;0;0;2;6;19;A01
201000025227;0;7;0;2;0;2;0;A01
201000025228;0;7;0;0;2;3;13;A01
201000025228;0;7;0;0;2;3;1;B01
201000025229;0;33;0;0;0;7;1;A01
201000025230;0;30;0;12;0;1;2;A01
201000025231;0;7;0;0;1;8;1;A01
201000025232;0;7;0;0;2;1;1;B01
201000025232;0;7;0;0;2;2;13;A01
201000025233;0;99;0;0;2;1;5;A01
201000025233;0;7;0;0;2;1;21;B01
201000025234;0;7;0;0;9;3;1;B01
201000025234;0;1;0;0;2;4;0;A01
201000025235;0;7;0;0;2;4;2;B01
201000025235;0;10;0;0;2;1;2;A01
201000025236;0;7;0;0;0;4;15;C01
201000025236;0;7;0;0;0;4;23;B01
201000025236;0;7;0;14;0;1;1;A01
201000025237;0;33;0;0;2;8;1;B01
201000025237;0;7;0;0;2;2;1;A01
201000025238;0;17;0;0;0;8;16;A01
201000025239;0;7;0;0;1;2;16;A01
201000025240;0;7;0;0;1;1;16;A01
201000025241;0;7;0;0;2;8;1;B01
201000025241;0;7;0;0;2;2;13;A01
201000025242;0;7;0;0;2;2;2;B01
201000025242;0;7;0;0;2;3;11;A01
201000025243;0;7;0;0;2;3;0;A01
201000025243;0;7;0;0;2;5;1;B01
201000025244;0;33;0;0;1;7;1;A01
201000025245;0;33;0;0;2;1;1;B02
201000025245;0;30;0;0;2;8;0;A01
201000025246;0;7;0;0;0;8;9;B02
201000025246;0;1;0;0;2;1;1;A01
201000025247;0;7;0;0;2;1;15;B02
201000025247;0;2;0;0;2;8;1;A01
201000025248;0;7;0;0;1;1;1;A01
201000025249;0;7;0;0;2;8;23;B02
201000025249;0;7;0;1;0;1;1;A01
201000025250;0;7;0;2;6;5;21;A01
201000025251;0;10;0;0;0;1;5;A01
201000025252;0;15;0;1;0;1;6;A01
201000025253;0;1;0;0;2;1;9;A01
201000025253;0;7;0;0;2;1;2;B01
201000025254;0;7;0;0;2;1;1;A01
201000025254;0;7;0;0;2;1;1;B01
201000025255;0;7;0;0;2;1;15;A01
201000025255;0;2;0;0;2;1;21;B01
201000025256;0;33;0;0;2;1;1;B01
201000025256;0;7;0;0;2;3;19;A01
201000025257;0;30;0;0;0;9;1;A01
201000025258;0;10;0;0;2;1;1;A01
201000025258;0;7;0;0;2;8;15;B01
201000025259;0;7;0;0;1;3;15;A01
201000025260;0;7;0;0;1;2;1;A01
201000025261;0;2;0;0;2;1;2;A01
201000025261;0;7;0;0;2;4;2;B01
201000025262;0;7;0;0;0;1;14;A01
201000025263;0;37;10;0;1;2;17;A01
201000025264;0;7;0;0;2;3;9;A01
201000025264;0;7;0;0;2;7;1;B01
201000025265;0;7;0;0;1;2;9;A01
201000025266;0;1;0;0;2;7;1;A01
201000025266;0;7;0;0;2;1;16;B01
201000025267;0;30;0;0;2;7;1;B01
201000025267;0;7;0;0;2;5;4;A01
201000025268;0;7;0;0;2;5;1;A01
201000025268;0;33;0;0;2;1;1;B01
201000025269;0;36;0;0;2;1;2;A01
201000025269;0;7;0;0;0;4;23;B01
201000025270;0;7;0;0;2;1;16;B01
201000025270;0;1;0;0;2;1;5;A01
201000025271;0;7;0;0;2;4;16;B01
201000025271;0;1;0;0;2;1;1;A01
201000025272;0;7;0;0;1;3;1;A01
201000025273;0;7;0;3;0;1;17;A01
201000025274;0;7;0;0;2;3;19;B01
201000025274;0;7;0;0;2;2;1;A01
201000025275;2;7;0;6;0;2;1;A01
201000025276;0;7;0;10;0;3;13;A01
201000025277;0;7;0;0;1;1;1;A01
201000025278;0;7;0;0;2;4;23;C01
201000025278;0;7;0;1;0;1;2;A01
201000025278;0;7;0;1;0;4;23;B01
201000025279;0;7;0;1;2;3;0;A01
201000025279;0;7;0;0;2;2;1;B01
201000025280;0;2;0;0;2;1;1;B01
201000025280;0;7;0;0;2;1;15;A01
201000025281;0;2;0;0;2;1;1;B01
201000025281;0;7;0;0;2;3;15;A01
201000025282;0;7;0;0;1;2;15;A01
201000025283;0;1;0;0;2;1;1;B01
201000025283;0;10;0;0;2;3;22;A01
201000025284;0;7;0;0;2;5;16;B01
201000025284;0;1;0;0;2;3;1;A01
201000025285;0;7;0;6;0;2;14;A01
201000025286;0;10;0;0;2;6;0;B01
201000025286;0;10;0;1;0;2;14;A01
201000025287;0;1;0;0;2;3;1;B01
201000025287;0;7;0;0;2;1;15;A01
201000025288;0;33;0;0;1;1;1;A01
201000025289;0;2;0;0;2;1;1;A01
201000025289;0;7;0;0;2;3;1;B01
201000025290;0;7;0;6;2;2;15;A01
201000025290;0;7;0;0;2;1;1;B01
201000025291;0;7;0;0;2;2;15;A01
201000025291;0;7;0;0;2;1;1;B01
201000025292;0;7;0;0;1;0;1;A01
201000025293;0;7;0;13;0;0;13;A01
201000025294;0;10;0;7;0;2;0;A01
201000025295;0;10;0;0;2;8;1;A01
201000025295;0;7;0;0;2;1;1;B01
201000025296;0;2;0;0;2;1;1;B01
201000025296;0;7;0;0;2;7;15;A01
201000025297;0;7;0;0;2;2;15;A01
201000025297;0;2;0;0;2;1;1;B01
201000025298;0;7;0;1;2;3;1;B01
201000025298;0;7;0;1;2;1;1;A01
201000025299;0;7;0;0;1;3;1;A01
201000025300;0;7;0;0;1;1;1;A01
201000025301;0;7;0;3;2;6;1;B01
201000025301;0;7;0;3;2;3;17;A01
201000025302;0;38;3;0;1;3;15;A01
201000025303;0;7;0;0;1;3;15;A01
201000025304;0;7;0;0;2;4;23;B01
201000025304;0;7;0;0;2;1;2;A01
201000025305;0;10;0;0;2;1;1;B01
201000025305;0;7;0;0;2;8;1;A01
201000025306;0;7;0;0;1;1;1;A01
201000025307;0;7;0;0;2;1;1;B01
201000025307;0;7;0;3;2;3;1;A01
201000025308;0;7;0;0;1;2;1;A01
201000025309;0;2;0;0;2;1;1;B01
201000025309;0;7;0;0;2;3;15;A01
201000025310;0;7;0;0;2;1;15;Z01
201000025310;0;2;0;0;2;7;1;B01
201000025311;0;7;0;7;0;9;1;A01
201000025312;0;7;0;0;2;2;1;B01
201000025312;0;7;0;0;2;3;1;A01
201000025313;0;7;0;0;2;2;15;A01
201000025313;0;7;0;0;2;8;1;B01
201000025314;0;7;0;0;1;1;15;C01
201000025314;0;7;0;0;2;2;15;B01
201000025314;0;7;0;0;2;1;1;A01
201000025315;0;7;0;0;2;1;2;A01
201000025315;0;7;0;0;2;4;2;B01
201000025316;0;7;0;0;2;8;1;B01
201000025316;0;7;0;3;2;1;1;A01
201000025317;0;7;0;0;1;2;15;A01
201000025318;0;7;0;0;2;3;1;B01
201000025318;0;7;0;0;2;1;1;A01
201000025319;0;7;0;0;2;8;15;B01
201000025319;0;31;0;0;2;1;1;A01
201000025320;0;7;0;0;2;4;2;A01
201000025320;0;1;0;0;2;1;1;B01
201000025321;0;33;0;0;2;1;2;A01
201000025321;0;7;0;0;2;4;23;B01
201000025322;0;31;0;0;2;1;1;B01
201000025322;0;7;0;0;2;3;20;A01
201000025323;0;7;0;0;2;1;1;B01
201000025323;0;10;0;0;2;3;1;A01
201000025324;0;7;0;3;0;1;14;A01
201000025325;0;7;0;0;1;2;1;A01
201000025326;0;7;0;0;2;6;1;A01
201000025326;0;2;0;0;2;1;1;B01
201000025327;0;7;0;0;2;7;15;A01
201000025327;0;33;0;0;2;1;1;B01
201000025328;0;10;0;0;2;2;1;A01
201000025328;0;7;0;0;2;3;1;B01
201000025329;0;10;0;0;2;1;2;A01
201000025329;0;7;0;0;2;4;23;B01
201000025330;0;33;0;0;2;1;1;A01
201000025330;0;7;0;0;2;5;1;B01
201000025331;0;7;0;0;2;2;15;A01
201000025331;0;7;0;0;2;1;1;B01
201000025332;0;7;0;0;2;1;2;A01
201000025332;0;7;0;0;2;4;23;B01
201000025333;0;7;0;0;2;1;2;A01
201000025333;0;34;0;0;2;4;23;B01
201000025334;0;7;0;0;2;2;15;A01
201000025334;0;7;0;0;2;1;1;B01
201000025335;0;30;0;0;2;1;1;B01
201000025335;0;7;0;0;2;3;13;A01
201000025336;0;7;0;0;2;4;2;B01
201000025336;0;2;0;0;2;1;2;A01
201000025337;0;14;0;0;1;7;1;A01
201000025338;0;7;0;0;1;2;1;A01
201000025339;0;7;0;0;2;3;1;B01
201000025339;0;7;0;0;2;5;1;A01
201000025340;0;7;0;0;1;2;21;A01
201000025341;0;1;0;0;2;1;2;A01
201000025341;0;10;0;0;2;4;23;B01
201000025342;0;7;0;0;2;5;1;A01
201000025342;0;31;0;0;2;3;1;B01
201000025343;0;7;0;0;1;3;15;A01
201000025344;0;7;0;0;2;1;15;A01
201000025344;0;7;0;0;2;1;1;B01
201000025345;0;7;0;0;1;2;17;A01
201000025346;0;33;0;0;2;1;1;B01
201000025346;0;7;0;0;2;3;15;A01
201000025347;0;7;0;0;1;2;1;A01
201000025348;0;7;0;0;1;1;1;A01
201000025349;0;7;0;4;0;2;14;A01
201000025350;0;99;0;0;2;4;23;D01
201000025350;0;7;0;0;2;1;2;A01
201000025350;0;7;0;0;2;4;23;B01
201000025350;0;7;0;0;2;4;23;C01
201000025351;0;7;0;0;2;1;15;A01
201000025351;0;2;0;0;2;1;1;B01
201000025352;0;33;0;0;2;2;17;A01
201000025352;0;7;0;0;2;3;15;B01
201000025353;0;7;0;0;2;1;2;A01
201000025353;0;7;0;0;2;4;23;C01
201000025353;0;7;0;0;2;4;23;B01
201000025354;0;7;0;0;1;3;1;A01
201000025355;0;10;0;0;2;1;1;B01
201000025355;0;10;0;0;2;1;1;A01
201000025356;0;7;0;0;2;6;23;B01
201000025356;0;7;0;0;2;5;23;C01
201000025356;0;7;0;0;2;4;23;D01
201000025356;0;7;0;1;2;1;1;A01
201000025357;0;7;0;0;2;8;1;A01
201000025357;0;7;0;0;2;1;1;B01
201000025358;0;33;0;0;2;1;1;B01
201000025358;0;7;0;0;2;7;1;A01
201000025359;0;7;0;0;2;3;9;A01
201000025359;0;31;0;0;2;1;1;B01
201000025360;0;1;0;0;1;1;1;A01
201000025361;0;33;0;1;0;2;21;A01
201000025361;0;7;0;0;2;3;20;C01
201000025362;0;7;0;0;2;4;23;B01
201000025362;0;7;0;0;2;4;23;C01
201000025362;0;7;0;0;2;1;2;A01
201000025363;0;1;0;0;2;3;23;B01
201000025363;0;10;0;0;2;3;15;A01
201000025364;0;3;0;0;1;0;1;A01
201000025365;0;7;0;0;2;2;12;A01
201000025365;0;7;0;0;2;6;1;B01
201000025366;0;7;0;0;2;3;1;B01
201000025366;0;7;0;0;2;2;10;A01
201000025367;0;10;0;0;2;1;2;A01
201000025367;0;7;0;0;2;4;23;B01
201000025368;0;7;0;0;2;8;10;A01
201000025368;0;2;0;0;2;1;17;B01
201000025369;0;1;0;0;1;1;1;A01
201000025370;0;7;0;0;2;1;15;B01
201000025370;0;7;0;0;2;1;1;A01
201000025371;0;1;0;0;2;3;1;A01
201000025371;0;2;0;0;2;2;16;B01
201000025372;0;7;0;0;2;2;1;B01
201000025372;0;1;0;0;2;1;16;A01
201000025373;0;1;0;0;2;2;0;A01
201000025373;0;7;0;0;2;2;1;B01
201000025374;0;99;0;0;2;3;1;A01
201000025374;0;7;0;0;2;2;1;B01
201000025375;0;7;0;0;1;2;1;A01
201000025376;0;15;0;0;2;3;16;A01
201000025376;0;1;0;0;2;2;1;B01
201000025377;0;1;0;0;2;3;18;A01
201000025377;0;7;0;0;2;5;16;B01
201000025378;0;7;0;0;1;2;1;A01
201000025379;0;33;0;0;2;1;17;B01
201000025379;0;7;0;0;2;3;15;A01
201000025380;0;7;0;0;1;1;15;A01
201000025381;0;2;0;0;2;1;15;A01
201000025381;0;7;0;0;2;3;1;B01
201000025382;0;7;0;0;2;4;23;B01
201000025382;0;10;0;0;2;1;2;A01
201000025383;0;7;0;0;2;3;11;B01
201000025383;0;30;0;0;2;2;17;A01
201000025384;0;7;0;0;1;1;1;A01
201000025385;0;10;0;0;1;2;16;A01
201000025386;0;7;0;0;1;1;1;A01
201000025387;0;33;0;0;2;2;17;A01
201000025387;0;7;0;0;2;8;15;B01
201000025388;0;7;0;0;1;2;1;A01
201000025389;0;33;0;0;2;1;1;B01
201000025389;0;7;0;0;2;6;1;A01
201000025390;0;7;0;0;2;1;15;A01
201000025390;0;33;0;0;2;1;1;B01
201000025391;0;7;0;0;2;7;16;A01
201000025391;0;7;0;0;2;3;16;B01
201000025392;1;7;0;0;2;1;12;Z01
201000025392;0;7;0;0;2;4;23;B01
201000025393;0;7;0;0;2;1;1;B01
201000025393;0;7;0;0;2;1;15;A01
201000025394;0;7;0;0;2;3;20;A01
201000025394;0;30;0;0;2;0;21;B01
201000025395;0;7;0;1;0;3;21;A01
201000025395;0;7;0;0;0;0;1;B01
201000025396;0;7;0;0;2;2;15;A01
201000025396;0;33;0;0;2;7;16;B01
201000025397;0;2;0;0;2;1;1;A01
201000025397;0;7;0;0;2;5;23;B01
201000025398;0;7;0;0;2;1;23;C01
201000025398;0;7;0;0;2;7;15;A01
201000025398;0;7;0;0;2;1;1;B01
201000025399;0;7;0;0;2;3;1;A01
201000025399;0;7;0;0;2;3;16;B01
201000025400;0;7;0;0;1;1;1;A01
201000025401;0;7;0;0;2;4;23;B01
201000025401;0;7;0;0;2;1;2;A01
201000025402;0;7;0;8;2;2;1;B01
201000025402;0;7;0;1;2;8;0;A01
201000025403;0;10;0;0;2;1;2;A01
201000025403;0;7;0;0;1;4;23;B01
201000025404;0;7;0;0;2;2;15;A01
201000025404;0;33;0;0;2;1;1;B01
201000025405;0;37;10;0;1;2;1;A01
201000025406;0;2;0;0;2;7;1;A01
201000025406;0;7;0;0;2;3;11;B01
201000025407;0;2;0;0;2;1;1;B01
201000025407;0;7;0;0;2;7;1;A01
201000025408;0;2;0;0;2;1;1;B01
201000025408;0;10;0;0;2;3;13;A01
201000025409;0;7;0;0;1;3;1;A01
201000025410;0;7;0;0;2;2;1;A01
201000025410;0;7;0;0;2;8;1;B01
201000025411;0;7;0;0;1;1;1;A01
201000025412;0;7;0;0;0;0;15;B01
201000025412;0;33;0;0;2;8;1;A01
201000025413;0;7;0;0;2;3;1;A01
201000025413;0;33;0;0;2;1;1;B01
201000025414;0;7;0;0;9;1;15;A01
201000025414;0;1;0;0;2;4;1;B01
201000025415;0;7;0;0;2;1;2;A01
201000025415;0;7;0;0;2;4;23;B01
201000025416;0;37;1;0;1;2;1;A01
201000025417;0;7;0;0;2;1;23;B01
201000025417;0;7;0;0;2;1;23;C01
201000025417;0;7;0;0;2;1;15;A01
201000025418;0;33;0;1;1;1;1;A01
201000025419;0;7;0;0;2;3;1;B01
201000025419;0;32;0;0;2;1;17;A01
201000025420;0;1;0;0;2;1;19;B01
201000025420;0;7;0;0;2;3;1;A01
201000025421;0;7;0;0;2;8;15;A01
201000025421;0;30;0;0;2;1;1;B01
201000025422;0;7;0;0;2;2;16;A01
201000025422;0;7;0;7;2;3;1;B01
201000025423;0;7;0;0;2;2;1;A01
201000025423;0;2;0;0;2;1;1;B01
201000025424;0;7;0;0;2;2;15;A01
201000025424;0;32;0;0;2;1;1;B01
201000025425;0;7;0;0;2;5;2;C01
201000025425;0;7;0;0;2;4;2;B01
201000025425;0;7;0;0;2;1;2;A01
201000025426;0;2;0;0;2;1;1;A01
201000025426;0;7;0;0;2;5;1;B01
201000025427;0;7;0;0;2;1;1;A01
201000025427;0;7;0;0;2;2;15;B01
201000025428;0;7;0;0;1;1;1;A01
201000025429;0;2;0;0;2;4;23;B01
201000025429;0;2;0;0;2;1;2;A01
201000025430;0;7;0;0;2;2;1;A01
201000025430;0;33;0;0;2;1;1;B01
201000025431;0;7;0;0;2;1;15;A01
201000025431;0;33;0;0;2;7;1;B01
201000025432;0;2;0;0;2;1;1;A01
201000025432;0;7;0;0;2;3;1;B01
201000025433;0;7;0;0;1;2;1;A01
201000025434;0;7;0;0;1;3;1;A01
201000025435;0;31;0;0;2;1;17;A01
201000025435;0;7;0;0;2;1;15;B01
201000025436;0;7;0;0;1;1;17;A01
201000025437;0;7;0;0;2;5;15;A01
201000025437;0;7;0;0;2;1;1;B01
201000025438;0;7;0;0;1;1;1;A01
201000025439;0;7;0;0;1;1;15;A01
201000025440;0;1;0;0;2;1;19;B01
201000025440;0;7;0;0;2;3;1;A01
201000025441;0;7;0;8;2;7;1;A01
201000025441;0;7;0;0;2;1;1;B01
201000025442;0;7;0;0;2;6;1;B01
201000025442;0;7;0;0;2;2;11;A01
201000025443;0;2;0;0;1;1;1;A01
201000025444;0;7;0;0;2;2;1;A01
201000025444;0;7;0;0;2;1;1;B01
201000025445;0;7;0;0;2;4;23;C01
201000025445;0;10;0;0;2;1;2;A01
201000025445;0;7;0;0;2;4;23;B01
201000025446;0;2;0;0;2;1;17;A01
201000025446;0;7;0;0;2;4;23;B01
201000025447;0;10;0;0;2;4;2;C01
201000025447;0;7;0;0;2;2;1;A01
201000025447;0;7;0;0;2;4;11;B01
201000025447;0;10;0;0;2;4;1;D01
201000025448;0;7;0;0;2;6;15;B01
201000025448;0;7;0;0;2;1;17;Z01
201000025449;0;7;0;0;2;4;23;B01
201000025449;0;7;0;0;2;1;2;A01
201000025450;0;7;0;0;2;4;23;B01
201000025450;0;7;0;0;2;1;2;A01
201000025451;0;7;0;0;2;1;1;B01
201000025451;0;7;0;0;2;1;1;A01
201000025452;0;31;0;0;2;1;2;A01
201000025452;0;7;0;0;2;6;15;B01
201000025453;0;2;0;0;2;2;1;B01
201000025453;0;10;0;0;2;1;1;A01
201000025454;0;31;0;0;2;1;1;A01
201000025454;0;7;0;0;2;2;1;B01
201000025455;0;33;0;0;2;1;1;B01
201000025455;0;7;0;0;2;5;1;A01
201000025456;0;33;0;0;2;1;1;B01
201000025456;0;10;0;0;2;7;15;A01
201000025457;0;33;0;0;2;1;17;A01
201000025457;0;7;0;0;2;2;15;B01
201000025458;0;33;0;0;2;3;1;B01
201000025458;0;7;0;0;2;1;15;A01
201000025459;0;33;0;0;2;1;7;A01
201000025459;0;7;0;0;2;2;16;B01
201000025460;0;7;0;0;2;2;1;A01
201000025460;0;7;0;3;2;1;1;B01
201000025461;0;33;0;0;2;5;21;B01
201000025461;0;7;0;0;2;2;15;A01
201000025462;0;7;0;0;1;2;1;A01
201000025463;0;7;0;0;2;4;20;B01
201000025463;0;7;0;0;2;1;2;A01
201000025464;0;1;0;0;2;3;1;B01
201000025464;0;7;0;0;2;5;16;A01
201000025465;0;7;0;0;2;5;1;A01
201000025465;0;2;0;0;2;1;16;B01
201000025466;0;30;0;0;2;3;1;B01
201000025466;1;30;0;0;2;3;17;Z01
201000025467;0;33;0;0;1;2;17;A01
201000025468;0;7;0;0;2;1;1;A01
201000025468;0;7;0;0;2;4;1;B01
201000025469;0;2;0;0;2;1;2;A01
201000025469;0;7;0;0;2;4;1;B01
201000025470;0;2;0;0;2;1;2;A01
201000025470;0;7;0;0;2;4;1;B01
201000025471;0;2;0;0;2;2;1;A01
201000025471;0;37;12;0;2;2;15;B01
201000025472;0;7;0;0;2;1;2;A01
201000025472;0;7;0;0;2;4;2;B01
201000025473;0;31;0;0;2;7;17;A01
201000025473;0;7;0;0;2;6;10;B01
201000025474;0;15;0;0;1;2;16;A01
201000025475;0;7;0;0;2;1;1;B01
201000025475;0;1;0;0;2;2;1;A01
201000025476;0;7;0;0;2;3;9;A01
201000025476;0;2;0;0;2;1;1;B01
201000025477;0;7;0;0;2;1;2;A01
201000025477;0;15;0;0;2;5;16;B01
201000025478;0;33;0;0;2;7;17;A01
201000025478;0;7;0;0;2;6;15;B01
201000025479;0;7;0;0;2;2;1;B01
201000025479;0;2;0;0;2;8;1;A01
201000025480;0;33;0;0;2;3;15;B01
201000025480;0;7;0;0;2;4;4;A01
201000025481;0;7;0;0;1;2;1;A01
201000025482;0;32;0;0;2;0;1;B01
201000025482;0;7;0;0;2;5;15;A01
201000025483;0;7;0;0;2;3;15;A01
201000025483;0;1;0;0;2;1;1;B01
201000025484;0;31;0;0;2;1;1;B01
201000025484;0;7;0;0;2;3;15;A01
201000025485;0;7;0;0;1;2;1;A01
201000025486;0;1;0;0;2;2;15;B01
201000025486;0;7;0;0;2;1;16;A01
201000025487;2;33;0;0;2;1;17;A01
201000025487;0;10;0;0;2;3;15;B01
201000025488;0;33;0;14;0;1;1;A01
201000025489;0;33;0;0;1;3;1;A01
201000025490;0;7;0;0;1;2;1;A01
201000025491;0;7;0;0;2;1;15;A01
201000025491;0;33;0;0;2;3;1;B01
201000025492;0;7;0;0;1;1;1;A01
201000025493;0;1;0;0;1;2;1;A01
201000025494;0;7;0;0;1;2;17;A01
201000025495;0;10;0;0;2;3;1;B01
201000025495;0;33;0;0;2;2;15;A01
201000025496;0;7;0;0;1;1;15;A01
201000025497;0;7;0;0;1;2;16;A01
201000025498;0;7;0;0;0;2;6;A01
201000025498;0;7;0;0;2;3;1;B01
201000025499;0;7;0;0;2;5;23;D01
201000025499;0;7;0;0;2;2;12;A01
201000025499;0;17;0;3;2;2;13;E01
201000025499;0;7;0;3;2;3;1;B01
201000025500;0;7;0;1;0;1;14;A01
201000025501;0;7;0;0;2;1;1;B01
201000025501;0;7;0;0;2;1;15;A01
201000025502;0;7;0;0;2;5;15;A01
201000025502;0;33;0;0;2;1;1;B01
201000025503;0;7;0;0;1;2;1;A01
201000025504;0;7;0;0;2;1;15;A01
201000025504;0;2;0;0;2;2;1;B01
201000025505;0;7;0;0;1;1;1;A01
201000025506;0;31;0;0;2;1;1;A01
201000025506;0;1;0;0;2;6;0;B01
201000025507;1;2;0;0;1;1;1;Z01
201000025508;0;7;0;0;1;2;15;A01
201000025509;0;7;0;0;1;1;1;A01
201000025510;0;7;0;0;1;1;1;A01
201000025511;0;7;0;0;2;7;15;A01
201000025511;0;7;0;0;2;1;1;B01
201000025512;0;30;0;0;1;1;1;A01
201000025512;0;7;0;0;2;2;15;B01
201000025513;0;7;0;0;2;4;2;B01
201000025513;0;13;0;0;2;1;2;A01
201000025513;0;10;0;0;2;4;2;C01
201000025513;0;13;0;0;2;4;2;D01
201000025514;0;7;0;0;2;3;1;A01
201000025514;0;2;0;0;2;1;1;B01
201000025515;0;7;0;0;1;2;1;A01
201000025516;0;7;0;15;2;8;1;B01
201000025516;0;10;0;0;2;7;14;A01
201000025517;0;7;0;0;1;1;1;A01
201000025518;0;1;0;0;2;1;1;B01
201000025518;0;7;0;0;2;3;15;A01
201000025519;0;7;0;0;1;1;1;A01
201000025520;0;7;0;0;2;1;15;A01
201000025520;0;32;0;0;2;1;1;B01
201000025521;0;7;0;0;2;8;16;A01
201000025521;0;2;0;0;2;1;1;B01
201000025522;0;7;0;0;2;1;1;A01
201000025522;0;1;0;0;2;3;1;B01
201000025523;0;7;0;0;1;4;4;A01
201000025524;0;7;0;0;0;0;15;A01
201000025524;0;7;0;7;0;1;21;B01
201000025525;0;7;0;0;2;5;23;B01
201000025525;0;38;1;0;2;1;1;A01
201000025526;0;1;0;1;0;1;1;B01
201000025526;0;7;0;0;9;7;20;A01
201000025527;0;7;0;0;2;3;16;A01
201000025527;0;1;0;0;2;1;1;B01
201000025528;0;7;0;0;1;2;1;A01
201000025529;0;7;0;0;2;2;1;B01
201000025529;0;30;0;0;2;1;15;A01
201000025530;0;7;0;0;2;2;1;B01
201000025530;0;7;0;0;2;1;1;A01
201000025531;0;7;0;0;2;4;23;B01
201000025531;0;7;0;0;2;1;2;A01
201000025532;0;7;0;1;2;8;1;B01
201000025532;0;7;0;0;2;1;15;A01
201000025533;0;7;0;0;1;4;20;A01
201000025534;0;7;0;0;2;6;23;B01
201000025534;0;33;0;0;2;1;2;A01
201000025535;0;2;0;0;2;1;1;B01
201000025535;0;7;0;0;2;2;15;A01
201000025536;0;10;0;0;2;2;1;B01
201000025536;0;7;0;0;2;3;1;C01
201000025536;0;7;0;0;2;1;1;A01
201000025537;0;7;0;0;1;1;1;A01
201000025538;0;7;0;6;1;1;14;A01
201000025539;0;7;0;0;1;2;1;A01
201000025540;0;32;0;0;1;3;1;A01
201000025541;0;7;0;0;1;1;1;A01
201000025542;0;7;0;0;1;3;1;A01
201000025543;0;7;0;0;1;1;1;A01
201000025544;1;7;0;0;1;0;0;Z01
201000025545;0;7;0;0;1;5;1;A01
201000025546;0;7;0;0;2;3;15;B01
201000025546;0;33;0;1;2;1;1;A01
201000025547;0;7;0;2;0;1;14;A01
201000025548;0;7;0;0;0;4;13;A01
201000025548;0;1;0;0;0;1;1;B02
201000025549;0;31;0;0;2;1;1;B02
201000025549;0;7;0;0;0;3;19;A01
201000025550;0;33;0;13;0;1;1;A01
201000025551;0;1;0;0;2;1;5;A01
201000025551;0;10;0;0;9;3;1;B02
201000025552;0;7;0;0;2;1;15;A01
201000025552;0;1;0;0;2;3;1;B02
201000025553;0;33;0;4;0;1;14;A01
201000025554;0;7;0;0;2;2;1;B02
201000025554;0;33;0;0;2;2;13;A01
201000025555;0;7;0;0;2;2;2;A01
201000025555;0;7;0;9;2;6;23;B01
201000025556;0;7;0;0;1;2;1;A01
201000025557;0;7;0;0;1;1;15;A01
201000025558;0;2;0;0;2;1;1;A01
201000025558;0;7;0;0;2;2;1;B01
201000025559;0;7;0;0;2;4;2;A01
201000025559;0;1;0;0;2;1;2;B01