num_acc;senc;catv;occutc;obs;obsm;choc;manv;num_veh
201000025560;0;2;0;0;2;1;2;B01
201000025560;0;7;0;0;2;7;20;A01
201000025561;0;33;0;12;0;2;1;A01
201000025562;0;7;0;0;2;1;1;B01
201000025562;0;7;0;0;2;3;1;A01
201000025563;0;7;0;0;1;2;1;A01
201000025564;0;7;0;0;1;2;1;A01
201000025565;0;7;0;0;2;6;15;B01
201000025565;0;30;0;0;2;2;2;A01
201000025566;0;7;0;0;1;1;1;A01
201000025567;0;7;0;0;2;1;19;A01
201000025567;0;7;0;6;2;3;1;B01
201000025568;0;7;0;12;0;2;1;A01
201000025569;0;20;0;0;1;7;1;A01
201000025570;0;7;0;0;2;1;1;B01
201000025570;0;7;0;0;2;8;9;A01
201000025571;0;7;0;0;2;4;16;B01
201000025571;0;21;0;0;2;2;2;A01
201000025572;0;7;0;0;1;4;4;A01
201000025573;0;7;0;0;2;3;9;A01
201000025573;0;30;0;0;2;8;9;B01
201000025574;0;7;0;0;0;0;9;B01
201000025574;0;33;0;0;0;8;21;A01
201000025575;0;7;0;0;1;3;9;A01
201000025576;0;7;0;0;2;1;1;A01
201000025576;0;7;0;0;2;8;1;B01
201000025577;0;7;0;0;1;1;1;A01
201000025578;0;30;0;0;2;1;1;B01
201000025578;0;7;0;0;2;3;15;A01
201000025579;0;7;0;0;1;3;1;A01
201000025580;0;2;0;16;0;7;0;A01
201000025581;0;7;0;0;0;9;2;A01
201000025582;0;3;0;8;1;1;0;A01
201000025583;0;7;0;0;2;1;21;B01
201000025583;0;7;0;0;2;1;13;A01
201000025584;0;7;0;0;1;1;1;A01
201000025585;0;7;0;0;2;1;2;A01
201000025585;0;30;0;0;2;1;16;B01
201000025586;0;7;0;0;1;1;1;A01
201000025587;0;7;0;0;9;4;23;B01
201000025587;0;2;0;0;2;1;2;A01
201000025588;0;30;0;0;0;0;1;B01
201000025588;0;7;0;0;0;0;9;A01
201000025589;0;30;0;0;2;1;21;B01
201000025589;0;7;0;0;2;2;11;A01
201000025590;0;10;0;0;2;1;2;D01
201000025590;0;10;0;0;2;1;23;B01
201000025590;0;7;0;0;0;4;23;A01
201000025590;0;10;0;0;2;1;23;C01
201000025591;0;7;0;0;2;3;15;A01
201000025591;0;33;0;0;2;8;1;B01
201000025592;0;7;0;3;0;1;0;A01
201000025593;0;7;0;0;2;1;1;A01
201000025593;0;30;0;0;2;1;9;B01
201000025594;0;7;0;0;2;4;15;A01
201000025594;0;32;0;0;2;1;1;B01
201000025595;0;7;0;8;0;1;21;A01
201000025595;0;7;0;0;0;0;15;B01
201000025596;0;7;0;0;2;3;9;A01
201000025596;0;33;0;0;2;1;1;B01
201000025597;0;33;0;0;0;0;2;A01
201000025598;0;7;0;0;0;0;2;A01
201000025598;0;7;0;13;9;9;1;B01
201000025599;0;7;0;0;2;8;13;B01
201000025599;0;7;0;0;2;8;1;A01
201000025600;0;7;0;0;1;2;1;A01
201000025601;0;7;0;0;2;1;2;A01
201000025601;0;7;0;0;2;6;1;B01
201000025602;0;7;0;0;1;2;2;A01
201000025603;0;7;0;0;2;1;2;A01
201000025603;0;7;0;0;2;5;23;B01
201000025604;0;10;0;0;2;5;1;B01
201000025604;0;30;0;0;2;2;2;A01
201000025605;0;7;0;0;2;1;1;B01
201000025605;0;7;0;0;2;8;19;A01
201000025606;0;7;0;13;0;7;14;A01
201000025607;0;30;0;0;2;1;2;A01
201000025607;0;7;0;0;2;4;1;B01
201000025608;0;7;0;0;1;3;1;A01
201000025609;0;7;0;0;2;2;17;A01
201000025609;0;7;0;2;2;6;1;B01
201000025610;0;30;0;0;0;8;1;A01
201000025611;0;7;0;0;2;4;2;B01
201000025611;0;7;0;0;2;1;2;A01
201000025611;0;7;0;0;2;4;1;C01
201000025611;0;7;0;0;2;1;2;D01
201000025612;0;1;0;12;0;2;0;A01
201000025613;0;7;0;0;2;1;2;A01
201000025613;0;37;1;0;2;4;1;B01
201000025614;0;7;0;0;2;4;1;B01
201000025614;0;7;0;0;2;1;2;A01
201000025615;0;7;0;0;1;3;1;A01
201000025616;0;7;0;13;0;9;1;A01
201000025617;0;7;0;0;1;1;15;A01
201000025618;0;7;0;3;0;9;13;A01
201000025619;0;30;0;0;2;1;2;A01
201000025619;0;7;0;0;2;4;1;B01
201000025620;0;7;0;15;0;1;1;A01
201000025621;0;7;0;0;1;1;1;A01
201000025622;0;7;0;13;0;1;14;A01
201000025623;0;1;0;0;0;0;1;A01
201000025624;0;7;0;9;0;1;1;A01
201000025625;0;7;0;6;0;1;14;A01
201000025626;0;10;0;0;1;1;16;A01
201000025627;0;7;0;7;0;9;1;A01
201000025628;0;7;0;0;1;4;23;B01
201000025628;0;7;0;0;2;1;2;A01
201000025629;0;31;0;0;0;0;1;A01
201000025630;0;7;0;13;2;7;13;A01
201000025630;0;7;0;13;2;3;1;B01
201000025631;0;7;0;0;2;1;9;A01
201000025631;0;1;0;0;2;4;1;B01
201000025632;0;2;0;0;0;0;1;A01
201000025633;0;2;0;0;2;1;1;A01
201000025633;0;7;0;0;2;4;23;B01
201000025634;1;7;0;0;0;0;0;Z01
201000025635;0;7;0;0;2;1;15;A01
201000025635;0;7;0;0;2;1;1;B01
201000025636;0;7;0;0;2;3;9;B01
201000025636;0;30;0;0;2;1;6;A01
201000025637;0;7;0;0;2;1;15;A01
201000025637;0;30;0;0;2;1;1;B01
201000025638;0;7;0;0;2;1;13;A01
201000025638;0;7;0;0;2;4;1;B01
201000025639;0;30;0;0;2;1;1;B01
201000025639;0;7;0;0;2;3;15;A01
201000025640;0;30;0;0;2;1;17;A01
201000025640;0;7;0;0;2;3;2;B01
201000025641;0;7;0;0;2;3;1;C01
201000025641;0;7;0;0;2;9;1;B01
201000025641;0;7;0;0;2;1;9;A01
201000025642;0;30;0;0;0;0;1;A01
201000025643;0;17;0;0;0;7;1;A01
201000025644;0;7;0;15;0;9;13;A01
201000025645;0;7;0;0;1;2;1;A01
201000025646;0;2;0;0;2;1;1;B01
201000025646;0;7;0;0;2;1;9;A01
201000025647;0;7;0;7;0;2;14;A01
201000025648;0;7;0;0;1;1;1;A01
201000025649;0;30;0;0;2;2;5;A01
201000025649;0;7;0;0;2;3;1;B01
201000025650;0;30;0;0;2;1;2;A01
201000025650;0;7;0;0;2;4;2;B01
201000025651;0;2;0;3;0;1;1;A01
201000025652;0;33;0;0;1;2;1;A01
201000025653;0;7;0;0;2;4;23;B01
201000025653;0;7;0;0;2;1;2;D01
201000025653;0;7;0;0;2;4;23;C01
201000025653;0;10;0;0;2;1;1;A01
201000025654;0;30;0;13;0;1;1;A01
201000025655;0;30;0;0;2;1;1;B01
201000025655;0;7;0;0;2;3;15;A01
201000025656;0;33;0;0;2;1;1;A01
201000025656;0;7;0;0;0;0;2;C01
201000025656;0;10;0;0;2;4;2;B01
201000025657;0;7;0;0;2;7;16;A01
201000025657;0;1;0;0;2;8;1;B01
201000025658;0;7;0;0;1;1;13;A01
201000025659;0;30;0;0;2;1;2;B01
201000025659;0;7;0;0;2;3;9;A01
201000025660;0;7;0;0;2;5;15;B01
201000025660;0;7;0;0;2;1;1;A01
201000025661;0;7;0;0;2;3;15;B01
201000025661;0;30;0;0;2;1;17;A01
201000025662;0;7;0;0;2;8;2;B01
201000025662;0;30;0;0;2;7;17;A01
201000025663;0;7;0;0;2;2;9;A01
201000025663;0;2;0;0;2;7;1;B01
201000025664;0;33;0;14;0;1;1;A01
201000025665;0;10;0;3;2;3;2;B01
201000025665;0;10;0;0;2;7;2;A01
201000025666;0;10;0;0;2;5;1;B01
201000025666;0;1;0;0;2;1;9;A01
201000025667;0;2;0;0;0;7;1;A01
201000025668;0;7;0;7;0;1;6;A01
201000025669;0;7;0;13;0;8;14;A01
201000025670;0;1;0;0;2;7;1;B01
201000025670;0;7;0;0;2;8;13;A01
201000025671;0;1;0;0;2;1;2;A01
201000025671;1;7;0;0;2;4;1;Z01
201000025672;0;7;0;0;2;7;16;A01
201000025672;0;7;0;0;2;3;1;B01
201000025672;0;7;0;0;2;1;2;D01
201000025672;0;7;0;0;2;8;1;C01
201000025673;0;2;0;0;2;1;1;B01
201000025673;0;7;0;0;2;1;15;A01
201000025674;0;7;0;0;1;3;1;A01
201000025675;0;7;0;8;2;1;17;A01
201000025675;0;7;0;0;2;3;15;B01
201000025676;0;7;0;3;0;9;13;A01
201000025677;0;3;0;8;0;1;13;A01
201000025678;0;7;0;0;1;4;4;A01
201000025679;0;17;0;0;2;3;1;B01
201000025679;0;7;0;14;2;5;12;A01
201000025680;0;7;0;0;2;4;15;B01
201000025680;0;10;0;0;2;1;2;A01
201000025681;0;7;0;0;2;4;1;B01
201000025681;0;33;0;0;2;8;2;A01
201000025682;1;30;0;0;1;1;1;Z01
201000025683;0;7;0;0;2;8;1;B01
201000025683;0;7;0;0;2;1;19;A01
201000025684;1;7;0;0;1;0;0;Z01
201000025685;0;99;0;0;2;7;16;B01
201000025685;0;30;0;0;2;3;18;A01
201000025686;0;7;0;15;0;1;14;A01
201000025687;0;7;0;0;1;1;9;A01
201000025688;0;2;0;0;2;8;17;A01
201000025688;0;15;0;0;2;8;1;B01
201000025689;0;2;0;0;0;8;1;A01
201000025690;0;33;0;0;0;8;1;A01
201000025691;0;7;0;0;2;2;1;B01
201000025691;0;30;0;0;2;8;9;A01
201000025692;0;2;0;0;0;7;1;A01
201000025693;0;30;0;15;0;1;15;A01
201000025694;1;7;0;0;1;0;0;Z01
201000025695;0;7;0;0;1;1;1;A01
201000025696;0;7;0;0;2;8;10;A01
201000025696;0;7;0;0;2;1;1;B01
201000025697;0;7;0;8;0;1;14;A01
201000025698;0;7;0;8;0;1;14;A01
201000025699;0;7;0;0;1;2;1;A01
201000025700;1;7;0;0;2;2;1;Z01
201000025700;0;1;0;0;2;4;19;B01
201000025701;0;7;0;0;2;4;1;B01
201000025701;0;7;0;0;2;1;2;A01
201000025702;0;7;0;0;2;1;1;B01
201000025702;0;7;0;0;2;2;15;A01
201000025703;0;7;0;0;1;1;1;A01
201000025704;0;7;0;0;2;4;1;B01
201000025704;0;30;0;0;2;1;2;A01
201000025705;0;33;0;0;2;4;23;B01
201000025705;0;7;0;0;2;1;2;A01
201000025706;0;7;0;0;2;2;1;B01
201000025706;0;7;0;0;2;3;15;A01
201000025707;0;7;0;9;0;3;13;A01
201000025708;0;7;0;0;2;3;23;C01
201000025708;0;7;0;0;2;2;15;A01
201000025708;0;7;0;0;2;1;9;B01
201000025709;0;2;0;16;0;0;1;A01
201000025710;0;1;0;0;0;0;1;A01
201000025711;0;7;0;3;0;3;13;A01
201000025712;0;1;0;0;0;1;1;A01
201000025713;0;7;0;0;2;3;16;A01
201000025713;0;37;1;0;2;2;1;B01
201000025714;0;2;0;12;0;1;1;A01
201000025715;0;7;0;0;1;1;1;A01
201000025716;0;7;0;14;2;1;2;A01
201000025716;0;7;0;0;2;4;23;B01
201000025717;0;7;0;0;2;4;23;B01
201000025717;0;7;0;0;2;1;2;A01
201000025718;0;7;0;0;2;1;9;A01
201000025718;0;7;0;0;2;4;1;B01
201000025719;0;30;0;0;0;0;0;A01
201000025720;0;33;0;0;0;7;1;A01
201000025721;0;33;0;0;0;7;1;A01
201000025722;0;2;0;0;0;8;1;A01
201000025723;0;7;0;0;2;5;15;A01
201000025723;0;7;0;13;2;1;1;B01
201000025724;0;7;0;0;1;1;1;A01
201000025725;0;7;0;0;2;1;9;A01
201000025725;0;7;0;0;2;7;1;B01
201000025726;0;7;0;0;1;1;1;A01
201000025727;1;7;0;0;2;3;15;Z01
201000025727;0;30;0;0;2;8;1;B01
201000025728;0;33;0;0;2;1;1;A01
201000025728;0;7;0;0;2;1;15;B01
201000025729;0;7;0;1;2;4;23;B01
201000025729;0;2;0;0;2;1;2;A01
201000025730;0;30;0;12;0;1;14;A01
201000025731;0;7;0;3;0;1;13;A01
201000025732;0;7;0;0;2;1;1;B01
201000025732;0;7;0;0;2;1;15;A01
201000025733;0;7;0;0;2;2;1;A01
201000025733;0;2;0;0;2;3;1;B01
201000025734;0;2;0;0;2;7;1;B01
201000025734;0;7;0;0;2;1;15;A01
201000025735;0;7;0;0;1;1;1;A01
201000025736;0;7;0;0;1;2;1;A01
201000025737;0;7;0;0;2;1;2;A01
201000025737;0;7;0;0;2;4;23;B01
201000025738;0;7;0;9;2;4;1;B01
201000025738;0;7;0;0;2;1;2;A01
201000025739;0;30;0;0;2;7;1;B01
201000025739;0;7;0;0;2;1;9;A01
201000025740;0;33;0;0;0;8;1;B01
201000025740;0;7;0;0;2;2;10;A01
201000025741;0;2;0;0;0;0;1;A01
201000025742;1;10;0;0;2;1;2;Z01
201000025742;0;7;0;0;2;4;2;B01
201000025743;1;7;0;0;2;1;2;Z01
201000025743;0;7;0;0;2;4;1;B01
201000025744;0;2;0;0;0;0;1;A01
201000025745;0;7;0;0;2;3;1;B01
201000025745;0;7;0;0;2;2;15;A01
201000025746;0;7;0;0;2;4;23;D01
201000025746;0;7;0;14;2;4;23;C01
201000025746;0;7;0;14;2;4;23;B01
201000025746;0;7;0;14;2;1;2;A01
201000025747;0;1;0;0;2;3;5;B01
201000025747;0;7;0;0;2;1;9;A02
201000025748;0;7;0;0;2;6;1;B01
201000025748;0;7;0;0;2;2;17;A01
201000025749;0;7;0;0;2;4;1;B01
201000025749;0;7;0;0;2;1;2;A01
201000025750;0;32;0;0;0;8;1;A01
201000025751;0;33;0;12;0;0;1;A01
201000025752;0;7;0;0;1;3;1;A01
201000025753;0;2;0;0;2;1;1;B01
201000025753;0;7;0;0;2;6;10;A01
201000025754;0;7;0;0;2;1;2;A01
201000025754;0;7;0;0;2;4;23;B01
201000025755;0;7;0;13;0;9;13;A01
201000025755;0;7;0;2;0;9;14;B01
201000025756;0;7;0;0;2;1;1;A01
201000025756;0;1;0;0;2;8;19;B01
201000025757;0;37;3;0;2;3;15;B01
201000025757;0;30;0;0;2;1;1;A01
201000025758;0;7;0;0;1;1;1;A01
201000025759;0;7;0;0;2;8;1;B01
201000025759;0;7;0;0;2;1;1;A01
201000025760;0;33;0;0;0;8;1;A01
201000025761;0;7;0;0;2;3;9;A01
201000025761;0;10;0;0;2;1;1;B01
201000025762;0;7;0;0;1;1;1;A01
201000025763;0;7;0;7;0;1;13;A01
201000025764;0;10;0;0;2;3;1;B01
201000025764;0;7;0;0;2;1;13;A01
201000025765;0;7;0;0;2;3;9;A01
201000025765;0;33;0;0;2;7;1;B01
201000025766;0;7;0;0;2;3;9;A01
201000025766;0;1;0;0;2;5;1;B01
201000025767;0;7;0;0;2;1;17;Z01
201000025767;0;7;0;0;2;4;1;B01
201000025768;0;14;0;0;2;1;1;C01
201000025768;0;17;0;0;2;1;13;A01
201000025768;0;7;0;0;2;8;1;B01
201000025769;0;2;0;0;2;1;17;B01
201000025769;0;7;0;0;2;8;15;A01
201000025770;0;7;0;6;0;1;13;A01
201000025771;0;17;0;13;0;1;13;A01
201000025772;0;7;0;13;0;9;14;A01
201000025773;0;2;0;0;2;1;13;A01
201000025773;0;7;0;0;2;1;1;B01
201000025774;0;2;0;0;1;1;1;A01
201000025775;0;7;0;0;1;1;16;A01
201000025776;0;7;0;0;1;1;1;A01
201000025777;0;37;1;0;2;2;1;A01
201000025777;0;7;0;0;2;3;9;B01
201000025778;0;7;0;0;2;5;1;A01
201000025778;0;1;0;0;2;1;9;B01
201000025779;0;7;0;0;2;4;23;B01
201000025779;0;7;0;0;2;1;1;A01
201000025780;0;30;0;0;0;7;1;A01
201000025781;0;2;0;0;0;8;16;A01
201000025782;0;7;0;13;0;9;14;A01
201000025783;0;7;0;0;1;1;1;A01
201000025784;0;7;0;15;0;9;1;A01
201000025785;0;7;0;0;2;3;9;A01
201000025785;0;2;0;0;2;1;1;B01
201000025786;0;7;0;10;0;1;13;A01
201000025787;0;30;0;0;0;8;15;A01
201000025788;0;30;0;0;0;8;1;A01
201000025789;0;30;0;0;0;0;0;A01
201000025790;0;7;0;0;1;2;1;A01
201000025791;0;7;0;0;2;7;15;A01
201000025791;0;7;0;0;2;2;1;B01
201000025792;0;2;0;0;0;7;1;A01
201000025793;0;7;0;0;2;1;15;A01
201000025793;0;1;0;0;2;8;1;B01
201000025794;0;7;0;0;2;8;10;A01
201000025794;0;2;0;0;2;1;1;B01
201000025795;0;7;0;0;2;3;22;A01
201000025795;0;1;0;1;0;1;1;B01
201000025796;0;2;0;0;0;8;2;A01
201000025797;0;7;0;0;1;2;1;A01
201000025798;0;7;0;0;0;4;1;B01
201000025798;0;10;0;0;2;2;2;A01
201000025799;0;33;0;13;0;1;15;A01
201000025800;0;7;0;0;1;2;1;A01
201000025801;0;7;0;0;2;1;1;A01
201000025801;0;1;0;0;2;8;1;B01
201000025802;2;7;0;15;0;2;1;A01
201000025803;0;7;0;0;1;1;9;A01
201000025804;0;33;0;0;0;1;2;A01
201000025805;0;7;0;0;2;3;15;A01
201000025805;0;31;0;0;2;1;1;B01
201000025806;0;30;0;0;2;1;17;A01
201000025806;0;7;0;0;0;6;15;B01
201000025807;0;7;0;0;1;4;2;A01
201000025807;0;7;0;0;2;1;2;B01
201000025808;0;10;0;0;2;2;1;A01
201000025808;0;30;0;0;2;6;15;B01
201000025809;0;7;0;0;1;2;1;A01
201000025810;0;3;0;13;0;2;1;A01
201000025811;0;7;0;0;1;2;1;A01
201000025812;0;7;0;13;2;8;1;A01
201000025812;0;10;0;0;2;1;1;B02
201000025813;0;33;0;0;0;2;1;A01
201000025814;0;7;0;0;2;3;13;A01
201000025814;0;33;0;0;2;9;1;B02
201000025815;0;7;0;0;2;3;1;B02
201000025815;0;33;0;0;2;3;13;A01
201000025816;0;30;0;0;0;8;0;A01
201000025817;0;7;0;0;0;0;0;B02
201000025817;0;7;0;0;2;1;1;A01
201000025818;0;7;0;2;0;3;1;A01
201000025819;0;14;0;0;0;0;1;A01
201000025820;1;33;0;0;1;2;1;A01
201000025821;0;7;0;0;2;3;1;A01
201000025821;0;30;0;0;2;2;19;C03
201000025822;0;7;0;8;0;1;1;A01
201000025823;0;2;0;13;0;1;1;A01
201000025824;0;33;0;0;0;0;1;A01
201000025825;0;7;0;13;0;3;1;A01
201000025826;0;7;0;8;0;8;1;A01
201000025827;0;7;0;13;0;9;1;A01
201000025828;0;7;0;0;2;1;19;A01
201000025828;0;33;0;0;2;1;1;B02
201000025829;0;2;0;13;0;8;1;A01
201000025830;0;2;0;13;0;1;1;A01
201000025831;0;7;0;0;2;3;1;B02
201000025831;0;7;0;0;2;3;1;A01
201000025832;0;7;0;13;0;1;1;A01
201000025833;0;30;0;16;0;1;1;A01
201000025834;0;14;0;0;2;2;1;B02
201000025834;0;7;0;0;2;4;13;A01
201000025835;0;33;0;13;0;1;1;A01
201000025836;0;31;0;0;6;1;0;A01
201000025837;0;7;0;0;2;3;13;A01
201000025837;0;7;0;0;2;1;21;B02
201000025838;0;7;0;3;0;5;1;A01
201000025839;0;7;0;0;2;2;1;A01
201000025839;0;2;0;0;2;8;10;B02
201000025840;0;7;0;0;2;3;1;A01
201000025840;0;14;0;0;2;3;1;B02
201000025841;0;2;0;0;2;3;15;A01
201000025841;0;10;0;0;2;2;17;B02
201000025842;0;36;0;12;0;9;1;A01
201000025843;0;7;0;0;1;6;4;A01
201000025844;0;7;0;0;9;1;15;A01
201000025844;0;1;0;0;2;1;1;B02
201000025845;0;7;0;13;0;8;1;A01
201000025846;0;33;0;13;0;9;14;A01
201000025847;0;7;0;2;0;1;1;A01
201000025848;0;7;0;6;0;8;1;A01
201000025849;0;10;0;2;0;2;1;A01
201000025850;0;7;0;0;2;2;19;B02
201000025850;0;10;0;0;2;1;1;A01
201000025851;0;7;0;2;0;3;1;A01
201000025852;0;7;0;0;0;9;1;A01
201000025853;0;7;0;2;0;2;1;A01
201000025854;0;10;0;0;2;1;1;B02
201000025854;0;10;0;0;2;1;13;A01
201000025855;0;7;0;0;2;2;15;A01
201000025855;0;14;0;0;2;8;1;B02
201000025856;0;7;0;6;0;8;21;A01
201000025857;0;7;0;0;0;1;13;A01
201000025858;0;33;0;0;2;1;13;B02
201000025858;0;33;0;0;2;1;1;C03
201000025858;0;7;0;0;2;8;1;A01
201000025859;0;21;0;0;0;6;1;A01
201000025860;0;14;0;0;2;5;2;B02
201000025860;0;7;0;0;2;3;2;A01
201000025861;0;7;0;0;1;1;1;A01
201000025862;0;7;0;15;0;3;13;A01
201000025863;0;7;0;0;2;7;19;A01
201000025863;0;7;0;0;2;1;1;B02
201000025864;0;1;0;0;2;3;15;A01
201000025864;0;7;0;0;2;1;2;B02
201000025865;0;20;0;0;2;7;20;A01
201000025865;0;30;0;0;2;1;1;B02
201000025866;0;2;0;0;2;1;1;A01
201000025866;0;10;0;0;2;2;1;B02
201000025867;0;10;0;0;1;3;1;A01
201000025868;0;2;0;0;2;1;1;A01
201000025868;0;7;0;0;2;2;19;B02
201000025869;0;33;0;0;2;1;17;A01
201000025869;0;7;0;0;2;8;15;B02
201000025870;1;7;0;0;2;4;16;A01
201000025870;0;33;0;0;2;1;1;B02
201000025871;0;30;0;0;0;0;1;A01
201000025872;0;7;0;0;2;1;1;B02
201000025872;0;7;0;0;2;1;13;A01
201000025873;0;33;0;6;0;1;1;A01
201000025874;0;7;0;0;2;3;1;B02
201000025874;0;7;0;0;2;3;13;A01
201000025875;0;7;0;0;2;4;2;A01
201000025875;0;7;0;0;2;3;2;B02
201000025876;0;7;0;0;1;3;13;A01
201000025877;0;2;0;0;0;8;1;B02
201000025877;1;7;0;0;0;3;15;A01
201000025878;0;7;0;2;0;8;19;A01
201000025879;0;30;0;1;0;1;1;B02
201000025879;0;7;0;0;0;6;23;A01
201000025880;0;33;0;0;2;1;0;B02
201000025880;0;7;0;0;2;3;17;A01
201000025881;0;7;0;0;2;3;13;A01
201000025881;0;14;0;0;2;1;1;B02
201000025882;0;10;0;0;2;8;19;A01
201000025882;0;7;0;0;2;3;1;B02
201000025883;0;31;0;0;2;0;2;B02
201000025883;0;7;0;0;0;0;10;A01
201000025884;0;7;0;8;0;1;14;A01
201000025885;0;33;0;0;0;0;0;A01
201000025886;0;7;0;2;0;7;1;A01
201000025887;0;7;0;15;1;2;1;A01
201000025887;0;7;0;0;2;1;1;B02
201000025888;0;7;0;10;0;9;1;C03
201000025888;0;7;0;0;2;4;15;A01
201000025888;0;7;0;0;2;1;1;B02
201000025889;0;7;0;0;2;1;1;C03
201000025889;0;7;0;0;2;9;15;A01
201000025889;0;15;0;0;2;3;1;D04
201000025889;0;7;0;0;2;1;1;B02
201000025890;0;7;0;0;2;3;16;A01
201000025890;0;1;0;0;2;7;1;B02
201000025891;0;7;0;0;2;2;15;A01
201000025891;0;2;0;0;0;8;1;B02
201000025892;0;30;0;0;2;1;2;A01
201000025892;1;7;0;0;0;4;23;B02
201000025893;0;7;0;2;0;1;1;A01
201000025894;0;10;0;7;0;9;12;A01
201000025895;0;33;0;0;2;1;1;A01
201000025895;0;7;0;0;2;5;15;B02
201000025896;0;33;0;6;0;7;1;A01
201000025897;0;7;0;0;2;3;1;B02
201000025897;0;7;0;0;2;3;13;A01
201000025898;0;7;0;2;2;6;1;B02
201000025898;0;7;0;0;2;3;13;A01
201000025899;0;7;0;0;2;8;1;B02
201000025899;0;7;0;0;2;1;13;A01
201000025900;0;7;0;8;0;6;1;A01
201000025901;0;7;0;0;2;3;15;B02
201000025901;0;33;0;0;2;1;1;A01
201000025902;0;7;0;8;0;1;1;A01
201000025903;0;7;0;13;0;1;1;A01
201000025904;0;7;0;0;2;3;19;A01
201000025904;0;17;0;6;2;3;1;C03
201000025904;0;7;0;0;2;6;1;B02
201000025905;0;7;0;0;1;1;1;A01
201000025906;0;10;0;0;2;6;15;A01
201000025906;0;33;0;0;2;1;1;B02
201000025907;0;14;0;0;2;4;4;A01
201000025907;0;30;0;0;2;1;23;B02
201000025908;0;2;0;0;2;3;1;B02
201000025909;0;33;0;0;2;1;1;A01
201000025909;0;10;0;0;2;6;15;B02
201000025910;0;7;0;8;0;3;1;A01
201000025911;0;7;0;0;2;1;2;A01
201000025911;0;7;0;0;0;4;15;B02
201000025912;0;7;0;9;0;3;1;A01
201000025913;0;7;0;0;2;1;1;A01
201000025913;0;1;0;0;2;8;0;B02
201000025914;0;7;0;16;0;8;1;A01
201000025915;0;31;0;1;0;1;1;A01
201000025916;0;7;0;0;0;1;2;A01
201000025917;0;30;0;0;0;1;1;B02
201000025917;0;7;0;0;0;1;16;A01
201000025918;0;7;0;0;2;3;9;A01
201000025918;0;31;0;0;2;1;2;B01
201000025919;0;7;0;0;1;2;2;A01
201000025920;0;7;0;4;0;1;14;A01
201000025921;0;7;0;0;9;7;15;A01
201000025921;0;2;0;0;2;1;1;B01
201000025922;0;2;0;0;2;1;21;B01
201000025922;0;7;0;0;2;3;15;A01
201000025923;0;7;0;0;0;3;15;B01
201000025923;0;2;0;0;2;1;17;A01
201000025924;0;1;0;0;2;0;2;B01
201000025924;0;7;0;0;9;0;17;A01
201000025925;0;7;0;7;0;6;13;A01
201000025926;0;7;0;0;2;2;2;B01
201000025926;0;2;0;0;2;3;16;A01
201000025927;0;7;0;0;2;1;17;A01
201000025927;0;2;0;0;2;4;15;B01
201000025928;0;7;0;0;9;1;9;A01
201000025928;0;1;0;1;2;4;0;B01
201000025929;0;7;0;0;2;4;2;B01
201000025929;0;7;0;0;2;1;5;C01
201000025929;0;7;0;0;0;1;1;A01
201000025930;0;1;0;0;0;0;2;B01
201000025930;0;7;0;0;9;0;2;A01
201000025931;0;7;0;0;2;1;1;B01
201000025931;0;7;0;0;2;8;15;A01
201000025932;0;7;0;0;0;3;15;A01
201000025932;0;30;0;8;2;1;17;B01
201000025933;0;33;0;0;2;1;1;B01
201000025933;0;10;0;0;2;3;15;A01
201000025934;0;10;0;0;1;1;1;A01
201000025935;0;7;0;0;0;3;15;A01
201000025936;0;7;0;2;0;3;1;A01
201000025937;0;7;0;2;0;1;1;A01
201000025938;0;7;0;0;1;2;1;A01
201000025939;0;33;0;6;0;1;1;A01
201000025940;0;14;0;0;2;3;1;A01
201000025940;0;14;0;0;2;3;15;B02
201000025941;0;7;0;2;0;9;21;A01
201000025942;0;7;0;6;0;1;1;A01
201000025943;0;7;0;0;2;8;9;A01
201000025943;0;7;0;0;2;1;0;B02
201000025944;0;7;0;0;2;1;13;A01
201000025944;0;14;0;0;2;1;1;B02
201000025945;0;7;0;2;0;2;13;A01
201000025946;0;15;0;0;2;1;1;A01
201000025946;0;21;0;0;2;4;1;B02
201000025947;0;7;0;0;0;9;13;A01
201000025948;0;7;0;13;0;2;1;A01
201000025949;0;7;0;0;2;3;15;A01
201000025949;0;33;0;0;2;8;1;B02
201000025950;0;31;0;0;0;8;1;A01
201000025951;0;33;0;13;0;1;14;A01
201000025952;0;7;0;0;2;1;13;A01
201000025952;0;15;0;0;2;3;1;B02
201000025953;0;17;0;0;0;8;2;A01
201000025954;0;7;0;0;2;6;15;B02
201000025954;0;7;0;0;2;3;17;A01
201000025955;0;7;0;2;2;3;1;A01
201000025955;0;7;0;0;2;8;23;B01
201000025956;0;7;0;0;1;3;1;A01
201000025957;0;13;0;0;1;3;17;A01
201000025958;0;7;0;0;2;6;23;B01
201000025958;0;7;0;0;1;1;17;A01
201000025959;0;7;0;0;2;2;15;A01
201000025959;0;33;0;0;2;1;1;B01
201000025960;0;7;0;0;1;1;1;A01
201000025961;0;7;0;0;2;1;1;B01
201000025961;0;7;0;0;2;7;13;A01
201000025962;0;33;0;0;2;2;1;B01
201000025962;0;13;0;0;2;8;15;A01
201000025963;0;2;0;0;2;1;17;A01
201000025963;0;7;0;0;2;6;15;B01
201000025964;0;2;0;0;2;7;1;B01
201000025964;0;7;0;0;2;0;15;A01