num_acc;senc;catv;occutc;obs;obsm;choc;manv;num_veh
201000025965;0;7;0;0;2;3;13;A01
201000025965;0;7;0;0;2;1;1;C01
201000025965;0;7;0;0;2;5;1;B01
201000025966;0;7;0;0;1;3;1;A01
201000025967;0;2;0;0;2;9;2;B01
201000025967;0;7;0;0;2;1;2;A01
201000025967;0;7;0;0;2;4;2;C01
201000025968;0;7;0;0;1;1;15;A01
201000025969;0;30;0;0;2;9;1;B01
201000025969;0;7;0;0;2;2;15;A01
201000025970;0;31;0;0;2;1;1;B01
201000025970;0;7;0;0;2;4;9;A01
201000025971;0;7;0;0;2;2;1;B01
201000025971;0;7;0;0;2;3;1;A01
201000025972;0;2;0;0;1;1;17;A01
201000025973;0;7;0;0;1;3;1;A01
201000025974;0;2;0;8;0;1;1;A01
201000025975;0;7;0;15;0;3;17;A01
201000025976;0;7;0;0;1;1;1;A01
201000025977;0;7;0;0;2;8;22;A01
201000025977;0;7;0;1;0;7;1;B01
201000025978;0;7;0;0;0;4;1;B01
201000025978;0;13;0;0;2;1;1;A01
201000025979;0;7;0;0;1;3;2;A01
201000025980;0;7;0;0;2;1;13;A01
201000025980;0;7;0;0;2;1;1;B01
201000025981;0;10;0;0;1;2;1;A01
201000025982;1;7;0;0;1;5;1;A01
201000025983;0;7;0;0;2;4;2;D01
201000025983;0;7;0;0;2;4;2;C01
201000025983;0;7;0;0;2;1;2;B01
201000025983;0;7;0;0;2;2;2;A01
201000025984;0;7;0;0;1;2;1;A01
201000025984;0;7;0;0;2;1;2;B01
201000025985;0;7;0;0;1;1;1;A01
201000025986;1;7;0;0;2;1;1;A01
201000025986;0;7;0;0;2;4;1;B01
201000025987;0;7;0;0;2;2;15;A01
201000025987;0;33;0;0;2;1;1;B01
201000025988;0;7;0;0;2;1;11;A01
201000025988;0;7;0;0;2;1;1;B01
201000025989;0;7;0;0;1;2;9;A01
201000025990;0;7;0;0;2;8;9;A01
201000025990;0;7;0;0;2;1;2;B01
201000025991;0;7;0;0;1;3;1;A01
201000025992;0;7;0;4;0;2;0;A01
201000025993;0;7;0;0;1;6;1;A01
201000025994;0;37;2;0;1;2;1;A01
201000025995;1;7;0;0;1;3;0;A01
201000025996;0;31;0;0;2;1;1;B01
201000025996;0;7;0;0;2;2;15;A01
201000025997;0;10;0;0;1;2;16;A01
201000025998;0;7;0;0;1;1;1;A01
201000025999;0;7;0;0;1;6;20;A01
201000026000;0;7;0;0;2;2;9;A01
201000026000;0;7;0;0;2;7;1;B01
201000026001;0;7;0;0;1;1;0;A01
201000026002;0;32;0;0;2;1;1;B01
201000026002;0;7;0;0;2;2;1;A01
201000026003;0;7;0;0;0;4;2;B01
201000026003;0;33;0;0;2;1;2;A01
201000026003;0;7;0;0;0;0;23;C01
201000026004;0;7;0;0;2;1;9;A01
201000026004;0;1;0;0;2;7;2;B01
201000026005;0;2;0;0;2;1;2;B01
201000026005;0;7;0;0;2;2;2;A01
201000026006;0;7;0;0;2;3;13;A01
201000026006;0;33;0;14;2;3;1;B01
201000026007;0;7;0;12;0;2;1;A01
201000026008;1;7;0;0;1;1;14;A01
201000026009;0;10;0;0;2;1;1;B01
201000026009;0;7;0;0;2;3;1;A01
201000026010;0;7;0;0;2;1;2;A01
201000026010;0;7;0;0;2;4;2;B01
201000026011;0;7;0;0;1;1;1;A01
201000026012;0;7;0;2;0;8;0;A01
201000026013;0;7;0;0;2;2;1;B01
201000026013;0;7;0;0;2;8;1;A01
201000026014;0;7;0;0;1;1;0;A01
201000026015;0;10;0;0;0;3;1;B01
201000026015;0;2;0;0;2;1;5;A01
201000026016;0;7;0;0;2;7;1;B01
201000026016;0;7;0;0;2;1;1;A01
201000026017;0;7;0;0;1;2;1;A01
201000026018;0;7;0;0;1;1;1;A01
201000026019;0;7;0;0;2;2;0;A01
201000026019;0;30;0;0;2;1;1;B01
201000026020;0;7;0;13;0;1;1;A01
201000026021;0;31;0;0;2;1;1;B01
201000026021;0;37;4;0;2;5;15;A01
201000026022;0;7;0;0;2;1;2;A01
201000026022;0;7;0;0;2;4;2;B01
201000026023;0;2;0;0;2;0;0;B01
201000026023;0;7;0;0;2;0;0;A01
201000026024;0;30;0;0;2;7;9;A01
201000026024;0;7;0;0;2;1;1;B01
201000026025;0;7;0;0;2;0;22;A01
201000026025;0;30;0;1;0;0;1;B01
201000026026;0;7;0;0;2;1;1;B01
201000026026;0;7;0;0;2;5;15;A01
201000026027;0;7;0;0;2;1;1;B01
201000026027;0;33;0;0;2;1;5;A01
201000026028;0;7;0;0;9;3;9;A01
201000026028;0;1;0;0;2;1;1;B01
201000026029;0;33;0;0;2;1;2;B01
201000026029;0;10;0;0;2;3;15;A01
201000026030;0;33;0;0;2;3;17;B01
201000026030;0;7;0;0;2;6;15;A01
201000026031;1;99;0;0;0;0;0;B01
201000026031;0;7;0;0;2;2;15;A01
201000026032;1;34;0;0;1;2;1;A01
201000026033;0;7;0;0;2;1;15;A01
201000026033;0;32;0;0;2;1;1;C01
201000026033;0;7;0;0;2;8;23;B01
201000026034;0;30;0;11;0;3;1;A01
201000026035;0;7;0;0;2;8;1;B01
201000026035;0;7;0;0;2;3;1;A01
201000026036;0;7;0;0;2;7;10;A01
201000026036;0;33;0;0;2;1;1;B01
201000026037;0;30;0;6;0;1;0;A01
201000026038;0;1;0;0;2;1;1;B01
201000026038;0;7;0;0;9;7;2;A01
201000026039;0;10;0;0;2;3;9;B01
201000026039;0;33;0;0;2;2;1;A01
201000026039;0;7;0;0;9;1;1;C01
201000026040;0;7;0;0;1;2;1;A01
201000026041;0;7;0;0;2;3;11;A01
201000026041;0;7;0;0;2;3;1;B01
201000026042;0;2;0;0;2;8;19;A01
201000026042;0;7;0;0;2;2;1;B01
201000026043;0;7;0;0;1;2;9;A01
201000026044;0;33;0;0;2;3;2;A01
201000026044;0;7;0;0;2;5;2;B01
201000026045;0;10;0;0;2;2;17;A01
201000026045;0;7;0;0;2;8;15;B01
201000026046;0;33;0;0;2;1;1;B01
201000026046;0;7;0;0;9;2;13;A01
201000026047;0;7;0;0;2;3;9;A01
201000026047;0;7;0;10;2;5;2;B01
201000026048;0;7;0;0;1;0;4;A01
201000026049;0;1;0;0;1;0;0;A01
201000026050;0;7;0;0;1;0;0;A01
201000026051;0;7;0;0;1;1;2;A01
201000026052;0;37;10;0;1;2;7;A01
201000026053;0;7;0;0;2;2;1;B01
201000026053;0;33;0;0;2;1;0;A01
201000026054;0;7;0;0;1;8;1;A01
201000026055;0;7;0;0;1;1;1;A01
201000026056;1;7;0;0;1;1;0;A01
201000026057;0;7;0;0;2;1;1;A01
201000026057;0;30;0;0;2;4;15;B01
201000026058;0;7;0;0;1;0;1;A01
201000026059;0;10;0;0;1;1;15;A01
201000026060;0;37;1;1;0;7;1;B01
201000026061;0;7;0;0;1;3;1;A01
201000026062;0;7;0;0;2;8;15;B01
201000026062;0;99;0;0;2;3;1;A01
201000026063;0;7;0;0;1;2;2;A01
201000026064;0;2;0;0;2;7;17;A01
201000026064;0;7;0;0;2;3;15;B01
201000026065;0;1;0;0;2;8;1;B01
201000026065;0;7;0;0;1;2;1;A01
201000026066;0;10;0;0;2;4;0;A01
201000026066;0;1;0;1;0;1;1;B01
201000026067;0;14;0;0;2;1;15;A01
201000026067;0;1;0;0;2;1;1;B01
201000026068;0;7;0;0;1;1;1;A01
201000026069;1;7;0;0;1;7;0;B01
201000026069;0;7;0;0;0;0;0;A01
201000026070;0;7;0;0;2;0;1;B01
201000026070;0;7;0;0;2;0;9;A01
201000026071;0;7;0;0;2;1;1;C01
201000026071;0;7;0;8;2;1;5;A01
201000026071;0;7;0;12;0;0;1;D01
201000026071;0;7;0;0;2;1;1;B01
201000026071;0;7;0;0;2;1;1;E01
201000026072;0;31;0;0;2;7;0;B01
201000026072;0;7;0;0;2;1;0;A01
201000026073;0;7;0;2;0;1;0;A01
201000026074;0;7;0;2;0;0;1;A01
201000026075;0;10;0;0;1;8;1;A01
201000026076;0;37;15;0;0;1;15;B01
201000026076;0;7;0;0;2;3;19;A01
201000026077;0;7;0;0;1;7;2;A01
201000026078;0;7;0;0;1;1;1;A01
201000026079;0;7;0;1;0;1;0;A01
201000026080;0;1;0;0;2;1;0;B01
201000026080;0;7;0;0;9;2;1;A01
201000026081;0;7;0;6;0;1;1;A01
201000026082;0;7;0;0;1;3;1;A01
201000026083;0;7;0;0;1;1;0;A01
201000026084;0;7;0;0;1;7;1;A01
201000026085;0;7;0;0;2;7;17;A01
201000026085;0;1;0;0;2;8;1;B01
201000026086;0;30;0;0;0;4;2;B01
201000026086;0;7;0;0;2;1;2;A01
201000026087;0;7;0;0;1;1;1;A01
201000026088;0;7;0;0;1;1;0;A01
201000026089;1;7;0;0;1;7;1;Z01
201000026090;0;33;0;0;2;0;1;B01
201000026090;1;7;0;0;0;0;0;A01
201000026091;0;7;0;13;0;2;1;A01
201000026092;0;7;0;0;1;2;1;A01
201000026093;0;7;0;0;1;2;1;A01
201000026094;0;7;0;0;0;3;0;A01
201000026094;0;1;0;0;0;0;0;B01
201000026095;0;30;0;0;2;1;1;B01
201000026095;0;7;0;0;2;5;15;A01
201000026096;0;7;0;0;1;2;1;A01
201000026097;0;7;0;0;2;3;1;B01
201000026097;0;7;0;0;2;3;13;A01
201000026098;0;7;0;0;0;2;16;A01
201000026099;0;7;0;0;0;1;2;B01
201000026099;0;7;0;0;0;4;2;A01
201000026100;0;7;0;0;2;2;9;A01
201000026100;0;30;0;0;2;1;1;B01
201000026101;0;1;0;0;2;7;1;B01
201000026101;0;7;0;0;2;3;9;A01
201000026102;0;30;0;0;9;8;1;A01
201000026103;0;33;0;0;2;1;1;A01
201000026103;0;17;0;0;2;5;15;B01
201000026104;0;33;0;0;0;0;1;B01
201000026105;0;2;0;0;2;1;1;A01
201000026105;0;7;0;0;2;3;15;B01
201000026106;0;7;0;2;0;7;19;A01
201000026107;0;10;0;0;2;3;13;A01
201000026107;0;7;0;0;2;1;0;B02
201000026107;0;7;0;0;2;8;0;C03
201000026107;0;7;0;0;2;8;0;D04
201000026108;0;7;0;8;0;1;1;A01
201000026109;0;7;0;0;2;8;1;B02
201000026109;0;7;0;0;2;3;1;A01
201000026110;0;7;0;0;2;3;1;B02
201000026110;0;7;0;0;2;8;1;A01
201000026111;0;7;0;2;0;2;1;A01
201000026112;0;7;0;0;2;3;1;A01
201000026112;0;7;0;0;2;6;19;B02
201000026113;0;7;0;0;2;1;17;A01
201000026113;0;7;0;0;2;1;1;B02
201000026114;0;7;0;6;0;8;14;A01
201000026115;0;7;0;0;2;7;19;B02
201000026115;0;17;0;0;2;1;1;A01
201000026116;0;7;0;6;0;1;1;A01
201000026117;0;33;0;0;2;1;1;B02
201000026117;0;7;0;0;0;4;23;A01
201000026118;0;33;0;0;2;1;1;B02
201000026118;0;7;0;0;2;3;15;A01
201000026119;0;7;0;0;1;2;1;A01
201000026120;0;7;0;0;0;2;21;B02
201000026120;0;7;0;0;0;1;15;A01
201000026121;0;7;0;0;2;1;13;A01
201000026121;0;7;0;0;2;1;1;B02
201000026122;0;7;0;0;2;1;1;A01
201000026122;0;7;0;0;2;7;15;B02
201000026123;0;7;0;13;0;1;19;A01
201000026124;0;33;0;13;0;1;13;A01
201000026125;0;7;0;0;9;8;9;A01
201000026125;0;1;0;0;2;5;1;B02
201000026126;0;33;0;0;2;2;1;A01
201000026126;0;7;0;0;0;4;15;B02
201000026127;0;21;0;6;0;8;1;A01
201000026127;0;10;0;0;2;1;19;B02
201000026128;0;31;0;3;2;2;21;A01
201000026128;0;14;0;0;0;0;19;B02
201000026129;0;17;0;0;0;2;1;B02
201000026129;0;7;0;8;2;5;1;A01
201000026130;0;7;0;0;1;2;21;A01
201000026130;0;7;0;0;2;7;23;B02
201000026131;0;7;0;0;0;1;1;A01
201000026132;0;7;0;0;2;1;1;A01
201000026132;0;7;0;0;2;1;1;B02
201000026133;0;7;0;12;0;1;1;A01
201000026134;0;14;0;0;0;4;23;B02
201000026134;0;7;0;1;0;1;1;A01
201000026135;0;30;0;0;2;1;1;B02
201000026135;0;10;0;0;9;8;1;A01
201000026136;0;7;0;0;2;3;1;B02
201000026136;0;2;0;0;2;2;1;A01
201000026137;0;7;0;0;1;3;1;A01
201000026138;0;7;0;0;2;5;1;B02
201000026138;0;7;0;0;2;1;19;A01
201000026139;0;7;0;0;2;3;0;B02
201000026139;0;7;0;0;2;7;0;A01
201000026140;0;2;0;15;0;2;1;A01
201000026141;0;33;0;0;2;3;13;A01
201000026141;0;7;0;0;2;3;0;B02
201000026142;0;7;0;0;2;2;1;A01
201000026142;0;30;0;0;2;1;1;B02
201000026143;0;7;0;0;2;3;1;A01
201000026143;0;2;0;0;2;9;1;B02
201000026144;0;7;0;0;1;2;16;A01
201000026145;0;7;0;0;2;1;1;B02
201000026145;0;7;0;0;2;1;1;A01
201000026146;0;33;0;6;0;1;1;A01
201000026147;0;7;0;0;0;0;1;B02
201000026147;0;14;0;4;0;1;1;A01
201000026148;0;39;0;0;1;3;1;A01
201000026149;0;31;0;0;2;1;1;B02
201000026149;0;7;0;0;0;6;10;A01
201000026150;0;30;0;0;0;0;1;A01
201000026150;0;99;0;0;0;0;13;B02
201000026151;0;7;0;0;2;2;15;A01
201000026151;0;33;0;0;2;1;1;B02
201000026152;0;7;0;0;1;2;2;A01
201000026152;0;1;0;1;0;1;2;B02
201000026153;0;7;0;0;2;1;13;A01
201000026153;0;14;0;0;2;3;1;B02
201000026154;0;7;0;1;0;1;2;B02
201000026154;0;7;0;0;1;4;23;A01
201000026155;0;7;0;0;2;6;13;A01
201000026155;0;7;0;0;2;3;1;B02
201000026156;0;33;0;3;0;1;14;A01
201000026157;0;7;0;0;2;3;1;B02
201000026157;0;7;0;0;2;3;1;A01
201000026158;0;7;0;0;0;1;2;A01
201000026158;0;31;0;0;0;4;2;B02
201000026159;0;7;0;0;2;2;1;B02
201000026159;0;7;0;0;2;2;1;A01
201000026160;0;7;0;0;2;1;1;B02
201000026160;0;7;0;0;2;2;1;A01
201000026161;0;2;0;0;2;1;1;A01
201000026161;0;2;0;0;2;1;1;B02
201000026162;0;15;0;0;2;2;1;A01
201000026162;0;31;0;0;2;6;9;B02
201000026163;0;7;0;0;0;0;0;A01
201000026163;0;32;0;0;2;1;16;B02
201000026164;0;7;0;0;2;1;15;A01
201000026164;0;33;0;0;2;1;0;B02
201000026165;0;1;0;0;1;1;1;A01
201000026166;0;30;0;12;0;1;1;A01
201000026167;0;7;0;0;2;1;13;A01
201000026167;0;7;0;0;2;1;1;B02
201000026168;0;7;0;0;2;7;15;B02
201000026168;0;33;0;0;2;1;1;A01
201000026169;0;33;0;0;2;1;16;C03
201000026169;0;7;0;0;2;3;9;A01
201000026169;0;7;0;0;2;6;23;B02
201000026170;0;10;0;0;1;2;1;A01
201000026171;0;7;0;0;2;2;1;B02
201000026171;2;7;0;0;2;2;13;A01
201000026172;0;14;0;0;2;7;0;B02
201000026172;0;14;0;0;2;0;13;A01
201000026173;0;7;0;0;2;3;13;A01
201000026173;0;14;0;0;2;3;1;B02
201000026174;0;7;0;0;2;2;1;B02
201000026174;0;33;0;0;2;1;1;A01
201000026175;0;7;0;2;0;5;1;A01
201000026176;0;34;0;0;0;0;0;A01
201000026177;0;7;0;0;1;1;1;A01
201000026178;0;7;0;0;1;1;1;A01
201000026179;0;30;0;0;2;1;2;A01
201000026179;0;7;0;0;2;4;1;B01
201000026180;0;7;0;7;0;1;1;A01
201000026181;0;7;0;0;2;1;1;A01
201000026181;0;7;0;0;2;1;1;B01
201000026182;0;7;0;0;1;0;1;A01
201000026183;0;33;0;0;2;7;1;A01
201000026183;0;7;0;0;2;3;15;B01
201000026184;0;7;0;0;1;3;1;A01
201000026185;0;7;0;0;2;5;15;A01
201000026185;0;2;0;0;2;1;1;B01
201000026186;0;7;0;0;1;1;1;A01
201000026187;0;7;0;0;2;4;1;B01
201000026187;0;7;0;0;2;1;2;A01
201000026188;0;10;0;0;2;1;1;B01
201000026188;0;7;0;0;2;8;15;A01
201000026189;0;7;0;0;2;7;15;A01
201000026189;0;7;0;0;2;3;1;B01
201000026190;0;33;0;0;2;1;1;B01
201000026190;0;10;0;0;2;1;9;A01
201000026191;0;33;0;0;2;1;17;B01
201000026191;0;7;0;0;2;3;15;A01
201000026192;0;33;0;0;2;1;1;A01
201000026192;0;7;0;0;2;8;1;B01
201000026193;0;33;0;1;2;1;1;A01
201000026193;0;7;0;0;2;8;1;C01
201000026194;0;7;0;0;0;9;0;A01
201000026195;0;7;0;0;2;1;19;A01
201000026195;0;7;0;0;2;3;1;B01
201000026196;0;7;0;0;2;2;19;A01
201000026196;0;33;0;0;2;1;1;B01
201000026197;0;34;0;0;1;1;1;A01
201000026198;0;7;0;0;2;2;0;A01
201000026198;0;2;0;0;2;1;1;B01
201000026199;0;13;0;0;1;2;0;A01
201000026200;0;30;0;0;2;1;2;A01
201000026200;0;7;0;0;2;2;2;B01
201000026201;0;7;0;6;0;1;1;A01
201000026202;0;7;0;8;0;1;1;A01
201000026203;0;7;0;9;0;2;16;A01
201000026204;0;7;0;6;0;1;15;A01
201000026205;0;33;0;0;2;1;1;B01
201000026205;0;7;0;0;2;1;15;A01
201000026206;2;7;0;0;2;2;15;A01
201000026206;0;2;0;0;2;1;1;B01
201000026207;0;7;0;0;1;3;17;A01
201000026208;0;7;0;0;0;2;16;A01
201000026208;0;2;0;0;2;1;2;B01
201000026209;0;7;0;0;2;2;1;B01
201000026209;0;30;0;0;2;1;19;A01
201000026210;0;30;0;0;2;1;1;B01
201000026210;0;7;0;0;2;5;15;A01
201000026211;0;7;0;2;0;1;1;A01
201000026212;0;7;0;0;2;5;1;C03
201000026212;0;7;0;6;2;1;2;B02
201000026212;0;7;0;0;2;1;1;A01
201000026213;0;7;0;0;1;1;13;A01
201000026214;0;7;0;0;1;1;15;A01
201000026215;0;7;0;0;2;1;1;A01
201000026215;0;7;0;0;0;4;23;B01
201000026216;0;7;0;0;2;2;1;B01
201000026216;0;30;0;0;2;8;9;A01
201000026217;0;7;0;0;2;7;19;A01
201000026217;0;13;0;0;2;1;1;B01
201000026218;0;13;0;0;1;0;0;A01
201000026219;0;7;0;0;2;1;1;A01
201000026219;0;7;0;0;0;4;23;B01
201000026220;0;7;0;0;0;7;1;B01
201000026220;0;7;0;0;2;1;1;A01
201000026221;0;7;0;0;1;3;1;A01
201000026222;0;7;0;0;1;3;1;A01
201000026223;0;1;0;14;0;1;1;A01
201000026224;0;99;0;0;2;3;1;A01
201000026224;0;7;0;0;2;2;1;B01
201000026225;0;2;0;0;2;7;17;B01
201000026225;0;7;0;0;2;1;9;A01
201000026226;0;7;0;0;2;2;9;A01
201000026226;0;1;0;0;0;4;1;B01
201000026227;0;7;0;0;2;1;9;A01
201000026227;0;1;0;0;0;7;1;B01
201000026228;0;7;0;0;2;2;9;A01
201000026228;0;7;0;0;2;1;1;B01
201000026229;0;7;0;0;2;2;9;A01
201000026229;0;7;0;8;2;1;1;B01
201000026230;0;7;0;0;0;4;2;C01
201000026230;0;7;0;0;2;1;2;B01
201000026230;0;7;0;0;2;1;2;A01
201000026231;0;10;0;15;1;6;23;B01
201000026231;0;10;0;0;2;7;14;A01
201000026232;1;7;0;0;1;1;1;A01
201000026233;0;7;0;0;1;2;1;A01
201000026234;0;7;0;0;1;1;1;A01
201000026235;0;2;0;0;2;1;1;A01
201000026235;0;10;0;0;0;7;1;B01
201000026236;0;2;0;0;2;3;11;A01
201000026236;0;7;0;0;2;2;1;B01
201000026237;0;7;0;0;2;7;1;B01
201000026237;0;10;0;0;2;1;19;A01
201000026237;0;7;0;0;0;1;23;C01
201000026238;0;7;0;0;2;1;5;A01
201000026238;0;7;0;0;0;6;1;B01
201000026239;0;7;0;0;0;2;1;A01
201000026239;0;2;0;0;2;1;1;B01
201000026240;0;7;0;0;1;2;9;A01
201000026241;0;33;0;0;2;1;1;B01
201000026241;0;30;0;0;2;1;9;A01
201000026242;0;30;0;0;2;1;7;A01
201000026242;0;7;0;0;0;2;16;B01
201000026243;0;7;0;0;1;1;1;A01
201000026244;0;7;0;0;2;1;1;B01
201000026244;0;7;0;0;2;3;1;A01
201000026245;0;7;0;0;0;8;1;B01
201000026245;0;7;0;0;2;2;1;A01
201000026246;0;7;0;0;2;1;1;A01
201000026246;0;30;0;0;2;1;1;B01
201000026246;0;7;0;0;0;1;23;C01
201000026247;0;2;0;0;2;2;10;A01
201000026247;0;33;0;0;2;7;1;B01
201000026248;0;7;0;0;2;3;13;A01
201000026248;0;7;0;0;2;8;1;B01
201000026248;0;7;0;0;2;1;1;C01
201000026249;0;7;0;1;0;1;14;A01
201000026250;0;37;55;0;1;2;1;A01
201000026251;0;7;0;0;2;3;9;A01
201000026251;0;32;0;0;2;2;17;B01
201000026252;0;7;0;0;2;2;1;B01
201000026252;0;7;0;0;2;3;9;A01
201000026253;0;7;0;0;1;2;1;A01
201000026254;0;7;0;0;2;3;15;A01
201000026254;0;33;0;0;2;7;17;B01
201000026255;0;33;0;0;2;1;1;B01
201000026255;0;7;0;0;2;7;15;A01
201000026256;0;7;0;0;2;2;15;A01
201000026256;0;7;0;0;2;1;1;B01
201000026257;0;2;0;0;2;1;19;A01
201000026257;0;7;0;0;2;2;1;B01
201000026258;0;7;0;0;2;1;1;B01
201000026258;0;1;0;0;0;6;9;A01
201000026259;0;7;0;0;2;2;1;B01
201000026259;0;1;0;0;2;1;19;A01
201000026260;0;7;0;0;1;1;10;A01
201000026261;0;2;0;0;2;1;1;A01
201000026261;0;7;0;0;2;3;9;B01
201000026262;0;7;0;0;1;3;4;A01
201000026263;0;7;0;0;2;1;1;B01
201000026263;0;7;0;0;0;5;1;A01
201000026264;0;7;0;4;0;2;1;A01
201000026265;0;7;0;0;1;1;1;A01
201000026266;0;30;0;0;2;3;9;A01
201000026266;0;7;0;0;2;3;1;B01
201000026267;0;7;0;0;2;1;1;B01
201000026267;0;30;0;0;2;1;13;A01
201000026268;0;33;0;0;2;1;1;B01
201000026268;0;7;0;0;2;2;15;A01
201000026269;0;7;0;0;2;2;15;A01
201000026269;0;7;0;0;2;3;1;B01
201000026270;0;7;0;0;1;1;1;B01
201000026271;0;7;0;0;2;7;16;A01
201000026271;0;2;0;0;2;1;0;B01
201000026272;0;7;0;0;0;4;23;B01
201000026272;0;30;0;0;2;1;1;A01
201000026273;0;7;0;0;2;3;1;B01
201000026273;0;7;0;0;2;1;1;A01
201000026274;0;30;0;0;2;1;1;B01
201000026274;0;7;0;0;2;3;19;A01
201000026275;0;7;0;0;2;2;1;B01
201000026275;0;7;0;0;2;6;9;A01
201000026276;0;7;0;0;2;7;19;A01
201000026276;0;37;1;0;0;3;1;B01
201000026277;0;7;0;9;0;9;1;A01
201000026278;0;7;0;0;2;2;1;B01
201000026278;0;7;0;0;2;2;9;A01
201000026279;0;37;2;0;2;3;13;A01
201000026279;0;1;0;0;2;1;1;B01
201000026280;0;7;0;0;2;3;9;A01
201000026280;0;7;0;0;0;1;1;B01
201000026281;0;7;0;0;1;2;1;B01
201000026282;0;30;0;0;2;1;1;A01
201000026282;0;7;0;0;0;4;1;B01
201000026283;0;7;0;0;2;3;1;B01
201000026283;0;7;0;0;2;3;1;A01
201000026284;0;7;0;1;2;6;4;A01
201000026285;0;7;0;0;2;3;13;A01
201000026285;0;7;0;0;2;3;1;B01
201000026286;0;2;0;0;0;8;1;B01
201000026286;0;7;0;0;2;2;9;A01
201000026287;0;7;0;0;2;3;1;B01
201000026287;0;1;0;0;2;1;5;A01
201000026288;0;7;0;0;1;3;1;A01
201000026289;0;7;0;0;0;6;15;B01
201000026289;0;33;0;0;2;1;17;A01
201000026290;0;33;0;0;2;1;1;B01
201000026290;0;7;0;0;2;8;17;A01
201000026291;0;14;0;0;2;3;15;B01
201000026291;0;7;0;0;2;2;17;A01
201000026292;0;2;0;0;2;1;1;A01
201000026292;0;7;0;0;0;6;1;B01
201000026293;0;7;0;0;0;4;23;C01
201000026293;0;10;0;0;2;1;1;A01
201000026293;0;7;0;0;2;4;23;B01
201000026294;0;7;0;0;1;2;1;A01
201000026295;0;7;0;0;2;1;9;A01
201000026295;0;1;0;0;0;7;1;B01
201000026296;0;7;0;0;2;1;1;A01
201000026296;0;7;0;0;2;2;1;B01
201000026297;0;30;0;0;2;2;1;B01
201000026297;0;7;0;0;2;3;15;A01
201000026298;0;7;0;0;0;4;23;B01
201000026298;0;7;0;0;2;1;1;A01
201000026299;0;7;0;0;0;4;2;B01
201000026299;0;7;0;0;2;3;1;A01
201000026300;0;33;0;0;2;2;1;B01
201000026300;0;7;0;0;2;8;11;A01
201000026301;0;7;0;0;2;3;9;A01
201000026301;0;31;0;0;2;1;1;B01
201000026302;0;7;0;0;2;7;16;B01
201000026302;0;2;0;0;2;1;1;A01
201000026303;0;7;0;0;2;2;1;B01
201000026303;0;2;0;0;2;3;9;A01
201000026304;0;2;0;0;2;2;17;A01
201000026304;0;7;0;0;2;3;9;B01
201000026305;0;7;0;0;0;4;15;B01
201000026305;0;7;0;0;2;1;2;A01
201000026306;0;30;0;0;1;1;1;A01
201000026307;0;7;0;0;1;3;1;A01
201000026308;0;7;0;0;1;2;20;A01
201000026309;0;33;0;0;0;2;1;B01
201000026309;0;7;0;0;2;3;9;A01
201000026310;0;7;0;0;2;1;1;B01
201000026310;0;10;0;0;2;1;9;A01
201000026311;0;33;0;0;0;7;1;B01
201000026311;0;7;0;0;0;0;9;A01
201000026312;0;7;0;7;2;7;1;B01
201000026312;0;7;0;0;2;1;1;A01
201000026313;0;7;0;0;0;9;0;A01
201000026314;0;7;0;0;1;3;1;A01
201000026315;0;7;0;0;2;1;1;B01
201000026315;0;15;0;0;2;4;10;A01
201000026316;0;7;0;0;1;2;1;A01
201000026317;0;1;0;0;2;1;1;B01
201000026317;0;7;0;0;2;7;15;A01
201000026318;0;7;0;0;2;7;1;A01
201000026318;0;7;0;0;2;1;15;B01
201000026319;0;30;0;0;2;6;1;A01
201000026319;0;7;0;0;2;6;1;B01
201000026320;0;7;0;0;2;4;1;B01
201000026320;0;7;0;0;1;1;1;A01
201000026321;0;30;0;0;2;5;1;B01
201000026321;0;7;0;0;2;2;9;A01
201000026322;0;7;0;0;2;1;1;B01
201000026322;0;7;0;0;2;1;1;A01
201000026323;0;7;0;0;2;7;17;A01
201000026323;0;7;0;0;2;8;1;B01
201000026324;0;7;0;0;2;2;16;A01
201000026324;0;30;0;0;2;8;16;B01
201000026325;0;33;0;0;2;1;1;B01
201000026325;0;7;0;0;2;3;15;A01
201000026326;0;7;0;0;2;8;0;A01
201000026326;0;30;0;0;2;1;0;B01
201000026327;0;7;0;0;2;1;1;B01
201000026327;0;10;0;0;2;1;15;A01
201000026328;0;7;0;0;2;1;17;A01
201000026328;0;7;0;0;2;1;1;B01
201000026329;0;7;0;0;2;2;2;A01
201000026329;0;7;0;0;2;0;1;B01
201000026330;0;7;0;0;2;2;1;A01
201000026330;0;7;0;0;2;3;1;B01
201000026331;0;7;0;0;2;4;4;B01
201000026331;0;37;1;0;2;3;1;A01
201000026332;0;7;0;0;2;1;0;B01
201000026332;0;7;0;0;2;8;0;A01
201000026333;0;7;0;0;1;1;1;A01
201000026334;0;7;0;0;2;2;9;A01
201000026334;0;33;0;0;2;0;1;B01
201000026335;0;7;0;0;2;6;0;B01
201000026335;2;7;0;0;2;2;1;A01
201000026336;0;33;0;0;2;7;1;B01
201000026336;0;7;0;0;2;6;9;A01
201000026337;0;7;0;0;2;7;0;B01
201000026337;0;7;0;0;2;1;9;A01
201000026338;0;7;0;0;2;1;17;A01
201000026338;0;7;0;0;2;8;15;B01
201000026339;0;7;0;0;2;2;1;B01
201000026339;0;31;0;0;2;0;13;A01
201000026340;0;7;0;0;2;1;15;B01