num_acc;senc;catv;occutc;obs;obsm;choc;manv;num_veh
201000026340;0;7;0;0;2;0;1;A01
201000026341;0;7;0;0;2;3;5;A01
201000026341;0;7;0;0;2;1;1;C01
201000026341;0;7;0;0;2;1;1;B01
201000026342;0;7;0;0;2;1;15;A01
201000026342;0;7;0;0;2;1;1;B01
201000026343;0;7;0;0;2;1;10;A01
201000026343;0;33;0;0;2;1;1;B01
201000026344;0;7;0;0;2;1;9;A01
201000026344;0;33;0;0;2;0;1;B01
201000026345;0;1;0;0;1;0;1;A01
201000026346;0;7;0;0;2;1;1;B01
201000026346;0;14;0;0;2;7;9;A01
201000026347;0;7;0;0;1;2;1;A01
201000026348;0;7;0;0;2;1;15;B01
201000026348;0;7;0;1;2;1;1;A01
201000026349;0;2;0;12;0;0;0;A01
201000026350;0;7;0;9;0;1;1;A01
201000026351;0;7;0;0;2;1;1;B01
201000026351;0;7;0;0;2;2;9;A01
201000026352;0;7;0;0;2;1;0;A01
201000026352;0;1;0;0;2;0;0;B01
201000026353;0;7;0;0;0;0;1;A01
201000026354;0;7;0;0;2;2;9;A01
201000026354;0;14;0;0;2;6;1;B01
201000026355;0;7;0;0;2;0;0;A01
201000026355;0;7;0;0;2;4;0;B01
201000026356;0;7;0;8;0;1;1;A01
201000026357;0;2;0;0;2;0;1;A01
201000026357;0;7;0;0;2;0;1;B01
201000026358;0;7;0;0;2;0;0;B01
201000026358;0;33;0;0;2;0;0;A01
201000026359;0;7;0;0;2;8;15;B01
201000026359;0;2;0;0;2;1;17;A01
201000026360;0;7;0;0;2;3;15;A01
201000026360;0;31;0;0;2;1;1;B01
201000026361;0;7;0;0;1;1;0;A01
201000026362;0;2;0;0;2;1;0;A01
201000026362;0;7;0;0;2;1;15;B01
201000026363;0;7;0;0;2;1;1;A01
201000026363;0;7;0;0;2;3;1;C01
201000026363;0;7;0;0;2;4;1;B01
201000026364;0;7;0;8;0;0;16;A01
201000026365;0;34;0;0;2;1;1;A01
201000026365;0;7;0;0;2;0;1;B01
201000026366;0;7;0;0;2;0;1;B01
201000026366;0;7;0;0;2;0;1;A01
201000026367;0;7;0;0;1;2;0;A01
201000026368;0;32;0;0;2;1;1;A01
201000026368;0;7;0;0;2;4;0;B01
201000026369;0;30;0;0;2;0;5;A01
201000026369;0;7;0;0;2;2;0;B01
201000026370;0;33;0;0;2;7;1;B01
201000026370;0;7;0;0;2;0;15;A01
201000026371;0;7;0;3;0;0;0;A01
201000026372;0;2;0;0;2;0;1;B01
201000026372;0;7;0;0;2;2;15;A01
201000026373;0;2;0;0;2;0;1;A01
201000026373;0;7;0;0;2;1;10;B01
201000026374;0;7;0;0;2;1;15;A01
201000026374;0;7;0;0;2;3;1;B01
201000026375;0;7;0;0;1;1;15;A01
201000026376;0;14;0;0;2;4;1;B01
201000026376;0;7;0;0;2;1;1;A01
201000026377;0;30;0;0;2;9;9;A01
201000026377;0;7;0;0;2;7;1;B01
201000026378;0;7;0;0;2;1;0;A01
201000026378;0;7;0;1;2;7;1;B01
201000026379;0;7;0;0;2;4;0;B01
201000026379;0;7;0;0;2;1;1;A01
201000026380;0;1;0;0;2;0;1;B01
201000026380;0;7;0;0;2;1;0;A01
201000026381;0;7;0;0;2;4;1;D01
201000026381;0;7;0;0;2;1;1;A01
201000026381;0;7;0;0;2;4;1;C01
201000026381;0;7;0;0;2;4;1;B01
201000026382;0;7;0;2;0;4;1;B01
201000026382;0;7;0;0;2;1;1;A01
201000026383;0;7;0;0;0;9;1;A01
201000026384;0;7;0;3;0;1;1;A01
201000026385;0;1;0;0;2;4;0;B01
201000026385;0;7;0;0;2;1;0;A01
201000026386;0;1;0;0;2;7;0;B01
201000026386;0;10;0;0;2;1;9;A01
201000026387;0;30;0;0;2;4;1;B01
201000026387;0;7;0;0;2;1;1;A01
201000026388;0;7;0;0;2;8;0;B01
201000026388;0;7;0;0;2;9;1;A01
201000026389;0;7;0;0;1;0;0;A01
201000026390;0;7;0;0;2;1;0;A01
201000026390;0;1;0;0;2;8;0;B01
201000026391;0;7;0;0;1;1;1;A01
201000026392;0;7;0;0;2;5;0;B01
201000026392;0;33;0;0;2;4;0;C01
201000026392;0;33;0;0;2;1;0;A01
201000026393;0;33;0;0;2;1;1;A01
201000026393;0;7;0;0;2;7;0;B01
201000026394;0;7;0;0;2;1;1;B01
201000026394;1;7;0;0;2;0;18;A01
201000026395;0;30;0;0;2;1;1;A01
201000026395;1;7;0;0;2;1;1;B01
201000026396;0;7;0;0;2;4;0;B01
201000026396;0;7;0;0;2;1;0;A01
201000026397;0;7;0;0;2;3;9;A01
201000026397;0;7;0;0;2;0;0;B01
201000026398;0;7;0;0;2;4;1;B01
201000026398;0;7;0;0;2;1;1;A01
201000026399;0;32;0;0;1;0;1;A01
201000026400;0;7;0;0;2;1;1;A01
201000026400;0;7;0;0;2;4;1;B01
201000026401;0;7;0;0;2;1;0;B01
201000026401;0;33;0;0;2;1;1;A01
201000026402;0;1;0;0;2;1;19;B01
201000026402;0;7;0;0;2;1;15;A01
201000026403;0;7;0;0;1;3;1;A01
201000026404;0;7;0;0;2;1;1;A01
201000026404;0;1;0;0;2;0;15;B01
201000026405;0;7;0;0;0;9;1;A01
201000026406;0;7;0;0;0;0;0;A01
201000026407;0;7;0;0;0;9;0;A01
201000026408;0;7;0;9;0;1;1;A01
201000026409;0;7;0;0;2;0;0;B01
201000026409;0;7;0;0;2;1;1;A01
201000026410;0;7;0;0;2;1;15;A01
201000026410;0;32;0;0;2;1;1;B01
201000026411;0;7;0;0;2;1;1;A01
201000026411;0;14;0;0;2;4;1;B01
201000026412;0;7;0;0;2;4;1;B01
201000026412;0;7;0;0;2;1;1;A01
201000026413;0;7;0;0;2;4;1;B01
201000026413;0;7;0;0;2;1;0;A01
201000026414;0;7;0;0;2;1;1;A01
201000026414;0;7;0;0;2;4;23;B01
201000026415;0;7;0;0;2;3;0;B01
201000026415;1;7;0;0;2;3;1;A01
201000026416;0;7;0;0;2;1;0;B01
201000026416;0;7;0;0;2;1;15;A01
201000026417;0;7;0;0;2;2;15;A01
201000026417;0;31;0;0;2;1;1;B01
201000026418;0;7;0;0;2;2;15;A01
201000026418;0;33;0;0;2;1;1;B01
201000026419;0;7;0;0;2;8;1;B01
201000026419;0;7;0;0;2;9;15;A01
201000026420;0;7;0;0;1;1;0;A01
201000026421;0;7;0;0;2;1;1;A01
201000026421;0;7;0;0;2;8;1;B01
201000026422;0;7;0;0;2;2;9;A01
201000026422;0;7;0;0;2;3;0;B01
201000026423;0;7;0;0;2;9;17;A01
201000026423;0;14;0;0;2;0;1;B01
201000026424;0;30;0;0;2;1;1;B01
201000026424;0;7;0;0;2;2;15;A01
201000026425;0;7;0;0;2;3;15;B01
201000026425;0;30;0;0;2;7;17;A01
201000026426;0;7;0;0;2;1;15;A01
201000026426;0;33;0;0;2;3;1;B01
201000026427;0;7;0;0;2;1;0;A01
201000026427;0;7;0;15;2;8;1;B01
201000026428;0;7;0;0;1;2;0;A01
201000026429;0;7;0;0;2;3;0;B01
201000026429;0;7;0;0;2;0;0;A01
201000026430;1;7;0;0;2;0;1;B01
201000026430;0;30;0;0;2;1;1;A01
201000026431;0;30;0;0;2;1;1;A01
201000026431;0;7;0;0;2;1;0;B01
201000026432;0;7;0;0;2;2;9;A01
201000026432;0;7;0;0;2;3;1;B01
201000026433;0;7;0;0;2;8;1;A01
201000026433;0;7;0;0;2;1;1;B01
201000026433;0;7;0;0;2;1;1;C01
201000026434;1;7;0;9;2;1;1;A01
201000026434;0;7;0;0;2;1;1;B01
201000026435;0;32;0;0;2;1;1;A01
201000026435;0;7;0;0;2;1;15;B01
201000026436;0;2;0;0;2;0;0;B01
201000026436;0;7;0;0;2;3;15;A01
201000026437;0;7;0;0;1;1;0;A01
201000026438;0;7;0;0;1;3;9;A01
201000026438;0;2;0;0;2;1;1;B01
201000026439;0;33;0;5;0;8;1;A01
201000026440;0;2;0;0;2;1;1;B01
201000026440;1;7;0;0;2;0;17;Z01
201000026441;0;7;0;0;2;9;1;B01
201000026441;0;7;0;0;2;4;1;C01
201000026441;0;7;0;0;2;1;1;A01
201000026442;0;7;0;0;2;6;0;A01
201000026442;0;7;0;0;2;1;0;B01
201000026443;1;7;0;0;2;0;0;A01
201000026443;0;7;0;0;2;5;0;B01
201000026444;0;7;0;0;1;1;0;A01
201000026445;0;7;0;7;2;5;0;A01
201000026445;0;7;0;0;2;1;1;B01
201000026446;0;7;0;0;2;4;23;B01
201000026446;0;10;0;0;2;1;1;A01
201000026447;0;7;0;0;2;3;15;A01
201000026447;0;30;0;0;2;9;1;B01
201000026448;0;7;0;0;2;1;1;B01
201000026448;0;7;0;0;2;1;1;A01
201000026449;0;7;0;0;2;1;16;B01
201000026449;0;7;0;0;2;3;1;A01
201000026450;0;36;0;0;1;2;1;A01
201000026451;0;7;0;0;0;8;15;B02
201000026451;0;7;0;0;2;1;17;A01
201000026452;0;7;0;15;1;3;15;A01
201000026453;0;7;0;0;9;3;21;A01
201000026453;0;31;0;0;2;0;15;B02
201000026454;0;30;0;0;2;1;9;B02
201000026454;0;7;0;0;0;2;1;A01
201000026455;0;33;0;0;2;1;1;A01
201000026455;0;7;0;0;0;4;16;B02
201000026456;0;10;0;0;2;1;17;A01
201000026456;0;7;0;0;2;1;1;B02
201000026457;0;17;0;0;1;2;15;A01
201000026458;0;7;0;0;2;3;1;A01
201000026458;0;33;0;0;2;1;5;B02
201000026459;0;33;0;0;2;1;17;B02
201000026459;0;7;0;0;0;6;1;A01
201000026460;0;7;0;16;0;0;1;A01
201000026461;0;7;0;0;2;8;15;A01
201000026461;0;15;0;0;2;1;1;B02
201000026462;0;38;0;9;2;1;14;A01
201000026463;0;7;0;0;2;1;1;B02
201000026463;0;7;0;0;2;8;10;A01
201000026464;0;7;0;0;2;0;1;B02
201000026464;0;33;0;0;2;8;17;A01
201000026465;0;7;0;0;2;3;13;A01
201000026465;0;7;0;0;2;3;1;B02
201000026466;0;7;0;0;2;6;15;A01
201000026466;0;31;0;0;2;1;1;B02
201000026467;0;7;0;0;2;8;1;B02
201000026467;0;7;0;13;2;9;1;A01
201000026468;0;7;0;0;2;7;15;A01
201000026468;0;31;0;0;2;1;1;B02
201000026469;0;10;0;0;1;2;1;A01
201000026470;0;7;0;0;2;2;1;A01
201000026470;0;7;0;0;2;2;15;B02
201000026471;0;33;0;0;2;1;2;B02
201000026471;0;10;0;0;0;4;23;A01
201000026472;0;7;0;13;0;0;1;A01
201000026473;0;7;0;0;0;1;13;A01
201000026474;0;7;0;0;1;2;1;A01
201000026475;0;7;0;0;2;3;15;A01
201000026475;0;7;0;0;2;3;5;B02
201000026476;0;7;0;0;2;1;1;A01
201000026476;0;7;0;0;2;8;10;B02
201000026477;0;7;0;0;2;1;1;C03
201000026477;0;3;0;0;2;1;13;A01
201000026477;0;7;0;0;2;3;1;B02
201000026478;0;7;0;13;0;3;1;A01
201000026479;0;7;0;4;0;3;13;A01
201000026480;0;7;0;4;0;1;17;A01
201000026481;0;15;0;0;2;3;21;A01
201000026481;0;7;0;0;2;5;1;B02
201000026482;0;7;0;0;0;3;2;E05
201000026482;0;7;0;0;0;6;2;B02
201000026482;0;7;0;0;0;4;2;C03
201000026482;0;7;0;0;0;1;2;A01
201000026482;0;7;0;0;0;4;2;D04
201000026483;0;17;0;1;0;2;1;A01
201000026483;0;17;0;0;2;6;23;B02
201000026484;0;7;0;0;2;1;2;A01
201000026484;0;7;0;0;0;4;1;B02
201000026485;0;17;0;0;2;6;1;B02
201000026485;0;7;0;0;2;2;2;A01
201000026486;0;10;0;0;2;2;14;A01
201000026486;0;17;0;0;0;4;1;B02
201000026487;0;7;0;6;0;3;1;A01
201000026488;0;7;0;4;0;1;1;A01
201000026489;0;7;0;0;2;4;1;C03
201000026489;0;7;0;0;2;5;1;B02
201000026489;0;7;0;0;2;3;13;A01
201000026490;0;7;0;13;0;1;14;A01
201000026491;0;7;0;1;0;1;2;B02
201000026491;0;10;0;4;0;1;1;A01
201000026492;0;7;0;13;0;9;14;A01
201000026493;0;7;0;13;0;1;1;A01
201000026494;0;7;0;0;0;2;14;A01
201000026495;0;7;0;0;2;4;2;B02
201000026495;0;7;0;0;2;1;1;A01
201000026495;0;7;0;0;0;5;2;C03
201000026495;0;7;0;0;0;6;2;D04
201000026496;0;7;0;13;0;1;14;A01
201000026497;0;7;0;4;2;3;11;A01
201000026497;0;10;0;0;2;8;1;B02
201000026498;0;7;0;6;0;1;1;A01
201000026499;0;7;0;0;0;8;9;A01
201000026499;0;30;0;0;2;1;1;B01
201000026500;0;7;0;0;2;1;2;A01
201000026500;0;7;0;0;0;4;2;B01
201000026501;0;7;0;1;1;3;1;A01
201000026502;0;7;0;0;1;3;1;A01
201000026503;0;2;0;0;2;1;1;A01
201000026503;0;7;0;0;2;4;1;B01
201000026504;0;7;0;0;1;3;15;A01
201000026505;0;7;0;0;2;2;1;B01
201000026505;0;7;0;0;2;2;15;A01
201000026506;1;99;0;0;0;0;1;A01
201000026507;0;7;0;0;2;1;1;A01
201000026507;0;7;0;0;2;4;23;B01
201000026508;0;7;0;0;2;3;20;A01
201000026508;0;15;0;0;2;7;12;B01
201000026508;0;7;0;0;2;6;24;C01
201000026509;0;33;0;0;2;1;1;A01
201000026509;0;7;0;0;2;3;1;B01
201000026510;0;7;0;0;1;6;0;A01
201000026511;0;14;0;0;2;5;15;A01
201000026511;0;2;0;0;2;1;1;B01
201000026512;0;7;0;0;1;2;1;A01
201000026513;0;7;0;0;2;1;1;A01
201000026513;0;7;0;0;0;6;1;B01
201000026514;0;33;0;15;0;1;0;A01
201000026515;0;2;0;0;1;1;1;A01
201000026516;0;14;0;0;1;1;4;A01
201000026517;0;7;0;0;1;1;1;A01
201000026518;0;7;0;0;2;1;1;A01
201000026518;0;7;0;0;2;8;15;B01
201000026519;0;33;0;0;2;1;1;A01
201000026519;0;7;0;0;0;7;15;B01
201000026520;2;7;0;0;2;1;13;A01
201000026520;0;7;0;0;2;1;1;B01
201000026521;0;2;0;0;1;2;1;A01
201000026522;0;7;0;0;2;3;1;A01
201000026522;0;2;0;0;2;5;1;B01
201000026523;0;7;0;0;1;1;1;A01
201000026524;0;2;0;0;0;1;1;A01
201000026525;0;7;0;0;0;8;1;A01
201000026526;0;2;0;0;2;1;2;A01
201000026526;0;7;0;0;0;6;1;B01
201000026527;0;7;0;0;1;1;15;A01
201000026528;0;7;0;0;1;1;1;A01
201000026529;2;10;0;0;2;1;1;A01
201000026529;0;7;0;0;0;6;1;B01
201000026530;0;7;0;0;1;3;17;A01
201000026531;0;7;0;0;2;1;15;A01
201000026531;0;7;0;0;2;1;1;B01
201000026532;0;7;0;0;1;1;1;A01
201000026533;0;7;0;0;1;5;1;A01
201000026534;0;7;0;0;2;1;1;A01
201000026534;0;30;0;0;2;2;16;B01
201000026535;0;7;0;0;2;2;1;A01
201000026535;0;7;0;0;2;1;9;B01
201000026536;0;7;0;0;0;3;13;A01
201000026536;0;7;0;0;2;3;1;B01
201000026537;0;7;0;0;0;2;1;B01
201000026537;0;10;0;0;0;3;1;A01
201000026538;0;7;0;0;9;1;15;A01
201000026538;0;1;0;0;2;7;1;B01
201000026539;0;7;0;0;2;1;1;A01
201000026539;0;7;0;0;2;8;1;B01
201000026540;0;14;0;0;1;6;4;A01
201000026541;0;7;0;0;1;3;1;A01
201000026542;0;30;0;0;0;0;1;A01
201000026543;0;7;0;0;2;3;15;A01
201000026543;0;7;0;0;2;3;1;B01
201000026544;0;7;0;8;0;1;1;A01
201000026545;0;30;0;0;0;8;1;A01
201000026546;0;7;0;0;0;3;1;A01
201000026547;0;31;0;0;0;1;1;A01
201000026548;0;10;0;0;0;2;17;A01
201000026549;0;7;0;13;6;2;1;A01
201000026550;0;7;0;0;2;2;15;A01
201000026550;0;7;0;0;2;1;1;B01
201000026551;0;7;0;0;2;4;2;C01
201000026551;0;7;0;0;2;4;2;B01
201000026551;0;7;0;0;2;1;1;A01
201000026552;0;7;0;2;0;1;1;A01
201000026553;0;33;0;0;2;1;21;B01
201000026553;0;13;0;0;2;3;15;A01
201000026554;0;7;0;0;1;1;1;A01
201000026555;0;2;0;0;2;1;1;B01
201000026555;0;7;0;0;2;2;15;A01
201000026556;0;33;0;0;0;1;17;A01
201000026556;0;7;0;0;0;3;15;B01
201000026557;0;10;0;0;2;1;18;A01
201000026557;0;10;0;0;2;1;1;B01
201000026558;0;7;0;0;0;0;1;A01
201000026559;0;7;0;0;2;3;1;A01
201000026559;0;7;0;0;2;3;1;B01
201000026560;0;7;0;0;0;0;0;A01
201000026561;0;7;0;1;0;1;0;A01
201000026562;0;7;0;0;2;7;15;A01
201000026562;0;7;0;0;2;1;1;B01
201000026563;0;7;0;13;0;2;1;A01
201000026564;0;33;0;0;0;8;17;B02
201000026564;0;33;0;3;0;9;17;A01
201000026565;0;7;0;0;0;1;2;B02
201000026565;0;7;0;0;0;4;2;A01
201000026566;0;7;0;13;0;1;1;A01
201000026567;0;7;0;0;1;2;1;A01
201000026568;0;7;0;0;2;3;1;B02
201000026568;0;33;0;0;2;8;17;A01
201000026569;0;30;0;2;0;1;13;A01
201000026570;0;30;0;0;2;2;0;B02
201000026570;0;30;0;0;2;2;1;A01
201000026571;0;7;0;0;0;7;5;A01
201000026571;0;2;0;0;0;1;1;B02
201000026572;0;7;0;0;2;3;17;B02
201000026572;0;2;0;0;2;1;1;A01
201000026573;0;7;0;0;1;1;1;A01
201000026574;0;7;0;0;2;1;1;B01
201000026574;0;7;0;0;2;1;1;A01
201000026575;0;7;0;0;1;1;1;A01
201000026576;0;10;0;15;0;1;1;A01
201000026577;0;10;0;0;2;1;1;A01
201000026577;0;7;0;0;2;2;1;B01
201000026578;0;7;0;13;0;0;1;A01
201000026579;0;7;0;0;1;1;15;A01
201000026580;0;7;0;0;1;4;4;A01
201000026580;0;7;0;0;0;4;24;B01
201000026581;0;7;0;1;0;1;1;A01
201000026582;0;7;0;0;2;3;1;A01
201000026582;0;7;0;0;2;8;15;B01
201000026583;0;7;0;0;2;1;1;A01
201000026583;0;7;0;0;2;4;15;B01
201000026584;0;7;0;1;2;3;1;B01
201000026584;0;99;0;0;2;7;15;A01
201000026585;0;7;0;0;1;1;1;A01
201000026586;0;7;0;0;2;3;10;A01
201000026586;0;33;0;0;2;1;1;B01
201000026587;0;1;0;0;2;1;1;A01
201000026588;0;7;0;0;2;7;15;A01
201000026588;0;10;0;0;2;1;1;B01
201000026589;0;7;0;2;2;9;17;A01
201000026589;0;7;0;0;2;6;1;B01
201000026590;0;34;0;0;2;1;1;B01
201000026590;1;7;0;0;2;4;9;A01
201000026591;0;7;0;13;0;1;1;A01
201000026592;0;7;0;0;9;1;1;A01
201000026592;0;1;0;0;2;1;13;B02
201000026593;0;7;0;4;0;3;17;A01
201000026594;0;7;0;0;0;6;2;B02
201000026594;0;33;0;0;2;1;2;A01
201000026595;0;7;0;0;9;1;0;A01
201000026596;0;7;0;0;2;1;19;A01
201000026596;0;31;0;0;2;3;1;B02
201000026597;0;7;0;7;0;3;1;A01
201000026598;0;33;0;0;2;1;3;A01
201000026598;0;7;0;0;2;2;1;C03
201000026598;0;10;0;0;0;6;1;B02
201000026599;0;2;0;0;2;1;23;B02
201000026599;0;32;0;0;2;1;5;A01
201000026600;0;7;0;0;2;3;1;A01
201000026600;0;31;0;0;2;1;1;B02
201000026601;0;10;0;0;0;6;1;A01
201000026601;0;33;0;0;0;1;13;B02
201000026602;0;10;0;0;2;3;11;A01
201000026602;0;10;0;0;0;4;23;C03
201000026602;0;2;0;0;2;1;3;B02
201000026603;0;7;0;4;0;1;0;A01
201000026604;0;7;0;0;2;1;2;A01
201000026604;0;17;0;0;2;4;2;B02
201000026605;0;7;0;13;2;9;1;A01
201000026605;0;17;0;0;2;2;1;B02
201000026606;0;7;0;1;0;3;1;A01
201000026607;0;7;0;3;0;2;1;A01
201000026608;0;7;0;0;2;1;2;B02
201000026608;0;7;0;0;0;4;2;A01
201000026609;0;7;0;3;0;1;1;A01
201000026610;0;20;0;0;2;1;1;B02
201000026610;0;31;0;0;2;1;17;A01
201000026611;0;7;0;0;0;1;0;B02
201000026611;0;7;0;0;0;1;13;A01
201000026612;0;38;0;0;1;0;0;A01
201000026613;0;7;0;0;1;0;0;A01
201000026614;0;7;0;0;2;0;0;A01
201000026614;0;7;0;0;2;0;0;B01
201000026615;0;37;30;0;1;7;0;A01
201000026616;0;33;0;0;2;1;2;A01
201000026616;0;7;0;0;2;4;2;B01
201000026617;0;7;0;0;2;5;15;A01
201000026617;0;7;0;0;2;2;1;B01
201000026618;0;7;0;0;9;8;10;A01
201000026618;0;33;0;0;2;1;1;B01
201000026619;0;7;0;0;9;1;2;A01
201000026619;0;1;0;0;2;0;19;B01
201000026620;0;7;0;0;9;4;23;A01
201000026620;0;1;0;0;2;1;1;B01
201000026621;0;7;0;0;1;0;0;A01
201000026622;0;7;0;0;1;0;1;A01
201000026623;0;7;0;0;2;4;0;C01
201000026623;0;7;0;0;2;4;0;B01
201000026623;0;7;0;0;2;1;0;A01
201000026624;0;30;0;0;2;1;1;A01
201000026624;0;7;0;0;9;3;13;B01
201000026625;0;7;0;0;2;4;1;B01
201000026625;0;7;0;0;2;1;1;A01
201000026626;0;7;0;1;0;1;0;A01
201000026627;0;7;0;0;1;1;0;A01
201000026628;0;7;0;0;2;1;1;A01
201000026628;0;7;0;0;2;7;15;B01
201000026629;0;7;0;0;1;1;1;A01
201000026630;0;7;0;0;1;1;0;A01
201000026631;0;7;0;0;2;3;15;A01
201000026631;0;2;0;0;2;1;13;B01
201000026632;0;7;0;0;9;0;0;A01
201000026632;0;2;0;0;2;1;1;B01
201000026633;0;99;0;0;0;0;0;A01
201000026634;0;7;0;0;0;1;15;A01
201000026635;0;15;0;0;0;0;15;A01
201000026636;0;7;0;0;1;1;0;A01
201000026637;0;10;0;4;2;1;1;A01
201000026637;0;7;0;0;2;1;1;B01
201000026638;0;7;0;0;1;0;1;A01
201000026639;0;7;0;0;9;4;0;A01
201000026639;0;30;0;0;2;1;0;B01
201000026640;0;7;0;0;2;2;0;B01
201000026640;0;13;0;0;2;1;0;A01
201000026641;0;30;0;0;2;1;1;B01
201000026641;0;7;0;0;2;3;15;A01
201000026642;0;2;0;0;0;0;0;A01
201000026643;0;7;0;0;2;8;10;A01
201000026643;0;7;0;0;2;1;1;B01
201000026644;0;7;0;11;0;1;0;A01
201000026645;0;7;0;0;2;1;1;B01
201000026645;0;32;0;0;2;7;15;A01
201000026646;0;7;0;0;2;1;1;B01
201000026646;0;7;0;0;2;1;13;A01
201000026647;0;7;0;0;2;1;1;A01
201000026647;0;10;0;0;2;4;1;B01
201000026647;0;7;0;0;2;1;1;C01
201000026648;0;7;0;0;2;1;1;B01
201000026648;0;7;0;0;2;1;5;A01
201000026649;0;7;0;0;2;1;1;B01
201000026649;0;7;0;0;2;3;16;A01
201000026650;0;7;0;8;0;1;0;A01
201000026651;0;7;0;0;1;3;15;A01
201000026652;0;33;0;0;2;1;1;A01
201000026652;0;7;0;0;2;8;15;B01
201000026653;0;7;0;0;1;0;1;A01
201000026654;0;2;0;0;0;0;15;A01
201000026655;0;2;0;0;2;1;2;A01
201000026655;0;7;0;0;0;4;2;B01
201000026656;0;7;0;0;2;1;2;B01
201000026656;0;7;0;0;0;4;2;A01
201000026657;0;7;0;1;0;1;0;A01
201000026658;0;7;0;0;2;1;2;A01
201000026658;0;7;0;0;0;4;15;B01
201000026659;0;7;0;0;2;1;0;A01
201000026659;0;7;0;0;0;3;0;B01
201000026660;0;7;0;0;2;1;2;A01
201000026660;0;7;0;0;0;4;2;B01
201000026661;0;10;0;0;2;8;10;A01
201000026661;0;33;0;0;2;1;1;B01
201000026662;0;7;0;3;0;1;0;A01
201000026663;0;7;0;0;2;2;15;A01
201000026663;0;1;0;0;2;1;1;B01
201000026664;0;7;0;0;1;1;15;A01
201000026665;0;33;0;0;2;1;5;C01
201000026665;0;7;0;0;2;4;23;B01
201000026665;0;7;0;0;2;1;1;A01
201000026666;0;7;0;0;2;4;1;A01
201000026666;0;7;0;0;2;4;1;B01
201000026667;0;7;0;0;2;7;15;B01
201000026667;0;31;0;0;2;1;1;A01
201000026668;0;7;0;0;1;8;1;A01
201000026669;0;2;0;0;2;1;17;A01
201000026669;0;33;0;0;2;4;17;B01
201000026670;0;7;0;0;2;1;1;A01
201000026671;0;7;0;0;2;4;4;A01
201000026671;0;7;0;0;2;1;1;B01
201000026672;0;2;0;0;0;0;0;A01
201000026673;0;7;0;0;0;0;14;A01
201000026674;0;7;0;0;2;4;1;B01
201000026674;0;7;0;0;2;4;1;C01
201000026674;1;7;0;0;2;0;1;A01
201000026675;0;7;0;0;2;4;1;B01
201000026675;0;7;0;0;2;1;1;A01
201000026676;0;7;0;0;2;8;15;A01
201000026676;0;2;0;0;2;1;1;B01
201000026677;0;7;0;0;1;1;1;A01
201000026678;0;2;0;0;0;0;13;A01
201000026679;0;2;0;0;0;0;15;A01
201000026680;0;7;0;0;2;2;1;A01
201000026680;0;7;0;0;2;3;1;B01
201000026681;0;7;0;0;2;7;15;A01
201000026681;0;7;0;0;2;1;1;B01
201000026682;0;30;0;0;0;0;0;A01
201000026683;0;7;0;0;0;0;1;A01
201000026684;0;7;0;0;0;0;1;A01
201000026685;0;33;0;0;2;1;17;A01
201000026685;0;7;0;0;2;4;17;B01
201000026686;0;7;0;0;9;8;15;A01
201000026686;0;1;0;0;2;1;5;B01
201000026687;1;7;0;0;0;0;0;Z01
201000026687;0;30;0;0;0;0;1;A01
201000026688;0;33;0;0;2;1;1;B01
201000026688;0;7;0;0;2;8;10;A01
201000026689;0;7;0;0;2;1;14;A01
201000026689;0;33;0;0;2;7;13;B01
201000026690;0;7;0;0;1;7;16;A01
201000026691;0;10;0;0;2;1;1;A01
201000026691;0;7;0;0;2;4;1;B01
201000026692;0;3;0;0;2;1;1;B01
201000026692;0;37;1;0;2;5;1;A01
201000026693;0;7;0;0;2;4;1;B01
201000026693;0;7;0;0;2;1;1;A01
201000026694;0;10;0;0;2;8;15;B01
201000026694;0;10;0;8;2;1;17;A01
201000026695;0;7;0;0;1;0;1;A01
201000026696;0;7;0;0;2;7;17;A01
201000026696;0;7;0;0;2;1;1;B01
201000026697;0;7;0;0;2;2;10;A01
201000026697;0;10;0;0;2;2;1;B01
201000026698;0;7;0;0;1;1;1;A01
201000026699;0;7;0;0;1;1;1;A01
201000026700;1;7;0;0;2;4;0;Z01
201000026700;0;7;0;0;2;1;1;A01
201000026700;0;7;0;0;2;1;1;B01
201000026701;0;7;0;0;2;1;15;A01
201000026701;0;7;0;0;2;3;1;B01
201000026702;0;7;0;0;9;0;0;A01
201000026703;0;30;0;0;2;1;1;A01
201000026703;0;7;0;0;2;4;1;B01
201000026704;0;10;0;0;2;1;1;B01
201000026704;0;7;0;0;2;1;5;A01
201000026705;0;7;0;0;9;1;1;A01
201000026706;0;7;0;11;0;1;1;A01
201000026707;0;7;0;0;1;1;1;A01
201000026708;0;7;0;0;1;7;1;A01
201000026709;2;7;0;0;2;1;15;A01
201000026709;0;7;0;0;2;8;1;B01
201000026710;0;7;0;0;9;1;1;A01
201000026710;0;1;0;0;2;4;1;B01
201000026711;0;7;0;1;0;1;1;A01
201000026712;0;2;0;0;1;0;1;A01
201000026713;0;7;0;10;2;1;1;A01
201000026713;0;33;0;0;2;4;1;B01
201000026714;0;7;0;0;9;7;1;A01
201000026714;0;30;0;0;2;8;1;B01
201000026715;0;7;0;0;2;7;15;A01
201000026715;0;33;0;0;2;1;1;B01
201000026716;0;7;0;15;0;1;1;A01
201000026717;0;7;0;0;9;1;1;A01
201000026717;0;1;0;0;2;7;19;B01
201000026718;0;33;0;1;0;1;1;A01
201000026719;0;15;0;3;0;8;1;A01