num_acc;senc;catv;occutc;obs;obsm;choc;manv;num_veh
201000026720;0;7;0;0;2;8;1;B01
201000026720;1;7;0;1;2;0;14;Z01
201000026721;0;7;0;0;2;3;1;A01
201000026721;0;7;0;0;2;2;1;B01
201000026722;0;7;0;0;0;0;5;A01
201000026723;0;7;0;14;0;1;1;A01
201000026724;0;2;0;12;0;0;5;A01
201000026725;0;30;0;0;2;0;0;A01
201000026725;0;30;0;0;2;0;0;B01
201000026726;0;10;0;0;1;3;15;A01
201000026727;0;7;0;0;2;4;1;B01
201000026727;0;7;0;0;2;1;1;A01
201000026728;0;30;0;12;0;0;1;A01
201000026729;0;7;0;0;9;3;24;A01
201000026729;0;1;0;0;2;1;1;B01
201000026730;0;33;0;0;2;2;17;A01
201000026730;0;7;0;0;2;8;15;B01
201000026731;0;7;0;0;2;1;9;A01
201000026731;0;30;0;0;2;7;9;B01
201000026732;0;30;0;0;0;7;0;A01
201000026733;0;30;0;0;2;3;1;A01
201000026733;0;7;0;0;2;1;1;B01
201000026734;0;7;0;0;2;3;13;A01
201000026734;0;10;0;0;2;3;1;B01
201000026735;0;31;0;0;0;0;1;A01
201000026736;0;30;0;0;0;0;21;A01
201000026736;0;7;0;0;0;0;23;B01
201000026737;0;7;0;0;2;1;1;B01
201000026737;0;7;0;0;2;2;15;A01
201000026738;0;1;0;0;0;0;16;A01
201000026739;0;2;0;11;0;1;1;A01
201000026740;0;7;0;0;2;2;1;B01
201000026740;0;30;0;0;2;1;1;A01
201000026741;0;7;0;0;2;3;1;B01
201000026741;0;7;0;0;2;2;9;A01
201000026742;0;33;0;0;2;3;21;B01
201000026742;0;7;0;0;2;2;15;A01
201000026743;0;7;0;0;2;3;15;B01
201000026743;0;2;0;0;2;1;1;A01
201000026744;0;7;0;3;0;1;1;A01
201000026745;0;7;0;0;2;1;1;A01
201000026745;0;7;0;0;2;6;0;B01
201000026746;0;7;0;0;2;8;1;A01
201000026746;0;7;0;0;2;3;1;B01
201000026747;0;2;0;0;0;1;0;A01
201000026748;0;7;0;0;2;1;15;B01
201000026748;0;30;0;0;2;0;8;A01
201000026749;0;1;0;0;2;1;1;B01
201000026749;0;7;0;0;2;4;20;A01
201000026750;1;7;0;0;1;1;1;A01
201000026751;0;10;0;0;2;3;10;A01
201000026751;0;2;0;0;2;1;1;B01
201000026752;0;7;0;0;2;2;15;A01
201000026752;0;33;0;0;2;1;1;B01
201000026753;0;7;0;0;1;2;1;A01
201000026754;0;7;0;0;2;4;1;B01
201000026754;0;7;0;0;2;1;1;A01
201000026755;0;30;0;0;2;1;8;A01
201000026755;0;7;0;0;2;2;15;B01
201000026756;0;2;0;0;2;1;23;B01
201000026756;0;7;0;0;2;4;4;A01
201000026757;0;7;0;0;2;3;0;A01
201000026757;0;33;0;0;2;2;1;B01
201000026758;0;7;0;0;2;2;15;B01
201000026758;0;1;0;0;2;2;15;A01
201000026759;0;7;0;0;2;3;1;B01
201000026759;0;7;0;0;2;2;15;A01
201000026760;0;1;0;0;2;4;1;B01
201000026760;0;7;0;0;2;2;1;A01
201000026761;0;33;0;0;2;1;1;B01
201000026761;0;7;0;0;2;1;15;A01
201000026762;0;2;0;0;2;1;7;A01
201000026762;0;7;0;0;2;2;16;B01
201000026763;0;10;0;0;2;5;1;B01
201000026763;0;2;0;0;2;1;1;A01
201000026764;0;7;0;0;0;0;14;A01
201000026765;0;10;0;0;2;1;1;A01
201000026765;0;7;0;0;2;4;2;B01
201000026766;0;33;0;0;2;1;1;B01
201000026766;0;7;0;0;2;2;15;A01
201000026767;1;30;0;0;2;1;1;A01
201000026767;1;7;0;0;2;4;1;B01
201000026768;0;7;0;15;0;1;1;A01
201000026769;0;7;0;0;2;7;1;B01
201000026769;0;33;0;0;2;3;15;A01
201000026770;0;1;0;0;2;1;1;B01
201000026770;0;2;0;0;2;1;1;A01
201000026771;0;2;0;0;2;7;1;B01
201000026771;0;7;0;0;2;8;1;A01
201000026772;0;2;0;0;2;7;1;B01
201000026772;0;7;0;0;2;3;9;A01
201000026773;1;7;0;0;2;4;0;C01
201000026773;0;7;0;1;0;8;1;A01
201000026773;1;7;0;0;0;4;0;B01
201000026774;0;32;0;0;2;6;1;B01
201000026774;0;7;0;0;2;3;15;A01
201000026775;0;7;0;0;9;2;1;B01
201000026775;0;1;0;0;2;1;19;A01
201000026776;0;10;0;0;2;7;4;A01
201000026776;0;7;0;0;2;1;1;B01
201000026777;0;7;0;0;2;4;1;B01
201000026777;0;7;0;0;2;3;1;A01
201000026778;0;2;0;0;0;1;5;A01
201000026778;0;10;0;0;0;8;15;B01
201000026779;1;7;0;0;2;7;15;A01
201000026779;0;1;0;0;2;1;1;B01
201000026780;0;7;0;0;2;4;1;B01
201000026780;0;7;0;0;2;1;1;A01
201000026781;0;7;0;0;1;3;15;A01
201000026781;0;1;0;0;0;0;0;B01
201000026782;0;7;0;0;2;3;20;A01
201000026782;0;33;0;0;2;1;1;B01
201000026783;0;31;0;1;0;0;17;A01
201000026784;1;7;0;3;2;1;11;A01
201000026784;0;7;0;0;2;5;1;B01
201000026785;0;7;0;0;1;1;1;A01
201000026786;0;7;0;0;2;1;1;B01
201000026786;1;7;0;0;2;3;19;A01
201000026787;0;7;0;0;1;3;1;A01
201000026788;0;7;0;0;2;4;2;B01
201000026788;0;7;0;0;2;1;2;A01
201000026788;0;7;0;0;0;4;2;C01
201000026789;0;17;0;0;0;7;15;A01
201000026790;0;7;0;2;0;1;0;A01
201000026791;0;3;0;0;1;1;1;A01
201000026792;0;31;0;0;0;0;0;A01
201000026793;0;30;0;0;2;1;0;A01
201000026793;0;7;0;0;0;6;20;B01
201000026794;0;30;0;0;2;1;0;A01
201000026794;0;7;0;0;2;7;16;B01
201000026795;0;37;0;0;1;2;0;A01
201000026796;0;7;0;0;2;2;15;A01
201000026796;0;7;0;0;2;2;1;B01
201000026797;0;7;0;8;0;1;1;A01
201000026798;0;7;0;0;1;3;1;A01
201000026799;0;10;0;0;2;3;13;A01
201000026799;0;15;0;0;2;3;1;B01
201000026800;0;7;0;0;2;1;2;A01
201000026800;0;7;0;0;0;4;23;B01
201000026801;0;7;0;0;0;3;19;A01
201000026802;0;7;0;0;1;3;1;A01
201000026803;0;10;0;13;0;9;4;A01
201000026804;0;7;0;0;2;1;15;B02
201000026804;0;2;0;0;2;7;19;A01
201000026805;0;33;0;0;6;1;1;A01
201000026806;0;7;0;0;1;2;1;A01
201000026807;0;7;0;6;1;2;14;A01
201000026808;0;3;0;2;0;8;1;A01
201000026809;0;7;0;13;0;9;14;A01
201000026810;0;33;0;11;0;1;1;A01
201000026811;0;15;0;0;2;3;1;B02
201000026811;0;10;0;0;2;3;13;A01
201000026812;0;15;0;0;2;8;1;B02
201000026812;0;15;0;0;2;3;1;C03
201000026812;0;7;0;0;2;3;13;A01
201000026813;0;7;0;0;2;3;1;A01
201000026813;0;7;0;0;2;3;1;B02
201000026814;0;7;0;2;0;1;15;A01
201000026815;0;2;0;0;2;8;1;B02
201000026815;0;7;0;0;2;1;15;A01
201000026816;0;30;0;0;9;8;15;A01
201000026817;0;7;0;0;2;1;5;A01
201000026817;0;37;1;0;2;1;1;B02
201000026818;0;7;0;1;0;2;2;A01
201000026819;0;7;0;0;2;1;2;A01
201000026819;0;7;0;0;2;4;2;B01
201000026820;0;7;0;0;2;4;2;B01
201000026820;0;7;0;0;2;1;2;A01
201000026821;0;7;0;12;0;2;14;A01
201000026822;0;7;0;0;2;3;2;B01
201000026822;0;7;0;0;2;3;13;A01
201000026823;0;30;0;0;2;1;0;A01
201000026823;0;7;0;0;2;8;2;B01
201000026824;0;7;0;0;2;2;2;B01
201000026824;2;7;0;14;2;5;5;Z01
201000026825;0;7;0;0;2;4;2;B01
201000026825;0;7;0;0;2;1;2;A01
201000026826;0;7;0;0;0;0;9;A01
201000026827;0;7;0;0;2;1;15;A01
201000026827;0;7;0;0;2;1;2;B01
201000026828;0;7;0;0;2;1;2;A01
201000026828;0;7;0;0;0;4;2;B01
201000026829;0;7;0;9;2;1;2;A01
201000026829;0;7;0;0;0;6;2;B01
201000026830;0;7;0;0;2;3;10;A01
201000026830;0;7;0;0;2;1;2;B01
201000026831;0;7;0;0;2;3;1;A01
201000026831;0;33;0;1;2;1;0;B01
201000026832;0;7;0;0;2;1;2;B01
201000026832;0;7;0;0;2;3;9;A01
201000026833;0;7;0;0;2;1;2;A01
201000026833;0;7;0;0;2;4;2;B01
201000026834;0;13;0;0;2;7;2;A01
201000026834;0;33;0;0;2;8;2;B01
201000026835;0;7;0;0;2;1;2;B01
201000026835;0;7;0;0;2;3;0;A01
201000026836;0;7;0;0;2;4;2;B01
201000026836;0;7;0;0;2;4;2;C01
201000026836;0;7;0;0;2;1;2;A01
201000026837;0;7;0;0;2;1;15;A01
201000026837;0;7;0;0;2;3;2;B01
201000026838;0;7;0;0;0;0;0;A01
201000026839;0;15;0;0;2;3;2;B01
201000026839;0;30;0;0;2;1;9;A01
201000026840;0;7;0;0;2;4;2;B01
201000026840;0;7;0;0;2;4;2;D01
201000026840;0;7;0;0;2;4;2;C01
201000026840;0;7;0;0;2;1;2;A01
201000026841;0;33;0;0;0;8;2;A01
201000026842;0;2;0;0;0;0;2;A01
201000026843;0;7;0;1;2;8;2;B01
201000026843;0;7;0;0;2;1;0;A01
201000026844;0;7;0;0;1;1;2;A01
201000026845;0;7;0;6;0;3;0;A01
201000026846;1;7;0;0;1;0;0;Z01
201000026847;0;33;0;0;0;7;2;A01
201000026848;0;1;0;0;1;7;2;A01
201000026849;0;7;0;0;2;1;2;A01
201000026849;0;7;0;0;2;4;2;B01
201000026850;0;7;0;0;0;9;2;A01
201000026851;0;7;0;15;0;7;0;A01
201000026852;0;7;0;13;0;0;2;A01
201000026853;0;7;0;0;2;3;2;B01
201000026853;0;7;0;0;2;3;5;A01
201000026854;0;7;0;0;2;1;10;A01
201000026854;0;7;0;0;2;4;2;B01
201000026855;0;7;0;0;2;1;5;A01
201000026855;0;7;0;0;2;1;2;C01
201000026855;0;7;0;0;2;1;2;B01
201000026856;0;7;0;0;2;1;0;A01
201000026856;0;7;0;1;2;1;2;B01
201000026857;0;7;0;0;2;6;2;B01
201000026857;0;7;0;0;2;1;2;A01
201000026858;1;7;0;0;2;1;2;Z01
201000026858;0;7;0;0;2;4;2;B01
201000026859;0;7;0;0;0;4;2;C01
201000026859;0;7;0;0;2;4;2;B01
201000026859;0;7;0;0;2;1;2;A01
201000026860;0;7;0;0;2;7;0;A01
201000026860;0;7;0;0;2;1;2;B01
201000026861;0;7;0;0;2;4;2;B01
201000026861;0;7;0;0;2;1;2;A01
201000026862;0;7;0;0;2;6;10;A01
201000026862;0;37;1;0;2;2;2;B01
201000026863;0;33;0;0;6;1;2;A01
201000026864;0;3;0;0;2;6;2;B01
201000026864;0;7;0;0;2;3;2;A01
201000026865;0;7;0;0;9;5;16;A01
201000026865;0;1;0;0;2;8;2;B01
201000026866;0;31;0;12;0;1;2;A01
201000026867;0;7;0;0;2;1;13;A01
201000026867;0;7;0;0;2;1;2;B01
201000026868;0;2;0;0;0;0;0;A01
201000026869;0;2;0;0;0;0;0;A01
201000026870;0;7;0;0;2;1;2;A01
201000026870;0;7;0;0;2;4;2;B01
201000026871;0;33;0;0;2;1;2;A01
201000026871;0;7;0;0;2;2;2;B01
201000026872;1;7;0;0;1;0;0;A01
201000026873;0;7;0;0;2;1;2;B01
201000026873;0;7;0;0;2;6;0;A01
201000026874;0;7;0;0;0;7;2;A01
201000026875;0;2;0;0;0;0;0;A01
201000026876;0;7;0;0;2;3;13;A01
201000026876;0;7;0;0;2;3;2;B01
201000026877;0;7;0;0;2;1;2;A01
201000026877;0;7;0;0;2;4;2;B01
201000026878;0;7;0;0;0;1;12;A01
201000026879;0;7;0;0;1;1;2;A01
201000026880;0;7;0;0;1;7;2;A01
201000026880;1;7;0;0;2;1;2;Z01
201000026881;2;30;0;0;1;1;2;Z01
201000026882;0;10;0;0;1;4;4;A01
201000026883;0;7;0;0;2;2;15;A01
201000026883;0;7;0;0;2;1;2;B01
201000026884;0;7;0;0;1;1;2;A01
201000026885;0;31;0;0;0;0;2;A01
201000026886;0;33;0;0;0;0;1;A01
201000026887;0;7;0;0;2;2;2;B01
201000026887;0;1;0;0;2;1;19;A01
201000026888;0;7;0;0;1;8;2;A01
201000026889;0;15;0;0;2;3;2;B01
201000026889;0;7;0;0;2;1;2;C01
201000026889;0;17;0;0;2;2;17;A01
201000026890;0;7;0;0;2;1;2;A01
201000026890;0;7;0;0;2;4;2;B01
201000026891;1;7;0;0;1;7;2;A01
201000026892;0;7;0;0;2;7;16;B01
201000026892;0;31;0;0;2;1;18;A01
201000026893;0;7;0;0;2;7;15;B01
201000026893;0;10;0;0;2;1;2;A01
201000026894;0;7;0;10;0;0;2;A01
201000026895;0;7;0;0;2;1;13;A01
201000026895;0;7;0;0;2;3;2;B01
201000026896;0;7;0;0;2;4;2;B01
201000026896;0;7;0;0;2;1;2;A01
201000026897;0;7;0;0;2;1;2;B01
201000026897;0;7;0;0;2;7;19;A01
201000026898;0;10;0;0;1;1;2;A01
201000026899;0;17;0;0;2;5;2;A01
201000026899;0;7;0;0;2;8;2;B01
201000026900;0;31;0;0;0;0;2;A01
201000026901;0;2;0;0;2;1;2;A01
201000026901;0;7;0;0;2;6;1;B01
201000026902;0;7;0;3;0;1;2;A01
201000026903;0;7;0;0;0;0;2;A01
201000026904;0;10;0;0;2;1;2;B01
201000026904;0;7;0;0;2;1;0;A01
201000026905;0;7;0;0;2;1;2;A01
201000026905;0;7;0;0;2;4;2;B01
201000026906;0;7;0;0;2;7;15;A01
201000026906;0;7;0;0;2;2;2;B01
201000026907;0;17;0;0;2;6;24;B02
201000026907;0;7;0;1;0;8;13;A01
201000026908;0;15;0;0;0;4;1;B02
201000026908;0;7;0;0;2;1;2;A01
201000026909;0;17;0;0;0;0;0;E05
201000026909;0;7;0;0;0;0;1;D04
201000026909;0;7;0;0;0;4;0;A01
201000026909;0;17;0;0;0;2;2;B02
201000026910;0;2;0;0;1;1;21;A01
201000026911;0;10;0;0;2;7;0;B02
201000026911;0;7;0;0;2;2;0;A01
201000026912;0;7;0;0;2;3;1;B02
201000026912;0;3;0;0;2;1;15;A01
201000026913;0;33;0;0;2;1;1;A01
201000026913;0;1;0;0;2;8;19;B02
201000026914;0;7;0;0;0;1;16;A01
201000026915;0;7;0;0;1;2;1;A01
201000026916;0;7;0;0;2;3;15;B02
201000026916;0;30;0;0;2;1;1;A01
201000026917;0;7;0;0;0;1;1;B02
201000026917;0;10;0;0;0;2;13;A01
201000026918;0;7;0;0;2;7;6;A01
201000026918;0;7;0;0;2;1;1;B02
201000026919;0;7;0;6;1;1;15;A01
201000026920;0;7;0;13;0;1;1;A01
201000026921;0;33;0;0;9;1;1;A01
201000026922;0;7;0;0;0;5;1;A01
201000026923;0;7;0;0;1;3;1;A01
201000026923;0;7;0;0;0;3;24;B02
201000026924;0;38;4;0;1;2;1;A01
201000026925;0;30;0;0;0;5;1;A01
201000026926;0;7;0;0;2;2;1;A01
201000026926;0;30;0;0;2;1;13;B02
201000026927;0;33;0;13;0;7;1;A01
201000026928;0;33;0;0;2;1;15;A01
201000026928;0;14;0;0;2;3;1;B02
201000026929;0;7;0;15;0;9;0;A01
201000026930;0;7;0;0;0;1;1;A01
201000026931;0;7;0;16;0;9;14;A01
201000026932;0;7;0;0;2;5;2;B02
201000026932;0;32;0;0;2;1;2;A01
201000026933;0;30;0;0;0;0;1;A01
201000026934;0;7;0;1;0;1;1;B02
201000026934;0;7;0;0;0;4;24;A01
201000026935;0;7;0;16;0;9;1;A01
201000026936;0;10;0;0;2;3;1;B02
201000026936;0;10;0;0;2;3;15;A01
201000026937;0;7;0;14;0;1;13;A01
201000026938;0;7;0;2;0;2;17;A01
201000026939;0;7;0;0;1;1;1;A01
201000026940;0;7;0;0;2;1;1;A01
201000026940;0;2;0;0;2;1;1;B02
201000026941;0;7;0;4;2;1;2;B01
201000026941;0;7;0;0;2;4;2;A01
201000026942;0;7;0;0;2;2;14;A01
201000026942;0;7;0;0;2;6;2;B01
201000026943;0;7;0;3;0;2;14;A01
201000026944;0;7;0;3;6;1;14;A01
201000026945;0;7;0;4;0;3;1;A01
201000026946;0;7;0;5;2;4;1;A01
201000026946;0;7;0;14;2;1;2;B01
201000026947;0;7;0;0;1;1;16;A01
201000026948;0;7;0;0;2;2;15;A01
201000026948;0;7;0;0;0;1;1;B01
201000026949;0;2;0;0;2;1;1;B01
201000026949;0;7;0;0;2;1;15;A01
201000026950;0;38;0;0;1;2;1;A01
201000026951;0;7;0;9;0;1;0;A01
201000026952;0;7;0;0;1;1;1;A01
201000026953;0;33;0;0;2;1;1;B01
201000026953;0;7;0;0;2;5;15;A01
201000026954;0;37;0;0;1;0;16;A01
201000026955;0;33;0;0;2;2;1;B01
201000026955;0;7;0;0;2;3;11;A01
201000026956;0;7;0;0;1;3;1;A01
201000026957;0;7;0;0;1;1;1;A01
201000026958;0;7;0;4;0;1;17;A01
201000026959;0;7;0;0;1;3;1;A01
201000026960;0;7;0;13;0;1;1;A01
201000026961;0;7;0;0;2;1;1;A01
201000026961;0;7;0;0;0;4;23;C01
201000026961;0;7;0;0;0;6;1;B01
201000026962;0;31;0;0;4;1;1;B01
201000026962;0;7;0;0;2;1;15;A01
201000026963;1;7;0;0;2;1;13;Z01
201000026963;0;7;0;0;2;1;1;A01
201000026964;0;7;0;0;2;1;1;A01
201000026964;0;1;0;0;2;7;19;B01
201000026965;0;7;0;8;0;1;1;A01
201000026966;1;7;0;0;2;0;0;Z01
201000026966;0;1;0;0;2;7;0;A01
201000026967;0;7;0;0;2;1;1;A01
201000026967;0;7;0;0;0;4;1;B01
201000026968;0;33;0;0;2;1;1;B01
201000026968;0;7;0;0;2;3;16;A01
201000026969;0;7;0;0;2;1;15;A01
201000026969;0;7;0;0;2;1;1;B01
201000026970;0;2;0;0;2;1;1;B01
201000026970;0;7;0;0;2;2;9;A01
201000026971;0;7;0;0;2;3;15;B01
201000026971;0;31;0;0;2;1;17;A01
201000026972;0;33;0;0;2;1;1;A01
201000026972;0;37;0;0;2;6;0;B01
201000026973;0;7;0;0;2;1;9;A01
201000026973;0;31;0;0;2;7;1;B01
201000026974;0;7;0;0;2;1;15;A01
201000026974;0;7;0;0;2;3;1;B01
201000026975;0;10;0;0;1;1;1;A01
201000026976;0;7;0;7;0;1;17;A01
201000026977;0;30;0;0;2;1;1;A01
201000026977;0;7;0;0;0;4;23;B01
201000026978;0;7;0;0;2;1;13;A01
201000026978;0;7;0;0;2;1;1;B01
201000026979;0;7;0;0;1;2;1;A01
201000026980;0;7;0;0;2;1;15;A01
201000026980;0;2;0;0;2;1;1;B01
201000026981;0;7;0;0;2;2;1;B01
201000026981;0;7;0;0;2;1;19;A01
201000026982;0;7;0;0;1;6;15;A01
201000026983;0;7;0;1;2;0;0;A01
201000026983;0;14;0;0;2;7;0;B01
201000026984;0;7;0;0;2;1;9;A01
201000026984;0;2;0;0;0;4;9;B01
201000026985;0;7;0;0;1;4;4;A01
201000026986;0;7;0;0;2;6;11;A01
201000026986;0;33;0;0;2;0;17;B01
201000026987;0;7;0;2;0;2;1;A01
201000026988;0;7;0;0;2;4;2;B01
201000026988;0;7;0;0;2;1;1;A01
201000026988;0;7;0;0;0;4;2;C01
201000026989;0;7;0;0;0;4;2;C01
201000026989;0;7;0;0;2;4;2;B01
201000026989;0;7;0;0;2;1;1;A01
201000026990;0;30;0;0;1;1;1;A01
201000026991;0;7;0;0;2;1;1;B01
201000026991;0;7;0;0;2;2;15;A01
201000026992;0;1;0;0;2;7;1;B01
201000026992;0;7;0;0;2;1;9;A01
201000026993;0;7;0;0;1;1;1;A01
201000026994;0;7;0;15;0;8;16;B01
201000026994;0;7;0;0;2;1;15;A01
201000026995;0;7;0;0;2;3;6;A01
201000026995;0;33;0;0;2;2;1;B01
201000026996;0;7;0;0;2;8;1;A01
201000026996;0;7;0;0;2;2;1;B01
201000026997;0;7;0;0;1;1;1;A01
201000026998;0;7;0;0;1;1;1;A01
201000026999;0;7;0;0;1;1;1;A01
201000027000;0;10;0;0;2;1;1;A01
201000027000;0;7;0;0;0;4;23;B01
201000027001;0;7;0;6;0;0;0;A01
201000027002;0;7;0;0;0;0;17;A01
201000027002;0;2;0;0;2;0;13;B01
201000027003;0;7;0;0;2;2;15;A01
201000027003;0;33;0;0;2;1;1;B01
201000027004;0;7;0;0;2;3;6;A01
201000027004;0;1;0;0;2;7;1;B01
201000027005;0;7;0;0;1;1;1;A01
201000027006;0;7;0;0;2;8;13;A01
201000027006;0;14;0;1;1;2;1;B01
201000027007;0;2;0;0;2;0;1;B01
201000027007;0;7;0;0;2;1;9;A01
201000027008;0;33;0;0;2;1;0;B01
201000027008;0;7;0;0;0;1;15;A01
201000027009;0;7;0;0;1;1;1;A01
201000027010;0;7;0;0;2;3;1;B01
201000027010;0;7;0;0;2;3;15;A01
201000027011;0;7;0;0;0;4;2;B01
201000027011;0;7;0;0;2;1;2;A01
201000027012;0;7;0;0;2;4;1;B01
201000027012;0;7;0;0;2;1;1;A01
201000027013;0;30;0;0;2;1;1;B01
201000027013;0;7;0;0;2;3;9;A01
201000027014;0;7;0;0;2;7;1;B01
201000027014;0;7;0;0;2;1;9;A01
201000027015;0;7;0;0;2;1;2;A01
201000027015;0;7;0;0;1;4;2;B01
201000027016;0;2;0;0;2;0;1;B01
201000027016;0;7;0;0;2;1;9;A01
201000027017;0;7;0;0;1;4;4;A01
201000027018;0;30;0;2;0;1;14;A01
201000027019;0;7;0;0;2;8;17;A01
201000027019;0;7;0;0;2;8;1;B01
201000027020;0;7;0;0;2;1;16;B01
201000027020;0;7;0;0;2;1;13;A01
201000027021;0;7;0;0;1;2;14;A01
201000027022;0;7;0;0;1;2;1;A01
201000027023;0;7;0;0;2;1;9;A01
201000027023;0;30;0;0;2;7;17;B01
201000027024;0;7;0;0;0;4;1;B01
201000027024;0;7;0;0;2;1;1;A01
201000027025;0;34;0;0;1;1;1;A01
201000027026;0;7;0;13;0;1;16;A01
201000027027;0;7;0;0;0;7;9;A01
201000027027;0;7;0;0;2;1;2;B01
201000027028;0;30;0;1;0;2;2;A01
201000027029;0;7;0;0;1;1;0;A01
201000027030;0;30;0;0;0;4;1;B01
201000027030;0;7;0;0;1;1;1;A01
201000027031;0;17;0;0;2;3;1;B01
201000027031;0;7;0;0;0;0;1;C01
201000027031;0;10;0;0;2;1;13;A01
201000027032;0;33;0;0;2;1;1;B01
201000027032;0;10;0;0;2;8;9;A01
201000027033;0;10;0;0;2;3;1;B01
201000027033;0;7;0;0;2;8;9;A01
201000027034;0;7;0;6;0;1;1;A01
201000027035;0;7;0;0;9;4;2;B01
201000027035;0;7;0;0;0;1;2;A01
201000027036;0;7;0;0;1;2;1;A01
201000027037;0;30;0;0;1;0;0;A01
201000027038;0;7;0;0;2;4;1;B01
201000027038;0;7;0;0;2;1;1;C01
201000027038;0;7;0;0;0;4;1;D01
201000027038;0;7;0;0;2;1;1;A01
201000027039;0;10;0;0;2;2;9;A01
201000027039;0;33;0;0;0;7;1;B01
201000027040;0;7;0;0;2;1;11;A01
201000027040;0;7;0;0;2;1;2;B01
201000027041;0;7;0;0;2;3;9;A01
201000027041;0;33;0;8;0;1;1;B01
201000027042;0;7;0;1;0;8;9;B01
201000027042;0;7;0;1;2;1;1;A01
201000027043;0;7;0;0;1;8;4;A01
201000027044;0;30;0;8;0;1;0;A01
201000027045;0;7;0;0;9;7;2;A01
201000027045;0;1;0;0;2;1;9;B01
201000027046;0;30;0;0;2;1;2;A01
201000027046;0;7;0;0;2;3;9;B01
201000027047;0;7;0;0;2;1;2;A01
201000027047;0;7;0;0;2;4;2;B01
201000027048;0;7;0;0;0;5;0;B01
201000027048;0;2;0;0;0;1;21;A01
201000027049;0;7;0;0;2;8;15;A01
201000027049;0;30;0;0;2;7;17;B01
201000027050;0;30;0;0;1;1;17;A01
201000027051;0;10;0;0;1;4;4;A01
201000027052;0;7;0;0;1;1;1;A01
201000027053;0;7;0;0;2;1;0;B01
201000027053;0;2;0;0;2;7;0;A01
201000027054;0;7;0;0;2;7;16;B01
201000027054;0;30;0;0;2;8;1;A01
201000027055;0;31;0;0;2;1;2;B01
201000027055;0;7;0;0;0;7;15;A01
201000027056;0;30;0;0;0;1;2;B01
201000027056;0;13;0;0;0;3;9;A01
201000027057;0;30;0;0;2;1;17;A01
201000027057;0;7;0;0;2;1;15;B01
201000027058;0;7;0;0;2;1;2;A01
201000027058;0;7;0;0;2;4;2;B01
201000027059;0;1;0;0;2;1;1;B01
201000027059;1;7;0;0;2;0;15;A01
201000027060;0;7;0;0;2;1;1;A01
201000027060;0;7;0;0;2;3;1;B01
201000027061;0;7;0;12;0;3;2;A01
201000027062;0;7;0;15;1;1;1;A01
201000027063;0;7;0;0;1;2;1;A01
201000027064;0;37;0;0;1;2;15;A01
201000027065;0;30;0;0;0;7;17;B01
201000027065;0;7;0;0;0;3;15;A01
201000027066;0;30;0;0;0;0;0;B01
201000027066;0;99;0;0;0;0;0;A01
201000027067;0;7;0;0;1;2;6;A01
201000027068;0;15;0;0;0;7;19;B01
201000027068;0;33;0;0;0;1;2;A01
201000027069;0;1;0;0;2;1;1;B01
201000027069;0;7;0;0;1;4;4;A01
201000027070;0;7;0;0;2;6;6;B01
201000027070;0;2;0;0;2;7;6;A01
201000027071;0;33;0;0;0;4;2;B01
201000027071;0;7;0;0;0;1;2;A01
201000027072;0;33;0;9;0;9;1;A01
201000027073;0;30;0;0;9;1;0;A01
201000027074;0;33;0;0;0;0;1;B01
201000027074;0;7;0;0;2;2;1;A01
201000027075;0;7;0;0;2;4;1;B01
201000027075;0;7;0;0;2;1;1;A01
201000027075;0;15;0;0;0;0;1;C01
201000027076;0;7;0;0;2;1;1;A01
201000027076;0;7;0;0;0;4;1;B01
201000027077;0;7;0;0;1;0;0;A01
201000027078;0;1;0;0;2;1;1;B01
201000027078;0;7;0;0;2;7;15;A01
201000027079;0;33;0;0;1;1;1;A01
201000027080;0;30;0;0;2;1;3;A01
201000027080;0;7;0;0;2;3;9;B01
201000027081;0;1;0;0;2;8;19;B01
201000027081;0;7;0;0;9;1;1;A01
201000027082;0;10;0;0;2;3;9;A01
201000027082;0;33;0;0;2;1;1;B01
201000027083;0;7;0;0;2;1;15;A01
201000027083;0;7;0;0;2;8;1;B01
201000027084;0;7;0;0;1;4;0;A01
201000027085;0;33;0;0;0;0;1;A01
201000027086;0;7;0;0;2;1;13;A01
201000027086;0;7;0;6;0;5;1;B01
201000027087;0;7;0;0;2;8;1;B01
201000027087;0;99;0;0;2;1;1;A01
201000027088;0;36;0;0;1;1;0;A01
201000027089;0;7;0;0;1;3;1;A01
201000027090;0;2;0;0;2;1;17;A01
201000027090;0;7;0;0;2;8;15;B01
201000027091;0;7;0;0;1;1;15;A01
201000027092;0;1;0;0;2;1;1;B01
201000027092;0;7;0;0;2;2;15;A01
201000027093;0;33;0;0;2;8;21;B01
201000027093;0;7;0;0;9;1;9;A01
201000027094;0;7;0;0;1;1;1;A01
201000027095;0;32;0;0;2;4;23;B01
201000027095;1;7;0;0;2;1;1;A01
201000027095;0;7;0;0;2;4;23;C01
201000027096;0;10;0;0;1;4;4;A01
201000027097;0;7;0;0;2;0;15;A01
201000027097;0;1;0;0;2;1;1;B01
201000027098;0;7;0;2;0;1;1;A01
201000027099;0;7;0;0;1;0;1;A01
201000027100;0;3;0;0;2;1;1;A01
201000027100;0;7;0;0;2;4;23;B01
201000027101;0;30;0;0;9;1;1;A01
201000027101;0;7;0;0;0;6;1;B01
201000027102;0;7;0;0;2;3;13;A01
201000027102;0;7;0;0;2;8;1;B01
201000027103;0;7;0;0;1;1;1;A01