num_acc;senc;catv;occutc;obs;obsm;choc;manv;num_veh
201000027104;0;7;0;0;1;2;1;A01
201000027105;0;7;0;0;0;4;23;B01
201000027105;0;7;0;0;2;1;1;A01
201000027106;0;2;0;0;0;7;1;B01
201000027106;0;7;0;0;2;3;9;A01
201000027107;0;37;0;0;1;7;17;A01
201000027108;0;7;0;0;0;6;1;B01
201000027108;0;30;0;0;0;4;1;A01
201000027109;0;7;0;0;2;3;9;A01
201000027109;0;1;0;0;2;1;1;B01
201000027110;0;30;0;0;2;1;1;B01
201000027110;0;10;0;0;2;7;15;A01
201000027111;0;7;0;0;2;1;1;A01
201000027111;0;7;0;0;0;4;1;C01
201000027111;0;7;0;0;2;4;1;B01
201000027112;0;7;0;0;1;1;0;A01
201000027113;0;7;0;0;1;2;1;A01
201000027114;0;32;0;0;2;1;1;B01
201000027114;0;7;0;0;0;3;17;A01
201000027115;0;7;0;0;1;2;1;A01
201000027116;0;7;0;0;1;1;15;A01
201000027117;0;7;0;0;0;4;23;B01
201000027117;0;7;0;0;2;1;1;A01
201000027117;0;7;0;0;2;1;1;C01
201000027118;0;10;0;4;0;3;15;A01
201000027119;0;7;0;0;9;3;2;A01
201000027119;0;2;0;0;2;1;2;B01
201000027120;0;10;0;0;2;6;1;A01
201000027120;0;2;0;0;2;1;1;B01
201000027121;0;7;0;0;2;1;2;A01
201000027121;0;7;0;0;0;4;2;B01
201000027122;0;7;0;8;0;8;1;A01
201000027123;0;30;0;0;2;3;2;A01
201000027123;0;7;0;0;2;7;2;B01
201000027124;0;7;0;0;2;3;1;B01
201000027124;0;7;0;0;2;3;1;A01
201000027125;0;7;0;8;0;1;15;A01
201000027126;0;7;0;16;0;9;14;A01
201000027127;0;1;0;0;2;4;15;B01
201000027127;0;31;0;0;9;2;17;A01
201000027128;0;1;0;0;2;1;15;A01
201000027128;0;7;0;0;2;3;1;B01
201000027129;0;7;0;0;0;1;1;A01
201000027130;0;2;0;14;0;7;0;A01
201000027131;0;7;0;0;2;1;19;A01
201000027131;0;7;0;1;0;9;1;B01
201000027132;0;7;0;0;2;3;24;B01
201000027132;0;1;0;1;0;0;13;A01
201000027133;0;7;0;0;2;3;15;B01
201000027133;0;2;0;0;2;1;1;A01
201000027134;0;1;0;0;2;6;11;A01
201000027134;0;7;0;0;9;1;16;B01
201000027135;0;30;0;0;2;1;11;B01
201000027135;0;7;0;0;2;2;1;A01
201000027136;0;2;0;0;2;1;2;B01
201000027136;0;7;0;0;9;3;1;A01
201000027137;0;2;0;1;0;1;1;A01
201000027138;0;7;0;3;0;2;1;A01
201000027139;0;7;0;13;0;1;1;A01
201000027140;0;7;0;6;0;3;1;A01
201000027141;0;1;0;0;0;0;0;A01
201000027142;0;7;0;0;2;7;1;B01
201000027142;0;1;0;0;2;0;19;A01
201000027143;0;7;0;0;2;1;15;A01
201000027143;0;7;0;0;2;3;1;B01
201000027144;0;7;0;0;2;0;15;B01
201000027144;0;7;0;0;2;2;1;A01
201000027145;0;2;0;0;0;0;0;A01
201000027146;0;7;0;0;2;4;2;C01
201000027146;0;7;0;0;2;1;2;B01
201000027146;0;7;0;0;2;1;2;A01
201000027147;0;10;0;0;2;1;1;A01
201000027147;0;32;0;0;0;4;16;B01
201000027148;0;7;0;0;2;3;19;A01
201000027148;0;2;0;0;2;2;0;B01
201000027149;0;7;0;13;0;2;1;A01
201000027150;0;7;0;0;1;1;1;A01
201000027151;2;30;0;1;0;1;0;A01
201000027152;0;2;0;0;2;1;1;B01
201000027152;0;7;0;0;2;8;5;A01
201000027153;0;2;0;0;2;0;1;B01
201000027153;0;7;0;0;2;0;15;A01
201000027154;0;7;0;13;0;7;20;A01
201000027155;0;7;0;0;2;1;2;A01
201000027155;0;3;0;0;2;4;2;B01
201000027156;0;7;0;15;0;1;1;A01
201000027157;0;7;0;0;1;3;1;A01
201000027158;0;10;0;0;2;3;13;A01
201000027158;0;17;0;0;2;3;1;B01
201000027158;0;7;0;0;2;1;1;C01
201000027159;0;2;0;0;2;8;1;B01
201000027159;0;7;0;0;2;1;15;A01
201000027160;0;30;0;12;0;7;1;A01
201000027161;0;2;0;1;0;1;11;A01
201000027161;0;10;0;0;0;5;0;B01
201000027162;0;2;0;0;0;2;0;A01
201000027163;0;7;0;3;0;3;1;A01
201000027164;0;2;0;0;0;0;1;A01
201000027165;0;30;0;0;2;6;2;A01
201000027165;0;7;0;0;2;6;9;B01
201000027166;0;7;0;0;2;1;2;A01
201000027166;0;7;0;0;2;4;2;B01
201000027167;1;30;0;0;0;0;0;A01
201000027168;0;7;0;2;0;1;5;A01
201000027169;0;7;0;13;0;2;1;A01
201000027170;0;7;0;0;1;4;4;A01
201000027171;0;7;0;0;0;5;1;B01
201000027171;0;30;0;0;2;1;1;A01
201000027172;0;7;0;0;2;1;2;A01
201000027172;0;7;0;0;0;4;2;B01
201000027173;0;7;0;13;0;3;1;A01
201000027174;0;7;0;0;2;0;1;C01
201000027174;0;7;0;0;2;3;1;A01
201000027174;0;7;0;0;2;0;1;B01
201000027175;0;7;0;0;1;7;21;A01
201000027176;0;7;0;10;0;1;1;A01
201000027177;0;7;0;0;0;2;1;A01
201000027178;0;7;0;0;1;1;0;A01
201000027179;0;7;0;13;0;3;2;A01
201000027180;0;30;0;0;0;0;0;A01
201000027181;0;7;0;6;0;3;2;A01
201000027182;0;7;0;7;0;1;0;A01
201000027183;0;7;0;0;1;2;15;A01
201000027184;0;7;0;0;1;8;1;A01
201000027185;0;10;0;3;2;2;17;A01
201000027185;0;10;0;0;2;3;15;B01
201000027186;0;2;0;0;0;8;15;A01
201000027187;0;10;0;0;2;1;1;B01
201000027187;0;10;0;0;2;1;5;A01
201000027188;0;30;0;13;0;2;0;A01
201000027189;0;33;0;0;2;1;1;A01
201000027189;0;7;0;0;2;6;9;B01
201000027190;0;7;0;6;0;3;0;A01
201000027190;0;31;0;0;2;1;1;B01
201000027191;0;7;0;3;0;1;2;A01
201000027192;0;7;0;6;0;1;2;A01
201000027193;0;7;0;0;1;2;1;A01
201000027194;0;7;0;0;1;7;1;A01
201000027195;0;7;0;13;0;1;1;A01
201000027196;0;7;0;7;2;7;0;A01
201000027196;0;7;0;0;2;1;1;B01
201000027197;0;7;0;15;0;1;1;A01
201000027198;0;1;0;0;0;0;2;B01
201000027198;0;1;0;0;9;0;2;A01
201000027199;0;33;0;0;0;6;2;B01
201000027199;0;7;0;0;2;2;23;A01
201000027200;0;7;0;13;0;2;1;A01
201000027201;0;2;0;0;2;1;0;B01
201000027201;0;7;0;0;9;4;0;A01
201000027202;0;7;0;0;2;8;9;A01
201000027202;0;30;0;0;2;1;1;B01
201000027203;0;10;0;0;0;2;15;A01
201000027203;0;32;0;0;2;1;1;B01
201000027204;0;2;0;0;0;0;1;A01
201000027205;0;7;0;0;2;7;15;A01
201000027205;0;10;0;0;2;3;1;B01
201000027206;0;7;0;0;1;3;20;A01
201000027207;0;7;0;0;2;0;1;B01
201000027207;0;7;0;0;2;0;19;A01
201000027208;0;7;0;16;0;7;1;A01
201000027209;0;7;0;0;9;6;0;B01
201000027209;0;7;0;1;0;2;1;A01
201000027210;0;7;0;15;0;1;0;A01
201000027211;0;7;0;0;2;6;0;A01
201000027211;1;7;0;0;2;0;0;B01
201000027212;0;7;0;13;0;1;9;A01
201000027213;0;7;0;0;2;7;15;A01
201000027213;0;7;0;0;2;7;1;B01
201000027214;0;1;0;0;2;7;1;B01
201000027214;0;10;0;0;9;3;0;A01
201000027215;0;7;0;0;0;4;2;B01
201000027215;0;7;0;0;2;4;2;E01
201000027215;1;17;0;0;0;0;1;A02
201000027215;0;7;0;0;2;1;2;F01
201000027215;0;7;0;0;0;4;2;D01
201000027215;0;7;0;0;2;1;2;C01
201000027216;0;7;0;0;1;2;1;A01
201000027217;0;10;0;0;1;8;1;A01
201000027218;0;7;0;3;0;1;1;A01
201000027219;0;7;0;13;0;7;1;A01
201000027220;0;7;0;0;0;1;1;B02
201000027220;0;7;0;0;0;2;0;A01
201000027221;0;30;0;0;2;1;0;A01
201000027221;0;7;0;0;2;1;1;B01
201000027222;0;7;0;0;2;8;15;B01
201000027222;0;2;0;1;2;8;1;A01
201000027223;0;7;0;0;2;8;1;B01
201000027223;0;7;0;0;2;8;5;A01
201000027224;0;7;0;0;2;6;1;B01
201000027224;0;7;0;0;2;2;9;A01
201000027225;0;30;0;4;0;1;0;A01
201000027226;0;7;0;0;2;3;0;B01
201000027226;0;7;0;0;2;5;0;A01
201000027227;0;7;0;0;1;7;1;A01
201000027228;0;30;0;0;2;1;1;A01
201000027228;1;10;0;0;2;6;0;B01
201000027229;0;33;0;0;2;6;17;A01
201000027229;0;7;0;0;0;6;15;B01
201000027230;0;2;0;0;2;1;1;B01
201000027230;0;7;0;0;2;3;15;A01
201000027231;0;30;0;8;0;1;14;A01
201000027232;0;7;0;0;2;1;0;A01
201000027232;0;7;0;0;2;4;0;B01
201000027233;0;7;0;0;2;1;1;B01
201000027233;0;7;0;0;2;1;5;A01
201000027234;0;7;0;0;2;1;0;A01
201000027234;0;7;0;0;2;8;1;B01
201000027235;0;7;0;1;0;1;1;A01
201000027236;0;7;0;0;2;2;15;A01
201000027236;0;30;0;0;2;1;1;B01
201000027237;0;7;0;0;2;4;2;C01
201000027237;0;7;0;0;2;4;2;B01
201000027237;0;7;0;0;0;4;2;D01
201000027237;0;14;0;0;2;1;2;A01
201000027238;0;7;0;0;1;1;1;A01
201000027239;0;33;0;0;1;1;0;A01
201000027240;0;7;0;0;2;1;1;A01
201000027240;0;7;0;0;0;5;1;B01
201000027241;0;7;0;8;2;2;9;A01
201000027241;0;7;0;0;2;8;1;B01
201000027242;0;1;0;0;2;0;19;A01
201000027242;0;2;0;0;2;0;1;B01
201000027243;0;7;0;3;0;1;1;A01
201000027244;0;7;0;0;2;6;15;A01
201000027244;0;7;0;0;2;3;17;B01
201000027245;0;7;0;0;1;7;14;A01
201000027246;0;7;0;8;0;1;0;A01
201000027247;0;3;0;12;2;3;15;A01
201000027247;0;7;0;0;2;1;1;B01
201000027248;0;7;0;0;2;1;13;A01
201000027248;0;7;0;10;2;1;1;B01
201000027249;0;7;0;0;1;1;1;A01
201000027250;0;7;0;13;0;1;14;A01
201000027251;0;7;0;13;0;2;17;A01
201000027252;0;33;0;11;2;7;1;B01
201000027252;0;7;0;0;2;1;15;A01
201000027253;0;7;0;7;0;9;2;A01
201000027254;0;7;0;7;0;0;5;A01
201000027255;0;30;0;0;0;0;0;A01
201000027256;0;7;0;0;2;2;1;B01
201000027256;0;7;0;0;2;3;19;A01
201000027257;0;7;0;0;1;4;4;A01
201000027258;0;7;0;0;2;6;4;A01
201000027258;0;31;0;0;2;1;2;B01
201000027259;0;33;0;0;2;3;1;B01
201000027259;0;7;0;0;2;6;19;A01
201000027260;0;7;0;0;0;6;1;B01
201000027260;0;30;0;0;2;1;1;A01
201000027261;0;7;0;0;0;0;0;A01
201000027262;0;7;0;0;2;1;1;B01
201000027262;0;7;0;0;2;1;13;A01
201000027263;0;7;0;0;1;1;1;A01
201000027264;0;7;0;3;0;1;14;A01
201000027265;0;7;0;3;0;1;14;A01
201000027266;0;7;0;0;2;6;2;B01
201000027266;0;30;0;0;2;1;2;A01
201000027267;0;7;0;0;2;3;9;A01
201000027267;0;31;0;0;2;1;1;B01
201000027268;0;33;0;0;0;0;13;A01
201000027269;0;7;0;7;0;1;14;A01
201000027270;0;30;0;0;2;1;12;A01
201000027270;0;7;0;0;2;4;1;B01
201000027271;0;7;0;9;0;2;1;A01
201000027272;0;7;0;0;1;8;1;A01
201000027273;0;7;0;3;0;1;1;A01
201000027274;0;32;0;0;2;1;1;A01
201000027275;0;30;0;11;0;1;6;A01
201000027276;0;7;0;0;1;2;1;A01
201000027277;0;7;0;0;0;0;14;A01
201000027278;0;7;0;13;0;7;1;A01
201000027279;0;7;0;3;0;8;14;A01
201000027280;0;7;0;0;2;3;9;A01
201000027280;0;33;0;0;2;2;1;B01
201000027281;0;7;0;0;2;1;2;A01
201000027281;0;20;0;0;2;5;24;B01
201000027282;0;33;0;13;0;1;1;A01
201000027282;0;33;0;13;0;1;1;B01
201000027283;0;7;0;6;0;1;6;A01
201000027284;0;7;0;0;2;3;20;B01
201000027284;0;7;0;0;4;5;20;A01
201000027285;0;7;0;0;2;5;4;A01
201000027285;0;1;0;0;2;1;1;B01
201000027286;0;30;0;0;0;8;1;A01
201000027287;0;7;0;0;2;2;1;B01
201000027287;0;7;0;0;2;5;1;C01
201000027287;0;7;0;13;2;9;19;A01
201000027288;0;7;0;16;0;4;0;A01
201000027288;0;7;0;14;0;1;21;B01
201000027288;0;7;0;14;0;9;21;C01
201000027289;0;7;0;6;2;1;15;A01
201000027289;0;7;0;0;2;1;1;B01
201000027290;0;7;0;15;0;1;13;A01
201000027291;0;33;0;8;0;1;1;A01
201000027292;0;7;0;0;0;4;2;B01
201000027292;0;7;0;0;2;1;2;A01
201000027293;0;7;0;0;1;1;15;A01
201000027294;0;7;0;6;0;1;13;A01
201000027295;0;7;0;0;9;8;22;A01
201000027295;0;1;0;1;0;1;1;B01
201000027296;0;7;0;13;0;1;1;A01
201000027297;0;7;0;0;1;7;1;A01
201000027298;0;7;0;13;0;2;1;A01
201000027299;0;33;0;11;0;0;1;A01
201000027300;0;7;0;11;2;5;0;A01
201000027301;0;7;0;0;2;3;9;A01
201000027301;0;1;0;0;2;7;0;B01
201000027302;2;7;0;7;0;1;14;A01
201000027303;0;7;0;6;0;1;1;A01
201000027304;0;7;0;0;2;1;2;A01
201000027304;0;7;0;0;2;4;2;B01
201000027305;0;7;0;0;1;1;1;A01
201000027306;0;7;0;0;0;4;2;B01
201000027306;0;30;0;0;2;1;2;A01
201000027307;0;33;0;0;0;0;0;A01
201000027308;0;7;0;0;0;0;0;A01
201000027309;0;2;0;0;2;1;1;B01
201000027309;0;7;0;0;2;6;15;A01
201000027310;0;10;0;0;2;2;2;A01
201000027310;0;7;0;0;0;4;2;B01
201000027311;0;7;0;0;2;1;1;A01
201000027311;0;7;0;0;2;4;1;B01
201000027312;0;7;0;3;0;9;13;A01
201000027313;0;10;0;0;1;2;2;A01
201000027314;0;7;0;0;2;3;15;B01
201000027314;0;2;0;0;2;2;9;A01
201000027315;0;7;0;11;2;1;14;A01
201000027315;0;7;0;0;2;1;1;B01
201000027316;0;7;0;2;0;9;1;A01
201000027317;0;7;0;13;0;1;1;A01
201000027318;0;7;0;0;1;0;0;A01
201000027319;0;7;0;0;1;1;1;A01
201000027320;0;7;0;0;2;8;9;A01
201000027320;0;30;0;0;2;7;1;B01
201000027321;1;7;0;0;1;0;1;A01
201000027322;0;7;0;0;2;7;16;A01
201000027322;0;7;0;1;2;8;0;B01
201000027323;0;1;0;0;2;7;9;B01
201000027323;0;7;0;0;2;2;1;A01
201000027324;0;7;0;0;2;3;1;B01
201000027324;0;7;0;0;2;2;12;A01
201000027325;1;7;0;0;1;0;0;A01
201000027326;0;7;0;13;0;3;1;A01
201000027327;0;33;0;0;0;0;1;A01
201000027328;0;7;0;0;1;7;1;A01
201000027329;0;33;0;13;0;1;1;A01
201000027330;0;7;0;7;0;2;1;A01
201000027331;0;7;0;0;2;2;2;B01
201000027331;0;30;0;0;2;3;11;A01
201000027332;0;7;0;0;2;1;1;C01
201000027332;0;7;0;0;2;1;1;A01
201000027332;0;30;0;0;2;1;0;B01
201000027332;0;7;0;0;0;4;1;D01
201000027333;0;7;0;0;2;1;1;B01
201000027333;0;31;0;0;2;1;15;A01
201000027334;0;7;0;0;2;3;23;A01
201000027334;0;30;0;0;2;1;1;B01
201000027335;1;30;0;0;1;1;1;A01
201000027336;0;7;0;12;1;1;15;A01
201000027337;0;7;0;3;0;6;0;B01
201000027337;0;7;0;3;2;1;2;A01
201000027338;0;7;0;0;1;3;1;A01
201000027338;0;7;0;0;1;3;1;B01
201000027339;0;30;0;12;0;1;0;A01
201000027340;0;7;0;16;0;9;1;A01
201000027341;0;1;0;0;2;1;1;B01
201000027341;1;7;0;0;2;5;15;A01
201000027342;0;7;0;0;2;2;0;C01
201000027342;0;7;0;0;2;2;0;B01
201000027342;0;7;0;0;2;1;1;A01
201000027343;0;7;0;0;1;3;15;A01
201000027344;0;7;0;0;0;0;0;A01
201000027345;0;7;0;13;0;2;0;A01
201000027346;0;7;0;0;2;1;5;A01
201000027346;0;10;0;0;2;1;1;B01
201000027347;0;7;0;0;1;3;15;A01
201000027348;1;7;0;0;2;1;0;B01
201000027348;0;7;0;0;2;3;19;A01
201000027349;0;31;0;0;2;1;1;A01
201000027349;0;7;0;0;2;8;15;B01
201000027350;0;7;0;0;2;8;15;B01
201000027350;0;2;0;0;2;1;17;A01
201000027351;0;7;0;1;0;0;1;A01
201000027352;0;7;0;0;0;0;0;A01
201000027353;0;7;0;0;2;2;13;A01
201000027353;0;7;0;0;2;2;1;B01
201000027354;0;7;0;0;2;4;1;B01
201000027354;0;7;0;0;2;4;1;C01
201000027354;0;7;0;0;2;1;2;A01
201000027355;0;7;0;13;0;9;0;A01
201000027356;0;7;0;0;0;4;23;B01
201000027356;0;7;0;1;0;1;1;A01
201000027357;0;7;0;0;2;8;5;B01
201000027357;0;7;0;0;2;7;14;A01
201000027358;0;7;0;8;0;0;0;A01
201000027359;0;7;0;0;0;0;15;A01
201000027359;0;1;0;0;0;0;1;B01
201000027360;0;7;0;0;2;2;1;B01
201000027360;0;7;0;0;2;3;9;A01
201000027361;0;2;0;12;0;1;1;A01
201000027362;0;7;0;2;0;3;1;A01
201000027363;0;3;0;12;0;1;1;A01
201000027364;0;7;0;0;2;1;1;B01
201000027364;0;7;0;0;2;8;9;A01
201000027365;0;7;0;0;1;3;1;A01
201000027366;0;7;0;15;0;1;13;A01
201000027367;0;7;0;0;2;4;2;B01
201000027367;0;10;0;0;2;1;2;A01
201000027367;0;7;0;0;2;4;2;C01
201000027368;0;7;0;0;2;2;2;A01
201000027368;0;7;0;0;2;6;2;B01
201000027369;0;7;0;0;1;1;1;A01
201000027370;0;2;0;0;1;1;1;A01
201000027371;0;7;0;0;1;3;1;A01
201000027372;0;37;0;0;2;1;1;A01
201000027372;0;7;0;0;2;8;15;B01
201000027373;0;7;0;6;2;1;13;A01
201000027373;0;7;0;0;2;1;1;B01
201000027374;0;7;0;0;1;4;4;A01
201000027375;0;7;0;0;2;2;1;B01
201000027375;0;7;0;0;2;3;1;A01
201000027376;0;7;0;0;2;1;2;A01
201000027376;0;2;0;0;2;4;2;B01
201000027377;0;7;0;0;1;1;1;A01
201000027378;0;33;0;0;2;1;1;B01
201000027378;0;7;0;0;2;2;15;A01
201000027379;0;7;0;0;1;1;1;A01
201000027380;0;7;0;0;2;3;15;B01
201000027381;0;7;0;0;2;9;14;A01
201000027382;0;7;0;0;2;1;2;A01
201000027382;0;7;0;0;2;4;2;B01
201000027383;0;7;0;6;0;4;0;A01
201000027384;0;7;0;0;2;3;1;A01
201000027384;0;30;0;0;2;3;1;B01
201000027385;0;7;0;0;2;1;2;A01
201000027385;0;7;0;0;2;4;2;B01
201000027386;0;7;0;0;2;1;2;A01
201000027386;0;7;0;0;2;4;2;B01
201000027387;0;7;0;0;2;8;1;B01
201000027387;0;7;0;0;2;2;1;A01
201000027388;0;7;0;0;2;3;9;A01
201000027388;0;30;0;0;2;3;1;B01
201000027389;0;7;0;0;2;2;1;A01
201000027389;0;7;0;0;2;3;1;B01
201000027390;0;7;0;0;2;0;24;B01
201000027390;0;2;0;1;0;1;14;A01
201000027391;0;7;0;0;2;1;1;C01
201000027391;0;7;0;0;2;1;13;A01
201000027391;0;7;0;0;2;6;1;B01
201000027392;0;7;0;1;2;1;4;A01
201000027392;0;7;0;0;2;1;1;B01
201000027393;0;7;0;2;0;1;14;A01
201000027394;0;30;0;0;0;0;0;A01
201000027395;0;7;0;0;2;0;1;B01
201000027395;0;1;0;0;2;1;1;A01
201000027396;0;7;0;0;2;1;5;A01
201000027396;0;7;0;0;2;3;1;B01
201000027397;0;14;0;0;2;0;16;A01
201000027397;0;7;0;0;2;0;16;B01
201000027398;0;1;0;0;2;1;5;B01
201000027398;0;7;0;0;2;2;1;A01
201000027399;0;33;0;0;2;4;1;B01
201000027399;0;7;0;0;2;4;4;A01
201000027400;0;7;0;6;0;1;13;A01
201000027401;0;7;0;0;2;6;24;B01
201000027401;0;7;0;1;0;1;21;A01
201000027402;0;7;0;0;2;4;2;B01
201000027402;0;7;0;0;2;4;16;C01
201000027402;0;7;0;0;2;1;2;A01
201000027403;0;7;0;0;2;5;15;B01
201000027403;0;2;0;0;2;1;1;A01
201000027404;0;7;0;0;2;3;15;B01
201000027404;0;30;0;0;2;0;17;A01
201000027405;0;7;0;0;2;6;23;C01
201000027405;1;7;0;0;2;0;17;Z01
201000027405;0;7;0;0;2;3;15;B01
201000027406;0;7;0;0;2;1;1;B01
201000027406;0;7;0;0;2;3;1;A01
201000027407;0;7;0;0;2;1;0;A01
201000027407;0;7;0;0;2;4;0;B01
201000027408;0;7;0;0;2;1;2;A01
201000027408;0;7;0;0;2;4;2;B01
201000027409;0;7;0;0;2;1;17;A01
201000027409;0;7;0;0;2;1;1;B01
201000027410;0;32;0;0;0;3;0;A01
201000027411;0;7;0;13;0;0;13;A01
201000027412;0;7;0;0;2;1;1;B01
201000027412;0;7;0;0;2;3;16;A01
201000027413;0;7;0;0;2;3;1;B01
201000027413;0;31;0;0;2;7;1;A01
201000027414;0;30;0;0;0;0;1;A01
201000027415;0;7;0;0;2;2;17;A01
201000027415;0;7;0;0;2;6;15;B01
201000027416;0;33;0;0;2;8;1;A01
201000027417;0;1;0;0;2;8;1;B01
201000027417;1;7;0;0;2;2;16;A01
201000027418;0;1;0;0;2;0;1;B01
201000027418;0;7;0;0;2;0;9;A01
201000027419;0;7;0;0;1;1;1;A01
201000027420;0;7;0;0;0;1;2;A01
201000027420;0;7;0;0;2;4;1;B01
201000027421;0;7;0;0;2;2;16;A01
201000027421;0;14;0;0;2;3;1;B01
201000027422;0;7;0;0;2;3;1;C01
201000027422;0;7;0;0;2;3;13;A01
201000027422;0;7;0;0;2;3;1;B01
201000027423;0;30;0;0;2;0;16;A01
201000027423;0;7;0;0;2;3;1;B01
201000027424;0;7;0;0;2;4;2;B01
201000027424;0;7;0;0;2;1;2;A01
201000027425;0;7;0;0;2;0;1;B01
201000027425;0;7;0;0;2;0;1;A01
201000027426;0;7;0;0;2;1;1;B01
201000027426;0;7;0;0;2;1;5;A01
201000027427;0;7;0;0;2;4;2;B01
201000027427;0;7;0;0;2;1;2;A01
201000027428;0;7;0;0;2;3;1;B01
201000027428;0;7;0;15;2;7;9;A01
201000027428;0;7;0;0;2;8;23;C01
201000027429;0;1;0;0;2;7;19;A01
201000027429;0;7;0;0;2;1;1;B01
201000027430;0;7;0;0;2;4;2;B01
201000027430;0;1;0;0;2;1;2;A01
201000027431;0;33;0;0;2;1;2;A01
201000027431;0;7;0;0;2;4;2;B01
201000027432;0;7;0;0;2;6;24;B01
201000027432;0;7;0;1;0;9;14;A01
201000027433;0;7;0;0;2;4;2;B01
201000027433;0;7;0;0;2;1;2;A01
201000027434;0;7;0;0;2;8;1;B01
201000027434;0;2;0;0;2;2;9;A01
201000027435;0;1;0;0;2;1;1;B01
201000027435;0;7;0;0;2;1;15;A01
201000027436;0;7;0;0;2;4;2;B01
201000027436;0;7;0;0;2;1;2;A01
201000027437;0;7;0;0;2;1;1;A01
201000027437;0;7;0;0;2;3;1;B01
201000027438;0;7;0;0;2;3;16;C01
201000027438;0;7;0;0;2;1;2;A01
201000027438;0;7;0;0;2;4;1;B01
201000027439;0;7;0;0;2;4;2;B01
201000027439;0;32;0;0;2;1;2;A01
201000027440;0;7;0;9;0;1;13;A01
201000027441;0;7;0;16;0;9;14;A01
201000027442;0;31;0;0;2;7;1;A01
201000027442;0;7;0;0;2;3;0;B01
201000027443;0;7;0;6;0;1;13;A01
201000027444;0;7;0;0;2;2;17;A01
201000027444;0;7;0;0;2;3;1;C01
201000027444;0;7;0;0;2;9;1;B01
201000027445;0;7;0;0;2;2;10;A01
201000027445;0;33;0;0;2;1;1;B01
201000027446;0;7;0;0;2;1;1;A01
201000027446;0;7;0;0;2;4;15;B01
201000027447;0;30;0;0;0;0;0;A01
201000027448;0;7;0;0;0;0;14;A01
201000027449;0;31;0;0;2;8;2;A01
201000027449;0;7;0;0;2;4;2;B01
201000027450;0;7;0;0;2;3;16;A01
201000027450;0;2;0;0;2;0;16;B01
201000027451;0;7;0;0;2;2;9;A01
201000027451;0;31;0;0;2;0;1;B01
201000027452;0;7;0;0;1;2;1;A01
201000027453;0;34;0;0;0;7;1;A01
201000027454;0;7;0;0;2;4;2;B01
201000027454;0;7;0;0;2;1;2;A01
201000027455;0;7;0;0;2;3;9;B01
201000027455;0;31;0;0;2;1;9;A01
201000027456;0;7;0;0;2;4;2;B01
201000027456;0;7;0;0;2;1;2;A01
201000027456;0;7;0;0;2;4;2;C01
201000027457;0;7;0;0;2;4;2;B01
201000027457;0;2;0;0;2;1;2;A01
201000027458;0;30;0;0;2;0;15;A01
201000027458;0;7;0;0;2;3;1;B01
201000027459;0;7;0;0;2;3;1;A01
201000027459;0;31;0;0;2;0;1;B01
201000027460;0;7;0;0;2;1;1;B01
201000027460;0;7;0;0;2;1;5;A01
201000027461;0;7;0;13;0;9;4;A01
201000027462;0;7;0;0;2;1;15;A01
201000027462;0;33;0;0;2;3;1;B01
201000027463;0;7;0;6;0;3;13;A01
201000027464;0;32;0;0;0;7;0;A01
201000027465;0;30;0;0;2;0;15;A01
201000027466;0;30;0;0;2;7;1;B01
201000027466;0;7;0;0;2;2;15;A01
201000027467;0;7;0;0;2;2;1;B01
201000027467;0;7;0;0;2;3;9;A01
201000027468;0;33;0;0;2;1;1;B01
201000027468;0;7;0;0;2;4;4;A01
201000027469;1;7;0;0;2;1;2;A01
201000027469;0;7;0;0;2;4;2;B01
201000027470;2;7;0;0;2;3;1;A01
201000027470;0;7;0;0;2;1;1;B01
201000027471;0;7;0;0;2;7;2;D01
201000027471;0;7;0;0;2;1;2;C01
201000027471;0;7;0;0;2;1;2;A01
201000027471;0;7;0;0;2;4;2;B01
201000027472;0;7;0;0;2;4;2;A01
201000027472;0;7;0;0;2;4;2;B01
201000027473;0;7;0;0;2;8;16;A01
201000027473;0;7;0;0;2;3;1;B01
201000027474;0;7;0;0;2;4;2;B01
201000027474;0;7;0;0;2;1;2;A01
201000027475;0;2;0;0;2;1;0;B01
201000027475;0;7;0;0;2;2;15;A01
201000027476;0;7;0;0;2;1;2;B01
201000027476;0;7;0;0;2;1;2;C01
201000027476;0;7;0;0;2;4;2;D01
201000027476;0;7;0;0;2;1;2;A01
201000027477;0;7;0;0;2;8;1;A01
201000027477;0;7;0;0;2;2;9;B01
201000027478;0;7;0;0;1;1;1;A01
201000027479;0;7;0;0;1;1;14;A01
201000027480;0;7;0;0;2;3;1;B01
201000027480;0;7;0;0;2;5;12;A01
201000027481;0;7;0;0;2;7;1;B01
201000027481;0;7;0;0;2;8;16;A01
201000027482;0;30;0;0;2;1;16;A01
201000027482;0;7;0;0;2;6;1;B01
201000027483;0;7;0;0;2;1;2;A01
201000027483;0;7;0;0;2;4;2;D01
201000027483;0;7;0;0;2;4;2;C01
201000027483;0;7;0;0;2;4;2;B01
201000027484;0;7;0;0;1;3;1;A01
201000027485;0;30;0;0;2;1;1;A01
201000027485;0;7;0;0;2;1;1;B01
201000027486;0;7;0;0;2;1;1;C01
201000027486;0;7;0;0;2;1;1;B01
201000027486;0;7;0;0;2;1;13;A01
201000027487;0;7;0;0;2;3;15;A01
201000027487;0;31;0;0;2;1;1;B01
201000027488;0;7;0;0;2;4;2;B01
201000027488;0;7;0;0;2;4;2;C01
201000027488;0;7;0;0;2;3;2;A01
201000027489;0;7;0;0;2;5;1;A01