num_acc;senc;catv;occutc;obs;obsm;choc;manv;num_veh
201000027489;0;1;0;0;2;1;15;B01
201000027490;0;14;0;0;2;4;2;B01
201000027490;0;10;0;0;2;1;2;A01
201000027491;0;7;0;0;2;1;2;A01
201000027491;0;7;0;0;2;4;2;B01
201000027492;0;30;0;12;0;8;14;A01
201000027493;0;2;0;0;1;1;0;A01
201000027494;0;7;0;0;2;1;2;A01
201000027494;0;7;0;0;2;4;2;B01
201000027495;0;7;0;0;2;1;17;A01
201000027495;0;7;0;0;2;1;15;B01
201000027496;0;7;0;0;1;1;15;A01
201000027497;0;7;0;0;2;1;13;A01
201000027497;0;7;0;0;2;1;1;B01
201000027498;0;7;0;0;1;1;1;A01
201000027499;0;7;0;0;2;3;9;A01
201000027499;0;3;0;0;2;2;1;B01
201000027500;0;30;0;0;2;1;2;A01
201000027500;0;7;0;0;2;0;2;B01
201000027501;0;7;0;9;0;2;13;A01
201000027502;0;7;0;0;1;2;1;A01
201000027503;0;7;0;0;2;4;2;B01
201000027503;0;7;0;0;2;1;2;A01
201000027504;0;7;0;0;1;1;1;A01
201000027505;0;7;0;0;2;4;2;B01
201000027505;0;7;0;0;2;4;2;C01
201000027505;0;7;0;0;2;1;2;A01
201000027506;0;30;0;0;2;1;0;A01
201000027506;0;7;0;0;2;3;1;B01
201000027507;0;7;0;0;2;6;1;B01
201000027507;0;33;0;0;2;1;1;A01
201000027508;0;7;0;0;2;1;1;B01
201000027508;0;7;0;0;2;1;15;A01
201000027509;0;30;0;0;2;1;2;B01
201000027509;0;30;0;0;2;7;2;A01
201000027510;0;7;0;0;2;3;9;A01
201000027510;0;7;0;0;2;7;1;B01
201000027511;0;7;0;0;2;1;2;A01
201000027511;0;7;0;0;2;4;2;B01
201000027512;0;7;0;0;2;1;1;B01
201000027513;0;7;0;0;2;2;15;A01
201000027513;0;1;0;0;2;4;1;B01
201000027514;0;34;0;0;2;7;17;A01
201000027514;0;7;0;0;2;6;2;B01
201000027515;0;7;0;0;2;6;0;A01
201000027515;0;7;0;0;2;2;0;B02
201000027516;0;7;0;0;2;1;5;A01
201000027516;0;14;0;0;2;1;1;B01
201000027517;1;7;0;0;1;0;15;Z01
201000027518;0;7;0;0;2;3;15;B01
201000027518;0;7;0;1;2;2;17;A01
201000027519;0;7;0;0;2;1;15;A01
201000027519;0;10;0;0;2;2;1;B01
201000027520;0;7;0;0;0;8;1;C01
201000027521;0;2;0;0;2;8;1;B01
201000027522;0;7;0;13;0;0;14;A01
201000027523;0;7;0;0;2;1;1;A01
201000027523;0;7;0;0;2;3;1;B01
201000027524;0;7;0;13;0;2;14;A01
201000027525;0;7;0;0;0;1;1;B01
201000027525;0;7;0;0;2;3;15;A01
201000027526;0;7;0;2;0;1;14;A01
201000027527;0;7;0;0;2;1;2;A01
201000027527;0;7;0;0;0;4;2;B01
201000027528;0;7;0;0;2;1;2;A01
201000027528;0;7;0;0;0;4;2;B01
201000027529;0;2;0;0;2;1;2;A01
201000027529;0;7;0;0;0;4;2;B01
201000027530;0;7;0;0;2;3;15;B01
201000027530;0;33;0;0;2;2;1;A01
201000027531;0;7;0;1;0;2;1;A01
201000027532;0;31;0;0;2;1;14;A01
201000027532;0;7;0;0;0;5;23;B01
201000027533;1;7;0;0;2;2;14;A01
201000027533;0;33;0;0;2;1;2;B01
201000027533;0;7;0;0;0;5;23;C01
201000027534;0;7;0;0;1;1;1;A01
201000027535;0;32;0;15;0;1;1;A01
201000027536;0;7;0;3;1;3;1;A01
201000027537;0;7;0;0;1;1;1;A01
201000027538;0;33;0;0;2;1;17;A01
201000027538;0;7;0;0;0;3;15;B01
201000027539;0;33;0;0;2;1;1;B01
201000027539;0;7;0;0;2;2;15;A01
201000027540;0;7;0;0;0;4;2;B01
201000027540;0;7;0;0;2;1;2;A01
201000027540;0;7;0;0;0;4;15;C01
201000027541;0;33;0;0;2;1;1;B01
201000027541;0;7;0;0;2;7;19;A01
201000027542;0;10;0;0;1;3;1;A01
201000027543;0;30;0;0;1;1;1;A01
201000027544;0;7;0;0;2;7;0;A01
201000027544;0;14;0;0;0;1;23;B01
201000027545;0;7;0;0;0;4;2;B01
201000027545;0;7;0;0;2;1;2;A01
201000027546;0;7;0;13;0;1;14;A01
201000027547;0;33;0;0;0;4;2;B01
201000027547;0;7;0;0;2;3;1;A01
201000027548;0;7;0;0;2;8;15;A01
201000027548;0;7;0;0;2;1;1;B01
201000027549;0;7;0;0;0;2;15;A01
201000027549;0;7;0;0;2;3;16;B01
201000027550;0;10;0;0;2;1;2;A01
201000027550;0;7;0;0;0;4;23;B01
201000027551;0;7;0;0;2;3;2;A01
201000027551;0;7;0;0;0;5;23;B01
201000027552;0;30;0;0;0;8;21;A01
201000027553;0;30;0;0;2;1;1;B01
201000027553;0;7;0;0;2;6;10;A01
201000027554;0;7;0;13;0;2;14;A01
201000027555;0;7;0;13;0;1;0;A01
201000027556;0;30;0;0;2;8;1;B01
201000027556;0;7;0;0;2;1;19;A01
201000027557;0;7;0;0;2;3;1;B01
201000027557;0;7;0;0;2;2;9;A01
201000027558;0;7;0;0;2;1;1;A01
201000027558;0;7;0;0;2;1;1;C01
201000027558;0;7;0;0;2;4;15;B01
201000027559;0;7;0;0;2;3;1;C01
201000027559;0;7;0;0;2;8;1;B01
201000027559;0;7;0;0;2;3;13;A01
201000027560;0;7;0;0;1;3;15;A01
201000027561;0;33;0;0;2;5;1;B01
201000027561;0;10;0;0;2;0;1;A01
201000027562;0;31;0;13;0;1;13;A01
201000027563;0;7;0;0;2;1;1;B01
201000027563;0;7;0;0;2;1;1;A01
201000027564;0;7;0;0;2;1;17;A01
201000027564;0;7;0;0;2;6;15;B01
201000027565;0;7;0;15;0;1;6;A01
201000027566;0;7;0;0;2;1;1;A01
201000027566;0;7;0;0;2;4;1;B01
201000027566;0;7;0;0;0;0;15;D01
201000027566;0;7;0;0;2;4;1;C01
201000027567;0;15;0;0;2;2;1;B01
201000027567;0;7;0;0;2;8;9;A01
201000027568;0;10;0;0;2;8;15;B01
201000027568;0;30;0;0;2;1;17;A01
201000027569;0;7;0;1;0;1;14;A01
201000027570;0;7;0;2;0;0;0;A01
201000027571;0;7;0;0;2;5;17;A01
201000027571;0;2;0;0;2;8;13;B01
201000027572;0;30;0;0;2;1;17;A01
201000027572;0;7;0;0;2;8;15;B01
201000027573;0;7;0;13;0;0;13;A01
201000027573;0;1;0;0;0;0;15;B01
201000027574;1;7;0;0;1;2;1;A01
201000027574;0;7;0;13;0;7;14;C01
201000027575;0;7;0;0;2;3;15;B01
201000027575;0;7;0;0;2;7;17;A01
201000027576;0;7;0;0;2;4;1;C01
201000027576;0;7;0;0;2;4;1;B01
201000027576;1;7;0;0;2;1;1;A01
201000027577;0;2;0;0;2;1;1;B01
201000027577;0;7;0;0;2;8;19;A01
201000027578;0;7;0;13;0;0;14;A01
201000027579;0;7;0;13;0;0;1;A01
201000027579;0;15;0;0;0;0;1;B01
201000027580;0;7;0;13;0;1;1;A01
201000027581;0;7;0;0;2;8;13;A01
201000027581;0;7;0;0;2;8;1;B01
201000027582;1;7;0;0;1;1;1;Z01
201000027583;0;7;0;0;1;1;15;A01
201000027584;0;7;0;12;0;1;13;A01
201000027585;0;7;0;0;2;8;1;B01
201000027585;0;7;0;0;2;2;1;A01
201000027586;0;7;0;3;0;9;6;A01
201000027587;1;7;0;0;1;0;0;A01
201000027588;2;7;0;14;0;1;6;A01
201000027589;0;7;0;0;2;2;1;A01
201000027590;0;7;0;0;1;2;1;A01
201000027591;0;7;0;12;0;1;1;A01
201000027592;0;7;0;6;2;2;1;A01
201000027592;0;7;0;0;2;6;1;B01
201000027593;0;7;0;0;0;6;24;B01
201000027593;0;7;0;0;2;3;14;A01
201000027594;1;7;0;0;1;3;1;Z01
201000027595;0;7;0;0;2;2;1;A01
201000027595;0;7;0;0;2;6;1;B01
201000027596;0;7;0;0;1;2;1;A01
201000027597;0;7;0;0;2;1;1;B01
201000027597;0;7;0;0;2;1;15;A01
201000027598;0;30;0;0;2;8;1;B01
201000027598;0;7;0;0;2;7;1;A01
201000027599;0;7;0;0;0;0;0;A01
201000027600;0;7;0;0;1;3;1;A01
201000027601;0;7;0;0;0;1;14;A01
201000027602;0;7;0;0;2;2;1;B01
201000027602;0;7;0;0;2;3;9;A01
201000027603;0;7;0;13;0;1;21;A01
201000027604;0;33;0;0;0;0;15;A01
201000027605;0;7;0;0;2;8;1;B01
201000027605;0;7;0;0;2;1;1;A01
201000027606;0;7;0;0;2;4;1;B01
201000027606;0;7;0;0;2;1;1;A01
201000027607;0;7;0;0;2;4;23;B01
201000027607;0;7;0;0;2;1;23;A01
201000027607;0;7;0;0;2;0;23;C01
201000027608;0;33;0;0;2;5;1;B01
201000027608;1;7;0;0;0;0;1;A01
201000027609;0;7;0;0;1;2;1;A01
201000027610;0;10;0;0;1;1;1;A01
201000027611;0;7;0;0;2;1;1;B01
201000027611;0;7;0;0;2;1;13;A01
201000027612;0;7;0;2;0;3;1;A01
201000027613;0;7;0;0;2;1;1;A01
201000027613;0;7;0;0;2;8;1;B01
201000027614;0;1;0;0;2;1;1;B01
201000027614;0;7;0;0;2;3;16;A01
201000027615;0;30;0;0;2;1;2;A01
201000027615;0;7;0;0;0;4;2;B01
201000027616;0;7;0;0;2;1;1;B01
201000027616;0;7;0;0;2;3;1;A01
201000027617;0;33;0;0;0;8;1;A01
201000027618;0;7;0;0;2;1;2;A01
201000027618;0;7;0;0;0;4;2;B01
201000027619;0;7;0;0;5;1;1;A01
201000027620;0;7;0;5;0;1;1;A01
201000027621;0;7;0;0;1;0;0;A01
201000027622;1;7;0;0;2;1;15;A01
201000027622;0;7;0;0;2;0;1;B01
201000027623;0;14;0;0;2;2;1;B01
201000027623;0;7;0;0;2;1;1;A01
201000027624;0;7;0;0;2;8;17;A01
201000027624;0;7;0;0;2;1;1;B01
201000027625;0;7;0;0;2;1;23;A01
201000027625;1;7;0;0;2;2;15;X01
201000027626;0;7;0;0;2;1;0;A01
201000027626;0;7;0;0;0;4;1;B01
201000027627;0;7;0;13;2;7;21;A01
201000027627;0;7;0;0;2;1;1;B01
201000027627;1;7;0;0;0;0;0;C01
201000027628;0;7;0;8;0;9;0;A01
201000027629;0;30;0;0;2;1;2;A01
201000027629;0;10;0;0;2;4;2;B01
201000027630;0;7;0;0;2;4;1;B01
201000027630;0;7;0;0;2;2;1;A01
201000027631;0;7;0;0;2;3;15;B01
201000027631;0;33;0;0;2;1;16;A01
201000027632;0;7;0;8;2;5;1;B01
201000027632;0;7;0;0;2;3;11;A01
201000027633;0;7;0;0;2;3;1;B01
201000027633;0;7;0;0;2;1;15;A01
201000027634;0;7;0;0;2;2;1;A01
201000027634;0;34;0;0;2;1;1;B01
201000027635;0;7;0;13;0;9;2;B01
201000027635;0;7;0;13;0;1;2;A01
201000027636;1;7;0;0;2;3;20;A01
201000027636;0;31;0;0;2;7;21;B01
201000027637;0;14;0;0;1;2;1;A01
201000027638;0;33;0;0;0;7;2;B01
201000027638;0;7;0;0;2;2;2;A01
201000027639;0;30;0;0;2;0;1;B01
201000027639;0;7;0;0;2;1;1;A01
201000027640;0;7;0;0;2;4;2;B01
201000027640;0;7;0;0;2;1;2;A01
201000027641;0;7;0;0;1;1;13;A01
201000027642;0;7;0;0;2;1;2;A01
201000027642;0;31;0;0;2;4;2;B01
201000027643;0;7;0;0;1;0;0;A01
201000027644;0;7;0;0;1;3;1;A01
201000027645;0;7;0;0;0;4;23;B01
201000027645;0;33;0;0;2;1;2;A01
201000027646;0;10;0;0;1;0;0;A01
201000027647;0;34;0;0;2;1;2;A01
201000027647;0;7;0;0;2;4;2;B01
201000027648;0;38;2;0;2;3;2;B01
201000027648;0;7;0;0;2;5;2;A01
201000027649;0;7;0;0;2;3;13;A01
201000027649;0;31;0;0;2;2;1;B01
201000027650;0;7;0;2;0;1;1;A01
201000027651;0;10;0;0;2;3;1;B01
201000027651;0;10;0;0;2;1;0;A01
201000027652;0;2;0;0;2;7;17;A01
201000027652;0;33;0;0;2;8;15;B01
201000027653;0;7;0;0;2;1;2;A01
201000027653;0;7;0;0;2;4;2;B01
201000027654;0;7;0;0;2;1;1;B01
201000027654;2;7;0;0;2;8;1;A01
201000027655;0;30;0;0;2;1;0;A01
201000027655;0;7;0;0;2;4;15;B01
201000027656;0;7;0;0;2;1;1;A01
201000027656;0;7;0;0;0;4;2;B01
201000027657;0;30;0;0;1;1;1;A01
201000027658;0;7;0;0;2;8;13;A01
201000027658;0;7;0;0;2;3;1;B01
201000027659;0;33;0;0;2;7;1;B01
201000027659;0;7;0;0;2;8;11;A01
201000027660;0;7;0;1;0;1;13;A01
201000027661;0;30;0;0;2;1;5;A01
201000027661;0;1;0;0;2;1;1;B01
201000027662;0;7;0;0;2;1;1;C01
201000027662;0;7;0;0;2;0;2;A01
201000027662;0;7;0;13;2;5;2;B01
201000027663;0;7;0;0;2;3;13;A01
201000027663;0;7;0;0;2;8;1;B01
201000027664;0;33;0;13;0;1;1;A01
201000027665;0;7;0;0;1;2;1;A01
201000027666;0;30;0;0;1;1;1;A01
201000027667;0;7;0;13;0;1;14;A01
201000027668;0;7;0;0;1;5;1;A01
201000027669;0;7;0;0;1;3;17;A01
201000027670;0;7;0;0;2;1;1;B01
201000027670;0;7;0;0;2;1;13;A01
201000027671;0;7;0;0;2;3;15;B01
201000027671;0;33;0;1;2;1;17;A01
201000027672;0;1;0;0;2;1;1;B01
201000027672;0;7;0;0;2;3;1;A01
201000027673;0;7;0;0;2;2;1;B01
201000027673;0;33;0;0;2;1;1;A01
201000027674;0;7;0;0;1;1;1;A01
201000027675;0;33;0;16;0;9;1;A01
201000027676;0;7;0;0;2;6;11;A01
201000027676;0;2;0;0;2;1;17;B01
201000027677;0;7;0;0;2;1;2;A01
201000027677;0;7;0;0;2;4;9;B01
201000027678;0;7;0;0;2;5;23;B01
201000027678;0;7;0;0;2;1;21;A01
201000027679;0;7;0;0;0;4;20;B01
201000027679;0;7;0;0;0;1;1;A01
201000027680;0;7;0;6;2;0;1;A01
201000027681;1;7;0;0;2;0;13;A01
201000027681;0;30;0;16;2;7;17;B01
201000027682;0;33;0;13;0;1;15;A01
201000027683;0;7;0;0;1;4;4;A01
201000027684;0;7;0;0;2;3;1;B01
201000027684;0;7;0;0;2;1;11;A01
201000027685;0;34;0;0;2;0;17;B01
201000027685;0;7;0;0;2;1;9;A01
201000027686;0;7;0;0;2;4;23;B01
201000027686;0;33;0;0;2;1;0;A01
201000027687;0;7;0;0;2;1;15;B01
201000027687;0;1;0;0;2;1;5;A01
201000027688;0;7;0;0;2;2;1;B01
201000027688;0;7;0;0;2;1;9;A01
201000027689;0;7;0;13;2;1;17;A01
201000027689;0;7;0;0;2;3;1;B01
201000027690;0;15;0;0;2;7;15;A01
201000027690;0;7;0;0;2;8;15;B01
201000027691;0;7;0;0;1;4;20;A01
201000027692;1;7;0;0;1;7;1;A01
201000027693;0;7;0;1;2;1;13;A01
201000027693;0;7;0;0;2;1;1;B01
201000027694;0;15;0;0;0;7;15;A01
201000027695;1;7;0;1;1;1;1;A01
201000027695;0;14;0;0;2;3;18;F01
201000027695;0;14;0;0;2;1;2;G01
201000027696;0;7;0;0;2;1;1;B01
201000027696;0;7;0;6;2;3;1;A01
201000027697;0;30;0;0;2;1;1;B01
201000027697;0;7;0;0;2;2;10;A01
201000027698;0;7;0;13;2;1;17;A01
201000027698;0;7;0;13;2;8;15;B01
201000027699;0;33;0;0;2;7;17;B01
201000027699;1;10;0;0;2;8;13;A01
201000027700;0;10;0;0;2;0;13;B01
201000027700;0;33;0;1;2;3;17;A01
201000027701;0;7;0;0;2;3;0;A01
201000027701;0;2;0;0;2;1;15;B01
201000027702;0;7;0;0;1;3;1;A01
201000027703;0;10;0;0;1;7;12;B01
201000027703;0;32;0;0;2;8;18;A01
201000027704;0;30;0;0;2;1;1;B01
201000027704;0;7;0;0;2;7;1;A01
201000027705;0;7;0;0;2;3;1;A01
201000027705;0;7;0;0;2;1;1;B01
201000027706;0;32;0;0;2;1;15;A01
201000027706;0;7;0;0;2;3;1;B01
201000027707;0;32;0;0;2;1;1;B01
201000027707;0;7;0;0;2;3;15;A01
201000027708;0;14;0;13;0;9;14;A01
201000027709;0;37;10;0;1;5;9;A01
201000027710;0;7;0;1;2;1;1;B01
201000027710;0;7;0;0;2;1;1;A01
201000027710;0;7;0;0;2;3;23;C01
201000027711;0;1;0;0;2;4;2;A01
201000027711;0;37;0;0;2;1;2;B01
201000027712;0;10;0;0;1;2;10;A01
201000027713;0;33;0;0;2;1;15;A01
201000027713;0;7;0;0;2;2;1;B01
201000027714;0;7;0;0;2;1;1;B01
201000027714;0;7;0;0;2;8;15;A01
201000027715;0;7;0;13;2;5;16;B01
201000027715;0;7;0;6;2;1;14;A01
201000027716;0;33;0;0;2;1;17;A01
201000027716;0;7;0;0;2;1;1;B01
201000027717;0;7;0;0;1;2;1;A01
201000027718;0;7;0;2;2;4;16;B01
201000027718;0;7;0;0;2;2;1;A01
201000027719;0;7;0;0;2;5;1;A01
201000027719;0;7;0;0;2;1;1;B01
201000027720;0;7;0;0;2;3;15;B01
201000027720;0;2;0;0;2;2;2;A01
201000027721;0;2;0;0;2;4;0;B01
201000027721;0;7;0;0;2;1;2;A01
201000027722;0;7;0;0;2;2;1;A01
201000027722;0;33;0;0;2;1;1;B01
201000027723;0;7;0;0;2;4;0;B01
201000027723;0;33;0;0;2;1;2;A01
201000027724;0;7;0;0;2;6;15;B01
201000027724;0;2;0;1;2;1;17;A01
201000027725;0;7;0;0;2;1;1;A01
201000027725;0;7;0;0;2;4;2;B01
201000027725;0;7;0;0;2;4;2;C01
201000027726;0;7;0;0;1;1;16;A01
201000027727;0;30;0;0;2;8;19;A01
201000027727;0;7;0;0;2;2;15;B01
201000027728;0;30;0;0;2;1;1;A01
201000027728;0;7;0;0;2;3;15;B01
201000027729;0;7;0;8;0;3;6;A01
201000027730;0;7;0;0;2;3;16;B01
201000027730;0;7;0;0;2;2;1;A01
201000027731;1;7;0;0;1;1;15;Z01
201000027732;0;7;0;0;1;5;4;A01
201000027733;0;7;0;0;2;1;0;A01
201000027733;0;10;0;0;0;4;0;B01
201000027734;0;1;0;0;0;0;0;B01
201000027734;1;7;0;0;2;0;0;A01
201000027735;0;2;0;0;2;1;0;B01
201000027735;0;7;0;0;2;2;0;A01
201000027736;0;33;0;0;0;0;0;A01
201000027737;0;7;0;0;2;2;0;B01
201000027737;0;7;0;0;2;3;0;A01
201000027738;0;7;0;0;1;6;4;A01
201000027739;0;7;0;0;2;2;0;B01
201000027739;0;2;0;0;2;1;0;A01
201000027740;0;7;0;0;1;1;1;A01
201000027741;0;33;0;0;2;1;0;B01
201000027741;0;7;0;0;2;0;0;A01
201000027742;0;7;0;0;2;8;0;A01
201000027742;0;7;0;0;2;2;0;B01
201000027743;0;7;0;2;0;1;1;A01
201000027744;0;7;0;0;1;0;0;A01
201000027745;0;7;0;0;9;1;1;B01
201000027745;0;1;0;0;2;1;1;A01
201000027746;0;7;0;0;2;0;1;B01
201000027746;0;7;0;0;2;0;1;A01
201000027747;0;7;0;0;1;4;1;A01
201000027748;0;7;0;0;2;1;0;A01
201000027748;0;7;0;0;2;8;0;B01
201000027749;0;7;0;0;2;3;1;B01
201000027749;0;7;0;0;2;3;1;A01
201000027750;0;7;0;0;2;0;1;A01
201000027750;0;30;0;0;2;1;15;B01
201000027751;0;10;0;0;1;0;4;A01
201000027752;0;7;0;2;0;1;0;A01
201000027753;0;7;0;0;2;7;4;A01
201000027753;0;33;0;0;2;8;0;B01
201000027754;0;7;0;0;1;4;4;A01
201000027755;0;7;0;9;0;9;0;A01
201000027756;0;7;0;0;2;3;0;A01
201000027756;0;32;0;0;2;3;0;B01
201000027757;0;99;0;0;1;0;16;A01
201000027758;0;7;0;0;2;2;0;A01
201000027758;0;32;0;0;2;1;0;B01
201000027759;0;7;0;0;1;1;0;A01
201000027760;0;7;0;0;2;1;1;A01
201000027760;0;7;0;0;2;8;1;B01
201000027761;0;7;0;0;1;4;0;A01
201000027762;0;30;0;0;2;7;2;B01
201000027762;0;7;0;0;2;7;2;A01
201000027763;0;33;0;0;2;7;0;B01
201000027763;0;7;0;0;2;8;0;A01
201000027764;0;1;0;0;2;8;0;B01
201000027764;1;7;0;0;1;0;0;A01
201000027765;0;32;0;0;2;1;1;B01
201000027765;0;10;0;0;2;5;15;A01
201000027766;0;7;0;0;2;7;15;B01
201000027766;0;2;0;0;2;1;16;A01
201000027767;0;7;0;0;1;1;1;A01
201000027768;0;7;0;11;0;1;0;A01
201000027769;0;7;0;0;1;0;0;A01
201000027770;0;7;0;0;2;1;2;B01
201000027770;0;7;0;0;2;7;1;A01
201000027771;1;7;0;0;0;0;17;A01
201000027771;0;7;0;13;0;9;1;B01
201000027772;0;7;0;0;1;3;1;C01
201000027772;0;7;0;0;2;0;3;B01
201000027772;0;7;0;0;2;1;1;A01
201000027773;0;7;0;0;1;1;1;A01
201000027774;0;7;0;0;1;4;0;A01
201000027775;0;7;0;0;0;0;17;A01
201000027776;0;1;0;0;2;1;0;B01
201000027776;0;7;0;0;2;0;0;A01
201000027777;0;7;0;0;2;0;0;B01
201000027777;0;1;0;0;2;1;1;A01
201000027778;0;30;0;0;2;0;0;A01
201000027778;0;33;0;0;2;7;0;B01
201000027779;0;7;0;0;0;4;4;A01
201000027780;0;7;0;0;2;2;1;A01
201000027780;0;7;0;0;2;5;1;B01
201000027781;1;7;0;0;1;1;1;A01
201000027782;0;7;0;13;0;9;1;A01
201000027783;0;7;0;16;0;1;1;A01
201000027784;0;30;0;0;1;0;0;B01
201000027784;0;7;0;0;2;0;0;A01
201000027785;0;7;0;0;2;4;0;C01
201000027785;0;7;0;0;2;9;0;B01
201000027785;0;7;0;0;2;1;0;A01
201000027786;0;7;0;0;1;0;15;A01
201000027787;0;7;0;0;1;0;0;A01
201000027788;0;7;0;0;0;0;0;A01
201000027788;0;1;0;0;2;0;0;B01
201000027789;0;7;0;0;0;4;11;B01
201000027789;0;7;0;0;2;1;1;A01
201000027790;0;37;23;0;2;1;7;A01
201000027790;0;7;0;0;0;4;7;B01
201000027791;0;7;0;0;1;1;1;A01
201000027792;0;33;0;0;0;8;1;A01
201000027793;1;7;0;0;0;0;13;A01
201000027793;0;2;0;12;2;0;1;B01
201000027794;0;7;0;0;1;0;1;A01
201000027795;0;7;0;0;0;9;14;A01
201000027796;0;7;0;0;1;7;1;A01
201000027797;0;10;0;0;1;8;1;A01
201000027798;1;7;0;0;2;0;2;A01
201000027798;0;32;0;0;2;8;1;B01
201000027799;0;7;0;0;2;9;0;C01
201000027799;0;7;0;0;2;4;1;D01
201000027799;0;7;0;0;2;9;0;B01
201000027799;0;7;0;0;2;1;0;A01
201000027800;0;7;0;0;0;4;1;B01
201000027800;0;7;0;0;2;1;1;A01
201000027801;0;7;0;0;2;2;15;A01
201000027801;0;33;0;0;2;1;1;B01
201000027801;0;7;0;0;2;8;23;C01
201000027802;0;10;0;0;2;5;1;B01
201000027802;0;31;0;0;2;0;15;A01
201000027803;0;7;0;0;2;1;1;B01
201000027803;0;7;0;0;2;2;1;A01
201000027804;0;7;0;0;2;0;1;B01
201000027804;0;7;0;0;2;5;1;A01
201000027805;0;7;0;1;1;1;1;A01
201000027806;0;7;0;0;1;0;1;A01
201000027807;0;30;0;1;2;2;1;B01
201000027807;1;7;0;0;9;0;15;A01
201000027808;0;35;0;13;0;1;14;A01
201000027809;0;1;0;0;1;1;5;A01
201000027810;0;7;0;0;2;1;1;A01
201000027810;0;7;0;0;0;4;1;B01
201000027811;0;31;0;0;0;1;1;A01
201000027812;0;7;0;0;2;7;1;A01
201000027812;0;7;0;0;2;3;1;B01
201000027813;0;33;0;0;2;1;1;B01
201000027813;0;7;0;0;2;3;15;A01
201000027814;0;7;0;0;0;4;1;B01
201000027814;0;7;0;0;2;1;1;A01
201000027815;0;7;0;0;0;4;1;B01
201000027815;0;7;0;0;2;1;1;A01
201000027816;0;7;0;6;0;0;0;A01
201000027817;0;7;0;0;1;1;0;A01
201000027818;0;7;0;0;0;4;23;B01
201000027818;0;7;0;0;2;1;1;A01
201000027819;0;7;0;8;0;1;1;A01
201000027820;0;7;0;0;0;1;1;B01
201000027820;0;7;0;0;2;3;13;A01
201000027821;0;7;0;0;0;1;1;C01
201000027821;0;7;0;14;2;4;1;B01
201000027821;0;14;0;14;1;1;6;A01
201000027822;0;7;0;0;0;3;1;B01
201000027822;2;7;0;0;2;3;13;A01
201000027823;0;33;0;0;2;8;13;A01
201000027823;0;7;0;0;0;7;1;B01
201000027824;0;30;0;0;1;1;21;A01
201000027825;0;7;0;0;0;4;2;B01
201000027825;0;7;0;0;2;1;2;A01
201000027826;0;7;0;0;9;5;15;A01
201000027826;0;1;0;0;2;1;1;B01
201000027827;0;7;0;0;2;4;1;B01
201000027827;0;7;0;0;2;1;13;A01
201000027827;0;7;0;0;2;3;1;C01
201000027828;0;2;0;0;2;7;5;A01
201000027828;0;7;0;0;2;3;1;B01
201000027829;0;7;0;14;2;2;1;B01
201000027829;1;7;0;0;2;3;13;A01
201000027830;0;7;0;0;0;4;2;C01
201000027830;0;7;0;0;2;1;2;A01
201000027830;0;7;0;0;2;4;2;B01
201000027831;0;2;0;0;2;1;1;A01
201000027831;0;7;0;0;2;8;15;B01
201000027832;0;7;0;0;2;3;15;B01
201000027832;0;33;0;0;2;2;17;A01
201000027833;0;2;0;0;2;0;19;B01
201000027833;0;7;0;0;2;4;4;A01
201000027834;0;1;0;0;2;0;0;B01
201000027834;0;7;0;0;2;2;0;A01
201000027835;0;7;0;0;2;1;2;A01
201000027835;0;7;0;0;2;4;2;B01
201000027835;0;7;0;0;0;4;1;C01
201000027836;0;7;0;0;2;0;19;A01
201000027836;0;1;0;0;2;0;1;B01
201000027837;0;7;0;0;2;8;15;B01
201000027837;0;2;0;0;2;1;1;A01
201000027838;0;7;0;15;2;1;1;B01
201000027838;0;7;0;0;2;1;1;A01
201000027839;0;7;0;8;2;0;6;A01
201000027839;0;7;0;0;2;1;1;B01
201000027840;0;7;0;0;2;2;1;A01
201000027840;0;7;0;0;2;1;15;B01
201000027841;0;7;0;0;2;3;1;B01
201000027841;0;7;0;0;2;1;17;A01
201000027842;0;7;0;0;1;2;1;A01
201000027843;0;33;0;0;2;1;1;B01
201000027843;2;2;0;0;2;1;5;A01
201000027844;0;7;0;0;1;1;1;A01
201000027845;0;7;0;0;1;9;0;A01
201000027846;0;7;0;0;1;0;1;A01
201000027847;0;7;0;0;1;7;1;A01
201000027848;0;30;0;0;2;1;17;A01
201000027848;0;7;0;0;2;3;15;B01
201000027849;0;30;0;0;2;7;1;A01
201000027849;0;7;0;0;2;1;1;B01
201000027850;0;35;0;12;0;1;1;A01
201000027851;0;7;0;0;2;4;1;B01
201000027851;0;7;0;0;2;1;1;A01
201000027852;0;7;0;0;0;4;1;B01
201000027852;0;7;0;0;2;1;1;A01
201000027853;0;7;0;0;2;3;9;A01
201000027853;0;7;0;0;0;5;15;B01
201000027854;0;7;0;0;1;1;1;A01
201000027855;0;7;0;0;2;2;1;B01
201000027855;0;7;0;0;2;3;1;A01
201000027856;0;1;0;1;2;7;1;B01
201000027856;1;7;0;0;2;0;0;A01
201000027857;0;32;0;0;2;1;1;A01
201000027857;0;7;0;0;2;0;23;B01
201000027858;0;7;0;14;0;3;1;A01
201000027859;0;7;0;12;0;1;18;A01
201000027860;0;7;0;0;2;8;1;B01
201000027860;0;7;0;0;2;1;1;A01
201000027861;0;33;0;0;2;7;1;B01
201000027861;0;7;0;0;2;0;15;A01
201000027862;1;10;0;0;2;1;1;Z01
201000027862;0;31;0;0;2;8;1;B01