num_acc;senc;catv;occutc;obs;obsm;choc;manv;num_veh
201000027863;0;7;0;0;0;0;1;A01
201000027864;0;7;0;0;0;0;17;B01
201000027864;0;7;0;0;2;1;19;A01
201000027865;0;7;0;0;2;3;23;B01
201000027865;0;7;0;0;2;1;15;A01
201000027866;0;7;0;6;0;1;1;A01
201000027867;0;2;0;0;2;1;1;A01
201000027867;0;7;0;0;2;4;0;B01
201000027868;0;13;0;0;2;0;1;B01
201000027868;0;33;0;0;2;0;0;A01
201000027869;0;7;0;0;2;2;1;B01
201000027869;0;7;0;0;2;1;5;A01
201000027870;0;7;0;0;2;1;1;A01
201000027870;0;7;0;0;2;8;1;B01
201000027871;0;7;0;2;0;1;0;A01
201000027872;0;7;0;0;2;1;1;B01
201000027872;0;7;0;0;2;2;5;A01
201000027873;0;7;0;0;2;3;15;A01
201000027873;0;2;0;1;2;1;17;B01
201000027874;0;7;0;6;0;1;13;A01
201000027875;0;7;0;0;2;3;1;A01
201000027875;0;7;0;0;2;4;1;B01
201000027876;0;7;0;0;1;1;0;A01
201000027877;0;7;0;0;2;2;1;A01
201000027877;0;1;0;0;2;6;1;B01
201000027878;0;1;0;0;2;5;1;B01
201000027878;0;7;0;0;2;3;9;A01
201000027879;0;2;0;0;2;1;0;A01
201000027879;0;2;0;0;2;1;0;B01
201000027880;0;7;0;0;2;3;15;B01
201000027880;0;7;0;0;2;1;15;C01
201000027880;0;2;0;0;2;2;1;A01
201000027881;0;7;0;10;2;4;1;B01
201000027881;0;7;0;0;2;1;0;A01
201000027882;0;7;0;4;0;2;0;A01
201000027883;0;7;0;0;2;3;1;B01
201000027883;0;7;0;4;2;9;0;A01
201000027884;1;38;0;0;0;0;0;Z01
201000027885;1;33;0;0;0;4;0;B01
201000027885;1;7;0;0;0;0;0;Z01
201000027886;0;7;0;0;2;1;9;A01
201000027886;0;7;0;0;2;2;1;B01
201000027887;0;2;0;0;2;1;9;A01
201000027887;0;7;0;0;2;3;1;B01
201000027888;0;33;0;4;0;1;0;A01
201000027889;0;32;0;13;0;8;1;A01
201000027889;0;7;0;0;0;0;15;B01
201000027890;0;7;0;0;2;3;0;A01
201000027890;0;1;0;0;2;5;1;B01
201000027891;0;7;0;0;2;1;16;B01
201000027891;0;13;0;0;2;3;1;A01
201000027892;0;7;0;0;2;3;17;A01
201000027892;0;7;0;0;2;3;17;B01
201000027893;0;7;0;0;2;8;1;A01
201000027893;0;32;0;0;2;9;1;B01
201000027894;0;7;0;0;2;3;15;A01
201000027894;0;2;0;0;2;1;1;B01
201000027895;0;15;0;3;2;1;1;A01
201000027895;0;7;0;3;2;9;1;B01
201000027896;0;7;0;4;2;9;1;A01
201000027896;0;7;0;4;2;9;1;B01
201000027897;0;7;0;2;0;8;1;A01
201000027898;0;7;0;0;2;2;19;A01
201000027898;0;7;0;0;2;1;1;D01
201000027898;0;7;0;0;2;1;1;C01
201000027898;0;33;0;0;2;1;1;B01
201000027899;0;33;0;0;2;7;1;B01
201000027899;0;7;0;0;2;3;11;A01
201000027900;0;7;0;0;2;7;1;B01
201000027900;0;30;0;0;2;8;11;A01
201000027901;1;30;0;0;9;0;0;Z01
201000027901;0;7;0;12;2;3;0;A01
201000027902;0;7;0;0;1;1;1;A01
201000027903;0;7;0;0;2;9;15;A01
201000027903;0;7;0;0;2;1;1;C01
201000027903;0;7;0;0;2;1;1;B01
201000027903;0;7;0;0;2;1;23;D01
201000027904;0;14;0;0;2;7;9;B01
201000027904;0;34;0;0;2;3;1;A01
201000027905;0;7;0;0;2;2;15;B01
201000027905;0;31;0;0;2;7;1;A01
201000027906;1;7;0;0;2;1;16;A01
201000027906;0;30;0;0;2;7;16;B01
201000027907;0;14;0;0;2;8;1;B01
201000027907;0;33;0;0;2;7;13;A01
201000027908;0;37;0;0;2;7;15;B01
201000027908;0;33;0;0;2;1;1;A01
201000027909;0;7;0;4;0;9;17;A01
201000027910;0;7;0;4;0;1;1;A01
201000027911;0;30;0;8;0;1;1;A01
201000027912;0;7;0;0;1;2;1;A01
201000027913;0;7;0;0;2;3;19;A01
201000027913;0;7;0;0;2;2;21;B01
201000027914;0;7;0;15;0;1;0;A01
201000027915;0;7;0;0;1;3;2;A01
201000027916;0;7;0;0;0;4;2;B01
201000027916;0;7;0;0;2;1;2;A01
201000027917;0;7;0;0;2;3;1;B01
201000027917;0;10;0;0;2;3;13;A01
201000027918;0;7;0;0;0;4;2;B01
201000027918;0;10;0;0;2;1;2;A01
201000027919;0;7;0;6;0;1;1;A01
201000027920;0;30;0;0;0;7;1;A01
201000027921;0;7;0;0;9;1;1;A01
201000027921;0;1;0;0;0;0;1;B01
201000027922;0;7;0;0;2;2;1;A01
201000027922;0;7;0;0;2;4;4;B01
201000027923;0;7;0;0;2;3;1;B01
201000027923;0;7;0;0;2;9;19;A01
201000027924;0;7;0;8;0;1;1;A01
201000027925;0;7;0;0;2;2;15;A01
201000027925;0;33;0;0;2;7;1;B01
201000027926;0;7;0;0;2;6;1;B01
201000027926;0;7;0;0;2;3;16;A01
201000027927;0;7;0;0;2;5;15;B01
201000027927;0;7;0;0;2;3;1;A01
201000027928;0;7;0;0;1;1;1;A01
201000027929;0;2;0;0;2;1;9;A01
201000027929;0;7;0;0;2;6;19;B01
201000027930;0;7;0;0;2;7;13;A01
201000027930;0;20;0;0;2;2;1;B01
201000027931;0;7;0;0;2;5;23;B01
201000027931;0;7;0;0;2;2;2;A01
201000027932;0;7;0;15;0;1;1;A01
201000027933;0;7;0;8;0;1;1;A01
201000027934;0;2;0;0;2;1;0;B01
201000027934;0;7;0;0;2;8;0;A01
201000027935;0;7;0;13;0;1;1;A01
201000027936;1;7;0;0;1;0;0;Z01
201000027937;0;33;0;0;2;1;1;B01
201000027937;0;7;0;0;2;4;11;A01
201000027938;0;7;0;4;2;6;1;B01
201000027938;0;7;0;4;2;5;1;A01
201000027939;0;7;0;5;0;0;0;A01
201000027940;0;7;0;4;0;0;0;A01
201000027941;0;33;0;0;2;1;1;B01
201000027941;0;7;0;0;2;2;15;A01
201000027942;0;1;0;0;2;1;1;B01
201000027942;0;7;0;0;2;2;15;A01
201000027943;0;7;0;12;2;2;1;A01
201000027943;0;7;0;15;2;6;1;B01
201000027944;0;7;0;0;2;1;1;A01
201000027944;0;7;0;0;2;3;9;B01
201000027945;0;2;0;0;2;3;1;A01
201000027945;0;1;0;0;2;2;16;B01
201000027946;0;7;0;0;2;1;15;A01
201000027946;0;2;0;0;2;1;1;B01
201000027947;0;7;0;0;2;7;1;A01
201000027947;0;1;0;0;2;1;1;B01
201000027948;0;7;0;0;2;2;15;A01
201000027948;0;7;0;0;2;2;1;B01
201000027949;0;33;0;0;0;8;1;A01
201000027950;1;7;0;0;1;1;1;A01
201000027951;0;7;0;0;2;8;1;B01
201000027951;0;7;0;0;2;3;15;A01
201000027952;0;7;0;0;1;2;1;A01
201000027953;0;33;0;0;2;1;0;A01
201000027953;1;7;0;0;2;0;0;Z01
201000027954;0;7;0;0;2;4;1;B01
201000027954;0;7;0;0;2;1;2;A01
201000027955;0;1;0;0;2;1;0;B01
201000027955;0;10;0;0;2;3;0;A01
201000027956;0;10;0;0;2;3;0;C01
201000027956;0;7;0;0;2;7;1;A01
201000027956;0;7;0;0;2;2;0;B01
201000027957;0;7;0;0;2;4;2;C01
201000027957;0;7;0;0;2;4;2;B01
201000027957;0;7;0;0;2;1;2;A01
201000027958;0;7;0;0;1;1;0;A01
201000027959;0;7;0;1;0;3;13;A01
201000027960;0;7;0;0;1;2;0;A01
201000027961;0;30;0;0;2;1;0;B01
201000027961;0;7;0;0;2;1;0;A01
201000027962;0;7;0;0;0;0;0;A01
201000027963;0;1;0;0;2;1;0;B01
201000027963;0;10;0;0;2;4;20;A01
201000027964;0;7;0;0;1;1;1;A01
201000027965;0;7;0;0;2;3;1;B01
201000027965;0;33;0;0;2;1;1;C01
201000027965;0;7;0;0;2;3;13;A01
201000027966;0;33;0;0;0;8;0;A01
201000027967;0;7;0;0;2;7;15;A01
201000027967;0;7;0;0;2;1;1;B01
201000027968;0;2;0;0;2;1;0;A01
201000027968;0;7;0;0;2;8;1;B01
201000027969;0;32;0;0;4;1;1;A01
201000027969;0;39;0;0;2;1;1;B01
201000027970;0;7;0;0;2;4;1;A01
201000027970;0;2;0;0;2;1;2;B01
201000027971;1;7;0;0;0;0;0;Z01
201000027971;0;33;0;0;0;8;1;B01
201000027972;0;31;0;0;2;1;1;B01
201000027972;0;7;0;0;2;7;1;A01
201000027973;0;7;0;0;0;9;14;A01
201000027974;0;33;0;0;2;2;13;A01
201000027974;0;7;0;0;2;3;16;B01
201000027975;0;33;0;0;2;1;1;A01
201000027975;0;7;0;0;2;6;1;B01
201000027976;0;33;0;0;2;1;13;A01
201000027976;0;7;0;0;2;2;1;B01
201000027977;0;99;0;0;2;6;0;B01
201000027977;0;7;0;0;2;2;0;A01
201000027978;0;33;0;0;2;3;1;B01
201000027978;0;7;0;0;2;3;15;A01
201000027979;0;7;0;0;1;1;1;A01
201000027980;0;7;0;0;0;2;1;A01
201000027981;0;7;0;0;2;1;5;A01
201000027981;0;7;0;0;2;1;1;B01
201000027982;0;7;0;0;2;7;2;B01
201000027982;0;32;0;0;2;0;11;A01
201000027983;0;7;0;0;2;4;2;A01
201000027983;1;7;0;0;2;1;2;Z01
201000027984;0;7;0;0;2;1;1;A01
201000027984;0;7;0;0;2;8;1;B01
201000027985;0;7;0;0;0;6;1;A01
201000027985;1;7;0;0;0;0;0;Z01
201000027986;0;10;0;0;2;2;15;A01
201000027986;0;32;0;0;2;3;1;B01
201000027987;0;7;0;0;2;1;15;A01
201000027987;0;7;0;0;2;4;1;B01
201000027988;0;31;0;0;2;1;1;B01
201000027988;0;7;0;0;2;2;15;A01
201000027989;0;7;0;0;1;0;0;A01
201000027990;0;7;0;0;1;1;1;A01
201000027991;0;2;0;0;1;1;1;A01
201000027992;0;1;0;0;2;7;6;B01
201000027992;0;7;0;0;2;1;1;A01
201000027993;0;7;0;0;1;0;0;A01
201000027994;0;7;0;0;2;4;0;B01
201000027994;0;33;0;0;2;1;1;A01
201000027995;0;31;0;0;0;0;0;A01
201000027996;1;7;0;0;1;1;0;Z01
201000027997;0;7;0;0;2;4;1;B01
201000027997;0;7;0;0;2;1;1;A01
201000027998;0;7;0;0;2;1;0;A01
201000027998;0;33;0;0;2;2;1;B01
201000027999;0;2;0;0;2;1;1;B01
201000027999;0;7;0;0;2;2;15;A01
201000028000;0;7;0;0;2;8;13;A01
201000028000;0;33;0;0;2;1;0;B01
201000028001;0;7;0;0;2;2;0;A01
201000028001;0;31;0;0;2;1;1;B01
201000028002;0;32;0;0;1;1;1;A01
201000028003;0;7;0;6;0;1;0;A01
201000028004;0;2;0;0;1;1;1;A01
201000028005;0;32;0;0;2;1;17;B01
201000028005;0;7;0;0;2;1;15;A01
201000028006;0;7;0;0;2;3;1;B01
201000028006;0;33;0;0;2;2;0;A01
201000028007;0;7;0;12;0;2;1;A01
201000028008;0;7;0;0;2;1;1;C01
201000028008;0;7;0;0;2;3;1;B01
201000028008;0;7;0;0;2;1;15;A01
201000028009;0;7;0;0;2;0;0;A01
201000028009;0;7;0;0;2;7;1;B01
201000028010;0;7;0;0;2;3;1;B01
201000028010;0;7;0;0;2;3;11;A01
201000028011;0;7;0;4;0;9;0;A01
201000028012;0;33;0;0;2;1;1;B01
201000028012;0;7;0;0;2;8;15;A01
201000028013;0;7;0;0;2;3;1;B01
201000028013;0;7;0;0;2;3;13;A01
201000028014;0;7;0;0;2;1;13;A01
201000028014;0;7;0;0;2;3;1;B01
201000028015;0;7;0;0;2;6;16;A01
201000028015;0;31;0;0;0;1;1;B01
201000028016;0;7;0;0;2;5;15;A01
201000028016;0;33;0;0;2;2;1;B01
201000028017;0;7;0;0;2;8;15;B01
201000028017;0;30;0;0;2;1;17;A01
201000028018;0;2;0;0;2;1;0;A01
201000028018;0;7;0;0;2;1;1;B01
201000028019;0;7;0;0;2;3;2;A01
201000028019;0;7;0;0;2;4;1;B01
201000028020;0;33;0;0;0;7;0;A01
201000028021;0;7;0;0;2;4;2;B01
201000028021;0;7;0;0;2;1;2;A01
201000028022;0;7;0;4;0;1;1;A01
201000028023;0;13;0;0;2;4;1;B01
201000028023;0;14;0;0;2;1;1;A01
201000028024;0;33;0;0;2;7;1;B01
201000028024;0;7;0;0;2;3;15;A01
201000028025;0;13;0;0;2;6;15;B01
201000028025;0;33;0;0;2;1;13;A01
201000028026;0;32;0;0;2;2;1;A01
201000028026;0;7;0;0;2;3;15;B01
201000028027;0;7;0;0;2;3;2;A01
201000028027;0;37;1;0;2;2;1;B01
201000028028;0;7;0;0;2;8;1;C01
201000028028;0;1;0;0;2;7;15;A01
201000028028;0;7;0;0;2;1;1;B01
201000028029;0;7;0;0;1;1;20;A01
201000028030;0;7;0;0;2;2;1;B01
201000028030;0;30;0;0;2;1;1;A01
201000028031;2;31;0;0;2;7;0;A01
201000028031;0;1;0;0;2;0;0;B01
201000028032;0;33;0;0;2;0;0;A01
201000028032;0;7;0;0;2;0;0;B01
201000028033;0;7;0;4;0;1;0;A01
201000028034;0;30;0;0;2;0;17;B01
201000028034;0;7;0;0;2;3;1;A01
201000028035;0;7;0;0;2;5;15;A01
201000028035;0;31;0;0;2;1;1;B01
201000028036;0;7;0;0;2;4;0;B01
201000028036;0;7;0;0;2;4;0;C01
201000028036;0;10;0;0;2;1;0;A01
201000028037;0;7;0;3;2;2;1;A01
201000028037;0;7;0;0;2;2;1;B01
201000028038;0;7;0;0;2;1;1;A01
201000028038;0;7;0;0;2;4;15;B01
201000028039;0;7;0;0;2;1;0;A01
201000028039;0;37;0;0;2;4;0;B01
201000028040;0;37;0;0;2;3;0;B01
201000028040;0;7;0;0;2;1;0;A01
201000028041;0;7;0;0;2;2;0;B01
201000028041;0;7;0;0;2;3;0;A01
201000028042;0;7;0;0;2;3;1;B01
201000028042;0;7;0;0;2;1;19;A01
201000028043;0;7;0;0;2;1;0;B01
201000028043;0;1;0;0;2;1;0;A01
201000028044;0;7;0;0;1;1;1;A01
201000028045;0;32;0;0;2;1;0;A01
201000028045;0;7;0;0;2;4;15;B01
201000028046;0;7;0;0;2;7;15;A01
201000028046;0;33;0;0;2;1;1;B01
201000028047;0;31;0;0;2;1;1;A01
201000028047;0;7;0;0;2;8;15;B01
201000028048;0;7;0;0;2;0;1;B01
201000028048;0;7;0;0;2;0;1;A01
201000028049;0;7;0;0;1;1;1;A01
201000028050;0;7;0;0;2;2;1;A01
201000028050;0;7;0;0;2;6;23;B01
201000028051;0;30;0;0;2;1;1;A01
201000028051;0;7;0;0;2;7;14;B01
201000028052;0;7;0;0;2;6;2;C01
201000028052;0;33;0;0;2;7;17;A01
201000028052;0;7;0;0;2;1;13;B01
201000028053;0;7;0;0;2;3;14;A01
201000028053;0;33;0;0;2;1;1;B01
201000028054;0;7;0;0;2;2;1;B01
201000028054;0;2;0;0;2;1;16;A01
201000028055;0;7;0;0;2;3;15;B01
201000028055;0;2;0;0;2;1;8;A01
201000028056;0;7;0;4;0;2;2;A01
201000028057;0;7;0;0;1;1;1;A01
201000028058;0;7;0;6;0;1;1;A01
201000028059;0;33;0;0;0;0;0;A01
201000028060;0;7;0;0;2;5;1;B01
201000028060;0;33;0;0;2;1;3;A01
201000028061;2;7;0;0;2;0;15;A01
201000028061;0;2;0;0;2;1;1;B01
201000028062;0;7;0;0;2;4;1;A01
201000028062;0;7;0;0;2;1;2;B01
201000028063;0;33;0;0;2;3;1;B01
201000028063;0;30;0;0;2;1;1;A01
201000028064;0;7;0;0;2;4;2;B01
201000028064;0;10;0;0;2;1;2;A01
201000028065;0;33;0;0;2;1;1;B01
201000028065;0;7;0;0;2;7;15;A01
201000028066;0;33;0;0;2;5;0;A01
201000028066;0;7;0;0;2;8;1;B01
201000028067;0;7;0;0;2;1;15;A01
201000028067;0;30;0;0;2;1;18;B01
201000028068;0;7;0;0;2;5;15;A01
201000028068;0;33;0;0;2;1;1;B01
201000028069;0;30;0;0;1;1;1;A01
201000028070;0;7;0;0;2;1;1;A01
201000028070;0;7;0;0;2;4;0;B01
201000028071;0;1;0;0;2;0;0;A01
201000028071;1;7;0;0;2;0;0;Z01
201000028072;0;7;0;0;2;1;16;A01
201000028072;0;7;0;0;2;3;1;B01
201000028073;0;7;0;0;1;3;1;A01
201000028074;0;32;0;0;2;1;1;A01
201000028074;0;7;0;0;2;4;0;B01
201000028075;0;7;0;0;2;3;15;A01
201000028075;0;2;0;0;2;1;1;B01
201000028076;0;30;0;0;2;1;17;B01
201000028076;0;7;0;0;2;3;15;A01
201000028077;0;1;0;0;2;0;0;A01
201000028077;0;7;0;0;2;2;0;B01
201000028078;0;10;0;0;0;6;0;A01
201000028078;0;32;0;0;2;1;14;B01
201000028079;0;7;0;0;2;1;15;A01
201000028079;0;33;0;0;2;1;1;B01
201000028080;0;7;0;1;0;8;1;A01
201000028081;0;31;0;0;2;8;17;B01
201000028081;0;7;0;0;2;3;15;A01
201000028082;0;32;0;0;2;3;1;A01
201000028082;1;7;0;0;2;2;12;Z01
201000028083;0;7;0;0;2;4;1;B01
201000028083;0;7;0;0;2;1;1;A01
201000028084;0;7;0;5;0;0;0;A01
201000028085;0;7;0;5;0;8;0;A01
201000028086;1;7;0;0;0;0;0;Z01
201000028086;0;2;0;0;2;1;1;B01
201000028087;0;7;0;0;2;1;0;A01
201000028087;0;7;0;0;2;4;0;B01
201000028088;0;7;0;0;2;5;9;A01
201000028088;0;7;0;0;2;3;1;B01
201000028089;0;7;0;0;2;2;0;A01
201000028089;0;34;0;0;2;2;0;B01
201000028090;0;7;0;0;2;1;0;A01
201000028090;0;1;0;0;2;4;0;B01
201000028091;0;15;0;0;2;2;1;B01
201000028091;0;7;0;0;2;8;11;A01
201000028092;0;10;0;0;2;4;2;B01
201000028092;0;10;0;0;2;1;1;A01
201000028093;0;32;0;1;0;1;1;A01
201000028094;1;7;0;0;2;0;0;Z01
201000028094;0;33;0;0;2;0;1;A01
201000028095;0;7;0;0;2;6;11;A01
201000028095;0;33;0;0;2;1;1;B01
201000028096;0;7;0;0;2;6;15;B01
201000028096;0;33;0;0;2;1;1;A01
201000028097;0;7;0;0;2;1;1;A01
201000028097;0;1;0;0;2;4;1;B01
201000028098;0;7;0;0;2;3;15;A01
201000028098;0;31;0;0;2;2;1;B01
201000028099;0;33;0;0;2;7;15;B01
201000028099;0;7;0;0;2;1;1;A01
201000028100;0;1;0;0;1;1;0;A01
201000028101;0;33;0;0;2;7;0;B01
201000028101;1;30;0;0;2;1;0;Z01
201000028102;0;7;0;0;2;4;1;B01
201000028102;0;7;0;0;2;1;1;A01
201000028103;0;32;0;1;0;1;1;A01
201000028104;0;30;0;0;2;1;1;B01
201000028104;0;7;0;0;2;2;15;A01
201000028105;0;33;0;0;2;3;1;B01
201000028105;0;7;0;0;2;1;15;A01
201000028106;0;7;0;0;2;3;0;A01
201000028106;0;33;0;0;2;1;0;B01
201000028107;0;7;0;0;1;1;20;A01
201000028108;0;2;0;0;2;2;1;B01
201000028108;0;7;0;0;2;1;9;A01
201000028109;0;1;0;0;0;0;1;B01
201000028109;0;7;0;0;0;0;14;A01
201000028110;0;7;0;0;2;8;23;D01
201000028110;0;7;0;0;0;4;23;E01
201000028110;0;7;0;0;2;0;23;B01
201000028110;0;7;0;0;2;2;1;A01
201000028110;0;7;0;0;2;6;23;C01
201000028111;0;2;0;0;2;1;11;A01
201000028111;0;7;0;0;2;3;11;B01
201000028112;0;7;0;0;2;8;10;B01
201000028112;0;2;0;0;2;7;0;A01
201000028113;0;2;0;0;0;0;1;A01
201000028114;0;7;0;0;1;2;1;A01
201000028115;0;7;0;0;2;3;1;B01
201000028115;0;7;0;0;2;2;12;A01
201000028116;0;7;0;0;2;6;15;A01
201000028116;0;31;0;0;2;1;1;B01
201000028117;0;7;0;0;2;8;15;B01
201000028117;0;7;0;0;2;1;1;A01
201000028118;0;7;0;0;2;4;23;B01
201000028118;0;7;0;0;2;1;2;A01
201000028118;0;7;0;0;2;4;23;C01
201000028118;0;7;0;0;2;4;23;D01
201000028119;0;7;0;0;2;7;15;A01
201000028119;0;33;0;0;2;1;1;B01
201000028120;0;7;0;0;1;0;0;A01
201000028121;0;33;0;0;2;8;13;B01
201000028121;0;7;0;0;2;3;15;A01
201000028122;0;2;0;0;2;1;1;B01
201000028122;0;10;0;0;2;6;10;A01
201000028123;0;30;0;0;2;1;2;A01
201000028123;0;7;0;0;2;6;15;B01
201000028124;0;31;0;0;2;1;1;A01
201000028124;0;10;0;0;2;1;15;B01
201000028125;0;7;0;9;0;4;23;C01
201000028125;1;7;0;0;2;1;1;A01
201000028125;0;7;0;0;2;4;23;B01
201000028125;0;7;0;0;0;8;23;D01
201000028126;0;32;0;0;2;1;5;B01
201000028126;0;7;0;0;2;5;15;A01
201000028127;0;7;0;0;1;1;1;A01
201000028128;0;7;0;0;2;4;2;A01
201000028128;0;7;0;0;2;4;2;B01
201000028128;0;10;0;0;2;1;2;C01
201000028129;0;1;0;0;2;1;1;B01
201000028129;0;10;0;0;2;1;15;A01
201000028130;0;7;0;0;2;7;22;A01
201000028130;0;1;0;0;2;1;1;B01
201000028131;0;7;0;0;2;5;1;A01
201000028131;0;30;0;0;2;3;15;B01
201000028132;0;7;0;0;2;7;12;A01
201000028132;0;33;0;0;2;8;1;B01
201000028133;0;7;0;0;9;3;15;A01
201000028133;0;1;0;0;2;1;1;B01
201000028134;0;7;0;0;2;4;10;A01
201000028134;0;33;0;0;2;1;17;B01
201000028135;0;7;0;0;1;8;1;A01
201000028136;0;7;0;0;1;1;17;A01
201000028137;0;7;0;0;1;5;4;A01
201000028138;0;7;0;0;2;1;0;C01
201000028138;0;7;0;0;2;2;0;D01
201000028138;0;7;0;0;2;3;0;B01
201000028138;0;7;0;0;2;1;0;A01
201000028139;0;1;0;0;2;1;0;A01
201000028140;0;7;0;0;2;1;1;A01
201000028140;0;7;0;0;2;7;15;B01
201000028141;0;2;0;0;0;1;15;A01
201000028141;0;7;0;0;2;2;1;B01
201000028142;0;7;0;0;2;1;1;A01
201000028142;0;7;0;0;2;3;15;B01
201000028143;0;2;0;0;2;3;1;A01
201000028143;1;2;0;0;2;0;0;Z01
201000028144;0;7;0;0;1;1;1;A01
201000028145;0;33;0;0;2;2;17;B01
201000028145;0;7;0;0;2;8;13;A01
201000028146;0;7;0;4;0;2;13;A01
201000028147;0;7;0;0;2;8;5;C01
201000028147;0;7;0;0;0;0;0;E01
201000028147;0;7;0;0;2;0;0;D01
201000028147;0;7;0;0;2;8;13;B01
201000028147;0;2;0;0;2;2;17;A01
201000028148;0;7;0;15;1;9;14;A01
201000028149;0;7;0;0;1;3;1;A01
201000028150;0;7;0;0;2;3;2;C01
201000028150;0;7;0;0;2;4;1;D01
201000028150;0;7;0;0;2;1;5;B01
201000028150;0;7;0;0;2;1;1;A01
201000028151;0;7;0;0;1;2;1;A01
201000028152;0;7;0;0;2;1;1;B01
201000028152;0;10;0;0;2;5;12;A01
201000028153;0;2;0;0;2;7;5;A01
201000028153;0;7;0;0;2;1;15;B01
201000028154;0;7;0;0;2;1;0;A01
201000028154;0;30;0;0;2;7;0;B01
201000028155;0;14;0;0;1;0;4;A01
201000028156;0;7;0;0;1;3;1;A01
201000028157;0;38;3;0;2;1;1;B01
201000028157;0;7;0;0;9;8;1;A01
201000028158;0;33;0;0;2;9;1;B01
201000028158;0;7;0;0;2;3;11;A01
201000028159;0;1;0;0;2;1;0;B01
201000028159;0;10;0;0;2;4;0;A01
201000028160;0;10;0;0;2;6;10;A01
201000028160;0;31;0;0;2;7;1;B01
201000028161;0;7;0;0;2;3;15;B01
201000028161;0;31;0;0;2;3;17;A01
201000028162;0;30;0;0;2;3;0;A01
201000028162;0;7;0;0;2;2;0;B01
201000028163;1;7;0;0;1;0;0;Z01
201000028164;0;7;0;0;2;8;1;C01
201000028164;0;7;0;0;2;2;1;B01
201000028164;0;7;0;0;2;1;0;A01
201000028165;0;7;0;0;2;4;0;A01
201000028165;0;1;0;0;2;1;0;B01
201000028166;0;2;0;0;2;1;0;B01
201000028166;0;7;0;0;2;5;0;C01
201000028166;0;7;0;0;2;0;0;A01
201000028167;0;7;0;0;2;4;2;B01
201000028167;0;7;0;0;2;1;1;A01
201000028168;0;2;0;0;1;1;16;A01
201000028169;0;7;0;0;1;3;15;A01
201000028170;0;10;0;0;2;3;9;A01
201000028170;0;2;0;0;2;1;1;B01
201000028171;0;7;0;0;2;3;0;A01
201000028171;0;2;0;0;2;1;1;B01
201000028172;0;7;0;0;2;1;0;A01
201000028173;0;1;0;0;2;0;1;C01
201000028173;0;14;0;0;2;7;17;A01
201000028173;0;1;0;0;2;0;1;B01
201000028174;0;33;0;5;0;8;0;A01
201000028175;0;33;0;0;2;3;1;B01
201000028175;1;7;0;0;2;0;0;Z01
201000028176;1;7;0;0;0;0;1;Z01
201000028176;0;2;0;0;2;1;1;B01
201000028177;0;7;0;0;1;1;0;A01
201000028178;0;7;0;0;2;2;15;A01
201000028178;0;33;0;0;2;1;8;B01
201000028179;0;7;0;0;2;3;22;B01
201000028179;0;1;0;1;0;1;1;A01
201000028180;0;7;0;0;2;4;1;C01
201000028180;0;7;0;0;2;1;2;B01
201000028180;0;15;0;0;2;1;2;A01
201000028181;0;7;0;0;2;0;0;B01
201000028181;0;1;0;0;0;0;0;C01
201000028181;0;33;0;0;2;0;0;A01
201000028182;0;7;0;0;2;1;0;A01
201000028182;0;7;0;0;2;7;0;B01
201000028183;0;7;0;0;2;8;1;A01
201000028183;0;33;0;0;2;7;17;B01
201000028184;0;7;0;0;2;2;9;A01
201000028184;0;33;0;0;2;6;23;B01
201000028185;1;7;0;0;1;1;1;Z01
201000028186;0;7;0;0;2;8;1;B01
201000028186;0;1;0;0;2;1;1;A01
201000028187;0;34;0;0;2;1;17;A01
201000028187;0;7;0;0;2;3;15;B01
201000028188;0;7;0;0;2;3;6;A01
201000028188;0;31;0;0;2;1;3;B01
201000028189;0;7;0;0;1;1;1;A01
201000028190;0;7;0;0;2;1;0;C01
201000028190;0;7;0;0;2;3;0;B01
201000028190;0;33;0;0;2;1;17;A01
201000028191;0;31;0;0;0;7;1;A01
201000028192;0;7;0;0;2;3;17;B01
201000028192;0;33;0;0;2;1;15;A01
201000028193;0;7;0;0;2;1;1;B01
201000028193;0;7;0;0;2;1;11;A01
201000028194;0;7;0;0;2;2;1;A01
201000028194;0;7;0;0;2;2;15;B01
201000028195;0;7;0;0;2;3;9;A01
201000028195;0;33;0;0;2;1;1;B01
201000028196;0;7;0;0;2;3;1;B01
201000028196;0;7;0;0;2;1;15;A01
201000028197;0;7;0;0;2;3;1;A01
201000028198;0;7;0;0;2;1;15;A01
201000028198;0;7;0;0;2;3;1;B01
201000028199;0;32;0;0;0;0;0;B01
201000028199;0;7;0;0;2;8;0;A01
201000028200;0;33;0;0;0;0;0;A01
201000028201;0;7;0;0;2;2;9;A01
201000028201;0;7;0;0;2;8;1;B01
201000028202;0;7;0;0;2;4;23;B01
201000028202;0;7;0;0;2;1;2;A01
201000028203;0;1;0;0;2;1;1;B01
201000028203;0;7;0;0;2;1;0;A01
201000028204;0;7;0;0;2;1;1;B01
201000028204;0;34;0;0;2;1;6;A01
201000028205;0;30;0;0;2;1;1;B01
201000028205;0;7;0;0;2;2;15;A01
201000028206;1;7;0;0;1;0;0;Z01
201000028207;0;7;0;9;0;1;0;A01
201000028208;0;7;0;0;1;1;1;A01
201000028209;0;7;0;3;0;9;1;A01
201000028210;0;32;0;0;0;0;1;A01
201000028210;0;7;0;0;0;0;0;B01
201000028211;0;7;0;0;2;3;15;B01
201000028211;0;33;0;0;2;3;1;A01
201000028212;0;7;0;0;9;2;0;B01
201000028212;0;30;0;0;2;0;0;A01