num_acc;senc;catv;occutc;obs;obsm;choc;manv;num_veh
201000028213;1;7;0;0;2;2;0;Z01
201000028213;0;7;0;0;2;8;1;A01
201000028214;0;7;0;0;2;8;1;B01
201000028214;0;7;0;0;2;1;1;A01
201000028215;0;7;0;0;0;0;0;A01
201000028216;0;7;0;0;0;1;0;A01
201000028217;0;7;0;0;2;2;13;A01
201000028217;0;7;0;0;2;1;1;B01
201000028218;0;7;0;0;0;0;0;A01
201000028219;0;7;0;0;2;1;13;A01
201000028219;0;7;0;0;2;1;0;B01
201000028220;0;2;0;15;0;1;0;A01
201000028221;0;7;0;9;0;1;21;A01
201000028222;0;7;0;0;2;2;0;C01
201000028222;0;7;0;0;2;1;0;A01
201000028222;0;7;0;0;2;5;0;B01
201000028223;0;33;0;0;2;1;0;B01
201000028223;0;2;0;0;2;8;1;A01
201000028224;2;34;0;0;2;1;0;Z01
201000028224;0;1;0;0;2;4;1;A01
201000028225;0;30;0;0;2;1;2;A01
201000028225;0;7;0;0;2;4;1;B01
201000028226;0;7;0;1;0;9;0;A01
201000028227;0;33;0;0;2;0;1;B01
201000028227;0;7;0;0;2;1;1;A01
201000028228;0;31;0;0;2;7;17;A01
201000028228;0;7;0;0;2;1;15;B01
201000028229;0;10;0;0;2;5;17;A01
201000028229;0;32;0;0;2;6;1;B01
201000028230;0;2;0;0;2;3;2;A01
201000028230;0;7;0;0;2;4;2;B01
201000028231;0;7;0;0;0;8;22;A01
201000028231;0;2;0;0;2;1;1;B01
201000028232;0;33;0;0;2;0;16;B01
201000028232;0;7;0;0;2;0;0;A01
201000028233;0;7;0;0;1;0;16;A01
201000028234;0;7;0;3;0;9;0;A01
201000028235;0;7;0;5;0;9;1;A01
201000028236;0;7;0;0;2;1;2;A01
201000028236;0;7;0;0;2;4;2;B01
201000028236;0;7;0;0;2;1;2;C01
201000028237;0;33;0;0;2;1;1;A01
201000028237;0;10;0;0;2;4;2;B01
201000028238;0;30;0;0;1;1;1;A01
201000028239;0;30;0;1;2;1;1;A01
201000028239;1;7;0;0;0;0;0;Z01
201000028240;0;1;0;0;0;1;0;B01
201000028240;0;7;0;0;2;2;0;A01
201000028241;0;7;0;0;2;4;0;B01
201000028241;0;30;0;0;2;1;0;A01
201000028242;0;7;0;0;1;1;1;A01
201000028243;0;7;0;0;2;8;9;A01
201000028243;0;32;0;0;2;1;1;B01
201000028244;0;7;0;4;0;1;0;A01
201000028245;0;7;0;0;1;3;1;A01
201000028246;0;7;0;0;1;2;1;A01
201000028247;0;7;0;0;1;3;1;A01
201000028248;0;34;0;0;2;3;17;A01
201000028248;0;10;0;0;2;3;15;B01
201000028249;0;7;0;0;2;3;15;A01
201000028249;0;7;0;0;2;3;0;B01
201000028250;0;1;0;0;2;1;1;B01
201000028250;0;10;0;0;9;4;0;A01
201000028251;0;14;0;0;2;1;0;B01
201000028251;0;7;0;0;2;1;0;A01
201000028252;0;7;0;0;2;3;9;A01
201000028252;0;33;0;0;2;1;1;B01
201000028253;0;32;0;0;2;8;7;A01
201000028253;0;7;0;0;9;2;16;B01
201000028254;0;7;0;0;1;2;1;A01
201000028255;0;7;0;0;2;7;23;C01
201000028255;0;7;0;0;2;8;23;D01
201000028255;0;7;0;0;2;4;23;B01
201000028255;0;10;0;0;2;3;1;A01
201000028256;0;7;0;0;2;3;15;A01
201000028256;0;7;0;0;2;1;1;B01
201000028257;0;7;0;0;2;1;15;A01
201000028257;0;1;0;0;2;1;1;B01
201000028258;0;2;0;0;2;0;0;B01
201000028258;1;7;0;0;0;0;17;Z01
201000028259;0;31;0;0;2;1;1;A01
201000028259;0;1;0;0;2;1;1;B01
201000028260;0;7;0;0;2;3;15;A01
201000028260;0;2;0;0;2;7;17;B01
201000028261;0;7;0;0;1;0;15;A01
201000028262;0;7;0;0;2;1;1;A01
201000028262;0;7;0;0;2;4;0;B01
201000028263;0;7;0;2;0;9;1;A01
201000028264;0;7;0;0;2;1;1;C01
201000028264;0;7;0;0;2;3;1;B01
201000028264;0;7;0;0;2;1;13;A01
201000028265;0;33;0;3;0;0;0;A01
201000028266;0;30;0;0;2;8;16;A01
201000028266;1;7;0;0;2;2;0;Z01
201000028267;0;7;0;0;2;1;0;A01
201000028267;0;1;0;0;2;0;1;B01
201000028268;0;7;0;0;2;7;15;A01
201000028268;0;2;0;0;2;1;1;B01
201000028269;0;7;0;0;1;3;15;A01
201000028270;0;7;0;0;2;1;13;A01
201000028270;0;7;0;0;2;3;1;B01
201000028271;0;7;0;0;2;1;0;B01
201000028271;0;10;0;0;2;6;0;A01
201000028272;0;31;0;0;2;1;1;A01
201000028272;0;7;0;0;2;3;15;B01
201000028273;0;2;0;0;2;1;17;A01
201000028273;0;7;0;0;2;8;15;B01
201000028274;0;1;0;0;2;1;2;A01
201000028274;0;7;0;0;2;4;23;B01
201000028275;0;2;0;0;2;1;0;B01
201000028275;0;10;0;0;2;7;0;A01
201000028276;0;7;0;0;2;3;15;A01
201000028276;0;2;0;0;2;1;1;B01
201000028277;0;7;0;0;2;1;1;A01
201000028277;0;37;0;0;2;4;23;B01
201000028278;0;15;0;0;2;6;1;B01
201000028278;0;7;0;0;2;2;11;A01
201000028279;0;1;0;0;1;1;1;A01
201000028280;0;7;0;0;2;4;2;B01
201000028280;0;7;0;0;2;4;2;C01
201000028280;0;7;0;0;2;1;2;A01
201000028281;0;34;0;0;2;8;1;A01
201000028281;0;7;0;0;2;2;16;B01
201000028282;0;7;0;4;0;3;0;A01
201000028283;0;7;0;0;0;0;1;B01
201000028283;0;33;0;0;2;1;1;A01
201000028284;0;32;0;1;0;1;0;A01
201000028285;0;36;0;0;2;1;1;B01
201000028285;0;7;0;0;2;3;15;A01
201000028286;0;30;0;0;0;0;0;A01
201000028287;0;2;0;0;2;1;1;A01
201000028287;0;7;0;0;2;4;1;B01
201000028288;0;7;0;0;2;3;13;A01
201000028288;0;1;0;0;2;4;23;B01
201000028288;0;7;0;0;2;3;23;C01
201000028289;0;1;0;0;2;0;1;B01
201000028289;0;7;0;0;2;0;15;A01
201000028290;0;32;0;8;0;1;15;A01
201000028291;0;7;0;0;2;8;22;A01
201000028291;0;1;0;1;0;1;1;B01
201000028292;0;7;0;0;2;1;15;A01
201000028292;0;7;0;0;2;1;1;B01
201000028293;0;7;0;0;2;1;2;A01
201000028293;0;7;0;0;2;4;2;C01
201000028293;0;7;0;0;2;4;2;B01
201000028294;0;7;0;0;2;1;19;A01
201000028294;0;33;0;0;2;6;1;B01
201000028295;0;32;0;0;2;1;1;B01
201000028295;0;7;0;0;2;8;9;A01
201000028296;0;32;0;1;0;1;1;B01
201000028297;0;33;0;8;0;1;1;A01
201000028298;0;7;0;15;0;2;1;A01
201000028299;0;34;0;4;0;3;1;A01
201000028300;0;7;0;0;2;1;0;A01
201000028300;0;7;0;0;2;4;23;D01
201000028300;0;7;0;0;2;4;23;B01
201000028300;0;7;0;0;2;4;23;C01
201000028301;0;2;0;14;0;8;1;A01
201000028302;0;10;0;0;2;8;15;A01
201000028302;0;33;0;0;2;2;13;B01
201000028303;0;2;0;0;2;1;0;A01
201000028303;0;7;0;0;2;3;0;B01
201000028304;0;37;46;0;2;7;16;C01
201000028304;0;2;0;0;2;7;0;B01
201000028304;0;7;0;0;2;1;1;A01
201000028305;0;33;0;0;0;2;0;A01
201000028306;0;2;0;0;1;1;5;A01
201000028307;0;10;0;0;2;4;2;B01
201000028307;0;7;0;0;2;4;23;C01
201000028307;0;7;0;0;2;1;2;A01
201000028308;0;7;0;0;2;3;15;A01
201000028308;0;2;0;0;2;1;1;B01
201000028309;0;33;0;12;0;1;0;A01
201000028310;0;1;0;1;0;1;0;B01
201000028310;0;7;0;1;2;3;0;A01
201000028311;0;7;0;0;1;3;1;A01
201000028312;0;7;0;0;2;1;1;B01
201000028312;0;7;0;0;2;9;5;A01
201000028313;0;7;0;0;2;4;0;B01
201000028313;0;7;0;0;2;1;0;A01
201000028314;0;30;0;0;2;9;0;A01
201000028314;0;1;0;0;2;1;0;B01
201000028315;0;7;0;0;2;8;1;B01
201000028315;1;7;0;0;2;1;15;Z01
201000028316;0;7;0;0;1;8;0;A01
201000028317;0;2;0;0;2;1;1;A01
201000028317;0;7;0;0;2;3;16;B01
201000028318;1;7;0;0;1;2;16;A01
201000028319;0;7;0;0;1;1;1;A01
201000028320;0;7;0;0;2;8;15;A01
201000028320;0;1;0;0;2;8;1;B01
201000028321;0;15;0;0;2;2;12;A01
201000028321;0;7;0;0;2;6;1;B01
201000028322;0;7;0;0;2;0;0;A01
201000028322;0;7;0;0;2;2;0;B01
201000028323;0;32;0;0;2;7;17;A01
201000028323;0;7;0;0;2;3;15;B01
201000028324;0;7;0;0;2;4;23;B01
201000028324;0;7;0;0;2;4;23;C01
201000028324;0;13;0;0;2;1;1;A01
201000028324;0;7;0;0;2;4;23;D01
201000028325;0;30;0;0;2;1;0;A01
201000028325;0;30;0;0;2;1;0;B01
201000028326;0;7;0;0;2;1;1;A01
201000028326;0;1;0;0;2;4;2;B01
201000028327;0;30;0;0;2;1;1;A01
201000028327;0;7;0;0;2;4;1;B01
201000028328;0;7;0;0;2;2;0;A01
201000028328;0;7;0;0;2;6;0;B01
201000028328;0;7;0;0;2;0;0;C01
201000028329;0;15;0;0;2;8;0;A01
201000028329;0;33;0;0;2;0;1;B01
201000028330;0;7;0;0;1;2;1;A01
201000028331;0;7;0;0;2;3;15;B01
201000028331;0;30;0;0;2;1;7;A01
201000028332;0;7;0;0;2;8;15;A01
201000028332;0;7;0;0;2;2;1;B01
201000028333;0;7;0;0;1;8;1;A01
201000028334;0;7;0;0;2;1;15;A01
201000028334;0;1;0;0;2;1;1;B01
201000028335;0;7;0;0;2;7;1;B01
201000028335;0;7;0;0;2;3;13;A01
201000028336;0;7;0;4;0;9;1;A01
201000028337;0;30;0;0;2;1;1;B01
201000028337;0;7;0;0;2;1;5;A01
201000028338;0;7;0;0;2;1;1;A01
201000028338;0;7;0;0;2;2;15;B01
201000028339;0;30;0;0;0;1;0;A01
201000028340;0;7;0;0;2;4;0;C01
201000028340;0;7;0;0;2;1;1;A01
201000028340;0;7;0;0;2;4;11;B01
201000028341;0;7;0;0;2;7;16;A01
201000028341;0;1;0;0;2;1;1;B01
201000028342;0;7;0;0;2;1;0;A01
201000028342;0;7;0;0;2;3;0;B01
201000028343;0;1;0;0;2;3;1;B01
201000028343;0;7;0;0;2;3;13;A01
201000028344;0;7;0;0;2;0;15;A01
201000028344;0;31;0;0;2;0;1;B01
201000028345;0;7;0;0;2;2;0;B01
201000028345;0;1;0;0;2;8;0;A01
201000028346;0;33;0;0;2;1;0;A01
201000028346;0;7;0;0;2;5;0;B01
201000028347;0;7;0;0;2;6;1;A01
201000028348;1;7;0;0;2;1;1;A01
201000028348;0;33;0;0;2;4;2;B01
201000028349;0;31;0;0;9;0;15;A01
201000028349;0;7;0;8;0;1;1;B01
201000028350;0;2;0;0;2;1;0;A01
201000028350;0;7;0;0;2;4;0;B01
201000028351;0;1;0;0;2;1;0;B01
201000028351;0;7;0;0;2;3;0;A01
201000028352;0;2;0;12;0;1;1;A01
201000028353;0;10;0;2;0;1;1;A01
201000028354;0;34;0;0;2;0;1;B01
201000028354;0;2;0;0;2;0;0;A01
201000028355;0;7;0;0;1;3;0;A01
201000028356;0;7;0;0;2;3;16;A01
201000028356;0;7;0;0;2;3;1;B01
201000028357;0;7;0;0;1;7;1;A01
201000028358;0;34;0;0;2;1;17;A01
201000028358;0;7;0;0;2;6;15;B01
201000028359;0;7;0;0;2;1;0;A01
201000028359;0;7;0;0;1;4;0;B01
201000028360;1;7;0;0;1;0;5;Z01
201000028361;0;30;0;0;2;1;1;A01
201000028361;1;10;0;0;2;6;1;Z01
201000028362;0;7;0;0;2;1;0;A01
201000028362;0;1;0;0;2;1;0;B01
201000028363;0;10;0;0;2;4;0;C01
201000028363;2;7;0;0;2;1;0;A01
201000028363;0;7;0;0;2;1;0;B01
201000028364;0;7;0;0;1;2;1;A01
201000028365;0;7;0;0;1;9;5;A01
201000028365;0;7;0;0;2;9;1;B01
201000028366;0;1;0;0;1;0;0;A01
201000028367;0;7;0;0;1;0;0;A01
201000028368;0;30;0;0;2;1;1;A01
201000028368;0;7;0;0;2;5;23;B01
201000028369;0;7;0;0;2;5;23;B01
201000028369;0;2;0;0;2;1;1;A01
201000028370;2;7;0;0;2;1;2;Z01
201000028370;0;7;0;0;2;4;1;A01
201000028371;0;7;0;0;2;8;0;A01
201000028371;0;7;0;0;2;4;0;C01
201000028371;0;33;0;0;2;7;1;B01
201000028372;0;38;58;0;2;8;1;A01
201000028372;0;32;0;0;2;7;14;B01
201000028373;0;7;0;0;2;4;23;B01
201000028373;0;32;0;0;2;1;2;A01
201000028374;0;13;0;0;2;0;0;B01
201000028374;0;7;0;0;2;9;0;A01
201000028375;0;1;0;0;2;0;0;B01
201000028375;0;1;0;0;2;0;0;A01
201000028376;0;7;0;0;2;8;1;B01
201000028376;0;7;0;0;2;1;1;C01
201000028376;0;14;0;0;2;7;12;A01
201000028377;1;7;0;0;2;0;0;Z01
201000028377;0;33;0;0;0;0;1;B01
201000028378;0;7;0;0;2;2;15;A01
201000028378;0;31;0;0;2;8;1;B01
201000028379;0;1;0;0;2;7;0;A01
201000028379;0;30;0;0;2;1;0;B01
201000028380;0;7;0;0;2;7;0;A01
201000028380;0;32;0;0;2;3;0;B01
201000028381;0;7;0;0;1;2;1;A01
201000028382;0;2;0;0;1;9;1;A01
201000028383;0;7;0;0;2;0;0;B01
201000028383;0;2;0;0;2;0;0;A01
201000028384;0;7;0;0;2;3;1;B01
201000028384;0;7;0;0;2;3;13;A01
201000028385;0;7;0;0;2;0;0;A01
201000028385;0;7;0;0;2;0;0;B01
201000028386;0;7;0;0;0;0;0;A01
201000028387;1;7;0;0;2;0;0;Z01
201000028387;0;7;0;0;2;4;2;B01
201000028388;0;7;0;0;1;2;1;A01
201000028389;0;7;0;0;2;0;0;A01
201000028389;0;1;0;0;2;1;0;B01
201000028390;0;31;0;0;2;1;1;B01
201000028390;0;7;0;0;2;0;19;A01
201000028391;0;30;0;0;0;0;1;A01
201000028391;1;7;0;0;0;0;1;B01
201000028392;0;7;0;0;2;4;1;C01
201000028392;0;7;0;0;2;1;1;A01
201000028392;0;7;0;0;2;4;1;B01
201000028393;1;2;0;0;1;0;0;Z01
201000028394;0;2;0;0;2;8;1;B01
201000028394;0;7;0;0;2;2;9;A01
201000028395;0;7;0;0;2;1;0;A01
201000028395;0;31;0;0;2;1;0;B01
201000028396;0;7;0;0;2;2;0;A01
201000028396;0;7;0;0;2;3;1;B01
201000028397;0;7;0;0;2;8;15;A01
201000028397;0;33;0;0;2;8;17;B01
201000028398;0;7;0;0;1;2;1;A01
201000028399;0;33;0;0;2;1;1;A01
201000028399;0;7;0;0;2;3;15;B01
201000028400;0;2;0;0;0;0;1;A01
201000028401;0;31;0;0;2;1;1;A01
201000028401;0;7;0;0;2;4;1;B01
201000028402;0;7;0;0;1;2;1;A01
201000028403;0;31;0;0;0;0;0;A01
201000028404;0;7;0;0;2;2;1;B01
201000028404;0;2;0;0;2;8;3;A01
201000028405;1;7;0;0;2;1;17;Z01
201000028405;0;33;0;0;2;4;23;B01
201000028406;0;30;0;0;2;4;1;B01
201000028406;1;7;0;0;0;0;0;Z01
201000028407;0;33;0;0;0;9;0;A01
201000028408;0;7;0;3;0;0;0;A01
201000028409;0;7;0;0;0;1;1;A01
201000028410;0;7;0;0;2;8;0;B01
201000028410;0;2;0;0;2;1;0;A01
201000028411;0;2;0;0;2;1;1;A01
201000028411;0;7;0;0;2;4;1;B01
201000028412;0;7;0;0;2;1;5;A01
201000028412;0;7;0;0;2;1;1;B01
201000028413;0;33;0;0;2;1;1;B01
201000028413;0;7;0;0;2;0;19;A01
201000028414;0;7;0;0;1;0;15;A01
201000028415;0;7;0;0;2;0;1;B01
201000028415;0;2;0;0;2;0;1;A01
201000028416;0;7;0;0;2;3;0;B01
201000028416;0;33;0;0;2;2;0;A01
201000028417;0;7;0;0;2;1;1;A01
201000028417;0;1;0;0;2;4;1;B01
201000028418;0;7;0;0;2;4;0;B01
201000028418;0;7;0;0;2;4;0;C01
201000028418;0;7;0;0;2;0;0;A01
201000028419;0;7;0;0;2;1;0;B01
201000028419;0;7;0;0;2;1;0;A01
201000028420;0;7;0;0;2;3;20;A01
201000028420;0;32;0;0;2;1;1;B01
201000028421;0;7;0;0;0;1;0;A01
201000028422;2;7;0;0;2;1;1;A01
201000028423;0;33;0;0;2;4;1;B01
201000028423;0;7;0;0;2;1;2;A01
201000028423;0;7;0;0;2;0;0;D01
201000028423;0;7;0;0;2;4;1;C01
201000028424;0;33;0;0;2;7;17;A01
201000028424;0;7;0;0;2;3;15;B01
201000028425;0;7;0;0;1;4;4;A01
201000028426;0;2;0;0;2;1;0;A01
201000028426;0;7;0;0;2;4;1;B01
201000028427;0;7;0;8;0;8;1;A01
201000028428;0;7;0;0;2;2;9;A01
201000028428;0;33;0;0;2;3;1;B01
201000028429;0;33;0;0;2;1;3;C01
201000028429;0;7;0;0;2;6;1;B01
201000028429;0;15;0;0;2;2;12;A01
201000028430;1;31;0;0;2;0;0;Z01
201000028430;0;1;0;0;2;7;1;B01
201000028431;0;10;0;0;2;0;0;B01
201000028431;0;7;0;0;2;0;0;A01
201000028432;0;7;0;0;2;1;0;A01
201000028432;0;7;0;0;0;2;0;B01
201000028433;0;7;0;0;0;8;0;A01
201000028433;0;7;0;0;2;7;0;B01
201000028434;0;30;0;0;0;0;0;A01
201000028435;0;7;0;0;0;2;0;A01
201000028435;0;7;0;0;2;1;0;B01
201000028436;0;7;0;0;1;3;0;A01
201000028437;0;7;0;0;0;8;1;A01
201000028438;0;30;0;0;0;0;0;A01
201000028439;0;7;0;0;2;4;0;C01
201000028439;0;7;0;0;2;1;0;A01
201000028439;0;7;0;0;0;4;0;B01
201000028440;1;7;0;0;2;0;17;Z01
201000028440;0;1;0;0;2;0;1;B01
201000028441;0;31;0;0;0;1;1;A01
201000028442;0;7;0;0;2;4;2;B01
201000028442;0;32;0;0;2;1;1;A01
201000028443;0;30;0;0;2;1;1;A01
201000028443;0;7;0;0;2;3;9;B01
201000028444;0;7;0;0;1;0;0;A01
201000028445;1;7;0;0;0;0;0;A01
201000028445;0;7;0;0;2;1;1;B01
201000028446;0;7;0;0;0;7;0;A01
201000028446;0;7;0;0;0;1;0;B01
201000028447;0;7;0;0;2;2;1;A01
201000028448;0;7;0;0;2;4;2;B01
201000028448;0;7;0;0;2;1;1;A01
201000028449;0;7;0;0;2;3;0;A01
201000028449;0;2;0;0;2;0;0;B01
201000028450;0;2;0;0;2;0;5;A01
201000028450;0;7;0;0;2;3;0;B01
201000028451;0;1;0;1;0;1;1;B01
201000028451;0;7;0;0;9;0;22;A01
201000028452;0;30;0;0;2;1;1;B01
201000028452;0;7;0;0;2;8;0;C01
201000028452;0;7;0;0;0;0;0;A01
201000028453;0;7;0;0;2;2;1;C01
201000028453;0;7;0;0;2;5;1;B01
201000028453;0;7;0;0;2;1;1;A01
201000028454;0;10;0;0;2;4;24;A01
201000028454;0;30;0;1;0;1;13;B01
201000028455;0;31;0;12;0;0;0;A01
201000028456;1;7;0;0;2;0;0;Z01
201000028456;0;31;0;0;2;0;0;B01
201000028457;1;7;0;0;1;0;0;Z01
201000028458;0;7;0;0;2;8;0;A01
201000028458;0;7;0;0;2;1;0;B01
201000028459;0;7;0;0;0;0;0;A01
201000028460;0;33;0;0;2;1;0;B01
201000028460;0;7;0;0;2;3;0;A01
201000028461;0;7;0;0;2;2;1;A01
201000028461;0;7;0;0;2;6;2;B01
201000028462;0;7;0;0;2;8;1;B01
201000028462;0;13;0;0;2;0;12;A01
201000028463;0;7;0;1;2;4;23;A01
201000028463;0;7;0;0;2;2;0;C01
201000028463;0;7;0;0;2;0;1;B01
201000028464;0;7;0;0;0;5;0;B01
201000028464;0;31;0;0;0;1;0;A01
201000028465;0;10;0;0;2;8;0;A01
201000028465;0;7;0;0;2;1;0;B01
201000028466;0;7;0;0;2;1;1;A01
201000028466;0;7;0;0;2;4;2;B01
201000028467;1;7;0;0;2;5;15;A01
201000028467;0;32;0;0;2;1;1;B01
201000028468;0;10;0;0;2;1;2;A01
201000028468;0;7;0;0;2;4;23;B01
201000028469;0;7;0;0;2;4;1;B01
201000028469;0;33;0;0;2;1;1;A01
201000028470;0;7;0;0;1;1;0;A01
201000028471;0;7;0;0;2;3;1;B01
201000028471;0;10;0;0;2;8;10;A01
201000028472;0;7;0;0;2;1;0;B01
201000028472;0;30;0;0;2;5;15;A01
201000028473;0;7;0;0;2;4;2;B01
201000028473;0;33;0;0;2;1;1;A01
201000028474;0;7;0;0;2;1;0;A01
201000028474;0;33;0;0;2;1;0;B01
201000028475;1;7;0;0;2;0;0;Z01
201000028475;0;33;0;0;2;8;1;B01
201000028476;0;7;0;0;2;3;15;A01
201000028476;0;7;0;0;2;3;1;B01
201000028477;0;7;0;0;2;3;9;A01
201000028477;0;13;0;0;2;1;1;B01
201000028478;0;2;0;0;2;7;1;B01
201000028478;0;7;0;0;2;1;9;A01
201000028479;0;7;0;0;2;1;15;A01
201000028479;0;10;0;0;2;3;1;B01
201000028480;0;33;0;0;2;1;0;A01
201000028480;0;7;0;0;2;3;0;B01
201000028481;0;7;0;0;2;1;0;A01
201000028481;0;7;0;0;2;4;23;B01
201000028481;0;7;0;0;2;4;23;C01
201000028482;0;7;0;0;2;8;0;A01
201000028482;0;7;0;0;2;2;0;B01
201000028483;0;7;0;0;2;2;10;A01
201000028483;0;33;0;0;2;1;1;B01
201000028484;1;7;0;0;1;0;0;Z01
201000028485;0;7;0;0;2;7;15;A01
201000028485;0;7;0;0;2;1;1;B01
201000028486;0;7;0;0;2;0;0;A01
201000028486;0;33;0;0;2;1;1;B01
201000028487;2;7;0;0;2;8;17;A01
201000028487;0;33;0;0;2;2;0;B01
201000028488;0;7;0;0;2;4;1;A01
201000028488;0;14;0;0;2;2;0;B01
201000028489;0;7;0;0;1;1;1;A01
201000028490;0;7;0;0;2;4;0;B01
201000028490;0;7;0;0;2;1;0;A01
201000028491;0;7;0;0;1;3;1;A01
201000028492;0;7;0;0;2;4;0;B01
201000028492;0;7;0;0;2;1;0;A01
201000028493;0;7;0;15;1;4;16;B01
201000028493;0;7;0;0;2;2;1;A01
201000028494;0;7;0;0;1;1;15;A01
201000028495;0;7;0;0;2;3;15;A01
201000028495;0;32;0;0;2;3;1;B01
201000028496;0;7;0;0;2;1;16;B01
201000028496;0;2;0;0;2;3;13;A01
201000028497;0;7;0;0;1;0;0;A01
201000028498;0;33;0;12;0;1;1;A01
201000028499;0;33;0;0;0;8;0;A01
201000028499;0;7;0;0;0;0;0;B01
201000028500;0;7;0;0;2;2;15;A01
201000028500;0;33;0;0;2;1;1;B01
201000028501;0;7;0;0;2;1;9;A01
201000028501;0;7;0;0;2;4;1;B01
201000028502;0;7;0;0;2;3;0;A01
201000028502;0;7;0;0;2;1;0;B01
201000028503;0;30;0;0;2;0;1;A01
201000028503;0;36;0;0;0;0;0;B01
201000028504;0;7;0;0;2;4;1;B01
201000028504;0;7;0;0;2;2;14;A01
201000028505;0;7;0;0;2;3;0;B01
201000028505;0;7;0;0;0;1;0;A01
201000028506;0;7;0;0;2;1;1;A01
201000028506;0;7;0;0;2;2;0;B01
201000028507;0;7;0;0;2;1;0;A01
201000028507;0;7;0;0;2;4;0;B01
201000028508;0;7;0;0;1;2;0;A01
201000028509;0;7;0;0;1;2;1;A01
201000028510;0;7;0;0;2;3;0;A01
201000028510;0;1;0;0;2;2;0;B01
201000028511;1;7;0;0;1;0;0;Z01
201000028512;0;7;0;0;1;3;0;A01
201000028513;1;7;0;0;1;0;0;Z01
201000028514;0;33;0;0;2;1;0;B01
201000028514;0;7;0;0;2;4;0;A01
201000028515;0;7;0;0;2;6;0;B01
201000028515;0;33;0;0;2;1;0;A01
201000028516;0;7;0;0;2;1;0;A01
201000028516;0;7;0;0;1;4;0;B01
201000028517;1;7;0;0;2;0;0;Z01
201000028517;0;30;0;0;2;4;0;A01
201000028518;0;7;0;0;2;4;0;C01
201000028518;0;7;0;0;2;6;0;B01
201000028518;0;7;0;0;2;4;0;E01
201000028518;0;10;0;0;2;1;0;A01
201000028518;0;7;0;0;2;6;0;D01
201000028518;0;7;0;0;2;4;0;F02
201000028519;0;7;0;0;2;5;0;A01
201000028519;0;7;0;0;2;0;0;B01
201000028520;0;31;0;0;2;1;8;A01
201000028520;0;7;0;0;2;1;15;B01
201000028521;0;10;0;0;2;4;0;A01
201000028522;0;7;0;0;2;3;0;A01
201000028522;0;7;0;0;2;7;0;B01
201000028523;0;7;0;0;2;7;0;B01
201000028523;0;30;0;0;2;8;0;A01
201000028524;0;7;0;5;0;1;0;A01
201000028525;0;7;0;0;2;1;0;B01
201000028525;0;7;0;0;2;1;0;A01
201000028526;0;7;0;0;0;0;0;A01
201000028527;0;7;0;0;0;4;23;B01
201000028527;0;7;0;0;2;1;2;A01
201000028528;0;7;0;0;1;2;1;A01
201000028529;0;34;0;0;2;7;1;B01
201000028529;0;7;0;0;2;1;0;A01
201000028530;0;7;0;0;2;4;23;B01
201000028530;0;7;0;0;2;4;0;C01
201000028530;0;10;0;0;2;1;1;A01
201000028531;0;7;0;0;1;1;1;A01
201000028532;0;7;0;9;0;1;1;A01
201000028533;0;7;0;0;1;2;1;A01
201000028534;0;7;0;0;2;1;1;A01
201000028534;0;7;0;0;2;4;1;B01
201000028535;0;7;0;0;2;2;0;A01
201000028535;0;7;0;0;2;0;0;B01
201000028536;2;7;0;0;2;3;15;A01
201000028536;0;7;0;0;2;0;1;B01
201000028537;0;7;0;0;1;4;4;A01
201000028538;0;7;0;0;2;1;1;B01
201000028538;0;7;0;0;2;1;12;A01
201000028538;0;7;0;0;2;1;21;C01
201000028539;0;7;0;0;2;1;1;A01
201000028539;0;1;0;0;2;8;1;B01
201000028540;0;2;0;12;0;1;0;A01
201000028541;0;1;0;0;1;1;0;A01
201000028542;0;33;0;0;2;2;21;A01
201000028542;0;7;0;0;2;8;13;B01
201000028543;0;7;0;0;2;2;1;A01
201000028543;0;1;0;0;2;1;1;B01
201000028544;0;7;0;12;0;2;0;A01
201000028545;0;7;0;0;2;5;15;B01
201000028545;0;33;0;0;2;1;1;A01
201000028546;0;7;0;0;2;3;1;A01
201000028546;0;1;0;0;2;1;19;B01
201000028547;0;1;0;0;2;7;19;A01
201000028547;0;7;0;1;2;1;16;B01
201000028548;0;7;0;0;2;3;1;B01
201000028548;0;10;0;0;2;2;15;A01
201000028549;0;31;0;12;0;1;1;A01
201000028550;0;7;0;0;2;1;2;A01
201000028550;0;7;0;0;2;4;23;B01
201000028551;0;30;0;0;2;1;1;A01
201000028551;0;7;0;0;2;4;23;B01
201000028552;0;7;0;13;0;9;1;A01
201000028552;0;10;0;0;9;1;1;B01
201000028553;0;1;0;0;0;4;2;B01
201000028553;0;7;0;0;2;1;2;A01
201000028554;0;7;0;0;2;1;9;A01
201000028554;0;7;0;0;2;2;1;B01
201000028555;0;7;0;0;2;1;1;A01
201000028555;0;2;0;0;2;7;1;B01
201000028556;0;7;0;0;2;5;1;B01
201000028556;0;7;0;0;2;8;13;A01
201000028557;0;7;0;0;2;3;15;A01
201000028557;0;7;0;0;2;1;17;B01
201000028558;0;7;0;2;2;3;13;A01
201000028558;0;7;0;0;2;5;21;B01
201000028559;0;7;0;0;2;7;14;B01
201000028559;0;32;0;0;2;1;1;A01
201000028560;0;7;0;0;2;3;15;B01
201000028560;0;33;0;0;2;1;17;A01
201000028561;0;7;0;0;1;1;16;A01
201000028562;0;7;0;0;2;4;1;B01
201000028562;0;7;0;0;2;1;2;A01
201000028563;0;7;0;0;2;3;1;A01
201000028563;0;1;0;0;2;3;12;B01
201000028564;0;7;0;0;2;6;1;B01
201000028564;0;32;0;0;2;1;17;A01