num_acc;senc;catv;occutc;obs;obsm;choc;manv;num_veh
201000028565;0;7;0;0;2;1;1;B01
201000028565;0;30;0;0;2;1;5;A01
201000028566;0;1;0;0;2;7;1;B01
201000028566;0;7;0;0;2;1;9;A01
201000028567;0;7;0;0;1;4;4;A01
201000028568;0;7;0;0;2;1;2;A01
201000028568;0;7;0;0;0;4;2;B01
201000028569;0;10;0;0;2;7;1;B01
201000028569;0;10;0;0;2;1;1;C01
201000028569;0;7;0;0;2;1;9;A01
201000028570;0;30;0;15;0;2;14;A01
201000028571;0;7;0;15;0;9;1;A01
201000028572;0;15;0;3;0;3;1;A01
201000028573;0;7;0;0;0;3;15;A01
201000028573;0;30;0;0;2;1;17;B01
201000028574;0;2;0;0;2;8;3;A01
201000028574;0;7;0;0;2;3;16;C01
201000028574;0;7;0;0;2;8;19;B01
201000028575;0;2;0;0;2;1;1;A01
201000028575;0;7;0;0;0;4;2;B01
201000028576;0;7;0;0;1;2;1;A01
201000028577;0;30;0;0;2;1;17;B01
201000028577;0;7;0;0;2;3;19;A01
201000028578;0;30;0;0;0;2;1;A01
201000028579;0;1;0;13;2;1;1;B01
201000028579;0;7;0;0;0;3;1;C01
201000028579;0;33;0;0;9;1;13;A01
201000028580;0;2;0;1;2;1;2;A01
201000028580;0;2;0;0;2;7;2;B01
201000028581;0;7;0;0;1;1;1;A01
201000028582;0;7;0;0;2;1;13;A01
201000028582;0;7;0;0;2;1;1;B01
201000028583;0;2;0;0;2;1;17;A01
201000028583;0;7;0;0;2;8;15;B01
201000028584;0;7;0;0;1;4;4;A01
201000028585;0;7;0;0;2;2;15;A01
201000028585;0;1;0;0;2;1;1;B02
201000028586;0;10;0;0;2;3;1;B01
201000028586;0;7;0;0;2;3;1;A01
201000028587;0;7;0;13;2;1;1;B01
201000028587;0;7;0;0;2;1;13;A01
201000028588;0;15;0;0;2;1;1;B01
201000028588;0;7;0;0;2;3;15;A01
201000028589;0;30;0;0;2;1;1;B01
201000028589;0;7;0;0;2;2;15;A01
201000028590;0;7;0;0;2;8;15;A01
201000028590;0;33;0;0;2;1;1;B01
201000028591;0;7;0;0;2;3;13;A01
201000028591;0;15;0;0;2;3;1;B01
201000028592;0;7;0;14;0;1;13;A01
201000028593;0;7;0;0;1;2;1;A01
201000028594;0;1;0;0;0;1;1;B01
201000028594;0;7;0;0;2;1;16;A01
201000028595;0;7;0;0;2;3;13;A01
201000028595;0;2;0;0;2;2;1;B01
201000028596;0;7;0;2;0;1;1;A01
201000028597;0;7;0;0;1;2;16;A01
201000028598;0;30;0;0;2;1;1;B01
201000028598;0;7;0;0;2;1;1;A01
201000028599;1;7;0;0;1;1;1;Z01
201000028600;0;7;0;0;2;1;1;A01
201000028600;0;7;0;0;2;4;2;C01
201000028600;0;7;0;0;2;4;2;B01
201000028601;0;7;0;0;2;1;1;A01
201000028601;0;7;0;0;2;4;20;B01
201000028602;0;7;0;2;0;7;1;A01
201000028603;0;14;0;0;2;2;1;B01
201000028603;0;10;0;0;2;8;10;A01
201000028604;0;7;0;0;2;6;1;C01
201000028604;0;7;0;0;2;1;1;B01
201000028604;0;7;0;0;2;1;1;A01
201000028605;0;7;0;0;0;1;1;B01
201000028605;0;7;0;0;2;3;15;A01
201000028606;0;7;0;0;2;8;15;A01
201000028606;0;2;0;0;2;1;17;B01
201000028607;0;7;0;0;2;3;9;A01
201000028607;0;1;0;0;0;2;1;B01
201000028608;0;1;0;0;0;4;1;B01
201000028608;0;7;0;0;2;1;1;A01
201000028609;0;33;0;0;2;1;1;B01
201000028609;0;7;0;0;2;2;15;A01
201000028610;0;7;0;0;2;1;1;A01
201000028610;0;7;0;0;2;4;23;B01
201000028611;0;7;0;0;2;1;1;A01
201000028611;0;99;0;0;2;3;1;B01
201000028611;0;7;0;0;2;4;1;C01
201000028612;0;7;0;0;2;7;10;A01
201000028612;0;7;0;0;2;3;1;B01
201000028613;0;7;0;0;1;2;1;A01
201000028614;0;10;0;0;0;6;15;B01
201000028614;0;2;0;0;2;3;17;A01
201000028615;0;2;0;11;0;1;13;A01
201000028616;0;7;0;0;2;2;19;A01
201000028616;0;7;0;0;0;8;23;C01
201000028616;0;7;0;0;2;1;1;B01
201000028617;0;7;0;0;0;3;1;B01
201000028617;0;33;0;0;2;7;17;A01
201000028618;0;7;0;0;0;6;24;B01
201000028618;0;2;0;1;0;1;14;A01
201000028619;0;1;0;0;2;1;1;A01
201000028619;0;37;1;0;2;0;1;B01
201000028620;0;1;0;0;0;1;1;B01
201000028620;0;7;0;0;2;2;1;A01
201000028621;0;1;0;0;2;1;1;B01
201000028621;0;7;0;0;2;2;1;A01
201000028622;0;10;0;0;0;0;0;C01
201000028622;0;7;0;0;2;2;14;A01
201000028622;0;7;0;0;2;2;1;B01
201000028623;0;7;0;0;2;1;1;A01
201000028623;0;7;0;0;2;3;15;B01
201000028624;0;30;0;0;2;0;1;B01
201000028624;0;7;0;0;2;0;4;A01
201000028625;1;7;0;0;2;0;1;A01
201000028625;0;33;0;0;2;0;1;B01
201000028626;0;1;0;0;2;6;16;B01
201000028626;0;7;0;0;2;7;1;A01
201000028627;0;10;0;0;2;9;1;A01
201000028627;0;7;0;0;2;1;1;B01
201000028628;0;2;0;2;0;1;1;A01
201000028629;0;7;0;0;2;1;1;A01
201000028629;0;10;0;0;2;4;23;B01
201000028630;0;1;0;0;2;2;1;A01
201000028630;0;7;0;0;2;3;1;B01
201000028631;0;7;0;0;2;2;15;A01
201000028631;0;33;0;0;2;1;1;B01
201000028632;0;33;0;0;2;7;17;B01
201000028632;1;99;0;0;0;0;0;Z01
201000028633;0;7;0;0;1;1;1;A01
201000028634;0;33;0;0;2;1;1;B01
201000028634;0;30;0;0;2;8;10;A01
201000028635;0;2;0;0;2;7;17;A01
201000028635;0;7;0;0;2;3;1;B01
201000028636;0;7;0;0;2;3;10;A01
201000028636;0;33;0;0;0;7;1;B01
201000028637;0;7;0;0;2;8;1;B01
201000028637;0;33;0;0;2;2;17;A01
201000028638;0;7;0;0;2;0;1;A01
201000028638;0;2;0;0;2;8;1;B01
201000028639;0;7;0;0;1;4;4;A01
201000028640;0;7;0;0;2;1;1;A01
201000028640;0;1;0;0;2;7;15;B01
201000028641;0;7;0;0;2;5;23;B01
201000028641;0;7;0;0;2;4;4;A01
201000028642;0;7;0;0;2;1;2;A01
201000028642;0;7;0;0;2;4;1;B01
201000028643;0;10;0;0;2;1;1;B01
201000028643;0;31;0;0;2;2;15;A01
201000028644;0;7;0;15;0;1;0;A01
201000028645;0;33;0;0;2;1;1;A01
201000028645;0;7;0;0;2;7;1;B01
201000028646;0;10;0;0;2;4;15;B01
201000028646;0;7;0;0;2;1;1;A01
201000028647;0;31;0;0;2;2;17;A01
201000028647;0;7;0;0;0;3;15;B01
201000028648;0;7;0;0;0;1;9;A01
201000028648;0;1;0;0;2;1;1;B01
201000028649;0;10;0;0;0;3;1;B01
201000028649;0;7;0;0;2;3;13;A01
201000028650;0;1;0;0;2;1;1;B01
201000028650;0;7;0;0;2;6;16;A01
201000028651;0;1;0;0;2;8;1;B01
201000028651;0;7;0;0;2;2;14;A01
201000028652;0;33;0;0;2;1;1;A01
201000028652;0;7;0;0;2;4;1;B01
201000028653;0;7;0;0;2;4;1;B01
201000028653;0;2;0;0;2;1;1;A01
201000028654;0;7;0;0;2;8;13;A01
201000028654;0;7;0;0;2;9;1;B01
201000028655;0;7;0;0;2;1;1;C01
201000028655;0;7;0;0;2;4;1;B01
201000028655;0;7;0;0;2;1;1;A01
201000028656;0;7;0;0;2;7;1;A01
201000028656;0;2;0;0;2;1;1;B01
201000028657;0;7;0;0;2;4;1;B01
201000028657;0;2;0;0;2;1;1;A01
201000028658;0;1;0;0;2;5;1;B01
201000028658;0;7;0;0;2;1;1;A01
201000028659;0;7;0;0;2;3;9;A01
201000028659;0;2;0;0;0;2;1;B01
201000028660;0;7;0;0;2;3;1;B01
201000028660;0;7;0;0;2;1;1;C01
201000028660;0;33;0;0;2;1;1;A01
201000028661;0;30;0;0;2;1;1;A01
201000028661;0;7;0;0;0;5;4;B01
201000028662;0;1;0;0;2;6;1;B01
201000028662;0;7;0;0;2;1;1;A01
201000028663;0;7;0;0;2;3;1;B01
201000028663;0;10;0;0;2;1;13;A01
201000028664;0;2;0;0;2;1;1;B01
201000028664;0;7;0;0;2;1;15;A01
201000028665;0;7;0;0;2;3;0;A01
201000028665;0;1;0;0;2;2;1;B01
201000028666;0;2;0;0;1;1;1;A01
201000028667;0;7;0;1;0;1;14;A01
201000028668;0;7;0;1;0;2;14;A01
201000028669;0;7;0;0;2;2;13;A01
201000028669;0;7;0;0;2;1;1;B01
201000028670;0;3;0;3;2;1;1;C01
201000028670;0;7;0;0;2;1;1;B01
201000028670;0;7;0;0;2;2;1;A01
201000028671;0;7;0;6;0;9;1;A01
201000028672;0;7;0;0;1;8;1;A01
201000028673;0;7;0;0;2;7;1;B01
201000028673;0;30;0;0;2;1;3;A01
201000028674;0;7;0;0;2;8;15;A01
201000028674;0;31;0;0;2;1;17;B01
201000028675;0;7;0;0;1;2;1;A01
201000028676;0;2;0;0;2;1;1;B01
201000028676;0;10;0;0;2;3;1;A01
201000028677;0;7;0;0;1;1;15;A01
201000028678;0;10;0;0;2;8;15;A01
201000028678;0;33;0;0;2;1;17;B01
201000028679;0;7;0;0;2;3;1;A01
201000028679;0;2;0;0;2;2;1;B01
201000028680;0;7;0;0;1;1;1;A01
201000028681;0;7;0;0;2;2;1;A01
201000028681;0;1;0;0;0;4;1;B01
201000028682;0;7;0;0;1;2;4;A01
201000028683;0;7;0;0;0;9;1;A01
201000028684;0;7;0;0;2;5;1;A01
201000028684;0;2;0;0;2;1;16;B01
201000028685;0;7;0;0;2;2;24;B01
201000028685;0;7;0;0;2;2;1;A01
201000028686;0;7;0;0;2;3;15;A01
201000028686;0;2;0;0;2;3;23;B01
201000028687;0;10;0;0;2;3;9;A01
201000028687;0;2;0;0;2;2;1;B01
201000028688;0;2;0;0;2;1;2;A01
201000028689;0;7;0;0;2;4;2;B01
201000028689;0;7;0;0;2;1;2;A01
201000028690;0;7;0;0;1;1;2;A01
201000028691;0;2;0;0;2;1;2;A01
201000028691;0;7;0;0;2;3;15;B01
201000028692;1;30;0;0;0;8;1;A01
201000028692;1;7;0;0;0;0;0;Z01
201000028693;0;2;0;0;1;1;1;A01
201000028694;0;7;0;0;2;2;16;A01
201000028694;0;30;0;0;2;1;1;B01
201000028695;0;7;0;0;2;8;15;A01
201000028695;0;30;0;0;2;1;1;B01
201000028696;0;7;0;0;2;0;15;A01
201000028696;0;33;0;0;0;8;1;B01
201000028697;0;7;0;1;0;2;14;A01
201000028698;0;7;0;0;2;0;1;B01
201000028698;0;31;0;0;2;7;17;A01
201000028699;0;2;0;0;2;1;1;B01
201000028699;0;7;0;0;2;1;15;A01
201000028700;0;7;0;0;0;4;2;B01
201000028700;0;7;0;0;2;1;2;A01
201000028701;0;7;0;0;1;1;1;A01
201000028702;0;31;0;0;2;1;15;A01
201000028702;0;7;0;0;0;8;15;B01
201000028703;0;7;0;0;2;1;2;A01
201000028704;0;7;0;0;2;1;2;A01
201000028704;0;7;0;0;0;4;2;C01
201000028704;0;7;0;0;2;4;2;B01
201000028705;0;7;0;0;2;0;2;A01
201000028706;0;7;0;0;1;0;16;A01
201000028707;0;34;0;0;2;1;1;B01
201000028707;0;7;0;0;2;8;1;A01
201000028708;0;7;0;0;2;8;15;B01
201000028708;0;2;0;0;2;1;1;A01
201000028709;0;10;0;0;2;1;15;A01
201000028709;0;10;0;0;2;8;1;B01
201000028709;0;7;0;0;2;8;2;C01
201000028710;0;7;0;0;1;1;2;A01
201000028711;0;7;0;6;0;7;1;A01
201000028712;0;2;0;0;0;1;1;B01
201000028712;0;7;0;0;9;1;15;A01
201000028713;0;7;0;0;0;7;16;A01
201000028713;0;2;0;0;2;1;2;B01
201000028714;0;7;0;0;1;3;1;A01
201000028715;0;7;0;0;2;1;9;A01
201000028715;0;7;0;1;2;1;1;B01
201000028716;0;10;0;0;9;3;2;A01
201000028716;0;33;0;0;0;4;23;B01
201000028717;0;7;0;0;2;4;2;B01
201000028717;0;7;0;0;2;1;2;A01
201000028718;0;7;0;0;2;7;17;A01
201000028718;0;30;0;0;2;8;1;B01
201000028719;0;7;0;8;0;5;2;A01
201000028720;0;7;0;0;1;1;2;A01
201000028721;0;7;0;0;1;1;1;A01
201000028722;0;2;0;0;2;1;2;A01
201000028722;0;1;0;0;2;1;2;B01
201000028723;0;10;0;0;2;4;2;C01
201000028723;0;7;0;0;2;1;1;A01
201000028723;0;7;0;0;2;4;2;B01
201000028723;0;7;0;0;2;4;2;D01
201000028724;0;7;0;0;1;1;2;A01
201000028725;0;7;0;0;1;7;1;A01
201000028726;0;7;0;0;2;1;15;A01
201000028726;0;1;0;0;2;1;2;B01
201000028727;0;1;0;0;2;1;2;B01
201000028727;0;7;0;0;2;1;2;A01
201000028728;0;7;0;0;1;3;15;A01
201000028729;0;10;0;0;2;1;2;B01
201000028729;0;7;0;0;2;1;2;A01
201000028730;0;7;0;0;2;4;2;B01
201000028730;0;14;0;0;2;1;14;A01
201000028731;0;2;0;0;2;1;2;B01
201000028731;0;7;0;0;2;7;2;A01
201000028732;0;7;0;0;2;1;2;B01
201000028732;0;1;0;0;2;1;2;A01
201000028733;0;7;0;1;2;1;2;A01
201000028733;0;7;0;0;2;1;2;B01
201000028734;0;7;0;0;2;3;2;A01
201000028734;0;2;0;0;2;3;2;B01
201000028735;0;1;0;0;0;4;2;B01
201000028735;0;7;0;0;2;1;2;A01
201000028736;0;37;41;0;0;5;1;B01
201000028736;0;7;0;0;0;8;24;A01
201000028737;0;33;0;0;2;1;1;B01
201000028737;0;7;0;0;0;5;10;A01
201000028738;1;7;0;0;0;5;2;Z01
201000028738;0;7;0;0;0;3;2;A01
201000028739;0;20;0;0;1;2;16;A01
201000028740;0;7;0;0;1;7;1;A01
201000028741;0;7;0;0;0;0;15;A01
201000028741;0;31;0;0;0;8;1;B01
201000028742;0;10;0;0;2;1;1;A01
201000028742;0;7;0;0;2;4;2;B01
201000028742;0;7;0;0;2;4;2;C01
201000028743;0;40;0;0;2;1;2;B01
201000028743;0;7;0;0;2;8;2;A01
201000028744;0;2;0;0;0;7;1;B01
201000028744;0;7;0;0;9;3;15;A01
201000028745;0;7;0;0;2;1;2;A01
201000028745;0;31;0;0;2;9;2;B01
201000028746;0;7;0;0;1;1;15;A01
201000028747;0;10;0;0;1;5;4;A01
201000028748;0;7;0;0;2;1;2;A01
201000028748;0;7;0;0;2;0;2;D01
201000028748;0;7;0;0;2;1;2;C01
201000028748;0;7;0;0;2;1;2;B01
201000028749;0;33;0;1;1;9;2;A01
201000028750;0;7;0;0;2;1;2;A01
201000028750;0;7;0;0;2;4;2;B01
201000028751;0;7;0;0;2;1;15;A01
201000028751;0;2;0;0;2;1;15;B01
201000028752;0;2;0;0;2;1;2;A01
201000028752;0;7;0;0;2;1;2;B01
201000028753;0;7;0;0;2;1;15;A01
201000028753;0;7;0;0;2;1;2;B01
201000028754;0;7;0;1;0;7;2;A01
201000028755;0;33;0;0;2;7;2;A01
201000028755;0;7;0;0;2;1;2;B01
201000028756;0;33;0;0;0;8;1;B01
201000028756;0;7;0;0;9;3;15;A01
201000028757;0;7;0;0;2;1;2;A01
201000028757;0;7;0;0;2;1;2;B01
201000028758;0;7;0;0;0;8;10;A01
201000028758;0;40;0;0;2;1;1;B01
201000028759;0;7;0;0;2;1;2;A01
201000028759;0;7;0;0;2;4;2;B01
201000028760;0;7;0;0;0;4;2;B01
201000028760;0;7;0;0;2;1;2;A01
201000028761;0;7;0;0;2;3;2;C01
201000028761;0;31;0;0;2;1;2;A01
201000028761;0;7;0;0;2;3;15;B01
201000028762;0;7;0;0;0;1;15;B01
201000028762;0;2;0;0;2;9;2;A01
201000028763;0;31;0;0;6;8;1;A01
201000028764;0;7;0;0;1;0;2;A01
201000028765;0;7;0;0;1;1;2;A01
201000028766;0;7;0;0;2;1;15;A01
201000028766;0;33;0;0;2;1;2;B01
201000028767;0;7;0;0;1;1;2;A01
201000028768;0;7;0;0;2;1;0;A01
201000028768;0;7;0;0;2;3;2;B01
201000028769;0;2;0;0;2;8;2;A01
201000028769;0;7;0;0;2;3;15;B01
201000028770;0;7;0;0;2;3;10;A01
201000028770;0;33;0;0;2;1;1;B01
201000028771;0;2;0;0;1;1;2;A01
201000028772;0;7;0;0;1;0;2;A01
201000028773;0;10;0;0;2;7;16;A01
201000028773;0;30;0;0;2;3;1;B01
201000028774;0;7;0;0;0;8;15;A01
201000028774;0;32;0;0;2;1;1;B01
201000028775;0;7;0;0;2;1;2;B01
201000028775;0;7;0;0;2;1;15;A01
201000028776;0;2;0;0;2;1;1;A01
201000028776;0;7;0;0;2;5;0;B01
201000028777;0;7;0;0;2;1;2;A01
201000028777;0;2;0;0;2;9;2;B01
201000028778;0;7;0;0;2;2;15;A01
201000028778;0;31;0;0;2;1;1;B01
201000028779;0;31;0;0;2;1;1;A01
201000028779;0;7;0;0;2;8;15;B01
201000028780;0;7;0;0;2;2;15;A01
201000028780;0;2;0;0;2;2;1;B01
201000028781;0;7;0;0;2;1;2;A01
201000028781;0;33;0;0;2;4;2;B01
201000028782;0;33;0;0;2;7;2;A01
201000028782;0;3;0;0;2;1;2;B01
201000028783;0;7;0;0;2;8;9;A01
201000028783;0;33;0;0;2;1;2;B01
201000028784;0;7;0;0;1;4;4;A01
201000028785;0;31;0;0;1;7;2;A01
201000028786;0;31;0;0;2;4;1;B01
201000028786;0;7;0;0;0;3;1;A01
201000028787;0;7;0;0;2;2;2;A01
201000028787;0;31;0;0;2;1;2;B01
201000028788;0;10;0;0;0;5;15;A01
201000028788;0;2;0;0;2;1;1;B01
201000028789;0;32;0;0;1;1;1;A01
201000028790;0;32;0;0;2;1;1;A01
201000028790;0;7;0;0;0;3;1;B01
201000028791;0;7;0;0;2;6;15;A01
201000028791;0;33;0;0;2;9;2;B01
201000028792;0;2;0;0;2;7;2;A01
201000028792;0;7;0;0;2;1;2;B01
201000028793;0;10;0;0;1;1;1;A01
201000028794;0;2;0;0;2;7;1;A01
201000028794;0;7;0;0;2;1;15;B01
201000028795;0;7;0;0;2;2;1;A01
201000028795;0;2;0;0;2;1;1;B01
201000028796;0;2;0;0;2;1;1;A01
201000028796;0;10;0;0;2;7;15;B01
201000028797;0;30;0;0;1;0;0;Z01
201000028798;0;1;0;0;2;8;15;A01
201000028798;0;7;0;0;2;1;15;B01
201000028799;0;2;0;0;2;1;2;A01
201000028799;0;7;0;0;2;4;2;B01
201000028800;0;7;0;0;1;1;0;A01
201000028801;0;7;0;0;1;1;2;A01
201000028802;0;7;0;0;1;1;16;A01
201000028803;0;7;0;0;2;1;2;A01
201000028803;0;7;0;0;2;4;2;B01
201000028804;0;2;0;0;2;8;2;B01
201000028804;0;7;0;0;0;3;15;A01
201000028805;0;7;0;0;2;4;15;A01
201000028805;0;2;0;0;2;1;2;B01
201000028806;0;7;0;0;2;1;2;B01
201000028806;0;7;0;0;2;1;2;A01
201000028806;0;7;0;0;2;1;2;C01
201000028806;0;7;0;0;2;4;2;D01
201000028807;0;7;0;0;2;8;13;A01
201000028807;0;7;0;0;2;1;2;B01
201000028808;0;10;0;0;2;4;4;A01
201000028808;0;7;0;0;2;7;1;B01
201000028809;0;7;0;0;2;1;2;A01
201000028809;0;7;0;0;2;1;16;B01
201000028810;0;7;0;0;2;3;15;A01
201000028810;0;2;0;0;2;1;2;B01
201000028811;0;7;0;0;2;3;1;A01
201000028811;0;34;0;0;2;1;1;B01
201000028812;0;10;0;0;2;1;15;A01
201000028812;0;7;0;0;2;8;1;B01
201000028813;0;7;0;0;2;1;2;B01
201000028813;0;7;0;0;2;1;5;A01
201000028814;0;1;0;0;2;1;1;B01
201000028814;1;7;0;0;2;1;16;A01
201000028815;0;7;0;0;2;1;1;A01
201000028815;0;7;0;0;2;5;1;B01
201000028816;0;7;0;0;2;1;15;A01
201000028816;0;2;0;0;2;1;2;B01
201000028817;0;7;0;0;2;4;2;C01
201000028817;0;7;0;0;2;4;2;B01
201000028817;0;7;0;0;2;1;1;A01
201000028818;0;14;0;0;1;0;1;A01
201000028819;0;7;0;0;1;0;4;A01
201000028820;0;7;0;0;1;1;2;A01
201000028821;0;7;0;0;1;1;2;A01
201000028822;0;1;0;0;2;9;1;A01
201000028823;0;7;0;6;0;1;1;A01
201000028824;0;10;0;0;2;8;1;B01
201000028824;0;33;0;0;2;1;13;A01
201000028825;0;7;0;0;2;5;15;A01
201000028825;0;33;0;0;2;9;1;B01
201000028826;0;40;0;0;1;0;1;A01
201000028827;0;7;0;0;2;5;1;C01
201000028827;0;1;0;0;2;1;1;B01
201000028827;0;33;0;0;2;1;1;A01
201000028828;0;7;0;0;2;1;1;B01
201000028828;0;7;0;0;2;5;1;A01
201000028829;0;7;0;0;1;7;1;A01
201000028830;0;7;0;0;2;1;0;A01
201000028830;0;1;0;0;2;1;1;B01
201000028831;0;14;0;0;2;1;16;A01
201000028831;0;10;0;0;2;1;1;B01
201000028832;0;10;0;0;2;1;1;A01
201000028832;0;7;0;0;2;0;1;B01
201000028833;0;7;0;0;2;3;15;B01
201000028833;0;7;0;0;1;1;17;A01
201000028834;0;7;0;0;2;2;1;C01
201000028834;0;2;0;0;2;6;1;A01
201000028834;0;7;0;0;2;5;1;B01
201000028835;0;7;0;0;2;1;1;A01
201000028835;0;1;0;0;2;1;15;B01
201000028836;0;7;0;0;2;1;1;A01
201000028836;0;37;15;0;2;1;1;B01
201000028837;0;7;0;0;2;1;1;A01
201000028837;0;7;0;0;2;4;1;B01
201000028838;0;33;0;0;2;1;5;B01
201000028838;0;10;0;0;2;1;15;A01
201000028839;0;10;0;0;2;1;13;A01
201000028839;0;7;0;0;0;1;1;B01
201000028840;0;7;0;0;2;1;15;A01
201000028840;0;1;0;0;2;2;1;B01
201000028841;0;7;0;0;2;1;1;B01
201000028841;0;7;0;0;2;1;1;C01
201000028841;0;33;0;0;2;1;1;A01
201000028842;0;10;0;0;1;2;1;A01
201000028843;0;7;0;0;2;1;15;A01
201000028843;0;2;0;0;2;1;1;B01
201000028844;0;7;0;0;2;1;15;A01
201000028844;0;34;0;0;2;1;1;B01
201000028845;0;1;0;0;2;0;1;B01
201000028845;0;7;0;0;2;1;1;A01
201000028846;0;7;0;0;1;1;0;A01
201000028847;0;10;0;0;2;1;1;A01
201000028847;0;7;0;0;0;4;1;B01
201000028848;0;37;15;0;1;1;1;A01
201000028849;0;7;0;0;2;1;2;A01
201000028849;0;33;0;0;2;1;1;B01
201000028850;0;7;0;0;1;1;1;A01
201000028851;0;7;0;0;2;1;1;C01
201000028851;0;7;0;0;2;1;1;B01
201000028851;0;7;0;0;2;1;5;A01
201000028852;0;37;1;0;2;1;1;C01
201000028852;0;10;0;8;2;1;5;A01
201000028853;0;7;0;0;2;2;15;A01
201000028853;0;7;0;0;2;2;1;B01
201000028854;0;7;0;0;2;1;1;A01
201000028854;0;7;0;0;2;4;1;B01
201000028855;0;33;0;0;2;8;9;B01
201000028855;0;7;0;0;0;6;1;A01
201000028856;0;7;0;9;0;2;1;A01
201000028857;0;30;0;0;2;1;1;A01
201000028857;0;10;0;0;2;2;20;B01
201000028858;0;7;0;0;2;7;16;A01
201000028858;0;1;0;0;2;1;1;B01
201000028859;0;7;0;0;2;1;2;A01
201000028860;0;7;0;0;2;7;1;A01
201000028860;0;7;0;0;2;8;1;B01
201000028861;0;34;0;1;0;0;14;B01
201000028861;0;7;0;0;0;0;0;A01
201000028862;0;7;0;0;9;8;15;A01
201000028862;0;40;0;0;2;1;1;B01
201000028863;0;7;0;0;2;1;1;A01
201000028863;0;7;0;0;2;4;2;C01
201000028863;0;10;0;0;2;4;2;B01
201000028863;0;7;0;0;2;4;2;D01
201000028864;0;7;0;0;2;1;15;B01
201000028864;0;30;0;0;2;7;1;A01
201000028865;0;30;0;0;2;1;1;A01
201000028865;0;7;0;0;2;4;15;B01
201000028866;0;7;0;1;0;1;0;A01
201000028867;0;7;0;0;0;0;1;A01
201000028868;0;2;0;0;2;1;5;A01
201000028868;0;7;0;0;2;1;1;B01
201000028869;0;7;0;0;2;6;15;A01
201000028869;0;33;0;0;2;1;1;B01
201000028870;0;1;0;0;1;1;1;A01
201000028871;0;10;0;0;2;8;1;A01
201000028871;0;37;1;0;0;2;1;B01
201000028872;0;7;0;0;1;1;15;A01
201000028873;0;7;0;0;1;1;1;A01
201000028874;0;7;0;0;0;4;1;B01
201000028874;0;2;0;0;2;1;1;A01
201000028875;0;33;0;0;2;8;14;B01
201000028875;0;7;0;0;2;7;15;A01
201000028876;0;31;0;0;0;8;1;B01
201000028876;0;7;0;0;2;1;16;A01
201000028877;0;2;0;0;0;1;1;B01
201000028877;0;7;0;0;2;7;16;A01
201000028878;0;7;0;0;0;1;23;B01
201000028878;2;7;0;0;2;0;13;Z01
201000028879;0;33;0;0;2;1;1;B01
201000028879;0;33;0;0;0;6;10;A01
201000028880;0;1;0;0;0;2;1;A01
201000028880;0;7;0;0;2;1;1;B01
201000028881;0;2;0;0;0;8;1;B01
201000028881;0;7;0;0;2;2;16;A01
201000028882;0;7;0;0;2;1;1;A01
201000028882;0;7;0;0;0;4;23;B01
201000028883;0;7;0;0;2;1;15;A01
201000028883;0;7;0;0;2;4;15;B01
201000028884;0;7;0;0;2;1;1;A01
201000028884;0;7;0;8;0;4;16;B01
201000028885;0;7;0;0;1;1;1;A01
201000028886;0;10;0;13;0;9;21;A01
201000028886;0;7;0;0;0;0;23;B01
201000028887;0;7;0;0;0;6;1;B01
201000028887;0;2;0;0;2;1;1;A01
201000028888;0;33;0;0;2;1;17;A01
201000028888;0;10;0;0;0;4;15;B01
201000028889;0;7;0;0;2;1;1;A01
201000028889;0;7;0;0;2;7;15;B01
201000028890;0;7;0;0;2;4;4;A01
201000028890;0;10;0;0;2;1;1;B01
201000028891;0;31;0;0;2;2;17;A01
201000028891;0;10;0;0;0;3;15;B01
201000028892;0;10;0;0;2;1;23;B01
201000028892;0;1;0;0;2;1;2;A01
201000028893;0;7;0;0;0;4;23;B01
201000028893;0;7;0;0;2;1;2;A01
201000028894;0;30;0;0;2;8;2;B01
201000028894;0;7;0;0;2;1;1;A01
201000028895;0;7;0;0;2;4;2;C01
201000028895;0;7;0;0;2;4;2;B01
201000028895;0;7;0;0;0;4;2;D01
201000028895;0;7;0;0;2;1;1;A01
201000028896;0;7;0;0;1;3;15;A01
201000028897;0;30;0;0;2;1;1;A01
201000028897;0;7;0;0;2;1;1;B01
201000028898;0;7;0;0;0;1;1;B01
201000028898;0;7;0;0;2;1;1;A01
201000028899;0;7;0;1;0;0;20;A01
201000028900;0;7;0;0;2;1;16;A01
201000028900;0;7;0;0;0;7;1;B01
201000028901;0;7;0;0;2;7;15;A01
201000028901;0;7;0;0;2;1;1;B01
201000028902;0;7;0;0;0;2;10;A01
201000028902;0;33;0;0;2;1;1;B01
201000028903;0;2;0;0;1;1;1;A01
201000028904;1;7;0;0;1;0;0;Z01
201000028905;0;7;0;0;0;9;1;B01
201000028905;0;7;0;0;2;1;1;C01
201000028905;0;7;0;0;2;3;1;D01
201000028905;0;7;0;0;2;2;17;A01
201000028906;0;7;0;0;2;3;22;A01
201000028906;0;2;0;0;0;1;1;B01
201000028907;0;1;0;0;0;1;1;B01
201000028907;0;1;0;0;2;7;1;A01
201000028908;0;7;0;0;2;2;15;A01
201000028908;0;31;0;0;2;1;1;B01
201000028909;0;2;0;12;0;2;14;A01
201000028910;0;7;0;0;2;7;1;A01
201000028910;0;7;0;0;0;1;1;B01
201000028911;0;7;0;0;1;1;1;A01
201000028912;0;33;0;0;0;1;1;B01
201000028912;0;7;0;0;2;1;1;A01