num_acc;senc;catv;occutc;obs;obsm;choc;manv;num_veh
201000028913;0;1;0;0;0;3;1;A01
201000028913;0;40;0;0;2;1;1;B01
201000028914;0;7;0;0;1;1;1;A01
201000028915;0;7;0;0;0;8;22;A01
201000028915;0;1;0;1;2;1;1;B01
201000028916;0;7;0;0;1;2;1;A01
201000028917;0;7;0;0;0;7;15;A01
201000028917;0;33;0;0;2;1;1;B01
201000028918;0;7;0;0;0;0;15;A01
201000028918;0;33;0;0;2;1;17;B01
201000028919;0;2;0;0;2;8;1;B01
201000028919;0;7;0;0;2;1;17;A01
201000028920;0;33;0;0;2;1;1;B01
201000028920;0;33;0;0;0;7;1;A01
201000028921;0;2;0;0;0;1;18;A01
201000028921;0;7;0;0;2;7;16;B01
201000028922;0;7;0;0;1;2;1;A01
201000028923;0;7;0;0;2;2;15;A01
201000028923;0;33;0;0;0;1;1;B01
201000028924;0;7;0;0;2;1;15;A01
201000028924;0;1;0;0;2;1;1;B01
201000028925;0;7;0;0;1;1;1;A01
201000028926;0;34;0;0;2;2;17;B01
201000028926;0;7;0;0;0;1;15;A01
201000028927;2;7;0;0;2;8;1;A01
201000028927;0;7;0;0;0;1;1;B01
201000028928;0;37;1;0;2;0;1;A01
201000028928;0;7;0;0;0;7;1;B01
201000028929;0;7;0;0;1;1;1;A01
201000028930;0;7;0;0;2;1;20;B01
201000028930;0;2;0;0;2;1;1;A01
201000028931;0;7;0;8;2;1;1;A01
201000028931;0;7;0;0;2;8;1;B01
201000028932;0;7;0;0;0;4;1;E01
201000028932;0;7;0;0;2;4;2;D01
201000028932;0;7;0;0;2;4;2;B01
201000028932;0;7;0;0;2;1;2;A01
201000028932;0;7;0;0;2;4;2;C01
201000028933;0;7;0;0;2;1;1;A01
201000028933;0;10;0;0;0;2;1;B01
201000028934;0;7;0;9;0;1;1;A01
201000028935;0;7;0;0;2;8;15;A01
201000028935;0;33;0;0;2;1;17;B01
201000028936;0;7;0;1;0;1;1;A01
201000028937;0;31;0;0;2;2;1;B01
201000028937;0;7;0;0;0;3;15;A01
201000028938;0;2;0;0;0;8;1;B01
201000028938;0;7;0;0;2;3;1;A01
201000028939;0;7;0;0;2;8;1;A01
201000028939;0;33;0;0;0;9;1;B01
201000028940;0;33;0;0;2;1;17;B01
201000028940;0;7;0;0;2;1;15;A01
201000028941;0;7;0;0;2;1;15;A01
201000028941;0;7;0;0;0;4;1;B01
201000028942;0;37;100;1;1;1;1;A01
201000028943;0;32;0;0;2;1;15;A01
201000028943;0;7;0;0;0;0;1;B01
201000028944;0;1;0;0;0;7;1;B01
201000028944;0;7;0;0;2;1;9;A01
201000028945;0;7;0;0;2;3;1;B01
201000028945;1;7;0;0;2;0;10;Z01
201000028946;0;31;0;0;2;8;1;A01
201000028946;0;7;0;0;2;8;15;B01
201000028947;0;10;0;0;1;4;4;A01
201000028947;0;7;0;0;0;1;5;B01
201000028948;0;7;0;12;2;1;5;A01
201000028948;0;7;0;0;0;1;1;B01
201000028949;0;7;0;0;0;4;23;B01
201000028949;0;1;0;0;2;1;1;A01
201000028950;0;7;0;0;2;1;1;A01
201000028950;0;33;0;0;2;1;1;B01
201000028951;0;10;0;0;2;5;15;A01
201000028951;0;31;0;0;0;1;1;B01
201000028952;0;2;0;0;0;1;18;A01
201000028952;0;7;0;0;2;5;16;B01
201000028953;0;7;0;0;0;3;15;A01
201000028953;0;2;0;0;2;1;17;B01
201000028954;1;30;0;0;0;0;5;Z01
201000028954;0;10;0;6;0;3;21;A01
201000028955;0;10;0;0;0;2;16;A01
201000028955;0;30;0;0;2;8;1;B01
201000028956;0;40;0;0;0;2;1;B01
201000028956;0;10;0;0;4;3;10;A01
201000028957;0;10;0;0;2;8;10;A01
201000028957;0;2;0;0;2;1;1;B01
201000028958;0;2;0;0;0;7;1;A01
201000028958;0;34;0;0;2;1;1;B01
201000028959;0;7;0;0;0;4;1;B01
201000028959;0;33;0;0;2;1;1;A01
201000028960;0;7;0;0;2;7;1;A01
201000028960;0;7;0;0;2;1;15;B01
201000028961;0;33;0;0;2;2;17;A01
201000028961;0;14;0;0;0;1;1;C01
201000028961;0;7;0;0;2;3;15;B01
201000028962;0;7;0;6;0;1;15;A01
201000028963;0;7;0;0;2;1;15;A01
201000028963;0;7;0;0;2;1;1;B01
201000028964;0;7;0;0;2;1;1;A01
201000028964;0;7;0;0;0;4;23;B01
201000028965;0;2;0;0;2;1;1;A01
201000028965;0;7;0;0;0;1;1;B01
201000028966;0;7;0;0;2;1;15;A01
201000028966;0;2;0;0;0;9;1;B01
201000028967;0;1;0;0;0;1;1;B01
201000028967;0;10;0;0;2;1;16;A01
201000028968;0;7;0;6;0;1;1;A01
201000028969;0;7;0;0;0;4;23;C01
201000028969;0;7;0;0;2;1;1;A01
201000028969;0;7;0;0;2;1;1;B01
201000028970;0;7;0;0;4;8;1;A01
201000028970;0;40;0;0;2;1;1;B01
201000028971;0;30;0;0;2;1;2;A01
201000028971;0;7;0;0;0;4;23;B01
201000028972;0;7;0;0;2;1;16;B01
201000028972;0;7;0;0;2;2;1;A01
201000028973;0;40;0;0;2;0;1;A01
201000028974;0;7;0;0;1;1;1;A01
201000028975;0;7;0;0;2;1;1;B01
201000028975;0;7;0;0;2;1;1;A01
201000028976;0;7;0;0;2;1;1;A01
201000028976;0;7;0;0;2;4;1;B01
201000028977;0;7;0;0;2;1;1;A01
201000028977;0;7;0;0;0;4;1;B01
201000028978;0;7;0;14;0;2;1;A01
201000028979;0;7;0;0;2;3;1;B01
201000028979;0;30;0;0;2;1;1;A01
201000028980;0;7;0;0;2;7;1;A01
201000028980;0;7;0;0;2;1;1;B01
201000028981;0;7;0;0;2;1;1;A01
201000028981;0;7;0;0;2;4;1;B01
201000028982;0;30;0;0;0;1;1;A01
201000028982;0;7;0;0;2;1;1;B01
201000028983;0;1;0;0;2;1;1;B01
201000028983;0;7;0;0;2;1;22;A01
201000028984;0;1;0;0;2;1;1;B01
201000028984;0;7;0;0;2;3;24;A01
201000028985;0;31;0;0;2;1;17;A01
201000028985;0;7;0;0;2;8;15;B01
201000028986;0;37;0;0;2;4;1;B01
201000028986;0;1;0;0;2;1;1;A01
201000028987;0;37;0;0;1;1;16;A01
201000028988;0;33;0;0;1;1;1;A01
201000028989;0;7;0;0;2;1;1;A01
201000028989;0;10;0;0;2;4;2;B01
201000028989;0;7;0;0;2;4;2;C01
201000028990;0;10;0;0;2;1;1;B01
201000028990;0;31;0;0;2;1;1;A01
201000028991;0;33;0;0;2;0;14;A01
201000028992;0;7;0;0;2;5;15;A01
201000028992;0;33;0;0;2;1;1;B01
201000028993;0;7;0;0;2;1;1;A01
201000028993;0;7;0;0;2;6;1;B01
201000028994;0;2;0;0;2;5;13;B01
201000028994;0;7;0;0;2;1;15;A01
201000028995;0;7;0;0;1;1;1;A01
201000028995;0;7;0;0;2;4;1;C01
201000028995;0;7;0;0;2;1;1;B01
201000028996;0;7;0;0;2;0;1;B01
201000028996;0;1;0;0;2;1;1;A01
201000028997;0;7;0;0;2;4;1;B01
201000028997;0;7;0;0;2;4;1;C01
201000028997;0;7;0;0;2;1;1;A01
201000028998;0;33;0;0;2;7;1;A01
201000028998;0;1;0;0;2;4;23;B01
201000028999;0;2;0;0;2;1;1;B01
201000028999;1;7;0;0;2;0;1;A01
201000029000;0;7;0;1;0;1;1;A01
201000029001;0;1;0;0;2;1;15;A01
201000029001;0;40;0;0;2;1;1;B01
201000029002;0;7;0;0;1;1;15;A01
201000029003;0;7;0;0;2;6;1;A01
201000029003;0;31;0;0;2;1;1;B01
201000029004;0;7;0;0;2;1;15;A01
201000029004;0;1;0;0;2;4;1;B01
201000029005;0;7;0;0;2;1;1;A01
201000029005;0;7;0;0;2;4;1;B01
201000029006;0;7;0;0;2;2;20;A01
201000029006;0;1;0;0;2;4;1;B01
201000029007;0;2;0;0;2;3;1;A01
201000029007;0;7;0;0;2;2;1;B01
201000029008;0;2;0;0;2;7;1;B01
201000029008;0;7;0;0;2;2;15;A01
201000029009;0;30;0;0;2;1;0;A01
201000029009;0;7;0;0;2;3;13;B01
201000029010;0;7;0;0;1;1;15;A01
201000029011;0;7;0;0;1;2;1;A01
201000029012;0;2;0;0;2;1;1;A01
201000029012;0;7;0;0;2;5;2;B01
201000029013;0;40;0;0;1;0;1;A01
201000029014;0;32;0;0;2;4;1;B01
201000029014;0;7;0;0;2;1;1;A01
201000029015;0;1;0;0;2;0;1;A01
201000029015;0;7;0;0;2;0;1;B01
201000029016;0;7;0;0;2;1;1;A01
201000029017;0;33;0;0;2;1;1;B01
201000029017;0;7;0;0;2;1;10;A01
201000029018;0;10;0;0;2;1;1;A01
201000029019;0;7;0;0;2;0;1;A01
201000029019;1;7;0;0;2;0;0;Z01
201000029020;0;33;0;6;0;9;1;A01
201000029021;0;33;0;0;2;7;0;B01
201000029021;0;7;0;0;2;3;0;A01
201000029022;0;7;0;0;2;3;15;A01
201000029022;0;31;0;0;2;7;1;B01
201000029023;0;7;0;0;2;1;1;B01
201000029023;0;33;0;0;2;1;15;A01
201000029024;0;7;0;0;2;4;1;C01
201000029024;0;7;0;0;2;1;1;A01
201000029024;0;7;0;0;2;4;1;B01
201000029025;0;7;0;0;0;4;24;C01
201000029025;0;7;0;0;2;1;15;A01
201000029025;0;33;0;1;2;1;1;B01
201000029026;0;7;0;0;2;1;1;A01
201000029027;0;37;0;0;2;0;15;A01
201000029028;0;2;0;0;2;2;1;A01
201000029028;0;7;0;0;2;4;1;B01
201000029029;0;7;0;0;2;1;14;A01
201000029029;0;33;0;0;2;3;1;B01
201000029030;0;1;0;0;2;0;13;A01
201000029030;0;7;0;0;2;1;1;B01
201000029031;0;7;0;0;2;1;15;A01
201000029031;0;2;0;0;2;1;1;B01
201000029032;0;31;0;0;2;7;1;B01
201000029032;0;7;0;0;2;2;0;A01
201000029033;0;7;0;0;2;3;15;A01
201000029033;0;40;0;0;2;7;1;B01
201000029034;0;30;0;0;2;1;0;A01
201000029034;0;7;0;0;2;4;1;B01
201000029035;0;7;0;0;2;8;0;A01
201000029035;0;37;3;0;2;2;1;B01
201000029036;0;7;0;0;2;8;1;C01
201000029036;0;7;0;14;0;1;0;A01
201000029037;0;7;0;0;1;3;1;A01
201000029038;0;7;0;0;2;1;9;A01
201000029038;0;7;0;0;2;7;1;B01
201000029039;0;7;0;0;2;1;1;B01
201000029039;0;1;0;0;2;1;1;A01
201000029040;0;7;0;0;2;1;17;A01
201000029040;0;7;0;0;2;1;1;B01
201000029041;0;40;0;0;2;1;1;B01
201000029041;0;2;0;0;2;9;13;A01
201000029042;0;7;0;0;1;0;1;A01
201000029043;0;7;0;0;2;1;1;A01
201000029043;0;31;0;0;2;4;1;B01
201000029044;0;7;0;0;2;3;15;A01
201000029044;0;31;0;0;2;1;1;B01
201000029045;0;7;0;0;2;8;15;A01
201000029045;0;30;0;0;2;7;1;B01
201000029046;0;7;0;0;2;1;16;A01
201000029046;0;34;0;0;2;3;1;B01
201000029047;0;7;0;0;2;1;15;A01
201000029047;0;2;0;0;2;1;1;B01
201000029048;0;7;0;0;2;1;15;A01
201000029048;0;33;0;0;2;1;1;B01
201000029049;0;7;0;0;2;1;1;B01
201000029049;0;7;0;0;2;1;1;A01
201000029050;0;2;0;14;0;4;1;A01
201000029051;0;7;0;0;2;1;1;B01
201000029051;0;1;0;0;2;9;15;A01
201000029052;0;7;0;0;0;2;15;A01
201000029052;0;33;0;0;2;1;1;B01
201000029053;0;40;0;0;2;0;1;A01
201000029054;0;7;0;12;0;9;1;A01
201000029055;0;7;0;0;2;1;1;B01
201000029055;0;2;0;0;2;7;1;A01
201000029056;0;7;0;0;1;1;2;A01
201000029057;0;7;0;0;2;0;1;A01
201000029057;0;1;0;0;2;1;1;B01
201000029058;0;7;0;0;2;3;1;B01
201000029058;0;7;0;0;2;3;1;A01
201000029059;0;33;0;0;2;1;1;B01
201000029059;0;7;0;0;2;8;9;A01
201000029060;0;7;0;0;2;1;0;A01
201000029060;0;7;0;0;2;3;1;B01
201000029061;0;1;0;0;2;1;1;A01
201000029061;0;7;0;0;2;1;1;B01
201000029062;0;7;0;0;2;1;1;A01
201000029062;0;14;0;0;2;1;1;B01
201000029063;0;7;0;8;0;1;1;A01
201000029064;0;7;0;0;2;2;1;A01
201000029064;0;2;0;0;2;3;0;B01
201000029065;0;7;0;0;2;1;1;B01
201000029065;1;7;0;0;2;0;1;A01
201000029066;0;2;0;14;2;1;1;A01
201000029067;0;7;0;0;2;1;1;A01
201000029067;0;7;0;0;2;8;1;B01
201000029068;0;7;0;0;2;0;1;C01
201000029068;0;33;0;0;2;0;15;A01
201000029068;0;37;1;0;2;0;1;B01
201000029069;0;10;0;0;1;1;0;A01
201000029070;0;2;0;0;0;7;0;A01
201000029071;0;7;0;0;2;4;0;B01
201000029071;0;7;0;0;2;1;0;A01
201000029072;0;7;0;0;2;5;1;A01
201000029072;0;34;0;0;2;1;1;B01
201000029073;0;30;0;0;2;1;1;A01
201000029073;0;30;0;0;2;1;1;B01
201000029074;0;31;0;0;2;9;1;B01
201000029074;0;7;0;0;2;7;1;A01
201000029075;0;7;0;0;2;1;1;B01
201000029075;0;33;0;0;2;9;1;A01
201000029076;0;7;0;0;2;1;1;A01
201000029076;0;1;0;0;2;1;1;B01
201000029077;0;7;0;0;1;2;2;A01
201000029078;0;7;0;0;1;1;1;A01
201000029079;0;7;0;0;2;1;1;A01
201000029079;0;1;0;0;2;1;1;B01
201000029080;0;7;0;0;2;2;1;A01
201000029080;0;31;0;0;2;3;1;B01
201000029081;0;7;0;0;2;2;1;A01
201000029081;0;33;0;0;2;1;1;B01
201000029082;0;37;0;0;1;1;16;A01
201000029083;0;2;0;0;2;1;1;A01
201000029083;0;7;0;0;2;1;1;B01
201000029084;0;7;0;0;1;1;1;A01
201000029085;0;2;0;0;2;1;1;A01
201000029085;0;7;0;0;2;2;1;B01
201000029086;0;33;0;12;1;9;1;A01
201000029087;0;10;0;0;2;2;0;A01
201000029087;0;7;0;0;2;1;0;B01
201000029088;0;7;0;0;2;1;1;A01
201000029089;0;7;0;0;2;1;1;B01
201000029089;0;7;0;0;2;1;1;A01
201000029090;0;7;0;0;2;1;1;B01
201000029090;0;2;0;0;2;9;1;A01
201000029091;0;2;0;0;2;1;1;A01
201000029091;0;7;0;0;2;3;9;B01
201000029092;0;7;0;0;2;1;15;A01
201000029092;0;7;0;0;2;1;1;B01
201000029093;0;7;0;0;1;1;15;A01
201000029094;0;7;0;0;2;1;1;A01
201000029094;0;7;0;0;1;4;1;B01
201000029095;0;7;0;6;0;7;1;A01
201000029095;0;7;0;0;2;1;1;B01
201000029096;0;33;0;1;2;0;0;A01
201000029097;0;7;0;0;2;1;1;A01
201000029097;0;10;0;0;2;4;1;B01
201000029098;0;33;0;0;2;8;1;B01
201000029098;0;7;0;0;2;0;13;A01
201000029099;0;7;0;0;2;4;1;B01
201000029099;0;2;0;0;2;1;1;A01
201000029100;0;7;0;0;2;4;1;C01
201000029100;0;7;0;0;2;4;1;D01
201000029100;0;10;0;0;1;2;1;A01
201000029100;0;7;0;0;2;4;1;B01
201000029101;0;7;0;0;2;1;1;A01
201000029101;0;33;0;0;2;1;1;B01
201000029102;0;10;0;0;2;1;1;A01
201000029102;0;7;0;0;2;1;0;B01
201000029103;0;7;0;0;2;3;1;A01
201000029103;0;32;0;0;2;1;1;B01
201000029104;0;7;0;0;2;1;15;A01
201000029105;0;2;0;0;0;1;1;A01
201000029106;0;10;0;0;2;3;1;B01
201000029106;0;31;0;0;2;7;16;A01
201000029107;1;7;0;0;2;0;9;Z01
201000029107;0;2;0;0;2;7;1;A01
201000029108;0;7;0;0;2;4;1;B01
201000029108;0;7;0;0;1;1;1;A01
201000029108;0;7;0;0;2;4;1;C01
201000029109;0;30;0;0;2;1;1;A01
201000029110;0;7;0;0;2;8;0;B01
201000029110;0;31;0;0;2;1;1;A01
201000029111;0;7;0;0;2;4;1;B01
201000029111;0;7;0;0;2;1;1;A01
201000029112;0;1;0;0;2;1;0;A01
201000029112;0;7;0;0;2;1;1;B01
201000029113;0;7;0;0;1;1;1;A01
201000029114;0;1;0;14;0;0;1;A01
201000029115;0;7;0;0;2;7;1;A01
201000029115;0;30;0;0;2;1;1;B01
201000029116;0;7;0;0;2;1;1;B01
201000029116;0;7;0;0;2;1;1;A01
201000029117;0;30;0;0;2;1;1;A01
201000029117;0;7;0;0;2;1;1;B01
201000029118;0;7;0;0;2;4;0;B01
201000029118;0;2;0;0;2;1;1;A01
201000029119;0;7;0;0;2;4;1;B01
201000029119;0;7;0;1;2;1;7;A01
201000029120;0;7;0;0;2;4;1;B01
201000029120;0;7;0;0;2;1;1;A01
201000029121;0;7;0;0;1;3;1;A01
201000029122;0;7;0;0;2;1;1;A01
201000029122;0;7;0;0;2;9;2;C01
201000029122;0;7;0;0;2;9;2;B01
201000029123;0;7;0;0;2;1;1;B01
201000029123;0;7;0;0;2;2;15;A01
201000029124;0;14;0;0;2;0;1;B01
201000029124;0;30;0;0;2;1;1;A01
201000029125;0;30;0;0;2;1;1;B01
201000029125;1;7;0;0;2;0;0;Z01
201000029126;0;7;0;0;1;1;1;A01
201000029127;0;1;0;0;2;1;1;A01
201000029127;0;7;0;0;2;1;1;B01
201000029128;0;7;0;0;2;4;1;C01
201000029128;0;7;0;0;2;1;1;B01
201000029128;0;7;0;0;2;1;1;A01
201000029129;0;7;0;0;2;4;20;A01
201000029129;0;2;0;0;2;1;1;B01
201000029130;0;7;0;0;1;0;0;A01
201000029131;0;10;0;0;2;3;0;A01
201000029131;0;33;0;0;2;1;0;B01
201000029132;0;7;0;0;2;4;0;B01
201000029132;0;1;0;0;2;1;0;A01
201000029133;0;2;0;0;2;1;1;B01
201000029133;0;7;0;0;2;8;9;A01
201000029134;0;1;0;0;2;4;1;B01
201000029134;0;7;0;0;2;1;9;A01
201000029135;0;7;0;0;2;1;1;A01
201000029135;0;2;0;0;2;1;1;B01
201000029136;0;7;0;0;2;1;1;A01
201000029136;0;7;0;0;2;1;1;B01
201000029137;0;33;0;0;2;1;1;A01
201000029137;0;32;0;0;2;0;0;B01
201000029138;0;7;0;0;2;4;1;B01
201000029138;0;7;0;0;2;1;2;A01
201000029139;0;7;0;0;2;2;1;A01
201000029139;0;1;0;0;2;1;1;B01
201000029140;0;7;0;0;2;0;1;B01
201000029140;0;7;0;0;2;8;1;A01
201000029141;0;7;0;0;2;4;1;B01
201000029141;0;33;0;0;2;1;1;A01
201000029142;0;7;0;0;2;1;1;A01
201000029142;0;2;0;0;0;0;0;B01
201000029143;0;2;0;0;2;4;1;C01
201000029143;0;7;0;0;2;1;1;B01
201000029143;0;7;0;0;2;1;1;A01
201000029144;0;7;0;0;1;1;1;A01
201000029145;0;1;0;0;2;0;1;B01
201000029145;0;7;0;0;2;0;24;A01
201000029146;0;1;0;0;2;7;1;A01
201000029146;0;40;0;0;2;8;2;B01
201000029147;0;31;0;0;2;1;1;B01
201000029147;0;7;0;0;2;7;1;A01
201000029148;0;7;0;0;2;1;1;B01
201000029148;0;7;0;0;2;4;1;A01
201000029149;0;1;0;0;0;0;0;A01
201000029150;0;7;0;0;2;4;10;B01
201000029150;0;30;0;0;2;1;1;A01
201000029151;0;7;0;0;2;1;1;B01
201000029151;0;7;0;0;2;1;1;A01
201000029152;0;7;0;0;2;1;1;B01
201000029152;0;1;0;0;2;4;1;A01
201000029153;0;33;0;0;1;1;1;A01
201000029154;0;7;0;0;2;1;1;B01
201000029154;0;7;0;0;2;1;15;A01
201000029155;0;7;0;0;2;1;1;B01
201000029155;0;1;0;0;2;1;0;A01
201000029156;0;7;0;0;2;2;15;B01
201000029156;0;7;0;0;2;1;1;A01
201000029157;0;7;0;0;2;0;17;A01
201000029157;0;1;0;0;0;3;1;B01
201000029158;0;1;0;0;2;4;13;B01
201000029158;0;7;0;0;2;1;1;A01
201000029159;0;31;0;0;2;1;1;A01
201000029159;0;1;0;0;2;3;2;B01
201000029160;0;7;0;0;2;7;1;A01
201000029160;0;7;0;0;2;3;1;B01
201000029161;0;7;0;0;2;4;2;B01
201000029161;0;7;0;0;2;1;1;A01
201000029162;0;2;0;0;2;1;1;A01
201000029162;0;7;0;0;2;8;1;B01
201000029163;0;7;0;0;2;7;16;A01
201000029163;0;30;0;0;2;1;1;B01
201000029164;0;40;0;0;2;0;1;B01
201000029164;0;7;0;0;4;1;1;A01
201000029165;0;7;0;0;2;3;1;A01
201000029165;0;7;0;0;0;8;5;B01
201000029166;0;33;0;0;2;1;1;A01
201000029166;0;10;0;0;2;4;1;B01
201000029167;0;33;0;0;2;1;17;A01
201000029167;0;10;0;0;0;8;15;B01
201000029168;0;7;0;8;0;3;1;A01
201000029168;0;40;0;0;2;1;1;B01
201000029169;0;7;0;0;2;3;1;A01
201000029169;0;10;0;0;2;8;9;B01
201000029170;0;7;0;0;4;3;11;A01
201000029170;0;40;0;0;2;2;1;B01
201000029171;0;7;0;0;2;1;16;A01
201000029171;0;30;0;0;2;1;1;B01
201000029172;0;7;0;0;2;3;1;A01
201000029172;0;7;0;0;2;3;1;B01
201000029172;0;7;0;0;2;4;1;C01
201000029173;0;40;0;0;1;1;1;A01
201000029174;0;7;0;0;2;1;1;A01
201000029174;0;7;0;0;2;7;1;B01
201000029175;0;2;0;0;2;4;1;A01
201000029175;0;7;0;0;2;1;16;B01
201000029176;0;7;0;0;2;4;2;C01
201000029176;0;7;0;0;2;9;2;B01
201000029176;0;7;0;0;2;1;0;A01
201000029177;0;7;0;0;0;2;1;A01
201000029178;0;7;0;0;2;7;1;B01
201000029178;0;1;0;0;2;8;1;A01
201000029179;0;7;0;8;0;7;1;A01
201000029180;0;37;0;0;1;1;1;A01
201000029181;0;10;0;0;2;1;1;A01
201000029181;0;7;0;0;2;1;1;B01
201000029182;0;10;0;0;2;1;2;A01
201000029182;0;7;0;0;0;4;2;B01
201000029183;0;7;0;0;1;0;1;A01
201000029184;0;2;0;0;0;1;1;A01
201000029185;0;10;0;0;0;0;0;C01
201000029185;0;1;0;1;2;6;1;B01
201000029185;0;37;4;0;2;7;17;A01
201000029186;0;10;0;0;2;3;10;A01
201000029186;0;32;0;0;0;5;1;B01
201000029187;0;1;0;0;2;1;19;A01
201000029187;0;7;0;0;0;2;2;B01
201000029188;0;7;0;0;2;1;1;B01
201000029188;0;33;0;0;0;1;1;A01
201000029189;0;7;0;0;0;0;1;B01
201000029189;0;2;0;1;2;1;16;A01
201000029190;0;7;0;0;2;3;1;A01
201000029190;0;7;0;0;0;6;0;B01
201000029191;1;10;0;0;0;0;0;Z01
201000029192;0;7;0;0;2;1;2;B01
201000029192;0;7;0;0;0;4;1;A01
201000029193;0;7;0;0;0;4;1;B01
201000029193;0;7;0;0;1;1;2;A01
201000029194;0;33;0;0;2;9;0;B01
201000029194;0;7;0;0;2;4;1;C01
201000029194;0;7;0;0;2;1;1;A01
201000029195;0;7;0;0;2;3;15;A01
201000029195;0;33;0;0;2;2;1;B01
201000029196;1;7;0;0;2;1;16;Z01
201000029196;0;1;0;0;0;1;1;B01
201000029197;0;7;0;0;2;7;16;B01
201000029197;0;2;0;0;2;1;1;A01
201000029198;0;7;0;0;2;3;15;A01
201000029198;0;1;0;0;0;0;1;B01
201000029199;0;7;0;0;2;1;16;A01
201000029199;0;1;0;0;0;2;1;B01
201000029200;0;7;0;0;2;2;15;A01
201000029201;0;7;0;0;1;6;4;A01
201000029202;0;40;0;0;2;1;1;B01
201000029202;0;1;0;0;0;3;19;A01
201000029203;0;7;0;0;2;1;1;A01
201000029203;0;7;0;0;2;4;1;B01
201000029204;0;33;0;0;2;2;1;B01
201000029204;0;7;0;0;2;8;10;A01
201000029205;0;7;0;0;2;3;9;A01
201000029205;0;31;0;0;0;1;1;B01
201000029206;0;10;0;0;0;1;1;B01
201000029206;0;7;0;0;2;1;13;A01
201000029207;0;7;0;6;0;1;1;A01
201000029208;0;7;0;1;2;1;15;A01
201000029208;0;32;0;0;2;1;1;B01
201000029209;0;7;0;11;0;1;1;A01
201000029210;0;7;0;0;2;4;2;B01
201000029210;0;7;0;0;2;1;2;A01
201000029210;0;7;0;0;0;4;2;C01
201000029211;0;7;0;1;2;1;15;A01
201000029211;0;7;0;1;0;7;1;B01
201000029212;0;1;0;0;2;8;0;B01
201000029212;0;7;0;0;2;8;1;A01
201000029213;0;99;0;1;0;1;1;A01
201000029214;0;2;0;0;2;1;5;A01
201000029214;0;7;0;0;0;2;1;B01
201000029215;0;7;0;0;2;1;2;A01
201000029215;0;7;0;0;0;4;1;B01
201000029216;0;7;0;0;2;8;10;A01
201000029216;0;31;0;0;2;1;1;B01
201000029217;0;7;0;0;1;7;1;A01
201000029218;0;2;0;0;0;0;0;A01
201000029219;0;7;0;0;2;1;1;B01
201000029219;0;2;0;0;2;1;1;A01
201000029220;0;7;0;0;2;4;2;C01
201000029220;0;7;0;0;2;1;1;A01
201000029220;0;7;0;0;2;4;2;B01
201000029220;0;7;0;0;2;4;2;D01
201000029221;0;7;0;0;2;1;15;A01
201000029221;0;2;0;0;2;3;1;B01
201000029222;0;10;0;0;2;5;1;A01
201000029222;0;7;0;0;0;1;1;B01
201000029223;1;2;0;0;2;0;21;Z01
201000029223;0;2;0;0;2;8;0;B01
201000029224;0;7;0;0;2;8;1;B01
201000029224;0;16;0;0;2;1;1;A01
201000029225;0;7;0;0;2;4;1;A01
201000029225;0;30;0;0;0;8;1;B01
201000029226;0;30;0;0;2;1;1;B01
201000029226;0;7;0;0;0;3;15;A01
201000029227;0;7;0;0;2;5;1;A01
201000029227;0;33;0;0;2;3;0;B01
201000029228;0;1;0;0;1;1;1;A01
201000029229;0;33;0;0;2;2;1;B01
201000029229;0;7;0;0;0;3;9;A01
201000029230;0;7;0;0;1;1;1;A01
201000029231;0;32;0;0;2;2;0;A01
201000029231;0;7;0;0;2;8;0;B01
201000029232;0;33;0;0;0;2;1;A01
201000029233;0;2;0;0;2;1;9;A01
201000029233;0;7;0;0;2;4;9;B01
201000029234;0;7;0;0;2;0;15;A01
201000029234;0;2;0;0;0;3;1;B01
201000029235;0;7;0;0;1;1;1;A01
201000029236;0;7;0;0;2;1;1;A01
201000029237;0;30;0;0;0;1;7;B01
201000029237;0;7;0;0;2;2;15;A01
201000029238;0;10;0;0;1;8;1;A01
201000029239;0;30;0;0;2;3;1;B01
201000029239;0;7;0;0;0;6;16;A01
201000029240;0;1;0;0;2;1;1;B01
201000029240;0;10;0;0;2;5;15;A01
201000029241;0;7;0;0;2;8;9;A01
201000029241;0;31;0;0;2;1;1;B01
201000029242;0;7;0;0;2;4;11;A01
201000029242;0;33;0;0;2;8;1;B01
201000029243;1;10;0;0;1;0;1;Z01
201000029244;0;2;0;0;0;5;1;A01
201000029245;0;1;0;0;2;2;13;B01
201000029245;0;7;0;0;0;5;1;A01
201000029246;0;7;0;0;0;6;1;B01
201000029246;0;7;0;0;2;1;1;A01
201000029247;0;7;0;0;1;5;4;A01
201000029248;0;7;0;0;0;4;2;B01
201000029248;0;7;0;0;2;1;2;A01
201000029249;0;7;0;0;2;1;2;A01
201000029249;0;7;0;0;0;4;2;B01
201000029250;0;7;0;0;2;7;1;B01
201000029250;0;1;0;0;2;1;0;A01
201000029251;0;10;0;4;0;3;1;A01
201000029252;0;33;0;0;2;8;17;A01
201000029252;0;7;0;0;2;3;15;B01
201000029253;0;7;0;0;2;1;16;A01
201000029253;0;1;0;0;2;8;1;B01
201000029254;0;7;0;0;2;8;1;A01
201000029254;0;7;0;0;2;1;1;B01
201000029255;0;7;0;0;0;8;1;B01
201000029255;0;10;0;14;2;2;1;A01
201000029256;1;7;0;0;0;0;0;Z01
201000029256;0;31;0;0;2;8;2;A01
201000029257;0;30;0;0;2;1;1;B01
201000029257;0;7;0;0;2;5;16;A01
201000029258;0;7;0;0;1;1;15;A01