num_acc;senc;catv;occutc;obs;obsm;choc;manv;num_veh
201000029259;2;2;0;0;2;0;0;Z01
201000029259;0;2;0;0;2;0;0;A01
201000029260;0;2;0;0;0;7;0;A01
201000029261;0;33;0;0;2;2;1;B01
201000029261;0;7;0;0;2;1;15;A01
201000029262;0;7;0;0;2;5;1;A01
201000029262;0;1;0;0;2;1;15;B01
201000029263;0;7;0;1;0;1;0;A01
201000029264;0;7;0;0;1;1;16;A01
201000029265;0;10;0;0;0;7;1;C01
201000029265;0;7;0;0;2;2;1;A01
201000029265;0;7;0;0;0;5;1;B01
201000029266;0;7;0;8;0;1;1;A01
201000029267;0;7;0;0;2;1;15;A01
201000029268;0;10;0;0;2;1;1;C01
201000029268;0;7;0;0;2;1;1;B01
201000029268;0;7;0;0;2;4;1;A01
201000029269;0;31;0;0;1;0;1;A01
201000029270;0;10;0;0;2;3;15;B01
201000029270;0;7;0;8;2;1;13;A01
201000029271;0;7;0;0;0;3;23;B01
201000029271;0;2;0;0;2;1;1;A01
201000029272;0;7;0;0;2;1;15;A01
201000029272;0;33;0;0;2;8;1;B01
201000029273;0;7;0;0;2;4;1;B01
201000029273;0;7;0;0;2;1;2;A01
201000029274;0;7;0;0;2;1;1;A01
201000029274;0;7;0;0;0;6;1;B01
201000029275;0;7;0;0;2;3;9;A01
201000029275;0;7;0;0;2;1;1;B01
201000029276;0;7;0;0;2;3;9;A01
201000029276;0;33;0;0;2;1;1;B01
201000029277;0;33;0;0;2;1;17;A01
201000029277;0;7;0;0;2;6;15;B01
201000029278;0;10;0;0;2;1;17;A01
201000029278;0;7;0;0;0;4;12;B01
201000029279;0;7;0;0;2;6;1;B01
201000029279;0;2;0;0;2;1;1;A01
201000029280;0;1;0;0;2;1;1;B01
201000029280;0;10;0;0;2;1;15;A01
201000029281;0;7;0;6;0;2;1;B01
201000029281;0;7;0;1;2;1;1;A01
201000029282;0;31;0;0;0;0;1;B01
201000029282;0;7;0;0;2;3;1;A01
201000029283;0;33;0;1;0;7;7;B01
201000029283;0;7;0;0;2;1;15;A01
201000029284;0;7;0;0;2;5;4;B01
201000029284;0;7;0;0;2;2;1;A01
201000029285;0;40;0;0;2;1;1;A01
201000029285;0;1;0;0;4;8;19;B01
201000029286;0;7;0;0;2;1;18;A01
201000029287;0;7;0;0;2;8;24;A01
201000029287;0;1;0;1;0;1;1;B01
201000029288;0;2;0;0;2;1;1;A01
201000029288;0;7;0;0;2;2;15;B01
201000029289;0;40;0;0;1;0;1;B01
201000029290;0;30;0;0;2;1;1;B01
201000029290;0;7;0;0;0;3;1;A01
201000029291;0;30;0;0;0;1;15;A01
201000029291;0;7;0;0;0;7;1;B01
201000029292;0;2;0;0;0;0;0;A01
201000029293;0;2;0;0;2;1;1;A01
201000029293;0;7;0;0;2;4;2;B01
201000029294;0;7;0;0;2;2;2;A01
201000029294;0;7;0;0;2;6;2;B01
201000029294;0;7;0;0;0;4;1;C01
201000029295;0;10;0;0;2;1;1;C01
201000029295;0;7;0;0;2;4;1;B01
201000029295;0;7;0;0;2;1;1;A01
201000029295;0;7;0;0;2;4;1;D01
201000029296;0;7;0;8;2;3;15;A01
201000029296;0;40;0;0;0;7;1;B01
201000029297;0;1;0;0;2;1;1;B01
201000029297;0;7;0;0;2;8;1;A01
201000029298;0;7;0;0;1;0;1;A01
201000029299;0;7;0;9;0;1;0;A01
201000029300;0;7;0;6;2;9;0;B01
201000029300;0;10;0;6;2;1;16;A01
201000029301;0;33;0;0;2;1;1;B01
201000029301;0;10;0;0;0;2;15;A01
201000029302;0;31;0;0;2;1;1;B01
201000029302;0;7;0;0;2;1;1;A01
201000029303;0;7;0;6;0;2;1;A01
201000029304;0;7;0;0;2;2;0;A01
201000029304;0;7;0;0;2;1;1;B01
201000029305;0;7;0;0;2;1;17;A01
201000029305;0;7;0;0;2;7;1;B01
201000029306;0;2;0;0;2;7;1;B01
201000029306;1;7;0;0;2;0;15;Z01
201000029307;0;7;0;0;2;1;15;A01
201000029307;0;1;0;0;2;4;15;B01
201000029308;0;10;0;0;2;1;1;A01
201000029308;0;7;0;0;2;8;1;B01
201000029309;0;7;0;0;2;5;1;B01
201000029309;0;33;0;0;2;7;2;A01
201000029310;0;7;0;0;2;1;1;A01
201000029310;0;7;0;0;2;4;1;B01
201000029311;0;7;0;0;0;4;2;B01
201000029311;0;7;0;0;2;1;2;A01
201000029312;0;2;0;0;2;1;1;B01
201000029312;0;7;0;0;0;5;15;A01
201000029313;0;1;0;0;2;1;1;B01
201000029313;0;7;0;0;2;7;16;A01
201000029314;0;7;0;0;2;1;1;B01
201000029314;0;7;0;0;2;1;1;A01
201000029315;0;30;0;0;2;1;13;A01
201000029315;0;7;0;0;2;1;1;B01
201000029316;0;7;0;1;0;1;1;A01
201000029317;0;7;0;0;2;1;1;B01
201000029317;0;7;0;0;2;6;1;A01
201000029318;0;40;0;0;1;1;1;A01
201000029319;0;7;0;0;2;4;1;C01
201000029319;0;7;0;0;2;1;1;A01
201000029319;0;7;0;0;2;4;1;B01
201000029320;0;1;0;0;2;1;1;B01
201000029320;0;7;0;0;2;1;1;A01
201000029321;0;33;0;0;2;8;1;B01
201000029321;0;7;0;0;0;3;11;A01
201000029322;0;7;0;0;0;4;2;B01
201000029322;2;7;0;0;2;1;2;A01
201000029323;0;7;0;0;2;1;13;A01
201000029323;0;7;0;0;2;1;1;B01
201000029324;1;3;0;0;2;0;16;A01
201000029324;0;1;0;0;2;4;1;B01
201000029325;0;2;0;0;2;0;1;A01
201000029325;0;7;0;0;2;0;16;B01
201000029326;0;10;0;0;2;1;1;A01
201000029326;0;7;0;0;2;1;1;B01
201000029326;0;7;0;0;2;4;1;C01
201000029327;0;7;0;0;1;1;15;A01
201000029328;0;7;0;0;2;7;15;A01
201000029328;0;7;0;4;2;3;1;B01
201000029329;0;7;0;0;2;3;1;B01
201000029329;0;7;0;0;2;2;15;A01
201000029330;0;33;0;0;2;7;1;B01
201000029330;0;7;0;0;2;1;16;A01
201000029331;0;7;0;8;0;5;1;B01
201000029331;0;7;0;0;2;1;1;A01
201000029332;0;7;0;6;2;1;1;B01
201000029332;0;7;0;0;2;1;1;A01
201000029333;1;7;0;0;1;1;1;A01
201000029334;0;7;0;9;0;2;1;A01
201000029335;0;40;0;0;1;1;1;A01
201000029336;0;30;0;0;1;3;1;A01
201000029337;0;2;0;0;2;1;15;A01
201000029337;0;7;0;0;2;3;16;B01
201000029338;0;7;0;0;2;1;1;A01
201000029338;0;33;0;0;2;1;1;B01
201000029339;0;7;0;0;2;2;15;A01
201000029339;0;7;0;0;2;1;1;B01
201000029340;0;7;0;0;2;1;1;B01
201000029340;0;30;0;0;2;1;1;A01
201000029341;0;7;0;0;2;1;1;A01
201000029341;0;1;0;0;2;1;1;B01
201000029342;0;30;0;14;0;1;1;A01
201000029343;0;30;0;0;2;1;20;A01
201000029343;0;7;0;0;2;3;2;B01
201000029344;0;7;0;0;2;3;15;A01
201000029344;0;30;0;0;2;1;1;B01
201000029345;0;7;0;0;2;7;15;A01
201000029345;0;30;0;0;2;1;1;B01
201000029346;0;31;0;0;0;0;1;A01
201000029347;0;7;0;0;0;3;1;C01
201000029347;0;40;0;0;2;1;1;B01
201000029347;0;7;0;0;4;6;15;A01
201000029348;0;14;0;0;2;1;15;A01
201000029348;0;33;0;0;2;3;1;B01
201000029349;0;31;0;0;1;1;17;A01
201000029350;0;7;0;0;2;5;15;A01
201000029350;0;33;0;0;2;1;1;B01
201000029351;0;2;0;0;0;8;1;A01
201000029352;0;31;0;0;2;1;1;B01
201000029352;0;7;0;0;2;8;15;A01
201000029353;0;2;0;0;2;1;15;B01
201000029353;0;2;0;0;2;1;15;A01
201000029354;0;7;0;0;1;1;1;A01
201000029355;0;7;0;0;2;3;15;C01
201000029355;0;7;0;0;2;1;15;A01
201000029355;0;7;0;0;2;3;1;B01
201000029356;0;2;0;1;0;1;1;A01
201000029356;0;7;0;0;0;4;24;B01
201000029357;0;7;0;0;2;1;1;C01
201000029357;0;7;0;0;2;1;1;A01
201000029357;0;7;0;0;2;1;1;D01
201000029357;0;7;0;0;2;4;1;E01
201000029357;0;7;0;0;2;4;1;B01
201000029358;0;2;0;1;0;1;1;A01
201000029359;0;31;0;0;2;8;1;B01
201000029359;0;7;0;0;2;2;15;A01
201000029360;0;7;0;0;1;3;15;A01
201000029361;0;7;0;0;2;1;1;B01
201000029361;0;1;0;0;2;1;1;A01
201000029362;0;7;0;0;2;3;15;A01
201000029362;0;32;0;0;2;1;1;B01
201000029363;0;1;0;0;2;9;1;A01
201000029363;0;7;0;0;2;1;1;B01
201000029364;0;7;0;0;0;8;15;A01
201000029364;0;33;0;0;2;1;1;B01
201000029365;0;7;0;0;2;8;22;A01
201000029365;0;1;0;1;0;1;1;B01
201000029366;0;7;0;0;0;2;1;B01
201000029366;0;2;0;0;2;1;1;A01
201000029367;0;7;0;0;0;4;23;A01
201000029367;0;7;0;14;0;1;2;C01
201000029367;0;7;0;14;0;1;2;B01
201000029368;0;1;0;6;0;0;0;A01
201000029369;0;7;0;0;2;4;23;B01
201000029369;0;7;0;14;0;1;2;A01
201000029370;0;7;0;0;0;8;1;B01
201000029370;0;31;0;0;2;1;1;A01
201000029371;0;2;0;0;2;7;1;B01
201000029371;0;7;0;0;2;1;1;A01
201000029372;0;7;0;0;2;1;13;A01
201000029372;0;7;0;0;2;1;1;B01
201000029373;0;2;0;12;0;0;14;A01
201000029374;0;7;0;0;2;5;16;A01
201000029374;0;33;0;0;2;1;16;B01
201000029375;0;33;0;0;5;1;1;A01
201000029376;0;34;0;14;0;1;1;B01
201000029376;0;7;0;0;2;7;23;A01
201000029377;0;30;0;0;0;1;0;A01
201000029378;0;2;0;0;0;1;1;A01
201000029379;0;2;0;0;0;0;1;A01
201000029380;0;7;0;0;2;4;23;B01
201000029380;0;7;0;14;0;1;1;A01
201000029381;0;40;0;0;1;1;1;A01
201000029382;0;7;0;0;2;7;16;B01
201000029382;0;30;0;0;2;3;1;A01
201000029383;0;14;0;0;2;1;15;A01
201000029383;0;7;0;0;2;1;1;B01
201000029384;1;7;0;0;2;2;16;B01
201000029384;0;2;0;0;2;3;18;A01
201000029385;0;7;0;1;2;7;15;A01
201000029385;0;2;0;0;0;1;1;B01
201000029386;0;7;0;0;2;1;1;A01
201000029386;0;2;0;0;2;1;1;B01
201000029387;0;2;0;9;0;1;1;A01
201000029388;0;7;0;0;2;8;1;B01
201000029388;1;7;0;0;2;0;13;Z01
201000029389;0;30;0;0;0;0;1;A01
201000029390;0;7;0;0;2;1;1;A01
201000029390;0;7;0;0;2;4;1;B01
201000029391;1;7;0;0;1;0;0;Z01
201000029392;0;7;0;0;2;7;1;B01
201000029392;0;7;0;0;2;1;15;A01
201000029393;0;31;0;0;2;2;5;A01
201000029393;0;7;0;0;2;1;1;B01
201000029394;0;7;0;0;2;3;11;A01
201000029394;0;33;0;0;2;1;1;B01
201000029395;0;7;0;0;0;3;23;B01
201000029395;0;7;0;15;2;4;4;A01
201000029396;0;7;0;0;2;1;1;A01
201000029396;0;7;0;0;2;7;1;B01
201000029396;0;31;0;0;0;1;1;C01
201000029397;0;1;0;0;1;1;0;A01
201000029398;0;30;0;0;2;1;1;A01
201000029398;0;7;0;0;2;4;1;B01
201000029399;0;33;0;0;2;1;1;A01
201000029399;0;7;0;0;2;5;15;B01
201000029400;0;7;0;0;2;1;5;B01
201000029400;0;10;0;0;2;1;1;A01
201000029401;0;1;0;0;0;0;0;A01
201000029402;0;1;0;15;0;1;1;B01
201000029402;0;10;0;0;2;6;23;A01
201000029403;0;7;0;0;2;3;1;B01
201000029403;0;7;0;0;2;1;15;A01
201000029404;0;10;0;0;2;1;5;A01
201000029404;0;2;0;0;2;7;1;B01
201000029405;0;7;0;0;2;4;1;B01
201000029405;0;7;0;0;2;1;1;A01
201000029406;0;14;0;0;0;2;16;A01
201000029406;0;1;0;0;2;8;0;B01
201000029407;0;31;0;0;2;1;1;A01
201000029407;0;10;0;0;2;8;1;B01
201000029408;0;30;0;11;0;1;1;A01
201000029409;0;31;0;0;2;1;2;A01
201000029409;0;14;0;0;2;6;4;B01
201000029410;0;7;0;9;0;1;0;A01
201000029411;0;10;0;0;2;1;15;A01
201000029411;0;32;0;0;2;3;1;B01
201000029412;0;7;0;0;2;0;16;B01
201000029412;0;30;0;0;2;7;0;A01
201000029413;0;7;0;0;1;5;23;A01
201000029414;0;7;0;0;2;8;1;A01
201000029414;0;30;0;0;2;0;13;B01
201000029415;0;2;0;0;2;1;1;A01
201000029416;0;1;0;0;2;1;6;A01
201000029416;0;37;1;0;2;5;2;B01
201000029417;0;1;0;1;0;0;14;A01
201000029418;0;10;0;11;2;1;1;A01
201000029418;0;30;0;0;0;3;1;B01
201000029419;0;7;0;15;0;1;1;A01
201000029419;0;7;0;0;2;4;2;C01
201000029419;0;7;0;0;2;4;2;D01
201000029419;0;7;0;0;2;4;2;B01
201000029420;0;2;0;0;2;8;1;A01
201000029420;0;7;0;0;2;0;15;B01
201000029421;0;7;0;0;1;1;1;A01
201000029422;0;33;0;0;2;1;1;B01
201000029422;0;7;0;0;2;1;15;A01
201000029423;0;33;0;0;2;1;1;A01
201000029423;0;7;0;0;2;6;15;B01
201000029424;0;30;0;15;0;1;1;A01
201000029424;0;7;0;0;2;4;23;B01
201000029425;0;7;0;0;2;7;17;A01
201000029425;0;2;0;0;2;3;15;B01
201000029426;0;7;0;0;2;8;1;B01
201000029426;0;32;0;0;2;7;5;A01
201000029427;0;7;0;0;2;8;1;B01
201000029427;0;2;0;0;2;1;1;A01
201000029428;0;7;0;0;2;5;1;A01
201000029428;0;2;0;0;2;1;2;B01
201000029429;0;10;0;0;2;8;0;A01
201000029430;0;7;0;0;2;5;1;A01
201000029430;0;31;0;0;2;3;1;B01
201000029431;0;7;0;0;0;2;23;B01
201000029431;0;7;0;0;2;1;5;A01
201000029432;0;32;0;0;2;1;1;A01
201000029432;0;7;0;0;2;4;1;B01
201000029433;0;7;0;0;2;8;1;A01
201000029433;0;2;0;0;2;7;2;B01
201000029434;0;2;0;12;0;2;21;A01
201000029435;0;7;0;1;0;1;21;B01
201000029435;0;2;0;0;2;1;13;A01
201000029436;0;7;0;0;2;1;3;A01
201000029437;0;7;0;0;2;7;1;A01
201000029437;0;2;0;0;2;3;13;B01
201000029438;0;10;0;0;2;1;1;A01
201000029438;0;7;0;0;2;4;2;B01
201000029439;0;7;0;0;2;7;1;A01
201000029439;0;31;0;0;2;1;1;B01
201000029440;0;33;0;15;0;1;2;A01
201000029440;0;7;0;0;2;4;23;B01
201000029441;0;10;0;0;2;1;2;A01
201000029441;0;7;0;0;2;4;2;E01
201000029441;0;7;0;0;2;9;2;D01
201000029441;0;7;0;0;2;9;2;B01
201000029441;0;7;0;0;2;9;2;C01
201000029442;0;1;0;0;0;0;1;B01
201000029442;0;10;0;0;2;1;1;A01
201000029443;0;40;0;0;2;1;1;B01
201000029443;0;7;0;0;2;8;1;A01
201000029444;0;31;0;0;2;8;1;A01
201000029444;0;7;0;0;2;3;15;B01
201000029445;0;32;0;0;2;1;1;A01
201000029445;0;7;0;0;2;2;1;B01
201000029446;0;10;0;0;2;1;0;B01
201000029446;0;2;0;0;2;1;15;A01
201000029447;0;1;0;0;4;1;1;A01
201000029447;0;40;0;0;2;2;1;B01
201000029448;0;7;0;0;0;3;1;B01
201000029448;0;2;0;0;2;1;1;A01
201000029449;0;7;0;1;0;1;1;A01
201000029450;0;7;0;0;2;2;15;B01
201000029450;0;33;0;0;2;1;1;A01
201000029451;0;7;0;0;1;1;15;A01
201000029451;0;31;0;0;0;2;1;B01
201000029452;0;30;0;0;2;3;11;A01
201000029452;0;37;10;0;0;0;9;C01
201000029452;0;7;0;0;0;5;1;B01
201000029453;0;7;0;1;0;1;0;A01
201000029453;0;7;0;0;0;4;24;B01
201000029454;0;30;0;0;0;3;0;A01
201000029455;0;2;0;0;2;1;0;B01
201000029455;0;10;0;0;2;4;4;A01
201000029456;0;2;0;0;2;1;1;B01
201000029456;0;7;0;0;0;2;15;A01
201000029457;0;7;0;0;0;0;0;B01
201000029457;1;7;0;0;2;1;1;Z01
201000029458;0;33;0;0;2;1;17;B01
201000029458;0;7;0;0;2;3;15;A01
201000029459;0;7;0;0;2;3;15;A01
201000029459;0;30;0;0;0;6;1;B01
201000029460;0;10;0;0;2;3;15;A01
201000029460;0;7;0;0;0;8;1;B01
201000029461;0;7;0;0;2;6;1;A01
201000029461;0;2;0;0;2;1;1;B01
201000029462;0;33;0;0;2;1;1;B01
201000029462;0;7;0;0;0;7;1;A01
201000029463;0;31;0;0;2;7;1;A01
201000029463;0;7;0;0;2;2;16;B01
201000029464;0;30;0;0;2;1;0;A01
201000029464;0;7;0;0;0;3;1;B01
201000029465;0;7;0;0;0;2;15;A01
201000029465;0;7;0;0;2;1;1;B01
201000029466;0;7;0;0;0;2;15;A01
201000029466;0;7;0;0;2;1;1;B01
201000029467;0;7;0;0;1;7;1;A01
201000029467;0;7;0;0;2;1;1;B01
201000029468;0;7;0;0;0;4;16;B01
201000029468;0;10;0;0;2;1;1;A01
201000029469;0;7;0;0;0;4;2;B01
201000029469;0;7;0;0;2;1;2;A01
201000029470;0;7;0;0;0;0;9;B01
201000029470;0;7;0;1;2;3;1;A01
201000029471;0;33;0;0;2;1;1;B01
201000029471;0;7;0;0;2;2;15;A01
201000029472;0;10;0;1;0;3;15;A01
201000029473;0;30;0;0;2;7;13;A01
201000029473;0;7;0;0;2;3;15;B01
201000029474;0;30;0;0;2;8;1;A01
201000029474;0;7;0;0;0;7;16;B01
201000029475;0;7;0;0;2;4;23;C01
201000029475;0;7;0;0;2;1;1;A01
201000029475;0;7;0;0;2;4;23;B01
201000029476;0;33;0;0;0;8;1;A01
201000029477;0;32;0;0;0;7;1;B01
201000029477;1;7;0;0;2;1;15;Z01
201000029478;0;7;0;8;2;1;1;B01
201000029478;0;7;0;0;2;1;1;A01
201000029479;0;7;0;0;1;1;1;A01
201000029480;0;2;0;0;2;1;1;A01
201000029481;0;31;0;0;2;1;2;A01
201000029481;0;7;0;0;0;4;23;B01
201000029482;0;7;0;9;0;1;21;A01
201000029483;0;30;0;0;0;6;23;B01
201000029483;0;33;0;0;2;1;1;A01
201000029484;0;33;0;6;2;2;17;A01
201000029484;0;7;0;0;2;3;20;B01
201000029485;0;7;0;0;1;1;15;A01
201000029486;0;10;0;0;2;1;1;B01
201000029486;0;2;0;0;0;7;1;A01
201000029487;0;30;0;0;0;1;16;A01
201000029488;0;7;0;9;0;1;1;A01
201000029489;0;7;0;0;1;1;1;A01
201000029490;0;33;0;0;0;7;1;A01
201000029491;0;30;0;0;2;4;23;B01
201000029491;0;7;0;0;2;1;2;A01
201000029492;0;7;0;0;0;4;1;B01
201000029492;0;7;0;0;2;1;2;A01
201000029493;0;30;0;0;0;8;1;A01
201000029494;0;2;0;0;2;1;1;A01
201000029495;0;30;0;0;2;4;1;B01
201000029495;0;2;0;0;2;0;2;A01
201000029496;0;30;0;1;0;1;14;A01
201000029497;0;7;0;0;2;1;15;A01
201000029497;0;32;0;0;2;8;1;B01
201000029498;0;1;0;0;2;1;1;A01
201000029498;0;33;0;0;2;1;1;B01
201000029499;0;34;0;0;2;1;10;B01
201000029499;0;7;0;0;2;2;15;A01
201000029500;0;7;0;0;2;2;15;A01
201000029500;0;31;0;0;2;2;1;B01
201000029501;0;1;0;0;1;1;1;A01
201000029502;0;7;0;0;0;4;23;B01
201000029502;0;7;0;0;2;1;2;A01
201000029503;0;7;0;0;2;2;16;A01
201000029503;0;1;0;0;2;1;1;B01
201000029504;0;7;0;0;0;3;17;B01
201000029504;0;30;0;0;2;1;15;A01
201000029505;0;7;0;0;1;1;1;A01
201000029506;0;7;0;0;2;2;1;A01
201000029506;0;32;0;0;0;8;1;B01
201000029507;0;7;0;0;2;1;15;A01
201000029507;0;31;0;0;2;1;1;B01
201000029508;0;7;0;0;1;2;15;A01
201000029509;0;10;0;0;2;1;2;A01
201000029509;0;7;0;0;0;4;23;B01
201000029510;0;2;0;0;2;1;1;B01
201000029510;0;7;0;0;0;2;19;A01
201000029511;0;7;0;0;1;2;1;A01
201000029512;0;2;0;0;0;1;1;A01
201000029513;0;7;0;0;1;2;1;A01
201000029514;0;33;0;14;0;3;1;A01
201000029515;0;33;0;0;2;1;15;A01
201000029515;0;7;0;0;0;8;1;B01
201000029516;0;33;0;14;0;8;21;A01
201000029517;0;7;0;0;0;0;15;B01
201000029517;0;30;0;0;2;1;1;A01
201000029518;0;7;0;0;2;1;15;A01
201000029518;0;2;0;0;2;1;1;B01
201000029519;0;7;0;0;2;0;15;A01
201000029519;0;1;0;0;2;0;1;B01
201000029520;0;7;0;0;1;7;1;A01
201000029521;0;7;0;0;1;5;17;A01
201000029522;0;31;0;0;2;2;2;A01
201000029522;0;7;0;0;0;4;23;B01
201000029523;0;7;0;0;0;8;10;A01
201000029523;0;2;0;0;2;1;17;B01
201000029524;0;7;0;0;0;8;1;A01
201000029524;0;32;0;0;2;7;17;B01
201000029525;0;7;0;0;0;0;1;B01
201000029525;0;7;0;6;0;1;21;A01
201000029526;0;40;0;0;2;1;1;B01
201000029526;0;1;0;0;4;8;6;A01
201000029527;0;7;0;0;2;8;15;A01
201000029527;0;33;0;0;2;1;17;B01
201000029528;0;2;0;0;0;8;0;A01
201000029528;0;7;0;0;2;2;1;B01
201000029529;0;7;0;0;1;2;1;A01
201000029530;0;7;0;0;0;4;1;B01
201000029530;0;30;0;0;2;1;2;A01
201000029531;0;7;0;0;0;4;23;C01
201000029531;0;7;0;0;2;4;2;B01
201000029531;0;7;0;0;2;1;2;A01
201000029532;0;7;0;0;0;6;15;B01
201000029532;0;7;0;0;2;1;17;A01
201000029533;0;30;0;0;0;8;1;B01
201000029533;0;7;0;0;2;1;19;A01
201000029534;0;7;0;0;2;8;1;B01
201000029534;0;30;0;0;2;1;9;A01
201000029535;0;2;0;0;2;2;17;A01
201000029535;0;7;0;0;0;6;15;B01
201000029536;0;7;0;0;2;7;1;A01
201000029536;0;1;0;0;0;4;1;B01
201000029537;0;7;0;0;1;1;15;A01
201000029538;0;30;0;0;2;7;17;B01
201000029538;0;7;0;0;2;8;15;A01
201000029539;0;1;0;0;0;0;1;B01
201000029539;0;7;0;0;2;2;15;A01
201000029540;0;7;0;0;2;4;23;C01
201000029540;0;7;0;0;2;4;23;B01
201000029540;0;7;0;0;2;1;2;A01
201000029541;0;7;0;0;2;2;1;A01
201000029541;0;1;0;0;0;4;13;B01
201000029542;0;7;0;0;2;3;15;A01
201000029542;0;1;0;0;2;1;1;B01
201000029543;0;7;0;16;2;1;2;A01
201000029543;0;7;0;0;0;4;23;C01
201000029543;0;7;0;0;2;4;23;B01
201000029544;0;7;0;0;0;2;15;A01
201000029544;0;32;0;0;2;1;1;B01
201000029545;0;2;0;0;2;1;1;A01
201000029545;0;1;0;0;0;0;1;B01
201000029546;0;2;0;14;0;1;0;A01
201000029547;0;7;0;0;0;8;1;A01
201000029548;0;7;0;0;2;3;17;A01
201000029548;0;30;0;0;2;1;1;B01
201000029549;0;2;0;0;0;2;1;B01
201000029549;0;7;0;0;2;1;1;A01
201000029550;0;14;0;0;1;0;15;A01
201000029551;0;30;0;0;2;1;15;A01
201000029551;0;7;0;0;0;1;1;B01
201000029552;0;7;0;0;0;4;23;B01
201000029552;0;7;0;0;2;2;2;A01
201000029553;0;1;0;0;2;1;19;A01
201000029553;0;10;0;0;2;3;1;B01
201000029554;0;7;0;0;2;8;1;A01
201000029554;0;7;0;0;0;6;1;B01
201000029555;0;33;0;0;2;1;21;B01
201000029555;0;7;0;0;0;0;9;A01
201000029556;0;7;0;0;2;1;1;C01
201000029556;0;7;0;0;0;1;23;D01
201000029556;0;7;0;0;0;2;1;A01
201000029556;0;34;0;0;0;3;23;B01
201000029557;0;7;0;0;1;4;4;A01
201000029558;0;7;0;0;0;2;15;B01
201000029558;0;31;0;0;2;1;17;A01
201000029559;0;33;0;0;2;1;17;A01
201000029559;0;7;0;0;0;8;10;B01
201000029560;0;7;0;0;0;4;23;C01
201000029560;0;7;0;0;2;1;2;A01
201000029560;0;7;0;0;2;4;23;B01
201000029561;0;7;0;0;2;1;1;A01
201000029562;0;7;0;0;2;1;15;B01
201000029562;0;31;0;0;2;1;1;A01
201000029563;0;33;0;0;2;7;12;A01
201000029563;0;7;0;0;0;8;1;B01
201000029564;0;7;0;0;2;1;1;A01
201000029564;0;2;0;0;2;1;1;B01
201000029565;0;7;0;0;2;1;15;A01
201000029565;0;33;0;0;2;1;1;B01
201000029566;0;7;0;0;2;7;10;A01
201000029566;0;1;0;0;2;2;1;B01
201000029567;0;33;0;0;2;0;1;B01
201000029567;0;7;0;0;2;2;1;A01
201000029568;0;30;0;0;2;1;17;A01
201000029568;0;7;0;0;0;3;15;B01
201000029569;0;7;0;0;2;3;1;B01
201000029569;0;7;0;0;2;1;13;A01
201000029570;0;10;0;0;2;1;1;A01
201000029570;0;7;0;0;0;4;2;B01
201000029571;0;1;0;0;2;1;13;B01
201000029571;0;7;0;0;2;1;17;A01
201000029572;0;7;0;0;2;1;19;A01
201000029572;0;30;0;0;0;7;1;B01
201000029573;0;2;0;12;0;1;14;A01
201000029574;0;7;0;0;2;2;15;A01
201000029574;0;32;0;0;2;3;5;B01
201000029575;0;10;0;0;2;5;4;A01
201000029575;0;1;0;0;2;1;1;B01
201000029576;0;7;0;0;1;1;1;A01
201000029577;0;30;0;1;0;2;1;A01
201000029578;0;7;0;0;2;1;1;A01
201000029579;0;31;0;0;0;0;0;A01
201000029580;0;7;0;0;2;1;15;A01
201000029580;0;7;0;0;2;6;15;B01
201000029581;0;7;0;0;0;2;15;A01
201000029581;0;2;0;0;2;1;1;B01
201000029582;0;7;0;0;2;6;15;B01
201000029582;0;7;0;0;0;0;0;A01
201000029583;0;2;0;0;2;1;1;B01
201000029583;0;7;0;0;2;1;1;A01
201000029584;0;37;0;0;2;3;1;B01
201000029584;0;7;0;0;2;5;17;A01
201000029585;0;7;0;0;2;3;9;B01
201000029585;0;2;0;0;0;7;16;A01
201000029586;0;33;0;0;2;1;1;B01
201000029586;0;7;0;0;2;3;20;A01
201000029587;0;7;0;8;0;8;13;A01
201000029588;0;7;0;0;2;1;15;A01
201000029588;0;2;0;0;0;8;1;B01
201000029589;0;7;0;0;1;2;1;A01
201000029590;0;7;0;0;2;8;11;A01
201000029590;0;33;0;0;2;7;1;B01
201000029591;0;7;0;0;0;8;10;A01
201000029591;0;1;0;0;2;1;1;B01
201000029592;0;7;0;0;2;8;15;B01
201000029592;0;2;0;0;0;2;17;A01
201000029593;0;7;0;0;2;1;1;A01
201000029593;0;10;0;0;2;3;1;B01
201000029593;0;7;0;0;0;8;1;C01
201000029594;0;7;0;0;0;3;16;A01
201000029594;0;1;0;0;2;1;1;B01
201000029595;0;2;0;1;0;1;14;A01
201000029596;0;7;0;3;2;2;0;A01
201000029596;0;7;0;0;2;2;1;B01
201000029597;0;7;0;0;2;1;1;B01
201000029597;0;7;0;0;2;1;1;A01
201000029598;0;30;0;0;0;3;1;B01
201000029598;0;7;0;0;2;1;15;A01
201000029599;0;7;0;0;0;8;15;A01
201000029599;0;2;0;0;2;2;17;B01
201000029600;0;7;0;0;2;1;1;A01
201000029601;0;7;0;0;2;5;15;A01
201000029601;0;7;0;8;2;1;1;B01
201000029602;0;30;0;0;2;1;18;A01
201000029602;0;10;0;0;0;7;20;B01
201000029603;0;10;0;0;0;7;15;B01
201000029603;0;31;0;0;2;1;1;A01
201000029604;0;7;0;0;2;2;15;A01
201000029604;0;30;0;0;2;1;1;B01
201000029605;0;7;0;0;2;3;1;B01