num_acc;senc;catv;occutc;obs;obsm;choc;manv;num_veh
201000029605;0;7;0;0;2;2;1;A01
201000029606;0;1;0;0;0;2;19;B01
201000029606;0;7;0;0;2;2;16;A01
201000029607;0;1;0;0;0;0;19;A01
201000029607;0;7;0;0;2;4;20;B01
201000029608;1;7;0;0;1;0;0;Z01
201000029609;0;7;0;0;2;3;21;A01
201000029609;0;33;0;0;2;7;23;B01
201000029610;0;30;0;0;0;7;1;A01
201000029610;0;7;0;0;2;1;1;B01
201000029611;0;7;0;0;2;1;1;B01
201000029611;0;7;0;0;0;3;10;A01
201000029612;0;7;0;0;2;3;1;B01
201000029612;0;7;0;0;2;1;1;A01
201000029613;0;7;0;0;0;3;1;A01
201000029613;0;1;0;0;2;1;1;B01
201000029614;0;2;0;0;2;2;17;A01
201000029614;0;7;0;0;0;5;9;B01
201000029615;0;1;0;0;2;3;1;B01
201000029615;0;10;0;0;2;2;15;A01
201000029616;0;7;0;6;2;1;1;B01
201000029616;0;7;0;0;0;2;15;A01
201000029617;0;7;0;0;2;7;14;A01
201000029617;0;2;0;0;2;1;1;B01
201000029618;0;7;0;0;2;1;1;B01
201000029618;0;7;0;0;2;1;13;A01
201000029619;0;7;0;0;0;3;5;A01
201000029619;0;7;0;0;2;1;1;B01
201000029620;0;7;0;0;0;5;1;A01
201000029620;0;7;0;0;2;3;10;B01
201000029621;0;15;0;0;0;3;1;A01
201000029621;0;39;0;0;0;0;0;B01
201000029622;0;7;0;0;1;1;1;A01
201000029623;0;7;0;0;2;1;1;B01
201000029623;0;7;0;8;0;8;1;A01
201000029624;0;1;0;0;2;1;19;A01
201000029624;0;2;0;0;2;1;1;B01
201000029625;0;2;0;0;2;1;1;A01
201000029625;0;7;0;0;0;8;1;B01
201000029626;0;30;0;1;2;1;17;A01
201000029626;0;10;0;0;2;1;15;B01
201000029627;0;7;0;0;2;1;2;A01
201000029627;0;7;0;0;2;4;23;B01
201000029627;0;10;0;0;0;4;23;D01
201000029627;0;7;0;0;2;4;23;C01
201000029628;0;40;0;0;2;2;1;B01
201000029628;0;1;0;0;4;2;19;A01
201000029629;0;7;0;0;2;3;15;A01
201000029629;0;33;0;0;0;8;1;B01
201000029630;0;17;0;0;2;3;15;B01
201000029630;0;7;0;0;0;5;0;A01
201000029631;0;7;0;0;2;1;1;B01
201000029631;0;7;0;8;2;7;15;A01
201000029632;0;30;0;0;2;3;1;B01
201000029632;0;7;0;0;2;2;1;A01
201000029633;0;31;0;0;2;1;1;B01
201000029633;0;7;0;0;2;1;15;A01
201000029634;0;7;0;0;0;8;9;A01
201000029634;0;2;0;0;2;1;1;B01
201000029635;1;7;0;0;2;0;0;Z01
201000029635;0;1;0;0;2;9;1;A01
201000029636;0;7;0;0;2;1;2;A01
201000029636;0;7;0;0;0;4;1;B01
201000029637;0;7;0;0;2;1;2;A01
201000029637;0;7;0;0;0;4;23;B01
201000029638;0;7;0;0;2;1;2;A01
201000029638;0;7;0;0;0;6;10;B01
201000029639;0;7;0;0;1;1;1;A01
201000029640;0;7;0;0;2;1;4;A01
201000029641;0;10;0;0;0;8;1;B01
201000029641;0;30;0;0;2;1;1;A01
201000029642;0;7;0;0;0;8;15;A01
201000029642;0;7;0;0;2;1;1;B01
201000029643;0;7;0;0;1;2;21;A01
201000029644;0;7;0;0;1;1;7;A01
201000029645;0;7;0;0;2;2;23;A01
201000029645;0;1;0;0;2;1;1;B01
201000029646;0;2;0;0;2;1;1;A01
201000029646;0;7;0;0;2;4;15;B01
201000029647;0;33;0;0;2;3;1;B01
201000029647;0;7;0;0;2;4;9;A01
201000029648;0;7;0;0;1;3;1;A01
201000029649;0;40;0;0;1;2;1;A01
201000029650;0;7;0;0;0;2;10;A01
201000029650;0;33;0;0;2;1;1;B01
201000029651;0;7;0;0;2;2;15;A01
201000029651;0;2;0;0;2;1;1;B01
201000029652;0;7;0;0;1;1;1;A01
201000029653;0;7;0;0;0;5;15;A01
201000029653;0;30;0;0;2;1;1;B01
201000029654;0;33;0;12;0;1;1;A01
201000029655;0;40;0;0;1;0;1;A01
201000029656;0;7;0;0;1;1;1;A01
201000029657;0;7;0;0;2;2;1;A01
201000029657;0;30;0;0;2;1;1;B01
201000029658;0;7;0;0;2;1;1;A01
201000029659;0;7;0;0;0;4;23;C01
201000029659;0;7;0;0;2;1;2;A01
201000029659;0;7;0;0;2;4;23;B01
201000029660;0;7;0;0;2;1;1;B01
201000029660;0;7;0;0;2;1;1;A01
201000029661;0;7;0;0;4;3;1;A01
201000029661;0;40;0;0;2;2;1;B01
201000029662;0;7;0;0;2;1;15;A01
201000029662;0;2;0;0;2;1;1;B01
201000029663;0;7;0;0;0;3;1;B01
201000029663;0;7;0;0;2;1;19;A01
201000029664;0;7;0;0;2;1;1;B01
201000029664;0;2;0;0;2;0;1;A01
201000029665;0;7;0;0;2;1;15;A01
201000029665;0;2;0;0;2;1;1;B01
201000029666;0;7;0;0;0;3;15;A01
201000029666;0;33;0;0;2;8;1;B01
201000029667;0;7;0;0;2;7;16;A01
201000029667;0;30;0;0;2;1;7;B01
201000029668;0;7;0;0;2;7;1;B01
201000029668;0;1;0;0;2;8;15;A01
201000029669;0;7;0;0;2;1;15;B01
201000029669;0;1;0;0;2;1;1;A01
201000029670;0;7;0;0;2;1;15;A01
201000029670;0;7;0;0;0;6;1;C01
201000029670;0;10;0;0;2;1;1;B01
201000029671;0;7;0;0;0;4;23;B01
201000029671;0;30;0;0;2;1;2;A01
201000029672;0;33;0;0;1;1;1;A01
201000029673;0;7;0;0;1;1;1;A01
201000029674;0;31;0;0;4;8;11;A01
201000029674;0;40;0;0;9;7;1;B01
201000029675;0;7;0;0;2;1;14;B01
201000029675;0;31;0;0;2;8;1;A01
201000029676;0;7;0;3;0;1;0;A01
201000029677;0;2;0;0;0;7;1;B01
201000029677;1;7;0;0;0;2;10;Z01
201000029678;1;7;0;0;2;0;0;Z01
201000029678;0;7;0;0;2;4;1;B01
201000029679;0;7;0;0;2;2;22;A01
201000029679;0;1;0;0;2;1;1;B01
201000029680;0;14;0;0;2;0;14;A01
201000029680;0;1;0;0;2;0;1;B01
201000029681;0;7;0;0;0;5;1;A01
201000029682;0;2;0;0;2;2;1;B01
201000029682;0;7;0;0;0;3;10;A01
201000029683;0;2;0;0;2;1;21;A01
201000029684;0;33;0;0;2;1;2;A01
201000029684;0;7;0;0;2;5;23;B01
201000029685;0;2;0;0;2;1;1;A01
201000029685;0;7;0;0;0;3;15;B01
201000029686;0;7;0;0;1;1;1;A01
201000029687;0;7;0;0;0;0;1;B01
201000029687;0;7;0;0;0;0;10;A01
201000029688;0;40;0;0;0;7;1;B01
201000029688;0;7;0;0;2;1;15;A01
201000029689;2;2;0;0;2;1;8;B01
201000029689;0;7;0;0;2;1;15;A01
201000029690;0;2;0;0;0;3;1;A01
201000029690;0;7;0;1;0;2;16;B01
201000029691;0;10;0;0;1;1;15;A01
201000029692;0;7;0;0;0;5;19;A01
201000029692;0;2;0;0;2;3;1;B01
201000029693;0;7;0;0;0;3;15;A01
201000029693;0;1;0;0;2;1;17;B01
201000029694;0;33;0;0;2;1;1;A01
201000029695;0;33;0;7;0;8;1;A01
201000029696;0;7;0;0;0;5;15;A01
201000029696;0;30;0;0;2;1;1;B01
201000029697;0;7;0;0;1;1;15;A01
201000029698;0;7;0;3;0;1;1;A01
201000029699;0;1;0;1;0;1;1;A01
201000029700;0;2;0;0;2;3;1;B01
201000029700;0;7;0;0;2;3;9;A01
201000029701;0;7;0;0;2;0;0;B01
201000029701;0;2;0;12;0;5;21;A01
201000029702;0;7;0;15;0;1;1;A01
201000029703;0;1;0;0;2;8;1;A01
201000029703;0;7;0;0;2;7;17;B01
201000029704;0;34;0;0;2;1;1;B01
201000029704;0;7;0;0;0;2;15;A01
201000029705;0;7;0;0;0;4;1;B01
201000029705;0;7;0;0;2;1;2;A01
201000029706;0;7;0;0;2;1;1;B01
201000029706;1;7;0;0;2;1;11;A01
201000029707;0;30;0;0;0;8;0;A01
201000029708;0;7;0;0;2;4;2;B01
201000029708;0;7;0;0;2;1;2;C01
201000029708;0;7;0;0;0;4;1;A01
201000029709;0;7;0;0;2;1;2;A01
201000029709;0;7;0;0;0;4;1;B01
201000029710;0;2;0;0;2;1;1;B01
201000029710;0;7;0;0;0;7;15;A01
201000029711;0;7;0;0;2;1;15;A01
201000029711;0;33;0;0;0;0;17;B01
201000029712;0;7;0;0;0;8;13;A01
201000029713;0;32;0;0;2;1;1;B01
201000029713;0;7;0;0;2;2;15;A01
201000029714;0;7;0;0;2;1;1;B01
201000029714;0;2;0;0;2;1;13;A01
201000029715;0;7;0;0;1;2;15;A01
201000029716;0;7;0;0;2;1;2;A01
201000029716;0;7;0;0;0;4;23;B01
201000029717;0;7;0;0;1;1;1;A01
201000029718;0;31;0;0;2;1;1;B01
201000029718;0;7;0;0;2;3;10;A01
201000029719;0;30;0;0;2;1;2;A01
201000029719;0;10;0;0;0;4;1;B01
201000029720;0;7;0;0;1;1;1;A01
201000029721;0;30;0;0;2;1;1;B01
201000029721;0;7;0;0;0;3;10;A01
201000029722;0;1;0;0;1;1;1;A01
201000029723;0;7;0;15;0;3;12;A01
201000029724;0;7;0;0;2;1;1;A01
201000029724;0;37;1;0;0;8;1;B01
201000029725;0;7;0;0;0;4;2;B01
201000029725;0;33;0;0;2;1;2;A01
201000029726;0;33;0;0;2;1;13;A01
201000029726;0;7;0;0;2;1;1;B01
201000029727;0;2;0;0;2;1;1;A01
201000029727;0;7;0;0;0;3;23;B01
201000029728;1;7;0;0;1;0;2;A01
201000029729;0;7;0;0;2;1;1;A01
201000029729;0;7;0;0;2;3;1;B01
201000029730;0;7;0;0;1;1;15;A01
201000029731;0;7;0;0;2;1;1;A01
201000029731;0;30;0;0;2;9;1;B01
201000029732;0;7;0;0;0;5;1;B01
201000029732;0;7;0;0;2;2;15;A01
201000029733;0;1;0;0;2;9;1;B01
201000029733;1;7;0;0;2;0;0;A01
201000029734;0;7;0;0;2;1;2;A01
201000029734;0;7;0;0;0;4;2;B01
201000029735;0;17;0;8;0;1;14;A01
201000029736;0;7;0;0;0;3;15;B01
201000029736;0;33;0;0;2;1;17;A01
201000029737;0;7;0;0;2;1;15;A01
201000029737;0;1;0;0;2;2;1;B01
201000029738;0;7;0;0;2;3;1;B01
201000029738;0;7;0;0;2;8;13;A01
201000029739;0;7;0;0;2;1;13;A01
201000029739;0;7;0;0;2;1;1;B01
201000029740;0;7;0;0;0;3;1;B01
201000029740;0;7;0;0;2;1;15;A01
201000029741;0;7;0;0;1;0;15;A01
201000029742;0;31;0;0;2;1;3;A01
201000029742;0;7;0;0;2;1;15;B01
201000029743;0;7;0;0;2;7;15;A01
201000029743;0;30;0;0;2;1;1;B01
201000029744;0;7;0;0;2;1;1;A01
201000029744;0;7;0;0;2;4;1;B01
201000029745;0;1;0;0;2;8;19;A01
201000029745;0;7;0;0;2;1;1;B01
201000029746;0;10;0;0;2;1;1;A01
201000029746;0;33;0;0;2;1;1;B01
201000029747;0;7;0;0;2;7;1;A01
201000029747;0;10;0;0;2;9;1;B01
201000029748;0;7;0;0;2;4;1;A01
201000029749;0;32;0;0;2;1;1;A01
201000029749;0;7;0;0;0;3;23;B01
201000029750;0;7;0;0;2;1;1;B01
201000029750;0;7;0;0;2;2;15;A01
201000029751;0;7;0;0;2;1;15;A01
201000029751;0;2;0;0;2;1;1;B01
201000029752;0;7;0;0;1;1;1;A01
201000029753;0;7;0;0;0;4;23;C01
201000029753;0;7;0;8;2;1;1;A01
201000029753;0;7;0;0;2;4;23;B01
201000029754;0;7;0;0;1;2;1;A01
201000029755;0;30;0;0;2;1;1;A01
201000029755;0;7;0;0;2;4;1;B01
201000029756;0;1;0;0;1;0;1;A01
201000029757;0;40;0;0;1;1;1;A01
201000029758;0;7;0;0;2;1;1;A01
201000029758;0;2;0;0;2;2;1;B01
201000029759;0;7;0;0;0;7;15;A01
201000029759;0;7;0;0;2;1;1;B01
201000029760;0;7;0;0;2;4;1;B01
201000029760;0;7;0;0;2;1;1;A01
201000029761;0;30;0;0;2;1;1;A01
201000029761;0;7;0;0;2;5;15;B01
201000029762;0;7;0;0;2;4;1;A01
201000029762;0;30;0;0;2;1;1;B01
201000029763;0;7;0;0;2;1;13;A01
201000029764;0;7;0;0;0;8;10;A01
201000029764;0;33;0;0;2;3;1;B01
201000029765;0;2;0;0;0;6;0;A01
201000029765;0;7;0;0;2;3;1;B01
201000029766;0;7;0;0;2;1;1;B01
201000029766;0;33;0;0;2;8;1;A01
201000029767;0;30;0;0;2;1;15;A01
201000029767;0;7;0;0;2;1;1;B01
201000029768;0;30;0;0;2;0;1;A01
201000029768;0;7;0;0;2;3;1;B01
201000029769;0;7;0;0;2;3;2;A01
201000029769;0;7;0;0;0;4;2;B01
201000029770;0;7;0;0;2;3;1;B01
201000029770;0;7;0;0;2;5;13;A01
201000029771;0;2;0;0;2;1;1;B01
201000029771;0;17;0;0;2;1;15;A01
201000029772;0;7;0;0;2;4;4;A01
201000029772;0;7;0;6;0;6;1;B01
201000029773;0;37;1;0;1;0;1;A01
201000029774;0;7;0;0;2;1;16;A01
201000029774;0;7;0;0;2;1;1;B01
201000029775;0;30;0;0;2;1;1;A01
201000029775;0;7;0;0;2;6;1;B01
201000029776;0;7;0;8;0;1;14;A01
201000029777;0;33;0;0;2;7;1;B01
201000029777;0;7;0;0;1;1;1;A01
201000029778;0;7;0;0;2;1;1;B01
201000029778;0;37;1;0;0;2;1;A01
201000029779;0;2;0;0;2;3;1;B01
201000029779;0;7;0;0;2;1;16;A01
201000029780;0;7;0;0;2;2;16;A01
201000029780;0;30;0;0;2;3;1;B01
201000029781;0;7;0;0;2;1;2;A01
201000029781;0;7;0;0;0;4;2;B01
201000029782;0;7;0;0;0;3;1;B01
201000029782;0;7;0;2;2;1;12;A01
201000029783;0;7;0;0;1;1;15;A01
201000029784;0;2;0;0;2;8;1;B01
201000029784;0;7;0;0;2;2;15;A01
201000029785;0;10;0;0;0;7;1;B01
201000029785;0;30;0;0;2;2;1;A01
201000029786;0;7;0;0;2;2;1;A01
201000029786;0;2;0;0;2;9;1;B01
201000029787;0;7;0;0;1;2;15;A01
201000029788;0;7;0;0;2;8;1;A01
201000029788;0;7;0;0;2;1;1;B01
201000029789;0;1;0;0;2;1;19;B01
201000029789;0;10;0;0;2;2;15;A01
201000029790;0;30;0;0;1;8;1;A01
201000029791;0;10;0;4;0;2;0;A01
201000029792;0;2;0;1;0;1;1;B01
201000029793;0;7;0;0;2;1;2;A01
201000029793;0;7;0;0;0;4;2;B01
201000029794;0;7;0;0;2;1;2;A01
201000029794;0;7;0;0;0;2;2;B01
201000029795;0;7;0;1;2;3;17;A01
201000029795;0;7;0;0;0;3;1;B01
201000029796;0;14;0;0;2;1;1;B01
201000029796;0;7;0;0;2;8;16;A01
201000029797;1;7;0;0;1;0;0;Z01
201000029798;0;7;0;0;2;4;1;B01
201000029798;0;7;0;0;2;1;1;A01
201000029799;0;7;0;0;2;5;1;B01
201000029799;0;7;0;0;2;1;1;A01
201000029800;0;7;0;0;2;1;1;A01
201000029800;0;7;0;0;2;1;1;C01
201000029800;0;7;0;0;2;0;1;B01
201000029801;0;1;0;0;2;1;5;A01
201000029801;0;7;0;0;2;1;16;B01
201000029802;0;33;0;0;2;1;3;A01
201000029802;0;7;0;0;0;3;1;C01
201000029802;0;7;0;0;2;2;1;B01
201000029803;0;7;0;0;2;1;2;A01
201000029803;0;7;0;0;0;4;2;B01
201000029804;0;2;0;0;2;0;1;B01
201000029804;0;7;0;0;2;5;1;A01
201000029805;0;7;0;0;2;1;15;A01
201000029806;0;7;0;0;1;1;1;A01
201000029807;0;14;0;0;1;0;4;A01
201000029808;0;2;0;12;0;0;0;A01
201000029809;0;40;0;0;1;2;1;A01
201000029810;0;7;0;6;0;1;14;A01
201000029811;0;7;0;0;1;3;1;A01
201000029812;0;7;0;0;2;1;1;B01
201000029812;0;30;0;0;2;1;5;A01
201000029813;0;2;0;0;2;1;1;A01
201000029813;0;7;0;0;2;5;1;B01
201000029814;0;7;0;0;2;1;2;A01
201000029814;0;7;0;0;2;4;2;B01
201000029814;0;7;0;0;0;4;2;C01
201000029815;0;40;0;0;1;3;1;A01
201000029816;0;7;0;0;2;1;1;A01
201000029816;0;30;0;0;0;0;1;B01
201000029817;0;7;0;0;2;5;1;B01
201000029817;0;31;0;0;2;1;1;A01
201000029818;0;10;0;0;1;3;16;A01
201000029819;0;31;0;0;2;7;15;A01
201000029819;0;37;0;0;2;8;1;B01
201000029820;0;1;0;0;0;3;1;B01
201000029820;0;7;0;0;2;2;15;A01
201000029821;0;7;0;0;2;1;15;A01
201000029821;0;31;0;0;2;7;1;B01
201000029822;0;7;0;0;2;1;2;A01
201000029822;0;7;0;0;0;4;2;B01
201000029823;0;7;0;0;4;3;1;A01
201000029823;0;40;0;0;2;0;1;B01
201000029824;0;2;0;0;2;1;1;A01
201000029824;0;7;0;0;2;3;15;B01
201000029825;0;10;0;0;0;4;15;B01
201000029825;0;1;0;0;2;1;2;A01
201000029826;0;10;0;0;2;1;1;A01
201000029826;0;7;0;0;2;4;1;B01
201000029827;0;10;0;0;2;1;15;A01
201000029827;0;33;0;0;2;1;1;B01
201000029828;1;7;0;0;1;0;0;Z01
201000029829;0;37;0;0;1;2;16;A01
201000029830;0;40;0;0;1;1;1;A01
201000029831;0;7;0;0;2;4;23;C01
201000029831;0;7;0;0;2;1;2;A01
201000029831;0;32;0;0;2;4;23;B01
201000029832;0;7;0;0;1;1;1;A01
201000029833;0;7;0;0;2;1;13;A01
201000029833;0;33;0;0;2;1;1;B01
201000029834;0;10;0;0;2;3;1;A01
201000029834;0;7;0;0;2;1;1;B01
201000029835;0;7;0;0;1;1;1;A01
201000029836;0;7;0;0;2;1;1;A01
201000029836;0;7;0;1;0;5;1;B01
201000029837;0;40;0;0;1;0;1;A01
201000029838;0;31;0;0;2;1;0;A01
201000029838;0;1;0;0;2;5;0;B01
201000029839;0;7;0;0;2;8;15;B01
201000029839;0;2;0;0;2;1;1;A01
201000029840;0;30;0;0;2;4;1;A01
201000029840;1;7;0;0;2;0;0;Z01
201000029841;0;7;0;0;2;1;15;A01
201000029841;0;2;0;0;2;8;1;B01
201000029842;0;30;0;0;2;3;18;A01
201000029842;0;7;0;0;2;2;16;B01
201000029843;0;7;0;0;0;3;1;B01
201000029843;0;7;0;0;2;1;20;A01
201000029844;0;1;0;0;2;1;0;A01
201000029844;0;7;0;0;0;3;15;B01
201000029845;0;10;0;0;1;0;1;A01
201000029846;0;33;0;0;2;1;1;B01
201000029846;0;7;0;0;2;1;15;A01
201000029847;0;33;0;0;2;7;1;A01
201000029847;0;7;0;0;2;4;14;B01
201000029848;0;7;0;0;2;4;23;B01
201000029848;0;7;0;0;2;4;23;C01
201000029848;0;7;0;0;2;1;1;A01
201000029848;0;7;0;0;0;4;23;D01
201000029849;0;7;0;7;0;0;13;A01
201000029850;0;31;0;0;2;1;1;A01
201000029851;0;1;0;0;2;0;1;B01
201000029851;0;7;0;0;2;5;16;A01
201000029852;0;10;0;0;2;1;23;A01
201000029852;0;7;0;0;0;0;2;B01
201000029853;0;7;0;0;2;3;15;A01
201000029853;0;31;0;0;2;1;1;B01
201000029854;0;7;0;0;2;1;15;A01
201000029854;0;10;0;0;2;0;1;B01
201000029855;0;7;0;0;2;1;2;A01
201000029855;0;7;0;0;0;4;23;B01
201000029856;0;30;0;0;2;1;1;B01
201000029856;0;7;0;0;2;1;15;A01
201000029857;0;7;0;0;2;8;15;A01
201000029857;0;33;0;0;2;1;1;B01
201000029858;0;1;0;0;2;0;15;B01
201000029858;1;7;0;0;2;0;0;A01
201000029859;0;7;0;0;2;4;2;B01
201000029859;0;7;0;0;2;4;23;C01
201000029859;0;7;0;0;2;1;2;A01
201000029860;0;7;0;0;0;6;2;B01
201000029860;0;7;0;1;2;2;2;A01
201000029861;0;7;0;0;1;3;15;A01
201000029862;0;7;0;0;2;3;1;B01
201000029862;0;7;0;0;2;8;9;A01
201000029862;0;7;0;0;2;3;11;C01
201000029863;0;7;0;0;2;1;1;A01
201000029864;0;30;0;0;2;1;17;A01
201000029864;0;7;0;0;0;3;15;B01
201000029865;0;1;0;0;2;1;1;B01
201000029865;0;7;0;0;2;1;15;A01
201000029866;0;1;0;1;0;1;1;B01
201000029866;0;7;0;0;0;8;22;A01
201000029867;0;7;0;0;2;3;15;A01
201000029867;0;33;0;0;2;8;1;B01
201000029868;0;7;0;0;0;1;15;A01
201000029868;0;1;0;0;2;1;1;B01
201000029869;0;7;0;0;1;1;13;A01
201000029869;1;10;0;0;0;0;14;Z01
201000029870;0;7;0;0;2;1;2;A01
201000029870;0;7;0;0;0;4;23;B01
201000029871;0;1;0;0;2;0;1;B01
201000029871;0;7;0;0;2;2;16;A01
201000029872;0;7;0;0;2;1;1;A01
201000029872;0;7;0;1;0;4;15;B01
201000029873;0;7;0;15;0;1;0;A01
201000029874;0;7;0;0;2;5;1;B01
201000029874;0;31;0;0;2;1;15;A01
201000029875;0;7;0;0;2;3;1;B01
201000029875;0;10;0;0;2;1;1;A01
201000029876;0;7;0;0;2;1;16;A01
201000029876;0;7;0;0;2;8;1;B01
201000029877;0;7;0;0;0;3;23;B01
201000029877;0;2;0;0;2;1;2;A01
201000029878;0;7;0;0;2;2;15;A01
201000029878;0;2;0;0;2;1;1;B01
201000029879;0;2;0;0;2;1;1;A01
201000029879;0;30;0;0;2;7;1;B01
201000029880;0;10;0;0;2;1;15;A01
201000029880;0;33;0;0;2;0;1;B01
201000029881;0;7;0;0;1;1;1;A01
201000029882;0;37;0;0;2;5;1;A01
201000029883;0;30;0;0;2;1;1;B01
201000029883;0;7;0;0;2;1;15;A01
201000029884;1;7;0;0;1;0;0;A01
201000029885;0;7;0;0;2;1;1;A01
201000029886;0;7;0;0;0;4;15;B01
201000029886;0;7;0;0;2;1;0;A01
201000029887;0;7;0;0;2;1;15;A01
201000029887;0;14;0;0;2;1;23;D01
201000029887;0;7;0;0;0;6;5;C01
201000029888;0;33;0;0;2;8;0;B01
201000029888;1;99;0;0;9;2;0;Z01
201000029889;0;7;0;0;1;7;2;A01
201000029890;0;33;0;0;2;1;17;A01
201000029890;0;33;0;0;2;1;1;C01
201000029890;0;7;0;0;2;3;11;B01
201000029891;0;30;0;0;2;1;21;A01
201000029891;0;7;0;0;9;3;19;B01
201000029892;0;1;0;0;2;1;19;A01
201000029892;0;7;0;0;0;3;1;B01
201000029893;0;1;0;0;2;1;1;B01
201000029894;0;1;0;0;2;8;2;B01
201000029894;0;7;0;0;2;2;2;A01
201000029895;0;33;0;8;1;2;1;A01
201000029896;0;33;0;15;2;1;0;B01
201000029896;0;7;0;0;2;3;16;A01
201000029897;0;30;0;0;2;8;1;B01
201000029897;0;30;0;0;2;1;17;A01
201000029898;0;30;0;0;2;4;2;B01
201000029898;0;7;0;0;2;1;9;A01
201000029899;0;7;0;0;2;1;2;A01
201000029899;0;7;0;0;2;4;2;C01
201000029899;0;7;0;0;2;4;2;B01
201000029899;0;7;0;0;0;4;2;D01
201000029900;0;7;0;0;2;2;9;A01
201000029900;0;1;0;0;2;1;5;B01
201000029901;0;7;0;0;0;2;1;B01
201000029901;0;1;0;0;2;1;1;A01
201000029902;0;7;0;0;2;8;1;B01
201000029902;0;7;0;0;2;2;17;A01
201000029903;0;7;0;0;1;3;12;A01
201000029904;0;17;0;0;2;2;1;B01
201000029904;0;7;0;0;2;8;1;A01
201000029904;0;7;0;0;2;1;23;C01
201000029905;0;7;0;0;0;4;2;B01
201000029905;0;7;0;0;2;4;2;A01
201000029906;0;7;0;0;2;2;9;A01
201000029906;0;32;0;0;2;1;1;B01
201000029907;0;7;0;8;0;1;1;A01
201000029908;0;2;0;0;2;1;1;B01
201000029908;0;7;0;0;2;3;15;A01
201000029909;0;7;0;0;1;2;15;A01
201000029910;0;33;0;0;2;2;1;B01
201000029910;0;7;0;0;2;2;9;A01
201000029910;0;7;0;0;2;3;2;C01
201000029911;0;7;0;0;1;2;1;A01
201000029912;0;7;0;0;1;2;16;A01
201000029913;0;7;0;0;2;2;1;B01
201000029913;0;30;0;0;2;1;1;A01
201000029914;0;7;0;0;2;6;15;A01
201000029914;0;32;0;0;2;1;17;B01
201000029915;0;1;0;0;2;5;1;B01
201000029915;0;34;0;0;2;3;13;A01
201000029916;0;7;0;0;2;3;15;A01
201000029916;0;30;0;0;2;8;1;B01
201000029917;0;32;0;8;0;2;1;A01
201000029918;0;7;0;0;2;0;0;B01
201000029918;0;1;0;0;2;0;0;A01
201000029919;0;7;0;8;0;7;0;A01
201000029920;0;7;0;0;1;1;1;A01
201000029921;0;1;0;0;2;4;1;B01
201000029921;0;7;0;0;2;2;11;A01
201000029922;0;7;0;0;9;3;1;B01
201000029922;0;10;0;0;2;6;2;C01
201000029922;0;33;0;0;2;1;2;A01
201000029923;0;1;0;0;2;1;2;B01
201000029923;0;10;0;0;2;3;1;A01
201000029924;0;7;0;0;2;3;15;B01
201000029924;0;34;0;8;2;1;17;A01
201000029925;0;7;0;0;2;3;2;A01
201000029925;0;1;0;0;2;5;3;B01
201000029926;0;99;0;0;2;6;0;B01
201000029926;0;7;0;0;2;2;2;A01
201000029927;0;33;0;0;2;4;23;B01
201000029927;0;7;0;0;2;1;2;A01
201000029927;0;7;0;0;2;6;23;C01
201000029928;0;7;0;0;2;3;9;A01
201000029928;0;33;0;0;2;5;1;B01
201000029929;0;7;0;0;1;1;1;A01
201000029930;0;7;0;0;2;1;1;B01
201000029930;0;7;0;0;2;7;13;A01
201000029931;0;7;0;0;2;7;13;A01
201000029931;0;2;0;0;2;1;1;B01
201000029932;0;7;0;2;0;1;0;A01
201000029933;0;33;0;0;2;1;2;A01
201000029933;0;7;0;0;2;4;2;B01
201000029934;0;7;0;0;1;1;1;A01
201000029935;0;30;0;0;2;7;2;B01
201000029935;0;30;0;0;2;7;5;A01
201000029936;0;33;0;0;2;3;1;B01
201000029936;2;7;0;0;2;0;0;A01
201000029937;0;30;0;0;2;1;1;A01
201000029937;0;10;0;0;2;2;1;B01
201000029938;0;7;0;0;2;1;1;A01
201000029938;0;7;0;0;2;4;23;B01
201000029939;0;2;0;0;0;0;0;A01
201000029940;0;7;0;2;0;1;1;A01
201000029941;0;7;0;0;0;0;0;B01
201000029941;0;7;0;0;0;0;1;A01
201000029942;0;30;0;0;2;1;1;A01
201000029942;0;7;0;0;2;2;11;B01
201000029943;0;7;0;11;0;0;2;A01
201000029944;0;7;0;0;2;1;1;C01
201000029944;0;7;0;0;2;1;1;A01
201000029944;0;7;0;0;2;4;1;B01
201000029945;0;2;0;0;2;1;1;A01
201000029945;0;7;0;0;2;8;1;B01
201000029946;0;7;0;0;2;1;1;B01
201000029946;0;7;0;1;2;7;15;A01
201000029947;0;7;0;0;0;1;1;A01
201000029948;0;99;0;0;0;0;1;A01
201000029949;0;7;0;0;1;0;0;A01
201000029950;1;7;0;0;2;0;0;X01
201000029950;0;2;0;0;2;7;1;A01
201000029951;0;7;0;0;1;1;0;A01
201000029952;0;2;0;0;2;1;1;B01
201000029952;0;7;0;0;2;7;1;A01
201000029953;0;2;0;0;2;8;0;A01
201000029953;0;7;0;0;2;3;1;B01
201000029954;0;7;0;0;1;2;1;A01
201000029955;0;7;0;0;2;3;15;B01
201000029955;0;7;0;0;2;3;1;A01
201000029956;0;7;0;0;2;1;1;B01
201000029956;0;7;0;0;2;1;1;A01
201000029957;0;7;0;0;0;1;6;A01
201000029958;0;7;0;0;1;1;1;A01
201000029959;0;7;0;0;2;5;1;A01
201000029959;0;2;0;0;2;1;1;B01
201000029960;0;7;0;0;2;1;1;A01
201000029960;0;7;0;0;2;1;6;B01
201000029961;0;2;0;0;0;0;0;A01