num_acc;senc;catv;occutc;obs;obsm;choc;manv;num_veh
201000029962;0;7;0;0;0;0;0;A01
201000029963;0;7;0;0;2;1;1;A01
201000029963;1;7;0;0;2;1;13;B01
201000029964;0;10;0;0;2;1;1;A01
201000029964;0;7;0;0;2;1;1;B01
201000029965;0;7;0;0;2;5;10;A01
201000029965;0;2;0;0;2;1;1;B01
201000029966;0;7;0;0;2;3;1;B01
201000029966;0;7;0;0;2;3;13;A01
201000029967;0;7;0;0;0;0;0;A01
201000029967;0;2;0;0;0;0;0;B01
201000029968;0;7;0;0;1;1;1;A01
201000029969;0;7;0;0;1;1;1;A01
201000029970;0;7;0;0;9;7;1;B01
201000029970;0;1;0;0;2;1;1;A01
201000029971;0;7;0;0;1;2;16;A01
201000029972;0;7;0;0;2;8;1;B01
201000029972;0;2;0;0;2;1;1;A01
201000029973;0;7;0;0;2;1;1;A01
201000029973;0;2;0;0;2;7;15;B01
201000029974;0;7;0;0;2;1;1;B01
201000029974;0;7;0;0;2;7;15;A01
201000029975;0;7;0;0;1;1;1;A01
201000029976;0;7;0;0;1;1;1;A01
201000029977;0;1;0;0;2;1;1;B01
201000029977;0;7;0;0;9;1;17;A01
201000029978;0;10;0;6;2;8;15;A01
201000029978;1;30;0;0;2;1;17;Z01
201000029979;0;7;0;0;2;4;1;C01
201000029979;0;7;0;0;2;1;1;B01
201000029979;0;7;0;0;2;1;1;A01
201000029980;0;7;0;0;1;2;1;A01
201000029981;0;7;0;0;0;0;15;D01
201000029981;0;10;0;0;2;3;2;A01
201000029981;0;7;0;0;2;6;1;C01
201000029981;0;7;0;0;2;8;1;B01
201000029982;0;33;0;0;2;1;0;A01
201000029982;0;7;0;0;0;0;0;B01
201000029983;0;32;0;0;2;1;1;A01
201000029983;0;10;0;0;2;1;1;B01
201000029984;0;7;0;0;0;0;0;A01
201000029985;0;7;0;0;0;0;1;A01
201000029986;0;10;0;0;2;1;15;A01
201000029986;0;7;0;0;2;3;1;B01
201000029987;0;7;0;0;2;0;1;C01
201000029987;0;7;0;0;2;8;1;B01
201000029987;0;7;0;0;2;0;13;A01
201000029988;0;7;0;13;2;7;1;A01
201000029988;2;7;0;0;2;0;0;Z01
201000029989;1;7;0;0;1;1;1;Z01
201000029990;0;7;0;0;2;0;1;A01
201000029990;0;7;0;1;2;0;1;B01
201000029991;0;7;0;0;1;7;1;A01
201000029992;0;7;0;0;2;6;11;A01
201000029992;0;33;0;0;2;7;1;B01
201000029993;0;7;0;0;2;3;23;B01
201000029993;2;7;0;0;2;3;2;A01
201000029994;0;2;0;0;2;1;1;B01
201000029994;0;7;0;0;2;8;9;A01
201000029995;0;2;0;0;2;1;0;A01
201000029995;0;7;0;0;0;0;0;B01
201000029996;0;7;0;0;2;8;15;B01
201000029996;0;2;0;0;2;1;1;A01
201000029997;0;7;0;0;0;0;0;A01
201000029998;0;7;0;0;0;0;0;A01
201000029999;0;2;0;6;0;1;1;A01
201000030000;0;7;0;0;2;1;1;B01
201000030000;0;7;0;2;2;1;1;A01
201000030001;0;7;0;0;0;0;0;B01
201000030001;0;7;0;0;0;0;0;A01
201000030002;0;33;0;0;2;6;1;B01
201000030002;0;7;0;0;2;3;10;A01
201000030003;0;7;0;0;0;0;0;A01
201000030003;0;2;0;0;0;0;0;B01
201000030004;0;14;0;0;0;0;0;B01
201000030004;0;30;0;1;0;1;1;A01
201000030005;0;2;0;0;0;9;0;A01
201000030005;0;7;0;14;0;1;1;C01
201000030005;1;7;0;0;2;2;1;Z01
201000030005;0;7;0;14;0;1;1;B01
201000030006;0;10;0;0;2;1;0;B01
201000030006;0;7;0;0;2;1;5;A01
201000030007;0;7;0;0;0;0;0;B01
201000030007;1;7;0;0;0;0;0;C01
201000030007;0;7;0;0;0;0;0;A01
201000030008;0;31;0;0;0;0;0;B01
201000030008;0;7;0;0;0;0;0;A01
201000030009;0;15;0;16;0;7;1;A01
201000030010;0;7;0;0;0;0;0;A01
201000030011;0;7;0;0;1;1;1;A01
201000030012;1;33;0;0;1;1;1;Z01
201000030013;0;7;0;0;0;0;0;C01
201000030013;0;7;0;0;0;0;0;A01
201000030013;0;7;0;0;0;0;0;B01
201000030014;0;30;0;0;0;0;0;A01
201000030015;0;33;0;0;0;0;0;A01
201000030016;0;7;0;0;1;2;1;A01
201000030017;0;7;0;0;9;1;0;A01
201000030017;0;1;0;0;0;0;0;B01
201000030018;0;33;0;0;0;0;0;A01
201000030018;0;30;0;0;0;0;0;B01
201000030019;0;33;0;0;0;0;0;A01
201000030019;0;7;0;0;0;0;0;B01
201000030020;0;7;0;0;0;0;0;A01
201000030021;0;7;0;0;0;1;0;A01
201000030021;0;7;0;0;0;0;0;B01
201000030022;0;7;0;8;0;1;1;A01
201000030023;0;7;0;0;0;0;0;A01
201000030023;0;32;0;0;0;0;0;B01
201000030024;0;2;0;0;0;0;1;A01
201000030025;0;2;0;0;0;0;0;A01
201000030026;0;3;0;2;0;1;1;A01
201000030027;0;7;0;0;2;0;15;A01
201000030027;0;33;0;0;2;1;1;B01
201000030028;0;7;0;0;0;0;0;A01
201000030029;0;34;0;0;0;0;21;B01
201000030030;0;7;0;0;0;0;0;A01
201000030031;0;7;0;0;0;0;0;A01
201000030032;0;7;0;0;0;0;0;A01
201000030033;0;7;0;0;0;0;0;A01
201000030033;0;21;0;0;0;0;0;B01
201000030034;0;7;0;0;0;0;0;A01
201000030034;0;33;0;0;0;0;0;B01
201000030035;0;7;0;0;0;0;0;A01
201000030035;0;7;0;0;0;0;0;B01
201000030036;0;7;0;0;0;0;0;A01
201000030037;0;7;0;0;0;0;0;B01
201000030037;0;7;0;0;0;0;0;C01
201000030037;0;7;0;0;0;0;0;A01
201000030038;0;7;0;0;0;0;0;A01
201000030038;0;7;0;0;0;0;0;B01
201000030039;0;7;0;0;0;0;0;B01
201000030039;0;1;0;0;0;0;0;A01
201000030040;1;99;0;0;2;4;1;Z01
201000030040;0;2;0;0;2;1;1;A01
201000030041;0;7;0;0;0;0;0;D01
201000030041;0;7;0;0;0;0;0;C01
201000030041;0;7;0;0;0;0;0;A01
201000030041;0;7;0;0;0;0;0;B01
201000030042;0;1;0;0;0;0;0;B01
201000030042;0;7;0;0;0;0;0;A01
201000030043;0;7;0;0;2;1;0;A01
201000030043;0;7;0;0;2;1;0;B01
201000030044;0;7;0;0;0;0;0;A01
201000030045;0;30;0;0;0;0;0;A01
201000030046;0;30;0;0;0;0;0;A01
201000030046;0;10;0;0;0;0;0;B01
201000030047;0;7;0;0;2;1;1;A01
201000030047;2;7;0;0;2;1;6;Z01
201000030048;0;7;0;0;0;0;1;B01
201000030048;2;7;0;0;2;0;4;A01
201000030049;0;7;0;0;0;0;0;A01
201000030050;0;2;0;0;0;0;0;A01
201000030050;0;7;0;0;0;0;0;B01
201000030051;0;7;0;0;0;0;0;A01
201000030052;0;2;0;0;2;7;1;B01
201000030052;0;99;0;0;2;3;13;A01
201000030053;0;7;0;0;1;7;0;A01
201000030054;0;7;0;0;0;0;0;A01
201000030054;0;2;0;0;0;0;0;B01
201000030055;0;2;0;0;5;1;2;B01
201000030056;0;7;0;0;1;1;1;A01
201000030057;0;3;0;0;9;0;21;A01
201000030058;0;7;0;0;1;1;1;A01
201000030059;0;7;0;0;0;0;0;A01
201000030060;0;2;0;0;0;0;0;B01
201000030060;0;7;0;0;0;0;0;A01
201000030061;0;99;0;0;2;0;5;A01
201000030061;0;7;0;0;9;2;1;B01
201000030062;0;7;0;14;1;2;21;A01
201000030063;0;7;0;0;2;7;1;B01
201000030063;0;7;0;0;2;1;0;A01
201000030064;0;7;0;0;0;0;0;B01
201000030064;0;7;0;0;0;0;0;A01
201000030065;0;7;0;0;2;1;1;C01
201000030065;0;7;0;0;0;0;13;A01
201000030065;0;7;0;0;2;4;1;B01
201000030066;0;30;0;0;0;0;0;B01
201000030066;0;7;0;0;0;0;0;A01
201000030067;0;2;0;0;0;0;0;B01
201000030067;0;7;0;0;0;0;0;A01
201000030068;0;7;0;0;0;0;0;A01
201000030069;0;30;0;0;0;0;0;A01
201000030069;0;7;0;0;0;0;0;B01
201000030070;0;7;0;0;0;0;0;B01
201000030070;0;99;0;0;0;0;0;A01
201000030071;0;7;0;0;0;0;0;C01
201000030071;0;7;0;0;0;0;0;B01
201000030071;0;7;0;0;0;0;0;A01
201000030072;1;7;0;0;1;1;1;Z01
201000030073;0;37;1;0;1;7;1;A01
201000030074;0;30;0;0;2;1;1;A01
201000030074;1;10;0;0;2;0;0;Z01
201000030075;0;31;0;0;0;0;0;A01
201000030076;0;7;0;0;0;0;0;A01
201000030077;0;35;0;0;0;0;0;A01
201000030077;0;7;0;0;0;0;0;B01
201000030078;0;7;0;0;1;8;1;A01
201000030079;0;7;0;0;0;0;0;A01
201000030080;0;7;0;0;0;0;0;A01
201000030080;0;7;0;0;0;0;0;B01
201000030081;1;7;0;0;1;1;1;A01
201000030082;0;7;0;13;0;1;1;A01
201000030083;0;7;0;0;1;1;1;A01
201000030084;0;99;0;0;1;0;17;A01
201000030085;0;2;0;0;2;1;13;A01
201000030085;0;7;0;0;2;3;1;B01
201000030086;0;7;0;0;2;2;1;B01
201000030086;0;2;0;0;2;1;5;A01
201000030087;0;7;0;0;1;2;1;A01
201000030088;0;15;0;0;2;5;18;A01
201000030088;0;30;0;0;2;8;13;B01
201000030089;0;7;0;0;1;1;1;A01
201000030090;0;30;0;8;0;1;13;A01
201000030091;0;33;0;0;2;7;17;B01
201000030091;0;7;0;0;2;8;13;A01
201000030092;0;7;0;0;2;3;6;A01
201000030092;0;33;0;0;2;1;1;B01
201000030093;0;14;0;0;2;3;0;B01
201000030093;0;7;0;0;2;1;1;A01
201000030094;2;99;0;0;1;0;0;Z01
201000030095;0;7;0;0;2;3;9;A01
201000030095;0;7;0;0;2;1;1;B01
201000030096;0;2;0;0;0;1;0;A01
201000030096;0;7;0;0;0;0;1;B01
201000030097;0;7;0;0;0;7;0;B01
201000030097;0;30;0;0;2;1;9;A01
201000030098;0;33;0;0;2;0;0;B01
201000030098;0;7;0;0;0;7;10;A01
201000030099;0;7;0;0;0;4;1;B01
201000030099;0;31;0;0;0;0;1;A01
201000030100;0;31;0;0;1;0;0;A01
201000030101;0;7;0;0;2;1;1;A01
201000030101;0;7;0;0;2;4;1;B01
201000030102;0;7;0;1;0;1;1;A01
201000030103;0;7;0;0;1;1;1;A01
201000030104;0;33;0;0;2;4;0;B01
201000030104;1;7;0;0;2;1;0;A01
201000030105;0;7;0;0;1;1;1;A01
201000030106;0;7;0;0;2;1;1;C01
201000030106;0;7;0;0;2;1;13;A01
201000030106;0;7;0;0;2;1;1;B01
201000030107;0;7;0;3;0;0;0;A01
201000030108;0;7;0;0;2;1;13;A01
201000030108;0;15;0;0;2;3;1;B01
201000030109;0;7;0;0;0;1;1;A01
201000030110;0;7;0;0;2;1;1;A01
201000030110;0;10;0;0;2;4;15;B01
201000030111;0;7;0;0;2;5;13;A01
201000030111;0;7;0;0;2;1;1;B01
201000030112;0;7;0;0;2;3;1;B01
201000030112;2;7;0;0;2;1;1;A01
201000030113;1;7;0;0;1;1;15;Z01
201000030114;0;7;0;0;2;9;1;B01
201000030114;0;7;0;8;2;4;1;C01
201000030114;0;7;0;0;2;3;9;A01
201000030115;0;7;0;0;1;1;1;A01
201000030116;0;7;0;0;1;3;1;A01
201000030117;0;1;0;0;2;2;15;A01
201000030117;0;7;0;0;2;2;1;B01
201000030118;0;2;0;0;0;0;1;A01
201000030119;0;7;0;0;2;7;9;B01
201000030119;0;7;0;0;2;1;1;A01
201000030120;0;7;0;0;2;2;0;A01
201000030120;0;7;0;0;2;7;15;B01
201000030121;0;7;0;15;0;8;1;A01
201000030122;0;7;0;0;2;8;1;B01
201000030122;0;1;0;0;2;1;19;A01
201000030123;0;7;0;0;1;1;1;A01
201000030124;0;32;0;0;2;8;1;B01
201000030124;0;7;0;0;2;1;9;A01
201000030125;0;7;0;0;2;1;2;A01
201000030125;0;7;0;0;1;4;1;B01
201000030126;0;32;0;0;2;1;17;B01
201000030126;0;7;0;0;2;8;10;A01
201000030127;0;7;0;8;0;2;1;A01
201000030128;0;30;0;0;2;7;16;A01
201000030128;0;15;0;0;0;8;1;B01
201000030129;0;7;0;0;2;1;1;B01
201000030129;0;7;0;0;2;1;15;A01
201000030130;0;7;0;0;1;1;1;A01
201000030131;1;10;0;0;2;1;17;Z01
201000030131;0;1;0;0;2;8;19;A01
201000030132;0;7;0;0;2;7;1;B01
201000030132;0;33;0;0;0;9;3;A01
201000030132;0;7;0;0;2;6;1;C01
201000030133;0;7;0;0;2;2;16;A01
201000030133;0;7;0;0;0;3;1;B01
201000030134;0;7;0;13;0;9;1;A01
201000030135;0;7;0;0;1;8;1;A01
201000030136;0;7;0;0;2;3;1;B01
201000030136;0;30;0;0;2;7;15;A01
201000030137;0;33;0;0;2;1;1;A01
201000030137;0;7;0;0;0;5;23;B01
201000030138;0;7;0;0;2;1;1;A01
201000030138;0;7;0;0;2;3;15;C01
201000030138;0;30;0;0;2;8;15;B01
201000030139;0;7;0;1;0;1;14;A01
201000030140;0;7;0;0;2;4;1;B01
201000030140;0;7;0;12;2;6;1;A01
201000030141;0;7;0;11;2;1;1;A01
201000030142;0;2;0;0;2;1;17;A01
201000030142;0;99;0;0;2;3;15;B01
201000030143;0;1;0;0;2;8;19;B01
201000030143;0;7;0;0;2;2;8;A01
201000030144;0;10;0;0;2;3;1;A01
201000030144;0;7;0;0;2;1;1;B01
201000030145;0;7;0;8;0;2;0;A01
201000030145;0;7;0;0;2;2;1;B01
201000030146;0;7;0;0;2;3;11;A01
201000030146;0;32;0;0;2;8;1;B01
201000030147;0;7;0;15;0;9;1;A01
201000030148;0;7;0;0;2;1;1;B01
201000030148;0;7;0;0;2;2;15;A01
201000030149;0;7;0;12;0;8;1;A01
201000030150;0;31;0;0;2;1;1;A01
201000030150;0;7;0;0;2;7;1;B01
201000030151;0;7;0;2;0;3;0;A01
201000030152;0;7;0;0;1;1;1;A01
201000030153;0;30;0;0;2;1;5;A01
201000030153;0;7;0;0;2;3;1;B01
201000030154;0;7;0;0;2;4;2;B01
201000030154;0;7;0;0;2;1;2;A01
201000030155;0;7;0;13;0;1;0;A01
201000030156;0;7;0;0;2;1;1;B01
201000030156;0;2;0;0;2;1;1;A01
201000030157;0;7;0;11;0;1;1;A01
201000030158;0;2;0;0;2;1;2;A01
201000030158;0;7;0;0;2;4;2;B01
201000030159;0;34;0;0;2;1;1;B01
201000030159;0;10;0;0;2;7;15;A01
201000030160;0;7;0;0;1;1;1;A01
201000030161;0;7;0;0;1;2;1;A01
201000030162;0;7;0;0;2;2;16;A01
201000030162;0;30;0;0;2;8;1;B01
201000030163;0;7;0;3;0;2;1;A01
201000030164;0;2;0;0;1;1;17;A01
201000030165;0;7;0;0;2;1;5;A01
201000030165;0;7;0;0;2;1;1;B01
201000030166;0;33;0;0;2;1;1;B01
201000030166;0;7;0;0;2;7;9;A01
201000030167;1;33;0;0;0;0;1;A01
201000030168;0;7;0;0;2;1;2;B01
201000030168;0;7;0;0;2;1;2;A01
201000030168;0;7;0;0;2;4;2;C01
201000030169;0;32;0;0;1;1;1;B01
201000030170;0;7;0;4;0;1;1;A01
201000030171;0;7;0;11;0;9;1;A01
201000030172;0;7;0;0;2;4;15;B01
201000030172;0;7;0;0;2;1;1;A01
201000030173;0;30;0;0;2;8;13;A01
201000030173;0;99;0;0;2;7;17;B01
201000030174;0;7;0;0;2;8;1;B01
201000030174;0;31;0;0;2;1;15;A01
201000030175;0;7;0;13;0;9;15;A01
201000030176;0;34;0;0;0;0;1;A01
201000030177;0;32;0;0;9;7;16;A01
201000030178;0;7;0;9;0;1;1;A01
201000030179;0;7;0;0;2;1;2;A01
201000030179;0;7;0;0;2;4;2;B01
201000030180;0;7;0;0;2;1;1;B01
201000030180;0;7;0;0;2;7;1;A01
201000030181;0;7;0;0;2;1;1;B01
201000030181;0;7;0;0;2;1;17;A01
201000030182;0;7;0;0;2;1;1;B01
201000030182;0;7;0;0;2;3;1;A01
201000030183;0;7;0;0;1;7;1;A01
201000030184;0;7;0;0;2;4;2;B01
201000030184;0;99;0;0;2;1;2;A01
201000030185;0;33;0;0;2;1;1;B01
201000030185;0;7;0;0;2;3;15;A01
201000030186;0;3;0;0;2;2;15;A01
201000030186;0;32;0;0;2;3;1;B01
201000030187;0;33;0;0;2;1;7;A01
201000030187;0;7;0;0;2;4;15;B01
201000030188;0;7;0;0;0;2;9;A01
201000030189;0;40;0;0;2;1;1;B01
201000030189;0;7;0;0;4;8;0;A01
201000030190;0;32;0;0;2;1;19;B01
201000030190;0;7;0;8;2;3;19;A01
201000030191;0;7;0;0;1;7;0;A01
201000030192;0;7;0;0;2;1;1;B01
201000030192;0;7;0;0;2;2;15;A01
201000030193;1;30;0;0;1;0;0;Z01
201000030194;1;2;0;0;2;0;0;Z01
201000030194;0;2;0;0;2;0;1;B01
201000030195;0;7;0;0;2;4;15;B01
201000030195;0;7;0;0;2;1;1;A01
201000030196;0;32;0;12;0;1;0;A01
201000030197;0;32;0;0;2;2;2;A01
201000030197;0;10;0;0;2;6;1;B01
201000030198;0;10;0;0;0;4;1;B01
201000030198;0;7;0;0;2;1;2;A01
201000030199;0;7;0;0;2;1;1;B01
201000030199;0;7;0;0;2;2;15;A01
201000030200;0;7;0;0;2;1;1;A01
201000030200;0;7;0;0;2;8;1;B01
201000030201;0;7;0;0;2;2;15;A01
201000030201;0;10;0;0;2;3;19;B01
201000030202;1;7;0;0;1;1;0;Z01
201000030203;0;7;0;0;1;2;1;A01
201000030204;0;7;0;0;0;4;1;B01
201000030204;0;7;0;0;2;1;1;A01
201000030205;0;7;0;0;2;7;15;A01
201000030205;0;7;0;0;2;2;1;B01
201000030206;0;7;0;5;0;1;1;A01
201000030207;0;7;0;0;2;2;0;B01
201000030207;0;7;0;0;2;3;10;A01
201000030208;1;7;0;0;0;1;2;B01
201000030208;0;7;0;0;0;4;2;A01
201000030209;0;32;0;0;2;1;1;B01
201000030209;0;7;0;0;2;2;15;A01
201000030210;0;7;0;0;2;8;1;C01
201000030210;0;7;0;0;2;3;1;B01
201000030210;2;7;0;0;2;3;15;A01
201000030211;0;1;0;0;2;1;16;A01
201000030211;0;7;0;0;2;1;1;B01
201000030212;0;7;0;0;1;4;4;A01
201000030213;0;7;0;0;2;3;9;A01
201000030213;0;7;0;0;2;2;2;B01
201000030214;0;7;0;0;1;1;2;A01
201000030215;0;7;0;0;2;1;2;A01
201000030215;0;33;0;0;2;4;15;B01
201000030216;0;7;0;11;0;1;5;A01
201000030217;0;7;0;0;2;4;2;B01
201000030217;0;7;0;0;2;4;2;C01
201000030217;0;7;0;0;2;4;2;D01
201000030217;0;7;0;0;2;1;2;A01
201000030218;0;7;0;0;2;4;23;B01
201000030218;0;33;0;0;2;4;2;A01
201000030219;0;31;0;15;0;1;1;A01
201000030220;0;32;0;0;2;1;1;B01
201000030220;0;7;0;0;2;2;15;A01
201000030221;1;10;0;0;1;4;4;A01
201000030222;0;32;0;0;0;1;16;A01
201000030223;0;7;0;0;2;8;15;A01
201000030223;0;33;0;0;2;1;1;B01
201000030224;0;30;0;0;2;0;1;A01
201000030224;0;7;0;0;2;6;15;B01
201000030225;0;7;0;0;2;2;1;B01
201000030225;0;7;0;0;2;8;13;A01
201000030226;0;7;0;0;9;7;9;A01
201000030226;0;1;0;0;2;2;2;B01
201000030227;0;2;0;0;2;4;17;B01
201000030227;0;7;0;0;2;3;15;A01
201000030228;0;32;0;0;1;1;8;A01
201000030229;0;10;0;0;2;3;13;A01
201000030229;0;32;0;0;2;2;17;B01
201000030230;0;7;0;0;2;6;1;A01
201000030230;0;31;0;0;2;1;1;B01
201000030231;0;33;0;0;1;1;1;A01
201000030232;0;7;0;0;2;1;2;A01
201000030232;0;7;0;0;2;4;1;B01
201000030233;0;7;0;0;2;3;15;A01
201000030233;0;7;0;0;2;1;1;B01
201000030234;0;7;0;0;1;1;12;A01
201000030235;0;33;0;0;2;1;17;A01
201000030235;1;10;0;0;0;4;10;Z01
201000030236;0;2;0;0;2;1;1;B01
201000030236;0;7;0;0;2;2;16;A01
201000030237;0;7;0;0;2;1;1;B01
201000030237;0;7;0;0;2;7;15;A01
201000030238;0;7;0;0;1;5;4;A01
201000030239;0;7;0;2;2;1;1;A01
201000030239;0;7;0;2;2;8;1;B01
201000030240;0;3;0;0;0;0;1;A01
201000030241;1;99;0;1;0;0;0;Z01
201000030242;0;10;0;0;2;7;1;B01
201000030242;0;1;0;0;2;1;1;A01
201000030243;0;30;0;0;2;8;1;B01
201000030243;0;7;0;0;2;7;16;A01
201000030244;0;7;0;0;2;3;10;A01
201000030244;0;32;0;0;2;1;1;B01
201000030245;0;7;0;0;2;2;0;B01
201000030245;0;2;0;0;2;1;0;A01
201000030246;0;7;0;0;1;3;15;A01
201000030247;0;1;0;0;2;1;5;A01
201000030247;0;7;0;0;2;3;15;B01
201000030248;0;7;0;0;1;1;24;A01
201000030249;0;32;0;0;1;1;1;A01
201000030250;0;31;0;0;2;7;1;B01
201000030250;0;7;0;0;2;8;15;A01
201000030251;0;33;0;0;0;0;1;A01
201000030252;0;2;0;0;2;1;2;A01
201000030252;0;7;0;0;0;4;2;B01
201000030253;0;7;0;0;2;4;1;B01
201000030253;0;7;0;0;2;1;1;A01
201000030254;0;7;0;0;2;1;9;A01
201000030254;0;7;0;0;2;8;1;C01
201000030254;0;7;0;0;2;7;1;B01
201000030255;0;7;0;0;2;2;9;A01
201000030255;0;7;0;9;2;6;1;B01
201000030255;0;7;0;0;2;3;1;C01
201000030256;0;7;0;0;2;0;16;A01
201000030256;0;30;0;0;2;0;1;B01
201000030257;0;32;0;0;2;7;1;B01
201000030257;0;7;0;0;2;8;9;A01
201000030258;0;7;0;0;2;4;23;B01
201000030258;0;33;0;0;2;1;1;A01
201000030259;0;7;0;0;2;3;15;A01
201000030259;0;7;0;0;2;3;1;B01
201000030260;0;7;0;11;0;1;1;A01
201000030261;0;30;0;15;0;7;1;A01
201000030262;0;7;0;0;9;1;1;B01
201000030262;0;1;0;0;2;2;1;A01
201000030262;0;1;0;0;2;1;1;C01
201000030263;0;7;0;0;1;1;1;A01
201000030264;0;7;0;11;0;1;17;A01
201000030265;0;2;0;0;0;0;1;A01
201000030266;0;7;0;0;1;4;4;A01
201000030267;0;7;0;6;2;1;1;A01
201000030267;0;7;0;6;0;1;1;B01
201000030268;0;30;0;0;2;1;8;A01
201000030268;0;10;0;0;2;7;1;B01
201000030269;0;7;0;0;2;4;1;B01
201000030269;0;7;0;0;2;1;1;A01
201000030269;0;7;0;0;2;4;2;C01
201000030270;0;3;0;0;2;4;2;B01
201000030270;0;7;0;0;2;1;2;A01
201000030270;0;7;0;0;0;4;2;C01
201000030271;0;32;0;0;4;1;1;A01
201000030271;0;40;2;0;2;1;1;B01
201000030272;0;30;0;0;2;1;2;A01
201000030272;0;7;0;0;0;5;2;B01
201000030273;0;7;0;8;0;2;0;A01
201000030274;0;1;0;0;2;7;2;B01
201000030274;0;7;0;0;9;3;15;A01
201000030275;0;30;0;0;2;7;5;A01
201000030275;0;7;0;0;2;7;1;B01
201000030276;0;7;0;0;2;7;16;B01
201000030276;0;30;0;0;2;1;1;A01
201000030277;0;7;0;0;2;1;1;C01
201000030277;0;7;0;0;2;1;1;B01
201000030277;1;7;0;0;2;1;1;A01
201000030278;0;7;0;2;0;1;1;A01
201000030279;0;7;0;0;2;8;2;B01
201000030279;0;30;0;0;2;1;2;A01
201000030280;0;31;0;6;0;1;0;A01
201000030281;0;34;0;0;2;1;1;B01
201000030281;0;7;0;0;2;5;1;A01
201000030282;0;7;0;0;1;2;17;A01
201000030283;0;33;0;0;2;8;1;A01
201000030283;0;7;0;0;2;1;19;B01
201000030284;0;7;0;0;9;2;1;A01
201000030284;0;99;0;0;0;8;10;B01
201000030285;0;1;0;0;1;2;0;A01
201000030286;0;34;0;0;2;1;1;B01
201000030286;0;7;0;0;2;8;9;A01
201000030287;0;1;0;0;2;3;1;B01
201000030287;1;1;0;0;0;0;0;Z01
201000030288;0;7;0;0;1;2;1;A01
201000030289;0;30;0;0;0;8;21;A01
201000030290;1;99;0;0;0;0;0;Z01
201000030291;0;30;0;0;2;1;16;B01
201000030291;0;15;0;0;2;5;16;A01
201000030292;0;7;0;0;1;1;0;A01
201000030293;0;7;0;0;2;1;1;A01
201000030293;0;2;0;0;2;8;9;B01
201000030294;0;99;0;0;1;7;14;A01
201000030295;0;7;0;0;2;3;1;B01
201000030295;0;30;0;0;2;1;1;A01
201000030296;0;30;0;0;2;1;1;B01
201000030296;0;7;0;0;2;3;19;A01
201000030297;0;7;0;0;2;4;2;B01
201000030297;0;7;0;0;2;1;2;A01
201000030298;0;7;0;0;2;1;2;A01
201000030298;0;7;0;0;0;4;2;B01
201000030299;0;7;0;0;2;8;15;A01
201000030299;0;30;0;0;2;1;17;B01
201000030300;0;7;0;8;0;1;14;A01
201000030301;0;2;0;0;2;8;2;B01
201000030301;0;7;0;0;2;2;2;A01
201000030302;0;31;0;0;2;1;1;B01
201000030302;0;7;0;0;2;1;15;A01
201000030303;1;32;0;0;0;0;0;Z01
201000030303;0;7;0;0;2;3;15;A01
201000030304;0;7;0;4;0;3;0;A01
201000030305;0;7;0;0;2;3;15;B01
201000030305;0;7;0;0;2;2;1;A01
201000030306;0;7;0;2;0;7;1;A01
201000030307;0;7;0;0;2;2;16;B01
201000030307;0;33;0;0;2;1;18;A01
201000030308;0;1;0;0;2;1;1;B01
201000030308;0;30;0;0;2;1;16;A01
201000030309;0;10;0;0;0;6;23;B01
201000030309;0;7;0;1;0;2;2;A01
201000030310;0;3;0;0;2;1;2;A01
201000030310;0;7;0;0;2;4;2;B01
201000030311;0;40;0;0;9;4;1;A01
201000030311;0;40;0;0;9;4;1;B01
201000030312;0;1;0;0;2;1;9;A01
201000030313;0;7;0;0;2;8;19;A01
201000030313;0;7;0;0;2;1;1;B01
201000030314;0;7;0;0;2;3;23;B01
201000030314;0;30;0;0;2;1;1;A01
201000030315;0;7;0;0;2;3;11;A01
201000030315;0;33;0;0;2;3;1;B01
201000030316;0;7;0;0;2;4;2;B01
201000030316;0;33;0;0;2;1;2;A01
201000030317;0;33;0;0;2;1;1;B01
201000030317;0;99;0;0;2;4;9;A01
201000030318;0;7;0;0;2;1;1;B01
201000030318;0;7;0;0;2;1;13;A01
201000030319;0;7;0;0;2;1;1;A01
201000030319;0;34;0;0;2;4;15;B01
201000030320;0;31;0;0;2;8;18;A01
201000030320;0;7;0;0;2;7;16;B01
201000030321;0;7;0;0;2;1;1;B01
201000030321;0;7;0;0;2;8;1;A01
201000030322;1;99;0;0;1;0;1;Z01
201000030323;0;7;0;0;9;1;1;A01
201000030324;0;1;0;0;2;4;1;B01
201000030324;0;7;0;0;9;1;1;A01
201000030325;0;33;0;0;0;0;1;A01
201000030326;0;7;0;0;2;4;2;B01
201000030326;0;7;0;0;2;1;2;A01
201000030327;0;7;0;0;1;1;1;A01
201000030328;0;7;0;0;2;8;1;B01
201000030328;0;2;0;0;2;8;13;A01
201000030329;1;7;0;0;1;3;1;A01
201000030330;0;37;0;0;2;3;11;B01
201000030330;0;30;0;0;2;7;12;A01
201000030331;0;7;0;0;2;5;15;A01
201000030331;0;33;0;0;2;1;1;B01
201000030332;0;7;0;0;2;3;2;B01
201000030332;0;7;0;0;2;7;12;A01
201000030333;0;7;0;0;2;3;13;A01
201000030333;0;7;0;0;2;3;1;B01
201000030334;0;7;0;15;2;1;17;A01
201000030334;0;7;0;0;2;3;15;B01
201000030335;0;7;0;0;2;2;23;B01
201000030335;0;30;0;0;9;1;13;A01
201000030336;0;2;0;0;6;8;1;A01
201000030337;0;34;0;0;1;0;1;A01
201000030338;0;31;0;0;2;1;1;B01
201000030338;0;7;0;0;2;2;9;A01