num_acc;senc;catv;occutc;obs;obsm;choc;manv;num_veh
201000030339;0;7;0;0;1;3;15;A01
201000030340;0;33;0;0;2;2;2;A01
201000030340;0;7;0;0;0;6;2;B01
201000030341;0;7;0;0;2;2;10;A01
201000030341;0;31;0;0;2;1;0;B01
201000030342;0;7;0;0;1;3;1;A01
201000030343;0;7;0;0;2;6;10;A01
201000030343;0;33;0;0;2;1;1;B01
201000030344;0;7;0;4;0;3;1;A01
201000030345;0;7;0;0;1;3;1;A01
201000030346;0;7;0;0;1;7;1;A01
201000030347;0;1;0;4;0;1;1;A01
201000030348;1;7;0;0;2;0;10;A01
201000030348;0;33;0;0;2;1;1;B01
201000030349;0;7;0;0;0;0;15;A01
201000030349;0;34;0;0;2;7;1;B01
201000030350;0;7;0;0;2;1;1;A01
201000030350;0;32;0;0;2;7;1;B01
201000030351;0;7;0;15;0;1;6;A01
201000030352;0;37;10;0;1;1;1;A01
201000030353;0;1;0;0;0;0;1;A01
201000030354;0;37;1;0;2;7;2;B01
201000030354;0;7;0;15;0;2;1;A01
201000030355;0;7;0;0;0;0;1;C01
201000030355;0;7;0;6;2;9;1;A01
201000030355;0;7;0;6;2;9;1;B01
201000030356;0;7;0;0;2;8;1;A01
201000030356;0;33;0;0;2;8;1;B01
201000030357;0;7;0;0;2;1;1;A01
201000030357;0;1;0;0;2;7;19;B01
201000030358;0;7;0;0;2;7;24;B01
201000030358;1;7;0;1;0;8;1;A01
201000030359;0;40;0;0;1;1;1;A01
201000030360;0;30;0;0;2;8;1;B01
201000030360;0;7;0;0;2;2;1;A01
201000030361;0;7;0;0;2;3;1;B01
201000030361;0;2;0;0;2;7;15;A01
201000030362;0;1;0;0;2;8;19;B01
201000030362;0;7;0;0;2;4;4;A01
201000030363;0;7;0;2;0;2;13;A01
201000030364;0;7;0;0;1;3;0;A01
201000030365;0;10;0;0;2;1;15;A01
201000030365;0;7;0;0;2;7;16;B01
201000030366;0;7;0;0;2;3;1;B01
201000030366;0;30;0;0;2;2;9;A01
201000030367;0;1;0;0;2;8;19;A01
201000030367;0;7;0;0;2;1;1;B01
201000030368;0;31;0;0;2;7;15;A01
201000030368;0;38;2;0;2;8;15;B01
201000030369;0;7;0;0;9;7;1;A01
201000030369;0;1;0;0;2;8;11;B01
201000030370;0;7;0;0;0;0;15;B01
201000030370;0;33;0;0;2;1;1;A01
201000030371;0;7;0;2;0;2;0;A01
201000030372;0;10;0;0;2;8;1;B01
201000030372;0;1;0;0;2;1;1;A01
201000030373;0;7;0;0;1;2;1;A01
201000030374;0;7;0;0;2;7;13;A01
201000030374;0;7;0;0;2;1;1;B01
201000030375;0;2;0;0;0;0;1;A01
201000030376;0;7;0;13;0;9;17;A01
201000030377;0;32;0;0;2;1;0;B01
201000030377;1;7;0;0;2;2;0;A01
201000030378;0;7;0;8;0;2;0;A01
201000030379;0;7;0;0;2;2;1;A01
201000030379;0;7;0;0;2;2;1;B01
201000030380;0;7;0;0;1;4;23;A01
201000030381;0;32;0;0;0;0;1;A01
201000030382;0;7;0;0;1;0;1;A01
201000030383;0;7;0;0;2;3;15;A01
201000030383;0;33;0;0;2;2;17;B01
201000030384;0;7;0;0;2;3;1;B01
201000030384;0;7;0;0;2;3;16;A01
201000030385;0;7;0;4;0;2;1;A01
201000030386;2;7;0;0;2;3;0;A01
201000030386;0;7;0;0;2;3;0;B01
201000030387;0;7;0;0;2;1;2;A01
201000030387;0;7;0;0;2;4;2;B01
201000030387;0;7;0;0;2;4;2;C01
201000030388;0;32;0;12;0;1;0;A01
201000030389;0;34;0;0;2;1;1;B01
201000030389;0;7;0;0;2;1;15;A01
201000030390;0;33;0;0;2;1;2;A01
201000030390;0;7;0;0;0;6;2;B01
201000030391;0;7;0;0;2;1;9;A01
201000030391;0;2;0;0;2;7;1;B01
201000030392;0;30;0;0;1;1;1;A01
201000030393;0;33;0;0;2;1;1;B01
201000030393;0;7;0;0;2;2;15;A01
201000030394;0;7;0;0;2;1;2;A01
201000030394;0;7;0;0;0;4;2;B01
201000030395;0;7;0;0;2;8;15;B01
201000030395;0;31;0;0;2;1;1;A01
201000030396;0;30;0;12;0;0;1;A01
201000030397;0;7;0;0;2;1;1;B01
201000030397;0;7;0;0;2;2;15;A01
201000030398;0;2;0;0;2;1;1;A01
201000030398;0;7;0;0;2;8;16;B01
201000030399;0;7;0;13;0;0;0;A01
201000030400;0;1;0;0;2;4;1;B01
201000030401;0;7;0;0;2;1;13;A01
201000030401;0;7;0;0;2;1;1;B01
201000030402;0;7;0;0;2;1;12;A01
201000030402;0;1;0;0;2;8;1;B01
201000030403;0;1;0;9;0;1;1;A01
201000030404;0;10;0;0;2;1;2;A01
201000030404;0;7;0;0;2;4;2;B01
201000030405;0;7;0;0;2;1;16;A01
201000030405;0;7;0;0;2;7;1;B01
201000030406;0;7;0;0;2;7;1;B01
201000030406;0;30;0;0;2;7;3;A01
201000030407;0;2;0;0;2;1;1;A01
201000030407;0;10;0;0;2;7;1;B01
201000030408;0;7;0;10;0;1;1;A01
201000030409;0;7;0;0;2;2;1;A01
201000030409;0;31;0;0;2;0;1;B01
201000030410;0;7;0;0;2;3;15;B01
201000030410;0;7;0;0;2;2;1;A01
201000030411;0;34;0;10;0;1;1;A01
201000030412;0;2;0;0;9;2;1;A01
201000030413;0;2;0;0;0;8;1;A01
201000030414;0;30;0;0;2;1;19;A01
201000030414;0;7;0;0;2;3;1;B01
201000030415;0;7;0;2;0;2;1;A01
201000030416;0;30;0;0;0;8;1;A01
201000030417;0;7;0;9;0;1;1;A01
201000030418;0;33;0;0;0;8;1;B01
201000030418;0;7;0;0;2;1;1;A01
201000030419;0;7;0;0;2;1;16;A01
201000030419;0;33;0;0;2;7;1;C01
201000030419;0;33;0;0;2;7;1;B01
201000030420;0;30;0;0;0;1;0;A01
201000030421;0;7;0;0;2;8;10;A01
201000030421;0;33;0;0;2;1;1;B01
201000030422;0;7;0;0;2;3;13;A01
201000030422;0;2;0;0;2;1;1;B01
201000030423;0;30;0;0;0;0;1;A01
201000030424;0;1;0;0;2;1;13;A01
201000030424;0;7;0;0;2;8;1;B01
201000030425;0;33;0;14;2;1;1;B01
201000030425;0;7;0;0;2;6;15;A01
201000030426;0;7;0;13;2;3;1;B01
201000030426;0;7;0;0;2;2;10;A01
201000030427;0;33;0;0;2;3;1;B01
201000030427;0;7;0;0;2;3;13;A01
201000030428;1;7;0;0;0;0;13;Z01
201000030428;0;32;0;0;0;0;16;A01
201000030429;0;33;0;0;2;1;1;B01
201000030429;0;7;0;0;2;8;15;A01
201000030430;0;2;0;0;1;0;0;A01
201000030431;0;14;0;0;2;8;1;B01
201000030431;0;7;0;0;2;7;9;A01
201000030432;0;33;0;0;2;1;1;B01
201000030432;0;7;0;0;2;3;10;A01
201000030433;0;7;0;0;1;2;16;A01
201000030434;0;7;0;0;2;5;15;A01
201000030434;0;33;0;0;2;1;1;B01
201000030435;0;7;0;0;2;3;15;B01
201000030435;2;7;0;0;2;2;6;A01
201000030436;0;30;0;0;2;8;1;B01
201000030436;0;7;0;0;2;1;15;A01
201000030437;0;2;0;0;2;1;1;A01
201000030437;0;7;0;0;2;7;1;B01
201000030438;0;3;0;9;0;1;1;A01
201000030439;0;33;0;0;0;8;1;A01
201000030440;0;33;0;11;2;8;14;A01
201000030440;0;7;0;0;2;7;16;B01
201000030441;0;7;0;0;2;4;2;C01
201000030441;0;7;0;0;2;1;2;B01
201000030441;0;7;0;0;2;1;2;A01
201000030442;0;33;0;0;2;1;17;A01
201000030442;0;7;0;0;2;3;15;B01
201000030443;0;7;0;0;0;0;15;A01
201000030443;0;33;0;0;0;0;1;B01
201000030444;0;30;0;0;1;0;1;A01
201000030445;0;33;0;0;2;7;17;A01
201000030445;0;3;0;0;2;1;15;B01
201000030446;0;31;0;0;2;1;1;B01
201000030446;0;7;0;0;2;3;15;A01
201000030447;0;1;0;0;2;1;1;A01
201000030447;0;7;0;0;2;7;1;B01
201000030448;0;33;0;0;2;1;1;B01
201000030448;0;7;0;0;2;8;15;A01
201000030449;0;7;0;0;2;1;1;A01
201000030449;0;1;0;0;2;7;19;B01
201000030450;0;7;0;0;2;1;15;A01
201000030450;0;32;0;0;0;1;1;B01
201000030451;0;7;0;0;0;4;1;C01
201000030451;0;7;0;0;2;1;1;A01
201000030451;0;7;0;0;2;1;1;B01
201000030452;0;7;0;0;1;1;1;A01
201000030453;0;7;0;0;2;4;2;B01
201000030453;0;2;0;0;2;1;11;A01
201000030454;0;31;0;0;2;1;1;B01
201000030454;0;7;0;0;2;8;10;A01
201000030455;0;7;0;0;9;1;1;A01
201000030455;0;1;0;0;2;2;9;B01
201000030456;0;7;0;0;2;3;23;C01
201000030456;0;7;0;7;2;5;1;B01
201000030456;0;7;0;0;2;6;23;D01
201000030456;0;7;0;0;2;1;19;A01
201000030457;0;7;0;0;0;5;23;B01
201000030457;0;34;0;0;2;1;2;A01
201000030458;0;7;0;0;2;5;0;B01
201000030458;0;31;0;1;0;1;0;A01
201000030459;0;30;0;0;0;6;1;A01
201000030460;0;7;0;0;2;1;2;A01
201000030460;0;7;0;0;2;4;2;C01
201000030460;0;7;0;0;2;4;2;B01
201000030461;0;7;0;0;2;1;15;A01
201000030461;0;33;0;0;2;1;1;B01
201000030462;0;32;0;14;0;1;1;A01
201000030463;0;7;0;0;2;3;1;B01
201000030463;0;7;0;0;2;3;13;A01
201000030464;0;33;0;0;2;8;5;A01
201000030464;0;7;0;0;0;3;1;B01
201000030465;0;7;0;0;2;3;1;B01
201000030465;0;7;0;0;2;8;5;A01
201000030466;0;2;0;1;0;1;1;A01
201000030467;0;1;0;0;1;1;1;A01
201000030468;0;7;0;0;2;3;1;B01
201000030468;0;7;0;0;0;5;16;A01
201000030469;0;30;0;0;1;8;0;A01
201000030470;0;7;0;0;1;2;1;A01
201000030471;0;7;0;0;2;3;1;B01
201000030471;0;30;0;0;2;1;1;A01
201000030472;0;32;0;0;0;0;1;A01
201000030473;0;7;0;0;0;7;23;B01
201000030473;0;32;0;0;2;8;18;A01
201000030474;0;7;0;0;2;1;1;B01
201000030474;0;7;0;0;2;2;15;A01
201000030475;0;7;0;6;0;2;1;A01
201000030476;0;1;0;0;2;3;1;B01
201000030476;0;7;0;0;2;1;1;A01
201000030477;0;33;0;0;2;1;1;B01
201000030477;0;7;0;0;0;4;12;A01
201000030478;0;33;0;0;2;1;1;A01
201000030478;0;7;0;0;2;2;15;B01
201000030479;0;7;0;0;2;4;2;C01
201000030479;0;7;0;0;2;1;2;A01
201000030479;0;7;0;0;0;4;2;D01
201000030479;0;7;0;0;2;4;2;B01
201000030480;0;7;0;0;1;4;4;A01
201000030481;0;7;0;0;2;3;15;A01
201000030481;0;7;0;0;2;1;1;B01
201000030482;0;7;0;0;2;1;15;A01
201000030482;0;32;0;0;2;8;1;B01
201000030483;0;7;0;0;0;6;0;B01
201000030483;0;33;0;0;2;1;2;A01
201000030484;0;7;0;0;1;1;16;A01
201000030485;0;33;0;0;2;1;1;B01
201000030485;0;7;0;0;2;3;9;A01
201000030486;0;31;0;0;2;1;1;B01
201000030486;0;7;0;0;2;7;15;A01
201000030487;0;34;0;0;2;1;1;A01
201000030487;1;7;0;0;2;1;15;Z01
201000030488;0;7;0;0;2;9;1;A01
201000030488;0;7;0;0;2;8;16;B01
201000030489;0;31;0;0;2;3;1;B01
201000030489;0;7;0;0;2;1;19;A01
201000030490;0;31;0;0;0;4;2;B01
201000030490;0;7;0;0;2;1;1;A01
201000030491;0;7;0;0;0;4;15;B01
201000030491;0;32;0;0;2;1;1;A01
201000030492;0;7;0;0;2;1;15;B01
201000030492;0;33;0;0;2;7;1;A01
201000030493;0;7;0;0;2;1;19;A01
201000030493;0;30;0;0;2;6;1;B01
201000030494;0;7;0;0;2;1;1;A01
201000030494;0;7;0;0;2;4;0;B01
201000030495;0;7;0;0;1;1;0;A01
201000030496;0;7;0;0;9;1;1;A01
201000030496;0;1;0;0;2;4;1;C01
201000030496;0;1;0;0;2;4;1;B01
201000030497;0;7;0;0;2;4;1;B01
201000030497;0;7;0;0;0;4;1;C01
201000030497;0;7;0;0;2;1;1;A01
201000030498;0;7;0;0;2;3;1;B01
201000030498;0;7;0;0;2;1;0;A01
201000030499;0;7;0;0;1;2;1;A01
201000030500;0;7;0;0;0;4;9;A01
201000030500;0;33;0;0;0;1;1;B01
201000030501;0;7;0;0;2;1;15;A01
201000030501;0;7;0;0;2;1;1;B01
201000030502;0;7;0;0;2;1;15;A01
201000030502;0;31;0;0;2;1;1;B01
201000030503;1;7;0;0;2;0;1;Z01
201000030503;0;32;0;0;2;1;1;B01
201000030504;0;7;0;0;2;8;15;A01
201000030504;0;33;0;0;2;1;17;B01
201000030505;0;7;0;0;2;1;1;A01
201000030505;0;33;0;0;0;4;23;C01
201000030505;0;32;0;0;2;4;23;B01
201000030506;0;7;0;0;2;2;23;C01
201000030506;0;7;0;0;2;1;1;B01
201000030506;0;7;0;0;2;2;15;A01
201000030507;0;7;0;0;2;6;1;B01
201000030507;0;33;0;0;2;2;12;A01
201000030508;0;7;0;0;2;3;15;B01
201000030508;0;7;0;14;2;1;1;A01
201000030509;0;7;0;0;2;1;15;A01
201000030509;0;32;0;0;2;3;1;B01
201000030510;0;7;0;0;2;1;1;A01
201000030510;0;7;0;0;2;4;1;B01
201000030511;0;7;0;0;2;3;15;A01
201000030511;0;33;0;8;2;2;17;B01
201000030512;0;33;0;14;0;1;13;A01
201000030513;0;33;0;12;0;2;0;A01
201000030514;0;7;0;0;2;3;11;A01
201000030514;0;33;0;0;0;5;23;B01
201000030515;0;7;0;0;1;6;4;A01
201000030516;0;30;0;0;2;3;18;B01
201000030516;0;7;0;0;0;7;16;A01
201000030517;1;99;0;0;1;1;1;Z01
201000030518;0;31;0;11;0;1;1;A01
201000030519;0;7;0;0;0;4;23;B01
201000030519;0;30;0;0;2;1;1;A01
201000030520;0;7;0;12;0;3;0;A01
201000030521;0;10;0;0;1;2;17;A01
201000030522;0;33;0;0;2;1;1;A01
201000030522;0;14;0;0;0;4;16;B01
201000030523;0;7;0;0;2;3;1;B01
201000030523;0;7;0;4;2;1;13;A01
201000030524;0;1;0;12;0;1;1;A01
201000030525;0;33;0;12;0;7;1;A01
201000030526;0;7;0;0;2;1;0;B01
201000030526;0;7;0;0;2;2;0;A01
201000030527;0;31;0;0;0;7;1;B01
201000030527;0;7;0;0;0;0;11;A01
201000030528;1;99;0;0;2;0;0;Z01
201000030528;0;7;0;0;2;4;23;B01
201000030529;0;33;0;0;2;2;1;B01
201000030529;0;7;0;0;2;6;11;A01
201000030530;0;7;0;0;2;2;1;B01
201000030530;0;33;0;0;2;1;15;A01
201000030531;0;7;0;0;2;3;1;B01
201000030531;0;2;0;0;2;2;1;A01
201000030532;0;7;0;0;2;1;2;A01
201000030532;0;7;0;0;0;4;2;B01
201000030533;0;30;0;0;1;1;18;A01
201000030534;0;7;0;8;0;1;1;A01
201000030535;0;7;0;0;2;1;13;A01
201000030535;0;7;0;0;2;1;1;B01
201000030536;0;7;0;0;2;8;10;A01
201000030536;0;33;0;0;2;1;1;B01
201000030537;0;7;0;0;2;7;19;A01
201000030537;0;33;0;0;2;1;1;B01
201000030538;0;7;0;13;0;1;21;A01
201000030539;1;7;0;0;0;0;19;A01
201000030539;0;31;0;0;2;0;21;B01
201000030540;0;7;0;0;2;4;2;C01
201000030540;0;7;0;0;2;4;2;B01
201000030540;0;7;0;0;2;1;2;A01
201000030541;0;10;0;0;2;2;2;A01
201000030541;0;7;0;6;0;4;2;B01
201000030542;0;7;0;0;2;5;1;B01
201000030542;0;32;0;0;2;3;16;A01
201000030543;0;32;0;0;2;7;1;B01
201000030543;0;7;0;0;2;6;15;A01
201000030544;0;7;0;0;2;5;1;B01
201000030544;0;31;0;0;2;3;3;A01
201000030544;0;7;0;0;2;8;1;C01
201000030545;0;32;0;8;2;3;1;B01
201000030545;0;7;0;0;2;4;4;A01
201000030546;0;30;0;0;2;1;5;B01
201000030546;0;7;0;0;2;3;19;A01
201000030547;0;7;0;0;2;1;1;A01
201000030547;0;7;0;0;0;4;2;C01
201000030547;0;7;0;0;0;4;2;B01
201000030548;1;7;0;0;1;0;1;Z01
201000030549;0;7;0;0;2;0;0;A01
201000030549;0;1;0;0;0;1;1;B01
201000030550;0;7;0;0;2;3;1;B01
201000030550;0;7;0;0;2;2;15;A01
201000030551;0;7;0;0;9;1;1;B01
201000030551;0;1;0;0;2;8;19;A01
201000030552;0;1;0;0;2;1;5;A01
201000030552;0;7;0;0;9;2;1;B01
201000030553;0;7;0;0;1;1;1;A01
201000030554;0;1;0;0;2;1;5;A01
201000030554;0;7;0;0;9;3;1;B01
201000030555;0;7;0;0;2;1;1;B01
201000030555;0;10;0;0;2;2;17;A01
201000030556;0;33;0;0;2;1;1;B01
201000030556;0;31;0;0;2;1;15;A01
201000030557;0;2;0;0;0;0;1;A01
201000030558;0;31;0;0;2;1;1;B01
201000030558;1;7;0;0;2;8;15;Z01
201000030559;0;33;0;0;0;1;1;A01
201000030560;0;33;0;0;1;1;1;A01
201000030561;0;7;0;0;2;2;1;B01
201000030561;0;10;0;0;2;1;5;A01
201000030562;0;33;0;0;2;1;21;A01
201000030562;0;7;0;0;2;2;15;B01
201000030563;0;7;0;0;2;8;15;A01
201000030563;2;7;0;0;2;1;1;B01
201000030564;0;7;0;12;0;1;6;A01
201000030565;0;7;0;13;0;1;1;A01
201000030566;0;33;0;0;2;7;1;B01
201000030566;0;7;0;0;2;1;9;A01
201000030567;0;7;0;0;1;1;1;A01
201000030568;0;7;0;8;0;1;0;A01
201000030569;0;7;0;0;1;7;1;A01
201000030570;0;7;0;0;2;3;0;A01
201000030570;0;7;0;0;2;2;0;B01
201000030571;0;7;0;0;2;6;20;A01
201000030571;0;7;0;0;2;2;1;B01
201000030572;0;1;0;0;1;4;1;B01
201000030572;0;7;0;0;9;7;1;A01
201000030573;0;31;0;0;2;1;1;B01
201000030573;0;7;0;0;2;2;15;A01
201000030574;0;7;0;2;0;8;1;A01
201000030575;0;7;0;0;2;1;1;A01
201000030575;0;7;0;0;2;7;1;B01
201000030576;0;7;0;0;2;6;2;B01
201000030576;0;33;0;0;2;7;2;A01
201000030577;0;7;0;1;0;1;1;B01
201000030577;0;21;0;0;2;4;23;A01
201000030578;0;7;0;0;1;1;1;A01
201000030579;0;7;0;0;2;1;5;A01
201000030579;0;2;0;0;2;1;1;B01
201000030579;0;7;0;0;2;3;2;C01
201000030580;0;7;0;0;1;7;0;A01
201000030580;0;7;0;0;1;6;0;B01
201000030581;0;7;0;7;0;3;1;A01
201000030582;0;7;0;0;2;2;2;A01
201000030582;0;7;0;0;2;6;1;B01
201000030583;0;37;2;0;2;1;1;B01
201000030583;0;7;0;0;2;1;13;A01
201000030584;0;7;0;0;2;3;9;A01
201000030584;0;33;0;0;2;7;9;B01
201000030585;0;7;0;0;2;7;15;A01
201000030585;0;10;0;0;2;1;1;B01
201000030586;0;10;0;0;2;1;1;B01
201000030586;0;7;0;0;2;7;1;A01
201000030587;0;7;0;0;0;8;1;C01
201000030587;0;7;0;0;0;6;2;B01
201000030587;0;30;0;0;2;1;2;A01
201000030588;0;10;0;0;2;7;9;A01
201000030588;0;2;0;0;0;0;2;B01
201000030589;0;7;0;0;1;3;1;A01
201000030590;0;1;0;0;2;2;2;A01
201000030590;0;7;0;0;9;3;15;B01
201000030591;0;1;0;0;1;2;1;A01
201000030592;0;7;0;0;2;3;15;A01
201000030592;0;33;0;0;2;1;1;B01
201000030593;0;7;0;0;2;3;15;B01
201000030593;0;32;0;0;2;2;7;A01
201000030594;0;31;0;0;1;1;1;A01
201000030595;0;7;0;0;2;3;13;A01
201000030595;0;32;0;0;2;1;1;B01
201000030596;0;7;0;0;2;8;15;A01
201000030596;0;7;0;0;2;1;1;B01
201000030597;0;7;0;0;2;1;2;A01
201000030597;0;33;0;0;2;4;23;B01
201000030597;0;7;0;0;0;4;23;C01
201000030598;0;7;0;4;0;2;1;A01
201000030599;0;7;0;12;0;2;1;A01
201000030600;0;7;0;2;0;2;0;A01
201000030601;0;35;0;0;2;1;17;B01
201000030601;0;10;0;0;2;8;15;A01
201000030602;0;7;0;0;1;2;1;A01
201000030603;0;7;0;0;2;1;1;B01
201000030603;0;7;0;0;2;1;13;A01
201000030604;0;7;0;0;2;6;23;B01
201000030604;0;7;0;0;2;2;2;A01
201000030605;0;7;0;0;2;5;1;A01
201000030605;0;7;0;0;2;7;1;B01
201000030606;0;7;0;0;2;3;9;A01
201000030606;0;31;0;0;2;8;1;B01
201000030607;0;7;0;0;2;1;19;A01
201000030607;0;33;0;0;2;7;17;B01
201000030608;0;7;0;0;2;4;23;B01
201000030608;0;7;0;0;2;1;2;A01
201000030609;0;7;0;0;1;1;1;A01
201000030610;0;7;0;0;2;4;1;B01
201000030610;0;10;0;0;0;4;1;C01
201000030610;0;7;0;0;2;1;1;A01
201000030611;0;7;0;0;1;1;1;A01
201000030612;2;1;0;0;1;1;0;A01
201000030613;0;7;0;15;0;1;13;A01
201000030614;0;17;0;0;1;8;0;A01
201000030615;0;7;0;2;2;5;0;B01
201000030615;0;7;0;0;2;3;9;A01
201000030616;0;7;0;0;2;1;5;A01
201000030616;0;7;0;0;2;1;5;B01
201000030617;0;32;0;0;2;2;19;A01
201000030617;0;7;0;0;2;8;1;B01
201000030618;0;7;0;0;0;4;12;A01
201000030618;0;33;0;0;2;1;1;B01
201000030619;0;37;1;0;1;2;7;A01
201000030620;0;33;0;0;2;1;1;B01
201000030620;0;7;0;0;2;8;15;A01
201000030621;0;7;0;0;2;1;16;A01
201000030621;0;7;0;0;2;1;1;B01
201000030622;0;7;0;0;2;2;15;A01
201000030622;0;33;0;0;2;2;21;B01
201000030623;0;32;0;0;2;1;1;B01
201000030623;0;7;0;0;2;1;15;A01
201000030624;0;33;0;0;1;8;1;A01
201000030625;0;7;0;0;2;6;15;B01
201000030625;1;7;0;0;2;1;2;A01
201000030626;0;1;0;0;2;7;1;B01
201000030626;0;7;0;0;9;8;9;A01
201000030627;0;7;0;0;2;7;19;B01
201000030627;0;7;0;0;2;5;19;D01
201000030627;0;31;0;0;2;7;19;C01
201000030627;0;7;0;0;2;1;19;A01
201000030628;0;7;0;0;2;3;1;B01
201000030628;0;7;0;0;2;3;0;A01
201000030629;0;7;0;0;2;7;15;A01
201000030629;0;7;0;0;2;2;1;B01
201000030630;0;1;0;0;2;7;17;B01
201000030630;0;7;0;0;9;6;15;A01
201000030631;0;7;0;0;2;3;0;B01
201000030631;0;32;0;0;0;1;1;A01
201000030632;0;7;0;0;9;3;1;B01
201000030632;0;1;0;0;2;1;19;A01
201000030633;0;7;0;0;2;7;15;A01
201000030633;0;32;0;0;2;3;1;B01
201000030634;0;7;0;0;1;1;1;A01
201000030635;0;7;0;0;2;7;17;A01
201000030635;0;30;0;0;2;8;15;B01
201000030636;0;31;0;0;2;1;1;A01
201000030636;0;7;0;0;0;6;1;B01
201000030637;1;7;0;8;2;1;19;Z01
201000030637;0;7;0;0;2;2;15;A01
201000030638;0;7;0;0;2;8;15;B01
201000030638;0;33;0;0;2;7;17;A01
201000030639;0;7;0;0;2;1;2;A01
201000030639;0;7;0;0;0;4;2;B01
201000030640;0;7;0;0;1;2;1;A01
201000030641;0;7;0;15;0;1;19;A01
201000030642;0;7;0;0;0;1;2;A01
201000030642;0;7;0;0;0;4;2;B01
201000030642;0;7;0;0;0;4;2;C01
201000030643;1;7;0;0;2;1;1;Z01
201000030643;0;7;0;0;2;1;1;B01
201000030644;0;30;0;0;9;0;1;A01
201000030645;0;7;0;0;2;2;15;A01
201000030645;0;33;0;0;2;1;1;B01
201000030646;0;7;0;0;2;1;2;A01
201000030646;0;7;0;0;0;4;2;B01
201000030647;0;7;0;0;9;1;1;B01
201000030647;0;1;0;0;2;1;19;A01
201000030648;0;33;0;5;0;1;1;A01
201000030649;0;7;0;0;0;9;14;A01
201000030650;0;7;0;13;0;1;1;A01
201000030651;0;7;0;0;2;1;1;B01
201000030651;0;33;0;0;1;6;1;A01
201000030652;0;7;0;0;2;2;15;A01
201000030652;0;32;0;0;2;1;1;B01
201000030653;0;10;0;0;2;1;1;B01
201000030653;0;7;0;0;2;2;15;A01
201000030654;0;37;12;0;2;2;15;A01
201000030654;0;33;0;0;2;1;2;B01
201000030655;0;2;0;0;2;1;1;B01
201000030655;0;7;0;0;2;1;15;A01
201000030656;0;7;0;8;2;1;0;A01
201000030656;0;7;0;0;2;3;1;B01
201000030657;0;7;0;0;2;2;16;A01
201000030657;0;1;0;0;2;1;1;B01
201000030658;0;7;0;0;1;1;1;A01
201000030659;0;33;0;0;2;1;1;B01
201000030659;0;7;0;0;2;8;15;A01
201000030660;0;7;0;0;1;3;1;A01
201000030661;0;40;0;0;2;1;1;B01
201000030661;0;7;0;0;4;2;1;A01
201000030662;0;7;0;0;2;3;16;C01
201000030662;0;7;0;0;2;4;1;B01
201000030662;1;7;0;0;2;1;1;A01
201000030663;0;7;0;0;2;3;1;A01
201000030663;0;7;0;0;2;2;15;B01
201000030664;0;32;0;0;2;1;1;B01
201000030664;0;7;0;0;2;3;15;A01
201000030665;0;10;0;0;2;4;4;A01
201000030665;0;31;0;0;2;1;2;B01
201000030666;0;7;0;0;2;3;15;A01
201000030666;0;31;0;0;2;1;17;B01
201000030667;0;7;0;4;0;1;1;A01
201000030668;0;7;0;14;0;2;9;A01
201000030669;0;7;0;0;2;2;5;A01
201000030669;0;37;1;0;2;1;2;B01
201000030670;0;7;0;0;2;1;5;A01
201000030670;0;7;0;0;2;1;1;B01
201000030671;0;1;0;0;2;7;1;B01
201000030671;0;7;0;0;9;3;9;A01
201000030672;0;7;0;0;2;3;1;C01
201000030672;0;7;0;0;2;2;17;B01
201000030672;0;7;0;0;2;6;13;A01
201000030673;0;7;0;0;2;3;16;A01
201000030673;0;7;0;0;2;2;1;B01
201000030674;0;7;0;0;1;1;1;A01
201000030675;0;7;0;2;0;2;14;A01
201000030676;0;7;0;0;2;3;16;A01
201000030676;0;33;0;0;2;2;1;B01
201000030677;0;33;0;0;2;1;1;B01
201000030677;0;7;0;0;0;4;10;A01
201000030678;0;7;0;0;2;3;9;A01
201000030678;0;2;0;0;2;7;1;B01
201000030679;0;7;0;0;1;3;1;A01
201000030680;0;1;0;0;2;1;1;B01
201000030680;0;7;0;0;0;5;16;A01
201000030681;0;7;0;15;0;3;1;A01
201000030682;0;7;0;3;0;1;1;A01
201000030683;0;7;0;0;2;1;2;A01
201000030683;0;7;0;0;2;4;23;B01
201000030684;0;7;0;0;2;1;2;A01
201000030684;0;7;0;0;2;4;2;B01
201000030685;0;7;0;0;2;2;1;B01
201000030685;0;33;0;0;2;1;1;A01
201000030686;1;7;0;0;2;3;1;B01
201000030686;0;7;0;0;2;2;1;A01
201000030687;0;33;0;0;2;2;17;B01
201000030687;0;7;0;0;2;3;10;A01
201000030688;0;7;0;0;1;1;15;A01
201000030689;0;7;0;0;2;2;1;C01
201000030689;0;7;0;0;2;7;1;B01
201000030689;0;30;0;0;2;3;3;A01
201000030690;0;7;0;0;2;1;9;B01
201000030690;0;32;0;0;2;1;1;A01
201000030691;1;7;0;0;2;1;15;Z01
201000030691;0;1;0;0;2;8;1;A01
201000030692;0;7;0;0;2;0;15;A01
201000030692;0;31;0;0;2;1;1;B01
201000030693;0;7;0;13;0;6;21;A01
201000030694;0;7;0;0;2;3;1;B01
201000030694;0;2;0;0;2;1;1;A01
201000030695;0;7;0;0;0;5;1;B01
201000030695;0;31;0;0;2;1;2;A01
201000030696;0;7;0;0;1;1;1;A01
201000030697;0;7;0;4;0;1;1;A01
201000030698;0;32;0;0;0;7;1;A01