num_acc;senc;catv;occutc;obs;obsm;choc;manv;num_veh
201000030699;0;7;0;0;2;1;13;A01
201000030699;0;7;0;0;2;1;1;B01
201000030699;0;7;0;0;2;3;1;C01
201000030700;0;31;0;0;2;6;0;B01
201000030700;0;7;0;0;2;1;7;A01
201000030701;0;7;0;0;2;5;14;A01
201000030701;0;1;0;0;2;1;1;B01
201000030702;0;7;0;0;0;0;0;A01
201000030703;0;7;0;0;2;1;10;A01
201000030703;0;7;0;0;2;2;1;B01
201000030704;0;7;0;0;2;7;15;A01
201000030704;0;2;0;0;2;1;1;B01
201000030705;0;7;0;0;2;1;1;A01
201000030705;0;7;0;0;2;7;1;B01
201000030706;0;7;0;0;2;3;1;B01
201000030706;0;7;0;0;2;1;1;A01
201000030707;0;7;0;0;2;3;9;B01
201000030707;0;7;0;0;2;8;9;A01
201000030708;0;7;0;0;2;1;1;A01
201000030708;0;31;0;0;2;8;1;B01
201000030709;0;7;0;0;2;2;1;A01
201000030709;0;32;0;0;2;4;2;B01
201000030710;0;7;0;0;2;2;15;A01
201000030710;0;32;0;0;2;1;1;B01
201000030711;0;7;0;0;2;4;2;B01
201000030711;0;7;0;0;2;1;1;A01
201000030712;0;7;0;0;2;8;4;A01
201000030712;0;2;0;0;2;1;1;B01
201000030713;0;2;0;0;2;1;1;B01
201000030713;0;7;0;0;2;7;20;A01
201000030714;0;7;0;0;2;1;15;A01
201000030714;0;31;0;0;2;1;1;B01
201000030715;0;7;0;0;2;4;2;B01
201000030715;0;7;0;0;2;1;1;A01
201000030716;0;2;0;0;2;1;13;A01
201000030716;0;7;0;0;2;6;1;B01
201000030717;0;7;0;0;1;1;1;A01
201000030718;0;33;0;0;2;1;1;B01
201000030718;0;7;0;0;2;1;15;A01
201000030719;0;33;0;0;1;1;1;A01
201000030720;0;2;0;0;2;1;1;A01
201000030720;0;7;0;0;2;3;15;B01
201000030721;0;33;0;11;0;1;13;A01
201000030722;0;2;0;0;2;1;1;B01
201000030722;0;7;0;0;2;2;15;A01
201000030723;0;1;0;0;2;1;5;A01
201000030723;0;7;0;0;2;2;1;B01
201000030724;0;7;0;0;2;8;1;B01
201000030724;0;7;0;0;2;8;13;A01
201000030725;0;2;0;0;2;1;1;B01
201000030725;0;7;0;0;2;1;16;A01
201000030726;0;7;0;0;2;1;1;B01
201000030726;0;7;0;0;2;1;13;A01
201000030727;0;33;0;0;2;1;13;A01
201000030727;0;7;0;0;2;2;1;B01
201000030728;0;33;0;0;1;1;17;A01
201000030729;0;7;0;0;2;8;15;A01
201000030729;0;33;0;0;2;1;1;B01
201000030730;0;7;0;0;2;1;1;A01
201000030730;0;33;0;0;2;4;23;B01
201000030731;0;7;0;0;2;3;13;A01
201000030731;0;33;0;0;2;1;1;C01
201000030731;0;33;0;0;2;1;1;B01
201000030732;0;2;0;0;2;1;1;A01
201000030732;0;7;0;0;2;4;2;B01
201000030733;0;7;0;0;2;3;17;A01
201000030733;0;7;0;0;2;1;1;B01
201000030734;0;33;0;0;2;1;1;B01
201000030734;0;7;0;0;2;8;15;A01
201000030735;0;14;0;0;2;3;1;A01
201000030735;0;7;0;0;2;4;2;C01
201000030735;0;7;0;0;2;4;2;B01
201000030736;0;2;0;0;2;1;1;B01
201000030736;0;7;0;0;2;4;4;A01
201000030737;0;7;0;0;1;1;1;A01
201000030738;0;33;0;0;2;1;1;B01
201000030738;0;2;0;0;2;1;17;A01
201000030739;0;7;0;0;0;1;13;A01
201000030740;0;2;0;0;2;1;13;A01
201000030740;0;7;0;0;2;2;1;B01
201000030741;0;2;0;0;2;1;5;A01
201000030741;0;7;0;0;2;3;1;B01
201000030742;0;10;0;0;1;4;4;A01
201000030743;0;33;0;0;2;8;1;B01
201000030743;0;10;0;0;2;7;16;A01
201000030744;0;7;0;0;2;3;13;A01
201000030744;0;7;0;0;2;3;1;B01
201000030745;0;7;0;0;2;1;1;B01
201000030745;0;7;0;0;2;4;1;A01
201000030746;0;7;0;0;2;1;1;B01
201000030746;0;7;0;0;2;8;10;A01
201000030747;0;7;0;0;2;4;2;B01
201000030747;0;7;0;0;2;1;1;A01
201000030748;0;7;0;0;2;8;15;A01
201000030748;0;31;0;0;2;1;1;B01
201000030749;0;31;0;0;2;1;1;A01
201000030749;1;7;0;0;2;8;1;B01
201000030750;0;7;0;0;1;1;14;A01
201000030751;0;33;0;0;2;1;1;B01
201000030751;0;7;0;0;2;3;15;A01
201000030752;0;7;0;0;2;2;0;A01
201000030752;0;30;0;0;2;1;0;B01
201000030753;0;7;0;0;2;1;1;B01
201000030753;0;7;0;0;2;8;0;A01
201000030754;0;7;0;0;2;3;15;A01
201000030754;0;33;0;0;2;1;1;B01
201000030755;0;7;0;0;0;4;23;C01
201000030755;0;7;0;14;0;4;23;B01
201000030755;0;7;0;14;0;1;2;A01
201000030756;0;7;0;0;2;3;1;A01
201000030756;0;7;0;0;2;1;1;B01
201000030757;0;7;0;0;1;3;1;A01
201000030758;0;10;0;0;1;0;1;A01
201000030759;0;7;0;6;0;1;1;A01
201000030760;0;7;0;0;2;3;15;A01
201000030760;0;33;0;0;2;1;1;B01
201000030761;0;7;0;0;0;8;13;A01
201000030761;0;30;0;0;2;1;1;B01
201000030762;0;7;0;0;2;3;11;A01
201000030762;0;33;0;0;2;7;17;B01
201000030763;0;14;0;0;2;3;21;B01
201000030763;0;7;0;0;2;3;13;A01
201000030764;0;33;0;0;2;5;9;A01
201000030764;0;10;0;0;2;5;15;B01
201000030765;0;7;0;0;2;3;10;B01
201000030765;0;33;0;0;2;1;0;A01
201000030766;0;7;0;0;0;1;13;A01
201000030766;0;7;0;0;0;1;2;B01
201000030767;0;7;0;15;0;1;1;A01
201000030768;0;7;0;0;1;4;2;A01
201000030769;0;7;0;15;0;4;2;B01
201000030769;0;7;0;0;0;4;2;C01
201000030769;0;7;0;14;0;1;2;A01
201000030770;0;7;0;0;1;1;11;A01
201000030771;0;7;0;0;1;3;1;A01
201000030772;0;7;0;0;1;1;0;A01
201000030773;0;7;0;0;2;1;19;A01
201000030773;0;7;0;0;2;8;1;B01
201000030774;0;30;0;0;2;8;9;A01
201000030774;0;7;0;0;2;3;1;B01
201000030775;0;7;0;0;2;8;1;A01
201000030775;0;30;0;0;2;1;1;B01
201000030776;0;7;0;0;1;2;1;A01
201000030777;0;7;0;0;1;2;0;A01
201000030778;0;7;0;0;0;0;15;A01
201000030778;0;33;0;0;2;1;1;B01
201000030778;0;7;0;0;2;1;23;C01
201000030779;0;7;0;0;2;1;1;B01
201000030779;0;7;0;0;2;1;5;A01
201000030780;0;7;0;0;2;7;17;A01
201000030780;0;3;0;0;2;8;2;B01
201000030781;0;7;0;0;2;7;15;A01
201000030781;0;2;0;0;2;1;1;B02
201000030782;0;7;0;13;0;0;1;A01
201000030783;0;7;0;0;2;1;1;A01
201000030783;0;7;0;0;2;4;2;B01
201000030784;0;7;0;13;0;7;1;A01
201000030785;0;7;0;1;0;1;1;A01
201000030786;0;7;0;0;1;1;1;A01
201000030787;0;7;0;0;1;1;15;A01
201000030788;0;7;0;0;1;3;15;A01
201000030789;0;1;0;0;0;1;1;A01
201000030790;0;10;0;0;2;0;23;A01
201000030790;0;2;0;14;0;1;1;B02
201000030791;1;7;0;0;1;0;1;A01
201000030792;0;33;0;0;0;8;1;B02
201000030792;0;7;0;0;2;0;11;A01
201000030793;0;7;0;0;2;4;2;B02
201000030793;0;7;0;0;2;1;1;A01
201000030794;1;7;0;0;2;0;14;A01
201000030794;0;7;0;0;2;8;1;B01
201000030795;0;7;0;0;2;7;15;A01
201000030795;0;33;0;0;2;1;1;B01
201000030796;0;7;0;9;1;1;1;A01
201000030797;0;30;0;0;2;1;1;B02
201000030797;0;30;0;0;2;7;15;A01
201000030798;0;7;0;0;1;2;1;A01
201000030799;0;7;0;0;1;2;1;A01
201000030800;0;7;0;0;1;3;1;A01
201000030801;0;7;0;0;1;0;1;A01
201000030802;0;1;0;0;2;2;1;A01
201000030802;0;7;0;0;2;0;1;B02
201000030803;0;7;0;0;2;1;1;A01
201000030803;0;7;0;0;2;4;23;B02
201000030804;0;7;0;3;0;1;2;B02
201000030804;0;7;0;0;0;0;14;A01
201000030805;0;3;0;6;0;1;1;A01
201000030806;0;7;0;4;0;3;1;A01
201000030807;0;3;0;9;0;1;14;A01
201000030808;0;7;0;0;2;8;1;B02
201000030808;0;2;0;0;2;1;1;A01
201000030809;0;7;0;3;0;9;1;A01
201000030810;0;7;0;0;2;4;2;C03
201000030810;0;7;0;0;2;1;1;A01
201000030810;0;7;0;9;2;4;2;B02
201000030811;0;10;0;0;1;2;1;A01
201000030812;0;37;25;0;2;2;1;B02
201000030812;0;1;0;0;2;1;19;A01
201000030813;0;7;0;0;2;0;2;C01
201000030813;0;7;0;0;2;0;1;A01
201000030813;0;7;0;0;2;0;2;B01
201000030813;0;7;0;0;2;0;2;D01
201000030814;0;7;0;0;2;0;2;C01
201000030814;0;7;0;0;2;0;2;B01
201000030814;0;7;0;0;2;1;1;A01
201000030815;0;7;0;0;1;3;1;A01
201000030816;0;7;0;0;2;4;4;A01
201000030816;0;7;0;0;2;7;1;B02
201000030817;0;7;0;0;2;0;1;A01
201000030817;0;7;0;0;2;0;0;B01
201000030818;0;7;0;4;0;1;1;A01
201000030819;0;7;0;3;0;0;1;A01
201000030820;0;7;0;0;2;1;15;A01
201000030820;0;33;0;0;0;0;0;B01
201000030821;0;7;0;0;2;8;1;A01
201000030821;0;15;0;0;2;7;1;B01
201000030822;0;7;0;0;2;1;2;B01
201000030822;0;7;0;0;2;1;1;A01
201000030822;0;7;0;0;2;4;2;C01
201000030822;0;7;0;0;2;1;2;D01
201000030823;0;1;0;0;0;1;1;A01
201000030824;0;7;0;0;1;0;15;A01
201000030825;0;7;0;11;0;0;1;A01
201000030826;0;7;0;15;1;1;1;A01
201000030827;1;7;0;12;0;9;1;A01
201000030828;0;7;0;13;0;1;1;A01
201000030829;0;7;0;0;0;0;1;A01
201000030830;0;7;0;0;0;0;1;A01
201000030831;0;2;0;0;2;4;1;B01
201000030831;0;10;0;0;2;1;2;A01
201000030832;0;7;0;0;2;4;2;B01
201000030832;0;7;0;0;2;1;1;A01
201000030833;0;30;0;0;0;0;1;A01
201000030834;0;7;0;0;2;3;1;B01
201000030834;0;7;0;1;2;1;17;A01
201000030835;0;1;0;0;2;1;1;A01
201000030835;0;7;0;0;2;4;2;B01
201000030836;0;7;0;9;0;1;1;A01
201000030837;0;10;0;0;1;1;1;A01
201000030838;0;7;0;1;0;1;1;A01
201000030839;0;7;0;0;1;1;15;A01
201000030840;0;7;0;2;0;1;1;A01
201000030841;0;7;0;0;2;2;15;A01
201000030841;0;7;0;0;2;3;1;B01
201000030842;0;33;0;0;0;0;1;A01
201000030843;0;7;0;0;2;1;1;B01
201000030843;0;7;0;0;2;9;1;A01
201000030844;0;7;0;15;0;5;1;A01
201000030845;0;33;0;0;0;0;1;A01
201000030846;0;2;0;0;2;7;17;A01
201000030846;0;7;0;0;2;8;15;B01
201000030847;2;32;0;0;0;0;21;A01
201000030848;0;10;0;0;2;4;2;B01
201000030848;0;30;0;0;2;1;1;A01
201000030849;0;7;0;0;2;6;1;B01
201000030849;0;15;0;0;2;2;12;A01
201000030849;0;10;0;0;2;2;1;C01
201000030850;0;15;0;0;1;2;1;A01
201000030851;0;7;0;0;2;1;1;A01
201000030851;0;7;0;0;2;7;1;B01
201000030852;0;15;0;0;2;3;1;B01
201000030852;0;7;0;5;2;1;21;A01
201000030853;0;30;0;12;0;0;1;A01
201000030854;0;1;0;0;1;1;1;A01
201000030855;0;30;0;0;2;1;1;B01
201000030855;0;7;0;0;2;8;9;A01
201000030856;0;1;0;14;0;0;1;A01
201000030857;0;7;0;0;0;9;1;A01
201000030858;0;7;0;0;2;3;1;A01
201000030858;0;1;0;0;2;0;1;B01
201000030859;0;7;0;0;1;8;1;A01
201000030860;0;7;0;0;2;4;1;B01
201000030860;0;7;0;0;2;1;1;A01
201000030861;0;10;0;0;2;4;1;F02
201000030861;0;7;0;0;2;1;1;A01
201000030861;0;7;0;0;2;1;1;C01
201000030861;0;10;0;0;2;1;1;D01
201000030861;0;7;0;0;2;1;1;B01
201000030861;0;7;0;0;2;1;1;E01
201000030862;0;7;0;0;2;8;1;B01
201000030862;0;7;0;0;2;1;1;A01
201000030863;0;1;0;0;0;0;0;A01
201000030864;0;7;0;0;1;2;16;A01
201000030865;0;10;0;0;1;0;1;A01
201000030866;0;7;0;0;0;2;1;A01
201000030867;0;1;0;0;2;1;1;B01
201000030867;0;7;0;0;2;8;22;A01
201000030868;0;30;0;0;2;7;1;B01
201000030868;0;7;0;0;2;3;15;A01
201000030869;0;1;0;0;0;0;1;A01
201000030870;0;7;0;0;0;9;1;A01
201000030871;0;7;0;0;1;0;1;A01
201000030872;0;7;0;0;2;4;2;B01
201000030872;0;7;0;0;2;1;1;A01
201000030872;0;7;0;0;2;4;20;C01
201000030873;0;7;0;0;2;8;1;B01
201000030873;0;7;0;0;2;1;1;A01
201000030874;0;7;0;0;2;6;9;A01
201000030874;0;30;0;0;2;1;1;B01
201000030875;0;1;0;0;0;0;1;A01
201000030876;0;30;0;0;2;0;1;B01
201000030876;0;7;0;0;2;7;14;A01
201000030877;0;7;0;0;2;4;2;B01
201000030877;0;30;0;0;2;1;1;A01
201000030878;0;7;0;0;2;1;1;A01
201000030878;0;7;0;0;2;4;2;B01
201000030879;0;7;0;0;2;4;1;B01
201000030879;0;13;0;0;2;1;1;A01
201000030880;0;7;0;0;2;0;15;A01
201000030880;0;7;0;0;2;0;1;B01
201000030881;0;2;0;12;0;0;16;A01
201000030882;0;7;0;0;2;1;1;A01
201000030882;0;7;0;0;2;8;1;B01
201000030883;0;30;0;0;2;0;1;A01
201000030884;0;7;0;0;2;6;20;A01
201000030884;0;33;0;0;2;0;1;B01
201000030885;1;7;0;0;1;1;9;A01
201000030886;0;7;0;0;2;2;1;A01
201000030886;0;7;0;0;2;3;19;B01
201000030887;0;17;0;0;2;7;12;A01
201000030887;0;7;0;0;2;8;1;B01
201000030888;0;7;0;0;2;6;9;A01
201000030888;0;14;0;0;2;2;1;B01
201000030889;1;7;0;0;1;1;1;Z01
201000030890;0;10;0;0;1;2;1;A01
201000030891;0;7;0;0;2;1;1;A01
201000030891;0;14;0;0;2;6;2;B01
201000030892;0;7;0;6;0;3;16;A01
201000030893;0;7;0;0;2;4;1;A01
201000030893;0;7;0;0;2;4;23;B01
201000030894;0;7;0;0;1;6;4;A01
201000030895;0;10;0;0;1;4;4;A01
201000030896;0;30;0;0;2;3;1;A01
201000030896;0;7;0;0;2;2;15;B01
201000030897;0;1;0;0;1;0;1;A01
201000030898;0;7;0;0;2;8;11;A01
201000030898;0;7;0;0;2;1;1;B01
201000030899;0;7;0;0;2;4;2;C01
201000030899;0;10;0;0;2;4;2;B01
201000030899;0;7;0;0;2;3;1;A01
201000030900;0;10;0;0;2;1;1;B01
201000030900;0;2;0;0;2;1;1;A01
201000030901;0;1;0;0;0;1;1;A01
201000030902;0;31;0;0;2;7;1;B01
201000030902;0;7;0;0;2;8;15;A01
201000030903;0;7;0;11;0;1;1;A01
201000030904;0;7;0;13;0;9;1;A01
201000030905;0;7;0;0;0;9;1;A01
201000030906;0;7;0;0;2;3;1;B01
201000030906;0;7;0;1;2;1;1;A01
201000030907;0;30;0;0;0;1;1;A01
201000030908;0;7;0;0;2;2;16;A01
201000030908;0;1;0;0;2;0;1;B01
201000030909;0;7;0;0;2;1;13;A01
201000030909;0;7;0;0;2;1;1;B01
201000030910;0;37;40;0;1;1;1;A01
201000030911;0;7;0;0;2;4;1;B01
201000030911;0;7;0;0;2;1;1;A01
201000030912;0;30;0;0;0;1;1;A01
201000030913;0;7;0;11;0;1;1;A01
201000030914;1;10;0;0;2;1;2;A01
201000030914;0;7;0;0;2;4;1;B01
201000030915;0;2;0;0;2;4;2;A01
201000030915;1;7;0;0;2;1;1;Z01
201000030916;0;7;0;3;2;4;9;A01
201000030916;0;17;0;0;2;1;1;B01
201000030917;0;30;0;0;2;4;15;B01
201000030917;0;30;0;0;2;1;15;A01
201000030918;0;7;0;0;2;1;15;A01
201000030918;0;33;0;0;2;1;1;B01
201000030919;0;30;0;0;2;0;1;B01
201000030919;0;7;0;0;2;7;16;A01
201000030920;0;7;0;7;2;7;15;A01
201000030920;0;7;0;0;2;1;1;B01
201000030921;0;7;0;13;0;1;1;A01
201000030922;0;30;0;0;0;1;1;A01
201000030923;0;33;0;7;0;1;1;A01
201000030923;0;7;0;0;0;0;15;B01
201000030924;0;7;0;0;2;1;13;A01
201000030924;0;31;0;0;2;1;1;C01
201000030924;0;7;0;0;2;1;1;B01
201000030925;0;7;0;0;0;4;2;C01
201000030925;0;14;0;0;2;1;1;A01
201000030925;0;7;0;0;2;4;2;B01
201000030926;0;7;0;0;2;4;1;A01
201000030926;0;7;0;0;2;1;2;B01
201000030927;0;1;0;0;2;1;1;B01
201000030927;0;7;0;0;2;3;22;A01
201000030928;0;2;0;0;0;1;1;A01
201000030929;0;30;0;0;1;1;1;A01
201000030930;0;7;0;0;2;2;16;A01
201000030930;0;30;0;0;2;1;1;B01
201000030931;0;7;0;6;0;1;14;A01
201000030932;0;7;0;0;2;6;15;B01
201000030932;0;33;0;0;2;1;17;A01
201000030933;0;7;0;0;2;4;2;B01
201000030933;0;7;0;0;2;1;2;A01
201000030934;0;7;0;0;2;4;2;B01
201000030934;0;30;0;0;2;8;2;A01
201000030935;0;7;0;0;2;3;1;B01
201000030935;0;3;0;0;2;2;1;A01
201000030936;0;7;0;0;2;1;1;A01
201000030936;0;7;0;0;2;8;1;B01
201000030937;0;7;0;0;2;5;1;A01
201000030937;0;10;0;0;2;3;16;B01
201000030938;0;7;0;0;2;3;15;A01
201000030938;0;32;0;0;2;8;1;B01
201000030939;0;7;0;9;0;0;1;A01
201000030940;0;7;0;0;0;0;1;A01
201000030941;0;1;0;0;2;4;1;B01
201000030941;0;7;0;0;2;7;13;A01
201000030942;0;1;0;0;2;1;15;A01
201000030942;0;7;0;0;0;1;1;B01
201000030943;0;34;0;0;0;1;9;A01
201000030944;0;10;0;0;1;4;4;A01
201000030945;0;7;0;0;1;1;1;A01
201000030946;0;7;0;0;2;7;1;A01
201000030946;0;1;0;0;2;0;1;B01
201000030947;0;30;0;0;2;1;15;A01
201000030947;0;7;0;0;2;3;1;B01
201000030948;0;1;0;1;0;1;1;A01
201000030949;0;7;0;0;1;1;1;A01
201000030950;0;31;0;0;2;1;1;A01
201000030950;1;7;0;0;2;4;2;B01
201000030951;0;7;0;6;0;1;15;A01
201000030952;0;7;0;7;2;9;1;B01
201000030952;2;7;0;0;0;1;1;A01
201000030953;0;1;0;0;2;0;15;A01
201000030953;0;7;0;0;2;6;1;B01
201000030954;0;7;0;0;2;0;15;A01
201000030954;0;32;0;0;2;1;1;B01
201000030955;0;30;0;15;0;1;1;A01
201000030956;0;1;0;0;0;0;1;A01
201000030957;0;1;0;0;1;0;1;A01
201000030958;0;2;0;0;0;0;0;A01
201000030959;0;7;0;0;0;0;1;A01
201000030960;0;30;0;0;2;1;1;A01
201000030960;0;7;0;0;2;4;23;B01
201000030961;0;7;0;0;1;0;15;A01
201000030962;0;7;0;0;1;2;1;A01
201000030963;0;1;0;9;0;1;19;A01
201000030964;0;7;0;0;2;6;9;B01
201000030964;0;31;0;0;2;1;2;A01
201000030965;0;2;0;0;2;1;1;A01
201000030965;0;7;0;0;2;8;1;B01
201000030966;0;30;0;0;2;1;9;A01
201000030966;0;7;0;0;2;2;1;B01
201000030967;0;30;0;0;2;4;1;B01
201000030967;0;7;0;0;2;1;1;A01
201000030968;0;7;0;7;2;8;1;A01
201000030968;0;7;0;0;2;2;1;B01
201000030969;0;7;0;0;1;1;1;A01
201000030970;0;31;0;0;2;0;1;B01
201000030970;0;7;0;0;2;6;15;A01
201000030971;0;1;0;0;2;1;1;A01
201000030971;0;7;0;0;2;2;9;B01
201000030972;0;7;0;6;0;2;1;A01
201000030973;0;2;0;2;0;1;1;A01
201000030974;0;33;0;0;1;1;1;A01
201000030975;0;10;0;0;2;8;22;A01
201000030975;0;1;0;0;2;1;1;B01
201000030976;0;34;0;0;2;3;1;B01
201000030976;0;7;0;0;2;1;15;A01
201000030977;0;30;0;0;0;0;1;A01
201000030978;0;2;0;8;0;1;1;A01
201000030979;0;33;0;0;2;1;19;A01
201000030979;0;7;0;0;2;8;1;B01
201000030980;0;7;0;0;1;8;1;A01
201000030981;0;7;0;0;2;6;17;A01
201000030981;0;33;0;0;2;1;1;B01
201000030982;0;7;0;0;2;1;6;A01
201000030982;0;7;0;0;2;1;1;B01
201000030983;0;14;0;0;2;2;12;A01
201000030983;0;7;0;0;9;0;1;D01
201000030983;0;7;0;0;2;8;1;B01
201000030983;0;7;0;0;9;0;1;C01
201000030984;0;1;0;0;2;1;1;A01
201000030984;0;1;0;0;2;4;2;B01
201000030985;0;7;0;0;1;1;1;A01
201000030986;0;7;0;7;0;7;1;B01
201000030986;0;7;0;0;2;0;15;A01
201000030987;0;7;0;9;0;1;1;A01
201000030988;0;34;0;0;2;1;1;B01
201000030988;0;7;0;0;2;8;10;A01
201000030989;0;7;0;11;0;3;1;A01
201000030990;0;7;0;8;0;1;1;A01
201000030991;0;30;0;14;0;1;1;A01
201000030992;0;7;0;0;1;1;1;A01
201000030993;0;30;0;0;2;1;1;A01
201000030993;0;7;0;0;2;4;23;B01
201000030994;0;32;0;6;0;1;1;A01
201000030995;0;1;0;0;2;1;1;B01
201000030995;0;7;0;0;2;3;9;A01
201000030996;0;1;0;0;2;8;5;A01
201000030996;0;7;0;0;2;1;15;B01
201000030997;0;33;0;0;2;1;1;A01
201000030997;0;7;0;0;2;4;20;B01
201000030998;0;30;0;0;2;1;13;A01
201000030998;0;7;0;0;2;1;1;B01
201000030999;0;7;0;0;2;1;1;B01
201000030999;0;7;0;0;2;1;19;A01
201000031000;0;7;0;0;2;1;1;A01
201000031000;0;37;20;0;2;3;1;B01
201000031001;0;10;0;0;2;4;4;A01
201000031001;0;31;0;0;2;1;1;B01
201000031002;0;7;0;0;2;3;15;A01
201000031002;0;33;0;0;2;1;1;B01
201000031003;0;14;0;0;1;4;4;A01
201000031004;0;10;0;0;1;4;4;A01
201000031005;0;1;0;0;2;1;1;B01
201000031005;1;7;0;0;2;2;16;A01
201000031006;0;37;15;0;1;2;1;A01
201000031007;0;7;0;0;2;8;1;A01
201000031007;0;33;0;0;2;1;1;B01
201000031008;0;7;0;13;0;0;1;A01
201000031009;0;7;0;0;2;8;15;A01
201000031009;0;32;0;0;2;7;15;B01
201000031010;0;7;0;0;1;2;1;A01
201000031011;0;7;0;0;2;7;22;A01
201000031011;0;1;0;0;2;1;1;B01
201000031012;0;7;0;0;2;3;1;A01
201000031012;0;1;0;0;2;1;19;B01
201000031013;0;30;0;0;2;4;2;B01
201000031013;0;7;0;0;2;1;1;A01
201000031014;0;7;0;8;0;1;1;A01
201000031015;0;7;0;0;2;7;15;A01
201000031015;0;1;0;0;2;1;1;B01
201000031016;0;2;0;0;0;1;1;A01
201000031017;0;7;0;0;2;4;2;C01
201000031017;0;7;0;0;2;4;2;B01
201000031017;0;7;0;0;2;1;1;A01
201000031017;0;7;0;0;2;4;2;D01
201000031018;0;7;0;1;0;2;1;A01
201000031019;0;33;0;0;2;1;1;B01
201000031019;0;7;0;0;2;1;13;A01
201000031020;0;10;0;0;2;1;1;A01
201000031020;0;7;0;0;2;4;2;B01
201000031021;0;7;0;0;2;4;23;B01
201000031021;0;7;0;0;2;4;23;C01
201000031021;0;7;0;0;2;1;1;A01
201000031022;0;30;0;0;1;1;1;A01
201000031023;0;7;0;0;1;4;4;A01
201000031024;0;7;0;9;2;1;1;A01
201000031025;0;7;0;0;2;4;1;B01
201000031025;0;33;0;0;2;1;1;A01
201000031026;0;7;0;11;0;3;1;A01
201000031027;0;7;0;13;0;3;1;A01
201000031028;0;33;0;0;2;1;1;A01
201000031028;0;7;0;0;2;4;2;B01
201000031029;0;7;0;0;2;4;2;B01
201000031029;0;14;0;0;2;1;1;A01
201000031030;0;7;0;0;1;8;1;A01
201000031031;0;7;0;0;2;8;1;A01
201000031031;0;31;0;0;2;1;1;B01
201000031032;0;10;0;0;2;8;15;A01
201000031032;0;33;0;0;2;0;1;B01
201000031033;0;31;0;0;0;0;1;A01
201000031034;0;7;0;0;2;1;1;A01
201000031034;0;7;0;0;2;4;2;B01
201000031035;0;30;0;1;0;1;14;A01
201000031036;0;30;0;0;2;1;7;B01
201000031036;0;7;0;0;2;1;8;A01
201000031037;0;7;0;9;0;0;1;A01
201000031038;0;1;0;0;2;0;19;A01
201000031038;0;7;0;0;2;1;1;B01
201000031039;0;7;0;0;2;7;12;B01
201000031039;0;33;0;0;2;8;1;A01
201000031040;0;30;0;0;2;1;1;A01
201000031040;0;7;0;0;2;8;15;B01
201000031041;0;33;0;0;0;0;21;B01
201000031041;0;7;0;0;0;1;13;A01
201000031042;0;7;0;0;2;4;23;B01
201000031042;0;30;0;0;2;1;1;A01
201000031043;0;7;0;0;2;5;1;B01
201000031043;0;10;0;0;2;1;15;A01
201000031044;0;30;0;0;2;1;1;A01
201000031044;0;7;0;0;2;6;1;B01
201000031045;0;1;0;12;0;1;1;A01
201000031046;0;33;0;0;0;3;1;A01
201000031047;0;7;0;9;0;9;1;A01
201000031048;0;7;0;3;2;3;13;A01
201000031048;0;7;0;0;2;8;2;B01
201000031049;0;7;0;0;2;6;11;A01
201000031049;0;7;0;0;2;0;1;B01
201000031050;0;7;0;0;2;4;23;B01
201000031050;0;7;0;0;2;1;1;A01
201000031051;0;30;0;0;2;1;15;A01
201000031051;0;10;0;0;2;2;15;B01
201000031052;0;1;0;0;0;0;1;A01
201000031053;0;7;0;0;2;1;2;A01
201000031053;0;7;0;0;2;4;2;B01
201000031053;0;7;0;0;2;4;2;C01
201000031054;0;7;0;0;2;5;1;B01
201000031054;0;1;0;0;2;0;1;A01
201000031055;0;7;0;0;2;3;1;A01
201000031055;0;7;0;0;2;2;1;B01
201000031056;0;1;0;1;0;0;1;B01
201000031057;0;10;0;0;2;3;22;A01
201000031057;0;1;0;0;2;3;1;B01
201000031058;0;7;0;3;0;1;1;A01
201000031059;0;7;0;13;0;1;1;A01
201000031060;0;7;0;0;1;3;1;A01
201000031061;0;30;0;0;0;7;1;A01
201000031062;0;7;0;0;2;3;1;A01
201000031062;0;32;0;0;2;7;9;B01
201000031063;0;1;0;12;0;0;1;A01
201000031064;0;7;0;0;2;3;1;B01
201000031064;0;30;0;0;2;1;15;A01
201000031065;0;10;0;14;0;9;1;A01
201000031066;0;7;0;0;2;4;2;D01
201000031066;0;7;0;0;2;4;2;C01
201000031066;0;7;0;0;2;9;2;B01
201000031066;0;7;0;0;2;1;2;A01
201000031067;0;10;0;0;2;1;2;A01
201000031067;0;7;0;0;2;4;2;B01
201000031068;0;7;0;0;2;1;15;A01
201000031068;0;7;0;0;2;6;1;B01
201000031069;0;7;0;2;0;9;1;A01
201000031070;0;7;0;0;2;2;15;A01
201000031070;0;30;0;0;2;1;1;B01
201000031071;0;17;0;6;0;1;1;A01
201000031072;0;7;0;0;2;0;2;C01
201000031072;0;7;0;0;2;1;2;A01
201000031072;0;7;0;0;2;4;2;B01
201000031073;0;7;0;0;2;1;1;A01
201000031073;0;7;0;0;2;4;23;B01
201000031074;0;7;0;0;2;3;15;A01
201000031074;0;33;0;0;2;1;1;B01
201000031075;0;7;0;0;1;1;15;A01
201000031076;0;33;0;12;0;1;1;A01
201000031077;0;7;0;0;1;2;1;A01
201000031078;0;7;0;0;2;4;2;B01
201000031078;0;33;0;0;2;1;1;A01
201000031079;0;7;0;0;1;1;1;A01