num_acc;senc;catv;occutc;obs;obsm;choc;manv;num_veh
201000031080;0;7;0;0;1;5;4;A01
201000031081;0;1;0;12;0;1;1;A01
201000031082;0;1;0;0;2;1;1;B01
201000031082;0;7;0;0;2;2;16;A01
201000031083;0;7;0;0;2;8;1;B01
201000031083;0;30;0;0;2;1;1;A01
201000031084;0;7;0;13;0;0;1;A01
201000031085;0;7;0;3;2;9;2;B01
201000031085;0;7;0;3;2;9;2;A01
201000031086;0;7;0;9;0;3;16;A01
201000031087;0;33;0;1;1;1;1;A01
201000031088;0;7;0;13;0;9;1;A01
201000031089;0;7;0;0;2;1;15;A01
201000031089;0;30;0;0;2;1;1;B01
201000031090;0;7;0;0;1;3;1;A01
201000031091;0;30;0;0;0;1;1;A01
201000031092;0;7;0;0;2;1;1;B01
201000031092;0;7;0;0;2;7;15;A01
201000031093;0;7;0;0;2;2;16;A01
201000031093;0;2;0;0;2;0;1;B01
201000031094;0;7;0;13;5;9;1;A01
201000031095;0;1;0;0;2;1;1;B01
201000031095;0;7;0;0;2;3;15;A01
201000031096;0;30;0;0;0;0;1;A01
201000031097;0;1;0;0;2;1;1;B01
201000031097;0;7;0;0;2;2;15;A01
201000031098;0;7;0;0;2;2;15;A01
201000031098;0;31;0;0;2;1;1;B01
201000031099;0;7;0;0;2;2;16;A01
201000031099;0;32;0;0;2;7;1;B01
201000031100;0;7;0;0;2;1;1;A01
201000031100;0;7;0;0;2;4;1;D01
201000031100;0;7;0;0;2;4;1;B01
201000031100;0;7;0;0;2;4;1;C01
201000031101;0;7;0;0;2;8;15;A01
201000031101;0;30;0;0;2;1;1;B01
201000031102;0;7;0;0;1;8;1;A01
201000031103;0;2;0;0;0;1;1;A01
201000031104;0;7;0;1;0;2;1;A01
201000031105;0;7;0;3;0;0;1;A01
201000031106;0;31;0;0;1;1;1;A01
201000031107;0;7;0;0;1;1;1;A01
201000031108;0;14;0;0;1;0;16;A01
201000031109;0;7;0;0;1;2;1;A01
201000031110;0;7;0;0;2;4;4;A01
201000031110;0;1;0;0;2;1;1;B01
201000031111;0;7;0;3;0;0;1;A01
201000031112;0;7;0;0;2;1;1;B01
201000031112;0;7;0;0;2;8;1;A01
201000031113;0;7;0;3;0;3;1;A01
201000031114;0;7;0;0;2;4;2;E01
201000031114;0;7;0;0;2;4;2;D01
201000031114;0;7;0;0;2;1;1;A01
201000031114;0;7;0;0;2;4;2;C01
201000031114;0;7;0;0;2;4;2;B01
201000031115;0;7;0;0;2;7;1;B01
201000031115;0;7;0;0;2;1;1;A01
201000031116;0;7;0;4;0;3;1;A01
201000031117;0;7;0;0;2;3;16;B01
201000031117;0;1;0;0;2;1;1;A01
201000031118;0;7;0;13;0;9;1;A01
201000031119;0;30;0;0;2;1;1;A01
201000031119;0;7;0;0;2;8;15;B01
201000031120;0;30;0;0;0;1;1;A01
201000031121;0;7;0;0;2;1;15;A01
201000031121;0;7;0;0;2;1;1;B01
201000031122;0;33;0;12;0;1;1;A01
201000031123;0;7;0;0;2;2;16;A01
201000031123;0;32;0;0;2;1;18;B01
201000031124;0;7;0;0;2;3;16;A01
201000031124;0;33;0;0;2;1;1;B01
201000031125;0;32;0;0;2;1;1;B01
201000031125;1;7;0;0;2;1;15;A01
201000031126;0;7;0;0;2;8;1;B01
201000031126;0;14;0;0;2;1;14;A01
201000031127;0;7;0;0;2;3;15;A01
201000031127;0;33;0;0;2;1;1;B01
201000031128;0;30;0;0;0;1;21;A01
201000031129;0;7;0;0;2;6;10;A01
201000031129;0;33;0;0;2;1;1;B01
201000031130;0;30;0;11;0;1;16;A01
201000031131;1;7;0;0;1;1;1;A01
201000031132;0;7;0;3;0;1;1;A01
201000031133;0;7;0;0;2;1;15;A01
201000031133;0;34;0;0;2;8;1;B01
201000031134;0;37;20;0;1;2;16;A01
201000031135;0;30;0;0;2;1;1;B01
201000031135;0;7;0;0;2;7;15;A01
201000031136;0;30;0;11;0;1;17;A01
201000031137;0;7;0;0;2;1;15;A01
201000031138;0;30;0;0;2;1;1;A01
201000031138;0;30;0;0;2;4;2;B01
201000031139;0;30;0;0;2;8;12;A01
201000031139;0;7;0;0;2;1;1;B01
201000031140;0;7;0;0;1;2;1;A01
201000031141;0;7;0;0;2;3;1;A01
201000031141;0;30;0;0;2;4;14;B01
201000031142;0;30;0;0;2;1;1;A01
201000031143;0;7;0;0;2;3;15;A01
201000031143;0;32;0;0;2;1;1;B01
201000031144;0;7;0;0;2;7;14;A01
201000031144;0;15;0;0;2;1;1;B01
201000031145;0;7;0;0;2;2;15;A01
201000031145;0;2;0;0;2;0;1;B01
201000031146;0;10;0;0;1;8;1;A01
201000031147;0;7;0;0;2;2;13;B01
201000031147;2;7;0;0;2;1;1;A01
201000031148;0;32;0;0;0;1;1;A01
201000031149;0;7;0;13;0;1;21;A01
201000031150;0;7;0;0;2;1;1;A01
201000031150;0;7;0;0;2;1;1;B01
201000031151;0;7;0;0;2;8;16;A01
201000031151;0;2;0;0;2;1;1;B01
201000031152;0;30;0;0;2;1;1;B01
201000031152;1;1;0;0;0;0;15;A01
201000031153;0;10;0;0;2;4;2;B01
201000031153;0;7;0;0;2;1;1;A01
201000031154;0;30;0;0;0;8;1;A01
201000031155;0;1;0;0;0;1;1;A01
201000031156;1;7;0;0;2;0;19;A01
201000031156;0;1;0;0;2;0;1;B01
201000031157;0;1;0;0;2;1;13;A01
201000031157;0;7;0;0;2;1;0;B01
201000031158;0;7;0;0;2;3;9;B01
201000031158;0;2;0;0;0;1;1;A01
201000031159;0;7;0;0;2;2;9;A01
201000031159;0;7;0;0;2;2;1;B01
201000031160;0;7;0;0;2;5;2;B01
201000031160;0;30;0;0;2;1;1;A01
201000031161;0;31;0;0;0;1;1;A01
201000031162;0;7;0;13;0;1;1;A01
201000031163;0;1;0;0;2;1;1;B01
201000031163;1;7;0;0;2;0;16;A01
201000031164;0;7;0;0;0;9;1;A01
201000031165;0;7;0;13;0;8;1;A01
201000031166;0;7;0;0;2;1;9;A01
201000031166;0;1;0;0;2;2;1;B01
201000031167;0;32;0;0;2;1;7;B01
201000031167;0;7;0;0;2;7;15;A01
201000031168;0;7;0;0;2;1;15;B01
201000031168;0;1;0;0;2;1;9;A01
201000031169;0;2;0;0;0;8;21;A01
201000031170;0;7;0;13;0;9;1;A01
201000031171;0;7;0;0;2;1;9;A01
201000031171;0;2;0;0;2;2;18;B01
201000031172;0;7;0;0;2;3;1;B01
201000031172;0;7;0;3;2;8;1;A01
201000031173;0;7;0;0;2;3;15;A01
201000031173;0;7;0;0;2;4;23;B01
201000031174;0;7;0;13;0;1;1;A01
201000031175;0;7;0;11;0;1;1;A01
201000031176;0;7;0;0;1;1;1;A01
201000031177;0;1;0;1;0;1;1;B01
201000031177;0;7;0;0;2;8;22;A01
201000031178;0;7;0;0;1;4;4;A01
201000031179;0;7;0;0;1;3;1;A01
201000031180;0;7;0;0;2;1;2;D01
201000031180;0;7;0;0;2;4;2;B01
201000031180;0;7;0;0;2;1;1;A01
201000031180;0;7;0;0;2;1;2;C01
201000031181;0;7;0;0;2;4;23;B01
201000031181;0;7;0;0;2;1;2;A01
201000031182;0;7;0;0;2;1;19;A01
201000031182;0;32;0;0;2;6;1;B01
201000031183;0;33;0;0;0;8;1;A01
201000031184;0;30;0;0;1;8;1;A01
201000031185;0;7;0;0;2;6;2;B01
201000031185;0;7;0;0;2;1;1;A01
201000031185;0;7;0;0;2;4;2;C01
201000031186;0;7;0;13;0;8;1;A01
201000031187;0;7;0;0;1;2;1;A01
201000031188;1;7;0;0;0;0;0;A01
201000031188;0;1;0;0;2;4;1;B01
201000031189;0;7;0;13;2;1;1;A01
201000031190;1;7;0;0;1;0;1;A01
201000031191;0;1;0;0;2;0;1;B01
201000031191;0;7;0;0;2;8;16;A01
201000031192;0;7;0;0;2;5;15;A01
201000031192;0;33;0;0;2;7;1;B01
201000031193;0;7;0;0;2;4;2;B01
201000031193;0;7;0;0;2;1;1;A01
201000031194;1;7;0;0;2;0;15;A01
201000031194;0;7;0;0;2;1;1;B01
201000031195;0;30;0;0;0;3;1;A01
201000031196;0;37;0;0;1;1;1;A01
201000031197;0;32;0;0;0;1;1;A01
201000031198;0;7;0;13;0;0;1;A01
201000031199;0;30;0;11;0;1;1;A01
201000031200;0;2;0;0;0;0;1;A01
201000031201;0;7;0;0;1;0;9;A01
201000031202;0;30;0;0;0;1;1;A01
201000031203;0;7;0;0;2;1;15;A01
201000031203;0;7;0;0;2;1;1;B01
201000031204;0;7;0;12;0;1;0;A01
201000031205;0;7;0;6;0;1;16;A01
201000031206;0;7;0;3;2;3;1;A01
201000031206;0;7;0;0;2;4;2;B01
201000031206;0;14;0;0;2;2;2;C01
201000031207;0;7;0;0;2;0;9;A01
201000031207;0;1;0;0;2;1;1;B01
201000031208;0;7;0;0;2;3;15;B01
201000031208;0;7;0;0;2;2;1;A01
201000031209;0;1;0;0;2;0;1;B01
201000031209;0;7;0;0;2;0;9;A01
201000031210;0;33;0;0;2;8;1;B01
201000031210;0;10;0;0;2;3;15;A01
201000031211;0;7;0;0;2;8;9;A01
201000031211;0;31;0;0;2;7;1;B01
201000031212;0;2;0;0;2;4;23;B01
201000031212;0;7;0;0;2;0;11;A01
201000031213;0;7;0;0;2;4;2;C01
201000031213;0;7;0;0;2;4;2;B01
201000031213;0;7;0;0;2;1;1;A01
201000031214;0;7;0;13;2;1;1;A01
201000031215;0;7;0;0;2;8;9;A01
201000031215;0;30;0;0;2;1;1;B01
201000031216;0;10;0;0;2;1;9;A01
201000031216;0;7;0;0;2;3;1;B01
201000031217;1;7;0;0;2;7;15;A01
201000031217;0;1;0;0;2;1;1;B01
201000031218;0;1;0;0;2;1;1;B01
201000031218;1;7;0;0;0;0;0;A01
201000031219;0;7;0;0;2;3;15;A01
201000031219;0;32;0;0;2;1;1;B01
201000031220;0;7;0;0;2;1;1;A01
201000031220;0;7;0;0;2;4;23;B01
201000031221;0;7;0;0;2;4;2;B01
201000031221;0;7;0;0;2;1;1;A01
201000031222;0;7;0;0;2;4;2;B01
201000031222;0;7;0;0;2;1;1;A01
201000031222;0;7;0;0;2;4;2;C01
201000031223;0;30;0;12;0;1;1;A01
201000031224;0;7;0;0;2;1;19;A01
201000031224;0;7;0;0;2;6;1;B01
201000031225;0;7;0;9;0;0;1;A01
201000031226;0;7;0;0;2;1;1;A01
201000031226;0;10;0;0;2;3;1;B01
201000031227;0;33;0;0;0;7;21;A01
201000031228;0;7;0;9;2;1;1;A01
201000031228;0;13;0;0;2;5;1;C01
201000031228;0;10;0;0;2;6;1;B01
201000031229;0;7;0;1;0;1;21;A01
201000031230;0;7;0;6;0;1;1;A01
201000031231;0;7;0;9;0;2;1;A01
201000031232;0;7;0;0;1;1;1;A01
201000031233;0;1;0;0;2;1;1;B01
201000031233;0;10;0;0;2;7;15;A01
201000031234;0;7;0;0;1;1;1;A01
201000031235;0;7;0;2;0;1;1;A01
201000031236;0;7;0;2;0;1;1;A01
201000031237;0;37;0;0;2;1;1;B01
201000031237;0;7;0;0;2;5;1;A01
201000031238;0;1;0;0;1;1;1;A01
201000031239;0;30;0;0;0;0;1;A01
201000031240;0;30;0;0;0;0;1;A01
201000031241;0;13;0;0;2;1;1;B01
201000031241;0;10;0;0;2;1;13;A01
201000031242;0;7;0;11;0;1;1;A01
201000031243;0;7;0;0;2;1;1;B01
201000031243;0;7;0;0;2;1;15;A01
201000031244;0;7;0;0;2;1;1;A01
201000031244;0;7;0;0;2;4;2;B01
201000031245;0;15;0;3;0;8;1;A01
201000031246;0;7;0;0;0;0;1;A01
201000031247;0;7;0;12;0;1;1;A01
201000031248;2;7;0;0;2;8;1;A01
201000031248;0;30;0;0;2;7;0;B01
201000031249;0;7;0;6;0;1;1;A01
201000031250;0;7;0;0;1;2;1;A01
201000031251;0;38;1;0;1;3;1;A01
201000031252;0;7;0;0;1;1;1;A01
201000031253;0;10;0;0;1;4;20;A01
201000031254;0;7;0;0;2;0;17;A01
201000031254;0;1;0;0;2;3;1;B01
201000031255;0;7;0;0;1;3;1;A01
201000031256;0;7;0;0;2;3;1;A01
201000031256;0;2;0;0;2;2;9;B01
201000031257;0;2;0;0;2;1;1;B01
201000031257;0;7;0;0;2;2;15;A01
201000031258;0;7;0;0;2;1;13;A01
201000031258;0;7;0;0;2;3;1;C01
201000031258;0;16;0;0;2;3;1;B01
201000031259;0;7;0;0;2;3;1;A01
201000031259;0;7;0;0;2;2;1;B01
201000031260;0;37;1;0;1;5;1;A01
201000031261;0;1;0;0;0;0;1;B01
201000031261;0;7;0;0;0;0;17;A01
201000031262;0;1;0;0;1;0;1;A01
201000031263;0;7;0;6;0;2;1;A01
201000031264;0;33;0;0;2;8;17;B01
201000031264;0;7;0;0;2;3;11;A01
201000031265;0;7;0;1;2;1;15;A01
201000031265;0;30;0;0;2;1;1;B01
201000031266;0;31;0;0;2;1;1;B01
201000031266;0;7;0;0;2;2;1;A01
201000031267;0;7;0;0;1;2;1;A01
201000031268;0;7;0;0;2;5;15;A01
201000031268;0;2;0;0;2;1;1;B01
201000031269;0;10;0;0;2;1;1;B01
201000031269;0;1;0;0;2;7;9;A01
201000031270;0;7;0;15;0;8;13;A01
201000031271;0;7;0;0;1;2;1;A01
201000031272;0;33;0;0;2;1;1;A01
201000031272;1;7;0;0;0;0;9;Z01
201000031272;0;7;0;0;2;6;1;B01
201000031273;0;33;0;0;2;1;1;B01
201000031273;0;7;0;0;2;7;15;A01
201000031274;0;7;0;0;2;1;15;A01
201000031274;0;2;0;0;2;1;1;B01
201000031275;0;7;0;0;2;2;15;A01
201000031275;0;30;0;0;2;1;1;B01
201000031276;0;30;0;0;0;1;1;A01
201000031277;0;2;0;12;0;7;12;A01
201000031278;0;7;0;0;2;1;2;A01
201000031278;0;7;0;0;2;4;23;C01
201000031278;0;7;0;0;2;4;23;B01
201000031278;0;7;0;0;2;4;23;D01
201000031279;0;7;0;0;2;7;15;A01
201000031279;0;33;0;0;2;1;1;B01
201000031280;0;7;0;0;2;4;23;B01
201000031280;0;7;0;0;2;0;2;A01
201000031281;0;33;0;14;0;1;1;A01
201000031282;0;1;0;0;0;0;1;A01
201000031283;0;7;0;0;2;3;1;B01
201000031283;0;30;0;0;2;1;9;A01
201000031284;0;7;0;0;1;3;4;A01
201000031285;0;7;0;0;2;1;2;A01
201000031285;0;7;0;0;2;4;2;B01
201000031285;0;7;0;0;2;4;2;C01
201000031286;0;99;0;0;1;2;5;A01
201000031287;0;7;0;0;2;2;2;A01
201000031287;0;7;0;0;2;5;1;B01
201000031288;0;7;0;0;1;1;1;A01
201000031289;0;10;0;0;2;6;15;A01
201000031289;0;33;0;0;2;1;1;B01
201000031290;0;7;0;0;2;2;0;A01
201000031290;0;30;0;0;2;1;1;B01
201000031291;0;1;0;0;2;1;19;A01
201000031291;0;7;0;0;2;2;1;B01
201000031292;0;7;0;0;2;3;9;A01
201000031292;0;1;0;0;2;1;1;B01
201000031293;0;30;0;0;2;5;1;B01
201000031293;0;7;0;0;2;2;1;A01
201000031294;0;1;0;0;2;5;1;B01
201000031294;0;7;0;0;2;2;1;A01
201000031295;0;7;0;0;2;2;2;A01
201000031295;0;30;0;0;0;4;2;B01
201000031296;0;7;0;0;1;8;1;A01
201000031297;0;3;0;0;2;3;1;B01
201000031297;0;7;0;0;2;1;1;A01
201000031298;0;7;0;0;2;8;15;B01
201000031298;0;2;0;0;2;1;17;A01
201000031299;0;2;0;0;2;8;9;A01
201000031299;0;7;0;0;2;5;1;B01
201000031300;0;7;0;0;1;1;1;A01
201000031301;0;7;0;16;0;9;1;A01
201000031302;0;7;0;0;1;2;1;A01
201000031303;0;7;0;0;2;1;13;A01
201000031303;0;16;0;0;2;1;1;B01
201000031304;0;7;0;0;2;2;9;A01
201000031304;0;2;0;0;2;4;1;B01
201000031305;0;10;0;0;2;8;15;A01
201000031305;0;1;0;0;2;1;1;B01
201000031306;0;7;0;13;0;1;1;A01
201000031307;0;37;0;0;2;1;1;B01
201000031307;0;7;0;0;0;4;23;A01
201000031308;0;7;0;0;2;2;1;B01
201000031308;0;7;0;0;2;1;13;A01
201000031309;0;31;0;0;0;8;1;A01
201000031310;0;14;0;0;1;1;1;A01
201000031311;0;7;0;0;2;8;15;A01
201000031311;0;33;0;0;2;2;17;B01
201000031312;0;7;0;0;2;1;15;A01
201000031312;0;30;0;0;2;1;1;B01
201000031313;0;7;0;8;0;1;1;A01
201000031314;0;7;0;0;2;4;23;B01
201000031314;0;7;0;0;2;1;1;A01
201000031315;0;30;0;0;1;1;18;A01
201000031316;0;7;0;0;2;7;1;A01
201000031316;0;7;0;0;2;1;1;B01
201000031317;0;7;0;0;0;0;14;A01
201000031318;0;7;0;15;0;1;1;A01
201000031319;0;1;0;0;2;4;1;B01
201000031319;1;7;0;0;2;0;1;A01
201000031320;0;7;0;0;1;5;4;A01
201000031321;0;7;0;0;2;4;2;B01
201000031321;0;7;0;0;2;1;2;A01
201000031322;0;30;0;0;0;0;14;A01
201000031323;0;7;0;0;2;4;23;B01
201000031323;0;7;0;0;2;1;2;A01
201000031324;0;10;0;0;2;8;13;A01
201000031324;0;7;0;0;2;8;17;B01
201000031325;0;7;0;0;2;2;19;A01
201000031325;0;7;0;0;2;8;1;B01
201000031326;0;7;0;15;0;1;13;A01
201000031327;0;7;0;0;2;3;13;A01
201000031327;0;7;0;0;0;3;1;B01
201000031328;0;30;0;0;2;1;2;B01
201000031328;0;7;0;0;0;4;0;A01
201000031329;0;7;0;0;0;0;14;A01
201000031330;0;7;0;0;2;4;1;B01
201000031330;0;7;0;0;2;1;1;A01
201000031331;0;7;0;0;2;2;1;A01
201000031331;0;10;0;0;2;3;9;B01
201000031332;0;7;0;0;2;5;1;B01
201000031332;0;7;0;0;2;7;15;A01
201000031333;0;1;0;0;2;1;1;B01
201000031333;0;7;0;0;2;7;16;A01
201000031334;0;7;0;0;2;8;10;A01
201000031334;0;7;0;0;2;2;1;B01
201000031335;1;7;0;0;0;0;0;A01
201000031335;0;1;0;0;2;6;1;B01
201000031336;0;33;0;0;0;0;14;A01
201000031337;0;10;0;0;1;1;1;A01
201000031338;0;7;0;0;1;7;1;A01
201000031339;0;7;0;0;2;2;2;A01
201000031339;0;7;0;0;2;6;23;B01
201000031340;0;7;0;13;0;9;1;A01
201000031341;0;7;0;0;1;1;1;A01
201000031342;0;7;0;0;1;1;16;A01
201000031343;0;7;0;0;2;3;1;B01
201000031343;0;7;0;0;2;7;1;A01
201000031344;0;30;0;0;0;2;1;A01
201000031345;0;7;0;0;2;3;1;B01
201000031345;0;7;0;0;2;7;19;A01
201000031346;0;7;0;13;0;1;1;A01
201000031347;0;7;0;0;2;1;1;A01
201000031347;0;7;0;0;2;4;1;B01
201000031348;0;33;0;0;0;0;14;A01
201000031349;0;33;0;0;2;1;1;B01
201000031349;0;7;0;0;2;3;15;A01
201000031350;0;7;0;0;1;4;20;A01
201000031351;0;2;0;0;2;8;1;B01
201000031351;0;10;0;0;2;1;15;A01
201000031352;0;7;0;0;1;2;16;A01
201000031353;0;7;0;0;2;1;15;A01
201000031353;0;30;0;0;2;1;1;B01
201000031354;0;30;0;0;2;1;2;A01
201000031354;0;7;0;0;2;4;2;B01
201000031355;0;7;0;0;1;4;4;A01
201000031356;0;7;0;0;2;1;1;B01
201000031356;0;7;0;0;2;7;15;A01
201000031357;0;1;0;0;2;1;1;B01
201000031357;0;7;0;0;2;3;15;A01
201000031358;0;7;0;0;2;3;1;A01
201000031358;0;7;0;0;2;1;1;B01
201000031359;0;7;0;0;1;2;1;A01
201000031360;0;7;0;8;0;0;14;A01
201000031361;0;33;0;0;2;1;1;A01
201000031361;0;7;0;0;2;3;9;B01
201000031362;0;7;0;0;0;7;15;A01
201000031362;0;7;0;0;2;1;16;B01
201000031363;0;7;0;0;2;3;1;B01
201000031363;0;7;0;0;2;3;0;C01
201000031363;0;7;0;1;2;3;13;A01
201000031364;0;30;0;1;2;1;17;A01
201000031364;0;7;0;0;0;8;0;B01
201000031365;0;7;0;0;0;0;14;A01
201000031366;0;7;0;0;2;3;9;A01
201000031366;0;1;0;0;2;1;1;B01
201000031367;0;33;0;0;2;1;2;A01
201000031367;0;1;0;0;2;4;2;B01
201000031368;0;7;0;0;0;9;1;A01
201000031369;0;33;0;0;0;0;1;A01
201000031370;0;7;0;0;2;1;2;B01
201000031370;0;7;0;0;2;4;23;A01
201000031371;0;7;0;0;2;4;23;C01
201000031371;0;7;0;0;2;1;1;A01
201000031371;0;7;0;0;2;4;1;B01
201000031372;0;7;0;0;1;1;1;A01
201000031373;0;2;0;0;2;1;1;B01
201000031373;0;7;0;0;2;3;16;A01
201000031374;0;7;0;0;2;1;2;A01
201000031374;0;7;0;0;2;4;23;C01
201000031374;0;7;0;0;2;4;23;B01
201000031375;0;7;0;0;1;8;1;A01
201000031376;0;7;0;0;2;1;1;B01
201000031376;0;7;0;0;2;7;13;A01
201000031377;0;7;0;0;2;4;23;C01
201000031377;0;7;0;0;2;4;23;B01
201000031377;0;7;0;0;2;1;1;A01
201000031378;0;7;0;0;2;2;1;B01
201000031378;0;7;0;0;2;1;15;A01
201000031379;0;33;0;0;2;3;1;B01
201000031379;0;7;0;0;2;7;9;A01
201000031380;0;7;0;0;2;1;1;A01
201000031380;0;1;0;0;2;1;9;B01
201000031381;0;32;0;0;0;0;21;A01
201000031382;0;7;0;0;2;4;1;B01
201000031382;0;7;0;0;2;1;2;A01
201000031383;0;2;0;0;2;1;1;B01
201000031383;0;7;0;0;2;3;9;A01
201000031384;0;7;0;0;2;6;10;A01
201000031384;0;7;0;0;2;2;1;B01
201000031385;0;7;0;0;2;3;13;A01
201000031385;0;7;0;0;2;3;1;B01
201000031386;0;7;0;0;1;1;15;A01
201000031387;0;7;0;0;2;2;15;A01
201000031387;0;7;0;0;2;8;1;B01
201000031388;0;10;0;0;2;3;23;C01
201000031388;0;7;0;1;2;5;15;A01
201000031388;0;7;0;0;2;2;1;B01
201000031389;0;7;0;0;2;4;1;B01
201000031389;0;2;0;0;2;1;1;A01
201000031390;0;2;0;0;2;1;1;B01
201000031390;0;10;0;0;2;3;16;A01
201000031391;0;1;0;0;2;1;1;A01
201000031391;0;7;0;0;2;2;1;B01
201000031392;0;7;0;0;2;8;19;A01
201000031392;0;7;0;0;2;3;1;B01
201000031393;0;7;0;0;0;9;1;A01
201000031394;0;7;0;1;2;1;1;A01
201000031394;0;7;0;0;2;4;24;C01
201000031394;0;7;0;0;2;1;1;B01
201000031395;0;7;0;0;2;1;1;A01
201000031395;0;1;0;0;2;1;1;B01
201000031396;0;7;0;6;0;1;1;A01
201000031397;0;7;0;0;1;1;1;A01
201000031398;0;7;0;0;0;5;1;A01
201000031399;0;7;0;0;2;1;2;A01
201000031399;0;7;0;0;2;4;2;B01
201000031400;0;30;0;0;0;0;1;A01
201000031401;0;30;0;0;2;1;1;A01
201000031401;0;7;0;0;2;2;1;B01
201000031402;0;7;0;0;0;0;14;A01
201000031403;0;30;0;0;0;0;14;A01
201000031404;0;7;0;0;0;9;1;A01
201000031405;0;30;0;0;0;0;14;A01
201000031406;0;30;0;1;0;2;14;A01
201000031407;0;2;0;0;2;1;18;A01
201000031407;0;1;0;0;2;7;19;B01
201000031408;0;7;0;0;2;1;2;A01
201000031408;0;7;0;0;0;4;1;B01
201000031409;0;30;0;12;0;1;1;A01
201000031410;0;2;0;0;0;0;14;A01
201000031411;0;7;0;3;0;9;1;A01
201000031412;0;7;0;0;2;1;2;A01
201000031412;0;7;0;0;2;4;2;C01
201000031412;0;7;0;0;2;4;2;B01
201000031413;0;7;0;0;2;1;2;A01
201000031413;0;7;0;0;0;4;2;B01
201000031414;0;7;0;0;2;4;2;B01
201000031414;0;7;0;0;0;4;2;D01
201000031414;0;7;0;0;2;1;2;A01
201000031414;0;7;0;0;2;4;2;C01
201000031415;0;7;0;0;2;1;1;A01
201000031415;0;10;0;0;2;4;1;C01
201000031415;0;30;0;0;2;4;1;B01
201000031416;0;7;0;0;2;3;13;A01
201000031416;0;7;0;0;2;3;1;B01
201000031417;0;32;0;0;2;4;2;B01
201000031417;0;7;0;0;2;1;2;A01
201000031418;0;1;0;0;2;4;2;B01
201000031418;0;7;0;0;2;3;2;A01
201000031419;0;30;0;0;2;1;1;A01
201000031419;0;7;0;0;2;4;1;B01
201000031420;0;1;0;1;0;3;1;A01
201000031421;0;7;0;0;2;1;1;A01
201000031421;0;7;0;0;2;4;1;B01
201000031422;0;14;0;0;2;3;23;C01
201000031422;0;7;0;0;2;6;2;B01
201000031422;0;2;0;0;2;1;2;A01
201000031423;0;7;0;0;2;1;1;A01
201000031423;0;7;0;0;2;4;1;B01
201000031424;0;7;0;0;1;4;20;A01
201000031425;0;7;0;0;2;3;1;B01
201000031425;0;35;0;0;2;3;15;A01
201000031426;0;7;0;0;2;8;11;A01
201000031426;0;33;0;0;2;7;17;B01
201000031427;0;33;0;0;2;1;1;A01
201000031427;0;7;0;0;2;4;1;B01
201000031428;0;7;0;0;2;1;1;B01
201000031428;0;2;0;0;2;1;13;A01
201000031429;0;7;0;0;1;2;1;A01
201000031430;0;30;0;0;0;0;14;A01
201000031431;0;7;0;1;2;2;1;A01
201000031431;0;7;0;0;2;8;1;B01
201000031432;0;7;0;0;2;2;2;A01
201000031432;0;30;0;0;2;4;2;B01
201000031433;0;7;0;0;0;0;14;A01
201000031434;0;30;0;0;2;1;1;B01
201000031434;0;7;0;0;2;3;1;A01
201000031435;0;30;0;0;0;0;14;A01
201000031436;0;7;0;0;6;2;1;A01
201000031437;0;7;0;0;2;1;1;A01
201000031437;0;7;0;0;2;4;1;B01
201000031438;0;7;0;0;0;9;1;A01
201000031439;0;10;0;0;1;8;1;A01
201000031440;0;7;0;0;2;3;9;A01
201000031440;0;30;0;0;2;1;1;B01
201000031441;0;30;0;0;0;0;21;A01
201000031442;0;7;0;0;2;4;1;B01
201000031442;0;7;0;0;2;4;1;C01
201000031442;0;7;0;0;2;1;1;A01
201000031443;0;30;0;0;0;9;1;A01
201000031444;0;7;0;0;2;3;1;B01
201000031444;0;7;0;0;2;3;13;A01
201000031445;0;2;0;0;2;1;2;A01
201000031445;0;7;0;0;2;4;2;B01
201000031446;0;2;0;0;0;0;14;A01
201000031447;0;7;0;0;1;3;1;A01
201000031448;0;1;0;0;0;0;14;A01
201000031449;0;7;0;0;2;1;1;A01
201000031449;0;7;0;0;2;4;1;B01
201000031450;0;7;0;0;2;1;1;A01
201000031450;0;7;0;0;2;4;1;B01
201000031451;0;33;0;0;2;1;1;B01
201000031451;0;7;0;0;2;3;15;A01
201000031452;0;7;0;3;2;4;1;B01
201000031452;0;7;0;0;2;5;17;A01
201000031453;0;32;0;0;0;0;1;A01
201000031454;0;7;0;0;2;1;15;A01
201000031454;0;7;0;0;2;3;1;B01
201000031455;0;1;0;0;0;0;1;A01
201000031456;0;7;0;0;2;4;1;B01
201000031456;0;7;0;0;2;1;1;A01
201000031457;0;7;0;0;1;0;1;A01
201000031458;0;1;0;0;0;0;1;A01
201000031459;0;7;0;0;2;1;1;C01
201000031459;0;7;0;0;2;3;13;A01
201000031459;0;7;0;0;2;6;1;B01
201000031460;0;7;0;0;1;1;15;A01
201000031461;0;7;0;0;0;9;1;A01
201000031462;0;7;0;0;1;7;1;A01
201000031463;0;7;0;0;0;8;9;A01
201000031463;0;33;0;0;2;7;15;B01
201000031464;0;7;0;8;0;0;0;A01
201000031465;0;32;0;0;0;7;0;A01
201000031466;0;7;0;0;2;5;1;B01
201000031466;0;32;0;0;2;1;1;A01
201000031467;0;7;0;0;2;1;1;A01
201000031467;0;1;0;0;2;8;19;B01
201000031468;0;33;0;0;2;1;1;B01
201000031468;0;7;0;0;2;7;10;A01
201000031469;0;30;0;0;0;0;1;A01