num_acc;senc;catv;occutc;obs;obsm;choc;manv;num_veh
201000031470;0;7;0;0;2;4;4;A01
201000031470;0;2;0;0;1;3;1;B01
201000031471;0;33;0;0;0;8;1;A01
201000031472;0;7;0;0;1;7;1;A01
201000031473;0;7;0;0;2;6;10;A01
201000031473;0;7;0;0;2;1;7;B01
201000031474;0;7;0;0;2;8;1;B01
201000031474;0;32;0;0;2;8;1;A01
201000031475;0;7;0;0;2;4;1;B01
201000031475;0;7;0;0;2;1;1;A01
201000031476;0;1;0;0;2;7;19;B01
201000031476;0;7;0;0;2;1;1;A01
201000031477;0;2;0;0;0;0;1;A01
201000031478;1;7;0;0;1;0;1;A01
201000031479;0;2;0;0;0;0;0;A01
201000031480;0;10;0;0;1;0;1;A01
201000031481;0;1;0;0;0;4;0;B01
201000031481;1;7;0;0;2;4;0;A01
201000031482;0;7;0;0;2;4;1;A01
201000031482;0;7;0;0;2;4;1;C01
201000031482;0;7;0;0;2;4;1;B01
201000031483;0;7;0;0;2;0;1;A01
201000031483;0;1;0;0;2;0;1;B01
201000031484;0;7;0;0;2;5;1;A01
201000031484;0;37;3;0;2;4;1;B01
201000031485;0;2;0;0;2;0;15;B01
201000031485;0;7;0;0;2;3;1;A01
201000031486;0;2;0;0;2;8;1;A01
201000031486;0;7;0;0;2;8;1;B01
201000031487;0;7;0;0;1;0;1;A01
201000031488;0;7;0;0;2;2;1;B01
201000031488;0;7;0;0;2;1;15;A01
201000031489;0;7;0;0;2;4;15;B01
201000031489;0;7;0;0;2;1;1;A01
201000031490;0;30;0;0;0;7;16;A01
201000031491;0;7;0;2;2;3;1;B01
201000031491;0;7;0;0;2;2;10;A01
201000031492;0;7;0;0;1;0;0;A01
201000031493;0;7;0;0;1;0;15;A01
201000031494;0;7;0;0;2;8;15;A01
201000031494;0;1;0;0;2;0;0;B01
201000031495;0;2;0;0;2;7;1;B01
201000031495;0;7;0;0;2;2;15;A01
201000031496;0;2;0;0;0;7;15;A01
201000031497;0;2;0;0;0;7;21;A01
201000031498;0;7;0;0;2;1;15;A01
201000031498;0;7;0;0;2;1;1;B01
201000031499;0;7;0;8;0;1;1;A01
201000031500;0;7;0;0;2;3;1;B01
201000031500;0;7;0;0;2;7;10;A01
201000031501;0;7;0;0;2;1;15;A01
201000031501;0;7;0;0;2;1;1;B01
201000031502;0;7;0;6;0;4;1;A01
201000031503;0;7;0;0;1;7;1;A01
201000031504;0;33;0;0;9;8;1;B01
201000031504;0;7;0;0;2;0;9;A01
201000031505;0;30;0;0;2;1;1;B01
201000031505;0;7;0;0;2;8;20;A01
201000031506;0;7;0;0;1;1;1;A01
201000031507;0;7;0;0;1;3;1;A01
201000031508;0;30;0;0;0;8;1;B01
201000031508;0;7;0;0;0;0;1;A01
201000031509;0;7;0;0;0;0;1;A01
201000031510;0;7;0;0;2;4;1;B01
201000031510;0;7;0;0;2;1;1;A01
201000031511;0;7;0;0;2;4;1;B01
201000031511;0;7;0;0;2;1;1;A01
201000031512;0;7;0;0;0;9;1;A01
201000031513;0;2;0;0;0;0;1;A01
201000031514;0;7;0;0;2;3;1;B01
201000031514;0;7;0;0;2;3;16;A01
201000031515;0;2;0;0;0;7;1;A01
201000031516;0;7;0;0;1;5;1;B01
201000031516;0;30;0;0;2;1;1;A01
201000031517;0;7;0;0;2;4;1;B01
201000031517;0;7;0;1;2;1;1;A01
201000031518;0;7;0;0;2;7;15;A01
201000031518;0;2;0;0;1;1;1;B01
201000031519;0;7;0;0;2;4;23;B01
201000031519;0;7;0;0;2;4;1;C01
201000031519;0;7;0;0;2;1;1;A01
201000031520;0;7;0;1;2;4;1;C01
201000031520;0;7;0;0;2;4;1;B01
201000031520;0;7;0;0;2;1;1;A01
201000031521;1;7;0;0;2;0;0;A01
201000031521;0;7;0;0;2;8;1;B01
201000031522;0;7;0;0;1;2;1;A01
201000031523;0;7;0;0;2;1;1;B01
201000031523;0;7;0;0;2;5;19;A01
201000031524;0;7;0;0;1;4;4;A01
201000031525;0;30;0;0;0;0;0;A01
201000031526;0;7;0;0;2;1;1;B01
201000031526;0;7;0;0;2;1;1;A01
201000031527;0;7;0;14;2;3;0;B01
201000031527;0;7;0;0;2;1;1;A01
201000031528;0;7;0;0;2;2;15;A01
201000031528;0;1;0;0;2;1;1;B01
201000031529;0;7;0;0;2;4;2;B01
201000031529;0;7;0;0;2;1;2;A01
201000031530;0;30;0;0;1;1;1;A01
201000031531;0;10;0;0;1;6;1;B01
201000031531;0;1;0;0;2;3;1;A01
201000031532;0;37;15;0;0;0;1;A01
201000031533;0;7;0;0;2;3;15;B01
201000031533;0;30;0;0;2;1;17;A01
201000031534;1;7;0;0;2;0;0;A01
201000031534;0;2;0;0;2;0;0;B01
201000031535;0;1;0;0;0;1;1;A01
201000031535;0;10;0;0;2;4;0;B01
201000031536;0;7;0;0;2;1;1;A01
201000031536;0;30;0;0;2;7;1;B01
201000031537;0;2;0;0;2;3;1;B01
201000031537;0;7;0;0;2;3;17;A01
201000031538;0;10;0;0;2;1;2;A01
201000031538;0;7;0;0;2;4;2;B01
201000031539;1;7;0;12;2;3;1;Z01
201000031539;0;7;0;0;2;3;1;A01
201000031540;0;7;0;1;2;4;1;A01
201000031540;0;30;0;0;0;0;15;B01
201000031541;0;33;0;0;2;3;1;B01
201000031541;0;7;0;0;2;3;1;A01
201000031542;0;7;0;0;2;4;1;B01
201000031542;0;2;0;0;2;1;1;A01
201000031543;0;7;0;0;2;4;1;D01
201000031543;0;30;0;0;2;6;1;C01
201000031543;0;7;0;0;2;4;1;B01
201000031543;0;7;0;0;2;1;1;A01
201000031544;0;10;0;0;2;1;1;B01
201000031544;0;7;0;0;2;1;13;A01
201000031545;0;7;0;0;1;2;9;A01
201000031546;0;7;0;0;1;1;1;A01
201000031547;0;2;0;0;2;1;1;B01
201000031547;0;7;0;0;2;5;15;A01
201000031548;0;7;0;0;2;2;1;B01
201000031548;0;7;0;0;2;1;1;A01
201000031549;0;1;0;0;2;8;0;A01
201000031549;0;7;0;0;2;1;1;B01
201000031550;0;7;0;0;2;4;0;B01
201000031550;0;7;0;0;2;2;1;A01
201000031551;0;7;0;0;2;4;0;B01
201000031551;0;34;0;0;2;1;1;A01
201000031552;0;7;0;0;1;3;16;A01
201000031553;0;1;0;12;0;0;1;A01
201000031554;0;7;0;0;2;1;1;B01
201000031554;0;7;0;0;2;1;1;A01
201000031555;0;7;0;0;1;0;1;A01
201000031556;0;7;0;0;2;7;15;A01
201000031556;0;7;0;0;2;2;1;B01
201000031557;0;7;0;0;2;4;0;B01
201000031557;0;7;0;0;2;1;1;A01
201000031558;0;30;0;0;2;1;1;B01
201000031559;0;30;0;8;0;1;0;A01
201000031560;0;7;0;0;1;0;1;A01
201000031561;0;7;0;0;1;3;1;A01
201000031562;0;2;0;0;2;1;1;B01
201000031562;0;7;0;0;2;5;4;A01
201000031563;0;7;0;0;1;1;15;A01
201000031564;0;7;0;0;2;2;1;B01
201000031564;0;37;28;0;2;3;1;A01
201000031565;0;33;0;0;0;0;15;A01
201000031566;0;1;0;0;2;6;1;A01
201000031566;0;10;0;0;2;7;1;B01
201000031567;0;7;0;0;2;8;1;B01
201000031567;0;30;0;0;2;1;1;A01
201000031568;0;7;0;0;1;3;15;A01
201000031569;0;7;0;0;2;8;15;B01
201000031569;0;30;0;0;2;1;1;A01
201000031570;0;7;0;0;2;8;1;B01
201000031570;0;7;0;0;2;1;1;A01
201000031571;0;7;0;0;1;2;1;A01
201000031572;0;7;0;4;0;1;1;A01
201000031573;0;7;0;0;1;7;1;A01
201000031574;0;7;0;3;0;0;1;A01
201000031575;0;7;0;0;2;8;0;A01
201000031575;0;33;0;0;2;1;0;B01
201000031576;0;7;0;0;0;0;1;A01
201000031577;0;30;0;0;0;0;1;A01
201000031578;0;13;0;0;2;0;0;B01
201000031578;0;10;0;0;2;3;1;A01
201000031579;0;1;0;0;0;0;1;A01
201000031580;0;7;0;0;0;4;1;A01
201000031580;0;7;0;0;2;4;0;C01
201000031580;0;7;0;0;2;4;0;B01
201000031581;0;1;0;0;0;0;0;A01
201000031582;0;30;0;0;2;4;23;B01
201000031582;0;13;0;0;2;1;1;A01
201000031583;0;2;0;0;2;1;2;A01
201000031583;0;7;0;0;0;4;2;B01
201000031584;0;7;0;0;2;1;1;A01
201000031584;0;33;0;0;2;4;9;B01
201000031585;0;7;0;0;0;0;0;A01
201000031586;0;15;0;0;2;7;12;A01
201000031586;0;7;0;0;2;8;1;B01
201000031587;0;7;0;6;0;2;1;A01
201000031588;0;7;0;0;1;1;1;A01
201000031589;0;7;0;0;1;2;1;A01
201000031590;0;7;0;0;2;3;17;A01
201000031590;0;33;0;0;2;1;1;B01
201000031591;0;2;0;0;0;0;1;A01
201000031592;0;7;0;0;2;1;0;A01
201000031592;0;7;0;8;0;8;0;B01
201000031593;0;33;0;0;2;4;1;A01
201000031593;0;7;0;0;0;4;0;B01
201000031594;0;7;0;0;2;0;15;A01
201000031594;0;1;0;0;2;0;0;B01
201000031595;0;7;0;15;0;1;0;A01
201000031596;0;1;0;0;0;0;1;A01
201000031597;0;33;0;12;0;1;1;A01
201000031598;0;3;0;0;1;3;0;A01
201000031599;0;33;0;0;2;7;1;B01
201000031599;0;7;0;0;2;3;15;A01
201000031600;0;7;0;0;0;4;16;A01
201000031600;0;30;0;0;2;4;1;B01
201000031601;0;7;0;0;2;2;1;A01
201000031601;0;7;0;0;2;3;1;B01
201000031602;0;7;0;0;2;1;0;B01
201000031602;0;33;0;0;2;1;1;A01
201000031603;0;10;0;0;2;1;0;A01
201000031603;0;7;0;0;2;4;1;B01
201000031604;0;7;0;0;2;2;17;A01
201000031604;0;7;0;0;2;3;15;B01
201000031605;0;7;0;0;2;4;1;B01
201000031605;0;7;0;0;2;1;1;A01
201000031605;0;7;0;0;2;4;1;C01
201000031606;0;7;0;0;2;2;1;B01
201000031606;0;1;0;0;2;1;1;A01
201000031607;1;10;0;0;2;1;2;Z01
201000031607;0;7;0;0;2;4;2;A01
201000031607;0;7;0;0;2;3;1;B01
201000031608;0;7;0;0;2;3;15;A01
201000031608;0;33;0;0;2;7;17;B01
201000031609;0;10;0;6;0;1;1;A01
201000031610;0;7;0;0;2;7;1;A01
201000031610;2;7;0;0;2;1;1;Z01
201000031611;0;7;0;0;2;5;16;A01
201000031611;0;1;0;0;2;4;1;B01
201000031612;0;7;0;0;1;0;1;A01
201000031613;0;7;0;0;2;0;0;A01
201000031613;0;1;0;0;2;0;0;B01
201000031614;0;7;0;0;0;0;1;B01
201000031614;0;7;0;0;2;0;1;A01
201000031615;0;7;0;0;1;3;15;A01
201000031616;0;2;0;16;0;2;1;A01
201000031617;0;7;0;0;2;3;15;B01
201000031617;0;2;0;0;2;1;1;A01
201000031618;0;33;0;0;0;0;1;A01
201000031619;0;7;0;0;2;4;23;C01
201000031619;1;7;0;0;2;1;1;A01
201000031619;0;7;0;0;2;4;23;B01
201000031620;0;7;0;0;2;1;1;A01
201000031620;0;30;0;0;2;4;16;B01
201000031621;0;1;0;0;0;1;0;A01
201000031622;0;7;0;0;2;7;16;A01
201000031622;0;1;0;0;2;8;1;B01
201000031623;0;1;0;0;2;8;1;A01
201000031623;0;7;0;0;2;3;1;B01
201000031624;0;30;0;0;0;8;15;A01
201000031625;0;2;0;0;0;0;1;A01
201000031626;0;2;0;0;0;0;1;A01
201000031627;0;7;0;0;2;1;0;B01
201000031627;0;7;0;7;2;8;1;A01
201000031628;1;2;0;0;2;0;13;A01
201000031628;0;1;0;0;2;1;1;B01
201000031629;0;7;0;0;0;0;1;A01
201000031630;2;7;0;15;0;1;14;A01
201000031631;0;7;0;0;2;4;0;B01
201000031631;0;7;0;0;2;4;1;A01
201000031631;0;7;0;0;2;5;1;C01
201000031632;0;7;0;1;0;1;1;A01
201000031633;0;7;0;0;1;0;0;A01
201000031634;0;7;0;0;0;4;23;B01
201000031634;0;7;0;0;2;1;1;A01
201000031635;0;32;0;0;0;0;1;A01
201000031636;0;1;0;0;2;0;0;B01
201000031636;0;7;0;0;2;0;0;A01
201000031637;0;7;0;0;2;4;1;A01
201000031637;0;7;0;0;0;0;1;B01
201000031638;0;7;0;0;2;3;15;A01
201000031638;0;7;0;0;2;1;1;B01
201000031639;0;1;0;0;2;8;19;B01
201000031639;0;7;0;0;2;1;1;A01
201000031640;0;7;0;0;2;1;1;B01
201000031640;0;7;0;0;2;2;19;A01
201000031640;0;7;0;0;2;1;19;C01
201000031641;0;1;0;0;1;1;0;A01
201000031642;0;7;0;0;2;1;1;A01
201000031642;0;1;0;0;2;1;19;B01
201000031643;0;10;0;0;1;2;16;B01
201000031643;0;7;0;0;2;8;16;A01
201000031644;0;7;0;0;0;0;1;A01
201000031645;0;7;0;0;1;1;1;A01
201000031646;0;37;0;0;0;0;1;A01
201000031647;0;7;0;0;2;1;16;A01
201000031647;0;7;0;0;2;3;0;B01
201000031648;0;30;0;1;0;4;1;A01
201000031649;0;1;0;0;2;1;19;B01
201000031649;0;7;0;0;2;1;16;A01
201000031650;0;7;0;0;2;4;1;B01
201000031650;0;7;0;0;2;4;1;C01
201000031650;0;7;0;0;2;1;1;A01
201000031651;0;1;0;8;0;1;1;A01
201000031652;0;2;0;0;0;0;5;A01
201000031653;0;30;0;0;0;8;9;A01
201000031654;0;30;0;0;2;7;1;B01
201000031654;0;7;0;0;2;1;9;A01
201000031655;0;33;0;0;0;0;17;B01
201000031655;0;10;0;0;0;0;15;A01
201000031656;0;1;0;0;0;7;1;A01
201000031657;0;7;0;0;2;1;1;A01
201000031657;0;34;0;0;2;8;1;B01
201000031658;0;30;0;0;2;1;15;A01
201000031658;0;7;0;0;2;1;1;B01
201000031659;0;7;0;5;0;8;13;A01
201000031659;0;30;0;0;0;8;1;B01
201000031660;0;1;0;0;1;1;1;A01
201000031661;0;1;0;0;1;1;1;A01
201000031662;0;7;0;0;1;1;1;A01
201000031663;0;7;0;0;2;3;9;A01
201000031663;0;7;0;0;2;2;1;B01
201000031664;0;33;0;0;2;4;1;B01
201000031664;0;10;0;0;2;1;1;A01
201000031665;0;10;0;0;2;4;1;B01
201000031665;0;7;0;0;2;1;1;A01
201000031666;0;7;0;0;2;2;1;A01
201000031666;0;7;0;0;2;6;1;B01
201000031667;0;7;0;0;1;1;1;A01
201000031668;0;2;0;0;2;1;1;A01
201000031668;0;7;0;0;2;6;10;B01
201000031669;0;7;0;0;2;1;9;A01
201000031669;0;2;0;0;2;1;1;B01
201000031670;0;7;0;0;0;1;1;A01
201000031670;0;7;0;0;2;5;1;B01
201000031671;0;7;0;0;2;4;1;C01
201000031671;0;7;0;0;2;1;1;A01
201000031671;0;7;0;0;2;4;1;B01
201000031672;0;7;0;0;1;3;1;A01
201000031673;0;1;0;0;2;1;1;B01
201000031673;0;7;0;0;2;3;9;A01
201000031674;0;7;0;0;2;1;9;A01
201000031674;0;1;0;0;2;4;9;B01
201000031675;0;7;0;0;2;4;10;B01
201000031675;0;7;0;0;2;1;1;A01
201000031676;0;7;0;0;2;4;23;B01
201000031676;0;1;0;0;0;1;1;A01
201000031677;0;7;0;0;2;8;15;B01
201000031677;0;1;0;0;2;1;0;A01
201000031678;0;7;0;0;2;1;16;B01
201000031678;0;2;0;0;2;1;15;A01
201000031679;0;7;0;0;2;1;1;A01
201000031679;0;7;0;0;1;4;1;B01
201000031680;0;7;0;4;0;2;1;A01
201000031681;0;33;0;0;2;8;1;B01
201000031681;0;7;0;0;2;7;12;A01
201000031682;0;7;0;0;2;1;1;A01
201000031682;0;99;0;0;2;1;1;B01
201000031683;0;7;0;0;2;4;1;C01
201000031683;0;7;0;0;2;4;1;E01
201000031683;0;7;0;0;2;4;1;B01
201000031683;0;13;0;0;2;1;1;A01
201000031683;0;7;0;0;2;4;1;D01
201000031684;0;7;0;0;2;4;1;C01
201000031684;0;7;0;0;2;1;1;A01
201000031684;0;7;0;0;2;4;1;B01
201000031685;0;7;0;0;0;1;1;A01
201000031685;0;7;0;0;0;0;0;B01
201000031686;0;7;0;0;2;7;0;A01
201000031686;0;7;0;0;2;2;0;B01
201000031687;0;7;0;0;2;0;0;B01
201000031687;0;7;0;6;2;0;0;A01
201000031688;0;30;0;0;0;0;1;A01
201000031689;0;2;0;0;0;0;1;A01
201000031690;0;7;0;4;0;1;1;A01
201000031691;0;1;0;0;2;5;1;B01
201000031691;0;7;0;0;2;6;1;A01
201000031692;0;7;0;0;2;1;0;A01
201000031692;0;7;0;0;0;5;0;C01
201000031692;0;7;0;0;2;4;0;B01
201000031693;0;7;0;0;2;1;15;A01
201000031693;0;7;0;0;2;3;1;B01
201000031694;0;33;0;0;0;8;1;A01
201000031695;0;7;0;15;1;1;1;A01
201000031696;0;7;0;0;2;4;2;B01
201000031696;0;7;0;0;2;1;1;A01
201000031696;0;7;0;0;2;4;1;C01
201000031697;0;37;45;0;1;2;7;A01
201000031698;0;7;0;0;2;4;11;A01
201000031698;0;33;0;0;2;1;2;B01
201000031699;0;7;0;0;2;1;2;A01
201000031699;0;30;0;0;2;4;1;B01
201000031700;0;38;54;0;2;1;2;A01
201000031700;0;1;0;0;2;8;11;B01
201000031701;0;7;0;0;1;2;2;A01
201000031702;0;1;0;0;2;1;15;B01
201000031702;0;7;0;0;2;2;1;A01
201000031703;0;7;0;0;2;3;1;A01
201000031703;0;14;0;0;0;0;0;C01
201000031703;0;32;0;0;2;7;1;B01
201000031704;0;7;0;0;2;4;2;B01
201000031704;0;33;0;0;2;1;2;A01
201000031705;0;7;0;0;2;4;2;B01
201000031705;0;10;0;0;2;1;2;A01
201000031705;0;7;0;0;2;4;2;C01
201000031705;0;7;0;0;2;4;2;D01
201000031706;0;7;0;0;2;1;1;B01
201000031706;0;7;0;0;2;7;15;A01
201000031707;0;10;0;0;2;3;2;A01
201000031707;0;7;0;0;2;4;23;B01
201000031708;0;7;0;0;1;1;0;A01
201000031709;0;33;0;0;0;0;0;A01
201000031710;0;7;0;0;2;4;0;B01
201000031710;0;7;0;0;0;0;0;A01
201000031711;0;7;0;0;2;3;15;A01
201000031711;0;2;0;0;2;3;1;B01
201000031712;0;7;0;0;2;0;2;A01
201000031712;0;1;0;0;2;0;2;B01
201000031713;0;7;0;0;2;1;1;B01
201000031713;0;3;0;0;2;3;0;A01
201000031714;0;10;0;0;1;2;1;A01
201000031715;0;7;0;0;0;0;1;A01
201000031716;0;7;0;0;0;0;0;A01
201000031717;0;1;0;0;0;0;0;A01
201000031718;0;1;0;0;2;0;0;B01
201000031718;0;7;0;0;2;0;0;A01
201000031719;0;7;0;0;1;0;1;A01
201000031720;0;2;0;0;0;0;1;A01
201000031721;0;33;0;0;0;0;0;A01
201000031722;0;7;0;0;2;0;0;A01
201000031722;0;1;0;0;2;0;1;B01
201000031723;0;33;0;0;0;0;1;A01
201000031724;0;1;0;0;0;0;1;A01
201000031725;0;1;0;0;0;0;1;A01
201000031726;0;30;0;0;0;0;1;A01
201000031727;0;30;0;8;0;0;0;A01
201000031728;0;30;0;1;0;1;1;A01
201000031728;0;10;0;0;2;4;23;B01
201000031729;0;7;0;6;0;1;16;A01
201000031730;0;7;0;0;2;1;1;B01
201000031730;0;7;0;0;2;6;1;C01
201000031730;0;7;0;0;2;1;5;A01
201000031731;0;7;0;0;2;7;12;A01
201000031731;0;2;0;0;2;8;1;B01
201000031732;0;7;0;0;1;3;15;A01
201000031733;0;10;0;0;2;7;22;A01
201000031733;0;2;0;0;2;8;1;B01
201000031734;0;7;0;0;2;8;1;B01
201000031734;0;7;0;0;2;2;1;A01
201000031735;0;7;0;0;2;1;0;A01
201000031735;0;31;0;0;2;4;1;B01
201000031736;0;7;0;0;2;4;1;B01
201000031736;0;10;0;0;2;1;1;A01
201000031737;0;7;0;0;1;1;1;A01
201000031738;0;7;0;0;2;1;1;B01
201000031738;0;7;0;0;2;1;15;A01
201000031739;0;7;0;0;0;1;1;A01
201000031740;0;33;0;0;0;8;17;B01
201000031740;0;15;0;0;0;0;24;A01
201000031741;0;7;0;0;0;0;0;B01
201000031741;0;7;0;0;2;0;1;A01
201000031742;0;7;0;0;2;7;1;A01
201000031742;0;7;0;0;2;3;1;B01
201000031743;0;33;0;12;0;7;16;A01
201000031744;0;2;0;0;2;6;19;A01
201000031744;0;7;0;0;2;3;1;B01
201000031745;0;33;0;0;0;7;2;A01
201000031745;1;7;0;0;0;0;0;X01
201000031746;0;7;0;0;1;3;9;A01
201000031747;0;30;0;0;1;1;17;A01
201000031748;0;10;0;0;2;8;23;A01
201000031748;0;1;0;0;2;1;1;B01
201000031749;0;7;0;0;2;7;1;B01
201000031749;0;7;0;0;2;1;9;A01
201000031750;0;7;0;0;2;3;10;A01
201000031750;0;33;0;0;2;1;17;B01
201000031751;0;7;0;0;2;1;1;B01
201000031751;0;2;0;0;2;7;15;A01
201000031752;0;33;0;0;2;1;1;B01
201000031752;0;7;0;0;2;3;10;A01
201000031753;0;7;0;1;0;9;1;A01
201000031754;0;7;0;0;2;4;1;C01
201000031754;0;7;0;0;2;4;1;B01
201000031754;0;7;0;0;2;1;1;A01
201000031755;0;2;0;0;2;1;1;A01
201000031755;0;7;0;0;2;4;15;B01
201000031756;0;7;0;0;2;1;1;B01
201000031756;0;7;0;0;2;3;1;A01
201000031757;0;30;0;0;0;8;1;A01
201000031758;0;7;0;0;2;6;1;B01
201000031758;0;7;0;0;2;1;1;A01
201000031759;0;33;0;0;2;1;1;B01
201000031759;0;7;0;0;2;3;15;A01
201000031760;0;14;0;0;2;2;1;B01
201000031760;0;7;0;4;2;6;9;A01
201000031761;0;7;0;0;2;1;1;A01
201000031761;0;7;0;0;0;4;23;B01
201000031762;0;7;0;0;2;3;9;B01
201000031762;0;7;0;0;2;2;9;A01
201000031763;0;30;0;0;2;1;15;A01
201000031763;0;7;0;0;0;0;0;B01
201000031764;0;33;0;3;0;7;1;A01
201000031765;0;7;0;0;1;0;0;A01
201000031766;0;7;0;1;2;3;1;B01
201000031766;0;7;0;0;2;1;1;A01
201000031767;0;30;0;13;0;8;0;A01
201000031768;0;30;0;12;0;3;0;A01
201000031769;0;1;0;1;0;2;7;A01
201000031769;0;37;12;0;2;8;24;B01
201000031770;0;36;0;12;0;2;14;A01
201000031771;0;33;0;0;0;7;1;A01
201000031772;0;30;0;0;0;2;16;A01
201000031773;0;7;0;0;2;1;1;A01
201000031773;0;7;0;0;2;7;0;B01
201000031774;0;2;0;12;0;1;0;A01
201000031775;0;32;0;0;0;0;1;B01
201000031775;0;7;0;0;2;0;1;A01
201000031776;0;7;0;0;1;1;1;A01
201000031777;0;7;0;6;2;8;1;B01
201000031777;0;7;0;6;2;1;1;A01
201000031778;1;7;0;0;2;0;1;A01
201000031778;0;7;0;0;2;0;1;B01
201000031779;0;7;0;8;0;0;0;B01
201000031779;1;7;0;0;0;0;0;A01
201000031780;0;7;0;0;0;0;0;A01
201000031781;0;7;0;0;0;4;1;B01
201000031781;0;7;0;0;2;1;1;A01
201000031782;0;30;0;0;2;2;5;B01
201000031782;0;10;0;0;0;1;15;A01
201000031783;0;7;0;0;1;2;1;A01
201000031784;0;33;0;0;0;0;1;A01
201000031785;0;7;0;0;1;8;15;A01
201000031786;0;7;0;0;1;0;0;A01
201000031787;0;7;0;0;2;0;1;A01
201000031787;0;7;0;0;2;0;2;B01
201000031788;0;7;0;0;2;1;2;A01
201000031788;0;7;0;0;2;4;2;B01
201000031789;0;30;0;0;2;1;1;A01
201000031789;0;7;0;0;2;3;1;B01
201000031790;0;7;0;0;1;1;1;A01
201000031791;0;7;0;0;2;8;1;B01
201000031791;0;10;0;0;2;8;1;A01
201000031792;0;7;0;0;2;6;4;A01
201000031792;0;7;0;0;2;2;9;B01
201000031793;0;36;0;0;2;8;2;A01
201000031793;0;33;0;0;2;7;2;B01
201000031794;0;7;0;0;2;2;15;A01
201000031794;0;7;0;0;2;3;1;B01
201000031795;0;7;0;6;0;2;1;A01
201000031796;0;33;0;6;0;7;1;A01
201000031797;0;1;0;0;2;1;1;B01
201000031797;0;7;0;0;2;8;20;A01
201000031798;0;7;0;0;0;1;2;A01
201000031799;0;1;0;0;0;8;0;A01
201000031800;0;7;0;0;2;6;1;B01
201000031800;0;7;0;0;2;1;1;A01
201000031801;0;7;0;0;2;1;2;A01
201000031801;0;7;0;0;2;4;1;B01
201000031802;0;1;0;0;2;1;1;A01
201000031802;0;7;0;0;2;4;23;B01
201000031803;0;7;0;0;2;1;1;B01
201000031803;0;7;0;0;2;1;1;A01
201000031804;0;33;0;0;0;0;0;A01
201000031805;0;7;0;0;2;7;15;A01
201000031805;0;7;0;0;2;1;1;B01
201000031806;0;7;0;13;0;0;1;A01
201000031807;0;7;0;0;2;0;1;B01
201000031807;0;7;0;0;2;2;1;A01
201000031808;0;7;0;0;2;0;0;A01
201000031808;0;16;0;0;0;0;0;B01
201000031809;0;7;0;0;2;3;15;A01
201000031809;0;33;0;0;2;3;1;B01
201000031810;0;7;0;0;1;1;1;A01
201000031811;0;7;0;0;2;8;15;A01
201000031811;0;2;0;0;2;1;17;B01
201000031812;0;7;0;0;1;1;1;A01
201000031813;0;1;0;0;2;1;19;A01
201000031813;0;7;0;0;2;7;1;B01
201000031814;0;7;0;0;2;4;1;B01
201000031814;0;7;0;0;2;1;1;A01
201000031815;0;7;0;0;1;1;1;A01
201000031816;0;1;0;0;1;1;1;A01
201000031817;0;7;0;0;2;1;1;B01
201000031817;0;7;0;0;2;4;1;C01
201000031817;0;7;0;0;2;1;1;A01
201000031818;0;2;0;0;2;1;1;A01
201000031818;0;7;0;0;2;4;1;B01
201000031819;0;7;0;4;0;1;1;A01
201000031820;0;10;0;0;1;1;15;A01
201000031821;0;7;0;6;0;1;9;A01
201000031822;0;7;0;0;2;2;1;A01
201000031822;0;7;0;0;2;3;1;B01
201000031823;0;10;0;0;2;1;1;A01
201000031823;0;7;0;0;2;4;1;B01
201000031824;0;7;0;0;2;1;1;A01
201000031824;0;10;0;0;2;4;1;B01
201000031825;0;33;0;0;2;7;17;A01
201000031825;0;10;0;0;2;8;15;B01
201000031826;0;7;0;0;1;2;1;A01
201000031827;0;7;0;0;2;1;1;B01
201000031827;0;7;0;9;2;3;15;A01
201000031828;0;10;0;0;2;0;0;B01
201000031828;0;7;0;0;2;1;0;A01
201000031829;0;7;0;0;0;0;1;B01
201000031829;0;7;0;0;2;0;1;A01
201000031830;2;30;0;0;2;0;0;A01
201000031830;0;7;0;0;2;0;0;B01
201000031831;0;30;0;0;0;7;1;A01
201000031832;0;32;0;0;0;7;1;A01
201000031833;0;37;1;0;2;3;1;B01
201000031833;0;10;0;0;2;3;17;A01
201000031834;0;30;0;0;0;8;2;A01
201000031835;0;2;0;12;0;1;1;A01
201000031836;0;7;0;0;2;6;1;B01
201000031836;0;7;0;0;2;2;2;A01
201000031837;0;7;0;0;2;8;1;A01
201000031837;0;7;0;0;2;1;1;B01
201000031838;0;2;0;0;2;8;1;B01
201000031838;0;7;0;0;2;7;1;A01
201000031839;0;33;0;0;0;0;1;B01
201000031839;0;7;0;0;0;0;12;A01
201000031840;0;7;0;0;2;1;0;B01
201000031840;0;33;0;0;2;1;0;A01
201000031841;0;7;0;0;1;0;1;A01
201000031842;0;34;0;0;2;2;1;A01
201000031842;0;7;0;0;2;1;1;B01
201000031843;0;33;0;0;2;1;1;A01
201000031843;0;7;0;0;2;3;2;B01
201000031844;0;7;0;0;2;4;1;B01
201000031844;0;7;0;0;2;1;1;A01
201000031845;0;33;0;0;2;1;1;A01
201000031845;1;7;0;0;2;3;0;Z01
201000031846;0;7;0;0;2;1;2;A01
201000031846;0;7;0;0;2;4;2;B01
201000031847;0;7;0;0;1;3;4;A01
201000031848;0;10;0;0;2;1;1;A01
201000031848;0;7;0;0;2;4;1;C01
201000031848;0;7;0;0;2;4;1;B01
201000031849;0;7;0;0;2;3;15;A01
201000031849;0;7;0;0;2;1;1;B01