num_acc;senc;catv;occutc;obs;obsm;choc;manv;num_veh
201000031850;0;7;0;0;2;1;9;A01
201000031850;0;31;0;0;2;2;1;B01
201000031851;0;7;0;0;2;3;1;A01
201000031851;0;1;0;0;2;1;19;B01
201000031852;0;7;0;0;2;2;1;A01
201000031852;0;32;0;0;2;3;1;B01
201000031853;0;7;0;0;2;2;1;A01
201000031853;0;1;0;0;2;1;19;B01
201000031854;0;7;0;0;2;1;11;A01
201000031854;0;7;0;0;2;7;1;B01
201000031855;0;30;0;0;2;1;5;A01
201000031855;0;7;0;0;2;1;1;B01
201000031856;0;7;0;0;2;8;15;B01
201000031856;0;2;0;0;2;1;17;A01
201000031857;0;10;0;0;2;1;1;A01
201000031857;0;7;0;0;2;4;23;D01
201000031857;0;7;0;0;2;4;23;B01
201000031857;0;7;0;0;2;4;23;C01
201000031858;0;30;0;0;0;0;1;A01
201000031859;0;7;0;2;0;1;1;A01
201000031860;0;30;0;0;2;1;1;B01
201000031860;0;7;0;0;2;7;9;A01
201000031861;0;7;0;1;2;6;1;B01
201000031861;0;7;0;0;2;2;0;A01
201000031862;0;7;0;0;1;0;0;A01
201000031863;0;7;0;0;2;3;1;B01
201000031863;0;7;0;6;2;2;1;A01
201000031864;0;7;0;0;2;1;1;B01
201000031864;0;7;0;0;2;3;16;A01
201000031865;0;10;0;0;2;1;1;A01
201000031865;0;7;0;0;2;4;1;B01
201000031866;0;7;0;0;1;7;16;A01
201000031867;0;7;0;0;2;3;0;B01
201000031867;0;2;0;0;2;1;1;A01
201000031868;0;30;0;0;2;7;15;B01
201000031868;0;14;0;0;2;3;9;A01
201000031869;0;7;0;0;2;0;0;A01
201000031869;0;7;0;0;0;0;0;B01
201000031870;0;7;0;0;2;0;0;B01
201000031870;0;33;0;0;2;0;0;A01
201000031871;0;7;0;0;0;0;0;C01
201000031871;0;7;0;0;0;0;0;B01
201000031871;0;7;0;0;2;0;0;A01
201000031872;0;2;0;0;0;0;0;A01
201000031873;0;7;0;0;1;3;1;A01
201000031874;0;7;0;0;2;1;1;A01
201000031874;0;7;0;0;2;4;1;C01
201000031874;0;7;0;0;2;4;1;B01
201000031875;0;7;0;0;2;2;1;B01
201000031875;0;7;0;0;2;3;9;A01
201000031876;0;7;0;0;2;3;15;A01
201000031876;0;7;0;0;2;3;1;B01
201000031877;0;15;0;4;0;2;1;A01
201000031878;0;30;0;0;2;1;1;B01
201000031878;0;7;0;0;2;3;15;A01
201000031879;0;1;0;0;2;6;1;B01
201000031879;0;1;0;0;2;2;9;A01
201000031880;0;7;0;0;0;0;0;B01
201000031880;0;7;0;0;2;1;1;A01
201000031881;0;7;0;0;2;4;1;B01
201000031881;0;7;0;0;2;1;1;A01
201000031882;0;7;0;0;2;4;1;B01
201000031882;0;7;0;0;2;1;1;A01
201000031883;0;10;0;0;2;4;1;B01
201000031883;0;7;0;0;2;1;1;A01
201000031884;0;10;0;0;2;1;1;A01
201000031884;0;7;0;0;2;4;1;B01
201000031885;0;2;0;0;2;4;1;B01
201000031885;0;7;0;1;2;2;20;A01
201000031886;0;2;0;0;2;1;1;B01
201000031886;0;10;0;0;2;5;15;A01
201000031887;0;30;0;0;2;7;1;A01
201000031887;0;7;0;0;2;1;9;B01
201000031888;0;7;0;4;0;1;1;A01
201000031889;0;7;0;0;2;1;1;A01
201000031889;0;7;0;0;2;4;1;B01
201000031890;1;99;0;0;1;0;1;A01
201000031891;0;7;0;4;0;1;1;A01
201000031892;0;7;0;0;2;1;1;A01
201000031892;0;7;0;0;2;1;1;C01
201000031892;0;7;0;0;2;4;1;B01
201000031893;0;7;0;0;1;1;1;A01
201000031894;0;36;0;2;0;1;1;A01
201000031895;0;7;0;0;1;4;4;A01
201000031896;0;7;0;0;1;8;1;A01
201000031897;0;7;0;0;2;2;15;A01
201000031897;0;2;0;0;2;1;1;B01
201000031898;0;2;0;0;2;1;1;A01
201000031898;0;7;0;0;2;4;1;B01
201000031899;0;7;0;0;2;1;1;B01
201000031899;0;10;0;0;2;1;23;A01
201000031900;1;7;0;0;2;2;1;A01
201000031900;0;7;0;0;2;3;1;B01
201000031901;0;7;0;0;2;1;1;A01
201000031901;0;37;1;0;2;4;1;B01
201000031902;0;7;0;0;2;3;15;A01
201000031902;0;1;0;0;2;4;1;B01
201000031903;0;2;0;0;2;1;1;A01
201000031903;0;7;0;0;2;4;1;B01
201000031904;0;2;0;0;0;7;1;A01
201000031905;0;7;0;4;0;8;2;A01
201000031906;0;7;0;0;1;7;1;A01
201000031907;0;7;0;0;2;1;2;A01
201000031907;0;7;0;0;2;4;2;B01
201000031908;0;7;0;0;2;1;1;A01
201000031908;0;7;0;0;2;4;1;B01
201000031909;0;2;0;0;2;1;2;A01
201000031909;0;7;0;0;2;3;9;B01
201000031910;0;7;0;0;2;1;1;A01
201000031910;0;2;0;0;0;0;0;B01
201000031911;0;7;0;0;1;1;1;A01
201000031912;0;7;0;0;2;1;1;A01
201000031912;0;7;0;0;2;4;1;B01
201000031913;0;7;0;0;1;1;1;A01
201000031914;0;7;0;0;1;3;0;A01
201000031915;0;7;0;0;2;1;1;A01
201000031915;0;7;0;0;2;4;0;B01
201000031916;0;7;0;0;2;1;1;A01
201000031916;0;37;2;0;2;7;1;B01
201000031917;0;7;0;0;2;3;15;A01
201000031917;0;30;0;0;2;7;1;B01
201000031918;0;1;0;0;2;7;0;B01
201000031918;1;1;0;0;2;1;1;A01
201000031919;0;2;0;0;0;0;0;A01
201000031920;0;30;0;0;2;1;1;A01
201000031920;0;7;0;0;2;8;1;B01
201000031921;0;7;0;15;0;8;15;A01
201000031922;0;7;0;6;0;8;1;A01
201000031923;0;7;0;0;2;1;1;B01
201000031923;0;7;0;0;2;7;15;A01
201000031924;0;7;0;0;2;1;1;A01
201000031924;0;7;0;0;2;6;4;B01
201000031925;1;2;0;0;1;0;0;A01
201000031926;0;7;0;8;0;8;0;A01
201000031927;0;30;0;0;2;1;17;A01
201000031927;0;10;0;0;2;3;15;B01
201000031928;2;7;0;0;2;7;15;A01
201000031928;0;10;0;0;2;1;1;B01
201000031929;0;7;0;8;0;1;1;A01
201000031930;0;7;0;15;0;1;1;A01
201000031931;0;7;0;0;2;3;1;A01
201000031931;0;7;0;0;2;3;1;B01
201000031932;0;99;0;8;0;8;0;A01
201000031933;0;37;2;0;2;2;1;B01
201000031933;0;7;0;4;2;3;9;A01
201000031934;0;2;0;0;2;1;7;B01
201000031934;0;7;0;0;2;8;15;A01
201000031935;0;7;0;0;1;1;1;A01
201000031936;0;7;0;0;2;3;9;B01
201000031936;0;7;0;0;2;8;1;C01
201000031936;0;15;0;0;2;2;12;A01
201000031937;0;7;0;0;2;1;1;B01
201000031937;0;7;0;0;2;1;15;A01
201000031938;0;7;0;2;0;1;1;A01
201000031939;0;30;0;0;0;0;0;A01
201000031940;0;30;0;1;0;1;1;A01
201000031941;0;7;0;0;2;1;1;A01
201000031941;0;7;0;0;2;4;1;B01
201000031942;0;7;0;13;0;3;1;A01
201000031943;0;7;0;0;2;3;15;A01
201000031943;0;30;0;0;2;1;1;B01
201000031944;0;7;0;6;0;4;1;A01
201000031945;0;7;0;0;2;8;1;B01
201000031945;0;7;0;0;2;1;1;A01
201000031946;0;7;0;0;1;1;0;A01
201000031947;0;7;0;0;2;1;9;A01
201000031947;0;2;0;0;2;7;1;B01
201000031948;0;7;0;0;2;2;15;A01
201000031948;0;33;0;0;2;1;1;B01
201000031949;0;7;0;0;1;2;1;A01
201000031950;0;7;0;0;1;2;1;A01
201000031951;0;30;0;0;2;4;2;B01
201000031951;0;7;0;0;2;1;16;A01
201000031952;0;1;0;0;1;1;1;A01
201000031953;0;7;0;0;1;1;1;A01
201000031954;0;7;0;0;2;3;9;A01
201000031954;0;2;0;0;2;1;1;B01
201000031955;0;32;0;0;2;4;23;B01
201000031955;0;7;0;0;2;1;1;A01
201000031956;0;30;0;0;2;1;1;A01
201000031956;0;7;0;0;2;8;15;B01
201000031957;0;7;0;9;0;9;1;A01
201000031958;0;7;0;0;1;0;0;A01
201000031959;0;7;0;9;0;1;0;A01
201000031960;0;7;0;6;0;4;1;B01
201000031960;0;33;0;0;2;4;1;A01
201000031961;0;33;0;0;2;0;1;B01
201000031961;0;7;0;0;2;5;15;A01
201000031962;0;7;0;0;1;0;1;A01
201000031963;0;30;0;0;0;0;0;B01
201000031963;0;7;0;0;0;0;0;A01
201000031964;0;7;0;4;0;0;0;A01
201000031965;0;7;0;0;0;0;0;A01
201000031965;0;7;0;0;0;0;0;B01
201000031966;0;33;0;0;0;0;1;A01
201000031967;0;7;0;0;2;4;1;A01
201000031967;0;7;0;0;0;0;1;B01
201000031968;0;7;0;0;0;0;15;B01
201000031968;0;33;0;0;0;0;1;A01
201000031969;0;7;0;0;1;0;15;A01
201000031970;0;7;0;0;1;0;1;A01
201000031970;0;1;0;0;2;0;1;B01
201000031971;0;2;0;0;0;0;1;A01
201000031972;0;7;0;0;1;0;0;A01
201000031973;0;7;0;10;0;0;0;A01
201000031974;0;7;0;0;0;0;1;A01
201000031975;0;7;0;0;0;0;1;B01
201000031975;0;7;0;0;2;4;1;A01
201000031976;0;1;0;0;2;0;0;A01
201000031976;0;7;0;0;1;0;0;B01
201000031977;0;7;0;0;1;0;1;A01
201000031978;1;7;0;0;1;0;1;A01
201000031979;0;7;0;0;2;0;0;A01
201000031979;0;1;0;0;2;0;0;B01
201000031980;1;7;0;0;1;0;0;A01
201000031981;0;7;0;0;2;5;15;A01
201000031981;0;7;0;0;2;2;0;B01
201000031982;0;7;0;0;2;1;1;A01
201000031982;0;7;0;0;2;2;1;B01
201000031983;0;7;0;0;1;2;1;A01
201000031984;0;33;0;0;2;0;1;A01
201000031984;0;30;0;0;2;0;0;B01
201000031985;0;2;0;0;0;0;0;A01
201000031986;0;7;0;0;1;0;1;A01
201000031987;0;7;0;13;0;0;1;A01
201000031988;1;7;0;0;2;1;1;A01
201000031988;0;2;0;0;2;1;1;B01
201000031989;0;2;0;0;2;3;1;B01
201000031989;0;7;0;0;2;3;1;A01
201000031990;0;30;0;0;2;1;0;B01
201000031990;0;7;0;0;2;2;1;A01
201000031991;0;7;0;14;0;0;1;A01
201000031992;0;7;0;0;2;3;1;A01
201000031992;0;7;0;0;2;3;1;B01
201000031993;0;2;0;0;2;4;1;A01
201000031993;0;7;0;0;0;4;15;B01
201000031994;0;7;0;0;0;4;1;C01
201000031994;0;7;0;0;0;4;1;B01
201000031994;0;7;0;0;0;4;1;A01
201000031995;0;30;0;0;2;3;11;A01
201000031995;0;7;0;0;0;0;11;B01
201000031996;0;7;0;0;1;2;1;A01
201000031997;0;7;0;0;0;0;1;A01
201000031998;0;1;0;0;0;0;0;B01
201000031998;1;7;0;0;2;0;0;A01
201000031999;0;7;0;0;1;0;1;A01
201000032000;0;2;0;0;0;0;0;A01
201000032001;0;33;0;8;0;1;0;A01
201000032002;0;30;0;14;0;1;1;A01
201000032003;0;2;0;0;2;1;1;A01
201000032003;0;7;0;0;2;5;1;B01
201000032004;0;7;0;0;2;0;1;A01
201000032004;0;32;0;0;2;0;15;B01
201000032005;0;33;0;0;1;0;1;A01
201000032006;0;7;0;0;1;7;1;A01
201000032007;0;1;0;0;2;8;1;B01
201000032007;0;10;0;0;2;7;17;A01
201000032008;0;7;0;2;0;1;1;A01
201000032009;0;7;0;4;2;6;0;B01
201000032009;0;7;0;10;2;2;0;A01
201000032010;0;7;0;0;2;5;17;A01
201000032010;0;30;0;0;2;1;1;B01
201000032011;0;7;0;0;2;1;1;A01
201000032011;0;1;0;0;2;1;1;B01
201000032012;0;7;0;0;1;0;4;A01
201000032013;0;7;0;0;1;4;4;A01
201000032014;0;7;0;0;2;1;1;A01
201000032014;0;31;0;0;2;8;1;B01
201000032015;0;7;0;0;2;3;1;A01
201000032015;0;2;0;0;2;1;1;B01
201000032016;0;7;0;0;0;4;1;A01
201000032016;0;33;0;0;0;0;1;B01
201000032017;0;7;0;0;1;7;1;A01
201000032018;0;7;0;0;2;8;9;A01
201000032018;0;1;0;0;2;0;0;B01
201000032019;0;31;0;0;2;1;1;B01
201000032019;0;7;0;0;2;7;15;A01
201000032020;0;31;0;0;2;1;1;B01
201000032020;0;7;0;0;2;3;15;A01
201000032021;0;33;0;6;0;7;1;A01
201000032022;0;7;0;3;2;2;1;A01
201000032022;0;7;0;0;2;1;1;B01
201000032023;0;7;0;0;2;1;13;A01
201000032023;0;7;0;0;2;1;1;B01
201000032024;0;7;0;0;1;1;15;A01
201000032025;0;7;0;0;2;8;1;B01
201000032025;0;1;0;0;2;1;19;A01
201000032026;0;7;0;0;1;2;1;A01
201000032027;0;7;0;0;2;8;15;B01
201000032027;0;2;0;0;2;3;17;A01
201000032028;0;30;0;0;2;3;19;A01
201000032028;0;7;0;0;2;2;1;B01
201000032029;0;10;0;3;2;8;16;B01
201000032029;0;13;0;3;2;1;6;A01
201000032030;0;31;0;0;2;1;1;B01
201000032030;0;7;0;0;2;2;1;A01
201000032031;1;7;0;0;2;3;1;Z01
201000032031;0;1;0;0;2;2;1;A01
201000032032;0;37;1;0;1;7;1;A01
201000032033;0;7;0;0;2;1;9;B01
201000032033;0;2;0;0;2;1;1;A01
201000032034;0;7;0;0;2;8;10;A01
201000032034;0;2;0;0;2;1;1;B01
201000032035;0;15;0;0;0;0;0;A01
201000032035;0;1;0;0;0;0;0;B01
201000032036;0;7;0;0;2;7;0;B01
201000032036;0;2;0;0;2;0;0;A01
201000032037;1;7;0;0;0;0;15;A01
201000032037;0;32;0;0;0;8;21;B01
201000032038;0;7;0;0;2;1;1;A01
201000032038;0;7;0;0;2;1;1;B01
201000032039;0;7;0;0;1;1;1;A01
201000032040;0;7;0;0;1;1;1;A01
201000032041;0;7;0;0;2;2;1;A01
201000032041;0;7;0;6;2;1;1;B01
201000032042;0;7;0;0;1;3;1;A01
201000032043;0;7;0;0;2;1;2;A01
201000032043;0;7;0;0;2;4;1;B01
201000032044;0;7;0;0;1;5;1;A01
201000032045;0;7;0;0;1;1;1;A01
201000032046;0;7;0;0;2;7;1;A01
201000032046;0;7;0;0;2;1;1;B01
201000032047;0;10;0;0;2;2;1;A01
201000032047;0;1;0;0;2;1;19;B01
201000032048;0;2;0;0;2;1;1;B01
201000032048;0;7;0;0;2;6;4;A01
201000032049;0;7;0;0;2;7;1;A01
201000032049;0;7;0;0;2;1;1;B01
201000032050;0;7;0;0;2;1;15;A01
201000032050;0;30;0;0;2;1;1;B01
201000032051;0;7;0;0;2;4;1;C01
201000032051;0;10;0;0;2;2;1;A01
201000032051;0;7;0;0;2;4;1;B01
201000032052;0;7;0;0;2;4;1;D01
201000032052;0;7;0;0;0;4;2;B01
201000032052;0;7;0;0;2;4;1;C01
201000032052;0;7;0;14;0;1;2;A01
201000032053;0;1;0;0;1;1;1;A01
201000032054;0;7;0;0;2;3;15;B01
201000032054;0;7;0;0;2;2;1;A01
201000032055;0;2;0;0;0;0;0;A01
201000032056;0;2;0;0;0;7;1;A01
201000032057;0;33;0;0;2;1;18;A01
201000032057;0;7;0;0;2;7;16;B01
201000032058;0;7;0;0;1;0;0;A01
201000032059;0;7;0;0;2;4;19;A01
201000032059;0;7;0;0;2;1;1;B01
201000032060;0;7;0;0;1;1;15;A01
201000032061;0;7;0;0;2;8;1;A01
201000032061;0;7;0;0;0;0;1;B01
201000032062;0;10;0;0;2;2;1;B01
201000032062;0;7;0;0;2;2;1;C01
201000032062;0;7;0;0;2;3;1;A01
201000032063;0;7;0;0;1;3;1;A01
201000032064;0;7;0;8;0;8;1;A01
201000032065;0;7;0;0;0;0;0;B01
201000032065;0;7;0;0;0;0;0;A01
201000032066;0;7;0;0;2;8;2;A01
201000032066;0;14;0;0;2;1;2;B01
201000032067;0;7;0;0;2;1;2;A01
201000032067;0;33;0;0;0;6;2;B01
201000032068;0;38;1;0;2;4;2;A01
201000032068;0;7;0;0;2;1;15;B01
201000032069;1;7;0;0;0;0;0;A01
201000032070;0;38;1;14;2;3;1;A01
201000032070;0;10;0;0;0;2;16;B01
201000032071;0;7;0;0;2;4;2;B01
201000032071;0;7;0;0;2;4;2;C01
201000032071;0;7;0;0;2;1;2;A01
201000032072;0;7;0;0;1;3;1;A01
201000032073;0;10;0;0;1;1;0;A01
201000032074;0;7;0;2;2;2;17;A01
201000032074;0;7;0;2;2;6;1;B01
201000032075;0;7;0;0;2;2;10;A01
201000032075;0;33;0;0;2;3;1;B01
201000032076;0;30;0;0;2;1;2;A01
201000032076;0;7;0;0;2;4;2;B01
201000032077;0;7;0;0;1;2;2;A01
201000032078;0;7;0;9;0;1;6;A01
201000032079;0;7;0;0;2;1;1;B01
201000032079;0;7;0;0;2;1;13;A01
201000032080;0;7;0;0;0;8;1;B01
201000032080;0;2;0;0;2;1;19;A01
201000032081;0;30;0;0;2;1;2;B01
201000032081;1;33;0;0;2;4;2;A01
201000032081;0;7;0;0;0;5;2;C01
201000032082;0;7;0;9;0;1;1;A01
201000032083;0;7;0;0;1;1;1;A01
201000032084;0;30;0;1;0;2;0;B01
201000032084;0;7;0;1;0;4;0;A01
201000032085;0;7;0;0;2;5;1;B01
201000032085;0;7;0;0;2;1;0;A01
201000032086;0;7;0;0;2;2;15;A01
201000032086;0;33;0;0;2;1;1;B01
201000032087;0;7;0;0;1;3;1;A01
201000032088;0;7;0;8;0;1;14;A01
201000032089;0;7;0;1;1;3;13;A01
201000032089;0;38;65;0;0;8;24;B01
201000032090;0;7;0;0;2;7;17;A01
201000032090;0;2;0;0;2;8;13;B01
201000032091;0;7;0;0;1;3;15;A01
201000032092;0;7;0;0;1;8;0;A01
201000032093;0;7;0;0;1;2;16;A01
201000032094;0;7;0;0;2;1;2;A01
201000032094;0;7;0;0;2;0;2;B01
201000032094;0;7;0;0;2;1;2;C01
201000032095;0;7;0;0;2;1;1;B01
201000032095;0;10;0;0;2;1;19;A01
201000032096;0;7;0;0;1;1;15;A01
201000032097;0;7;0;0;2;3;15;A01
201000032097;0;33;0;0;2;1;1;B01
201000032098;0;7;0;0;0;9;1;A01
201000032099;0;1;0;0;2;0;19;B01
201000032099;0;15;0;0;2;8;16;A01
201000032100;0;40;0;0;1;7;1;A01
201000032101;0;7;0;0;1;3;1;A01
201000032102;0;7;0;0;1;3;1;A01
201000032103;0;7;0;0;2;1;1;A01
201000032103;0;1;0;0;2;1;1;B01
201000032104;0;7;0;0;2;1;2;C01
201000032104;0;7;0;0;2;4;2;A01
201000032104;0;7;0;0;2;1;2;B01
201000032105;1;7;0;1;0;3;1;Z01
201000032106;0;7;0;0;2;2;2;A01
201000032106;0;30;0;0;2;1;1;B01
201000032107;0;2;0;0;2;1;1;B01
201000032107;0;7;0;0;2;3;9;A01
201000032108;0;7;0;0;2;2;2;A01
201000032108;0;7;0;0;2;4;23;B01
201000032109;0;7;0;0;2;4;2;C01
201000032109;0;7;0;0;2;4;2;B01
201000032109;0;7;0;0;2;1;2;A01
201000032110;0;7;0;0;1;2;1;A01
201000032111;0;7;0;0;0;1;1;C01
201000032111;0;7;0;0;2;1;1;A01
201000032111;0;7;0;0;2;1;1;B01
201000032112;0;7;0;2;0;1;1;A01
201000032113;0;1;0;0;1;1;1;A01
201000032114;0;7;0;0;2;1;13;A01
201000032114;0;2;0;0;2;1;1;B01
201000032115;0;7;0;0;2;1;2;A01
201000032115;0;7;0;0;2;4;2;B01
201000032116;0;30;0;0;2;8;1;B01
201000032116;0;7;0;0;2;2;16;A01
201000032117;0;1;0;0;1;1;1;A01
201000032118;0;37;1;0;1;2;16;A01
201000032119;0;7;0;0;2;7;1;B01
201000032119;0;7;0;0;2;3;1;C01
201000032119;0;7;0;0;2;1;1;A01
201000032120;0;10;0;0;2;1;2;A01
201000032120;0;7;0;0;2;4;2;B01
201000032121;0;33;0;0;2;1;1;C01
201000032121;0;7;0;0;2;1;3;A01
201000032121;0;7;0;0;2;4;1;B01
201000032122;0;20;0;0;1;2;15;A01
201000032123;1;14;0;0;2;2;12;Z01
201000032123;0;7;0;0;2;8;1;A01
201000032124;0;7;0;4;0;9;1;A01
201000032125;0;15;0;0;2;1;2;A01
201000032125;0;7;0;0;2;4;2;B01
201000032125;0;7;0;0;2;4;2;D01
201000032125;0;7;0;0;2;4;2;C01
201000032126;0;7;0;0;2;1;1;A01
201000032126;0;7;0;0;2;8;1;B01
201000032127;0;10;0;0;2;8;1;A01
201000032127;0;7;0;0;2;8;13;B01
201000032128;0;7;0;0;2;3;2;A01
201000032128;0;7;0;0;2;4;2;B01
201000032128;0;7;0;0;2;4;2;C01
201000032129;0;31;0;1;0;8;14;A01
201000032130;0;7;0;0;1;1;15;A01
201000032131;0;30;0;0;2;1;1;B01
201000032131;0;7;0;0;2;7;15;A01
201000032132;0;7;0;0;1;1;1;A01
201000032133;0;33;0;0;1;1;1;A01
201000032134;0;7;0;0;2;5;0;A01
201000032134;0;7;0;0;2;1;1;B01
201000032135;0;7;0;0;2;4;16;B01
201000032135;0;7;0;0;2;2;2;A01
201000032135;0;7;0;0;2;3;23;C01
201000032136;0;7;0;0;2;2;1;A01
201000032136;0;1;0;0;2;1;1;B01
201000032137;0;7;0;0;2;2;0;A01
201000032137;0;32;0;0;2;6;0;B01
201000032138;0;33;0;0;2;8;1;A01
201000032138;0;7;0;0;2;7;1;B01
201000032139;0;7;0;2;2;1;1;A01
201000032139;0;1;0;0;2;6;1;B01
201000032140;0;15;0;0;2;2;1;B01
201000032140;0;7;0;0;2;1;11;A01
201000032141;0;7;0;0;2;1;1;A01
201000032141;0;1;0;0;2;0;1;B01
201000032142;0;7;0;0;2;3;13;A01
201000032142;0;7;0;0;2;3;1;B01
201000032143;0;33;0;0;2;1;1;B01
201000032143;0;7;0;0;2;2;15;A01
201000032144;0;1;0;0;2;1;19;B01
201000032144;1;30;0;0;2;1;1;Z01
201000032145;0;7;0;0;2;5;16;A01
201000032145;0;1;0;0;2;1;1;B01
201000032146;0;7;0;0;2;1;9;B01
201000032146;0;7;0;0;2;7;1;A01
201000032147;0;7;0;0;2;2;19;A01
201000032147;0;33;0;0;2;1;1;B01
201000032148;0;34;0;0;2;1;1;B01
201000032148;0;7;0;0;0;1;15;A01
201000032149;0;7;0;0;1;2;16;A01
201000032150;0;7;0;0;2;1;2;A01
201000032150;0;33;0;0;2;4;2;B01
201000032151;0;7;0;0;2;4;2;A01
201000032151;0;7;0;0;2;1;2;B01
201000032152;0;7;0;0;2;3;1;B01
201000032152;0;7;0;0;2;2;23;A01
201000032153;0;7;0;0;2;3;1;A01
201000032153;0;7;0;0;2;7;1;B01
201000032153;0;14;0;0;0;4;1;C01
201000032154;0;7;0;0;4;1;9;A01
201000032154;0;40;0;0;2;2;1;B01
201000032155;0;7;0;0;1;2;16;A01
201000032156;0;1;0;0;2;5;19;B01
201000032156;0;7;0;0;2;1;1;A01
201000032157;0;7;0;0;2;4;2;C01
201000032157;0;7;0;0;2;4;2;B01
201000032157;0;7;0;0;2;1;2;A01
201000032158;0;7;0;0;2;3;9;A01
201000032158;0;33;0;0;2;2;1;B01
201000032159;0;30;0;0;2;1;1;A01
201000032159;0;33;0;0;2;1;1;B01
201000032160;1;10;0;0;2;0;15;Z01
201000032160;0;33;0;0;2;1;1;A01
201000032161;0;7;0;0;2;1;15;A01
201000032161;0;1;0;0;2;8;1;B01
201000032162;0;30;0;0;2;1;5;B01
201000032162;0;7;0;0;2;1;1;A01
201000032163;0;7;0;0;2;8;13;A01
201000032163;0;33;0;0;2;7;1;B01
201000032164;0;7;0;0;1;3;1;A01
201000032165;0;32;0;3;0;8;13;A01
201000032166;0;1;0;0;2;1;1;B01
201000032166;0;7;0;0;2;1;15;A01
201000032167;0;7;0;0;1;1;15;A01
201000032168;0;7;0;8;0;7;1;A01
201000032169;0;7;0;0;2;1;1;B01
201000032169;0;2;0;0;2;7;1;A01
201000032170;0;37;0;0;1;6;1;A01
201000032171;0;30;0;0;2;1;1;B01
201000032171;0;15;0;0;2;7;15;A01
201000032172;0;14;0;0;2;1;2;A01
201000032172;0;7;0;0;2;4;2;B01
201000032173;0;7;0;0;2;2;0;B01
201000032173;0;7;0;0;2;8;15;A01
201000032174;0;14;0;0;1;1;1;A01
201000032175;0;1;0;0;2;1;1;B01
201000032175;0;32;0;0;2;1;1;A01
201000032176;0;7;0;0;1;1;1;A01
201000032177;0;1;0;0;2;3;15;B01
201000032177;0;7;0;0;2;1;1;A01
201000032178;0;1;0;0;2;7;19;B01
201000032178;0;30;0;0;2;1;1;A01
201000032179;0;7;0;8;0;1;1;A01
201000032180;0;7;0;0;1;3;15;A01
201000032181;0;7;0;0;2;2;15;A01
201000032181;0;33;0;0;2;1;1;B01
201000032182;0;33;0;0;0;0;1;B01
201000032182;0;7;0;3;0;1;1;A01
201000032183;1;7;0;0;1;1;1;A01
201000032184;0;7;0;0;1;2;1;A01
201000032185;0;7;0;0;2;2;15;B01
201000032185;0;7;0;0;2;1;1;A01
201000032186;0;30;0;0;2;1;1;A01
201000032186;0;7;0;0;2;2;1;B01
201000032187;0;7;0;0;1;3;1;A01
201000032188;0;31;0;0;2;1;1;B01
201000032188;0;7;0;0;2;2;15;A01
201000032189;0;10;0;0;1;0;17;A01
201000032190;0;7;0;0;2;5;0;A01
201000032190;0;31;0;0;2;1;1;B01
201000032191;0;7;0;0;2;1;1;A01
201000032191;0;7;0;0;2;4;1;B01
201000032192;0;7;0;0;1;1;1;A01
201000032193;0;33;0;0;2;1;1;B01
201000032193;0;7;0;0;2;1;15;A01
201000032194;0;7;0;0;1;4;4;A01
201000032195;0;33;0;0;1;2;1;A01
201000032196;0;40;0;0;1;2;1;A01
201000032197;0;7;0;0;1;3;1;A01
201000032198;0;10;0;0;1;1;15;A01
201000032199;0;7;0;0;2;7;16;A01
201000032199;0;1;0;0;2;1;1;B01
201000032200;0;7;0;0;1;2;1;A01
201000032201;0;7;0;0;2;1;1;A01
201000032201;0;1;0;0;2;1;19;B01
201000032202;0;7;0;0;2;4;15;A01
201000032202;0;33;0;0;2;1;1;B01
201000032203;0;7;0;0;2;7;15;A01
201000032203;0;33;0;0;2;1;1;B01
201000032204;0;2;0;0;2;1;13;B01
201000032204;0;7;0;0;2;3;1;A01
201000032205;0;7;0;0;2;1;15;A01
201000032205;0;33;0;0;2;1;1;B01
201000032206;0;7;0;0;1;3;20;A01
201000032207;0;40;0;0;1;1;1;A01
201000032208;0;7;0;0;2;7;15;A01
201000032208;0;33;0;0;2;1;1;B01
201000032209;0;7;0;0;1;2;1;A01
201000032210;0;7;0;0;2;1;1;A01
201000032210;0;7;0;0;2;3;15;B01
201000032211;0;7;0;0;2;2;15;A01
201000032211;0;7;0;0;2;3;1;B01
201000032212;0;7;0;0;1;1;1;A01
201000032213;0;7;0;0;1;1;1;A01
201000032214;0;10;0;0;1;1;1;A01
201000032215;0;7;0;0;2;6;23;A01
201000032215;0;31;0;0;2;2;1;B01
201000032216;0;37;0;0;1;2;1;A01
201000032217;0;7;0;0;2;8;2;A01
201000032217;0;7;0;0;2;8;2;B01
201000032218;0;7;0;0;1;2;1;A01
201000032219;0;7;0;0;2;2;16;A01
201000032219;0;1;0;0;2;4;19;B01
201000032220;0;10;0;0;1;4;4;A01
201000032221;0;7;0;0;2;1;1;B01
201000032221;0;7;0;0;2;3;19;A01
201000032222;0;7;0;0;1;1;1;A01
201000032223;0;7;0;0;2;1;1;B01
201000032223;0;7;0;15;2;2;15;A01
201000032224;0;7;0;3;0;1;1;A01
201000032225;0;7;0;0;1;2;16;A01
201000032226;1;7;0;0;2;2;2;Z01
201000032226;0;1;0;0;2;4;1;B01
201000032227;0;7;0;15;2;1;1;A01
201000032227;0;7;0;0;2;4;1;B01
201000032228;0;7;0;0;2;2;1;B01
201000032228;0;7;0;0;2;3;15;A01
201000032229;0;7;0;0;1;3;0;A01
201000032230;0;10;0;0;1;3;2;A01
201000032231;0;7;0;14;1;1;1;A01