num_acc;senc;catv;occutc;obs;obsm;choc;manv;num_veh
201000032605;0;7;0;0;2;8;0;B01
201000032606;0;33;0;13;0;1;0;A01
201000032607;0;7;0;0;2;3;0;B01
201000032607;0;7;0;0;2;3;0;A01
201000032608;0;7;0;0;2;1;2;A01
201000032608;0;7;0;0;2;4;2;B01
201000032609;0;7;0;0;2;0;0;B01
201000032609;0;10;0;0;2;6;1;A01
201000032610;0;7;0;0;2;8;0;A01
201000032610;0;30;0;0;2;1;0;B01
201000032611;0;7;0;0;2;1;2;A01
201000032611;0;7;0;0;2;4;2;B01
201000032612;0;10;0;0;2;1;1;B01
201000032612;0;7;0;0;2;3;0;A01
201000032613;0;7;0;0;1;1;0;A01
201000032614;0;33;0;0;0;2;1;A01
201000032614;1;7;0;0;0;0;15;B01
201000032615;0;7;0;2;0;2;16;A01
201000032616;0;7;0;0;1;1;1;A01
201000032617;0;7;0;0;2;0;1;B01
201000032617;0;30;0;0;2;7;0;A01
201000032618;0;7;0;0;2;2;2;A01
201000032618;0;1;0;0;2;4;2;B01
201000032619;1;7;0;0;1;0;0;A01
201000032620;0;7;0;0;0;8;15;B01
201000032620;0;7;0;13;2;2;17;A01
201000032621;0;1;0;0;0;4;0;B01
201000032621;0;7;0;0;2;3;9;A01
201000032622;0;7;0;13;0;2;1;A01
201000032623;0;10;0;0;1;1;1;A01
201000032624;0;7;0;0;2;1;9;A01
201000032624;0;34;0;0;0;7;16;B01
201000032625;0;33;0;0;2;1;1;B01
201000032625;0;10;0;0;2;8;10;A01
201000032626;0;32;0;0;2;1;2;B01
201000032626;0;7;0;0;2;2;15;A01
201000032627;0;7;0;9;0;1;13;A01
201000032628;0;14;0;0;2;3;1;B01
201000032628;0;7;0;0;2;8;15;A01
201000032629;0;33;0;0;2;1;13;A01
201000032629;0;7;0;0;2;1;21;B01
201000032630;0;7;0;0;1;2;16;A01
201000032631;0;7;0;0;2;7;19;A01
201000032631;0;10;0;0;2;1;1;B01
201000032632;0;7;0;0;0;8;1;B01
201000032632;0;30;0;0;2;1;19;A01
201000032633;0;7;0;0;2;1;0;B01
201000032633;0;7;0;0;0;8;0;A01
201000032634;0;7;0;2;0;1;0;A01
201000032635;0;7;0;0;1;2;9;A01
201000032636;0;10;0;0;2;1;1;A01
201000032636;0;10;0;1;2;5;20;B01
201000032637;0;2;0;0;0;0;1;A01
201000032638;0;7;0;0;1;1;1;A01
201000032639;0;36;0;0;0;3;1;A01
201000032640;0;7;0;0;2;3;1;B01
201000032640;0;30;0;0;2;3;1;A01
201000032641;0;7;0;0;1;1;1;A01
201000032642;0;7;0;0;1;1;1;A01
201000032643;0;7;0;0;1;1;1;A01
201000032644;0;7;0;0;2;1;1;B01
201000032644;0;1;0;0;2;1;13;A01
201000032645;0;7;0;0;2;3;1;B01
201000032645;0;7;0;0;2;2;11;A01
201000032646;0;7;0;0;1;1;0;A01
201000032647;0;7;0;0;2;8;11;A01
201000032647;2;7;0;0;2;1;1;B01
201000032648;0;3;0;0;2;2;1;B01
201000032648;0;7;0;0;2;3;9;A01
201000032649;0;31;0;0;2;2;1;A01
201000032649;0;99;0;0;2;5;15;B01
201000032650;0;31;0;13;2;1;1;B01
201000032650;0;7;0;15;2;3;17;A01
201000032651;0;2;0;0;1;1;1;A01
201000032652;0;33;0;0;2;1;1;B01
201000032652;0;7;0;0;2;1;11;A01
201000032653;1;7;0;0;9;0;15;X01
201000032653;0;1;0;0;2;8;0;A01
201000032654;0;2;0;0;2;1;17;A01
201000032654;0;7;0;0;2;8;15;B01
201000032655;0;7;0;0;2;1;2;B01
201000032655;0;7;0;0;0;4;1;A01
201000032656;0;1;0;0;2;8;1;B01
201000032656;0;7;0;0;2;2;15;A01
201000032657;0;7;0;0;1;4;4;A01
201000032658;0;7;0;0;2;1;13;A01
201000032658;0;7;0;0;2;1;1;B01
201000032658;0;32;0;0;2;1;1;C01
201000032659;0;7;0;0;2;1;1;A01
201000032659;0;1;0;0;2;6;19;B01
201000032660;0;7;0;0;2;4;1;B01
201000032660;0;7;0;0;2;1;2;A01
201000032661;0;7;0;0;2;4;1;B01
201000032661;0;33;0;0;2;1;2;A01
201000032662;0;2;0;0;2;1;1;B01
201000032662;0;7;0;0;2;1;1;A01
201000032663;1;7;0;0;2;3;1;Z01
201000032663;0;1;0;0;2;5;1;A01
201000032664;0;7;0;0;2;4;15;B01
201000032664;0;7;0;0;2;1;1;A01
201000032665;0;7;0;0;1;1;15;A01
201000032666;0;2;0;0;2;1;1;B01
201000032666;0;10;0;0;2;1;15;A01
201000032667;0;7;0;0;2;8;15;A01
201000032667;0;33;0;0;2;1;1;B01
201000032668;0;33;0;0;2;0;1;B01
201000032668;0;7;0;0;2;3;16;A01
201000032669;0;30;0;0;0;1;1;A01
201000032670;0;33;0;0;2;2;1;B01
201000032670;0;7;0;0;2;3;10;A01
201000032671;0;7;0;9;0;1;13;A01
201000032672;0;7;0;0;2;8;1;A01
201000032672;0;7;0;0;2;2;1;B01
201000032673;1;7;0;0;2;8;1;Z01
201000032673;0;30;0;0;2;7;16;A01
201000032674;0;7;0;0;2;2;15;A01
201000032674;0;7;0;0;2;3;1;B01
201000032675;1;7;0;0;2;1;2;Z01
201000032675;0;7;0;0;2;4;16;A01
201000032676;0;7;0;0;2;3;1;A01
201000032676;0;30;0;0;2;1;1;B01
201000032677;0;7;0;0;2;7;16;A01
201000032677;0;30;0;0;2;8;18;B01
201000032678;0;7;0;0;1;3;1;A01
201000032679;0;7;0;0;2;1;5;A01
201000032679;0;7;0;0;2;1;1;B01
201000032680;0;7;0;0;2;2;1;B01
201000032680;0;7;0;0;2;1;1;A01
201000032681;0;1;0;0;2;8;1;A01
201000032681;1;14;0;0;2;7;16;Z01
201000032682;0;7;0;0;2;8;15;A01
201000032682;0;2;0;0;2;1;1;B01
201000032683;0;7;0;0;2;4;1;B01
201000032683;0;7;0;0;2;1;1;A01
201000032684;0;7;0;0;2;2;1;B01
201000032684;0;2;0;0;2;1;0;A01
201000032685;0;31;0;0;1;1;1;A01
201000032686;0;7;0;0;1;1;15;A01
201000032687;0;7;0;15;0;9;1;A01
201000032688;0;2;0;1;0;1;1;A01
201000032689;0;7;0;0;2;4;23;B01
201000032689;0;7;0;0;2;4;23;C01
201000032689;0;7;0;0;2;1;1;A01
201000032690;0;7;0;0;2;8;15;A01
201000032690;0;30;0;0;2;1;17;B01
201000032691;0;7;0;0;2;8;1;B01
201000032691;0;17;0;0;2;2;1;A01
201000032692;0;33;0;1;0;1;13;A01
201000032693;0;2;0;0;0;0;1;A01
201000032694;0;1;0;0;2;7;1;B01
201000032694;0;7;0;0;2;1;1;A01
201000032695;0;2;0;1;0;1;1;A01
201000032696;0;31;0;0;2;1;1;B01
201000032696;0;7;0;0;2;8;15;A01
201000032697;0;7;0;0;2;1;1;A01
201000032697;0;7;0;0;2;3;1;B01
201000032698;0;7;0;0;2;7;15;A01
201000032698;0;7;0;0;2;1;1;B01
201000032699;0;7;0;0;2;3;16;A01
201000032699;0;2;0;0;2;1;1;B01
201000032700;0;2;0;0;2;8;23;A01
201000032700;1;7;0;0;2;2;17;Z01
201000032701;0;2;0;1;0;2;1;A01
201000032702;0;1;0;0;2;7;1;B01
201000032702;0;7;0;0;2;3;1;A01
201000032703;0;33;0;0;2;1;1;B01
201000032703;0;7;0;0;2;1;1;C01
201000032703;0;7;0;0;2;7;15;A01
201000032704;0;2;0;0;0;0;1;A01
201000032705;0;2;0;0;0;0;1;A01
201000032706;0;7;0;0;2;2;15;A01
201000032706;0;7;0;0;2;1;19;B01
201000032707;0;7;0;0;0;4;15;B01
201000032707;0;7;0;0;2;1;1;A01
201000032708;0;1;0;0;2;4;15;A01
201000032708;0;7;0;0;2;1;1;B01
201000032709;0;7;0;15;0;1;1;A01
201000032710;0;30;0;0;1;1;17;A01
201000032711;0;7;0;0;1;1;1;A01
201000032712;0;7;0;0;2;3;1;B01
201000032712;0;7;0;0;2;5;15;A01
201000032713;0;7;0;16;0;1;1;A01
201000032714;0;7;0;0;2;1;1;C01
201000032714;0;7;0;6;2;2;1;A01
201000032714;0;7;0;0;2;3;1;B01
201000032715;0;7;0;0;2;3;15;B01
201000032715;0;7;0;0;2;2;1;A01
201000032716;0;7;0;0;2;8;1;A01
201000032716;0;30;0;0;2;1;1;B01
201000032717;0;7;0;0;1;2;1;A01
201000032718;0;7;0;0;2;2;16;A01
201000032718;0;7;0;0;2;1;16;B01
201000032719;0;7;0;0;2;2;1;B01
201000032719;0;7;0;0;2;1;0;A01
201000032720;0;7;0;0;2;4;23;C01
201000032720;0;7;0;0;2;1;2;A01
201000032720;0;7;0;0;2;4;23;B01
201000032721;0;7;0;0;1;3;1;A01
201000032722;0;7;0;0;1;0;1;A01
201000032723;0;7;0;0;2;9;24;B01
201000032723;0;7;0;1;0;1;1;A01
201000032724;0;7;0;0;2;1;1;A01
201000032724;0;7;0;0;0;2;1;B01
201000032725;0;1;0;0;2;7;15;A01
201000032725;0;7;0;0;2;1;1;B01
201000032726;0;7;0;0;2;2;1;B01
201000032726;0;7;0;0;2;2;10;A01
201000032727;0;1;0;0;2;1;1;A01
201000032727;0;7;0;0;2;7;1;B01
201000032728;0;7;0;0;2;8;1;A01
201000032728;0;33;0;0;2;1;1;B01
201000032729;0;7;0;0;2;1;15;A01
201000032729;0;7;0;0;2;7;1;B01
201000032730;0;7;0;0;2;7;1;A01
201000032730;1;7;0;0;2;0;0;Z01
201000032731;0;7;0;0;1;5;4;A01
201000032732;0;2;0;0;2;1;1;B01
201000032732;0;7;0;0;2;3;1;A01
201000032733;0;2;0;0;0;0;1;A01
201000032734;0;7;0;0;2;1;1;A01
201000032734;0;7;0;0;2;3;1;B01
201000032735;0;7;0;0;2;1;2;B01
201000032735;0;7;0;0;0;4;1;A01
201000032736;0;7;0;0;1;2;1;A01
201000032737;0;7;0;0;2;3;1;B01
201000032737;0;7;0;0;2;7;15;A01
201000032738;0;10;0;0;2;2;1;A01
201000032738;0;7;0;0;2;8;1;B01
201000032739;0;7;0;14;0;1;2;A01
201000032739;0;7;0;0;2;4;23;B01
201000032740;0;7;0;0;2;2;15;A01
201000032740;0;30;0;0;2;1;1;B01
201000032741;0;30;0;12;0;1;1;A01
201000032742;0;7;0;0;2;1;1;A01
201000032742;0;34;0;0;2;1;5;B01
201000032743;0;7;0;3;0;3;1;A01
201000032744;0;7;0;0;2;7;15;A01
201000032744;0;7;0;0;2;3;1;B01
201000032745;0;33;0;0;2;1;1;A01
201000032745;0;7;0;0;2;4;1;B01
201000032746;0;1;0;0;2;8;1;B01
201000032746;0;7;0;0;2;5;16;A01
201000032747;1;7;0;0;1;1;15;Z01
201000032748;0;7;0;0;2;7;17;B01
201000032748;0;1;0;0;2;1;15;A01
201000032749;0;7;0;0;2;8;1;B01
201000032749;0;30;0;0;0;1;1;A01
201000032750;0;1;0;0;2;1;1;A01
201000032750;0;7;0;0;2;3;1;B01
201000032751;0;10;0;0;2;3;15;A01
201000032751;0;2;0;0;2;8;1;B01
201000032752;0;7;0;0;1;2;1;A01
201000032753;0;2;0;0;2;1;1;A01
201000032753;1;7;0;0;2;3;9;Z01
201000032754;0;30;0;0;2;1;19;A01
201000032754;0;31;0;0;2;2;1;B01
201000032755;0;7;0;0;2;8;1;B01
201000032755;0;7;0;0;2;2;15;A01
201000032756;0;7;0;0;2;8;1;B01
201000032756;0;7;0;0;2;2;1;A01
201000032757;0;7;0;0;2;1;2;A01
201000032757;0;7;0;0;2;4;2;B01
201000032758;0;7;0;0;2;4;23;B01
201000032758;0;7;0;0;2;1;2;A01
201000032759;0;7;0;0;1;1;15;A01
201000032760;0;7;0;0;1;1;1;A01
201000032761;0;7;0;0;2;1;15;A01
201000032761;0;33;0;0;2;1;1;B01
201000032762;0;7;0;0;2;8;15;A01
201000032762;0;7;0;0;2;2;17;B01
201000032763;1;7;0;0;1;1;1;Z01
201000032764;0;7;0;0;2;1;1;A01
201000032764;0;14;0;5;2;8;1;B01
201000032765;0;33;0;0;2;1;1;B01
201000032765;0;7;0;0;2;2;1;A01
201000032766;0;1;0;0;2;5;1;B01
201000032766;0;7;0;0;2;3;9;A01
201000032767;0;7;0;0;2;2;15;A01
201000032767;0;7;0;0;2;1;1;B01
201000032767;0;7;0;0;2;3;23;C01
201000032768;0;7;0;0;2;3;15;A01
201000032768;0;30;0;0;2;7;17;B01
201000032769;0;7;0;0;1;7;1;A01
201000032770;0;7;0;0;2;3;1;A01
201000032770;0;2;0;0;2;1;1;B01
201000032771;0;2;0;0;2;1;1;A01
201000032771;0;7;0;0;2;4;23;B01
201000032772;0;7;0;0;2;1;1;A01
201000032772;0;7;0;0;2;7;1;B01
201000032773;0;7;0;0;1;4;4;A01
201000032774;0;30;0;0;2;2;1;B01
201000032774;0;7;0;0;2;1;15;A01
201000032775;0;7;0;1;0;2;1;A01
201000032776;0;1;0;0;2;4;1;A01
201000032776;0;7;0;0;2;1;1;B01
201000032777;1;7;0;0;2;0;16;Z01
201000032777;0;1;0;0;2;1;16;B01
201000032778;1;7;0;0;2;2;17;Z01
201000032778;0;1;0;0;2;0;1;B01
201000032779;0;10;0;0;1;3;1;A01
201000032780;0;7;0;0;1;2;1;A01
201000032781;0;7;0;0;1;1;16;A01
201000032782;0;7;0;0;2;3;15;A01
201000032782;0;33;0;0;2;8;15;B01
201000032783;0;7;0;0;1;1;1;A01
201000032784;0;7;0;0;2;3;1;A01
201000032784;0;17;0;0;2;2;1;B01
201000032785;0;7;0;0;1;7;1;A01
201000032786;0;7;0;0;2;4;23;B01
201000032786;0;7;0;0;2;1;1;A01
201000032787;0;7;0;0;1;1;1;A01
201000032788;0;7;0;0;2;1;17;A01
201000032788;0;7;0;0;2;4;1;B01
201000032789;0;30;0;0;2;7;1;B01
201000032789;0;7;0;0;2;2;15;A01
201000032790;0;33;0;0;2;1;1;B01
201000032790;0;7;0;0;2;7;15;A01
201000032791;0;7;0;0;2;3;15;A01
201000032791;0;7;0;0;2;1;1;B01
201000032792;0;7;0;0;1;5;16;A01
201000032793;0;10;0;0;1;1;1;A01
201000032794;0;7;0;0;2;1;1;A01
201000032794;0;7;0;0;2;7;1;B01
201000032795;0;2;0;1;0;1;1;A01
201000032796;0;1;0;0;2;1;1;B01
201000032796;0;7;0;0;2;7;4;A01
201000032797;0;30;0;1;0;1;1;A01
201000032798;0;7;0;0;2;1;15;A01
201000032798;0;1;0;0;2;8;1;B01
201000032799;0;7;0;0;2;2;15;A01
201000032799;0;2;0;0;2;1;1;B01
201000032800;1;7;0;0;2;1;1;Z01
201000032800;0;7;0;0;2;4;23;A01
201000032801;0;7;0;0;1;1;1;A01
201000032802;0;30;0;0;2;1;2;A01
201000032802;0;7;0;0;2;4;2;B01
201000032803;1;7;0;0;1;1;1;Z01
201000032804;0;7;0;0;2;7;1;B01
201000032804;0;7;0;0;2;1;1;A01
201000032805;0;7;0;0;2;7;1;A01
201000032805;0;7;0;0;2;1;1;B01
201000032806;0;30;0;0;0;0;1;A01
201000032807;0;7;0;0;2;1;1;B01
201000032807;0;7;0;0;2;7;9;A01
201000032808;0;2;0;15;2;1;17;B01
201000032808;0;7;0;0;2;8;15;A01
201000032809;0;7;0;0;2;2;1;A01
201000032809;0;7;0;0;2;8;1;B01
201000032810;0;7;0;0;2;5;1;B01
201000032810;0;2;0;0;2;1;2;A01
201000032811;0;10;0;0;1;2;1;A01
201000032812;0;2;0;0;2;1;1;B01
201000032812;0;7;0;0;2;1;15;A01
201000032813;0;7;0;0;2;8;1;B01
201000032813;0;30;0;0;2;1;1;A01
201000032814;0;7;0;0;2;1;1;B01
201000032814;0;30;0;0;2;1;1;A01
201000032815;0;7;0;0;2;1;15;A01
201000032815;0;7;0;0;2;1;1;B01
201000032816;0;37;10;0;1;1;1;A01
201000032817;0;7;0;0;2;1;15;A01
201000032817;0;7;0;0;2;8;1;B01
201000032818;0;2;0;0;2;1;1;B01
201000032818;0;7;0;0;2;1;15;A01
201000032819;0;7;0;13;0;9;1;A01
201000032820;0;7;0;0;2;1;1;B01
201000032820;0;7;0;0;2;2;1;A01
201000032821;0;7;0;0;2;1;1;B01
201000032821;0;7;0;0;2;1;15;A01
201000032822;0;7;0;0;2;4;1;B01
201000032822;0;2;0;0;2;1;2;A01
201000032823;0;1;0;0;2;1;1;A01
201000032823;1;7;0;0;2;3;15;Z01
201000032824;0;7;0;8;0;7;0;A01
201000032825;0;7;0;8;0;2;13;A01
201000032825;0;7;0;0;2;3;1;B01
201000032826;0;7;0;0;1;1;1;A01
201000032827;0;7;0;0;2;7;1;B01
201000032827;0;7;0;0;2;1;9;A01
201000032828;0;2;0;12;0;1;14;A01
201000032829;0;30;0;0;2;1;15;A01
201000032829;0;33;0;0;2;1;1;B01
201000032830;0;7;0;0;0;6;15;B01
201000032830;2;7;0;0;2;3;14;A01
201000032831;0;7;0;0;1;2;1;A01
201000032832;0;7;0;0;1;1;1;A01
201000032833;1;7;0;0;1;1;1;A01
201000032834;0;7;0;0;2;3;1;B01
201000032834;0;7;0;0;2;2;1;A01
201000032835;0;7;0;6;0;1;0;A01
201000032836;0;7;0;0;1;5;1;A01
201000032837;0;7;0;0;0;8;10;A01
201000032837;0;33;0;0;2;1;17;B01
201000032838;0;7;0;0;9;1;0;A01
201000032839;0;7;0;0;1;1;1;A01
201000032840;0;7;0;0;2;9;1;A01
201000032840;0;7;0;0;2;1;1;B01
201000032841;0;7;0;15;2;1;1;B01
201000032841;0;10;0;0;2;1;13;A01
201000032842;0;7;0;0;2;1;2;A01
201000032842;0;7;0;0;2;4;2;B01
201000032843;0;7;0;13;0;1;21;B01
201000032844;0;7;0;0;2;1;1;B01
201000032844;0;7;0;0;0;7;1;A01
201000032845;0;7;0;6;0;1;1;A01
201000032846;0;7;0;0;2;1;2;A01
201000032846;0;7;0;0;0;4;2;B01
201000032847;0;38;1;0;2;1;1;B01
201000032847;0;7;0;0;2;2;15;A01
201000032848;0;40;46;0;1;2;1;A01
201000032849;0;7;0;0;2;2;15;A01
201000032849;0;7;0;0;2;3;1;B01
201000032850;0;7;0;0;0;8;15;A01
201000032850;0;30;0;0;2;1;1;B01
201000032851;0;7;0;0;0;8;1;B01
201000032851;0;7;0;0;2;1;1;A01
201000032852;0;7;0;0;1;3;1;A01
201000032853;0;7;0;0;2;0;19;A01
201000032853;0;31;0;0;0;3;1;B01
201000032854;0;7;0;0;1;2;0;A01
201000032855;0;7;0;0;2;2;1;B01
201000032855;0;1;0;0;2;7;5;A01
201000032856;0;7;0;0;2;1;13;A01
201000032856;0;7;0;0;0;1;1;B01
201000032857;0;7;0;0;2;8;15;A01
201000032857;0;33;0;0;2;7;1;B01
201000032858;0;7;0;0;1;1;16;A01
201000032859;0;7;0;0;1;1;1;A01
201000032860;0;7;0;0;2;1;2;A01
201000032860;0;7;0;0;0;4;2;B01
201000032861;0;7;0;0;0;7;1;A01
201000032861;0;10;0;0;2;1;1;B01
201000032862;0;7;0;0;1;2;1;A01
201000032862;0;7;0;0;1;1;1;B01
201000032863;0;7;0;8;0;4;2;B01
201000032863;0;10;0;0;2;1;2;A01
201000032864;0;7;0;0;1;3;1;A01
201000032865;0;7;0;0;1;2;1;A01
201000032866;0;7;0;0;1;1;2;A01
201000032867;0;7;0;0;2;1;1;B01
201000032867;0;7;0;0;2;1;13;A01
201000032868;0;7;0;0;2;3;15;A01
201000032868;0;7;0;0;2;2;1;B01
201000032869;0;7;0;0;2;8;1;B01
201000032869;0;7;0;0;2;1;1;A01
201000032870;0;7;0;0;1;2;1;A01
201000032871;0;7;0;0;2;3;1;B01
201000032871;0;10;0;0;2;5;1;A01
201000032872;0;7;0;0;1;1;1;A01
201000032873;0;7;0;0;0;8;1;B01
201000032873;0;7;0;0;2;1;1;A01
201000032874;0;7;0;0;2;3;16;A01
201000032874;0;38;1;0;2;3;1;B01
201000032875;0;7;0;3;0;3;1;B01
201000032875;0;7;0;14;0;1;2;A01
201000032876;0;7;0;0;2;1;1;A01
201000032876;0;7;0;0;2;8;1;B01
201000032877;0;7;0;0;2;8;15;A01
201000032877;0;3;0;0;2;1;1;B01
201000032878;0;7;0;0;2;1;1;A01
201000032878;0;30;0;0;0;7;1;B01
201000032879;0;7;0;0;0;4;2;C01
201000032879;0;7;0;0;2;1;2;A01
201000032879;0;7;0;0;0;4;2;B01
201000032880;0;7;0;0;2;1;1;A01
201000032880;0;7;0;0;2;8;1;B01
201000032880;0;7;0;0;2;2;15;C01
201000032881;0;7;0;0;2;4;2;B01
201000032881;0;7;0;0;2;1;2;A01
201000032882;0;7;0;0;1;3;1;A01
201000032883;0;7;0;0;1;7;0;A01
201000032884;0;1;0;0;2;3;18;A01
201000032884;0;17;0;0;9;2;16;B01
201000032885;0;7;0;0;1;4;4;A01
201000032886;0;7;0;0;2;3;1;B01
201000032886;0;17;0;0;2;1;15;A01
201000032887;0;7;0;0;0;6;13;B01
201000032887;0;7;0;0;2;1;1;A01
201000032888;0;1;0;0;0;8;1;A01
201000032888;0;7;0;0;9;1;9;B01
201000032889;0;33;0;13;0;7;21;A01
201000032890;0;7;0;0;2;4;1;B01
201000032890;0;7;0;0;2;3;1;A01
201000032891;0;7;0;0;2;4;2;B01
201000032891;1;7;0;0;2;1;2;Z01
201000032892;0;7;0;0;2;8;15;B01
201000032892;0;7;0;0;2;1;1;A01
201000032893;0;7;0;0;1;1;1;A01
201000032894;0;7;0;0;2;1;1;A01
201000032894;0;7;0;1;2;8;1;B01
201000032894;0;7;0;0;2;1;1;C01
201000032895;0;7;0;0;2;1;2;A01
201000032895;0;7;0;0;0;4;23;B01
201000032896;0;7;0;0;2;2;1;B01
201000032896;0;7;0;0;2;3;1;A01
201000032897;0;7;0;16;0;9;1;A01
201000032898;0;7;0;0;1;7;1;A01
201000032899;0;7;0;0;1;3;1;A01
201000032900;0;7;0;0;2;1;13;A01
201000032900;0;7;0;0;2;3;1;B01
201000032901;0;7;0;0;1;1;16;A01
201000032902;0;7;0;1;2;1;15;A01
201000032902;0;7;0;0;0;2;1;B01
201000032903;0;7;0;0;9;0;22;A01
201000032903;0;1;0;0;2;0;1;B01
201000032904;0;33;0;0;0;1;16;A01
201000032905;0;1;0;0;1;7;5;A01
201000032906;0;7;0;0;2;3;18;A01
201000032906;0;7;0;0;0;5;1;B01
201000032907;0;7;0;0;1;2;1;A01
201000032908;0;7;0;0;2;1;16;A01
201000032908;0;7;0;0;2;1;1;B01
201000032909;0;7;0;0;2;4;1;C01
201000032909;1;7;0;0;2;1;1;A01
201000032909;0;7;0;0;2;4;1;B01
201000032910;0;7;0;1;0;1;1;A01
201000032911;0;7;0;0;2;2;1;A01
201000032911;0;7;0;0;0;1;1;B01
201000032912;0;7;0;0;1;2;1;A01
201000032913;0;7;0;0;1;3;1;A01
201000032914;0;31;0;0;1;2;1;A01
201000032915;0;10;0;0;1;2;1;A01
201000032916;0;7;0;0;2;2;15;A01
201000032916;0;7;0;0;2;1;1;B01
201000032917;0;7;0;0;1;1;17;A01
201000032918;0;7;0;0;0;4;2;B01
201000032918;0;7;0;0;2;1;2;A01
201000032919;0;7;0;0;2;2;15;A01
201000032919;0;7;0;0;0;1;1;B01
201000032920;0;7;0;0;2;2;1;B01
201000032920;0;2;0;0;2;1;1;A01
201000032921;0;7;0;0;2;2;1;A01
201000032921;0;7;0;0;0;6;1;B01
201000032922;0;7;0;0;1;1;1;A01
201000032923;0;7;0;0;1;3;15;A01
201000032924;0;10;0;0;1;4;4;A01
201000032925;0;7;0;0;2;7;16;A01
201000032925;0;7;0;0;2;3;1;B01
201000032926;0;7;0;0;2;1;2;B01
201000032926;0;7;0;0;2;1;2;C01
201000032926;0;7;0;0;0;4;2;D01
201000032927;0;1;0;0;2;8;1;B01
201000032927;0;7;0;0;2;7;15;A01
201000032928;0;7;0;0;0;8;15;B01
201000032928;0;31;0;0;2;2;2;A01
201000032929;0;33;0;1;2;1;1;B01
201000032929;0;7;0;0;2;3;15;A01
201000032930;0;2;0;0;2;1;1;A01
201000032930;0;7;0;0;9;4;1;B01
201000032931;0;7;0;0;0;6;9;A01
201000032931;0;33;0;0;2;1;1;B01
201000032932;0;7;0;0;1;2;1;A01
201000032933;0;7;0;0;1;1;15;A01
201000032934;0;7;0;0;2;2;15;B01
201000032934;0;33;0;0;2;1;17;A01
201000032935;0;7;0;0;2;3;13;A01
201000032935;0;7;0;0;2;3;0;B01
201000032936;0;7;0;0;2;4;23;B01
201000032936;0;1;0;0;2;1;1;A01
201000032937;0;7;0;0;2;1;15;B01
201000032937;0;7;0;0;2;1;1;A01
201000032938;0;7;0;0;2;2;15;A01
201000032938;0;7;0;0;2;1;1;B01
201000032939;0;7;0;0;2;3;15;A01
201000032939;0;7;0;0;2;8;1;B01
201000032940;0;7;0;0;1;2;9;A01
201000032941;0;7;0;0;2;8;15;B01
201000032941;0;7;0;0;2;3;1;A01
201000032942;0;7;0;0;1;3;1;A01
201000032943;0;7;0;0;1;3;1;A01
201000032944;0;7;0;0;2;1;1;A01
201000032944;0;7;0;0;2;8;15;B01
201000032945;0;7;0;0;2;1;15;A01
201000032945;0;3;0;0;2;4;23;B01
201000032945;0;7;0;0;2;4;23;C01
201000032946;0;7;0;0;2;1;1;B01
201000032946;0;7;0;0;2;1;13;A01
201000032947;0;7;0;0;1;4;4;A01
201000032948;0;7;0;0;1;2;1;A01
201000032949;0;30;0;1;0;1;1;A01
201000032950;0;2;0;0;0;7;1;A01
201000032951;0;7;0;0;2;1;15;A01
201000032951;0;7;0;0;2;2;1;B01
201000032952;0;7;0;0;2;2;1;A01
201000032952;0;7;0;0;2;3;1;B01
201000032953;0;1;0;0;2;1;1;B01
201000032953;0;7;0;0;2;7;16;A01
201000032954;0;2;0;0;2;1;1;B01
201000032954;0;7;0;0;0;8;9;A01
201000032955;0;7;0;0;1;1;15;A01
201000032956;0;7;0;0;1;1;1;A01
201000032957;0;7;0;0;1;1;1;A01
201000032958;0;7;0;0;2;2;2;A01
201000032958;0;7;0;0;0;3;1;B01
201000032959;0;7;0;0;1;1;1;A01
201000032960;0;14;0;0;2;1;1;B01
201000032960;0;7;0;0;2;4;9;A01
201000032961;0;7;0;0;1;8;4;A01
201000032962;0;7;0;0;2;5;15;B01
201000032962;0;33;0;0;2;1;14;A01
201000032963;0;1;0;0;2;1;5;B01
201000032963;0;7;0;0;2;3;9;A01
201000032964;0;7;0;0;1;1;1;A01
201000032965;0;7;0;0;2;3;15;A01
201000032965;0;1;0;0;0;1;1;B01
201000032966;0;7;0;0;1;1;1;A01
201000032967;0;7;0;0;2;2;1;A01
201000032967;0;7;0;0;0;3;0;B01
201000032968;0;7;0;0;2;1;2;A01
201000032968;0;32;0;0;0;4;2;B01
201000032969;0;7;0;0;2;2;1;B01
201000032969;0;7;0;0;2;3;1;A01
201000032970;0;7;0;0;1;0;1;A01
201000032971;0;30;0;0;1;1;1;A01
201000032972;0;33;0;0;2;1;1;A01
201000032972;0;7;0;0;2;3;1;B01
201000032973;0;7;0;0;2;1;15;A01
201000032973;0;1;0;0;0;7;1;B01
201000032974;0;7;0;1;0;3;1;A01
201000032975;0;7;0;0;2;4;1;B01
201000032975;0;7;0;0;2;1;1;A01
201000032976;1;7;0;0;1;0;1;Z01
201000032977;0;33;0;0;2;7;15;A01
201000032977;0;7;0;0;2;3;15;B01
201000032978;1;7;0;0;0;0;0;Z01
201000032979;0;7;0;0;1;3;1;A01
201000032980;0;34;0;0;0;1;1;B01
201000032980;0;7;0;0;2;6;15;A01
201000032981;0;7;0;0;2;8;1;A01
201000032981;0;7;0;0;2;1;1;B01
201000032982;0;7;0;0;2;0;16;A01
201000032982;0;1;0;0;2;0;1;B01
201000032983;0;7;0;0;1;2;1;A01
201000032984;0;13;0;0;1;2;1;A01
201000032985;0;33;0;0;2;1;1;B01
201000032985;0;7;0;0;2;3;16;A01