num_acc;senc;catv;occutc;obs;obsm;choc;manv;num_veh
201000032986;0;2;0;0;9;2;1;B01
201000032986;0;7;0;0;0;0;1;A01
201000032987;0;7;0;0;0;5;1;B01
201000032987;0;7;0;0;2;1;1;A01
201000032988;0;7;0;0;1;4;4;A01
201000032989;0;38;6;0;1;2;15;A01
201000032990;0;7;0;0;1;2;16;A01
201000032991;0;1;0;0;0;8;2;B01
201000032991;0;7;0;0;9;7;2;A01
201000032992;0;7;0;0;2;3;1;B01
201000032992;0;7;0;0;2;1;1;A01
201000032993;0;7;0;0;2;1;9;A01
201000032993;0;7;0;0;2;2;1;B01
201000032994;0;7;0;0;2;3;15;A01
201000032994;0;33;0;0;2;1;0;B01
201000032995;0;7;0;0;0;8;9;A01
201000032995;0;2;0;0;2;1;1;B01
201000032996;0;32;0;0;0;7;2;B01
201000032996;1;99;0;0;0;0;0;Z01
201000032997;0;7;0;0;2;2;9;A01
201000032997;0;13;0;0;0;5;1;B01
201000032998;0;7;0;0;2;7;19;A01
201000032998;0;7;0;0;2;3;1;B01
201000032999;0;7;0;8;0;1;1;A01
201000033000;0;7;0;0;2;7;1;B01
201000033000;0;7;0;0;2;1;1;A01
201000033001;0;7;0;0;2;8;1;B01
201000033001;0;7;0;0;2;1;1;A01
201000033002;0;7;0;0;0;8;1;A01
201000033003;0;1;0;0;2;1;1;B01
201000033003;0;10;0;0;0;3;13;A01
201000033004;0;7;0;0;1;3;15;A01
201000033005;0;7;0;13;0;3;1;A01
201000033006;0;7;0;0;2;2;15;A01
201000033006;0;30;0;0;2;1;1;B01
201000033007;0;7;0;0;1;7;1;A01
201000033008;1;7;0;0;1;0;0;A01
201000033009;0;37;0;0;1;7;1;A01
201000033010;0;7;0;0;0;3;15;A01
201000033010;0;7;0;0;2;3;1;B01
201000033011;0;2;0;1;2;2;1;B01
201000033011;0;7;0;0;2;3;15;A01
201000033012;1;10;0;8;1;2;1;A01
201000033013;0;7;0;0;1;0;1;A01
201000033014;0;7;0;0;2;2;1;A01
201000033014;0;7;0;0;2;8;16;B01
201000033015;2;7;0;0;2;1;1;A01
201000033015;0;7;0;0;2;6;1;C01
201000033015;0;7;0;0;2;4;1;B01
201000033016;0;7;0;0;2;5;1;A01
201000033016;0;33;0;0;2;1;15;B01
201000033017;0;30;0;0;2;7;15;A01
201000033017;0;7;0;0;2;3;1;B01
201000033018;0;7;0;0;1;8;2;A01
201000033019;0;7;0;0;1;3;1;A01
201000033020;0;10;0;0;2;7;1;A01
201000033020;0;7;0;0;2;1;1;B01
201000033021;0;7;0;0;2;4;1;B01
201000033021;0;7;0;0;2;1;2;A01
201000033022;0;7;0;0;0;0;20;A01
201000033022;0;31;0;0;2;0;1;B01
201000033023;0;30;0;0;2;1;2;A01
201000033023;0;7;0;0;2;4;2;B01
201000033024;0;7;0;0;2;3;15;A01
201000033024;0;30;0;0;2;8;1;B01
201000033025;0;2;0;0;2;4;15;B01
201000033025;0;2;0;0;2;1;1;A01
201000033026;0;7;0;0;2;1;1;B01
201000033026;0;7;0;0;2;5;15;A01
201000033027;0;40;0;0;2;1;1;B01
201000033027;0;7;0;0;0;2;23;C01
201000033027;0;10;0;0;0;7;1;A01
201000033028;0;7;0;0;2;2;1;A01
201000033028;0;7;0;0;2;3;1;B01
201000033029;0;7;0;0;1;1;1;A01
201000033030;0;10;0;0;1;4;4;A01
201000033031;0;7;0;0;2;3;1;B01
201000033031;0;7;0;0;2;3;1;A01
201000033032;0;7;0;2;0;9;1;A01
201000033033;0;7;0;0;0;8;9;B01
201000033033;0;7;0;0;2;2;1;A01
201000033034;0;7;0;0;2;2;1;B01
201000033034;0;7;0;0;2;3;1;A01
201000033035;0;7;0;0;0;2;9;A01
201000033035;0;13;0;0;2;1;1;B01
201000033036;0;7;0;0;2;1;1;B01
201000033036;0;7;0;0;2;1;15;A01
201000033037;0;40;0;0;2;1;1;B01
201000033037;0;7;0;0;2;9;23;D01
201000033037;0;7;0;0;2;9;23;C01
201000033037;0;7;0;0;4;4;1;A01
201000033037;0;7;0;0;2;4;23;E01
201000033038;0;7;0;0;2;0;0;B01
201000033038;0;7;0;0;2;0;0;A01
201000033039;0;7;0;0;2;1;15;B01
201000033039;0;32;0;0;2;1;1;A01
201000033040;0;7;0;0;2;0;0;A01
201000033040;0;7;0;0;2;7;1;B01
201000033041;0;30;0;0;2;1;1;B01
201000033041;1;7;0;0;9;3;9;A01
201000033042;0;7;0;0;0;4;2;C01
201000033042;0;7;0;0;2;1;2;A01
201000033042;0;7;0;0;0;4;2;B01
201000033043;0;7;0;0;1;1;1;A01
201000033044;0;7;0;0;1;2;1;A01
201000033045;0;7;0;0;2;1;1;B01
201000033045;0;33;0;0;2;1;1;A01
201000033046;0;7;0;0;1;1;1;A01
201000033047;0;7;0;0;2;4;15;B01
201000033047;0;7;0;0;2;1;1;A01
201000033048;0;7;0;0;2;8;15;A01
201000033048;0;7;0;0;2;1;1;B01
201000033049;0;10;0;0;2;1;1;B01
201000033049;0;10;0;0;0;2;15;A01
201000033050;0;7;0;0;0;0;15;A01
201000033051;0;7;0;0;1;2;0;A01
201000033052;0;7;0;14;0;1;1;B01
201000033052;0;7;0;6;0;1;1;A01
201000033053;0;30;0;0;0;8;0;A01
201000033054;0;7;0;0;1;1;1;A01
201000033055;0;7;0;6;0;0;1;A01
201000033056;0;7;0;0;1;3;15;A01
201000033057;0;7;0;0;1;3;9;A01
201000033058;0;2;0;0;2;1;1;B01
201000033058;0;7;0;0;0;7;9;A01
201000033059;0;7;0;0;1;4;4;A01
201000033060;0;7;0;0;2;3;9;A01
201000033060;0;33;0;0;2;1;1;B01
201000033061;0;7;0;0;2;3;16;A01
201000033061;0;30;0;0;1;8;1;B01
201000033062;0;7;0;0;1;3;1;A01
201000033063;0;7;0;0;1;3;1;A01
201000033064;0;7;0;0;2;3;21;B01
201000033064;0;7;0;0;2;3;1;C01
201000033064;0;7;0;0;0;0;9;A01
201000033065;0;1;0;0;2;1;5;A01
201000033065;0;7;0;0;9;1;1;B01
201000033066;1;99;0;0;1;2;1;Z01
201000033067;0;7;0;0;2;2;17;A01
201000033067;0;7;0;0;2;1;1;B01
201000033068;0;7;0;0;2;0;0;A01
201000033068;0;7;0;0;2;0;0;B01
201000033069;0;7;0;0;1;3;15;A01
201000033070;0;7;0;0;1;5;1;A01
201000033071;0;7;0;0;2;3;15;A01
201000033071;0;30;0;0;2;1;1;B01
201000033072;0;7;0;0;1;2;1;A01
201000033073;0;7;0;0;2;1;1;A01
201000033073;0;7;0;0;2;8;1;B01
201000033074;0;33;0;0;2;1;1;B01
201000033074;0;7;0;0;0;3;9;A01
201000033075;0;7;0;0;1;1;1;A01
201000033076;0;7;0;0;1;1;1;A01
201000033077;0;7;0;0;2;2;1;B01
201000033077;0;7;0;0;0;8;9;A01
201000033078;0;7;0;1;0;1;0;A01
201000033079;0;33;0;0;2;1;9;B01
201000033079;0;7;0;0;2;5;9;A01
201000033080;0;7;0;0;1;2;1;A01
201000033081;0;7;0;0;1;1;1;A01
201000033082;0;30;0;0;2;8;15;A01
201000033082;0;14;0;0;2;0;1;B01
201000033083;0;1;0;0;2;1;1;B01
201000033083;0;10;0;0;2;7;16;A01
201000033084;0;7;0;0;0;2;15;A01
201000033084;0;30;0;0;2;3;1;B01
201000033085;0;7;0;0;2;1;1;B01
201000033085;0;10;0;0;2;1;1;C01
201000033085;0;7;0;0;0;2;15;A01
201000033086;0;7;0;0;0;6;23;B01
201000033086;0;10;0;1;0;2;1;A01
201000033087;0;30;0;0;2;1;1;B01
201000033087;0;7;0;0;0;7;9;A01
201000033088;0;7;0;0;2;1;1;A01
201000033088;0;7;0;0;2;4;1;B01
201000033089;0;7;0;0;2;3;1;C01
201000033089;0;7;0;0;2;1;1;A01
201000033089;0;7;0;12;2;1;13;B01
201000033089;0;7;0;0;2;1;1;D01
201000033090;0;7;0;0;2;5;0;A01
201000033090;0;7;0;0;2;1;0;B01
201000033091;0;7;0;13;0;3;1;A01
201000033092;0;7;0;0;1;6;4;A01
201000033093;0;7;0;0;0;0;0;A01
201000033094;0;7;0;0;2;2;9;A02
201000033094;0;7;0;1;2;3;1;B01
201000033095;0;7;0;0;1;2;1;A01
201000033096;0;31;0;0;2;8;1;B01
201000033096;0;7;0;0;0;7;9;A01
201000033097;0;30;0;0;2;1;2;A01
201000033097;0;7;0;0;2;7;16;B01
201000033098;0;7;0;0;1;4;4;A01
201000033099;0;30;0;0;0;8;10;A01
201000033099;0;7;0;0;2;3;1;B01
201000033100;0;7;0;15;0;0;1;A01
201000033101;0;7;0;13;0;2;1;A01
201000033102;0;7;0;0;0;8;9;A01
201000033102;0;7;0;0;2;1;1;B01
201000033103;0;7;0;0;1;2;1;A01
201000033104;0;7;0;0;1;8;1;A01
201000033105;2;7;0;0;1;6;4;Z01
201000033106;0;7;0;8;2;1;1;A01
201000033106;0;7;0;0;0;8;1;B01
201000033107;0;7;0;0;2;1;1;A01
201000033107;0;7;0;0;2;7;1;B01
201000033108;0;7;0;0;1;1;1;A01
201000033109;0;7;0;0;2;1;2;A01
201000033109;0;7;0;0;2;4;23;C01
201000033109;1;7;0;0;0;4;23;Z01
201000033109;0;7;0;0;2;4;23;B01
201000033110;0;7;0;0;1;1;1;A01
201000033111;1;10;0;0;1;2;0;Z01
201000033112;0;7;0;0;2;3;13;A01
201000033112;0;10;0;0;2;3;1;B01
201000033113;0;7;0;0;0;8;9;B01
201000033113;0;7;0;0;2;3;1;A01
201000033114;0;7;0;0;0;8;9;B01
201000033114;0;7;0;0;2;2;1;A01
201000033115;0;2;0;0;2;7;1;B01
201000033115;0;7;0;0;2;2;15;A01
201000033116;0;7;0;0;1;2;1;A01
201000033117;0;7;0;15;0;3;1;A01
201000033118;0;2;0;0;2;3;1;B01
201000033118;0;7;0;0;2;6;15;A01
201000033119;0;33;0;0;2;1;1;B01
201000033119;0;7;0;0;2;2;15;A01
201000033120;0;7;0;0;1;7;1;A01
201000033121;0;7;0;0;2;4;20;B01
201000033121;0;7;0;0;2;1;1;A01
201000033122;0;7;0;0;0;6;1;B01
201000033122;0;2;0;0;2;1;1;A01
201000033123;0;7;0;0;1;1;1;A01
201000033123;0;7;0;0;2;3;1;B01
201000033124;0;2;0;0;2;2;17;A01
201000033124;0;7;0;0;2;3;1;B01
201000033125;0;7;0;1;0;2;14;A01
201000033126;0;2;0;0;2;1;5;A01
201000033126;0;2;0;0;2;1;13;B01
201000033127;0;7;0;15;0;9;0;A01
201000033128;0;10;0;0;0;0;19;A01
201000033129;0;7;0;0;0;0;16;B01
201000033129;0;2;0;6;0;2;21;A01
201000033130;0;1;0;0;2;1;1;B01
201000033130;0;7;0;0;2;2;1;A01
201000033131;0;7;0;0;1;4;4;A01
201000033132;0;33;0;0;2;1;1;B01
201000033132;0;7;0;0;2;5;15;A01
201000033133;0;7;0;1;0;2;1;A01
201000033134;0;30;0;0;2;1;19;A01
201000033134;0;7;0;0;2;8;1;B01
201000033135;0;31;0;0;2;1;1;B01
201000033135;0;7;0;0;2;7;1;A01
201000033136;0;7;0;0;1;2;1;A01
201000033137;0;7;0;15;0;9;1;A01
201000033138;0;30;0;0;2;2;1;B01
201000033138;0;7;0;0;2;6;13;A01
201000033139;0;7;0;0;0;4;2;B01
201000033139;0;7;0;0;2;1;2;A01
201000033140;0;7;0;0;1;2;1;A01
201000033141;0;31;0;0;0;0;1;A01
201000033142;0;7;0;0;0;2;1;A01
201000033143;1;10;0;0;1;5;15;A01
201000033144;0;7;0;0;1;1;9;A01
201000033145;0;7;0;0;2;1;13;A01
201000033145;0;30;0;0;2;1;1;B01
201000033146;0;7;0;0;2;7;16;A01
201000033146;0;30;0;0;2;3;21;B01
201000033147;0;7;0;0;2;3;1;B01
201000033147;0;7;0;0;2;1;15;A01
201000033148;0;10;0;0;1;4;4;A01
201000033149;0;33;0;0;1;1;1;A01
201000033150;0;33;0;0;2;8;1;B01
201000033150;0;7;0;0;2;3;9;A01
201000033151;0;2;0;0;2;2;1;A01
201000033151;0;7;0;0;2;3;15;B01
201000033152;1;7;0;0;1;1;9;A01
201000033153;0;7;0;0;0;7;16;B01
201000033153;0;2;0;0;2;1;18;A01
201000033154;0;33;0;1;0;0;1;A01
201000033155;0;10;0;0;2;1;1;A01
201000033155;0;7;0;0;2;8;9;B01
201000033156;0;7;0;8;0;1;1;A01
201000033157;0;7;0;6;0;3;1;A01
201000033158;0;7;0;0;1;1;1;A01
201000033159;0;7;0;0;1;3;1;A01
201000033160;0;7;0;0;1;2;1;A01
201000033161;0;17;0;0;1;1;16;A01
201000033162;0;7;0;0;1;1;1;A01
201000033163;0;7;0;0;2;3;1;A01
201000033163;0;2;0;0;2;1;1;B01
201000033164;0;7;0;9;0;1;1;A01
201000033165;0;7;0;15;0;2;1;A01
201000033166;0;7;0;15;2;1;13;A01
201000033166;0;7;0;0;2;8;1;B01
201000033167;0;1;0;0;0;7;15;A01
201000033167;0;10;0;0;2;3;15;B01
201000033168;0;7;0;8;0;8;1;A01
201000033169;0;7;0;8;0;3;2;A01
201000033170;0;7;0;0;1;3;16;A01
201000033171;0;7;0;0;2;1;15;B01
201000033171;0;3;0;0;2;6;15;A01
201000033172;0;1;0;0;1;1;2;A01
201000033173;0;3;0;12;0;2;1;A01
201000033174;0;7;0;0;2;1;1;B01
201000033174;0;7;0;6;2;2;1;A01
201000033175;0;7;0;0;2;3;19;A01
201000033175;0;2;0;0;2;1;1;B01
201000033176;0;7;0;0;2;2;1;A01
201000033176;0;2;0;0;2;1;15;B01
201000033177;0;7;0;0;0;4;2;B01
201000033177;0;7;0;0;2;1;2;A01
201000033178;0;7;0;13;0;8;21;A01
201000033179;0;34;0;0;1;1;18;A01
201000033180;0;33;0;3;0;7;2;A01
201000033181;0;7;0;0;2;3;15;A01
201000033181;0;30;0;0;2;1;1;B01
201000033182;0;1;0;0;2;1;2;B01
201000033182;0;7;0;0;2;8;20;A01
201000033183;0;7;0;0;2;3;1;A01
201000033183;0;7;0;0;2;7;17;B01
201000033184;0;7;0;1;0;1;1;A01
201000033185;0;2;0;0;2;1;1;B01
201000033185;0;7;0;0;2;2;1;A01
201000033186;0;3;0;0;1;1;1;A01
201000033187;0;30;0;0;2;3;13;A01
201000033187;0;7;0;0;2;3;1;B01
201000033188;0;7;0;0;2;7;12;A01
201000033188;0;30;0;0;2;1;0;B01
201000033189;0;2;0;0;1;1;0;A01
201000033190;0;7;0;0;2;6;2;B01
201000033190;0;33;0;0;2;1;2;A01
201000033191;0;7;0;0;2;1;1;A01
201000033191;0;10;0;0;2;7;1;B01
201000033192;0;7;0;13;0;9;1;A01
201000033193;0;7;0;9;0;1;1;A01
201000033194;0;30;0;0;0;7;2;A01
201000033195;0;30;0;0;0;0;1;A01
201000033196;0;7;0;9;0;6;2;A01
201000033197;0;7;0;3;0;3;2;A01
201000033198;0;7;0;0;1;2;1;A01
201000033199;0;7;0;6;0;1;1;A01
201000033200;2;7;0;2;0;1;1;A01
201000033201;0;7;0;0;2;1;2;A01
201000033201;0;7;0;0;2;4;0;C01
201000033201;0;7;0;0;2;4;2;B01
201000033202;0;1;0;0;1;1;1;A01
201000033203;0;1;0;0;2;8;1;B01
201000033203;0;7;0;0;2;7;16;A01
201000033204;0;7;0;6;0;2;1;B01
201000033204;0;7;0;6;2;3;1;A01
201000033205;0;7;0;0;1;3;13;A01
201000033206;0;1;0;0;0;2;2;B01
201000033206;0;1;0;0;9;3;13;A01
201000033207;0;31;0;0;2;1;17;A01
201000033207;0;7;0;0;2;3;15;B01
201000033208;0;34;0;0;2;1;1;A01
201000033208;0;7;0;0;0;3;1;B01
201000033209;0;7;0;0;2;5;17;A01
201000033209;0;30;0;0;2;6;2;B01
201000033210;0;7;0;1;0;1;1;A01
201000033211;1;7;0;0;1;0;2;A01
201000033212;0;7;0;0;2;1;17;A01
201000033212;0;7;0;1;0;1;1;B01
201000033212;0;7;0;0;0;3;23;C01
201000033212;0;7;0;0;0;8;23;D01
201000033213;0;30;0;0;0;0;1;A01
201000033214;0;7;0;0;2;2;0;A01
201000033214;0;2;0;0;2;1;1;B01
201000033215;0;2;0;0;2;1;17;A01
201000033215;0;7;0;0;2;8;15;B01
201000033216;0;7;0;0;1;3;1;A01
201000033217;0;7;0;0;2;1;0;B01
201000033218;0;7;0;0;2;2;2;A01
201000033218;0;7;0;0;2;4;2;B01
201000033219;0;14;0;0;2;3;2;B01
201000033219;0;7;0;0;2;6;9;A01
201000033220;0;7;0;0;2;3;1;B01
201000033220;0;7;0;0;2;2;9;A01
201000033221;0;30;0;0;2;1;0;A01
201000033221;0;7;0;0;2;1;0;B01
201000033222;0;7;0;1;0;3;20;A01
201000033223;0;7;0;0;2;8;0;A01
201000033223;0;1;0;1;0;2;1;B01
201000033224;0;33;0;13;0;0;1;A01
201000033225;0;3;0;0;1;7;15;A01
201000033226;0;1;0;0;2;4;16;B01
201000033226;0;7;0;0;2;2;16;A01
201000033227;0;7;0;0;2;1;15;A01
201000033227;0;33;0;0;2;8;1;B01
201000033228;0;7;0;0;2;1;1;A01
201000033229;0;7;0;0;2;3;1;B01
201000033229;0;31;0;0;2;1;1;A01
201000033230;0;7;0;0;2;8;22;A01
201000033230;0;1;0;0;2;7;1;B01
201000033231;0;7;0;0;2;3;1;B01
201000033231;0;30;0;0;2;1;9;A01
201000033232;0;7;0;0;2;2;1;A01
201000033232;0;30;0;0;2;1;1;B01
201000033233;0;1;0;0;1;1;2;A01
201000033234;0;31;0;0;2;3;1;A01
201000033234;0;7;0;0;2;5;0;B01
201000033235;0;1;0;0;2;7;1;B01
201000033235;0;7;0;0;9;8;9;A01
201000033236;0;7;0;0;1;1;1;A01
201000033237;0;7;0;0;1;3;0;A01
201000033238;0;7;0;0;2;2;1;B01
201000033238;0;2;0;0;2;8;16;A01
201000033239;0;7;0;0;9;7;2;A01
201000033239;0;1;0;0;2;8;0;B01
201000033240;0;1;0;0;2;1;2;A01
201000033240;0;7;0;0;0;4;2;B01
201000033241;0;7;0;0;2;1;1;A01
201000033241;0;33;0;0;0;4;1;B01
201000033242;0;7;0;3;0;1;1;A01
201000033243;0;7;0;0;1;0;1;A01
201000033244;0;7;0;0;2;5;1;A01
201000033244;0;32;0;0;2;3;1;B01
201000033245;0;2;0;0;2;7;17;A01
201000033245;0;20;0;0;0;8;15;B01
201000033246;0;7;0;0;2;2;15;A01
201000033246;0;30;0;0;2;1;1;B01
201000033247;0;15;0;0;2;1;1;B01
201000033247;0;7;0;3;2;1;1;C01
201000033247;0;7;0;3;2;1;9;A01
201000033248;1;7;0;0;2;2;2;A01
201000033248;0;30;0;0;0;6;2;B01
201000033249;0;2;0;0;2;8;1;B01
201000033249;0;7;0;0;9;1;1;A01
201000033250;0;7;0;0;2;3;1;B01
201000033250;0;7;0;0;2;2;0;A01
201000033251;0;7;0;0;2;1;15;A01
201000033251;0;2;0;0;2;8;1;B01
201000033252;0;7;0;8;0;2;1;A01
201000033253;0;7;0;1;0;2;1;B01
201000033253;0;7;0;0;2;1;13;A01
201000033254;0;7;0;0;2;3;20;A01
201000033254;0;7;0;0;2;1;1;B01
201000033255;0;7;0;0;2;1;1;A01
201000033255;0;7;0;0;2;4;1;B01
201000033256;0;7;0;1;0;7;2;A01
201000033257;0;7;0;0;1;0;0;A01
201000033258;0;1;0;0;2;8;2;B01
201000033258;0;7;0;0;9;2;1;A01
201000033259;0;7;0;0;1;1;1;A01
201000033260;0;30;0;0;2;7;1;A01
201000033260;0;1;0;0;0;0;0;B01
201000033261;2;7;0;0;2;1;1;A01
201000033261;0;10;0;0;2;4;1;B01
201000033262;0;7;0;0;2;1;2;C01
201000033262;0;7;0;0;2;1;2;D01
201000033262;0;7;0;0;2;1;2;A01
201000033262;0;7;0;0;2;1;2;B01
201000033263;0;7;0;1;1;1;1;A01
201000033264;0;7;0;0;2;3;1;A01
201000033264;0;30;0;0;2;2;1;B01
201000033265;0;7;0;0;2;3;17;B01
201000033265;0;7;0;0;2;9;17;A01
201000033266;0;7;0;0;2;8;9;A01
201000033266;0;30;0;0;2;7;1;B01
201000033267;0;7;0;0;2;0;0;A01
201000033267;0;2;0;0;2;1;0;B01
201000033268;0;1;0;0;2;1;0;B01
201000033268;0;7;0;0;2;3;0;A01
201000033269;0;7;0;0;1;1;1;A01
201000033270;0;7;0;0;2;7;9;A01
201000033270;0;34;0;0;2;2;13;B01
201000033271;0;10;0;0;1;8;1;A01
201000033272;0;7;0;1;0;7;1;B01
201000033272;0;7;0;0;2;8;24;A01
201000033273;0;7;0;0;1;3;1;A01
201000033274;0;7;0;0;2;1;13;A01
201000033274;0;7;0;0;2;1;1;B01
201000033275;0;7;0;0;0;8;1;B01
201000033275;0;30;0;0;2;1;1;A01
201000033276;0;7;0;0;1;7;1;A01
201000033277;0;7;0;0;2;3;0;B01
201000033277;0;30;0;0;0;0;0;A01
201000033278;0;7;0;0;2;4;0;A01
201000033278;0;7;0;0;2;5;1;B01
201000033278;0;10;0;0;2;1;1;D01
201000033278;0;7;0;0;2;4;1;C01
201000033279;0;7;0;0;4;7;0;A01
201000033279;0;40;0;0;2;1;0;B01
201000033280;0;7;0;4;2;9;1;B01
201000033280;0;17;0;0;2;4;11;C01
201000033280;0;10;0;0;2;1;2;A01
201000033281;0;2;0;12;0;1;13;A01
201000033282;0;7;0;0;2;1;2;A01
201000033282;0;7;0;0;2;4;2;B01
201000033282;0;7;0;0;2;4;2;C01
201000033283;0;7;0;0;2;1;9;A01
201000033283;0;7;0;0;2;4;1;B01
201000033284;0;7;0;0;2;1;0;B01
201000033284;1;7;0;0;2;0;0;Z01
201000033285;0;7;0;0;2;4;0;B01
201000033285;0;16;0;0;2;1;0;A01
201000033286;0;7;0;0;2;1;1;B01
201000033286;0;7;0;0;2;1;15;A01
201000033287;0;7;0;0;1;3;1;A01
201000033288;0;31;0;0;2;1;1;B01
201000033288;0;7;0;0;2;7;15;A01
201000033289;0;40;0;0;1;2;0;A01
201000033290;0;40;15;0;1;2;0;A01
201000033291;0;7;0;0;0;7;1;A01
201000033292;0;7;0;0;2;1;15;A01
201000033292;0;7;0;0;2;3;1;B01
201000033293;0;31;0;0;2;8;1;B01
201000033293;1;99;0;0;0;0;0;A01
201000033294;0;7;0;0;2;7;0;A01
201000033294;0;1;0;0;2;5;0;B01
201000033295;0;31;0;14;0;1;1;B01
201000033295;0;7;0;0;2;7;22;A01
201000033296;0;30;0;0;2;7;1;A01
201000033296;0;34;0;0;2;1;9;B01
201000033297;0;10;0;0;2;5;1;B01
201000033297;0;34;0;0;2;1;1;A01
201000033298;0;7;0;0;1;4;4;A01
201000033299;0;40;0;0;1;7;1;B01
201000033300;0;7;0;0;2;4;1;B01
201000033300;1;7;0;0;2;1;1;A01
201000033301;0;20;0;0;2;1;1;B01
201000033301;0;7;0;0;2;8;9;A01
201000033302;0;33;0;12;0;1;1;A01
201000033303;0;7;0;2;0;1;0;A01
201000033304;1;30;0;0;1;1;1;A01
201000033305;0;7;0;0;2;3;1;B01
201000033305;0;10;0;0;2;3;13;A01
201000033306;0;7;0;0;1;1;1;A01
201000033307;0;7;0;0;2;3;13;A01
201000033307;0;7;0;0;2;3;1;B01
201000033308;0;10;0;0;1;1;1;A01
201000033309;0;32;0;14;0;1;1;A01
201000033310;0;7;0;1;0;1;1;A01
201000033311;0;7;0;0;1;0;1;A01
201000033312;0;15;0;0;0;0;0;C01
201000033312;0;10;0;0;0;9;1;D01
201000033312;0;10;0;0;0;0;0;E01
201000033312;0;17;0;0;0;0;0;B01
201000033312;0;7;0;0;2;9;9;A01
201000033313;0;10;0;0;2;3;1;B01
201000033313;0;33;0;0;2;1;1;A01
201000033314;2;7;0;0;2;7;0;A01
201000033314;0;10;0;0;0;3;23;C01
201000033314;0;10;0;0;2;2;1;B01
201000033315;0;7;0;0;2;5;16;A01
201000033315;0;1;0;0;2;1;1;B01
201000033316;0;7;0;0;0;0;0;A01
201000033317;0;40;0;0;1;0;1;A01
201000033318;0;10;0;0;2;8;1;A01
201000033318;0;7;0;0;2;1;1;B01
201000033319;0;7;0;0;1;3;1;A01
201000033320;0;7;0;0;2;1;1;B01
201000033320;0;34;0;0;2;8;13;A01
201000033321;0;30;0;0;2;1;1;A01
201000033321;0;7;0;0;2;5;16;B01
201000033322;0;10;0;0;1;3;16;A01
201000033323;0;7;0;0;2;4;2;B01
201000033323;0;30;0;0;2;1;2;A01
201000033324;1;7;0;0;1;1;0;Z01
201000033325;0;7;0;0;2;8;9;A01
201000033325;0;33;0;0;2;8;1;B01
201000033326;0;7;0;0;2;6;1;B01
201000033326;0;33;0;0;2;1;1;A01
201000033327;0;7;0;1;1;2;1;A01
201000033328;0;7;0;0;2;0;1;B01
201000033328;1;7;0;0;2;0;16;Z01
201000033329;0;7;0;0;2;2;10;A01
201000033329;0;32;0;0;2;1;1;B01
201000033330;0;7;0;0;2;4;0;B01
201000033331;0;7;0;0;2;1;15;A01
201000033331;0;2;0;0;2;1;1;B01
201000033332;0;32;0;0;2;1;1;B01
201000033332;0;7;0;0;2;7;19;A01
201000033333;0;1;0;0;2;1;1;A01
201000033333;1;7;0;0;2;7;0;Z01
201000033334;0;7;0;0;2;4;2;B01
201000033334;0;7;0;0;0;4;2;C01
201000033334;0;30;0;0;2;1;2;A01
201000033335;0;40;0;0;0;0;0;B01
201000033335;0;7;0;0;2;3;0;A01
201000033335;0;7;0;0;2;2;0;C01
201000033336;0;7;0;0;1;3;1;A01
201000033337;0;10;0;0;0;6;23;B01
201000033337;0;10;0;1;0;2;1;A01
201000033338;0;40;0;0;1;2;1;A01
201000033339;0;1;0;14;2;8;1;A01
201000033340;0;7;0;0;9;1;14;A01
201000033341;0;7;0;0;2;4;23;C01
201000033341;0;10;0;0;2;1;1;A01
201000033341;0;10;0;0;2;4;23;B01
201000033342;0;7;0;0;2;4;1;E01
201000033342;0;7;0;1;2;4;1;D01
201000033342;0;10;0;0;2;4;1;C01
201000033342;0;10;0;0;2;1;1;A01
201000033342;0;7;0;0;2;4;1;B01
201000033343;0;7;0;0;2;8;1;B01
201000033343;2;7;0;0;2;1;1;A01
201000033344;0;32;0;0;0;4;1;B01
201000033344;0;7;0;0;2;1;1;A01
201000033345;0;7;0;0;2;3;15;B01
201000033345;0;33;0;0;2;8;0;A01
201000033346;0;10;0;0;2;2;15;A01
201000033346;0;31;0;0;2;1;1;B01
201000033347;0;33;0;0;2;1;1;B01
201000033347;0;7;0;0;2;5;12;A01
201000033348;0;7;0;3;0;1;1;A01
201000033349;0;7;0;0;2;2;1;B01
201000033349;0;2;0;0;2;1;15;A01
201000033350;0;30;0;0;2;7;14;B01
201000033350;0;7;0;0;2;1;1;A01
201000033351;0;7;0;0;2;1;1;A01
201000033351;0;7;0;0;2;8;1;B01
201000033352;0;7;0;0;2;3;0;A01
201000033352;0;30;0;0;2;1;1;B01
201000033353;0;33;0;1;0;1;1;A01
201000033353;0;33;0;1;0;0;1;B01
201000033354;1;7;0;0;1;1;1;Z01
201000033355;0;7;0;0;2;2;15;A01
201000033355;0;30;0;0;2;1;1;B01
201000033356;0;33;0;0;2;1;1;B01
201000033356;0;7;0;0;2;6;15;A01
201000033357;0;2;0;12;0;1;1;A01
201000033358;0;33;0;1;0;1;0;A01
201000033359;0;7;0;0;2;8;1;A01
201000033359;0;7;0;0;2;1;1;B01
201000033360;1;2;0;0;1;0;0;Z01
201000033361;0;7;0;1;2;1;1;A01
201000033361;0;33;0;0;2;1;1;B01
201000033362;0;7;0;0;2;1;1;B01
201000033362;0;7;0;0;2;2;15;A01
201000033363;1;7;0;0;1;0;0;A01
201000033364;0;7;0;14;0;0;2;A01
201000033365;0;7;0;0;2;8;10;B01
201000033365;0;7;0;0;2;2;17;A01
201000033366;0;1;0;1;0;1;1;B01
201000033366;0;7;0;0;2;6;22;A01