num_acc;senc;catv;occutc;obs;obsm;choc;manv;num_veh
201000033367;0;7;0;0;0;0;0;B01
201000033367;0;10;0;0;1;3;15;A01
201000033368;0;10;0;0;2;3;15;A01
201000033368;1;7;0;0;2;2;7;B01
201000033369;0;33;0;12;0;1;13;A01
201000033370;0;33;0;14;0;1;1;A01
201000033371;1;7;0;0;1;1;0;A01
201000033372;0;30;0;0;2;3;1;B01
201000033372;1;99;0;0;0;0;0;A01
201000033373;0;7;0;0;1;2;1;A01
201000033374;0;7;0;0;2;3;0;B01
201000033374;0;30;0;0;2;1;0;A01
201000033374;0;7;0;0;2;4;24;C01
201000033375;0;33;0;11;0;1;1;A01
201000033376;0;31;0;0;2;1;1;B01
201000033376;0;30;0;0;2;6;15;A01
201000033377;0;7;0;0;1;1;1;A01
201000033378;0;33;0;0;2;1;1;B01
201000033378;0;7;0;0;2;5;15;A01
201000033379;0;7;0;0;1;1;1;A01
201000033380;0;7;0;0;2;1;15;A01
201000033380;0;7;0;0;2;8;1;B01
201000033381;0;99;0;0;0;0;0;A01
201000033382;0;7;0;0;2;6;15;A01
201000033382;0;31;0;0;2;1;17;B01
201000033383;0;7;0;4;0;3;13;A01
201000033384;0;2;0;0;2;1;1;A01
201000033384;0;7;0;0;2;3;16;B01
201000033385;0;38;1;14;1;0;0;A01
201000033386;0;7;0;0;1;2;0;A01
201000033387;0;40;0;0;1;1;1;A01
201000033388;0;30;0;0;2;1;1;B01
201000033388;0;7;0;0;2;3;15;A01
201000033389;0;7;0;0;4;8;1;A01
201000033389;0;40;0;0;2;1;1;B01
201000033390;0;7;0;0;2;1;2;A01
201000033390;0;7;0;0;2;4;1;B01
201000033391;0;7;0;0;2;1;2;A01
201000033391;0;7;0;0;2;9;1;B01
201000033392;0;1;0;0;2;1;1;B01
201000033392;0;7;0;0;2;3;9;A01
201000033393;0;33;0;0;2;1;12;A01
201000033393;0;7;0;0;2;5;23;B01
201000033394;0;33;0;0;2;3;18;A01
201000033394;0;7;0;0;2;2;16;B01
201000033395;2;7;0;9;2;1;1;A01
201000033395;0;7;0;0;2;8;1;B01
201000033396;0;7;0;0;2;8;1;B01
201000033396;0;37;1;0;2;3;13;A01
201000033397;0;7;0;0;1;2;1;A01
201000033398;0;7;0;0;2;4;2;B01
201000033398;0;33;0;0;2;1;2;A01
201000033399;0;2;0;0;2;0;18;A01
201000033399;0;13;0;0;2;0;16;B01
201000033400;0;7;0;6;0;1;21;A01
201000033401;0;33;0;0;2;1;1;A01
201000033401;0;7;0;0;2;6;1;B01
201000033402;0;33;0;0;0;4;23;B01
201000033402;0;7;0;0;2;1;1;A01
201000033403;0;7;0;0;1;8;0;A01
201000033404;0;7;0;0;2;1;15;A01
201000033404;0;2;0;0;2;7;1;B01
201000033405;0;2;0;0;1;1;1;A01
201000033406;0;7;0;0;2;3;0;B01
201000033406;1;7;0;0;2;0;0;Z01
201000033407;0;2;0;0;2;8;18;A01
201000033407;0;1;0;0;2;7;2;B01
201000033408;0;7;0;3;2;4;1;B01
201000033408;0;33;0;0;2;1;1;C01
201000033408;0;7;0;0;2;1;9;A01
201000033409;2;7;0;3;0;1;0;A01
201000033410;0;7;0;7;0;1;0;A01
201000033411;0;7;0;0;1;1;1;A01
201000033412;0;7;0;0;1;2;1;A01
201000033413;0;7;0;0;1;1;0;A01
201000033414;2;7;0;0;1;3;1;A01
201000033415;0;7;0;0;2;4;15;B01
201000033415;0;14;0;0;2;1;1;A01
201000033416;0;30;0;0;2;0;11;B01
201000033416;0;7;0;0;2;7;0;A01
201000033417;0;7;0;0;2;4;1;B01
201000033417;0;7;0;0;2;1;1;A01
201000033418;0;1;0;0;2;5;1;B01
201000033418;2;7;0;8;2;1;1;A01
201000033419;0;7;0;13;0;1;0;A01
201000033420;0;33;0;0;2;1;2;A01
201000033420;0;7;0;0;2;6;2;B01
201000033421;1;7;0;0;2;1;1;Z01
201000033421;0;31;0;0;2;4;2;B01
201000033422;0;7;0;0;1;1;1;A01
201000033423;1;31;0;0;2;1;1;A01
201000033423;0;7;0;0;2;1;15;B01
201000033424;0;33;0;0;1;7;1;A01
201000033425;1;7;0;0;2;0;0;B01
201000033425;0;7;0;6;2;0;0;A01
201000033426;0;37;0;0;2;8;0;A01
201000033426;0;7;0;0;2;8;0;B01
201000033427;0;7;0;0;1;3;1;A01
201000033428;0;32;0;0;0;0;0;B01
201000033428;1;7;0;0;0;0;9;Z01
201000033429;0;7;0;0;2;1;1;B01
201000033429;0;7;0;0;2;2;1;A01
201000033430;0;1;0;0;2;7;1;B01
201000033430;0;10;0;0;2;3;9;A01
201000033431;0;7;0;0;1;1;1;A01
201000033432;0;7;0;0;1;0;1;A01
201000033433;0;7;0;10;0;1;0;A01
201000033434;0;31;0;0;2;1;1;B01
201000033434;0;17;0;0;2;6;13;A01
201000033435;0;1;0;0;2;1;1;A01
201000033435;0;10;0;0;2;1;9;B01
201000033436;0;2;0;0;2;7;11;B01
201000033436;1;7;0;0;2;8;15;A01
201000033437;0;30;0;0;0;0;0;A01
201000033438;0;33;0;12;0;8;1;A01
201000033439;0;7;0;0;0;4;23;B01
201000033439;0;7;0;0;2;1;1;A01
201000033440;0;7;0;0;2;4;1;B01
201000033440;1;7;0;0;2;1;1;Z01
201000033441;0;7;0;0;2;4;2;B01
201000033441;0;7;0;0;2;1;2;A01
201000033442;0;1;0;0;2;1;1;B01
201000033442;0;7;0;0;2;2;15;A01
201000033443;0;34;0;1;0;0;0;A01
201000033444;1;7;0;0;2;1;1;B01
201000033444;0;7;0;0;2;4;1;A01
201000033445;0;1;0;0;2;3;15;B01
201000033445;0;30;0;0;2;1;17;A01
201000033446;0;7;0;0;1;0;1;A01
201000033447;0;7;0;0;2;3;15;A01
201000033447;0;33;0;0;2;1;21;B01
201000033448;0;7;0;0;2;4;15;C01
201000033448;0;7;0;0;2;1;1;B01
201000033448;1;7;0;0;2;1;1;A01
201000033449;0;7;0;0;2;1;1;A01
201000033449;0;7;0;0;2;4;1;C01
201000033449;0;7;0;0;2;4;1;B01
201000033450;0;7;0;0;1;3;1;A01
201000033451;0;7;0;0;2;2;12;A01
201000033451;0;7;0;0;2;5;1;B01
201000033452;0;33;0;0;2;1;1;B01
201000033452;1;7;0;0;0;0;0;A01
201000033453;0;34;0;0;0;0;1;A01
201000033454;0;7;0;0;2;1;15;A01
201000033454;0;1;0;0;2;4;1;B01
201000033455;0;30;0;0;2;4;2;A01
201000033455;0;7;0;0;2;4;2;B01
201000033456;0;7;0;0;4;0;15;A01
201000033456;0;40;0;0;2;1;1;B01
201000033457;0;7;0;0;2;4;4;A01
201000033457;0;1;0;0;2;8;1;B01
201000033458;0;7;0;0;2;8;15;B01
201000033458;0;32;0;0;2;7;17;A01
201000033459;0;1;0;0;9;1;0;A01
201000033459;0;40;0;0;9;1;1;B01
201000033460;0;7;0;0;2;5;15;A01
201000033460;0;7;0;0;2;2;1;B01
201000033461;0;30;0;0;2;7;1;A01
201000033462;0;7;0;0;0;8;1;B01
201000033462;0;30;0;0;2;1;1;A01
201000033463;0;7;0;0;2;3;1;B01
201000033463;0;30;0;0;2;1;0;A01
201000033464;0;7;0;0;1;1;1;A01
201000033465;0;30;0;1;0;2;0;A01
201000033466;0;33;0;1;2;3;1;A01
201000033466;0;7;0;0;2;7;20;B01
201000033467;0;7;0;0;2;1;2;A01
201000033467;0;7;0;0;2;4;2;B01
201000033468;0;1;0;0;2;0;0;B01
201000033468;1;7;0;0;0;0;0;A01
201000033469;0;7;0;0;2;1;1;B01
201000033469;0;7;0;0;2;7;16;A01
201000033470;0;7;0;0;2;3;15;A01
201000033470;0;7;0;0;2;3;1;B01
201000033471;0;7;0;0;2;7;14;A01
201000033471;0;7;0;0;2;8;1;B01
201000033472;0;7;0;0;2;3;1;B01
201000033472;0;31;0;0;2;1;13;A01
201000033473;0;31;0;0;2;1;2;A01
201000033473;0;7;0;0;2;5;15;B01
201000033474;0;7;0;0;2;0;16;A01
201000033474;0;33;0;0;2;1;1;B01
201000033475;0;7;0;0;1;1;17;A01
201000033476;0;7;0;0;2;1;0;B01
201000033476;0;7;0;0;2;2;15;A01
201000033477;0;14;0;0;2;4;2;B01
201000033477;0;7;0;0;2;1;2;A01
201000033478;0;7;0;0;2;1;15;B01
201000033478;0;7;0;0;2;1;1;A01
201000033479;0;7;0;0;1;3;1;A01
201000033480;0;7;0;0;2;1;1;A01
201000033480;0;14;0;0;0;0;0;B01
201000033481;0;7;0;0;1;1;1;A01
201000033482;1;7;0;0;0;0;15;B01
201000033482;0;37;0;0;0;0;1;A01
201000033483;0;30;0;0;1;1;0;A01
201000033484;0;7;0;0;2;3;1;A01
201000033484;0;31;0;0;2;2;1;B01
201000033485;0;30;0;0;2;1;1;A01
201000033485;0;10;0;0;2;4;1;B01
201000033486;0;7;0;0;1;3;18;A01
201000033487;0;7;0;0;2;3;1;B01
201000033487;0;1;0;0;2;1;1;A01
201000033488;0;7;0;0;1;2;1;A01
201000033489;0;33;0;0;1;3;1;A01
201000033490;0;3;0;0;2;1;0;A01
201000033490;0;7;0;0;2;0;0;B01
201000033491;0;7;0;0;2;3;1;A01
201000033491;0;32;0;0;2;1;1;B01
201000033492;1;7;0;0;1;1;1;A01
201000033493;0;7;0;0;2;8;16;Z01
201000033493;0;7;0;0;2;2;1;A01
201000033494;0;7;0;6;0;1;1;A01
201000033495;0;30;0;0;2;0;2;A01
201000033496;0;2;0;0;2;1;13;B01
201000033496;0;7;0;0;2;3;1;A01
201000033497;0;30;0;0;2;2;1;B01
201000033497;0;7;0;0;2;3;10;A01
201000033498;0;7;0;0;2;1;15;A01
201000033498;0;7;0;0;2;7;1;B01
201000033499;0;7;0;0;2;1;2;A01
201000033499;0;7;0;0;2;4;1;B01
201000033500;0;7;0;0;2;2;2;A01
201000033500;0;7;0;0;2;6;1;B01
201000033501;0;7;0;0;2;1;2;A01
201000033501;0;7;0;0;2;5;2;B01
201000033502;0;31;0;0;0;0;1;A01
201000033503;0;7;0;0;2;1;0;A01
201000033503;0;33;0;0;2;1;1;B01
201000033504;0;2;0;0;2;1;13;B01
201000033504;0;7;0;0;2;2;16;A01
201000033505;1;7;0;0;0;0;0;A01
201000033505;0;33;0;0;0;0;0;B01
201000033506;0;7;0;0;2;1;15;A01
201000033506;0;33;0;0;2;1;1;B01
201000033507;0;7;0;0;1;1;1;A01
201000033508;0;7;0;0;2;3;9;B01
201000033508;0;1;0;0;2;1;1;A01
201000033509;0;7;0;0;2;3;9;A01
201000033509;0;1;0;0;2;4;1;B01
201000033510;0;7;0;0;2;3;15;A01
201000033510;0;30;0;0;2;4;1;B01
201000033511;0;7;0;0;0;4;2;B01
201000033511;0;7;0;14;0;1;2;A01
201000033512;0;30;0;0;2;8;0;B01
201000033512;0;7;0;0;2;2;20;A01
201000033513;0;7;0;0;2;3;9;A01
201000033513;0;1;0;0;2;1;1;B01
201000033514;0;7;0;0;2;1;9;A01
201000033514;0;7;0;0;2;7;1;B01
201000033515;0;7;0;0;2;5;2;B01
201000033515;0;7;0;0;2;1;1;A01
201000033516;0;7;0;0;2;0;16;A01
201000033516;0;30;0;0;2;1;1;B01
201000033517;2;7;0;0;2;1;1;A01
201000033517;0;7;0;0;2;7;1;B01
201000033518;0;7;0;0;2;1;15;A01
201000033518;0;1;0;0;2;1;1;B01
201000033519;0;7;0;6;0;1;14;A01
201000033520;0;7;0;0;2;8;1;B01
201000033520;0;2;0;0;2;1;1;A01
201000033521;0;7;0;0;2;1;1;B01
201000033521;0;7;0;0;2;1;5;A01
201000033522;0;30;0;0;2;1;1;B01
201000033522;0;7;0;0;2;5;15;A01
201000033523;0;7;0;0;2;8;15;B01
201000033523;0;33;0;0;2;1;17;A01
201000033524;0;7;0;0;2;4;9;A01
201000033524;0;1;0;0;2;1;1;B01
201000033525;0;10;0;0;2;1;1;A01
201000033525;0;10;0;1;0;1;1;B01
201000033526;0;7;0;0;2;4;2;B01
201000033526;0;7;0;0;2;1;2;A01
201000033526;0;7;0;0;2;4;3;C01
201000033526;0;7;0;0;2;4;2;D01
201000033527;2;31;0;0;1;8;0;A01
201000033528;0;40;0;0;1;2;1;A01
201000033529;0;1;0;1;2;1;18;A01
201000033529;0;7;0;0;2;2;16;B01
201000033530;0;30;0;0;0;0;1;A01
201000033531;0;7;0;2;0;1;1;A01
201000033532;1;7;0;0;2;0;0;Z01
201000033532;0;7;0;0;2;1;0;B01
201000033533;0;30;0;0;1;1;2;A01
201000033534;0;1;0;0;2;7;1;B01
201000033534;0;7;0;0;2;6;9;A01
201000033535;1;10;0;0;1;2;1;A01
201000033536;0;7;0;1;0;1;14;A01
201000033537;0;7;0;0;0;0;4;A01
201000033538;0;31;0;0;2;2;9;B01
201000033538;0;7;0;0;0;7;9;A01
201000033539;0;7;0;0;2;1;1;A01
201000033539;0;7;0;0;2;4;1;B01
201000033539;0;10;0;0;2;8;1;C01
201000033540;0;17;0;0;2;2;12;A01
201000033540;0;7;0;0;2;6;1;B01
201000033541;0;7;0;0;2;2;16;A01
201000033541;0;30;0;0;2;1;1;B01
201000033542;0;31;0;0;2;1;18;A01
201000033542;0;7;0;0;2;2;16;B01
201000033543;1;7;0;0;1;1;1;A01
201000033544;0;7;0;0;1;1;1;A01
201000033545;0;7;0;0;2;6;1;B01
201000033545;1;10;0;0;2;0;17;Z01
201000033546;0;33;0;0;2;1;1;B01
201000033546;0;7;0;0;2;7;17;A01
201000033547;0;7;0;0;9;1;0;A01
201000033547;0;1;0;0;2;1;0;B01
201000033548;0;1;0;0;2;1;15;B01
201000033548;0;7;0;0;2;3;1;A01
201000033549;0;30;0;0;2;1;1;A01
201000033549;0;10;0;0;0;5;23;B01
201000033550;0;33;0;0;1;1;0;A01
201000033551;0;7;0;0;2;3;19;B01
201000033551;0;31;0;0;2;2;17;A01
201000033552;0;30;0;0;0;7;1;A01
201000033553;0;32;0;1;0;1;1;A01
201000033554;0;7;0;0;2;1;9;A01
201000033554;0;32;0;0;2;1;1;B01
201000033555;0;7;0;0;1;0;16;A01
201000033556;0;32;0;0;2;1;0;B01
201000033556;0;7;0;0;2;3;0;A01
201000033557;0;2;0;15;2;1;17;A01
201000033557;0;7;0;0;2;3;15;B01
201000033558;0;7;0;0;2;3;0;A01
201000033558;0;7;0;0;2;3;1;B01
201000033559;0;7;0;0;2;5;0;B01
201000033559;0;32;0;0;2;3;9;A01
201000033560;0;7;0;0;1;1;13;A01
201000033561;0;1;0;0;2;3;2;A01
201000033561;0;7;0;0;9;5;17;B01
201000033562;0;32;0;0;2;1;0;A01
201000033562;0;7;0;0;2;2;0;B01
201000033563;1;7;0;0;1;2;1;A01
201000033564;0;2;0;0;2;3;0;B01
201000033564;1;7;0;0;2;0;0;A01
201000033565;0;7;0;0;1;1;1;A01
201000033566;0;7;0;0;2;1;5;A01
201000033566;0;7;0;0;2;1;1;B01
201000033567;0;7;0;0;1;2;16;A01
201000033568;0;31;0;0;0;0;0;A01
201000033569;0;7;0;0;2;8;1;B01
201000033569;0;30;0;0;2;1;1;A01
201000033570;0;33;0;16;0;0;1;A01
201000033571;0;7;0;0;2;4;2;B01
201000033571;0;7;0;0;2;1;2;A01
201000033572;0;7;0;0;0;0;22;B01
201000033572;0;1;0;0;0;0;0;A01
201000033573;0;1;0;0;0;0;1;B01
201000033573;0;7;0;0;0;0;24;A01
201000033574;0;33;0;0;2;1;1;C01
201000033574;0;7;0;0;0;4;1;B01
201000033574;1;99;0;0;0;0;12;A01
201000033575;0;7;0;0;2;1;2;A01
201000033575;0;7;0;0;2;4;2;B01
201000033576;0;1;0;0;2;7;19;A01
201000033576;0;7;0;0;2;1;1;B01
201000033577;0;7;0;0;2;6;15;B01
201000033577;0;30;0;0;2;1;15;A01
201000033578;0;7;0;0;2;8;15;A01
201000033578;0;33;0;0;2;7;17;B01
201000033579;0;10;0;0;4;1;15;A01
201000033579;0;40;0;0;2;2;1;B01
201000033580;0;7;0;0;2;1;1;B01
201000033580;0;7;0;0;2;1;13;A01
201000033581;0;33;0;0;2;8;2;C01
201000033581;0;30;0;0;2;1;2;A01
201000033581;0;7;0;0;2;4;16;B01
201000033582;0;7;0;0;0;3;0;A01
201000033582;0;40;0;0;2;5;0;B01
201000033583;0;7;0;0;1;8;1;A01
201000033584;0;10;0;0;2;2;1;A01
201000033584;0;7;0;14;0;8;1;B01
201000033585;0;1;0;0;2;8;1;B01
201000033585;1;7;0;0;2;2;15;A01
201000033586;0;31;0;0;2;1;12;B01
201000033586;0;7;0;0;2;5;12;A01
201000033587;0;7;0;0;2;1;2;A01
201000033587;0;7;0;0;2;4;2;B01
201000033588;0;33;0;3;0;1;0;A01
201000033589;0;33;0;0;2;1;3;A01
201000033589;0;7;0;0;2;5;1;B01
201000033590;0;2;0;11;0;1;15;A01
201000033591;0;1;0;0;2;3;2;B01
201000033591;1;7;0;0;2;0;17;Z01
201000033592;0;7;0;0;0;2;20;A01
201000033592;0;30;0;0;2;3;1;B01
201000033593;0;7;0;7;4;3;19;A01
201000033593;0;40;0;0;2;2;1;B01
201000033594;0;7;0;0;2;1;1;B01
201000033594;2;7;0;0;2;1;0;A01
201000033595;0;7;0;0;9;8;22;A01
201000033595;0;1;0;0;9;7;1;B01
201000033596;0;7;0;0;1;2;4;A01
201000033597;0;7;0;0;2;1;1;B01
201000033597;0;3;0;0;2;1;5;A01
201000033598;0;7;0;0;1;3;1;A01
201000033599;0;7;0;0;2;2;17;A01
201000033599;0;7;0;0;2;6;1;B01
201000033600;0;7;0;0;1;2;2;A01
201000033601;0;7;0;0;2;2;1;B01
201000033601;0;7;0;0;2;2;15;A01
201000033602;0;40;0;0;1;2;0;A01
201000033603;0;16;0;0;0;0;0;A01
201000033603;0;31;0;0;9;0;0;B01
201000033604;0;7;0;0;0;0;23;B01
201000033604;0;7;0;0;1;7;13;A01
201000033605;0;7;0;0;1;1;1;A01
201000033606;0;30;0;0;2;1;1;B01
201000033606;0;7;0;0;2;2;15;A01
201000033607;0;7;0;0;1;3;1;A01
201000033608;0;1;0;1;2;1;18;B01
201000033608;0;7;0;0;2;7;1;A01
201000033609;0;30;0;0;2;1;1;A01
201000033609;0;7;0;0;2;5;16;B01
201000033610;0;7;0;9;0;1;1;A01
201000033611;0;7;0;0;1;1;1;A01
201000033612;0;7;0;0;1;3;1;A01
201000033613;1;7;0;0;1;1;1;A01
201000033614;0;2;0;0;0;1;17;A01
201000033614;0;7;0;0;2;3;15;B01
201000033615;0;33;0;0;1;1;1;A01
201000033616;0;7;0;14;0;1;1;A01
201000033616;0;7;0;0;2;4;1;B01
201000033617;1;7;0;0;1;7;1;Z01
201000033618;0;7;0;0;2;8;10;A01
201000033618;0;7;0;0;2;1;1;B01
201000033619;0;7;0;0;1;7;1;A01
201000033620;0;7;0;0;2;1;2;A01
201000033620;0;7;0;0;2;9;2;B01
201000033620;0;7;0;0;0;4;2;C01
201000033621;0;7;0;0;2;5;15;A01
201000033621;0;31;0;0;2;1;1;B01
201000033622;0;7;0;0;2;1;1;B01
201000033622;0;7;0;0;2;7;1;A01
201000033623;0;7;0;0;1;2;1;A01
201000033624;0;7;0;0;1;1;1;A01
201000033625;0;10;0;0;0;3;1;A01
201000033625;0;31;0;0;2;1;1;B01
201000033626;0;1;0;0;2;7;1;B01
201000033626;0;10;0;0;2;1;1;A01
201000033627;0;7;0;8;0;1;1;A01
201000033628;0;7;0;0;2;3;9;A01
201000033628;0;1;0;0;2;7;1;B01
201000033629;0;7;0;9;0;1;1;A01
201000033630;0;7;0;12;0;1;0;A01
201000033631;1;7;0;0;1;1;1;A01
201000033632;0;7;0;0;1;2;1;A01
201000033633;0;7;0;0;1;3;1;A01
201000033634;0;30;0;0;1;1;2;A01
201000033635;0;7;0;0;1;1;1;A01
201000033636;0;7;0;0;1;1;1;A01
201000033637;0;7;0;0;1;3;1;A01
201000033638;0;30;0;0;0;0;21;B01
201000033638;0;7;0;0;0;0;15;A01
201000033639;0;33;0;0;9;8;1;A01
201000033639;0;1;0;0;2;4;0;B01
201000033640;1;7;0;0;2;1;5;A01
201000033640;0;7;0;0;2;7;1;B01
201000033641;0;7;0;0;1;1;0;A01
201000033642;0;99;0;0;2;2;3;B01
201000033642;0;7;0;0;2;8;15;A01
201000033643;0;7;0;0;0;6;24;C01
201000033643;0;7;0;1;2;8;16;B01
201000033643;0;7;0;0;2;2;1;A01
201000033644;0;7;0;0;2;5;1;B01
201000033644;0;7;0;0;2;3;9;A01
201000033645;1;7;0;0;2;0;10;Z01
201000033645;0;2;0;0;2;4;1;B01
201000033646;0;7;0;11;0;1;6;A01
201000033647;0;7;0;0;1;1;1;A01
201000033648;0;30;0;0;1;1;1;A01
201000033649;0;7;0;0;2;8;17;A01
201000033649;0;7;0;0;2;3;1;B01
201000033650;0;30;0;0;2;0;1;B01
201000033650;0;7;0;0;2;0;9;A01
201000033651;0;13;0;6;0;3;0;A01
201000033652;0;7;0;0;1;1;1;A01
201000033653;0;7;0;0;2;1;1;A01
201000033653;0;7;0;0;2;4;1;B01
201000033654;0;7;0;0;2;3;15;A01
201000033654;0;30;0;0;2;1;1;B01
201000033655;0;13;0;0;1;0;17;A01
201000033656;0;7;0;0;2;8;15;B01
201000033656;0;30;0;0;2;7;1;A01
201000033657;0;7;0;0;2;2;15;A01
201000033657;0;7;0;0;2;1;1;B01
201000033658;0;7;0;0;2;4;1;B01
201000033658;0;7;0;0;2;1;1;A01
201000033659;0;38;1;0;1;1;1;A01
201000033660;0;7;0;0;2;1;1;A01
201000033660;0;7;0;0;2;4;1;B01
201000033661;0;10;0;0;2;1;1;B01
201000033661;0;7;0;0;2;2;15;A01
201000033662;0;7;0;0;2;9;2;C01
201000033662;0;37;1;0;2;4;2;D01
201000033662;0;7;0;0;2;9;2;B01
201000033662;0;7;0;0;2;1;1;A01
201000033663;1;99;0;0;0;0;0;Z01
201000033664;0;7;0;0;2;6;1;B01
201000033664;0;7;0;0;2;1;1;A01
201000033665;0;7;0;0;1;2;1;A01
201000033666;0;10;0;0;2;1;15;A01
201000033666;0;7;0;0;2;1;1;B01
201000033667;0;7;0;0;2;4;1;B01
201000033667;0;2;0;0;2;1;1;A01
201000033668;0;7;0;0;2;3;19;B01
201000033668;0;2;0;0;2;1;1;A01
201000033669;0;7;0;0;1;4;20;A01
201000033670;0;1;0;0;2;1;9;A01
201000033670;0;7;0;0;2;0;15;B01
201000033671;0;7;0;0;2;1;15;A01
201000033671;0;7;0;0;2;1;1;B01
201000033672;0;32;0;0;2;1;17;A01
201000033672;0;7;0;0;2;3;15;B01
201000033673;0;7;0;0;2;2;9;A01
201000033673;0;30;0;0;2;1;1;B01
201000033674;0;1;0;0;2;1;9;B01
201000033674;0;7;0;0;9;2;1;A01
201000033675;0;7;0;0;2;1;15;B01
201000033675;0;7;0;0;2;2;17;A01
201000033676;0;7;0;0;1;1;15;A01
201000033677;0;33;0;0;1;1;1;A01
201000033678;0;30;0;0;2;1;1;B01
201000033678;0;7;0;0;1;6;15;A01
201000033679;0;7;0;0;2;3;1;B01
201000033679;0;7;0;0;2;1;1;A01
201000033680;0;30;0;0;2;1;0;A01
201000033680;0;7;0;0;2;1;2;C01
201000033680;0;7;0;0;2;4;1;B01
201000033681;0;7;0;0;2;1;1;A01
201000033681;0;7;0;0;2;3;1;B01
201000033682;0;7;0;12;0;3;13;A01
201000033683;0;37;1;0;2;2;24;C01
201000033683;0;7;0;0;2;3;15;A01
201000033683;0;33;0;0;2;1;1;B01
201000033684;0;7;0;0;9;1;1;B01
201000033684;0;1;0;0;2;0;0;A01
201000033685;0;7;0;3;0;9;17;A01
201000033686;0;7;0;0;2;3;15;A01
201000033686;0;33;0;0;2;1;13;B01
201000033687;0;14;0;0;2;2;12;A01
201000033687;0;7;0;3;2;3;1;B01
201000033688;0;1;0;0;1;0;1;A01
201000033689;0;10;0;0;1;1;1;A01
201000033690;0;7;0;12;0;1;15;A01
201000033691;0;7;0;10;0;1;15;A01
201000033692;0;7;0;0;1;1;1;A01
201000033693;0;7;0;8;0;1;0;A01
201000033694;0;7;0;13;0;2;1;A01
201000033695;0;10;0;0;1;1;15;A01
201000033696;0;33;0;0;2;1;1;B01
201000033696;0;7;0;0;2;1;9;A01
201000033697;0;7;0;0;2;3;9;A01
201000033697;0;33;0;0;2;8;1;B01
201000033698;0;7;0;0;2;3;19;A01
201000033698;0;32;0;0;2;1;1;B01
201000033699;0;7;0;0;2;1;0;B01
201000033699;0;7;0;0;2;8;0;A01
201000033700;0;7;0;0;2;2;9;A01
201000033700;0;30;0;0;2;1;1;B01
201000033701;0;7;0;0;2;2;1;A01
201000033701;0;1;0;0;2;1;1;B01
201000033702;0;2;0;0;1;1;1;A01
201000033703;0;7;0;0;2;2;1;A01
201000033703;0;7;0;0;0;8;24;C01
201000033703;0;7;0;1;2;8;1;B01
201000033704;0;7;0;0;2;1;1;B01
201000033704;0;2;0;0;2;7;1;A01
201000033705;0;7;0;0;2;1;1;A01
201000033705;0;7;0;0;2;4;1;B01
201000033706;0;7;0;2;0;1;14;A01
201000033707;0;10;0;0;9;1;1;A01
201000033707;0;1;0;0;2;8;19;B01
201000033708;0;7;0;0;9;1;1;A01
201000033708;0;1;0;0;2;4;1;B01
201000033709;0;1;0;0;2;1;19;A01
201000033709;0;31;0;0;9;8;1;B01
201000033710;0;7;0;0;2;4;1;C01
201000033710;0;7;0;0;2;4;1;D01
201000033710;0;7;0;0;2;3;1;B01
201000033710;0;7;0;0;2;1;1;A01
201000033711;0;7;0;0;1;1;1;A01
201000033712;0;30;0;0;2;4;1;B01
201000033712;0;7;0;0;2;1;1;A01
201000033713;0;10;0;0;2;1;1;A01
201000033713;0;7;0;0;2;4;1;B01
201000033714;0;30;0;0;2;9;1;B01
201000033714;0;7;0;0;2;1;9;A01
201000033715;0;7;0;0;2;2;1;A01
201000033715;0;2;0;0;2;0;1;B01
201000033716;0;7;0;0;2;6;9;A01
201000033716;0;30;0;0;2;8;1;B01
201000033717;0;10;0;0;2;0;1;A01
201000033717;0;1;0;0;9;0;1;B01
201000033717;0;1;0;0;9;0;1;C01
201000033718;0;7;0;0;2;0;1;B01
201000033718;0;31;0;0;2;0;15;A01
201000033719;0;7;0;0;1;3;1;A01
201000033720;0;7;0;0;2;4;15;A01
201000033720;0;2;0;0;2;1;1;B01
201000033721;0;7;0;0;2;5;15;A01
201000033721;0;30;0;0;2;8;1;B01
201000033722;0;33;0;0;2;1;1;B01
201000033722;0;7;0;0;2;4;1;A01
201000033723;0;7;0;0;9;7;16;A01
201000033723;0;1;0;0;2;1;1;B01
201000033724;0;7;0;7;0;1;1;A01
201000033725;0;7;0;0;9;0;1;A01
201000033725;0;1;0;0;2;0;0;B01
201000033726;0;7;0;0;2;1;1;A01
201000033726;0;37;1;0;2;4;1;B01
201000033727;0;7;0;0;2;0;1;A01
201000033727;0;33;0;0;2;1;1;B01
201000033728;0;1;0;0;2;1;18;A01
201000033728;0;7;0;0;9;2;16;B01
201000033729;0;7;0;0;2;3;0;B01
201000033729;0;33;0;0;2;1;17;A01
201000033730;0;33;0;0;2;1;1;A01
201000033730;0;13;0;0;2;6;1;B01
201000033731;1;1;0;0;1;0;1;A01
201000033732;0;7;0;0;1;1;1;C01
201000033732;0;7;0;0;1;1;1;A01
201000033732;0;7;0;0;1;3;1;B01
201000033733;0;7;0;0;2;3;9;A01
201000033733;0;30;0;0;2;1;1;B01
201000033734;0;7;0;0;1;2;1;A01
201000033735;0;7;0;6;0;7;0;A01
201000033736;0;7;0;0;1;3;1;A01
201000033737;0;7;0;0;1;1;1;A01
201000033738;0;30;0;0;2;1;0;A01
201000033738;0;7;0;0;2;1;1;B01
201000033739;0;7;0;0;9;2;1;A01
201000033739;0;1;0;0;2;1;11;B01
201000033740;0;7;0;0;2;3;9;A01