num_acc;senc;catv;occutc;obs;obsm;choc;manv;num_veh
201000033740;0;30;0;0;2;1;1;B01
201000033741;0;15;0;0;2;1;23;A01
201000033741;0;7;0;0;2;1;1;B01
201000033742;0;7;0;0;1;1;1;A01
201000033742;0;1;0;0;2;8;19;B01
201000033743;0;10;0;0;2;2;1;B01
201000033743;0;30;0;0;2;1;9;A01
201000033744;0;7;0;0;1;0;1;A01
201000033745;0;30;0;0;2;1;1;A01
201000033745;0;7;0;0;2;1;1;B01
201000033746;0;7;0;0;2;6;1;B01
201000033746;0;7;0;0;2;2;1;A01
201000033747;0;31;0;0;2;8;1;B01
201000033747;0;7;0;0;2;1;15;A01
201000033748;1;7;0;0;2;1;0;Z01
201000033748;0;2;0;0;2;8;1;B01
201000033749;0;7;0;0;1;1;15;A01
201000033750;0;2;0;0;2;8;1;B01
201000033750;0;7;0;0;2;2;1;A01
201000033751;0;7;0;0;2;1;15;A01
201000033751;0;1;0;0;2;1;1;B01
201000033752;0;7;0;0;2;1;1;B01
201000033752;0;33;0;0;2;1;15;A01
201000033753;0;7;0;8;0;2;20;A01
201000033754;0;7;0;0;2;1;2;A01
201000033754;0;7;0;0;0;4;1;B01
201000033755;0;7;0;6;0;1;16;A01
201000033756;0;2;0;0;2;2;1;B01
201000033756;0;7;0;0;2;2;15;A01
201000033757;0;10;0;0;2;3;1;A01
201000033757;0;7;0;0;2;3;15;B01
201000033758;0;2;0;0;2;1;1;B01
201000033758;0;7;0;0;2;3;15;A01
201000033759;0;30;0;14;0;7;1;A01
201000033760;0;7;0;0;2;1;1;A01
201000033760;0;10;0;0;2;1;1;B01
201000033761;0;7;0;0;2;1;1;A01
201000033761;0;7;0;0;2;8;1;B01
201000033762;0;7;0;2;0;2;1;A01
201000033763;0;7;0;3;2;4;1;B01
201000033763;0;7;0;0;2;1;1;C01
201000033763;0;7;0;0;2;1;1;A01
201000033764;0;1;0;0;2;7;1;B01
201000033764;0;10;0;0;2;1;9;A01
201000033765;0;7;0;0;2;1;1;B01
201000033765;0;7;0;0;2;8;15;A01
201000033766;0;7;0;13;0;2;1;A01
201000033767;0;33;0;13;0;1;17;A01
201000033768;0;30;0;0;2;1;1;B01
201000033768;0;7;0;0;2;3;1;A01
201000033769;0;7;0;0;2;3;9;B01
201000033769;0;32;0;0;2;1;17;A01
201000033770;0;7;0;0;2;3;13;A01
201000033770;0;13;0;0;2;3;21;B01
201000033771;0;30;0;14;0;1;1;A01
201000033772;0;7;0;4;0;1;1;A01
201000033773;0;10;0;0;2;1;15;A01
201000033773;0;7;0;0;2;1;1;B01
201000033774;0;7;0;0;2;4;13;A01
201000033774;0;10;0;0;2;9;1;C01
201000033774;0;10;0;3;2;2;1;B01
201000033775;0;38;18;0;2;7;1;B01
201000033775;0;7;0;0;2;3;15;A01
201000033776;1;14;0;0;0;0;0;Z01
201000033776;0;30;0;13;0;1;21;A01
201000033777;0;7;0;0;2;1;9;A01
201000033777;0;7;0;0;2;5;15;B01
201000033778;0;33;0;2;2;1;13;A01
201000033778;0;7;0;0;0;6;1;B01
201000033779;0;1;0;0;2;1;1;B01
201000033779;0;7;0;0;2;3;9;A01
201000033780;1;7;0;0;2;1;17;Z01
201000033780;0;2;0;0;2;4;1;A01
201000033781;0;7;0;0;2;1;15;B01
201000033781;0;31;0;0;2;1;1;A01
201000033782;0;7;0;13;0;9;1;A01
201000033783;0;7;0;0;2;1;15;A01
201000033783;0;2;0;0;2;3;1;B01
201000033784;0;7;0;0;1;4;20;A01
201000033785;0;7;0;0;2;8;1;A01
201000033785;0;2;0;0;2;1;1;B01
201000033786;0;7;0;0;2;1;1;B01
201000033786;0;7;0;0;2;1;17;A01
201000033787;0;7;0;0;2;1;9;B01
201000033787;0;30;0;0;2;1;17;A01
201000033788;0;7;0;0;0;7;19;A01
201000033788;0;2;0;0;2;1;1;B01
201000033789;0;7;0;6;0;1;13;A01
201000033790;0;7;0;6;2;1;17;A01
201000033790;0;7;0;13;2;3;15;B01
201000033791;0;1;0;0;2;1;19;B01
201000033791;0;7;0;0;2;3;1;A01
201000033792;0;30;0;0;1;1;17;A01
201000033793;0;10;0;0;2;3;1;B01
201000033793;0;7;0;0;2;2;15;A01
201000033794;0;7;0;0;2;1;2;A01
201000033794;0;7;0;0;2;0;2;C01
201000033794;0;7;0;0;2;4;1;B01
201000033795;0;7;0;0;2;3;15;B01
201000033795;0;2;0;0;2;2;1;A01
201000033796;0;33;0;0;2;3;1;B01
201000033796;0;7;0;0;2;1;15;A01
201000033797;0;31;0;0;0;2;1;B01
201000033797;0;7;0;0;2;3;9;A01
201000033798;0;7;0;1;0;1;1;A01
201000033799;0;7;0;0;2;1;15;A01
201000033799;0;31;0;0;2;1;1;B01
201000033800;0;2;0;0;2;1;1;A01
201000033800;0;10;0;0;2;3;1;B01
201000033801;0;7;0;0;2;2;1;A01
201000033801;0;2;0;0;2;1;1;B01
201000033802;0;7;0;2;0;2;1;A01
201000033803;0;7;0;0;2;3;13;A01
201000033803;0;7;0;0;2;8;1;B01
201000033804;0;10;0;6;0;1;1;A01
201000033805;0;7;0;3;0;1;1;A01
201000033806;0;10;0;0;1;3;1;A01
201000033807;0;7;0;0;2;1;1;B01
201000033807;0;7;0;0;2;1;15;A01
201000033808;0;7;0;0;2;7;0;B01
201000033808;2;7;0;0;2;1;0;Z01
201000033809;0;7;0;0;2;3;5;A01
201000033809;0;10;0;0;2;4;24;C01
201000033809;0;7;0;0;2;3;15;B01
201000033810;0;7;0;0;2;6;10;A01
201000033810;0;31;0;0;2;1;21;B01
201000033811;0;7;0;0;2;1;2;A01
201000033811;0;10;0;0;0;4;1;B01
201000033812;0;33;0;0;0;8;1;A01
201000033813;0;7;0;0;9;1;1;B01
201000033813;0;1;0;0;2;1;15;A01
201000033814;0;30;0;15;0;1;0;A01
201000033815;0;7;0;8;0;1;1;A01
201000033816;0;7;0;15;0;8;1;A01
201000033817;0;30;0;0;2;8;1;A01
201000033817;0;7;0;0;2;1;1;B01
201000033818;0;7;0;0;0;3;1;A01
201000033818;0;30;0;0;0;1;19;B01
201000033819;0;37;1;0;1;2;16;A01
201000033820;0;7;0;0;2;3;2;A01
201000033820;0;7;0;0;0;5;15;B01
201000033821;0;7;0;0;2;8;0;B01
201000033821;0;7;0;0;2;3;0;A01
201000033822;0;7;0;0;1;1;1;A01
201000033823;0;33;0;0;2;8;1;B01
201000033823;0;7;0;0;2;1;16;A01
201000033824;0;30;0;7;0;1;6;A01
201000033825;0;7;0;0;2;1;15;A01
201000033825;0;30;0;0;2;1;1;B01
201000033826;0;7;0;0;2;3;16;B01
201000033826;0;1;0;0;2;1;1;A01
201000033827;0;10;0;0;2;3;12;B01
201000033827;0;10;0;0;2;1;1;A01
201000033828;0;7;0;0;1;1;1;A01
201000033829;0;7;0;0;2;1;2;A01
201000033829;0;7;0;0;0;4;1;B01
201000033830;0;7;0;0;2;7;1;B01
201000033830;0;7;0;0;2;1;0;A01
201000033831;1;99;0;0;2;5;14;Z01
201000033831;0;7;0;0;2;1;1;A01
201000033831;0;7;0;0;2;1;1;B01
201000033832;0;7;0;0;0;6;20;B01
201000033832;0;30;0;0;0;2;17;A01
201000033833;0;7;0;0;2;4;2;C01
201000033833;0;7;0;0;2;1;2;A01
201000033833;0;7;0;0;0;4;23;B01
201000033834;0;33;0;3;0;8;1;A01
201000033835;0;7;0;0;2;3;15;A01
201000033835;0;32;0;0;2;1;1;B01
201000033836;0;7;0;0;1;1;1;A01
201000033837;0;7;0;2;0;1;1;A01
201000033838;0;7;0;16;0;9;1;A01
201000033839;0;2;0;0;2;1;1;B01
201000033839;0;7;0;0;2;2;15;A01
201000033840;0;7;0;0;2;5;4;A01
201000033840;0;37;6;0;0;6;1;B01
201000033841;0;7;0;16;0;1;1;A01
201000033842;0;30;0;0;2;7;16;B01
201000033842;0;7;0;0;9;3;15;A01
201000033843;0;7;0;0;0;5;1;A01
201000033843;0;7;0;0;0;1;1;B01
201000033844;0;2;0;14;0;3;1;A01
201000033845;0;7;0;0;1;1;1;A01
201000033846;0;7;0;0;1;1;15;A01
201000033847;0;7;0;0;2;1;1;B01
201000033847;0;7;0;0;2;1;13;A01
201000033848;0;7;0;0;2;1;2;A01
201000033848;0;7;0;0;0;4;1;B01
201000033849;0;7;0;1;2;9;23;B01
201000033849;2;7;0;0;2;1;2;A01
201000033849;0;7;0;0;2;4;23;D01
201000033849;0;7;0;0;2;9;23;C01
201000033850;0;7;0;0;1;1;1;A01
201000033851;0;7;0;0;1;1;1;A01
201000033852;0;7;0;0;1;3;21;A01
201000033853;0;1;0;8;2;1;5;A01
201000033853;0;7;0;0;2;7;1;B01
201000033854;0;7;0;0;2;7;1;A01
201000033854;0;1;0;0;2;8;1;B01
201000033855;0;7;0;0;1;1;17;A01
201000033856;0;2;0;0;2;1;1;A01
201000033856;0;7;0;0;2;3;15;B01
201000033857;0;7;0;0;2;3;16;A01
201000033857;0;7;0;0;2;2;15;B01
201000033858;0;7;0;0;2;3;1;B01
201000033858;0;7;0;0;2;2;15;A01
201000033859;0;2;0;0;1;1;1;A01
201000033860;0;10;0;0;2;3;15;B01
201000033860;0;2;0;0;2;1;1;A01
201000033861;0;7;0;11;0;1;13;A01
201000033862;0;7;0;0;2;1;15;A01
201000033862;0;32;0;0;0;1;1;B01
201000033863;0;7;0;6;0;1;14;A01
201000033864;0;7;0;0;2;8;15;B01
201000033864;0;30;0;0;2;1;1;A01
201000033865;0;7;0;0;1;3;1;A01
201000033866;0;7;0;0;1;4;4;A01
201000033867;0;13;0;0;2;1;2;A01
201000033867;0;7;0;0;0;4;1;B01
201000033868;0;7;0;0;2;1;1;B01
201000033868;0;7;0;0;2;6;10;A01
201000033869;0;7;0;2;0;9;1;A01
201000033870;0;37;1;0;1;1;1;A01
201000033871;0;7;0;0;2;1;1;A01
201000033871;0;33;0;0;2;2;1;B01
201000033872;0;7;0;0;2;1;1;C01
201000033872;0;7;0;0;2;3;13;B01
201000033872;0;7;0;0;2;3;13;A01
201000033873;0;30;0;0;2;1;17;A01
201000033873;0;7;0;0;2;3;15;B01
201000033874;0;7;0;3;0;1;14;A01
201000033875;0;7;0;0;2;3;1;B01
201000033875;0;7;0;0;2;1;1;A01
201000033876;0;7;0;0;1;1;1;A01
201000033877;0;7;0;0;0;4;1;B01
201000033877;0;7;0;0;2;1;2;A01
201000033878;0;2;0;0;2;0;1;B01
201000033878;1;7;0;0;2;0;15;Z01
201000033879;0;7;0;0;2;3;9;A01
201000033879;0;7;0;0;2;1;1;B01
201000033880;0;7;0;0;1;7;1;A01
201000033881;0;7;0;0;2;4;23;B01
201000033881;0;10;0;0;2;1;1;A01
201000033881;0;7;0;0;2;4;23;C01
201000033882;0;7;0;0;2;8;1;A01
201000033882;0;7;0;0;2;2;15;B01
201000033883;0;7;0;5;2;1;1;B01
201000033883;0;7;0;0;2;2;15;A01
201000033884;0;7;0;0;1;1;1;A01
201000033885;0;7;0;0;2;4;23;C01
201000033885;0;10;0;0;2;4;23;B01
201000033885;0;7;0;0;2;1;1;A01
201000033886;0;7;0;8;0;1;13;A01
201000033887;0;33;0;0;2;1;1;B01
201000033887;0;7;0;0;2;2;15;A01
201000033888;0;7;0;0;2;1;1;B01
201000033888;0;7;0;0;2;8;10;A01
201000033889;0;7;0;0;1;1;1;A01
201000033890;0;2;0;0;2;1;16;B01
201000033890;0;7;0;0;2;5;16;A01
201000033891;0;7;0;0;2;1;1;B01
201000033891;0;1;0;0;2;8;9;A01
201000033892;0;7;0;0;2;3;1;A01
201000033892;0;7;0;0;2;3;1;B01
201000033893;0;2;0;0;1;1;1;A01
201000033894;0;10;0;0;1;1;1;A01
201000033895;0;7;0;3;0;1;1;A01
201000033896;0;7;0;0;2;3;9;A01
201000033896;0;38;30;0;2;1;1;B01
201000033897;0;7;0;13;0;1;6;A01
201000033897;0;7;0;0;9;0;1;B01
201000033898;0;7;0;0;1;1;1;A01
201000033899;0;33;0;0;1;1;1;A01
201000033900;0;7;0;0;2;1;21;A01
201000033900;0;10;0;1;2;9;1;B01
201000033900;0;7;0;0;2;3;24;C01
201000033901;0;33;0;0;2;1;1;B01
201000033901;0;7;0;0;2;5;15;A01
201000033902;0;7;0;0;2;1;1;A01
201000033902;0;10;0;0;2;3;15;B01
201000033903;0;7;0;0;2;2;15;A01
201000033903;0;2;0;0;2;1;1;B01
201000033904;0;33;0;0;2;1;1;B01
201000033904;0;10;0;0;2;8;10;A01
201000033905;0;7;0;8;4;8;1;A01
201000033905;0;40;25;0;2;1;1;B01
201000033906;0;7;0;0;1;1;1;A01
201000033907;0;7;0;0;1;1;1;A01
201000033908;0;7;0;0;2;1;1;A01
201000033908;0;7;0;0;2;7;1;B01
201000033909;0;7;0;4;2;3;13;A01
201000033910;0;7;0;0;2;3;15;A01
201000033910;0;2;0;0;2;1;1;B01
201000033911;0;10;0;0;2;7;1;A01
201000033911;0;7;0;0;2;1;1;B01
201000033912;0;1;0;0;2;8;19;A01
201000033912;0;7;0;0;2;1;1;B01
201000033913;0;7;0;0;2;2;1;A01
201000033913;0;7;0;0;2;1;1;B01
201000033914;0;7;0;0;1;7;1;A01
201000033915;0;7;0;0;0;4;1;B01
201000033915;0;7;0;0;2;1;2;A01
201000033916;0;7;0;0;2;5;15;A01
201000033916;0;33;0;0;2;1;1;B01
201000033917;0;7;0;0;2;3;16;B01
201000033917;0;7;0;0;2;3;15;A01
201000033918;0;10;0;0;2;8;22;A01
201000033918;0;1;0;0;2;1;1;B01
201000033919;0;13;0;0;1;1;0;A01
201000033920;0;7;0;2;0;2;1;A01
201000033921;0;7;0;0;2;6;4;A01
201000033921;0;31;0;0;2;1;1;B01
201000033922;0;7;0;0;2;3;9;A01
201000033922;0;1;0;0;2;1;1;B01
201000033923;0;37;10;0;2;4;0;B01
201000033923;0;2;0;1;0;1;2;A01
201000033924;0;2;0;0;2;1;13;A01
201000033924;0;7;0;0;2;2;1;B01
201000033925;0;7;0;0;2;1;2;A01
201000033925;0;7;0;0;0;4;2;B01
201000033926;0;7;0;0;1;1;17;A01
201000033927;0;7;0;0;2;1;2;A01
201000033927;0;7;0;0;2;4;23;B01
201000033927;0;7;0;0;0;4;23;C01
201000033928;0;7;0;0;2;1;13;A01
201000033928;0;7;0;0;2;1;1;B01
201000033929;0;2;0;0;2;1;8;A01
201000033929;0;7;0;0;2;3;1;B01
201000033930;0;99;0;0;1;1;1;A01
201000033931;0;7;0;0;1;1;1;A01
201000033932;0;7;0;0;1;2;1;A01
201000033933;0;33;0;0;2;1;1;B01
201000033933;0;7;0;0;2;5;15;A01
201000033934;0;10;0;0;2;3;15;A01
201000033934;0;7;0;0;2;1;1;B01
201000033935;0;14;0;0;2;3;13;A01
201000033935;0;2;0;0;2;1;1;B01
201000033936;0;33;0;0;2;9;14;A01
201000033936;0;7;0;0;0;5;1;B01
201000033937;0;7;0;0;0;7;22;A01
201000033937;0;1;0;0;2;1;2;B01
201000033938;0;7;0;0;2;2;1;B01
201000033938;0;1;0;0;2;3;9;A01
201000033939;0;7;0;0;1;2;1;A01
201000033940;0;7;0;0;2;3;1;A01
201000033940;0;7;0;0;2;6;1;B01
201000033941;0;33;0;0;1;1;1;A01
201000033942;0;7;0;0;1;1;1;A01
201000033943;0;7;0;0;2;1;1;B01
201000033943;0;1;0;0;2;8;15;A01
201000033944;0;7;0;0;2;1;2;A01
201000033944;0;7;0;0;0;4;1;B01
201000033945;0;7;0;0;1;1;1;A01
201000033946;0;7;0;0;2;1;1;B01
201000033946;0;1;0;0;2;1;13;A01
201000033947;0;2;0;0;0;3;15;A01
201000033947;0;7;0;0;2;1;1;B01
201000033948;0;7;0;1;0;1;13;A01
201000033949;0;33;0;9;0;1;1;A01
201000033950;0;2;0;0;2;1;1;B01
201000033950;0;7;0;0;2;1;15;A01
201000033951;0;10;0;0;1;1;15;A01
201000033952;0;33;0;0;2;1;1;A01
201000033952;0;7;0;0;2;4;15;B01
201000033953;0;7;0;0;2;1;15;A01
201000033953;0;31;0;0;2;1;1;B01
201000033954;0;33;0;0;2;1;1;B01
201000033954;0;7;0;0;2;2;15;A01
201000033955;1;7;0;0;2;1;15;Z01
201000033955;0;2;0;0;2;3;1;B01
201000033956;0;7;0;0;0;4;1;B01
201000033956;0;2;0;0;2;1;2;A01
201000033957;0;2;0;0;1;1;1;A01
201000033958;0;7;0;0;2;2;1;B01
201000033958;0;7;0;0;2;3;1;A01
201000033959;0;7;0;0;1;1;1;A01
201000033960;0;7;0;0;2;6;1;B01
201000033960;0;7;0;0;2;1;13;A01
201000033961;0;7;0;0;1;8;1;B01
201000033961;0;7;0;0;2;1;1;A01
201000033962;0;7;0;0;1;8;1;A01
201000033963;0;2;0;0;2;1;1;A01
201000033963;0;7;0;0;0;4;23;B01
201000033964;0;15;0;0;2;1;1;A01
201000033964;0;7;0;0;2;3;15;B01
201000033965;0;7;0;0;2;3;15;B01
201000033965;0;1;0;0;2;1;15;A01
201000033966;0;10;0;0;2;8;1;A01
201000033966;0;7;0;0;2;1;15;B01
201000033967;0;7;0;0;2;3;16;A01
201000033967;0;1;0;0;2;1;1;B01
201000033968;0;7;0;16;0;9;13;A01
201000033969;0;7;0;0;0;4;1;B01
201000033969;0;10;0;0;2;1;2;A01
201000033970;0;32;0;0;2;1;1;B01
201000033970;0;7;0;0;2;1;15;A01
201000033971;0;7;0;0;1;1;15;A01
201000033972;0;7;0;0;2;3;16;B01
201000033972;0;7;0;0;2;2;1;A01
201000033973;0;2;0;0;2;1;13;A01
201000033973;0;31;0;0;2;1;1;B01
201000033974;0;7;0;0;1;1;1;A01
201000033975;0;32;0;0;1;1;1;A01
201000033976;0;7;0;0;2;3;15;A01
201000033976;0;2;0;0;2;1;1;B01
201000033977;0;2;0;1;0;1;1;A01
201000033978;0;7;0;0;0;4;23;C01
201000033978;0;7;0;0;2;1;2;A01
201000033978;0;7;0;0;0;4;23;B01
201000033979;0;7;0;0;2;8;22;A01
201000033979;0;1;0;0;2;1;1;B01
201000033980;0;7;0;0;1;2;1;A01
201000033981;0;7;0;0;1;1;1;A01
201000033982;0;7;0;0;1;1;16;A01
201000033983;0;7;0;0;2;8;1;B01
201000033983;0;7;0;0;2;2;1;A01
201000033984;0;33;0;0;2;7;1;B01
201000033984;0;1;0;0;2;3;13;A01
201000033985;0;7;0;0;0;2;1;A01
201000033985;0;32;0;0;2;2;0;B01
201000033986;0;7;0;0;2;6;2;B01
201000033986;0;7;0;0;2;1;1;A01
201000033987;0;7;0;0;2;8;15;A01
201000033987;0;33;0;0;2;1;1;B01
201000033988;0;7;0;0;2;1;1;A01
201000033988;0;7;0;0;2;7;1;B01
201000033989;0;1;0;0;2;3;1;B01
201000033989;0;7;0;0;2;2;0;A01
201000033990;0;31;0;0;2;3;1;B01
201000033990;0;7;0;0;2;3;1;A01
201000033991;0;37;25;0;2;1;1;B01
201000033991;0;7;0;0;2;8;1;A01
201000033992;0;7;0;0;2;2;1;A01
201000033992;0;7;0;0;2;3;15;B01
201000033993;0;2;0;0;2;1;17;B01
201000033993;0;7;0;0;2;8;15;A01
201000033994;0;7;0;0;2;3;9;A01
201000033994;0;2;0;0;2;1;1;B01
201000033995;0;7;0;0;2;3;15;A01
201000033995;0;32;0;0;2;1;1;B01
201000033996;0;30;0;0;2;2;1;A01
201000033996;0;40;15;0;2;3;1;B01
201000033997;0;7;0;0;2;2;9;A01
201000033997;0;33;0;0;0;1;1;B01
201000033998;0;7;0;0;2;6;23;B01
201000033998;0;10;0;0;2;2;0;A01
201000033999;0;37;15;0;2;3;1;B01
201000033999;0;7;0;0;2;2;16;A01
201000034000;0;7;0;0;2;2;1;B01
201000034000;0;7;0;0;2;1;9;A01
201000034001;0;33;0;0;2;1;17;A01
201000034001;0;7;0;0;2;4;11;B01
201000034002;0;7;0;0;2;1;15;A01
201000034002;0;2;0;0;2;1;1;B01
201000034003;0;7;0;0;2;1;1;B01
201000034003;0;1;0;0;2;6;19;A01
201000034004;0;7;0;0;1;1;1;A01
201000034005;0;7;0;0;2;4;2;B01
201000034005;0;33;0;0;2;1;1;A01
201000034006;0;1;0;0;0;1;1;A01
201000034007;0;33;0;0;2;1;17;A01
201000034007;0;7;0;0;2;0;1;B01
201000034008;1;7;0;0;2;0;15;Z01
201000034008;0;2;0;0;2;1;1;A01
201000034009;0;7;0;0;2;1;1;A01
201000034009;0;30;0;0;2;1;1;B01
201000034010;0;7;0;0;1;1;1;A01
201000034011;0;7;0;0;2;2;14;A01
201000034012;0;7;0;0;2;1;15;A01
201000034012;0;7;0;0;2;3;1;B01
201000034013;0;7;0;0;2;1;1;A01
201000034013;0;7;0;0;2;4;2;B01
201000034014;1;7;0;0;1;1;1;Z01
201000034015;0;1;0;0;2;1;1;A01
201000034015;0;7;0;0;2;7;16;B01
201000034016;0;1;0;0;2;7;1;A01
201000034016;0;7;0;0;2;1;1;B01
201000034017;0;1;0;0;2;1;1;A01
201000034017;0;7;0;0;2;3;15;B01
201000034018;0;7;0;0;2;4;2;B01
201000034018;0;2;0;0;2;1;1;A01
201000034019;1;7;0;0;1;1;1;A01
201000034020;0;2;0;0;2;2;15;B01
201000034020;0;7;0;0;2;1;1;A01
201000034021;0;7;0;0;2;3;15;A01
201000034021;0;7;0;0;2;1;1;B01
201000034022;0;7;0;0;2;1;1;A01
201000034022;0;2;0;0;2;8;9;B01
201000034023;0;7;0;0;2;3;10;A01
201000034023;0;7;0;0;2;0;1;B01
201000034024;0;7;0;0;2;2;16;B01
201000034024;0;30;0;0;2;8;1;A01
201000034025;0;7;0;0;1;1;1;A01
201000034026;0;7;0;0;1;1;15;A01
201000034027;0;7;0;0;2;1;1;B01
201000034027;0;33;0;0;2;1;13;A01
201000034028;0;7;0;0;1;2;1;A01
201000034029;0;7;0;0;2;3;10;A01
201000034029;0;33;0;0;2;1;17;B01
201000034030;0;7;0;0;1;1;17;A01
201000034031;0;7;0;0;0;4;1;B01
201000034031;0;1;0;0;2;1;2;A01
201000034032;0;7;0;0;1;1;1;A01
201000034033;0;7;0;0;2;1;1;A01
201000034033;0;7;0;0;0;4;1;B01
201000034034;0;7;0;0;0;4;1;B01
201000034034;0;7;0;0;2;1;2;A01
201000034035;0;7;0;0;2;7;1;B01
201000034035;0;1;0;0;2;1;1;A01
201000034036;0;7;0;0;2;2;1;A01
201000034036;0;7;0;0;2;1;1;B01
201000034037;0;7;0;0;2;1;1;B01
201000034037;0;7;0;0;2;2;1;A01
201000034038;0;7;0;15;1;7;1;A01
201000034039;0;7;0;0;2;1;1;B01
201000034039;0;7;0;0;2;1;13;A01
201000034040;0;7;0;0;2;1;1;B01
201000034040;0;7;0;0;2;8;5;A01
201000034041;0;13;0;0;2;6;5;A01
201000034041;0;7;0;0;2;1;1;B01
201000034042;0;7;0;0;2;1;1;B01
201000034042;0;7;0;0;2;3;15;A01
201000034043;0;7;0;0;2;1;1;B01
201000034043;0;3;0;0;2;3;13;A01
201000034044;0;7;0;0;1;1;1;A01
201000034045;0;7;0;0;2;1;1;B01
201000034045;0;7;0;0;2;8;1;A01
201000034046;0;31;0;0;2;1;1;B01
201000034046;0;7;0;0;2;3;9;A01
201000034047;0;7;0;0;1;1;1;A01
201000034048;0;31;0;9;0;1;14;A01
201000034049;0;7;0;12;0;9;1;A01
201000034050;0;10;0;0;2;3;1;C01
201000034050;0;7;0;0;2;1;17;A01
201000034050;0;7;0;0;2;3;1;B01
201000034051;0;7;0;13;0;1;1;A01
201000034052;0;7;0;6;0;1;1;A01
201000034053;0;7;0;0;9;3;15;A01
201000034053;0;32;0;0;2;2;1;B01
201000034054;0;2;0;0;2;1;17;B01
201000034054;0;7;0;0;2;2;15;A01
201000034055;0;7;0;2;0;9;1;A01
201000034056;0;32;0;0;1;0;1;A01
201000034057;0;7;0;0;1;1;0;A01
201000034058;0;7;0;0;1;2;1;A01
201000034059;0;10;0;0;1;4;4;A01
201000034060;0;7;0;0;1;3;1;A01
201000034061;0;30;0;0;0;1;1;A01
201000034062;0;33;0;0;2;1;13;A01
201000034062;0;33;0;0;2;1;1;B01
201000034063;0;33;0;13;0;2;1;A01
201000034064;0;7;0;15;0;0;0;A01
201000034065;0;7;0;0;2;7;13;A01
201000034065;0;7;0;0;2;1;1;B01
201000034066;0;7;0;0;1;2;1;A01
201000034067;0;7;0;0;2;7;15;A01
201000034067;0;7;0;0;2;1;1;B01
201000034068;0;7;0;0;2;1;13;A01
201000034068;0;7;0;0;2;1;1;B01
201000034068;0;7;0;0;2;1;2;C01
201000034069;0;7;0;0;1;1;1;A01
201000034070;0;7;0;0;2;3;15;A01
201000034070;0;2;0;0;2;1;17;B01
201000034071;0;33;0;0;2;1;17;B01
201000034071;0;7;0;0;2;1;9;A01
201000034072;0;7;0;0;2;1;1;A01
201000034072;0;7;0;0;2;1;1;B01
201000034073;0;7;0;0;1;1;16;A01
201000034074;0;7;0;0;2;7;1;A01
201000034074;0;10;0;0;2;1;1;B01
201000034075;0;7;0;0;2;4;23;B01
201000034075;0;7;0;1;0;1;1;A01
201000034075;0;7;0;0;2;4;23;C01
201000034076;0;2;0;0;2;1;17;A01
201000034076;0;2;0;0;2;1;1;B01
201000034076;0;7;0;0;2;6;15;C01
201000034077;0;31;0;0;2;1;1;B01
201000034077;0;7;0;0;2;3;15;A01
201000034078;0;7;0;0;2;1;1;A01
201000034078;0;7;0;0;2;4;23;C01
201000034078;0;7;0;0;2;4;23;B01
201000034079;0;33;0;0;2;1;1;B01
201000034079;0;7;0;0;2;3;16;A01
201000034080;0;7;0;0;2;1;15;A01
201000034080;0;30;0;0;2;1;1;B01
201000034081;0;7;0;0;2;4;23;B01
201000034081;0;7;0;0;2;1;1;A01
201000034081;0;7;0;0;2;4;23;C01
201000034082;0;7;0;0;2;6;15;B01
201000034082;0;33;0;0;2;1;17;A01
201000034083;0;7;0;0;2;1;1;B01
201000034083;0;30;0;1;0;1;1;A01
201000034084;0;15;0;0;2;1;1;A01
201000034084;0;7;0;0;2;4;1;B01
201000034084;0;7;0;0;2;4;1;C01
201000034085;0;2;0;0;2;3;1;B01
201000034085;0;37;0;0;2;2;1;A01
201000034086;0;2;0;0;2;1;17;B01
201000034086;0;7;0;0;2;8;9;A01
201000034087;0;7;0;0;1;1;1;A01
201000034088;0;7;0;0;1;1;1;A01
201000034089;0;7;0;0;2;1;1;B01
201000034089;0;7;0;0;2;8;15;A01
201000034090;0;7;0;0;2;8;15;A01
201000034090;0;2;0;0;2;1;17;B01
201000034091;1;2;0;0;1;1;1;A01
201000034092;0;10;0;0;2;2;1;B01
201000034092;0;7;0;0;2;3;9;A01
201000034093;0;7;0;0;1;3;1;A01
201000034094;0;7;0;0;2;3;9;A01
201000034094;0;2;0;0;2;2;1;B01
201000034095;0;37;40;0;1;1;16;A01
201000034096;0;7;0;0;1;1;15;A01
201000034097;0;7;0;0;2;2;1;B02
201000034097;0;7;0;0;2;6;11;A01
201000034098;0;7;0;0;2;1;1;B02
201000034098;0;7;0;0;2;1;15;A01
201000034099;0;20;0;0;2;2;1;B02
201000034099;0;1;0;0;2;1;1;A01
201000034100;0;33;0;0;2;4;23;B02
201000034100;0;7;0;0;2;1;1;A01
201000034101;0;7;0;0;2;8;10;A01
201000034101;0;33;0;0;2;1;1;B02
201000034102;0;7;0;0;2;2;1;A01
201000034102;0;7;0;0;2;3;16;B01
201000034103;0;33;0;0;2;1;9;A01
201000034103;0;7;0;0;2;3;1;B01
201000034104;0;7;0;0;2;3;13;B01
201000034104;0;7;0;0;2;1;16;A01
201000034105;0;7;0;0;2;8;15;B01
201000034105;0;31;0;0;2;1;17;A01
201000034106;0;1;0;0;2;1;1;B01
201000034106;0;7;0;0;2;2;16;A01
201000034107;0;7;0;8;0;1;1;A01