num_acc;senc;catv;occutc;obs;obsm;choc;manv;num_veh
201000034108;0;7;0;0;1;1;16;A01
201000034109;0;1;0;0;2;8;9;B01
201000034109;0;14;0;0;2;7;1;A01
201000034110;0;7;0;0;2;1;1;A01
201000034110;0;7;0;0;2;4;1;B01
201000034110;0;7;0;0;2;4;1;E01
201000034110;0;7;0;0;2;1;1;C01
201000034110;0;7;0;0;2;4;1;D01
201000034111;0;7;0;0;2;1;1;A01
201000034112;0;10;0;0;2;2;1;B01
201000034112;0;7;0;0;2;3;1;A01
201000034113;0;7;0;0;2;1;1;B01
201000034113;0;7;0;0;2;8;1;A01
201000034114;0;30;0;0;2;1;18;B01
201000034114;0;7;0;0;2;7;16;A01
201000034115;0;7;0;0;2;3;9;A01
201000034115;0;30;0;0;2;1;1;B01
201000034116;0;7;0;0;2;1;1;A01
201000034116;0;33;0;0;2;4;1;B01
201000034117;0;7;0;0;2;1;15;A01
201000034117;0;33;0;0;2;1;1;B01
201000034118;0;7;0;1;2;1;1;B01
201000034118;1;7;0;0;2;1;15;A01
201000034119;0;7;0;0;2;1;1;B01
201000034119;0;1;0;0;2;1;1;A01
201000034120;0;7;0;5;2;2;15;A01
201000034120;0;7;0;0;2;1;1;B01
201000034121;0;33;0;0;2;3;1;B01
201000034121;0;7;0;0;2;1;1;A01
201000034122;0;7;0;0;1;0;15;A01
201000034123;0;7;0;0;2;1;1;B01
201000034123;0;7;0;0;2;3;15;A01
201000034124;0;7;0;0;1;1;1;A01
201000034125;0;7;0;13;2;9;5;A01
201000034125;0;7;0;0;2;1;21;B01
201000034125;0;7;0;0;2;1;21;C01
201000034126;0;7;0;0;0;3;15;A01
201000034126;0;33;0;0;2;2;17;B01
201000034127;0;7;0;0;2;2;1;A01
201000034127;0;10;0;0;2;1;1;B01
201000034128;0;7;0;0;2;1;1;B01
201000034128;0;7;0;0;2;4;17;A01
201000034129;0;33;0;0;2;0;21;B01
201000034129;0;7;0;0;2;8;0;A01
201000034130;0;7;0;2;0;9;1;A01
201000034131;0;7;0;2;0;7;1;A01
201000034132;0;10;0;0;2;8;10;B01
201000034132;0;10;0;0;2;1;1;A01
201000034133;0;7;0;0;2;3;1;B01
201000034133;0;31;0;0;2;7;15;A01
201000034134;0;7;0;0;2;1;1;A01
201000034134;0;7;0;0;2;8;1;B01
201000034135;0;7;0;13;0;9;0;A01
201000034136;0;33;0;11;2;1;1;B01
201000034136;0;7;0;0;2;8;13;A01
201000034137;0;1;0;0;0;3;11;B01
201000034137;0;7;0;0;0;2;2;A01
201000034138;0;7;0;0;1;2;2;A01
201000034139;0;7;0;0;1;3;1;A01
201000034140;0;10;0;0;1;1;0;A01
201000034141;0;33;0;0;0;0;14;A01
201000034142;0;7;0;0;2;3;5;B01
201000034142;0;99;0;0;2;3;2;C01
201000034142;0;7;0;0;2;3;6;A01
201000034143;0;30;0;0;2;1;1;B01
201000034143;0;10;0;0;9;5;11;A01
201000034144;0;7;0;0;5;6;2;B01
201000034144;0;10;0;0;0;1;2;A01
201000034144;0;7;0;0;2;5;2;C01
201000034145;0;7;0;2;0;8;0;A01
201000034146;0;7;0;0;2;4;2;B01
201000034146;0;33;0;0;2;1;2;A01
201000034147;0;7;0;0;1;3;1;A01
201000034148;0;2;0;0;2;8;2;B01
201000034148;0;7;0;0;2;2;0;A01
201000034149;0;7;0;0;1;1;1;A01
201000034150;0;2;0;0;2;1;2;B01
201000034150;0;7;0;0;0;0;23;C01
201000034150;0;7;0;0;2;1;19;A01
201000034151;0;2;0;0;0;0;1;A01
201000034152;0;2;0;0;2;8;1;A01
201000034152;0;7;0;0;2;8;16;B01
201000034153;0;7;0;0;2;9;2;B01
201000034153;0;7;0;0;2;1;2;A01
201000034153;0;7;0;0;0;4;15;C01
201000034154;0;1;0;0;0;0;1;B01
201000034154;0;7;0;0;0;0;1;A01
201000034155;0;2;0;0;2;1;0;A01
201000034155;0;7;0;0;2;3;2;B01
201000034156;0;7;0;0;1;3;2;A01
201000034157;0;10;0;0;1;1;1;A01
201000034158;0;7;0;0;1;0;1;A01
201000034159;0;7;0;0;2;8;15;A01
201000034159;0;30;0;0;2;7;15;B01
201000034160;0;33;0;0;2;1;2;A01
201000034160;0;7;0;0;0;4;2;B01
201000034161;0;7;0;0;0;1;1;A01
201000034161;0;1;0;0;0;0;1;B01
201000034162;0;7;0;13;0;0;1;A01
201000034163;0;7;0;1;2;7;1;A01
201000034163;0;7;0;0;2;1;1;B01
201000034164;0;1;0;0;2;1;1;B01
201000034164;0;7;0;0;2;1;15;A01
201000034165;0;2;0;0;0;3;16;A01
201000034166;0;7;0;0;2;3;1;B01
201000034166;0;7;0;0;2;4;4;A01
201000034167;0;7;0;0;1;0;0;A01
201000034168;0;1;0;1;0;0;0;A01
201000034169;0;7;0;1;0;3;1;A01
201000034170;0;7;0;0;2;4;2;C01
201000034170;0;7;0;0;2;1;2;A01
201000034170;0;7;0;0;2;1;2;B01
201000034171;0;7;0;0;2;2;2;A01
201000034171;0;7;0;0;2;4;2;B01
201000034172;0;7;0;0;2;0;0;A01
201000034173;0;7;0;0;1;1;15;A01
201000034174;0;7;0;0;1;1;15;A01
201000034175;0;37;0;6;0;1;1;A01
201000034176;0;2;0;0;0;0;15;A01
201000034177;0;7;0;0;1;1;1;A01
201000034178;0;1;0;0;2;1;16;B01
201000034178;0;7;0;0;2;1;1;A01
201000034179;0;7;0;0;2;1;1;B01
201000034179;0;7;0;0;2;1;15;A01
201000034180;0;2;0;0;0;0;1;A01
201000034181;0;7;0;0;2;3;1;A01
201000034181;0;7;0;0;2;2;1;B01
201000034182;0;30;0;0;2;8;16;B01
201000034182;1;1;0;0;2;0;0;A01
201000034183;0;1;0;0;2;4;1;B01
201000034183;0;7;0;0;2;3;9;A01
201000034184;0;7;0;0;1;6;1;A01
201000034185;0;7;0;13;0;9;1;A01
201000034186;0;7;0;0;2;6;11;A01
201000034186;0;7;0;0;2;2;1;B01
201000034187;0;7;0;0;2;4;1;B01
201000034187;0;7;0;1;2;1;1;A01
201000034188;1;99;0;0;0;0;0;A01
201000034188;0;2;0;0;2;1;1;B01
201000034189;0;7;0;0;1;1;1;A01
201000034190;0;7;0;0;2;1;1;A01
201000034190;0;7;0;0;1;4;1;B01
201000034191;0;7;0;0;0;0;0;A01
201000034192;0;7;0;3;0;1;1;A01
201000034193;0;1;0;0;0;0;1;A01
201000034194;0;7;0;0;1;2;1;A01
201000034195;0;7;0;0;0;0;0;C01
201000034195;0;7;0;0;0;0;0;B01
201000034195;0;7;0;0;0;0;0;A01
201000034196;0;7;0;3;0;1;1;A01
201000034197;0;37;1;0;1;2;1;A01
201000034198;0;7;0;0;2;4;1;B01
201000034198;0;7;0;0;2;1;1;A01
201000034199;0;1;0;14;0;1;1;A01
201000034200;0;37;0;0;1;1;1;A01
201000034201;0;7;0;0;2;1;15;A01
201000034201;0;2;0;0;2;7;1;B01
201000034202;0;7;0;0;2;8;9;A01
201000034202;0;2;0;0;2;1;1;B01
201000034203;0;7;0;0;1;1;1;A01
201000034204;0;7;0;3;0;1;17;A01
201000034205;0;7;0;0;2;1;1;A01
201000034205;0;7;0;0;2;7;1;B01
201000034206;0;37;0;0;1;3;1;A01
201000034207;0;10;0;1;2;1;1;B01
201000034207;0;30;0;0;2;7;1;A01
201000034208;0;7;0;0;2;7;15;A01
201000034208;0;33;0;0;2;1;1;B01
201000034209;0;7;0;0;2;7;1;A01
201000034209;0;7;0;1;2;1;1;B01
201000034210;0;7;0;0;2;1;1;C01
201000034210;0;7;0;0;2;1;1;B01
201000034210;0;7;0;0;2;1;13;A01
201000034211;0;7;0;0;0;9;1;A01
201000034211;0;7;0;0;2;9;1;B01
201000034212;0;7;0;0;2;1;1;A01
201000034212;0;30;0;0;2;4;1;B01
201000034213;0;7;0;13;0;1;1;A01
201000034214;0;7;0;0;2;2;15;A01
201000034214;0;7;0;0;2;3;1;B01
201000034215;0;7;0;1;0;3;0;A01
201000034216;0;7;0;4;0;1;1;A01
201000034217;0;30;0;0;2;1;1;B01
201000034217;0;10;0;0;2;3;9;A01
201000034218;0;30;0;0;2;1;1;A01
201000034218;0;7;0;0;2;7;1;B01
201000034219;0;33;0;0;0;7;1;A01
201000034220;0;7;0;0;2;5;15;A01
201000034220;0;33;0;0;2;1;17;B01
201000034221;0;2;0;0;2;2;8;A01
201000034221;0;37;1;0;2;2;1;B01
201000034222;0;7;0;0;2;7;1;B01
201000034222;0;7;0;0;2;3;9;A01
201000034223;0;7;0;0;2;1;1;B01
201000034223;0;33;0;0;2;1;1;A01
201000034224;0;7;0;1;2;9;17;A01
201000034224;0;7;0;0;2;6;1;B01
201000034225;0;7;0;0;2;5;15;A01
201000034225;0;30;0;0;2;1;1;B01
201000034226;0;7;0;0;2;1;2;A01
201000034226;0;33;0;0;2;4;2;B01
201000034227;0;31;0;0;2;1;17;A01
201000034227;0;1;0;1;2;4;15;B01
201000034228;1;7;0;0;2;1;1;B01
201000034228;0;1;0;1;2;0;1;A01
201000034229;0;7;0;0;2;7;1;B01
201000034229;0;10;0;0;2;2;1;A01
201000034230;0;1;0;0;0;0;1;A01
201000034231;0;7;0;0;2;8;9;A01
201000034231;0;31;0;0;2;7;1;B01
201000034232;0;7;0;0;2;2;15;A01
201000034232;0;7;0;0;2;1;1;B01
201000034233;0;16;0;0;2;1;1;A01
201000034233;0;7;0;0;2;4;0;D01
201000034233;0;7;0;0;2;4;0;C01
201000034233;0;7;0;0;2;4;1;B01
201000034234;0;1;0;0;0;0;1;A01
201000034235;0;7;0;3;0;1;0;A01
201000034236;0;30;0;5;0;5;16;A01
201000034237;0;2;0;14;0;3;0;A01
201000034238;0;30;0;0;2;1;1;B01
201000034238;0;7;0;0;2;2;15;A01
201000034239;0;33;0;0;2;2;0;A01
201000034239;0;7;0;0;2;6;1;B01
201000034240;0;7;0;0;2;2;15;A01
201000034240;0;30;0;0;2;3;1;B01
201000034241;0;30;0;0;2;1;1;B01
201000034241;0;7;0;0;2;2;15;A01
201000034242;0;33;0;0;2;1;17;A01
201000034242;0;7;0;0;2;8;10;B01
201000034243;0;10;0;0;2;1;1;B01
201000034243;0;7;0;0;2;1;15;A01
201000034244;0;33;0;0;2;1;2;A01
201000034244;0;7;0;0;2;4;2;B01
201000034245;0;7;0;0;1;1;1;A01
201000034246;0;1;0;0;1;1;1;A01
201000034247;0;7;0;8;0;9;1;A01
201000034248;0;7;0;0;2;1;2;A01
201000034248;0;7;0;0;2;1;2;B01
201000034248;0;7;0;0;2;4;2;C01
201000034249;0;3;0;1;0;2;1;A01
201000034250;0;7;0;0;2;9;2;B01
201000034250;0;7;0;0;2;1;2;A01
201000034250;0;7;0;1;2;4;2;C01
201000034250;0;7;0;0;2;7;1;D01
201000034251;0;7;0;0;2;9;2;B01
201000034251;0;7;0;0;2;1;2;A01
201000034251;0;7;0;0;2;1;2;C01
201000034251;0;7;0;0;2;4;2;D01
201000034252;0;1;0;1;2;1;2;A01
201000034252;0;7;0;0;2;4;2;B01
201000034253;0;7;0;0;2;4;1;B01
201000034253;0;7;0;0;2;1;15;A01
201000034253;0;7;0;0;2;3;1;C01
201000034254;1;7;0;0;2;0;0;A01
201000034254;0;7;0;0;2;3;0;B01
201000034255;0;7;0;0;2;8;0;A01
201000034255;0;7;0;0;2;2;0;B01
201000034256;0;32;0;0;2;1;1;B01
201000034256;0;7;0;0;2;3;0;A01
201000034257;0;7;0;7;0;1;1;A01
201000034258;0;10;0;0;2;1;2;A01
201000034258;0;7;0;0;2;4;2;B01
201000034259;0;30;0;0;2;1;2;A01
201000034259;0;7;0;0;2;4;2;B01
201000034260;0;7;0;1;2;4;2;B01
201000034260;0;7;0;1;2;2;2;A01
201000034261;0;7;0;0;2;1;12;A01
201000034261;0;7;0;0;2;4;1;B01
201000034262;0;7;0;0;2;7;9;A01
201000034262;0;2;0;0;2;1;1;B01
201000034263;0;2;0;0;2;1;1;A01
201000034263;0;7;0;0;2;3;11;B01
201000034264;0;7;0;0;2;1;2;A01
201000034264;0;7;0;0;1;1;2;B01
201000034265;1;7;0;0;1;4;4;Z01
201000034266;0;7;0;0;1;6;1;A01
201000034267;0;7;0;0;2;3;15;B01
201000034267;0;30;0;0;2;1;17;A01
201000034268;0;7;0;3;2;3;1;A01
201000034268;0;7;0;0;2;3;1;B01
201000034269;0;2;0;12;0;2;1;A01
201000034270;0;7;0;0;2;1;15;B01
201000034270;0;33;0;0;2;7;17;A01
201000034271;0;7;0;0;2;1;15;A01
201000034271;0;33;0;0;2;1;1;B01
201000034272;0;30;0;0;2;7;17;B01
201000034272;0;7;0;1;2;7;15;A01
201000034273;0;7;0;0;2;7;1;B01
201000034273;0;15;0;0;2;2;17;A01
201000034274;0;3;0;1;2;1;2;A01
201000034274;0;7;0;0;0;4;2;B01
201000034275;0;1;0;0;0;0;1;A01
201000034276;0;2;0;0;2;3;1;B01
201000034276;0;7;0;0;2;3;15;A01
201000034277;0;1;0;0;0;0;1;A01
201000034278;0;7;0;0;2;4;15;B01
201000034278;0;2;0;0;2;1;1;A01
201000034279;0;7;0;0;2;2;1;A01
201000034279;0;2;0;1;2;1;1;B01
201000034280;0;7;0;0;2;8;1;A01
201000034280;0;7;0;0;2;1;1;B01
201000034281;0;7;0;0;2;1;2;A01
201000034281;0;7;0;0;2;4;2;B01
201000034282;0;7;0;0;2;0;20;A01
201000034282;0;1;0;0;2;0;1;B01
201000034283;0;7;0;0;2;3;15;A01
201000034283;0;1;0;0;2;1;16;B01
201000034284;0;30;0;0;0;7;1;A01
201000034285;0;7;0;0;2;9;2;B01
201000034285;0;7;0;0;2;6;2;C01
201000034285;0;7;0;0;2;1;2;A01
201000034286;0;7;0;0;2;1;17;A01
201000034286;0;2;0;0;2;4;1;B01
201000034287;0;1;0;0;2;0;9;A01
201000034287;0;1;0;0;2;1;1;B01
201000034288;0;7;0;0;2;1;1;B01
201000034288;0;33;0;0;2;0;1;A01
201000034289;0;7;0;0;2;8;15;A01
201000034289;0;2;0;0;2;1;17;B01
201000034290;0;7;0;0;2;8;15;A01
201000034290;0;31;0;0;2;1;1;B01
201000034291;0;30;0;0;2;7;2;A01
201000034291;0;30;0;0;2;8;1;B01
201000034292;0;7;0;0;1;8;1;A01
201000034293;0;30;0;0;0;7;1;A01
201000034294;0;2;0;0;2;4;2;B01
201000034294;0;7;0;0;2;4;2;A01
201000034294;0;7;0;0;2;1;2;C01
201000034295;0;7;0;0;2;5;15;A01
201000034295;0;33;0;0;2;1;1;B01
201000034296;0;30;0;0;0;1;1;A01
201000034297;0;7;0;0;1;1;1;A01
201000034298;0;7;0;0;2;7;16;A01
201000034298;0;1;0;0;2;1;0;B01
201000034299;0;2;0;0;0;0;1;A01
201000034300;0;7;0;0;2;2;0;A01
201000034300;0;7;0;0;2;8;0;B01
201000034301;0;7;0;6;0;1;0;A01
201000034302;1;7;0;1;2;0;0;A01
201000034302;0;2;0;0;2;0;9;B01
201000034303;0;37;3;0;1;2;1;A01
201000034304;0;30;0;0;2;1;1;A01
201000034304;0;7;0;0;2;8;15;B01
201000034305;0;1;0;0;0;0;1;A01
201000034306;0;7;0;2;0;1;1;A01
201000034307;0;7;0;0;0;1;1;A01
201000034308;0;7;0;0;2;3;1;B01
201000034308;0;2;0;0;2;1;16;A01
201000034309;0;7;0;0;2;2;2;A01
201000034309;0;7;0;0;2;8;11;B01
201000034310;0;1;0;0;1;0;1;A01
201000034311;0;7;0;0;2;1;1;A01
201000034311;0;7;0;0;2;8;1;B01
201000034312;0;1;0;0;0;0;1;A01
201000034313;0;2;0;0;0;0;1;A01
201000034314;0;7;0;0;2;0;20;B01
201000034314;0;1;0;0;2;1;2;A01
201000034315;0;1;0;0;0;1;1;A01
201000034316;0;7;0;8;0;1;1;A01
201000034317;0;7;0;0;1;4;4;A01
201000034318;0;2;0;0;2;4;2;A01
201000034318;0;7;0;0;2;1;2;B01
201000034319;0;7;0;0;2;1;16;A01
201000034319;0;7;0;0;0;0;0;B01
201000034320;0;7;0;0;0;1;1;A01
201000034321;0;7;0;0;0;0;1;A01
201000034322;0;7;0;0;1;1;1;A01
201000034323;0;7;0;0;0;1;1;A01
201000034324;0;7;0;0;2;8;16;B01
201000034324;0;30;0;0;2;1;1;A01
201000034325;0;32;0;0;0;8;1;A01
201000034326;0;7;0;0;2;7;17;A01
201000034326;0;32;0;0;2;7;1;B01
201000034327;0;32;0;0;0;7;1;A01
201000034328;0;30;0;1;0;0;1;A01
201000034329;0;33;0;0;2;2;1;A01
201000034329;0;7;0;0;2;4;15;B01
201000034330;0;17;0;0;0;0;1;A01
201000034331;0;7;0;0;2;1;1;A01
201000034331;0;7;0;0;2;6;1;B01
201000034332;0;1;0;0;2;1;1;B01
201000034332;0;7;0;0;2;1;1;A01
201000034333;0;7;0;0;2;1;1;B01
201000034333;0;2;0;0;2;7;1;A01
201000034334;0;2;0;0;0;7;1;A01
201000034335;0;7;0;0;2;0;15;B01
201000034335;0;2;0;0;2;1;17;A01
201000034336;0;7;0;0;2;1;1;B01
201000034336;0;7;0;0;2;1;15;A01
201000034337;0;1;0;0;2;7;1;B01
201000034337;0;7;0;0;2;1;15;A01
201000034338;0;30;0;0;0;2;1;A01
201000034339;0;7;0;0;2;3;16;A01
201000034339;0;1;0;0;2;1;1;B01
201000034340;0;1;0;12;0;0;1;A01
201000034341;0;2;0;1;0;7;1;A01
201000034342;0;2;0;0;2;1;1;B01
201000034342;0;7;0;0;2;1;16;A01
201000034343;0;7;0;0;2;1;15;A01
201000034343;0;30;0;0;2;2;1;B01
201000034344;0;7;0;0;2;1;1;A01
201000034344;0;7;0;0;2;3;1;B01
201000034345;0;7;0;0;2;2;1;B01
201000034345;0;2;0;0;2;1;1;A01
201000034346;0;33;0;8;0;1;1;A01
201000034347;0;10;0;0;1;1;15;A01
201000034348;0;33;0;0;1;2;17;A01
201000034349;0;1;0;9;0;2;1;A01
201000034350;0;30;0;0;2;1;1;B01
201000034350;0;7;0;0;2;6;15;A01
201000034351;0;7;0;0;2;1;1;B01
201000034351;0;7;0;0;2;1;1;A01
201000034352;0;1;0;0;2;2;1;B01
201000034352;0;7;0;0;2;8;9;A01
201000034353;0;2;0;0;0;0;1;A01
201000034354;0;7;0;0;2;4;23;B01
201000034354;0;30;0;0;2;1;1;A01
201000034355;0;7;0;0;2;8;16;A01
201000034355;0;7;0;0;2;7;1;B01
201000034356;0;7;0;0;2;0;0;A01
201000034356;0;1;0;0;2;0;0;B01
201000034357;0;1;0;1;0;8;1;A01
201000034358;0;7;0;0;2;3;15;A01
201000034358;0;2;0;0;2;2;17;B01
201000034359;0;1;0;0;2;3;9;A01
201000034359;0;37;0;0;2;2;1;B01
201000034360;0;7;0;0;2;1;13;A01
201000034360;0;33;0;0;2;4;23;B01
201000034361;0;7;0;0;1;4;4;A01
201000034362;0;7;0;0;2;4;2;B01
201000034362;0;30;0;0;2;1;2;A01
201000034363;0;30;0;0;2;1;2;A01
201000034363;0;7;0;0;2;4;1;B01
201000034364;0;7;0;0;2;4;23;B01
201000034364;0;7;0;0;2;1;2;A01
201000034365;0;2;0;12;0;7;0;A01
201000034366;0;7;0;1;0;1;1;A01
201000034367;0;7;0;1;0;1;1;A01
201000034367;0;33;0;0;2;7;23;B01
201000034368;0;1;0;0;0;1;1;A01
201000034369;0;7;0;0;1;1;1;A01
201000034370;0;2;0;0;0;0;16;A01
201000034371;0;7;0;0;2;3;15;A01
201000034371;0;31;0;0;2;8;1;B01
201000034372;0;7;0;0;2;8;13;A01
201000034372;0;30;0;0;2;7;17;B01
201000034373;0;7;0;0;2;1;1;A01
201000034373;0;7;0;0;2;4;1;B01
201000034374;0;7;0;0;2;3;15;A01
201000034374;0;31;0;0;2;3;1;B01
201000034375;0;38;0;0;2;8;15;A01
201000034375;0;33;0;0;2;2;17;B01
201000034376;0;7;0;0;2;2;1;A01
201000034376;0;7;0;0;2;1;1;B01
201000034377;0;7;0;0;2;1;1;B01
201000034377;0;7;0;0;2;7;10;A01
201000034378;0;7;0;5;0;2;13;A01
201000034379;0;7;0;2;0;1;0;A01
201000034380;0;7;0;12;0;1;1;A01
201000034381;0;7;0;0;2;2;1;B01
201000034381;0;7;0;0;2;6;15;A01
201000034382;0;7;0;0;2;1;2;A01
201000034382;0;7;0;0;2;4;2;B01
201000034383;0;2;0;0;0;7;1;A01
201000034384;0;1;0;0;0;0;1;A01
201000034385;0;7;0;0;2;1;15;B01
201000034385;0;7;0;0;2;1;1;A01
201000034386;0;7;0;0;2;7;14;A01
201000034386;0;37;0;0;2;8;1;B01
201000034387;0;7;0;2;0;1;1;A01
201000034388;0;30;0;0;5;1;1;A01
201000034389;0;7;0;0;2;5;16;A01
201000034389;0;33;0;0;2;1;1;B01
201000034390;0;7;0;8;0;1;1;A01
201000034391;0;7;0;16;0;7;1;A01
201000034392;0;7;0;0;1;1;1;A01
201000034393;0;1;0;0;2;1;1;B01
201000034393;0;7;0;0;2;8;15;A01
201000034394;0;7;0;3;0;1;1;A01
201000034395;0;7;0;0;2;1;1;B01
201000034395;0;1;0;0;2;1;1;A01
201000034396;0;7;0;0;2;1;15;A01
201000034396;0;33;0;0;2;1;1;B01
201000034397;0;30;0;1;0;8;15;A01
201000034398;0;30;0;0;2;1;1;B01
201000034398;0;7;0;0;0;8;15;A01
201000034399;0;2;0;0;0;0;0;A01
201000034400;0;2;0;0;0;1;0;A01
201000034401;0;7;0;0;2;8;0;A01
201000034401;0;1;0;0;2;3;0;B01
201000034402;0;7;0;0;2;1;1;A01
201000034402;0;1;0;0;2;0;0;B01
201000034403;0;7;0;0;2;3;16;A01
201000034403;0;33;0;0;2;1;1;B01
201000034404;0;1;0;1;0;0;1;A01
201000034405;0;7;0;14;0;0;6;A01
201000034406;0;2;0;0;2;1;1;A01
201000034407;0;7;0;0;2;1;15;B01
201000034407;0;1;0;0;2;4;9;A01
201000034408;0;7;0;8;0;1;0;A01
201000034409;0;7;0;1;0;8;0;A01
201000034410;0;2;0;0;0;0;0;A01
201000034411;0;7;0;0;9;3;0;A01
201000034411;0;1;0;1;0;1;0;B01
201000034412;0;7;0;0;2;4;4;A01
201000034412;0;7;0;0;2;1;23;B01
201000034413;0;7;0;0;2;3;15;A01
201000034413;0;32;0;0;2;7;1;B01
201000034414;0;7;0;0;1;1;1;A01
201000034415;0;7;0;0;2;1;1;B01
201000034415;0;1;0;2;2;1;1;A01
201000034416;0;7;0;0;2;2;12;A01
201000034416;0;2;0;0;2;1;1;B01
201000034417;0;30;0;14;0;7;1;A01
201000034418;0;7;0;0;1;1;1;A01
201000034419;0;7;0;0;1;1;1;A01
201000034420;0;7;0;0;2;1;15;A01
201000034420;0;1;0;0;2;2;1;B01
201000034421;0;7;0;0;2;1;15;A01
201000034421;0;1;0;0;2;1;1;B01
201000034422;0;7;0;0;1;7;1;A01
201000034423;0;31;0;0;0;1;1;A01
201000034424;0;1;0;0;0;1;1;A01
201000034425;0;7;0;7;0;1;1;A01
201000034426;0;30;0;16;0;3;1;A01
201000034427;0;31;0;16;0;2;1;A01
201000034428;0;33;0;0;2;2;1;B01
201000034428;0;1;0;0;2;8;9;A01
201000034429;0;7;0;4;0;1;1;A01
201000034430;0;30;0;16;0;2;16;A01
201000034431;0;30;0;0;2;1;1;A01
201000034431;0;7;0;0;2;4;2;B01
201000034432;0;99;0;0;2;0;19;B01
201000034432;0;1;0;0;2;1;5;A01
201000034433;0;2;0;0;0;0;0;A01
201000034434;0;30;0;0;2;9;15;A01
201000034434;0;7;0;0;2;1;1;B01
201000034435;0;7;0;16;0;9;1;A01
201000034436;0;32;0;16;0;1;1;A01
201000034437;0;7;0;0;2;7;1;A01
201000034437;0;7;0;0;2;5;1;B01
201000034438;0;7;0;1;2;1;16;A01
201000034438;0;1;0;0;2;1;1;B01
201000034439;0;3;0;0;2;7;16;A01
201000034439;0;30;0;0;2;8;14;B01
201000034440;0;7;0;0;2;3;16;A01
201000034440;0;7;0;0;2;8;1;B01
201000034441;0;7;0;0;2;1;15;A01
201000034441;0;1;0;0;2;1;1;B01
201000034442;0;7;0;0;1;1;1;A01
201000034443;0;37;0;1;0;5;21;A01
201000034444;0;2;0;0;2;1;15;A01
201000034444;0;7;0;0;2;3;1;B01
201000034445;0;2;0;16;0;8;1;A01
201000034446;0;30;0;16;0;8;1;A01
201000034447;0;30;0;16;0;3;1;A01
201000034448;0;10;0;0;2;2;15;A01
201000034448;0;7;0;0;2;2;1;B01
201000034449;0;2;0;12;0;2;0;A01
201000034450;0;1;0;0;2;1;1;B01
201000034450;0;7;0;0;2;5;1;A01
201000034451;0;7;0;0;2;1;16;A01
201000034451;0;33;0;0;2;1;1;B01
201000034452;0;1;0;0;2;1;1;B01
201000034452;0;7;0;0;2;5;16;A01
201000034453;0;2;0;16;0;1;1;A01
201000034454;0;7;0;0;0;6;24;C01
201000034454;0;7;0;0;2;4;2;B01
201000034454;0;7;0;0;2;1;1;A01
201000034455;0;1;0;0;0;1;1;A01
201000034456;0;37;0;0;2;8;1;B01
201000034456;0;7;0;0;2;3;15;A01
201000034457;0;7;0;15;0;9;1;A01
201000034458;0;7;0;0;1;1;1;A01
201000034459;0;7;0;6;0;1;1;A01
201000034460;0;7;0;0;2;4;2;B01
201000034460;0;7;0;0;2;1;1;A01
201000034461;0;33;0;1;0;7;1;A01
201000034462;0;1;0;0;0;1;13;B01
201000034462;0;7;0;0;2;1;1;A01
201000034463;0;7;0;16;0;3;1;A01
201000034464;0;30;0;16;0;1;1;A01
201000034465;0;2;0;0;1;6;17;A01
201000034466;0;30;0;0;2;8;1;B01
201000034467;0;1;0;0;0;0;1;A01
201000034468;0;2;0;0;2;1;9;A01
201000034468;0;7;0;0;2;7;1;B01
201000034469;0;3;0;0;2;0;0;A01
201000034469;0;1;0;0;2;0;0;B01
201000034470;0;37;0;0;2;7;1;B01
201000034470;0;7;0;0;2;1;20;A01
201000034471;0;7;0;3;0;1;1;A01
201000034472;0;30;0;0;2;1;1;A01
201000034472;0;7;0;0;2;5;2;B01
201000034473;0;7;0;0;2;1;16;B01
201000034473;0;30;0;0;2;3;1;A01
201000034474;0;7;0;0;2;1;1;C01
201000034474;0;1;0;0;2;1;1;A01
201000034474;0;1;0;0;2;1;1;B01
201000034475;0;7;0;0;1;1;15;A01
201000034476;0;7;0;0;1;4;4;A01
201000034477;0;1;0;15;0;1;1;A01
201000034478;0;10;0;0;2;1;1;A01
201000034478;0;7;0;0;2;4;23;B01
201000034479;0;31;0;0;2;1;1;A01
201000034479;0;7;0;0;2;6;23;B01
201000034480;0;10;0;0;2;1;1;A01
201000034480;0;10;0;0;2;2;1;B01
201000034481;0;30;0;0;0;8;0;A01
201000034482;0;7;0;0;2;0;15;A01
201000034482;0;33;0;1;2;7;10;B01
201000034483;0;7;0;0;2;1;9;A01
201000034483;0;1;0;0;2;7;1;B01
201000034484;0;30;0;16;0;3;1;A01
201000034485;0;7;0;0;2;1;1;A01
201000034485;0;7;0;0;2;2;1;B01
201000034486;0;7;0;0;2;1;15;A01
201000034486;0;7;0;0;2;1;1;B01
201000034487;0;1;0;0;0;1;1;A01
201000034488;0;7;0;12;0;5;1;A01
201000034489;0;7;0;0;2;5;15;A01
201000034489;0;2;0;0;2;1;1;B01
201000034490;0;7;0;0;2;7;1;B01
201000034490;0;7;0;0;2;1;1;C01
201000034490;0;7;0;1;2;2;15;A01
201000034491;0;3;0;16;0;1;1;A01
201000034492;0;7;0;0;2;4;4;A01
201000034492;0;7;0;0;2;3;1;B01
201000034493;0;1;0;12;0;1;1;A01
201000034494;0;1;0;0;0;7;1;A01
201000034495;0;2;0;0;0;7;1;A01
201000034496;0;7;0;0;2;1;15;A01
201000034496;0;2;0;0;2;1;1;B01
201000034497;0;7;0;10;0;1;1;A01
201000034498;0;30;0;0;0;5;1;A01