num_acc;senc;catv;occutc;obs;obsm;choc;manv;num_veh
201000034499;0;1;0;0;2;1;9;A01
201000034499;0;7;0;0;2;1;1;B01
201000034500;0;7;0;0;1;1;1;A01
201000034501;0;30;0;16;0;7;5;A01
201000034502;0;7;0;16;0;1;1;A01
201000034503;0;33;0;16;0;8;21;A01
201000034504;0;7;0;9;0;3;1;A01
201000034505;0;7;0;0;2;1;15;B01
201000034505;0;2;0;0;2;1;1;A01
201000034506;0;2;0;0;2;4;1;A01
201000034506;0;7;0;0;2;1;15;B01
201000034507;0;7;0;0;1;1;1;A01
201000034508;0;7;0;0;1;1;1;A01
201000034509;0;7;0;0;2;3;23;C01
201000034509;0;7;0;0;2;1;15;A01
201000034509;0;31;0;0;2;8;1;B01
201000034510;0;30;0;0;2;1;2;A01
201000034510;0;7;0;0;2;4;2;B01
201000034511;0;1;0;0;2;1;1;B01
201000034511;0;7;0;0;2;3;9;A01
201000034512;0;1;0;12;0;7;1;A01
201000034513;0;7;0;0;2;3;24;A01
201000034513;0;1;0;1;0;0;1;B01
201000034514;0;7;0;0;1;1;16;A01
201000034514;0;1;0;0;2;0;1;B01
201000034515;0;1;0;16;0;1;1;A01
201000034516;0;7;0;0;2;1;1;A01
201000034516;0;7;0;0;2;4;23;B01
201000034517;0;7;0;0;2;5;1;C01
201000034517;0;1;0;0;2;7;19;A01
201000034517;0;7;0;0;2;1;1;B01
201000034518;0;7;0;1;2;7;1;B01
201000034518;0;30;0;0;2;1;15;A01
201000034519;0;33;0;0;6;7;1;A01
201000034520;0;7;0;0;2;3;1;C01
201000034520;0;7;0;0;2;1;1;A01
201000034520;0;7;0;0;2;3;1;B01
201000034521;2;7;0;3;0;9;1;A01
201000034522;0;33;0;16;0;8;1;A01
201000034523;0;7;0;16;0;9;1;A01
201000034524;0;7;0;0;2;2;1;B01
201000034524;0;7;0;2;2;1;18;A01
201000034525;0;33;0;16;0;3;1;A01
201000034526;0;37;0;0;1;2;1;A01
201000034527;0;1;0;0;2;3;19;B01
201000034527;0;7;0;0;2;0;1;A01
201000034528;0;7;0;0;2;1;17;A01
201000034528;0;17;0;0;2;8;1;C01
201000034528;0;7;0;0;2;1;1;B01
201000034529;0;1;0;1;0;1;1;B01
201000034529;0;7;0;0;2;8;24;A01
201000034530;0;30;0;0;0;1;1;A01
201000034531;0;7;0;6;0;1;1;A01
201000034532;0;7;0;0;2;1;9;B01
201000034532;0;7;0;0;2;8;9;A01
201000034533;0;2;0;0;0;7;1;A01
201000034534;0;7;0;0;1;3;1;A01
201000034535;0;3;0;15;0;1;1;A01
201000034536;0;7;0;0;2;0;1;B01
201000034536;0;30;0;0;2;1;1;A01
201000034537;0;7;0;0;1;2;1;A01
201000034538;0;1;0;0;0;1;1;A01
201000034539;0;30;0;0;2;1;1;A01
201000034539;0;7;0;0;2;8;1;B01
201000034540;0;33;0;14;0;1;1;A01
201000034541;0;7;0;16;0;1;1;A01
201000034542;0;1;0;0;2;1;1;B01
201000034542;0;7;0;0;2;2;15;A01
201000034543;0;7;0;0;2;4;2;C01
201000034543;0;7;0;0;2;1;2;A01
201000034543;0;7;0;1;2;9;2;B01
201000034544;0;7;0;0;2;1;17;A01
201000034544;0;1;0;0;2;5;15;B01
201000034545;0;7;0;0;2;1;9;A01
201000034545;0;2;0;0;2;7;1;B01
201000034546;0;7;0;0;2;7;15;A01
201000034546;0;33;0;0;2;1;1;B01
201000034547;0;1;0;0;2;1;1;B01
201000034547;0;7;0;0;2;1;9;A01
201000034548;0;7;0;0;2;4;16;A01
201000034548;0;37;0;0;2;3;1;B01
201000034549;0;7;0;0;2;5;2;B01
201000034549;0;3;0;0;2;1;2;A01
201000034550;0;30;0;16;0;0;1;A01
201000034551;0;33;0;16;0;3;1;A01
201000034552;0;7;0;9;0;1;1;A01
201000034553;0;7;0;0;2;1;9;A01
201000034553;0;2;0;0;2;1;1;B01
201000034554;0;30;0;0;2;1;1;A01
201000034555;0;7;0;5;0;1;1;A01
201000034556;0;7;0;16;0;1;1;A01
201000034557;0;7;0;0;1;0;23;A01
201000034557;0;7;0;0;1;0;23;B01
201000034558;0;7;0;0;2;6;2;B01
201000034558;0;33;0;0;2;1;2;A01
201000034559;0;1;0;0;2;1;1;B01
201000034559;0;7;0;0;2;3;19;A01
201000034560;0;33;0;15;0;1;1;A01
201000034561;0;7;0;0;1;1;1;A01
201000034562;0;7;0;0;2;7;1;A01
201000034562;0;2;0;0;2;1;1;B01
201000034563;0;7;0;0;2;1;1;B01
201000034563;0;7;0;0;2;1;6;A01
201000034564;0;37;0;0;1;0;1;A01
201000034565;0;7;0;16;0;9;1;A01
201000034566;0;7;0;0;1;1;1;A01
201000034567;0;2;0;16;0;1;1;A01
201000034568;0;7;0;0;2;2;15;A01
201000034568;0;7;0;0;2;1;1;B01
201000034569;0;33;0;0;0;0;1;A01
201000034570;0;7;0;0;1;1;1;A01
201000034571;0;7;0;0;0;0;23;B01
201000034571;0;2;0;0;0;0;1;A01
201000034572;0;30;0;16;0;7;16;A01
201000034573;0;7;0;0;2;0;9;A01
201000034573;0;2;0;0;2;1;1;B01
201000034574;0;7;0;4;0;1;1;A01
201000034575;0;7;0;0;2;1;15;A01
201000034575;0;1;0;0;2;8;1;B01
201000034576;0;1;0;16;0;0;1;A01
201000034577;0;10;0;0;2;8;20;A01
201000034577;0;2;0;0;2;1;1;B01
201000034578;0;30;0;16;0;8;1;A01
201000034579;0;7;0;0;2;6;11;B01
201000034579;0;33;0;0;2;1;12;A01
201000034580;0;7;0;0;2;1;2;A01
201000034580;0;7;0;0;2;4;2;B01
201000034581;0;2;0;0;2;2;17;B01
201000034581;0;7;0;0;2;3;15;A01
201000034582;0;7;0;0;2;4;23;C01
201000034582;0;7;0;0;2;4;23;B01
201000034582;0;10;0;1;0;9;1;A01
201000034583;0;33;0;12;0;1;9;A01
201000034584;0;1;0;14;0;1;1;A01
201000034585;0;7;0;0;1;1;1;A01
201000034586;0;7;0;0;2;1;9;A01
201000034586;0;7;0;0;2;5;1;B01
201000034587;0;37;0;0;2;2;1;B01
201000034587;0;7;0;0;2;1;9;A01
201000034588;0;7;0;0;2;6;23;B01
201000034588;0;33;0;0;2;2;1;A01
201000034589;0;7;0;0;0;0;1;A01
201000034590;0;10;0;0;2;6;1;B01
201000034590;0;7;0;0;2;1;1;A01
201000034591;0;7;0;3;0;1;1;A01
201000034592;0;7;0;0;2;4;2;C01
201000034592;0;7;0;0;2;1;2;A01
201000034592;0;7;0;0;2;4;2;B01
201000034593;0;37;1;0;1;7;1;A01
201000034594;0;2;0;0;1;7;1;A01
201000034595;0;7;0;5;0;1;1;A01
201000034596;0;30;0;16;0;6;1;A01
201000034597;0;7;0;0;1;7;1;A01
201000034598;0;33;0;16;0;8;1;A01
201000034599;0;1;0;0;2;4;5;A01
201000034599;0;7;0;0;2;3;15;B01
201000034600;0;30;0;0;1;1;1;A01
201000034601;0;30;0;0;2;3;1;B01
201000034601;0;7;0;0;2;6;9;A01
201000034602;0;7;0;0;2;1;2;A01
201000034602;0;7;0;0;2;4;2;C01
201000034602;0;7;0;0;2;1;2;B01
201000034603;0;7;0;0;2;1;15;A01
201000034603;0;31;0;0;2;0;1;B01
201000034604;0;10;0;0;1;5;4;A01
201000034605;0;2;0;12;0;0;9;A01
201000034606;0;1;0;14;0;1;1;A01
201000034607;0;7;0;1;0;1;1;A01
201000034608;0;7;0;0;2;4;1;B01
201000034608;0;7;0;2;2;1;1;A01
201000034609;0;7;0;16;0;1;1;A01
201000034610;0;7;0;0;1;7;1;A01
201000034611;0;7;0;0;1;1;15;A01
201000034612;0;7;0;1;1;1;1;A01
201000034613;0;7;0;16;0;1;1;A01
201000034614;0;1;0;16;0;0;1;A01
201000034615;0;30;0;16;0;8;1;A01
201000034616;0;30;0;16;0;8;1;A01
201000034617;0;7;0;4;0;1;1;A01
201000034618;0;7;0;0;2;1;1;A01
201000034618;0;7;0;0;2;6;15;B01
201000034619;0;7;0;4;0;2;1;A01
201000034620;0;7;0;3;0;1;1;A01
201000034621;0;7;0;0;1;2;1;A01
201000034622;0;7;0;0;1;3;1;A01
201000034623;0;7;0;0;2;1;15;B01
201000034623;0;7;0;0;2;7;1;A01
201000034624;0;7;0;0;1;4;23;A01
201000034625;0;1;0;16;0;1;1;A01
201000034626;0;7;0;4;0;9;1;A01
201000034627;0;7;0;0;2;1;2;A01
201000034627;0;7;0;0;2;4;2;B01
201000034628;0;7;0;0;2;1;1;B01
201000034628;0;7;0;0;2;1;5;A01
201000034628;0;7;0;6;0;7;1;D01
201000034628;0;7;0;0;2;1;1;C01
201000034629;0;7;0;0;1;1;1;A01
201000034630;0;7;0;0;2;1;23;B01
201000034630;0;2;0;0;2;1;15;A01
201000034631;0;7;0;0;2;0;1;A01
201000034631;0;33;0;1;2;1;2;B01
201000034632;0;7;0;2;0;1;1;A01
201000034633;0;1;0;0;0;0;1;A01
201000034634;0;7;0;0;2;2;16;A01
201000034634;0;2;0;0;2;1;7;B01
201000034635;0;2;0;0;0;0;1;A01
201000034636;0;30;0;0;2;1;1;B01
201000034636;0;7;0;0;2;7;16;A01
201000034637;0;7;0;0;2;1;1;B01
201000034637;0;2;0;0;2;5;15;A01
201000034638;0;7;0;0;1;6;1;B01
201000034638;0;2;0;0;2;1;1;A01
201000034639;0;7;0;0;1;1;1;A01
201000034640;0;10;0;0;1;1;10;A01
201000034641;0;7;0;0;2;1;9;A01
201000034641;0;30;0;0;2;1;1;B01
201000034642;0;2;0;16;0;7;1;A01
201000034643;0;30;0;1;0;1;1;A01
201000034644;0;7;0;0;2;1;9;A01
201000034644;0;2;0;0;2;7;1;B01
201000034645;0;7;0;0;2;5;1;A01
201000034645;0;33;0;0;2;1;1;B01
201000034646;0;7;0;0;2;1;1;A01
201000034646;0;7;0;0;2;4;1;B01
201000034647;0;7;0;0;2;2;9;A01
201000034647;0;7;0;0;2;3;1;C01
201000034647;0;7;0;0;2;1;1;B01
201000034648;0;7;0;0;2;4;1;B01
201000034648;0;14;0;0;2;1;1;A01
201000034649;0;7;0;0;2;4;1;B01
201000034649;0;30;0;0;2;1;1;A01
201000034650;0;7;0;0;2;8;1;B01
201000034650;0;38;0;0;2;1;15;A01
201000034651;0;7;0;0;1;1;1;A01
201000034652;0;7;0;0;1;4;4;A01
201000034653;0;7;0;0;2;3;9;A01
201000034653;0;7;0;0;2;1;1;B01
201000034654;0;33;0;5;0;2;1;A01
201000034655;0;7;0;0;0;0;15;A01
201000034655;0;31;0;15;0;1;1;B01
201000034656;0;7;0;0;2;1;9;A01
201000034656;0;33;0;0;2;2;1;B01
201000034657;0;7;0;0;2;5;4;A01
201000034657;0;32;0;0;2;2;1;B01
201000034658;0;1;0;0;2;1;13;A01
201000034658;0;7;0;0;2;1;1;B01
201000034659;0;7;0;0;2;5;16;A01
201000034659;0;2;0;0;2;1;1;B01
201000034660;0;30;0;0;2;1;1;B01
201000034660;0;7;0;0;2;6;9;A01
201000034661;0;33;0;16;0;1;1;A01
201000034662;0;33;0;0;2;1;1;A01
201000034662;0;7;0;0;2;1;1;B01
201000034662;0;7;0;0;2;4;1;C01
201000034663;0;2;0;0;2;1;1;A01
201000034663;0;7;0;0;2;4;1;B01
201000034664;0;7;0;0;2;7;1;A01
201000034664;0;7;0;0;2;1;1;B01
201000034665;0;7;0;0;2;1;1;A01
201000034665;0;7;0;0;2;3;1;B01
201000034666;1;7;0;0;0;0;9;A01
201000034666;0;10;0;8;0;1;1;B01
201000034667;0;7;0;0;2;2;23;C01
201000034667;0;7;0;0;2;4;1;B01
201000034667;0;7;0;0;2;1;1;A01
201000034668;0;14;0;0;2;4;23;B01
201000034668;0;7;0;14;0;1;1;C01
201000034668;0;10;0;0;2;9;1;A01
201000034669;0;7;0;0;2;1;9;A01
201000034669;0;1;0;0;2;1;1;B01
201000034670;0;7;0;11;0;1;1;A01
201000034671;0;30;0;0;1;1;1;A01
201000034671;0;7;0;0;2;4;1;B01
201000034672;0;1;0;0;2;1;1;B01
201000034672;0;7;0;0;2;3;9;A01
201000034673;1;7;0;0;1;1;1;A01
201000034674;0;7;0;0;2;1;1;A01
201000034674;0;7;0;0;2;4;1;B01
201000034675;0;7;0;0;2;6;11;A01
201000034675;0;33;0;0;2;1;1;B01
201000034676;0;7;0;0;1;1;1;A01
201000034677;0;7;0;8;0;1;1;A01
201000034678;0;33;0;16;0;1;1;A01
201000034679;0;7;0;1;0;9;1;A01
201000034680;0;2;0;0;2;1;1;A01
201000034680;0;7;0;0;2;3;15;B01
201000034681;0;30;0;0;2;7;1;B01
201000034681;0;7;0;0;2;1;9;A01
201000034682;0;30;0;0;2;7;1;B01
201000034682;0;7;0;0;2;1;9;A01
201000034683;0;30;0;16;0;7;1;A01
201000034684;0;7;0;0;2;1;1;B01
201000034684;0;7;0;0;2;4;1;C01
201000034684;0;10;0;0;2;1;1;A01
201000034685;0;7;0;0;1;1;1;A01
201000034686;0;7;0;0;0;1;1;B01
201000034686;0;10;0;0;2;4;1;C01
201000034686;0;10;0;0;2;1;1;A01
201000034687;0;10;0;0;2;1;1;A01
201000034687;0;7;0;0;2;4;1;B01
201000034688;0;7;0;0;2;4;1;B01
201000034688;0;7;0;0;2;1;1;A01
201000034689;0;30;0;0;2;1;1;A01
201000034689;0;7;0;0;2;3;1;B01
201000034690;0;7;0;0;2;4;1;B01
201000034690;0;2;0;0;2;1;1;A01
201000034691;0;7;0;0;2;4;1;B01
201000034691;0;10;0;0;2;1;1;A01
201000034691;0;7;0;0;2;4;1;C01
201000034691;0;7;0;0;2;4;1;E01
201000034691;0;7;0;0;2;4;1;D01
201000034692;0;7;0;0;1;1;15;A01
201000034693;0;7;0;0;2;1;9;A01
201000034693;0;7;0;0;2;3;1;B01
201000034694;0;7;0;0;2;4;1;B01
201000034694;0;30;0;0;2;1;1;A01
201000034695;0;7;0;0;1;1;1;A01
201000034696;0;7;0;0;2;7;1;B01
201000034696;0;7;0;0;2;1;1;A01
201000034697;0;7;0;0;2;1;1;B01
201000034697;0;10;0;0;2;4;1;C01
201000034697;0;7;0;0;2;1;1;A01
201000034698;0;7;0;0;1;1;1;A01
201000034699;0;7;0;0;2;1;1;A01
201000034699;0;7;0;0;2;1;1;C01
201000034699;0;7;0;0;2;1;1;B01
201000034700;0;7;0;0;2;1;13;A01
201000034700;0;7;0;0;2;1;1;B01
201000034701;0;7;0;0;2;8;1;B01
201000034701;0;7;0;0;2;3;1;A01
201000034702;0;7;0;0;2;3;1;B01
201000034702;0;30;0;0;2;1;1;A01
201000034703;0;7;0;0;2;8;1;B01
201000034703;0;7;0;0;2;1;1;A01
201000034704;0;7;0;0;2;7;1;B01
201000034704;0;7;0;0;2;1;9;A01
201000034705;0;7;0;2;0;9;1;A01
201000034706;0;30;0;0;2;8;1;B01
201000034706;0;7;0;0;2;1;15;A01
201000034707;0;7;0;0;2;2;5;A01
201000034707;0;7;0;0;2;1;1;B01
201000034708;0;7;0;0;2;1;9;A01
201000034708;0;7;0;0;2;7;1;B01
201000034709;0;7;0;0;0;0;1;A01
201000034710;0;7;0;0;0;2;1;A01
201000034711;0;7;0;0;1;3;1;A01
201000034712;0;7;0;1;0;3;0;A01
201000034713;0;7;0;0;2;7;19;A01
201000034713;0;7;0;0;2;1;1;B01
201000034714;0;7;0;0;1;2;1;A01
201000034715;0;7;0;0;2;1;1;B01
201000034715;0;7;0;0;0;3;9;A01
201000034716;0;2;0;0;0;0;0;A01
201000034717;0;7;0;0;0;3;1;A01
201000034718;0;30;0;0;9;1;5;A01
201000034719;0;30;0;0;0;0;1;A01
201000034720;0;7;0;0;2;2;1;A01
201000034720;0;1;0;0;0;5;1;B01
201000034721;0;30;0;0;2;1;2;A01
201000034721;0;7;0;0;2;8;15;B01
201000034722;0;7;0;0;0;2;16;A01
201000034722;0;30;0;0;0;7;13;B01
201000034723;0;7;0;0;2;1;1;A01
201000034723;0;7;0;0;0;4;1;B01
201000034724;0;10;0;14;0;1;1;A01
201000034724;0;7;0;0;0;4;23;B01
201000034725;0;7;0;0;2;2;19;A01
201000034725;0;2;0;0;2;1;1;B01
201000034726;0;7;0;0;0;9;1;A01
201000034727;0;7;0;0;2;3;1;A01
201000034727;0;7;0;0;2;3;1;B01
201000034728;0;2;0;0;0;0;1;A01
201000034729;0;7;0;0;2;3;16;A01
201000034729;0;2;0;0;2;2;1;B01
201000034730;0;30;0;0;0;0;2;A01
201000034731;0;7;0;0;1;4;4;A01
201000034732;0;7;0;0;0;2;5;A01
201000034732;0;7;0;0;0;2;1;B01
201000034732;0;7;0;0;0;2;1;C01
201000034733;0;2;0;0;0;2;1;A01
201000034734;0;1;0;0;1;0;1;A01
201000034735;0;30;0;0;0;8;1;A01
201000034736;0;30;0;0;0;0;1;A01
201000034737;0;30;0;0;0;8;1;A01
201000034738;0;7;0;0;0;2;1;A01
201000034738;0;1;0;0;0;8;1;B01
201000034739;0;7;0;0;0;9;2;A01
201000034740;0;7;0;0;2;2;2;A01
201000034740;0;7;0;0;2;6;1;B01
201000034741;0;7;0;0;2;5;15;A01
201000034741;0;1;0;0;2;1;1;B01
201000034742;0;30;0;0;1;1;0;A01
201000034743;0;30;0;0;1;1;1;A01
201000034744;0;2;0;0;1;1;1;A01
201000034745;0;1;0;0;0;1;15;B01
201000034745;0;7;0;0;0;3;1;A01
201000034746;0;1;0;0;0;0;0;A01
201000034747;0;30;0;0;0;0;0;A01
201000034748;0;2;0;14;0;1;0;A01
201000034749;0;7;0;0;2;8;15;A01
201000034749;0;7;0;0;2;3;1;B01
201000034750;0;7;0;0;2;2;1;B01
201000034750;0;7;0;0;2;3;9;A01
201000034751;0;15;0;0;0;0;1;A01
201000034752;0;1;0;0;0;0;1;A01
201000034753;0;7;0;0;0;2;16;A01
201000034753;0;30;0;0;2;1;18;B01
201000034754;0;2;0;0;0;1;0;A01
201000034755;0;7;0;0;2;6;1;A01
201000034755;0;33;0;0;2;1;1;B01
201000034756;0;2;0;0;2;1;2;A01
201000034756;0;7;0;0;2;4;2;B01
201000034757;0;7;0;0;0;4;1;B01
201000034757;0;7;0;0;0;1;2;A01
201000034758;0;7;0;0;0;4;1;B01
201000034758;0;33;0;0;2;1;1;A01
201000034759;0;1;0;0;0;0;0;A01
201000034760;0;2;0;0;0;0;2;A01
201000034761;0;7;0;0;0;9;0;A01
201000034762;0;33;0;0;0;1;1;A01
201000034763;0;1;0;0;0;0;2;A01
201000034764;0;7;0;8;0;2;1;A01
201000034765;0;30;0;0;2;1;2;B01
201000034765;0;2;0;0;2;4;2;A01
201000034766;0;7;0;6;0;3;1;A01
201000034767;0;7;0;0;0;2;1;A01
201000034768;0;31;0;0;0;1;1;A01
201000034769;0;10;0;0;9;1;2;A01
201000034769;0;1;0;0;0;4;2;B01
201000034770;0;7;0;0;0;5;20;A01
201000034770;0;33;0;0;2;1;20;B01
201000034771;0;1;0;0;2;4;1;B01
201000034771;1;10;0;0;2;0;0;A01
201000034772;0;2;0;0;9;0;0;B01
201000034772;0;1;0;0;2;0;1;A01
201000034773;0;1;0;2;0;1;0;A01
201000034774;0;7;0;0;2;1;13;A01
201000034774;0;7;0;0;2;1;1;B01
201000034775;0;7;0;0;2;2;1;A01
201000034775;0;2;0;0;2;7;2;B01
201000034776;0;30;0;0;0;0;1;A01
201000034777;0;30;0;0;2;1;0;A01
201000034777;0;7;0;0;0;2;2;B01
201000034778;0;2;0;0;2;1;19;A01
201000034778;0;7;0;0;2;1;1;B01
201000034779;0;7;0;0;2;3;1;B01
201000034779;0;7;0;0;2;3;10;A01
201000034780;0;7;0;0;0;4;2;A01
201000034780;0;7;0;0;0;1;2;B01
201000034781;0;7;0;0;0;4;1;B01
201000034781;0;2;0;0;0;1;2;A01
201000034782;0;7;0;3;0;1;12;A01
201000034783;0;7;0;0;2;1;1;B01
201000034783;0;7;0;0;2;8;1;C01
201000034783;0;7;0;0;2;6;9;A01
201000034784;0;10;0;0;2;2;5;A01
201000034784;0;10;0;0;2;2;1;B01
201000034785;0;1;0;0;0;1;1;B01
201000034785;0;7;0;1;0;8;0;A01
201000034786;0;10;0;0;0;3;1;B01
201000034786;0;2;0;0;2;1;1;A01
201000034787;0;2;0;0;0;7;1;A01
201000034788;0;7;0;0;2;4;2;B01
201000034788;0;7;0;0;2;4;2;C01
201000034788;0;7;0;0;2;1;2;A01
201000034789;0;7;0;0;2;5;10;A01
201000034789;0;2;0;0;2;1;1;B01
201000034790;0;7;0;0;2;1;1;A01
201000034790;0;2;0;0;2;1;0;B01
201000034791;0;1;0;0;0;0;1;A01
201000034792;0;7;0;14;0;1;1;A01
201000034793;0;7;0;0;2;3;1;B01
201000034793;0;7;0;0;2;3;0;A01
201000034794;0;7;0;0;2;1;2;A01
201000034794;0;7;0;0;0;4;2;B01
201000034795;0;7;0;0;2;1;1;B01
201000034795;0;7;0;0;2;1;1;C01
201000034795;0;7;0;0;0;3;5;A01
201000034796;0;7;0;0;2;1;1;B01
201000034796;0;7;0;0;2;8;15;A01
201000034797;0;7;0;6;0;1;14;A01
201000034798;0;30;0;0;0;7;1;A01
201000034799;1;7;0;0;2;4;0;Z01
201000034799;0;30;0;0;2;1;1;B01
201000034800;0;7;0;0;2;3;9;A01
201000034800;0;33;0;0;2;1;1;B01
201000034801;0;30;0;0;2;1;1;B01
201000034801;0;7;0;0;2;3;15;A01
201000034802;0;30;0;0;2;3;15;A01
201000034802;0;32;0;0;2;1;17;B01
201000034803;0;7;0;0;2;1;5;A01
201000034803;0;7;0;0;2;3;1;D01
201000034803;0;7;0;0;2;3;1;C01
201000034803;0;7;0;0;2;3;17;B01
201000034804;0;7;0;0;2;1;13;A01
201000034804;0;7;0;0;2;1;1;B01
201000034805;0;7;0;0;2;1;15;A01
201000034805;0;33;0;0;2;1;1;B01
201000034806;0;7;0;0;1;1;16;A01
201000034807;0;7;0;0;2;1;1;A01
201000034807;0;10;0;0;2;3;23;C01
201000034807;0;7;0;0;2;1;1;B01
201000034808;0;10;0;0;2;1;13;A01
201000034808;0;7;0;0;2;1;1;B01
201000034809;0;7;0;13;0;9;14;A01
201000034810;0;33;0;14;2;1;1;A01
201000034810;0;7;0;0;2;1;1;B01
201000034811;0;10;0;0;2;3;1;B01
201000034811;0;7;0;0;2;2;1;A01
201000034812;0;7;0;0;2;8;20;A01
201000034812;0;30;0;0;2;1;1;B01
201000034813;0;7;0;0;1;3;1;A01
201000034814;0;7;0;0;2;1;2;A01
201000034814;0;7;0;0;2;4;23;C01
201000034814;0;7;0;0;2;4;23;B01
201000034815;0;7;0;0;2;1;1;A01
201000034815;0;30;0;0;2;4;1;B01
201000034816;0;30;0;0;2;1;9;A01
201000034816;0;7;0;0;2;3;1;B01
201000034817;0;30;0;0;2;1;1;A01
201000034817;0;7;0;0;2;3;15;B01
201000034818;0;7;0;0;2;1;15;A01
201000034818;0;2;0;0;2;1;1;B01
201000034819;0;7;0;0;2;3;15;A01
201000034819;0;7;0;0;2;3;1;B01
201000034820;0;7;0;0;2;4;1;B01
201000034820;0;7;0;0;2;1;2;A01
201000034821;0;7;0;13;0;3;13;A01
201000034822;0;7;0;0;2;7;1;B01
201000034822;0;7;0;0;2;1;9;A01
201000034823;0;7;0;15;0;2;14;A01
201000034824;0;7;0;0;1;1;1;A01
201000034825;0;7;0;0;1;4;4;A01
201000034826;0;7;0;0;2;3;2;A01
201000034826;0;7;0;0;2;4;23;B01
201000034827;0;30;0;8;0;1;14;A01
201000034828;0;7;0;0;2;4;23;C01
201000034828;0;7;0;0;2;4;23;D01
201000034828;0;7;0;0;2;1;2;A01
201000034828;0;7;0;0;2;4;23;B01
201000034829;0;7;0;0;2;5;1;B01
201000034829;0;37;1;0;2;3;1;A01
201000034830;0;7;0;0;2;2;1;B01
201000034830;0;7;0;0;2;1;19;A01
201000034831;0;7;0;0;1;1;1;A01
201000034832;0;7;0;13;0;1;13;A01
201000034833;0;1;0;0;2;4;11;A01
201000034833;0;37;1;0;2;2;1;B01
201000034834;0;7;0;0;1;3;1;A01
201000034835;0;7;0;0;2;0;15;A01
201000034835;0;30;0;16;0;8;1;B01
201000034836;0;7;0;0;2;2;19;A01
201000034836;0;33;0;0;2;1;1;B01
201000034837;0;7;0;0;2;6;10;B01
201000034837;0;31;0;0;2;1;1;A01
201000034838;0;7;0;0;1;0;4;A01
201000034839;0;7;0;0;2;1;1;A01
201000034839;0;30;0;0;2;1;13;B01
201000034840;0;30;0;0;2;1;1;A01
201000034840;0;7;0;0;2;1;1;B01
201000034841;0;7;0;0;2;1;17;A01
201000034841;0;1;0;0;2;3;1;B01
201000034842;0;10;0;6;0;3;6;A01
201000034843;0;2;0;0;1;1;1;A01
201000034844;0;7;0;0;1;1;1;A01
201000034845;0;10;0;0;2;2;2;A01
201000034845;0;33;0;0;2;4;2;B01
201000034846;0;7;0;0;2;8;10;B01
201000034846;0;33;0;0;2;1;1;A01
201000034847;0;30;0;0;0;0;1;A01
201000034848;0;33;0;0;2;1;17;A01
201000034848;0;7;0;0;2;3;15;B01
201000034849;0;34;0;0;0;0;1;A01
201000034850;0;3;0;12;0;1;14;A01
201000034851;0;7;0;0;2;1;2;A01
201000034851;0;7;0;0;2;4;2;D01
201000034851;0;7;0;0;2;4;2;B01
201000034851;0;7;0;0;2;4;2;C01
201000034852;0;7;0;0;2;4;1;C01
201000034852;0;7;0;0;2;1;1;A01
201000034852;0;7;0;0;2;1;1;B01
201000034853;0;7;0;13;0;7;14;A01
201000034854;0;7;0;0;2;5;15;A01
201000034854;0;7;0;0;2;1;1;B01
201000034855;0;2;0;12;0;1;1;A01
201000034856;0;1;0;0;2;7;9;A01
201000034856;0;7;0;0;2;1;1;B01
201000034857;0;7;0;0;1;4;20;A01
201000034858;0;7;0;0;2;4;2;B01
201000034858;0;33;0;0;2;1;2;A01
201000034859;0;2;0;0;2;1;10;A01
201000034859;0;7;0;0;2;2;17;B01
201000034860;0;7;0;0;2;3;10;A01
201000034860;0;33;0;0;2;1;17;B01
201000034861;0;7;0;6;0;2;14;A01
201000034862;0;7;0;0;2;1;1;A01
201000034862;0;7;0;0;2;8;23;C01
201000034862;0;7;0;0;2;1;15;B01
201000034863;0;7;0;0;2;4;2;B01
201000034863;0;7;0;0;2;1;2;A01
201000034864;0;7;0;0;2;1;16;B01
201000034864;0;1;0;0;2;1;0;A01
201000034865;0;7;0;15;0;1;13;A01
201000034866;0;7;0;0;2;1;1;B01
201000034866;0;7;0;0;2;2;15;A01
201000034867;0;7;0;0;1;3;15;A01
201000034868;0;7;0;0;2;4;1;B01
201000034868;0;7;0;0;2;1;1;A01
201000034868;0;7;0;0;2;4;1;C01
201000034869;0;30;0;0;2;1;9;A01
201000034869;0;7;0;0;2;2;1;B01
201000034870;0;7;0;13;0;9;14;A01
201000034871;0;7;0;1;2;2;17;A01
201000034871;0;7;0;1;2;7;20;B01
201000034872;1;15;0;0;1;6;15;Z01
201000034873;0;7;0;0;2;4;2;B01
201000034873;0;7;0;0;2;4;2;E01
201000034873;0;7;0;0;2;4;2;D01
201000034873;0;7;0;0;2;1;2;A01
201000034873;0;7;0;0;2;4;2;C01
201000034874;0;33;0;1;0;3;13;A01
201000034875;0;30;0;16;0;0;1;A01
201000034876;0;7;0;0;2;3;1;B01
201000034876;0;3;0;0;2;1;1;A01
201000034877;0;2;0;0;0;0;1;A01
201000034878;0;7;0;0;1;7;1;A01
201000034879;0;30;0;0;0;0;1;A01
201000034880;0;30;0;16;0;8;1;A01
201000034881;0;7;0;3;2;4;13;A01
201000034881;0;7;0;3;2;1;1;B01
201000034882;0;7;0;0;2;4;1;C01
201000034882;0;3;0;0;2;4;1;B01
201000034882;0;7;0;0;2;1;1;A01
201000034883;0;7;0;0;2;1;14;A01
201000034883;0;7;0;0;2;8;1;B01