num_acc;senc;catv;occutc;obs;obsm;choc;manv;num_veh
201000034883;0;7;0;0;0;0;9;C01
201000034884;0;7;0;13;0;2;14;A01
201000034885;0;34;0;0;1;1;1;A01
201000034886;0;7;0;0;2;1;9;A01
201000034886;0;2;0;0;2;2;1;B01
201000034887;0;30;0;0;5;1;1;B01
201000034888;0;7;0;0;1;7;1;B01
201000034889;0;10;0;0;2;2;1;B01
201000034889;0;7;0;3;2;3;11;A01
201000034890;0;7;0;0;2;1;15;A01
201000034890;0;30;0;0;2;1;1;B01
201000034891;0;7;0;0;2;1;13;A01
201000034891;0;7;0;0;2;1;1;B01
201000034892;0;1;0;0;2;7;1;B01
201000034892;0;7;0;0;2;0;15;A01
201000034893;0;1;0;16;0;0;1;A01
201000034894;0;7;0;0;2;1;2;A01
201000034894;0;31;0;0;2;4;23;B01
201000034895;0;7;0;0;2;3;1;B01
201000034895;0;7;0;0;2;7;17;A01
201000034896;0;7;0;14;0;1;1;A01
201000034897;1;7;0;0;0;0;16;Z01
201000034897;0;30;0;16;0;0;1;B01
201000034898;0;3;0;0;1;1;1;A01
201000034899;0;30;0;0;2;4;1;B01
201000034899;1;7;0;0;2;1;1;Z01
201000034900;0;33;0;0;0;0;1;A01
201000034901;0;30;0;0;2;1;17;A01
201000034901;0;7;0;0;2;3;15;B01
201000034902;0;30;0;0;0;0;1;A01
201000034903;0;7;0;0;2;2;15;A01
201000034903;0;33;0;0;2;1;1;B01
201000034904;0;2;0;0;2;7;17;A01
201000034904;0;7;0;0;2;8;15;B01
201000034905;0;31;0;0;2;4;2;B01
201000034905;0;7;0;0;2;1;2;A01
201000034906;0;7;0;9;0;1;14;A01
201000034907;0;30;0;0;0;0;1;A01
201000034908;0;1;0;0;0;0;1;A01
201000034909;0;7;0;0;1;1;15;A01
201000034910;0;30;0;12;0;1;14;A01
201000034911;0;30;0;0;0;7;1;A01
201000034912;0;7;0;0;2;2;1;B01
201000034912;0;30;0;0;2;3;9;A01
201000034913;0;30;0;0;0;0;1;A01
201000034914;0;7;0;6;0;1;13;A01
201000034915;0;7;0;0;1;2;9;A01
201000034916;0;3;0;1;0;4;4;A01
201000034917;0;7;0;0;2;2;1;B01
201000034917;0;7;0;0;2;7;15;A01
201000034918;0;7;0;0;1;2;1;A01
201000034919;0;7;0;0;2;5;15;A01
201000034919;0;31;0;0;2;1;1;B01
201000034920;0;33;0;14;0;0;1;A01
201000034921;0;30;0;0;0;7;1;A01
201000034922;0;7;0;0;2;3;15;A01
201000034922;0;30;0;0;2;1;1;B01
201000034923;0;30;0;12;0;1;13;A01
201000034924;0;7;0;0;2;3;1;A01
201000034924;0;30;0;0;2;1;1;B01
201000034925;0;7;0;0;2;1;2;A01
201000034925;0;33;0;0;2;4;23;B01
201000034925;0;33;0;0;2;4;23;C01
201000034926;0;7;0;0;1;4;4;A01
201000034927;0;30;0;0;0;1;1;A01
201000034928;0;10;0;0;2;1;13;A01
201000034928;0;7;0;0;2;1;1;B01
201000034929;0;7;0;8;0;1;14;A01
201000034930;0;30;0;0;1;1;17;A01
201000034931;0;33;0;0;0;0;1;A01
201000034931;0;7;0;0;0;0;9;B01
201000034932;0;7;0;0;2;1;1;A01
201000034932;0;7;0;0;2;4;1;C01
201000034932;0;7;0;0;2;4;1;B01
201000034933;0;7;0;0;1;1;1;A01
201000034934;0;7;0;3;0;1;14;A01
201000034935;0;33;0;0;2;1;1;B01
201000034935;0;7;0;0;2;3;9;A01
201000034936;0;7;0;0;2;1;1;A01
201000034936;0;30;0;0;2;4;23;B01
201000034937;0;7;0;0;2;1;2;A01
201000034937;0;7;0;0;2;4;2;B01
201000034938;0;7;0;0;2;4;23;C01
201000034938;0;7;0;0;2;1;1;A01
201000034938;0;7;0;0;2;4;23;B01
201000034939;0;7;0;0;2;4;2;B01
201000034939;0;15;0;0;2;1;2;A01
201000034940;0;33;0;0;1;1;1;A01
201000034941;0;7;0;0;1;3;15;A01
201000034942;0;7;0;0;2;1;1;B01
201000034942;0;7;0;4;2;8;13;A01
201000034943;0;7;0;0;2;9;7;A01
201000034943;0;7;0;0;2;1;7;B01
201000034944;0;30;0;16;0;1;1;A01
201000034945;0;7;0;0;2;4;23;B01
201000034945;0;30;0;0;2;1;2;A01
201000034946;0;30;0;0;2;1;1;B01
201000034946;0;7;0;0;2;2;15;A01
201000034947;0;7;0;0;2;8;1;B01
201000034947;0;30;0;0;2;1;1;A01
201000034948;0;7;0;0;2;1;1;A01
201000034948;0;7;0;0;2;2;1;B01
201000034949;0;7;0;8;0;3;14;A01
201000034950;0;31;0;14;0;1;14;A01
201000034951;0;30;0;0;2;1;1;B01
201000034951;0;7;0;0;2;3;9;A01
201000034952;0;7;0;0;1;1;1;A01
201000034953;0;1;0;14;0;2;1;A01
201000034954;0;7;0;0;1;2;1;A01
201000034955;1;7;0;0;1;1;1;A01
201000034956;0;30;0;14;0;1;1;A01
201000034957;0;7;0;12;2;1;1;A01
201000034957;0;7;0;0;2;8;1;B01
201000034958;0;7;0;6;0;1;1;A01
201000034959;0;30;0;6;0;1;14;A01
201000034960;0;7;0;0;0;0;10;A01
201000034960;0;30;0;14;0;0;1;B01
201000034961;0;30;0;16;0;8;1;A01
201000034962;0;10;0;0;1;3;9;A01
201000034963;0;30;0;0;0;1;16;A01
201000034964;0;10;0;0;2;3;9;A01
201000034964;0;7;0;0;2;5;1;B01
201000034965;0;7;0;6;0;3;13;A01
201000034966;0;30;0;0;2;1;1;A01
201000034966;0;7;0;0;2;4;1;B01
201000034966;0;7;0;0;2;3;1;C01
201000034967;0;7;0;0;2;3;1;C01
201000034967;0;30;0;0;2;1;2;A01
201000034967;0;7;0;0;2;3;23;B01
201000034968;0;36;0;0;0;0;15;A01
201000034969;0;30;0;0;2;1;2;A01
201000034969;0;37;1;0;2;4;2;B01
201000034970;0;7;0;0;1;2;15;A01
201000034971;0;7;0;0;1;1;9;A01
201000034972;0;7;0;0;1;2;15;A01
201000034973;0;7;0;0;2;1;1;A01
201000034974;0;30;0;0;2;2;17;A01
201000034974;0;30;0;0;2;8;1;B01
201000034975;0;33;0;0;0;2;1;B01
201000034975;0;7;0;0;0;0;14;A01
201000034976;0;7;0;0;1;3;1;A01
201000034977;0;7;0;0;1;3;1;A01
201000034978;0;7;0;0;1;1;16;A01
201000034979;0;30;0;0;2;1;1;B01
201000034979;0;7;0;0;2;1;15;A01
201000034980;0;7;0;0;2;1;1;B01
201000034980;0;7;0;0;2;6;1;A01
201000034981;0;30;0;0;2;7;9;C01
201000034981;0;30;0;0;2;1;9;A01
201000034981;0;7;0;0;2;3;1;B01
201000034982;0;30;0;11;0;1;13;A01
201000034983;0;7;0;0;2;8;13;A01
201000034983;0;33;0;0;2;7;1;B01
201000034984;0;7;0;0;2;1;1;B01
201000034984;0;7;0;0;2;8;15;A01
201000034985;0;7;0;0;2;1;15;A01
201000034985;0;1;0;0;2;3;1;B01
201000034986;0;30;0;0;2;0;1;B01
201000034986;1;7;0;0;2;0;1;Z01
201000034987;0;7;0;0;2;4;23;C01
201000034987;0;7;0;0;2;4;23;B01
201000034987;0;7;0;0;2;1;2;A01
201000034988;0;7;0;0;2;4;23;C01
201000034988;0;7;0;0;2;4;23;D01
201000034988;0;7;0;0;2;1;2;A01
201000034988;0;7;0;0;2;4;23;B01
201000034989;0;7;0;0;2;1;2;A01
201000034989;0;7;0;0;2;4;2;C01
201000034989;0;33;0;0;2;4;2;B01
201000034990;0;30;0;0;2;1;1;B01
201000034990;0;30;0;0;2;1;15;A01
201000034991;1;7;0;0;2;6;19;Z01
201000034991;0;30;0;0;2;1;1;B01
201000034992;0;30;0;0;2;1;17;A01
201000034992;0;7;0;0;2;3;15;B01
201000034993;0;7;0;0;2;7;1;A01
201000034993;0;7;0;0;2;2;21;B01
201000034994;0;30;0;0;2;6;1;A01
201000034994;1;7;0;0;2;6;1;Z01
201000034995;0;7;0;0;2;8;15;A01
201000034995;0;7;0;0;2;1;1;B01
201000034996;1;7;0;0;0;0;15;A01
201000034996;0;30;0;0;2;0;2;B01
201000034997;0;33;0;13;0;1;14;A01
201000034998;0;30;0;12;0;7;1;A01
201000034999;0;1;0;0;2;7;1;B01
201000034999;0;7;0;0;9;7;15;A01
201000035000;0;10;0;2;0;1;13;A01
201000035001;0;30;0;0;2;1;1;B01
201000035001;0;7;0;0;9;2;15;A01
201000035002;0;30;0;0;2;3;21;A01
201000035002;0;7;0;0;0;5;2;B01
201000035003;0;7;0;0;1;1;1;A01
201000035004;0;7;0;0;2;2;19;A01
201000035004;0;30;0;0;2;3;1;B01
201000035005;0;7;0;0;1;1;1;A01
201000035006;0;7;0;0;2;4;23;A01
201000035006;0;7;0;0;2;1;2;B01
201000035007;0;30;0;0;2;8;18;A01
201000035007;0;7;0;0;2;7;16;B01
201000035008;0;7;0;0;1;2;1;A01
201000035009;0;7;0;0;1;3;1;A01
201000035010;0;7;0;0;2;7;2;A01
201000035010;0;30;0;0;2;1;16;B01
201000035011;0;7;0;0;2;3;2;A01
201000035011;0;7;0;0;0;5;15;B01
201000035012;0;33;0;0;1;1;17;A01
201000035013;0;31;0;0;2;1;2;A01
201000035013;0;33;0;0;2;4;2;B01
201000035014;0;7;0;0;2;3;0;A01
201000035014;0;30;0;0;2;2;1;B01
201000035015;0;7;0;0;2;1;2;A01
201000035015;0;7;0;0;0;4;2;C01
201000035015;0;7;0;0;2;4;2;B01
201000035016;0;2;0;15;0;1;1;A01
201000035017;0;30;0;0;2;8;2;B01
201000035017;0;10;0;0;2;5;2;A01
201000035018;0;30;0;0;2;1;11;A01
201000035018;0;7;0;0;2;3;2;B01
201000035019;0;33;0;0;2;1;1;B01
201000035019;0;7;0;0;2;2;15;A01
201000035020;0;7;0;0;2;1;1;B01
201000035020;0;7;0;0;2;7;19;A01
201000035021;0;7;0;0;2;4;2;C01
201000035021;0;7;0;1;0;2;2;A01
201000035021;0;7;0;1;0;4;2;B01
201000035022;0;7;0;0;1;1;16;A01
201000035023;0;1;0;0;0;0;14;A01
201000035024;0;7;0;0;2;1;2;B01
201000035024;0;7;0;0;2;6;10;A01
201000035025;0;99;0;0;1;0;1;A01
201000035026;0;7;0;0;1;6;4;A01
201000035027;0;7;0;0;1;1;1;A01
201000035028;0;7;0;0;1;1;1;A01
201000035029;0;30;0;0;2;1;1;B01
201000035029;0;7;0;0;2;1;15;A01
201000035030;0;13;0;13;2;3;10;A01
201000035030;0;7;0;13;2;2;17;B01
201000035031;0;38;10;9;0;8;1;A01
201000035032;0;7;0;0;1;3;1;A01
201000035033;0;7;0;0;1;1;1;A01
201000035034;0;7;0;0;1;1;1;A01
201000035035;0;33;0;0;2;1;21;B01
201000035035;0;10;0;0;0;3;15;A01
201000035036;0;7;0;0;2;4;2;B01
201000035036;0;7;0;0;2;4;2;C01
201000035036;0;7;0;0;2;1;2;A01
201000035036;0;7;0;0;2;4;2;D01
201000035037;0;31;0;5;0;1;1;A01
201000035038;0;7;0;0;0;3;13;A01
201000035039;0;7;0;0;1;2;1;A01
201000035040;0;33;0;0;2;1;21;A01
201000035040;0;7;0;0;2;5;23;B01
201000035041;0;7;0;0;1;8;15;A01
201000035042;0;33;0;0;2;1;1;A01
201000035042;0;7;0;0;2;6;15;B01
201000035043;0;7;0;0;9;3;1;A01
201000035043;0;1;0;0;2;4;1;B01
201000035044;0;10;0;0;2;8;1;B01
201000035044;0;7;0;13;2;1;19;A01
201000035045;0;7;0;0;1;3;15;A01
201000035046;0;7;0;0;2;8;19;A01
201000035046;0;33;0;0;2;1;1;B01
201000035047;0;7;0;13;0;9;1;A01
201000035048;0;3;0;0;2;3;15;A01
201000035048;0;7;0;0;2;2;1;B01
201000035049;0;7;0;0;2;1;13;A01
201000035049;0;7;0;0;2;1;1;B01
201000035050;0;33;0;0;2;1;17;B01
201000035050;0;7;0;0;0;3;15;A01
201000035051;0;7;0;0;1;2;1;A01
201000035052;0;7;0;0;1;1;0;A01
201000035053;0;7;0;8;0;9;2;A01
201000035054;0;7;0;0;1;2;1;A01
201000035055;0;7;0;4;0;1;17;A01
201000035056;0;10;0;0;1;2;1;A01
201000035057;0;2;0;0;2;1;1;B01
201000035057;0;7;0;0;2;2;9;A01
201000035058;0;30;0;12;0;1;1;A01
201000035059;0;7;0;15;0;3;0;A01
201000035059;0;7;0;9;0;1;0;B01
201000035060;0;1;0;0;2;1;1;B01
201000035060;0;7;0;0;2;3;9;A01
201000035061;0;7;0;0;1;2;1;A01
201000035062;0;10;0;0;2;1;2;A01
201000035062;0;7;0;0;2;4;2;B01
201000035063;0;7;0;0;2;3;13;A01
201000035063;0;30;0;0;2;1;1;B01
201000035064;0;7;0;1;0;2;14;A01
201000035065;0;7;0;15;0;2;0;A01
201000035066;0;7;0;0;1;2;18;A01
201000035067;0;7;0;0;2;3;0;A01
201000035067;0;2;0;0;2;1;1;B01
201000035068;0;36;0;15;0;1;1;A01
201000035069;0;7;0;0;2;7;15;A01
201000035069;0;33;0;0;2;3;2;B01
201000035070;0;7;0;0;2;3;15;A01
201000035070;0;31;0;0;2;1;0;B01
201000035071;0;2;0;3;2;1;1;B01
201000035071;0;7;0;0;2;2;15;A01
201000035072;0;31;0;0;0;0;1;A01
201000035073;0;7;0;2;0;3;1;A01
201000035074;0;10;0;0;1;3;2;A01
201000035075;0;7;0;0;2;8;1;B01
201000035075;0;7;0;0;2;1;1;A01
201000035076;0;7;0;13;0;8;1;A01
201000035077;0;2;0;0;2;1;2;A01
201000035077;0;7;0;0;2;6;2;B01
201000035078;0;7;0;0;2;1;1;A01
201000035078;0;1;0;0;2;2;19;B01
201000035079;0;7;0;13;0;9;0;A01
201000035080;0;30;0;1;0;2;1;A01
201000035081;0;7;0;0;2;3;13;A01
201000035081;0;15;0;0;2;3;1;B01
201000035082;0;7;0;0;2;9;15;B01
201000035082;0;15;0;0;2;3;1;A01
201000035082;0;15;0;0;2;2;1;C01
201000035083;0;7;0;0;2;4;1;B01
201000035083;0;7;0;0;2;1;17;A01
201000035084;0;7;0;0;2;1;1;B01
201000035084;0;7;0;0;2;8;15;A01
201000035085;0;7;0;15;0;1;1;A01
201000035086;0;7;0;6;0;1;6;A01
201000035087;0;7;0;0;0;2;1;B01
201000035087;0;7;0;0;0;3;11;A01
201000035088;0;7;0;15;0;1;0;A01
201000035089;0;10;0;0;1;1;1;A01
201000035090;0;7;0;0;2;1;1;B01
201000035090;0;7;0;9;2;7;1;A01
201000035091;0;7;0;0;1;1;1;A01
201000035092;0;7;0;0;1;1;1;A01
201000035093;0;7;0;0;2;1;1;A01
201000035093;0;7;0;0;2;1;1;B01
201000035094;0;7;0;0;1;7;0;A01
201000035095;0;30;0;0;2;1;1;B01
201000035095;0;7;0;0;2;3;16;A01
201000035096;0;31;0;0;2;2;1;A01
201000035096;0;7;0;0;2;1;1;B01
201000035097;0;7;0;0;0;3;1;B01
201000035097;0;2;0;0;2;1;15;A01
201000035098;0;7;0;0;2;7;1;A01
201000035098;0;33;0;0;2;1;1;B01
201000035099;0;7;0;0;2;4;4;A01
201000035099;0;2;0;0;2;1;1;B01
201000035100;0;7;0;0;2;8;1;A01
201000035100;0;7;0;0;2;1;1;B01
201000035101;0;7;0;0;1;1;1;A01
201000035102;0;7;0;0;0;7;15;A01
201000035102;0;33;0;0;2;1;1;B01
201000035103;0;7;0;0;1;2;1;A01
201000035104;0;7;0;0;1;1;1;A01
201000035105;0;7;0;0;1;1;1;A01
201000035106;0;30;0;0;1;1;0;A01
201000035107;0;7;0;0;1;1;15;A01
201000035108;0;7;0;0;1;3;1;A01
201000035109;0;7;0;15;1;6;1;B01
201000035109;0;7;0;0;2;3;1;A01
201000035110;0;7;0;0;1;2;1;A01
201000035111;0;7;0;0;2;4;23;B01
201000035111;0;7;0;0;2;1;2;A01
201000035112;0;7;0;0;1;2;15;A01
201000035113;0;2;0;8;0;1;1;A01
201000035114;0;31;0;0;1;1;17;A01
201000035115;0;31;0;0;2;1;17;A01
201000035115;0;7;0;0;2;3;15;B01
201000035116;0;7;0;0;1;1;1;A01
201000035117;0;7;0;0;2;3;15;A01
201000035117;0;7;0;0;2;3;1;B01
201000035118;0;7;0;11;0;1;6;A01
201000035119;0;7;0;0;2;3;1;B01
201000035119;0;13;0;0;2;8;15;A01
201000035120;0;33;0;0;2;1;1;A01
201000035120;0;7;0;0;2;8;15;B01
201000035121;0;7;0;0;2;3;16;A01
201000035121;0;1;0;0;2;7;15;B01
201000035122;0;7;0;0;2;2;1;A01
201000035122;0;7;0;9;2;1;1;B01
201000035123;0;10;0;0;2;3;1;A01
201000035123;0;13;0;0;2;1;1;B01
201000035124;0;30;0;0;2;1;1;B01
201000035124;0;7;0;0;2;1;15;A01
201000035125;0;7;0;0;2;8;13;A01
201000035125;0;1;0;0;2;1;1;B01
201000035126;0;33;0;0;2;1;1;B01
201000035126;0;7;0;0;2;1;15;A01
201000035127;0;7;0;14;0;1;1;A01
201000035128;0;33;0;0;2;7;21;B01
201000035128;0;7;0;0;2;1;15;A01
201000035129;0;1;0;0;2;7;15;B01
201000035129;0;7;0;0;2;1;9;A01
201000035130;1;7;0;0;1;3;0;A01
201000035131;0;36;0;0;2;3;17;A01
201000035131;0;7;0;0;2;3;1;B01
201000035132;0;7;0;0;1;3;21;A01
201000035133;0;7;0;8;1;6;1;B01
201000035133;0;7;0;0;2;3;15;A01
201000035134;0;10;0;0;2;1;1;B01
201000035134;0;7;0;0;2;1;1;A01
201000035135;0;7;0;0;1;1;1;A01
201000035136;0;2;0;0;2;1;2;A01
201000035136;0;7;0;0;2;4;23;B01
201000035137;0;33;0;0;2;2;7;A01
201000035137;0;7;0;0;2;3;13;B01
201000035138;0;7;0;0;2;4;2;B01
201000035138;0;33;0;0;2;1;2;A01
201000035139;0;33;0;1;2;1;17;B01
201000035139;0;7;0;0;0;0;15;A01
201000035140;0;3;0;0;2;6;0;B01
201000035140;0;7;0;0;2;3;15;A01
201000035141;0;31;0;1;2;1;2;A01
201000035142;0;7;0;0;1;2;0;A01
201000035143;0;1;0;0;1;1;0;A01
201000035144;0;30;0;0;2;2;17;A01
201000035144;0;7;0;0;2;8;15;B01
201000035145;0;7;0;0;2;3;1;B01
201000035145;0;7;0;0;2;3;17;A01
201000035146;0;7;0;0;1;2;1;A01
201000035147;0;33;0;0;2;1;1;B01
201000035147;0;7;0;0;2;2;12;A01
201000035148;0;37;1;0;2;3;1;B01
201000035148;0;7;0;0;2;1;1;A01
201000035149;0;33;0;0;2;1;1;A01
201000035149;0;7;0;0;2;8;15;B01
201000035150;0;7;0;0;2;4;2;B01
201000035150;0;7;0;0;2;1;2;A01
201000035151;0;31;0;0;2;8;15;B01
201000035151;0;7;0;0;2;0;13;A01
201000035152;0;2;0;0;1;1;2;A01
201000035153;0;7;0;0;1;1;0;A01
201000035154;0;10;0;0;1;2;0;A01
201000035155;1;30;0;0;1;0;0;A01
201000035156;0;2;0;0;2;8;2;B01
201000035156;0;14;0;0;2;7;17;A01
201000035157;1;7;0;0;2;6;15;A01
201000035157;0;33;0;0;2;1;0;B01
201000035158;0;7;0;0;1;2;9;A01
201000035159;0;33;0;0;2;0;17;A01
201000035159;0;32;0;0;2;0;1;B01
201000035160;0;7;0;0;2;3;16;A01
201000035160;0;30;0;0;2;1;1;B01
201000035161;0;14;0;0;1;2;1;A01
201000035162;0;7;0;0;2;6;11;A01
201000035162;0;33;0;0;2;1;0;B01
201000035163;0;33;0;0;2;1;1;B01
201000035163;0;7;0;0;2;5;15;A01
201000035164;0;2;0;0;2;1;1;B01
201000035164;0;10;0;0;2;8;15;A01
201000035165;0;36;0;12;0;7;6;A01
201000035166;0;7;0;0;1;7;1;A01
201000035167;0;33;0;0;0;7;1;A01
201000035168;0;7;0;0;1;2;20;A01
201000035169;0;7;0;11;0;1;1;A01
201000035170;0;7;0;0;1;4;4;A01
201000035171;0;7;0;14;0;1;1;A01
201000035172;0;7;0;0;2;8;0;B01
201000035172;0;7;0;0;2;1;14;A01
201000035173;0;7;0;0;2;1;13;A01
201000035173;0;7;0;0;2;1;0;B01
201000035174;0;7;0;0;1;1;15;A01
201000035174;0;7;0;0;2;5;16;B01
201000035175;0;15;0;0;0;0;0;A01
201000035176;0;7;0;1;0;5;2;A01
201000035177;0;2;0;3;0;1;0;A01
201000035178;0;2;0;0;2;1;1;B01
201000035178;0;7;0;0;0;6;1;A01
201000035179;0;7;0;0;1;2;21;A01
201000035180;0;30;0;0;2;1;1;A01
201000035180;0;7;0;0;2;3;1;B01
201000035181;0;33;0;0;2;1;1;B01
201000035181;0;7;0;0;2;2;1;A01
201000035182;0;7;0;0;2;4;23;B01
201000035182;0;7;0;0;2;1;2;A01
201000035183;0;7;0;9;0;1;1;A01
201000035184;0;7;0;0;2;1;15;A01
201000035184;0;33;0;0;2;1;0;B01
201000035185;0;33;0;0;2;7;1;B01
201000035185;0;7;0;0;2;8;11;A01
201000035186;0;33;0;0;2;1;1;B01
201000035186;0;7;0;0;2;7;16;A01
201000035187;0;7;0;0;1;1;0;A01
201000035188;0;7;0;0;2;1;2;A01
201000035188;0;7;0;0;2;4;2;B01
201000035189;0;31;0;12;2;1;1;B01
201000035189;0;7;0;0;2;4;9;A01
201000035190;0;7;0;0;2;3;0;B01
201000035190;0;7;0;3;2;1;17;A01
201000035191;0;2;0;0;2;8;1;A01
201000035192;0;7;0;0;2;1;13;A01
201000035192;0;7;0;0;2;1;1;B01
201000035193;0;7;0;0;1;7;1;A01
201000035194;0;14;0;0;2;7;2;A01
201000035194;0;1;0;0;2;8;2;B01
201000035195;0;10;0;0;2;4;23;B01
201000035195;0;7;0;0;2;1;2;A01
201000035195;0;7;0;0;2;4;23;C01
201000035196;0;32;0;0;2;1;1;B01
201000035196;0;7;0;0;2;2;10;A01
201000035197;1;7;0;0;0;0;0;A01
201000035197;0;30;0;0;0;8;2;B01
201000035198;0;10;0;0;2;1;1;B01
201000035198;0;7;0;0;2;2;15;A01
201000035199;0;7;0;0;1;2;1;A01
201000035200;0;7;0;0;1;1;1;A01
201000035201;0;1;0;0;0;8;1;B01
201000035201;1;7;0;0;2;2;2;A01
201000035202;0;7;0;0;2;3;1;A01
201000035202;0;1;0;0;2;7;1;B01
201000035203;0;7;0;0;1;2;0;A01
201000035204;0;2;0;0;2;1;0;A01
201000035204;0;7;0;0;2;1;9;B01
201000035205;0;7;0;0;1;2;1;A01
201000035206;0;7;0;0;2;8;17;A01
201000035206;0;30;0;0;2;8;1;B01
201000035207;0;7;0;0;2;1;2;A01
201000035207;0;7;0;0;0;4;2;B01
201000035208;0;30;0;0;1;1;1;A01
201000035209;0;7;0;0;2;0;0;A01
201000035209;0;1;0;0;0;0;0;B01
201000035210;0;2;0;0;2;1;1;A01
201000035210;0;7;0;0;2;3;1;B01
201000035211;0;2;0;0;2;1;5;B01
201000035211;0;7;0;0;2;3;9;A01
201000035212;0;7;0;0;2;6;15;B01
201000035212;0;2;0;0;2;1;17;A01
201000035213;0;7;0;15;0;1;13;A01
201000035214;0;7;0;0;1;1;0;A01
201000035215;0;7;0;0;2;2;19;A01
201000035215;0;7;0;0;2;7;1;B01
201000035216;0;7;0;0;2;3;21;B01
201000035216;0;7;0;12;2;2;10;A01
201000035217;0;7;0;0;2;2;15;A01
201000035217;0;7;0;0;2;7;1;B01
201000035218;0;7;0;0;2;1;2;A01
201000035218;0;1;0;0;2;4;2;B01
201000035219;0;7;0;0;1;8;1;A01
201000035220;0;7;0;0;2;3;16;B01
201000035220;0;7;0;0;2;8;13;A01
201000035221;0;7;0;0;1;6;4;A01
201000035222;0;30;0;0;2;1;1;B01
201000035222;0;7;0;0;2;3;15;A01
201000035223;0;7;0;0;1;1;17;A01
201000035224;0;7;0;6;1;1;0;A01
201000035225;0;7;0;0;2;1;1;A01
201000035225;0;7;0;0;2;1;1;B01
201000035226;0;7;0;0;1;1;17;A01
201000035227;0;7;0;1;0;1;14;A01
201000035228;0;7;0;0;2;3;21;B01
201000035228;0;7;0;0;2;1;13;A01
201000035229;0;7;0;13;0;1;13;A01
201000035230;0;7;0;0;2;1;1;B01
201000035230;0;10;0;0;2;2;1;A01
201000035231;0;33;0;0;0;7;13;A01
201000035232;0;2;0;0;0;7;14;A01
201000035233;0;2;0;0;2;1;21;A01
201000035233;0;7;0;0;2;4;23;B01
201000035234;0;1;0;0;2;4;23;B01
201000035234;0;10;0;0;2;1;0;A01
201000035235;0;7;0;13;0;2;14;A01
201000035236;0;7;0;2;2;8;13;A01
201000035236;0;7;0;0;2;6;1;B01
201000035237;0;7;0;0;2;8;13;A01
201000035237;0;7;0;0;2;1;21;B01
201000035238;0;10;0;0;1;4;4;A01
201000035239;0;7;0;0;1;1;21;A01
201000035240;0;33;0;0;2;1;21;B01
201000035240;0;7;0;0;2;7;1;A01
201000035241;0;7;0;0;2;8;15;B01
201000035241;0;33;0;0;2;1;17;A01
201000035242;0;7;0;16;0;9;14;A01
201000035243;0;7;0;0;2;7;15;A01
201000035243;0;31;0;0;2;1;1;B01
201000035244;0;7;0;0;1;1;21;A01
201000035245;0;7;0;0;1;5;1;A01
201000035246;0;7;0;0;0;7;21;B01
201000035246;0;2;0;0;2;3;19;A01
201000035247;0;7;0;0;2;2;0;B01
201000035247;0;7;0;0;2;3;21;A01
201000035248;0;7;0;0;2;1;21;A01
201000035248;0;14;0;0;2;2;19;B01
201000035249;0;7;0;0;1;1;1;A01
201000035250;0;7;0;0;2;3;10;A01
201000035250;0;33;0;0;2;1;21;B01
201000035251;0;7;0;0;2;7;15;A01
201000035251;0;33;0;0;2;1;17;B01
201000035252;0;7;0;0;2;1;21;A01
201000035252;0;7;0;0;2;8;19;B01
201000035253;0;31;0;0;2;1;1;A01
201000035253;0;7;0;0;2;7;1;B01
201000035254;0;15;0;13;0;1;13;A01
201000035255;0;7;0;2;0;1;14;A01
201000035256;1;33;0;15;0;1;0;Z01
201000035257;0;7;0;0;9;2;1;A01
201000035257;0;30;0;0;2;1;1;B01
201000035258;0;7;0;0;1;1;1;A01
201000035259;2;7;0;0;1;1;1;Z01
201000035260;0;33;0;0;0;8;21;A01
201000035261;0;33;0;0;9;7;6;A01
201000035262;0;7;0;0;9;3;9;B01
201000035262;0;1;0;0;2;3;1;A01
201000035263;1;7;0;0;2;6;0;Z01
201000035263;0;33;0;0;2;1;0;A01
201000035264;0;2;0;1;0;1;0;A01
201000035265;0;1;0;0;1;0;1;A01
201000035266;0;7;0;12;2;2;0;A01
201000035266;0;7;0;0;2;2;0;B01
201000035267;0;7;0;0;1;3;1;A01
201000035268;0;2;0;0;2;8;17;A01
201000035268;0;7;0;0;9;8;15;B01
201000035269;0;33;0;0;2;8;0;A01
201000035269;0;7;0;0;9;4;0;B01
201000035270;0;2;0;13;0;1;1;A01
201000035271;0;31;0;0;2;8;0;A01
201000035271;0;2;0;0;2;6;0;B01
201000035272;0;7;0;0;1;1;1;A01
201000035273;0;2;0;0;2;1;15;B01
201000035273;0;7;0;0;2;1;1;A01
201000035274;0;7;0;0;1;1;1;A01
201000035275;0;7;0;0;1;3;1;A01
201000035276;0;7;0;0;1;1;1;A01
201000035277;0;7;0;0;2;1;2;B01
201000035277;0;7;0;0;2;1;17;A01
201000035278;0;7;0;0;2;1;9;A01
201000035278;0;33;0;0;2;1;2;B01
201000035279;0;7;0;16;0;0;0;A01
201000035280;0;7;0;0;2;1;15;A01
201000035280;0;7;0;0;2;2;1;B01
201000035281;0;7;0;0;2;1;2;B01
201000035281;0;7;0;0;2;6;9;A01
201000035282;0;3;0;15;0;1;16;A01
201000035283;0;7;0;0;2;3;1;B01
201000035283;0;7;0;0;2;1;13;A01
201000035284;0;7;0;0;1;2;1;A01