num_acc;senc;catv;occutc;obs;obsm;choc;manv;num_veh
201000035285;0;7;0;12;1;2;15;A01
201000035286;0;33;0;0;2;1;1;B01
201000035286;0;7;0;0;0;3;19;A01
201000035287;0;7;0;0;1;1;1;A01
201000035288;0;7;0;0;2;1;1;B01
201000035288;0;7;0;0;2;8;16;A01
201000035289;0;7;0;0;1;3;1;A01
201000035290;0;7;0;0;1;2;1;A01
201000035291;0;1;0;14;0;1;1;A01
201000035291;0;7;0;0;0;4;23;B01
201000035292;2;7;0;0;2;1;1;A01
201000035292;0;7;0;0;1;5;15;B01
201000035292;0;1;0;0;0;8;23;C01
201000035293;0;7;0;0;2;8;10;A01
201000035293;0;33;0;0;2;1;17;B01
201000035294;0;7;0;3;2;3;13;A01
201000035294;0;7;0;13;2;3;1;B01
201000035295;0;7;0;0;1;4;4;A01
201000035296;0;2;0;0;1;1;1;A01
201000035297;0;33;0;0;2;1;0;A01
201000035297;0;7;0;0;2;5;15;B01
201000035298;0;33;0;0;2;1;1;A01
201000035298;0;7;0;0;2;6;15;B01
201000035299;0;7;0;0;1;3;0;A01
201000035300;0;1;0;0;2;1;18;B01
201000035300;0;7;0;0;2;2;14;A01
201000035301;0;7;0;0;1;1;0;A01
201000035302;0;7;0;0;1;2;1;A01
201000035303;0;7;0;8;0;1;1;A01
201000035304;0;7;0;0;1;2;1;A01
201000035305;0;37;3;0;0;7;21;B01
201000035305;0;36;0;0;2;1;15;A01
201000035306;0;30;0;0;2;1;1;B01
201000035306;0;7;0;14;2;1;1;A01
201000035307;0;7;0;0;1;4;4;A01
201000035308;0;7;0;0;2;2;20;A01
201000035308;0;33;0;0;2;1;1;B02
201000035309;0;7;0;0;2;7;0;A01
201000035309;0;10;0;0;2;1;1;B02
201000035310;0;7;0;0;2;8;1;B02
201000035310;0;7;0;0;2;1;15;A01
201000035311;0;2;0;0;0;0;0;A01
201000035312;0;7;0;0;2;6;1;A01
201000035312;0;30;0;1;2;1;1;B01
201000035313;0;2;0;0;0;7;16;A01
201000035314;0;30;0;0;2;1;17;A01
201000035314;0;7;0;0;2;2;1;B01
201000035315;0;30;0;0;2;1;17;A01
201000035315;0;7;0;0;2;6;15;B01
201000035316;0;3;0;0;2;3;15;A01
201000035316;0;7;0;0;2;1;0;B01
201000035317;0;7;0;0;2;7;5;A01
201000035317;0;16;0;0;2;1;14;B01
201000035318;0;7;0;0;2;1;13;A01
201000035318;0;7;0;0;2;1;1;B01
201000035319;0;10;0;0;1;2;1;A01
201000035320;0;2;0;0;2;8;15;B01
201000035320;0;7;0;0;0;8;15;A01
201000035321;0;7;0;0;1;2;20;A01
201000035322;0;7;0;0;2;0;1;B01
201000035322;0;7;0;0;2;1;2;C01
201000035322;0;7;0;0;2;8;15;A01
201000035323;0;38;1;0;2;3;1;B01
201000035323;0;2;0;0;2;1;1;A01
201000035324;1;1;0;0;2;1;9;A01
201000035324;1;7;0;0;9;2;1;B01
201000035325;0;30;0;0;2;7;17;A01
201000035325;0;7;0;0;9;3;15;B01
201000035326;0;7;0;10;0;1;1;A01
201000035327;0;7;0;0;2;8;1;B01
201000035327;0;7;0;0;2;2;15;A01
201000035327;0;7;0;0;2;1;0;C01
201000035328;0;7;0;0;1;1;1;A01
201000035329;0;36;0;0;2;1;5;A01
201000035329;0;7;0;0;2;1;1;B01
201000035330;1;7;0;0;2;1;2;A01
201000035330;0;33;0;0;2;4;1;B01
201000035331;0;7;0;1;1;1;14;A01
201000035332;0;7;0;0;1;1;1;A01
201000035333;0;7;0;14;2;1;9;A01
201000035333;0;7;0;0;2;8;1;B01
201000035334;0;1;0;0;2;1;1;B01
201000035334;1;7;0;0;9;5;15;Z01
201000035335;0;15;0;1;2;2;1;B01
201000035335;0;7;0;0;2;1;6;A01
201000035336;0;7;0;0;1;3;1;A01
201000035337;0;7;0;0;1;8;1;A01
201000035338;0;7;0;1;0;2;2;A01
201000035339;0;7;0;0;1;3;1;A01
201000035340;1;7;0;15;1;3;1;A01
201000035341;0;7;0;0;1;2;1;A01
201000035342;0;1;0;0;2;1;1;B01
201000035342;0;10;0;0;2;5;15;A01
201000035343;0;7;0;0;2;2;15;A01
201000035343;0;31;0;0;2;1;0;B01
201000035344;0;2;0;0;2;1;17;A01
201000035344;0;7;0;0;0;8;15;B01
201000035345;0;2;0;0;2;1;9;A01
201000035345;0;7;0;0;0;6;1;B01
201000035346;0;7;0;0;2;1;1;A01
201000035346;2;7;0;0;2;1;13;B01
201000035347;0;7;0;1;0;6;16;A01
201000035347;0;7;0;0;0;3;24;B01
201000035348;0;30;0;0;0;1;1;B01
201000035348;0;7;0;0;2;1;9;A01
201000035349;0;7;0;0;1;1;1;A01
201000035350;0;7;0;0;1;1;1;A01
201000035351;0;10;0;0;2;1;2;B01
201000035351;0;7;0;0;2;7;15;A01
201000035352;0;7;0;8;0;1;0;A01
201000035353;0;7;0;0;2;7;10;A01
201000035353;0;7;0;0;2;1;1;B01
201000035354;0;7;0;0;1;1;2;A01
201000035355;0;7;0;0;2;1;1;A01
201000035355;0;10;0;0;0;4;23;B01
201000035356;0;37;12;0;2;3;1;B01
201000035356;0;30;0;0;2;1;17;A01
201000035357;0;30;0;0;2;7;1;B01
201000035357;0;7;0;0;2;5;0;A01
201000035358;0;1;0;0;2;1;1;B01
201000035358;0;7;0;0;2;2;9;A01
201000035359;0;7;0;0;2;8;9;A01
201000035359;0;10;0;0;2;1;2;B01
201000035360;0;7;0;0;1;1;9;A01
201000035361;0;7;0;0;2;8;1;B01
201000035361;0;7;0;0;2;1;2;A01
201000035362;0;7;0;0;2;1;2;A01
201000035362;0;37;4;0;2;4;23;B01
201000035363;0;10;0;1;0;1;2;A01
201000035363;0;7;0;0;0;4;23;B01
201000035364;1;7;0;0;1;0;0;Z01
201000035365;0;7;0;0;1;2;1;A01
201000035366;0;7;0;0;2;5;9;A01
201000035366;0;3;0;0;2;2;9;B01
201000035367;0;7;0;0;1;1;15;A01
201000035368;0;7;0;0;2;7;15;A01
201000035368;0;7;0;0;2;1;1;B01
201000035369;0;7;0;0;2;1;2;A01
201000035369;0;99;0;0;2;4;2;B01
201000035370;0;7;0;0;2;1;1;B01
201000035370;0;7;0;0;2;2;15;A01
201000035371;0;37;15;0;1;1;1;A01
201000035372;0;7;0;0;1;2;9;A01
201000035373;0;7;0;0;1;2;2;A01
201000035374;0;10;0;0;2;8;1;B01
201000035374;0;15;0;0;2;2;1;A01
201000035375;1;10;0;0;1;3;1;Z01
201000035376;0;10;0;0;2;7;2;A01
201000035376;0;10;0;0;2;1;2;B01
201000035377;0;7;0;0;1;0;1;A01
201000035378;0;7;0;0;2;1;2;A01
201000035378;0;7;0;0;2;4;1;B01
201000035378;0;7;0;0;2;4;1;C01
201000035379;0;7;0;0;9;2;2;B01
201000035379;0;1;0;0;2;8;1;A01
201000035380;0;7;0;0;1;2;15;A01
201000035381;0;7;0;3;0;8;17;A01
201000035382;0;7;0;0;2;1;2;B01
201000035382;0;7;0;0;2;2;15;A01
201000035383;0;7;0;0;1;4;23;B01
201000035383;0;7;0;0;2;1;1;A01
201000035384;0;7;0;9;0;7;2;A01
201000035385;0;7;0;0;1;1;1;A01
201000035386;1;7;0;0;2;2;17;A01
201000035386;0;7;0;0;2;6;1;B01
201000035387;0;10;0;0;2;1;15;A01
201000035387;0;33;0;0;2;1;2;B01
201000035388;0;7;0;0;2;2;1;B01
201000035388;0;7;0;0;2;8;15;A01
201000035389;1;31;0;0;1;1;1;Z01
201000035390;0;7;0;0;2;1;1;A01
201000035390;0;7;0;0;2;4;15;B01
201000035391;0;7;0;0;2;3;15;A01
201000035391;0;7;0;0;2;3;1;B01
201000035392;2;7;0;15;0;7;13;A01
201000035393;0;7;0;0;1;2;2;A01
201000035394;0;2;0;0;2;1;2;A01
201000035394;0;7;0;0;2;4;1;B01
201000035395;0;2;0;0;2;0;2;A01
201000035395;0;7;0;0;2;5;2;B01
201000035396;0;7;0;0;2;1;13;A01
201000035396;0;7;0;0;2;1;2;B01
201000035397;0;7;0;0;2;4;2;F02
201000035397;0;7;0;0;2;0;2;D01
201000035397;0;7;0;0;2;1;1;A01
201000035397;0;10;0;4;2;0;2;B01
201000035397;0;7;0;0;2;0;2;C01
201000035397;0;7;0;0;2;0;2;E01
201000035398;0;7;0;1;2;3;1;B01
201000035398;0;7;0;0;2;1;1;A01
201000035399;0;7;0;0;1;1;2;A01
201000035400;0;7;0;0;2;3;9;A01
201000035400;0;7;0;0;2;2;1;B01
201000035401;0;7;0;0;2;3;0;B01
201000035401;0;14;0;0;0;0;23;C01
201000035401;0;7;0;0;2;3;1;A01
201000035402;0;7;0;0;2;8;15;A01
201000035402;0;7;0;0;2;2;1;B01
201000035403;0;10;0;0;2;2;1;A01
201000035403;0;7;0;0;2;3;1;B01
201000035404;0;7;0;0;1;2;16;A01
201000035405;0;7;0;0;1;1;1;A01
201000035406;0;10;0;0;1;1;1;B01
201000035406;0;7;0;0;2;1;13;A01
201000035407;0;7;0;0;2;1;2;A01
201000035407;0;7;0;0;2;4;2;B01
201000035408;0;10;0;0;2;6;10;A01
201000035408;0;7;0;0;2;1;1;B01
201000035409;0;37;2;0;1;1;1;A01
201000035410;0;7;0;0;2;3;9;B01
201000035410;1;7;0;0;2;1;1;A01
201000035411;0;2;0;0;2;7;1;B01
201000035411;0;7;0;0;2;3;9;A01
201000035412;0;7;0;0;2;1;15;A01
201000035413;0;7;0;0;2;6;10;A01
201000035413;0;7;0;0;2;2;1;B01
201000035414;0;38;2;14;0;3;2;A01
201000035415;0;7;0;0;2;4;23;B01
201000035415;0;31;0;0;2;7;2;A01
201000035416;0;7;0;0;2;8;1;A01
201000035416;0;7;0;0;2;0;1;B01
201000035417;0;32;0;0;2;1;2;A01
201000035417;0;7;0;0;2;4;23;B01
201000035418;1;7;0;0;1;1;1;Z01
201000035419;0;7;0;0;2;1;15;A01
201000035419;0;31;0;0;2;1;2;B01
201000035420;0;7;0;0;2;1;1;B01
201000035420;0;7;0;0;2;3;1;A01
201000035421;0;7;0;0;2;7;2;A01
201000035421;0;7;0;0;2;1;1;B01
201000035422;0;7;0;0;1;4;0;A01
201000035423;0;7;0;0;2;2;15;A01
201000035423;0;7;0;0;2;1;1;B01
201000035424;0;7;0;15;2;3;1;B01
201000035424;0;7;0;0;2;1;1;A01
201000035425;0;7;0;0;2;1;21;A01
201000035425;0;7;0;0;2;4;23;B01
201000035426;0;7;0;0;2;8;11;B01
201000035426;0;31;0;0;2;2;17;A01
201000035427;0;7;0;0;2;2;16;A01
201000035427;0;37;15;0;2;3;14;B01
201000035428;0;40;0;0;0;0;0;A01
201000035429;1;7;0;0;1;2;1;Z01
201000035430;0;7;0;0;2;4;2;B01
201000035430;0;7;0;0;2;1;1;A01
201000035431;0;7;0;0;1;1;2;A01
201000035432;0;7;0;0;2;1;2;A01
201000035432;0;7;0;0;2;4;23;C01
201000035432;0;7;0;0;2;4;23;B01
201000035433;0;7;0;0;2;1;15;A01
201000035433;0;7;0;0;2;1;1;B01
201000035434;0;7;0;6;2;7;1;A01
201000035434;0;7;0;0;2;1;1;B01
201000035435;0;7;0;0;2;4;2;B01
201000035435;0;7;0;0;2;1;2;A01
201000035436;0;33;0;11;0;1;6;A01
201000035437;0;7;0;0;2;4;23;B01
201000035437;0;7;0;0;2;4;12;A01
201000035438;0;7;0;0;2;7;15;A01
201000035438;0;7;0;0;2;2;1;B01
201000035439;0;7;0;0;2;1;2;A01
201000035439;0;7;0;0;2;4;2;B01
201000035440;0;7;0;0;1;4;4;A01
201000035441;0;7;0;0;1;7;2;A01
201000035442;0;7;0;0;2;2;1;A01
201000035442;0;7;0;0;2;3;0;C01
201000035442;0;7;0;0;2;1;1;D01
201000035442;0;7;0;0;2;1;15;B01
201000035443;0;30;0;0;2;1;1;A01
201000035443;0;7;0;0;2;8;15;B01
201000035444;0;7;0;0;2;1;2;A01
201000035444;0;7;0;0;2;4;23;B01
201000035445;0;7;0;0;1;8;15;A01
201000035446;0;7;0;8;0;8;1;A01
201000035447;0;7;0;1;2;1;1;A01
201000035447;0;7;0;0;2;6;1;B01
201000035448;0;7;0;0;2;7;16;B01
201000035448;0;2;0;0;2;8;18;A01
201000035449;0;7;0;0;1;1;15;A01
201000035450;0;32;0;0;2;1;2;A01
201000035450;0;7;0;0;2;4;2;B01
201000035451;0;7;0;0;2;4;1;C01
201000035451;0;7;0;0;2;1;1;A01
201000035451;0;7;0;0;2;4;1;B01
201000035452;0;10;0;0;2;7;15;A01
201000035452;0;7;0;0;2;1;1;B01
201000035453;0;7;0;0;2;4;0;A01
201000035453;0;7;0;0;0;8;24;B01
201000035454;0;31;0;0;2;7;1;B01
201000035454;0;7;0;0;2;3;11;A01
201000035455;0;2;0;0;2;1;13;A01
201000035455;0;7;0;0;2;1;1;B01
201000035456;0;7;0;0;2;6;1;A01
201000035456;0;37;5;0;2;1;1;B01
201000035457;0;2;0;0;2;1;18;A01
201000035457;0;7;0;0;2;7;16;B01
201000035458;0;7;0;0;2;4;23;B01
201000035458;0;7;0;0;2;1;2;A01
201000035459;0;7;0;0;2;2;1;A01
201000035459;0;7;0;0;2;1;9;B01
201000035460;0;7;0;0;1;2;1;A01
201000035461;0;7;0;0;1;2;1;A01
201000035462;0;7;0;0;2;2;15;A01
201000035462;0;33;0;0;2;1;1;B01
201000035463;0;7;0;0;2;2;2;A01
201000035463;0;33;0;0;2;6;23;B01
201000035464;0;7;0;0;2;1;1;B01
201000035464;0;7;0;0;2;3;9;A01
201000035465;0;99;0;0;1;3;1;A01
201000035466;0;2;0;0;2;8;1;B01
201000035466;0;7;0;0;2;1;15;A01
201000035467;0;7;0;0;2;1;2;A01
201000035467;0;7;0;0;2;4;2;B01
201000035468;0;30;0;0;1;1;1;A01
201000035469;0;7;0;0;2;1;1;A01
201000035469;0;7;0;0;2;6;1;B01
201000035470;0;1;0;0;1;1;0;A01
201000035471;0;10;0;0;2;8;1;B01
201000035471;0;2;0;0;2;1;1;A01
201000035472;0;7;0;0;2;2;1;B01
201000035472;0;7;0;0;2;1;9;A01
201000035473;0;7;0;0;2;5;15;A01
201000035473;0;7;0;0;2;2;1;B01
201000035474;0;7;0;0;1;1;15;A01
201000035475;0;7;0;0;1;1;15;A01
201000035476;1;7;0;0;1;1;1;Z01
201000035477;0;30;0;0;2;1;16;A01
201000035477;0;10;0;0;2;3;15;B01
201000035478;0;7;0;0;1;2;15;A01
201000035479;0;7;0;0;2;1;15;A01
201000035479;0;7;0;0;2;3;1;B01
201000035480;0;7;0;0;2;2;1;A01
201000035480;0;34;0;0;2;4;23;B01
201000035481;0;37;2;0;2;1;2;A01
201000035481;0;7;0;0;2;4;2;B01
201000035482;0;10;0;0;2;7;16;A01
201000035482;0;1;0;0;2;1;1;B01
201000035483;0;7;0;0;2;2;15;A01
201000035483;0;7;0;0;2;1;0;B01
201000035484;0;2;0;0;2;1;1;A01
201000035484;0;7;0;0;2;6;1;B01
201000035485;0;1;0;0;0;0;0;A01
201000035485;0;7;0;0;9;1;1;B01
201000035486;0;7;0;0;2;5;2;B01
201000035486;0;30;0;0;2;1;16;A01
201000035487;0;7;0;0;2;1;1;B01
201000035487;0;7;0;0;2;5;1;A01
201000035488;0;7;0;0;2;4;2;C01
201000035488;0;7;0;0;2;4;2;B01
201000035488;0;10;0;0;2;1;2;A01
201000035489;1;30;0;0;1;0;1;Z01
201000035490;0;2;0;0;2;2;2;B01
201000035490;0;7;0;0;2;8;9;A01
201000035491;0;7;0;0;2;1;2;A01
201000035491;0;7;0;0;2;6;2;C01
201000035491;0;7;0;0;2;4;2;B01
201000035492;1;7;0;0;2;8;1;A01
201000035492;0;1;0;0;2;8;1;B01
201000035493;0;1;0;0;2;3;15;A01
201000035493;0;7;0;0;2;2;17;B01
201000035494;0;1;0;0;2;0;0;B01
201000035494;1;14;0;0;2;0;0;Z01
201000035495;1;7;0;0;1;0;0;Z01
201000035496;0;7;0;0;2;1;2;A01
201000035496;0;7;0;0;2;4;23;B01
201000035497;0;7;0;0;1;7;9;A01
201000035498;0;7;0;0;1;1;9;A01
201000035499;0;7;0;0;2;4;2;C01
201000035499;0;7;0;0;2;4;2;B01
201000035499;0;7;0;0;2;1;2;A01
201000035500;0;2;0;0;2;1;1;A01
201000035500;0;7;0;0;2;6;23;B01
201000035501;0;7;0;0;2;4;23;B01
201000035501;0;7;0;0;2;4;23;C01
201000035501;0;7;0;0;2;1;2;A01
201000035502;0;30;0;0;2;2;1;B01
201000035502;0;7;0;0;2;3;20;A01
201000035503;0;7;0;0;2;3;1;B01
201000035503;0;7;0;0;2;3;13;A01
201000035504;0;7;0;0;1;3;15;A01
201000035505;0;7;0;0;2;4;1;B01
201000035505;0;7;0;0;2;1;2;A01
201000035506;0;7;0;0;2;3;15;B01
201000035506;0;7;0;0;2;8;15;A01
201000035507;0;7;0;0;2;1;2;A01
201000035507;0;7;0;0;2;4;2;B01
201000035508;0;7;0;0;2;3;2;A01
201000035508;0;7;0;0;2;5;23;B01
201000035509;0;7;0;0;2;4;23;E01
201000035509;0;10;0;0;2;4;23;B01
201000035509;0;7;0;0;2;4;23;C01
201000035509;0;7;0;0;2;4;23;D01
201000035509;0;37;1;0;2;1;2;A01
201000035510;0;7;0;0;1;1;15;A01
201000035511;0;7;0;0;2;4;2;B01
201000035511;0;7;0;0;2;1;2;A01
201000035512;0;7;0;2;0;1;1;A01
201000035513;1;31;0;0;1;1;0;Z01
201000035514;0;7;0;0;2;2;1;B01
201000035514;0;10;0;0;2;2;1;A01
201000035515;0;7;0;0;2;1;1;A01
201000035515;0;1;0;0;2;8;1;B01
201000035516;0;1;0;0;2;1;1;A01
201000035516;0;7;0;0;9;2;16;B01
201000035517;0;7;0;0;2;1;1;A01
201000035517;0;7;0;0;2;4;1;B01
201000035518;0;10;0;0;2;4;20;A01
201000035518;0;7;0;0;2;1;20;B01
201000035519;0;33;0;0;2;8;15;A01
201000035519;0;7;0;0;2;6;15;B01
201000035520;0;7;0;0;1;1;1;A01
201000035521;0;7;0;0;2;3;9;A01
201000035521;0;33;0;0;2;2;1;B01
201000035522;0;7;0;1;0;2;1;A01
201000035523;0;7;0;0;2;1;15;A01
201000035523;0;7;0;0;2;1;1;B01
201000035524;0;7;0;0;2;2;16;A01
201000035524;0;34;0;0;2;1;1;B01
201000035525;0;2;0;0;2;1;0;A01
201000035525;0;7;0;0;2;7;1;B01
201000035526;0;7;0;0;2;8;1;B01
201000035526;0;7;0;0;2;3;23;C01
201000035526;0;7;0;0;2;1;9;A01
201000035527;0;1;0;0;2;1;1;B01
201000035527;0;7;0;0;2;4;4;A01
201000035528;0;7;0;0;1;1;1;A01
201000035529;0;7;0;0;2;8;1;B01
201000035529;0;7;0;0;2;1;1;A01
201000035530;0;7;0;0;2;8;15;B01
201000035530;0;32;0;0;2;1;17;A01
201000035531;0;1;0;0;2;1;1;A01
201000035531;0;7;0;0;2;3;0;B01
201000035532;0;7;0;0;2;4;2;B01
201000035532;0;7;0;0;2;4;2;C01
201000035532;0;37;20;0;2;1;2;A01
201000035533;0;34;0;0;1;1;0;A01
201000035534;0;7;0;0;1;1;15;A01
201000035535;0;7;0;0;9;6;1;B01
201000035535;0;1;0;0;2;1;1;A01
201000035536;0;7;0;0;2;4;2;C01
201000035536;0;7;0;0;2;4;2;B01
201000035536;0;10;0;0;2;1;2;A01
201000035537;0;7;0;0;1;1;1;A01
201000035538;0;7;0;0;2;7;17;A01
201000035538;0;30;0;0;2;8;1;B01
201000035539;0;10;0;0;1;2;13;A01
201000035540;0;7;0;0;2;1;0;D01
201000035540;0;7;0;0;2;6;1;B01
201000035540;0;7;0;0;2;0;1;C01
201000035540;0;7;0;0;2;9;5;A01
201000035541;0;7;0;0;2;2;2;B01
201000035541;0;7;0;0;2;3;5;A01
201000035542;0;7;0;0;2;4;4;A01
201000035542;0;1;0;0;2;1;1;B01
201000035543;0;33;0;0;2;4;1;B01
201000035543;1;10;0;0;2;0;1;Z01
201000035544;0;7;0;0;1;3;0;A01
201000035545;0;7;0;0;2;7;1;B01
201000035545;0;2;0;0;2;1;1;A01
201000035546;0;7;0;0;2;6;11;A01
201000035546;0;33;0;0;2;2;1;B01
201000035547;0;7;0;0;1;2;1;A01
201000035548;0;7;0;0;2;1;1;A01
201000035548;0;7;0;0;2;4;15;C01
201000035548;0;7;0;0;2;4;1;B01
201000035549;0;33;0;0;2;3;18;A01
201000035549;0;7;0;0;2;2;16;B01
201000035550;0;7;0;0;0;0;11;A01
201000035550;0;7;0;11;0;1;17;B01
201000035551;0;7;0;0;2;1;2;A01
201000035551;0;7;0;0;2;4;23;B01
201000035552;1;7;0;8;1;0;0;Z01
201000035553;0;7;0;0;2;1;2;A01
201000035553;0;7;0;0;2;4;23;B01
201000035554;0;7;0;0;2;1;2;A01
201000035554;0;10;0;0;2;4;23;B01
201000035555;0;7;0;0;2;4;2;B01
201000035555;0;7;0;0;2;1;2;A01
201000035556;0;7;0;0;2;7;1;B01
201000035556;0;33;0;0;2;1;1;A01
201000035557;0;1;0;0;2;3;15;A01
201000035557;0;7;0;0;9;7;1;B01
201000035558;0;2;0;6;0;1;1;A01
201000035559;0;7;0;0;2;2;9;A01
201000035559;0;2;0;0;2;6;23;B01
201000035560;0;7;0;0;1;1;1;A01
201000035561;0;10;0;0;2;1;15;A01
201000035561;0;7;0;0;2;3;1;B01
201000035562;0;7;0;0;1;2;1;A01
201000035563;0;10;0;0;1;2;1;A01
201000035564;0;1;0;0;2;1;1;A01
201000035564;0;7;0;0;2;7;15;B01
201000035565;0;40;0;0;1;1;1;A01
201000035566;0;7;0;0;2;4;2;B01
201000035566;0;2;0;0;2;4;1;C01
201000035566;0;7;0;0;2;1;2;A01
201000035567;0;7;0;0;1;3;1;A01
201000035568;0;7;0;0;2;4;23;B01
201000035568;0;10;0;0;2;1;2;A01
201000035569;0;2;0;0;2;1;1;C01
201000035569;0;7;0;0;2;3;1;B01
201000035569;0;7;0;0;2;3;15;A01
201000035570;0;7;0;0;2;1;11;A01
201000035570;0;7;0;0;2;2;1;B01
201000035571;0;33;0;12;0;1;1;A01
201000035572;0;7;0;0;2;5;15;A01
201000035572;0;31;0;0;2;1;1;B01
201000035573;0;7;0;0;1;8;1;A01
201000035574;0;7;0;8;2;5;12;A01
201000035574;0;7;0;0;2;3;1;B01
201000035575;0;7;0;0;2;8;1;A01
201000035575;0;10;0;0;2;1;1;B01
201000035576;1;7;0;0;2;1;2;Z01
201000035576;0;7;0;0;2;4;23;B01
201000035577;0;10;0;0;2;2;9;A01
201000035577;0;7;0;0;2;8;1;B01
201000035577;0;10;0;0;2;6;23;C01
201000035578;0;2;0;6;0;1;1;A01
201000035579;0;7;0;5;0;1;0;A01
201000035580;0;7;0;0;2;1;1;B01
201000035580;0;7;0;0;2;8;1;A01
201000035581;0;7;0;0;2;5;12;A01
201000035581;0;32;0;0;2;1;1;B01
201000035582;0;1;0;0;2;7;5;A01
201000035582;0;7;0;0;2;2;1;B01
201000035583;0;7;0;0;1;1;9;A01
201000035584;0;7;0;0;2;4;23;B01
201000035584;0;7;0;0;2;1;2;A01
201000035585;0;7;0;0;2;1;2;A01
201000035585;0;7;0;0;2;4;2;B01
201000035586;0;33;0;0;2;0;2;B01
201000035586;0;7;0;0;2;0;11;A01
201000035587;0;7;0;0;2;3;1;B01
201000035587;0;7;0;0;2;2;15;A01
201000035588;0;2;0;12;0;1;1;A01
201000035589;0;2;0;0;2;1;13;A01
201000035589;0;10;0;0;2;3;1;B01
201000035590;0;7;0;0;9;6;11;B01
201000035590;0;33;0;0;2;8;11;A01
201000035591;0;7;0;8;0;8;1;A01
201000035592;0;7;0;0;2;1;1;B01
201000035592;0;10;0;0;2;1;13;A01
201000035593;0;7;0;0;1;8;1;A01
201000035594;0;1;0;0;1;1;1;A01
201000035595;0;34;0;0;2;8;1;B01
201000035595;0;7;0;0;2;1;1;A01
201000035596;0;10;0;0;1;4;4;A01
201000035597;0;37;1;0;2;4;23;C01
201000035597;0;7;0;0;2;1;1;A01
201000035597;0;7;0;0;2;4;23;B01
201000035598;0;7;0;0;2;1;2;A01
201000035598;0;7;0;0;2;4;2;B01
201000035599;0;10;0;0;2;1;1;A01
201000035599;0;10;0;0;2;4;23;B01
201000035600;0;32;0;0;2;1;1;A01
201000035600;0;7;0;0;2;8;15;B01
201000035601;0;7;0;0;2;8;22;A01
201000035601;0;1;0;0;2;7;1;B01
201000035602;0;2;0;0;2;0;21;B01
201000035602;0;7;0;0;2;0;12;A01
201000035603;0;2;0;0;2;1;18;A01
201000035603;0;7;0;0;2;7;16;B01
201000035604;0;10;0;0;2;4;2;C01
201000035604;0;7;0;0;2;1;2;A01
201000035604;0;7;0;0;2;4;2;B01
201000035605;1;7;0;0;1;1;1;Z01
201000035606;0;10;0;0;2;1;1;A01
201000035606;0;10;0;0;2;4;23;D01
201000035606;0;7;0;0;2;4;23;C01
201000035606;0;7;0;0;2;4;23;B01
201000035607;0;7;0;0;2;4;1;B01
201000035607;0;7;0;0;2;1;2;A01
201000035608;0;2;0;0;2;1;1;A01
201000035608;0;1;0;0;2;7;1;B01
201000035609;0;7;0;0;2;1;1;B01
201000035609;0;7;0;0;2;7;1;A01
201000035610;0;33;0;0;2;1;1;B01
201000035610;0;15;0;0;2;2;15;A01
201000035611;0;33;0;0;1;8;1;A01
201000035612;0;7;0;0;2;4;23;B01
201000035612;0;7;0;0;2;1;1;A01
201000035613;0;10;0;6;2;3;1;A01
201000035613;0;7;0;0;2;1;1;B01
201000035614;0;30;0;0;2;0;0;A01
201000035614;0;7;0;0;2;8;1;B01
201000035615;1;7;0;0;1;2;1;A01
201000035616;0;32;0;0;2;8;1;B01
201000035616;0;7;0;0;2;8;12;A01
201000035617;0;7;0;15;2;1;1;B01
201000035617;0;7;0;15;2;2;0;A01
201000035618;1;7;0;0;1;1;1;Z01
201000035619;0;7;0;0;9;8;1;A01
201000035619;0;33;0;0;2;1;1;B01
201000035620;0;7;0;0;2;2;2;B01
201000035620;0;7;0;7;2;2;5;A01
201000035621;0;7;0;0;2;4;2;A01
201000035621;1;7;0;0;2;1;2;Z01
201000035622;0;7;0;0;2;5;1;A01
201000035622;0;7;0;0;2;2;1;B01
201000035623;1;10;0;0;1;1;0;Z01
201000035624;0;7;0;0;2;4;2;B01
201000035624;0;31;0;0;2;1;2;A01
201000035625;0;7;0;0;9;3;1;A01
201000035625;0;30;0;0;2;1;1;B01
201000035626;0;7;0;0;2;5;15;A01
201000035626;0;30;0;0;2;1;1;B01
201000035627;1;7;0;0;1;2;15;Z01
201000035628;0;7;0;0;2;1;5;A01
201000035628;0;7;0;0;2;1;1;B01
201000035629;0;7;0;7;0;1;1;A01
201000035630;0;10;0;0;1;1;1;A01
201000035631;0;7;0;0;2;8;23;C01
201000035631;0;7;0;0;2;3;15;B01
201000035631;0;33;0;0;2;1;17;A01
201000035632;0;7;0;0;2;1;2;A01
201000035632;0;7;0;0;2;4;2;B01
201000035633;0;7;0;0;2;1;1;B01
201000035633;0;7;0;0;2;7;15;A01
201000035634;0;7;0;0;2;1;2;A01
201000035634;0;7;0;0;2;4;2;B01
201000035634;0;7;0;0;2;4;2;C01
201000035635;0;7;0;0;2;3;1;B01
201000035635;0;7;0;0;2;1;10;A01
201000035636;0;7;0;0;2;4;2;B01
201000035636;0;7;0;0;2;1;2;A01
201000035637;0;7;0;0;1;1;1;A01
201000035638;0;7;0;1;0;9;1;A01
201000035639;0;10;0;0;2;1;2;A01
201000035639;0;7;0;0;2;4;23;B01
201000035640;0;7;0;0;0;0;15;A01
201000035640;0;7;0;6;0;1;21;B01
201000035641;0;7;0;0;1;1;15;A01
201000035642;0;1;0;0;2;7;19;A01
201000035642;0;7;0;0;2;1;16;B01
201000035643;0;2;0;0;2;8;21;B01