num_acc;senc;catv;occutc;obs;obsm;choc;manv;num_veh
201000035643;0;7;0;0;0;0;4;A01
201000035644;0;7;0;0;1;3;15;A01
201000035645;0;7;0;0;2;7;15;A01
201000035645;0;30;0;0;2;1;1;B01
201000035646;0;31;0;0;2;1;1;B01
201000035646;0;7;0;0;9;2;15;A01
201000035647;0;7;0;0;2;4;23;C01
201000035647;0;7;0;0;2;4;23;B01
201000035647;0;7;0;0;2;1;2;A01
201000035648;0;7;0;0;2;4;2;B01
201000035648;0;33;0;0;2;1;2;A01
201000035649;0;7;0;0;2;1;1;A01
201000035649;0;7;0;0;2;4;23;B01
201000035650;0;7;0;0;2;1;2;A01
201000035650;0;7;0;0;2;4;2;B01
201000035651;0;7;0;0;1;1;1;A01
201000035652;0;37;2;0;2;3;1;B01
201000035652;0;7;0;0;2;7;16;A01
201000035653;0;1;0;0;2;1;1;A01
201000035653;0;7;0;0;9;1;1;B01
201000035654;0;7;0;0;1;7;16;A01
201000035655;0;1;0;1;0;1;21;A01
201000035656;0;30;0;0;2;1;1;A01
201000035656;0;7;0;0;2;6;15;B01
201000035657;0;7;0;0;2;4;23;C01
201000035657;0;7;0;0;2;4;23;B01
201000035657;0;7;0;0;2;4;23;D01
201000035657;0;7;0;0;2;1;2;A01
201000035658;0;7;0;0;2;5;15;A01
201000035658;0;7;0;0;2;1;1;B01
201000035659;0;7;0;0;9;2;0;B01
201000035659;0;1;0;0;2;6;0;A01
201000035660;0;7;0;0;2;1;2;A01
201000035660;0;7;0;0;2;6;2;B01
201000035661;0;33;0;0;1;7;1;A01
201000035661;0;14;0;0;0;0;23;B01
201000035662;0;7;0;0;2;4;2;B01
201000035662;0;33;0;0;2;1;2;A01
201000035663;0;7;0;0;2;3;15;B01
201000035663;0;33;0;0;2;1;1;A01
201000035664;0;7;0;0;2;7;15;A01
201000035664;0;33;0;0;2;1;1;B01
201000035665;0;7;0;0;1;1;16;A01
201000035666;0;7;0;0;2;1;1;C01
201000035666;0;7;0;0;2;6;4;B01
201000035666;0;7;0;0;2;3;1;A01
201000035667;0;7;0;0;2;3;15;A01
201000035667;0;30;0;0;2;1;1;B01
201000035668;0;7;0;0;2;2;9;A01
201000035668;0;33;0;0;2;1;1;B01
201000035669;0;1;0;0;1;1;1;A01
201000035670;0;2;0;0;2;8;1;A01
201000035670;0;7;0;0;2;7;1;B01
201000035671;0;7;0;0;2;1;2;A01
201000035671;0;7;0;0;2;4;23;B01
201000035672;0;7;0;2;0;7;16;A01
201000035673;0;10;0;0;2;2;1;A01
201000035673;0;37;1;0;2;3;1;B01
201000035674;1;7;0;0;1;1;1;Z01
201000035675;0;31;0;0;2;1;1;B01
201000035675;0;7;0;0;2;3;15;A01
201000035676;0;7;0;0;1;1;1;A01
201000035677;0;7;0;0;2;3;1;B01
201000035677;0;7;0;0;2;1;9;A01
201000035678;0;10;0;0;2;2;15;A01
201000035678;0;34;0;0;2;1;1;B01
201000035679;0;7;0;0;2;1;1;B01
201000035679;0;7;0;0;2;1;10;A01
201000035680;0;7;0;0;2;6;15;B01
201000035680;0;33;0;0;2;3;17;A01
201000035681;0;7;0;0;2;3;1;A01
201000035681;0;1;0;0;2;1;9;B01
201000035682;0;7;0;0;2;2;12;A01
201000035682;0;7;0;0;2;4;23;C01
201000035682;0;7;0;0;2;8;23;B01
201000035683;0;7;0;0;2;1;1;A01
201000035683;0;7;0;0;2;8;1;B01
201000035684;0;7;0;0;2;4;2;C01
201000035684;0;7;0;0;2;1;2;A01
201000035684;0;7;0;0;2;4;2;B01
201000035685;0;7;0;0;1;2;1;A01
201000035686;0;10;0;0;2;3;1;C01
201000035686;0;7;0;0;2;1;2;A01
201000035686;0;10;0;0;2;6;1;B01
201000035687;0;7;0;4;2;4;23;B01
201000035687;2;7;0;0;2;1;1;Z01
201000035688;1;7;0;0;1;1;1;Z01
201000035689;1;7;0;0;1;3;1;Z01
201000035690;0;7;0;0;2;1;13;A01
201000035690;0;10;0;0;2;1;1;B01
201000035691;0;7;0;13;0;1;1;A01
201000035692;0;7;0;0;9;3;15;A01
201000035692;0;1;0;0;2;1;1;B01
201000035693;0;7;0;0;2;1;2;A01
201000035693;0;7;0;0;2;4;23;B01
201000035694;0;2;0;12;0;1;21;A01
201000035694;0;7;0;0;0;0;13;B01
201000035695;0;7;0;0;2;2;1;B01
201000035695;0;7;0;0;2;6;10;A01
201000035696;0;7;0;0;1;1;1;A01
201000035697;0;7;0;0;2;2;9;A01
201000035697;0;7;0;12;2;3;1;B01
201000035698;0;10;0;0;2;4;1;B01
201000035698;0;33;0;0;2;1;2;A01
201000035699;0;7;0;0;1;2;1;A01
201000035700;0;7;0;0;1;4;4;A01
201000035701;0;7;0;0;2;1;15;A01
201000035701;0;10;0;0;2;1;1;B01
201000035702;0;7;0;0;1;1;1;A01
201000035703;0;7;0;0;2;4;23;B01
201000035703;0;2;0;0;2;1;1;A01
201000035704;0;32;0;0;1;7;1;A01
201000035705;0;7;0;0;2;1;1;C01
201000035705;0;7;0;0;2;1;15;A01
201000035705;0;7;0;0;2;3;1;B01
201000035706;0;30;0;0;2;1;0;A01
201000035706;0;7;0;0;2;1;0;B01
201000035707;0;7;0;0;0;0;15;C01
201000035707;0;7;0;0;2;3;1;B01
201000035707;0;33;0;0;2;7;17;A01
201000035708;0;7;0;0;9;2;20;A01
201000035708;0;30;0;0;2;8;1;B01
201000035709;0;7;0;0;2;1;1;A01
201000035709;0;7;0;0;2;1;1;B01
201000035710;0;7;0;8;0;1;1;A01
201000035711;0;33;0;13;0;1;1;A01
201000035712;0;7;0;0;2;1;2;A01
201000035712;0;7;0;0;2;4;1;B01
201000035713;0;7;0;0;2;3;1;B01
201000035713;0;7;0;0;2;1;1;A01
201000035714;0;7;0;0;2;6;23;B01
201000035714;0;30;0;0;2;1;2;A01
201000035715;0;7;0;11;0;3;1;A01
201000035716;0;30;0;0;2;4;1;B01
201000035716;0;7;0;0;9;1;1;A01
201000035717;0;1;0;0;2;1;1;B01
201000035717;0;7;0;0;2;3;9;A01
201000035718;0;7;0;0;1;0;1;A01
201000035719;0;7;0;0;2;4;2;B01
201000035719;0;31;0;0;2;1;2;A01
201000035720;0;7;0;0;2;1;10;B01
201000035720;0;7;0;0;2;1;15;A01
201000035721;0;30;0;12;0;1;14;A01
201000035722;0;7;0;0;2;3;15;A01
201000035722;0;30;0;0;2;1;1;B01
201000035723;0;20;0;0;1;7;16;A01
201000035724;0;37;1;0;2;1;2;A01
201000035724;0;7;0;0;2;4;23;B01
201000035725;0;7;0;0;1;1;1;A01
201000035726;0;7;0;0;2;8;22;A01
201000035726;0;1;0;1;0;1;1;B01
201000035727;0;7;0;0;1;2;15;A01
201000035728;0;7;0;0;2;4;23;B01
201000035728;0;7;0;0;2;4;2;A01
201000035729;0;7;0;0;2;5;1;B01
201000035729;0;7;0;0;2;1;9;A01
201000035730;0;32;0;0;2;7;16;A01
201000035730;0;7;0;0;2;8;1;B01
201000035731;0;7;0;0;2;4;23;B01
201000035731;0;7;0;0;2;7;1;A01
201000035731;0;7;0;0;2;8;23;C01
201000035731;0;10;0;0;2;4;23;D01
201000035732;0;30;0;0;1;2;0;A01
201000035733;0;7;0;0;1;1;17;A01
201000035734;0;10;0;0;2;2;2;A01
201000035734;0;7;0;0;2;6;2;B01
201000035735;0;7;0;0;2;7;1;B01
201000035735;0;30;0;0;2;8;15;A01
201000035736;1;7;0;0;2;1;10;A01
201000035736;0;7;0;0;2;8;1;B01
201000035737;0;7;0;0;1;3;1;A01
201000035738;0;7;0;0;2;5;1;B01
201000035738;0;40;0;0;2;1;1;A01
201000035739;0;7;0;0;2;3;9;A01
201000035739;0;2;0;0;2;1;1;B01
201000035740;0;31;0;0;2;1;1;B01
201000035740;1;7;0;0;2;3;10;Z01
201000035741;0;7;0;0;1;1;15;A01
201000035742;0;10;0;0;1;4;4;A01
201000035743;0;7;0;0;1;1;15;A01
201000035744;0;2;0;0;0;4;0;B01
201000035744;0;7;0;0;2;1;9;A01
201000035745;0;40;0;0;1;7;1;A01
201000035746;0;7;0;0;2;2;12;A01
201000035746;0;7;0;0;2;4;1;B01
201000035747;0;7;0;0;2;2;17;B01
201000035747;0;10;0;0;2;3;15;A01
201000035748;0;7;0;0;2;1;1;A01
201000035749;0;15;0;14;0;1;1;A01
201000035750;0;7;0;0;1;7;15;A01
201000035751;0;10;0;0;2;4;23;B01
201000035751;0;2;0;0;2;1;2;A01
201000035752;0;7;0;0;1;0;4;A01
201000035753;0;7;0;0;2;2;15;A01
201000035753;0;7;0;0;2;1;1;B01
201000035754;0;7;0;0;2;2;15;A01
201000035754;0;7;0;0;2;3;1;B01
201000035755;0;7;0;0;2;1;2;A01
201000035755;0;7;0;0;2;4;23;B01
201000035756;0;7;0;0;2;4;1;B01
201000035756;0;7;0;0;2;1;2;A01
201000035757;0;10;0;0;2;3;15;A01
201000035758;0;7;0;0;2;1;15;A01
201000035758;0;7;0;0;2;3;1;B01
201000035759;0;7;0;0;1;1;15;A01
201000035760;0;7;0;0;1;0;16;A01
201000035761;0;40;0;0;2;1;2;B01
201000035761;0;7;0;1;2;8;13;A01
201000035762;1;10;0;0;2;1;1;A01
201000035762;0;7;0;0;2;4;1;B01
201000035763;0;7;0;0;1;2;1;A01
201000035764;0;7;0;8;2;6;1;B01
201000035764;0;7;0;2;2;5;11;A01
201000035765;0;7;0;0;2;7;1;B01
201000035765;0;7;0;0;2;1;0;A01
201000035766;0;7;0;11;0;1;1;A01
201000035767;0;7;0;0;2;1;2;A01
201000035767;0;7;0;0;2;4;23;B01
201000035767;0;7;0;0;2;4;23;C01
201000035768;0;7;0;0;2;4;1;B01
201000035768;1;7;0;0;2;1;1;A01
201000035769;0;7;0;0;2;1;2;A01
201000035769;0;7;0;0;0;4;23;C01
201000035769;0;7;0;0;2;5;2;B01
201000035770;0;7;0;0;1;4;23;A01
201000035771;0;7;0;0;2;3;1;B01
201000035771;0;1;0;0;2;1;1;A01
201000035772;0;7;0;0;0;5;23;B01
201000035772;0;7;0;0;2;3;11;A01
201000035773;0;7;0;8;1;2;21;A01
201000035774;0;7;0;0;1;3;1;A01
201000035775;0;7;0;0;1;3;1;A01
201000035776;0;7;0;0;2;1;7;A01
201000035776;0;7;0;8;2;7;1;B01
201000035777;0;7;0;0;1;2;1;A01
201000035778;0;32;0;0;2;1;1;B01
201000035778;1;7;0;0;2;3;15;Z01
201000035779;0;7;0;8;2;6;1;B01
201000035779;0;7;0;1;2;1;1;A01
201000035780;0;7;0;0;2;3;22;A01
201000035780;0;31;0;1;0;1;21;B01
201000035781;0;7;0;0;2;1;5;A01
201000035781;0;7;0;0;2;1;1;B01
201000035782;0;10;0;0;2;3;9;A01
201000035782;0;7;0;2;1;6;1;B01
201000035782;0;17;0;0;2;3;23;C01
201000035783;0;7;0;0;1;3;15;A01
201000035784;0;7;0;0;1;1;1;A01
201000035785;0;7;0;0;2;3;16;A01
201000035785;0;7;0;0;2;8;23;B01
201000035786;0;7;0;0;2;4;23;B01
201000035786;0;7;0;0;2;1;2;A01
201000035787;0;2;0;1;0;0;0;B01
201000035787;0;2;0;0;0;7;1;A01
201000035788;0;7;0;0;2;3;1;A01
201000035788;0;7;0;0;2;1;1;B01
201000035789;0;2;0;0;2;3;1;A01
201000035789;0;7;0;0;2;3;1;B01
201000035790;0;7;0;1;0;1;1;A01
201000035791;0;7;0;0;2;3;1;B01
201000035791;0;1;0;0;2;6;15;A01
201000035792;0;2;0;0;2;2;1;B01
201000035792;0;7;0;0;2;2;19;A01
201000035793;0;7;0;0;2;2;1;A01
201000035793;0;7;0;0;2;3;15;B01
201000035794;0;7;0;0;2;3;1;A01
201000035794;0;1;0;0;2;4;1;B01
201000035795;2;10;0;0;2;1;1;Z01
201000035795;0;10;0;0;2;8;1;B01
201000035796;0;7;0;0;1;1;1;A01
201000035797;0;7;0;0;2;1;13;A01
201000035797;0;7;0;0;2;1;1;B01
201000035798;0;37;2;0;2;2;1;B01
201000035798;0;7;0;0;2;5;4;A01
201000035799;0;7;0;0;2;4;1;B01
201000035799;0;7;0;0;2;1;1;A01
201000035799;0;7;0;0;2;4;1;C01
201000035800;0;33;0;0;2;1;1;B01
201000035800;0;7;0;0;2;7;15;A01
201000035801;0;7;0;0;2;1;15;A01
201000035801;0;7;0;0;2;6;1;B01
201000035802;0;7;0;8;0;2;17;A01
201000035803;0;7;0;0;2;3;1;B01
201000035803;0;7;0;0;2;1;15;A01
201000035804;0;7;0;0;2;5;15;A01
201000035804;0;2;0;0;2;1;1;B01
201000035805;0;7;0;0;2;5;15;A01
201000035805;0;30;0;0;2;1;1;B01
201000035806;0;1;0;0;2;8;15;B01
201000035806;0;7;0;0;9;3;1;A01
201000035807;0;33;0;0;2;9;1;A01
201000035807;0;7;0;0;2;6;20;B01
201000035808;0;7;0;0;0;8;1;A01
201000035808;0;33;0;0;2;1;1;B01
201000035809;0;1;0;0;2;1;15;B01
201000035809;0;7;0;0;2;8;1;A01
201000035810;0;30;0;0;2;1;1;A01
201000035810;0;7;0;0;0;5;1;B01
201000035811;0;7;0;0;2;1;1;B01
201000035811;0;7;0;0;2;2;15;A01
201000035812;0;15;0;13;0;7;1;A01
201000035813;0;3;0;0;2;1;1;B01
201000035813;0;20;0;0;2;3;15;A01
201000035814;0;14;0;0;0;0;15;B01
201000035814;0;2;0;0;0;0;1;A01
201000035815;0;33;0;0;2;8;1;B01
201000035815;0;1;0;0;2;1;15;A01
201000035816;0;1;0;0;0;8;15;B01
201000035816;0;7;0;0;2;1;15;A01
201000035817;0;2;0;0;2;1;1;B01
201000035817;0;7;0;0;0;8;19;A01
201000035818;0;7;0;0;2;2;15;A01
201000035818;0;1;0;0;2;7;1;B01
201000035819;0;3;0;0;2;3;15;B01
201000035819;0;33;0;0;2;1;17;A01
201000035820;0;7;0;0;1;2;1;A01
201000035821;0;7;0;0;1;3;19;A01
201000035822;0;7;0;0;1;7;17;A01
201000035823;0;7;0;0;2;2;15;A01
201000035823;0;7;0;0;2;1;1;B01
201000035824;0;7;0;0;2;4;1;B01
201000035824;0;7;0;0;2;1;1;A01
201000035825;0;7;0;0;2;1;1;A01
201000035825;0;7;0;0;0;0;0;C01
201000035825;0;7;0;0;2;4;1;B01
201000035826;0;7;0;2;0;8;1;A01
201000035827;0;10;0;0;2;2;9;A01
201000035827;0;7;0;0;2;2;2;B01
201000035828;0;7;0;0;1;1;1;A01
201000035829;0;7;0;0;0;3;1;B01
201000035829;0;7;0;0;0;3;0;A01
201000035830;0;7;0;0;2;3;20;A01
201000035830;0;1;0;0;2;3;1;B01
201000035831;0;7;0;0;1;2;1;A01
201000035832;0;7;0;0;1;2;1;A01
201000035833;0;7;0;0;2;1;11;A01
201000035833;0;7;0;0;2;1;0;B01
201000035834;0;15;0;0;2;3;1;B01
201000035834;0;7;0;3;2;4;19;A01
201000035835;0;7;0;0;2;7;0;A01
201000035835;0;99;0;0;2;1;0;B01
201000035836;0;7;0;0;1;0;1;A01
201000035837;0;7;0;0;1;1;1;A01
201000035838;0;7;0;0;1;1;1;A01
201000035839;0;7;0;0;1;1;1;A01
201000035840;1;7;0;0;1;1;1;A01
201000035841;0;7;0;0;1;3;21;A01
201000035842;0;7;0;0;2;8;1;B01
201000035842;0;7;0;0;2;2;15;A01
201000035843;0;7;0;0;1;2;1;A01
201000035844;0;7;0;0;1;2;15;A01
201000035845;0;2;0;0;2;1;1;B01
201000035845;0;7;0;0;2;8;16;A01
201000035846;0;30;0;0;0;2;14;A01
201000035847;0;33;0;0;2;1;1;B01
201000035847;0;7;0;0;2;7;9;A01
201000035848;0;7;0;0;0;9;1;A01
201000035849;0;7;0;13;0;9;1;A01
201000035850;0;10;0;0;2;3;1;A01
201000035850;0;1;0;0;2;1;1;B01
201000035851;0;7;0;0;2;5;15;A01
201000035851;0;2;0;0;2;1;2;B01
201000035852;0;33;0;10;0;7;1;A01
201000035853;0;7;0;0;2;1;2;A01
201000035853;0;7;0;0;2;4;1;B01
201000035854;0;10;0;0;2;4;10;A01
201000035854;0;33;0;0;2;1;2;B01
201000035855;0;7;0;0;1;7;1;A01
201000035856;0;2;0;6;0;7;1;A01
201000035857;0;7;0;0;2;8;9;A01
201000035857;0;1;0;0;2;1;1;B01
201000035858;0;7;0;9;2;3;15;A01
201000035858;0;7;0;0;2;3;1;B01
201000035859;0;7;0;0;2;1;1;A01
201000035859;0;7;0;0;2;8;15;B02
201000035860;0;7;0;6;2;8;18;A01
201000035860;0;10;0;0;2;7;16;B01
201000035861;0;7;0;0;2;3;13;A01
201000035861;0;7;0;0;2;8;1;C01
201000035861;0;7;0;0;2;8;1;B01
201000035862;0;7;0;0;2;7;1;A01
201000035862;0;7;0;0;2;2;15;B01
201000035863;0;1;0;0;2;8;1;B01
201000035863;0;7;0;0;2;7;17;A01
201000035864;0;7;0;0;1;2;1;A01
201000035865;0;7;0;0;2;1;1;B01
201000035865;0;7;0;0;2;3;13;A01
201000035866;0;7;0;0;1;1;1;A01
201000035867;0;10;0;0;1;1;15;A01
201000035868;0;7;0;0;1;2;1;A01
201000035869;0;7;0;13;0;1;1;A01
201000035870;0;7;0;0;2;3;1;A01
201000035870;0;33;0;0;2;7;17;B01
201000035871;0;7;0;0;9;3;20;A01
201000035871;0;2;0;0;2;5;2;B01
201000035872;0;30;0;0;2;8;1;A01
201000035872;0;7;0;0;2;2;1;B01
201000035873;0;2;0;0;2;1;1;A01
201000035873;0;7;0;0;2;2;1;B01
201000035874;0;7;0;0;1;5;4;A01
201000035875;0;7;0;0;2;7;1;B01
201000035875;0;1;0;0;2;1;9;A01
201000035876;0;7;0;0;1;1;1;A01
201000035877;0;31;0;1;0;1;14;A01
201000035878;0;7;0;0;2;1;1;B01
201000035878;0;7;0;0;2;3;13;A01
201000035879;0;14;0;0;0;0;2;A01
201000035880;0;7;0;8;0;3;14;A01
201000035881;0;33;0;0;2;1;1;B01
201000035881;0;7;0;0;2;4;9;A01
201000035882;0;1;0;0;0;0;0;B01
201000035882;0;7;0;0;0;3;0;A01
201000035883;0;7;0;0;2;1;1;A01
201000035883;0;10;0;0;2;3;1;B01
201000035884;0;7;0;0;1;1;1;A01
201000035885;0;2;0;0;1;1;5;A01
201000035886;0;7;0;0;1;3;1;A01
201000035887;0;2;0;0;0;0;0;A01
201000035888;0;7;0;11;0;1;13;A01
201000035889;0;7;0;0;2;2;1;A01
201000035889;0;7;0;0;2;3;1;B01
201000035890;0;38;0;0;2;2;1;B01
201000035890;0;7;0;0;2;1;1;A01
201000035891;0;7;0;0;1;1;1;A01
201000035892;0;7;0;13;0;7;14;A01
201000035893;0;2;0;0;0;0;1;A01
201000035894;0;31;0;0;0;0;1;A01
201000035895;0;7;0;0;2;1;9;A01
201000035895;0;2;0;0;2;7;1;B01
201000035896;0;2;0;0;0;0;16;A01
201000035897;0;7;0;0;1;1;14;A01
201000035898;0;2;0;0;0;0;1;A01
201000035899;0;7;0;0;1;2;1;A01
201000035900;1;7;0;0;1;0;1;Z01
201000035901;0;7;0;0;2;1;1;A01
201000035901;0;7;0;0;2;4;23;B01
201000035902;0;7;0;0;2;1;13;A01
201000035902;0;33;0;0;2;1;1;B01
201000035903;0;7;0;1;0;1;14;A01
201000035904;0;31;0;9;0;1;0;A01
201000035905;0;7;0;0;1;0;1;A01
201000035906;0;7;0;0;2;2;1;A01
201000035906;0;2;0;0;2;1;1;B01
201000035907;0;7;0;1;0;2;14;A01
201000035908;0;7;0;0;2;4;1;B01
201000035908;0;7;0;0;2;1;1;A01
201000035909;0;2;0;0;0;0;1;A01
201000035910;0;14;0;16;0;7;14;A01
201000035911;0;2;0;0;0;0;0;A01
201000035912;0;1;0;12;0;1;14;A01
201000035913;0;33;0;12;0;1;14;A01
201000035914;0;10;0;0;2;4;23;B01
201000035914;0;2;0;0;2;1;1;A01
201000035915;0;7;0;13;0;1;14;A01
201000035916;0;7;0;0;1;3;1;A01
201000035917;0;7;0;0;2;1;1;A01
201000035917;0;7;0;0;2;7;1;B01
201000035918;0;7;0;0;2;4;23;B01
201000035918;0;2;0;0;2;1;1;A01
201000035919;0;2;0;0;2;1;1;A01
201000035919;0;7;0;0;2;4;23;B01
201000035920;0;7;0;13;0;7;14;A01
201000035921;0;7;0;0;2;3;15;A01
201000035921;0;30;0;0;2;8;1;B01
201000035922;0;7;0;0;2;1;1;A01
201000035922;0;7;0;0;2;8;15;B01
201000035923;0;2;0;0;2;1;13;A01
201000035923;0;7;0;0;2;2;1;B01
201000035924;0;31;0;0;1;1;1;A01
201000035925;0;30;0;0;0;0;1;A01
201000035926;0;1;0;0;2;0;1;B01
201000035926;0;7;0;0;2;2;0;A01
201000035927;0;30;0;0;2;1;1;A01
201000035927;0;7;0;0;2;4;15;B01
201000035928;0;2;0;12;0;1;0;A01
201000035929;0;7;0;13;0;9;14;A01
201000035930;0;1;0;0;2;0;19;B01
201000035930;0;7;0;0;2;1;1;A01
201000035931;0;7;0;0;2;1;1;B01
201000035931;0;2;0;0;2;2;1;A01
201000035932;0;7;0;0;1;4;4;A01
201000035933;0;2;0;0;0;0;0;A01
201000035934;0;7;0;8;0;9;14;A01
201000035935;0;7;0;0;1;1;1;A01
201000035936;0;7;0;0;2;2;16;A01
201000035936;0;1;0;0;2;0;1;B01
201000035937;0;7;0;0;2;3;1;B01
201000035937;0;7;0;0;2;2;1;A01
201000035938;0;7;0;0;1;1;1;A01
201000035939;0;30;0;0;0;7;0;A01
201000035940;0;7;0;0;1;4;20;A01
201000035941;0;30;0;2;0;1;1;A01
201000035942;0;7;0;0;2;3;1;B01
201000035942;0;7;0;0;2;3;13;A01
201000035943;0;7;0;16;0;1;13;A01
201000035944;0;7;0;0;2;8;1;B01
201000035944;0;7;0;11;2;1;15;A01
201000035945;0;33;0;0;2;5;1;B01
201000035945;0;7;0;0;2;3;9;A01
201000035946;0;10;0;0;1;1;0;A01
201000035947;0;7;0;0;1;0;1;A01
201000035948;0;7;0;0;2;1;1;A01
201000035948;0;7;0;1;2;3;18;B01
201000035949;0;7;0;0;2;4;1;D01
201000035949;0;7;0;0;2;4;1;B01
201000035949;0;7;0;0;2;1;1;A01
201000035949;0;7;0;0;2;4;1;C01
201000035950;0;7;0;0;2;1;1;A01
201000035950;0;7;0;0;2;3;1;B01
201000035951;0;7;0;0;2;1;1;A01
201000035951;0;7;0;0;2;4;23;B01
201000035952;0;2;0;0;0;7;0;A01
201000035953;0;7;0;0;2;3;9;A01
201000035953;0;1;0;0;2;0;1;B01
201000035954;0;7;0;0;2;1;15;A01
201000035954;0;7;0;0;2;2;1;B01
201000035955;0;7;0;0;2;3;15;A01
201000035955;0;2;0;0;2;1;17;B01
201000035956;0;7;0;0;2;2;1;B01
201000035956;0;7;0;0;2;1;9;A01
201000035957;0;7;0;1;0;9;1;A01
201000035958;0;7;0;0;1;1;1;A01
201000035959;0;7;0;0;2;0;0;A01
201000035959;0;30;0;0;0;0;23;B01
201000035960;0;7;0;0;1;1;15;B01
201000035960;0;30;0;0;2;1;18;A01
201000035961;0;7;0;0;2;5;1;A01
201000035961;0;7;0;0;2;1;1;B01
201000035962;0;14;0;0;1;1;16;A01
201000035963;0;7;0;0;2;3;9;A01
201000035963;0;2;0;0;2;5;16;B01
201000035964;0;30;0;0;0;0;1;A01
201000035965;0;7;0;0;2;1;1;B01
201000035965;0;7;0;0;2;3;13;A01
201000035966;0;7;0;0;0;9;14;A01
201000035967;0;1;0;0;2;6;1;B01
201000035967;0;7;0;0;2;2;16;A01
201000035968;0;7;0;0;1;1;1;A01
201000035969;0;1;0;0;2;0;1;B01
201000035969;0;7;0;0;2;2;1;A01
201000035970;0;2;0;0;0;0;1;A01
201000035971;0;7;0;14;0;1;14;A01
201000035972;0;7;0;15;0;1;14;A01
201000035973;0;7;0;0;1;7;1;A01
201000035974;0;7;0;0;2;1;13;A01
201000035974;0;7;0;0;2;1;1;B01
201000035975;0;10;0;0;2;4;23;B01
201000035975;0;7;0;0;2;1;1;A01
201000035976;0;7;0;0;2;1;1;A01
201000035976;0;7;0;0;2;4;1;B01
201000035977;0;7;0;2;0;1;14;A01
201000035978;0;7;0;0;2;3;1;B01
201000035978;0;7;0;0;2;2;1;A01
201000035979;0;7;0;0;2;3;9;A01
201000035979;0;1;0;0;2;1;1;B01
201000035980;0;32;0;0;2;2;17;A01
201000035980;0;7;0;0;2;3;15;B01
201000035981;0;7;0;0;2;6;15;A01
201000035981;0;1;0;0;2;1;1;B01
201000035982;0;7;0;0;2;1;9;A01
201000035982;0;7;0;0;2;7;1;B01
201000035983;0;2;0;0;0;0;1;A01
201000035984;0;7;0;14;0;9;14;A01
201000035985;0;37;0;0;1;1;7;A01
201000035986;0;7;0;0;2;1;1;B01
201000035986;0;2;0;0;2;0;1;A01
201000035987;0;7;0;0;2;8;10;A01
201000035987;0;33;0;0;2;1;17;B01
201000035988;0;33;0;0;0;0;1;A01
201000035989;0;2;0;0;2;0;9;A01
201000035989;0;7;0;0;2;2;1;B01
201000035990;0;1;0;0;0;0;1;A01
201000035991;0;7;0;0;2;4;15;B01
201000035991;0;7;0;0;2;1;1;A01
201000035992;0;7;0;0;2;1;1;A01
201000035992;0;7;0;0;2;4;1;B01
201000035993;0;2;0;0;0;0;1;A01
201000035994;0;7;0;0;2;6;1;B01
201000035994;0;7;0;0;2;7;10;A01
201000035995;0;7;0;9;2;2;1;B01
201000035995;0;7;0;0;2;6;15;A01
201000035996;0;30;0;0;0;0;1;A01
201000035997;0;7;0;0;2;8;1;B01
201000035997;0;2;0;0;2;1;1;A01
201000035998;0;2;0;0;0;0;1;A01
201000035999;0;7;0;0;2;2;1;A01
201000035999;0;7;0;0;2;3;1;B01
201000036000;0;37;1;0;2;1;1;B01
201000036000;0;37;3;0;0;4;1;A01
201000036001;0;33;0;0;2;1;1;A01
201000036001;0;7;0;0;2;4;1;B01
201000036002;0;7;0;1;0;1;1;A01
201000036003;0;7;0;0;2;7;1;A01
201000036003;0;2;0;0;2;7;1;B01
201000036004;0;7;0;0;2;8;1;B01
201000036004;0;30;0;0;2;7;18;A01
201000036005;0;2;0;0;0;0;1;A01
201000036006;0;2;0;0;2;1;1;B01
201000036006;0;7;0;0;2;3;1;A01
201000036007;0;7;0;0;2;5;10;A01
201000036007;0;30;0;0;2;1;1;B01
201000036008;0;30;0;0;2;7;1;A01
201000036008;0;7;0;0;2;1;1;B01
201000036009;0;7;0;0;1;1;1;A01
201000036010;0;33;0;0;0;7;1;A01
201000036011;0;7;0;0;2;4;23;B01
201000036011;0;7;0;0;0;4;23;C01
201000036011;0;7;0;0;2;1;1;A01
201000036012;0;30;0;12;0;1;1;A01
201000036013;0;2;0;1;0;1;1;A01
201000036014;0;7;0;6;0;1;1;A01
201000036015;0;2;0;0;0;0;1;A01
201000036016;0;2;0;0;0;0;1;A01
201000036017;0;7;0;0;0;4;23;B01
201000036017;0;30;0;0;2;1;1;A01
201000036018;0;1;0;11;0;1;1;A01
201000036019;1;7;0;0;2;0;17;Z01
201000036019;0;1;0;0;0;1;1;B01
201000036020;0;30;0;0;0;1;1;A01
201000036021;0;7;0;0;2;1;2;A01
201000036021;0;7;0;0;2;4;15;B01
201000036022;0;30;0;0;2;7;1;B01
201000036022;1;7;0;0;2;0;1;Z01
201000036023;1;7;0;0;2;0;20;Z01
201000036023;0;30;0;0;2;0;1;B01
201000036024;0;30;0;0;0;0;0;A01
201000036025;0;7;0;13;0;7;14;A01
201000036026;0;1;0;0;0;0;1;A01
201000036027;0;2;0;0;2;1;2;B01
201000036027;0;7;0;0;1;4;1;A01
201000036028;0;7;0;0;2;3;15;A01
201000036028;0;33;0;0;2;1;1;B01
201000036029;0;7;0;0;2;2;0;A01
201000036029;0;7;0;0;2;3;0;B01
201000036030;0;7;0;0;1;3;15;A01