num_acc;senc;catv;occutc;obs;obsm;choc;manv;num_veh
201000036403;0;7;0;0;2;1;1;A01
201000036404;0;10;0;0;1;2;1;A01
201000036405;0;7;0;0;2;8;9;A01
201000036405;0;7;0;0;2;1;1;B01
201000036406;0;7;0;1;0;2;1;A01
201000036407;0;7;0;6;0;1;0;A01
201000036408;0;7;0;0;2;2;9;A01
201000036408;0;33;0;0;1;1;1;B01
201000036409;0;7;0;0;1;2;1;A01
201000036410;0;10;0;0;1;1;15;A01
201000036411;0;33;0;0;2;1;13;A01
201000036411;0;7;0;0;2;6;15;B01
201000036412;0;7;0;0;1;2;1;A01
201000036413;0;7;0;0;1;1;1;A01
201000036414;0;7;0;1;1;2;14;A01
201000036415;0;7;0;0;2;1;9;B01
201000036415;0;33;0;0;2;1;17;A01
201000036416;0;7;0;0;1;1;15;A01
201000036417;0;7;0;0;2;7;17;A01
201000036417;0;7;0;0;2;1;1;B01
201000036418;0;7;0;0;2;8;1;A01
201000036418;0;7;0;0;2;1;1;B01
201000036419;0;7;0;0;1;3;15;A01
201000036420;0;33;0;0;2;1;1;B01
201000036420;0;7;0;0;1;3;9;A01
201000036421;0;7;0;0;2;6;10;A01
201000036421;0;2;0;0;2;8;1;B01
201000036422;0;38;2;7;2;1;15;A01
201000036422;0;37;5;0;2;7;1;B01
201000036422;0;7;0;7;0;3;23;C01
201000036423;0;7;0;1;1;2;1;A01
201000036424;0;7;0;0;1;1;0;A01
201000036425;0;7;0;0;2;2;1;B01
201000036425;0;7;0;0;2;3;13;A01
201000036426;0;2;0;0;2;1;2;A01
201000036426;0;7;0;0;0;4;0;B01
201000036427;0;7;0;0;2;6;1;B01
201000036427;1;7;0;0;2;1;1;A01
201000036428;0;7;0;0;2;1;13;A01
201000036428;0;10;0;0;2;1;1;B01
201000036428;0;7;0;0;2;1;1;C01
201000036428;0;7;0;0;2;1;1;D01
201000036429;0;7;0;0;1;2;0;A01
201000036430;0;7;0;0;2;8;9;A01
201000036430;0;31;0;0;2;1;0;B01
201000036431;0;7;0;0;2;1;9;B01
201000036432;0;7;0;0;1;2;1;A01
201000036433;0;7;0;0;2;2;0;A01
201000036433;0;7;0;0;2;1;13;B01
201000036434;0;7;0;0;1;0;4;A01
201000036435;0;15;0;0;2;3;1;B01
201000036435;0;7;0;0;2;8;13;A01
201000036436;0;7;0;13;0;1;1;A01
201000036437;0;7;0;0;2;1;1;B01
201000036437;1;7;0;0;2;4;0;Z01
201000036437;0;7;0;0;2;0;1;A01
201000036438;0;1;0;0;2;8;0;B01
201000036438;0;7;0;0;9;1;1;A01
201000036439;0;7;0;0;1;3;9;A01
201000036440;0;2;0;0;2;1;9;A01
201000036440;0;38;35;0;2;3;1;B01
201000036441;0;7;0;0;2;1;1;A01
201000036441;0;7;0;0;2;4;1;B01
201000036442;0;7;0;0;1;1;15;A01
201000036443;0;33;0;0;2;1;1;B01
201000036443;0;7;0;0;9;3;19;A01
201000036444;0;7;0;0;1;3;1;A01
201000036445;0;7;0;0;1;1;1;A01
201000036446;0;7;0;0;1;3;1;A01
201000036447;0;7;0;0;1;1;1;A01
201000036448;0;13;0;0;1;7;1;A01
201000036449;0;7;0;0;2;1;13;A01
201000036449;0;7;0;0;2;1;1;B01
201000036450;0;7;0;0;1;1;1;A01
201000036451;0;7;0;0;2;3;15;A01
201000036451;0;2;0;0;2;1;1;B01
201000036452;0;7;0;0;2;4;2;B01
201000036452;0;7;0;0;2;1;1;A01
201000036452;0;7;0;0;2;4;2;C01
201000036453;0;7;0;0;1;1;1;A01
201000036454;0;7;0;0;1;1;1;A01
201000036455;0;7;0;0;2;1;1;A01
201000036455;0;7;0;0;2;4;2;B01
201000036456;0;7;0;0;2;1;1;A01
201000036456;0;7;0;0;2;4;2;B01
201000036457;0;7;0;0;2;8;9;A01
201000036457;0;2;0;0;2;1;1;B01
201000036458;0;7;0;0;2;1;1;A01
201000036458;0;7;0;0;2;6;2;B01
201000036459;0;7;0;0;1;3;1;A01
201000036460;0;7;0;0;1;3;1;A01
201000036461;0;7;0;0;1;2;9;A01
201000036462;0;7;0;0;2;1;1;B01
201000036462;0;7;0;0;2;1;14;A01
201000036463;0;7;0;0;2;1;1;B01
201000036463;0;7;0;0;2;1;13;A01
201000036464;0;7;0;0;2;4;16;B01
201000036464;0;7;0;0;2;1;1;A01
201000036465;0;7;0;0;1;1;1;A01
201000036466;0;7;0;0;2;3;13;A01
201000036466;0;7;0;0;2;3;1;B01
201000036467;0;7;0;0;2;1;17;A01
201000036467;0;7;0;0;2;8;17;B01
201000036468;1;10;0;0;2;8;15;Z01
201000036468;0;7;0;6;2;1;1;B01
201000036468;0;10;0;0;2;8;23;C01
201000036469;0;2;0;13;0;1;10;A01
201000036470;0;10;0;0;2;8;1;B01
201000036470;0;7;0;0;2;1;1;A01
201000036471;0;7;0;0;1;3;1;A01
201000036472;0;7;0;0;2;1;1;B01
201000036472;0;7;0;0;2;2;15;A01
201000036473;0;7;0;0;0;0;24;B01
201000036473;0;7;0;0;1;2;1;A01
201000036474;0;7;0;0;9;2;15;B01
201000036474;0;1;0;0;2;1;1;A01
201000036475;0;10;0;0;0;4;23;B01
201000036475;0;10;0;0;2;1;2;A01
201000036476;0;7;0;0;2;1;15;A01
201000036476;0;7;0;0;2;3;1;B01
201000036477;0;33;0;0;2;4;1;B01
201000036477;0;7;0;0;2;3;16;A01
201000036478;0;7;0;0;1;1;0;A01
201000036479;1;7;0;0;2;3;13;Z01
201000036479;0;7;0;4;2;4;17;A01
201000036480;0;7;0;9;2;1;13;A01
201000036480;0;7;0;0;0;6;1;B01
201000036481;0;7;0;0;0;2;1;B01
201000036481;0;30;0;0;2;1;18;A01
201000036482;0;7;0;0;2;7;1;B01
201000036482;0;2;0;0;2;1;1;A01
201000036483;0;7;0;0;2;1;9;A01
201000036483;0;7;0;0;2;2;1;B01
201000036484;0;7;0;0;2;1;1;B01
201000036484;0;7;0;0;2;6;15;A01
201000036485;0;7;0;0;2;1;13;A01
201000036486;0;2;0;0;2;1;1;A01
201000036486;0;10;0;0;0;4;23;B01
201000036487;0;7;0;9;9;1;14;A01
201000036488;0;7;0;0;2;8;9;A01
201000036488;0;7;0;0;2;7;1;B01
201000036489;0;33;0;0;2;1;1;A01
201000036489;0;7;0;0;2;4;2;B01
201000036490;0;1;0;0;2;8;19;A01
201000036490;0;7;0;0;2;2;1;B01
201000036491;0;7;0;0;2;1;1;B01
201000036491;0;7;0;0;2;1;15;A01
201000036492;0;33;0;0;2;8;1;B01
201000036492;0;7;0;0;2;3;13;A01
201000036493;0;7;0;0;1;1;1;A01
201000036494;0;7;0;0;2;1;1;A01
201000036494;0;7;0;0;0;4;23;B01
201000036495;0;7;0;0;0;4;23;B01
201000036495;0;7;0;0;2;1;1;A01
201000036496;0;36;0;0;2;1;14;A01
201000036497;0;7;0;0;1;1;1;A01
201000036498;0;10;0;0;1;1;1;A01
201000036499;0;7;0;0;0;4;23;B01
201000036499;0;7;0;0;2;1;1;A01
201000036500;0;7;0;15;1;1;20;A01
201000036501;0;7;0;8;0;1;13;A01
201000036502;0;2;0;0;2;1;1;A01
201000036502;0;7;0;0;1;4;23;B01
201000036503;0;7;0;6;2;8;9;A01
201000036503;0;7;0;0;2;1;1;B01
201000036504;0;7;0;15;2;1;1;B01
201000036504;0;7;0;15;2;3;1;A01
201000036505;0;7;0;0;2;1;17;A01
201000036505;0;7;0;0;0;4;17;B01
201000036506;1;7;0;0;1;1;15;Z01
201000036507;0;7;0;0;2;4;1;B01
201000036507;0;7;0;0;0;4;1;C01
201000036507;0;7;0;0;2;1;1;A01
201000036508;0;32;0;0;2;3;1;B01
201000036508;0;7;0;0;2;1;15;A01
201000036509;0;7;0;0;2;5;1;B01
201000036509;0;2;0;0;2;8;9;A01
201000036510;0;14;0;0;2;5;23;B01
201000036510;0;33;0;0;2;1;18;A01
201000036511;0;7;0;0;2;3;9;A01
201000036511;0;33;0;0;2;3;1;B01
201000036512;0;7;0;0;1;3;1;A01
201000036513;0;7;0;0;1;1;15;A01
201000036514;0;7;0;0;2;5;15;B01
201000036514;0;14;0;0;2;3;2;A01
201000036515;0;33;0;0;2;1;17;A01
201000036515;0;7;0;0;2;1;1;B01
201000036516;0;7;0;0;1;1;1;A01
201000036517;0;7;0;0;1;1;1;A01
201000036518;0;7;0;0;2;1;2;A01
201000036518;0;7;0;0;2;4;2;B01
201000036518;0;7;0;0;2;4;2;C01
201000036519;0;2;0;0;2;1;1;B01
201000036519;0;7;0;0;2;3;15;A01
201000036520;0;7;0;0;2;1;13;A01
201000036520;0;7;0;0;2;1;1;B01
201000036521;0;7;0;0;1;3;1;A01
201000036522;0;7;0;6;0;1;14;A01
201000036523;0;7;0;0;2;1;2;A01
201000036523;0;31;0;0;2;4;2;B01
201000036524;0;2;0;0;2;1;1;A01
201000036524;0;7;0;0;2;4;2;B01
201000036525;0;7;0;0;1;4;20;A01
201000036526;0;21;0;0;2;4;1;B01
201000036526;0;7;0;0;9;1;17;A01
201000036527;0;7;0;0;2;5;15;A01
201000036527;0;33;0;0;2;1;1;B01
201000036528;0;7;0;0;1;1;1;A01
201000036529;0;2;0;0;1;4;23;B01
201000036529;0;7;0;0;2;1;1;A01
201000036530;0;7;0;0;2;1;13;A01
201000036530;0;7;0;0;2;1;1;B01
201000036531;0;7;0;6;0;1;1;A01
201000036532;0;7;0;0;2;3;1;B01
201000036532;0;2;0;0;2;1;13;A01
201000036533;0;7;0;0;9;2;17;A01
201000036533;0;1;0;0;0;4;1;B01
201000036534;0;7;0;6;0;1;13;A01
201000036535;0;31;0;0;2;7;1;B01
201000036535;0;7;0;0;2;3;20;A01
201000036536;0;7;0;0;2;2;1;A01
201000036536;0;1;0;0;2;4;2;B01
201000036537;0;7;0;0;1;1;1;A01
201000036538;0;7;0;0;2;2;15;A01
201000036538;0;7;0;0;2;7;1;B01
201000036539;0;1;0;0;2;1;1;B01
201000036539;0;7;0;0;2;3;0;A01
201000036540;0;7;0;0;2;8;9;A01
201000036540;0;2;0;0;2;1;0;B01
201000036541;0;2;0;0;0;0;1;A01
201000036542;0;7;0;0;2;4;2;B01
201000036542;0;7;0;0;2;4;2;C01
201000036542;0;7;0;0;2;1;2;A01
201000036542;0;7;0;0;2;4;2;D01
201000036543;0;2;0;13;0;8;14;A01
201000036544;0;1;0;0;2;8;1;B01
201000036544;1;7;0;0;2;2;17;Z01
201000036545;0;1;0;0;2;1;13;A01
201000036545;0;1;0;0;2;1;1;B01
201000036546;0;7;0;0;2;1;1;A01
201000036546;0;7;0;0;2;4;1;C01
201000036546;0;7;0;0;2;4;2;B01
201000036547;0;7;0;0;2;4;2;B01
201000036547;0;7;0;0;2;1;2;A01
201000036547;0;7;0;0;2;4;23;C01
201000036548;0;2;0;0;2;1;2;A01
201000036548;0;7;0;0;2;5;23;B01
201000036549;0;1;0;0;2;1;1;B01
201000036549;0;7;0;0;2;7;1;A01
201000036550;0;31;0;0;2;1;1;B01
201000036550;0;7;0;0;2;8;9;A01
201000036551;0;2;0;0;2;1;13;A01
201000036551;0;1;0;0;2;1;1;B01
201000036552;0;7;0;0;2;4;2;B01
201000036552;0;7;0;0;2;4;1;C01
201000036552;0;7;0;0;2;1;2;A01
201000036553;0;7;0;0;2;8;9;A01
201000036553;0;33;0;0;2;1;1;B01
201000036554;0;7;0;0;2;8;1;B01
201000036554;0;7;0;0;2;1;1;A01
201000036555;0;7;0;0;2;1;15;A01
201000036555;0;7;0;0;2;1;1;B01
201000036556;0;7;0;0;2;1;2;A01
201000036556;0;7;0;0;2;4;2;B01
201000036556;0;7;0;0;2;4;2;C01
201000036556;0;7;0;0;2;4;2;D01
201000036557;0;7;0;6;5;1;13;A01
201000036558;0;37;4;0;2;1;1;A01
201000036559;0;7;0;0;9;8;24;A01
201000036559;0;1;0;0;2;8;0;B01
201000036560;0;7;0;0;2;2;15;A01
201000036560;0;7;0;0;2;1;1;B01
201000036561;0;33;0;0;2;1;1;B01
201000036561;0;7;0;0;9;7;15;A01
201000036562;0;7;0;0;9;3;9;A01
201000036562;0;30;0;0;2;1;0;B01
201000036563;0;7;0;0;1;1;0;A01
201000036564;0;7;0;0;2;1;2;A01
201000036564;0;7;0;0;2;4;2;C01
201000036564;0;7;0;0;2;4;2;B01
201000036565;0;7;0;0;1;1;0;A01
201000036566;0;1;0;0;2;0;1;B01
201000036566;0;7;0;0;9;5;1;A01
201000036567;0;7;0;0;2;2;1;A01
201000036567;0;7;0;2;2;1;1;B01
201000036568;0;7;0;0;2;4;2;D01
201000036568;0;7;0;0;2;1;2;A01
201000036568;0;7;0;0;2;4;2;C01
201000036568;0;7;0;0;2;0;3;B01
201000036569;0;7;0;0;2;5;2;C01
201000036569;0;7;0;0;2;1;2;A01
201000036569;0;7;0;0;2;4;2;B01
201000036570;0;7;0;0;2;4;2;B01
201000036570;0;7;0;0;2;1;2;A01
201000036571;0;7;0;0;9;1;0;A01
201000036572;0;7;0;0;2;8;0;A01
201000036572;0;7;0;0;2;1;0;B01
201000036573;0;33;0;0;2;1;1;B01
201000036573;0;7;0;0;2;8;1;A01
201000036574;0;7;0;0;2;1;2;A01
201000036574;0;7;0;0;2;2;2;C01
201000036574;0;7;0;0;2;4;2;B01
201000036575;0;7;0;0;1;2;1;A01
201000036576;0;30;0;0;2;1;13;A01
201000036576;0;15;0;0;2;1;0;B01
201000036577;0;7;0;0;2;1;0;A01
201000036577;0;7;0;0;2;1;0;B01
201000036578;0;7;0;0;2;1;0;B01
201000036578;0;7;0;0;2;3;15;A01
201000036579;0;7;0;0;2;1;2;A01
201000036579;0;7;0;0;2;4;2;B01
201000036580;0;30;0;0;1;1;0;A01
201000036581;0;7;0;0;2;4;1;B01
201000036581;0;7;0;0;2;1;2;A01
201000036582;0;7;0;0;2;1;2;B01
201000036582;0;7;0;0;2;1;13;A01
201000036583;0;7;0;0;2;1;0;A01
201000036583;0;30;0;0;0;1;0;B01
201000036584;0;7;0;0;0;1;2;A01
201000036584;0;7;0;0;2;4;0;B01
201000036585;0;7;0;0;2;2;1;B01
201000036585;0;7;0;0;2;8;15;A01
201000036586;0;7;0;0;2;4;2;B01
201000036586;0;7;0;0;2;1;2;A01
201000036587;0;7;0;0;2;1;2;A01
201000036587;0;7;0;0;2;4;2;B01
201000036588;0;7;0;0;1;1;0;A01
201000036589;0;7;0;0;1;0;0;A01
201000036590;0;7;0;0;2;1;2;A01
201000036590;0;7;0;0;2;4;2;B01
201000036591;0;7;0;0;1;1;15;A01
201000036592;0;7;0;0;1;1;1;A01
201000036593;0;7;0;0;1;7;16;A01
201000036594;0;7;0;0;2;4;0;B01
201000036594;0;7;0;0;2;1;2;A01
201000036595;0;37;2;0;2;1;2;A01
201000036595;0;7;0;0;2;4;0;B01
201000036596;0;7;0;0;1;3;0;B01
201000036596;0;7;0;0;2;1;0;A01
201000036597;0;7;0;0;1;4;0;A01
201000036598;0;7;0;0;9;8;22;A01
201000036598;0;1;0;0;0;1;0;B01
201000036599;0;7;0;0;1;1;2;A01
201000036600;0;3;0;15;9;1;13;A01
201000036601;0;7;0;0;2;1;1;B01
201000036601;0;7;0;0;2;1;13;A01
201000036602;0;7;0;0;2;4;2;C01
201000036602;0;37;1;0;2;1;0;A01
201000036602;0;7;0;0;2;4;2;B01
201000036603;0;7;0;0;2;1;5;A01
201000036603;0;7;0;0;2;3;0;B01
201000036604;0;30;0;0;0;0;0;A01
201000036605;0;33;0;0;0;0;0;A01
201000036606;0;30;0;0;0;0;15;A01
201000036607;0;1;0;0;0;0;0;A01
201000036608;0;1;0;0;0;0;0;A01
201000036609;0;2;0;0;0;0;0;A01
201000036610;0;7;0;0;2;2;5;A01
201000036610;0;7;0;0;2;3;5;B01
201000036611;0;2;0;0;0;0;0;A01
201000036612;0;2;0;0;0;0;0;A01
201000036613;0;2;0;0;0;0;0;A01
201000036614;0;2;0;0;0;0;0;A01
201000036615;0;7;0;8;0;2;16;A01
201000036616;0;2;0;0;0;0;1;A01
201000036617;0;7;0;0;1;0;1;A01
201000036618;0;7;0;0;1;0;1;A01
201000036619;0;7;0;16;0;0;0;A01
201000036620;0;7;0;0;1;3;1;A01
201000036621;0;7;0;0;1;1;0;A01
201000036622;0;7;0;0;1;0;12;A01
201000036623;0;2;0;0;2;0;1;B01
201000036623;0;7;0;0;2;0;9;A01
201000036624;0;2;0;0;2;8;1;B01
201000036624;0;7;0;0;2;5;1;A01
201000036625;0;1;0;0;0;0;1;A01
201000036626;0;7;0;0;2;2;15;A01
201000036626;0;33;0;0;2;1;1;B01
201000036627;0;30;0;0;2;1;2;A01
201000036627;0;7;0;0;0;4;2;B01
201000036628;0;7;0;0;1;0;1;A01
201000036629;0;7;0;0;2;4;2;B01
201000036629;0;30;0;0;2;1;2;A01
201000036630;0;7;0;6;0;1;0;A01
201000036631;0;7;0;0;0;3;23;B01
201000036631;0;33;0;14;0;0;0;A01
201000036631;0;7;0;0;0;6;24;C01
201000036632;0;7;0;0;0;4;2;B01
201000036632;0;7;0;0;0;0;13;A01
201000036632;0;2;0;0;2;1;2;C01
201000036633;0;32;0;0;2;1;16;B01
201000036633;0;2;0;0;2;1;15;A01
201000036634;0;7;0;0;2;2;9;A01
201000036634;0;7;0;0;2;3;0;B01
201000036635;0;7;0;0;2;9;2;A01
201000036635;0;7;0;0;2;6;4;B01
201000036636;0;7;0;0;2;2;0;B01
201000036636;0;7;0;0;2;1;0;A01
201000036637;0;2;0;0;0;0;0;A01
201000036638;0;7;0;14;0;4;23;B01
201000036638;0;7;0;0;0;4;23;C01
201000036638;0;7;0;14;0;1;2;A01
201000036639;0;7;0;8;0;1;2;A01
201000036640;0;2;0;0;2;1;5;A01
201000036640;0;7;0;0;2;1;5;B01
201000036641;0;7;0;0;2;0;1;B01
201000036641;0;31;0;0;2;0;17;A01
201000036642;0;2;0;0;2;0;2;A01
201000036642;0;30;0;0;2;0;2;B01
201000036643;0;30;0;0;1;2;2;A01
201000036644;0;30;0;0;2;1;5;A01
201000036644;0;7;0;0;2;1;1;B01
201000036645;0;20;0;0;2;3;15;A01
201000036645;0;2;0;0;2;1;1;B01
201000036646;0;33;0;1;0;1;2;A01
201000036647;0;1;0;0;2;2;1;B01
201000036647;0;7;0;0;2;7;16;A01
201000036648;0;30;0;0;2;1;2;A01
201000036648;0;7;0;0;2;4;2;B01
201000036649;0;7;0;0;2;2;0;A01
201000036649;0;30;0;0;2;2;1;B01
201000036650;0;33;0;0;2;1;2;A01
201000036650;0;7;0;0;2;4;2;B01
201000036651;0;7;0;8;0;0;0;A01
201000036652;0;7;0;0;2;1;13;A01
201000036652;0;7;0;0;2;1;1;B01
201000036653;0;7;0;0;1;3;0;A01
201000036654;0;7;0;6;0;2;16;A01
201000036655;0;7;0;0;2;3;0;A01
201000036655;0;1;0;0;2;0;0;B01
201000036656;0;30;0;0;1;1;2;A01
201000036657;0;7;0;0;0;8;2;B01
201000036657;0;33;0;0;2;2;2;A01
201000036658;0;7;0;0;2;3;15;A01
201000036658;0;30;0;0;2;1;1;B01
201000036659;0;2;0;0;0;0;0;A01
201000036660;0;2;0;15;0;1;1;A01
201000036661;0;34;0;0;1;1;2;A01
201000036662;0;7;0;0;2;5;9;A01
201000036662;0;31;0;0;2;0;1;B01
201000036663;0;7;0;0;2;0;0;A01
201000036663;0;2;0;0;2;0;0;B01
201000036664;0;2;0;0;1;1;1;A01
201000036665;0;7;0;0;2;4;2;B01
201000036665;0;7;0;0;2;4;2;C01
201000036665;0;7;0;0;2;1;2;A01
201000036666;0;32;0;0;2;8;2;B01
201000036666;1;7;0;0;0;0;0;Z01
201000036667;0;1;0;0;2;0;0;A01
201000036667;0;15;0;0;2;8;1;B01
201000036668;0;32;0;0;2;1;1;B01
201000036668;0;7;0;0;2;3;9;A01
201000036669;1;7;0;0;1;1;0;Z01
201000036670;0;7;0;8;0;1;0;A01
201000036671;0;2;0;0;2;8;1;B01
201000036671;0;10;0;0;2;1;1;A01
201000036672;0;1;0;0;2;0;0;A01
201000036672;0;7;0;0;2;0;0;B01
201000036673;0;7;0;0;2;3;9;A01
201000036673;0;2;0;0;2;1;0;B01
201000036674;0;7;0;0;1;1;0;A01
201000036675;0;30;0;0;2;1;2;A01
201000036675;0;7;0;0;2;1;0;B01
201000036676;0;33;0;1;0;1;2;A01
201000036676;0;7;0;0;2;1;0;B01
201000036677;0;7;0;0;2;1;0;A01
201000036677;0;1;0;0;2;2;5;B01
201000036678;0;7;0;0;2;1;0;B01
201000036678;0;31;0;0;2;1;1;A01
201000036679;0;33;0;1;0;0;0;A01
201000036680;0;2;0;0;2;0;0;B01
201000036680;0;7;0;0;2;5;0;A01
201000036681;0;7;0;0;1;0;0;A01
201000036682;0;7;0;12;0;0;0;A01
201000036683;0;7;0;0;2;1;2;A01
201000036683;0;7;0;0;2;1;2;B01
201000036683;0;7;0;0;0;4;23;C01
201000036684;0;7;0;0;1;3;1;A01
201000036685;0;7;0;0;0;0;0;A01
201000036685;0;2;0;0;0;0;0;B01
201000036686;0;7;0;0;2;0;1;A01
201000036686;0;2;0;0;2;0;0;B01
201000036687;0;7;0;0;0;2;1;A01
201000036687;0;7;0;0;0;8;20;B01
201000036688;0;7;0;0;2;1;13;B01
201000036688;0;7;0;0;2;1;0;A01
201000036689;0;7;0;0;0;1;0;A01
201000036690;0;7;0;0;0;6;23;B01
201000036690;0;2;0;0;2;1;2;A01
201000036691;0;7;0;0;1;1;1;A01
201000036692;0;7;0;6;0;1;2;A01
201000036693;0;31;0;0;2;1;1;B01
201000036693;0;7;0;0;2;3;15;A01
201000036694;0;7;0;0;0;1;20;A01
201000036694;0;33;0;0;0;1;1;B01
201000036695;0;7;0;0;2;1;1;B01
201000036695;0;7;0;0;2;1;17;A01
201000036696;0;30;0;1;0;1;2;A01
201000036697;0;7;0;0;9;1;1;A01
201000036697;0;1;0;0;0;4;19;B01
201000036698;0;7;0;0;2;3;10;A01
201000036698;0;13;0;0;2;2;1;B01
201000036699;0;7;0;0;2;2;0;A01
201000036699;0;2;0;0;2;8;1;B01
201000036700;0;2;0;0;2;7;5;A01
201000036700;0;7;0;0;2;3;15;B01
201000036701;0;2;0;0;1;1;1;A01
201000036702;0;2;0;0;0;0;1;A01
201000036703;0;7;0;0;0;5;10;A01
201000036703;0;33;0;0;0;1;0;B01
201000036704;0;30;0;15;0;7;21;A01
201000036704;0;7;0;0;0;0;0;B01
201000036705;0;7;0;0;2;7;10;A01
201000036705;0;33;0;0;2;1;1;B01
201000036706;0;7;0;0;9;8;13;A01
201000036707;0;7;0;15;0;3;19;A01
201000036707;0;30;0;13;0;8;0;B01
201000036708;0;1;0;0;0;4;1;B01
201000036708;0;7;0;0;2;1;14;A01
201000036709;0;7;0;0;2;3;20;A01
201000036709;0;33;0;0;2;1;17;B01
201000036710;0;7;0;8;2;1;1;B01
201000036710;0;3;0;0;2;2;15;A01
201000036711;0;3;0;0;1;3;16;A01
201000036712;1;10;0;0;1;0;0;Z01
201000036713;0;31;0;2;0;1;1;A01
201000036714;0;7;0;0;2;1;1;B01
201000036714;0;1;0;0;2;1;15;A01
201000036715;1;7;0;16;1;0;2;Z01
201000036715;0;1;0;0;2;0;0;A01
201000036716;0;33;0;0;2;1;2;B01
201000036716;0;7;0;0;2;6;2;A01
201000036717;0;32;0;1;2;1;18;B01
201000036717;0;7;0;0;2;7;16;A01
201000036718;0;7;0;0;2;1;15;A01
201000036718;0;33;0;0;2;1;2;B01
201000036719;0;1;0;0;2;1;0;A01
201000036719;1;7;0;0;2;5;17;Z01
201000036720;0;7;0;0;0;4;2;C01
201000036720;0;7;0;0;0;1;2;A01
201000036720;0;7;0;0;0;4;2;B01
201000036721;0;31;0;12;0;2;0;A01
201000036722;0;7;0;0;2;8;0;B01
201000036722;0;30;0;0;2;1;2;A01
201000036723;0;7;0;0;2;2;15;A01
201000036723;0;2;0;0;2;1;7;B01
201000036724;0;33;0;0;2;3;19;B01
201000036724;0;7;0;0;2;3;15;A01
201000036725;0;7;0;0;2;1;1;B01
201000036725;0;31;0;0;2;1;13;A01
201000036726;0;7;0;0;2;5;2;B01
201000036726;0;2;0;0;2;1;2;A01
201000036727;0;7;0;0;2;1;0;A01
201000036727;0;7;0;0;2;2;0;B01
201000036728;0;7;0;0;1;2;2;A01
201000036729;0;1;0;0;2;7;0;B01
201000036729;0;10;0;0;2;3;1;A01
201000036730;0;7;0;0;2;3;10;B01
201000036730;0;30;0;0;2;5;0;A01
201000036731;0;2;0;0;2;1;13;A01
201000036731;0;7;0;0;2;1;2;B01
201000036732;0;33;0;0;2;1;17;A01
201000036732;0;7;0;0;2;8;10;B01
201000036733;0;7;0;1;1;1;1;A01
201000036734;1;7;0;0;2;1;2;Z01
201000036734;0;33;0;0;2;4;2;A01
201000036735;0;7;0;0;2;3;15;A01
201000036735;0;7;0;0;2;3;1;B01
201000036736;0;7;0;0;2;1;1;A01
201000036736;0;7;0;0;2;1;1;B01
201000036737;0;7;0;0;1;3;0;A01
201000036738;0;31;0;0;0;3;1;A01
201000036739;0;36;0;1;0;1;13;A01
201000036740;0;1;0;16;0;2;2;A01
201000036741;1;7;0;0;1;4;4;A01
201000036742;0;7;0;0;0;0;11;B01
201000036742;0;30;0;0;2;5;2;A01
201000036743;0;7;0;0;1;3;2;A01
201000036744;0;1;0;0;0;4;2;A01
201000036744;1;7;0;0;2;2;17;Z01
201000036745;0;14;0;0;2;3;1;B01
201000036745;0;7;0;0;2;6;15;A01
201000036746;0;7;0;0;1;3;1;A01
201000036747;0;3;0;0;1;2;16;A01
201000036748;0;33;0;0;2;3;1;A01
201000036748;0;17;0;0;2;2;1;B01
201000036749;0;7;0;0;1;1;1;A01
201000036750;0;7;0;0;2;1;2;A01
201000036750;0;7;0;3;2;7;0;C01
201000036750;0;7;0;0;0;4;0;B01
201000036751;1;7;0;1;2;1;1;Z01
201000036751;0;1;0;0;2;1;2;B01
201000036752;0;38;2;0;1;3;1;A01
201000036753;0;7;0;0;2;2;1;B01
201000036753;0;7;0;0;2;1;9;A01
201000036754;0;7;0;0;2;7;1;B01
201000036754;0;14;0;0;0;0;0;C01
201000036754;0;7;0;0;2;1;16;A01
201000036755;0;7;0;15;0;1;0;A01
201000036756;0;31;0;0;2;3;1;B01
201000036756;0;7;0;0;2;3;1;A01
201000036757;0;30;0;1;0;7;1;B01
201000036757;0;7;0;0;2;3;1;A01
201000036758;0;7;0;6;0;1;0;A01
201000036759;0;7;0;0;2;1;2;A01
201000036759;0;7;0;0;2;4;2;B01
201000036759;0;7;0;0;2;4;0;C01
201000036760;0;7;0;0;2;1;5;A01
201000036760;0;7;0;0;2;3;2;C01
201000036760;0;7;0;0;2;1;1;B01
201000036761;0;7;0;0;0;6;15;D01
201000036761;0;7;0;0;2;7;23;C01
201000036761;0;7;0;0;2;1;2;A01
201000036761;0;7;0;0;2;1;0;B01
201000036762;0;30;0;0;0;0;2;A01
201000036762;0;7;0;0;9;1;9;B01
201000036763;0;7;0;6;0;2;1;A01
201000036764;1;7;0;0;1;0;0;A01
201000036765;0;7;0;0;2;3;10;A01
201000036765;0;7;0;0;2;2;17;B01
201000036766;0;7;0;0;0;8;10;A01
201000036766;0;33;0;0;2;8;1;B01
201000036767;0;3;0;7;0;1;1;A01
201000036768;0;7;0;0;1;2;1;A01
201000036769;0;10;0;0;2;1;2;B01
201000036769;0;7;0;0;0;4;1;A01
201000036770;0;7;0;14;0;9;1;A01
201000036771;1;7;0;0;1;0;16;A01
201000036772;0;7;0;0;1;2;1;A01
201000036773;0;7;0;0;1;8;0;A01
201000036774;0;7;0;0;1;2;1;A01
201000036775;0;7;0;12;9;7;2;A01
201000036775;0;1;0;0;2;8;2;B01
201000036776;0;33;0;0;2;1;2;B01
201000036776;0;7;0;0;2;7;0;A01
201000036777;0;7;0;0;2;2;10;A01
201000036777;0;33;0;0;2;2;1;B01