num_acc;senc;catv;occutc;obs;obsm;choc;manv;num_veh
201000036778;0;7;0;0;2;1;13;A01
201000036778;0;7;0;0;2;1;1;B01
201000036779;0;7;0;0;2;1;1;B01
201000036779;0;1;0;0;2;3;15;A01
201000036780;0;7;0;12;2;5;1;A01
201000036780;0;7;0;0;2;1;1;B01
201000036781;0;7;0;0;1;1;1;A01
201000036782;0;7;0;0;2;1;1;A01
201000036782;0;30;0;0;2;3;15;B01
201000036783;0;10;0;0;2;1;1;A01
201000036783;0;10;0;0;2;1;1;B01
201000036784;0;1;0;0;2;6;2;B01
201000036784;0;7;0;0;2;6;2;A01
201000036785;0;7;0;0;2;0;13;A01
201000036785;0;7;0;0;2;0;1;B01
201000036785;0;7;0;8;2;1;1;C01
201000036786;0;7;0;0;1;0;0;A01
201000036787;0;7;0;8;0;9;0;A01
201000036788;0;2;0;0;2;8;1;B01
201000036788;0;7;0;0;2;1;1;A01
201000036789;0;7;0;0;2;2;15;A01
201000036789;0;2;0;0;2;1;2;B01
201000036790;0;2;0;11;0;1;1;A01
201000036791;0;33;0;0;2;3;17;A01
201000036791;0;7;0;0;0;3;15;B01
201000036792;0;7;0;0;1;1;0;A01
201000036793;0;7;0;0;1;0;1;A01
201000036794;0;7;0;0;1;3;1;A01
201000036795;0;7;0;0;1;1;1;A01
201000036796;0;2;0;0;2;1;0;A01
201000036796;0;7;0;0;0;6;0;B01
201000036797;0;30;0;0;0;1;1;A01
201000036797;0;7;0;0;0;3;1;B01
201000036798;0;7;0;0;0;5;4;B01
201000036798;0;30;0;0;2;1;14;A01
201000036799;0;7;0;0;2;3;15;B01
201000036799;0;33;0;0;2;1;1;A01
201000036800;0;7;0;0;2;3;1;B01
201000036800;0;30;0;0;2;1;13;A01
201000036801;0;38;8;0;2;3;15;A01
201000036801;0;33;0;0;2;1;1;B01
201000036802;0;2;0;1;0;1;0;A01
201000036803;0;7;0;0;2;2;1;A01
201000036803;0;2;0;0;2;8;16;B01
201000036804;0;33;0;6;0;1;21;A01
201000036805;0;7;0;0;1;2;21;A01
201000036806;0;2;0;0;1;1;0;A01
201000036807;0;7;0;0;0;4;1;B01
201000036807;0;33;0;0;2;1;2;A01
201000036808;0;7;0;0;1;1;1;A01
201000036809;0;2;0;0;2;1;17;B01
201000036809;0;7;0;0;0;6;15;A01
201000036810;0;33;0;0;2;1;1;B01
201000036810;0;7;0;0;2;2;9;A01
201000036811;0;7;0;0;1;2;1;A01
201000036812;0;7;0;8;0;1;14;A01
201000036813;0;7;0;0;2;1;1;A01
201000036813;0;1;0;0;2;7;1;B01
201000036814;1;7;0;0;1;2;1;Z01
201000036815;0;7;0;0;1;1;1;A01
201000036816;0;30;0;0;2;1;1;B01
201000036816;0;7;0;0;2;1;15;A01
201000036817;0;7;0;9;2;1;1;A01
201000036817;0;7;0;1;2;3;1;B01
201000036818;0;7;0;0;2;1;2;A01
201000036818;0;7;0;0;2;0;1;B01
201000036819;0;2;0;0;0;8;1;A01
201000036820;0;2;0;0;2;7;1;B01
201000036820;0;7;0;0;2;1;0;A01
201000036821;0;31;0;8;2;2;17;B01
201000036821;0;10;0;0;2;8;15;A01
201000036822;0;37;1;0;1;1;1;A01
201000036823;0;2;0;0;2;7;1;A01
201000036823;0;7;0;0;2;1;15;B01
201000036824;0;7;0;6;0;1;1;A01
201000036825;0;2;0;0;2;1;1;A01
201000036826;0;7;0;0;2;8;13;A01
201000036826;0;33;0;1;2;2;17;B01
201000036827;0;1;0;0;0;4;1;B01
201000036827;1;7;0;0;2;0;0;Z01
201000036828;0;30;0;0;2;1;7;A01
201000036828;0;7;0;0;2;3;15;B01
201000036829;0;7;0;0;2;2;20;A01
201000036829;0;30;0;0;2;8;18;B01
201000036830;0;7;0;0;1;1;1;C01
201000036830;0;17;0;0;2;8;1;B01
201000036830;0;7;0;0;2;3;13;A01
201000036831;0;7;0;0;2;7;16;A01
201000036831;0;2;0;0;2;1;1;B01
201000036832;0;7;0;0;1;1;1;A01
201000036833;0;2;0;0;2;1;2;A01
201000036833;0;7;0;0;0;5;1;B01
201000036834;0;2;0;0;2;1;1;B01
201000036834;0;7;0;0;2;3;9;A01
201000036835;0;7;0;0;1;4;4;A01
201000036836;0;37;1;1;0;7;17;A01
201000036836;0;37;0;0;0;6;23;B01
201000036837;0;1;0;0;2;7;1;B01
201000036837;0;10;0;0;2;6;4;A01
201000036838;0;7;0;0;2;8;9;A01
201000036838;0;30;0;0;2;1;18;B01
201000036839;0;2;0;0;1;0;0;A01
201000036840;0;7;0;0;1;2;1;A01
201000036841;0;3;0;0;1;3;17;A01
201000036842;0;7;0;0;2;1;21;B01
201000036842;0;17;0;0;2;6;19;A01
201000036843;1;7;0;0;2;3;15;Z01
201000036843;0;32;0;0;2;8;1;A01
201000036844;0;7;0;0;2;7;15;A01
201000036844;0;7;0;0;2;1;1;B01
201000036845;0;7;0;0;2;1;15;A01
201000036845;0;7;0;0;2;1;1;B01
201000036846;0;7;0;0;2;1;17;A01
201000036846;0;7;0;0;2;3;1;B01
201000036847;0;7;0;0;1;2;1;A01
201000036848;0;33;0;0;2;1;17;B01
201000036848;0;7;0;0;2;3;0;A01
201000036849;0;2;0;0;2;1;1;A01
201000036850;0;7;0;0;1;2;1;A01
201000036851;0;7;0;0;1;2;1;A01
201000036852;0;2;0;0;2;1;1;B01
201000036852;0;7;0;0;2;2;13;A01
201000036853;0;7;0;12;2;1;13;A01
201000036853;0;7;0;12;2;1;1;B01
201000036854;0;7;0;0;1;1;1;A01
201000036855;1;7;0;0;0;0;1;Z01
201000036855;0;7;0;0;2;0;15;A01
201000036856;0;7;0;0;1;2;15;A01
201000036857;0;7;0;0;2;2;1;B01
201000036857;0;7;0;0;2;2;15;A01
201000036858;0;13;0;0;1;7;1;A01
201000036859;1;30;0;0;1;0;0;Z01
201000036860;0;7;0;0;2;1;1;B01
201000036860;0;7;0;2;2;3;1;A01
201000036861;0;7;0;0;1;2;15;A01
201000036862;0;7;0;0;1;5;4;A01
201000036863;0;33;0;3;2;5;12;A01
201000036863;0;30;0;0;2;1;1;B01
201000036864;0;7;0;0;2;2;1;A01
201000036864;0;2;0;0;2;1;1;B01
201000036865;1;30;0;0;1;1;1;Z01
201000036866;0;1;0;0;2;8;1;B01
201000036866;1;7;0;0;2;7;17;Z01
201000036867;0;7;0;0;2;7;1;A01
201000036867;0;7;0;0;2;1;15;B01
201000036868;0;7;0;2;0;1;1;A01
201000036869;0;7;0;0;2;1;1;A01
201000036869;0;7;0;0;0;1;23;C01
201000036869;0;30;0;0;2;8;1;B01
201000036870;0;7;0;0;2;6;1;A01
201000036870;0;33;0;0;2;1;1;B01
201000036871;0;2;0;0;0;0;1;A01
201000036872;0;37;1;0;0;8;15;A01
201000036872;0;7;0;0;0;1;0;B01
201000036873;0;13;0;9;6;1;1;B01
201000036873;0;7;0;11;0;2;1;A01
201000036874;0;7;0;0;1;1;0;A01
201000036875;0;30;0;0;2;1;1;A01
201000036875;0;7;0;0;2;3;1;B01
201000036876;0;7;0;0;1;1;1;A01
201000036877;0;1;0;0;2;7;19;B01
201000036877;1;7;0;0;2;1;1;Z01
201000036878;0;7;0;0;1;3;1;A01
201000036879;0;1;0;0;2;8;1;A01
201000036879;1;7;0;0;2;2;1;Z01
201000036880;0;37;1;0;2;5;17;A01
201000036880;0;1;0;0;2;1;1;B01
201000036881;1;7;0;0;2;1;0;Z01
201000036881;0;30;0;0;2;1;1;A01
201000036882;0;7;0;0;1;1;1;A01
201000036883;0;7;0;0;2;4;23;B01
201000036883;0;7;0;14;0;1;1;A01
201000036884;0;7;0;13;0;1;1;A01
201000036885;1;7;0;0;1;1;1;Z01
201000036886;0;33;0;0;0;7;1;B01
201000036886;1;7;0;0;0;0;1;Z01
201000036887;0;7;0;8;0;1;1;A01
201000036888;0;30;0;0;1;1;1;A01
201000036889;0;7;0;0;1;1;17;A01
201000036890;0;7;0;0;2;4;1;C01
201000036890;0;7;0;0;2;1;1;A01
201000036890;0;7;0;0;2;4;1;B01
201000036891;0;7;0;0;2;8;1;B01
201000036891;0;2;0;0;2;1;1;A01
201000036892;0;7;0;0;2;5;16;B01
201000036892;0;30;0;0;2;8;1;A01
201000036893;0;7;0;12;0;2;1;A01
201000036894;1;7;0;0;2;1;1;Z01
201000036894;0;7;0;0;2;4;23;A01
201000036894;0;7;0;0;2;4;23;B01
201000036895;0;7;0;0;2;4;1;C01
201000036895;0;7;0;0;2;1;1;A01
201000036895;0;7;0;0;2;4;1;B01
201000036896;0;7;0;0;2;2;1;A01
201000036896;0;7;0;0;2;3;1;B01
201000036897;0;7;0;0;2;0;1;A01
201000036897;0;1;0;0;2;0;19;B01
201000036898;1;7;0;0;1;0;0;Z01
201000036899;0;13;0;0;1;1;1;A01
201000036900;1;7;0;0;1;1;1;A01
201000036901;0;7;0;0;2;8;16;B01
201000036901;0;7;0;0;2;3;16;A01
201000036902;0;2;0;0;2;1;1;B01
201000036902;0;7;0;0;2;2;1;A01
201000036903;0;2;0;1;0;8;13;A01
201000036904;0;1;0;0;2;7;19;A01
201000036904;0;7;0;0;2;1;1;B01
201000036905;0;7;0;0;2;4;15;B01
201000036905;0;33;0;0;2;1;0;A01
201000036906;0;7;0;0;1;7;4;A01
201000036907;0;7;0;0;1;8;15;A01
201000036908;0;7;0;0;2;8;11;A01
201000036908;0;2;0;0;2;1;1;B01
201000036909;0;7;0;0;1;1;1;A01
201000036910;0;7;0;0;0;0;1;A01
201000036911;0;30;0;0;1;0;1;A01
201000036912;0;30;0;0;2;1;1;A01
201000036912;0;7;0;0;2;6;1;B01
201000036913;0;30;0;0;2;1;1;B01
201000036913;1;7;0;0;2;7;16;Z01
201000036914;0;7;0;0;2;2;1;A01
201000036914;0;1;0;0;2;4;1;B01
201000036915;0;30;0;0;0;7;15;A01
201000036915;0;7;0;0;2;8;1;B01
201000036916;0;30;0;12;0;7;15;A01
201000036917;1;7;0;0;1;1;1;A01
201000036918;0;7;0;0;2;2;16;A01
201000036918;0;1;0;0;2;1;1;B01
201000036919;0;7;0;8;0;7;1;A01
201000036920;0;7;0;0;1;7;1;A01
201000036921;0;7;0;0;2;1;1;A01
201000036921;0;7;0;0;2;4;23;B01
201000036922;2;7;0;2;2;1;1;A01
201000036922;0;2;0;1;2;1;1;B01
201000036923;0;7;0;0;2;1;1;A01
201000036923;0;7;0;0;2;3;1;B01
201000036924;0;7;0;0;2;1;1;A01
201000036924;0;33;0;0;2;4;23;B01
201000036925;0;7;0;12;0;1;1;A01
201000036926;0;1;0;0;2;4;15;B01
201000036926;1;7;0;0;2;2;1;Z01
201000036927;0;7;0;0;2;1;1;B01
201000036927;0;30;0;0;2;7;1;A01
201000036928;0;31;0;0;2;8;23;B01
201000036928;1;7;0;0;2;0;17;Z01
201000036929;0;7;0;0;2;8;15;A01
201000036929;0;15;0;0;2;1;1;B01
201000036930;0;2;0;0;1;1;1;A01
201000036931;0;7;0;0;1;4;4;A01
201000036932;0;7;0;0;2;7;1;A01
201000036932;0;30;0;0;2;1;1;B01
201000036933;0;7;0;0;2;3;1;B01
201000036933;0;31;0;0;2;2;1;A01
201000036934;1;7;0;0;1;1;1;Z01
201000036935;0;3;0;0;2;1;1;C01
201000036935;0;7;0;0;2;1;1;B01
201000036935;0;7;0;9;2;1;15;A01
201000036936;0;1;0;0;2;8;15;B01
201000036936;0;7;0;0;2;2;1;A01
201000036937;0;1;0;0;2;1;9;A01
201000036937;0;7;0;0;2;1;1;B01
201000036938;0;7;0;0;1;2;1;A01
201000036939;0;1;0;0;2;1;16;B01
201000036939;0;7;0;0;2;1;1;A01
201000036940;0;7;0;1;2;1;1;B01
201000036940;0;7;0;8;2;1;1;A01
201000036941;0;32;0;0;2;8;1;B01
201000036941;0;7;0;0;2;1;15;A01
201000036942;1;7;0;0;1;0;0;Z01
201000036943;1;7;0;0;2;1;1;A01
201000036943;0;30;0;0;2;4;16;B01
201000036944;0;33;0;0;2;1;1;B01
201000036944;0;1;0;0;2;1;19;A01
201000036945;0;7;0;8;0;1;1;A01
201000036946;0;33;0;7;0;1;1;A01
201000036947;0;7;0;0;1;1;1;A01
201000036948;0;33;0;0;2;1;1;B01
201000036948;0;7;0;0;2;8;20;A01
201000036949;0;7;0;0;1;1;1;A01
201000036950;0;7;0;0;2;3;15;A01
201000036950;0;7;0;0;2;1;1;B01
201000036951;0;7;0;0;1;2;1;A01
201000036952;2;7;0;0;1;1;1;Z01
201000036953;1;7;0;0;1;1;1;Z01
201000036954;0;7;0;0;1;1;1;A01
201000036955;0;7;0;0;2;4;1;A01
201000036955;1;7;0;0;2;1;1;B01
201000036956;0;7;0;0;2;1;1;B01
201000036956;0;31;0;0;2;7;0;A01
201000036957;0;2;0;0;2;8;1;A01
201000036957;1;7;0;0;2;1;1;Z01
201000036958;0;7;0;8;0;1;1;A01
201000036959;1;7;0;0;2;1;1;A01
201000036959;0;30;0;0;2;4;1;B01
201000036960;0;7;0;0;1;3;1;A01
201000036961;0;7;0;0;1;1;1;A01
201000036962;0;7;0;0;2;1;15;A01
201000036962;0;2;0;0;2;1;1;B01
201000036963;0;7;0;0;1;2;1;A01
201000036964;0;2;0;0;2;1;1;B01
201000036964;0;7;0;0;2;7;11;A01
201000036965;0;7;0;0;1;3;1;A01
201000036966;0;33;0;8;0;1;1;A01
201000036967;0;33;0;0;2;1;1;D01
201000036967;0;33;0;0;2;0;1;C01
201000036967;0;7;0;0;2;1;5;A01
201000036967;0;33;0;0;2;1;1;B01
201000036968;0;7;0;0;2;3;15;B01
201000036968;0;33;0;0;2;1;1;A01
201000036969;0;7;0;0;1;6;4;A01
201000036970;0;7;0;8;0;8;13;A01
201000036971;0;7;0;0;0;8;10;A01
201000036971;0;30;0;0;2;1;2;B01
201000036972;0;7;0;0;2;1;13;A01
201000036972;0;20;0;0;2;1;2;B01
201000036973;0;7;0;0;0;3;15;A01
201000036973;0;31;0;0;0;1;1;B01
201000036974;0;33;0;0;2;1;1;B01
201000036974;1;7;0;0;2;8;15;A01
201000036975;0;7;0;0;0;2;1;A01
201000036976;0;7;0;0;1;3;15;A01
201000036977;0;7;0;13;0;1;0;A01
201000036978;0;33;0;0;0;8;6;A01
201000036979;0;7;0;2;0;8;16;A01
201000036980;0;2;0;0;0;0;0;A01
201000036981;0;2;0;0;0;0;10;A01
201000036982;0;37;6;0;0;5;1;A01
201000036983;0;30;0;0;0;0;1;A01
201000036984;0;7;0;0;0;3;17;A01
201000036984;0;1;0;0;0;4;1;B01
201000036985;0;7;0;0;0;4;0;B01
201000036985;0;7;0;0;2;1;2;A01
201000036986;0;7;0;0;1;0;1;A01
201000036987;0;7;0;0;2;3;13;A01
201000036987;0;15;0;0;2;3;1;B01
201000036988;0;7;0;0;2;3;1;C01
201000036988;0;7;0;0;2;3;2;A01
201000036988;0;7;0;0;2;4;2;B01
201000036989;0;30;0;0;2;1;1;B01
201000036989;0;7;0;0;2;7;1;A01
201000036990;0;7;0;0;2;1;0;B01
201000036990;0;7;0;0;2;1;0;A01
201000036991;0;7;0;0;1;2;1;A01
201000036992;0;7;0;8;0;9;6;A01
201000036993;0;7;0;0;0;3;1;B01
201000036993;2;7;0;0;2;1;1;A01
201000036994;0;7;0;3;2;1;17;A01
201000036994;0;7;0;3;0;5;17;B01
201000036995;0;10;0;0;2;1;2;A01
201000036995;0;30;0;0;0;4;20;B01
201000036996;0;7;0;0;2;2;0;A01
201000036996;0;30;0;0;2;1;16;B01
201000036997;0;2;0;14;0;1;2;A01
201000036998;0;10;0;13;0;3;1;A01
201000036998;0;7;0;13;0;3;1;B01
201000036999;0;7;0;0;4;2;1;A01
201000036999;0;39;0;0;2;1;1;B01
201000037000;0;7;0;0;1;1;1;A01
201000037001;0;7;0;0;2;4;2;A01
201000037001;0;7;0;0;2;1;2;B01
201000037002;1;7;0;0;2;1;1;Z01
201000037002;0;2;0;0;2;4;1;A01
201000037003;0;1;0;0;1;2;1;A01
201000037004;0;7;0;0;1;1;1;A01
201000037005;0;3;0;2;0;1;1;A01
201000037006;0;7;0;0;2;4;2;C01
201000037006;0;7;0;0;2;1;2;A01
201000037006;0;7;0;0;2;4;2;B01
201000037006;0;7;0;0;0;4;2;D01
201000037007;0;7;0;0;1;1;1;A01
201000037008;0;7;0;0;2;1;1;A01
201000037008;0;7;0;0;2;8;1;B01
201000037009;0;30;0;0;2;1;9;A01
201000037009;0;7;0;0;2;2;1;B01
201000037010;0;7;0;0;1;1;15;A01
201000037011;0;2;0;0;0;7;1;A01
201000037012;0;2;0;0;1;1;1;A01
201000037013;0;7;0;0;2;1;1;B01
201000037013;0;7;0;0;2;1;1;A01
201000037014;0;7;0;0;1;1;1;A01
201000037015;0;7;0;1;2;7;15;A01
201000037015;0;10;0;0;2;1;1;B01
201000037016;0;15;0;0;2;3;1;B01
201000037016;0;33;0;0;2;1;1;A01
201000037017;0;1;0;0;2;1;2;B01
201000037017;0;7;0;0;2;3;10;A01
201000037018;0;7;0;0;2;1;1;A01
201000037018;0;7;0;0;1;1;23;B01
201000037019;0;7;0;0;0;1;1;A01
201000037020;0;30;0;0;0;1;1;B01
201000037021;0;7;0;0;2;2;1;A01
201000037021;0;1;0;0;2;8;9;B01
201000037022;0;7;0;0;1;1;1;A01
201000037023;0;7;0;2;0;1;1;A01
201000037024;0;7;0;0;1;1;1;A01
201000037025;0;7;0;0;2;3;9;A01
201000037025;0;7;0;0;2;2;1;B01
201000037026;0;7;0;0;2;2;1;A01
201000037026;0;2;0;0;2;3;11;B01
201000037027;0;7;0;8;2;2;15;A01
201000037027;0;7;0;0;2;1;1;B01
201000037028;0;7;0;0;1;2;1;A01
201000037029;0;30;0;0;2;1;1;A01
201000037029;0;7;0;0;2;4;1;B01
201000037030;0;7;0;0;2;8;9;A01
201000037030;0;1;0;0;2;7;1;B01
201000037031;0;32;0;0;1;1;1;A01
201000037032;0;10;0;0;2;3;1;A01
201000037032;0;7;0;0;2;2;1;B01
201000037033;0;7;0;0;1;1;2;A01
201000037034;0;7;0;0;2;0;1;C01
201000037034;0;7;0;0;2;1;1;A01
201000037034;0;7;0;0;2;4;1;B01
201000037035;0;7;0;0;1;1;1;A01
201000037036;0;7;0;0;2;3;1;A01
201000037036;0;7;0;0;2;3;1;B01
201000037037;0;7;0;0;2;1;1;A01
201000037037;0;7;0;0;2;4;1;B01
201000037038;0;7;0;0;1;1;1;A01
201000037039;0;7;0;0;1;1;1;A01
201000037040;0;7;0;3;0;1;1;A01
201000037041;0;7;0;1;0;9;1;A01
201000037042;0;7;0;0;2;1;1;B01
201000037042;0;30;0;0;2;7;1;A01
201000037043;0;10;0;0;1;1;1;A01
201000037044;0;7;0;0;2;1;1;A01
201000037044;0;7;0;0;2;4;1;B01
201000037045;0;7;0;0;1;1;1;A01
201000037046;0;7;0;0;2;1;1;B01
201000037046;0;2;0;0;2;7;1;A01
201000037047;0;34;0;0;1;7;1;A01
201000037048;0;7;0;0;2;1;1;B01
201000037048;0;7;0;0;2;1;1;A01
201000037049;0;10;0;4;0;1;2;A01
201000037050;0;1;0;0;2;1;1;B01
201000037050;0;7;0;0;2;3;1;A01
201000037051;0;7;0;0;2;1;1;A01
201000037051;0;7;0;0;2;7;1;B01
201000037052;0;7;0;0;1;3;1;A01
201000037053;0;10;0;6;0;1;1;A01
201000037054;0;7;0;0;2;1;15;A01
201000037054;0;2;0;0;2;1;1;B01
201000037055;0;7;0;0;1;1;10;A01
201000037056;0;7;0;0;2;2;1;B01
201000037056;0;1;0;0;2;0;1;A01
201000037057;0;32;0;0;0;0;1;B01
201000037057;0;7;0;0;0;0;19;A01
201000037058;0;3;0;8;0;2;1;A01
201000037059;0;30;0;0;2;1;1;A01
201000037059;0;7;0;0;2;8;16;B01
201000037060;0;30;0;0;2;2;15;A01
201000037060;0;7;0;0;2;1;1;B01
201000037061;0;7;0;0;2;7;1;A01
201000037061;0;10;0;0;2;1;1;B01
201000037062;0;2;0;0;2;1;1;B01
201000037062;0;7;0;0;2;7;15;A01
201000037063;0;1;0;0;2;3;1;B01
201000037063;0;7;0;0;2;2;1;A01
201000037064;0;33;0;0;2;1;1;B01
201000037064;0;7;0;0;2;3;15;A01
201000037065;0;2;0;0;2;1;1;A01
201000037065;1;7;0;0;2;0;1;Z01
201000037066;0;7;0;0;2;7;10;A01
201000037066;0;33;0;0;2;1;1;B01
201000037067;0;7;0;0;2;4;1;B01
201000037067;0;7;0;0;2;1;1;A01
201000037068;0;7;0;0;2;3;1;A01
201000037068;0;1;0;0;2;4;1;B01
201000037069;0;37;50;0;2;1;1;B01
201000037069;0;7;0;0;2;3;10;A01
201000037070;0;7;0;0;1;1;15;A01
201000037071;0;2;0;0;2;1;2;A01
201000037071;0;7;0;0;2;3;2;B01
201000037072;0;7;0;0;2;2;15;A01
201000037072;0;33;0;0;2;1;1;B01
201000037073;0;7;0;0;2;6;1;B01
201000037073;0;30;0;0;2;1;1;A01
201000037074;0;34;0;0;2;1;1;A01
201000037074;0;7;0;0;2;6;1;B01
201000037075;0;30;0;0;2;2;15;A01
201000037075;0;7;0;0;2;1;1;B01
201000037076;1;7;0;0;2;1;1;A01
201000037077;0;7;0;0;1;1;1;A01
201000037078;0;7;0;0;1;1;1;A01
201000037079;0;7;0;0;1;3;1;A01
201000037080;0;7;0;0;1;2;1;A01
201000037081;0;7;0;0;2;1;15;A01
201000037081;0;30;0;0;2;1;2;B01
201000037082;0;7;0;0;1;2;1;A01
201000037083;0;7;0;1;0;3;1;A01
201000037084;0;7;0;6;2;1;1;B01
201000037084;0;7;0;0;2;2;2;A01
201000037085;0;7;0;0;2;1;1;A01
201000037085;0;7;0;0;2;1;1;B01
201000037085;0;7;0;0;2;4;1;D01
201000037085;0;7;0;0;2;6;1;C01
201000037086;0;7;0;3;2;4;2;B01
201000037086;0;7;0;0;2;1;2;A01
201000037087;0;7;0;0;2;1;1;B01
201000037087;0;7;0;0;2;2;15;A01
201000037088;1;30;0;0;1;1;1;A01
201000037089;0;2;0;0;2;1;1;B01
201000037089;0;7;0;0;2;5;2;A01
201000037090;0;7;0;0;2;7;15;A01
201000037090;0;7;0;0;2;1;1;B01
201000037091;0;7;0;0;2;8;1;B01
201000037091;0;2;0;0;2;1;1;A01
201000037092;0;7;0;0;1;1;1;B01
201000037093;0;7;0;0;1;1;1;A01
201000037094;0;7;0;2;0;1;1;A01
201000037095;0;7;0;0;2;1;1;B01
201000037095;0;3;0;0;2;2;1;A01
201000037096;0;2;0;0;2;1;1;B01
201000037096;0;7;0;0;2;7;15;A01
201000037097;0;7;0;0;2;1;1;A01
201000037098;0;7;0;1;0;2;1;A01
201000037099;0;7;0;0;2;5;4;A01
201000037099;0;1;0;0;2;2;1;B01
201000037100;0;7;0;8;0;1;1;A01
201000037101;0;7;0;6;0;9;1;A01
201000037102;0;2;0;0;2;1;1;B01
201000037102;0;7;0;0;2;4;23;C01
201000037102;0;30;0;0;2;1;1;A01
201000037103;0;2;0;1;0;1;1;A01
201000037104;0;7;0;0;2;7;1;A01
201000037104;0;2;0;0;2;3;1;B01
201000037105;0;7;0;0;2;3;1;B01
201000037105;0;7;0;0;2;1;1;A01
201000037106;0;37;20;0;1;1;1;A01
201000037107;0;7;0;0;1;1;9;A01
201000037108;0;7;0;1;0;1;2;A01
201000037109;0;7;0;0;2;1;15;B01
201000037109;0;2;0;0;2;1;13;A01
201000037110;0;7;0;0;1;5;23;B01
201000037110;0;7;0;0;2;3;1;C01
201000037110;0;7;0;0;2;1;1;A01
201000037111;0;33;0;0;2;1;1;B01
201000037111;0;7;0;0;2;3;15;A01
201000037112;0;7;0;0;1;4;20;A01
201000037113;0;7;0;0;1;1;1;A01
201000037114;0;7;0;0;1;1;1;A01
201000037115;0;33;0;0;2;1;1;B01
201000037115;0;7;0;0;2;3;1;A01
201000037116;0;7;0;0;2;4;23;B01
201000037116;0;7;0;0;2;4;1;A01
201000037117;0;7;0;1;2;1;2;A01
201000037117;0;1;0;0;2;1;0;B01
201000037118;0;33;0;0;2;1;1;B01
201000037118;2;7;0;0;2;1;15;A01
201000037119;0;7;0;0;1;5;4;A01
201000037120;0;33;0;8;0;1;1;B01
201000037120;0;7;0;0;0;0;15;A01
201000037121;0;7;0;0;2;8;1;B01
201000037121;0;7;0;0;2;1;1;A01
201000037122;0;33;0;0;2;3;1;A01
201000037122;0;33;0;0;2;5;16;B01
201000037123;0;7;0;0;2;1;15;A01
201000037123;0;2;0;0;2;1;2;B01
201000037124;0;7;0;0;2;4;1;B01
201000037124;0;7;0;0;2;1;1;A01
201000037125;1;2;0;0;0;0;0;A01
201000037125;0;7;0;0;2;2;19;B01
201000037126;0;2;0;0;2;1;1;B01
201000037126;0;7;0;0;2;4;1;A01
201000037127;0;7;0;1;2;4;24;B01
201000037127;0;7;0;1;0;4;24;C01
201000037127;2;7;0;1;0;1;1;A01
201000037128;0;1;0;0;2;1;1;A01
201000037128;0;7;0;0;2;1;1;B01
201000037129;1;37;1;0;0;7;1;A01
201000037130;0;7;0;0;2;3;11;A01
201000037130;0;33;0;0;2;1;1;B01
201000037131;2;7;0;0;2;1;13;A01
201000037131;0;7;0;0;2;2;1;C01
201000037131;0;7;0;0;2;1;1;B01
201000037132;0;34;0;0;2;8;1;A01
201000037132;0;7;0;0;2;3;1;B01
201000037133;0;7;0;0;2;4;1;B01
201000037133;0;7;0;0;2;1;1;A01
201000037134;0;7;0;0;2;8;15;A01
201000037134;0;33;0;0;2;7;1;B01
201000037135;0;7;0;0;2;1;1;B01
201000037135;2;7;0;0;2;1;5;A01
201000037136;0;30;0;0;2;1;1;B01
201000037136;0;20;0;0;2;8;15;A01
201000037137;0;7;0;8;1;1;1;A01
201000037138;0;7;0;0;9;9;1;A01
201000037139;0;7;0;0;2;1;1;B01
201000037139;0;7;0;0;2;8;10;A01
201000037140;0;7;0;0;1;1;0;A01
201000037141;0;10;0;0;2;2;16;B01
201000037141;0;30;0;0;2;1;1;A01
201000037142;0;1;0;0;2;1;1;A01
201000037142;0;7;0;0;2;1;2;B01
201000037143;0;7;0;0;2;1;1;A01
201000037144;0;7;0;0;2;4;2;B01
201000037144;0;7;0;0;2;1;2;A01
201000037145;0;30;0;0;2;1;15;A01
201000037145;0;7;0;0;2;3;1;B01
201000037146;0;1;0;0;1;1;1;A01
201000037147;0;7;0;0;2;0;1;B01
201000037147;0;7;0;0;2;3;15;A01
201000037148;0;7;0;0;2;1;1;B01
201000037148;0;7;0;0;2;2;16;A01
201000037149;0;33;0;0;2;8;1;A01
201000037150;0;7;0;0;1;1;15;A01
201000037151;0;7;0;1;0;9;1;A01
201000037151;0;7;0;1;2;2;0;B01
201000037152;0;7;0;0;2;1;1;A01
201000037152;0;1;0;0;2;7;19;B01
201000037153;0;7;0;0;1;2;1;A01
201000037154;0;7;0;0;1;2;1;A01
201000037155;0;1;0;0;2;1;1;A01
201000037155;0;7;0;0;2;5;1;B01
201000037156;0;1;0;0;2;1;15;B01
201000037157;0;7;0;0;1;1;1;A01
201000037158;0;7;0;0;1;2;1;A01
201000037159;0;7;0;0;1;2;1;A01
201000037160;0;2;0;0;2;1;1;A01
201000037161;0;7;0;0;1;1;15;A01
201000037162;0;7;0;0;2;1;1;A01
201000037162;0;7;0;0;2;8;1;B01
201000037163;0;2;0;1;0;7;1;A01
201000037164;0;7;0;0;2;3;1;B01
201000037164;0;2;0;0;2;1;2;A01
201000037165;0;7;0;0;2;1;1;B01
201000037165;0;10;0;0;2;1;1;A01
201000037166;0;30;0;0;0;0;1;A01
201000037167;0;2;0;0;2;1;13;A01
201000037167;0;1;0;0;2;1;1;B01
201000037168;0;7;0;0;1;1;1;A01
201000037169;0;7;0;0;2;1;1;A01
201000037169;0;1;0;0;2;4;15;B01
201000037170;0;7;0;0;2;2;16;B01
201000037170;0;31;0;0;2;1;1;A01
201000037171;0;7;0;0;2;7;15;A01
201000037171;0;32;0;0;2;1;1;B01