num_acc;senc;catv;occutc;obs;obsm;choc;manv;num_veh
201000037172;0;33;0;8;0;1;1;A01
201000037173;0;3;0;1;0;9;1;A01
201000037174;0;7;0;0;2;1;1;A01
201000037174;0;7;0;0;2;1;1;B01
201000037175;0;7;0;0;2;8;1;B01
201000037175;0;7;0;0;2;6;5;A01
201000037176;0;10;0;0;2;8;1;A01
201000037176;0;7;0;0;2;1;0;B01
201000037177;0;7;0;0;1;4;1;A01
201000037178;0;7;0;4;0;3;1;A01
201000037179;0;7;0;0;2;3;1;C01
201000037179;0;7;0;9;2;1;3;A01
201000037179;0;7;0;0;2;8;1;B01
201000037180;0;7;0;0;2;1;9;A01
201000037180;0;1;0;0;2;7;1;B01
201000037181;1;7;0;0;1;1;1;A01
201000037182;0;7;0;0;2;4;1;A01
201000037182;1;7;0;0;2;1;1;Z01
201000037183;0;7;0;0;1;4;20;A01
201000037184;0;7;0;0;9;4;4;A01
201000037185;0;7;0;0;2;2;1;B01
201000037185;0;1;0;0;2;2;15;A01
201000037186;0;37;1;0;1;1;1;A01
201000037187;0;7;0;0;2;1;1;A01
201000037187;0;7;0;0;2;6;1;B01
201000037188;0;7;0;0;2;2;15;B01
201000037188;0;32;0;0;2;1;1;A01
201000037189;0;7;0;0;1;3;1;A01
201000037190;0;7;0;0;1;3;1;A01
201000037191;0;1;0;0;2;7;19;A01
201000037191;0;37;30;0;2;3;1;B01
201000037192;0;7;0;2;0;1;1;A01
201000037193;0;30;0;11;2;0;1;A01
201000037193;1;7;0;0;0;0;1;Z01
201000037194;0;7;0;0;2;1;1;A01
201000037194;0;7;0;0;2;4;1;B01
201000037195;0;7;0;0;1;1;1;A01
201000037196;0;1;0;0;2;1;1;A01
201000037196;0;33;0;0;2;1;1;B01
201000037197;0;30;0;0;2;1;1;B01
201000037197;0;7;0;0;2;3;15;A01
201000037198;0;1;0;1;0;1;1;B01
201000037198;0;7;0;0;2;3;22;A01
201000037199;0;2;0;0;2;1;1;A01
201000037199;0;7;0;0;2;4;1;B01
201000037200;0;7;0;0;1;2;1;A01
201000037201;0;37;1;0;2;1;23;C01
201000037201;0;7;0;0;2;1;1;A01
201000037201;0;7;0;0;2;3;1;B01
201000037202;0;7;0;0;2;8;2;B01
201000037202;0;30;0;0;2;1;15;A01
201000037203;0;7;0;0;2;7;1;A01
201000037203;0;32;0;0;2;7;1;B01
201000037204;0;7;0;0;2;4;1;B01
201000037204;0;7;0;0;2;1;1;A01
201000037205;0;7;0;0;2;3;15;A01
201000037205;0;37;40;0;2;1;2;B01
201000037206;0;7;0;6;0;1;1;A01
201000037207;1;30;0;0;1;1;1;Z01
201000037208;0;33;0;0;1;1;1;A01
201000037209;0;7;0;0;2;1;2;B01
201000037209;0;7;0;0;2;7;15;A01
201000037210;0;7;0;0;1;2;1;A01
201000037211;1;7;0;1;1;1;0;A01
201000037212;0;7;0;0;1;3;2;A01
201000037213;1;7;0;0;1;2;1;A01
201000037214;0;7;0;0;1;1;16;A01
201000037215;0;33;0;0;2;7;1;B01
201000037215;0;7;0;0;2;2;9;A01
201000037216;0;10;0;0;2;2;16;B01
201000037216;0;2;0;0;2;1;1;A01
201000037217;0;7;0;0;2;1;1;A01
201000037217;0;7;0;0;2;4;1;B01
201000037218;0;7;0;0;2;1;1;A01
201000037218;0;7;0;0;2;8;15;B01
201000037219;0;7;0;0;2;2;15;A01
201000037219;0;30;0;0;2;1;1;B01
201000037220;0;7;0;13;0;9;1;A01
201000037221;0;30;0;0;2;1;1;A01
201000037221;0;7;0;0;2;2;1;B01
201000037222;0;7;0;0;2;7;15;A01
201000037222;0;2;0;0;2;1;1;B01
201000037223;0;7;0;0;2;2;1;A01
201000037223;0;7;0;0;2;4;9;B01
201000037224;0;7;0;0;2;4;1;B01
201000037224;0;7;0;0;2;1;1;A01
201000037225;0;37;3;0;2;1;1;B01
201000037225;0;7;0;0;2;1;1;A01
201000037226;0;1;0;0;2;1;15;A01
201000037226;0;1;0;0;2;1;1;B01
201000037227;0;7;0;0;2;1;1;B01
201000037227;0;2;0;0;2;1;1;A01
201000037228;0;7;0;0;2;7;16;B01
201000037228;0;2;0;0;2;1;1;A01
201000037229;0;7;0;0;1;3;1;A01
201000037230;0;33;0;0;0;6;1;A01
201000037231;0;30;0;0;2;1;1;A01
201000037231;0;7;0;0;2;3;15;B01
201000037232;0;7;0;0;2;1;0;B01
201000037232;0;7;0;0;2;2;15;A01
201000037233;0;7;0;0;2;1;1;B01
201000037233;0;7;0;0;2;1;1;A01
201000037233;0;7;0;0;2;4;1;C01
201000037234;0;7;0;0;1;2;1;A01
201000037235;0;7;0;0;2;3;1;B01
201000037235;0;7;0;0;2;2;9;A01
201000037236;1;7;0;0;1;0;0;Z01
201000037237;0;7;0;0;1;7;1;A01
201000037238;0;10;0;0;1;1;1;A01
201000037239;0;7;0;1;2;1;1;B01
201000037239;0;10;0;0;0;0;10;A01
201000037240;0;7;0;0;2;1;1;B01
201000037240;0;7;0;0;2;5;15;A01
201000037241;0;33;0;0;2;8;1;A01
201000037241;0;7;0;0;2;4;1;B01
201000037242;0;2;0;0;2;2;1;A01
201000037243;0;33;0;16;0;9;1;A01
201000037244;0;7;0;0;2;1;2;A01
201000037244;0;7;0;0;2;0;24;B01
201000037245;0;32;0;0;2;1;1;B01
201000037245;0;7;0;0;2;2;1;A01
201000037246;0;33;0;11;0;1;1;A01
201000037247;1;2;0;5;0;1;0;A01
201000037248;0;7;0;0;2;8;8;B01
201000037248;0;2;0;0;2;2;17;A01
201000037249;1;7;0;0;1;1;16;A01
201000037250;0;7;0;0;1;2;1;A01
201000037251;0;1;0;1;0;1;1;B01
201000037251;0;7;0;0;2;1;24;A01
201000037252;0;7;0;0;0;0;1;A01
201000037253;0;7;0;0;2;1;1;A01
201000037253;0;7;0;0;2;8;1;B01
201000037254;0;15;0;0;2;3;16;A01
201000037254;0;7;0;0;2;1;1;B01
201000037255;0;33;0;0;2;4;1;B01
201000037256;0;7;0;0;1;1;1;A01
201000037257;0;33;0;0;2;1;1;B01
201000037257;0;7;0;0;2;3;15;A01
201000037258;0;30;0;0;0;1;1;A01
201000037259;0;7;0;6;0;1;13;A01
201000037260;0;30;0;0;2;1;1;A01
201000037260;0;7;0;0;2;1;15;B01
201000037261;0;30;0;1;0;1;1;A01
201000037262;0;7;0;0;2;2;0;B01
201000037262;0;7;0;0;2;3;0;A01
201000037263;0;30;0;0;2;4;1;B01
201000037263;0;7;0;0;2;1;9;A01
201000037264;0;7;0;0;1;1;1;A01
201000037265;0;7;0;0;2;3;15;B01
201000037265;0;2;0;0;2;1;1;A01
201000037266;0;7;0;0;2;4;1;B01
201000037266;0;33;0;0;2;1;1;A01
201000037267;0;30;0;0;2;1;17;A01
201000037267;0;7;0;0;2;3;15;B01
201000037268;0;7;0;0;2;1;15;A01
201000037268;0;7;0;0;2;1;1;B01
201000037269;0;7;0;0;1;7;1;A01
201000037270;0;33;0;0;2;1;17;A01
201000037270;0;7;0;0;2;3;1;B01
201000037271;0;7;0;0;2;8;1;A01
201000037271;0;37;10;0;2;2;1;B01
201000037272;0;7;0;0;1;1;1;A01
201000037273;0;7;0;0;2;1;1;A01
201000037273;0;1;0;0;2;8;1;B01
201000037274;0;7;0;0;1;2;1;A01
201000037275;0;7;0;0;2;1;1;B01
201000037275;0;1;0;0;2;8;1;A01
201000037276;0;7;0;0;2;8;9;A01
201000037276;0;7;0;0;2;1;1;B01
201000037277;0;7;0;6;0;1;1;A01
201000037278;0;7;0;6;0;1;13;A01
201000037279;0;7;0;6;0;1;15;A01
201000037280;0;33;0;0;2;1;1;B01
201000037280;0;7;0;0;2;3;15;A01
201000037281;0;2;0;0;2;1;1;A01
201000037282;0;7;0;0;2;1;15;A01
201000037282;0;1;0;0;2;0;2;B01
201000037283;0;7;0;0;2;2;1;A01
201000037283;0;10;0;8;2;1;1;B01
201000037284;0;7;0;0;1;3;1;A01
201000037285;0;7;0;0;1;1;1;A01
201000037286;0;7;0;0;2;5;12;A01
201000037286;0;31;0;0;2;1;1;B01
201000037287;0;7;0;0;2;3;15;A01
201000037287;0;33;0;0;2;7;17;B01
201000037288;0;7;0;0;2;3;15;B01
201000037288;0;2;0;0;2;1;17;A01
201000037289;0;37;10;0;2;3;13;C01
201000037289;0;7;0;0;2;4;1;A01
201000037289;0;7;0;0;2;3;1;B01
201000037290;0;2;0;0;2;3;1;B01
201000037290;0;7;0;0;2;2;1;A01
201000037291;0;7;0;0;2;4;15;B01
201000037291;0;30;0;0;2;1;1;A01
201000037292;0;7;0;1;0;9;1;A01
201000037293;0;7;0;0;1;1;1;A01
201000037294;0;7;0;1;2;2;1;B01
201000037294;0;7;0;0;2;1;1;A01
201000037295;0;1;0;0;2;4;1;B01
201000037295;0;3;0;0;2;1;1;A01
201000037296;0;10;0;0;2;1;1;B01
201000037296;0;7;0;0;2;1;15;A01
201000037297;0;7;0;0;1;1;1;A01
201000037298;0;7;0;0;2;1;1;C01
201000037298;0;7;0;0;2;1;1;A01
201000037298;0;7;0;0;2;1;1;B01
201000037299;0;31;0;0;2;0;1;A01
201000037299;0;7;0;0;0;0;1;B01
201000037300;0;1;0;0;2;8;15;A01
201000037300;0;7;0;0;2;1;1;B01
201000037301;0;10;0;0;2;8;24;A01
201000037301;0;1;0;1;0;1;1;B01
201000037302;0;7;0;0;1;4;20;A01
201000037303;1;7;0;0;2;1;1;A01
201000037303;0;30;0;0;2;1;1;B01
201000037304;1;30;0;0;1;1;1;A01
201000037305;0;7;0;0;2;4;1;C01
201000037305;0;17;0;0;2;1;1;A01
201000037305;0;7;0;0;2;4;1;B01
201000037306;0;7;0;0;2;1;1;A01
201000037306;0;1;0;0;2;4;11;B01
201000037307;0;7;0;0;2;3;15;A01
201000037307;0;7;0;0;2;1;1;B01
201000037308;0;32;0;0;2;1;1;B01
201000037308;0;7;0;0;2;2;15;A01
201000037309;0;30;0;0;0;1;1;A01
201000037310;0;1;0;0;2;1;1;A01
201000037310;0;7;0;0;2;8;1;B01
201000037311;0;7;0;0;1;1;1;A01
201000037312;0;32;0;0;2;1;1;B01
201000037312;0;7;0;1;2;1;16;A01
201000037313;0;7;0;6;2;1;1;B01
201000037313;0;7;0;6;2;1;1;A01
201000037314;0;7;0;0;1;1;1;A01
201000037315;2;7;0;0;2;1;1;A01
201000037315;0;3;0;0;2;3;1;B01
201000037316;0;7;0;0;1;3;1;A01
201000037317;0;30;0;0;2;1;1;B01
201000037317;0;7;0;0;2;1;15;A01
201000037318;0;7;0;0;1;8;1;A01
201000037319;0;7;0;0;2;3;1;A01
201000037319;0;7;0;0;2;9;1;B01
201000037320;0;37;1;0;2;1;1;A01
201000037320;0;15;0;0;2;4;1;B01
201000037321;1;7;0;0;0;1;1;A01
201000037321;0;1;0;0;2;0;0;B01
201000037322;0;7;0;6;0;1;13;A01
201000037323;0;7;0;0;2;4;23;C01
201000037323;0;7;0;0;2;4;23;B01
201000037323;0;7;0;0;2;1;1;A01
201000037324;0;30;0;0;2;1;1;B01
201000037324;0;7;0;0;2;7;22;A01
201000037325;0;7;0;0;2;7;15;A01
201000037325;0;30;0;0;2;1;1;B01
201000037326;0;7;0;0;1;1;16;A01
201000037327;0;7;0;0;2;4;16;C01
201000037327;0;7;0;0;2;1;1;A01
201000037327;0;7;0;0;2;4;2;B01
201000037328;0;30;0;0;2;1;17;A01
201000037328;0;10;0;0;2;2;15;B01
201000037329;0;7;0;0;9;1;1;A01
201000037330;0;30;0;0;2;1;1;B01
201000037330;0;7;0;0;2;3;14;A01
201000037331;0;7;0;0;2;3;9;B01
201000037331;0;30;0;0;2;1;1;A01
201000037332;0;7;0;0;2;8;10;A01
201000037332;0;33;0;0;2;1;1;B01
201000037333;0;7;0;0;1;3;2;A01
201000037334;0;7;0;0;2;3;1;B01
201000037334;0;10;0;1;2;1;1;A01
201000037335;0;7;0;0;2;2;16;A01
201000037335;0;30;0;0;2;3;1;B01
201000037336;0;7;0;0;2;3;15;A01
201000037336;0;32;0;0;2;1;1;B01
201000037337;1;7;0;0;2;2;15;A01
201000037337;0;1;0;0;2;8;1;B01
201000037338;0;10;0;0;1;1;1;A01
201000037339;0;7;0;0;2;2;10;A01
201000037339;0;7;0;0;2;3;1;B01
201000037340;0;7;0;4;0;8;1;A01
201000037341;0;10;0;0;1;1;16;A01
201000037342;0;1;0;0;2;1;19;A01
201000037342;0;7;0;0;2;8;1;B01
201000037343;0;7;0;13;0;1;1;A01
201000037344;0;7;0;0;1;3;1;A01
201000037345;0;7;0;0;2;1;1;A01
201000037345;0;10;0;0;2;0;23;B01
201000037346;0;30;0;0;2;6;15;A01
201000037347;0;30;0;0;1;1;1;A01
201000037348;0;2;0;0;2;1;2;B01
201000037348;0;7;0;0;2;3;15;A01
201000037349;0;7;0;0;2;4;15;B01
201000037349;0;31;0;0;2;1;1;A01
201000037350;0;7;0;0;2;4;1;B01
201000037350;0;7;0;0;2;1;2;A01
201000037351;0;10;0;0;2;1;1;A01
201000037351;0;7;0;0;2;4;1;B01
201000037352;0;7;0;0;2;8;1;B01
201000037352;0;7;0;0;2;8;11;A01
201000037353;0;7;0;0;2;3;15;B01
201000037353;0;2;0;0;2;1;1;A01
201000037354;0;7;0;10;0;1;1;A01
201000037355;0;7;0;0;2;3;1;B01
201000037355;0;7;0;0;2;8;1;A01
201000037356;0;7;0;0;2;1;1;C01
201000037356;0;7;0;0;2;1;1;A01
201000037356;0;7;0;0;2;3;1;B01
201000037357;0;7;0;0;2;1;19;A01
201000037357;0;1;0;0;2;1;1;B01
201000037358;0;7;0;0;2;1;1;B01
201000037358;0;7;0;0;2;6;1;A01
201000037358;0;7;0;0;2;1;1;C01
201000037359;0;7;0;0;2;2;2;A01
201000037359;0;1;0;0;2;1;19;B01
201000037360;0;2;0;0;2;1;17;A01
201000037360;0;7;0;0;2;1;2;B01
201000037361;0;7;0;9;0;1;1;A01
201000037362;0;32;0;0;2;1;18;B01
201000037362;0;7;0;0;2;1;16;A01
201000037363;0;2;0;0;2;1;1;A01
201000037363;0;7;0;0;2;1;15;B01
201000037364;0;34;0;0;2;1;1;A01
201000037364;0;7;0;0;2;4;17;B01
201000037365;1;7;0;0;2;0;17;A01
201000037365;0;33;0;0;2;2;1;B01
201000037366;0;7;0;0;1;3;15;A01
201000037367;0;7;0;3;0;2;1;A01
201000037368;0;7;0;8;0;1;0;A01
201000037369;0;7;0;0;2;8;10;A01
201000037369;0;30;0;0;2;1;17;B01
201000037370;0;7;0;0;2;2;12;B01
201000037370;0;33;0;0;2;3;1;A01
201000037371;0;7;0;0;1;3;1;A01
201000037372;0;7;0;0;1;1;1;A01
201000037373;0;7;0;0;1;1;1;A01
201000037374;0;7;0;0;2;7;13;A01
201000037374;0;1;0;0;2;3;11;B01
201000037375;0;7;0;0;2;6;23;D01
201000037375;0;7;0;0;2;4;23;E01
201000037375;0;7;0;0;2;4;23;B01
201000037375;0;7;0;0;2;4;23;F02
201000037375;1;7;0;0;2;1;1;A01
201000037375;0;7;0;0;2;4;23;C01
201000037376;0;7;0;0;2;7;15;A01
201000037376;0;30;0;0;2;1;1;B01
201000037377;0;7;0;0;2;1;1;B01
201000037377;0;7;0;0;2;2;10;A01
201000037378;0;7;0;0;1;2;1;A01
201000037379;0;10;0;0;2;4;23;C01
201000037379;0;10;0;0;2;6;23;B01
201000037379;0;7;0;0;2;9;1;A01
201000037380;0;2;0;0;2;1;2;A01
201000037380;0;7;0;0;2;4;2;C01
201000037380;0;7;0;0;2;4;1;B01
201000037381;0;7;0;0;2;3;1;B01
201000037381;0;1;0;0;2;1;1;A01
201000037382;0;10;0;0;1;2;1;A01
201000037383;0;33;0;0;2;1;1;B01
201000037383;0;7;0;0;2;8;1;A01
201000037384;0;37;1;0;2;1;1;A01
201000037384;0;1;0;0;2;4;11;B01
201000037385;0;7;0;0;2;7;15;A01
201000037385;0;33;0;0;2;1;1;B01
201000037386;0;7;0;6;0;1;1;A01
201000037387;0;1;0;0;2;1;1;A01
201000037387;0;7;0;0;2;3;1;B01
201000037388;0;7;0;0;2;6;15;A01
201000037388;0;7;0;0;2;3;1;B01
201000037389;0;30;0;0;2;1;1;A01
201000037390;0;7;0;0;2;3;21;A01
201000037390;0;2;0;0;2;1;17;B01
201000037391;0;7;0;6;0;1;1;A01
201000037392;0;7;0;1;0;1;19;A01
201000037393;0;33;0;0;2;1;17;B01
201000037393;0;10;0;0;2;3;10;A01
201000037394;0;7;0;4;0;3;1;A01
201000037395;0;2;0;0;2;1;1;B01
201000037396;0;7;0;3;0;9;1;A01
201000037397;0;30;0;1;0;1;1;B01
201000037397;0;7;0;0;2;3;24;A01
201000037398;0;1;0;0;2;1;17;B01
201000037398;0;7;0;0;2;3;1;A01
201000037399;0;7;0;2;0;1;1;A01
201000037400;0;37;1;0;1;1;16;A01
201000037401;1;7;0;0;1;0;0;A01
201000037402;0;7;0;0;2;3;15;A01
201000037402;0;7;0;0;2;3;23;C01
201000037402;0;33;0;0;2;1;2;B01
201000037403;0;7;0;0;2;7;16;B01
201000037403;0;30;0;0;2;3;1;A01
201000037404;0;7;0;1;0;2;14;A01
201000037405;0;7;0;0;2;8;11;B01
201000037405;0;2;0;0;2;1;1;A01
201000037406;0;7;0;0;2;3;15;B01
201000037406;0;7;0;0;2;2;1;A01
201000037407;0;7;0;1;0;2;1;B01
201000037407;0;7;0;0;2;8;22;A01
201000037408;1;7;0;0;0;1;0;A01
201000037408;0;2;0;0;2;4;1;B01
201000037409;0;7;0;0;2;1;2;A01
201000037409;0;7;0;9;2;4;2;B01
201000037410;0;7;0;0;1;1;15;A01
201000037411;0;7;0;4;2;4;1;B01
201000037411;0;7;0;4;2;1;2;A01
201000037412;0;1;0;0;2;7;1;A01
201000037412;0;7;0;0;2;3;15;B01
201000037413;0;7;0;0;2;2;1;B01
201000037413;0;7;0;0;2;8;1;A01
201000037414;1;30;0;0;1;1;2;A01
201000037415;0;2;0;2;0;1;1;A01
201000037416;0;7;0;0;1;1;1;A01
201000037417;0;1;0;0;2;3;15;B01
201000037417;0;7;0;0;2;2;17;A01
201000037418;0;7;0;0;1;3;15;A01
201000037419;0;33;0;0;1;1;13;A01
201000037420;0;7;0;0;2;3;17;A01
201000037420;0;14;0;0;2;3;1;B01
201000037421;0;30;0;0;2;1;1;A01
201000037421;0;7;0;0;2;2;1;B01
201000037421;0;7;0;0;2;3;1;C01
201000037422;0;3;0;4;0;1;14;A01
201000037423;0;30;0;0;2;2;17;B01
201000037423;0;7;0;0;2;3;13;A01
201000037424;1;7;0;0;2;0;16;A01
201000037424;0;36;0;0;2;7;1;B01
201000037425;0;33;0;0;2;6;15;B01
201000037425;0;7;0;0;2;3;1;A01
201000037426;0;7;0;0;2;1;1;B01
201000037426;0;7;0;0;2;2;15;A01
201000037427;0;33;0;0;0;3;1;B01
201000037427;0;7;0;0;2;0;15;A01
201000037428;0;2;0;0;2;6;15;B01
201000037428;0;7;0;0;2;1;1;A01
201000037429;0;7;0;0;2;1;17;A01
201000037429;0;33;0;0;2;1;1;B01
201000037430;0;7;0;0;2;1;17;A01
201000037430;0;7;0;0;2;3;1;B01
201000037431;0;33;0;0;2;3;1;A01
201000037431;1;7;0;0;2;1;10;B01
201000037432;0;33;0;0;2;1;1;B01
201000037432;0;7;0;0;2;1;15;A01
201000037433;0;7;0;0;2;4;1;B01
201000037433;0;7;0;0;2;1;1;A01
201000037434;0;7;0;0;2;1;2;B01
201000037434;0;7;0;0;2;3;1;A01
201000037435;0;7;0;0;1;1;1;A01
201000037436;0;2;0;0;2;1;1;B01
201000037436;0;7;0;0;2;3;10;A01
201000037437;0;7;0;0;2;1;1;B01
201000037437;0;7;0;0;2;3;9;A01
201000037438;0;7;0;0;2;1;15;A01
201000037438;0;7;0;0;2;3;1;B01
201000037439;0;7;0;0;1;1;1;A01
201000037440;0;7;0;0;2;2;1;A01
201000037440;0;7;0;0;2;1;1;B01
201000037441;0;7;0;0;2;8;15;A01
201000037441;0;33;0;0;2;1;1;B01
201000037442;0;1;0;0;2;8;1;B01
201000037442;0;7;0;0;2;2;16;A01
201000037443;0;7;0;0;2;3;1;B01
201000037443;0;1;0;0;2;1;1;A01
201000037444;0;1;0;0;2;1;1;B01
201000037444;0;7;0;0;2;2;16;A01
201000037445;0;7;0;0;2;8;10;A01
201000037445;0;33;0;0;2;1;1;B01
201000037446;0;7;0;1;0;9;1;A01
201000037447;0;2;0;0;2;1;1;B01
201000037447;0;7;0;0;2;0;15;A01
201000037448;0;7;0;1;2;1;1;B01
201000037448;0;7;0;0;2;1;13;A01
201000037449;0;7;0;0;2;6;1;A01
201000037449;0;7;0;0;2;3;1;B01
201000037450;0;1;0;0;2;1;1;A01
201000037450;0;7;0;0;2;3;1;B01
201000037451;0;7;0;2;0;3;1;A01
201000037452;0;7;0;0;1;1;1;A01
201000037453;0;7;0;8;0;1;14;A01
201000037454;0;7;0;0;2;1;15;A01
201000037454;0;1;0;0;2;8;1;B01
201000037455;0;7;0;0;1;1;1;A01
201000037456;0;7;0;0;2;1;1;B01
201000037456;0;2;0;0;2;1;17;A01
201000037457;0;7;0;0;2;3;1;A01
201000037457;0;7;0;0;2;6;23;B01
201000037458;0;7;0;0;1;1;1;A01
201000037459;0;7;0;0;2;4;10;A01
201000037459;0;2;0;0;2;1;1;B01
201000037460;0;15;0;0;1;1;1;A01
201000037461;0;7;0;0;2;2;15;A01
201000037461;0;30;0;0;2;3;1;B01
201000037462;0;31;0;0;0;0;17;A01
201000037462;0;7;0;0;0;0;15;B01
201000037463;0;7;0;0;1;1;1;A01
201000037464;0;7;0;11;0;1;0;A01
201000037465;0;33;0;0;2;7;1;B01
201000037465;0;7;0;0;2;0;10;A01
201000037466;0;7;0;0;2;1;1;B01
201000037466;0;7;0;0;2;3;1;A01
201000037467;0;7;0;0;2;1;1;B01
201000037467;2;7;0;0;2;1;2;A01
201000037468;0;32;0;0;2;1;1;B01
201000037468;0;7;0;0;2;2;15;A01
201000037469;0;1;0;0;2;2;19;B01
201000037469;0;7;0;0;1;1;1;A01
201000037470;0;7;0;0;2;3;10;A01
201000037470;0;2;0;0;2;1;1;B01
201000037471;0;7;0;0;1;1;1;A01
201000037472;2;7;0;2;0;1;0;A01
201000037473;0;7;0;0;1;1;16;A01
201000037474;0;7;0;0;1;1;1;A01
201000037475;1;7;0;0;2;1;2;Z01
201000037475;0;30;0;0;2;4;1;A01
201000037476;0;7;0;0;2;1;1;A01
201000037476;0;7;0;0;2;4;23;C01
201000037476;0;7;0;0;2;1;1;B01
201000037477;0;7;0;0;1;4;4;A01
201000037478;0;33;0;0;2;1;1;B01
201000037478;0;7;0;0;2;8;10;A01
201000037479;0;30;0;0;0;7;1;A01
201000037480;0;10;0;0;2;8;10;A01
201000037480;0;31;0;0;2;1;1;B01
201000037481;0;7;0;0;1;1;1;A01
201000037482;0;10;0;0;1;4;20;A01
201000037483;0;7;0;0;2;1;2;B01
201000037483;0;7;0;0;2;1;15;A01
201000037484;0;7;0;0;2;1;1;A01
201000037484;0;7;0;0;2;4;1;B01
201000037485;0;7;0;0;1;3;15;A01
201000037486;0;31;0;0;2;1;2;A01
201000037486;0;7;0;0;2;4;2;B01
201000037487;0;10;0;0;2;1;1;B01
201000037487;0;1;0;0;2;1;2;A01
201000037488;0;7;0;0;2;3;9;A01
201000037488;0;7;0;0;2;2;1;B01
201000037489;0;30;0;0;2;1;17;B01
201000037489;0;7;0;0;2;3;15;A01
201000037490;0;33;0;0;2;1;13;B01
201000037491;0;7;0;0;2;1;1;B01
201000037491;0;7;0;0;2;1;1;A01
201000037492;0;7;0;0;1;1;1;A01
201000037493;0;2;0;0;1;1;1;A01
201000037494;0;1;0;0;2;1;17;A01
201000037494;0;7;0;0;2;0;1;B01
201000037495;0;7;0;0;2;1;1;A01
201000037495;0;7;0;0;2;3;1;B01
201000037496;0;7;0;0;1;0;1;A01
201000037497;0;7;0;0;2;4;23;B01
201000037497;0;7;0;0;2;4;1;A01
201000037498;0;7;0;0;1;1;1;A01
201000037499;0;7;0;0;2;2;15;A01
201000037499;0;7;0;0;2;1;1;B01
201000037500;0;7;0;0;1;1;9;A01
201000037501;0;7;0;0;1;1;1;A01
201000037502;0;7;0;2;0;1;1;A01
201000037503;0;7;0;0;1;1;1;A01
201000037504;0;2;0;0;2;1;17;A01
201000037504;0;7;0;0;2;3;15;B01
201000037505;0;7;0;0;1;4;20;A01
201000037506;0;2;0;0;2;7;1;A01
201000037506;0;3;0;0;2;8;1;B01
201000037507;0;10;0;0;1;2;1;A01
201000037508;0;7;0;0;1;1;1;A01
201000037509;0;7;0;0;2;6;9;A01
201000037509;0;7;0;0;2;3;2;B01
201000037510;0;7;0;8;0;1;1;A01
201000037511;0;7;0;0;1;4;4;A01
201000037512;0;33;0;0;2;1;1;B01
201000037512;0;17;0;0;2;3;9;A01
201000037513;0;7;0;0;2;3;0;B01
201000037513;0;2;0;0;2;1;5;A01
201000037514;0;7;0;0;1;2;1;A01
201000037515;0;7;0;0;2;1;15;A01
201000037515;0;1;0;0;2;1;1;B01
201000037516;0;7;0;0;1;1;1;A01
201000037517;0;7;0;4;0;2;1;A01
201000037518;0;7;0;0;1;1;1;A01
201000037519;0;3;0;3;0;1;2;A01
201000037520;0;7;0;0;1;4;4;A01
201000037521;0;7;0;0;2;1;1;A01
201000037521;0;1;0;0;2;1;1;B01
201000037522;0;7;0;0;2;1;15;A01
201000037522;0;33;0;0;2;1;1;B01
201000037523;0;2;0;0;2;1;15;A01
201000037523;0;10;0;0;2;3;1;B01
201000037524;0;10;0;0;2;1;1;A01
201000037524;0;7;0;0;2;8;1;B01
201000037525;0;7;0;0;1;1;1;A01
201000037526;0;7;0;4;0;9;1;A01
201000037527;0;7;0;0;2;1;1;A01
201000037527;0;7;0;0;2;6;1;B01
201000037528;0;10;0;0;1;1;1;A01
201000037529;0;2;0;3;0;1;14;A01
201000037530;0;2;0;0;2;1;1;B01
201000037530;1;7;0;0;2;0;15;Z01
201000037531;0;7;0;0;1;1;1;A01
201000037532;0;7;0;0;2;4;15;A01
201000037532;0;31;0;0;2;1;1;B01
201000037533;0;7;0;0;2;4;1;C01
201000037533;0;7;0;0;2;4;1;B01
201000037533;0;7;0;0;2;1;1;A01
201000037533;0;7;0;0;2;4;1;D01
201000037534;0;7;0;0;1;1;1;A01
201000037535;0;7;0;0;2;7;15;A01
201000037535;0;7;0;0;2;1;1;B01
201000037536;0;7;0;0;1;1;1;A01
201000037537;0;7;0;0;1;3;1;A01
201000037538;0;31;0;11;0;2;1;A01
201000037539;1;7;0;0;1;1;1;A01
201000037540;0;7;0;0;2;4;1;B01
201000037540;0;30;0;0;2;1;1;A01
201000037541;0;7;0;0;1;2;1;A01
201000037542;0;7;0;0;2;1;1;B01
201000037542;0;7;0;0;2;1;1;A01
201000037543;0;7;0;0;1;3;1;A01
201000037544;0;7;0;0;1;1;1;A01
201000037545;0;7;0;0;1;1;1;A01
201000037546;0;7;0;0;2;4;2;A01
201000037547;0;7;0;0;2;7;1;B01
201000037547;0;7;0;0;2;1;1;A01
201000037548;0;3;0;8;0;1;1;A01
201000037549;0;14;0;0;2;7;16;A01
201000037549;0;1;0;0;2;8;1;B01
201000037550;0;7;0;9;0;1;1;A01
201000037551;0;10;0;0;2;3;1;A01
201000037551;0;7;0;0;2;2;1;B01
201000037552;0;7;0;0;0;4;0;C01
201000037552;0;7;0;0;2;1;0;A01
201000037552;1;7;0;0;2;4;0;B01
201000037553;0;10;0;6;0;1;1;A01
201000037553;0;7;0;0;2;1;1;B01
201000037554;0;7;0;0;2;3;15;A01
201000037554;0;7;0;0;2;1;1;B01
201000037555;1;7;0;0;2;1;2;Z01
201000037555;0;7;0;0;2;4;2;A01
201000037556;0;7;0;0;2;1;1;A01
201000037556;0;7;0;0;2;1;1;B01