num_acc;senc;catv;occutc;obs;obsm;choc;manv;num_veh
201000037557;0;37;8;0;2;1;1;B01
201000037557;0;7;0;0;2;7;1;A01
201000037558;2;7;0;0;2;1;1;B01
201000037558;0;7;0;0;2;4;1;A01
201000037559;0;7;0;6;0;8;1;A01
201000037560;0;7;0;0;1;2;1;A01
201000037561;0;1;0;0;1;1;1;A01
201000037562;0;7;0;0;1;1;0;A01
201000037563;0;7;0;0;2;1;2;A01
201000037563;0;7;0;0;0;4;2;B01
201000037564;0;7;0;0;9;3;1;A01
201000037564;0;1;0;0;2;3;9;B01
201000037565;0;33;0;0;0;1;1;A01
201000037566;0;7;0;0;9;2;1;A01
201000037566;0;1;0;0;2;7;19;B01
201000037567;0;7;0;0;2;8;12;A01
201000037567;0;16;0;0;2;2;1;B01
201000037568;0;7;0;0;2;1;15;A01
201000037568;0;31;0;0;2;1;1;B01
201000037569;0;7;0;6;0;7;19;A01
201000037570;0;30;0;0;9;1;1;C01
201000037570;0;7;0;0;1;1;1;B01
201000037570;0;14;0;0;2;1;1;A01
201000037571;0;1;0;0;2;0;1;B01
201000037571;0;7;0;0;2;1;1;A01
201000037572;0;7;0;0;2;1;1;A01
201000037572;0;7;0;1;0;1;1;B01
201000037573;0;7;0;6;0;1;1;A01
201000037574;0;33;0;0;1;2;1;A01
201000037575;0;16;0;0;1;0;16;A01
201000037576;0;2;0;0;1;1;1;A01
201000037577;0;7;0;0;1;7;1;A01
201000037578;0;7;0;0;1;1;15;A01
201000037579;0;17;0;0;1;2;1;A01
201000037580;0;2;0;0;2;1;2;A01
201000037580;0;7;0;0;2;4;2;B01
201000037581;0;7;0;0;1;2;2;A01
201000037582;0;7;0;0;2;1;1;B01
201000037582;0;7;0;14;2;1;1;A01
201000037583;0;7;0;0;1;1;1;A01
201000037584;0;7;0;14;2;2;15;A01
201000037584;0;32;0;0;2;1;1;B01
201000037585;0;7;0;0;2;1;1;A01
201000037585;0;7;0;0;2;1;1;B01
201000037586;0;7;0;0;1;0;1;A01
201000037587;0;7;0;0;1;0;1;A01
201000037588;0;7;0;0;1;2;1;A01
201000037589;0;7;0;1;2;6;16;B01
201000037589;0;7;0;0;2;3;1;A01
201000037590;0;7;0;0;1;1;1;A01
201000037591;0;7;0;0;2;1;2;A01
201000037591;0;3;0;0;2;4;23;B01
201000037592;0;7;0;0;2;4;20;A01
201000037592;0;33;0;0;2;1;1;B01
201000037593;2;7;0;1;0;1;1;Z01
201000037594;0;30;0;0;1;7;1;A01
201000037595;0;7;0;0;1;0;1;A01
201000037596;0;7;0;0;2;1;15;B01
201000037596;0;7;0;0;2;2;1;A01
201000037597;0;7;0;0;1;8;1;A01
201000037598;0;7;0;0;2;4;15;A01
201000037598;0;7;0;0;2;1;2;B01
201000037599;1;7;0;1;1;0;1;Z01
201000037600;0;7;0;0;1;7;1;A01
201000037601;0;33;0;0;2;8;1;B01
201000037601;0;7;0;0;2;1;15;A01
201000037602;0;7;0;0;1;1;16;A01
201000037603;0;7;0;0;2;8;15;A01
201000037603;0;30;0;0;2;9;21;C01
201000037603;0;30;0;1;2;9;21;B01
201000037604;0;7;0;0;2;5;17;A01
201000037604;0;30;0;0;2;0;1;B01
201000037605;0;7;0;0;1;0;16;A01
201000037606;0;7;0;0;1;0;1;A01
201000037607;0;7;0;7;2;6;1;A01
201000037607;0;30;0;7;2;1;1;B01
201000037608;0;7;0;0;2;1;1;A01
201000037608;0;30;0;0;2;9;1;B01
201000037609;0;30;0;1;2;1;1;B01
201000037610;0;7;0;0;2;1;1;A01
201000037610;0;7;0;0;2;2;15;B01
201000037611;0;7;0;0;1;0;15;A01
201000037612;0;7;0;0;2;1;2;B01
201000037612;0;7;0;0;2;4;9;A01
201000037613;0;7;0;0;1;4;20;A01
201000037614;0;7;0;0;2;8;24;C01
201000037614;0;7;0;1;0;1;16;A01
201000037614;0;7;0;1;0;2;16;B01
201000037615;0;7;0;7;2;3;14;A01
201000037616;0;7;0;7;2;5;2;A01
201000037616;0;7;0;0;2;3;1;B01
201000037617;0;7;0;0;2;1;15;B01
201000037617;0;7;0;0;2;8;15;A01
201000037618;0;7;0;0;2;1;1;A01
201000037618;0;7;0;0;2;4;2;B01
201000037619;0;7;0;0;1;0;0;A01
201000037620;0;7;0;2;0;1;1;A01
201000037621;0;7;0;0;1;1;1;A01
201000037622;0;32;0;0;2;2;1;B01
201000037622;0;7;0;0;2;7;16;A01
201000037623;0;7;0;0;1;1;1;A01
201000037624;0;7;0;0;2;7;23;B01
201000037624;0;2;0;0;2;8;23;A01
201000037625;0;7;0;1;2;1;1;B01
201000037625;0;7;0;0;2;7;24;C01
201000037625;0;7;0;0;2;1;1;A01
201000037626;0;7;0;0;2;2;1;A01
201000037626;0;7;0;0;2;8;1;B01
201000037627;0;7;0;0;2;3;1;B01
201000037627;0;7;0;0;2;3;1;A01
201000037628;0;7;0;0;5;1;21;A01
201000037628;0;7;0;1;2;9;1;B01
201000037629;0;7;0;0;1;1;16;A01
201000037630;0;30;0;0;2;5;1;B01
201000037630;0;7;0;7;2;8;20;A01
201000037631;0;7;0;0;1;1;1;A01
201000037632;0;7;0;8;0;1;1;A01
201000037633;0;7;0;0;1;1;1;A01
201000037634;0;7;0;0;1;1;17;A01
201000037635;1;7;0;0;1;1;1;Z01
201000037636;0;7;0;0;1;0;1;A01
201000037637;0;7;0;0;2;4;16;B01
201000037637;0;1;0;0;2;1;1;A01
201000037638;0;7;0;0;1;1;15;A01
201000037639;0;7;0;0;2;7;16;B01
201000037639;0;34;0;0;2;1;18;A01
201000037640;0;10;0;0;1;1;0;A01
201000037641;0;7;0;0;2;1;15;A01
201000037641;0;7;0;0;2;1;2;B01
201000037642;0;7;0;0;2;5;17;A01
201000037642;0;7;0;0;2;3;2;B01
201000037643;0;7;0;0;2;3;21;A01
201000037643;0;30;0;0;2;2;1;B01
201000037644;0;7;0;0;2;8;15;B01
201000037644;0;7;0;7;2;1;16;A01
201000037645;0;7;0;0;1;4;4;A01
201000037646;0;30;0;7;2;1;16;A01
201000037646;0;7;0;7;2;8;23;B01
201000037647;0;7;0;0;2;4;23;B01
201000037647;1;7;0;0;2;1;1;Z01
201000037648;0;1;0;0;2;7;1;B01
201000037648;1;7;0;0;2;4;18;Z01
201000037649;0;7;0;0;2;1;1;B01
201000037649;0;7;0;0;2;1;15;A01
201000037650;0;7;0;0;2;8;1;A01
201000037650;0;7;0;0;2;1;1;B01
201000037651;0;7;0;0;2;7;23;A01
201000037651;0;1;0;0;2;8;18;B01
201000037652;0;7;0;0;1;1;1;A01
201000037653;0;7;0;0;2;7;1;A01
201000037653;0;7;0;0;2;1;0;B01
201000037654;0;7;0;0;2;7;15;A01
201000037654;0;1;0;0;2;8;15;B01
201000037655;0;7;0;0;2;0;15;B01
201000037655;0;7;0;0;2;1;1;A01
201000037656;0;1;0;0;2;7;19;B01
201000037656;1;7;0;0;2;1;1;Z01
201000037657;1;7;0;0;0;7;17;Z01
201000037657;0;2;0;0;2;8;1;B01
201000037658;0;7;0;0;2;1;1;A01
201000037658;0;7;0;0;2;8;1;B01
201000037659;0;7;0;0;2;7;1;A01
201000037659;0;2;0;0;2;6;1;B01
201000037660;0;7;0;0;2;7;1;A01
201000037660;0;1;0;0;2;8;1;B01
201000037661;0;7;0;1;2;1;1;A01
201000037662;0;7;0;0;1;1;1;A01
201000037663;0;7;0;0;2;4;4;A01
201000037663;0;7;0;0;2;1;1;B01
201000037664;0;33;0;0;2;7;13;A01
201000037664;0;7;0;0;2;1;1;B01
201000037665;0;33;0;0;2;7;17;A01
201000037665;0;7;0;0;2;8;15;B01
201000037666;0;30;0;12;0;8;1;A01
201000037667;0;7;0;1;0;1;1;A01
201000037668;0;7;0;0;2;7;1;A01
201000037668;0;1;0;0;2;6;1;B01
201000037669;0;33;0;0;2;1;15;A01
201000037669;0;7;0;0;2;1;15;B01
201000037670;0;7;0;0;2;1;1;A01
201000037670;0;7;0;0;2;4;15;B01
201000037671;0;1;0;0;2;7;1;B01
201000037671;1;7;0;0;2;0;0;Z01
201000037672;1;7;0;0;1;4;0;Z01
201000037673;0;7;0;0;2;1;1;A01
201000037673;0;1;0;0;2;8;16;B01
201000037674;0;7;0;0;2;1;1;B01
201000037674;0;7;0;0;2;9;15;A01
201000037675;0;7;0;0;1;1;1;A01
201000037676;0;1;0;0;2;1;1;A01
201000037676;0;7;0;0;2;4;1;B01
201000037677;0;7;0;0;1;0;0;A01
201000037678;0;7;0;0;2;1;15;A01
201000037678;0;7;0;0;2;1;1;B01
201000037679;0;7;0;0;2;7;15;B01
201000037679;0;32;0;0;2;8;17;A01
201000037680;0;7;0;0;2;4;1;B01
201000037680;0;30;0;0;2;1;1;A01
201000037681;0;7;0;0;1;1;1;A01
201000037682;0;7;0;0;1;1;1;A01
201000037683;1;7;0;0;1;0;0;A01
201000037684;0;7;0;0;2;8;17;B01
201000037684;0;33;0;0;2;1;17;A01
201000037685;0;7;0;0;1;1;1;A01
201000037686;0;7;0;0;2;1;1;A01
201000037686;0;7;0;0;2;4;1;C01
201000037686;0;7;0;0;2;1;23;B01
201000037687;0;30;0;0;2;1;15;B01
201000037687;0;7;0;0;2;2;1;A01
201000037688;2;7;0;0;2;1;5;Z01
201000037688;0;7;0;0;2;1;1;B01
201000037689;0;7;0;0;2;8;9;A01
201000037689;0;7;0;0;2;7;1;B01
201000037690;0;7;0;0;1;1;1;A01
201000037691;0;7;0;0;2;1;1;B01
201000037691;0;7;0;0;2;1;5;A01
201000037692;0;7;0;0;1;1;16;A01
201000037693;0;7;0;0;1;1;1;A01
201000037694;0;7;0;0;2;2;1;A01
201000037694;0;2;0;0;2;1;15;B01
201000037695;0;7;0;0;1;1;1;A01
201000037696;0;7;0;0;1;1;1;A01
201000037697;0;7;0;0;2;1;16;A01
201000037697;0;7;0;0;2;1;15;B01
201000037698;0;30;0;0;2;7;1;B01
201000037698;0;7;0;0;2;1;9;A01
201000037699;0;7;0;0;1;1;16;A01
201000037700;0;7;0;0;1;1;15;A01
201000037701;0;7;0;0;1;1;1;A01
201000037702;0;7;0;0;2;1;1;A01
201000037702;0;7;0;0;2;3;15;B01
201000037703;0;1;0;0;2;8;16;B01
201000037703;0;15;0;0;2;7;16;A01
201000037704;0;7;0;0;2;8;1;B01
201000037704;0;30;0;0;2;1;1;A01
201000037705;1;7;0;0;2;1;1;A01
201000037705;0;30;0;0;2;4;1;B01
201000037706;0;7;0;0;2;1;1;B01
201000037706;0;30;0;0;2;1;5;A01
201000037707;0;7;0;0;2;1;11;A01
201000037707;0;33;0;1;2;8;1;B01
201000037708;0;32;0;1;0;1;1;A01
201000037709;0;7;0;0;1;1;15;A01
201000037710;0;7;0;0;1;4;4;A01
201000037711;0;7;0;0;2;1;2;C01
201000037711;0;7;0;0;2;4;2;D01
201000037711;0;7;0;0;2;4;2;B01
201000037711;0;7;0;0;2;1;2;A01
201000037712;1;7;0;0;2;1;15;Z01
201000037712;0;33;0;0;2;8;1;B01
201000037713;0;7;0;0;1;1;2;A01
201000037714;0;7;0;1;0;1;1;A01
201000037715;0;30;0;0;2;1;1;B01
201000037715;1;7;0;0;2;0;1;Z01
201000037716;0;7;0;0;2;4;20;A01
201000037716;0;1;0;0;2;7;1;B01
201000037717;0;7;0;1;0;1;1;A01
201000037718;0;7;0;0;2;8;15;B01
201000037718;0;30;0;0;2;1;1;A01
201000037719;0;7;0;0;1;1;1;A01
201000037720;0;30;0;0;2;1;1;B01
201000037720;0;7;0;0;2;8;10;A01
201000037721;0;7;0;0;1;1;1;A01
201000037722;0;34;0;0;2;1;5;A01
201000037722;0;7;0;0;2;1;5;B01
201000037723;0;7;0;0;2;1;2;C01
201000037723;0;7;0;0;2;7;15;A01
201000037723;0;7;0;0;2;8;1;B01
201000037724;0;7;0;0;2;2;1;B01
201000037724;0;7;0;0;2;8;15;A01
201000037725;0;7;0;0;2;1;23;A01
201000037725;0;31;0;0;2;1;5;B01
201000037726;0;7;0;0;1;1;1;A01
201000037727;0;30;0;0;2;1;1;B01
201000037727;0;7;0;0;2;7;10;A01
201000037728;0;7;0;0;1;1;1;A01
201000037729;0;7;0;0;2;1;1;A01
201000037729;0;1;0;0;2;8;1;B01
201000037730;0;7;0;0;1;1;15;A01
201000037731;0;7;0;0;1;1;1;A01
201000037732;0;7;0;0;2;1;2;A01
201000037732;0;7;0;0;2;4;2;B01
201000037733;0;7;0;0;1;1;1;A01
201000037734;0;7;0;0;1;4;4;A01
201000037735;0;7;0;0;2;7;20;A01
201000037735;0;30;0;0;2;8;1;B01
201000037736;0;1;0;0;2;8;1;A01
201000037736;0;14;0;0;2;7;24;B01
201000037737;0;7;0;0;2;2;15;A01
201000037737;0;7;0;0;2;3;1;B01
201000037738;0;7;0;0;2;1;1;B01
201000037738;0;7;0;0;2;1;17;A01
201000037739;0;33;0;0;2;1;2;A01
201000037739;0;7;0;0;2;4;23;B01
201000037740;0;7;0;0;2;1;1;B01
201000037740;0;2;0;0;2;4;1;A01
201000037741;0;7;0;0;2;1;1;A01
201000037742;0;30;0;0;2;1;1;B01
201000037742;0;7;0;0;2;2;15;A01
201000037743;0;2;0;0;2;1;1;B01
201000037743;0;7;0;0;2;7;16;A01
201000037744;0;7;0;0;1;1;1;A01
201000037745;0;7;0;0;2;3;16;B01
201000037745;0;7;0;0;2;1;15;A01
201000037746;0;7;0;0;1;1;1;A01
201000037747;0;7;0;0;2;2;15;A01
201000037747;0;2;0;0;2;1;1;B01
201000037748;0;7;0;0;2;3;15;A01
201000037748;0;31;0;0;2;1;1;B01
201000037749;0;34;0;0;2;7;1;B01
201000037749;0;7;0;0;2;1;20;A01
201000037750;0;1;0;0;2;1;16;A01
201000037750;0;7;0;0;2;3;16;B01
201000037751;0;7;0;0;2;1;0;A01
201000037752;0;7;0;0;2;3;2;B01
201000037752;0;7;0;0;2;1;15;A01
201000037753;0;7;0;0;1;1;1;A01
201000037754;0;1;0;0;2;1;9;B01
201000037754;0;7;0;0;2;2;1;A01
201000037755;0;7;0;1;0;1;1;A01
201000037756;0;7;0;0;2;8;15;B01
201000037756;0;31;0;0;2;1;13;A01
201000037757;0;7;0;0;2;1;1;B01
201000037757;0;1;0;0;2;8;15;A01
201000037758;0;7;0;0;2;7;15;A01
201000037758;0;7;0;0;2;1;1;B01
201000037759;0;7;0;0;1;1;1;A01
201000037760;0;7;0;0;1;1;15;A01
201000037760;0;1;0;0;2;1;1;B01
201000037761;0;30;0;0;2;8;1;B01
201000037761;0;7;0;0;2;1;15;A01
201000037762;0;7;0;0;2;2;15;A01
201000037762;0;7;0;0;2;1;1;B01
201000037763;0;7;0;0;2;1;9;A01
201000037763;0;7;0;0;2;1;1;B01
201000037764;0;30;0;1;0;1;21;B01
201000037764;0;7;0;0;2;0;24;A01
201000037765;0;7;0;0;2;8;1;C01
201000037765;0;7;0;0;2;4;1;B01
201000037765;0;7;0;0;2;1;1;A01
201000037766;0;7;0;0;2;6;1;A01
201000037767;0;7;0;0;2;4;1;B01
201000037767;0;2;0;0;2;1;1;A01
201000037768;0;7;0;0;2;3;1;C01
201000037768;0;7;0;0;2;9;1;A01
201000037768;0;7;0;0;2;1;15;B01
201000037769;0;7;0;0;1;1;1;A01
201000037770;0;7;0;0;2;8;1;B01
201000037770;0;7;0;0;2;1;15;A01
201000037771;1;7;0;0;2;0;16;Z01
201000037771;0;33;0;0;2;1;1;B01
201000037772;0;7;0;0;1;1;1;A01
201000037773;0;7;0;0;2;1;1;A01
201000037773;0;1;0;0;2;1;1;B01
201000037774;0;7;0;0;2;1;2;A01
201000037774;0;7;0;0;1;4;23;B01
201000037775;0;7;0;0;1;1;1;A01
201000037776;0;7;0;0;2;1;1;A01
201000037776;0;1;0;0;2;8;15;B01
201000037777;0;30;0;0;2;8;1;B01
201000037777;0;7;0;0;2;1;5;A01
201000037778;0;7;0;0;2;2;1;A01
201000037778;0;7;0;0;2;1;16;B01
201000037779;1;7;0;0;2;8;0;Z01
201000037779;0;30;0;0;2;7;1;B01
201000037780;2;30;0;1;0;1;1;Z01
201000037781;0;1;0;0;2;7;1;A01
201000037781;0;7;0;0;2;1;1;B01
201000037782;0;7;0;0;2;4;1;B01
201000037782;2;30;0;0;2;1;1;Z01
201000037783;0;1;0;0;2;8;1;B01
201000037783;1;7;0;0;2;0;1;Z01
201000037784;0;7;0;0;1;1;1;A01
201000037785;0;7;0;0;2;9;23;B01
201000037785;0;7;0;0;2;4;23;C01
201000037785;0;7;0;0;2;1;1;A01
201000037786;0;32;0;0;2;1;1;A01
201000037786;0;7;0;0;2;1;1;B01
201000037787;0;33;0;0;2;1;18;A01
201000037787;0;7;0;0;2;5;1;B01
201000037788;0;7;0;0;2;1;1;B01
201000037788;0;7;0;0;2;7;15;A01
201000037789;0;7;0;1;0;1;1;A01
201000037790;0;2;0;0;2;1;17;A01
201000037790;0;7;0;0;2;8;15;B01
201000037791;1;99;0;0;2;1;0;Z01
201000037791;0;1;0;0;2;4;23;B01
201000037792;0;7;0;0;2;1;1;A01
201000037792;0;1;0;0;2;1;5;B01
201000037793;2;7;0;0;1;1;1;A01
201000037794;0;7;0;1;0;1;1;A01
201000037795;0;7;0;0;2;3;1;A01
201000037795;0;7;0;0;2;2;16;B01
201000037796;0;7;0;0;2;1;1;A01
201000037796;0;32;0;0;2;8;1;B01
201000037797;0;7;0;0;2;1;15;A01
201000037797;0;1;0;0;2;1;1;B01
201000037798;0;7;0;0;1;1;1;A01
201000037799;2;7;0;0;2;1;1;Z01
201000037799;0;7;0;0;2;4;23;B01
201000037800;0;33;0;0;2;1;1;B01
201000037800;0;31;0;0;2;4;1;A01
201000037801;0;7;0;0;2;8;1;A01
201000037801;0;7;0;0;2;1;1;B01
201000037802;0;7;0;0;2;4;23;C01
201000037802;0;7;0;0;2;4;23;B01
201000037802;0;7;0;0;2;1;1;A01
201000037803;0;7;0;2;0;8;1;A01
201000037804;0;7;0;0;1;1;1;A01
201000037805;0;7;0;0;1;1;1;A01
201000037806;0;7;0;0;2;7;1;B01
201000037806;0;7;0;0;2;1;1;A01
201000037807;0;7;0;0;2;1;1;B01
201000037807;0;30;0;0;2;4;15;A01
201000037808;0;30;0;0;2;1;1;B01
201000037808;0;30;0;0;2;1;1;A01
201000037809;0;37;0;0;2;1;15;A01
201000037809;0;7;0;0;2;8;1;B01
201000037810;0;7;0;0;2;2;1;B01
201000037810;0;7;0;0;2;3;1;A01
201000037811;1;7;0;0;1;0;1;Z01
201000037812;0;7;0;0;2;3;1;A01
201000037812;0;7;0;0;2;8;1;B01
201000037813;0;7;0;0;2;1;17;B01
201000037813;0;33;0;0;2;1;15;A01
201000037813;0;7;0;0;2;1;1;C01
201000037814;1;7;0;0;1;4;1;Z01
201000037815;0;34;0;0;2;1;1;B01
201000037815;0;7;0;0;2;8;1;A01
201000037816;0;34;0;0;2;1;17;A01
201000037816;0;34;0;0;2;7;1;B01
201000037817;0;7;0;0;2;1;1;B01
201000037817;0;7;0;0;2;9;17;A01
201000037817;0;7;0;0;2;1;23;C01
201000037818;0;7;0;0;2;8;24;A01
201000037818;0;2;0;0;2;1;1;B01
201000037819;0;7;0;0;2;1;1;B01
201000037819;0;7;0;0;2;7;1;A01
201000037820;0;7;0;0;2;4;23;B01
201000037820;0;7;0;0;2;1;1;A01
201000037821;0;7;0;0;1;1;1;A01
201000037822;0;1;0;0;2;1;1;A01
201000037822;0;7;0;0;2;1;1;B01
201000037823;0;2;0;0;2;1;1;B01
201000037823;1;7;0;0;2;1;1;Z01
201000037824;0;7;0;0;2;4;23;B01
201000037824;0;31;0;0;2;1;17;A01
201000037825;0;7;0;0;2;1;1;B01
201000037825;0;7;0;0;2;8;1;A01
201000037826;1;7;0;0;1;1;1;Z01
201000037827;1;7;0;0;1;4;0;Z01
201000037828;1;7;0;0;2;4;18;Z01
201000037828;0;33;0;0;2;1;1;B01
201000037829;0;7;0;0;1;1;1;A01
201000037830;0;7;0;0;2;1;1;A01
201000037830;0;32;0;0;2;8;1;B01
201000037831;0;2;0;0;2;1;1;A01
201000037831;0;7;0;0;2;3;15;B01
201000037832;0;13;0;0;2;7;1;B01
201000037832;0;7;0;0;2;1;1;A01
201000037833;0;7;0;0;2;8;1;A01
201000037833;0;33;0;0;2;1;1;B01
201000037834;0;30;0;0;2;1;1;A01
201000037834;0;7;0;0;2;4;23;B01
201000037835;0;2;0;0;2;1;1;B01
201000037835;0;7;0;0;9;1;16;A01
201000037836;0;7;0;0;1;1;1;A01
201000037837;1;7;0;0;2;1;16;Z01
201000037837;0;2;0;0;2;1;1;B01
201000037838;0;7;0;0;1;1;1;A01
201000037839;0;7;0;0;2;3;1;C01
201000037839;0;7;0;1;2;1;15;A01
201000037840;0;33;0;0;2;1;16;A01
201000037840;0;7;0;0;2;4;1;B01
201000037841;0;30;0;0;2;1;1;B01
201000037841;0;7;0;0;2;2;1;A01
201000037842;0;7;0;0;1;1;1;A01
201000037843;0;7;0;0;2;1;1;A01
201000037843;0;1;0;0;2;1;1;B01
201000037844;0;7;0;0;2;1;1;A01
201000037844;0;7;0;0;2;1;1;B01
201000037845;0;7;0;0;2;1;15;A01
201000037845;0;2;0;0;2;1;1;B01
201000037846;0;14;0;0;2;1;1;B01
201000037846;0;7;0;0;9;1;13;A01
201000037847;0;7;0;0;1;1;1;A01
201000037848;1;30;0;0;1;1;15;Z01
201000037849;0;7;0;0;2;2;15;A01
201000037849;0;33;0;0;2;8;1;B01
201000037850;1;7;0;0;1;1;15;Z01
201000037851;0;7;0;0;2;1;1;B01
201000037851;0;7;0;0;2;8;1;A01
201000037852;0;7;0;0;2;8;1;A01
201000037852;0;1;0;0;2;8;19;B01
201000037853;0;7;0;0;2;1;1;B01
201000037853;1;30;0;0;2;1;1;Z01
201000037854;0;7;0;1;0;2;1;A01
201000037855;0;7;0;0;1;4;1;A01
201000037856;0;7;0;0;1;1;1;A01
201000037857;0;7;0;0;1;1;1;A01
201000037858;0;33;0;0;2;8;1;B01
201000037858;0;7;0;0;2;1;15;A01
201000037859;0;7;0;0;2;2;1;A01
201000037859;0;1;0;0;2;8;1;B01
201000037860;0;7;0;0;1;1;1;A01
201000037861;0;1;0;0;2;7;19;B01
201000037861;0;7;0;0;2;1;16;A01
201000037862;0;7;0;0;1;1;1;A01
201000037863;0;7;0;0;1;1;16;A01
201000037864;1;7;0;0;2;7;1;Z01
201000037864;0;2;0;0;2;8;16;B01
201000037865;0;7;0;0;2;1;1;A01
201000037865;0;1;0;0;2;7;1;B01
201000037866;0;40;0;0;2;1;1;B01
201000037866;0;1;0;0;4;0;1;A01
201000037867;0;7;0;0;1;1;15;A01
201000037868;0;7;0;0;2;3;1;A01
201000037868;0;7;0;0;2;3;1;B01
201000037869;0;7;0;0;1;1;1;A01
201000037870;0;7;0;0;1;1;1;A01
201000037871;0;31;0;0;0;0;0;B01
201000037871;1;7;0;0;0;3;0;A01
201000037872;0;7;0;0;2;4;1;A01
201000037872;0;7;0;0;2;1;1;B01
201000037873;0;7;0;1;0;8;1;A01
201000037874;0;7;0;0;2;3;1;B01
201000037874;0;7;0;0;2;2;1;A01
201000037875;0;32;0;1;2;1;3;A01
201000037876;0;7;0;0;2;1;1;A01
201000037876;0;7;0;0;2;7;1;B01
201000037877;0;7;0;0;2;1;1;B01
201000037877;0;30;0;0;2;2;1;A01
201000037878;0;7;0;0;2;4;2;C01
201000037878;0;7;0;0;2;4;2;B01
201000037878;2;7;0;0;2;1;2;A01
201000037879;0;7;0;0;2;1;17;A01
201000037879;0;32;0;0;2;1;1;B01
201000037880;0;32;0;0;2;1;1;B01
201000037880;0;7;0;0;2;1;9;A01
201000037881;1;7;0;0;0;2;15;A01
201000037881;0;30;0;0;2;3;1;B01
201000037882;0;7;0;0;0;2;22;A01
201000037883;0;7;0;0;0;8;22;A01
201000037884;0;7;0;0;2;1;0;A01
201000037884;0;7;0;0;2;9;0;B01
201000037884;0;7;0;0;2;4;0;C01
201000037885;0;7;0;0;2;8;24;C01
201000037885;0;7;0;1;2;1;1;B01
201000037885;0;7;0;1;2;1;13;A01
201000037886;0;31;0;0;0;1;1;B01
201000037886;0;7;0;0;0;0;15;A01
201000037887;0;7;0;0;2;1;1;A01
201000037887;0;7;0;0;2;5;1;B01
201000037888;0;7;0;0;1;1;2;A01
201000037889;0;7;0;0;2;1;1;B01
201000037889;0;7;0;1;2;1;15;A01
201000037890;0;99;0;0;1;5;17;A01
201000037891;0;2;0;0;2;1;1;A01
201000037891;0;7;0;0;2;8;1;B01
201000037892;0;7;0;0;1;2;1;A01
201000037893;0;7;0;0;2;1;15;A01
201000037893;0;30;0;0;2;1;1;B01
201000037894;0;7;0;0;1;2;1;A01
201000037895;0;33;0;6;2;1;1;B01
201000037895;0;7;0;0;2;2;16;A01
201000037896;0;40;0;0;2;1;1;B01
201000037896;0;7;0;0;4;3;15;A01
201000037897;0;7;0;0;1;1;15;A01
201000037898;0;7;0;0;2;8;1;A01
201000037898;0;7;0;0;2;1;1;B01
201000037899;0;7;0;1;1;1;16;A01
201000037899;0;7;0;1;2;3;22;B01
201000037900;0;7;0;0;1;2;1;B01
201000037901;0;33;0;0;1;7;0;A01
201000037902;0;7;0;0;2;1;1;B01
201000037902;0;7;0;0;2;1;15;A01
201000037903;0;2;0;0;2;9;13;A01
201000037903;0;7;0;0;2;1;1;B01
201000037904;0;7;0;14;0;1;1;B01
201000037904;0;3;0;0;0;4;23;A01
201000037905;0;7;0;0;1;1;15;A01
201000037906;2;7;0;2;0;1;1;A01
201000037907;1;7;0;14;0;1;1;B01
201000037907;0;7;0;0;2;4;1;A01
201000037908;0;7;0;0;2;1;13;A01
201000037908;0;7;0;0;2;1;1;B01
201000037909;0;7;0;0;2;1;13;A01
201000037909;0;7;0;0;2;1;23;B01
201000037910;0;7;0;0;1;0;2;A01
201000037911;0;7;0;0;1;1;17;A01
201000037912;0;37;0;0;0;2;1;A01
201000037912;0;7;0;0;0;4;1;B01
201000037913;0;7;0;0;2;1;19;B01
201000037913;0;7;0;0;2;2;19;A01
201000037914;0;7;0;0;1;2;1;A01
201000037915;0;30;0;1;0;1;14;A01
201000037916;0;33;0;0;2;2;21;M01
201000037916;0;7;0;0;2;5;15;A01
201000037917;0;33;0;6;0;1;14;M01
201000037918;0;7;0;0;2;1;15;A01
201000037918;0;7;0;0;2;1;1;B01
201000037919;0;7;0;0;1;3;1;A01
201000037920;0;7;0;2;0;1;1;A01
201000037921;0;7;0;0;2;1;2;A01
201000037921;0;7;0;0;0;4;2;B01
201000037922;0;33;0;1;0;1;1;A01
201000037923;0;33;0;0;2;3;1;A01
201000037923;0;7;0;0;2;2;2;B01
201000037924;0;7;0;0;2;3;2;B01
201000037924;0;30;0;0;0;4;2;A01
201000037925;0;7;0;0;2;4;4;A01
201000037925;0;33;0;0;2;7;2;B01
201000037926;0;33;0;0;2;7;0;B01
201000037926;0;7;0;0;2;3;1;A01
201000037927;0;7;0;1;2;7;1;A01
201000037927;0;2;0;0;2;1;16;B01
201000037928;0;7;0;0;1;1;0;A01
201000037929;0;99;0;0;1;1;1;A01
201000037930;0;2;0;0;0;0;0;A01
201000037931;1;7;0;0;0;0;0;Z01
201000037932;0;7;0;0;1;7;0;A01
201000037933;0;7;0;0;0;3;0;A01
201000037933;0;7;0;0;2;1;19;B01
201000037934;0;7;0;0;2;3;2;B01
201000037934;0;7;0;0;2;2;0;A01
201000037935;0;7;0;0;0;3;9;A01
201000037935;0;1;0;0;0;7;9;B01
201000037936;0;7;0;0;0;3;1;A01
201000037937;0;7;0;0;1;2;1;A01
201000037938;0;30;0;0;2;1;1;B01
201000037938;0;7;0;0;0;3;19;A01
201000037939;0;7;0;0;1;1;1;A01
201000037940;0;30;0;0;2;7;0;B01
201000037940;0;7;0;0;2;1;0;A01
201000037941;0;7;0;0;1;8;0;A01
201000037942;0;7;0;0;1;1;0;A01