num_acc;senc;catv;occutc;obs;obsm;choc;manv;num_veh
201000037943;0;7;0;0;2;3;15;A01
201000037943;0;33;0;0;2;3;0;B01
201000037944;0;30;0;0;1;1;1;A01
201000037945;0;7;0;0;2;6;15;B01
201000037945;0;2;0;0;2;1;1;A01
201000037946;0;2;0;0;0;2;1;B01
201000037946;0;7;0;0;0;2;19;A01
201000037947;0;2;0;0;2;1;0;B01
201000037947;0;7;0;0;2;1;9;A01
201000037948;0;33;0;0;2;1;1;A01
201000037948;0;7;0;0;0;5;1;B01
201000037949;0;10;0;0;2;2;9;A01
201000037949;0;30;0;0;2;1;0;B01
201000037950;1;7;0;0;0;0;0;Z01
201000037951;0;7;0;0;1;1;1;A01
201000037952;0;33;0;0;2;1;17;A01
201000037952;0;7;0;0;0;3;15;B01
201000037953;0;7;0;6;0;1;0;A01
201000037954;0;7;0;8;0;2;2;A01
201000037955;0;7;0;0;0;8;22;A01
201000037955;0;2;0;0;0;2;1;B01
201000037956;0;7;0;2;0;8;13;A01
201000037957;0;2;0;0;2;0;1;A01
201000037957;0;7;0;0;0;0;1;B01
201000037958;0;32;0;12;0;2;1;A01
201000037959;0;7;0;0;2;1;15;A01
201000037959;0;33;0;0;2;1;0;B01
201000037960;0;7;0;0;2;3;0;A01
201000037960;0;7;0;0;0;0;0;B01
201000037961;0;7;0;0;1;6;0;A01
201000037962;0;10;0;1;0;7;2;A01
201000037962;0;7;0;0;2;8;22;B01
201000037963;0;7;0;2;0;1;0;A01
201000037964;0;7;0;0;1;1;0;A01
201000037965;0;7;0;0;2;3;1;A01
201000037965;0;10;0;0;2;1;15;B01
201000037966;0;7;0;8;2;7;9;A01
201000037966;0;7;0;0;2;1;21;B01
201000037967;0;10;0;0;2;2;1;A01
201000037967;0;7;0;0;1;6;0;B01
201000037968;0;7;0;2;0;1;14;A01
201000037969;0;7;0;0;1;2;1;A01
201000037970;0;7;0;6;0;1;14;A01
201000037971;0;7;0;0;1;2;1;A01
201000037972;0;7;0;0;0;0;0;A01
201000037973;0;7;0;0;2;2;0;B01
201000037973;0;7;0;0;0;7;1;A01
201000037974;1;7;0;0;1;5;4;Z01
201000037975;0;7;0;0;0;0;0;A01
201000037976;0;1;0;0;0;0;0;B01
201000037976;0;7;0;0;0;3;15;A01
201000037977;0;7;0;0;0;6;24;C01
201000037977;0;7;0;1;0;7;1;A01
201000037978;0;32;0;0;2;1;2;B01
201000037978;0;15;0;0;2;2;15;A01
201000037979;0;33;0;0;2;1;21;A01
201000037979;0;7;0;0;2;8;15;B01
201000037980;0;31;0;0;2;2;2;A01
201000037980;0;7;0;0;2;6;11;B01
201000037981;0;7;0;0;1;1;0;A01
201000037982;0;7;0;0;0;0;0;A01
201000037982;0;1;0;0;0;0;0;B01
201000037983;0;7;0;1;0;1;5;A01
201000037984;0;7;0;0;2;3;15;B01
201000037984;0;3;0;0;2;1;1;A01
201000037985;0;7;0;0;0;5;23;C01
201000037985;0;7;0;0;0;6;23;D01
201000037985;0;7;0;0;0;5;23;B01
201000037985;0;7;0;0;0;8;23;E01
201000037985;0;7;0;0;2;1;3;A01
201000037986;0;7;0;6;0;3;21;A01
201000037987;1;7;0;0;9;1;16;A01
201000037987;0;2;0;0;2;1;15;B01
201000037988;0;7;0;0;2;2;16;A01
201000037988;0;2;0;8;2;1;18;B01
201000037989;0;7;0;0;1;2;1;A01
201000037990;0;7;0;0;0;0;0;A01
201000037990;0;1;0;1;0;0;0;B01
201000037991;0;7;0;0;2;4;4;A01
201000037991;0;30;0;0;2;1;0;B01
201000037992;0;7;0;0;2;1;1;A01
201000037992;0;7;0;0;2;3;15;B01
201000037993;0;7;0;0;1;4;4;A01
201000037994;0;33;0;0;0;0;0;A01
201000037995;0;7;0;14;0;3;1;A01
201000037996;0;7;0;1;0;1;2;A01
201000037997;0;7;0;0;1;0;0;A01
201000037998;0;1;0;0;2;1;1;A01
201000037998;0;7;0;0;2;2;1;B01
201000037999;0;7;0;0;1;2;2;A01
201000038000;0;7;0;0;0;1;16;A01
201000038000;0;7;0;0;0;1;1;B01
201000038000;0;7;0;8;9;1;1;C01
201000038001;0;30;0;1;0;0;21;A01
201000038002;0;7;0;0;0;6;11;A01
201000038002;0;2;0;0;2;7;2;B01
201000038003;0;7;0;0;1;1;16;A01
201000038004;0;7;0;0;0;2;1;A01
201000038005;0;2;0;0;0;7;2;B01
201000038005;0;7;0;0;0;1;2;A01
201000038006;0;7;0;0;2;4;2;B01
201000038006;0;7;0;0;0;4;1;C01
201000038006;0;7;0;0;2;1;2;A01
201000038007;0;10;0;0;1;2;1;A01
201000038008;0;7;0;0;1;2;0;A01
201000038009;0;7;0;0;2;1;1;B01
201000038009;0;7;0;0;2;3;1;A01
201000038010;0;7;0;0;1;6;4;A01
201000038011;0;7;0;0;2;7;0;B01
201000038011;0;7;0;0;2;1;1;A01
201000038012;0;7;0;0;2;2;20;A01
201000038012;0;30;0;0;2;1;1;B01
201000038013;0;2;0;0;2;1;0;B01
201000038013;0;7;0;0;2;3;0;A01
201000038014;0;7;0;0;2;8;1;A01
201000038014;0;7;0;0;2;7;1;B01
201000038015;0;7;0;0;0;1;0;A01
201000038016;0;2;0;0;1;1;16;A01
201000038017;0;7;0;0;2;1;1;B01
201000038017;0;7;0;0;2;2;15;A01
201000038018;0;7;0;0;2;1;2;B01
201000038018;0;7;0;0;0;5;1;A01
201000038019;0;7;0;0;2;6;10;A01
201000038019;0;7;0;0;2;3;1;B01
201000038020;0;7;0;0;1;2;1;A01
201000038021;0;7;0;0;0;3;15;A01
201000038021;0;30;0;0;2;1;0;B01
201000038022;0;7;0;0;0;3;9;A01
201000038022;0;1;0;0;0;0;2;B01
201000038023;0;30;0;0;1;1;1;A01
201000038024;0;33;0;0;0;0;1;A01
201000038024;0;7;0;0;0;0;16;B01
201000038025;0;7;0;0;0;2;0;A01
201000038026;0;2;0;0;2;1;1;B01
201000038026;0;7;0;0;9;1;15;A01
201000038027;0;7;0;6;0;1;16;A01
201000038028;0;7;0;0;1;2;1;A01
201000038029;0;31;0;8;0;1;1;A01
201000038030;0;7;0;0;2;8;24;B01
201000038030;2;7;0;1;0;1;5;Z01
201000038031;0;30;0;0;0;1;15;A01
201000038032;0;7;0;0;1;1;0;A01
201000038033;0;7;0;0;1;1;1;A01
201000038034;0;7;0;0;2;1;1;B01
201000038034;0;7;0;0;2;1;13;A01
201000038035;0;7;0;3;2;6;1;C01
201000038035;0;7;0;3;2;5;17;B01
201000038035;0;7;0;0;2;1;3;A01
201000038036;0;7;0;1;0;1;0;A01
201000038037;0;10;0;6;0;1;0;A01
201000038038;0;7;0;0;2;0;0;A01
201000038038;0;1;0;0;2;8;0;B01
201000038039;0;7;0;13;0;2;0;A01
201000038040;0;7;0;0;2;4;4;A01
201000038040;0;2;0;0;2;8;1;B01
201000038041;0;7;0;0;0;0;0;A01
201000038041;0;30;0;0;0;0;0;B01
201000038042;0;7;0;0;2;3;1;B01
201000038042;0;7;0;0;2;1;13;A01
201000038043;0;7;0;0;2;1;1;A01
201000038043;0;7;0;0;2;4;1;B01
201000038043;0;7;0;0;2;4;1;C01
201000038044;0;40;0;0;1;0;0;A01
201000038045;0;7;0;0;1;8;0;A01
201000038046;0;10;0;0;2;1;1;B01
201000038046;0;7;0;0;1;1;13;A01
201000038047;0;7;0;0;1;2;1;A01
201000038048;0;7;0;0;2;6;0;A01
201000038048;0;7;0;0;2;1;10;B01
201000038049;0;7;0;0;1;1;1;A01
201000038050;1;7;0;0;2;2;0;Z01
201000038050;0;1;0;0;2;4;1;B01
201000038051;0;32;0;0;2;1;1;A01
201000038051;0;7;0;0;2;6;9;B01
201000038052;1;7;0;0;1;0;15;Z01
201000038053;0;7;0;0;1;1;1;A01
201000038054;0;7;0;0;2;1;13;A01
201000038054;0;7;0;0;2;1;1;B01
201000038055;0;7;0;0;1;2;1;A01
201000038056;0;7;0;0;2;3;13;A01
201000038056;0;7;0;0;2;8;1;B01
201000038057;0;7;0;6;0;2;1;A01
201000038058;0;7;0;0;1;2;1;A01
201000038059;0;7;0;0;1;1;1;A01
201000038060;0;30;0;0;0;1;18;A01
201000038060;0;7;0;0;0;0;2;B01
201000038061;0;7;0;0;2;8;1;A01
201000038061;0;33;0;0;2;7;0;B01
201000038062;0;13;0;0;2;1;19;A01
201000038062;0;30;0;0;2;6;1;B01
201000038063;0;33;0;0;2;1;0;A01
201000038063;0;7;0;0;2;1;15;B01
201000038064;0;7;0;0;1;3;1;A01
201000038065;0;30;0;0;2;1;1;A01
201000038065;0;7;0;0;2;4;1;B01
201000038066;0;7;0;0;1;2;1;A01
201000038067;0;7;0;2;0;1;13;A01
201000038068;0;7;0;0;2;3;10;A01
201000038068;0;30;0;0;2;1;1;B01
201000038069;0;7;0;0;1;3;1;A01
201000038070;0;7;0;0;9;2;16;A01
201000038070;0;1;0;0;2;6;1;B01
201000038071;0;7;0;1;0;2;14;A01
201000038072;0;7;0;0;1;3;1;A01
201000038073;0;7;0;1;1;1;1;A01
201000038074;0;1;0;0;4;3;6;A01
201000038074;0;38;10;0;2;2;1;B01
201000038075;0;1;0;0;2;1;1;A01
201000038075;0;7;0;0;2;4;23;B01
201000038076;0;7;0;0;2;2;15;A01
201000038076;0;30;0;0;2;8;1;B01
201000038077;0;7;0;0;2;4;23;C01
201000038077;0;7;0;0;2;4;1;B01
201000038077;0;7;0;0;2;1;1;A01
201000038078;0;30;0;0;1;1;1;A01
201000038078;0;7;0;0;2;6;23;B01
201000038079;0;17;0;0;2;2;0;A01
201000038079;0;7;0;0;2;8;1;B01
201000038080;0;30;0;0;2;1;23;B01
201000038080;1;10;0;0;2;0;4;Z01
201000038081;0;30;0;0;2;1;1;B01
201000038081;0;7;0;0;2;8;6;A01
201000038082;0;7;0;0;1;1;1;A01
201000038082;0;3;0;1;2;2;1;B01
201000038083;0;33;0;0;1;7;1;Z01
201000038084;0;7;0;0;2;5;15;A01
201000038084;0;33;0;0;2;1;1;B01
201000038085;0;30;0;0;2;1;1;A01
201000038085;0;7;0;0;2;8;1;B01
201000038086;0;30;0;0;2;2;17;A01
201000038086;0;7;0;0;2;3;15;B01
201000038087;0;7;0;6;2;8;1;B01
201000038087;0;7;0;0;2;1;1;A01
201000038088;0;7;0;0;2;2;15;A01
201000038088;0;33;0;0;2;1;1;B01
201000038089;0;30;0;0;2;7;1;B01
201000038089;0;7;0;0;2;6;4;A01
201000038090;0;7;0;6;0;2;14;A01
201000038091;0;30;0;0;2;1;1;A01
201000038091;0;7;0;0;2;6;15;B01
201000038092;0;30;0;0;2;7;1;B01
201000038092;0;7;0;0;2;1;1;A01
201000038093;0;30;0;0;2;8;0;A01
201000038093;0;7;0;0;2;3;1;B01
201000038094;0;7;0;0;2;7;0;A01
201000038094;0;33;0;0;2;8;18;B01
201000038095;0;30;0;9;0;1;0;A01
201000038096;0;7;0;0;1;2;1;A01
201000038097;0;7;0;0;1;3;1;A01
201000038098;0;7;0;0;1;0;0;A01
201000038099;0;30;0;0;2;1;1;A01
201000038099;0;7;0;0;0;4;23;B01
201000038100;0;7;0;0;2;2;1;A01
201000038100;0;1;0;0;2;7;1;B01
201000038101;0;30;0;0;1;1;1;A01
201000038102;0;2;0;0;2;8;1;B01
201000038102;0;7;0;0;2;2;15;A01
201000038103;0;31;0;0;2;2;17;B01
201000038103;0;7;0;0;2;3;11;A01
201000038104;0;7;0;0;1;1;1;A01
201000038105;0;7;0;2;0;1;0;A01
201000038106;0;33;0;0;2;1;17;A01
201000038106;0;7;0;0;2;4;1;B01
201000038107;0;33;0;1;2;1;1;A01
201000038107;0;7;0;0;2;5;10;B01
201000038108;0;7;0;0;1;4;4;A01
201000038109;0;7;0;0;2;1;1;A01
201000038109;0;1;0;0;2;0;0;B01
201000038110;0;15;0;0;2;7;1;A01
201000038110;0;7;0;0;2;8;1;B01
201000038111;0;7;0;0;1;7;17;A01
201000038112;0;2;0;0;2;1;1;A01
201000038112;0;7;0;0;2;8;1;B01
201000038113;0;7;0;0;2;4;0;B01
201000038113;0;30;0;0;2;1;1;A01
201000038114;0;7;0;0;1;1;15;A01
201000038115;0;2;0;0;2;1;1;B01
201000038115;0;7;0;0;2;1;0;A01
201000038116;0;7;0;0;2;6;4;A01
201000038116;0;31;0;0;2;1;1;B01
201000038117;0;2;0;0;1;1;1;A01
201000038118;0;7;0;0;4;3;15;A01
201000038118;0;40;0;0;2;2;1;B01
201000038119;0;30;0;0;2;1;19;A01
201000038119;0;7;0;0;2;8;1;B01
201000038120;0;7;0;0;2;3;9;A01
201000038120;0;7;0;0;2;2;1;B01
201000038121;0;7;0;0;0;4;1;B01
201000038121;0;7;0;0;2;1;1;A01
201000038122;0;7;0;0;2;8;0;A01
201000038122;0;1;0;1;0;1;1;B01
201000038123;0;30;0;0;0;1;0;A01
201000038124;0;7;0;0;2;1;17;A01
201000038124;0;7;0;0;2;3;1;B01
201000038125;0;7;0;1;2;3;20;A01
201000038125;0;33;0;0;2;1;1;B01
201000038126;0;7;0;0;0;6;24;C01
201000038126;0;7;0;0;2;1;0;A01
201000038126;0;2;0;1;2;3;1;B01
201000038127;0;7;0;0;1;1;0;A01
201000038128;0;1;0;0;2;1;11;B01
201000038128;0;7;0;0;2;1;17;A01
201000038129;0;7;0;0;2;3;20;A01
201000038129;0;33;0;0;2;1;1;B01
201000038130;0;2;0;0;2;1;1;B01
201000038130;0;7;0;0;2;2;16;A01
201000038131;0;7;0;0;2;5;20;A01
201000038131;0;33;0;0;2;1;1;B01
201000038132;0;7;0;0;2;4;1;B01
201000038132;0;7;0;0;0;4;1;C01
201000038132;0;7;0;0;2;1;1;A01
201000038133;0;30;0;0;0;1;0;A01
201000038134;0;7;0;6;0;1;16;A01
201000038135;0;7;0;1;0;1;0;A01
201000038136;0;7;0;0;2;5;15;A01
201000038136;0;32;0;0;2;1;1;B01
201000038137;0;7;0;2;0;1;1;A01
201000038138;0;7;0;0;2;2;1;B01
201000038138;0;7;0;0;2;3;10;A01
201000038139;0;7;0;0;2;4;1;B01
201000038139;0;7;0;0;0;4;1;C01
201000038139;0;7;0;0;2;1;1;A01
201000038140;0;7;0;0;1;1;1;A01
201000038141;1;7;0;0;2;7;1;Z01
201000038141;0;1;0;0;2;8;19;B01
201000038142;0;7;0;0;2;3;1;A01
201000038142;0;1;0;0;2;2;19;B01
201000038143;0;7;0;0;2;2;1;A01
201000038143;0;2;0;0;2;1;1;B01
201000038144;1;7;0;0;2;8;15;Z01
201000038144;0;30;0;0;2;0;1;B01
201000038145;0;30;0;0;1;1;17;A01
201000038146;0;32;0;1;0;4;1;B01
201000038146;0;7;0;0;0;0;15;A01
201000038147;0;7;0;1;0;1;1;A01
201000038148;0;7;0;0;2;4;1;B01
201000038148;0;2;0;0;2;1;1;A01
201000038149;0;7;0;0;1;2;1;A01
201000038150;0;7;0;0;2;1;1;B01
201000038150;0;7;0;0;2;1;15;A01
201000038151;0;7;0;0;2;2;17;A01
201000038151;0;7;0;0;2;8;1;B01
201000038152;0;7;0;0;1;1;1;A01
201000038153;0;7;0;0;1;1;1;A01
201000038154;0;7;0;0;2;3;13;A01
201000038154;0;38;1;0;2;3;1;B01
201000038155;0;15;0;0;2;2;12;A01
201000038155;0;7;0;0;2;8;1;B01
201000038156;0;7;0;0;2;3;19;A01
201000038156;0;7;0;0;2;1;1;B01
201000038157;0;7;0;13;0;4;1;A01
201000038158;0;7;0;0;2;1;1;B01
201000038158;0;7;0;0;2;8;10;A01
201000038159;0;7;0;0;2;2;15;A01
201000038159;0;2;0;0;2;1;1;B01
201000038160;0;7;0;0;9;3;9;A01
201000038160;0;2;0;0;2;1;1;B01
201000038161;0;7;0;0;1;5;1;A01
201000038162;0;7;0;0;2;1;1;B01
201000038162;0;7;0;0;2;1;13;A01
201000038163;0;7;0;0;1;1;1;A01
201000038164;0;7;0;0;2;2;16;A01
201000038164;0;30;0;0;2;3;1;B01
201000038165;0;7;0;0;1;1;1;A01
201000038166;0;7;0;0;1;1;1;A01
201000038167;0;7;0;0;2;1;1;A01
201000038167;0;1;0;0;2;1;1;B01
201000038168;0;7;0;0;1;1;1;A01
201000038169;0;7;0;0;2;2;1;B01
201000038169;0;7;0;0;2;3;0;A01
201000038170;0;7;0;5;0;9;1;A01
201000038171;0;7;0;0;0;9;1;A01
201000038172;0;33;0;0;2;1;1;B01
201000038172;0;7;0;0;2;2;15;A01
201000038173;1;7;0;0;2;0;0;Z01
201000038173;0;1;0;0;2;0;1;B01
201000038174;0;7;0;12;0;1;1;A01
201000038175;0;7;0;0;2;1;1;B01
201000038175;0;2;0;0;2;8;15;A01
201000038176;0;2;0;1;0;0;1;A01
201000038177;0;1;0;0;2;4;11;B01
201000038177;0;7;0;0;2;2;1;A01
201000038178;0;7;0;0;2;4;1;A01
201000038179;0;7;0;16;0;9;1;A01
201000038180;0;7;0;6;1;1;1;A01
201000038181;0;7;0;0;1;1;1;A01
201000038182;0;38;20;0;1;8;16;A01
201000038183;0;7;0;0;0;7;15;A01
201000038183;0;2;0;0;2;1;1;B01
201000038184;0;7;0;0;2;3;1;A01
201000038184;0;1;0;0;2;8;1;B01
201000038185;0;33;0;0;2;1;1;B01
201000038185;0;7;0;0;2;3;9;A01
201000038186;0;7;0;0;2;3;1;A01
201000038186;0;1;0;0;2;7;1;B01
201000038187;0;7;0;0;2;2;15;A01
201000038187;0;7;0;9;2;2;1;B01
201000038188;0;33;0;0;2;8;17;B01
201000038188;0;7;0;0;2;3;15;A01
201000038189;0;7;0;0;2;2;16;A01
201000038189;0;2;0;0;2;8;18;B01
201000038190;0;7;0;0;1;3;1;A01
201000038191;0;7;0;0;1;3;1;A01
201000038192;0;7;0;0;2;2;2;A01
201000038192;0;7;0;0;2;4;2;B01
201000038193;0;7;0;0;2;7;15;A01
201000038193;0;7;0;0;2;1;1;B01
201000038194;0;7;0;0;1;2;0;A01
201000038195;0;2;0;0;1;2;1;A01
201000038196;0;33;0;12;0;8;21;A01
201000038196;0;7;0;0;0;0;11;B01
201000038197;0;7;0;1;2;3;1;B01
201000038197;0;7;0;0;2;2;15;A01
201000038197;0;7;0;0;0;3;0;C01
201000038198;0;10;0;0;1;4;4;A01
201000038199;0;7;0;0;2;3;15;A01
201000038199;0;2;0;0;2;1;15;B01
201000038200;0;2;0;0;2;1;9;A01
201000038200;0;7;0;0;2;2;1;B01
201000038201;0;33;0;0;2;9;17;B01
201000038201;0;10;0;0;2;6;17;A01
201000038202;0;10;0;0;1;4;4;A01
201000038203;0;33;0;0;2;1;1;A01
201000038204;0;7;0;0;2;4;23;B01
201000038204;0;7;0;0;2;1;1;A01
201000038204;0;15;0;0;2;4;1;C01
201000038205;0;1;0;0;0;4;1;B01
201000038205;0;7;0;0;2;1;9;A01
201000038206;0;7;0;6;0;1;1;A01
201000038207;0;7;0;0;2;1;2;A01
201000038207;0;7;0;0;2;4;1;B01
201000038208;0;1;0;0;2;1;17;A01
201000038208;0;10;0;0;0;6;1;B01
201000038209;0;7;0;0;1;8;1;A01
201000038210;0;34;0;0;2;1;1;A01
201000038210;0;7;0;0;2;3;1;B01
201000038211;0;7;0;0;1;1;1;A01
201000038212;0;33;0;0;0;7;0;A01
201000038213;0;30;0;0;2;1;1;B01
201000038213;0;7;0;0;0;7;10;A01
201000038214;0;1;0;0;2;7;1;B01
201000038214;0;7;0;0;9;1;1;A01
201000038215;0;7;0;0;1;1;15;A01
201000038216;0;10;0;0;1;1;1;A01
201000038217;0;30;0;0;2;1;1;B01
201000038217;0;7;0;0;2;1;9;A01
201000038218;0;7;0;0;2;1;2;A01
201000038218;0;7;0;0;0;4;1;B01
201000038219;0;7;0;8;9;1;0;A01
201000038220;0;7;0;16;0;1;1;A01
201000038221;0;7;0;0;1;4;4;A01
201000038222;1;7;0;0;1;3;1;A01
201000038223;0;7;0;0;1;3;1;A01
201000038224;0;7;0;0;1;2;1;A01
201000038225;0;14;0;0;2;3;1;C01
201000038225;0;7;0;0;2;3;5;A01
201000038225;0;10;0;0;2;8;1;B01
201000038226;0;7;0;0;1;1;1;A01
201000038227;0;7;0;0;2;4;23;B01
201000038227;0;7;0;0;2;1;1;A01
201000038228;0;7;0;0;2;4;23;B01
201000038228;0;7;0;0;2;1;1;A01
201000038228;0;7;0;0;2;4;23;C01
201000038229;0;7;0;0;2;1;15;A01
201000038229;0;2;0;0;2;3;1;B01
201000038230;0;7;0;0;2;2;13;A01
201000038230;0;7;0;0;2;3;1;B01
201000038231;0;7;0;0;1;2;1;A01
201000038232;0;7;0;0;1;4;4;A01
201000038233;0;30;0;0;2;1;2;A01
201000038233;0;7;0;0;9;4;1;B01
201000038234;0;7;0;0;2;1;19;A01
201000038234;0;7;0;0;2;1;1;B01
201000038235;0;7;0;0;2;5;1;B01
201000038235;0;7;0;3;2;1;0;A01
201000038236;0;7;0;0;1;1;1;A01
201000038237;0;7;0;0;2;1;0;A01
201000038237;0;7;0;0;2;1;0;B01
201000038238;0;7;0;0;1;1;1;A01
201000038239;0;7;0;0;0;1;2;C01
201000038239;0;7;0;0;2;1;17;A01
201000038239;0;7;0;0;2;1;1;B01
201000038240;0;7;0;0;1;3;1;A01
201000038241;0;7;0;0;1;2;1;A01
201000038242;0;7;0;0;2;4;23;B01
201000038242;0;7;0;15;2;1;1;A01
201000038242;0;7;0;8;2;3;15;C01
201000038243;0;33;0;0;2;8;0;B01
201000038243;0;7;0;0;2;7;0;A01
201000038244;0;7;0;0;1;6;1;A01
201000038245;0;7;0;0;2;1;2;A01
201000038245;0;7;0;0;2;4;2;B01
201000038246;0;7;0;0;1;2;1;A01
201000038247;0;30;0;0;2;0;15;B01
201000038247;0;7;0;0;2;0;1;A01
201000038248;0;7;0;0;2;2;21;B01
201000038248;0;7;0;9;2;8;18;A01
201000038249;0;7;0;0;2;1;0;A01
201000038249;0;7;0;0;2;1;1;B01
201000038250;0;7;0;0;2;1;1;B01
201000038250;0;7;0;0;2;2;11;A01
201000038251;0;7;0;0;2;1;5;A01
201000038251;0;7;0;0;2;1;1;B01
201000038252;0;7;0;0;1;1;1;A01
201000038253;0;7;0;0;2;8;1;C01
201000038253;0;7;0;0;2;3;13;A01
201000038253;0;10;0;0;2;3;1;B01
201000038254;0;2;0;0;1;3;0;A01
201000038255;0;7;0;0;2;3;1;B01
201000038255;0;7;0;0;2;3;1;A01
201000038256;0;7;0;3;2;1;1;B01
201000038256;0;7;0;0;2;1;5;A01
201000038257;0;7;0;13;0;1;0;A01
201000038258;0;2;0;0;2;7;17;A01
201000038258;0;7;0;0;2;3;15;B01
201000038259;0;33;0;5;0;0;0;A01
201000038260;0;2;0;15;0;1;0;A01
201000038261;0;7;0;0;2;1;1;B01
201000038261;0;30;0;0;2;8;19;A01
201000038262;0;1;0;1;0;1;2;A01
201000038263;0;7;0;0;9;2;2;A01
201000038263;0;1;0;0;2;4;2;B01
201000038264;0;2;0;12;0;7;1;A01
201000038265;0;99;0;0;2;1;15;B01
201000038265;0;30;0;0;2;1;0;A01
201000038266;0;7;0;0;2;4;2;B01
201000038266;0;7;0;0;2;1;0;A01
201000038267;0;30;0;0;2;1;1;B01
201000038267;0;7;0;0;2;6;10;A01
201000038268;0;7;0;0;2;2;1;A01
201000038268;0;2;0;0;2;1;16;B01
201000038269;0;7;0;0;2;1;19;B01
201000038269;0;1;0;0;2;1;1;A01
201000038270;0;2;0;0;2;2;17;A01
201000038270;0;7;0;0;2;6;15;B01
201000038271;0;7;0;0;0;0;15;B01
201000038271;0;30;0;15;2;2;9;A01
201000038272;0;7;0;6;0;2;14;A01
201000038272;0;7;0;0;0;8;23;B01
201000038273;0;7;0;7;0;1;14;A01
201000038274;0;7;0;0;2;1;15;A01
201000038274;0;7;0;0;2;1;1;B01
201000038275;0;3;0;15;0;1;21;A01
201000038276;0;1;0;0;2;8;1;A01
201000038276;0;7;0;0;2;7;17;B01
201000038277;0;33;0;0;2;0;13;A01
201000038277;0;7;0;0;2;2;1;B01
201000038278;0;2;0;0;9;1;14;A01
201000038279;0;10;0;0;2;1;9;A01
201000038279;0;7;0;9;2;5;1;B01
201000038280;1;7;0;0;2;1;15;A01
201000038280;0;30;0;0;2;1;1;B01
201000038281;0;7;0;0;2;4;23;D01
201000038281;0;10;0;0;2;4;23;B01
201000038281;0;10;0;0;2;1;2;A01
201000038281;0;7;0;0;2;1;23;C01
201000038282;0;30;0;1;0;7;14;A01
201000038283;0;15;0;0;2;2;1;A01
201000038283;0;1;0;0;2;0;13;B01
201000038284;0;7;0;0;2;1;1;B01
201000038284;0;30;0;0;2;1;19;A01
201000038285;0;2;0;0;2;1;18;A01
201000038285;0;7;0;0;2;2;15;B01
201000038286;0;7;0;0;2;3;15;B01
201000038286;0;2;0;0;2;1;1;A01
201000038287;0;33;0;0;2;1;17;B01
201000038287;0;7;0;0;2;3;15;A01
201000038288;0;7;0;13;0;3;14;A01
201000038289;0;7;0;0;2;3;1;B01
201000038289;0;7;0;0;2;1;19;A01
201000038290;0;7;0;0;1;1;1;A01
201000038291;2;7;0;0;1;4;4;A01
201000038292;0;7;0;0;2;3;1;B01
201000038292;0;7;0;0;2;9;13;A01
201000038293;0;7;0;0;2;1;13;A01
201000038293;0;7;0;0;2;3;1;B01
201000038294;0;7;0;0;1;2;15;A01
201000038295;0;30;0;0;2;1;1;A01
201000038295;0;7;0;0;2;2;15;B01
201000038296;0;7;0;0;2;8;19;A01
201000038296;0;33;0;0;2;1;6;B01
201000038297;0;7;0;0;1;1;1;A01
201000038298;0;7;0;0;2;3;19;A01
201000038298;0;30;0;0;2;1;1;B01
201000038299;0;14;0;0;2;1;1;B01
201000038299;0;7;0;0;2;1;15;A01
201000038300;0;14;0;0;1;1;12;A01
201000038301;0;7;0;0;1;1;1;A01
201000038302;0;7;0;0;2;3;15;A01
201000038302;0;33;0;0;2;8;21;B01
201000038303;0;1;0;0;2;3;15;A01
201000038303;0;7;0;0;9;0;1;B01
201000038304;0;7;0;0;1;3;4;A01
201000038305;0;7;0;0;0;2;1;A01
201000038305;0;1;0;0;0;4;16;B01
201000038306;0;33;0;0;2;8;1;B01
201000038306;0;7;0;12;2;6;9;A01
201000038307;0;7;0;0;2;7;15;A01
201000038307;0;1;0;0;2;1;1;B01
201000038308;0;7;0;1;0;1;14;A01
201000038309;0;7;0;0;1;2;1;A01
201000038310;0;7;0;0;1;4;4;A01
201000038311;0;7;0;0;1;1;1;A01
201000038312;0;7;0;0;1;1;1;A01
201000038313;0;2;0;0;1;1;17;A01
201000038314;0;7;0;0;1;3;1;A01
201000038315;0;7;0;8;0;1;21;B01
201000038315;0;10;0;0;9;0;14;A01
201000038316;0;7;0;0;1;3;1;A01
201000038317;0;7;0;2;2;1;18;A01
201000038317;0;7;0;0;2;1;1;B01
201000038318;0;7;0;0;1;1;23;B01
201000038318;0;7;0;0;2;1;2;A01
201000038319;0;7;0;0;2;8;10;A01
201000038319;0;33;0;0;2;1;1;B01
201000038320;0;7;0;0;2;1;0;A01
201000038320;0;7;0;0;2;8;1;B01
201000038321;0;33;0;3;0;1;15;A01
201000038322;0;7;0;0;0;5;9;A01
201000038322;0;33;0;0;2;1;1;B01
201000038323;0;7;0;2;0;1;13;A01
201000038324;0;7;0;0;1;1;1;A01
201000038325;0;7;0;0;2;1;1;A01
201000038325;0;1;0;0;2;6;15;B01
201000038326;0;7;0;0;2;5;1;B01
201000038326;0;2;0;0;2;8;19;A01
201000038327;0;7;0;0;1;1;1;A01
201000038328;0;33;0;0;2;3;9;A01
201000038328;0;7;0;0;2;5;1;B01
201000038329;2;30;0;8;0;1;14;A01
201000038330;0;33;0;1;0;1;1;A01
201000038331;0;31;0;0;2;7;1;B01
201000038331;0;7;0;0;2;3;16;A01
201000038332;0;7;0;0;1;2;1;A01
201000038333;0;7;0;0;0;1;14;A01