num_acc;senc;catv;occutc;obs;obsm;choc;manv;num_veh
201000038334;0;10;0;0;2;1;15;A01
201000038334;0;33;0;0;2;1;1;B01
201000038335;0;7;0;0;2;2;9;A01
201000038335;0;7;0;0;2;3;1;B01
201000038336;0;7;0;0;2;2;15;A01
201000038336;0;7;0;0;2;1;1;B01
201000038337;0;1;0;0;2;0;19;A01
201000038337;0;7;0;0;2;1;1;B01
201000038338;0;7;0;0;2;1;1;B01
201000038338;0;7;0;0;2;5;19;A01
201000038339;0;7;0;0;1;1;1;A01
201000038340;0;7;0;0;2;6;15;B01
201000038340;2;33;0;15;2;1;1;A01
201000038341;0;7;0;0;2;1;1;A01
201000038341;0;7;0;0;2;7;15;B01
201000038342;0;7;0;0;2;3;10;A01
201000038342;0;33;0;0;2;2;1;B01
201000038343;0;7;0;0;2;2;19;A01
201000038343;0;2;0;0;2;2;1;B01
201000038344;0;7;0;0;1;1;1;A01
201000038345;0;7;0;0;1;1;1;A01
201000038346;0;7;0;0;2;1;0;B01
201000038346;0;2;0;0;2;4;0;A01
201000038347;0;7;0;0;2;7;15;A01
201000038347;0;2;0;0;2;1;1;B01
201000038348;0;7;0;0;2;3;15;A01
201000038348;0;33;0;0;2;3;1;B01
201000038349;0;7;0;0;1;7;1;A01
201000038350;0;7;0;0;2;1;1;B01
201000038350;0;7;0;0;2;1;5;A01
201000038351;0;3;0;1;1;4;4;A01
201000038352;0;7;0;15;0;2;1;A01
201000038353;0;7;0;0;2;3;13;A01
201000038353;0;10;0;15;2;6;1;B01
201000038354;0;17;0;0;2;3;21;B01
201000038354;0;7;0;0;2;1;2;C01
201000038354;0;7;0;3;2;1;13;A01
201000038355;0;3;0;0;4;3;9;A01
201000038355;0;39;0;0;2;2;1;B01
201000038356;0;2;0;0;2;1;1;B01
201000038356;0;7;0;0;2;6;15;A01
201000038357;0;2;0;1;0;1;1;A01
201000038358;0;10;0;0;2;2;15;A01
201000038358;0;30;0;0;2;1;1;B01
201000038359;0;7;0;16;0;1;2;A01
201000038360;1;99;0;7;0;0;0;A01
201000038361;0;7;0;13;0;9;13;A01
201000038362;0;7;0;0;2;2;16;A01
201000038362;0;2;0;0;2;4;16;B01
201000038363;0;2;0;0;2;2;1;B01
201000038363;0;3;0;0;2;3;15;A01
201000038364;1;99;0;0;1;0;0;Z01
201000038365;0;7;0;6;0;1;1;A01
201000038366;0;1;0;0;2;9;15;B01
201000038366;0;7;0;0;2;1;1;A01
201000038367;0;7;0;0;2;3;11;A01
201000038367;0;33;0;0;2;2;2;B01
201000038368;0;7;0;15;2;8;1;A01
201000038368;0;7;0;0;2;1;1;B01
201000038369;0;10;0;0;2;2;1;C01
201000038369;0;10;0;0;2;2;1;B01
201000038369;0;7;0;0;2;8;15;A01
201000038370;0;7;0;3;0;1;14;A01
201000038371;0;7;0;0;1;3;1;A01
201000038372;1;2;0;0;1;1;0;Z01
201000038373;0;30;0;8;0;1;1;A01
201000038374;0;33;0;8;0;0;15;A01
201000038375;0;1;0;0;0;7;16;A01
201000038376;0;2;0;2;0;1;1;A01
201000038377;0;31;0;0;2;8;1;B01
201000038377;0;7;0;0;2;2;9;A01
201000038378;0;7;0;0;2;8;20;A01
201000038378;0;30;0;0;2;1;1;B01
201000038379;0;33;0;6;0;1;2;A01
201000038380;0;7;0;6;0;4;4;A01
201000038381;0;2;0;0;2;8;13;A01
201000038381;0;7;0;0;9;8;1;B01
201000038382;0;99;0;0;2;1;1;A01
201000038382;0;30;0;0;2;1;1;B01
201000038383;0;7;0;2;0;1;10;A01
201000038384;0;7;0;0;2;1;19;B01
201000038384;0;10;0;0;2;7;19;A01
201000038385;0;2;0;0;2;1;1;A01
201000038385;0;7;0;0;2;8;1;B01
201000038386;0;7;0;1;2;1;1;A01
201000038386;0;7;0;0;2;2;15;B01
201000038387;0;2;0;0;2;1;1;A01
201000038387;0;7;0;0;2;3;1;B01
201000038388;0;7;0;0;1;8;15;A01
201000038389;0;32;0;0;2;1;5;A01
201000038389;0;10;0;0;2;3;1;B01
201000038390;0;7;0;0;2;1;1;B01
201000038390;0;2;0;0;2;7;1;A01
201000038391;0;17;0;0;2;1;1;B01
201000038391;0;7;0;9;2;7;19;A01
201000038392;0;7;0;6;0;1;1;A01
201000038393;0;7;0;15;2;8;1;A01
201000038393;0;7;0;0;2;1;1;B01
201000038394;0;30;0;0;2;3;1;A01
201000038394;0;7;0;0;2;3;1;B01
201000038395;0;7;0;0;9;8;22;A01
201000038395;0;1;0;1;0;1;1;B01
201000038396;0;33;0;8;0;2;1;A01
201000038397;0;1;0;0;2;4;11;B01
201000038397;0;7;0;0;9;3;1;A01
201000038398;0;33;0;0;2;1;1;B01
201000038398;0;7;0;0;2;3;15;A01
201000038399;0;14;0;1;2;3;2;E01
201000038399;0;7;0;1;2;1;2;A01
201000038399;0;7;0;1;2;4;2;B01
201000038399;0;30;0;1;2;3;24;D01
201000038399;0;7;0;0;2;4;24;F02
201000038400;0;7;0;0;2;6;23;B01
201000038400;0;2;0;0;2;2;2;A01
201000038401;0;1;0;0;2;8;2;B01
201000038401;0;7;0;0;9;7;2;A01
201000038402;0;7;0;1;0;3;15;A01
201000038402;0;33;0;0;2;7;1;B01
201000038403;0;30;0;1;0;1;0;B01
201000038404;0;7;0;0;2;1;1;B01
201000038404;0;7;0;0;2;7;19;A01
201000038405;0;7;0;0;2;1;1;B01
201000038405;0;7;0;0;2;1;5;A01
201000038406;0;7;0;0;2;1;2;B01
201000038406;0;10;0;0;0;4;23;A01
201000038407;0;7;0;0;1;3;1;A01
201000038408;0;1;0;0;9;0;2;B01
201000038408;0;7;0;0;9;0;17;A01
201000038409;0;1;0;0;2;4;1;A01
201000038409;1;7;0;0;2;2;2;Z01
201000038410;0;30;0;1;0;1;1;A01
201000038411;0;7;0;0;1;1;1;A01
201000038412;0;35;0;0;2;3;1;B01
201000038412;1;7;0;0;2;2;1;A01
201000038413;0;33;0;0;0;7;1;A01
201000038414;0;7;0;0;1;2;1;A01
201000038415;0;99;0;0;0;1;1;A01
201000038416;0;7;0;0;1;3;1;A01
201000038417;1;10;0;0;2;7;2;Z01
201000038417;0;1;0;0;0;8;2;A01
201000038418;1;7;0;0;1;2;1;Z01
201000038419;0;10;0;8;0;7;1;A01
201000038420;0;7;0;0;0;6;1;B01
201000038420;0;7;0;6;2;2;1;A01
201000038421;0;33;0;16;0;9;1;A01
201000038422;0;2;0;0;2;7;2;B01
201000038422;1;7;0;0;2;6;9;A01
201000038423;0;33;0;16;0;0;1;A01
201000038424;0;10;0;6;0;1;19;A01
201000038425;0;30;0;0;2;1;1;B01
201000038425;0;7;0;0;2;7;15;A01
201000038426;0;33;0;0;2;7;16;A01
201000038426;0;7;0;0;2;3;1;B01
201000038427;0;33;0;15;0;1;1;A01
201000038428;0;7;0;0;2;1;1;B01
201000038428;0;7;0;0;2;7;10;A01
201000038429;0;30;0;1;0;1;0;A01
201000038430;0;7;0;0;1;3;1;A01
201000038431;0;7;0;1;0;7;1;A01
201000038431;1;7;0;0;2;2;15;Z01
201000038432;0;7;0;0;1;3;1;A01
201000038433;0;7;0;0;1;3;1;A01
201000038434;0;7;0;0;2;2;15;B01
201000038434;0;2;0;0;2;1;1;A01
201000038435;0;33;0;0;2;1;1;A01
201000038435;0;7;0;0;2;8;15;B01
201000038436;0;7;0;8;0;7;1;A01
201000038437;0;2;0;1;2;1;2;A01
201000038437;0;7;0;0;2;8;15;B01
201000038438;0;2;0;6;0;1;1;A01
201000038439;0;7;0;6;0;1;1;A01
201000038440;0;30;0;0;2;1;15;A01
201000038440;0;7;0;0;0;3;1;B01
201000038441;0;33;0;0;2;8;0;A01
201000038441;1;2;0;0;2;1;9;Z01
201000038442;0;7;0;0;1;2;0;A01
201000038443;0;30;0;0;2;0;13;A01
201000038443;0;30;0;0;2;1;1;B01
201000038444;0;7;0;0;1;0;9;A01
201000038445;0;31;0;0;0;4;1;B01
201000038445;0;7;0;0;0;3;1;A01
201000038446;0;7;0;0;1;1;1;A01
201000038447;0;7;0;2;0;1;1;A01
201000038448;0;7;0;0;1;1;1;A01
201000038449;0;7;0;0;1;3;1;A01
201000038450;0;7;0;0;2;8;1;B01
201000038450;0;7;0;0;2;1;1;A01
201000038451;0;2;0;0;0;0;23;A01
201000038452;0;3;0;0;0;2;15;A01
201000038452;0;31;0;0;0;1;16;B01
201000038453;0;7;0;0;1;2;2;A01
201000038454;0;3;0;0;2;8;1;A01
201000038454;0;7;0;0;2;1;13;B01
201000038455;0;7;0;0;0;1;19;B01
201000038455;0;3;0;0;2;1;1;A01
201000038456;2;20;0;6;0;1;0;A01
201000038457;0;7;0;8;0;8;18;A01
201000038458;0;7;0;0;1;2;1;A01
201000038459;0;7;0;0;0;4;2;A01
201000038459;0;2;0;0;2;1;2;B01
201000038460;0;7;0;0;2;3;15;A01
201000038460;0;2;0;0;2;8;1;B01
201000038461;0;13;0;0;1;1;1;A01
201000038462;0;7;0;0;1;1;1;A01
201000038463;0;7;0;0;2;1;5;B01
201000038463;0;7;0;0;2;7;1;A01
201000038463;0;7;0;14;0;8;2;C01
201000038464;0;2;0;0;2;2;1;A01
201000038464;0;7;0;0;2;3;15;B01
201000038465;0;10;0;15;1;2;1;A01
201000038466;0;7;0;0;9;2;2;A01
201000038467;0;2;0;0;2;3;19;A01
201000038467;0;7;0;0;2;2;1;B01
201000038468;0;33;0;2;0;1;1;A01
201000038469;0;7;0;0;2;1;2;A01
201000038469;0;7;0;0;2;6;15;B01
201000038470;0;30;0;1;0;1;17;B01
201000038470;0;7;0;0;2;8;22;A01
201000038471;0;7;0;0;1;3;1;A01
201000038472;0;2;0;0;2;1;1;B01
201000038472;0;7;0;0;2;3;1;A01
201000038473;1;30;0;0;2;0;2;Z01
201000038473;0;2;0;14;2;6;1;B01
201000038474;0;33;0;0;2;0;1;A01
201000038474;0;7;0;0;0;0;10;B01
201000038475;0;1;0;0;2;7;1;A01
201000038475;1;7;0;0;2;0;0;Z01
201000038476;0;30;0;0;2;2;17;B01
201000038476;0;7;0;0;2;3;15;A01
201000038477;0;7;0;0;2;2;1;B01
201000038477;0;1;0;0;2;3;15;A01
201000038478;0;7;0;0;1;3;1;A01
201000038479;0;30;0;1;0;3;1;A01
201000038480;0;7;0;0;1;2;1;A01
201000038481;0;7;0;0;1;2;1;A01
201000038482;0;7;0;0;1;3;1;A01
201000038483;0;7;0;0;2;2;17;A01
201000038483;0;2;0;0;2;4;15;B01
201000038484;0;7;0;0;1;0;4;A01
201000038485;0;33;0;0;2;4;2;B01
201000038485;0;7;0;0;2;1;2;A01
201000038486;0;33;0;0;2;3;1;B01
201000038486;0;14;0;0;2;2;15;A01
201000038487;0;99;0;0;1;2;1;A01
201000038488;0;7;0;0;2;1;1;A01
201000038488;0;7;0;0;2;1;15;B01
201000038489;0;2;0;0;2;1;1;A01
201000038489;0;7;0;0;2;3;1;B01
201000038490;0;1;0;1;0;1;1;A01
201000038490;0;7;0;0;2;5;23;B01
201000038491;0;30;0;0;2;3;15;A01
201000038491;1;99;0;0;2;3;0;Z01
201000038492;0;7;0;0;1;2;0;A01
201000038493;0;7;0;0;1;0;1;A01
201000038494;0;33;0;0;2;1;1;B01
201000038494;0;99;0;0;2;3;19;A01
201000038495;0;10;0;0;1;2;16;A01
201000038496;0;2;0;0;2;7;1;B01
201000038496;0;7;0;0;2;1;1;A01
201000038497;0;7;0;0;1;2;1;A01
201000038498;0;7;0;8;0;9;13;A01
201000038499;0;7;0;0;2;3;15;B01
201000038499;0;30;0;0;2;1;18;A01
201000038500;0;99;0;0;2;1;1;A01
201000038500;0;7;0;0;2;5;1;B01
201000038501;0;1;0;0;2;1;19;A01
201000038501;0;7;0;0;9;7;1;B01
201000038502;0;7;0;0;2;2;2;A01
201000038502;0;2;0;0;2;6;2;B01
201000038503;0;30;0;0;0;0;18;B01
201000038503;0;20;0;0;0;0;15;A01
201000038504;0;7;0;0;1;2;1;A01
201000038505;0;10;0;0;1;1;10;A01
201000038506;0;30;0;1;0;1;1;A01
201000038507;0;7;0;0;2;6;0;A01
201000038507;0;7;0;0;2;2;1;B01
201000038508;0;37;4;0;2;3;1;B01
201000038508;0;7;0;0;2;1;1;A01
201000038509;0;7;0;0;1;8;1;A01
201000038510;0;7;0;0;2;2;21;C01
201000038510;0;7;0;0;2;1;17;A01
201000038510;0;7;0;0;2;9;1;B01
201000038511;0;14;0;0;1;2;15;A01
201000038512;0;7;0;0;1;3;1;A01
201000038513;0;7;0;0;1;3;15;A01
201000038514;0;7;0;0;2;2;15;A01
201000038514;0;30;0;0;2;1;1;B01
201000038515;0;7;0;0;1;1;1;A01
201000038516;0;7;0;0;1;3;1;A01
201000038517;0;7;0;0;2;8;22;B01
201000038517;0;2;0;1;2;7;21;A01
201000038518;0;2;0;0;2;0;1;B01
201000038518;1;7;0;0;2;0;0;Z01
201000038519;0;7;0;0;2;1;1;A01
201000038519;0;7;0;0;2;3;1;B01
201000038520;1;7;0;0;1;1;1;A01
201000038521;0;1;0;0;2;1;1;B01
201000038521;0;7;0;0;2;1;1;A01
201000038522;0;7;0;0;2;1;1;A01
201000038522;0;7;0;0;2;5;13;B01
201000038523;0;7;0;0;1;2;1;A01
201000038524;0;16;0;0;2;1;2;A01
201000038524;0;7;0;0;2;4;2;B01
201000038525;0;7;0;0;1;2;0;A01
201000038526;0;7;0;6;0;1;14;A01
201000038527;1;7;0;0;1;2;1;Z01
201000038528;0;30;0;0;2;3;9;A01
201000038528;0;7;0;0;2;2;1;B01
201000038529;0;14;0;1;1;1;14;A01
201000038530;0;3;0;0;2;1;15;A01
201000038530;0;33;0;1;2;8;1;B01
201000038531;0;7;0;0;1;2;1;A01
201000038532;0;7;0;0;2;1;1;A01
201000038532;0;7;0;0;2;3;1;B01
201000038532;0;7;0;0;2;8;2;C01
201000038533;0;7;0;0;1;1;1;A01
201000038534;0;1;0;0;2;1;9;A01
201000038534;0;7;0;0;2;3;1;B01
201000038535;0;7;0;0;2;1;1;B01
201000038535;0;7;0;0;2;1;15;A01
201000038536;0;30;0;0;1;1;1;A01
201000038537;0;7;0;0;0;0;13;A01
201000038538;0;7;0;0;1;1;15;A01
201000038539;0;7;0;0;2;3;15;A01
201000038539;0;2;0;0;2;1;1;B01
201000038540;0;2;0;0;1;1;13;A01
201000038541;0;7;0;0;2;3;16;A01
201000038541;0;7;0;6;2;1;1;B01
201000038542;0;33;0;0;2;8;1;B01
201000038542;0;10;0;0;2;2;15;A01
201000038543;0;7;0;0;2;1;1;A01
201000038543;0;1;0;0;2;7;1;B01
201000038544;0;7;0;0;2;2;1;B01
201000038544;0;7;0;0;2;3;15;A01
201000038545;0;7;0;0;0;0;0;C01
201000038545;0;10;0;0;0;0;0;A01
201000038545;0;1;0;0;0;1;1;B01
201000038546;0;7;0;0;2;1;1;B01
201000038546;0;7;0;0;2;8;10;A01
201000038547;0;7;0;0;2;6;15;B01
201000038547;0;33;0;0;2;1;0;A01
201000038548;0;7;0;0;2;3;1;A01
201000038548;0;30;0;0;2;8;1;B01
201000038549;0;7;0;0;2;0;1;A01
201000038549;0;1;0;0;2;0;19;B01
201000038550;0;31;0;0;2;1;13;A01
201000038550;0;7;0;0;2;1;1;B01
201000038551;0;7;0;0;2;5;1;B01
201000038551;0;33;0;0;2;8;2;A01
201000038552;0;7;0;0;2;1;2;A01
201000038552;0;1;0;0;2;4;0;B01
201000038553;0;33;0;0;2;3;15;B01
201000038553;0;31;0;0;2;1;1;A01
201000038554;0;7;0;1;0;1;13;A01
201000038555;0;7;0;0;2;1;1;A01
201000038555;0;1;0;0;2;8;19;B01
201000038556;0;7;0;0;2;3;10;A01
201000038556;0;30;0;0;2;1;1;B01
201000038557;0;7;0;1;0;1;14;A01
201000038557;0;7;0;0;2;4;0;B01
201000038558;0;7;0;0;2;8;1;B01
201000038558;0;7;0;0;2;0;13;A01
201000038559;0;7;0;0;2;8;1;B01
201000038559;0;7;0;0;2;1;15;A01
201000038560;0;7;0;3;0;1;0;A01
201000038561;0;7;0;6;0;1;14;A01
201000038562;0;30;0;0;2;1;2;A01
201000038562;0;7;0;0;2;4;1;B01
201000038563;0;1;0;0;2;7;1;B01
201000038563;0;14;0;0;2;1;15;A01
201000038564;1;15;0;0;2;5;17;A01
201000038564;0;30;0;0;2;8;1;B01
201000038565;0;2;0;0;2;8;1;A01
201000038566;0;7;0;0;0;1;14;A01
201000038567;0;7;0;9;0;1;0;A01
201000038568;0;7;0;0;1;3;1;A01
201000038569;0;30;0;11;0;1;1;A01
201000038570;0;7;0;0;2;3;1;B01
201000038570;0;30;0;0;2;3;5;A01
201000038571;0;1;0;0;2;8;19;B01
201000038571;0;7;0;0;2;1;1;A01
201000038572;0;1;0;0;0;1;15;A01
201000038573;0;7;0;0;2;1;1;B01
201000038573;0;7;0;0;2;8;15;A01
201000038574;0;7;0;0;1;7;1;A01
201000038575;0;2;0;0;2;1;1;A01
201000038575;0;7;0;0;2;3;0;B01
201000038576;0;34;0;0;1;1;13;A01
201000038577;0;7;0;11;0;3;13;A01
201000038578;0;34;0;0;2;1;1;A01
201000038578;0;7;0;0;2;0;0;B01
201000038579;0;7;0;0;1;2;1;A01
201000038580;0;33;0;6;0;1;13;A01
201000038581;0;10;0;0;2;8;15;A01
201000038581;0;33;0;0;2;1;1;B01
201000038582;1;7;0;1;2;0;16;Z01
201000038582;1;30;0;0;2;1;1;A01
201000038583;0;30;0;0;0;0;1;A01
201000038584;0;7;0;0;1;1;0;A01
201000038585;1;1;0;0;2;1;9;A01
201000038585;0;7;0;0;2;1;1;B01
201000038586;0;1;0;0;2;3;9;A01
201000038586;0;7;0;0;2;1;1;B01
201000038587;0;7;0;0;1;1;1;A01
201000038588;0;7;0;0;2;5;15;B01
201000038588;2;7;0;0;2;1;0;A01
201000038589;0;30;0;0;1;1;1;A01
201000038590;1;7;0;0;1;1;0;Z01
201000038591;0;7;0;0;2;8;15;B01
201000038591;0;7;0;0;2;3;1;A01
201000038592;0;1;0;1;0;5;1;B01
201000038592;0;7;0;0;2;2;22;A01
201000038593;0;30;0;0;2;3;1;B01
201000038593;0;7;0;0;2;3;15;A01
201000038594;0;1;0;0;2;1;0;A01
201000038594;0;7;0;0;2;2;1;B01
201000038595;0;7;0;0;2;1;1;A01
201000038595;0;7;0;0;2;3;15;B01
201000038596;0;2;0;0;2;3;15;B01
201000038596;0;7;0;0;2;5;17;A01
201000038597;0;1;0;0;2;7;15;A01
201000038597;0;7;0;0;2;3;15;B01
201000038598;0;7;0;0;2;8;13;A01
201000038598;0;1;0;0;2;8;1;B01
201000038599;0;7;0;6;0;1;1;A01
201000038600;1;7;0;0;1;1;1;Z01
201000038601;0;7;0;1;0;3;13;A01
201000038602;0;7;0;6;0;1;1;A01
201000038603;0;10;0;0;2;1;1;A01
201000038603;0;7;0;0;2;4;2;B01
201000038604;0;7;0;0;2;1;15;A01
201000038604;0;30;0;0;2;8;1;B01
201000038605;0;7;0;8;0;3;13;A01
201000038606;0;33;0;0;2;1;13;A01
201000038606;0;7;0;0;2;1;1;B01
201000038607;0;7;0;0;2;4;1;B01
201000038607;0;30;0;0;2;1;1;A01
201000038608;0;17;0;0;0;0;0;A01
201000038609;0;7;0;0;1;1;1;A01
201000038610;0;7;0;0;2;1;1;B01
201000038610;0;7;0;0;2;3;15;A01
201000038611;0;7;0;0;2;1;14;A01
201000038611;0;7;0;0;2;3;15;B01
201000038612;0;1;0;0;2;8;19;B01
201000038612;0;7;0;0;2;1;1;A01
201000038613;0;3;0;14;0;1;1;A01
201000038614;0;33;0;0;2;1;1;A01
201000038614;0;7;0;0;2;7;1;B01
201000038615;0;7;0;0;1;1;1;A01
201000038616;0;7;0;0;1;2;15;B01
201000038616;0;7;0;0;2;1;1;A01
201000038617;0;10;0;0;2;6;1;B01
201000038617;0;2;0;0;2;0;17;A01
201000038617;0;13;0;0;0;0;1;C01
201000038618;0;15;0;5;0;3;0;A01
201000038619;0;30;0;0;2;5;1;A01
201000038619;0;7;0;0;2;3;9;B01
201000038620;0;7;0;1;0;1;1;A01
201000038621;0;7;0;0;2;3;15;A01
201000038621;0;2;0;0;2;1;4;B01
201000038622;0;30;0;14;0;1;13;A01
201000038623;0;33;0;0;0;7;1;A01
201000038624;0;7;0;0;2;3;9;A01
201000038624;0;2;0;0;2;1;1;B01
201000038625;0;3;0;0;2;3;1;A01
201000038625;0;30;0;0;2;1;13;B01
201000038626;0;7;0;0;2;1;15;A01
201000038626;0;33;0;0;2;1;1;B01
201000038627;0;7;0;0;2;5;16;A01
201000038627;0;1;0;0;2;8;1;B01
201000038628;0;33;0;6;0;1;13;A01
201000038629;0;7;0;0;2;2;16;A01
201000038630;0;1;0;0;2;8;9;B01
201000038630;0;7;0;0;2;1;9;A01
201000038631;0;7;0;0;2;1;15;A01
201000038631;0;33;0;0;0;1;1;B01
201000038632;0;7;0;0;2;1;1;A01
201000038632;0;7;0;0;2;8;1;B01
201000038633;0;33;0;0;2;1;1;A01
201000038633;0;10;0;0;2;8;15;B01
201000038634;0;2;0;2;0;1;1;A01
201000038635;0;7;0;0;2;1;17;A01
201000038635;0;7;0;0;1;8;15;B01
201000038636;0;7;0;0;2;1;13;A01
201000038636;0;7;0;0;2;1;1;B01
201000038637;0;7;0;0;2;1;1;B01
201000038637;0;1;0;3;2;1;15;A01
201000038638;0;7;0;0;2;0;1;B01
201000038638;0;1;0;0;0;0;0;A01
201000038639;0;7;0;1;2;2;1;B01
201000038639;0;7;0;0;2;2;17;A01
201000038640;0;7;0;0;0;1;1;A01
201000038641;1;10;0;0;2;1;1;A01
201000038641;0;7;0;0;2;4;15;B01
201000038642;1;2;0;0;1;2;1;Z01
201000038643;2;7;0;0;2;1;13;Z01
201000038643;0;7;0;0;2;1;1;B01
201000038644;0;7;0;0;9;8;1;B01
201000038644;0;30;0;0;2;1;13;A01
201000038645;0;7;0;0;2;1;1;B01
201000038645;0;7;0;0;2;8;1;A01
201000038646;2;7;0;0;2;1;13;A01
201000038646;0;7;0;0;2;4;1;B01
201000038647;0;31;0;2;0;1;0;A01
201000038648;1;7;0;0;1;0;0;A01
201000038649;0;7;0;0;2;1;15;B01
201000038649;0;30;0;0;2;7;1;A01
201000038650;0;7;0;2;0;3;14;A01
201000038651;0;7;0;0;2;1;16;A01
201000038651;0;7;0;0;2;1;1;B01
201000038652;0;7;0;2;0;1;13;A01
201000038653;0;7;0;0;2;2;15;A01
201000038653;0;7;0;0;2;1;1;B01
201000038654;0;7;0;0;2;3;10;A01
201000038654;0;33;0;0;2;7;1;B01
201000038655;0;10;0;0;1;3;1;A01
201000038656;0;7;0;0;1;1;1;A01
201000038657;0;7;0;0;1;0;15;A01
201000038658;0;7;0;0;9;0;15;A01
201000038658;0;2;0;0;2;0;1;B01
201000038659;0;7;0;0;1;0;15;A01
201000038660;0;7;0;0;2;1;1;B01
201000038660;0;7;0;0;2;1;1;C01
201000038660;0;7;0;0;2;1;13;A01
201000038661;0;7;0;0;2;0;0;B01
201000038661;0;7;0;0;2;0;0;A01
201000038662;0;30;0;0;1;1;17;A01
201000038663;0;2;0;0;0;0;1;A01
201000038664;0;1;0;0;2;1;1;B01
201000038664;0;7;0;0;9;3;9;A01
201000038665;0;30;0;0;2;1;1;B01
201000038665;0;7;0;0;9;7;15;A01
201000038666;0;7;0;0;1;2;1;A01
201000038667;0;33;0;0;2;1;1;B01
201000038667;0;7;0;0;9;6;15;A01
201000038668;0;2;0;0;2;2;21;B01
201000038668;0;7;0;0;9;1;5;A01
201000038669;0;30;0;0;2;1;17;B01
201000038669;0;7;0;0;9;6;10;A01
201000038670;0;2;0;0;2;1;0;A01
201000038670;0;7;0;0;9;3;0;B01
201000038671;0;30;0;0;2;1;1;A01
201000038671;0;7;0;0;9;2;1;B01
201000038672;0;7;0;0;9;1;1;A01
201000038672;0;1;0;0;2;7;19;B01
201000038673;0;7;0;0;2;1;21;B01
201000038673;0;7;0;0;2;1;13;A01
201000038674;0;7;0;8;0;1;13;A01
201000038674;1;7;0;0;0;0;18;Z01
201000038675;0;3;0;0;2;1;13;A01
201000038675;0;7;0;0;2;1;1;B01
201000038676;0;7;0;0;1;1;1;A01
201000038677;0;7;0;0;2;1;17;A01
201000038677;0;7;0;0;2;8;15;B01
201000038678;0;7;0;0;1;1;1;A01
201000038679;0;33;0;0;2;7;17;B01
201000038679;0;7;0;0;9;8;15;A01
201000038680;0;10;0;0;9;4;2;B01
201000038680;0;30;0;0;2;1;2;A01
201000038681;0;10;0;0;9;3;15;B01
201000038681;0;33;0;0;2;2;17;A01
201000038682;0;7;0;0;1;2;1;A01
201000038683;0;7;0;0;2;1;1;A01
201000038683;0;7;0;0;2;6;15;B01
201000038684;0;7;0;0;1;2;1;A01
201000038685;0;7;0;0;9;3;0;B01
201000038685;0;1;0;0;2;0;0;A01
201000038686;0;1;0;0;1;1;1;A01
201000038687;0;30;0;0;2;1;1;A01
201000038687;0;10;0;0;9;8;15;B01
201000038688;0;7;0;0;2;3;1;B01
201000038688;0;7;0;0;2;1;15;A01
201000038688;0;21;0;0;2;3;23;C01
201000038689;0;30;0;0;2;0;5;A01
201000038689;0;7;0;0;0;0;21;B01
201000038690;0;30;0;0;2;1;5;A01
201000038690;0;7;0;0;9;3;1;B01
201000038691;0;2;0;0;2;1;1;B01
201000038691;0;7;0;0;9;3;15;A01
201000038692;1;7;0;0;1;1;1;Z01
201000038693;0;7;0;0;2;3;15;B01
201000038693;0;7;0;0;2;2;1;A01
201000038694;0;7;0;0;1;3;1;A01
201000038695;0;7;0;3;0;1;21;A01
201000038695;1;7;0;0;0;0;0;Z01
201000038696;0;7;0;0;2;1;2;A01
201000038696;0;31;0;0;2;4;23;B01
201000038697;0;7;0;9;0;1;21;A01
201000038698;0;7;0;0;1;4;4;A01
201000038699;0;7;0;0;9;2;1;B01
201000038699;0;1;0;0;2;8;19;A01
201000038700;0;33;0;0;2;8;17;A01
201000038700;0;7;0;0;9;1;23;B01
201000038701;0;31;0;6;0;0;1;A01
201000038702;0;7;0;9;0;1;6;A01
201000038703;0;7;0;0;2;3;0;B01
201000038703;1;2;0;0;2;1;0;Z01
201000038704;1;7;0;0;1;0;0;Z01
201000038705;0;10;0;0;9;3;15;A01
201000038705;0;33;0;0;2;1;1;B01
201000038706;0;30;0;0;2;1;1;B01
201000038706;0;7;0;0;9;3;10;A01
201000038707;0;7;0;0;2;4;2;B01
201000038707;0;10;0;0;2;1;2;A01
201000038707;0;7;0;0;2;4;2;C01
201000038708;0;7;0;0;1;1;1;A01
201000038709;0;7;0;0;2;0;1;A01
201000038709;0;7;0;0;2;0;1;B01
201000038710;0;7;0;0;2;2;1;A01
201000038710;0;7;0;0;2;3;1;B01
201000038711;0;7;0;0;9;3;0;B01
201000038711;0;32;0;0;2;7;19;A01
201000038712;0;7;0;0;2;1;1;A01
201000038712;0;7;0;0;2;3;1;B01
201000038713;0;7;0;0;9;5;15;A01
201000038713;0;30;0;0;2;1;1;B01
201000038714;0;7;0;0;9;3;15;B01
201000038714;0;2;0;0;2;2;1;A01
201000038715;0;7;0;0;2;1;21;A01
201000038715;0;7;0;0;2;6;1;B01
201000038716;0;7;0;0;0;0;23;B01
201000038716;0;7;0;0;1;1;1;A01
201000038717;0;7;0;0;2;4;2;A01
201000038717;1;7;0;0;2;0;2;Z01
201000038718;0;7;0;0;9;0;21;B01
201000038718;0;30;0;0;2;0;21;A01
201000038719;0;7;0;0;1;7;1;A01
201000038720;0;30;0;0;2;9;13;A01
201000038720;0;7;0;0;9;1;23;B01
201000038721;0;7;0;0;1;2;1;A01
201000038722;0;30;0;0;2;1;1;A01
201000038722;0;7;0;0;9;8;1;B01
201000038723;1;7;0;0;1;1;1;A01