num_acc;senc;catv;occutc;obs;obsm;choc;manv;num_veh
201000038724;0;7;0;0;1;3;1;A01
201000038725;0;20;0;1;0;3;0;A01
201000038725;0;7;0;1;2;4;0;B01
201000038726;0;7;0;0;1;8;23;A01
201000038727;0;2;0;0;1;1;0;A01
201000038728;0;7;0;0;0;0;0;A01
201000038728;0;7;0;0;0;0;0;B01
201000038729;0;7;0;0;2;4;0;A01
201000038730;0;7;0;0;2;2;15;A01
201000038730;0;30;0;0;2;3;1;B01
201000038731;0;7;0;6;0;1;0;A01
201000038732;0;7;0;0;1;1;1;A01
201000038733;0;7;0;2;0;1;1;A01
201000038734;0;7;0;0;2;3;9;B01
201000038734;0;37;2;0;2;2;0;A01
201000038735;0;3;0;0;9;8;0;A01
201000038735;0;1;0;0;2;5;2;B01
201000038736;0;7;0;0;2;3;15;B01
201000038736;0;33;0;0;1;1;0;A01
201000038737;0;7;0;0;2;8;0;A01
201000038737;0;1;0;0;2;8;2;B01
201000038738;0;7;0;0;1;0;0;A01
201000038739;0;7;0;13;0;9;1;A01
201000038740;0;31;0;2;0;1;1;A01
201000038741;0;7;0;0;0;8;0;A01
201000038742;0;30;0;6;0;1;0;A01
201000038743;0;7;0;0;2;1;1;B01
201000038743;0;7;0;0;2;2;15;A01
201000038744;0;7;0;0;2;6;13;B01
201000038744;0;30;0;0;2;1;0;A01
201000038745;0;7;0;4;0;9;1;A01
201000038746;0;7;0;0;1;1;0;A01
201000038747;0;30;0;6;0;1;0;A01
201000038748;0;33;0;0;2;1;1;A01
201000038748;0;7;0;0;2;2;19;B01
201000038749;0;7;0;0;2;3;9;B01
201000038749;0;30;0;0;2;1;1;A01
201000038750;0;30;0;0;2;1;2;A01
201000038750;0;7;0;0;2;3;2;B01
201000038751;0;36;0;0;0;0;0;A01
201000038752;0;7;0;0;1;0;1;A01
201000038753;0;7;0;0;1;1;15;A01
201000038754;0;7;0;0;1;0;1;A01
201000038755;0;7;0;0;2;8;0;B01
201000038755;0;2;0;0;2;1;1;A01
201000038756;0;7;0;0;1;1;0;A01
201000038756;0;1;0;0;2;0;0;B01
201000038757;1;7;0;0;1;4;4;A01
201000038758;0;2;0;0;2;0;1;B01
201000038758;0;7;0;0;2;0;1;A01
201000038759;0;7;0;8;0;0;1;A01
201000038760;0;2;0;0;2;1;17;A01
201000038760;0;7;0;0;2;3;15;B01
201000038761;0;33;0;0;2;1;1;B01
201000038761;0;7;0;0;2;3;1;C01
201000038761;0;7;0;0;2;1;9;A01
201000038762;0;7;0;0;2;2;0;A01
201000038762;0;7;0;0;2;1;1;B01
201000038763;0;7;0;0;2;4;2;C01
201000038763;0;33;0;0;2;1;2;A01
201000038763;0;7;0;0;2;1;2;B01
201000038764;0;1;0;0;2;0;2;B01
201000038764;0;30;0;0;2;0;2;A01
201000038765;0;7;0;9;0;1;0;A01
201000038766;0;7;0;0;1;4;0;A01
201000038767;0;10;0;0;2;2;15;A01
201000038767;0;33;0;0;2;1;1;B01
201000038768;0;7;0;0;0;1;0;A01
201000038769;0;7;0;2;0;1;1;A01
201000038770;0;7;0;2;0;1;1;A01
201000038771;0;7;0;0;2;1;15;A01
201000038771;0;33;0;0;2;1;13;B01
201000038772;0;7;0;0;2;2;1;B01
201000038772;0;30;0;0;2;1;5;A01
201000038773;0;7;0;0;1;1;0;A01
201000038774;0;7;0;0;2;7;0;B01
201000038774;0;7;0;0;2;1;0;A01
201000038775;0;7;0;0;2;7;15;A01
201000038775;0;30;0;0;2;1;1;B01
201000038776;0;30;0;0;2;1;17;A01
201000038776;0;7;0;0;2;3;15;B01
201000038777;0;7;0;6;0;1;0;A01
201000038778;0;7;0;1;0;1;1;A01
201000038779;0;7;0;6;0;1;0;A01
201000038780;0;7;0;0;2;3;5;A01
201000038780;0;2;0;0;2;1;0;B01
201000038781;0;7;0;0;2;2;1;B01
201000038781;0;7;0;0;2;1;17;A01
201000038782;0;7;0;6;0;1;1;A01
201000038783;0;30;0;0;2;1;2;B01
201000038783;0;7;0;0;0;2;12;A01
201000038784;0;7;0;0;0;1;9;A01
201000038785;0;7;0;0;2;1;1;B01
201000038785;0;7;0;0;0;4;23;A01
201000038786;0;7;0;13;0;1;1;A01
201000038787;0;7;0;15;0;7;13;A01
201000038788;0;7;0;0;1;1;1;A01
201000038789;0;7;0;0;0;4;2;B01
201000038789;0;7;0;0;2;1;2;A01
201000038790;0;7;0;14;0;1;2;A01
201000038790;0;7;0;14;0;4;2;B01
201000038790;0;7;0;0;0;4;2;C01
201000038791;0;7;0;0;2;1;11;A01
201000038791;0;10;0;0;2;1;17;B01
201000038792;0;7;0;0;2;1;5;C01
201000038792;0;33;0;0;2;1;1;B01
201000038792;1;7;0;0;0;8;9;A01
201000038793;0;2;0;0;0;0;0;A01
201000038794;0;10;0;0;2;3;13;B01
201000038794;0;30;0;0;2;3;2;A01
201000038795;0;7;0;0;2;7;15;A01
201000038795;0;33;0;0;2;1;1;B01
201000038796;0;7;0;7;2;2;21;B01
201000038796;0;7;0;0;2;3;21;D01
201000038796;0;7;0;0;2;8;21;C01
201000038796;0;33;0;7;2;1;12;A01
201000038797;0;7;0;15;2;1;19;B01
201000038797;0;7;0;2;2;1;19;A01
201000038798;0;7;0;0;2;4;4;A01
201000038798;0;2;0;0;2;0;12;B01
201000038799;1;7;0;0;2;1;0;A01
201000038799;0;7;0;0;2;4;0;B01
201000038800;0;7;0;9;0;8;1;A01
201000038801;1;7;0;0;2;7;2;B01
201000038801;0;30;0;0;2;7;1;A01
201000038802;0;33;0;13;0;1;1;A01
201000038803;0;10;0;0;1;1;0;A01
201000038804;0;7;0;0;1;2;0;A01
201000038805;0;7;0;0;1;7;21;A01
201000038806;0;7;0;16;0;1;1;A01
201000038807;0;7;0;0;0;1;0;B01
201000038807;0;1;0;0;2;7;19;A01
201000038808;0;7;0;0;2;4;23;D01
201000038808;0;7;0;0;2;4;23;C01
201000038808;0;7;0;0;2;4;23;B01
201000038808;0;38;1;2;2;1;1;A01
201000038809;0;7;0;0;2;9;1;B01
201000038809;0;7;0;0;2;1;15;A01
201000038810;0;33;0;0;1;1;1;A01
201000038811;0;30;0;0;1;1;13;A01
201000038812;0;7;0;0;1;4;4;A01
201000038813;0;7;0;0;1;1;1;A01
201000038814;0;7;0;0;1;3;2;A01
201000038815;0;13;0;0;1;1;1;A01
201000038816;0;7;0;0;2;1;5;A01
201000038816;0;7;0;0;2;1;0;B01
201000038817;0;7;0;0;2;3;1;B01
201000038817;0;7;0;0;2;3;13;A01
201000038818;0;7;0;0;2;3;1;A01
201000038818;0;2;0;0;2;5;2;B01
201000038819;0;2;0;0;1;1;17;A01
201000038820;0;7;0;0;2;7;1;A01
201000038820;0;14;0;0;0;1;1;B01
201000038821;0;7;0;2;0;2;0;A01
201000038822;0;7;0;0;2;8;1;B01
201000038822;0;31;0;0;2;1;1;A01
201000038823;0;31;0;8;9;1;1;A01
201000038824;0;30;0;0;2;5;1;B01
201000038824;0;13;0;0;9;1;9;A01
201000038825;0;7;0;0;1;2;16;A01
201000038826;0;7;0;0;2;1;5;A01
201000038826;0;7;0;0;2;1;1;B01
201000038827;0;7;0;0;2;3;1;B01
201000038827;0;7;0;0;2;2;1;A01
201000038828;0;7;0;0;2;1;13;A01
201000038828;0;7;0;0;2;3;1;B01
201000038829;0;7;0;0;2;4;2;C01
201000038829;0;7;0;0;2;1;2;A01
201000038829;0;7;0;0;2;4;2;B01
201000038830;0;7;0;15;0;2;1;A01
201000038831;0;7;0;0;2;4;23;B01
201000038831;0;10;0;0;2;1;1;A01
201000038832;0;7;0;0;2;1;1;B01
201000038832;0;7;0;0;2;7;15;A01
201000038832;0;7;0;0;2;1;1;C01
201000038833;0;7;0;0;9;3;1;C01
201000038833;0;10;0;0;9;3;11;A01
201000038833;0;32;0;0;2;2;1;B01
201000038834;0;7;0;0;2;1;0;A01
201000038834;0;7;0;0;2;3;1;B01
201000038835;0;7;0;0;0;7;11;A01
201000038835;0;7;0;0;2;2;1;B01
201000038836;0;7;0;0;2;8;1;B01
201000038836;0;33;0;0;2;3;5;A01
201000038837;0;7;0;0;9;1;2;A01
201000038837;0;2;0;0;0;4;2;B01
201000038838;0;7;0;0;0;1;15;A01
201000038838;0;7;0;0;2;1;1;B01
201000038839;0;7;0;0;2;3;15;A01
201000038839;0;1;0;0;2;1;1;B01
201000038840;0;7;0;0;2;1;15;A01
201000038840;0;2;0;0;2;1;1;B01
201000038841;0;7;0;0;1;1;1;A01
201000038842;0;7;0;0;0;1;15;A01
201000038842;0;7;0;0;2;1;1;B01
201000038843;0;7;0;0;2;7;16;A01
201000038843;0;7;0;0;2;3;1;B01
201000038844;0;30;0;0;2;1;1;B01
201000038844;0;7;0;0;2;7;1;A01
201000038845;1;7;0;0;2;1;0;Z01
201000038846;0;30;0;0;2;7;1;B01
201000038846;0;7;0;0;2;1;1;A01
201000038847;0;7;0;16;0;1;14;A01
201000038848;0;7;0;0;2;7;1;B01
201000038848;0;3;0;0;2;1;5;A01
201000038849;0;99;0;0;2;1;0;A01
201000038849;0;7;0;0;2;1;0;B01
201000038850;0;30;0;0;1;1;1;A01
201000038851;0;7;0;0;1;3;1;A01
201000038852;0;7;0;0;2;1;1;A01
201000038852;0;7;0;0;2;4;1;B01
201000038853;0;7;0;0;2;1;1;A01
201000038853;0;7;0;0;2;4;0;B01
201000038854;0;17;0;0;2;8;15;B01
201000038854;0;7;0;0;2;1;1;A01
201000038855;0;30;0;0;2;3;1;B01
201000038855;1;7;0;0;2;3;13;Z01
201000038856;0;7;0;0;2;3;15;A01
201000038856;0;30;0;0;2;1;1;B01
201000038857;0;7;0;0;2;0;1;A01
201000038858;0;7;0;0;2;7;15;A01
201000038858;0;7;0;0;2;3;1;B01
201000038859;0;7;0;0;1;1;24;A01
201000038860;0;31;0;0;2;3;1;B01
201000038860;0;7;0;0;2;2;15;A01
201000038861;0;7;0;0;2;1;15;A01
201000038861;0;7;0;0;2;8;1;B01
201000038862;0;7;0;0;2;1;1;B01
201000038862;0;7;0;0;2;8;1;A01
201000038863;0;31;0;0;0;0;0;A01
201000038864;0;7;0;0;0;0;1;A01
201000038865;0;7;0;4;0;0;0;B01
201000038865;0;7;0;4;0;0;0;A01
201000038866;0;7;0;0;1;0;0;A01
201000038867;0;7;0;0;2;4;1;B01
201000038867;0;7;0;0;2;4;2;C01
201000038867;0;7;0;0;2;1;2;A01
201000038868;0;7;0;15;0;1;20;A01
201000038869;0;7;0;11;0;1;13;A01
201000038870;0;7;0;0;2;1;1;A01
201000038870;0;10;0;0;2;4;1;B01
201000038871;0;7;0;1;0;4;4;A01
201000038871;0;7;0;0;2;0;0;B01
201000038872;0;7;0;0;1;2;1;A01
201000038873;0;7;0;0;2;1;19;A01
201000038873;0;33;0;0;2;3;1;B01
201000038874;0;7;0;0;0;3;9;A01
201000038874;0;7;0;0;0;2;0;B01
201000038875;0;7;0;4;0;0;1;A01
201000038876;0;7;0;0;0;3;11;A01
201000038876;0;7;0;0;2;2;1;B01
201000038877;0;7;0;0;2;7;15;A01
201000038877;0;7;0;0;2;1;1;B01
201000038878;0;7;0;0;0;3;2;B01
201000038878;0;7;0;0;0;5;2;A01
201000038879;0;7;0;0;2;4;2;B01
201000038879;0;7;0;0;2;1;2;A01
201000038880;0;7;0;0;1;2;1;A01
201000038881;0;7;0;0;2;8;10;A01
201000038881;0;7;0;0;2;3;1;B01
201000038882;0;30;0;0;0;0;0;A01
201000038883;0;7;0;0;2;1;0;A01
201000038883;0;37;1;0;2;1;1;B01
201000038884;0;7;0;0;2;5;16;B01
201000038884;0;30;0;0;2;1;1;A01
201000038885;0;1;0;0;1;1;1;A01
201000038886;0;7;0;0;2;0;0;B01
201000038886;0;7;0;0;2;0;0;A01
201000038887;0;7;0;0;2;4;2;B01
201000038887;0;7;0;0;2;1;2;A01
201000038888;0;14;0;0;1;8;15;A01
201000038889;0;7;0;7;4;8;1;A01
201000038889;0;40;0;0;2;1;1;B01
201000038890;0;1;0;0;0;0;0;B01
201000038890;0;7;0;0;0;0;0;A01
201000038891;0;7;0;6;0;1;1;A01
201000038892;0;7;0;0;1;4;4;A01
201000038893;0;7;0;0;1;2;1;A01
201000038894;0;7;0;0;2;4;23;B01
201000038894;0;7;0;0;2;4;23;C01
201000038894;0;7;0;0;2;1;1;A01
201000038895;0;7;0;0;1;1;0;A01
201000038896;0;7;0;0;1;1;1;A01
201000038897;0;2;0;0;0;0;1;A01
201000038898;0;7;0;0;2;1;1;A01
201000038898;0;7;0;0;2;1;1;B01
201000038899;0;7;0;0;1;2;1;A01
201000038900;0;7;0;0;2;4;23;C01
201000038900;0;7;0;0;2;1;1;A01
201000038900;0;7;0;0;2;4;23;D01
201000038900;0;7;0;0;2;4;23;B01
201000038901;0;40;10;0;2;2;1;B01
201000038901;0;30;0;0;4;1;0;A01
201000038902;0;7;0;0;2;1;2;B01
201000038902;0;7;0;0;0;4;2;A01
201000038903;0;7;0;0;2;4;4;A01
201000038903;0;33;0;0;2;1;1;B01
201000038904;0;7;0;0;0;0;1;A01
201000038904;0;31;0;0;0;0;1;B01
201000038905;0;7;0;0;1;4;0;A01
201000038906;0;7;0;0;2;1;1;B01
201000038906;0;7;0;0;2;4;5;A01
201000038907;0;7;0;0;2;3;13;A01
201000038907;0;7;0;0;2;1;1;B01
201000038908;0;33;0;0;2;1;0;A01
201000038908;0;7;0;0;2;3;0;B01
201000038909;0;7;0;0;1;1;1;B01
201000038909;0;7;0;0;2;7;1;A01
201000038910;0;7;0;0;4;1;1;A01
201000038910;0;40;10;0;2;8;1;B01
201000038911;0;33;0;0;2;1;0;A01
201000038911;0;10;0;0;0;7;0;B01
201000038912;0;7;0;0;2;1;1;B01
201000038912;0;7;0;0;2;3;9;A01
201000038913;0;7;0;0;2;1;1;A01
201000038913;0;7;0;0;2;4;1;B01
201000038914;0;7;0;0;2;1;15;A01
201000038914;0;7;0;0;2;8;1;C01
201000038914;0;7;0;7;2;8;1;B01
201000038915;0;7;0;0;4;8;0;A01
201000038915;0;40;10;0;2;1;0;B01
201000038916;0;37;2;0;2;3;1;B01
201000038916;0;7;0;0;2;7;16;A01
201000038917;0;7;0;0;2;8;15;A01
201000038917;0;2;0;0;2;1;17;B01
201000038918;0;33;0;0;0;0;21;B01
201000038918;0;7;0;0;0;0;13;A01
201000038919;0;7;0;0;0;1;2;A01
201000038919;0;7;0;0;2;4;2;B01
201000038920;0;33;0;0;0;1;0;A01
201000038921;0;7;0;0;1;4;4;A01
201000038922;0;7;0;0;2;2;1;A01
201000038922;0;7;0;0;2;3;1;B01
201000038923;0;7;0;0;2;7;0;B01
201000038923;0;2;0;0;2;1;0;A01
201000038924;0;7;0;0;2;2;15;A01
201000038924;0;33;0;0;2;1;1;B01
201000038924;0;7;0;0;2;1;1;C01
201000038925;0;7;0;0;2;2;16;A01
201000038925;0;1;0;0;2;2;1;B01
201000038926;0;7;0;0;2;1;1;B01
201000038926;0;7;0;0;2;7;1;A01
201000038927;0;7;0;0;2;1;0;A01
201000038927;0;31;0;0;2;1;1;B01
201000038928;0;7;0;0;2;3;9;A01
201000038928;0;1;0;0;2;2;1;B01
201000038929;0;7;0;0;2;1;0;A01
201000038929;0;7;0;0;2;1;0;B01
201000038930;0;10;0;0;2;1;2;A01
201000038930;0;7;0;0;2;4;2;B01
201000038930;0;7;0;0;2;4;2;C01
201000038931;0;7;0;0;4;3;0;A01
201000038931;0;40;10;0;2;2;1;B01
201000038932;0;7;0;0;2;0;0;A01
201000038932;0;10;0;0;2;0;0;B01
201000038933;0;7;0;0;2;1;20;A01
201000038933;0;30;0;0;2;1;1;B01
201000038934;0;7;0;0;2;4;1;B01
201000038934;0;7;0;0;2;1;2;A01
201000038935;0;7;0;0;2;2;15;A01
201000038935;0;7;0;0;2;1;1;B01
201000038936;0;2;0;8;0;1;14;A01
201000038937;1;7;0;0;2;2;17;Z01
201000038937;0;1;0;0;2;8;1;B01
201000038938;0;33;0;0;2;1;17;A01
201000038938;0;7;0;0;2;3;1;B01
201000038938;0;7;0;0;2;4;1;C01
201000038939;0;7;0;0;1;1;1;A01
201000038940;0;30;0;0;2;2;17;A01
201000038940;0;7;0;0;2;3;20;C01
201000038940;0;7;0;0;2;8;1;B01
201000038941;0;7;0;0;1;4;4;A01
201000038942;0;7;0;0;2;6;1;B01
201000038942;0;33;0;0;2;1;1;A01
201000038943;0;33;0;0;2;1;1;B01
201000038943;0;7;0;0;2;5;15;A01
201000038944;0;7;0;0;2;4;16;B01
201000038944;0;33;0;0;2;1;1;A01
201000038945;0;7;0;0;2;7;15;A01
201000038945;0;31;0;0;2;1;1;B01
201000038946;0;1;0;0;2;8;1;A01
201000038946;0;7;0;0;2;1;1;B01
201000038947;0;7;0;1;1;5;4;A01
201000038948;0;7;0;0;2;1;1;B01
201000038948;0;7;0;9;2;7;1;A01
201000038949;0;7;0;0;2;3;9;A01
201000038949;0;33;0;0;2;1;1;B01
201000038950;0;7;0;0;2;2;15;A01
201000038950;0;33;0;0;0;1;1;B01
201000038951;0;7;0;0;2;4;23;C01
201000038951;0;7;0;0;2;1;1;A01
201000038951;0;2;0;0;2;4;23;B01
201000038952;0;7;0;0;2;1;0;B01
201000038952;0;7;0;0;2;1;0;A01
201000038953;0;7;0;0;1;1;1;A01
201000038954;0;7;0;0;2;6;1;B01
201000038954;0;7;0;0;2;3;15;A01
201000038955;0;32;0;11;0;1;1;A01
201000038956;0;33;0;0;6;1;1;A01
201000038957;0;31;0;8;0;1;1;A01
201000038958;0;7;0;0;9;4;2;B01
201000038958;0;1;0;0;2;1;2;A01
201000038959;0;7;0;0;0;1;14;A01
201000038960;0;7;0;0;1;0;0;A01
201000038961;0;7;0;9;0;1;0;A01
201000038962;0;7;0;1;0;7;0;A01
201000038963;0;7;0;0;2;2;20;A01
201000038963;0;7;0;0;2;2;1;B01
201000038964;0;7;0;0;2;5;0;A01
201000038964;0;37;7;0;2;2;0;B01
201000038965;0;7;0;0;0;1;13;A01
201000038966;0;7;0;1;0;1;0;A01
201000038967;0;37;1;0;1;3;15;A01
201000038968;0;7;0;0;1;1;1;A01
201000038969;0;2;0;0;1;1;1;A01
201000038970;0;7;0;0;0;0;0;A01
201000038971;0;7;0;0;2;1;15;A01
201000038971;0;7;0;0;2;6;15;B01
201000038972;0;7;0;0;2;4;2;B01
201000038972;0;7;0;0;2;1;2;A01
201000038973;0;2;0;0;5;1;2;A01
201000038974;0;31;0;0;2;1;1;B01
201000038974;0;7;0;0;2;1;15;A01
201000038975;0;7;0;0;2;1;1;B01
201000038975;0;7;0;0;2;3;1;A01
201000038976;0;7;0;0;1;3;1;A01
201000038977;0;1;0;0;2;0;0;A01
201000038977;0;7;0;0;0;0;0;B01
201000038978;0;7;0;0;2;1;1;A01
201000038978;0;7;0;0;2;7;1;B01
201000038979;0;7;0;0;0;2;0;B01
201000038979;0;1;0;0;2;0;19;A01
201000038980;0;7;0;0;2;3;15;B01
201000038980;0;30;0;0;2;1;3;A01
201000038981;0;7;0;0;9;5;0;B01
201000038981;0;2;0;0;2;1;0;A01
201000038982;0;7;0;0;2;8;1;B01
201000038982;0;7;0;0;2;1;15;A01
201000038983;0;3;0;0;2;2;15;A01
201000038983;0;7;0;0;2;1;1;B01
201000038984;0;33;0;8;0;1;0;A01
201000038985;0;7;0;0;2;6;1;B01
201000038985;0;33;0;0;2;1;0;A01
201000038986;0;30;0;0;0;8;0;A01
201000038987;0;33;0;0;2;7;0;B01
201000038987;0;7;0;0;2;1;0;A01
201000038988;0;36;0;0;2;8;1;A01
201000038988;0;7;0;0;2;2;15;B01
201000038989;0;7;0;0;2;1;1;B01
201000038989;0;7;0;0;2;7;15;A01
201000038990;0;7;0;0;2;0;0;B01
201000038990;0;7;0;0;2;0;0;A01
201000038991;1;7;0;0;2;1;20;X01
201000038991;0;7;0;0;2;1;0;B01
201000038992;0;7;0;0;2;2;1;A01
201000038992;0;7;0;0;2;6;0;B01
201000038993;0;7;0;0;2;4;23;B01
201000038993;0;30;0;0;2;1;1;A01
201000038994;0;1;0;0;2;1;0;A01
201000038994;0;7;0;0;0;3;15;B01
201000038995;0;7;0;0;2;1;1;A01
201000038996;0;7;0;0;2;3;14;A01
201000038997;0;34;0;0;2;1;1;B01
201000038997;0;7;0;0;9;3;22;A01
201000038997;0;7;0;0;9;2;1;C01
201000038998;0;7;0;0;2;2;0;A01
201000038999;0;7;0;0;2;3;19;A01
201000038999;0;30;0;0;2;1;17;B01
201000039000;0;7;0;0;9;2;0;B01
201000039000;0;1;0;0;2;1;0;A01
201000039001;0;7;0;0;2;1;1;B01
201000039001;0;7;0;0;2;5;15;A01
201000039002;0;7;0;0;2;0;0;A01
201000039002;0;7;0;0;2;0;0;B01
201000039003;0;7;0;1;0;8;1;B01
201000039003;0;3;0;1;0;2;0;A01
201000039004;0;1;0;0;2;5;19;A01
201000039004;0;7;0;0;9;1;1;B01
201000039005;0;7;0;0;2;1;1;B01
201000039005;0;7;0;0;2;1;15;A01
201000039006;0;7;0;0;2;6;0;B01
201000039006;0;7;0;0;2;1;0;A01
201000039006;0;7;0;0;2;8;0;C01
201000039007;0;7;0;0;1;2;1;A01
201000039008;0;33;0;0;0;0;0;A01
201000039009;0;1;0;0;2;1;0;A01
201000039010;0;1;0;0;0;1;0;A01
201000039011;0;34;0;0;2;1;2;A01
201000039011;0;7;0;0;9;4;2;B01
201000039012;0;7;0;0;2;1;15;A01
201000039012;0;31;0;0;0;7;1;B01
201000039013;0;7;0;0;2;4;23;B01
201000039013;0;7;0;0;2;1;1;A01
201000039014;0;7;0;0;2;4;2;B01
201000039014;0;7;0;0;2;1;2;A01
201000039015;0;33;0;0;2;4;1;B01
201000039015;0;7;0;0;2;1;1;A01
201000039016;0;30;0;0;2;1;1;B01
201000039016;0;7;0;0;9;1;15;A01
201000039017;0;7;0;0;2;5;22;A01
201000039017;0;30;0;0;2;3;0;B01
201000039018;0;7;0;0;1;1;1;A01
201000039019;0;30;0;0;0;0;0;A01
201000039020;0;7;0;0;2;3;20;A01
201000039020;0;33;0;0;2;1;1;B01
201000039021;0;2;0;0;0;1;2;A01
201000039021;0;7;0;0;9;4;2;B01
201000039022;0;7;0;0;2;0;0;B01
201000039022;0;30;0;0;2;1;1;A01
201000039023;0;7;0;0;1;2;0;A01
201000039024;0;32;0;0;0;1;1;A01
201000039025;0;7;0;0;0;1;0;A01
201000039026;0;2;0;0;0;0;0;A01
201000039027;0;7;0;0;2;1;1;A01
201000039027;0;7;0;0;2;4;1;B01
201000039028;0;7;0;0;1;3;1;A01
201000039029;0;7;0;0;2;4;23;B01
201000039029;0;7;0;0;2;1;1;C01
201000039029;0;7;0;0;2;4;23;A01
201000039030;0;7;0;0;2;3;9;A01
201000039030;0;33;0;0;2;1;1;B01
201000039031;0;33;0;0;0;0;0;A01
201000039032;0;1;0;0;2;0;19;B01
201000039032;0;7;0;0;2;7;15;A01
201000039033;0;7;0;0;1;2;1;A01
201000039034;0;7;0;1;0;1;0;A01
201000039035;0;7;0;6;0;1;0;A01
201000039036;0;7;0;0;2;3;1;B01
201000039036;0;7;0;0;2;2;1;A01
201000039037;0;7;0;0;2;3;1;B01
201000039037;0;7;0;0;2;1;15;A01
201000039038;0;7;0;0;1;1;0;A01
201000039039;0;7;0;0;2;1;15;A01
201000039039;0;7;0;0;0;1;1;B01
201000039040;0;2;0;0;2;1;17;A01
201000039040;0;7;0;0;2;3;9;B01
201000039041;0;33;0;0;2;1;0;B01
201000039041;0;7;0;0;2;3;0;A01
201000039042;0;30;0;0;9;1;16;A01
201000039042;0;37;1;0;9;3;1;B01
201000039043;0;33;0;0;0;7;0;A01
201000039044;0;7;0;0;1;2;0;A01
201000039045;0;40;10;0;2;1;1;B01
201000039045;0;7;0;0;4;3;1;A01
201000039046;0;33;0;0;0;0;0;A01
201000039047;0;7;0;0;2;1;15;A01
201000039047;0;7;0;0;2;8;1;B01
201000039048;0;7;0;0;1;2;0;A01
201000039049;0;31;0;0;0;8;1;A01
201000039050;0;7;0;0;2;9;0;B01
201000039050;0;7;0;0;2;1;0;A01
201000039051;0;2;0;0;2;1;1;B01
201000039051;0;7;0;0;2;5;1;A01
201000039052;0;7;0;0;2;5;16;B01
201000039052;0;30;0;0;2;1;2;A01
201000039053;0;30;0;0;2;1;0;B01
201000039053;0;7;0;0;9;3;1;A01
201000039054;0;3;0;0;2;1;0;A01
201000039054;0;7;0;0;2;1;0;B01
201000039055;0;7;0;0;2;8;1;B01
201000039055;0;30;0;0;2;1;16;A01
201000039056;0;33;0;0;2;1;1;B01
201000039056;0;7;0;0;9;3;15;A01
201000039057;0;7;0;0;1;2;0;A01
201000039058;0;7;0;0;2;1;2;A01
201000039058;0;7;0;0;2;4;2;B01
201000039059;0;33;0;0;0;0;1;A01
201000039060;0;7;0;0;1;4;4;A01
201000039061;0;7;0;0;2;2;15;A01
201000039061;0;7;0;0;2;1;1;B01
201000039062;0;7;0;0;2;3;0;B01
201000039062;0;7;0;0;2;2;0;A01
201000039063;0;7;0;0;2;4;2;B01
201000039063;0;7;0;0;2;1;2;A01
201000039064;0;33;0;0;2;0;1;B01
201000039064;0;7;0;9;2;0;15;A01
201000039065;0;7;0;0;2;3;0;A01
201000039065;0;30;0;0;2;1;0;B01
201000039066;0;7;0;0;2;3;13;A01
201000039066;0;7;0;0;2;1;1;B01
201000039067;0;7;0;0;2;4;2;B01
201000039067;0;7;0;0;2;1;2;A01
201000039068;0;7;0;0;2;1;0;C01
201000039068;0;7;0;0;2;7;0;B01
201000039068;0;7;0;0;2;1;14;A01
201000039069;0;33;0;0;2;8;0;B01
201000039069;0;10;0;0;2;0;9;A01
201000039070;0;7;0;0;1;3;1;A01
201000039071;0;7;0;0;2;7;1;B01
201000039071;0;7;0;0;2;1;15;A01
201000039072;0;7;0;0;2;4;2;B01
201000039072;0;7;0;0;2;1;2;A01
201000039073;0;7;0;0;1;4;4;A01
201000039074;0;30;0;0;2;4;1;B01
201000039074;0;7;0;0;2;1;2;A01
201000039075;0;33;0;0;0;0;13;A01
201000039076;0;33;0;0;2;1;0;A01
201000039076;0;7;0;0;2;1;0;B01
201000039077;0;7;0;0;2;1;1;A01
201000039077;0;7;0;0;2;4;23;B01
201000039078;0;32;0;0;2;1;0;B01
201000039078;0;7;0;0;2;7;0;A01
201000039079;0;7;0;0;2;1;1;A01
201000039080;0;2;0;0;2;1;16;A01
201000039080;0;7;0;0;2;7;1;B01
201000039081;0;7;0;1;2;3;15;A01
201000039081;0;33;0;0;2;1;1;B01
201000039082;0;7;0;0;2;1;0;A01
201000039083;0;7;0;0;2;1;0;C01
201000039083;0;7;0;6;2;7;1;A01
201000039083;0;7;0;15;2;1;1;B01
201000039084;0;7;0;0;2;3;1;B01
201000039084;0;30;0;0;2;1;15;A01
201000039085;0;7;0;0;2;1;1;A01
201000039085;0;7;0;0;2;4;23;C01
201000039085;0;7;0;0;2;4;23;D01
201000039085;0;7;0;0;2;4;23;B01
201000039086;0;32;0;0;2;1;1;B01
201000039086;0;7;0;0;2;1;15;A01
201000039087;0;7;0;15;0;1;0;A01
201000039088;0;7;0;0;2;4;0;E01
201000039088;0;7;0;0;2;2;14;A01
201000039088;0;7;0;0;2;8;0;B01
201000039088;0;7;0;0;2;0;0;C01
201000039088;0;7;0;0;2;0;0;D01
201000039089;0;2;0;0;2;3;15;A01
201000039089;0;7;0;0;2;3;1;B01
201000039090;0;30;0;0;0;7;0;A01
201000039091;0;33;0;0;2;4;1;A01
201000039091;0;14;0;0;2;3;19;B01
201000039092;0;7;0;0;2;2;16;B01
201000039092;0;30;0;0;2;1;0;A01
201000039093;0;7;0;0;4;1;1;A01
201000039093;0;7;0;0;2;4;1;B01
201000039094;0;7;0;2;0;1;0;A01
201000039095;0;7;0;0;9;1;9;A01