num_acc;senc;catv;occutc;obs;obsm;choc;manv;num_veh
201000039095;0;1;0;0;2;1;1;B01
201000039096;0;30;0;0;2;2;15;A01
201000039096;0;7;0;0;2;3;1;B01
201000039097;0;7;0;4;0;3;13;A01
201000039098;0;1;0;0;2;1;1;B01
201000039098;0;7;0;0;2;8;1;A01
201000039099;0;32;0;0;2;1;2;A01
201000039099;0;7;0;0;9;6;2;B01
201000039100;0;7;0;0;2;8;15;A01
201000039100;0;33;0;0;2;2;1;B01
201000039101;0;31;0;7;0;2;14;A01
201000039102;0;7;0;0;1;1;0;A01
201000039103;0;33;0;0;1;1;1;A01
201000039104;0;1;0;0;2;0;19;A01
201000039104;0;7;0;0;2;3;17;B01
201000039105;0;7;0;0;2;4;23;B01
201000039105;0;10;0;0;2;1;1;A01
201000039106;0;7;0;6;0;1;0;A01
201000039107;0;1;0;0;1;1;1;A01
201000039108;0;7;0;0;0;4;0;B01
201000039108;0;7;0;0;1;1;0;A01
201000039109;0;7;0;0;2;1;1;B01
201000039109;0;7;0;0;2;1;15;A01
201000039110;0;2;0;0;0;0;0;A01
201000039111;0;7;0;0;2;4;1;D01
201000039111;0;7;0;0;2;4;1;B01
201000039111;0;7;0;0;2;1;2;A01
201000039111;0;7;0;0;2;4;1;C01
201000039112;0;7;0;0;2;7;1;B01
201000039112;0;7;0;0;2;1;19;A01
201000039113;0;7;0;0;2;2;1;C01
201000039113;1;10;0;0;0;0;1;Z01
201000039113;0;33;0;0;2;5;0;B01
201000039114;0;7;0;0;1;0;0;B01
201000039115;0;30;0;0;0;1;0;A01
201000039116;0;33;0;1;0;0;0;A01
201000039117;0;33;0;0;2;4;1;B01
201000039117;0;7;0;0;2;4;0;C01
201000039117;0;7;0;0;2;1;1;A01
201000039118;0;7;0;0;2;1;15;B01
201000039118;0;32;0;0;2;1;1;A01
201000039119;0;7;0;0;2;6;11;A01
201000039119;0;33;0;0;2;2;1;B01
201000039120;0;7;0;0;2;1;1;A01
201000039120;0;7;0;0;2;2;15;B01
201000039121;0;33;0;0;2;1;1;B01
201000039121;0;7;0;0;2;5;19;A01
201000039122;0;7;0;1;2;1;13;A01
201000039122;0;7;0;0;2;1;1;B01
201000039123;0;34;0;0;2;7;0;B01
201000039123;0;1;0;0;2;8;0;A01
201000039124;0;7;0;0;2;2;1;B01
201000039124;0;7;0;0;2;3;15;A01
201000039125;0;7;0;0;1;1;1;A01
201000039126;0;33;0;1;0;0;13;A01
201000039127;0;7;0;0;0;0;15;A01
201000039127;0;33;0;0;0;7;1;B01
201000039128;0;7;0;0;2;1;2;B01
201000039128;0;7;0;0;2;1;2;A01
201000039129;0;7;0;0;2;1;1;A01
201000039129;0;7;0;0;2;2;15;B01
201000039130;0;31;0;0;2;1;1;B01
201000039130;0;7;0;0;2;1;15;A01
201000039131;0;7;0;0;2;1;0;A01
201000039131;0;7;0;0;2;1;0;B01
201000039132;0;37;20;0;2;2;1;B01
201000039132;0;7;0;0;2;8;9;A01
201000039133;0;7;0;0;9;2;9;A01
201000039133;0;1;0;0;2;1;0;B01
201000039134;0;1;0;0;2;1;1;B01
201000039134;0;7;0;0;2;2;15;A01
201000039135;0;2;0;0;0;0;0;B01
201000039135;0;7;0;0;9;1;15;A01
201000039136;0;7;0;0;2;1;1;A01
201000039136;0;7;0;0;2;4;1;B01
201000039136;0;7;0;0;2;4;1;C01
201000039137;0;7;0;0;2;2;15;A01
201000039137;0;7;0;3;2;3;1;B01
201000039138;0;7;0;0;1;5;0;A01
201000039139;0;33;0;3;0;1;0;A01
201000039140;0;7;0;0;2;5;2;A01
201000039140;0;37;1;0;2;1;1;B01
201000039141;0;33;0;0;2;1;1;B01
201000039141;0;7;0;0;2;2;15;A01
201000039142;0;7;0;0;2;3;15;A01
201000039142;0;7;0;0;2;2;1;B01
201000039143;0;7;0;0;2;2;12;A01
201000039143;0;33;0;0;2;1;1;B01
201000039144;0;7;0;0;2;2;9;A01
201000039144;0;1;0;0;2;1;1;B01
201000039145;0;7;0;0;1;1;0;A01
201000039146;1;7;0;0;1;0;1;Z01
201000039147;0;30;0;0;9;1;19;A01
201000039147;0;34;0;0;2;0;1;B01
201000039148;0;7;0;12;0;1;1;A01
201000039149;0;30;0;0;2;1;17;B01
201000039149;0;7;0;0;2;8;15;A01
201000039150;0;7;0;8;0;1;0;A01
201000039151;0;30;0;0;0;1;1;A01
201000039152;0;30;0;0;0;0;0;A01
201000039153;0;7;0;0;2;3;1;B01
201000039153;0;2;0;0;2;2;1;A01
201000039154;0;32;0;0;1;1;1;A01
201000039155;0;7;0;0;2;1;2;A01
201000039155;0;7;0;0;2;4;2;C01
201000039155;0;7;0;0;2;4;2;B01
201000039156;0;10;0;0;9;2;15;A01
201000039156;0;30;0;0;2;1;1;B01
201000039157;0;2;0;0;2;1;1;A01
201000039157;0;7;0;0;2;8;1;B01
201000039158;0;2;0;0;2;1;1;B01
201000039158;0;7;0;0;2;3;9;A01
201000039159;0;2;0;0;2;1;0;A01
201000039159;0;7;0;0;2;1;0;B01
201000039160;0;30;0;0;9;1;2;A01
201000039160;0;33;0;0;9;4;2;B01
201000039161;0;7;0;0;2;1;13;A01
201000039162;0;7;0;8;2;7;1;B01
201000039162;0;10;0;0;0;8;11;A01
201000039163;0;2;0;0;0;1;0;A01
201000039164;1;7;0;0;1;1;1;A01
201000039165;0;7;0;0;2;3;1;B01
201000039165;0;7;0;0;2;1;15;A01
201000039166;0;7;0;0;0;1;14;A01
201000039167;0;7;0;0;2;6;0;B01
201000039167;1;7;0;0;2;0;0;A01
201000039168;0;7;0;0;2;2;9;A01
201000039168;0;31;0;0;2;1;1;B01
201000039169;1;7;0;0;2;1;15;A01
201000039169;0;30;0;0;2;1;0;B01
201000039170;0;7;0;0;2;3;1;C01
201000039170;0;32;0;0;2;1;1;B01
201000039170;0;7;0;0;2;2;15;A01
201000039171;0;7;0;0;1;7;1;A01
201000039172;0;2;0;0;2;1;0;B01
201000039172;0;10;0;0;2;2;15;A01
201000039173;0;7;0;0;2;3;1;B01
201000039173;0;7;0;0;2;1;15;A01
201000039174;0;7;0;0;2;1;5;A01
201000039174;0;7;0;0;2;1;5;B01
201000039175;0;7;0;6;0;1;0;A01
201000039176;0;7;0;0;2;5;1;B01
201000039176;0;7;0;0;2;3;2;A01
201000039177;0;30;0;0;0;0;0;A01
201000039178;0;31;0;0;0;1;0;A01
201000039179;0;2;0;0;0;0;0;A01
201000039180;0;7;0;0;2;5;15;A01
201000039180;0;7;0;0;2;1;0;B01
201000039181;0;7;0;0;2;4;2;B01
201000039181;0;7;0;0;2;1;2;A01
201000039182;0;1;0;0;2;1;0;B01
201000039182;0;10;0;0;2;3;9;A01
201000039183;0;33;0;0;2;1;1;A01
201000039183;0;7;0;0;2;3;15;B01
201000039184;0;31;0;0;0;3;0;A01
201000039185;0;7;0;0;2;4;2;B01
201000039185;0;37;1;0;2;1;2;A01
201000039186;0;7;0;0;1;7;1;A01
201000039187;0;10;0;0;2;2;0;A01
201000039187;0;1;0;0;2;1;0;B01
201000039188;0;30;0;0;2;7;17;B01
201000039188;0;7;0;0;2;3;10;A01
201000039189;0;14;0;0;2;4;0;A01
201000039189;0;7;0;0;2;9;0;B01
201000039189;0;7;0;0;2;3;5;C01
201000039190;0;7;0;0;2;4;2;B01
201000039190;0;7;0;0;2;1;2;A01
201000039191;0;7;0;0;2;4;1;B01
201000039191;0;7;0;0;2;1;9;A01
201000039191;0;7;0;0;2;1;1;C01
201000039192;0;7;0;0;0;5;0;B01
201000039192;0;7;0;0;2;1;0;A01
201000039193;0;7;0;0;1;2;1;A01
201000039194;0;7;0;1;0;9;0;A01
201000039195;1;7;0;0;2;0;0;Z01
201000039196;0;40;50;0;9;5;1;C01
201000039196;0;7;0;7;2;1;1;B01
201000039196;2;7;0;0;2;1;1;A01
201000039197;0;7;0;0;2;3;10;A01
201000039197;0;7;0;0;2;1;1;B01
201000039198;0;7;0;0;1;2;1;A01
201000039199;0;7;0;0;2;1;2;A01
201000039199;0;7;0;0;2;4;2;B01
201000039200;0;7;0;0;2;3;19;A01
201000039200;0;7;0;0;2;1;1;B01
201000039201;0;7;0;0;1;1;0;A01
201000039202;0;7;0;0;2;2;1;B01
201000039202;0;7;0;0;2;3;9;A01
201000039203;0;7;0;0;0;0;0;A01
201000039204;0;7;0;0;0;3;1;A01
201000039205;0;1;0;0;2;0;0;B01
201000039205;0;7;0;0;2;1;1;A01
201000039206;0;7;0;0;2;3;0;A01
201000039206;0;7;0;0;2;3;0;B01
201000039207;0;7;0;0;2;1;1;A01
201000039207;0;7;0;0;2;4;1;C01
201000039207;0;7;0;0;2;1;1;B01
201000039208;0;7;0;0;2;1;0;A01
201000039208;0;33;0;0;2;1;0;B01
201000039209;0;7;0;0;2;1;1;A01
201000039209;0;7;0;0;2;4;1;B01
201000039210;0;7;0;0;2;1;1;B01
201000039210;0;32;0;0;2;8;1;A01
201000039211;0;33;0;0;2;1;0;B01
201000039211;0;7;0;0;2;8;10;A01
201000039212;0;7;0;0;1;1;1;A01
201000039213;0;7;0;1;0;0;0;A01
201000039214;0;7;0;0;0;0;0;A01
201000039215;0;7;0;0;2;1;15;A01
201000039215;0;31;0;0;2;7;1;B01
201000039216;0;7;0;0;2;3;9;A01
201000039216;0;30;0;0;2;8;0;B01
201000039217;0;7;0;0;2;3;22;A01
201000039217;0;32;0;0;2;1;1;B01
201000039218;0;7;0;0;2;1;19;A01
201000039218;0;7;0;0;2;7;0;B01
201000039219;0;7;0;0;1;0;1;A01
201000039220;0;7;0;0;2;1;13;A01
201000039220;0;7;0;0;2;1;1;B01
201000039221;0;2;0;0;0;8;0;A01
201000039222;0;7;0;0;2;1;9;A01
201000039222;0;7;0;0;2;1;1;B01
201000039223;0;33;0;0;2;1;0;A01
201000039223;0;7;0;0;2;7;0;B01
201000039224;0;7;0;0;2;2;1;B01
201000039224;0;7;0;0;0;6;1;C01
201000039224;0;10;0;0;2;3;1;A01
201000039225;0;7;0;0;2;1;15;A01
201000039225;0;33;0;0;2;3;1;B01
201000039226;0;7;0;0;2;3;0;B01
201000039226;0;10;0;0;2;7;0;A01
201000039227;0;7;0;6;0;1;1;A01
201000039228;0;7;0;0;2;4;1;A01
201000039228;0;7;0;0;2;1;1;B01
201000039229;0;7;0;0;2;1;0;A01
201000039229;0;7;0;0;2;4;0;B01
201000039230;0;7;0;0;2;1;14;A01
201000039231;0;10;0;0;1;2;15;A01
201000039232;0;7;0;0;1;2;1;A01
201000039233;0;2;0;0;2;1;1;B01
201000039233;0;7;0;0;9;3;15;A01
201000039234;0;37;1;0;2;1;0;B01
201000039234;0;7;0;0;2;9;0;A01
201000039235;0;7;0;0;2;3;15;B01
201000039235;2;7;0;0;2;0;1;A01
201000039236;0;7;0;8;0;1;13;A01
201000039237;0;7;0;0;2;2;15;A01
201000039237;0;7;0;0;2;1;1;B01
201000039238;0;2;0;12;0;1;0;A01
201000039239;0;31;0;0;2;1;1;B01
201000039239;0;7;0;0;2;5;12;A01
201000039240;0;7;0;0;2;1;1;A01
201000039240;0;7;0;0;2;4;0;B01
201000039240;0;7;0;0;2;4;0;C01
201000039241;0;30;0;0;1;1;3;A01
201000039242;0;7;0;0;1;2;1;A01
201000039243;0;7;0;0;2;1;2;A01
201000039243;0;7;0;0;2;4;2;B01
201000039244;0;33;0;0;2;1;15;A01
201000039244;0;7;0;0;2;3;1;B01
201000039245;0;32;0;0;2;1;1;A01
201000039245;0;7;0;0;2;5;23;B01
201000039246;0;7;0;1;0;1;0;A01
201000039247;0;7;0;0;1;1;1;A01
201000039248;0;7;0;0;2;1;1;B01
201000039248;0;10;0;0;2;3;9;A01
201000039249;0;7;0;0;1;6;4;A01
201000039250;0;33;0;9;0;1;14;A01
201000039251;0;7;0;0;2;3;1;B01
201000039251;0;7;0;0;2;3;9;A01
201000039252;0;31;0;16;0;0;0;A01
201000039253;0;7;0;0;2;4;2;B01
201000039253;0;7;0;0;2;1;2;A01
201000039254;0;7;0;0;2;1;0;A01
201000039254;0;7;0;0;2;5;0;B01
201000039255;1;7;0;0;1;0;0;Z01
201000039256;0;7;0;0;1;3;1;A01
201000039257;0;1;0;0;2;4;19;A01
201000039257;0;7;0;0;9;1;1;B01
201000039258;0;7;0;3;2;1;1;A01
201000039259;0;33;0;0;2;1;1;B01
201000039259;0;7;0;0;2;8;10;A01
201000039260;0;7;0;0;2;3;2;A01
201000039260;0;7;0;0;0;0;0;B01
201000039261;0;7;0;6;0;4;4;A01
201000039262;0;7;0;0;2;1;1;B01
201000039262;0;7;0;0;2;3;16;A01
201000039263;0;32;0;0;2;1;1;B01
201000039263;0;7;0;0;9;8;11;A01
201000039264;0;7;0;0;0;9;0;A01
201000039265;0;7;0;0;2;1;2;A01
201000039265;0;7;0;0;1;1;1;B01
201000039266;0;7;0;0;2;1;1;A01
201000039266;0;7;0;0;2;4;23;B01
201000039266;0;7;0;0;2;4;23;C01
201000039267;0;7;0;0;1;2;1;A01
201000039268;0;7;0;0;2;1;1;B01
201000039268;0;7;0;0;2;8;19;A01
201000039269;0;7;0;2;0;2;1;A01
201000039270;0;17;0;0;1;2;21;A01
201000039271;0;33;0;0;2;1;17;B01
201000039271;0;7;0;0;2;3;15;A01
201000039272;0;33;0;0;2;1;1;B01
201000039272;0;7;0;0;2;3;10;A01
201000039273;0;2;0;0;2;1;1;B01
201000039273;0;17;0;0;2;3;15;A01
201000039274;0;7;0;0;1;1;1;A01
201000039275;0;33;0;0;2;1;1;B01
201000039275;0;7;0;0;2;3;19;A01
201000039276;0;33;0;3;0;1;14;A01
201000039277;0;7;0;0;2;1;9;A01
201000039277;0;31;0;0;2;4;1;B01
201000039278;0;7;0;0;2;2;20;B01
201000039278;0;30;0;0;2;3;18;A01
201000039279;0;7;0;0;1;8;1;A01
201000039280;0;7;0;14;0;1;2;A01
201000039280;0;7;0;0;0;4;23;B01
201000039280;0;7;0;0;0;4;23;C01
201000039281;0;7;0;0;0;0;15;A01
201000039281;0;33;0;0;0;0;21;B01
201000039282;0;7;0;0;0;3;1;B01
201000039282;0;7;0;0;2;2;15;A01
201000039283;0;2;0;0;2;1;1;B01
201000039283;0;7;0;0;2;2;15;A01
201000039284;0;10;0;12;2;3;15;B01
201000039284;0;33;0;0;2;1;17;A01
201000039285;0;1;0;0;2;7;1;B01
201000039285;1;17;0;0;2;1;16;Z01
201000039286;0;34;0;0;2;1;1;B01
201000039286;0;10;0;0;2;8;15;A01
201000039287;0;7;0;0;1;3;15;A01
201000039288;0;7;0;0;2;1;1;A01
201000039288;0;10;0;0;2;4;1;C01
201000039288;0;10;0;0;2;4;0;B01
201000039289;0;7;0;0;1;4;4;A01
201000039290;0;7;0;8;0;1;1;A01
201000039291;0;7;0;0;2;5;15;A01
201000039291;0;2;0;0;2;2;1;B01
201000039292;0;33;0;0;0;0;1;A01
201000039293;0;7;0;0;2;3;1;B01
201000039293;0;7;0;0;2;3;1;C01
201000039293;0;7;0;0;2;1;13;A01
201000039294;0;7;0;0;0;0;20;C01
201000039294;0;2;0;0;2;1;13;A01
201000039294;0;7;0;0;2;1;1;B01
201000039295;0;1;0;0;2;1;19;A01
201000039295;0;7;0;0;2;3;1;B01
201000039296;0;7;0;0;1;0;1;A01
201000039297;0;10;0;4;0;2;1;A01
201000039298;0;7;0;0;2;4;1;B01
201000039298;1;7;0;0;2;1;1;A01
201000039299;0;7;0;0;1;4;4;A01
201000039300;1;7;0;0;2;1;9;Z01
201000039300;0;2;0;12;2;5;16;B01
201000039301;0;2;0;0;2;1;1;A01
201000039301;0;10;0;0;2;1;17;B01
201000039302;0;7;0;0;2;3;1;B01
201000039302;0;7;0;0;2;3;5;A01
201000039303;0;7;0;0;2;1;1;B01
201000039303;0;7;0;0;2;3;15;A01
201000039304;0;7;0;0;2;1;2;A01
201000039304;0;20;0;0;2;4;2;B01
201000039305;0;7;0;0;2;5;12;A01
201000039305;0;33;0;0;2;6;1;B01
201000039306;0;38;1;0;9;1;16;A01
201000039306;0;1;0;0;2;1;1;B01
201000039307;0;7;0;0;2;1;1;A01
201000039307;0;7;0;0;2;4;1;B01
201000039308;0;7;0;0;1;1;1;A01
201000039309;0;7;0;0;2;1;15;A01
201000039309;0;33;0;0;2;1;1;B01
201000039310;0;33;0;0;2;1;5;A01
201000039310;0;7;0;0;2;1;1;B01
201000039311;0;7;0;0;2;2;1;A01
201000039311;0;2;0;0;2;3;1;B01
201000039312;0;14;0;0;2;3;13;A01
201000039312;0;7;0;0;2;8;1;B01
201000039313;0;7;0;0;2;1;1;B01
201000039313;0;7;0;0;2;2;13;A01
201000039314;0;7;0;8;0;1;14;A01
201000039315;0;37;4;0;1;2;9;A01
201000039316;0;30;0;0;2;0;7;A01
201000039316;0;7;0;0;2;5;16;B01
201000039317;0;7;0;0;2;5;15;A01
201000039317;0;30;0;0;2;1;1;B01
201000039318;0;7;0;0;2;5;15;A01
201000039318;0;2;0;0;2;1;1;B01
201000039319;0;99;0;0;2;1;2;A01
201000039319;0;7;0;0;0;4;23;B01
201000039320;0;7;0;0;1;1;1;A01
201000039321;0;7;0;0;2;1;15;A01
201000039321;0;2;0;0;2;1;1;B01
201000039322;0;10;0;0;1;2;19;A01
201000039323;0;30;0;2;0;1;0;A01
201000039324;0;7;0;0;2;4;2;B01
201000039324;0;7;0;0;2;4;2;C01
201000039324;0;7;0;0;2;1;2;A01
201000039325;0;7;0;0;1;4;20;A01
201000039326;0;7;0;12;0;1;15;A01
201000039327;0;7;0;2;2;3;13;A01
201000039327;0;14;0;0;2;3;1;B01
201000039328;0;30;0;0;2;8;1;A01
201000039328;0;7;0;0;2;2;16;B01
201000039329;0;30;0;0;1;2;1;A01
201000039330;0;30;0;0;2;1;1;B01
201000039330;0;7;0;0;2;3;9;A01
201000039331;0;7;0;6;0;1;14;A01
201000039332;0;7;0;0;1;3;1;A01
201000039333;0;7;0;0;1;0;1;A01
201000039334;0;7;0;0;2;3;16;A01
201000039334;0;33;0;0;2;1;18;B01
201000039335;0;7;0;0;2;0;1;A01
201000039335;0;7;0;0;2;8;0;B01
201000039336;0;7;0;0;2;2;15;B01
201000039336;0;2;0;4;2;1;1;A01
201000039337;0;13;0;0;2;1;15;B01
201000039337;0;7;0;0;2;1;1;A01
201000039338;0;7;0;11;0;8;1;A01
201000039339;0;7;0;0;2;1;2;A01
201000039339;0;7;0;0;2;4;15;B01
201000039340;0;7;0;0;2;4;15;B01
201000039340;0;7;0;0;2;1;1;A01
201000039341;0;7;0;0;0;0;1;B01
201000039341;0;33;0;0;0;9;1;A01
201000039342;0;30;0;0;2;7;0;B01
201000039342;0;7;0;0;2;3;0;A01
201000039343;0;30;0;0;2;7;13;A01
201000039343;0;99;0;0;2;1;1;B01
201000039344;0;30;0;12;0;1;0;A01
201000039345;0;2;0;0;0;0;1;A01
201000039346;0;7;0;0;2;1;1;B01
201000039346;0;7;0;0;2;1;17;A01
201000039347;0;30;0;0;0;1;0;A01
201000039348;0;7;0;0;9;0;9;A01
201000039348;0;1;0;0;2;7;1;B01
201000039349;0;33;0;1;2;0;17;B01
201000039349;0;7;0;1;1;0;15;A01
201000039350;0;7;0;6;0;1;10;A01
201000039351;0;39;0;0;2;1;1;B01
201000039351;0;7;0;0;4;8;1;A01
201000039352;0;33;0;9;2;1;17;A01
201000039352;0;7;0;0;2;3;15;B01
201000039353;1;7;0;0;1;1;1;A01
201000039354;0;10;0;0;1;4;4;A01
201000039355;0;7;0;0;2;8;3;A01
201000039355;0;2;0;0;2;1;0;B01
201000039356;0;2;0;0;2;1;5;A01
201000039356;0;7;0;0;2;8;1;B01
201000039357;0;2;0;0;2;7;1;B01
201000039357;0;7;0;0;2;2;19;A01
201000039358;0;2;0;0;2;1;1;A01
201000039358;0;7;0;0;2;6;23;B01
201000039359;0;30;0;0;0;0;0;A01
201000039360;0;7;0;0;0;3;1;B01
201000039360;0;2;0;0;0;9;13;A01
201000039361;0;7;0;0;2;3;1;B01
201000039361;0;30;0;0;2;1;0;A01
201000039362;0;7;0;0;1;2;1;A01
201000039363;0;7;0;0;1;3;1;A01
201000039364;0;7;0;0;2;1;1;A01
201000039364;0;2;0;0;2;1;13;B01
201000039365;0;30;0;15;0;1;13;A01
201000039366;0;2;0;0;2;0;15;A01
201000039366;0;30;0;0;2;0;1;B01
201000039367;0;1;0;0;0;0;0;B01
201000039367;0;1;0;0;0;0;0;A01
201000039368;0;7;0;0;2;3;15;A01
201000039368;0;34;0;0;2;1;1;B01
201000039369;0;7;0;0;2;1;1;A01
201000039369;0;7;0;0;2;4;1;B01
201000039370;0;7;0;0;2;3;1;C01
201000039370;0;2;0;0;2;0;0;B01
201000039370;0;2;0;0;2;1;0;A01
201000039371;0;30;0;11;0;0;0;A01
201000039372;0;7;0;8;0;1;1;A01
201000039373;0;33;0;12;0;7;15;A01
201000039374;0;2;0;0;2;1;1;B01
201000039374;0;7;0;0;2;3;0;A01
201000039375;0;32;0;14;0;1;1;A01
201000039376;0;7;0;0;2;8;9;A01
201000039376;0;30;0;0;2;1;1;B01
201000039377;0;2;0;0;2;1;1;A01
201000039377;0;7;0;0;2;7;16;B01
201000039378;0;2;0;0;2;1;5;A01
201000039378;0;7;0;0;2;1;1;B01
201000039379;0;32;0;0;1;1;1;A01
201000039380;0;30;0;0;0;0;20;A01
201000039381;0;30;0;11;0;1;1;A01
201000039382;0;7;0;0;2;3;0;B01
201000039382;0;7;0;0;2;3;0;A01
201000039383;0;2;0;0;1;1;1;A01
201000039384;0;2;0;0;2;3;1;B01
201000039384;0;10;0;0;2;3;15;A01
201000039385;0;7;0;0;2;1;23;A01
201000039385;0;33;0;12;2;8;1;B01
201000039386;0;7;0;0;1;1;1;A01
201000039387;0;7;0;0;2;2;20;B01
201000039387;0;7;0;0;2;1;18;A01
201000039388;0;7;0;0;2;6;9;A01
201000039388;0;33;0;0;2;1;17;B01
201000039389;0;32;0;0;2;1;1;B01
201000039389;0;7;0;0;2;5;16;A01
201000039390;0;7;0;0;1;1;1;A01
201000039391;0;30;0;1;0;2;14;A01
201000039392;0;30;0;0;1;1;1;A01
201000039393;0;2;0;0;2;1;1;A01
201000039393;0;7;0;0;2;4;23;B01
201000039394;1;7;0;0;0;0;10;Z01
201000039394;0;31;0;0;2;5;1;A01
201000039395;0;7;0;0;1;4;4;A01
201000039396;0;2;0;0;2;1;1;A01
201000039396;0;33;0;0;0;4;1;B01
201000039397;0;10;0;0;2;8;0;A01
201000039397;0;30;0;0;2;1;1;B01
201000039398;0;31;0;0;2;1;1;B01
201000039398;0;7;0;0;2;3;9;A01
201000039399;0;7;0;0;2;1;19;A01
201000039399;0;7;0;0;2;1;1;B01
201000039400;0;7;0;0;2;1;1;A01
201000039400;0;33;0;0;2;4;23;B01
201000039401;0;7;0;0;1;2;1;A01
201000039402;0;7;0;2;2;8;10;A01
201000039402;0;33;0;0;2;1;1;B01
201000039403;0;7;0;0;1;7;1;A01
201000039404;0;7;0;0;2;3;15;A01
201000039404;0;33;0;0;2;8;17;B01
201000039405;0;2;0;0;2;1;1;B01
201000039405;0;7;0;0;0;2;15;A01
201000039406;0;2;0;11;0;1;1;A01
201000039407;0;1;0;0;2;0;1;B01
201000039407;0;10;0;0;2;5;16;A01
201000039408;0;7;0;0;2;1;1;B01
201000039408;0;7;0;0;2;1;13;A01
201000039409;0;13;0;0;0;5;5;A01
201000039409;0;33;0;0;2;5;0;B01
201000039410;0;7;0;0;2;3;10;A01
201000039410;0;7;0;0;2;1;1;B01
201000039411;0;7;0;0;1;1;1;A01
201000039412;0;33;0;0;2;3;16;A01
201000039412;1;7;0;0;2;1;1;Z01
201000039413;0;2;0;0;0;4;0;A01
201000039414;0;1;0;0;2;1;0;B01
201000039414;0;37;1;0;2;2;15;A01
201000039415;0;7;0;0;2;1;9;A01
201000039415;0;2;0;0;2;8;1;B01
201000039416;0;7;0;1;0;2;14;A01
201000039417;0;33;0;0;2;1;1;B01
201000039417;0;7;0;0;2;2;15;A01
201000039418;0;2;0;0;0;0;1;A01
201000039419;0;10;0;0;1;2;1;A01
201000039420;0;7;0;0;2;1;9;A01
201000039420;0;33;0;0;2;1;1;B01
201000039421;0;7;0;0;1;3;1;A01
201000039422;0;34;0;0;2;8;7;A01
201000039422;0;7;0;0;2;2;14;B01
201000039423;0;7;0;0;2;3;15;A01
201000039423;0;2;0;0;2;7;17;B01
201000039424;0;7;0;0;1;2;11;A01
201000039425;0;7;0;0;2;3;15;A01
201000039425;0;34;0;0;2;1;1;B01
201000039426;0;7;0;0;1;2;1;A01
201000039427;0;2;0;0;2;1;9;A01
201000039427;0;7;0;0;2;2;1;B01
201000039428;0;30;0;0;0;0;1;A01
201000039429;0;7;0;0;2;3;15;A01
201000039429;0;33;0;0;2;8;17;B01
201000039430;1;7;0;0;2;1;1;Z01
201000039430;0;7;0;0;2;7;15;A01
201000039431;0;17;0;0;2;0;1;B01
201000039431;0;14;0;0;2;6;1;C01
201000039431;0;7;0;0;2;8;13;A01
201000039432;0;7;0;0;0;4;23;C01
201000039432;0;7;0;0;2;1;1;A01
201000039432;0;7;0;0;2;4;1;B01
201000039433;0;10;0;0;2;1;2;A01
201000039433;0;7;0;0;2;4;23;B01
201000039434;0;2;0;14;0;1;1;A01
201000039435;0;7;0;0;0;2;14;A01
201000039436;0;7;0;0;0;0;7;A01
201000039436;0;32;0;0;2;0;1;B01
201000039437;0;30;0;0;0;0;1;A01
201000039438;0;7;0;0;2;2;14;A01
201000039438;0;33;0;0;2;1;1;B01
201000039439;0;7;0;0;2;7;15;A01
201000039439;0;31;0;0;2;1;1;B01
201000039440;0;10;0;0;2;7;15;A01
201000039440;0;2;0;0;2;1;1;B01
201000039441;0;10;0;12;0;1;1;A01
201000039442;0;30;0;0;2;1;0;A01
201000039442;0;7;0;0;2;3;16;B01
201000039443;0;7;0;0;1;1;15;A01
201000039444;0;7;0;8;0;1;13;A01
201000039445;0;32;0;0;2;1;1;B01
201000039445;0;7;0;0;2;5;15;A01
201000039446;0;30;0;12;0;1;1;A01
201000039447;0;7;0;0;2;1;1;B01
201000039447;0;7;0;0;2;6;19;A01
201000039448;0;10;0;0;1;4;4;A01
201000039449;0;7;0;0;1;1;1;A01
201000039450;0;30;0;0;2;1;7;A01
201000039450;0;7;0;0;2;7;16;B01
201000039451;0;7;0;0;2;1;2;A01
201000039451;0;7;0;0;2;4;2;B01
201000039452;0;33;0;0;1;1;17;A01
201000039453;0;7;0;0;1;1;15;A01
201000039454;0;7;0;0;9;2;9;A01
201000039454;0;2;0;0;2;1;1;B01
201000039455;0;2;0;15;0;1;14;A01
201000039456;0;7;0;0;2;1;2;A01
201000039456;0;7;0;0;2;4;2;B01
201000039457;0;30;0;0;2;7;17;B01
201000039457;0;7;0;0;9;8;15;A01
201000039458;0;7;0;0;1;4;4;A01
201000039459;0;7;0;0;2;1;15;A01
201000039459;0;2;0;0;2;1;1;B01
201000039460;0;7;0;0;2;3;9;A01
201000039460;0;7;0;0;2;1;1;B01
201000039461;0;37;1;0;1;2;15;A01
201000039462;0;7;0;0;2;8;15;A01
201000039462;0;30;0;0;2;1;17;B01
201000039463;0;7;0;0;9;1;14;A01
201000039464;0;2;0;0;2;1;1;A01
201000039464;0;7;0;0;9;4;23;B01
201000039465;0;32;0;0;2;1;17;B01
201000039465;0;10;0;0;9;5;15;A01
201000039466;0;7;0;0;1;1;1;A01
201000039467;0;33;0;0;2;1;1;B01
201000039467;0;7;0;0;2;3;15;A01
201000039468;0;7;0;0;1;3;15;A01
201000039469;1;2;0;0;9;3;15;Z01
201000039469;0;2;0;0;9;1;17;B01
201000039470;0;7;0;0;2;4;1;B01
201000039470;0;10;0;0;2;1;1;A01
201000039471;0;7;0;0;2;3;15;A01