num_acc;senc;catv;occutc;obs;obsm;choc;manv;num_veh
201000039471;0;33;0;0;2;1;0;B01
201000039472;0;30;0;0;2;1;14;B01
201000039472;0;2;0;0;2;7;16;A01
201000039473;0;7;0;0;2;2;15;A01
201000039473;0;30;0;0;2;1;1;B01
201000039474;0;7;0;0;2;3;15;A01
201000039474;0;30;0;0;2;1;1;B01
201000039475;0;7;0;0;2;1;1;A01
201000039475;0;7;0;0;2;4;1;B01
201000039476;0;7;0;0;2;6;1;B01
201000039476;0;7;0;0;2;1;13;A01
201000039477;0;7;0;0;1;3;1;B01
201000039478;0;7;0;0;2;4;2;B01
201000039478;0;7;0;0;2;1;2;A01
201000039479;0;14;0;0;1;2;16;A01
201000039480;0;7;0;0;1;1;9;A01
201000039481;0;7;0;0;2;4;4;A01
201000039481;0;2;0;0;2;1;1;B01
201000039482;1;7;0;0;1;1;15;Z01
201000039483;0;7;0;0;2;1;1;C01
201000039483;0;7;0;0;2;8;13;B01
201000039483;0;7;0;0;2;8;13;A01
201000039484;0;7;0;0;1;0;1;A01
201000039485;0;7;0;0;1;2;1;A01
201000039486;0;7;0;0;1;6;4;A01
201000039487;0;2;0;0;2;1;1;B01
201000039487;0;7;0;0;9;2;19;A01
201000039488;0;7;0;0;9;1;9;A01
201000039488;0;2;0;0;2;5;1;B01
201000039489;1;7;0;0;1;1;14;Z01
201000039490;0;7;0;0;0;1;14;A01
201000039491;0;7;0;0;1;1;15;A01
201000039492;0;7;0;0;9;3;15;A01
201000039492;0;2;0;0;2;7;17;B01
201000039493;0;30;0;0;2;1;1;A01
201000039493;0;7;0;0;9;4;1;B01
201000039494;0;31;0;0;9;1;17;B01
201000039494;0;2;0;0;9;3;9;A01
201000039495;0;7;0;0;2;3;1;A01
201000039495;0;7;0;0;2;2;1;B01
201000039496;0;7;0;0;2;1;1;B01
201000039496;0;7;0;0;2;2;1;A01
201000039496;0;7;0;0;2;3;1;C01
201000039497;0;30;0;0;2;1;13;A01
201000039497;0;7;0;0;9;4;1;B01
201000039498;0;7;0;0;9;3;15;A01
201000039498;0;33;0;0;2;1;17;B01
201000039499;0;30;0;0;2;1;15;A01
201000039499;0;7;0;0;9;6;16;B01
201000039500;0;30;0;0;2;1;17;B01
201000039500;0;7;0;0;9;3;9;A01
201000039501;0;7;0;0;9;1;15;A01
201000039501;0;33;0;0;2;1;1;B01
201000039502;0;31;0;0;2;5;1;B01
201000039502;0;7;0;0;2;2;1;A01
201000039503;0;34;0;0;2;1;1;B01
201000039503;0;7;0;0;2;3;9;A01
201000039504;0;7;0;0;2;3;0;A01
201000039504;0;30;0;0;2;1;1;B01
201000039505;0;7;0;0;9;8;15;A01
201000039505;0;31;0;0;2;7;17;B01
201000039506;0;10;0;0;9;8;10;A01
201000039506;0;31;0;0;2;1;17;B01
201000039507;0;7;0;0;9;3;9;A01
201000039507;0;30;0;0;2;2;1;B01
201000039508;0;32;0;0;0;7;16;A01
201000039509;0;7;0;0;1;4;4;A01
201000039510;0;7;0;0;9;1;19;A01
201000039510;0;30;0;0;2;3;1;B01
201000039511;0;2;0;0;2;0;15;B01
201000039511;1;7;0;0;2;1;1;Z01
201000039512;0;7;0;0;2;6;4;A01
201000039512;0;7;0;0;2;3;0;B01
201000039513;0;7;0;0;2;3;15;A01
201000039513;0;2;0;0;2;3;1;B01
201000039514;0;30;0;0;0;0;1;A01
201000039515;1;7;0;0;1;3;1;A01
201000039516;0;7;0;0;9;3;19;B01
201000039516;0;2;0;0;2;1;1;A01
201000039517;0;2;0;0;2;1;13;A01
201000039517;0;7;0;0;2;1;1;B01
201000039518;0;30;0;0;2;1;5;A01
201000039518;0;7;0;0;0;6;15;B01
201000039519;0;7;0;0;2;3;18;A01
201000039519;0;30;0;0;2;1;1;B01
201000039520;0;30;0;0;2;1;1;B01
201000039520;0;7;0;0;2;8;15;A01
201000039521;0;31;0;0;2;1;1;B01
201000039521;0;10;0;0;9;3;9;A01
201000039522;0;2;0;0;2;1;2;A01
201000039522;0;7;0;0;9;4;23;B01
201000039523;0;7;0;0;2;6;1;A01
201000039523;0;32;0;0;2;1;1;B01
201000039524;0;7;0;14;0;1;20;A01
201000039525;0;7;0;0;2;7;15;A01
201000039525;0;30;0;0;2;1;1;B01
201000039526;0;7;0;0;2;1;1;B01
201000039526;0;7;0;0;2;3;15;A01
201000039527;0;7;0;0;9;8;15;A01
201000039527;0;2;0;0;2;7;17;B01
201000039528;0;7;0;0;1;1;1;A01
201000039529;0;30;0;0;2;1;17;B01
201000039529;0;10;0;0;9;3;15;A01
201000039530;0;7;0;0;2;6;15;A01
201000039530;0;2;0;0;2;7;1;B01
201000039531;0;7;0;0;2;2;15;A01
201000039531;0;7;0;0;2;3;1;B01
201000039532;0;7;0;0;2;3;15;A01
201000039532;0;2;0;0;2;2;13;B01
201000039533;0;7;0;0;2;3;1;B01
201000039533;0;2;0;0;2;1;1;A01
201000039534;0;7;0;0;2;1;14;A01
201000039534;0;1;0;0;2;4;1;B01
201000039535;0;7;0;0;9;8;23;B01
201000039535;0;31;0;0;2;8;21;A01
201000039536;0;7;0;0;2;1;19;A01
201000039536;0;7;0;0;2;7;1;B01
201000039537;0;7;0;0;2;1;1;B01
201000039537;0;7;0;0;2;7;9;A01
201000039538;0;33;0;0;2;1;1;B01
201000039538;0;7;0;0;2;1;9;A01
201000039539;2;7;0;0;2;1;5;A01
201000039539;0;7;0;0;2;1;1;B01
201000039540;0;2;0;0;2;1;1;B01
201000039540;0;7;0;0;2;3;20;A01
201000039541;0;7;0;0;0;4;23;C01
201000039541;0;7;0;0;2;9;2;B01
201000039541;0;10;0;0;2;1;2;A01
201000039542;0;34;0;0;1;1;1;A01
201000039543;0;7;0;0;1;4;4;A01
201000039544;0;7;0;0;2;1;1;B01
201000039544;0;30;0;0;2;1;13;A01
201000039545;0;33;0;0;2;1;1;B01
201000039545;0;7;0;0;2;1;15;A01
201000039546;0;7;0;0;9;3;15;A01
201000039546;0;33;0;0;2;1;1;B01
201000039547;0;2;0;0;2;1;1;B01
201000039547;0;7;0;0;9;2;15;A01
201000039548;0;7;0;0;2;1;23;A01
201000039548;0;2;0;1;0;1;1;B01
201000039549;2;7;0;0;2;1;9;A01
201000039549;0;7;0;0;2;7;1;B01
201000039550;0;7;0;0;2;2;1;A01
201000039550;0;7;0;0;2;3;1;B01
201000039551;0;7;0;0;1;1;1;A01
201000039552;0;7;0;0;9;3;15;A01
201000039552;0;2;0;0;2;7;17;B01
201000039553;0;7;0;0;2;1;2;B01
201000039553;0;7;0;0;2;4;2;C01
201000039553;0;10;0;0;2;1;2;A01
201000039554;0;7;0;0;9;3;13;A01
201000039554;0;2;0;0;2;7;17;B01
201000039555;0;7;0;0;1;1;15;A01
201000039556;0;7;0;0;9;2;15;A01
201000039556;0;2;0;0;2;1;1;B01
201000039557;0;10;0;0;1;3;1;A01
201000039558;0;7;0;0;2;5;4;A01
201000039558;0;7;0;0;2;2;1;B01
201000039559;0;7;0;1;0;1;1;A01
201000039560;0;7;0;0;2;4;1;B01
201000039560;0;7;0;0;2;1;2;A01
201000039561;0;7;0;0;2;1;2;A01
201000039561;0;7;0;0;2;1;2;C01
201000039561;0;7;0;0;2;1;2;B01
201000039562;0;1;0;0;2;8;1;B01
201000039562;0;7;0;0;2;2;1;A01
201000039563;0;33;0;0;9;1;9;A01
201000039564;0;7;0;0;1;1;1;A01
201000039565;0;1;0;0;2;1;1;B01
201000039565;0;7;0;0;9;3;15;A01
201000039566;0;7;0;0;2;2;15;A01
201000039566;0;7;0;0;2;1;1;B01
201000039567;0;7;0;0;2;1;2;A01
201000039567;0;7;0;0;2;4;2;B01
201000039568;0;32;0;0;2;1;9;B01
201000039568;0;7;0;0;2;2;9;A01
201000039569;0;30;0;0;0;0;1;A01
201000039570;0;7;0;0;1;1;1;A01
201000039571;0;7;0;0;2;1;15;A01
201000039571;0;30;0;0;2;1;17;B01
201000039572;0;7;0;0;1;1;1;A01
201000039573;0;30;0;14;2;1;1;A01
201000039574;0;7;0;0;2;2;15;A01
201000039574;0;30;0;0;2;7;1;B01
201000039575;0;33;0;0;2;1;1;B01
201000039575;0;7;0;0;2;1;10;A01
201000039576;0;7;0;0;1;1;1;A01
201000039577;0;7;0;0;1;1;15;A01
201000039578;0;7;0;0;2;3;1;B01
201000039578;0;30;0;0;2;3;1;A01
201000039579;0;7;0;0;2;3;19;A01
201000039579;0;7;0;0;2;1;1;B01
201000039580;0;7;0;0;2;4;2;B01
201000039580;0;30;0;0;2;1;2;A01
201000039581;0;31;0;0;2;8;1;B01
201000039581;0;7;0;0;2;3;15;A01
201000039582;0;7;0;0;1;1;15;A01
201000039583;0;7;0;0;9;0;15;A01
201000039583;0;1;0;0;2;1;1;B01
201000039584;0;7;0;0;1;1;1;A01
201000039585;0;30;0;0;2;7;17;B01
201000039585;0;30;0;0;2;3;16;A01
201000039586;0;7;0;0;2;0;1;A01
201000039586;0;7;0;0;2;0;1;B01
201000039587;1;7;0;0;9;0;15;A01
201000039587;0;30;0;0;9;9;1;B01
201000039588;0;7;0;0;1;1;15;A01
201000039589;0;7;0;0;1;3;1;A01
201000039590;0;7;0;0;1;1;1;A01
201000039591;0;7;0;0;2;8;15;A01
201000039591;0;30;0;0;2;1;17;B01
201000039592;0;30;0;0;1;8;1;A01
201000039593;0;1;0;0;2;1;1;B01
201000039593;0;7;0;0;2;2;9;A01
201000039594;0;32;0;0;2;1;21;B01
201000039594;0;7;0;0;2;6;10;A01
201000039595;0;7;0;0;2;4;1;B01
201000039595;0;7;0;6;2;9;1;A01
201000039596;0;30;0;0;2;1;1;B01
201000039596;0;7;0;0;2;3;15;A01
201000039597;0;33;0;0;9;1;1;A01
201000039598;0;7;0;0;2;2;1;B01
201000039598;0;7;0;0;2;3;1;A01
201000039599;0;1;0;0;2;8;19;A01
201000039599;0;7;0;0;2;1;1;B01
201000039600;0;30;0;0;2;3;1;B01
201000039600;0;7;0;0;2;3;15;A01
201000039601;0;33;0;0;2;1;1;B01
201000039601;0;7;0;0;2;1;1;C01
201000039601;0;7;0;0;2;5;15;A01
201000039602;0;7;0;0;1;1;16;A01
201000039603;0;7;0;0;1;4;4;A01
201000039604;0;30;0;0;2;1;1;B01
201000039604;0;7;0;0;2;5;15;A01
201000039605;0;7;0;0;2;1;9;A01
201000039605;0;33;0;0;2;1;9;B01
201000039606;0;7;0;0;1;2;1;A01
201000039607;0;7;0;1;0;1;1;A01
201000039608;0;7;0;0;2;1;1;A01
201000039608;0;7;0;0;2;1;1;B01
201000039609;0;7;0;0;1;1;1;A01
201000039610;0;7;0;0;1;1;1;A01
201000039611;0;7;0;0;2;2;15;A01
201000039611;0;10;0;0;2;6;15;B01
201000039612;0;7;0;10;2;2;9;A01
201000039612;0;7;0;0;0;3;9;B01
201000039613;0;2;0;1;2;1;1;A01
201000039613;0;7;0;0;0;4;23;B01
201000039614;0;7;0;0;2;2;15;A01
201000039614;0;30;0;0;2;1;1;B01
201000039615;0;30;0;1;2;1;14;A01
201000039616;0;7;0;0;2;8;1;B01
201000039616;0;7;0;0;2;1;1;A01
201000039617;0;1;0;0;2;8;15;B01
201000039617;0;7;0;0;2;2;16;A01
201000039618;0;1;0;0;2;4;16;B01
201000039618;0;10;0;0;2;2;15;A01
201000039619;0;7;0;0;2;1;2;A01
201000039619;0;1;0;0;2;4;2;B01
201000039620;0;30;0;0;2;4;1;B01
201000039620;0;7;0;0;2;3;9;A01
201000039621;0;7;0;0;1;1;1;A01
201000039622;0;7;0;0;2;1;2;A01
201000039622;0;7;0;0;2;4;2;B01
201000039623;0;7;0;0;2;2;1;A01
201000039623;0;30;0;0;2;1;9;B01
201000039624;0;7;0;0;2;3;15;A01
201000039624;0;30;0;0;2;1;1;B01
201000039625;0;31;0;0;2;2;17;A01
201000039625;0;7;0;0;2;4;15;B01
201000039626;0;33;0;0;2;2;1;B01
201000039626;0;7;0;0;2;3;9;A01
201000039627;0;2;0;0;2;1;1;A01
201000039627;0;7;0;0;2;5;16;B01
201000039628;0;7;0;0;2;4;1;B01
201000039628;0;7;0;0;2;4;1;C01
201000039628;0;7;0;0;2;1;1;A01
201000039629;0;1;0;0;2;1;10;A01
201000039629;0;7;0;0;2;1;1;B01
201000039630;0;7;0;0;2;1;15;A01
201000039630;0;2;0;0;2;1;1;B01
201000039631;0;7;0;0;2;1;15;A01
201000039631;0;2;0;0;2;7;1;B01
201000039632;1;7;0;0;1;1;0;Z01
201000039633;0;1;0;0;2;1;1;B01
201000039633;0;7;0;0;2;8;9;A01
201000039634;0;7;0;0;2;3;10;A01
201000039634;0;2;0;0;2;1;1;B01
201000039635;0;7;0;0;2;1;9;A01
201000039635;0;7;0;0;2;4;2;B01
201000039636;0;7;0;0;1;1;1;A01
201000039637;0;7;0;0;1;1;1;A01
201000039638;0;7;0;0;2;1;2;A01
201000039638;0;7;0;0;2;4;2;B01
201000039639;0;1;0;0;1;1;1;A01
201000039640;0;7;0;0;2;1;2;C01
201000039640;0;7;0;0;2;1;2;A01
201000039640;0;7;0;0;2;1;2;B01
201000039641;0;7;0;1;2;6;20;B01
201000039641;0;7;0;0;2;2;9;A01
201000039642;0;7;0;0;2;4;1;A01
201000039642;0;7;0;0;2;1;9;B01
201000039643;0;7;0;0;1;1;12;A01
201000039644;0;7;0;0;2;1;1;B01
201000039644;0;30;0;0;2;1;15;A01
201000039645;0;7;0;0;1;1;9;A01
201000039646;0;7;0;8;0;1;1;A01
201000039647;0;7;0;0;1;0;1;A01
201000039648;0;7;0;0;1;1;1;A01
201000039649;0;15;0;0;2;1;2;A01
201000039649;0;7;0;0;2;4;1;B01
201000039650;0;1;0;0;2;7;1;B01
201000039650;0;7;0;0;2;3;16;A01
201000039651;0;7;0;6;0;1;1;A01
201000039652;0;7;0;0;1;2;1;A01
201000039653;0;7;0;0;2;1;1;A01
201000039653;0;7;0;0;2;4;1;B01
201000039654;0;7;0;0;2;2;1;A01
201000039654;0;32;0;0;2;1;1;B01
201000039655;0;7;0;0;2;2;2;A01
201000039655;0;1;0;0;2;4;2;B01
201000039656;0;7;0;0;2;9;2;B01
201000039656;0;7;0;0;2;4;2;C01
201000039656;0;7;0;0;2;1;2;A01
201000039657;0;7;0;6;0;1;1;A01
201000039658;0;7;0;0;1;1;1;A01
201000039659;0;7;0;0;2;1;2;A01
201000039659;0;7;0;0;2;4;2;B01
201000039660;0;7;0;0;2;3;1;A01
201000039660;0;7;0;0;2;7;1;B01
201000039661;0;7;0;0;2;8;1;B01
201000039661;0;30;0;0;2;8;1;A01
201000039662;0;7;0;0;2;0;15;A01
201000039662;0;30;0;0;2;0;1;B01
201000039663;0;7;0;0;2;3;9;A01
201000039663;0;33;0;0;2;7;1;B01
201000039664;0;7;0;0;2;1;2;A01
201000039664;0;7;0;0;2;4;2;B01
201000039665;0;7;0;0;2;4;2;C01
201000039665;0;7;0;0;2;4;2;B01
201000039665;0;7;0;0;2;1;2;A01
201000039666;0;7;0;6;0;1;1;A01
201000039667;0;32;0;0;1;1;1;A01
201000039668;0;7;0;0;2;2;15;B01
201000039668;0;30;0;0;2;1;1;A01
201000039669;0;32;0;0;2;1;2;A01
201000039669;0;7;0;0;2;5;2;B01
201000039670;0;32;0;0;2;1;17;A01
201000039670;0;7;0;0;2;8;17;B01
201000039671;0;7;0;0;2;3;1;A01
201000039671;0;33;0;0;2;1;1;B01
201000039672;0;7;0;0;2;6;9;A01
201000039672;0;2;0;0;2;9;1;B01
201000039673;0;32;0;0;2;7;1;A01
201000039674;0;7;0;8;0;1;1;A01
201000039675;0;30;0;0;1;1;1;A01
201000039676;0;32;0;0;2;1;17;A01
201000039676;0;7;0;0;2;8;15;B01
201000039677;0;7;0;0;2;1;2;A01
201000039677;0;7;0;0;2;9;2;B01
201000039677;0;7;0;0;2;9;2;C01
201000039677;0;7;0;0;2;4;2;D01
201000039678;0;7;0;0;2;6;23;B01
201000039678;0;1;0;0;2;0;16;A01
201000039679;0;7;0;9;0;9;1;A01
201000039680;0;33;0;0;2;3;2;A01
201000039680;0;33;0;0;2;4;2;B01
201000039681;0;2;0;0;2;1;17;A01
201000039681;0;7;0;0;2;3;15;B01
201000039682;0;7;0;0;2;3;9;A01
201000039682;0;1;0;0;2;1;1;B01
201000039683;0;7;0;0;2;1;2;A01
201000039683;0;7;0;0;2;4;2;B01
201000039684;0;7;0;0;2;3;1;B01
201000039684;0;7;0;0;2;2;1;A01
201000039685;0;7;0;0;2;1;2;A01
201000039685;0;7;0;0;2;4;2;B01
201000039686;0;7;0;0;2;1;1;B01
201000039686;0;7;0;0;2;2;15;A01
201000039687;0;7;0;0;2;1;2;A01
201000039687;0;7;0;0;2;4;2;B01
201000039688;0;7;0;0;1;5;4;A01
201000039689;0;1;0;0;2;7;1;B01
201000039689;0;7;0;0;2;1;1;A01
201000039690;0;7;0;0;2;3;15;A01
201000039690;0;33;0;0;2;1;1;B01
201000039691;0;30;0;0;1;1;1;A01
201000039692;0;7;0;0;2;1;2;A01
201000039692;0;7;0;0;2;6;2;B01
201000039693;0;7;0;0;1;1;1;A01
201000039694;0;7;0;9;0;1;1;A01
201000039695;0;30;0;0;2;1;2;A01
201000039696;0;7;0;0;2;1;1;B01
201000039696;0;7;0;0;2;1;1;A01
201000039697;0;7;0;0;0;1;1;A01
201000039698;0;7;0;0;2;1;2;A01
201000039698;0;7;0;0;2;4;2;B01
201000039699;0;7;0;0;1;3;1;A01
201000039700;0;1;0;0;1;1;1;A01
201000039701;0;7;0;0;2;1;2;A01
201000039701;0;2;0;0;2;1;2;B01
201000039701;0;7;0;0;2;4;2;C01
201000039702;0;7;0;0;2;1;2;C01
201000039702;0;7;0;0;2;4;0;A01
201000039702;0;7;0;0;2;1;2;B01
201000039702;0;7;0;0;2;2;2;D01
201000039703;0;7;0;0;2;3;9;A01
201000039703;0;31;0;0;2;1;0;B01
201000039704;0;15;0;0;2;0;2;A01
201000039704;0;7;0;0;9;1;2;B01
201000039705;0;7;0;0;2;3;1;B01
201000039705;0;7;0;0;2;7;16;A01
201000039706;0;7;0;0;2;8;1;B01
201000039706;0;7;0;0;2;1;15;A01
201000039707;0;7;0;0;2;1;1;B01
201000039707;0;7;0;0;2;1;13;A01
201000039708;0;7;0;1;0;1;1;A01
201000039708;0;7;0;0;2;4;24;B01
201000039709;0;7;0;0;2;4;2;B01
201000039709;0;2;0;0;2;1;2;A01
201000039710;0;33;0;0;2;1;1;B01
201000039710;0;7;0;0;2;4;1;C01
201000039710;0;7;0;0;2;5;15;A01
201000039711;0;7;0;0;2;2;15;B01
201000039711;0;2;0;0;2;2;1;A01
201000039712;0;33;0;0;2;8;2;A01
201000039712;0;7;0;0;2;4;2;B01
201000039713;0;7;0;0;2;0;24;A01
201000039713;0;1;0;1;0;1;1;B01
201000039714;0;15;0;0;2;7;1;B01
201000039714;0;7;0;0;2;8;10;A01
201000039715;0;7;0;0;2;2;15;A01
201000039715;0;7;0;0;2;1;1;B01
201000039716;0;7;0;0;2;1;15;A01
201000039716;0;30;0;0;2;8;1;B01
201000039717;0;30;0;0;2;1;1;A01
201000039717;0;7;0;0;2;7;1;B01
201000039718;0;7;0;0;2;1;1;A01
201000039718;0;7;0;0;2;8;1;B01
201000039719;0;7;0;6;0;1;1;A01
201000039720;0;7;0;0;2;1;2;A01
201000039720;0;7;0;0;2;4;1;B01
201000039721;0;7;0;0;2;2;16;A01
201000039721;0;30;0;0;2;8;1;B01
201000039722;0;7;0;0;2;1;1;C01
201000039722;0;7;0;0;2;9;15;B01
201000039722;0;7;0;0;2;1;1;A01
201000039723;0;1;0;0;2;1;1;A01
201000039723;0;7;0;0;2;0;1;B01
201000039724;0;2;0;0;2;8;17;A01
201000039724;0;7;0;0;2;3;15;B01
201000039725;0;33;0;0;2;4;16;B01
201000039725;0;7;0;0;2;1;1;A01
201000039726;0;7;0;0;2;4;2;C01
201000039726;0;33;0;0;2;1;2;A01
201000039726;0;33;0;0;2;4;2;B01
201000039727;0;7;0;0;1;1;1;A01
201000039728;0;7;0;0;2;4;2;C01
201000039728;0;7;0;0;2;9;2;B01
201000039728;0;7;0;0;2;1;2;A01
201000039729;0;7;0;0;2;4;2;B01
201000039729;0;7;0;0;2;1;2;A01
201000039730;0;7;0;1;0;1;1;A01
201000039730;0;7;0;0;2;6;24;B01
201000039731;0;7;0;0;2;5;15;A01
201000039731;0;2;0;0;2;1;1;B01
201000039732;0;7;0;0;2;0;9;A01
201000039732;0;1;0;0;2;4;1;B01
201000039733;0;7;0;0;1;0;1;A01
201000039734;0;7;0;1;0;9;23;C01
201000039734;0;7;0;1;0;9;23;B01
201000039734;0;7;0;1;0;1;2;A01
201000039734;0;7;0;1;0;4;23;D01
201000039735;0;1;0;0;2;9;1;B01
201000039735;0;7;0;0;2;0;16;A01
201000039736;0;7;0;0;2;5;4;A01
201000039736;0;32;0;0;2;7;1;B01
201000039737;0;7;0;0;2;2;16;B01
201000039737;0;32;0;0;2;1;18;A01
201000039738;0;7;0;0;2;2;15;A01
201000039738;0;7;0;0;2;3;1;B01
201000039739;0;1;0;0;2;1;9;A01
201000039739;0;1;0;0;2;9;1;B01
201000039740;0;7;0;0;2;7;10;A01
201000039740;0;1;0;0;2;1;1;B01
201000039741;0;7;0;0;2;4;15;A01
201000039741;0;7;0;0;2;1;1;B01
201000039742;0;7;0;8;0;2;14;A01
201000039743;0;7;0;0;2;1;2;A01
201000039743;0;7;0;0;2;4;2;B01
201000039744;0;7;0;0;2;2;1;A01
201000039744;0;7;0;0;2;3;1;B01
201000039745;0;7;0;0;1;2;15;B01
201000039745;0;30;0;0;2;2;17;A01
201000039746;0;33;0;0;2;1;1;A01
201000039746;0;7;0;0;2;8;15;B01
201000039747;0;7;0;0;2;1;1;A01
201000039747;0;7;0;0;2;1;1;B01
201000039748;0;7;0;0;1;1;1;A01
201000039749;0;2;0;0;2;1;13;A01
201000039749;0;7;0;0;2;3;1;B01
201000039750;0;1;0;0;2;1;1;B01
201000039750;0;7;0;0;2;3;22;A01
201000039751;0;7;0;0;2;4;2;B01
201000039751;0;7;0;0;2;1;2;A01
201000039752;0;7;0;0;1;1;1;A01
201000039753;0;7;0;0;2;1;15;A01
201000039753;0;1;0;0;2;1;1;B01
201000039754;0;32;0;0;2;1;1;B01
201000039754;0;7;0;0;2;1;15;A01
201000039755;1;14;0;0;0;0;0;Z01
201000039755;0;7;0;0;2;8;1;B01
201000039756;0;30;0;0;2;1;1;B01
201000039756;0;7;0;0;2;3;1;A01
201000039757;0;7;0;0;2;3;9;A01
201000039757;0;1;0;0;2;1;1;B01
201000039758;0;7;0;0;2;1;16;A01
201000039758;0;1;0;0;2;1;1;B01
201000039759;0;7;0;0;2;8;10;A01
201000039759;0;31;0;0;2;1;1;B01
201000039760;0;7;0;1;0;3;1;A01
201000039761;0;7;0;1;0;2;1;A01
201000039762;0;30;0;0;2;8;1;B01
201000039762;0;7;0;0;2;1;15;A01
201000039763;0;1;0;1;0;1;1;B01
201000039763;0;7;0;0;2;8;22;A01
201000039764;0;7;0;0;1;1;16;A01
201000039765;0;37;0;0;1;1;16;A01
201000039766;0;33;0;0;2;1;1;B01
201000039766;0;2;0;0;2;1;15;A01
201000039767;0;7;0;0;2;3;15;A01
201000039767;0;30;0;0;2;3;1;B01
201000039768;0;7;0;0;2;1;2;A01
201000039768;0;7;0;0;2;9;2;B01
201000039768;0;7;0;0;2;4;2;D01
201000039768;0;31;0;0;2;9;2;C01
201000039769;0;7;0;0;2;3;10;A01
201000039769;0;7;0;0;2;2;1;B01
201000039770;0;2;0;0;2;1;1;B01
201000039770;0;7;0;0;2;8;9;A01
201000039771;0;7;0;0;1;1;1;A01
201000039772;0;7;0;0;2;1;2;A01
201000039772;0;7;0;0;2;4;2;B01
201000039773;0;7;0;0;2;1;2;A01
201000039773;0;7;0;0;2;4;2;B01
201000039774;0;7;0;0;2;4;2;B01
201000039774;0;2;0;0;2;1;2;A01
201000039775;0;7;0;0;2;8;16;A01
201000039775;0;30;0;0;2;7;1;B01
201000039776;0;7;0;0;2;2;16;A01
201000039776;0;33;0;0;2;8;1;B01
201000039777;0;7;0;0;2;1;2;A01
201000039777;0;7;0;0;2;4;23;B01
201000039778;0;7;0;0;2;8;1;B01
201000039778;0;30;0;0;2;1;1;A01
201000039779;0;7;0;0;2;3;13;A01
201000039779;0;33;0;0;2;8;1;B01
201000039780;0;7;0;0;1;1;20;A01
201000039781;0;1;0;0;2;8;9;B01
201000039781;0;7;0;0;2;1;1;A01
201000039782;0;7;0;0;0;1;1;A01
201000039783;0;7;0;0;2;2;15;A01
201000039783;0;31;0;0;0;8;1;B01
201000039784;0;7;0;0;2;1;17;A01
201000039784;0;32;0;0;2;7;1;B01
201000039785;0;7;0;0;2;3;1;B01
201000039785;0;30;0;0;2;1;0;A01
201000039786;0;31;0;0;2;3;1;B01
201000039786;0;7;0;0;2;1;15;A01
201000039787;0;7;0;0;2;2;1;A01
201000039787;0;7;0;0;2;3;1;B01
201000039788;0;7;0;0;2;3;1;B01
201000039788;0;30;0;0;2;7;18;A01
201000039789;0;7;0;0;2;3;15;A01
201000039789;0;30;0;0;2;1;17;B01
201000039790;0;7;0;0;2;1;15;A01
201000039790;0;33;0;0;2;9;1;B01
201000039791;0;7;0;0;1;1;15;A01
201000039792;0;7;0;0;1;2;15;A01
201000039793;0;7;0;0;1;0;4;A01
201000039794;0;7;0;0;2;3;1;B01
201000039794;0;7;0;0;2;1;1;A01
201000039795;0;7;0;0;2;4;2;B01
201000039795;0;7;0;0;2;1;2;A01
201000039796;0;7;0;0;2;3;1;B01
201000039796;0;33;0;0;2;2;17;A01
201000039797;0;2;0;0;2;1;17;A01
201000039797;0;7;0;0;2;3;1;B01
201000039798;0;7;0;0;2;3;0;B01
201000039798;0;7;0;0;2;3;13;A01
201000039799;0;1;0;0;2;9;1;B01
201000039799;0;7;0;0;2;3;9;A01
201000039800;0;30;0;0;2;1;2;A01
201000039800;0;7;0;0;0;4;2;B01
201000039801;0;30;0;0;2;1;17;B01
201000039801;0;7;0;0;2;2;15;A01
201000039802;0;1;0;0;2;0;16;B01
201000039802;0;7;0;0;2;0;1;A01
201000039803;0;30;0;0;2;1;1;B01
201000039803;0;7;0;0;2;5;15;A01
201000039804;0;7;0;0;2;1;2;A01
201000039804;0;7;0;0;0;4;2;B01
201000039805;0;33;0;0;2;1;1;B01
201000039805;0;7;0;0;2;2;15;A01
201000039806;0;7;0;0;2;1;15;B01
201000039806;0;30;0;0;2;7;17;A01
201000039807;0;7;0;0;2;1;2;A01
201000039807;0;7;0;0;1;1;2;B01
201000039808;0;7;0;0;2;9;1;A01
201000039808;0;7;0;0;2;1;1;B01
201000039809;0;7;0;0;1;1;1;A01
201000039810;0;7;0;0;2;1;1;B01
201000039810;0;30;0;0;2;1;15;A01
201000039811;0;1;0;0;2;1;1;B01
201000039811;0;7;0;0;2;3;22;A01
201000039812;0;33;0;0;2;1;1;B01
201000039812;0;7;0;0;2;1;15;A01
201000039813;0;7;0;0;2;3;15;A01
201000039813;0;30;0;0;2;1;18;B01
201000039814;0;7;0;0;1;1;1;A01
201000039815;0;7;0;0;2;2;1;A01
201000039815;0;30;0;0;2;8;18;B01
201000039816;0;7;0;0;2;1;15;A01
201000039816;0;30;0;0;2;7;1;B01
201000039817;0;7;0;0;2;1;9;A01
201000039817;0;1;0;0;2;5;1;B01
201000039818;0;7;0;0;2;4;2;B01
201000039818;0;1;0;0;2;1;2;A01
201000039819;0;7;0;0;2;1;2;A01
201000039819;0;7;0;0;2;4;2;C01
201000039819;0;30;0;0;2;1;2;B01
201000039820;0;33;0;0;2;1;2;A01
201000039820;0;7;0;0;2;4;2;B01
201000039821;0;7;0;0;2;6;15;B01
201000039821;0;31;0;0;2;2;17;A01