num_acc;senc;catv;occutc;obs;obsm;choc;manv;num_veh
201000039822;0;1;0;0;2;8;1;B01
201000039822;0;7;0;0;2;1;15;A01
201000039823;0;30;0;0;2;1;17;A01
201000039823;0;7;0;0;2;3;15;B01
201000039824;0;7;0;0;2;2;17;A01
201000039824;0;1;0;0;2;7;15;B01
201000039825;0;7;0;0;2;3;9;A01
201000039825;0;14;0;0;2;1;1;B01
201000039826;0;7;0;0;1;1;1;A01
201000039827;0;7;0;0;1;1;1;A01
201000039828;1;7;0;0;0;0;0;Z01
201000039828;0;1;0;0;2;0;1;B01
201000039829;0;7;0;0;2;4;23;B01
201000039829;0;7;0;0;2;1;2;A01
201000039830;0;33;0;0;2;2;1;B01
201000039830;0;7;0;0;2;3;10;A01
201000039831;0;7;0;0;2;3;15;A01
201000039831;0;2;0;0;2;1;1;B01
201000039832;0;7;0;0;2;3;1;B01
201000039832;0;7;0;0;2;1;15;A01
201000039833;0;33;0;0;2;9;17;A01
201000039833;0;7;0;0;2;1;15;B01
201000039834;0;7;0;0;2;2;1;A01
201000039834;0;7;0;1;2;4;20;B01
201000039834;0;7;0;0;0;4;24;C01
201000039835;0;7;0;0;2;3;15;A01
201000039835;0;7;0;0;2;3;1;B01
201000039836;0;7;0;0;2;4;1;B01
201000039836;0;30;0;0;2;1;2;A01
201000039837;0;7;0;0;2;3;1;A01
201000039837;0;33;0;0;2;8;1;B01
201000039838;0;7;0;0;2;8;15;A01
201000039838;0;33;0;0;2;9;17;B01
201000039839;0;7;0;0;2;7;19;A01
201000039839;0;7;0;0;2;1;1;B01
201000039840;0;7;0;0;2;1;1;B01
201000039840;0;7;0;0;2;8;10;A01
201000039841;0;7;0;0;1;0;1;A01
201000039842;0;2;0;0;2;1;1;B01
201000039842;0;7;0;0;2;1;15;A01
201000039843;0;7;0;0;2;0;4;A01
201000039843;0;2;0;0;1;1;1;B01
201000039844;0;7;0;0;1;1;15;B01
201000039844;0;32;0;0;2;9;1;A01
201000039845;0;1;0;0;2;9;17;B01
201000039845;0;7;0;0;2;0;22;A01
201000039846;0;2;0;0;2;8;1;B01
201000039846;0;7;0;0;2;1;15;A01
201000039847;0;7;0;0;2;2;2;A01
201000039847;0;7;0;0;2;4;2;B01
201000039848;0;7;0;0;1;3;1;A01
201000039849;0;7;0;0;2;1;2;B01
201000039849;0;7;0;0;0;4;1;A01
201000039850;0;7;0;0;2;4;2;B01
201000039850;0;7;0;0;2;1;2;A01
201000039851;0;33;0;0;2;1;1;B01
201000039851;1;7;0;0;2;7;15;A01
201000039852;0;7;0;0;2;1;1;A01
201000039852;0;7;0;0;2;7;1;B01
201000039853;0;7;0;0;1;1;1;A01
201000039854;0;7;0;0;2;8;1;B01
201000039854;0;7;0;0;2;1;15;A01
201000039855;0;7;0;0;9;1;17;A01
201000039856;0;7;0;0;2;1;1;A01
201000039856;0;7;0;0;2;4;2;B01
201000039857;0;7;0;0;1;1;1;A01
201000039858;0;7;0;0;2;1;13;A01
201000039858;0;13;0;0;2;8;1;B01
201000039859;0;1;0;0;2;8;1;B01
201000039859;0;7;0;0;2;1;9;A01
201000039860;0;7;0;0;2;1;2;A01
201000039860;0;7;0;0;2;4;23;B01
201000039861;0;7;0;0;2;2;1;B01
201000039861;0;7;0;0;2;3;15;A01
201000039862;0;7;0;0;2;1;1;A01
201000039863;0;7;0;0;2;2;1;B01
201000039863;0;7;0;0;0;8;9;A01
201000039864;0;7;0;0;1;1;15;A01
201000039865;0;30;0;0;2;9;1;B01
201000039865;0;7;0;0;2;3;15;A01
201000039866;0;7;0;0;0;9;16;A01
201000039867;0;7;0;0;2;1;1;A01
201000039867;0;30;0;0;0;9;23;B01
201000039868;0;7;0;0;2;1;17;A01
201000039868;0;2;0;0;2;9;15;B01
201000039869;0;7;0;0;1;1;1;A01
201000039870;0;30;0;0;2;1;1;B01
201000039870;0;7;0;0;2;1;20;A01
201000039871;0;7;0;0;1;1;15;A01
201000039872;0;7;0;0;2;7;1;B01
201000039872;0;7;0;0;2;1;1;A01
201000039873;0;7;0;0;2;1;2;A01
201000039873;0;7;0;0;2;4;2;B01
201000039874;0;7;0;1;0;1;14;A01
201000039875;0;7;0;0;2;8;15;A01
201000039875;0;30;0;0;2;1;17;B01
201000039876;0;7;0;0;2;2;1;A01
201000039876;0;1;0;0;2;8;15;B01
201000039877;0;7;0;0;2;7;16;A01
201000039877;0;37;9;0;2;1;1;B01
201000039878;0;30;0;0;2;1;1;B01
201000039878;0;7;0;0;2;3;9;A01
201000039879;0;7;0;0;2;3;15;C01
201000039879;0;30;0;0;2;1;2;A01
201000039879;0;7;0;0;2;0;15;B01
201000039880;0;7;0;0;1;1;1;A01
201000039881;0;7;0;0;2;6;2;B01
201000039881;0;30;0;1;2;1;2;A01
201000039882;0;7;0;0;2;1;15;A01
201000039882;0;30;0;0;2;8;1;B01
201000039883;0;7;0;0;2;2;15;A01
201000039883;0;30;0;0;2;1;17;B01
201000039884;0;7;0;0;2;7;16;B01
201000039884;0;30;0;0;2;7;18;A01
201000039885;0;15;0;16;2;3;16;A01
201000039885;0;1;0;0;2;0;0;B01
201000039886;0;30;0;0;2;1;0;A01
201000039886;0;7;0;0;2;1;1;B01
201000039887;0;7;0;0;2;1;0;A01
201000039887;0;7;0;0;2;1;0;B01
201000039888;0;7;0;0;1;1;15;A01
201000039889;0;7;0;0;2;1;15;A01
201000039889;0;7;0;0;2;3;1;B01
201000039890;0;7;0;0;2;1;1;B01
201000039890;0;7;0;0;2;1;0;A01
201000039891;0;15;0;0;2;6;0;B01
201000039891;0;30;0;0;2;2;12;A01
201000039892;0;7;0;0;2;1;1;B01
201000039892;0;7;0;0;2;7;10;A01
201000039893;0;7;0;0;2;1;2;A01
201000039893;0;7;0;0;0;4;23;B01
201000039894;0;1;0;0;2;1;1;B01
201000039894;0;30;0;0;2;5;15;A01
201000039895;0;7;0;0;2;3;1;B01
201000039895;0;7;0;0;2;6;0;A01
201000039896;0;30;0;0;2;1;1;A01
201000039896;0;7;0;0;2;2;16;B01
201000039897;0;7;0;0;2;7;0;A01
201000039897;0;30;0;1;2;1;10;B01
201000039898;0;7;0;0;2;5;15;A01
201000039898;0;30;0;0;2;1;1;B01
201000039899;0;7;0;0;2;1;1;B01
201000039899;0;30;0;0;2;1;5;A01
201000039900;0;30;0;0;0;8;1;B01
201000039900;1;7;0;0;0;0;0;Z01
201000039901;0;7;0;7;0;1;1;A01
201000039902;0;7;0;0;1;2;1;A01
201000039903;0;1;0;0;2;7;2;B01
201000039903;0;7;0;0;2;3;2;A01
201000039904;0;7;0;0;2;3;1;B01
201000039904;0;7;0;1;2;3;0;A01
201000039905;0;7;0;0;2;8;15;A01
201000039905;0;33;0;0;2;1;1;B01
201000039906;0;7;0;0;1;1;1;A01
201000039907;0;7;0;0;2;3;16;A01
201000039907;0;1;0;0;0;9;1;B01
201000039908;0;7;0;0;2;3;15;A01
201000039908;0;2;0;0;2;1;1;B01
201000039909;0;7;0;0;2;2;24;B01
201000039909;0;7;0;1;0;2;14;A01
201000039910;0;7;0;0;2;7;15;A01
201000039910;0;2;0;0;2;1;1;B01
201000039911;0;7;0;0;1;1;15;A01
201000039912;0;1;0;0;2;8;19;A01
201000039912;0;7;0;0;2;1;1;B01
201000039913;0;30;0;0;2;7;14;A01
201000039913;0;7;0;0;2;3;1;B01
201000039914;0;37;0;0;2;4;23;B01
201000039914;0;7;0;1;0;1;2;A01
201000039915;0;37;23;0;2;3;20;B01
201000039915;0;33;0;0;2;1;1;A01
201000039916;0;7;0;0;1;1;15;A01
201000039917;0;7;0;3;0;2;14;A01
201000039918;0;2;0;0;2;1;17;A01
201000039918;0;2;0;0;2;1;17;B01
201000039919;0;2;0;0;2;1;1;B01
201000039919;0;7;0;0;2;3;13;A01
201000039920;0;7;0;0;2;1;15;B01
201000039920;0;32;0;0;2;1;1;A01
201000039921;0;2;0;0;0;1;1;B01
201000039921;0;7;0;0;2;1;19;A01
201000039922;0;7;0;0;2;0;20;A01
201000039922;0;2;0;0;2;1;1;B01
201000039923;0;2;0;0;2;1;17;A01
201000039923;0;7;0;0;2;3;15;B01
201000039924;0;7;0;0;2;7;15;A01
201000039924;0;1;0;0;2;1;1;B01
201000039925;0;7;0;0;2;8;1;B01
201000039925;0;7;0;0;2;1;9;A01
201000039926;0;7;0;0;2;8;13;A01
201000039926;0;7;0;13;0;8;13;B01
201000039927;0;7;0;0;2;1;15;A01
201000039927;0;33;0;0;2;7;17;B01
201000039928;0;31;0;16;0;0;1;A01
201000039929;0;10;0;0;2;3;13;A01
201000039929;0;7;0;0;2;3;1;B01
201000039930;1;7;0;0;2;0;17;Z01
201000039930;0;30;0;0;2;8;1;A01
201000039931;0;7;0;1;0;2;14;A01
201000039932;0;7;0;0;2;1;1;B01
201000039932;0;7;0;0;2;3;9;A01
201000039933;0;30;0;16;0;0;0;A01
201000039934;0;7;0;0;1;1;1;A01
201000039935;0;2;0;13;0;0;1;A01
201000039936;0;2;0;0;2;1;2;A01
201000039936;0;10;0;0;2;5;1;B01
201000039937;0;7;0;0;2;8;24;B01
201000039937;0;7;0;1;0;7;14;A01
201000039938;0;7;0;6;0;1;0;A01
201000039939;0;7;0;9;0;1;0;A01
201000039940;0;7;0;0;2;7;1;B01
201000039940;0;2;0;0;2;3;9;A01
201000039941;0;7;0;0;2;4;1;B01
201000039941;0;7;0;0;2;1;2;A01
201000039942;0;7;0;0;2;2;15;A01
201000039942;0;2;0;0;2;1;1;B01
201000039943;0;2;0;13;0;0;14;A01
201000039944;0;7;0;0;2;4;1;B01
201000039944;0;7;0;0;2;1;2;A01
201000039944;0;7;0;0;2;4;1;C01
201000039945;0;7;0;0;2;2;1;B01
201000039945;0;10;0;0;2;3;15;A01
201000039946;0;3;0;0;2;5;15;A01
201000039946;0;1;0;0;2;1;1;B01
201000039947;0;7;0;5;0;1;0;A01
201000039948;0;7;0;12;0;1;14;A01
201000039949;0;31;0;0;2;1;2;A01
201000039949;0;7;0;0;2;4;1;B01
201000039950;0;7;0;0;2;6;10;A01
201000039950;0;14;0;0;2;2;1;B01
201000039951;0;7;0;0;2;4;23;B01
201000039951;0;7;0;0;2;1;2;A01
201000039952;0;7;0;0;2;2;9;A01
201000039952;0;2;0;0;2;1;1;B01
201000039953;0;7;0;0;1;1;1;A01
201000039954;0;2;0;0;1;1;1;A01
201000039955;0;7;0;0;2;4;1;C01
201000039955;0;7;0;0;2;1;1;B01
201000039955;0;7;0;0;2;1;2;A01
201000039956;0;2;0;0;2;1;1;A01
201000039956;0;2;0;0;2;1;1;B01
201000039957;0;2;0;0;2;1;1;B01
201000039957;1;7;0;0;2;8;9;A01
201000039958;0;2;0;0;2;1;2;A01
201000039958;0;7;0;0;2;5;1;B01
201000039959;0;7;0;0;9;3;1;B01
201000039959;0;2;0;0;2;1;9;A01
201000039960;0;1;0;0;1;1;1;A01
201000039961;0;10;0;0;2;1;14;A01
201000039961;0;7;0;0;2;1;1;B01
201000039962;0;7;0;0;2;1;21;A01
201000039962;0;7;0;0;2;1;1;B01
201000039963;0;7;0;0;2;1;2;A01
201000039963;0;7;0;0;2;4;1;B01
201000039964;0;7;0;0;2;1;2;A01
201000039964;0;7;0;0;2;4;1;B01
201000039965;0;7;0;0;2;2;15;A01
201000039965;0;2;0;0;2;1;1;B01
201000039966;0;7;0;0;2;2;1;B01
201000039966;0;7;0;0;2;3;9;A01
201000039967;0;2;0;0;2;1;2;D01
201000039967;0;10;0;0;2;1;1;A01
201000039967;0;7;0;0;2;4;2;C01
201000039967;0;7;0;0;2;4;2;B01
201000039968;0;7;0;0;1;4;4;A01
201000039969;0;7;0;0;1;2;1;A01
201000039970;0;7;0;13;0;0;0;A01
201000039971;0;7;0;0;2;1;2;B01
201000039971;0;7;0;0;2;1;2;A01
201000039972;0;7;0;0;2;3;1;B01
201000039972;0;7;0;0;2;3;13;A01
201000039973;0;7;0;0;2;3;1;B01
201000039973;0;7;0;0;2;3;13;A01
201000039974;0;2;0;0;2;1;2;A01
201000039974;0;7;0;0;2;4;1;B01
201000039975;0;2;0;0;2;1;1;B01
201000039975;0;7;0;0;2;3;9;A01
201000039976;0;3;0;13;0;7;14;A01
201000039977;0;2;0;13;0;0;1;A01
201000039978;0;7;0;0;2;1;1;B01
201000039978;0;1;0;0;2;7;19;A01
201000039979;0;33;0;0;2;1;17;A01
201000039979;0;7;0;0;2;8;15;B01
201000039980;0;7;0;0;2;1;1;A01
201000039980;0;2;0;0;2;1;15;B01
201000039981;0;33;0;0;2;1;17;A01
201000039981;0;7;0;0;2;8;15;B01
201000039982;0;7;0;0;2;3;16;A01
201000039982;0;2;0;0;2;1;1;B01
201000039983;0;7;0;0;2;1;2;A01
201000039983;0;7;0;0;2;4;1;B01
201000039984;0;33;0;0;2;1;17;A01
201000039984;0;7;0;0;2;1;15;B01
201000039985;0;7;0;0;1;4;4;A01
201000039986;0;7;0;0;2;4;1;C01
201000039986;0;7;0;0;2;1;2;A01
201000039986;0;7;0;0;2;4;2;B01
201000039987;0;7;0;0;2;4;2;B01
201000039987;0;7;0;0;2;4;1;C01
201000039987;0;7;0;0;2;1;2;A01
201000039988;0;7;0;7;0;1;0;A01
201000039989;0;30;0;0;2;1;9;A01
201000039989;0;33;0;0;2;2;1;B01
201000039990;0;2;0;0;2;1;1;B01
201000039990;0;7;0;0;2;3;9;A01
201000039991;0;10;0;0;2;4;2;B01
201000039991;0;10;0;0;2;4;2;C01
201000039991;0;7;0;0;2;1;2;A01
201000039991;0;7;0;0;2;4;2;D01
201000039992;0;7;0;0;2;4;2;C01
201000039992;0;7;0;0;2;1;2;A01
201000039992;0;7;0;0;2;4;2;B01
201000039993;0;7;0;0;2;1;2;A01
201000039993;0;7;0;0;2;4;2;B01
201000039993;0;7;0;0;2;4;2;C01
201000039994;0;7;0;0;2;4;2;B01
201000039994;0;7;0;0;2;1;2;A01
201000039995;0;7;0;0;2;1;2;A01
201000039995;0;10;0;0;2;4;1;B01
201000039996;0;7;0;0;2;1;13;A01
201000039996;0;7;0;0;2;1;1;B01
201000039997;0;30;0;16;0;0;0;A01
201000039998;0;10;0;0;2;4;2;B01
201000039998;0;7;0;0;2;1;2;A01
201000039999;0;30;0;0;2;1;17;A01
201000039999;0;7;0;0;2;8;15;B01
201000040000;0;7;0;0;1;4;4;A01
201000040001;0;7;0;0;2;5;20;B01
201000040001;0;7;0;0;2;8;20;A01
201000040002;0;7;0;0;2;4;1;B01
201000040002;0;7;0;0;2;4;1;C01
201000040002;0;7;0;0;2;1;2;A01
201000040003;0;2;0;0;2;1;9;A01
201000040003;0;2;0;0;2;1;1;B01
201000040004;0;33;0;0;2;1;1;B01
201000040004;0;7;0;0;2;8;10;A01
201000040005;0;2;0;8;0;1;0;A01
201000040006;0;7;0;0;2;4;1;B01
201000040006;0;7;0;0;2;1;2;A01
201000040007;0;7;0;0;2;1;9;A01
201000040007;0;2;0;0;2;1;1;B01
201000040008;0;7;0;0;2;1;15;A01
201000040008;0;7;0;0;2;8;1;B01
201000040009;0;7;0;0;1;1;1;A01
201000040010;0;30;0;0;2;1;2;A01
201000040010;0;7;0;0;2;4;2;B01
201000040011;0;2;0;0;2;1;18;A01
201000040011;0;7;0;0;2;7;1;B01
201000040012;0;2;0;0;2;1;17;B01
201000040012;0;7;0;0;2;8;15;A01
201000040013;0;33;0;0;2;1;2;A01
201000040013;0;38;1;0;2;4;1;B01
201000040014;0;7;0;0;2;1;14;A01
201000040015;0;7;0;0;2;4;1;B01
201000040015;0;33;0;0;2;1;2;A01
201000040016;0;7;0;0;2;3;15;A01
201000040017;0;2;0;0;1;1;1;A01
201000040018;0;7;0;13;0;0;14;A01
201000040019;0;30;0;0;2;1;1;B01
201000040019;0;7;0;0;2;7;15;A01
201000040020;0;7;0;0;2;3;15;B01
201000040020;0;2;0;0;2;1;1;A01
201000040021;0;2;0;0;2;1;17;A01
201000040021;0;7;0;0;2;3;1;B01
201000040022;0;7;0;0;2;3;1;B01
201000040022;0;7;0;0;2;1;15;A01
201000040023;0;7;0;13;0;9;0;A01
201000040024;0;7;0;0;2;4;2;C01
201000040024;0;34;0;0;2;1;2;A01
201000040024;0;7;0;0;2;4;2;B01
201000040025;0;30;0;0;2;1;1;B01
201000040025;0;7;0;0;2;7;11;A01
201000040026;0;7;0;0;1;1;1;A01
201000040027;0;30;0;0;5;1;1;A01
201000040028;0;30;0;12;0;1;1;A01
201000040029;0;7;0;0;2;4;1;B01
201000040029;0;13;0;0;2;1;2;A01
201000040030;0;7;0;0;2;1;9;A01
201000040030;0;2;0;0;2;7;1;B01
201000040031;0;7;0;0;2;1;15;A01
201000040031;0;7;0;0;2;4;1;B01
201000040032;0;1;0;0;2;8;1;B01
201000040032;0;7;0;0;2;7;16;A01
201000040033;0;7;0;1;0;1;22;A01
201000040034;0;7;0;0;2;7;15;A01
201000040034;0;30;0;0;2;1;1;B01
201000040035;0;7;0;0;1;1;15;A01
201000040036;0;7;0;2;0;1;14;A01
201000040037;0;31;0;0;2;1;1;B01
201000040037;0;7;0;0;2;1;15;A01
201000040038;0;2;0;0;2;1;1;B01
201000040038;0;7;0;0;2;3;9;A01
201000040039;0;7;0;0;1;7;1;A01
201000040040;0;7;0;0;2;3;13;A01
201000040040;0;14;0;0;2;3;1;B01
201000040041;0;7;0;0;1;2;1;A01
201000040042;0;2;0;13;0;0;0;A01
201000040043;0;7;0;0;2;3;13;A01
201000040043;0;7;0;0;2;8;1;B01
201000040044;0;7;0;6;0;2;1;A01
201000040045;0;7;0;0;2;4;0;B01
201000040046;0;7;0;2;0;1;14;A01
201000040047;0;7;0;0;2;1;2;A01
201000040047;0;7;0;0;2;4;1;B01
201000040048;0;7;0;0;2;1;10;A01
201000040048;0;33;0;0;2;1;1;B01
201000040049;0;7;0;0;2;2;15;A01
201000040049;0;33;0;0;2;1;17;B01
201000040050;0;7;0;0;2;1;1;B01
201000040050;0;7;0;0;2;1;14;A01
201000040051;0;10;0;0;0;0;17;A01
201000040051;0;33;0;0;2;9;17;B01
201000040052;0;7;0;0;2;7;1;B01
201000040052;0;7;0;0;2;3;9;A01
201000040053;0;1;0;0;2;8;1;A01
201000040053;0;7;0;0;2;7;16;B01
201000040054;0;7;0;0;2;4;2;C01
201000040054;0;30;0;0;2;1;17;A01
201000040054;0;2;0;0;2;4;2;B01
201000040055;0;7;0;0;2;8;10;B01
201000040055;0;33;0;0;2;1;1;A01
201000040056;0;7;0;0;2;1;2;A01
201000040056;0;7;0;0;2;4;1;B01
201000040057;0;7;0;9;0;1;1;A01
201000040058;0;2;0;0;2;2;1;B01
201000040058;1;7;0;0;2;1;15;Z01
201000040059;0;30;0;0;2;0;1;A01
201000040060;0;10;0;16;0;0;0;A01
201000040061;0;7;0;0;2;1;13;A01
201000040061;0;7;0;0;2;1;1;B01
201000040062;0;2;0;16;0;0;0;A01
201000040063;0;7;0;1;0;1;13;A01
201000040063;0;15;0;0;2;3;24;B01
201000040064;0;7;0;0;2;8;11;A01
201000040064;0;2;0;0;2;1;17;B01
201000040065;0;2;0;0;2;1;1;B01
201000040065;0;7;0;0;2;2;9;A01
201000040066;0;7;0;13;0;1;14;A01
201000040067;0;30;0;0;2;1;13;A01
201000040067;0;33;0;0;2;1;1;B01
201000040068;0;7;0;0;2;7;16;A01
201000040068;0;30;0;0;2;1;18;B01
201000040069;0;7;0;0;2;8;22;A01
201000040069;0;1;0;1;0;1;1;B01
201000040070;0;30;0;0;2;1;13;B01
201000040070;0;7;0;0;2;1;23;A01
201000040071;1;30;0;0;2;1;17;Z01
201000040071;0;2;0;0;2;7;1;B01
201000040072;0;7;0;0;2;8;15;B01
201000040072;0;2;0;0;2;1;17;A01
201000040073;0;7;0;0;2;1;2;A01
201000040073;0;1;0;0;2;4;1;B01
201000040074;0;33;0;0;2;1;17;A01
201000040074;0;7;0;0;2;1;15;B01
201000040075;0;7;0;0;2;1;15;A01
201000040075;0;34;0;0;2;1;1;B01
201000040076;0;3;0;6;0;1;0;A01
201000040077;0;30;0;0;2;1;13;A01
201000040077;0;7;0;0;2;3;1;B01
201000040078;0;17;0;0;2;8;13;B01
201000040078;0;30;0;0;2;0;21;A01
201000040079;0;30;0;0;2;0;2;A01
201000040079;0;7;0;0;2;4;0;B01
201000040080;0;7;0;0;2;0;23;C01
201000040080;0;7;0;0;2;1;15;B01
201000040080;0;2;0;0;2;1;1;A01
201000040081;0;2;0;0;2;1;19;A01
201000040081;0;7;0;0;2;1;1;B01
201000040082;0;7;0;13;0;0;21;B01
201000040082;0;30;0;11;0;0;17;A01
201000040083;0;32;0;0;2;2;17;A01
201000040083;0;7;0;0;2;3;15;B01
201000040084;0;2;0;0;2;1;17;A01
201000040084;0;7;0;0;2;3;9;B01
201000040085;0;1;0;0;2;1;1;B01
201000040085;0;7;0;0;2;3;19;A01
201000040086;0;33;0;0;1;1;17;A01
201000040087;0;7;0;0;2;4;2;C01
201000040087;0;7;0;0;2;1;2;A01
201000040087;0;7;0;0;2;4;1;B01
201000040088;0;7;0;13;0;1;1;A01
201000040089;0;7;0;0;2;3;15;A01
201000040089;0;33;0;0;2;5;17;B01
201000040090;0;2;0;0;2;1;17;A01
201000040090;0;7;0;0;2;8;1;B01
201000040091;0;7;0;0;2;0;14;A01
201000040092;0;30;0;0;2;1;1;A01
201000040092;0;20;0;0;2;8;15;B01
201000040093;0;7;0;0;2;3;1;B01
201000040093;0;7;0;0;2;3;13;A01
201000040094;0;7;0;0;1;1;1;A01
201000040095;0;30;0;1;2;4;1;B01
201000040095;0;7;0;0;2;1;1;A01
201000040096;0;7;0;0;1;8;15;A01
201000040097;0;7;0;0;2;1;13;A01
201000040097;0;7;0;0;2;8;1;B01
201000040098;0;34;0;0;2;1;1;B01
201000040098;0;38;1;0;2;3;9;A01
201000040099;0;7;0;0;2;1;5;A01
201000040099;0;7;0;0;2;3;15;B01
201000040100;0;1;0;0;2;7;1;B01
201000040100;0;7;0;0;2;1;9;A01
201000040101;0;31;0;0;2;1;2;A01
201000040101;0;10;0;0;2;5;16;B01
201000040102;0;7;0;0;2;4;2;C01
201000040102;0;7;0;0;2;1;2;A01
201000040102;0;7;0;0;2;4;2;B01
201000040103;0;10;0;13;0;2;14;A01
201000040104;0;7;0;0;1;4;4;A01
201000040105;0;7;0;0;1;7;1;A01
201000040106;0;7;0;0;1;2;1;A01
201000040107;0;7;0;0;2;3;0;A01
201000040107;0;30;0;0;0;1;2;B01
201000040108;0;7;0;0;2;4;2;B01
201000040108;0;7;0;0;2;1;2;A01
201000040109;0;30;0;0;2;1;1;B01
201000040109;0;7;0;0;2;2;15;A01
201000040110;0;10;0;0;2;1;2;A01
201000040110;0;7;0;0;0;4;2;B01
201000040111;0;30;0;14;0;4;2;A01
201000040111;0;7;0;0;2;4;23;B01
201000040112;0;2;0;0;2;1;2;A01
201000040112;0;7;0;0;2;4;23;B01
201000040113;0;38;29;0;2;3;15;A01
201000040113;0;32;0;0;2;1;1;B01
201000040114;0;7;0;16;0;9;2;A01
201000040115;0;7;0;8;0;3;1;A01
201000040116;0;1;0;0;2;1;1;B01
201000040116;1;7;0;0;9;5;16;A01
201000040117;0;30;0;0;2;5;2;A01
201000040117;0;2;0;0;2;6;2;B01
201000040118;0;7;0;0;2;1;15;A01
201000040118;0;30;0;0;2;1;1;B01
201000040119;0;7;0;0;2;2;13;B01
201000040119;0;15;0;0;2;5;4;A01
201000040120;0;7;0;0;2;1;1;B01
201000040120;0;1;0;0;2;1;13;A01
201000040121;0;30;0;0;0;0;0;A01
201000040122;0;10;0;0;2;1;1;A01
201000040122;0;10;0;0;2;4;0;B01
201000040123;0;30;0;1;0;1;1;A01
201000040124;0;7;0;0;2;1;1;B01
201000040124;0;7;0;2;2;1;5;A01
201000040125;0;7;0;1;0;4;4;A01
201000040126;0;99;0;0;2;5;20;A01
201000040126;0;33;0;0;2;1;1;B01
201000040127;0;7;0;0;2;4;4;A01
201000040127;0;7;0;0;2;1;1;B01
201000040128;0;1;0;0;2;7;1;A01
201000040129;0;7;0;0;1;1;1;A01
201000040130;0;7;0;0;2;3;15;A01
201000040130;0;31;0;0;2;0;1;B01
201000040131;0;7;0;0;2;1;9;A01
201000040131;0;30;0;0;2;1;17;B01
201000040132;0;1;0;0;0;7;1;B01
201000040132;0;7;0;0;2;1;1;A01
201000040133;0;7;0;0;0;0;0;B01
201000040133;0;32;0;0;0;7;0;A01
201000040134;0;7;0;0;1;3;1;A01
201000040135;0;7;0;0;1;2;1;A01
201000040136;0;7;0;0;0;3;1;B01
201000040136;0;10;0;0;2;2;13;A01
201000040137;0;7;0;0;2;3;15;A01
201000040137;0;2;0;0;0;1;4;B01
201000040138;0;7;0;0;0;4;23;C01
201000040138;0;7;0;0;2;1;2;A01
201000040138;0;7;0;0;2;4;1;B01
201000040139;0;7;0;0;1;3;15;A01
201000040140;0;7;0;0;2;1;2;A01
201000040140;0;7;0;0;2;4;1;B01
201000040140;0;7;0;0;0;4;1;C01
201000040141;0;7;0;0;1;2;16;A01
201000040142;0;33;0;0;2;1;1;A01
201000040142;0;7;0;0;0;8;15;B01
201000040143;0;7;0;0;0;3;1;B01
201000040143;0;7;0;0;2;3;1;A01
201000040144;0;7;0;1;2;1;13;A01
201000040144;0;7;0;0;0;3;1;B01
201000040145;0;7;0;12;0;3;13;A01
201000040146;0;1;0;0;0;8;1;B01
201000040146;0;10;0;0;2;7;14;A01
201000040147;0;7;0;2;0;0;1;A01
201000040148;0;7;0;0;1;3;1;A01
201000040149;0;7;0;0;2;2;1;A01
201000040149;0;7;0;0;0;3;1;B01
201000040150;0;7;0;0;0;9;11;A01
201000040151;0;7;0;0;0;8;1;B01
201000040151;0;2;0;0;2;1;1;A01
201000040152;0;7;0;0;2;1;1;B01
201000040152;0;7;0;0;0;7;19;A01
201000040153;0;2;0;0;0;1;1;A01
201000040154;0;7;0;0;1;7;1;A01
201000040155;0;10;0;0;2;3;14;A01
201000040155;0;7;0;0;0;5;23;C01
201000040155;0;7;0;0;0;7;23;B01
201000040156;0;7;0;1;2;1;2;A01
201000040156;0;7;0;0;0;4;15;B01
201000040157;1;10;0;0;2;1;1;Z01
201000040157;0;30;0;0;0;3;15;A01
201000040158;0;1;0;0;2;0;1;B01
201000040158;0;7;0;0;2;3;1;A01
201000040159;0;7;0;0;2;2;15;B01
201000040159;2;30;0;0;2;1;13;A01
201000040160;0;1;0;1;2;0;1;C01
201000040160;2;7;0;0;2;8;22;A01
201000040160;0;7;0;0;2;1;1;B01
201000040161;0;7;0;0;2;7;9;A01
201000040161;0;33;0;0;2;7;1;B01
201000040162;0;7;0;0;2;4;16;B01
201000040162;0;2;0;0;2;1;1;A01
201000040163;0;7;0;0;1;2;15;A01
201000040164;0;7;0;0;1;1;1;A01
201000040165;0;33;0;0;0;8;1;B01
201000040165;0;7;0;0;2;1;1;A01
201000040166;0;7;0;0;0;8;15;B01
201000040166;0;2;0;0;2;2;17;A01
201000040167;0;2;0;0;2;1;1;B01
201000040167;0;7;0;0;0;3;1;A01
201000040168;0;7;0;0;2;7;0;A01
201000040168;0;1;0;0;0;0;0;B01
201000040169;0;31;0;0;0;3;1;B01
201000040169;0;7;0;0;2;3;15;A01
201000040170;0;7;0;6;0;0;1;A01
201000040171;0;7;0;0;2;7;20;A01
201000040171;0;2;0;0;2;8;1;B01
201000040172;0;7;0;6;0;1;1;A01
201000040173;0;3;0;15;0;2;0;A01
201000040174;0;7;0;0;1;1;15;A01
201000040175;0;7;0;1;0;5;24;B01
201000040175;0;7;0;1;0;3;1;A01
201000040176;0;7;0;11;0;1;13;A01
201000040177;0;7;0;0;2;1;15;A01
201000040177;0;7;0;0;2;1;1;B01
201000040178;0;30;0;15;0;1;14;A01