num_acc;senc;catv;occutc;obs;obsm;choc;manv;num_veh
201000040179;0;7;0;0;0;7;1;B01
201000040179;0;7;0;0;2;1;1;A01
201000040180;0;7;0;0;0;3;1;B01
201000040180;0;31;0;0;2;1;13;A01
201000040181;0;7;0;13;0;9;17;A01
201000040182;0;7;0;0;1;8;1;A01
201000040183;0;2;0;0;2;1;2;A01
201000040183;0;7;0;0;0;4;1;B01
201000040184;0;33;0;0;2;1;1;B01
201000040184;0;7;0;0;2;2;1;A01
201000040185;0;7;0;0;2;4;1;B01
201000040185;0;7;0;0;2;1;2;A01
201000040185;0;7;0;0;2;4;1;C01
201000040185;0;7;0;0;0;4;1;D01
201000040186;1;7;0;0;2;0;0;Z01
201000040186;0;7;0;0;2;0;0;B01
201000040187;0;7;0;0;0;3;1;B01
201000040187;0;7;0;0;2;3;13;A01
201000040188;0;1;0;0;2;7;0;B01
201000040188;0;7;0;0;2;0;1;A01
201000040189;0;7;0;0;2;8;22;A01
201000040189;0;1;0;0;0;7;1;B01
201000040190;0;14;0;0;2;1;1;B01
201000040190;0;7;0;0;2;3;16;A01
201000040191;0;1;0;0;1;1;1;A01
201000040192;0;7;0;0;2;3;1;A01
201000040192;0;1;0;0;2;7;1;B01
201000040193;0;7;0;1;0;1;14;A01
201000040194;0;7;0;0;0;4;1;B01
201000040194;0;7;0;0;2;1;2;A01
201000040195;0;7;0;0;2;1;1;A01
201000040195;0;7;0;0;0;8;1;B01
201000040196;0;7;0;0;0;4;1;B01
201000040196;0;7;0;0;2;1;2;A01
201000040197;0;7;0;0;1;1;1;A01
201000040198;0;7;0;0;0;2;1;A01
201000040198;0;7;0;0;2;1;1;B01
201000040199;0;30;0;0;2;1;2;A01
201000040199;0;7;0;0;0;4;1;B01
201000040200;0;7;0;11;0;3;13;A01
201000040201;0;7;0;0;2;7;1;A01
201000040201;0;1;0;0;0;8;1;B01
201000040202;0;10;0;0;0;7;15;A01
201000040202;0;7;0;0;2;2;1;B01
201000040203;0;7;0;0;1;1;16;A01
201000040204;0;2;0;0;2;8;18;A01
201000040204;0;7;0;0;0;7;1;B01
201000040205;0;7;0;0;2;1;1;A01
201000040205;0;7;0;0;0;3;15;B01
201000040206;0;33;0;0;0;1;1;B01
201000040206;0;10;0;0;2;3;15;A01
201000040207;0;7;0;0;0;3;1;G02
201000040207;0;7;0;0;0;8;1;D01
201000040207;0;7;0;0;0;8;23;E01
201000040207;0;7;0;0;0;1;23;C01
201000040207;0;7;0;0;2;1;23;B01
201000040207;1;7;0;0;2;3;16;A01
201000040207;0;7;0;0;0;5;1;F02
201000040208;0;10;0;0;1;5;0;A01
201000040209;0;7;0;0;1;1;1;A01
201000040210;0;33;0;0;0;7;1;B01
201000040210;0;7;0;0;0;0;15;A01
201000040211;0;10;0;0;2;1;15;A01
201000040211;0;31;0;0;0;1;1;B01
201000040211;0;7;0;0;0;8;23;C01
201000040212;0;7;0;0;0;8;10;A01
201000040212;0;7;0;0;2;1;1;B01
201000040213;0;37;1;0;1;7;16;A01
201000040214;0;7;0;0;0;8;15;A01
201000040214;0;30;0;0;2;7;17;B01
201000040215;0;7;0;0;0;2;15;A01
201000040215;0;2;0;0;2;1;1;B01
201000040216;0;1;0;0;0;7;1;B01
201000040216;0;7;0;0;2;8;22;A01
201000040217;0;2;0;0;0;1;1;A01
201000040217;0;7;0;0;0;8;15;B01
201000040218;0;7;0;0;0;3;1;B01
201000040218;0;7;0;0;2;1;13;A01
201000040219;0;7;0;0;2;3;13;A01
201000040219;0;7;0;0;0;3;1;B01
201000040220;0;7;0;0;0;4;1;B01
201000040220;0;30;0;0;2;1;2;A01
201000040221;0;7;0;0;2;2;1;A01
201000040221;0;1;0;0;2;8;15;B01
201000040222;0;33;0;0;2;1;1;B01
201000040222;0;7;0;0;0;7;15;A01
201000040223;0;7;0;1;0;2;14;A01
201000040224;0;7;0;0;0;1;16;B01
201000040224;0;30;0;0;2;1;15;A01
201000040225;0;10;0;0;1;7;1;A01
201000040226;0;7;0;0;1;1;15;A01
201000040227;0;7;0;0;2;1;2;A01
201000040227;0;33;0;0;0;4;1;B01
201000040228;0;7;0;2;0;0;13;A01
201000040229;0;7;0;0;2;7;13;A01
201000040229;0;7;0;0;0;1;1;B01
201000040230;0;30;0;16;0;7;1;A01
201000040231;0;1;0;0;0;8;1;B01
201000040231;0;7;0;0;2;3;15;A01
201000040232;0;33;0;0;2;1;0;A01
201000040232;0;7;0;0;0;8;15;B01
201000040233;0;7;0;0;2;1;2;A01
201000040233;0;7;0;0;0;4;1;B01
201000040234;0;10;0;0;2;8;20;A01
201000040234;0;2;0;0;0;2;1;B01
201000040235;0;7;0;0;1;1;1;A01
201000040236;0;7;0;0;1;8;1;A01
201000040237;0;7;0;0;0;1;1;B01
201000040237;0;7;0;0;2;1;1;A01
201000040238;0;7;0;0;2;3;1;B01
201000040238;0;7;0;0;2;7;15;A01
201000040239;0;7;0;0;2;1;2;A01
201000040239;0;7;0;0;0;4;1;B01
201000040240;0;7;0;0;1;4;20;A01
201000040241;0;7;0;0;2;5;2;A01
201000040241;0;30;0;0;0;5;1;B01
201000040242;0;7;0;0;2;2;15;A01
201000040242;0;1;0;0;0;1;1;B01
201000040243;0;7;0;0;0;6;16;B01
201000040243;0;30;0;0;2;2;2;A01
201000040244;0;7;0;0;0;4;1;B01
201000040244;1;7;0;0;2;2;2;Z01
201000040245;0;7;0;0;2;1;15;B01
201000040245;0;2;0;0;0;2;1;A01
201000040246;0;10;0;0;0;1;13;B01
201000040246;0;2;0;0;2;1;13;A01
201000040247;0;33;0;0;2;1;13;A01
201000040247;0;7;0;0;2;3;1;B01
201000040248;0;30;0;0;2;1;17;A01
201000040248;0;10;0;0;0;8;19;B01
201000040248;0;7;0;0;0;3;1;C01
201000040249;0;7;0;0;1;1;1;A01
201000040250;0;7;0;0;0;1;1;B01
201000040250;0;7;0;0;2;1;17;A01
201000040251;0;7;0;0;2;2;13;B01
201000040251;0;7;0;0;0;1;15;A01
201000040252;0;7;0;0;2;9;14;A01
201000040252;0;10;0;0;0;8;1;D01
201000040253;0;7;0;0;1;1;1;A01
201000040254;0;7;0;0;2;8;15;A01
201000040254;0;7;0;0;2;1;1;B01
201000040255;0;7;0;0;2;0;1;A01
201000040255;0;7;0;0;2;1;1;B01
201000040256;0;7;0;0;2;8;24;A01
201000040256;0;1;0;1;0;1;1;B01
201000040257;1;34;0;0;1;3;0;Z01
201000040258;1;32;0;0;2;1;21;A01
201000040258;0;7;0;0;2;3;9;B01
201000040259;1;7;0;0;1;1;15;A01
201000040260;1;7;0;0;2;1;2;A01
201000040260;0;3;0;0;2;4;2;B01
201000040261;1;7;0;0;1;1;1;A01
201000040262;0;7;0;0;2;4;1;B01
201000040262;1;7;0;0;2;1;1;Z01
201000040263;0;7;0;0;2;8;21;B01
201000040263;0;7;0;0;2;8;5;A01
201000040264;0;7;0;0;2;7;16;A01
201000040264;0;1;0;0;2;1;1;B01
201000040265;0;2;0;1;0;8;1;B01
201000040266;0;7;0;0;1;0;1;A01
201000040267;0;7;0;0;2;1;1;A01
201000040267;0;7;0;0;2;3;1;B01
201000040268;0;7;0;0;2;7;1;B01
201000040268;0;7;0;0;2;1;1;A01
201000040269;0;7;0;0;2;4;1;B01
201000040269;0;7;0;0;2;1;1;A01
201000040270;0;7;0;0;2;2;1;B01
201000040270;0;7;0;0;2;1;15;A01
201000040271;0;33;0;0;2;7;1;A01
201000040271;0;7;0;0;2;1;15;B01
201000040272;0;3;0;1;0;1;1;A01
201000040273;0;7;0;0;2;1;15;A01
201000040273;0;7;0;0;2;3;1;B01
201000040274;0;7;0;0;2;1;15;B01
201000040274;0;33;0;0;2;8;1;A01
201000040275;0;7;0;0;1;1;1;A01
201000040276;0;7;0;0;2;4;0;A01
201000040276;0;7;0;0;2;4;0;B01
201000040277;0;7;0;0;2;1;2;A01
201000040277;0;7;0;0;2;4;1;B01
201000040278;0;7;0;0;2;8;1;B01
201000040278;0;15;0;0;2;2;12;A01
201000040279;0;7;0;0;1;3;1;A01
201000040280;0;7;0;0;2;7;17;A01
201000040280;0;1;0;0;2;8;1;B01
201000040281;0;2;0;0;2;2;17;A01
201000040281;0;7;0;0;2;3;15;B01
201000040282;0;33;0;0;2;2;1;B01
201000040282;0;7;0;0;2;1;9;A01
201000040283;0;7;0;0;1;2;1;A01
201000040284;0;7;0;0;2;1;1;A01
201000040284;0;7;0;0;2;4;1;B01
201000040285;0;7;0;0;2;6;1;B01
201000040285;0;15;0;0;2;7;14;A01
201000040286;0;7;0;0;2;2;0;A01
201000040286;0;32;0;0;2;1;1;B01
201000040287;0;7;0;0;2;2;21;A01
201000040287;0;7;0;0;2;4;2;B01
201000040288;0;7;0;0;1;2;1;A01
201000040289;0;10;0;0;1;5;4;A01
201000040290;0;7;0;0;2;1;1;A01
201000040290;0;7;0;0;2;4;1;B01
201000040291;0;33;0;0;2;8;17;A01
201000040291;0;7;0;0;2;8;1;B01
201000040292;0;31;0;0;2;4;1;B01
201000040292;0;7;0;0;2;1;1;A01
201000040293;0;32;0;0;2;1;18;A01
201000040293;0;7;0;0;2;2;15;B01
201000040294;0;7;0;0;2;1;15;A01
201000040294;0;2;0;0;2;1;21;B01
201000040295;0;7;0;0;1;1;1;A01
201000040296;0;7;0;0;2;2;1;B01
201000040296;0;7;0;0;2;8;10;A01
201000040297;0;7;0;0;2;3;13;A01
201000040297;0;7;0;0;2;3;1;B01
201000040298;0;7;0;0;2;3;1;A01
201000040298;0;1;0;0;2;1;19;B01
201000040299;1;7;0;0;0;0;0;Z01
201000040300;0;7;0;0;2;3;15;A01
201000040300;0;33;0;0;2;1;1;B01
201000040301;0;7;0;1;2;1;0;A01
201000040301;0;7;0;0;0;0;0;C01
201000040301;0;7;0;0;0;4;1;B01
201000040302;0;7;0;0;2;1;1;A01
201000040302;0;30;0;0;2;1;21;B01
201000040303;0;7;0;0;2;1;21;B01
201000040303;0;1;0;0;2;5;15;A01
201000040304;0;7;0;0;2;7;1;A01
201000040304;0;7;0;0;2;1;1;B01
201000040305;0;7;0;0;1;3;1;A01
201000040306;0;33;0;0;1;1;1;A01
201000040307;0;37;1;0;1;7;1;A01
201000040308;0;7;0;0;2;4;1;C01
201000040308;0;7;0;0;2;4;1;B01
201000040308;0;7;0;0;2;1;1;A01
201000040309;0;7;0;0;2;4;23;B01
201000040309;0;7;0;0;2;1;1;A01
201000040310;0;7;0;0;2;4;23;D01
201000040310;0;7;0;0;2;4;23;C01
201000040310;0;7;0;0;2;4;1;B01
201000040310;0;15;0;0;2;1;1;A01
201000040311;0;7;0;1;0;1;1;A01
201000040312;0;7;0;0;1;2;1;A01
201000040313;0;7;0;0;1;3;1;A01
201000040314;0;7;0;0;2;8;18;B01
201000040314;0;2;0;0;2;5;0;A01
201000040315;0;34;0;0;2;7;17;B01
201000040315;0;7;0;0;2;1;9;A01
201000040316;0;7;0;0;2;3;2;A01
201000040316;0;7;0;0;2;4;2;B01
201000040317;0;32;0;0;2;4;2;B01
201000040317;0;7;0;0;2;1;2;A01
201000040318;0;33;0;11;0;1;16;A01
201000040319;0;37;0;0;2;7;1;B01
201000040319;0;2;0;0;2;1;1;A01
201000040320;0;30;0;0;2;2;21;B01
201000040320;0;7;0;0;2;2;1;A01
201000040321;0;2;0;0;2;1;10;A01
201000040321;0;7;0;0;2;2;1;B01
201000040322;0;7;0;0;1;1;15;A01
201000040323;0;7;0;0;1;1;15;A01
201000040324;0;7;0;0;2;4;23;B01
201000040324;0;7;0;0;2;1;1;A01
201000040325;0;7;0;0;2;4;1;B01
201000040325;0;7;0;0;2;1;1;A01
201000040325;0;7;0;0;2;4;1;C01
201000040326;0;7;0;0;2;1;1;B01
201000040326;0;7;0;0;2;1;5;A01
201000040327;0;7;0;0;2;1;1;B01
201000040327;0;7;0;1;2;1;19;A01
201000040328;0;10;0;0;2;1;21;A01
201000040328;0;7;0;0;2;3;1;B01
201000040329;0;31;0;0;2;8;1;B01
201000040329;0;7;0;0;2;7;14;A01
201000040330;0;7;0;0;2;4;1;B01
201000040330;0;7;0;0;2;1;1;A01
201000040331;0;7;0;0;2;7;1;B01
201000040331;0;30;0;0;2;1;1;A01
201000040332;0;7;0;0;2;2;15;A01
201000040332;0;2;0;0;2;1;1;B01
201000040333;0;7;0;0;1;7;1;A01
201000040334;0;7;0;0;1;2;1;A01
201000040335;0;33;0;0;2;1;1;A01
201000040335;0;7;0;0;2;8;15;B01
201000040336;0;7;0;0;1;2;1;A01
201000040337;0;7;0;0;2;3;15;A01
201000040337;0;31;0;0;2;1;1;B01
201000040338;0;37;9;0;1;5;9;A01
201000040339;0;7;0;0;2;4;1;C01
201000040339;0;7;0;0;2;4;1;D01
201000040339;0;10;0;0;2;1;1;A01
201000040339;0;7;0;0;2;4;1;B01
201000040340;0;7;0;0;2;9;21;B01
201000040340;0;2;0;0;2;0;13;A01
201000040341;0;1;0;0;2;1;19;B01
201000040341;0;7;0;0;2;2;1;A01
201000040342;0;7;0;0;2;2;15;A01
201000040342;0;33;0;0;2;1;1;B01
201000040343;0;7;0;3;2;2;18;A01
201000040343;0;7;0;0;2;7;1;B01
201000040344;0;7;0;0;2;3;9;A01
201000040344;0;2;0;0;2;1;21;B01
201000040345;0;32;0;0;2;2;14;A01
201000040346;0;1;0;0;2;8;1;B01
201000040346;1;7;0;0;2;1;1;A01
201000040347;0;7;0;0;2;7;1;B01
201000040347;0;30;0;0;2;8;1;A01
201000040348;0;7;0;0;2;1;1;A01
201000040348;0;7;0;0;2;1;1;B01
201000040349;0;7;0;0;1;3;21;A01
201000040350;0;7;0;1;0;1;13;A01
201000040351;0;7;0;0;1;8;1;A01
201000040352;0;36;0;6;1;1;21;A01
201000040353;0;31;0;0;2;1;21;B01
201000040353;0;7;0;0;2;2;15;A01
201000040354;0;7;0;0;2;1;15;A01
201000040354;0;33;0;0;2;3;21;B01
201000040355;0;7;0;4;0;3;2;A01
201000040356;0;7;0;0;2;4;2;B01
201000040356;0;7;0;0;2;1;2;A01
201000040357;0;7;0;0;2;6;1;B01
201000040357;0;30;0;0;2;1;19;A01
201000040358;0;7;0;2;0;1;14;A01
201000040359;0;7;0;0;2;7;19;A01
201000040359;0;7;0;0;2;1;21;B01
201000040360;0;7;0;0;2;8;0;A01
201000040360;0;33;0;0;2;7;17;B01
201000040361;0;7;0;0;1;0;1;A01
201000040362;0;33;0;0;2;3;19;B01
201000040362;0;2;0;0;2;6;19;A01
201000040363;0;30;0;0;2;8;1;B01
201000040364;0;30;0;0;2;7;1;A01
201000040364;0;7;0;0;2;1;1;B01
201000040365;0;7;0;0;2;1;1;B01
201000040365;0;7;0;0;2;1;13;A01
201000040366;0;1;0;0;2;4;1;B01
201000040366;0;7;0;0;2;1;17;A01
201000040367;0;10;0;0;2;1;1;A01
201000040367;0;7;0;0;2;4;23;B01
201000040367;0;10;0;0;2;1;1;C01
201000040368;0;7;0;0;2;4;1;C01
201000040368;0;7;0;0;2;4;1;B01
201000040368;0;7;0;0;2;1;1;A01
201000040369;0;1;0;0;2;8;19;B01
201000040369;0;31;0;0;2;1;1;A01
201000040370;1;7;0;0;1;3;1;A01
201000040371;0;30;0;0;2;1;1;A01
201000040371;0;7;0;0;2;8;1;B01
201000040372;0;2;0;0;2;1;9;A01
201000040372;0;7;0;0;2;4;1;B01
201000040372;0;7;0;0;2;1;1;C01
201000040373;0;2;0;0;2;1;1;A01
201000040373;0;7;0;0;2;1;1;B01
201000040374;0;10;0;0;2;5;16;A01
201000040374;0;30;0;0;2;3;1;B01
201000040375;0;31;0;0;2;1;1;B01
201000040375;0;7;0;0;2;3;15;A01
201000040376;0;1;0;0;2;4;1;B01
201000040376;0;33;0;0;2;1;1;A01
201000040377;0;7;0;0;2;3;1;A01
201000040377;0;30;0;0;2;7;1;B01
201000040378;0;1;0;0;2;7;1;B01
201000040378;0;7;0;0;2;1;1;A01
201000040379;0;7;0;0;2;3;1;B01
201000040379;0;10;0;0;2;1;15;A01
201000040380;0;31;0;0;2;4;1;B01
201000040380;0;7;0;0;2;1;1;A01
201000040381;0;2;0;0;2;8;1;B01
201000040381;0;7;0;0;2;3;15;A01
201000040382;0;7;0;0;2;1;1;B01
201000040382;0;7;0;0;2;8;1;A01
201000040383;0;7;0;0;1;1;1;A01
201000040384;0;2;0;0;2;1;1;B01
201000040384;0;7;0;0;2;7;15;A01
201000040385;0;7;0;0;2;1;1;A01
201000040385;0;32;0;0;2;8;21;B01
201000040386;0;2;0;0;2;3;1;B01
201000040386;0;7;0;0;2;2;15;A01
201000040387;0;7;0;0;2;3;1;A01
201000040387;0;7;0;0;2;1;21;B01
201000040388;0;10;0;0;2;1;1;A01
201000040388;0;7;0;0;2;4;1;B01
201000040389;0;7;0;0;2;1;1;A01
201000040389;0;30;0;0;2;8;1;B01
201000040390;0;31;0;0;2;1;1;B01
201000040390;0;7;0;0;2;2;15;A01
201000040391;0;7;0;0;2;1;1;A01
201000040391;0;7;0;0;2;4;23;B01
201000040392;0;7;0;0;2;1;1;B01
201000040392;0;7;0;0;2;7;1;A01
201000040393;0;7;0;0;2;1;1;B01
201000040393;0;2;0;0;2;1;1;A01
201000040394;0;7;0;0;1;1;16;A01
201000040395;0;7;0;0;1;1;1;A01
201000040396;0;7;0;0;2;1;1;B01
201000040396;0;7;0;0;2;7;1;A01
201000040397;0;30;0;0;2;1;1;A01
201000040397;0;7;0;0;2;3;1;B01
201000040398;0;7;0;0;1;1;1;A01
201000040399;0;7;0;0;2;2;14;A01
201000040399;0;31;0;0;2;1;1;B01
201000040400;0;7;0;0;1;2;1;A01
201000040401;0;7;0;0;2;1;1;A01
201000040401;0;7;0;0;2;2;21;B01
201000040402;0;7;0;7;0;3;1;A01
201000040403;0;30;0;0;2;8;1;B01
201000040404;0;7;0;0;2;6;1;B01
201000040404;0;7;0;0;2;1;1;C01
201000040404;0;7;0;0;2;1;1;A01
201000040405;0;7;0;0;2;4;23;B01
201000040405;0;10;0;0;2;1;1;A01
201000040406;0;33;0;0;2;1;12;A01
201000040406;0;7;0;0;2;3;1;B01
201000040407;0;7;0;0;1;2;1;A01
201000040408;0;1;0;0;2;3;1;B01
201000040408;0;7;0;0;2;1;15;A01
201000040409;0;7;0;0;2;1;15;A01
201000040409;0;2;0;0;2;1;1;B01
201000040410;0;31;0;0;0;1;1;B01
201000040410;0;7;0;0;2;7;15;A01
201000040411;0;7;0;0;1;4;20;A01
201000040412;0;7;0;0;2;6;1;B01
201000040412;0;7;0;0;2;2;1;A01
201000040413;0;7;0;0;1;1;18;A01
201000040414;0;7;0;0;2;8;1;C01
201000040414;0;7;0;0;2;1;21;B01
201000040414;0;7;0;0;2;1;13;A01
201000040415;0;7;0;0;2;3;1;A01
201000040415;0;34;0;0;2;1;1;B01
201000040416;0;30;0;0;2;4;2;B01
201000040417;0;7;0;8;2;7;1;A01
201000040417;0;7;0;0;2;1;1;B01
201000040418;0;7;0;0;2;7;16;B01
201000040418;0;33;0;0;2;1;1;A01
201000040419;0;7;0;0;1;1;1;A01
201000040420;0;7;0;0;2;2;15;A01
201000040420;0;7;0;0;2;8;1;B01
201000040421;0;7;0;0;2;1;16;B01
201000040421;0;7;0;0;2;2;1;A01
201000040422;0;7;0;0;1;1;1;A01
201000040423;0;30;0;0;2;1;1;A01
201000040423;0;7;0;0;2;1;1;B01
201000040424;0;7;0;0;2;3;15;A01
201000040424;0;7;0;0;2;8;23;C01
201000040424;0;2;0;0;2;1;1;B01
201000040425;0;7;0;0;1;3;1;A01
201000040426;0;7;0;0;2;2;1;A01
201000040426;0;7;0;0;2;1;1;B01
201000040427;0;10;0;0;2;3;19;A01
201000040427;0;30;0;0;2;8;1;B01
201000040428;0;7;0;0;2;1;1;A01
201000040428;0;7;0;0;2;4;1;B01
201000040429;0;7;0;0;2;8;15;A01
201000040429;0;30;0;0;2;4;1;B01
201000040430;0;7;0;0;2;4;23;B01
201000040430;0;10;0;0;2;1;1;A01
201000040431;0;1;0;0;2;8;19;A01
201000040431;0;7;0;0;2;1;15;B01
201000040432;0;7;0;0;1;1;1;A01
201000040433;1;7;0;0;1;2;1;A01
201000040434;0;7;0;0;2;3;15;A01
201000040434;0;2;0;0;2;8;1;B01
201000040435;0;10;0;0;1;2;1;A01
201000040436;0;32;0;0;2;7;1;A01
201000040436;0;7;0;0;2;1;1;B01
201000040437;0;14;0;0;1;1;15;A01
201000040438;0;7;0;0;2;1;1;B01
201000040438;0;7;0;0;2;1;1;A01
201000040439;0;7;0;0;2;4;1;B01
201000040439;0;7;0;0;2;4;1;C01
201000040439;0;7;0;0;2;1;1;A01
201000040440;0;7;0;0;1;3;1;A01
201000040441;0;7;0;1;2;2;1;A01
201000040442;0;32;0;0;2;1;1;B01
201000040442;0;7;0;0;2;8;9;A01
201000040443;0;7;0;0;2;1;1;A01
201000040443;0;7;0;0;2;4;1;C01
201000040443;0;7;0;0;2;4;1;B01
201000040444;0;7;0;0;1;3;1;A01
201000040445;0;30;0;0;2;7;12;B01
201000040445;0;7;0;0;2;3;9;A01
201000040446;0;30;0;0;2;1;1;A01
201000040446;0;7;0;0;2;3;1;B01
201000040447;0;7;0;1;2;3;1;B01
201000040447;0;7;0;0;2;2;15;A01
201000040448;0;7;0;0;2;4;15;B01
201000040448;0;14;0;0;2;1;1;A01
201000040449;0;7;0;0;0;0;0;A01
201000040450;0;7;0;0;1;8;1;A01
201000040451;0;32;0;0;1;1;1;A01
201000040452;0;33;0;0;2;1;17;B01
201000040452;0;7;0;0;2;6;10;A01
201000040453;0;7;0;0;1;1;1;A01
201000040454;0;7;0;0;2;2;1;B01
201000040454;2;7;0;2;2;1;1;A01
201000040455;0;7;0;0;2;1;14;B01
201000040455;0;30;0;0;2;7;1;A01
201000040456;0;7;0;0;1;1;1;A01
201000040457;0;33;0;0;2;1;1;B01
201000040457;0;7;0;0;2;8;19;A01
201000040458;0;7;0;0;2;4;23;B01
201000040458;0;10;0;0;2;4;1;C01
201000040458;0;10;0;0;2;1;1;A01
201000040458;0;7;0;0;2;4;23;D01
201000040459;0;7;0;0;2;3;11;A01
201000040459;0;7;0;0;2;3;1;B01
201000040459;0;7;0;0;2;3;1;C01
201000040460;0;7;0;0;2;1;1;B01
201000040460;0;7;0;0;2;1;11;A01
201000040461;0;7;0;0;2;1;1;A01
201000040461;0;7;0;0;2;1;11;B01
201000040462;0;7;0;14;0;1;0;A01
201000040463;0;33;0;0;2;1;0;B01
201000040463;0;7;0;0;2;4;2;C01
201000040463;0;7;0;0;2;3;2;A01
201000040464;0;7;0;0;1;3;15;A01
201000040465;0;7;0;3;0;1;0;A01
201000040466;0;7;0;2;0;1;1;A01
201000040467;0;7;0;0;2;3;23;B01
201000040467;0;7;0;0;2;1;23;C01
201000040467;0;7;0;8;2;1;13;A01
201000040468;0;7;0;0;2;3;11;A01
201000040468;0;31;0;0;2;2;17;B01
201000040469;0;7;0;0;2;1;5;A01
201000040469;0;7;0;0;2;1;1;B01
201000040470;0;7;0;0;0;2;1;A01
201000040471;0;33;0;13;0;1;0;A01
201000040472;0;7;0;0;2;3;20;A01
201000040472;0;31;0;0;2;1;0;B01
201000040473;0;1;0;0;2;3;2;B01
201000040473;0;7;0;0;9;5;17;A01
201000040474;0;33;0;16;0;1;0;A01
201000040475;0;37;16;0;2;2;2;B01
201000040475;0;7;0;9;2;6;2;A01
201000040476;0;30;0;0;2;1;1;A01
201000040476;0;7;0;0;2;3;2;B01
201000040477;0;7;0;0;9;8;0;A01
201000040478;0;7;0;0;2;1;0;B01
201000040478;0;7;0;0;2;8;19;A01
201000040479;0;7;0;0;2;2;13;A01
201000040479;0;7;0;0;2;1;1;B01
201000040480;0;7;0;0;2;1;1;A01
201000040480;0;7;0;0;2;3;1;B01
201000040481;0;7;0;0;2;3;13;A01
201000040481;0;10;0;0;2;3;21;B01
201000040482;0;30;0;0;2;1;15;A01
201000040482;0;7;0;0;2;1;1;B01
201000040483;0;33;0;0;2;8;1;B01
201000040483;0;13;0;0;2;4;15;A01
201000040484;0;7;0;0;0;1;0;A01
201000040484;0;7;0;0;0;3;0;B01
201000040485;0;7;0;0;2;2;1;A01
201000040485;0;1;0;0;2;7;19;B01
201000040486;0;7;0;0;1;3;16;A01
201000040487;1;7;0;0;1;0;0;Z01
201000040488;0;7;0;14;0;1;1;A01
201000040489;0;10;0;0;1;4;4;A01
201000040490;0;14;0;0;2;1;1;A01
201000040490;0;37;5;0;2;7;15;B01
201000040491;0;1;0;0;2;1;15;A01
201000040491;0;1;0;0;2;1;1;B01
201000040492;0;7;0;14;2;2;15;A01
201000040492;0;7;0;0;2;3;23;B01
201000040492;0;7;0;0;2;6;23;C01
201000040493;0;7;0;0;1;3;1;A01
201000040494;0;1;0;0;2;4;15;B01
201000040494;0;7;0;0;2;1;1;A01
201000040495;0;7;0;0;2;5;1;B01
201000040495;0;7;0;3;2;1;16;A01
201000040496;0;7;0;1;0;2;1;A01
201000040496;0;7;0;0;2;1;1;C01
201000040496;0;7;0;0;1;2;1;D01
201000040497;0;7;0;0;2;6;1;A01
201000040497;0;7;0;0;2;2;1;B01
201000040498;0;40;0;0;1;1;1;A01
201000040499;1;7;0;0;0;0;1;A01
201000040499;0;7;0;2;0;1;16;B01
201000040500;0;7;0;0;2;6;1;B01
201000040500;0;33;0;0;2;1;1;C01
201000040500;0;7;0;0;2;3;1;A01
201000040501;0;7;0;0;2;3;1;A01
201000040501;0;30;0;0;2;8;15;B01
201000040502;0;7;0;0;1;1;1;A01
201000040503;0;14;0;0;2;1;1;B01
201000040503;0;7;0;0;2;1;13;A01
201000040504;0;2;0;0;1;7;1;A01
201000040505;0;10;0;0;1;4;4;A01
201000040506;1;7;0;0;1;0;1;A01
201000040507;0;7;0;0;2;4;23;B01
201000040507;0;7;0;0;2;4;23;C01
201000040507;0;7;0;15;0;1;1;A01
201000040508;0;1;0;0;2;7;19;B01
201000040508;0;7;0;0;2;2;16;A01
201000040509;0;7;0;0;1;3;1;A01
201000040510;0;1;0;0;2;4;1;B01
201000040510;0;7;0;0;2;1;1;A01
201000040511;0;7;0;0;1;1;1;A01
201000040512;0;10;0;0;1;1;1;A01
201000040513;0;7;0;0;2;8;1;B01
201000040513;0;7;0;0;2;3;13;A01
201000040514;0;7;0;0;4;8;15;A01
201000040514;0;40;1;0;2;1;1;B01
201000040515;0;7;0;0;2;4;1;B01
201000040515;0;7;0;0;2;4;4;A01
201000040516;0;7;0;0;1;1;15;A01
201000040517;0;7;0;0;1;8;1;A01
201000040518;0;7;0;0;1;1;1;A01
201000040519;1;7;0;0;1;1;1;Z01
201000040520;0;40;0;0;2;3;1;B01
201000040520;0;7;0;0;4;3;15;A01
201000040521;0;7;0;0;1;1;1;A01
201000040522;0;7;0;0;2;1;15;B01
201000040522;0;33;0;0;2;1;1;A01
201000040523;1;2;0;0;1;1;1;Z01
201000040524;0;30;0;0;2;1;1;B01
201000040524;0;7;0;0;2;2;15;A01
201000040525;0;7;0;0;2;2;17;A01
201000040525;0;1;0;0;2;3;19;B01
201000040526;0;40;0;0;2;1;1;B01
201000040526;0;7;0;0;2;3;15;A01
201000040527;2;10;0;12;0;1;13;A01
201000040528;0;7;0;0;2;1;1;B01
201000040528;0;7;0;0;2;1;1;A01
201000040529;0;7;0;0;2;1;1;B01
201000040529;0;1;0;0;2;5;15;A01
201000040530;0;7;0;0;1;2;1;A01
201000040531;0;40;0;0;2;8;1;A01
201000040531;0;7;0;0;4;1;1;B01
201000040532;0;7;0;0;2;4;23;B01
201000040532;0;7;0;0;2;1;2;A01
201000040532;0;7;0;0;2;4;23;C01
201000040533;0;7;0;0;2;3;1;B01
201000040533;0;1;0;0;2;1;1;A01
201000040534;0;7;0;0;1;2;1;A01