num_acc;senc;catv;occutc;obs;obsm;choc;manv;num_veh
201000040535;0;7;0;0;2;1;1;B01
201000040535;0;7;0;0;2;3;15;A01
201000040536;0;7;0;0;1;2;1;A01
201000040537;0;1;0;0;2;1;19;A01
201000040537;0;1;0;0;2;1;1;B01
201000040538;0;7;0;0;2;7;1;B01
201000040538;0;7;0;0;2;5;4;A01
201000040539;0;10;0;0;1;1;17;A01
201000040540;0;7;0;0;2;1;1;A01
201000040540;0;7;0;0;2;7;15;B01
201000040541;0;7;0;0;9;1;0;A01
201000040542;0;7;0;8;0;1;1;A01
201000040543;0;1;0;0;2;3;19;B01
201000040543;0;7;0;0;2;1;1;A01
201000040544;0;7;0;0;2;1;0;A01
201000040544;0;2;0;0;2;7;1;B01
201000040545;0;7;0;0;2;1;1;A01
201000040545;0;1;0;0;2;7;19;B01
201000040546;0;7;0;0;2;2;15;A01
201000040546;0;2;0;0;2;1;1;B01
201000040547;0;33;0;0;2;1;1;B01
201000040547;0;7;0;0;2;1;1;A01
201000040548;0;1;0;1;0;3;1;B01
201000040548;0;7;0;0;2;2;24;A01
201000040549;0;7;0;0;2;3;16;A01
201000040549;0;2;0;0;2;1;1;B01
201000040550;0;2;0;0;2;1;1;A01
201000040550;0;7;0;0;2;4;1;B01
201000040551;0;7;0;0;2;1;2;A01
201000040551;0;7;0;0;2;9;2;B01
201000040551;0;14;0;0;2;4;2;C01
201000040552;0;7;0;0;1;1;1;A01
201000040553;0;7;0;0;2;3;24;A01
201000040553;0;1;0;1;0;1;1;B01
201000040554;0;7;0;0;1;1;1;A01
201000040555;0;7;0;0;2;2;15;A01
201000040555;0;7;0;0;2;1;1;B01
201000040556;0;7;0;0;1;3;1;A01
201000040557;0;40;1;0;2;1;1;B01
201000040557;0;7;0;0;4;7;0;A01
201000040558;0;7;0;0;2;3;1;B01
201000040558;0;7;0;0;2;3;15;A01
201000040559;0;7;0;0;2;4;1;B01
201000040559;0;7;0;0;2;1;1;A01
201000040560;0;7;0;0;2;3;1;B01
201000040560;0;7;0;0;2;1;1;A01
201000040561;0;7;0;0;1;1;1;A01
201000040562;0;2;0;0;2;1;0;B01
201000040562;0;7;0;0;2;1;0;A01
201000040563;0;2;0;9;0;1;13;A01
201000040564;0;7;0;0;2;5;15;A01
201000040564;0;2;0;0;2;1;1;B01
201000040565;0;7;0;1;2;8;15;A01
201000040565;0;7;0;0;2;3;1;B01
201000040566;0;37;1;0;1;1;1;A01
201000040567;0;7;0;0;0;0;10;B01
201000040567;0;33;0;0;0;0;1;A01
201000040568;0;7;0;0;2;8;1;A01
201000040568;0;7;0;0;2;1;1;B01
201000040569;0;10;0;0;9;1;1;B01
201000040569;0;1;0;0;2;8;19;A01
201000040570;0;1;0;0;1;0;1;A01
201000040571;0;37;15;0;1;2;1;A01
201000040572;0;33;0;0;2;8;1;B01
201000040572;0;7;0;0;2;0;15;A01
201000040573;0;7;0;0;2;1;1;A01
201000040573;0;1;0;0;2;4;19;B01
201000040574;0;7;0;0;2;1;1;A01
201000040574;0;7;0;0;2;4;1;C01
201000040574;0;7;0;0;2;4;1;B01
201000040575;0;7;0;0;2;8;1;B01
201000040575;0;7;0;0;2;7;1;A01
201000040576;0;1;0;0;1;1;1;A01
201000040577;0;7;0;0;2;8;1;A01
201000040577;0;2;0;0;2;1;1;B01
201000040578;0;7;0;0;2;3;1;B01
201000040578;0;1;0;0;2;1;15;A01
201000040579;0;7;0;0;2;4;1;C01
201000040579;0;7;0;0;2;4;1;B01
201000040579;0;7;0;0;2;1;1;A01
201000040580;0;7;0;0;2;3;1;A01
201000040580;0;7;0;0;2;8;24;C01
201000040580;0;7;0;0;2;3;17;B01
201000040581;0;7;0;15;0;1;15;A01
201000040582;0;7;0;0;1;3;1;A01
201000040583;0;40;1;0;2;1;1;B01
201000040583;0;7;0;0;4;1;1;A01
201000040584;0;7;0;0;2;1;1;A01
201000040584;0;7;0;0;2;7;0;B01
201000040585;0;7;0;0;2;5;15;A01
201000040585;0;30;0;0;2;1;18;B01
201000040586;0;7;0;0;1;2;1;A01
201000040587;0;7;0;0;2;5;1;A01
201000040587;0;7;0;0;2;1;1;B01
201000040588;0;7;0;0;2;7;1;B01
201000040588;0;7;0;0;2;2;14;A01
201000040589;0;1;0;0;2;3;1;B01
201000040589;0;7;0;0;2;2;11;A01
201000040590;0;30;0;0;2;1;1;B01
201000040590;0;7;0;0;2;1;1;A01
201000040591;0;7;0;0;2;2;1;A01
201000040591;0;7;0;0;2;8;1;B01
201000040592;0;7;0;0;2;1;1;B01
201000040592;0;7;0;0;2;3;15;A01
201000040593;0;7;0;0;2;1;16;A01
201000040593;0;1;0;0;2;7;19;B01
201000040594;0;7;0;0;2;1;1;B01
201000040594;0;7;0;0;2;7;15;A01
201000040595;0;32;0;14;0;1;1;A01
201000040596;0;7;0;0;2;1;1;A01
201000040596;0;7;0;0;2;4;1;B01
201000040597;0;7;0;0;9;8;22;A01
201000040597;0;1;0;1;0;1;1;B01
201000040598;0;2;0;0;0;1;1;A01
201000040599;0;7;0;0;2;3;1;B01
201000040599;0;2;0;0;2;1;1;A01
201000040600;0;7;0;0;1;1;16;A01
201000040601;0;17;0;0;2;2;1;B01
201000040601;0;7;0;0;2;6;18;A01
201000040602;0;7;0;0;2;1;9;A01
201000040602;0;32;0;0;2;7;1;B01
201000040603;0;7;0;0;1;1;1;A01
201000040604;0;10;0;0;2;1;2;A01
201000040604;0;7;0;0;2;4;23;B01
201000040605;0;7;0;0;1;3;1;A01
201000040606;0;7;0;0;2;7;1;A01
201000040606;0;1;0;0;2;7;19;B01
201000040607;0;10;0;0;2;3;2;A01
201000040607;0;7;0;0;2;4;2;B01
201000040608;0;33;0;0;2;1;1;B01
201000040608;0;7;0;0;2;3;15;A01
201000040609;0;7;0;0;2;4;2;C01
201000040609;0;7;0;0;2;1;1;A01
201000040609;0;7;0;0;2;4;2;B01
201000040610;0;30;0;0;1;1;1;A01
201000040611;0;7;0;0;2;8;20;B01
201000040611;0;32;0;0;2;7;1;A01
201000040612;0;40;0;0;1;2;1;A01
201000040613;0;7;0;0;2;8;22;A01
201000040613;0;1;0;1;0;1;1;B01
201000040614;1;7;0;0;2;0;0;A01
201000040614;0;7;0;0;2;7;1;B01
201000040615;0;7;0;0;1;7;1;A01
201000040616;0;37;1;0;2;2;16;B01
201000040616;0;1;0;0;2;1;7;A01
201000040617;0;7;0;0;1;1;1;A01
201000040618;0;7;0;0;2;1;1;B01
201000040618;0;7;0;0;2;1;1;A01
201000040619;0;7;0;0;2;3;15;A01
201000040619;0;32;0;0;2;1;1;B01
201000040620;0;7;0;2;0;5;1;A01
201000040621;0;7;0;7;0;1;13;A01
201000040622;0;7;0;4;0;3;1;A01
201000040623;0;7;0;0;2;1;1;B01
201000040623;0;7;0;0;2;4;4;A01
201000040624;0;7;0;0;1;1;1;A01
201000040625;0;7;0;0;2;1;1;B01
201000040625;0;1;0;0;2;7;19;A01
201000040626;0;1;0;0;2;7;1;B01
201000040626;0;1;0;0;2;7;1;A01
201000040627;0;7;0;0;2;4;4;A01
201000040627;0;1;0;0;2;8;15;B01
201000040628;0;1;0;0;2;1;1;B01
201000040628;0;10;0;0;2;4;10;A01
201000040629;0;40;0;0;1;1;1;A01
201000040630;0;7;0;0;2;2;16;A01
201000040630;0;1;0;0;2;1;1;B01
201000040631;0;7;0;1;2;4;1;B01
201000040631;0;7;0;0;2;1;1;A01
201000040632;0;34;0;0;2;8;1;B01
201000040632;0;7;0;0;2;3;15;A01
201000040633;0;7;0;0;2;9;1;C01
201000040633;0;7;0;0;2;1;1;A01
201000040633;0;7;0;0;2;4;1;D01
201000040633;0;7;0;0;2;9;1;B01
201000040634;0;2;0;0;1;1;1;A01
201000040635;0;7;0;0;1;2;1;A01
201000040636;1;7;0;0;2;3;1;A01
201000040636;1;7;0;0;2;3;1;B01
201000040637;0;7;0;0;2;2;16;A01
201000040637;0;1;0;0;2;4;0;B01
201000040638;0;7;0;0;1;3;1;A01
201000040639;0;7;0;0;1;1;1;A01
201000040640;0;7;0;0;2;1;1;B01
201000040640;0;1;0;0;2;3;1;A01
201000040641;0;2;0;3;0;1;1;A01
201000040642;0;7;0;0;2;4;1;B01
201000040642;0;7;0;0;2;1;1;A01
201000040643;0;7;0;0;2;1;1;A01
201000040643;0;7;0;0;2;8;15;B01
201000040644;0;30;0;0;2;4;1;B01
201000040644;0;7;0;0;2;1;1;A01
201000040645;0;7;0;0;2;3;1;B01
201000040645;0;7;0;0;2;2;17;A01
201000040646;0;7;0;0;2;2;15;A01
201000040646;0;2;0;0;2;1;1;B01
201000040647;0;7;0;1;0;1;1;A01
201000040647;0;7;0;1;2;4;24;B01
201000040648;0;1;0;0;2;1;5;B01
201000040648;0;3;0;0;2;1;1;A01
201000040649;0;10;0;0;1;1;1;A01
201000040650;0;7;0;0;2;7;1;B01
201000040650;0;7;0;0;2;1;1;A01
201000040651;0;7;0;0;2;1;16;A01
201000040651;0;1;0;0;2;8;19;B01
201000040652;0;7;0;0;2;4;1;B01
201000040652;0;7;0;0;2;1;1;A01
201000040653;0;2;0;0;2;1;1;B01
201000040653;0;7;0;0;2;1;1;A01
201000040654;0;10;0;0;2;4;15;B01
201000040654;0;30;0;0;2;1;15;A01
201000040655;0;1;0;1;0;1;21;B01
201000040655;0;7;0;0;2;8;22;A01
201000040655;0;37;15;0;2;2;17;C01
201000040656;0;7;0;0;2;1;1;B01
201000040656;0;10;0;0;2;2;1;A01
201000040657;0;1;0;0;2;1;15;A01
201000040657;0;7;0;0;2;1;1;B01
201000040658;0;7;0;0;2;4;1;A01
201000040658;0;7;0;0;2;1;1;B01
201000040659;0;2;0;0;2;4;2;B01
201000040659;0;2;0;0;2;1;2;A01
201000040660;1;2;0;0;1;1;1;Z01
201000040661;0;7;0;0;2;1;2;A01
201000040661;0;7;0;0;2;4;2;C01
201000040661;0;7;0;0;2;4;2;B01
201000040662;0;7;0;0;1;1;15;A01
201000040663;1;7;0;0;2;1;1;A01
201000040663;0;32;0;0;2;4;1;B01
201000040664;0;1;0;0;2;1;1;A01
201000040664;0;1;0;0;2;1;1;B01
201000040665;1;7;0;0;2;1;1;A01
201000040666;0;7;0;0;2;3;1;B01
201000040666;0;30;0;1;2;8;1;A01
201000040667;0;7;0;0;2;4;23;C01
201000040667;0;7;0;0;2;4;23;B01
201000040667;0;7;0;0;2;1;1;A01
201000040668;0;7;0;0;0;0;15;B01
201000040668;0;2;0;0;0;0;1;A01
201000040669;0;7;0;0;2;3;1;B01
201000040669;0;30;0;0;2;1;1;A01
201000040670;0;7;0;0;2;5;15;B01
201000040670;0;2;0;0;2;1;1;A01
201000040671;0;7;0;0;2;4;2;B01
201000040671;0;7;0;0;2;1;2;A01
201000040671;0;7;0;0;2;4;2;C01
201000040672;0;10;0;0;2;2;1;B01
201000040672;0;7;0;0;2;8;15;A01
201000040673;0;1;0;0;1;1;1;A01
201000040674;0;7;0;0;1;1;1;A01
201000040675;0;7;0;0;2;3;15;B01
201000040675;0;30;0;0;2;2;17;A01
201000040676;0;30;0;12;0;1;1;A01
201000040677;0;7;0;0;1;1;15;A01
201000040678;0;7;0;0;1;1;1;A01
201000040679;1;30;0;0;1;0;0;Z01
201000040680;0;7;0;0;2;1;1;A01
201000040680;0;7;0;0;2;4;1;B01
201000040681;0;40;0;0;1;7;1;A01
201000040682;0;7;0;1;0;2;1;A01
201000040682;0;7;0;0;2;2;24;B01
201000040683;0;7;0;0;1;2;1;A01
201000040684;0;1;0;0;1;1;1;A01
201000040685;0;32;0;0;2;1;17;A01
201000040685;0;7;0;0;2;6;15;B01
201000040686;0;7;0;0;2;4;2;B01
201000040686;0;7;0;0;2;1;2;A01
201000040687;0;7;0;0;2;3;15;A01
201000040687;0;15;0;0;2;3;1;B01
201000040688;0;7;0;0;2;4;24;B01
201000040688;0;7;0;1;0;1;1;A01
201000040689;0;7;0;0;2;1;1;A01
201000040689;0;37;1;0;2;7;1;B01
201000040690;0;1;0;0;2;7;15;A01
201000040690;0;7;0;0;2;1;1;B01
201000040691;0;34;0;0;1;1;1;A01
201000040692;0;7;0;0;2;8;1;B01
201000040692;0;10;0;0;2;8;13;A01
201000040693;0;7;0;0;2;8;10;A01
201000040693;0;32;0;0;2;7;17;B01
201000040694;0;7;0;0;2;6;15;B01
201000040694;0;32;0;0;2;1;17;A01
201000040695;0;34;0;0;2;1;1;B01
201000040695;0;7;0;0;2;2;15;A01
201000040696;0;1;0;0;2;1;1;B01
201000040696;0;10;0;0;0;7;0;A01
201000040697;0;7;0;0;2;4;1;B01
201000040697;0;7;0;0;2;1;2;A01
201000040698;0;7;0;0;2;1;0;A01
201000040698;0;1;0;0;2;1;5;B01
201000040699;0;1;0;0;2;8;1;B01
201000040699;1;30;0;0;2;1;16;A01
201000040700;1;7;0;0;1;0;1;Z01
201000040701;0;1;0;0;2;1;1;A01
201000040701;0;1;0;0;2;1;0;B01
201000040702;0;7;0;0;9;0;24;A01
201000040702;0;1;0;0;0;4;0;B01
201000040703;0;7;0;0;2;1;1;B01
201000040703;0;7;0;0;2;1;13;A01
201000040704;0;7;0;0;2;1;1;B01
201000040704;0;7;0;0;2;7;1;A01
201000040705;0;7;0;0;2;1;10;A01
201000040705;0;30;0;0;2;8;1;B01
201000040706;0;30;0;0;2;1;2;A01
201000040706;0;1;0;0;2;4;2;B01
201000040707;0;10;0;0;2;1;23;A01
201000040707;0;10;0;0;2;4;23;B01
201000040708;0;7;0;0;2;1;16;B01
201000040708;0;1;0;0;2;0;1;A01
201000040709;0;7;0;1;0;1;13;A01
201000040710;0;37;1;0;2;8;1;B01
201000040710;0;7;0;1;2;1;14;A01
201000040711;0;1;0;0;2;8;1;A01
201000040711;0;7;0;0;2;1;1;B01
201000040712;0;1;0;0;2;7;19;B01
201000040712;0;7;0;0;2;3;1;A01
201000040713;0;14;0;0;2;2;16;B01
201000040713;0;30;0;0;2;8;18;A01
201000040714;0;7;0;0;2;4;23;C01
201000040714;0;7;0;0;2;4;23;B01
201000040714;0;7;0;0;2;1;2;A01
201000040715;0;2;0;0;2;1;1;B01
201000040715;0;7;0;0;2;7;15;A01
201000040716;0;7;0;0;2;1;2;B01
201000040716;0;7;0;0;2;4;23;A01
201000040716;0;7;0;0;2;1;2;C01
201000040717;0;1;0;0;2;1;13;B01
201000040717;0;7;0;0;2;7;20;A01
201000040718;0;7;0;0;2;1;1;B01
201000040718;0;7;0;0;2;7;15;A01
201000040719;0;7;0;0;2;1;1;B01
201000040719;0;1;0;0;2;1;1;A01
201000040720;0;37;2;0;2;1;2;A01
201000040720;0;7;0;0;2;4;23;B01
201000040721;0;7;0;0;1;1;1;A01
201000040722;0;7;0;0;2;7;15;B01
201000040722;0;7;0;0;2;1;1;A01
201000040723;0;7;0;0;1;3;19;A01
201000040724;0;7;0;0;1;5;17;A01
201000040725;0;33;0;0;1;7;1;A01
201000040726;0;7;0;0;2;4;23;B01
201000040726;0;2;0;0;2;6;1;A01
201000040727;0;1;0;0;0;1;19;A01
201000040727;0;7;0;0;2;1;1;B01
201000040728;0;40;0;0;1;1;1;A01
201000040729;0;7;0;0;0;0;11;A01
201000040729;0;30;0;0;2;0;1;B01
201000040730;0;37;1;0;1;0;24;B01
201000040730;0;7;0;0;1;1;1;A01
201000040731;0;1;0;0;4;3;19;A01
201000040731;0;40;0;0;2;2;1;B01
201000040732;0;7;0;0;2;1;15;A01
201000040732;0;30;0;0;2;2;1;B01
201000040733;0;7;0;1;1;3;21;A01
201000040734;0;7;0;0;2;3;1;B01
201000040734;0;7;0;0;2;1;19;A01
201000040735;1;30;0;0;2;1;19;A01
201000040735;0;7;0;0;2;2;1;B01
201000040736;0;1;0;0;2;0;1;B01
201000040736;0;7;0;0;2;1;1;A01
201000040737;0;7;0;0;2;7;1;B01
201000040737;0;17;0;0;2;5;4;A01
201000040738;1;7;0;0;2;1;1;A01
201000040738;0;1;0;0;2;4;15;B01
201000040739;0;1;0;0;2;7;15;B01
201000040739;0;7;0;0;2;1;15;A01
201000040740;0;1;0;0;2;0;0;B01
201000040740;1;7;0;0;2;1;0;A01
201000040741;0;14;0;0;2;2;1;B01
201000040741;0;1;0;0;2;1;1;A01
201000040742;0;40;0;0;1;1;1;A01
201000040743;0;7;0;0;2;1;1;B01
201000040743;0;1;0;0;2;1;15;A01
201000040744;0;7;0;0;2;1;1;B01
201000040744;0;7;0;0;2;3;1;A01
201000040745;0;7;0;0;2;1;1;B01
201000040745;0;7;0;6;2;7;10;A01
201000040746;1;1;0;0;2;0;1;A01
201000040746;0;33;0;0;0;0;1;B01
201000040747;0;3;0;0;1;1;1;A01
201000040748;0;1;0;1;0;1;1;B01
201000040748;0;7;0;0;2;8;22;A01
201000040749;0;2;0;0;2;8;1;B01
201000040749;0;7;0;0;2;1;15;A01
201000040750;0;34;0;12;0;1;16;A01
201000040751;0;10;0;0;4;8;15;A01
201000040751;0;40;0;0;2;1;1;B01
201000040752;0;1;0;0;0;0;0;A01
201000040753;0;30;0;2;0;1;1;A01
201000040754;0;7;0;0;2;1;1;A01
201000040754;0;7;0;0;2;4;1;B01
201000040755;0;7;0;0;1;2;1;A01
201000040756;0;1;0;0;2;1;1;B01
201000040756;1;7;0;0;2;8;1;A01
201000040757;0;2;0;0;2;1;1;A01
201000040757;0;7;0;0;2;8;16;B01
201000040758;0;33;0;0;1;1;1;A01
201000040759;0;30;0;9;0;1;1;A01
201000040760;0;10;0;0;2;1;1;B01
201000040760;0;1;0;0;2;8;1;A01
201000040761;0;7;0;0;2;5;16;B01
201000040761;0;30;0;0;2;1;18;A01
201000040762;0;30;0;0;2;1;1;B01
201000040762;0;7;0;0;2;3;4;A01
201000040763;0;7;0;0;1;1;1;A01
201000040764;0;30;0;0;1;1;1;A01
201000040765;0;7;0;0;1;4;20;A01
201000040766;0;7;0;0;2;7;1;A01
201000040766;0;7;0;0;2;1;1;B01
201000040767;1;1;0;0;1;0;0;Z01
201000040768;0;1;0;0;2;1;1;B01
201000040768;0;7;0;0;2;3;15;A01
201000040769;0;1;0;0;2;8;18;B01
201000040769;0;15;0;0;2;1;16;A01
201000040770;0;1;0;0;2;5;1;A01
201000040770;0;7;0;0;2;1;1;B01
201000040771;0;7;0;7;2;1;1;A01
201000040771;0;7;0;1;2;3;1;B01
201000040772;0;1;0;0;2;8;15;B01
201000040772;0;7;0;0;2;1;1;A01
201000040773;0;7;0;0;2;2;1;A01
201000040773;0;7;0;0;2;4;1;B01
201000040774;0;10;0;0;2;8;0;B01
201000040774;0;31;0;0;2;1;17;A01
201000040775;0;7;0;0;2;1;2;A01
201000040775;0;10;0;0;2;4;1;B01
201000040776;0;7;0;0;2;2;15;A01
201000040776;0;7;0;0;0;1;1;B01
201000040777;0;7;0;0;2;8;15;B01
201000040777;0;30;0;0;2;1;1;A01
201000040778;0;10;0;0;2;1;16;A01
201000040778;0;1;0;0;2;1;1;B01
201000040779;0;1;0;0;2;1;1;A01
201000040779;0;7;0;0;2;2;16;B01
201000040780;0;7;0;0;2;5;1;A01
201000040780;0;7;0;0;2;1;1;B01
201000040781;0;37;20;0;2;4;23;B01
201000040781;0;7;0;0;2;1;1;A01
201000040782;0;10;0;0;0;0;9;A01
201000040782;0;33;0;0;0;0;1;B01
201000040783;0;7;0;0;2;3;1;B01
201000040783;0;7;0;0;2;1;1;A01
201000040784;0;7;0;0;2;3;1;A01
201000040784;0;7;0;0;2;8;15;B01
201000040785;0;7;0;12;0;1;1;A01
201000040786;0;7;0;0;2;2;1;B01
201000040786;0;7;0;0;2;3;15;A01
201000040787;0;7;0;0;0;0;1;A01
201000040788;0;1;0;0;2;1;1;A01
201000040788;0;7;0;0;2;1;1;B01
201000040789;0;2;0;0;0;1;1;A01
201000040790;0;7;0;0;2;4;2;B01
201000040790;0;7;0;0;2;1;2;A01
201000040791;0;1;0;0;2;1;1;A01
201000040791;0;7;0;0;2;1;16;B01
201000040792;0;7;0;0;2;6;15;B01
201000040792;0;30;0;0;2;1;15;A01
201000040793;0;33;0;0;0;8;15;A01
201000040794;0;2;0;0;2;1;1;B01
201000040794;0;7;0;0;2;2;15;A01
201000040795;0;7;0;0;2;3;10;B01
201000040795;0;32;0;0;2;7;1;A01
201000040796;0;1;0;0;2;1;1;B01
201000040796;0;7;0;0;2;2;15;A01
201000040797;0;30;0;0;0;0;1;A01
201000040798;0;7;0;0;2;1;1;A01
201000040798;0;7;0;0;2;6;1;B01
201000040799;0;30;0;0;2;1;15;B01
201000040799;0;7;0;0;2;8;15;A01
201000040800;0;7;0;14;0;1;16;A01
201000040801;0;31;0;0;1;1;1;A01
201000040802;0;7;0;0;2;4;2;B01
201000040802;0;10;0;0;2;1;2;A01
201000040803;0;2;0;0;2;1;17;B01
201000040803;0;7;0;0;2;8;15;A01
201000040804;0;7;0;0;2;1;15;B01
201000040804;0;1;0;0;2;4;1;A01
201000040805;0;7;0;0;2;4;1;B01
201000040805;0;2;0;0;2;1;1;A01
201000040806;0;7;0;0;2;1;1;A01
201000040807;0;10;0;0;2;7;1;A01
201000040807;0;1;0;0;2;0;1;B01
201000040808;0;7;0;0;2;1;1;A01
201000040808;0;7;0;0;2;4;1;B01
201000040809;0;1;0;0;2;1;1;A01
201000040809;0;7;0;0;2;8;1;B01
201000040810;0;7;0;0;1;1;1;A01
201000040811;0;7;0;16;0;0;1;A01
201000040812;0;1;0;0;2;1;1;B01
201000040812;1;7;0;0;2;2;14;Z01
201000040813;0;1;0;0;2;7;19;A01
201000040813;0;40;0;0;2;1;1;B01
201000040814;0;7;0;0;2;4;1;B01
201000040814;0;7;0;0;2;1;1;A01
201000040815;0;7;0;0;2;3;1;A01
201000040815;0;1;0;0;2;1;15;B01
201000040816;0;7;0;0;2;3;15;A01
201000040816;0;7;0;0;2;6;1;B01
201000040817;0;1;0;0;2;1;1;B01
201000040817;0;7;0;0;2;3;1;A01
201000040818;0;7;0;2;0;8;1;A01
201000040819;0;7;0;0;2;1;1;A01
201000040819;0;7;0;0;2;8;1;B01
201000040820;0;3;0;7;2;9;1;A01
201000040820;0;17;0;0;2;3;15;B01
201000040821;0;7;0;14;0;2;1;A01
201000040822;0;7;0;9;0;2;15;A01
201000040823;0;32;0;0;2;1;1;B01
201000040823;0;7;0;0;2;3;15;A01
201000040824;0;7;0;0;1;1;1;A01
201000040825;0;7;0;0;2;7;12;A01
201000040825;0;7;0;0;2;8;1;B01
201000040826;0;7;0;0;9;1;16;A01
201000040826;0;1;0;0;2;8;1;B01
201000040827;0;7;0;1;0;2;1;A01
201000040828;0;7;0;1;2;1;1;B01
201000040828;0;1;0;0;2;2;1;A01
201000040829;0;7;0;0;2;1;23;B01
201000040829;0;30;0;0;2;1;5;A01
201000040830;0;7;0;0;2;4;2;B01
201000040830;0;7;0;0;2;1;2;A01
201000040831;0;10;0;8;0;1;1;A01
201000040832;0;7;0;0;1;1;1;A01
201000040833;0;7;0;0;1;2;1;A01
201000040834;0;7;0;0;1;3;1;A01
201000040835;2;2;0;8;0;1;14;A01
201000040836;0;7;0;0;2;7;1;A01
201000040836;0;7;0;0;2;1;1;B01
201000040837;0;32;0;0;2;1;1;A01
201000040837;0;7;0;0;2;5;15;B01
201000040838;0;13;0;8;0;1;10;A01
201000040839;0;32;0;0;2;1;1;B01
201000040839;0;7;0;0;2;8;10;A01
201000040840;0;7;0;0;2;7;15;A01
201000040840;0;7;0;0;2;1;19;B01
201000040841;0;7;0;0;2;2;23;A01
201000040841;0;1;0;0;2;1;5;B01
201000040842;0;7;0;1;0;1;13;A01
201000040843;0;7;0;0;2;1;1;B01
201000040843;0;32;0;0;2;1;1;A01
201000040844;0;7;0;0;1;3;1;A01
201000040845;0;10;0;0;2;7;19;A01
201000040845;0;33;0;0;2;3;16;B01
201000040846;0;33;0;0;2;1;1;B01
201000040846;0;7;0;0;2;8;15;A01
201000040847;0;7;0;0;1;1;1;A01
201000040848;0;7;0;0;2;6;23;B01
201000040848;0;33;0;0;2;3;1;A01
201000040848;0;7;0;0;2;3;23;C01
201000040849;0;1;0;0;2;8;1;B01
201000040849;0;7;0;0;2;2;17;A01
201000040850;0;7;0;11;0;3;13;A01
201000040851;0;7;0;0;2;8;1;B01
201000040851;0;30;0;0;2;8;16;A01
201000040852;0;40;0;0;1;1;1;A01
201000040853;0;10;0;0;2;3;15;B01
201000040853;0;33;0;0;2;1;1;A01
201000040854;0;10;0;0;2;1;10;A01
201000040854;0;31;0;0;2;1;1;B01
201000040855;0;7;0;0;2;1;1;B01
201000040855;0;7;0;0;2;5;1;A01
201000040856;0;10;0;0;2;7;1;A01
201000040856;0;33;0;0;2;1;1;B01
201000040857;0;7;0;0;2;2;16;A01
201000040857;0;7;0;0;2;8;1;B01
201000040857;0;33;0;0;2;1;1;C01
201000040858;0;30;0;0;2;1;1;B01
201000040858;0;7;0;0;2;8;10;A01
201000040859;0;7;0;0;2;7;1;B01
201000040859;0;1;0;0;2;6;9;A01
201000040860;0;30;0;0;2;0;1;A01
201000040860;0;7;0;0;2;3;9;B01
201000040861;0;7;0;0;2;4;2;B01
201000040861;0;7;0;0;2;1;2;A01
201000040862;0;33;0;0;1;1;1;A01
201000040863;0;7;0;1;0;8;1;A01
201000040864;0;15;0;0;2;6;1;B01
201000040864;0;15;0;11;2;1;1;A01
201000040865;0;7;0;0;2;2;13;A01
201000040865;0;37;46;0;2;1;1;B01
201000040866;0;7;0;0;2;3;1;B01
201000040866;0;7;0;0;2;2;19;A01
201000040867;0;2;0;0;2;1;1;A01
201000040867;0;7;0;0;2;3;24;B01
201000040868;0;2;0;0;2;1;17;B01
201000040868;0;7;0;0;2;3;21;A01
201000040869;0;7;0;0;2;4;23;C01
201000040869;0;7;0;0;2;1;1;A01
201000040869;0;7;0;0;2;4;23;B01
201000040870;0;7;0;0;2;6;1;B01
201000040870;0;2;0;0;2;1;1;A01
201000040871;0;2;0;0;2;8;15;A01
201000040871;0;33;0;0;2;1;1;B01
201000040872;0;7;0;0;2;5;22;A01
201000040872;0;1;0;0;2;1;1;B01
201000040873;0;7;0;0;2;6;1;B01
201000040873;0;2;0;0;2;1;1;A01
201000040874;0;7;0;0;2;3;15;A01
201000040874;0;1;0;0;2;8;19;B01
201000040875;0;7;0;0;2;7;15;A01
201000040875;0;2;0;0;2;1;1;B01
201000040876;0;2;0;0;1;1;1;A01
201000040877;0;7;0;0;1;8;1;A01
201000040878;0;1;0;0;2;1;1;A01
201000040878;0;7;0;0;2;3;1;B01
201000040879;0;7;0;0;2;1;2;A01
201000040879;0;7;0;0;2;6;2;B01
201000040880;0;7;0;0;1;4;4;A01
201000040881;0;7;0;0;2;3;15;B01
201000040881;0;30;0;0;2;7;17;A01
201000040882;0;7;0;0;2;6;11;A01
201000040882;0;7;0;0;2;2;1;B01
201000040883;0;7;0;0;2;3;1;B01
201000040883;0;7;0;0;2;3;15;A01
201000040884;0;7;0;9;0;1;16;A01
201000040885;0;7;0;1;2;2;1;B01
201000040885;0;7;0;11;2;7;1;A01
201000040886;0;7;0;0;2;8;15;B01
201000040886;0;2;0;0;2;2;17;A01
201000040887;0;7;0;0;2;1;1;A01
201000040888;0;30;0;0;2;8;2;B01
201000040888;0;7;0;0;2;7;2;A01
201000040889;1;7;0;0;2;1;2;Z01
201000040889;0;20;0;0;2;4;2;A01
201000040890;0;1;0;0;2;1;9;A01
201000040890;0;1;0;0;2;7;1;B01
201000040891;0;7;0;1;0;1;1;A01
201000040891;0;17;0;0;2;4;24;B01
201000040892;0;7;0;0;2;8;11;A01
201000040892;0;33;0;0;2;7;1;B01
201000040893;0;7;0;0;2;3;1;B01
201000040893;0;7;0;0;2;6;9;A01
201000040894;0;7;0;0;2;4;2;B01
201000040894;0;10;0;0;2;1;2;A01
201000040895;0;7;0;0;2;3;1;B01