num_acc;senc;catv;occutc;obs;obsm;choc;manv;num_veh
201000041268;0;7;0;0;2;1;0;B01
201000041268;0;7;0;0;2;2;13;A01
201000041269;0;7;0;0;2;5;3;A01
201000041269;0;7;0;0;0;4;23;B01
201000041270;0;7;0;0;2;3;1;B01
201000041270;0;7;0;0;2;2;17;A01
201000041271;0;20;0;0;1;7;2;A01
201000041272;0;7;0;0;1;5;1;A01
201000041273;0;7;0;0;1;2;13;A01
201000041274;0;7;0;0;2;2;1;B01
201000041274;0;7;0;0;2;1;0;C01
201000041274;0;7;0;0;2;1;1;D01
201000041274;0;7;0;0;2;1;16;A01
201000041275;0;7;0;0;1;7;1;A01
201000041276;0;7;0;0;1;1;1;A01
201000041277;0;33;0;0;1;0;0;A01
201000041278;0;10;0;0;2;3;21;B01
201000041278;0;7;0;0;2;8;9;A01
201000041279;0;7;0;0;2;1;1;A01
201000041279;0;10;0;0;2;1;1;B01
201000041280;0;1;0;0;1;1;1;B01
201000041281;0;37;1;0;1;0;0;A01
201000041282;0;7;0;0;2;8;1;A01
201000041282;0;7;0;0;2;1;1;B01
201000041283;0;7;0;0;2;1;21;C01
201000041283;0;7;0;14;0;1;1;A01
201000041283;0;7;0;0;2;2;0;B01
201000041284;0;7;0;0;0;4;0;B01
201000041284;0;7;0;14;0;1;1;A01
201000041285;0;7;0;0;2;3;15;A01
201000041285;0;32;0;0;2;1;1;B01
201000041286;2;10;0;3;0;1;1;A01
201000041287;0;31;0;0;2;8;1;B01
201000041288;0;7;0;0;2;1;1;B01
201000041288;0;7;0;8;2;3;15;A01
201000041289;0;7;0;0;1;4;4;A01
201000041290;0;7;0;0;1;2;0;A01
201000041291;0;7;0;0;2;1;2;A01
201000041291;0;7;0;0;2;4;2;B01
201000041292;0;7;0;0;2;1;2;A01
201000041292;0;7;0;0;2;4;2;B01
201000041293;0;7;0;0;1;7;1;A01
201000041294;0;7;0;0;1;1;1;A01
201000041295;0;33;0;0;2;1;2;A01
201000041295;0;32;0;0;0;4;2;B01
201000041296;0;7;0;0;2;2;9;A01
201000041296;0;32;0;0;2;7;1;B01
201000041297;0;1;0;0;0;0;1;B01
201000041297;1;7;0;0;2;1;0;Z01
201000041298;0;7;0;0;2;3;16;A01
201000041298;0;1;0;0;2;1;19;B01
201000041299;0;7;0;0;2;8;20;B01
201000041299;0;32;0;1;2;1;17;A01
201000041300;0;7;0;0;2;1;1;B01
201000041300;0;7;0;0;2;1;15;A01
201000041301;0;7;0;0;2;2;10;A01
201000041301;0;7;0;0;2;1;1;B01
201000041302;0;7;0;0;2;8;10;B01
201000041302;0;7;0;0;2;1;1;A01
201000041303;0;7;0;0;1;2;1;A01
201000041304;0;7;0;0;2;1;15;A01
201000041304;0;30;0;0;2;8;1;B01
201000041305;0;37;31;0;0;0;1;A01
201000041306;0;10;0;0;2;3;1;B01
201000041306;0;30;0;0;2;1;15;A01
201000041307;0;7;0;1;0;1;19;A01
201000041308;0;7;0;0;2;1;1;B01
201000041308;0;7;0;0;2;1;15;A01
201000041309;0;1;0;0;2;9;19;B01
201000041309;0;10;0;0;2;3;1;A01
201000041310;0;7;0;6;0;2;15;A01
201000041311;0;10;0;0;1;4;4;A01
201000041312;0;33;0;0;2;1;1;B01
201000041312;0;7;0;0;2;6;10;A01
201000041313;0;1;0;0;2;8;19;B01
201000041313;0;7;0;0;2;1;1;A01
201000041314;0;7;0;0;2;3;1;B01
201000041314;0;7;0;0;2;1;15;A01
201000041315;0;34;0;0;2;4;2;B01
201000041315;0;10;0;0;2;4;23;C01
201000041315;0;7;0;0;2;1;2;A01
201000041316;0;7;0;0;2;7;16;A01
201000041316;0;33;0;0;2;2;7;B01
201000041317;1;7;0;0;1;1;1;Z01
201000041318;0;7;0;4;2;5;15;B01
201000041318;2;7;0;0;2;1;1;A01
201000041319;0;7;0;0;2;3;1;B01
201000041319;0;7;0;1;2;8;10;A01
201000041320;0;7;0;10;0;0;1;A01
201000041321;0;30;0;0;1;1;17;A01
201000041322;0;7;0;0;1;1;1;A01
201000041323;0;7;0;0;2;3;15;A01
201000041323;0;32;0;0;2;2;1;B01
201000041324;0;33;0;0;2;1;1;B01
201000041324;0;7;0;0;2;3;9;A01
201000041325;0;7;0;0;2;1;1;B01
201000041325;0;7;0;0;2;3;11;A01
201000041326;0;32;0;0;0;4;2;B01
201000041326;0;7;0;0;2;1;2;A01
201000041327;0;7;0;0;2;3;1;A01
201000041327;0;37;1;0;2;3;1;B01
201000041328;0;7;0;0;2;3;0;B01
201000041328;0;7;0;0;2;2;1;A01
201000041329;0;7;0;0;0;0;1;A01
201000041330;0;31;0;0;0;0;16;A01
201000041331;0;7;0;0;2;1;15;B01
201000041331;0;30;0;0;2;8;2;A01
201000041332;0;10;0;0;2;1;2;A01
201000041332;0;7;0;0;2;4;2;B01
201000041333;0;7;0;0;1;1;15;A01
201000041334;0;13;0;0;1;1;1;A01
201000041335;0;7;0;0;2;6;15;A01
201000041335;0;2;0;0;2;1;2;B01
201000041336;0;7;0;0;1;3;0;A01
201000041337;0;7;0;0;2;1;0;A01
201000041337;0;7;0;0;2;3;0;B01
201000041338;0;7;0;0;2;3;0;A01
201000041338;0;7;0;0;2;6;0;B01
201000041339;0;7;0;6;0;2;1;A01
201000041340;0;31;0;6;0;1;0;A01
201000041341;0;2;0;0;2;0;0;A01
201000041341;0;7;0;0;2;1;0;B01
201000041342;0;7;0;0;2;1;0;B01
201000041342;0;7;0;0;2;2;0;A01
201000041343;0;7;0;0;2;4;0;A01
201000041343;0;7;0;0;2;1;0;C01
201000041343;0;7;0;0;2;4;0;B01
201000041344;0;7;0;0;2;7;0;B01
201000041344;0;7;0;0;2;1;2;A01
201000041345;0;7;0;0;2;8;1;A01
201000041345;0;7;0;0;2;1;1;B01
201000041346;0;7;0;0;2;7;2;A01
201000041346;0;33;0;0;2;8;2;B01
201000041347;0;2;0;8;0;7;2;A01
201000041348;0;7;0;0;2;3;2;A01
201000041348;0;2;0;0;2;4;2;B01
201000041349;0;2;0;0;1;1;1;A01
201000041350;0;33;0;0;2;1;0;A01
201000041350;0;7;0;0;2;5;15;B01
201000041351;0;7;0;0;2;5;1;B01
201000041351;0;10;0;0;2;1;1;A01
201000041352;0;7;0;0;2;7;0;A01
201000041352;0;33;0;0;2;1;0;B01
201000041353;0;7;0;0;2;5;2;B01
201000041353;0;30;0;0;2;1;2;A01
201000041354;0;7;0;8;0;0;1;A01
201000041355;0;7;0;0;2;9;2;C01
201000041355;0;7;0;0;2;9;2;B01
201000041355;0;7;0;0;2;4;2;D01
201000041355;1;7;0;0;2;1;2;A01
201000041356;0;7;0;0;2;2;1;A01
201000041356;0;7;0;0;2;3;1;B01
201000041357;0;33;0;0;2;1;1;A01
201000041357;0;7;0;0;2;6;9;B01
201000041358;0;7;0;0;2;3;1;C01
201000041358;0;7;0;0;2;3;1;A01
201000041358;0;10;0;0;2;3;1;B01
201000041359;0;7;0;0;2;8;1;B01
201000041359;0;7;0;0;2;1;1;A01
201000041360;0;14;0;0;2;8;1;B01
201000041360;0;7;0;0;2;1;15;A01
201000041361;0;7;0;0;2;7;1;B01
201000041361;0;7;0;0;2;1;15;A01
201000041362;0;33;0;0;0;0;1;A01
201000041363;0;7;0;0;1;3;20;A01
201000041364;0;7;0;15;0;9;1;A01
201000041365;0;7;0;0;1;3;16;A01
201000041366;0;30;0;0;0;0;13;A01
201000041367;0;13;0;6;0;1;1;A01
201000041368;0;7;0;2;1;1;16;A01
201000041369;0;33;0;0;2;9;1;B01
201000041369;0;7;0;0;2;4;1;C01
201000041369;0;7;0;0;2;1;1;A01
201000041370;0;33;0;0;2;7;0;B01
201000041370;0;7;0;0;2;1;1;A01
201000041371;0;7;0;6;0;2;0;A01
201000041372;0;7;0;0;2;2;2;A01
201000041372;0;7;0;0;2;3;15;B01
201000041373;0;7;0;0;2;2;1;B01
201000041373;0;7;0;0;2;1;19;A01
201000041374;0;7;0;0;2;8;0;B01
201000041374;0;7;0;0;2;7;0;A01
201000041375;0;7;0;0;1;1;1;A01
201000041376;0;7;0;0;2;6;9;A01
201000041376;0;7;0;0;2;1;1;B01
201000041377;0;2;0;12;0;4;2;A01
201000041377;0;7;0;15;0;2;17;B01
201000041378;0;30;0;0;2;3;1;B01
201000041378;0;7;0;0;2;2;15;A01
201000041379;0;7;0;0;2;1;1;B01
201000041379;0;7;0;0;2;3;9;A01
201000041380;0;7;0;0;2;3;1;A01
201000041380;0;7;0;0;2;6;1;B01
201000041381;0;7;0;0;2;2;1;B01
201000041381;0;7;0;0;2;3;1;C01
201000041381;0;1;0;0;2;1;1;D01
201000041381;0;7;0;0;2;9;1;A01
201000041382;0;7;0;0;0;9;1;A01
201000041383;0;7;0;0;1;1;0;A01
201000041384;0;7;0;0;2;3;0;B01
201000041384;0;7;0;0;2;3;13;A01
201000041385;0;7;0;6;0;1;1;A01
201000041386;0;7;0;0;1;1;1;A01
201000041387;0;7;0;0;2;6;1;A01
201000041387;0;7;0;0;2;3;1;B01
201000041388;0;7;0;0;2;1;21;A01
201000041388;0;7;0;1;0;2;21;C01
201000041388;0;1;0;0;2;1;2;B01
201000041389;0;7;0;0;2;1;1;B01
201000041389;0;30;0;0;2;1;5;A01
201000041390;0;7;0;0;1;4;23;B01
201000041390;0;7;0;0;2;1;2;A01
201000041391;0;7;0;0;2;1;15;B01
201000041391;0;30;0;0;2;1;0;A01
201000041392;0;7;0;0;2;3;1;A01
201000041392;0;7;0;0;2;8;15;B01
201000041393;0;14;0;0;2;2;1;C01
201000041393;0;7;0;13;0;2;1;A01
201000041393;0;7;0;0;2;1;1;B01
201000041394;0;1;0;0;2;1;19;A01
201000041394;0;7;0;0;9;3;2;B01
201000041395;0;7;0;0;2;1;2;A01
201000041395;0;7;0;0;0;4;2;B01
201000041396;0;7;0;1;1;1;23;A01
201000041397;0;7;0;0;2;1;2;B01
201000041397;0;7;0;0;0;4;2;C01
201000041397;0;7;0;0;2;1;1;A01
201000041398;0;7;0;0;1;5;20;A01
201000041399;0;37;33;0;1;5;22;A01
201000041400;0;7;0;0;2;8;9;A01
201000041400;0;33;0;0;2;7;21;B01
201000041401;0;30;0;0;1;1;1;A01
201000041402;0;30;0;0;2;1;17;B01
201000041402;0;7;0;0;2;3;15;A01
201000041403;0;30;0;0;2;1;1;B01
201000041403;0;7;0;0;0;1;0;A01
201000041404;0;7;0;0;2;1;0;A01
201000041404;0;7;0;0;2;1;0;B01
201000041405;0;7;0;0;2;1;0;A01
201000041405;0;7;0;0;2;8;0;B01
201000041406;0;7;0;0;2;2;15;A01
201000041406;0;7;0;0;2;3;23;C01
201000041406;0;30;0;0;2;1;17;B01
201000041407;0;7;0;12;0;1;19;A01
201000041408;0;7;0;0;2;2;2;B01
201000041408;0;7;0;0;0;3;15;A01
201000041409;0;7;0;0;1;3;1;A01
201000041410;0;7;0;0;0;1;0;A01
201000041411;0;13;0;0;1;1;0;A01
201000041412;0;1;0;0;2;1;1;B01
201000041412;0;7;0;0;2;3;15;A01
201000041413;0;99;0;0;2;5;22;A01
201000041413;0;30;0;1;0;1;1;B01
201000041414;0;7;0;0;1;1;1;A01
201000041415;0;33;0;0;0;7;0;B01
201000041415;0;13;0;0;0;0;0;A01
201000041415;0;7;0;0;2;4;1;C01
201000041415;0;7;0;0;2;3;2;D01
201000041415;0;30;0;14;0;7;16;E01
201000041416;0;7;0;0;2;1;1;B01
201000041416;0;7;0;0;2;1;13;A01
201000041417;0;30;0;0;2;1;1;B01
201000041417;0;7;0;0;2;5;15;A01
201000041418;0;7;0;3;2;1;1;B01
201000041418;0;7;0;3;2;1;5;A01
201000041419;0;7;0;0;2;1;1;A01
201000041419;0;7;0;0;2;8;15;B01
201000041420;0;7;0;0;2;1;9;B01
201000041420;2;7;0;6;2;5;15;A01
201000041421;0;7;0;0;2;4;2;B01
201000041421;0;15;0;0;2;1;2;A01
201000041422;0;10;0;0;2;3;15;A01
201000041422;0;30;0;0;2;1;17;B01
201000041423;0;10;0;0;1;1;15;A01
201000041424;0;7;0;0;2;1;1;B01
201000041424;0;15;0;0;2;2;15;A01
201000041425;0;7;0;0;1;7;1;A01
201000041426;0;7;0;0;2;1;15;A01
201000041426;0;7;0;0;2;3;1;B01
201000041427;0;10;0;0;2;7;1;A01
201000041427;0;32;0;0;2;3;1;B01
201000041428;0;33;0;0;2;3;1;B01
201000041428;0;14;0;0;2;1;15;A01
201000041429;0;33;0;0;2;3;1;A01
201000041429;0;7;0;0;2;5;16;B01
201000041430;0;1;0;0;2;7;15;A01
201000041430;0;7;0;0;2;2;1;B01
201000041431;0;7;0;0;0;4;15;B01
201000041431;0;7;0;0;2;1;2;A01
201000041432;0;7;0;0;2;7;15;A01
201000041432;0;7;0;0;2;2;1;B01
201000041433;0;7;0;0;2;3;1;B01
201000041433;0;7;0;0;2;3;16;A01
201000041434;0;7;0;1;0;1;2;A01
201000041434;0;7;0;0;0;4;2;B01
201000041435;0;7;0;0;0;4;1;B01
201000041435;0;15;0;0;2;2;2;A01
201000041436;0;30;0;0;0;3;2;A01
201000041437;0;30;0;0;2;1;17;A01
201000041437;0;7;0;0;2;3;15;B01
201000041438;0;7;0;0;2;7;1;B01
201000041438;0;7;0;0;2;1;1;A01
201000041439;0;7;0;0;1;7;15;A01
201000041440;0;7;0;0;0;4;2;B01
201000041440;0;7;0;0;2;1;2;A01
201000041441;0;7;0;6;0;1;1;B01
201000041441;0;7;0;2;0;8;1;A01
201000041442;0;20;0;6;0;2;0;A01
201000041443;0;1;0;0;2;0;1;A01
201000041443;1;34;0;0;2;0;1;Z01
201000041444;0;7;0;0;0;0;9;A01
201000041444;0;33;0;0;2;0;21;B01
201000041445;0;7;0;0;2;1;2;A01
201000041445;0;7;0;0;0;4;2;B01
201000041446;0;30;0;0;2;1;1;B01
201000041446;0;7;0;0;2;3;15;A01
201000041447;0;7;0;3;0;3;1;A01
201000041448;0;33;0;0;2;1;1;B01
201000041448;0;7;0;0;2;3;5;A01
201000041449;0;14;0;0;1;7;16;A01
201000041450;0;7;0;0;2;5;16;B01
201000041450;0;30;0;0;2;3;1;A01
201000041451;0;33;0;0;0;6;2;A01
201000041451;0;7;0;0;2;2;2;B01
201000041452;0;7;0;0;2;3;1;B01
201000041452;0;7;0;0;0;1;1;A01
201000041453;0;33;0;0;2;1;1;B01
201000041453;0;2;0;0;2;3;10;A01
201000041454;0;7;0;2;0;1;15;A01
201000041455;0;7;0;0;2;1;11;B01
201000041455;0;7;0;0;0;3;6;A01
201000041456;0;7;0;0;1;1;1;A01
201000041457;0;7;0;0;2;3;1;B01
201000041457;0;30;0;1;2;7;1;A01
201000041458;0;7;0;0;2;4;2;B01
201000041458;0;10;0;0;2;1;2;A01
201000041458;0;7;0;0;2;4;2;D01
201000041458;0;10;0;0;2;4;2;C01
201000041459;0;30;0;0;2;1;2;A01
201000041459;0;7;0;0;0;4;1;B01
201000041460;0;7;0;0;1;1;2;A01
201000041461;0;7;0;0;0;0;0;B01
201000041461;0;2;0;0;0;1;2;A01
201000041462;0;7;0;0;2;1;1;B01
201000041462;0;7;0;1;2;7;13;A01
201000041463;0;7;0;0;2;4;1;A01
201000041463;0;7;0;0;2;4;23;B01
201000041464;0;7;0;0;1;2;1;A01
201000041465;0;7;0;0;1;1;0;A01
201000041466;0;7;0;0;0;6;2;B01
201000041466;0;33;0;0;2;9;2;A01
201000041467;0;33;0;0;2;0;21;B01
201000041467;0;7;0;0;2;6;10;A01
201000041468;1;7;0;0;1;1;1;Z01
201000041469;0;14;0;0;2;1;23;C01
201000041469;0;7;0;0;2;3;1;B01
201000041469;0;7;0;0;2;2;19;A01
201000041470;0;1;0;0;2;1;1;B01
201000041470;0;7;0;0;2;6;15;A01
201000041471;0;7;0;0;1;3;1;A01
201000041472;0;10;0;0;0;7;2;B01
201000041472;0;7;0;0;0;8;2;A01
201000041473;0;7;0;0;2;1;2;A01
201000041473;0;7;0;0;2;4;2;B01
201000041474;0;7;0;0;1;3;15;A01
201000041475;0;7;0;0;0;3;11;B01
201000041475;0;30;0;0;0;8;12;A01
201000041476;0;7;0;0;1;7;2;B01
201000041477;0;7;0;0;2;8;9;A01
201000041477;0;7;0;0;2;1;1;B01
201000041478;0;31;0;0;2;8;2;B01
201000041478;0;7;0;0;2;3;15;A01
201000041479;0;7;0;0;2;2;1;B01
201000041479;0;30;0;0;2;1;15;A01
201000041480;0;7;0;0;2;4;2;B01
201000041480;0;7;0;0;2;1;2;A01
201000041480;2;7;0;0;0;4;2;Z01
201000041480;0;7;0;0;2;4;2;C01
201000041481;0;7;0;0;1;2;1;A01
201000041482;0;7;0;0;2;1;2;A01
201000041482;0;7;0;0;2;4;1;B01
201000041482;0;7;0;0;0;0;15;C01
201000041483;0;7;0;0;2;1;1;B01
201000041483;0;7;0;0;2;1;13;A01
201000041484;0;7;0;0;0;4;23;B01
201000041484;0;7;0;0;2;1;2;A01
201000041485;0;7;0;8;0;1;1;A01
201000041486;0;7;0;0;1;1;1;A01
201000041487;0;7;0;0;0;0;0;C01
201000041487;0;7;0;0;0;4;2;B01
201000041487;0;7;0;0;2;1;2;A01
201000041488;0;7;0;0;2;4;1;B01
201000041488;0;31;0;0;2;1;1;A01
201000041489;0;32;0;14;0;8;2;A01
201000041490;0;7;0;15;0;2;1;A01
201000041491;0;7;0;0;2;1;2;A01
201000041491;0;7;0;0;0;4;2;B01
201000041492;0;7;0;0;2;4;2;B01
201000041492;0;7;0;0;2;1;2;A01
201000041492;0;7;0;0;0;4;2;C01
201000041493;0;7;0;0;2;1;1;B01
201000041493;0;7;0;0;2;7;15;A01
201000041494;0;7;0;0;1;1;1;A01
201000041495;0;7;0;0;1;1;1;A01
201000041496;0;7;0;0;9;2;15;B01
201000041496;0;31;0;0;2;1;1;A01
201000041497;0;7;0;0;2;3;1;B01
201000041497;0;1;0;0;2;1;5;A01
201000041498;0;7;0;0;1;7;1;A01
201000041499;0;99;0;0;2;1;2;A01
201000041499;0;7;0;0;0;4;2;B01
201000041500;0;7;0;0;2;3;15;A01
201000041500;0;33;0;0;2;1;15;B01
201000041501;0;7;0;0;0;2;1;A01
201000041502;0;7;0;0;1;2;1;A01
201000041503;0;7;0;2;0;1;2;A01
201000041504;0;1;0;0;9;6;1;B01
201000041504;0;1;0;0;9;7;17;A01
201000041505;0;7;0;0;2;2;1;B01
201000041505;0;1;0;0;2;7;19;A01
201000041506;0;30;0;0;2;7;17;A01
201000041506;0;7;0;0;9;3;15;B01
201000041507;0;7;0;0;2;1;9;A01
201000041507;0;7;0;0;2;1;1;C01
201000041507;0;7;0;0;2;6;2;B01
201000041508;0;7;0;0;2;1;0;B01
201000041508;0;7;0;0;2;1;0;A01
201000041509;0;7;0;14;2;2;15;A01
201000041509;0;30;0;0;2;1;1;B01
201000041510;0;99;0;0;2;3;15;B01
201000041510;0;10;0;0;2;1;7;A01
201000041511;0;14;0;0;9;7;1;B01
201000041511;0;99;0;0;2;8;0;A01
201000041512;0;7;0;0;0;6;0;B01
201000041512;0;33;0;0;0;1;1;A01
201000041513;0;13;0;0;2;7;17;A01
201000041513;0;3;0;2;0;9;1;B01
201000041514;0;7;0;0;1;8;1;A01
201000041515;0;30;0;0;2;1;1;A01
201000041515;0;7;0;0;2;7;16;B01
201000041516;0;30;0;12;0;0;15;A01
201000041517;1;7;0;0;1;1;0;Z01
201000041518;0;36;0;0;2;3;16;A01
201000041518;0;7;0;0;2;6;1;B01
201000041519;0;7;0;8;0;1;1;A01
201000041520;0;30;0;0;2;2;15;A01
201000041520;0;7;0;0;9;1;1;B01
201000041521;0;7;0;0;2;5;1;A01
201000041521;0;30;0;0;2;1;2;B01
201000041522;0;7;0;0;2;2;16;B01
201000041522;0;30;0;0;2;3;18;A01
201000041523;0;1;0;1;0;2;1;A01
201000041524;0;31;0;0;2;1;1;B01
201000041524;0;7;0;0;2;2;0;A01
201000041525;0;7;0;0;1;2;1;A01
201000041526;0;7;0;0;0;3;17;B01
201000041526;0;34;0;0;0;1;1;A01
201000041527;0;7;0;0;1;1;1;A01
201000041528;0;7;0;8;0;8;13;A01
201000041529;0;7;0;0;1;0;16;A01
201000041529;0;1;0;0;2;0;0;B01
201000041530;0;7;0;0;2;2;1;B01
201000041530;0;7;0;0;2;2;15;A01
201000041531;0;7;0;0;1;1;1;A01
201000041532;0;2;0;3;0;3;1;A01
201000041533;0;7;0;0;9;1;1;C01
201000041533;0;7;0;0;2;5;15;A01
201000041533;0;33;0;0;2;1;1;B01
201000041534;0;33;0;0;2;7;2;B01
201000041534;0;7;0;0;2;8;11;A01
201000041535;0;10;0;0;2;2;10;A01
201000041535;0;32;0;0;2;1;1;B01
201000041536;0;7;0;0;2;4;2;B01
201000041536;0;7;0;0;2;1;2;A01
201000041537;0;7;0;0;2;4;2;B01
201000041537;0;7;0;0;2;1;2;A01
201000041538;0;7;0;1;1;1;1;A01
201000041539;0;7;0;0;0;7;15;A01
201000041539;0;7;0;0;2;1;1;B01
201000041540;0;7;0;0;2;8;2;B01
201000041540;0;33;0;0;2;7;17;A01
201000041541;0;32;0;0;0;0;21;A01
201000041541;0;7;0;0;0;0;23;B01
201000041542;0;7;0;0;1;3;1;A01
201000041543;0;33;0;0;2;4;1;A01
201000041543;0;7;0;0;2;1;15;B01
201000041544;0;7;0;12;2;2;1;B01
201000041544;0;7;0;0;2;1;16;A01
201000041545;0;7;0;0;2;8;1;B01
201000041545;0;10;0;0;2;8;1;C01
201000041545;0;7;0;0;2;3;15;A01
201000041546;0;7;0;0;2;1;1;B01
201000041546;0;7;0;0;2;1;5;A01
201000041547;0;7;0;0;1;3;1;A01
201000041548;0;7;0;0;0;8;0;A01
201000041549;0;7;0;0;2;1;0;A01
201000041550;0;7;0;0;1;5;4;A01
201000041551;0;7;0;0;1;1;19;A01
201000041552;0;7;0;0;0;7;15;A01
201000041552;0;7;0;0;2;2;1;B01
201000041553;0;7;0;0;2;3;15;A01
201000041553;0;7;0;0;2;1;1;B01
201000041554;0;7;0;8;0;3;1;A01
201000041555;0;7;0;0;2;1;0;B01
201000041555;0;7;0;0;2;1;0;A01
201000041556;0;7;0;6;0;1;1;A01
201000041557;0;7;0;0;2;3;1;D01
201000041557;0;7;0;0;2;6;23;B01
201000041557;0;7;0;0;2;2;21;A01
201000041557;0;7;0;0;2;1;1;C01
201000041558;0;7;0;0;1;1;1;A01
201000041559;0;7;0;0;2;3;15;B01
201000041559;0;1;0;0;2;1;0;A01
201000041560;0;7;0;0;1;1;2;A01
201000041561;0;33;0;0;1;1;21;A01
201000041562;0;7;0;0;2;1;17;A01
201000041562;0;20;0;0;2;8;15;B01
201000041563;0;7;0;0;1;1;1;A01
201000041564;0;7;0;0;1;3;1;A01
201000041565;0;7;0;0;2;2;2;A01
201000041565;0;7;0;0;2;6;2;B01
201000041566;0;7;0;0;1;2;16;A01
201000041567;0;7;0;6;0;1;21;A01
201000041568;0;37;1;0;1;2;1;A01
201000041569;0;7;0;8;0;1;2;A01
201000041570;0;7;0;0;2;3;0;B01
201000041570;0;7;0;0;2;1;15;A01
201000041571;0;7;0;0;9;1;15;A01
201000041571;0;1;0;0;2;1;0;B01
201000041572;0;7;0;0;2;8;1;B01
201000041572;0;7;0;0;2;7;15;A01
201000041573;0;7;0;0;2;1;19;A01
201000041573;0;7;0;0;2;1;1;B01
201000041574;0;7;0;3;0;2;16;A01
201000041575;0;7;0;0;1;2;1;A01
201000041576;0;7;0;0;2;1;2;A01
201000041576;0;37;1;0;2;4;23;B01
201000041577;0;7;0;0;1;3;2;A01
201000041578;0;7;0;1;0;2;14;A01
201000041578;0;7;0;1;0;8;24;B01
201000041579;0;7;0;0;1;2;1;A01
201000041580;0;32;0;0;2;8;23;B01
201000041580;1;7;0;0;1;2;13;Z01
201000041581;0;7;0;0;2;1;17;B01
201000041581;0;34;0;0;2;1;7;A01
201000041582;1;30;0;0;9;1;2;A01
201000041582;0;30;0;0;9;0;2;B01
201000041583;0;7;0;0;2;1;0;A01
201000041584;0;7;0;0;1;1;1;A01
201000041585;0;7;0;0;9;1;1;B01
201000041585;0;30;0;0;2;1;5;A01
201000041586;0;7;0;0;1;1;1;A01
201000041587;0;33;0;1;0;1;2;A01
201000041588;0;7;0;0;2;3;2;A01
201000041588;0;7;0;0;2;4;2;B01
201000041589;0;30;0;14;0;0;1;A01
201000041590;0;1;0;0;2;1;0;B01
201000041590;0;7;0;0;9;1;1;A01
201000041591;0;7;0;1;2;4;24;B01
201000041591;0;7;0;9;2;4;24;C01
201000041591;0;7;0;1;0;5;1;A01
201000041592;0;7;0;0;2;1;1;B01
201000041592;0;7;0;0;2;2;1;A01
201000041593;0;7;0;0;2;3;1;B01
201000041593;0;7;0;0;2;2;15;A01
201000041594;0;7;0;0;1;1;13;A01
201000041595;0;3;0;0;2;6;11;A01
201000041595;0;99;0;0;2;7;1;B01
201000041595;0;37;1;0;2;6;23;C01
201000041596;0;7;0;0;2;4;2;C01
201000041596;0;7;0;14;2;1;2;B01
201000041596;0;7;0;0;2;1;2;A01
201000041597;0;10;0;0;1;2;1;A01
201000041598;0;7;0;0;2;2;1;B01
201000041598;0;7;0;0;2;1;1;A01
201000041599;0;7;0;0;2;1;5;A01
201000041599;0;7;0;0;2;1;5;B01
201000041600;0;7;0;0;2;4;23;C01
201000041600;0;7;0;0;2;4;23;B01
201000041600;0;7;0;0;2;1;1;A01
201000041601;0;7;0;0;2;3;2;A01
201000041601;0;30;0;0;2;0;2;B01
201000041602;0;10;0;0;2;1;19;B01
201000041602;0;10;0;0;2;2;15;A01
201000041603;0;30;0;0;2;1;1;B01
201000041603;0;10;0;0;2;7;15;A01
201000041604;0;7;0;0;0;4;23;B01
201000041604;0;32;0;0;2;0;1;A01
201000041605;0;7;0;0;1;2;0;A01
201000041606;0;40;0;0;2;1;2;B01
201000041606;0;3;0;0;9;9;0;A01
201000041607;0;10;0;0;1;2;1;A01
201000041608;0;7;0;0;2;1;9;A01
201000041608;0;1;0;0;2;8;19;B01
201000041608;0;7;0;0;1;6;15;C01
201000041609;0;7;0;0;2;2;11;A01
201000041609;0;7;0;0;2;3;1;B01
201000041610;0;7;0;0;1;2;1;A01
201000041611;0;7;0;0;2;4;23;B01
201000041611;0;7;0;0;2;4;23;C01
201000041611;0;7;0;0;2;1;2;A01
201000041612;0;2;0;0;2;1;2;A01
201000041612;0;7;0;0;2;0;15;B01
201000041613;1;7;0;0;0;0;0;Z01
201000041614;0;3;0;0;2;1;1;A01
201000041614;0;7;0;0;2;1;1;B01
201000041615;0;32;0;0;2;1;1;A01
201000041615;0;7;0;0;2;2;17;B01
201000041616;1;7;0;0;2;0;0;Z01
201000041617;0;7;0;0;2;1;2;B01
201000041617;0;7;0;0;2;5;15;A01
201000041618;0;10;0;0;2;1;9;A01
201000041618;0;10;0;0;2;3;15;B01
201000041619;0;7;0;0;2;1;1;A01
201000041619;0;7;0;0;2;4;1;B01
201000041620;0;7;0;0;2;4;2;A01
201000041620;0;7;0;14;0;1;2;B01
201000041621;0;7;0;0;2;1;9;A01
201000041621;0;32;0;0;2;1;17;B01
201000041622;0;7;0;3;2;3;1;B01
201000041622;0;7;0;15;2;2;1;A01
201000041623;0;7;0;0;2;3;2;A01
201000041623;0;33;0;0;2;1;0;B01
201000041624;0;10;0;0;2;1;1;B01
201000041624;0;2;0;0;2;7;1;A01
201000041625;0;7;0;0;2;3;1;B01
201000041625;0;7;0;0;2;1;1;A01
201000041626;0;7;0;0;2;1;0;A01
201000041626;0;30;0;0;2;7;0;B01
201000041627;1;7;0;0;1;0;0;A01
201000041628;0;7;0;0;2;3;24;A01
201000041628;0;1;0;0;2;1;2;B01
201000041629;0;10;0;0;1;3;1;A01
201000041630;0;33;0;8;0;9;14;A01