num_acc;senc;catv;occutc;obs;obsm;choc;manv;num_veh
201000041631;0;2;0;0;2;1;1;B01
201000041631;0;10;0;0;2;2;15;A01
201000041632;0;7;0;0;2;7;11;A01
201000041632;0;7;0;0;2;1;1;B01
201000041633;0;7;0;0;2;2;2;A01
201000041633;0;7;0;0;2;8;13;B01
201000041634;0;7;0;0;2;3;15;B01
201000041634;0;32;0;0;2;0;17;A01
201000041635;0;7;0;0;2;1;2;A01
201000041635;0;7;0;0;2;4;2;B01
201000041636;0;10;0;0;2;3;9;B01
201000041636;0;2;0;0;2;1;11;A01
201000041637;0;7;0;0;2;6;1;B01
201000041637;0;7;0;0;2;3;15;A01
201000041638;0;7;0;0;0;0;2;A01
201000041638;0;30;0;0;2;0;0;B01
201000041639;0;33;0;0;2;7;1;B01
201000041639;0;7;0;0;2;8;20;A01
201000041640;0;7;0;0;2;3;15;B01
201000041640;0;7;0;9;2;2;17;A01
201000041641;0;7;0;0;2;5;15;A01
201000041641;0;33;0;0;2;1;2;B01
201000041642;1;10;0;0;1;0;0;Z01
201000041643;0;7;0;0;1;4;4;A01
201000041644;0;7;0;0;2;8;20;A01
201000041644;0;32;0;0;2;7;17;B01
201000041645;0;7;0;0;1;3;1;A01
201000041645;0;7;0;0;1;3;1;B01
201000041646;0;7;0;1;0;1;13;A01
201000041647;0;33;0;0;2;1;1;B01
201000041647;0;7;0;0;2;3;15;A01
201000041648;0;10;0;0;2;3;15;B01
201000041648;0;30;0;0;2;2;2;A01
201000041649;0;10;0;7;0;0;1;A01
201000041650;0;33;0;12;0;0;1;A01
201000041651;0;30;0;0;2;1;0;B01
201000041651;0;7;0;0;2;1;1;A01
201000041652;0;7;0;0;2;1;15;A01
201000041652;0;30;0;0;2;1;1;B01
201000041653;0;15;0;0;0;0;2;B01
201000041653;0;7;0;0;2;1;2;A01
201000041654;0;10;0;0;1;2;2;A01
201000041655;0;32;0;0;0;0;1;A01
201000041656;0;7;0;0;0;4;2;B01
201000041656;0;33;0;0;2;9;2;A01
201000041657;0;10;0;0;2;3;2;B01
201000041657;0;32;0;0;2;1;15;A01
201000041658;0;7;0;0;2;1;19;A01
201000041658;0;7;0;0;2;1;2;B01
201000041659;0;7;0;1;0;1;0;A01
201000041660;0;2;0;15;0;1;1;A01
201000041661;0;7;0;0;2;4;1;B01
201000041661;0;7;0;0;2;1;2;A01
201000041662;0;7;0;1;1;1;0;A01
201000041663;0;7;0;0;1;2;1;A01
201000041664;0;33;0;0;2;1;21;A01
201000041664;0;10;0;0;0;4;23;B01
201000041665;0;10;0;0;1;5;4;A01
201000041666;0;7;0;0;2;4;1;B01
201000041666;0;7;0;0;2;1;2;A01
201000041667;0;33;0;0;2;1;1;B01
201000041667;0;10;0;0;2;3;15;A01
201000041668;0;2;0;1;0;1;23;A01
201000041669;0;7;0;0;2;4;2;B01
201000041669;0;7;0;0;2;1;2;A01
201000041670;0;10;0;0;1;1;1;A01
201000041671;0;7;0;0;2;3;15;A01
201000041671;0;33;0;0;2;0;0;B01
201000041672;0;10;0;0;2;1;1;B01
201000041672;0;10;0;0;2;2;1;A01
201000041673;0;7;0;0;2;1;1;B01
201000041673;2;7;0;0;2;1;9;A01
201000041674;0;7;0;0;2;1;15;A01
201000041674;0;7;0;0;2;2;1;B01
201000041675;0;7;0;0;1;2;1;A01
201000041676;0;10;0;0;2;6;2;B01
201000041676;0;10;0;0;2;3;15;A01
201000041677;1;7;0;0;1;0;0;A01
201000041678;0;2;0;0;2;1;1;A01
201000041678;0;7;0;0;2;3;15;B01
201000041679;0;7;0;0;1;1;2;A01
201000041680;0;7;0;0;2;3;1;B01
201000041680;0;7;0;0;2;5;10;A01
201000041681;0;40;1;0;1;1;0;A01
201000041682;0;7;0;0;2;4;2;A01
201000041682;0;7;0;0;2;1;2;B01
201000041683;0;7;0;0;2;3;1;B01
201000041683;0;7;0;0;2;2;1;A01
201000041684;0;10;0;0;2;0;16;A01
201000041684;0;32;0;0;2;8;2;B01
201000041685;0;2;0;0;2;1;2;B01
201000041685;0;7;0;0;2;2;15;A01
201000041686;0;7;0;4;0;1;2;A01
201000041687;0;7;0;8;2;1;1;B01
201000041687;0;7;0;8;0;7;15;A01
201000041688;2;7;0;1;0;1;13;A01
201000041689;0;40;1;0;1;1;2;A01
201000041690;0;7;0;0;2;1;15;A01
201000041690;0;7;0;0;2;8;1;C01
201000041690;0;7;0;0;2;8;1;B01
201000041691;0;7;0;0;1;2;1;A01
201000041692;0;20;0;1;0;3;15;A01
201000041692;0;7;0;0;2;2;24;B01
201000041693;1;10;0;0;1;0;0;A01
201000041694;0;20;0;0;2;2;17;A01
201000041694;0;14;0;0;2;6;11;B01
201000041695;0;14;0;0;1;2;1;A01
201000041696;0;7;0;0;2;3;1;B01
201000041696;0;7;0;0;2;7;16;A01
201000041697;0;30;0;0;2;8;1;B01
201000041697;0;7;0;0;2;2;1;A01
201000041698;0;2;0;9;0;1;1;A01
201000041699;1;7;0;0;1;2;1;Z01
201000041700;0;7;0;0;2;1;2;A01
201000041700;0;10;0;0;0;4;2;B01
201000041701;0;32;0;12;0;1;1;A01
201000041702;0;7;0;0;1;2;11;A01
201000041703;0;7;0;0;2;3;11;A01
201000041703;0;7;0;0;2;1;0;B01
201000041704;0;2;0;0;2;3;2;A01
201000041704;0;7;0;0;2;5;2;B01
201000041705;0;7;0;0;1;3;15;A01
201000041706;0;10;0;0;0;3;0;B01
201000041706;1;30;0;0;2;1;1;A01
201000041707;0;10;0;0;1;0;4;A01
201000041708;0;33;0;0;2;1;1;B01
201000041708;0;7;0;0;2;7;15;A01
201000041709;0;1;0;0;0;7;3;B01
201000041709;0;7;0;0;0;8;1;A01
201000041710;0;15;0;0;2;6;0;B01
201000041710;0;7;0;1;0;1;2;A01
201000041711;0;7;0;0;2;1;2;A01
201000041711;0;7;0;0;2;8;2;B01
201000041712;0;7;0;0;2;5;19;A01
201000041712;0;7;0;0;2;1;1;B01
201000041713;0;30;0;0;2;7;2;A01
201000041713;1;7;0;0;2;0;2;B01
201000041714;1;99;0;0;1;1;0;A01
201000041715;0;7;0;0;1;1;15;A01
201000041716;0;7;0;0;1;2;0;A01
201000041717;0;7;0;0;2;3;16;B01
201000041717;0;7;0;0;2;2;1;A01
201000041718;0;7;0;0;2;3;1;A01
201000041718;0;7;0;0;2;1;1;B01
201000041719;0;30;0;0;2;1;1;B01
201000041719;0;7;0;0;2;2;15;A01
201000041720;0;7;0;0;1;3;15;A01
201000041721;0;7;0;0;1;2;16;A01
201000041722;0;7;0;0;1;4;4;A01
201000041723;0;2;0;0;2;1;17;B01
201000041723;0;7;0;0;2;8;9;A01
201000041724;0;10;0;0;2;9;11;A01
201000041724;0;7;0;0;2;1;1;B01
201000041725;0;7;0;0;1;4;1;A01
201000041726;0;7;0;0;2;1;1;B01
201000041726;0;7;0;0;2;8;10;A01
201000041727;0;7;0;0;1;2;1;A01
201000041728;0;7;0;0;2;8;1;C01
201000041728;0;7;0;0;2;4;1;B01
201000041728;0;7;0;0;2;1;1;A01
201000041729;0;37;1;0;1;2;1;A01
201000041730;0;7;0;0;1;0;1;A01
201000041731;0;7;0;0;1;3;16;A01
201000041732;0;30;0;0;2;1;1;B01
201000041732;0;7;0;0;2;7;15;A01
201000041733;1;7;0;0;1;0;15;Z01
201000041734;0;2;0;0;2;1;2;A01
201000041734;0;7;0;0;0;5;2;B01
201000041735;0;7;0;0;2;4;2;A01
201000041735;1;99;0;0;2;1;2;B01
201000041736;0;20;0;0;2;3;10;A01
201000041736;0;32;0;0;2;9;2;B01
201000041737;0;7;0;0;2;5;15;A01
201000041737;0;34;0;0;2;1;1;B01
201000041738;0;7;0;0;2;5;15;A01
201000041738;0;34;0;0;2;1;1;B01
201000041739;0;7;0;0;1;0;1;A01
201000041740;0;7;0;0;2;1;1;A01
201000041740;0;33;0;0;2;1;1;B01
201000041741;0;7;0;0;2;3;9;B01
201000041741;0;33;0;0;2;1;17;A01
201000041742;0;7;0;0;1;2;1;A01
201000041743;0;2;0;0;2;3;1;B01
201000041743;0;1;0;0;2;1;9;A01
201000041744;0;7;0;6;2;3;14;A01
201000041744;0;7;0;0;2;3;1;B01
201000041745;0;2;0;0;0;1;1;A01
201000041746;0;7;0;0;2;9;1;A01
201000041747;0;40;1;0;2;1;1;A01
201000041747;0;1;0;0;4;1;1;B01
201000041748;0;2;0;0;2;1;1;B01
201000041748;0;7;0;0;2;2;16;A01
201000041749;0;7;0;0;2;1;15;A01
201000041749;0;37;36;0;2;7;8;B01
201000041750;0;30;0;0;2;7;1;A01
201000041750;1;7;0;0;2;0;1;Z01
201000041751;0;7;0;0;2;4;1;A01
201000041751;0;13;0;0;2;1;1;B01
201000041752;0;7;0;0;1;2;1;A01
201000041753;0;2;0;0;2;1;1;B01
201000041753;0;7;0;0;2;2;1;A01
201000041754;0;7;0;0;1;2;1;A01
201000041755;0;33;0;0;2;1;1;A01
201000041755;0;7;0;0;2;0;15;B01
201000041756;1;30;0;0;0;0;23;B01
201000041756;0;7;0;0;1;2;0;A01
201000041757;0;30;0;0;1;3;1;A01
201000041758;0;7;0;1;1;0;22;B01
201000041758;0;14;0;0;1;0;1;A01
201000041759;0;7;0;0;2;8;23;A01
201000041759;0;1;0;0;2;1;1;B01
201000041760;0;7;0;0;1;2;0;A01
201000041761;0;99;0;0;2;4;2;B01
201000041761;0;14;0;0;2;1;2;A01
201000041761;0;7;0;0;2;4;2;C01
201000041762;0;10;0;0;2;1;17;A01
201000041762;0;7;0;0;2;1;1;B01
201000041763;0;7;0;0;2;8;11;A01
201000041763;0;7;0;0;2;1;1;B01
201000041764;0;7;0;0;2;1;1;B01
201000041764;0;2;0;1;2;1;1;A01
201000041765;0;7;0;0;1;1;1;A01
201000041766;0;7;0;0;1;3;1;A01
201000041767;0;1;0;0;2;4;1;B01
201000041767;0;33;0;0;2;1;1;A01
201000041768;0;1;0;1;2;1;1;B01
201000041768;0;7;0;0;2;8;22;A01
201000041769;0;1;0;0;2;7;1;B01
201000041769;0;7;0;0;2;1;15;A01
201000041770;0;7;0;0;1;2;1;A01
201000041771;0;7;0;0;2;1;15;A01
201000041771;0;33;0;0;2;8;1;B01
201000041772;0;33;0;0;2;1;1;B01
201000041772;0;10;0;0;2;1;15;A01
201000041773;0;7;0;0;1;2;1;A01
201000041774;0;7;0;0;1;1;1;A01
201000041775;1;7;0;0;2;7;17;Z01
201000041775;0;30;0;0;2;8;1;B01
201000041776;0;7;0;0;2;7;10;A01
201000041776;0;33;0;0;2;1;1;B01
201000041777;0;33;0;0;2;1;1;A01
201000041778;0;33;0;5;0;0;1;A01
201000041779;0;30;0;0;2;7;12;A01
201000041779;0;7;0;0;2;8;2;B01
201000041780;0;10;0;0;1;4;4;A01
201000041781;0;2;0;0;1;1;1;A01
201000041782;0;7;0;0;2;6;9;A01
201000041782;0;33;0;0;2;2;1;B01
201000041783;0;7;0;0;1;1;1;A01
201000041784;0;31;0;0;2;9;1;A01
201000041784;0;7;0;0;2;1;1;B01
201000041785;0;7;0;0;2;1;1;B01
201000041785;0;7;0;0;2;7;15;A01
201000041786;0;32;0;1;2;1;1;A01
201000041786;0;7;0;0;2;5;23;B01
201000041787;0;10;0;0;2;3;15;A01
201000041787;0;33;0;0;2;1;1;B01
201000041788;0;7;0;0;2;2;15;A01
201000041788;0;7;0;0;2;1;1;B01
201000041789;0;7;0;0;1;0;1;A01
201000041790;0;31;0;7;0;1;0;A01
201000041791;0;7;0;0;2;1;9;A01
201000041791;0;7;0;0;2;8;1;B01
201000041792;0;32;0;0;1;8;1;A01
201000041793;0;7;0;0;2;1;1;A01
201000041793;0;1;0;0;2;1;1;B01
201000041794;0;1;0;0;2;1;0;B01
201000041794;0;33;0;0;2;3;1;A01
201000041795;0;33;0;0;2;1;0;B01
201000041795;0;7;0;0;2;8;15;A01
201000041796;0;7;0;0;1;0;1;A01
201000041797;0;10;0;0;1;4;4;A01
201000041798;0;7;0;0;1;3;1;A01
201000041799;0;30;0;14;0;1;3;B01
201000041799;0;7;0;0;2;6;1;A01
201000041800;0;7;0;4;0;0;2;A01
201000041800;1;7;0;0;0;0;2;Z01
201000041801;1;7;0;0;1;1;1;Z01
201000041802;0;1;0;0;2;1;1;A01
201000041802;0;7;0;0;2;2;1;B01
201000041803;0;30;0;0;2;1;1;A01
201000041803;0;7;0;0;9;8;1;B01
201000041804;0;33;0;0;2;1;1;A01
201000041804;0;7;0;0;2;7;15;B01
201000041805;0;2;0;0;0;0;1;A01
201000041806;1;7;0;0;1;0;1;Z01
201000041807;0;7;0;0;1;2;1;A01
201000041808;0;7;0;1;2;1;1;A01
201000041809;0;7;0;0;1;1;1;A01
201000041810;0;7;0;0;2;8;0;A01
201000041810;0;37;20;0;2;2;1;B01
201000041811;0;33;0;0;1;1;1;A01
201000041812;0;7;0;0;1;2;1;A01
201000041813;0;7;0;0;2;1;1;A01
201000041813;0;7;0;0;2;1;1;B01
201000041814;0;7;0;8;1;2;15;A01
201000041815;0;7;0;12;0;3;2;A01
201000041816;0;7;0;0;2;0;15;A01
201000041816;0;33;0;0;2;1;1;B01
201000041817;0;1;0;0;2;1;1;A01
201000041817;1;7;0;0;2;1;15;Z01
201000041818;0;31;0;0;2;6;1;B01
201000041818;0;3;0;0;2;1;15;A01
201000041819;0;7;0;0;2;7;15;A01
201000041819;0;1;0;0;2;1;0;B01
201000041820;0;7;0;0;2;1;1;B01
201000041820;0;7;0;6;2;7;19;A01
201000041821;0;2;0;0;2;1;13;A01
201000041821;0;7;0;0;2;1;1;B01
201000041822;0;7;0;0;1;1;1;B01
201000041823;2;7;0;0;2;3;0;A01
201000041823;0;7;0;0;2;1;1;B01
201000041824;0;7;0;0;0;7;0;B01
201000041824;2;7;0;0;2;1;0;A01
201000041825;0;1;0;0;2;7;5;B01
201000041825;0;7;0;0;9;1;0;A01
201000041826;0;32;0;0;2;2;21;A01
201000041826;0;32;0;0;0;0;0;B01
201000041827;0;7;0;0;2;3;15;A01
201000041827;0;33;0;0;2;1;1;B01
201000041828;0;7;0;0;2;2;1;A01
201000041828;0;7;0;0;2;1;1;B01
201000041829;0;7;0;13;0;1;1;A01
201000041830;0;7;0;0;9;8;3;A01
201000041830;0;33;0;0;2;1;1;B01
201000041831;0;7;0;0;2;1;15;A01
201000041831;0;7;0;6;0;8;2;B01
201000041832;0;10;0;0;0;8;15;B01
201000041832;0;32;0;0;2;2;2;A01
201000041833;0;7;0;0;0;2;15;B01
201000041833;2;7;0;0;2;1;1;A01
201000041834;0;7;0;0;2;1;2;A01
201000041834;0;7;0;0;0;4;2;B01
201000041835;0;7;0;0;2;2;10;A01
201000041835;0;2;0;0;2;1;0;B01
201000041836;0;7;0;0;2;4;2;C01
201000041836;0;38;1;0;2;4;2;D01
201000041836;0;7;0;0;2;1;2;A01
201000041836;0;7;0;0;2;4;2;B01
201000041837;0;2;0;0;2;8;1;A01
201000041837;0;7;0;0;2;2;16;B01
201000041838;0;7;0;0;0;4;23;B01
201000041838;1;7;0;0;2;1;2;Z01
201000041839;0;30;0;0;2;1;2;B01
201000041839;0;7;0;0;2;2;15;A01
201000041840;0;7;0;0;2;3;1;B01
201000041840;0;7;0;0;2;3;13;A01
201000041841;0;7;0;0;2;2;15;A01
201000041841;0;30;0;0;2;1;19;B01
201000041842;0;7;0;12;0;2;15;A01
201000041843;1;7;0;0;1;2;0;Z01
201000041844;0;7;0;0;2;7;1;B01
201000041844;0;7;0;0;2;1;1;A01
201000041845;0;30;0;12;0;1;1;A01
201000041846;0;1;0;0;2;8;2;V01
201000041846;0;7;0;0;9;3;9;A01
201000041847;0;7;0;0;1;7;1;B01
201000041848;0;7;0;0;2;1;13;A01
201000041848;0;7;0;0;2;1;1;B01
201000041849;0;31;0;0;2;2;17;A01
201000041849;0;7;0;0;2;3;15;B01
201000041850;0;7;0;0;0;5;15;A01
201000041850;0;2;0;0;2;1;1;B01
201000041851;0;7;0;0;2;2;16;B01
201000041851;0;30;0;0;2;1;18;A01
201000041852;0;7;0;0;0;0;0;B01
201000041852;0;7;0;0;0;0;0;A01
201000041853;0;7;0;0;1;7;1;A01
201000041854;0;7;0;0;1;2;1;A01
201000041855;0;7;0;0;2;7;1;A01
201000041855;0;30;0;0;2;8;1;B01
201000041856;0;7;0;0;2;1;1;A01
201000041856;0;30;0;0;2;1;14;B01
201000041857;0;10;0;8;0;1;14;A01
201000041858;0;10;0;0;2;5;24;B01
201000041858;0;7;0;1;0;3;13;A01
201000041859;0;33;0;12;0;3;14;A01
201000041860;0;7;0;0;1;1;16;A01
201000041861;0;7;0;0;1;2;1;A01
201000041862;0;10;0;0;2;1;13;A01
201000041862;0;7;0;0;2;1;1;B01
201000041863;0;7;0;0;2;2;1;B01
201000041863;0;7;0;0;2;2;15;A01
201000041864;0;10;0;0;2;1;1;A01
201000041864;0;14;0;0;2;6;15;B01
201000041865;0;7;0;0;2;8;1;B01
201000041865;0;10;0;0;2;6;13;A01
201000041866;0;14;0;0;2;1;1;A01
201000041866;0;7;0;0;2;6;1;B01
201000041867;0;7;0;0;2;4;16;B01
201000041867;0;7;0;0;2;1;1;A01
201000041868;0;7;0;0;2;4;23;B01
201000041868;0;7;0;0;2;1;1;A01
201000041869;0;1;0;0;2;1;1;B01
201000041869;0;7;0;0;9;2;15;A01
201000041870;0;7;0;0;2;2;15;A01
201000041870;0;7;0;0;2;1;1;B01
201000041871;0;7;0;6;0;1;14;A01
201000041872;0;31;0;12;0;1;17;A01
201000041873;0;7;0;0;2;6;2;B01
201000041873;0;10;0;0;2;5;9;C01
201000041873;0;10;0;0;2;1;1;A01
201000041874;0;30;0;0;2;8;1;B01
201000041874;0;7;0;0;2;2;15;A01
201000041875;0;31;0;4;2;9;13;A01
201000041875;0;7;0;0;2;2;1;B01
201000041876;0;7;0;6;0;3;15;A01
201000041877;0;7;0;13;0;3;1;A01
201000041878;0;7;0;0;2;2;1;B01
201000041878;0;7;0;0;2;3;1;C01
201000041878;0;7;0;0;2;8;16;A01
201000041879;0;33;0;0;2;1;1;B01
201000041879;0;7;0;0;2;8;15;A01
201000041880;0;7;0;0;2;3;10;A01
201000041880;0;7;0;0;2;2;1;B01
201000041881;0;30;0;0;2;1;1;B01
201000041881;0;7;0;0;2;2;1;A01
201000041882;0;33;0;0;2;4;15;B01
201000041882;0;7;0;0;2;3;15;A01
201000041883;1;7;0;15;1;1;14;A01
201000041884;0;7;0;0;2;3;1;A01
201000041884;0;7;0;0;2;4;1;B01
201000041885;0;33;0;0;2;3;1;B01
201000041885;0;7;0;0;2;2;15;A01
201000041886;0;32;0;15;0;1;1;A01
201000041887;0;7;0;0;2;1;2;A01
201000041887;0;7;0;0;2;4;1;B01
201000041888;0;7;0;8;0;2;21;A01
201000041889;0;30;0;0;2;1;21;A01
201000041889;0;7;0;0;2;4;15;B01
201000041890;0;7;0;9;2;7;1;A01
201000041890;0;7;0;8;2;1;1;B01
201000041891;0;10;0;0;2;1;21;A01
201000041891;0;7;0;0;2;2;15;B01
201000041892;0;7;0;0;2;4;23;C01
201000041892;0;7;0;0;2;1;1;A01
201000041892;0;7;0;0;2;4;23;B01
201000041893;0;32;0;0;2;1;2;A01
201000041893;0;7;0;0;2;4;1;B01
201000041894;0;32;0;0;2;2;1;B01
201000041894;0;7;0;0;2;4;4;A01
201000041895;0;7;0;0;9;7;1;B01
201000041895;0;1;0;0;2;2;18;A01
201000041896;0;7;0;0;1;2;1;A01
201000041897;0;7;0;0;2;3;21;A01
201000041897;0;10;0;0;2;2;17;B01
201000041898;0;33;0;0;0;8;1;A01
201000041899;0;7;0;12;2;1;2;B01
201000041899;0;7;0;0;2;5;15;A01
201000041900;0;7;0;0;1;2;9;A01
201000041901;0;7;0;0;2;5;15;A01
201000041901;0;7;0;0;2;3;1;C01
201000041901;0;7;0;0;2;1;21;B01
201000041902;0;10;0;0;2;1;2;A01
201000041902;0;7;0;0;2;4;1;B01
201000041903;0;7;0;0;2;1;1;A01
201000041903;0;7;0;0;2;4;2;B01
201000041904;0;14;0;0;2;3;15;B01
201000041904;0;7;0;0;2;1;1;A01
201000041905;0;10;0;0;1;2;9;A01
201000041906;0;30;0;0;0;7;1;A01
201000041907;0;30;0;0;2;1;13;A01
201000041907;0;7;0;0;2;1;1;B01
201000041908;0;7;0;6;0;3;13;A01
201000041909;0;31;0;0;2;1;1;B01
201000041909;0;15;0;0;2;7;15;A01
201000041910;0;7;0;1;0;2;1;A01
201000041911;0;7;0;0;2;4;23;B01
201000041911;0;7;0;0;2;1;2;A01
201000041911;0;7;0;0;2;4;23;C01
201000041912;0;7;0;0;2;3;15;B01
201000041912;0;7;0;0;2;8;1;C01
201000041912;0;7;0;0;2;3;21;A01
201000041912;0;7;0;0;2;3;1;D01
201000041913;0;33;0;0;0;7;1;A01
201000041914;0;1;0;0;2;1;1;A01
201000041914;0;7;0;0;2;3;16;B01
201000041915;0;40;1;0;2;2;1;B01
201000041915;0;7;0;15;4;3;15;A01
201000041916;0;7;0;0;1;1;1;A01
201000041917;0;7;0;0;1;2;6;A01
201000041918;0;10;0;1;0;2;14;A01
201000041919;0;7;0;6;0;1;15;A01
201000041920;0;7;0;0;1;3;1;A01
201000041920;0;7;0;0;1;2;23;B01
201000041921;0;2;0;0;2;1;1;B01
201000041921;0;7;0;0;2;2;15;A01
201000041922;0;14;0;8;4;7;1;A01
201000041922;0;40;4;0;2;1;1;B01
201000041923;0;1;0;0;2;1;1;A01
201000041923;0;7;0;0;2;3;1;B01
201000041924;0;7;0;0;2;2;15;A01
201000041924;0;33;0;0;2;6;1;B01
201000041925;0;7;0;8;0;1;15;A01
201000041926;0;7;0;0;2;1;1;A01
201000041926;0;7;0;0;2;4;2;B01
201000041927;0;33;0;0;0;0;1;A01
201000041928;0;7;0;2;0;0;1;A01
201000041929;0;7;0;0;2;7;15;A01
201000041929;0;7;0;0;2;1;1;B01
201000041930;0;32;0;0;0;8;1;A01
201000041931;0;7;0;0;1;3;15;A01
201000041932;0;7;0;0;1;3;1;A01
201000041933;0;7;0;1;0;1;15;A01
201000041934;0;7;0;2;0;7;14;A01
201000041935;0;7;0;0;1;1;1;A01
201000041936;0;7;0;0;0;1;1;B01
201000041936;0;7;0;15;0;7;1;A01
201000041937;0;7;0;0;2;1;13;A01
201000041937;0;7;0;0;0;1;1;B01
201000041938;0;7;0;0;2;3;1;B01
201000041938;0;7;0;6;2;1;1;A01
201000041939;0;7;0;0;1;3;1;A01
201000041940;0;7;0;15;0;2;1;B01
201000041940;0;7;0;15;2;1;1;A01
201000041941;0;30;0;0;2;1;1;B01
201000041941;0;7;0;0;2;5;15;A01
201000041942;0;7;0;0;1;3;9;A01
201000041943;0;7;0;0;2;1;1;B01
201000041943;0;10;0;0;2;2;15;A01
201000041944;0;7;0;0;2;3;1;B01
201000041944;0;7;0;0;2;3;1;C01
201000041944;0;7;0;0;2;1;13;A01
201000041945;0;7;0;3;0;7;14;A01
201000041946;0;7;0;0;1;2;16;A01
201000041947;0;31;0;0;2;1;1;B01
201000041947;0;7;0;0;2;2;10;A01
201000041948;0;17;0;0;0;6;1;B01
201000041948;0;7;0;4;2;2;17;A01
201000041949;0;38;5;0;1;5;7;A01
201000041950;0;7;0;0;2;3;21;B01
201000041950;0;7;0;0;2;2;13;A01
201000041951;0;7;0;6;0;1;1;A01
201000041952;0;7;0;0;2;3;15;A01
201000041952;0;2;0;0;2;1;17;B01
201000041953;0;7;0;0;1;2;1;A01
201000041954;0;7;0;0;2;8;1;B01
201000041954;0;15;0;0;2;3;13;A01
201000041955;0;10;0;0;2;1;2;A01
201000041955;0;7;0;0;0;4;23;B01
201000041956;0;7;0;2;0;3;1;A01
201000041957;0;7;0;0;5;2;1;A01
201000041958;0;32;0;12;2;5;1;B01
201000041958;0;7;0;0;2;3;9;A01
201000041959;0;38;1;0;2;1;1;B01
201000041959;0;2;0;0;2;1;13;A01
201000041960;0;7;0;0;0;4;1;B01
201000041960;0;2;0;0;2;1;2;A01
201000041961;0;7;0;0;2;2;1;A01
201000041961;0;2;0;0;2;1;1;B01
201000041962;0;7;0;0;2;3;9;A01
201000041962;0;32;0;0;2;7;1;B01
201000041963;0;7;0;0;1;1;1;A01
201000041964;0;7;0;0;2;8;10;A01
201000041964;0;30;0;0;2;1;1;B01
201000041965;0;14;0;0;2;1;2;A01
201000041965;0;7;0;0;2;4;1;B01
201000041966;0;15;0;0;2;3;13;A01
201000041966;0;10;0;0;2;3;11;C01
201000041966;0;7;0;0;2;1;1;D01
201000041966;0;15;0;0;2;1;1;B01
201000041967;0;7;0;0;1;1;1;A01
201000041968;0;7;0;0;2;4;1;B01
201000041968;0;15;0;0;2;1;2;A01
201000041969;0;7;0;0;2;2;1;B01
201000041969;0;30;0;0;2;1;15;A01
201000041970;0;15;0;0;2;1;1;B01
201000041970;0;7;0;3;2;1;13;A01
201000041971;0;3;0;0;2;7;15;A01
201000041971;0;7;0;0;2;1;1;B01
201000041972;0;7;0;0;2;2;1;B01
201000041972;0;1;0;0;2;1;19;A01
201000041973;0;7;0;0;2;4;1;B01
201000041973;0;10;0;0;2;1;2;A01
201000041974;0;7;0;0;1;4;4;A01
201000041975;0;2;0;0;2;1;1;B01
201000041975;0;10;0;15;2;1;5;A01
201000041976;0;7;0;0;2;8;9;A01
201000041976;0;31;0;0;2;7;1;B01
201000041977;0;7;0;0;1;1;1;A01
201000041978;0;7;0;0;1;3;1;A01
201000041979;0;33;0;0;2;7;1;A01
201000041979;0;7;0;0;2;8;1;B01
201000041980;0;7;0;0;2;1;1;B01
201000041980;0;7;0;0;2;7;15;A01
201000041981;0;7;0;0;1;5;4;A01
201000041982;0;7;0;5;2;1;9;A01
201000041982;0;7;0;5;2;5;1;B01
201000041983;0;7;0;0;2;2;15;A01
201000041983;0;7;0;0;2;1;1;B01
201000041984;0;7;0;0;1;1;1;A01
201000041985;0;7;0;0;1;3;1;A01
201000041986;0;1;0;0;0;8;2;B01
201000041986;0;7;0;0;9;2;2;A01
201000041987;0;7;0;3;2;8;1;B01
201000041987;0;15;0;0;2;6;13;A01
201000041987;0;7;0;0;2;8;1;C01
201000041988;0;15;0;3;0;8;1;A01
201000041989;0;2;0;0;2;1;1;B01
201000041989;0;7;0;0;2;3;9;A01
201000041990;0;7;0;0;1;3;1;A01
201000041991;0;7;0;0;0;6;1;B01
201000041991;0;33;0;0;2;3;1;A01
201000041992;0;31;0;0;0;0;0;A01
201000041993;0;31;0;0;2;1;1;B01
201000041993;0;7;0;0;2;3;15;A01
201000041994;0;7;0;0;2;2;1;B01
201000041994;0;30;0;0;2;1;1;A01
201000041995;0;33;0;0;2;1;2;B01
201000041995;0;7;0;0;2;8;2;A01
201000041996;0;1;0;0;2;7;1;B01
201000041996;0;7;0;0;2;1;16;A01
201000041997;0;7;0;0;2;1;1;B01
201000041997;0;7;0;0;2;2;1;C01
201000041997;0;7;0;0;2;3;16;A01
201000041998;0;7;0;0;2;4;2;B01
201000041998;0;31;0;0;2;1;2;A01
201000041999;0;7;0;0;1;1;16;A01
201000042000;0;30;0;0;2;1;15;A01
201000042000;0;7;0;0;2;7;1;B01
201000042001;0;7;0;0;2;2;0;A01
201000042001;0;30;0;15;2;1;1;B01
201000042002;0;2;0;0;2;1;1;B01
201000042002;0;7;0;0;2;3;9;A01
201000042003;0;7;0;0;1;2;1;A01
201000042004;0;7;0;0;1;3;15;A01
201000042005;0;7;0;0;2;4;2;D01
201000042005;0;7;0;0;2;4;1;C01
201000042005;0;15;0;0;2;1;2;A01
201000042005;0;7;0;0;2;4;2;E01
201000042005;0;7;0;0;2;4;1;B01
201000042006;0;7;0;0;2;3;1;C01
201000042006;0;7;0;3;2;6;1;B01
201000042006;0;7;0;0;2;1;13;A01