num_acc;senc;catv;occutc;obs;obsm;choc;manv;num_veh
201000042761;0;7;0;0;2;2;1;A01
201000042762;1;7;0;0;1;0;0;A01
201000042763;0;7;0;0;1;1;1;A01
201000042764;0;7;0;0;2;8;1;B01
201000042764;0;7;0;0;2;2;1;A01
201000042765;0;7;0;0;1;1;1;A01
201000042766;0;7;0;0;2;1;15;B01
201000042766;0;30;0;0;2;1;1;A01
201000042767;0;7;0;0;2;1;17;A01
201000042767;0;7;0;0;2;6;15;B01
201000042768;1;7;0;0;0;0;0;A01
201000042768;0;2;0;16;0;0;1;B01
201000042769;0;7;0;0;2;1;1;A01
201000042769;0;1;0;0;2;3;19;B01
201000042770;1;7;0;0;1;1;1;Z01
201000042771;0;1;0;0;2;3;19;B01
201000042771;1;7;0;0;2;1;1;Z01
201000042772;0;30;0;0;1;1;1;A01
201000042773;0;7;0;0;2;2;15;A01
201000042773;0;1;0;0;2;1;1;B01
201000042774;0;7;0;0;1;1;1;A01
201000042775;0;7;0;8;2;1;1;B01
201000042775;0;7;0;2;2;1;1;A01
201000042776;0;7;0;0;1;3;1;A01
201000042777;0;7;0;0;1;4;4;A01
201000042778;0;7;0;0;2;2;15;A01
201000042778;0;33;0;0;2;1;1;B01
201000042779;0;7;0;0;1;1;16;A01
201000042780;0;2;0;0;2;1;17;A01
201000042780;0;7;0;0;2;3;15;B01
201000042781;0;7;0;5;0;0;1;A01
201000042782;0;7;0;0;2;4;1;B01
201000042782;0;7;0;0;2;1;1;A01
201000042783;0;2;0;0;2;1;1;A01
201000042783;0;7;0;0;2;3;1;B01
201000042784;1;17;0;0;2;2;1;Z01
201000042784;0;1;0;0;2;0;1;B01
201000042785;0;7;0;0;2;6;1;A01
201000042785;0;33;0;0;2;2;1;B01
201000042786;0;7;0;0;2;1;1;A01
201000042786;0;7;0;5;2;4;23;B01
201000042787;0;7;0;12;0;2;1;A01
201000042788;1;7;0;0;2;0;2;Z01
201000042788;0;3;0;0;2;4;2;B01
201000042789;1;7;0;0;2;1;15;Z01
201000042789;0;2;0;0;2;8;1;A01
201000042790;1;7;0;0;1;0;1;Z01
201000042791;1;7;0;0;1;2;1;Z01
201000042792;0;7;0;0;1;2;1;A01
201000042793;1;7;0;0;2;0;9;Z01
201000042793;0;2;0;0;2;7;1;B01
201000042794;1;7;0;0;1;1;1;A01
201000042795;0;7;0;0;2;4;23;B01
201000042795;2;7;0;0;2;1;1;A01
201000042796;0;7;0;0;2;4;23;B01
201000042796;0;7;0;0;2;1;1;A01
201000042797;1;7;0;0;1;0;0;A01
201000042798;1;7;0;0;2;0;0;A01
201000042798;0;2;0;0;2;3;1;B01
201000042799;0;1;0;0;2;1;0;B01
201000042799;1;7;0;0;2;0;0;Z01
201000042800;0;7;0;0;2;4;23;B01
201000042800;1;7;0;0;2;1;1;Z01
201000042801;0;7;0;0;2;2;9;A01
201000042801;0;7;0;0;2;3;1;B01
201000042802;1;7;0;0;2;0;0;Z01
201000042802;0;30;0;0;2;1;0;B01
201000042803;0;7;0;0;2;7;16;B01
201000042803;0;2;0;0;2;3;1;A01
201000042804;0;7;0;9;0;9;13;A01
201000042805;0;7;0;13;0;1;13;A01
201000042806;0;30;0;0;2;2;1;A01
201000042806;0;7;0;0;2;3;1;B01
201000042807;0;7;0;11;0;1;14;A01
201000042808;0;7;0;0;2;3;15;A01
201000042808;0;7;0;0;2;3;1;B01
201000042809;0;7;0;0;2;8;1;B01
201000042809;0;7;0;0;2;1;15;A01
201000042810;0;30;0;0;0;0;0;A01
201000042811;0;7;0;0;1;3;1;A01
201000042812;0;7;0;0;1;1;1;A01
201000042813;0;7;0;0;1;2;15;A01
201000042814;0;30;0;0;1;0;1;A01
201000042815;0;2;0;0;2;7;17;B01
201000042815;0;7;0;0;2;8;11;A01
201000042816;0;7;0;0;1;1;1;A01
201000042817;0;7;0;12;2;6;1;D01
201000042817;0;7;0;0;2;6;1;B01
201000042817;0;10;0;0;2;1;1;A01
201000042817;0;7;0;0;2;5;1;C01
201000042818;0;31;0;0;2;1;1;B01
201000042818;0;7;0;12;9;3;15;A01
201000042819;0;15;0;4;2;8;2;B01
201000042819;0;33;0;0;2;7;21;A01
201000042820;0;7;0;2;0;1;1;A01
201000042821;0;7;0;0;1;2;16;A01
201000042822;0;10;0;0;2;7;15;A01
201000042822;0;1;0;0;2;2;1;B01
201000042823;0;7;0;13;2;1;1;A01
201000042823;0;15;0;0;2;8;4;B01
201000042824;0;7;0;0;1;8;1;A01
201000042825;0;7;0;0;2;3;1;B01
201000042825;0;7;0;0;2;3;1;A01
201000042826;0;7;0;1;1;3;1;A01
201000042827;0;3;0;0;2;3;15;A01
201000042827;0;30;0;0;2;1;1;B01
201000042828;1;7;0;0;0;0;15;Z01
201000042829;0;7;0;0;0;0;15;A01
201000042829;0;31;0;0;0;0;21;B01
201000042830;0;7;0;0;2;1;13;A01
201000042830;0;7;0;0;2;1;1;B01
201000042831;0;7;0;0;1;4;1;A01
201000042832;0;7;0;0;2;1;0;A01
201000042832;0;7;0;0;2;3;0;B01
201000042833;0;7;0;0;2;1;2;A01
201000042833;0;7;0;0;2;4;2;B01
201000042834;0;30;0;0;0;8;0;A01
201000042835;0;30;0;0;2;1;2;A01
201000042835;0;7;0;0;2;3;15;B01
201000042836;0;7;0;4;2;1;2;D01
201000042836;0;7;0;0;2;1;2;A01
201000042836;0;7;0;0;2;4;2;C01
201000042836;0;7;0;4;2;4;2;B01
201000042837;0;30;0;0;2;0;1;B01
201000042837;0;1;0;0;2;8;15;A01
201000042838;0;7;0;1;0;9;0;A01
201000042839;0;7;0;0;1;1;1;A01
201000042840;0;7;0;0;2;1;1;D01
201000042840;0;7;0;0;2;1;1;B01
201000042840;0;7;0;0;0;4;2;A01
201000042840;0;7;0;12;2;1;1;C01
201000042841;0;33;0;0;2;2;16;A01
201000042841;0;14;0;0;2;8;1;B01
201000042842;0;7;0;0;2;3;13;B01
201000042842;0;30;0;12;2;7;2;A01
201000042843;0;7;0;9;2;1;5;A01
201000042843;0;7;0;0;2;8;15;B01
201000042844;0;7;0;0;2;2;8;B01
201000042844;0;7;0;0;2;6;19;A01
201000042845;0;33;0;9;0;1;1;A01
201000042846;0;7;0;0;2;2;1;B01
201000042846;0;7;0;0;2;1;1;A01
201000042847;0;7;0;15;0;1;1;A01
201000042848;0;7;0;0;2;3;15;B01
201000042848;0;31;0;0;2;7;17;A01
201000042849;0;99;0;0;1;1;1;A01
201000042850;0;30;0;0;0;0;15;A01
201000042851;0;1;0;0;0;0;0;A01
201000042851;0;7;0;15;2;3;0;C01
201000042851;0;37;0;0;2;3;1;B01
201000042852;0;7;0;0;2;0;1;A01
201000042852;0;7;0;0;2;1;1;B01
201000042853;0;7;0;13;0;9;1;A01
201000042854;0;1;0;0;2;8;19;A01
201000042854;0;33;0;0;2;1;1;B01
201000042854;0;7;0;0;2;5;2;C01
201000042855;0;31;0;0;2;1;1;B01
201000042855;0;7;0;0;2;3;15;A01
201000042856;0;2;0;8;0;0;14;B01
201000042856;0;7;0;8;2;2;15;A01
201000042857;0;37;1;0;1;3;1;A01
201000042858;0;7;0;8;0;1;15;A01
201000042859;0;7;0;0;2;3;11;A01
201000042859;0;32;0;0;2;1;1;B01
201000042860;1;30;0;0;1;1;1;Z01
201000042861;0;7;0;0;2;5;12;A01
201000042861;0;15;0;0;2;3;1;B01
201000042862;0;7;0;0;1;1;1;A01
201000042863;0;7;0;0;2;3;1;B01
201000042863;0;7;0;0;2;1;5;A01
201000042864;0;7;0;0;2;2;21;B01
201000042864;0;7;0;12;2;1;15;A01
201000042865;0;7;0;3;2;3;15;B01
201000042865;0;33;0;5;2;1;1;A01
201000042866;0;7;0;0;2;1;1;A01
201000042866;0;7;0;0;2;1;1;B01
201000042867;0;7;0;0;2;0;12;A01
201000042867;0;33;0;0;2;7;16;B01
201000042868;0;7;0;0;1;1;1;A01
201000042869;0;33;0;0;0;8;1;A01
201000042870;0;7;0;8;0;1;13;A01
201000042871;0;2;0;0;2;8;1;B01
201000042871;0;7;0;10;2;2;16;A01
201000042872;0;7;0;1;1;3;15;A01
201000042873;0;7;0;0;0;0;2;B01
201000042873;0;15;0;2;0;1;14;A01
201000042874;0;33;0;0;2;1;1;B01
201000042874;0;7;0;0;9;7;15;A01
201000042875;0;30;0;0;1;7;17;A01
201000042875;0;7;0;0;2;3;2;B01
201000042876;2;7;0;0;2;2;1;A01
201000042876;0;7;0;4;2;4;1;B01
201000042877;0;38;37;9;0;1;1;A01
201000042878;0;31;0;0;2;1;13;A01
201000042878;0;7;0;0;2;3;1;B01
201000042879;0;7;0;11;2;7;0;A01
201000042879;0;2;0;0;2;1;19;B01
201000042880;0;2;0;0;0;0;2;A01
201000042881;0;40;0;0;1;0;1;A01
201000042882;0;7;0;10;0;8;17;A01
201000042883;0;30;0;0;0;7;1;A01
201000042884;0;7;0;0;9;3;22;A01
201000042884;0;1;0;1;2;0;1;B01
201000042885;0;30;0;0;2;1;1;A01
201000042885;0;99;0;0;2;6;23;B01
201000042886;0;7;0;0;1;2;1;A01
201000042887;0;7;0;0;1;0;4;A01
201000042888;0;7;0;0;9;3;15;A01
201000042888;0;30;0;0;2;1;1;B01
201000042889;0;7;0;0;1;2;1;A01
201000042890;0;33;0;0;2;7;15;B01
201000042890;0;7;0;0;2;3;1;A01
201000042891;0;7;0;0;2;7;1;A01
201000042891;0;33;0;0;2;1;1;B01
201000042892;1;7;0;0;0;0;0;A01
201000042893;0;7;0;0;1;0;1;A01
201000042894;0;7;0;0;2;1;1;B01
201000042894;0;7;0;0;2;3;5;A01
201000042895;0;7;0;1;2;3;14;A01
201000042896;0;2;0;0;0;0;0;A01
201000042896;0;7;0;0;2;1;1;B01
201000042897;0;7;0;0;2;5;1;B01
201000042897;0;99;0;2;2;1;1;A01
201000042898;0;7;0;0;2;6;1;A01
201000042898;0;33;0;0;2;1;1;B01
201000042899;0;7;0;13;0;1;0;A01
201000042900;0;7;0;12;2;2;1;A01
201000042901;0;7;0;1;1;1;15;A01
201000042902;0;30;0;0;2;1;1;A01
201000042902;0;7;0;0;9;6;2;B01
201000042903;0;30;0;0;0;9;1;A01
201000042904;0;7;0;6;0;1;1;A01
201000042905;0;34;0;0;1;6;4;A01
201000042906;0;33;0;0;2;5;1;B01
201000042906;0;15;0;0;2;3;6;A01
201000042907;0;7;0;0;2;2;15;A01
201000042907;0;30;0;0;2;8;1;B01
201000042908;0;7;0;9;0;1;1;A01
201000042909;0;31;0;0;2;2;1;B01
201000042909;0;7;0;0;2;6;14;A01
201000042910;0;2;0;1;2;1;2;A01
201000042910;0;30;0;1;2;4;2;B01
201000042910;0;30;0;1;2;1;2;C01
201000042911;0;7;0;0;2;3;15;A01
201000042911;0;2;0;0;2;1;15;B01
201000042912;0;7;0;0;2;3;1;B01
201000042912;0;31;0;0;2;1;13;A01
201000042913;0;2;0;0;2;1;1;A01
201000042913;0;7;0;0;2;7;1;B01
201000042913;0;7;0;0;9;8;1;C01
201000042914;0;2;0;0;0;8;10;A01
201000042915;0;7;0;0;1;2;1;A01
201000042916;0;7;0;0;2;1;1;A01
201000042917;0;7;0;3;0;0;1;A01
201000042918;0;7;0;13;0;2;5;A01
201000042919;0;37;1;0;1;7;1;A01
201000042920;0;7;0;0;2;9;1;B01
201000042920;0;7;0;3;2;9;3;A01
201000042920;0;7;0;3;2;9;1;C01
201000042921;0;7;0;0;0;4;0;B01
201000042921;0;33;0;1;0;1;0;A01
201000042922;0;33;0;0;2;1;1;B01
201000042922;0;7;0;0;2;7;15;A01
201000042923;0;37;1;0;0;4;23;C01
201000042923;0;7;0;0;2;4;2;B01
201000042923;0;7;0;0;2;1;2;A01
201000042924;0;33;0;4;0;0;2;A01
201000042925;0;33;0;0;2;3;16;A01
201000042925;1;7;0;0;2;1;15;Z01
201000042926;0;31;0;0;2;4;1;B01
201000042926;0;7;0;0;2;0;1;A01
201000042927;0;33;0;0;2;3;0;A01
201000042927;0;7;0;8;2;3;15;B01
201000042928;0;10;0;0;2;0;1;B01
201000042928;0;7;0;0;0;3;15;A01
201000042929;0;30;0;0;1;1;1;A01
201000042930;0;33;0;11;0;1;1;A01
201000042931;0;7;0;13;0;1;1;A01
201000042932;0;7;0;0;2;1;1;A01
201000042932;0;7;0;0;2;5;15;B01
201000042933;0;7;0;1;1;0;1;B01
201000042933;0;33;0;0;0;3;1;A01
201000042933;0;7;0;6;1;0;1;C01
201000042934;0;33;0;12;2;1;17;A01
201000042934;0;7;0;11;2;8;2;B01
201000042935;0;7;0;0;2;1;2;A01
201000042935;0;31;0;0;2;4;2;B01
201000042936;0;2;0;0;0;1;1;A01
201000042937;0;30;0;11;0;3;13;A01
201000042938;0;7;0;0;2;3;1;A01
201000042938;0;7;0;0;2;1;1;B01
201000042939;0;30;0;0;2;1;1;B01
201000042939;0;7;0;0;2;3;15;A01
201000042940;0;30;0;0;2;1;21;A01
201000042940;0;7;0;0;2;2;1;B01
201000042941;0;7;0;2;0;3;1;A01
201000042942;0;7;0;0;2;1;2;A01
201000042942;0;7;0;0;2;1;2;B01
201000042942;0;7;0;0;2;4;1;C01
201000042943;0;33;0;0;2;1;2;B01
201000042943;0;7;0;0;9;7;15;A01
201000042944;0;7;0;4;0;3;2;A01
201000042945;0;1;0;0;0;1;15;A01
201000042945;0;40;0;0;0;0;19;B01
201000042946;0;33;0;0;0;8;0;A01
201000042947;0;7;0;0;2;8;0;A01
201000042947;0;33;0;0;2;1;1;B01
201000042948;0;7;0;0;2;2;15;A01
201000042948;0;7;0;0;2;8;1;B01
201000042949;0;7;0;0;1;5;1;A01
201000042950;0;7;0;0;2;2;1;B01
201000042950;0;2;0;0;2;0;15;A01
201000042951;0;33;0;12;1;0;1;A01
201000042952;0;30;0;0;0;0;0;A01
201000042952;1;7;0;0;0;0;0;Z01
201000042953;0;31;0;0;2;3;1;B01
201000042953;0;7;0;0;2;8;15;A01
201000042954;0;7;0;0;2;8;21;A01
201000042954;0;7;0;0;2;3;20;B01
201000042955;0;7;0;13;6;8;0;A01
201000042956;0;7;0;8;9;9;1;A01
201000042957;0;7;0;0;1;1;1;B01
201000042958;0;7;0;0;2;8;1;B01
201000042958;0;7;0;0;2;1;1;A01
201000042959;0;33;0;11;0;1;1;A01
201000042960;0;32;0;2;2;1;1;A01
201000042960;0;7;0;0;2;2;15;B01
201000042961;0;7;0;13;0;0;1;A01
201000042962;0;7;0;1;0;1;15;A01
201000042962;0;7;0;0;2;4;15;B01
201000042963;1;31;0;0;2;0;0;Z01
201000042963;0;1;0;0;0;0;5;A01
201000042964;0;15;0;12;2;7;9;A01
201000042965;0;7;0;0;2;6;1;B01
201000042965;0;14;0;0;2;2;12;A01
201000042966;0;7;0;13;0;1;1;A01
201000042967;0;2;0;4;0;8;1;A01
201000042968;0;30;0;12;0;8;1;A01
201000042969;1;7;0;0;1;2;0;Z01
201000042970;0;7;0;8;2;1;1;A01
201000042970;0;99;0;1;1;4;0;B01
201000042971;0;7;0;0;2;1;2;A01
201000042971;0;7;0;0;2;4;1;B01
201000042972;0;7;0;0;2;5;1;A01
201000042972;0;1;0;0;2;1;1;B01
201000042973;0;7;0;0;9;3;16;A01
201000042973;0;1;0;0;2;0;0;B01
201000042974;0;7;0;0;9;3;16;A01
201000042974;0;1;0;0;2;0;0;B01
201000042975;0;7;0;0;1;1;1;A01
201000042976;0;7;0;0;2;1;1;A01
201000042976;0;7;0;0;2;7;1;B01
201000042977;0;33;0;14;0;7;1;A01
201000042978;0;33;0;0;0;2;15;A01
201000042979;0;7;0;0;2;2;15;A01
201000042979;0;1;0;0;2;1;1;B01
201000042980;0;34;0;0;0;9;1;A01
201000042981;0;7;0;0;1;0;20;A01
201000042982;0;34;0;0;2;7;0;B01
201000042982;0;7;0;0;2;5;15;A01
201000042983;0;7;0;0;0;0;0;A01
201000042984;0;7;0;13;0;9;1;A01
201000042985;0;7;0;0;1;3;1;A01
201000042986;0;7;0;0;2;3;1;B01
201000042986;0;7;0;0;2;1;16;A01
201000042987;0;14;0;5;0;3;1;A01
201000042988;1;7;0;0;0;0;1;D01
201000042988;0;2;0;0;0;0;1;A01
201000042988;0;7;0;0;2;4;1;B01
201000042988;0;33;0;1;2;1;1;C01
201000042989;0;2;0;0;0;0;1;A01
201000042990;0;7;0;0;2;1;1;A01
201000042990;0;7;0;6;0;1;2;B01
201000042991;0;31;0;0;1;0;1;A01
201000042992;0;7;0;5;2;2;2;A01
201000042992;0;7;0;5;2;4;2;B01
201000042992;0;7;0;0;2;5;2;D01
201000042992;0;10;0;5;2;3;2;C01
201000042993;0;7;0;0;1;5;4;A01
201000042994;0;7;0;4;2;1;13;A01
201000042995;0;7;0;0;2;3;1;C01
201000042995;0;7;0;0;0;2;16;B01
201000042995;0;32;0;0;2;1;18;A01
201000042996;0;7;0;0;2;1;1;B01
201000042996;0;7;0;0;2;8;15;A01
201000042997;0;33;0;16;0;0;1;A01
201000042998;0;7;0;2;0;1;1;B01
201000042998;0;7;0;2;0;1;0;A01
201000042999;0;7;0;0;1;0;0;A01
201000043000;0;7;0;0;0;6;2;B01
201000043000;0;30;0;0;2;7;1;A01
201000043001;0;1;0;0;2;1;1;B01
201000043001;0;30;0;0;1;8;1;A01
201000043002;0;33;0;0;2;1;1;B01
201000043002;0;7;0;0;2;7;12;A01
201000043003;1;32;0;0;0;0;0;Z01
201000043004;0;7;0;0;2;5;16;A01
201000043004;0;31;0;0;2;3;1;B01
201000043005;0;37;0;16;1;2;8;A01
201000043006;0;7;0;0;1;2;9;A01
201000043007;0;17;0;0;2;2;21;B01
201000043007;0;7;0;0;2;4;13;A01
201000043008;0;7;0;2;0;2;1;A01
201000043009;0;7;0;0;2;2;1;B01
201000043009;0;32;0;0;2;1;1;A01
201000043010;1;7;0;0;1;0;0;A01
201000043011;0;7;0;12;1;2;16;A01
201000043012;0;7;0;0;2;7;15;A01
201000043012;0;33;0;0;2;1;1;B01
201000043013;1;99;0;0;1;0;0;Z01
201000043014;0;31;0;0;2;1;10;A01
201000043014;0;33;0;0;2;1;1;B01
201000043015;0;7;0;1;0;8;1;A01
201000043015;0;7;0;0;2;8;1;B01
201000043016;1;7;0;0;1;2;0;Z01
201000043017;0;7;0;13;0;9;0;A01
201000043018;0;33;0;0;2;2;1;B01
201000043018;0;7;0;0;2;8;15;A01
201000043019;0;30;0;4;0;8;1;A01
201000043020;0;33;0;11;0;8;21;B01
201000043020;0;10;0;0;2;8;13;A01
201000043021;1;32;0;0;2;0;0;Z01
201000043021;0;7;0;0;2;2;0;A01
201000043022;0;7;0;0;1;2;16;A01
201000043023;1;7;0;0;0;0;0;Z01
201000043023;0;7;0;0;0;4;1;A01
201000043024;0;7;0;0;2;6;1;A01
201000043024;0;7;0;0;2;4;1;B01
201000043025;0;7;0;6;2;7;15;B01
201000043025;0;33;0;6;2;1;1;A01
201000043026;0;7;0;0;2;1;1;A01
201000043026;0;1;0;0;2;4;19;B01
201000043027;0;7;0;0;1;3;1;A01
201000043028;0;30;0;12;0;8;1;B01
201000043028;1;7;0;0;0;0;0;Z01
201000043029;1;7;0;0;2;0;0;Z01
201000043029;0;30;0;0;2;3;11;A01
201000043030;0;33;0;0;2;1;1;B01
201000043030;0;7;0;0;2;2;19;A01
201000043031;0;7;0;0;2;3;1;B01
201000043031;0;2;0;0;2;2;0;A01
201000043032;0;7;0;0;2;5;15;B01
201000043032;0;30;0;0;2;1;0;A01
201000043033;0;7;0;8;0;8;1;A01
201000043034;0;30;0;1;0;1;14;A01
201000043035;0;7;0;0;1;3;15;A01
201000043036;0;37;5;0;9;2;15;A01
201000043036;0;1;0;0;2;1;1;B01
201000043037;2;7;0;4;2;1;1;A01
201000043037;0;7;0;0;2;6;16;C01
201000043037;0;7;0;0;2;1;15;B01
201000043038;0;17;0;0;0;3;1;A01
201000043039;0;7;0;0;1;0;1;A01
201000043040;0;7;0;0;2;1;19;A01
201000043040;0;2;0;1;0;7;1;B01
201000043041;0;7;0;0;9;7;16;A01
201000043041;0;33;0;0;2;1;1;B01
201000043042;0;7;0;9;0;7;1;A01
201000043043;0;31;0;0;2;3;3;B01
201000043043;0;7;0;0;2;2;15;A01
201000043044;0;31;0;0;2;2;17;A01
201000043044;0;7;0;0;2;1;15;B01
201000043045;0;7;0;1;2;1;1;B01
201000043045;0;7;0;0;9;3;23;C01
201000043045;0;2;0;0;2;1;1;A01
201000043046;0;7;0;0;2;1;2;A01
201000043046;0;7;0;0;0;4;0;B01
201000043047;0;33;0;0;0;8;2;A01
201000043048;0;30;0;0;2;7;1;B01
201000043048;0;38;9;0;2;8;19;A01
201000043049;0;7;0;12;2;8;15;B01
201000043049;0;7;0;15;2;1;17;A01
201000043050;0;7;0;0;2;4;1;C01
201000043050;0;7;0;0;2;1;1;A01
201000043050;0;30;0;0;2;1;1;B01
201000043051;0;34;0;0;2;1;1;B01
201000043051;0;7;0;0;2;7;10;A01
201000043052;0;7;0;0;1;1;1;A01
201000043053;0;7;0;0;2;2;15;A01
201000043053;0;33;0;0;2;1;1;B01
201000043054;1;7;0;0;0;0;0;B01
201000043054;0;30;0;0;2;4;1;A01
201000043055;0;7;0;0;0;9;1;A01
201000043056;0;33;0;3;0;7;18;A01
201000043057;0;7;0;1;9;2;1;B01
201000043057;0;1;0;0;2;1;19;A01
201000043058;0;33;0;0;2;1;1;B01
201000043058;0;7;0;0;2;2;13;A01
201000043059;0;7;0;12;0;1;14;A01
201000043060;0;2;0;0;1;1;1;A01
201000043061;0;38;1;0;2;1;1;B01
201000043061;0;7;0;0;0;3;1;A01
201000043062;0;7;0;0;1;4;20;A01
201000043063;1;7;0;0;1;1;19;Z01
201000043064;0;7;0;3;0;0;1;A01
201000043065;0;7;0;0;1;2;1;A01
201000043066;0;7;0;0;2;7;15;A01
201000043066;0;33;0;0;2;7;5;B01
201000043067;1;99;0;0;1;0;0;Z01
201000043068;0;2;0;0;0;9;0;A01
201000043069;0;2;0;0;2;7;18;A01
201000043069;0;15;0;0;2;2;1;B01
201000043070;0;7;0;12;1;2;2;A01
201000043071;0;7;0;0;1;3;15;A01
201000043072;1;14;0;0;0;0;0;Z01
201000043072;0;7;0;12;2;6;1;B01
201000043073;0;7;0;14;0;1;1;A01
201000043074;0;7;0;0;1;1;16;A01
201000043075;0;7;0;0;9;7;1;A01
201000043075;0;1;0;0;2;1;19;B01
201000043076;0;7;0;0;1;7;1;A01
201000043077;0;7;0;0;1;2;1;A01
201000043078;0;7;0;0;1;2;15;A01
201000043079;0;7;0;0;2;3;13;A01
201000043079;0;7;0;3;2;8;5;B01
201000043080;0;15;0;3;2;6;1;C01
201000043080;0;7;0;0;2;8;1;B01
201000043080;0;7;0;0;2;8;11;A01
201000043081;0;7;0;0;1;1;1;A01
201000043082;0;7;0;0;2;3;10;A01
201000043082;0;1;0;0;2;1;21;B01
201000043083;0;7;0;0;2;1;1;A01
201000043083;0;7;0;0;2;4;1;B01
201000043084;0;2;0;12;2;7;1;B01
201000043084;0;7;0;12;2;7;19;A01
201000043085;0;7;0;0;0;0;0;A01
201000043085;0;7;0;4;2;5;1;B01
201000043086;0;7;0;0;2;8;15;A01
201000043086;0;7;0;0;2;3;1;C01
201000043086;0;37;0;0;2;2;1;B01
201000043087;0;7;0;0;2;4;2;D01
201000043087;0;7;0;0;2;4;2;C01
201000043087;0;7;0;0;2;1;2;A01
201000043087;0;7;0;0;2;1;2;B01
201000043088;0;7;0;13;0;1;13;A01
201000043089;0;7;0;0;1;2;21;A01
201000043090;0;7;0;0;2;1;2;A01
201000043090;0;7;0;0;0;4;2;B01
201000043091;0;30;0;0;0;8;1;A01
201000043092;0;7;0;1;0;3;1;A01
201000043092;0;7;0;1;2;5;24;B01
201000043093;0;7;0;0;1;1;15;A01
201000043094;0;2;0;9;0;1;1;A01
201000043095;0;7;0;0;1;1;0;A01
201000043096;0;7;0;0;1;6;0;A01
201000043097;0;7;0;0;0;9;0;E01
201000043097;0;7;0;0;2;1;0;B01
201000043097;0;7;0;0;2;1;5;A01
201000043097;0;7;0;0;2;2;0;C01
201000043098;0;7;0;0;1;1;0;A01
201000043098;0;7;0;0;2;7;1;B01
201000043099;0;10;0;0;1;3;1;A01
201000043100;0;7;0;11;0;1;6;A01
201000043101;0;7;0;0;1;1;1;A01
201000043102;2;7;0;0;2;1;0;A01
201000043102;0;7;0;0;2;1;0;B01
201000043103;0;33;0;8;0;1;0;A01
201000043103;0;7;0;0;2;4;24;B01
201000043104;0;1;0;0;1;1;1;A01
201000043105;0;30;0;0;1;1;1;A01
201000043106;0;33;0;0;1;1;0;A01
201000043107;0;1;0;0;2;8;1;B01
201000043107;0;7;0;0;2;1;1;A01
201000043108;0;34;0;0;1;1;1;A01
201000043109;0;7;0;0;0;0;4;A01
201000043109;0;33;0;0;0;0;1;B01
201000043110;0;7;0;0;2;4;1;B01
201000043110;1;7;0;0;2;4;1;Z01
201000043111;0;3;0;0;2;4;0;B01
201000043111;1;7;0;0;2;1;0;Z01
201000043112;0;7;0;0;2;1;1;A01
201000043112;0;7;0;0;2;4;23;B01
201000043112;0;7;0;0;2;4;23;C01
201000043112;0;10;0;0;2;4;23;D01
201000043113;0;7;0;2;0;3;1;A01
201000043114;0;2;0;0;2;1;1;B01
201000043114;0;7;0;0;2;8;15;A01
201000043115;0;7;0;0;1;2;1;A01
201000043116;0;7;0;0;2;1;1;B01
201000043116;0;7;0;0;2;2;10;A01
201000043117;0;30;0;0;2;1;0;B01
201000043117;0;7;0;0;2;3;9;A01
201000043118;0;33;0;0;2;1;1;B01
201000043118;0;7;0;0;2;2;15;A01
201000043119;2;7;0;0;2;1;5;A01
201000043119;0;7;0;0;2;1;1;B01
201000043120;0;7;0;0;1;4;4;A01
201000043121;0;7;0;0;2;8;15;B01
201000043121;0;33;0;0;1;1;17;A01
201000043122;0;7;0;0;2;8;10;A01
201000043122;0;30;0;0;2;1;1;B01
201000043123;0;17;0;0;2;3;15;B01
201000043123;0;31;0;0;2;1;17;A01
201000043124;0;33;0;0;2;1;17;A01
201000043124;0;7;0;0;2;6;13;B01
201000043125;0;7;0;0;2;1;19;B01
201000043125;0;7;0;6;2;1;1;A01
201000043126;0;7;0;0;1;1;1;A01
201000043127;0;7;0;0;2;3;0;A01
201000043127;0;7;0;0;2;8;1;C01
201000043127;0;7;0;0;1;3;0;B01
201000043128;0;7;0;0;2;2;1;C01
201000043128;0;7;0;0;2;1;1;B01
201000043128;0;7;0;0;2;5;1;A01
201000043129;0;7;0;0;1;1;0;A01
201000043130;0;7;0;0;0;0;19;A01
201000043130;0;2;0;0;0;1;1;B01
201000043131;1;7;0;0;2;8;13;A01
201000043131;0;7;0;0;2;1;1;C01
201000043131;0;7;0;0;2;3;1;B01
201000043132;0;2;0;0;2;0;10;A01
201000043132;0;7;0;0;2;1;1;B01
201000043133;0;37;1;0;1;5;0;A01
201000043134;0;7;0;1;0;1;1;A01
201000043134;0;7;0;0;2;6;24;B01
201000043135;0;37;1;0;1;3;19;A01
201000043136;0;32;0;0;2;1;1;B01
201000043136;0;7;0;0;2;8;15;A01
201000043137;0;10;0;0;2;7;5;A01
201000043137;0;7;0;0;2;1;1;B01
201000043138;0;7;0;0;2;1;19;A01
201000043138;0;7;0;0;2;8;1;B01
201000043139;0;7;0;13;0;3;3;A01
201000043140;0;2;0;0;1;1;1;A01
201000043141;0;7;0;0;2;1;5;A01
201000043141;0;7;0;0;2;3;1;B01
201000043142;0;7;0;0;1;2;2;A01
201000043143;0;7;0;6;0;9;2;A01
201000043144;0;7;0;0;0;1;1;A01
201000043144;0;7;0;0;2;1;1;B01
201000043145;0;7;0;0;9;1;1;A01
201000043145;0;1;0;0;0;8;9;B01
201000043145;0;1;0;0;0;8;9;C01