num_acc;senc;catv;occutc;obs;obsm;choc;manv;num_veh
201000043146;0;7;0;0;2;1;17;B01
201000043146;0;2;0;0;2;1;17;A01
201000043147;0;7;0;0;2;2;1;B01
201000043147;0;2;0;0;2;2;9;A01
201000043148;0;7;0;0;2;3;0;A01
201000043148;0;7;0;0;2;5;0;B01
201000043149;0;7;0;0;2;2;0;B01
201000043149;0;7;0;0;2;2;0;A01
201000043150;0;33;0;0;0;7;0;A01
201000043151;0;10;0;0;1;2;2;A01
201000043152;0;7;0;0;2;2;2;A01
201000043152;0;7;0;0;0;6;2;B01
201000043153;0;7;0;16;0;3;0;A01
201000043154;0;33;0;0;0;0;17;A01
201000043155;0;7;0;6;0;9;0;A01
201000043156;0;7;0;0;2;1;2;A01
201000043156;0;30;0;0;2;4;2;B01
201000043156;0;7;0;0;9;3;5;C01
201000043157;0;30;0;0;0;4;2;B01
201000043157;0;30;0;0;2;1;2;A01
201000043158;0;7;0;0;1;2;0;A01
201000043159;0;7;0;13;0;1;2;A01
201000043160;0;7;0;2;0;1;2;A01
201000043161;0;7;0;0;2;8;19;A01
201000043161;0;33;0;0;2;1;1;B01
201000043162;0;7;0;0;2;1;2;B01
201000043162;0;7;0;0;0;4;2;A01
201000043163;0;7;0;0;2;7;15;A01
201000043163;0;30;0;0;2;1;1;B01
201000043164;0;7;0;0;0;6;15;B01
201000043164;0;7;0;0;0;1;2;A01
201000043165;0;7;0;0;0;3;2;B01
201000043165;0;7;0;0;0;2;15;A01
201000043166;0;32;0;0;0;8;2;B01
201000043166;0;7;0;0;0;3;15;A01
201000043167;0;7;0;0;2;1;1;B01
201000043167;0;7;0;8;2;7;6;A01
201000043168;0;33;0;0;0;9;0;A01
201000043169;0;7;0;15;2;3;13;A01
201000043169;0;17;0;0;2;3;0;B01
201000043170;1;10;0;0;2;0;10;A01
201000043170;0;7;0;0;2;2;17;B01
201000043171;0;2;0;0;0;0;15;A01
201000043172;0;7;0;0;2;1;1;A01
201000043172;0;7;0;0;2;4;1;B01
201000043173;0;2;0;0;0;2;1;A01
201000043173;0;7;0;0;0;4;11;B01
201000043174;0;7;0;0;2;6;15;B01
201000043174;0;2;0;0;2;1;17;A01
201000043175;0;30;0;12;0;7;0;A01
201000043176;0;7;0;0;2;1;19;A01
201000043176;0;33;0;0;2;1;17;B01
201000043177;0;33;0;0;2;7;2;A01
201000043177;0;7;0;0;2;3;15;B01
201000043178;0;3;0;13;0;7;14;A01
201000043179;0;1;0;0;0;1;0;B01
201000043179;0;10;0;0;0;5;0;A01
201000043180;0;10;0;0;2;3;1;B01
201000043180;0;7;0;0;2;3;5;A01
201000043181;0;7;0;0;0;8;15;A01
201000043181;0;2;0;0;2;9;17;B01
201000043182;0;7;0;0;2;3;17;B01
201000043182;0;7;0;0;2;3;15;A01
201000043183;0;7;0;0;2;3;13;A01
201000043183;0;7;0;0;2;1;1;C01
201000043183;0;7;0;0;2;8;0;B01
201000043184;0;2;0;0;2;1;17;A01
201000043184;0;7;0;0;2;2;15;B01
201000043185;0;7;0;0;0;1;2;A01
201000043185;0;7;0;0;0;8;2;B01
201000043186;1;7;0;0;0;5;1;B01
201000043186;0;31;0;0;2;1;1;A01
201000043187;0;10;0;7;1;8;13;A01
201000043188;0;7;0;0;0;2;0;A01
201000043188;0;7;0;0;0;1;0;B01
201000043189;0;30;0;1;2;1;2;A01
201000043190;0;1;0;0;2;7;2;B01
201000043190;0;7;0;0;2;7;2;A01
201000043191;0;7;0;2;0;0;0;A01
201000043192;0;31;0;0;2;1;0;A01
201000043192;0;7;0;0;0;4;16;B01
201000043193;0;7;0;0;0;8;0;B01
201000043193;0;7;0;0;0;3;0;A01
201000043194;0;7;0;0;9;1;21;A01
201000043194;0;1;0;0;2;8;15;B01
201000043195;0;7;0;0;2;1;1;A01
201000043195;0;7;0;0;2;7;1;B01
201000043196;0;2;0;7;0;0;1;A01
201000043197;0;33;0;0;2;7;2;A01
201000043197;0;7;0;0;2;3;15;B01
201000043198;0;10;0;0;0;5;23;A01
201000043198;0;1;0;0;2;5;1;B01
201000043199;0;7;0;0;0;2;0;A01
201000043199;0;7;0;0;0;1;0;B01
201000043200;0;7;0;0;0;0;1;A01
201000043201;0;33;0;1;0;7;0;A01
201000043202;0;7;0;0;0;7;0;C01
201000043202;0;7;0;0;0;1;0;B01
201000043202;0;10;0;0;0;1;0;A01
201000043203;0;7;0;0;0;8;15;A01
201000043203;0;7;0;0;2;3;1;B01
201000043204;0;2;0;0;2;4;2;A01
201000043204;0;7;0;0;0;4;1;B01
201000043205;0;7;0;0;2;6;11;B01
201000043205;0;7;0;0;2;3;0;A01
201000043206;1;7;0;15;2;1;13;A01
201000043206;0;7;0;15;2;2;1;B01
201000043207;0;1;0;0;0;0;0;B01
201000043207;0;7;0;0;2;3;9;A01
201000043208;0;7;0;0;0;1;0;B01
201000043208;0;30;0;0;0;1;0;A01
201000043209;0;2;0;6;0;0;0;A01
201000043210;0;7;0;0;1;1;0;A01
201000043211;0;7;0;0;2;4;1;C01
201000043211;0;7;0;0;2;4;23;B01
201000043211;0;7;0;0;2;1;1;A01
201000043212;0;7;0;0;2;1;1;B01
201000043212;0;7;0;3;2;7;13;A01
201000043213;1;10;0;0;0;3;2;Z01
201000043213;0;33;0;0;0;8;2;B01
201000043214;0;7;0;0;0;4;2;B01
201000043214;1;7;0;1;0;0;0;A01
201000043215;0;30;0;0;2;1;2;A01
201000043215;0;7;0;0;0;6;2;B01
201000043216;0;33;0;16;0;8;13;A01
201000043217;0;7;0;0;2;4;23;B01
201000043217;0;7;0;0;2;1;1;A01
201000043218;0;7;0;0;1;0;1;A01
201000043219;0;7;0;0;0;4;2;B01
201000043219;0;7;0;0;0;1;2;A01
201000043220;0;7;0;0;0;4;2;A01
201000043221;0;7;0;0;1;1;9;A01
201000043222;0;7;0;0;0;3;2;B01
201000043222;0;7;0;0;0;2;15;A01
201000043223;0;7;0;0;2;1;1;B01
201000043224;0;7;0;0;1;6;0;A01
201000043225;0;7;0;0;1;3;1;A01
201000043226;0;31;0;0;2;1;1;B01
201000043226;0;7;0;0;2;3;15;A01
201000043227;0;7;0;0;1;3;2;A01
201000043228;0;7;0;2;0;9;1;A01
201000043229;0;7;0;0;1;3;1;A01
201000043230;0;7;0;2;0;2;1;A01
201000043231;0;1;0;0;2;8;1;B01
201000043231;1;7;0;0;2;2;1;A01
201000043232;0;7;0;0;0;0;0;A01
201000043233;0;7;0;1;0;3;18;A01
201000043233;0;7;0;1;2;3;1;B01
201000043234;0;7;0;0;2;4;24;B01
201000043234;0;7;0;1;0;1;17;A01
201000043235;0;7;0;0;2;3;1;C01
201000043235;0;14;0;0;2;2;5;B01
201000043235;0;7;0;0;9;1;2;D01
201000043235;0;7;0;0;2;3;13;A01
201000043236;0;33;0;0;0;9;1;A01
201000043237;0;1;0;0;2;4;2;B01
201000043237;0;7;0;0;9;1;2;A01
201000043238;0;7;0;0;2;1;11;A01
201000043238;0;30;0;0;2;1;1;B01
201000043239;0;7;0;2;0;2;14;A01
201000043240;0;7;0;6;0;1;13;A01
201000043241;0;7;0;2;0;1;1;A01
201000043242;0;7;0;2;0;9;13;A01
201000043243;0;17;0;0;2;6;2;B01
201000043243;0;33;0;0;2;1;2;A01
201000043244;0;7;0;0;2;1;9;A01
201000043244;0;7;0;0;2;2;1;B01
201000043244;0;7;0;0;9;6;1;C01
201000043245;0;7;0;0;0;1;1;A01
201000043246;0;1;0;12;0;0;1;A01
201000043247;0;7;0;0;0;3;0;A01
201000043247;0;7;0;0;0;0;0;B01
201000043248;0;33;0;0;6;7;1;A01
201000043249;0;7;0;0;2;1;1;B01
201000043249;0;7;0;2;2;0;11;A01
201000043250;0;7;0;0;2;1;21;B01
201000043250;0;7;0;0;2;8;10;A01
201000043251;0;7;0;1;0;8;14;A01
201000043251;0;17;0;1;0;4;24;B01
201000043252;0;1;0;0;2;4;2;B01
201000043252;0;1;0;0;2;2;2;A01
201000043253;0;1;0;0;0;0;1;A01
201000043254;0;7;0;0;0;0;9;A01
201000043255;0;33;0;0;0;3;2;A01
201000043256;0;2;0;0;2;1;5;A01
201000043256;0;7;0;0;2;1;1;B01
201000043257;0;7;0;2;0;1;1;A01
201000043258;0;7;0;0;2;3;1;B01
201000043258;0;7;0;0;2;1;5;A01
201000043259;0;33;0;0;2;3;1;B01
201000043259;0;7;0;0;2;7;12;A01
201000043259;0;7;0;0;2;1;1;C01
201000043259;0;7;0;0;2;1;2;D01
201000043260;0;1;0;0;2;6;1;B01
201000043260;0;7;0;0;9;7;1;A01
201000043261;0;30;0;0;1;1;0;A01
201000043262;0;7;0;0;1;2;16;A01
201000043263;0;30;0;0;2;1;1;B01
201000043263;0;7;0;0;2;3;11;A01
201000043264;0;1;0;1;0;1;1;A01
201000043265;0;10;0;2;0;3;16;A01
201000043266;0;15;0;0;0;0;13;A01
201000043266;0;7;0;2;0;1;17;B01
201000043267;0;7;0;0;2;8;1;A01
201000043267;0;7;0;0;2;1;1;B01
201000043268;0;7;0;0;2;2;19;A01
201000043268;0;33;0;0;2;1;1;B01
201000043269;0;7;0;2;0;2;2;A01
201000043270;0;1;0;0;2;4;2;B01
201000043270;0;7;0;0;2;2;2;A01
201000043271;0;7;0;0;2;3;9;A01
201000043271;0;1;0;12;2;1;1;B01
201000043272;0;7;0;0;2;1;1;B01
201000043272;0;7;0;0;2;7;1;A01
201000043273;0;7;0;0;2;7;11;A01
201000043273;0;33;0;0;2;1;1;B01
201000043274;0;7;0;0;0;4;2;A01
201000043274;0;1;0;0;2;1;2;B01
201000043275;0;13;0;0;1;1;15;A01
201000043276;0;33;0;0;2;1;1;A01
201000043276;0;7;0;0;2;2;15;B01
201000043277;0;7;0;2;0;9;1;A01
201000043278;0;1;0;0;0;8;0;B01
201000043278;0;7;0;0;9;2;17;A01
201000043279;0;7;0;0;2;6;15;A01
201000043279;0;7;0;0;2;1;1;B01
201000043280;0;7;0;0;1;1;1;A01
201000043281;0;7;0;0;2;1;13;A01
201000043281;0;7;0;0;2;1;1;B01
201000043282;0;33;0;0;2;1;3;B01
201000043282;0;7;0;0;2;7;15;A01
201000043283;0;2;0;0;1;1;1;A01
201000043284;0;7;0;0;1;1;1;A01
201000043285;1;7;0;0;2;3;5;A01
201000043285;1;32;0;0;2;1;1;B01
201000043286;0;7;0;0;1;1;1;A01
201000043287;0;7;0;0;2;2;1;B01
201000043287;0;7;0;14;2;1;5;A01
201000043288;0;7;0;0;2;1;11;B01
201000043288;0;13;0;0;2;1;1;A01
201000043289;0;7;0;0;1;1;1;A01
201000043290;0;7;0;0;1;1;0;A01
201000043291;0;7;0;0;0;4;2;B01
201000043291;0;7;0;0;2;1;5;A01
201000043292;0;7;0;0;0;1;0;A01
201000043292;0;7;0;0;0;6;2;B01
201000043293;0;7;0;0;0;4;23;B01
201000043293;0;2;0;14;0;1;2;A01
201000043294;0;7;0;0;1;2;1;A01
201000043295;0;7;0;0;2;3;1;A01
201000043295;0;33;0;0;2;1;1;B01
201000043296;0;7;0;0;1;2;1;A01
201000043297;0;7;0;0;2;3;13;A01
201000043297;0;7;0;0;2;3;1;B01
201000043298;0;15;0;0;2;8;1;B01
201000043298;0;7;0;0;2;9;1;A01
201000043299;1;7;0;0;1;2;1;A01
201000043300;0;7;0;8;0;1;1;A01
201000043301;0;7;0;0;2;1;13;A01
201000043301;0;7;0;13;2;1;1;B01
201000043302;0;7;0;0;2;1;1;A01
201000043302;0;7;0;0;2;4;2;C01
201000043302;0;7;0;0;0;4;1;D01
201000043302;0;7;0;0;2;4;2;B01
201000043303;0;7;0;0;2;3;15;A01
201000043303;0;33;0;8;2;7;1;B01
201000043304;0;1;0;12;0;4;1;B01
201000043304;0;3;0;0;2;2;2;A01
201000043305;0;37;1;0;1;7;1;A01
201000043306;0;10;0;0;1;2;1;A01
201000043307;0;7;0;0;1;1;1;A01
201000043308;0;30;0;0;1;1;1;A01
201000043309;0;7;0;0;2;2;1;B01
201000043309;0;10;0;0;2;8;11;A01
201000043310;0;7;0;0;2;1;1;B01
201000043310;0;7;0;4;2;1;1;A01
201000043310;0;7;0;0;2;1;1;C01
201000043311;0;17;0;0;2;3;13;A01
201000043311;0;17;0;0;2;3;1;B01
201000043312;0;7;0;0;2;1;2;A01
201000043312;0;37;1;0;0;4;23;B01
201000043313;0;7;0;13;0;1;1;A01
201000043314;0;33;0;0;2;1;11;A01
201000043314;0;7;0;0;2;7;1;B01
201000043315;0;30;0;0;1;1;1;A01
201000043316;0;7;0;3;2;5;12;A01
201000043316;0;15;0;0;2;3;1;B01
201000043316;0;15;0;0;2;4;2;C01
201000043316;0;10;0;0;2;1;2;D01
201000043317;0;10;0;0;0;8;19;A01
201000043317;0;10;0;0;0;1;1;B01
201000043318;0;33;0;0;2;1;1;B01
201000043318;0;7;0;0;2;7;12;A01
201000043319;0;7;0;2;0;9;1;A01
201000043320;0;7;0;0;1;3;1;A01
201000043321;1;7;0;0;2;7;15;Z01
201000043321;0;2;0;0;2;1;1;A01
201000043322;0;7;0;0;1;7;1;A01
201000043323;0;37;1;0;1;2;1;A01
201000043324;0;7;0;0;0;4;23;B01
201000043324;0;7;0;0;2;1;2;A01
201000043325;0;7;0;2;0;8;1;A01
201000043326;0;7;0;0;1;2;1;A01
201000043327;0;7;0;0;1;2;1;A01
201000043328;0;1;0;0;0;4;1;B01
201000043328;0;7;0;0;0;2;1;A01
201000043329;0;7;0;2;0;1;1;A01
201000043330;0;7;0;2;0;8;1;A01
201000043331;0;2;0;0;0;0;1;B01
201000043331;0;7;0;0;2;3;11;A01
201000043332;0;7;0;0;2;5;19;B01
201000043332;0;10;0;0;2;1;17;A01
201000043333;0;7;0;6;0;1;21;A01
201000043334;0;7;0;0;1;2;0;A01
201000043335;0;7;0;0;2;9;18;A01
201000043335;0;7;0;0;2;1;2;B01
201000043335;0;7;0;0;0;2;1;C01
201000043336;0;7;0;1;0;1;5;A01
201000043337;0;7;0;0;1;2;1;A01
201000043338;0;7;0;0;2;3;9;A01
201000043338;0;7;0;0;2;2;1;B01
201000043338;0;7;0;0;2;3;1;C01
201000043339;0;13;0;0;1;1;1;A01
201000043340;0;7;0;0;2;1;1;B01
201000043340;0;7;0;0;2;6;19;A01
201000043341;0;7;0;0;2;2;19;A01
201000043341;0;7;0;0;2;1;1;B01
201000043342;0;38;1;0;2;7;15;A01
201000043342;0;33;0;0;2;1;1;B01
201000043343;0;7;0;0;0;1;0;A01
201000043344;0;33;0;0;0;8;1;A01
201000043345;0;7;0;0;0;3;1;A01
201000043346;0;1;0;0;0;6;2;B01
201000043346;0;31;0;0;9;2;2;A01
201000043347;0;10;0;0;1;1;1;A01
201000043348;0;31;0;11;0;1;6;A01
201000043349;0;34;0;0;0;1;1;B01
201000043349;0;7;0;0;0;8;9;A01
201000043350;0;10;0;0;1;1;16;A01
201000043351;0;7;0;0;2;3;15;A01
201000043351;0;33;0;0;2;1;5;B01
201000043352;0;7;0;0;0;0;0;B01
201000043352;0;33;0;0;0;0;0;A01
201000043353;0;7;0;0;1;3;1;A01
201000043354;1;30;0;2;0;1;0;A01
201000043355;0;7;0;0;1;2;17;A01
201000043356;0;30;0;0;2;1;5;A01
201000043356;0;7;0;0;2;1;2;B01
201000043357;0;33;0;1;0;9;3;A01
201000043357;0;7;0;0;0;5;0;C01
201000043357;0;7;0;0;0;5;0;B01
201000043358;0;7;0;16;0;4;15;A01
201000043358;0;33;0;0;2;1;14;B01
201000043359;0;7;0;0;1;2;0;A01
201000043360;0;30;0;3;2;7;19;A01
201000043360;1;7;0;0;2;1;2;Z01
201000043361;0;2;0;1;0;1;14;A01
201000043362;0;32;0;0;2;1;1;B01
201000043362;0;7;0;0;2;2;1;A01
201000043362;0;7;0;0;0;1;0;C01
201000043363;0;7;0;0;1;1;1;A01
201000043364;0;7;0;0;2;1;1;A01
201000043364;0;7;0;0;0;3;1;B01
201000043365;0;17;0;0;0;5;12;A01
201000043365;0;30;0;0;0;3;1;B01
201000043366;0;2;0;2;0;0;13;A01
201000043367;0;33;0;0;2;1;11;B01
201000043367;0;7;0;0;0;4;11;A01
201000043368;0;7;0;6;0;1;2;A01
201000043369;0;10;0;0;2;7;4;B01
201000043369;0;14;0;0;2;6;4;A01
201000043370;0;33;0;0;1;1;1;A01
201000043371;0;2;0;0;0;1;1;A01
201000043372;0;7;0;0;2;8;1;A01
201000043372;0;33;0;0;2;1;0;B01
201000043373;1;30;0;0;0;0;0;B01
201000043373;0;1;0;0;2;0;0;A01
201000043373;2;30;0;0;0;0;0;C01
201000043374;2;7;0;8;2;3;0;A01
201000043374;0;7;0;0;2;6;0;B01
201000043375;1;7;0;0;1;0;12;Z01
201000043376;0;7;0;12;2;2;0;B01
201000043376;0;30;0;12;2;1;5;A01
201000043377;0;33;0;0;2;1;1;B01
201000043377;0;7;0;0;2;1;15;A01
201000043378;0;7;0;0;2;3;1;B01
201000043378;0;7;0;0;2;2;19;A01
201000043379;0;7;0;0;1;2;1;A01
201000043380;0;7;0;0;1;2;14;A01
201000043381;0;7;0;1;1;2;0;A01
201000043382;0;7;0;0;0;1;2;A01
201000043382;0;7;0;0;0;9;2;B01
201000043382;0;7;0;0;0;4;2;C01
201000043383;0;7;0;7;0;8;0;A01
201000043383;0;7;0;0;0;1;1;B01
201000043384;1;99;0;0;0;0;0;Z01
201000043384;0;1;0;6;0;0;0;A01
201000043385;0;7;0;0;0;1;5;A01
201000043385;0;7;0;0;0;0;0;B01
201000043386;0;7;0;0;1;7;1;A01
201000043387;0;7;0;0;2;0;0;B01
201000043387;0;30;0;0;2;0;0;A01
201000043388;0;7;0;0;1;0;0;A01
201000043389;0;7;0;0;2;1;1;A01
201000043389;0;7;0;15;2;1;1;B01
201000043390;0;34;0;0;2;4;1;B01
201000043390;0;7;0;0;2;1;0;A01
201000043391;0;10;0;0;2;0;0;A01
201000043391;0;33;0;0;2;0;0;B01
201000043392;0;7;0;0;2;1;1;B01
201000043392;0;7;0;0;2;1;21;A01
201000043392;0;2;0;0;0;0;0;C01
201000043393;0;33;0;0;2;1;17;B01
201000043393;0;7;0;0;2;1;9;A01
201000043394;0;7;0;0;0;0;0;C01
201000043394;0;7;0;0;2;1;2;A01
201000043394;0;7;0;0;2;9;2;B01
201000043395;0;31;0;0;2;1;17;B01
201000043395;0;7;0;0;2;3;10;A01
201000043396;0;33;0;0;2;3;2;A01
201000043396;0;15;0;0;2;1;2;B01
201000043397;0;33;0;0;0;0;0;B01
201000043397;0;15;0;0;0;0;0;A01
201000043398;0;33;0;0;2;1;2;A01
201000043398;0;15;0;0;2;7;2;B01
201000043399;0;15;0;0;0;0;0;A01
201000043399;0;7;0;0;0;0;0;B01
201000043399;0;15;0;0;0;0;0;C01
201000043400;0;17;0;0;0;0;0;A01
201000043400;0;33;0;0;2;0;0;B01
201000043401;0;7;0;0;2;3;21;B01
201000043401;0;7;0;0;2;1;1;A01
201000043401;0;7;0;0;0;4;1;C01
201000043402;0;7;0;0;2;1;9;A01
201000043402;0;7;0;0;2;1;1;B01
201000043402;0;7;0;0;2;2;1;C01
201000043403;0;15;0;0;0;0;2;B01
201000043403;0;33;0;0;2;2;2;A01
201000043404;0;33;0;0;0;4;0;B01
201000043404;0;17;0;0;0;0;0;A01
201000043405;0;7;0;0;2;1;0;A01
201000043405;0;33;0;0;2;1;1;B01
201000043406;0;7;0;0;2;7;11;A01
201000043406;0;7;0;2;2;6;2;B01
201000043407;0;7;0;0;1;0;1;A01
201000043408;0;13;0;0;2;1;14;B01
201000043408;0;17;0;0;2;2;19;A01
201000043409;0;7;0;0;2;1;16;A01
201000043409;0;7;0;0;2;1;1;B01
201000043410;0;30;0;12;0;3;14;A01
201000043411;0;7;0;0;1;1;15;A01
201000043412;0;7;0;8;0;1;2;A01
201000043413;0;17;0;0;2;1;2;A01
201000043413;0;7;0;0;0;4;2;B01
201000043414;0;7;0;14;0;1;0;A01
201000043415;0;7;0;0;2;3;15;A01
201000043415;0;33;0;15;2;1;2;B01
201000043416;0;33;0;0;0;7;2;A01
201000043417;0;30;0;0;2;1;5;A01
201000043417;0;99;0;0;2;3;15;B01
201000043418;0;2;0;0;2;8;1;A01
201000043418;0;7;0;0;2;2;1;B01
201000043419;0;7;0;0;0;3;6;A01
201000043420;0;7;0;0;2;3;1;B01
201000043420;0;7;0;14;2;1;1;A01
201000043421;0;7;0;13;0;1;1;A01
201000043422;1;30;0;12;0;0;1;A01
201000043423;0;7;0;0;2;1;13;A01
201000043423;0;7;0;0;2;3;1;B01
201000043424;0;32;0;0;1;3;2;A01
201000043425;0;7;0;0;0;1;1;A01
201000043425;0;32;0;0;2;1;17;B01
201000043426;0;7;0;0;2;0;9;A01
201000043426;0;32;0;0;2;0;1;B01
201000043427;0;7;0;0;0;3;20;A01
201000043428;0;7;0;0;2;6;2;B01
201000043428;1;7;0;0;2;2;2;A01
201000043429;0;7;0;0;9;1;1;B01
201000043429;0;30;0;0;2;1;0;A01
201000043430;0;1;0;0;0;0;0;A01
201000043431;0;7;0;0;0;4;2;C01
201000043431;0;10;0;0;2;1;2;A01
201000043431;0;7;0;0;2;1;2;B01
201000043432;0;7;0;13;6;2;1;A01
201000043433;0;7;0;0;2;4;23;B01
201000043433;0;7;0;0;0;4;23;C01
201000043433;0;7;0;0;2;1;1;A01
201000043434;0;7;0;0;0;3;9;A01
201000043434;0;33;0;0;2;1;1;B01
201000043435;0;2;0;16;0;8;1;A01
201000043436;1;7;0;0;2;4;9;A01
201000043436;0;33;0;0;2;1;1;B01
201000043437;0;2;0;1;0;1;1;A01
201000043438;0;7;0;0;2;2;12;A01
201000043438;0;2;0;0;2;3;0;B01
201000043439;0;7;0;2;0;1;0;A01
201000043440;0;7;0;0;2;1;0;B01
201000043440;0;7;0;0;2;1;13;A01
201000043441;0;7;0;0;0;0;2;A01
201000043442;0;7;0;15;0;1;14;A01
201000043443;0;33;0;14;0;1;1;A01
201000043444;0;10;0;0;1;7;0;A01
201000043445;0;7;0;0;0;4;2;C01
201000043445;0;7;0;0;2;1;2;A01
201000043445;0;7;0;0;2;4;2;B01
201000043446;1;7;0;0;1;2;1;A01
201000043447;0;16;0;0;2;2;1;A01
201000043447;0;7;0;0;2;8;1;B01
201000043448;0;7;0;13;2;1;1;B01
201000043448;0;10;0;0;2;0;17;A01
201000043449;0;30;0;0;2;1;1;A01
201000043449;0;7;0;0;2;8;1;B01
201000043450;0;7;0;0;0;1;2;A01
201000043450;0;38;1;0;0;5;2;B01
201000043451;0;7;0;1;0;1;1;A01
201000043452;1;7;0;0;9;0;0;Z01
201000043452;0;1;0;0;2;0;0;B01
201000043453;1;7;0;0;1;0;0;A01
201000043454;0;30;0;0;9;5;15;B01
201000043454;0;1;0;0;0;3;9;A01
201000043455;0;7;0;8;2;7;1;A01
201000043455;0;7;0;0;2;1;1;B01
201000043456;0;7;0;0;1;2;21;A01
201000043457;0;7;0;14;2;1;2;A01
201000043457;0;7;0;14;2;4;2;B01
201000043457;0;7;0;14;2;4;2;C01
201000043458;0;33;0;0;0;7;5;A01
201000043459;0;32;0;0;1;1;0;A01
201000043460;0;7;0;0;1;7;1;A01
201000043461;0;7;0;16;2;1;13;A01
201000043461;0;7;0;0;2;1;1;B01
201000043462;0;7;0;0;1;2;1;A01
201000043463;0;17;0;0;2;4;2;B01
201000043463;0;7;0;0;2;1;2;A01
201000043464;0;10;0;0;1;2;2;A01
201000043465;0;33;0;0;2;1;1;A01
201000043465;0;7;0;0;2;3;20;B01
201000043466;0;33;0;12;0;0;0;A01
201000043467;0;7;0;0;0;9;1;A01
201000043468;0;33;0;0;2;1;1;B01
201000043468;0;7;0;0;2;2;19;A01
201000043469;0;33;0;0;2;1;1;A01
201000043469;0;7;0;0;2;8;9;B01
201000043470;0;7;0;0;2;3;15;A01
201000043470;0;33;0;0;2;1;17;B01
201000043471;0;36;0;10;0;1;0;A01
201000043472;0;10;0;0;2;5;16;A01
201000043472;1;34;0;12;2;1;18;B01
201000043473;0;7;0;13;0;2;0;A01
201000043474;0;7;0;13;0;3;0;A01
201000043475;0;10;0;0;2;2;1;A01
201000043475;0;2;0;0;2;1;1;B01
201000043476;0;7;0;0;1;2;1;A01
201000043477;0;33;0;0;0;3;1;A01
201000043478;0;7;0;0;1;1;20;A01
201000043479;0;7;0;2;0;1;1;A01
201000043480;0;33;0;0;0;0;1;A01
201000043481;0;7;0;0;2;2;15;A01
201000043481;0;33;0;0;2;1;1;B01
201000043482;0;7;0;14;0;2;1;A01
201000043482;0;7;0;15;2;9;23;B01
201000043483;0;7;0;0;1;1;1;A01
201000043484;0;3;0;1;1;1;2;A01
201000043485;0;7;0;0;2;3;1;B01
201000043485;0;7;0;0;2;1;15;A01
201000043486;1;7;0;0;1;1;1;Z01
201000043487;0;7;0;8;0;1;11;A01
201000043488;0;7;0;2;0;7;1;A01
201000043489;0;33;0;0;2;1;1;B01
201000043489;0;7;0;0;2;3;11;A01
201000043490;0;30;0;6;0;1;16;A01
201000043491;0;2;0;0;2;3;1;B01
201000043491;0;7;0;0;2;3;13;A01
201000043492;0;7;0;0;2;3;2;B01
201000043492;0;7;0;0;2;6;10;A01
201000043493;0;7;0;8;0;9;0;A01
201000043494;0;38;0;0;0;8;0;B01
201000043494;0;2;0;0;0;7;0;A01
201000043495;0;7;0;2;0;1;0;A01
201000043496;0;7;0;0;0;1;5;A01
201000043496;0;7;0;0;2;1;2;C01
201000043496;0;7;0;0;0;1;2;B01
201000043497;0;33;0;0;2;1;1;B01
201000043497;0;99;0;0;0;6;15;A01
201000043498;0;7;0;0;2;1;2;A01
201000043498;0;7;0;0;2;4;2;B01
201000043499;0;1;0;0;2;7;2;B01
201000043499;0;7;0;0;9;8;1;A01
201000043500;0;7;0;0;9;2;1;A01
201000043500;0;1;0;0;2;1;1;B01
201000043501;0;7;0;0;1;6;4;A01
201000043502;0;7;0;0;1;2;13;A01
201000043503;0;7;0;0;2;1;2;A01
201000043503;0;33;0;0;2;4;15;B01
201000043504;0;7;0;0;2;2;1;B01
201000043504;0;33;0;12;2;1;17;A01
201000043505;0;7;0;0;1;2;1;A01
201000043506;0;7;0;0;2;2;13;A01
201000043506;0;7;0;0;2;1;1;B01
201000043507;0;37;50;0;1;2;9;A01
201000043508;0;33;0;0;0;1;0;A01
201000043508;0;1;0;0;0;7;0;B01
201000043509;0;7;0;0;0;0;0;C01
201000043509;0;2;0;0;0;0;0;A01
201000043509;0;37;0;0;0;0;0;B01
201000043510;0;30;0;0;2;1;11;B01
201000043510;0;7;0;0;2;3;1;A01
201000043511;0;2;0;7;0;3;2;A01
201000043512;1;35;0;0;2;2;0;A01
201000043512;0;7;0;0;0;0;2;B01
201000043513;0;30;0;0;1;1;15;A01
201000043514;0;2;0;0;2;1;0;A01
201000043514;0;7;0;0;2;3;0;B01
201000043515;0;7;0;0;2;2;2;A01
201000043515;0;33;0;3;0;4;2;B01
201000043516;0;7;0;0;2;3;15;B01
201000043516;0;1;0;0;2;7;1;A01
201000043517;0;30;0;0;2;0;13;B01
201000043517;0;7;0;0;2;3;9;A01
201000043518;0;33;0;0;0;1;0;B01
201000043518;0;99;0;0;2;1;1;A01
201000043519;0;30;0;0;2;3;2;B01
201000043519;0;7;0;0;0;7;6;A01
201000043520;0;30;0;0;0;7;14;A01
201000043521;0;7;0;0;1;2;1;A01
201000043522;0;2;0;0;0;1;9;B01
201000043522;0;7;0;0;0;2;1;A01
201000043523;0;31;0;0;2;1;0;B01
201000043523;0;10;0;0;2;3;0;A01
201000043524;0;7;0;0;1;4;4;A01
201000043525;0;31;0;0;2;1;1;B01
201000043525;0;7;0;0;2;7;19;A01
201000043526;0;7;0;0;2;8;1;A01
201000043526;0;1;0;0;2;6;19;B01