num_acc;senc;catv;occutc;obs;obsm;choc;manv;num_veh
201000043527;0;2;0;0;2;1;2;B01
201000043527;0;7;0;0;2;5;16;A01
201000043528;0;7;0;0;2;8;15;B01
201000043528;0;33;0;0;2;1;2;A01
201000043529;0;7;0;0;2;4;2;B01
201000043529;0;7;0;0;2;1;2;A01
201000043530;0;7;0;0;2;6;1;B01
201000043530;0;7;0;0;2;1;1;A01
201000043531;0;7;0;0;1;2;1;A01
201000043532;0;7;0;0;1;4;4;A01
201000043533;0;38;37;0;2;3;24;C01
201000043533;0;32;0;0;2;1;1;B01
201000043533;0;7;0;0;2;9;17;A01
201000043534;0;7;0;0;2;1;1;A01
201000043534;0;7;0;0;2;5;1;B01
201000043535;0;7;0;8;0;1;1;A01
201000043536;0;7;0;0;1;8;15;A01
201000043537;0;7;0;0;0;0;15;C01
201000043537;0;7;0;2;2;1;2;A01
201000043537;0;7;0;0;2;8;11;B01
201000043538;0;7;0;2;0;1;1;A01
201000043539;0;10;0;0;1;3;2;A01
201000043540;0;33;0;0;1;2;1;A01
201000043541;1;7;0;0;1;0;0;Z01
201000043542;0;33;0;0;0;0;0;A01
201000043543;0;7;0;0;1;1;0;A01
201000043544;0;7;0;14;0;1;0;A01
201000043545;0;30;0;8;0;2;1;A01
201000043546;0;30;0;0;0;8;0;A01
201000043546;1;10;0;0;2;0;0;B02
201000043547;0;33;0;0;2;1;15;A01
201000043547;0;1;0;0;2;8;19;B01
201000043548;0;34;0;0;2;1;0;B01
201000043548;0;7;0;0;0;5;16;A01
201000043549;0;3;0;1;9;1;1;A01
201000043549;0;37;0;0;2;5;24;B01
201000043550;0;7;0;0;2;2;15;A01
201000043550;0;31;0;0;2;1;1;B01
201000043551;0;7;0;0;1;3;2;A01
201000043552;0;7;0;0;9;3;16;A01
201000043553;1;7;0;0;9;0;0;Z01
201000043553;0;1;0;0;0;0;0;B01
201000043554;0;7;0;0;2;6;10;A01
201000043554;0;30;0;0;2;1;1;B01
201000043555;0;7;0;0;1;2;2;A01
201000043556;0;7;0;0;2;3;23;B01
201000043556;0;7;0;0;2;5;4;A01
201000043557;0;2;0;0;1;1;1;A01
201000043558;0;7;0;0;2;3;1;B01
201000043558;0;7;0;0;2;1;13;A01
201000043559;0;33;0;0;2;2;1;A01
201000043559;0;7;0;0;2;1;1;B01
201000043560;0;7;0;0;2;2;2;A01
201000043560;0;7;0;0;2;4;2;C01
201000043560;0;7;0;0;2;3;2;B01
201000043560;0;7;0;0;0;4;2;D01
201000043561;0;33;0;0;2;1;2;A01
201000043561;0;99;0;0;0;4;2;B01
201000043562;0;7;0;0;0;3;19;A01
201000043562;0;30;0;0;0;2;2;B01
201000043563;0;10;0;0;2;2;20;A01
201000043563;0;1;0;0;2;3;1;B01
201000043564;0;15;0;0;0;0;2;B01
201000043564;0;7;0;3;0;1;2;A01
201000043565;0;7;0;0;1;1;1;A01
201000043566;0;7;0;15;0;1;1;A01
201000043567;0;7;0;0;2;8;10;A01
201000043567;0;33;0;0;2;1;1;B01
201000043568;0;7;0;0;2;6;0;B01
201000043568;0;7;0;0;2;2;0;A01
201000043569;0;32;0;0;2;2;2;A01
201000043569;0;7;0;0;2;3;2;B01
201000043570;0;33;0;0;0;0;0;A01
201000043570;0;10;0;0;2;4;2;B01
201000043571;0;7;0;0;0;0;0;A01
201000043572;0;1;0;0;2;2;9;A01
201000043572;0;7;0;0;9;2;0;B01
201000043573;0;7;0;0;2;3;2;A01
201000043573;0;7;0;0;0;5;2;B01
201000043574;1;3;0;0;1;1;0;A01
201000043575;0;7;0;0;2;1;15;A01
201000043575;0;34;0;0;2;1;1;B01
201000043576;0;10;0;0;1;1;2;A01
201000043577;0;7;0;0;1;1;1;A01
201000043578;0;7;0;0;2;2;1;A01
201000043578;0;7;0;0;2;6;1;B01
201000043579;0;10;0;0;2;1;13;A01
201000043579;0;14;0;0;2;1;1;B01
201000043580;0;10;0;0;0;5;2;C01
201000043580;0;33;0;0;2;4;2;A01
201000043580;0;7;0;0;2;6;2;B01
201000043581;0;7;0;0;2;8;10;A01
201000043581;0;7;0;0;2;2;1;B01
201000043582;0;10;0;0;2;3;1;B01
201000043582;0;7;0;0;2;3;1;A01
201000043583;0;7;0;1;1;1;24;B01
201000043584;0;7;0;0;2;1;21;A01
201000043584;0;7;0;0;2;2;21;B01
201000043585;0;7;0;0;2;8;1;B01
201000043585;0;7;0;0;2;2;1;A01
201000043586;0;13;0;0;2;3;16;B01
201000043586;0;33;0;0;0;1;1;A01
201000043587;0;7;0;0;2;1;1;B01
201000043587;0;7;0;0;2;2;11;A01
201000043588;0;7;0;0;1;1;1;A01
201000043589;0;7;0;0;0;2;2;A01
201000043589;0;30;0;13;0;4;2;C01
201000043589;0;30;0;13;0;4;2;B01
201000043590;0;20;0;0;0;3;1;B01
201000043590;0;7;0;0;0;1;5;A01
201000043591;1;7;0;0;2;4;9;A01
201000043591;0;33;0;0;2;1;9;B01
201000043592;0;1;0;0;9;1;1;A01
201000043592;0;1;0;0;9;1;1;B01
201000043593;1;7;0;0;0;0;0;C01
201000043593;0;10;0;0;2;1;2;A01
201000043593;0;10;0;0;0;4;2;B01
201000043594;0;1;0;0;0;0;9;D01
201000043594;0;7;0;0;0;5;2;B01
201000043594;0;7;0;0;0;3;24;C01
201000043594;0;7;0;0;2;3;2;A01
201000043595;0;7;0;0;2;2;0;E01
201000043595;0;7;0;0;2;0;9;D01
201000043595;0;7;0;0;2;0;9;A01
201000043595;0;7;0;0;2;2;1;B01
201000043595;0;7;0;0;2;0;0;C01
201000043596;0;7;0;0;1;1;1;A01
201000043597;0;33;0;0;2;1;14;A01
201000043597;1;7;0;0;2;6;0;B01
201000043598;0;7;0;0;1;3;1;A01
201000043599;0;7;0;0;2;8;0;A01
201000043599;0;7;0;1;2;1;0;B01
201000043600;0;15;0;0;2;4;2;B01
201000043600;0;7;0;3;2;1;2;A01
201000043601;0;7;0;0;0;1;2;A01
201000043601;0;7;0;0;0;4;2;B01
201000043602;0;7;0;0;2;1;1;B01
201000043602;0;10;0;0;2;1;15;A01
201000043603;0;7;0;0;0;1;1;B01
201000043603;0;34;0;0;0;4;20;A01
201000043604;2;99;0;0;2;1;2;A01
201000043604;0;7;0;0;2;6;15;C01
201000043604;0;7;0;0;2;4;2;B01
201000043605;0;30;0;2;1;1;1;A01
201000043606;0;7;0;0;2;1;1;C01
201000043606;0;7;0;0;2;6;1;B01
201000043606;0;7;0;0;2;3;15;A01
201000043607;0;10;0;0;2;1;2;A01
201000043607;0;13;0;0;2;4;2;B01
201000043608;0;32;0;0;2;1;1;B01
201000043608;0;15;0;0;2;1;10;A01
201000043609;0;33;0;0;2;1;1;B01
201000043609;0;7;0;0;2;6;10;A01
201000043610;0;7;0;0;2;1;1;A01
201000043610;0;7;0;0;2;4;1;B01
201000043611;0;10;0;0;1;1;2;A01
201000043612;1;33;0;0;2;1;18;A01
201000043612;0;7;0;0;2;5;1;B01
201000043613;0;30;0;0;2;7;1;B01
201000043613;0;7;0;0;2;3;1;A01
201000043614;0;7;0;0;1;2;1;A01
201000043615;1;7;0;0;1;1;16;Z01
201000043616;0;1;0;12;0;1;1;A01
201000043617;2;30;0;0;1;1;0;A01
201000043618;0;2;0;0;2;2;17;B01
201000043618;0;10;0;0;2;8;15;A01
201000043619;0;32;0;0;2;1;1;B01
201000043619;0;10;0;0;2;2;1;A01
201000043620;0;7;0;0;2;1;2;C01
201000043620;0;7;0;0;1;1;1;A01
201000043620;0;7;0;0;2;9;2;B01
201000043621;0;1;0;0;2;8;12;B01
201000043621;0;15;0;0;2;8;16;A01
201000043622;0;7;0;0;1;5;20;A01
201000043623;0;3;0;1;0;2;1;A01
201000043624;0;1;0;0;2;7;1;B01
201000043624;0;7;0;0;2;1;9;A01
201000043625;0;33;0;0;0;0;1;A01
201000043626;0;7;0;0;2;3;15;B01
201000043626;0;30;0;0;2;7;17;A01
201000043627;0;14;0;0;1;4;4;A01
201000043628;0;33;0;0;2;3;17;B01
201000043628;1;7;0;0;0;0;13;Z01
201000043629;0;7;0;0;2;3;1;B01
201000043629;0;7;0;0;2;1;1;A01
201000043630;0;7;0;0;1;2;1;A01
201000043631;0;7;0;0;2;2;1;B01
201000043631;0;10;0;0;2;6;13;A01
201000043632;0;7;0;0;2;3;1;A01
201000043632;0;7;0;0;2;1;1;B01
201000043633;0;7;0;0;2;1;1;A01
201000043633;0;7;0;0;2;4;2;B01
201000043634;0;7;0;0;2;7;21;A01
201000043634;0;33;0;0;2;8;1;B01
201000043635;0;7;0;0;2;1;5;A01
201000043635;0;7;0;0;2;1;1;B01
201000043636;0;33;0;0;1;1;1;A01
201000043637;0;32;0;0;2;1;1;B01
201000043637;0;7;0;0;2;1;15;A01
201000043638;0;7;0;0;2;2;1;A01
201000043638;0;33;0;0;2;1;1;B01
201000043639;0;37;1;0;2;1;1;A01
201000043639;0;7;0;0;2;4;23;B01
201000043640;0;7;0;0;2;8;15;B01
201000043640;0;7;0;0;2;1;17;A01
201000043641;0;2;0;0;2;4;2;A01
201000043641;0;7;0;0;2;4;23;B01
201000043642;0;7;0;0;2;6;14;B01
201000043642;0;33;0;0;2;1;17;A01
201000043643;0;33;0;1;2;1;1;B01
201000043643;0;10;0;1;2;2;17;A01
201000043644;0;10;0;0;2;1;2;A01
201000043644;0;10;0;0;2;4;23;B01
201000043645;0;7;0;2;0;1;13;A01
201000043646;0;7;0;0;1;3;20;A01
201000043647;0;7;0;0;2;3;15;A01
201000043647;0;33;0;0;2;1;17;B01
201000043648;0;7;0;1;0;2;1;A01
201000043649;0;34;0;0;2;1;1;B01
201000043649;0;7;0;0;2;8;10;A01
201000043650;0;7;0;0;2;2;2;A01
201000043650;0;7;0;0;2;4;2;B01
201000043651;0;7;0;0;2;1;9;A01
201000043651;0;7;0;0;2;2;15;B01
201000043652;0;1;0;0;2;8;0;B01
201000043652;0;7;0;0;9;1;9;A01
201000043653;0;7;0;0;1;3;11;A01
201000043654;0;14;0;0;2;1;0;A01
201000043654;0;33;0;1;9;1;1;B01
201000043655;0;7;0;0;2;4;23;B01
201000043655;0;7;0;0;2;4;23;C01
201000043655;0;7;0;0;2;4;23;A01
201000043655;0;10;0;0;2;1;24;D01
201000043656;0;7;0;15;2;1;2;B01
201000043656;0;2;0;0;2;3;16;A01
201000043657;0;7;0;0;0;9;1;A01
201000043658;0;7;0;0;1;0;1;A01
201000043659;0;7;0;13;0;0;1;A01
201000043660;0;7;0;0;2;1;2;A01
201000043660;0;7;0;0;2;4;2;B01
201000043661;0;7;0;6;0;9;1;A01
201000043662;0;7;0;0;2;1;0;A01
201000043662;0;1;0;0;2;8;19;B01
201000043663;0;37;1;0;1;7;16;A01
201000043664;0;7;0;0;2;2;9;B01
201000043664;0;7;0;0;2;3;9;A01
201000043665;0;30;0;0;2;8;19;A01
201000043665;0;7;0;0;2;1;0;B01
201000043666;0;7;0;0;2;1;6;A01
201000043666;0;7;0;0;2;1;2;B01
201000043667;0;7;0;0;2;1;2;A01
201000043667;0;30;0;0;2;4;1;B01
201000043668;0;7;0;0;2;1;1;A01
201000043668;0;7;0;0;2;3;1;B01
201000043669;1;17;0;0;2;0;0;A01
201000043669;0;1;0;0;2;4;2;B01
201000043670;0;7;0;0;2;3;20;A01
201000043670;0;33;0;0;2;7;1;B01
201000043671;0;7;0;0;2;6;20;A01
201000043671;0;2;0;0;2;5;21;B01
201000043672;0;7;0;2;0;7;1;A01
201000043673;0;7;0;7;0;1;14;A01
201000043674;0;10;0;0;1;2;1;A01
201000043675;0;7;0;0;2;3;15;A01
201000043675;0;33;0;0;2;1;17;B01
201000043676;0;7;0;0;2;1;2;A01
201000043676;0;7;0;0;2;4;2;B01
201000043677;0;33;0;0;2;2;1;B01
201000043677;0;7;0;0;2;6;11;A01
201000043678;0;7;0;0;2;7;15;A01
201000043678;0;30;0;0;2;1;1;B01
201000043679;0;33;0;0;0;0;21;A01
201000043679;0;10;0;0;0;0;15;B01
201000043680;0;7;0;0;2;7;8;A01
201000043680;0;38;4;0;2;3;1;B01
201000043681;0;33;0;12;0;2;1;A01
201000043682;0;1;0;0;2;0;19;A01
201000043682;0;7;0;0;2;3;1;B01
201000043683;0;33;0;6;0;1;1;A01
201000043684;0;7;0;4;0;1;21;A01
201000043684;1;7;0;0;0;0;12;Z01
201000043685;0;7;0;0;2;4;2;B01
201000043685;0;7;0;0;2;1;2;A01
201000043685;0;7;0;0;2;4;2;C01
201000043686;0;7;0;0;2;1;1;A01
201000043686;0;31;0;0;2;6;15;B01
201000043687;0;33;0;0;2;1;1;B01
201000043687;0;7;0;0;2;2;16;A01
201000043688;0;1;0;0;2;7;19;B01
201000043688;0;7;0;0;2;1;1;A01
201000043689;0;1;0;12;0;1;1;A01
201000043690;0;7;0;0;2;4;21;B01
201000043690;0;7;0;0;2;1;1;C01
201000043690;0;7;0;0;0;4;2;A01
201000043691;0;1;0;0;2;8;19;B01
201000043691;0;7;0;0;2;1;1;A01
201000043692;0;33;0;0;0;7;1;A01
201000043693;0;7;0;0;2;3;21;B01
201000043693;0;30;0;0;2;3;13;A01
201000043694;0;35;0;1;0;1;1;Z01
201000043695;0;30;0;12;0;1;0;A01
201000043696;0;33;0;12;0;0;0;A01
201000043697;0;1;0;1;0;1;1;B01
201000043697;0;7;0;0;2;3;22;A01
201000043698;0;37;0;0;0;5;1;B01
201000043698;0;30;0;0;2;3;21;A01
201000043699;0;1;0;1;0;1;2;A01
201000043700;1;32;0;8;0;1;21;A01
201000043701;0;14;0;0;2;0;24;B01
201000043701;0;7;0;0;1;3;1;A01
201000043702;0;7;0;0;1;2;2;A01
201000043703;0;7;0;6;0;1;13;B01
201000043703;0;10;0;0;2;1;2;A01
201000043704;0;7;0;0;0;8;11;A01
201000043704;0;33;0;0;2;7;21;B01
201000043705;0;7;0;0;1;3;2;A01
201000043706;0;33;0;0;2;8;21;A01
201000043707;0;7;0;0;1;3;1;A01
201000043708;0;7;0;0;0;4;1;C01
201000043708;0;7;0;0;2;1;1;A01
201000043708;0;7;0;0;0;4;1;B01
201000043709;1;2;0;0;2;1;3;Z01
201000043709;0;1;0;0;2;1;19;B01
201000043710;0;7;0;0;1;1;1;A01
201000043711;0;7;0;0;0;6;0;B01
201000043711;0;7;0;0;0;6;20;A01
201000043712;0;10;0;0;2;1;1;A01
201000043712;0;7;0;0;2;3;19;B01
201000043713;0;33;0;16;0;7;1;A01
201000043714;0;7;0;0;1;5;0;A01
201000043715;0;7;0;0;1;1;1;A01
201000043716;1;7;0;1;1;2;1;Z01
201000043717;0;1;0;0;2;1;1;A01
201000043717;0;7;0;0;9;2;1;B01
201000043718;0;7;0;0;1;7;1;B01
201000043719;0;7;0;0;2;3;1;B01
201000043719;0;7;0;0;2;1;16;A01
201000043720;0;7;0;0;2;1;2;A01
201000043720;0;7;0;0;0;4;2;C01
201000043720;0;7;0;0;2;4;2;B01
201000043721;0;2;0;0;2;3;18;B01
201000043721;0;7;0;0;2;2;9;A01
201000043722;0;7;0;0;2;3;15;B01
201000043722;0;33;0;0;2;1;2;A01
201000043723;0;2;0;0;2;1;2;A01
201000043723;0;7;0;0;2;3;15;B01
201000043724;0;33;0;0;2;1;1;B01
201000043724;0;7;0;0;2;2;9;A01
201000043725;0;10;0;0;0;5;12;A01
201000043725;0;32;0;0;2;1;2;B01
201000043726;0;7;0;0;2;1;1;B01
201000043726;0;30;0;0;2;0;5;A01
201000043727;0;33;0;0;2;1;13;A01
201000043727;0;37;1;0;2;3;0;B01
201000043728;0;7;0;0;1;5;1;A01
201000043729;0;7;0;8;2;3;1;A01
201000043729;0;7;0;0;2;3;1;B01
201000043730;0;7;0;0;1;1;1;A01
201000043731;0;33;0;0;0;0;15;A01
201000043731;0;33;0;0;0;8;1;B01
201000043732;0;7;0;0;2;3;1;B01
201000043732;0;30;0;0;2;1;5;A01
201000043733;0;32;0;0;9;1;2;A01
201000043733;0;1;0;0;0;4;13;B01
201000043734;0;30;0;0;2;1;1;B01
201000043734;0;7;0;0;2;2;15;A01
201000043735;0;7;0;8;2;7;0;B01
201000043735;0;7;0;0;2;1;0;A01
201000043736;0;34;0;0;1;1;0;A01
201000043737;0;7;0;0;2;2;1;A01
201000043737;0;31;0;0;2;6;15;B01
201000043738;0;7;0;0;1;1;15;A01
201000043739;0;7;0;0;2;1;2;A01
201000043739;0;7;0;0;1;1;2;B01
201000043740;0;7;0;0;2;4;4;A01
201000043740;0;32;0;0;2;1;1;B01
201000043741;0;7;0;0;2;1;1;B01
201000043741;0;7;0;9;2;7;19;A01
201000043742;0;7;0;0;1;3;2;A01
201000043743;0;31;0;0;2;1;1;B01
201000043743;0;7;0;0;2;5;19;A01
201000043744;0;33;0;15;0;0;14;A01
201000043745;0;7;0;12;0;2;1;A01
201000043746;0;33;0;12;0;1;0;A01
201000043747;0;7;0;0;0;6;2;B01
201000043747;0;7;0;7;0;1;2;A01
201000043748;0;33;0;3;0;9;5;A01
201000043749;0;7;0;0;2;3;1;B01
201000043749;0;7;0;0;2;1;1;A01
201000043750;0;7;0;0;0;4;2;C01
201000043750;0;7;0;12;2;4;2;B01
201000043750;1;10;0;0;2;1;2;A01
201000043751;0;7;0;2;0;2;1;A01
201000043752;0;31;0;0;2;1;1;B01
201000043752;0;7;0;0;0;8;9;A01
201000043753;0;33;0;0;2;1;1;B01
201000043753;0;7;0;0;9;7;15;A01
201000043754;0;10;0;0;2;3;13;B01
201000043754;0;2;0;0;2;1;17;A01
201000043755;0;38;1;0;1;2;1;A01
201000043756;0;7;0;0;0;5;15;A01
201000043756;0;7;0;0;2;3;1;B01
201000043757;0;7;0;0;1;3;1;A01
201000043758;0;10;0;0;2;3;16;A01
201000043758;0;31;0;0;2;3;2;B01
201000043759;0;7;0;0;1;2;1;A01
201000043760;0;7;0;0;1;1;1;A01
201000043761;0;33;0;0;2;1;1;B01
201000043761;0;7;0;0;2;3;15;A01
201000043762;0;7;0;0;2;2;1;B01
201000043762;0;7;0;0;2;3;9;A01
201000043763;0;7;0;2;0;8;17;A01
201000043764;0;33;0;0;2;1;1;B01
201000043764;0;7;0;0;0;8;11;A01
201000043765;0;14;0;0;1;1;1;A01
201000043766;0;7;0;0;2;1;1;B01
201000043766;0;7;0;0;2;3;15;A01
201000043767;0;7;0;0;2;2;15;B01
201000043767;0;33;0;0;2;1;0;A01
201000043768;0;7;0;0;2;2;1;A01
201000043768;0;7;0;0;2;1;15;B01
201000043769;0;7;0;0;1;1;15;A01
201000043770;0;7;0;0;2;1;13;A01
201000043770;0;7;0;0;2;1;1;B01
201000043771;0;10;0;0;0;4;23;B01
201000043771;0;2;0;0;2;1;1;A01
201000043772;0;7;0;0;0;8;0;A01
201000043773;0;7;0;0;2;3;13;A01
201000043773;0;7;0;0;2;8;1;C01
201000043773;0;7;0;0;2;3;1;B01
201000043774;0;1;0;0;0;0;19;B01
201000043774;0;7;0;0;9;1;1;A01
201000043775;0;31;0;0;1;1;1;A01
201000043776;0;7;0;0;2;1;1;B01
201000043776;0;7;0;0;2;2;1;A01
201000043777;0;7;0;0;2;3;16;A01
201000043777;0;33;0;0;2;1;1;B01
201000043778;0;7;0;0;1;3;1;A01
201000043779;0;7;0;0;2;7;1;B01
201000043779;0;2;0;0;2;1;1;A01
201000043780;0;2;0;0;2;2;1;A01
201000043780;0;7;0;0;2;3;1;B01
201000043781;0;7;0;6;0;1;0;A01
201000043782;0;7;0;0;2;0;9;A01
201000043782;0;1;0;0;2;1;15;B01
201000043783;0;7;0;0;1;3;15;A01
201000043784;0;33;0;0;2;7;17;A01
201000043784;0;14;0;0;2;3;15;B01
201000043785;0;7;0;0;2;2;17;A01
201000043785;0;21;0;0;0;6;1;B01
201000043786;0;7;0;0;0;7;1;B01
201000043786;0;36;0;0;2;1;1;A01
201000043787;0;1;0;0;2;1;1;B01
201000043787;0;10;0;0;2;2;16;A01
201000043788;0;2;0;0;1;1;1;A01
201000043789;0;2;0;0;0;7;1;A01
201000043789;0;7;0;0;2;1;15;B01
201000043790;0;33;0;0;2;1;3;A01
201000043790;0;7;0;0;2;5;1;B01
201000043791;0;33;0;0;0;1;17;A01
201000043792;0;99;0;0;2;1;1;A01
201000043792;0;7;0;2;0;8;1;B01
201000043793;0;7;0;0;1;0;1;A01
201000043794;0;7;0;0;2;1;1;B01
201000043794;0;10;0;0;2;1;15;A01
201000043795;0;7;0;0;2;3;1;B01
201000043795;0;7;0;0;0;8;15;A01
201000043796;0;7;0;0;2;3;15;A01
201000043796;0;2;0;0;2;4;15;B01
201000043797;1;7;0;0;2;0;0;A01
201000043797;0;33;0;0;2;8;1;B01
201000043798;0;7;0;0;1;2;1;A01
201000043799;0;7;0;1;2;6;2;B01
201000043799;0;7;0;0;2;1;18;A01
201000043799;0;7;0;0;2;1;1;C01
201000043800;0;31;0;0;2;1;1;A01
201000043800;0;7;0;0;0;2;15;B01
201000043801;0;10;0;0;0;4;1;C01
201000043801;0;7;0;0;2;1;1;A01
201000043801;0;7;0;0;2;4;1;B01
201000043802;0;7;0;0;0;0;0;A01
201000043803;2;7;0;0;2;7;15;A01
201000043803;0;33;0;0;2;1;1;B01
201000043804;0;37;0;0;2;3;9;A01
201000043804;0;7;0;0;0;5;16;B01
201000043805;0;7;0;0;1;1;15;A01
201000043806;0;7;0;0;1;1;1;A01
201000043807;0;7;0;0;0;2;1;A01
201000043808;0;33;0;0;2;6;1;A01
201000043808;0;7;0;0;2;2;12;B01
201000043809;0;7;0;0;1;0;1;A01
201000043810;0;7;0;0;2;1;16;A01
201000043810;0;7;0;0;2;2;1;B01
201000043811;0;7;0;0;2;1;1;B01
201000043811;0;7;0;0;0;7;15;A01
201000043812;0;7;0;0;1;1;1;A01
201000043813;0;7;0;0;1;2;1;A01
201000043814;0;38;1;0;0;6;15;A01
201000043815;0;7;0;0;0;3;15;A01
201000043815;0;31;0;0;2;1;17;B01
201000043816;0;7;0;0;2;1;17;A01
201000043816;0;7;0;0;2;1;1;B01
201000043817;0;7;0;0;2;3;15;B01
201000043817;0;7;0;0;2;3;1;A01
201000043818;0;13;0;0;1;2;1;A01
201000043819;0;7;0;0;1;1;16;A01
201000043820;1;30;0;0;1;1;5;A01
201000043821;0;7;0;0;0;3;1;B01
201000043821;0;7;0;0;0;1;15;A01
201000043822;0;7;0;0;1;1;1;A01
201000043823;0;31;0;0;2;8;2;C01
201000043823;0;33;0;0;2;1;1;B01
201000043823;0;7;0;0;2;4;12;A01
201000043824;0;7;0;0;2;8;10;A01
201000043824;0;7;0;0;2;1;1;B01
201000043825;0;7;0;0;1;3;1;A01
201000043826;0;31;0;0;2;1;2;A01
201000043826;0;7;0;0;2;4;2;B01
201000043827;0;7;0;0;2;5;2;C01
201000043827;0;7;0;0;2;8;11;A01
201000043827;0;33;0;0;2;7;1;B01
201000043828;0;34;0;15;0;1;1;A01
201000043829;0;7;0;0;2;4;2;B01
201000043829;0;7;0;0;2;1;2;A01
201000043830;0;7;0;0;2;6;1;B01
201000043830;0;15;0;0;2;2;1;A01
201000043831;0;31;0;12;0;0;2;A01
201000043832;0;7;0;0;2;1;13;A01
201000043832;0;7;0;0;2;1;1;B01
201000043833;0;15;0;0;0;0;1;C01
201000043833;0;34;0;0;2;1;12;A01
201000043833;0;7;0;0;2;4;2;B01
201000043834;0;7;0;0;2;1;2;A01
201000043834;0;7;0;0;2;4;2;C01
201000043834;0;10;0;0;2;4;2;B01
201000043835;0;7;0;0;0;3;16;A01
201000043836;0;7;0;0;2;8;0;A01
201000043836;0;39;0;0;2;1;1;B01
201000043836;0;39;0;0;2;1;1;C01
201000043837;0;33;0;0;2;8;2;B01
201000043837;0;7;0;0;2;8;0;C01
201000043837;0;7;0;0;2;7;12;A01
201000043838;0;1;0;0;2;1;19;B01
201000043838;0;7;0;0;2;1;16;A01
201000043839;0;7;0;0;0;4;23;C01
201000043839;0;10;0;0;2;1;1;A01
201000043839;0;7;0;0;2;1;23;B01
201000043840;0;7;0;0;1;8;1;A01
201000043841;0;7;0;0;2;3;20;A01
201000043841;0;10;0;0;2;2;1;B01
201000043842;0;7;0;1;0;2;1;A01
201000043843;0;7;0;0;0;0;0;B01
201000043843;0;3;0;0;2;4;0;A01
201000043844;1;7;0;0;2;8;15;A01
201000043844;0;7;0;1;2;2;1;B01
201000043844;0;7;0;0;2;0;24;C01
201000043845;0;7;0;0;2;2;1;A01
201000043845;0;7;0;0;2;3;1;B01
201000043846;0;7;0;0;2;9;1;B01
201000043846;0;7;0;0;2;3;13;A01
201000043847;0;7;0;0;1;3;1;A01
201000043848;0;7;0;0;2;3;2;A01
201000043848;0;7;0;0;2;3;13;B01
201000043849;0;7;0;0;2;4;1;A01
201000043849;0;7;0;0;2;1;1;B01
201000043850;0;7;0;0;2;9;2;C01
201000043850;0;7;0;0;0;4;2;D01
201000043850;0;7;0;0;2;1;1;A01
201000043850;0;7;0;0;2;9;2;B01
201000043851;0;7;0;1;0;9;21;A01
201000043852;0;7;0;0;0;0;1;B01
201000043852;0;7;0;0;2;0;1;C01
201000043852;0;7;0;0;2;1;17;A01
201000043853;0;7;0;0;2;0;17;B01
201000043853;0;33;0;0;2;7;1;A01
201000043854;0;7;0;0;2;6;15;B01
201000043854;0;33;0;0;2;1;17;A01
201000043855;0;7;0;0;2;3;13;A01
201000043855;0;7;0;0;2;3;1;B01
201000043856;0;7;0;0;2;2;1;A01
201000043856;0;10;0;0;2;3;1;B01
201000043857;0;31;0;0;2;2;1;B01
201000043857;0;7;0;0;2;8;20;A01
201000043858;0;10;0;0;2;1;17;A01
201000043858;0;7;0;0;2;3;15;B01
201000043859;0;31;0;0;5;1;1;A01
201000043860;0;1;0;0;2;2;19;A01
201000043860;0;7;0;0;2;3;1;B01
201000043861;0;7;0;0;2;3;15;A01
201000043861;0;7;0;0;2;1;1;B01
201000043862;0;7;0;0;2;3;1;A01
201000043863;0;1;0;0;2;1;1;B01
201000043863;0;7;0;0;2;8;22;A01
201000043863;0;1;0;0;2;1;1;C01
201000043864;0;14;0;0;2;1;2;A01
201000043864;0;7;0;0;2;4;1;B01
201000043865;0;33;0;0;2;1;1;A01
201000043865;0;7;0;0;2;1;15;B01
201000043866;0;7;0;0;1;1;18;A01
201000043867;0;7;0;0;2;1;1;B01
201000043867;0;33;0;0;2;1;13;A01
201000043868;0;33;0;0;2;1;1;A01
201000043868;0;10;0;0;2;4;2;B01
201000043869;0;7;0;0;1;2;9;A01
201000043870;0;7;0;0;1;1;1;A01
201000043871;0;10;0;0;1;1;1;A01
201000043872;0;7;0;0;5;1;1;C01
201000043872;0;7;0;0;5;1;1;B01
201000043873;0;7;0;1;0;3;1;A01
201000043873;0;15;0;0;2;6;24;B01
201000043874;0;31;0;0;2;1;17;A01
201000043874;0;7;0;0;2;2;1;B01
201000043875;0;1;0;0;2;3;1;B01
201000043875;0;7;0;0;2;5;14;A01
201000043876;0;15;0;0;0;7;1;A01
201000043877;0;7;0;14;0;1;21;A01
201000043878;0;7;0;0;2;1;1;A01
201000043878;0;1;0;0;0;0;19;B01
201000043879;0;7;0;0;2;3;1;B01
201000043879;0;31;0;0;2;1;17;A01
201000043880;1;7;0;0;2;0;13;B01
201000043880;0;7;0;0;2;0;21;A01
201000043881;0;32;0;0;0;3;1;A01
201000043882;0;7;0;0;2;1;1;A01
201000043882;0;7;0;0;2;8;1;B01
201000043883;0;7;0;0;2;7;1;A01
201000043883;0;31;0;0;0;1;1;B01
201000043884;0;7;0;0;2;4;1;B01
201000043884;0;33;0;0;2;1;1;A01
201000043885;0;31;0;0;2;8;1;B01
201000043885;0;7;0;0;2;7;15;A01
201000043886;0;1;0;0;2;2;19;B01
201000043886;0;7;0;0;2;3;1;A01