num_acc;senc;catv;occutc;obs;obsm;choc;manv;num_veh
201000043887;0;33;0;0;2;3;1;B01
201000043887;0;7;0;0;2;3;9;A01
201000043888;0;7;0;0;2;1;9;A01
201000043888;0;32;0;0;2;1;1;B01
201000043889;0;7;0;0;2;1;0;C01
201000043889;0;7;0;0;2;0;1;B01
201000043889;0;7;0;0;2;1;1;A01
201000043890;0;7;0;0;1;5;4;A01
201000043891;0;7;0;0;2;4;2;C01
201000043891;0;7;0;0;2;1;1;B01
201000043891;0;7;0;0;2;1;1;A01
201000043892;0;7;0;0;2;4;13;B01
201000043892;0;30;0;0;2;0;17;A01
201000043893;0;7;0;0;0;1;1;A01
201000043894;0;7;0;0;2;1;1;A01
201000043894;0;7;0;0;2;4;1;C01
201000043894;0;7;0;0;2;4;1;B01
201000043895;0;7;0;0;2;3;16;C01
201000043895;0;31;0;0;2;3;5;A01
201000043895;0;7;0;0;2;3;1;B01
201000043896;0;7;0;0;2;4;1;B01
201000043896;0;7;0;0;2;4;1;C01
201000043896;0;7;0;0;2;4;2;A01
201000043897;0;10;0;0;2;1;1;B01
201000043897;0;7;0;0;2;6;15;A01
201000043898;0;7;0;0;2;1;1;A01
201000043898;0;7;0;0;2;7;2;B01
201000043899;0;7;0;0;2;3;1;A01
201000043899;0;7;0;0;2;3;1;B01
201000043900;0;7;0;0;1;2;1;A01
201000043901;0;14;0;0;0;3;1;B01
201000043901;0;14;0;0;0;1;1;C01
201000043901;0;7;0;0;2;1;17;A01
201000043902;0;7;0;0;2;1;2;A01
201000043902;0;1;0;0;0;4;2;B01
201000043903;0;7;0;0;1;3;1;A01
201000043904;0;7;0;0;2;4;4;A01
201000043904;0;7;0;0;2;7;1;B01
201000043905;0;33;0;0;0;1;1;B01
201000043905;0;7;0;0;2;0;0;A01
201000043906;0;7;0;15;0;1;14;C01
201000043906;0;7;0;0;0;0;2;A01
201000043906;0;7;0;0;0;4;2;B01
201000043907;0;7;0;0;0;0;0;B01
201000043907;0;10;0;0;2;3;2;A01
201000043908;0;2;0;0;0;4;9;B01
201000043908;0;7;0;0;0;1;1;A01
201000043909;0;7;0;0;2;2;1;B01
201000043909;0;7;0;0;2;3;9;A01
201000043910;0;99;0;0;2;7;10;A01
201000043910;0;36;0;0;2;1;1;B01
201000043911;0;7;0;0;0;0;0;A01
201000043912;0;7;0;0;2;1;2;A01
201000043912;0;15;0;0;0;4;2;B01
201000043913;0;7;0;0;1;1;0;A01
201000043914;0;7;0;0;1;1;1;A01
201000043915;0;7;0;0;2;8;0;B01
201000043915;0;7;0;0;2;1;4;A01
201000043916;0;7;0;0;2;1;5;A01
201000043916;0;7;0;0;2;1;1;B01
201000043917;0;7;0;0;0;7;11;A01
201000043918;0;7;0;0;1;1;1;A01
201000043919;0;34;0;0;0;0;2;A01
201000043920;0;7;0;0;2;4;1;B01
201000043920;0;7;0;0;2;1;1;A01
201000043921;0;7;0;0;2;1;1;A01
201000043921;0;7;0;0;2;4;20;C01
201000043921;0;7;0;0;2;4;23;B01
201000043922;0;7;0;0;1;2;1;A01
201000043923;0;7;0;0;2;1;1;A01
201000043923;0;7;0;0;0;4;2;B01
201000043924;0;30;0;0;0;8;1;A01
201000043925;1;7;0;0;2;8;11;Z01
201000043925;0;7;0;0;2;7;1;B01
201000043926;0;30;0;0;2;4;23;B01
201000043926;0;7;0;0;2;1;1;A01
201000043927;0;2;0;1;2;1;1;B01
201000043927;0;7;0;0;2;2;0;A01
201000043928;0;7;0;0;2;2;13;A01
201000043928;0;7;0;0;2;3;1;B01
201000043929;0;7;0;0;2;1;0;A01
201000043929;0;37;1;0;2;4;1;B01
201000043930;0;7;0;0;1;1;1;A01
201000043931;0;7;0;0;2;4;2;C01
201000043931;0;7;0;0;2;4;2;B01
201000043931;0;7;0;0;2;1;1;A01
201000043932;0;7;0;0;2;4;1;C01
201000043932;0;7;0;0;2;1;1;A01
201000043932;0;7;0;0;2;4;1;B01
201000043933;0;7;0;0;1;6;21;A01
201000043934;0;7;0;4;0;1;1;A01
201000043935;0;7;0;0;2;0;17;A01
201000043935;0;33;0;0;0;0;17;B01
201000043936;0;7;0;0;2;7;16;A01
201000043936;0;1;0;0;2;8;1;B01
201000043937;0;7;0;0;2;5;4;A01
201000043937;0;7;0;0;2;8;1;B01
201000043938;0;30;0;0;2;3;1;A01
201000043938;0;7;0;0;2;2;1;B01
201000043939;0;7;0;0;1;3;1;A01
201000043940;0;7;0;0;0;1;1;A01
201000043941;0;10;0;0;1;1;1;A01
201000043942;0;33;0;0;2;1;1;B01
201000043942;0;7;0;0;2;8;10;A01
201000043943;0;7;0;0;2;1;0;A01
201000043943;0;7;0;0;0;4;0;B01
201000043944;0;10;0;6;0;2;1;A01
201000043945;0;30;0;0;2;1;1;B01
201000043945;0;7;0;0;2;2;1;A01
201000043946;0;7;0;0;2;2;1;A01
201000043946;0;7;0;0;2;3;1;B01
201000043947;0;7;0;0;9;2;9;B01
201000043947;0;32;0;0;0;1;13;A01
201000043948;0;7;0;0;2;2;15;A01
201000043948;0;7;0;0;2;3;1;B01
201000043949;0;1;0;0;2;0;0;B01
201000043949;0;7;0;0;2;0;0;A01
201000043950;0;7;0;0;2;1;0;B01
201000043950;0;7;0;0;2;1;0;A01
201000043951;0;7;0;0;2;1;1;A01
201000043951;0;7;0;0;2;8;1;B01
201000043952;0;7;0;0;2;7;1;B01
201000043952;0;7;0;0;2;1;9;A01
201000043953;0;10;0;0;1;1;1;A01
201000043954;0;7;0;0;2;3;13;A01
201000043954;0;30;0;0;2;7;17;B01
201000043955;0;7;0;0;2;3;15;A01
201000043955;0;33;0;0;2;1;1;B01
201000043956;0;7;0;0;0;0;17;A01
201000043956;0;1;0;0;0;0;21;B01
201000043957;0;1;0;0;2;0;15;B01
201000043957;0;7;0;0;2;0;2;A01
201000043958;0;15;0;0;0;8;1;A01
201000043959;0;7;0;0;2;1;1;A01
201000043959;0;1;0;0;2;4;1;B01
201000043960;0;7;0;0;2;3;1;C01
201000043960;0;7;0;0;2;6;1;B01
201000043960;0;1;0;0;2;1;0;A01
201000043961;0;7;0;0;1;3;2;A01
201000043962;0;7;0;0;2;1;1;B01
201000043962;0;33;0;0;2;7;15;A01
201000043963;0;7;0;0;2;4;1;B01
201000043963;0;31;0;0;2;1;1;A01
201000043964;0;1;0;0;0;1;0;A01
201000043965;0;7;0;0;1;3;1;A01
201000043966;0;7;0;0;1;1;1;A01
201000043967;0;7;0;0;1;3;1;A01
201000043968;0;7;0;0;1;2;1;A01
201000043969;2;7;0;0;1;1;14;A01
201000043970;0;7;0;0;2;3;15;B01
201000043970;0;7;0;0;2;6;1;A01
201000043971;0;7;0;0;2;1;1;B01
201000043971;0;7;0;0;2;1;13;A01
201000043972;0;7;0;0;1;1;1;A01
201000043973;0;7;0;0;2;8;21;A01
201000043973;0;1;0;0;2;1;1;B01
201000043974;0;1;0;0;2;1;1;A01
201000043974;0;7;0;0;2;3;15;B01
201000043975;0;7;0;0;2;5;2;B01
201000043975;0;2;0;0;2;1;2;A01
201000043976;0;7;0;0;2;4;2;B01
201000043976;0;7;0;0;2;1;2;A01
201000043977;0;7;0;0;2;6;2;B01
201000043977;0;2;0;0;2;1;2;A01
201000043978;0;7;0;0;2;2;15;A01
201000043978;0;1;0;0;2;1;2;B01
201000043979;1;7;0;0;1;0;1;A01
201000043980;0;10;0;0;1;3;1;A01
201000043981;0;7;0;0;2;2;15;A01
201000043981;0;30;0;0;2;1;1;B01
201000043982;0;7;0;0;2;2;1;B01
201000043982;0;7;0;0;2;3;15;A01
201000043983;0;33;0;0;2;4;2;B01
201000043983;0;7;0;0;2;1;2;A01
201000043984;0;7;0;0;1;3;15;A01
201000043985;0;1;0;0;2;1;9;A01
201000043985;0;7;0;0;2;4;1;B01
201000043986;0;7;0;0;2;7;12;A01
201000043986;0;33;0;0;2;3;1;B01
201000043987;0;2;0;2;0;1;0;A01
201000043988;0;7;0;0;2;4;2;C01
201000043988;0;7;0;0;2;1;2;A01
201000043988;0;7;0;0;2;4;2;B01
201000043989;0;7;0;0;2;5;15;A01
201000043989;0;32;0;0;2;1;1;B01
201000043990;0;32;0;0;0;8;2;A01
201000043991;0;2;0;12;0;1;14;A01
201000043992;0;7;0;14;0;1;13;A01
201000043993;1;30;0;0;0;0;0;A01
201000043994;0;7;0;0;2;2;16;A01
201000043994;0;7;0;0;2;8;1;B01
201000043995;0;7;0;0;1;1;15;A01
201000043996;0;7;0;0;1;7;0;A01
201000043997;0;32;0;12;0;0;21;A01
201000043998;0;7;0;0;2;1;15;A01
201000043998;0;30;0;0;2;1;2;B01
201000043999;0;7;0;0;2;3;1;A01
201000043999;0;30;0;0;2;1;0;B01
201000044000;0;7;0;0;2;1;2;A01
201000044000;0;7;0;0;2;4;2;C01
201000044000;0;7;0;0;2;4;2;B01
201000044001;0;7;0;0;2;7;2;B01
201000044001;0;1;0;0;2;1;16;A01
201000044002;0;7;0;0;0;1;16;A01
201000044003;0;7;0;0;2;3;1;B01
201000044003;0;7;0;0;2;1;1;A01
201000044004;0;7;0;0;1;1;2;A01
201000044005;0;14;0;0;2;7;2;A01
201000044005;0;7;0;0;2;1;1;B01
201000044006;0;7;0;0;1;1;16;A01
201000044007;0;7;0;0;2;3;15;B01
201000044007;0;33;0;0;2;1;17;A01
201000044008;0;7;0;0;1;1;1;A01
201000044009;1;1;0;0;1;0;0;A01
201000044010;0;31;0;0;0;8;1;A01
201000044011;0;7;0;0;1;2;2;A01
201000044012;0;33;0;0;2;1;18;A01
201000044012;0;7;0;0;2;2;16;B01
201000044013;0;2;0;0;0;0;1;A01
201000044014;0;7;0;15;0;3;21;A01
201000044015;0;7;0;11;0;1;1;A01
201000044016;0;7;0;0;1;3;15;A01
201000044017;0;33;0;6;0;8;16;A01
201000044018;0;7;0;0;2;7;2;A01
201000044018;0;30;0;0;2;8;2;B01
201000044019;0;7;0;0;2;1;16;A01
201000044019;0;7;0;0;2;8;23;B01
201000044020;1;99;0;0;2;8;2;A01
201000044020;0;7;0;0;2;5;2;B01
201000044021;0;30;0;0;0;8;2;A01
201000044022;0;7;0;0;0;0;2;A01
201000044023;0;30;0;0;0;8;1;A01
201000044024;0;31;0;0;2;1;2;B01
201000044024;0;7;0;0;2;2;15;A01
201000044025;0;7;0;0;2;7;15;B01
201000044025;0;7;0;0;2;1;1;A01
201000044026;0;7;0;0;2;4;2;D01
201000044026;0;7;0;0;2;1;2;A01
201000044026;0;7;0;0;2;4;2;C01
201000044026;0;7;0;0;2;4;2;B01
201000044027;0;7;0;0;2;6;23;C01
201000044027;0;7;0;0;2;1;1;B01
201000044027;0;7;0;0;2;1;13;A01
201000044028;0;30;0;0;2;1;1;B01
201000044028;0;7;0;0;2;3;16;A01
201000044029;0;7;0;0;2;1;2;A01
201000044029;0;7;0;0;2;4;2;B01
201000044030;0;7;0;0;1;2;1;A01
201000044031;0;33;0;0;2;1;2;B01
201000044031;0;7;0;0;2;8;19;A01
201000044032;0;10;0;0;2;3;5;A01
201000044032;0;10;0;0;2;3;5;B01
201000044033;0;7;0;0;2;1;15;A01
201000044033;0;7;0;0;2;7;2;B01
201000044034;0;7;0;0;2;8;1;B01
201000044034;0;32;0;0;2;7;17;A01
201000044035;0;32;0;0;2;1;17;A01
201000044035;0;7;0;0;2;3;15;B01
201000044036;0;7;0;0;2;3;15;B01
201000044036;0;30;0;0;2;1;17;A01
201000044037;0;7;0;0;2;1;2;A01
201000044037;0;7;0;0;2;4;2;B01
201000044038;0;7;0;0;1;4;20;A01
201000044039;0;37;0;0;1;0;16;A01
201000044040;1;7;0;0;1;0;1;A01
201000044041;1;7;0;0;1;0;1;A01
201000044042;0;7;0;14;0;3;0;A01
201000044043;0;7;0;0;2;4;15;B01
201000044043;1;10;0;0;2;1;2;A01
201000044044;0;7;0;0;2;8;23;B01
201000044044;0;2;0;0;2;1;1;A01
201000044045;0;7;0;0;2;1;1;B01
201000044045;0;7;0;0;2;8;13;A01
201000044046;0;33;0;9;2;1;17;A01
201000044046;0;10;0;0;2;3;9;B01
201000044047;0;2;0;0;2;2;15;A01
201000044047;0;33;0;1;2;0;1;B01
201000044048;0;7;0;2;0;1;0;A01
201000044049;0;34;0;0;0;1;0;A01
201000044050;0;7;0;0;2;3;2;A01
201000044050;0;7;0;0;2;4;23;C01
201000044050;0;7;0;0;2;4;23;D01
201000044050;0;7;0;0;2;4;23;B01
201000044051;0;33;0;0;2;1;0;A01
201000044051;0;7;0;0;2;6;2;B01
201000044052;0;31;0;1;0;5;1;A01
201000044053;0;10;0;0;2;3;2;B01
201000044053;0;7;0;0;2;2;16;A01
201000044054;0;31;0;0;0;8;0;A01
201000044055;0;2;0;1;0;2;1;A01
201000044056;0;32;0;8;0;0;13;A01
201000044057;1;7;0;0;2;3;1;A01
201000044057;0;30;0;0;2;3;1;B01
201000044058;0;1;0;0;0;0;2;A01
201000044059;0;7;0;0;2;2;15;B01
201000044059;0;7;0;0;2;3;2;A01
201000044060;0;33;0;0;2;7;1;B01
201000044060;1;10;0;0;2;7;19;A01
201000044061;0;33;0;0;1;1;1;A01
201000044062;0;7;0;0;1;1;9;A01
201000044063;0;7;0;0;2;4;24;B01
201000044063;0;7;0;1;0;0;15;A01
201000044064;0;7;0;0;2;3;15;B01
201000044064;0;33;0;0;2;1;13;A01
201000044065;0;7;0;0;0;9;2;A01
201000044066;0;33;0;0;2;1;1;B01
201000044066;0;7;0;0;2;3;15;A01
201000044067;0;31;0;6;0;1;15;A01
201000044068;0;7;0;0;2;4;2;C01
201000044068;0;33;0;0;2;4;2;B01
201000044068;0;7;0;0;2;3;2;A01
201000044069;1;7;0;0;9;4;2;A01
201000044069;0;1;0;0;2;1;2;B01
201000044070;0;7;0;1;1;3;4;A01
201000044071;0;2;0;14;0;2;1;A01
201000044072;0;2;0;14;0;1;0;A01
201000044073;0;2;0;0;0;2;1;A01
201000044074;0;7;0;15;0;1;2;A01
201000044075;0;7;0;0;2;2;1;A01
201000044075;0;7;0;0;2;7;15;B01
201000044076;0;32;0;4;0;8;2;A01
201000044077;0;30;0;0;2;1;2;B01
201000044077;1;7;0;0;2;3;16;A01
201000044078;0;30;0;0;2;1;2;B01
201000044078;0;7;0;0;2;1;17;A01
201000044079;0;7;0;1;2;8;1;B01
201000044079;2;7;0;0;2;3;13;A01
201000044080;0;7;0;14;0;1;6;A01
201000044081;1;7;0;0;2;7;15;A01
201000044081;0;33;0;0;2;2;2;B01
201000044082;0;33;0;0;2;1;1;A01
201000044082;0;7;0;0;2;3;15;B01
201000044083;0;7;0;0;2;4;23;B01
201000044083;0;7;0;0;2;4;23;C01
201000044083;0;7;0;0;2;1;2;A01
201000044084;0;7;0;0;2;3;1;B01
201000044084;0;7;0;0;2;2;15;A01
201000044085;0;7;0;8;0;1;14;A01
201000044086;0;7;0;0;1;1;2;A01
201000044087;0;7;0;0;1;1;1;A01
201000044088;1;7;0;0;1;1;2;A01
201000044089;1;7;0;0;9;0;15;A01
201000044089;0;31;0;0;2;0;16;B01
201000044090;0;7;0;0;1;3;2;A01
201000044091;0;33;0;0;2;1;1;A01
201000044091;0;7;0;0;2;1;1;B01
201000044092;0;7;0;0;0;1;1;A01
201000044093;0;7;0;0;2;2;17;A01
201000044093;0;7;0;0;2;1;1;B01
201000044094;0;7;0;0;9;0;1;B01
201000044094;0;30;0;0;2;0;11;A01
201000044095;0;7;0;0;2;3;15;A01
201000044095;0;2;0;0;2;1;0;B01
201000044096;0;7;0;13;0;9;14;A01
201000044097;0;7;0;0;2;4;2;B01
201000044097;0;7;0;0;2;1;1;A01
201000044098;0;7;0;6;0;1;1;A01
201000044099;0;7;0;0;0;6;2;B01
201000044099;0;7;0;0;2;2;2;A01
201000044100;0;7;0;0;2;1;2;A01
201000044100;0;7;0;0;2;4;2;B01
201000044101;0;1;0;0;2;1;1;B01
201000044101;0;7;0;0;0;8;9;A01
201000044102;0;7;0;0;1;1;15;A01
201000044103;0;7;0;0;2;2;12;A01
201000044103;0;7;0;0;0;6;23;B01
201000044104;1;3;0;0;2;1;9;A01
201000044104;0;3;0;0;0;5;1;B01
201000044105;0;7;0;0;2;4;2;D01
201000044105;0;10;0;0;2;9;23;B01
201000044105;0;14;0;0;2;1;2;A01
201000044105;0;7;0;0;2;9;2;C01
201000044106;0;7;0;0;2;1;1;B01
201000044106;0;7;0;0;2;8;16;A01
201000044107;0;7;0;0;0;1;9;A01
201000044107;0;30;0;0;2;1;1;B01
201000044108;0;7;0;0;2;2;1;A01
201000044108;0;7;0;0;2;6;1;B01
201000044109;0;7;0;0;2;1;1;A01
201000044109;0;7;0;0;2;1;1;B01
201000044110;0;7;0;0;2;1;5;A01
201000044110;0;7;0;0;2;1;1;B01
201000044111;0;7;0;1;0;1;14;A01
201000044111;0;7;0;0;2;4;24;B01
201000044112;0;7;0;0;2;1;2;A01
201000044112;0;7;0;0;0;4;2;B01
201000044113;0;7;0;1;2;2;2;B01
201000044113;0;2;0;4;2;4;5;A01
201000044114;0;10;0;0;2;7;2;B01
201000044114;0;10;0;4;2;1;11;A01
201000044115;0;17;0;0;2;6;23;B01
201000044115;0;7;0;0;2;1;2;A01
201000044116;0;7;0;6;2;1;0;A01
201000044117;0;7;0;0;2;1;1;A01
201000044117;0;7;0;0;2;3;1;B01
201000044118;0;7;0;0;1;3;1;A01
201000044119;0;7;0;0;1;2;1;A01
201000044120;0;2;0;0;2;1;9;A01
201000044120;0;7;0;0;2;5;1;B01
201000044121;0;7;0;2;6;1;1;A01
201000044122;0;10;0;0;1;4;4;A01
201000044123;0;2;0;0;0;1;17;A01
201000044123;0;7;0;0;0;3;15;B01
201000044124;0;7;0;0;1;1;2;A01
201000044125;0;7;0;2;0;1;14;A01
201000044126;0;7;0;3;0;1;2;A01
201000044127;0;7;0;0;2;1;1;B01
201000044127;0;7;0;0;2;3;9;A01
201000044128;0;7;0;0;2;1;1;A01
201000044128;0;7;0;0;2;5;9;B01
201000044129;0;7;0;0;1;3;1;A01
201000044130;0;7;0;0;2;1;1;A01
201000044130;0;1;0;0;2;1;1;B01
201000044131;0;10;0;0;1;3;1;A01
201000044132;1;31;0;0;1;1;1;A01
201000044133;0;7;0;0;2;4;2;B01
201000044133;0;7;0;0;2;1;2;A01
201000044134;0;33;0;0;2;1;21;A01
201000044134;0;7;0;0;2;4;23;B01
201000044135;0;7;0;0;1;1;15;A01
201000044136;0;7;0;0;0;4;2;C01
201000044136;0;7;0;0;2;1;2;A01
201000044136;0;7;0;0;2;4;1;B01
201000044137;0;33;0;0;2;1;2;A01
201000044137;0;7;0;0;0;4;1;B01
201000044138;0;7;0;0;1;7;1;A01
201000044139;0;33;0;0;2;7;1;B01
201000044139;0;7;0;0;2;2;1;A01
201000044140;0;7;0;0;2;2;1;A01
201000044140;0;7;0;0;2;3;1;B01
201000044141;0;7;0;0;2;3;1;B01
201000044141;0;31;0;0;2;2;3;A01
201000044142;0;7;0;0;2;1;15;A01
201000044142;0;2;0;0;2;8;1;B01
201000044143;0;33;0;0;0;8;0;B01
201000044143;0;7;0;0;2;1;9;A01
201000044144;0;10;0;0;1;2;1;A01
201000044145;0;7;0;0;1;1;1;A01
201000044146;0;7;0;0;1;1;1;A01
201000044147;0;7;0;0;2;1;1;A01
201000044147;0;7;0;0;2;7;1;B01
201000044148;0;37;0;0;1;1;9;A01
201000044148;0;7;0;0;2;4;24;B01
201000044149;0;7;0;0;1;3;1;A01
201000044150;0;7;0;0;2;1;15;A01
201000044150;0;7;0;0;2;3;1;B01
201000044151;0;7;0;0;1;2;1;B01
201000044152;0;7;0;0;2;2;1;A01
201000044152;0;30;0;0;2;3;1;B01
201000044153;0;7;0;0;1;2;17;A01
201000044154;0;7;0;0;1;3;15;A01
201000044155;0;7;0;0;1;3;15;A01
201000044156;0;13;0;0;1;4;4;A01
201000044157;0;33;0;0;1;1;1;A01
201000044158;0;7;0;0;2;2;9;B01
201000044158;0;31;0;0;2;1;3;A01
201000044159;0;7;0;0;0;0;4;B01
201000044159;0;7;0;0;1;2;1;A01
201000044160;0;30;0;0;2;1;1;A01
201000044160;0;1;0;0;2;6;9;B01
201000044161;0;14;0;0;2;2;16;A01
201000044161;0;1;0;0;2;1;1;B01
201000044162;0;32;0;0;2;1;17;A01
201000044162;0;7;0;0;2;2;15;B01
201000044163;0;7;0;0;1;4;4;A01
201000044164;0;33;0;12;2;8;6;A01
201000044164;0;7;0;0;2;1;1;B01
201000044165;0;7;0;0;2;2;12;A01
201000044165;0;15;0;0;2;3;1;B01
201000044166;0;7;0;0;2;8;11;A01
201000044166;0;2;0;0;2;2;3;B01
201000044167;0;33;0;0;0;1;0;A01
201000044168;0;7;0;0;1;3;1;A01
201000044169;0;7;0;0;2;7;15;A01
201000044169;0;32;0;0;2;1;1;B01
201000044170;0;33;0;0;2;1;2;A01
201000044170;0;7;0;0;2;8;2;B01
201000044171;0;7;0;0;2;1;2;A01
201000044171;0;7;0;0;0;4;2;B01
201000044172;0;37;1;0;1;2;1;A01
201000044173;0;7;0;0;1;0;1;A01
201000044174;0;7;0;0;2;4;2;C01
201000044174;0;7;0;0;0;4;2;D01
201000044174;0;7;0;0;2;4;2;B01
201000044174;0;13;0;0;2;1;2;A01
201000044175;0;7;0;0;2;2;15;A01
201000044175;0;33;0;0;2;1;1;B01
201000044176;1;7;0;0;1;1;0;Z01
201000044177;0;7;0;0;1;1;1;A01
201000044178;0;7;0;0;2;3;1;B01
201000044178;0;7;0;0;2;1;1;C01
201000044178;0;33;0;0;2;3;17;A01
201000044179;0;7;0;0;0;3;10;A01
201000044179;0;32;0;0;2;1;1;B01
201000044180;0;2;0;0;2;3;17;A01
201000044180;0;7;0;0;2;8;15;B01
201000044181;0;7;0;0;1;3;1;A01
201000044182;0;7;0;0;0;4;2;B01
201000044182;0;7;0;0;2;4;2;A01
201000044183;0;2;0;0;2;1;1;B01
201000044183;0;7;0;0;2;2;15;A01
201000044184;0;2;0;1;0;1;2;A01
201000044185;0;10;0;0;2;6;1;B01
201000044185;0;7;0;0;2;1;1;A01
201000044186;0;7;0;0;1;2;2;A01
201000044187;0;7;0;0;2;3;1;A01
201000044187;0;10;0;0;2;1;1;B01
201000044188;0;7;0;0;2;8;1;A01
201000044188;0;30;0;0;2;8;1;B01
201000044189;0;33;0;0;2;7;1;B01
201000044189;0;7;0;0;2;1;15;A01
201000044190;0;7;0;0;1;2;20;A01
201000044191;0;7;0;0;2;2;12;A01
201000044191;0;30;0;0;2;3;18;B01
201000044192;0;7;0;0;2;1;1;A01
201000044192;0;7;0;0;2;1;1;B01
201000044193;0;7;0;0;1;1;1;A01
201000044194;1;7;0;0;2;7;22;A01
201000044194;0;1;0;1;0;1;1;B01
201000044195;0;7;0;0;1;3;1;A01
201000044196;0;33;0;9;0;1;2;A01
201000044197;0;7;0;1;0;1;2;A01
201000044198;0;7;0;0;2;2;15;A01
201000044198;0;1;0;0;2;1;1;B01
201000044199;0;7;0;0;2;8;1;B01
201000044199;0;30;0;0;2;1;1;A01
201000044200;0;7;0;0;2;7;2;B01
201000044200;0;33;0;0;2;1;9;A01
201000044201;0;10;0;0;2;4;1;E01
201000044201;0;7;0;0;2;3;22;B01
201000044201;0;10;0;0;2;3;1;C01
201000044201;0;7;0;0;2;3;1;D01
201000044201;0;32;0;0;2;1;11;A01
201000044202;0;7;0;0;2;5;15;A01
201000044202;0;33;0;0;2;1;0;B01
201000044203;0;7;0;0;1;2;1;A01
201000044204;0;7;0;0;1;1;2;A01
201000044205;0;7;0;0;0;3;1;A01
201000044205;0;7;0;0;2;5;11;B01
201000044206;0;7;0;0;2;3;1;B01
201000044206;0;7;0;0;2;8;15;A01
201000044207;0;7;0;0;2;2;5;A01
201000044207;0;33;0;0;2;1;1;B01
201000044208;0;7;0;0;2;1;1;B01
201000044208;0;7;0;0;2;1;5;A01
201000044209;0;7;0;0;1;1;1;A01
201000044210;0;32;0;0;2;1;1;B01
201000044210;0;7;0;0;2;1;15;A01
201000044211;0;7;0;0;2;1;16;B01
201000044211;0;30;0;0;2;1;19;A01
201000044212;0;7;0;0;2;5;2;B01
201000044212;0;7;0;0;2;3;2;A01
201000044213;0;30;0;1;0;1;1;B01
201000044213;0;7;0;0;2;5;22;A01
201000044214;0;30;0;0;2;1;16;A01
201000044214;0;7;0;0;2;3;1;C01
201000044214;0;7;0;14;0;3;16;B01
201000044215;0;7;0;1;0;2;1;A01
201000044216;0;33;0;0;1;1;2;A01
201000044217;0;7;0;0;2;3;10;A01
201000044217;0;33;0;0;2;1;1;B01
201000044218;0;37;12;0;1;1;15;A01
201000044219;0;30;0;0;2;1;2;A01
201000044219;0;7;0;0;2;2;13;B01
201000044220;0;10;0;0;2;1;1;A01
201000044220;0;7;0;0;2;8;1;B01
201000044221;0;7;0;0;0;6;23;B01
201000044221;1;30;0;14;0;1;15;A01
201000044222;0;7;0;0;1;2;2;A01
201000044223;0;10;0;0;1;3;1;A01
201000044224;0;7;0;0;2;2;16;B01
201000044224;0;7;0;0;2;6;18;A01
201000044225;0;7;0;0;2;1;1;A01
201000044225;0;7;0;0;2;4;2;C01
201000044225;0;7;0;0;2;4;2;B01
201000044226;0;7;0;0;1;3;1;A01
201000044227;0;7;0;0;0;0;1;B01
201000044227;0;7;0;0;0;0;1;A01
201000044228;0;99;0;0;2;4;2;C01
201000044228;0;7;0;0;2;4;2;B01
201000044228;0;7;0;0;2;1;2;A01
201000044229;0;7;0;0;1;2;15;A01
201000044230;0;15;0;0;2;1;1;A01
201000044230;0;7;0;0;2;0;1;B01
201000044231;0;7;0;0;2;4;2;B01
201000044231;0;10;0;0;2;1;2;A01
201000044231;0;7;0;0;2;4;2;C01
201000044232;0;7;0;0;2;2;11;A01
201000044232;0;33;0;0;2;2;3;B01
201000044233;0;7;0;0;2;1;21;A01
201000044233;0;17;0;0;2;5;15;B01
201000044234;0;17;0;15;0;8;1;A01
201000044235;0;10;0;0;2;1;1;A01
201000044235;0;7;0;0;2;1;1;B01
201000044235;0;7;0;0;0;4;1;C01
201000044236;0;7;0;0;1;1;1;A01
201000044237;0;7;0;0;2;1;2;A01
201000044237;0;7;0;0;2;4;1;D01
201000044237;0;7;0;0;2;4;2;B01
201000044237;0;33;0;0;2;5;1;C01
201000044238;0;33;0;0;2;1;21;A01
201000044238;0;7;0;0;2;5;2;B01
201000044239;0;7;0;0;9;1;1;B01
201000044239;0;1;0;0;2;1;19;A01
201000044240;0;30;0;0;1;1;1;A01
201000044241;0;7;0;8;2;5;1;B01
201000044241;0;7;0;0;2;5;1;A01
201000044242;0;7;0;7;0;1;1;A01
201000044243;0;7;0;0;1;3;1;A01
201000044244;0;7;0;0;1;1;1;A01
201000044245;0;33;0;0;2;3;1;A01
201000044245;0;7;0;0;0;3;2;B01
201000044246;0;31;0;0;0;0;1;A01
201000044247;0;2;0;0;0;7;2;A01
201000044248;0;7;0;8;0;3;0;A01
201000044249;0;7;0;0;0;2;1;A01
201000044250;0;7;0;0;2;2;1;B01
201000044250;0;7;0;0;2;3;11;A01
201000044251;0;7;0;0;1;3;15;A01
201000044252;0;7;0;0;2;1;2;A01
201000044252;0;33;0;0;2;4;2;B01
201000044253;0;1;0;0;1;1;1;A01
201000044254;0;7;0;0;0;6;2;B01
201000044254;0;7;0;0;2;8;14;A01
201000044255;0;1;0;14;0;0;2;A01
201000044256;0;1;0;0;2;1;1;B01
201000044256;0;7;0;0;0;5;4;A01
201000044257;0;7;0;0;0;3;2;A01
201000044257;0;1;0;0;0;4;2;B01
201000044258;0;7;0;0;0;1;2;A01
201000044258;0;7;0;0;0;4;2;B01
201000044259;0;7;0;0;2;6;11;A01
201000044259;0;33;0;0;2;6;17;B01
201000044260;0;33;0;0;1;1;1;B01
201000044261;0;7;0;0;9;2;1;B01