num_acc;senc;catv;occutc;obs;obsm;choc;manv;num_veh
201000044261;0;1;0;0;2;8;19;A01
201000044262;0;7;0;0;2;2;2;B01
201000044262;0;7;0;0;2;6;11;A01
201000044263;0;33;0;0;0;8;1;A01
201000044264;0;7;0;0;2;3;1;B01
201000044264;0;7;0;0;0;7;19;A01
201000044265;0;7;0;0;1;1;1;A01
201000044266;0;7;0;15;0;8;1;A01
201000044266;0;10;0;0;2;2;15;B01
201000044267;0;7;0;0;0;5;23;B01
201000044267;0;2;0;0;2;3;2;A01
201000044268;0;33;0;0;0;7;1;B01
201000044268;0;7;0;0;2;3;10;A01
201000044269;0;33;0;12;0;1;1;A01
201000044270;1;14;0;0;2;6;13;A01
201000044270;0;2;0;0;2;2;17;B01
201000044271;0;33;0;0;2;3;1;B01
201000044271;0;7;0;0;2;2;15;A01
201000044272;0;7;0;0;2;2;1;B01
201000044272;0;7;0;0;2;6;4;A01
201000044273;0;33;0;0;2;2;1;A01
201000044273;0;7;0;0;2;2;15;B01
201000044274;0;1;0;0;2;1;1;B01
201000044274;0;7;0;0;2;5;15;A01
201000044275;0;31;0;0;0;0;21;A01
201000044276;0;1;0;0;2;7;1;B01
201000044276;0;7;0;0;2;1;9;A01
201000044277;0;30;0;0;0;0;21;A01
201000044277;1;7;0;0;0;0;0;Z01
201000044278;0;33;0;0;2;2;1;A01
201000044278;0;7;0;0;0;2;23;B01
201000044279;0;7;0;0;2;5;4;A01
201000044279;0;7;0;0;2;3;23;B01
201000044280;0;7;0;12;0;9;21;A01
201000044281;1;7;0;0;2;8;18;Z01
201000044281;0;7;0;13;2;7;1;A01
201000044282;0;31;0;0;2;4;11;A01
201000044282;0;7;0;0;2;2;1;B01
201000044283;0;7;0;0;2;3;10;A01
201000044283;0;2;0;0;2;3;1;B01
201000044284;0;14;0;0;2;8;15;A01
201000044284;0;99;0;0;2;7;1;B01
201000044285;0;7;0;0;1;1;0;A01
201000044286;0;7;0;0;1;2;1;A01
201000044286;0;14;0;0;0;0;23;B01
201000044287;0;7;0;0;2;3;10;A01
201000044287;0;30;0;0;2;2;1;B01
201000044288;0;1;0;0;1;1;1;A01
201000044289;0;7;0;0;1;3;15;A01
201000044290;0;7;0;0;1;1;1;A01
201000044291;0;32;0;0;2;1;1;B01
201000044291;0;13;0;0;2;7;15;A01
201000044292;0;7;0;0;2;8;15;A01
201000044292;0;33;0;0;2;1;17;B01
201000044293;0;7;0;0;2;3;16;A01
201000044293;0;1;0;0;2;1;19;B01
201000044294;0;7;0;0;2;8;9;A01
201000044294;0;7;0;0;2;1;1;B01
201000044295;0;30;0;0;2;1;1;B01
201000044295;1;7;0;0;0;0;10;A01
201000044296;0;2;0;0;2;1;1;B01
201000044296;0;7;0;0;2;3;15;A01
201000044297;0;10;0;0;1;2;1;A01
201000044298;1;37;40;0;1;0;0;A01
201000044299;0;33;0;0;2;7;1;A01
201000044300;0;31;0;0;2;6;1;B01
201000044300;0;2;0;0;2;5;19;A01
201000044301;0;30;0;0;2;1;1;A01
201000044301;0;7;0;0;2;2;15;B01
201000044302;0;7;0;0;2;8;15;A01
201000044302;0;32;0;0;2;1;1;B01
201000044303;0;7;0;2;1;1;21;A01
201000044303;0;37;62;0;2;6;1;B01
201000044304;0;33;0;0;2;7;14;A01
201000044304;0;7;0;0;2;8;1;B01
201000044305;0;10;0;0;1;4;4;A01
201000044306;0;30;0;0;1;1;1;A01
201000044307;0;33;0;0;2;1;1;A01
201000044307;0;7;0;0;2;6;9;B01
201000044308;0;30;0;0;2;2;17;B01
201000044308;0;7;0;0;2;3;15;A01
201000044309;0;7;0;0;1;2;1;A01
201000044310;0;7;0;0;1;1;15;A01
201000044311;0;7;0;0;2;2;1;B01
201000044311;0;7;0;1;2;3;20;A01
201000044312;0;33;0;14;0;1;21;A01
201000044313;0;7;0;0;2;2;15;A01
201000044313;0;32;0;0;2;1;1;B01
201000044314;0;2;0;0;2;1;1;B01
201000044314;0;7;0;0;2;7;15;A01
201000044315;0;7;0;0;1;1;4;A01
201000044316;0;7;0;0;2;3;15;A01
201000044316;0;30;0;0;2;1;1;B01
201000044317;0;1;0;0;2;8;19;B01
201000044317;0;7;0;0;2;8;9;A01
201000044318;0;33;0;6;2;7;17;A01
201000044318;0;7;0;0;2;2;1;B01
201000044319;0;30;0;0;2;1;1;A01
201000044319;0;7;0;0;2;8;1;B01
201000044320;0;30;0;0;2;7;17;A01
201000044320;0;7;0;0;2;3;15;B01
201000044321;0;10;0;2;2;2;1;B01
201000044321;0;7;0;0;2;3;1;A01
201000044322;0;7;0;0;2;3;1;B01
201000044322;0;2;0;0;2;1;15;A01
201000044323;0;7;0;0;2;3;1;A01
201000044323;0;32;0;0;2;1;1;B01
201000044324;0;2;0;0;2;8;3;A01
201000044324;0;7;0;0;2;7;1;B01
201000044325;0;7;0;0;2;8;15;B01
201000044325;0;31;0;0;2;1;21;A01
201000044326;0;7;0;0;2;1;1;B01
201000044326;0;7;0;0;2;2;1;C01
201000044326;0;7;0;4;2;1;6;A01
201000044327;0;33;0;0;2;4;16;B01
201000044327;0;7;0;0;2;1;15;A01
201000044328;0;7;0;0;1;4;4;A01
201000044329;0;7;0;0;2;2;1;A01
201000044329;0;1;0;0;2;4;19;B01
201000044330;0;32;0;0;1;1;1;A01
201000044331;0;7;0;0;2;5;15;A01
201000044331;0;33;0;0;2;1;1;B01
201000044332;0;7;0;0;2;5;23;B01
201000044332;0;7;0;0;2;5;23;C01
201000044332;0;2;0;1;2;1;1;A01
201000044333;0;32;0;0;2;7;15;A01
201000044333;0;1;0;0;2;1;8;B01
201000044334;0;10;0;8;1;2;17;A01
201000044334;0;7;0;0;2;3;15;B01
201000044335;0;7;0;0;2;7;22;A01
201000044335;0;30;0;0;2;1;1;B01
201000044336;0;31;0;0;2;1;1;B01
201000044336;0;7;0;0;2;2;14;A01
201000044337;0;7;0;0;2;8;15;A01
201000044337;0;30;0;0;2;1;1;B01
201000044338;0;7;0;0;2;3;15;B01
201000044338;0;30;0;0;2;2;1;A01
201000044339;0;7;0;0;2;2;1;B01
201000044339;0;7;0;0;2;3;1;A01
201000044340;0;33;0;0;1;1;1;A01
201000044341;0;7;0;0;2;7;15;A01
201000044341;0;33;0;0;2;1;1;B01
201000044342;0;7;0;0;1;1;1;A01
201000044343;0;7;0;0;1;5;16;A01
201000044344;0;7;0;0;1;6;4;A01
201000044345;0;34;0;0;2;4;2;B01
201000044345;0;7;0;0;2;2;2;A01
201000044346;0;7;0;0;1;2;2;A01
201000044347;0;30;0;0;2;4;15;B01
201000044347;0;14;0;0;2;2;16;A01
201000044348;0;7;0;0;2;1;13;A01
201000044348;0;33;0;0;2;7;1;B01
201000044349;0;7;0;7;1;1;1;A01
201000044350;0;7;0;0;2;2;15;A01
201000044350;0;30;0;0;2;6;1;B01
201000044351;0;7;0;0;2;4;3;B01
201000044351;0;33;0;1;0;1;2;A01
201000044352;0;30;0;0;1;1;1;A01
201000044353;0;7;0;0;1;3;1;A01
201000044354;0;7;0;0;1;2;11;A01
201000044355;0;7;0;1;2;2;21;A01
201000044355;0;7;0;1;2;3;8;B01
201000044356;0;7;0;0;2;2;1;A01
201000044356;0;7;0;0;2;6;1;B01
201000044357;0;31;0;1;2;1;21;A01
201000044357;0;7;0;0;2;2;15;B01
201000044358;0;7;0;0;1;1;1;A01
201000044359;0;7;0;0;1;3;15;A01
201000044360;0;7;0;0;2;6;9;A01
201000044360;0;10;0;8;2;2;2;B01
201000044361;0;30;0;0;2;1;1;B01
201000044361;0;7;0;0;2;1;15;A01
201000044362;0;37;21;0;1;2;1;A01
201000044363;0;7;0;0;2;1;2;A01
201000044363;0;7;0;0;2;4;2;B01
201000044364;0;7;0;0;2;3;16;A01
201000044364;0;30;0;0;2;1;1;B01
201000044365;0;1;0;0;0;8;19;B01
201000044365;1;7;0;0;2;1;1;A01
201000044366;0;7;0;0;2;2;15;B01
201000044366;0;7;0;0;2;3;1;A01
201000044367;0;7;0;6;0;1;1;B01
201000044367;0;7;0;10;2;1;17;A01
201000044368;0;32;0;0;2;1;1;B01
201000044368;0;7;0;0;2;1;19;A01
201000044369;0;7;0;3;2;3;20;A01
201000044369;0;33;0;0;2;1;1;B01
201000044370;0;7;0;15;2;1;17;A01
201000044370;0;7;0;0;0;3;1;B01
201000044371;0;33;0;12;0;1;1;A01
201000044372;0;7;0;0;1;1;1;A01
201000044373;0;10;0;8;2;3;1;A01
201000044373;1;7;0;0;2;0;0;Z01
201000044374;0;30;0;2;0;1;1;A01
201000044375;0;14;0;0;1;4;4;A01
201000044376;0;7;0;0;2;1;13;A01
201000044376;0;7;0;0;0;1;1;B01
201000044377;0;7;0;0;2;7;1;A01
201000044377;0;1;0;0;0;0;16;B01
201000044378;0;30;0;0;2;1;1;B01
201000044378;0;7;0;6;0;7;10;A01
201000044379;0;7;0;3;2;1;16;A01
201000044379;0;2;0;0;0;7;1;B01
201000044380;0;7;0;0;1;5;1;A01
201000044381;0;34;0;0;2;1;1;B01
201000044381;0;10;0;0;2;2;15;A01
201000044382;0;30;0;8;2;1;17;A01
201000044382;0;7;0;3;2;1;15;B01
201000044383;0;30;0;0;2;8;1;A01
201000044383;0;7;0;0;0;8;1;B01
201000044384;0;7;0;0;2;1;1;A01
201000044384;0;7;0;0;0;4;23;B01
201000044385;0;10;0;0;1;1;1;A01
201000044386;0;7;0;8;2;7;0;A01
201000044386;0;7;0;0;2;8;1;B01
201000044387;0;10;0;0;2;2;15;A01
201000044387;0;33;0;0;2;1;1;B01
201000044388;0;31;0;0;2;1;1;B01
201000044388;0;7;0;0;2;7;15;A01
201000044389;0;7;0;0;1;1;1;A01
201000044390;0;7;0;2;0;3;1;A01
201000044391;0;7;0;13;0;5;1;A01
201000044392;0;2;0;1;0;1;1;A01
201000044393;0;7;0;0;1;1;1;A01
201000044394;0;7;0;0;2;5;10;A01
201000044394;0;33;0;0;2;2;1;B01
201000044395;0;30;0;0;2;6;2;B01
201000044395;0;2;0;0;2;7;17;A01
201000044396;0;7;0;0;2;2;2;A01
201000044396;0;3;0;0;2;6;2;B01
201000044397;0;33;0;3;0;8;1;A01
201000044398;0;7;0;0;2;3;15;A01
201000044398;0;33;0;0;2;1;1;B01
201000044399;0;2;0;0;2;1;9;B01
201000044399;0;10;0;0;2;3;9;A01
201000044400;0;7;0;0;2;2;15;A01
201000044400;0;31;0;0;2;1;1;B01
201000044401;0;7;0;0;2;3;10;A01
201000044401;0;33;0;1;2;2;1;B01
201000044402;0;2;0;0;2;1;2;A01
201000044402;0;7;0;0;2;4;2;B01
201000044403;0;7;0;1;0;2;1;A01
201000044404;0;7;0;0;2;3;5;A01
201000044404;0;7;0;0;2;3;17;B01
201000044405;0;30;0;1;0;1;1;A01
201000044406;0;31;0;0;2;1;1;B01
201000044406;0;7;0;0;2;8;9;A01
201000044407;0;30;0;0;2;1;2;A01
201000044407;0;7;0;0;2;4;1;B01
201000044408;0;7;0;0;2;2;15;B01
201000044408;0;2;0;0;2;1;0;A01
201000044409;0;2;0;1;0;1;1;A01
201000044410;0;7;0;0;2;2;1;B01
201000044410;0;32;0;0;2;7;15;A01
201000044411;0;7;0;0;1;2;1;A01
201000044412;0;2;0;0;2;1;1;A01
201000044412;0;7;0;0;2;7;15;B01
201000044413;0;7;0;0;2;1;13;A01
201000044413;0;7;0;0;2;3;1;B01
201000044414;0;7;0;0;1;4;4;A01
201000044415;0;2;0;0;0;0;1;A01
201000044416;0;30;0;14;0;1;1;A01
201000044417;0;7;0;3;0;7;1;A01
201000044418;0;7;0;0;2;3;15;A01
201000044418;0;1;0;0;2;1;1;B01
201000044419;0;7;0;0;2;1;1;B01
201000044419;0;1;0;0;2;8;10;A01
201000044420;0;7;0;14;0;1;1;A01
201000044421;0;7;0;0;2;7;2;B01
201000044421;0;10;0;14;2;0;1;A01
201000044422;0;7;0;0;2;1;0;B01
201000044422;0;7;0;0;2;1;0;A01
201000044423;0;30;0;0;2;1;2;A01
201000044423;0;7;0;0;2;4;2;B01
201000044424;0;2;0;0;0;8;1;A01
201000044425;0;7;0;13;0;1;0;A01
201000044426;0;2;0;0;1;1;0;A01
201000044427;0;7;0;0;2;1;1;B01
201000044427;0;30;0;0;2;7;19;A01
201000044428;0;30;0;0;2;1;1;B01
201000044428;0;7;0;0;2;8;15;A01
201000044429;0;33;0;0;0;0;0;A01
201000044430;0;36;0;0;0;0;0;A01
201000044431;0;33;0;0;0;0;1;A01
201000044432;0;30;0;0;0;0;1;A01
201000044433;0;7;0;0;2;7;19;A01
201000044433;0;30;0;0;2;1;1;B01
201000044434;0;30;0;0;0;0;1;A01
201000044435;0;30;0;0;2;1;1;B01
201000044435;0;7;0;0;2;2;15;A01
201000044436;0;33;0;0;0;0;21;A01
201000044437;0;30;0;0;2;2;17;A01
201000044437;0;7;0;0;2;8;15;B01
201000044438;0;1;0;0;1;0;1;A01
201000044439;0;31;0;0;0;8;1;A01
201000044440;0;30;0;0;0;0;1;A01
201000044441;0;30;0;0;0;0;1;A01
201000044442;0;7;0;0;1;2;1;A01
201000044443;0;33;0;0;2;4;1;B01
201000044443;0;7;0;0;2;1;1;A01
201000044444;0;1;0;7;0;2;0;A01
201000044445;0;7;0;0;2;1;1;A01
201000044445;0;7;0;0;2;8;1;B01
201000044446;0;7;0;0;1;2;1;A01
201000044446;0;1;0;0;2;1;1;B01
201000044447;0;7;0;0;2;3;2;A01
201000044447;0;7;0;0;0;5;23;B01
201000044448;1;3;0;0;2;1;2;A01
201000044448;0;2;0;0;2;4;2;B01
201000044449;0;2;0;0;0;8;1;A01
201000044450;0;1;0;1;0;1;1;A01
201000044451;0;7;0;0;2;1;15;A01
201000044451;0;2;0;0;2;9;2;B01
201000044452;0;30;0;0;0;7;2;A01
201000044453;0;30;0;0;0;7;1;A01
201000044454;0;33;0;15;0;1;0;A01
201000044455;0;7;0;0;1;8;15;A01
201000044456;0;30;0;0;2;1;1;A01
201000044456;0;7;0;0;2;3;1;B01
201000044457;0;2;0;0;0;0;0;B01
201000044457;0;7;0;0;2;1;1;A01
201000044458;0;7;0;0;2;7;2;A01
201000044458;0;7;0;0;2;1;2;B01
201000044459;0;2;0;0;0;8;0;A01
201000044460;0;2;0;0;2;3;0;B01
201000044460;0;7;0;0;2;3;1;A01
201000044461;0;7;0;0;2;2;1;B01
201000044461;0;1;0;0;2;6;5;A01
201000044462;0;2;0;0;0;0;0;A01
201000044463;0;2;0;0;2;2;13;A01
201000044463;0;7;0;0;2;3;1;B01
201000044464;0;7;0;0;0;0;0;B01
201000044464;0;2;0;0;0;0;0;A01
201000044465;0;7;0;0;0;6;0;B01
201000044465;0;30;0;1;0;1;1;A01
201000044466;0;7;0;0;1;4;4;A01
201000044466;0;7;0;0;0;7;23;B01
201000044467;0;7;0;8;0;1;2;A01
201000044468;0;2;0;11;0;8;9;A01
201000044469;0;7;0;0;2;2;19;A01
201000044469;0;7;0;0;2;3;1;B01
201000044470;0;7;0;0;2;2;15;A01
201000044470;0;7;0;13;2;3;1;B01
201000044471;0;33;0;0;0;0;0;B01
201000044471;0;7;0;0;2;3;15;A01
201000044472;0;7;0;0;2;7;1;A01
201000044472;0;7;0;0;2;3;1;B01
201000044473;0;7;0;0;0;4;2;B01
201000044473;0;1;0;0;2;1;2;A01
201000044474;0;7;0;0;2;2;9;A01
201000044474;0;30;0;0;2;7;9;B01
201000044475;0;7;0;0;2;3;16;A01
201000044475;0;30;0;0;2;1;1;B01
201000044476;0;7;0;0;0;0;0;A01
201000044477;0;7;0;0;1;4;4;A01
201000044478;0;33;0;16;0;7;1;A01
201000044479;0;1;0;0;2;1;9;B01
201000044479;0;7;0;0;9;2;1;A01
201000044480;0;7;0;0;2;6;2;A01
201000044480;0;30;0;0;2;1;2;B01
201000044481;0;30;0;12;0;1;0;A01
201000044482;0;2;0;14;0;0;9;A01
201000044483;0;7;0;0;1;1;1;A01
201000044484;0;10;0;0;1;7;1;A01
201000044485;0;7;0;0;1;2;1;A01
201000044486;0;30;0;0;2;1;2;A01
201000044486;0;7;0;0;0;6;15;B01
201000044487;0;7;0;0;0;4;0;B01
201000044487;0;33;0;0;2;1;17;A01
201000044488;0;7;0;0;9;3;0;B01
201000044488;0;7;0;0;0;0;0;A01
201000044489;0;1;0;0;2;1;19;B01
201000044489;0;7;0;0;2;2;1;A01
201000044490;0;30;0;0;1;1;17;A01
201000044491;0;30;0;0;2;8;0;A01
201000044491;0;7;0;0;2;7;23;B01
201000044492;0;30;0;0;2;1;1;B01
201000044492;0;7;0;0;2;3;10;A01
201000044493;0;7;0;0;1;1;11;A01
201000044494;0;7;0;0;2;3;9;B01
201000044494;0;2;0;0;2;1;1;A01
201000044495;0;7;0;0;2;3;13;A01
201000044495;0;7;0;1;0;3;1;B01
201000044496;0;7;0;0;1;3;0;A01
201000044497;0;7;0;0;0;1;1;A01
201000044498;0;7;0;0;0;1;1;A01
201000044499;0;7;0;0;2;1;16;A01
201000044499;0;7;0;0;2;4;1;B01
201000044500;0;7;0;0;2;1;16;A01
201000044500;0;7;0;0;2;1;1;B01
201000044501;0;7;0;0;2;1;17;A01
201000044501;0;7;0;0;2;0;1;B01
201000044502;0;7;0;0;2;1;1;A01
201000044502;0;7;0;0;2;3;1;B01
201000044503;0;7;0;0;0;1;1;A01
201000044504;0;7;0;0;2;1;1;B01
201000044504;0;7;0;0;2;1;1;A01
201000044505;0;7;0;0;1;1;1;A01
201000044506;0;7;0;0;1;0;1;A01
201000044507;0;7;0;0;2;1;1;A01
201000044507;0;7;0;0;2;6;1;B01
201000044508;0;7;0;0;2;2;1;A01
201000044508;0;7;0;0;2;3;1;B01
201000044509;0;7;0;0;2;4;1;C01
201000044509;0;7;0;0;2;4;1;B01
201000044509;0;7;0;0;2;1;1;A01
201000044510;0;2;0;0;2;1;19;A01
201000044510;0;7;0;0;2;1;16;B01
201000044511;0;7;0;0;1;2;1;A01
201000044512;0;10;0;0;2;1;1;A01
201000044512;0;37;25;0;2;7;1;B01
201000044513;0;7;0;0;1;1;1;A01
201000044514;0;2;0;0;2;7;1;B01
201000044514;0;7;0;0;2;1;15;A01
201000044515;0;7;0;0;2;6;24;B01
201000044515;0;2;0;0;2;1;1;A01
201000044516;0;2;0;0;2;1;1;B01
201000044516;0;7;0;0;2;1;1;A01
201000044517;0;7;0;0;2;4;23;B01
201000044517;0;2;0;0;2;1;1;A01
201000044518;0;7;0;0;2;8;10;A01
201000044518;0;7;0;0;2;1;1;B01
201000044519;0;7;0;0;0;1;1;A01
201000044520;0;7;0;0;2;3;1;A01
201000044520;0;7;0;0;2;1;1;C01
201000044520;0;7;0;0;2;3;15;B01
201000044521;0;7;0;0;1;1;1;A01
201000044522;0;7;0;0;2;5;1;B01
201000044522;0;7;0;0;2;1;9;A01
201000044523;0;7;0;0;0;1;1;A01
201000044524;0;7;0;0;2;9;1;A01
201000044525;0;7;0;0;2;1;1;A01
201000044525;0;7;0;0;2;8;1;B01
201000044526;0;7;0;0;2;1;1;A01
201000044526;0;7;0;0;2;4;1;B01
201000044527;0;7;0;0;1;1;1;A01
201000044528;0;2;0;0;2;1;1;B01
201000044528;0;7;0;0;2;2;15;A01
201000044529;0;7;0;0;1;1;1;A01
201000044530;0;7;0;0;2;3;1;B01
201000044530;1;7;0;0;2;0;1;A01
201000044531;0;7;0;0;2;2;1;A01
201000044531;0;7;0;0;2;8;1;B01
201000044532;0;35;0;0;2;0;1;A01
201000044533;1;7;0;0;1;0;0;A01
201000044534;0;7;0;1;0;1;1;A01
201000044535;0;2;0;0;0;0;1;A01
201000044536;0;7;0;0;0;9;1;A01
201000044537;0;7;0;0;2;1;1;B01
201000044537;0;7;0;0;2;7;1;A01
201000044538;0;7;0;0;2;1;1;A01
201000044538;0;7;0;0;2;4;1;B01
201000044539;0;7;0;0;2;3;1;B01
201000044539;0;7;0;0;2;1;1;A01
201000044540;0;7;0;0;2;6;1;B01
201000044540;0;37;1;0;2;1;1;A01
201000044541;0;7;0;0;1;1;15;A01
201000044542;0;7;0;0;2;3;1;B01
201000044542;0;7;0;0;2;3;1;A01
201000044543;0;7;0;0;0;1;1;A01
201000044544;0;7;0;0;1;1;1;A01
201000044545;0;7;0;0;2;1;1;A01
201000044545;0;7;0;0;2;4;1;B01
201000044545;0;7;0;0;2;4;1;C01
201000044546;0;7;0;0;2;1;15;A01
201000044546;0;7;0;0;2;1;1;B01
201000044547;0;7;0;0;2;7;1;A01
201000044547;0;7;0;0;2;1;1;B01
201000044548;0;7;0;0;2;4;1;C01
201000044548;0;7;0;0;2;1;1;A01
201000044548;0;7;0;0;2;4;1;B01
201000044549;0;2;0;0;2;2;1;B01
201000044549;0;7;0;0;2;1;13;A01
201000044550;0;7;0;0;2;1;1;A01
201000044550;0;7;0;0;2;4;1;B01
201000044551;0;7;0;0;0;9;1;A01
201000044552;0;7;0;0;2;1;1;A01
201000044552;0;7;0;0;2;1;1;B01
201000044553;0;2;0;0;2;7;1;A01
201000044554;0;7;0;0;2;1;1;A01
201000044554;0;7;0;0;2;4;1;B01
201000044555;0;7;0;0;2;1;1;B01
201000044555;0;7;0;0;2;6;15;A01
201000044556;0;7;0;0;2;1;13;A01
201000044556;0;7;0;0;2;1;1;B01
201000044557;0;2;0;0;1;1;1;A01
201000044558;0;33;0;0;2;1;1;A01
201000044559;0;10;0;0;2;1;1;A01
201000044559;0;7;0;0;2;4;1;B01
201000044560;0;30;0;0;2;1;1;A01
201000044560;0;7;0;0;2;4;1;B01
201000044561;0;7;0;0;2;2;1;A01
201000044561;0;7;0;0;2;1;1;B01
201000044562;0;7;0;0;2;4;1;B01
201000044562;0;7;0;0;2;1;1;A01
201000044563;0;7;0;0;2;1;1;B01
201000044563;0;7;0;0;2;8;9;A01
201000044564;1;7;0;0;1;1;1;A01
201000044565;0;7;0;0;1;1;1;A01
201000044566;0;7;0;0;2;4;1;D01
201000044566;0;7;0;0;2;4;1;C01
201000044566;0;7;0;0;2;3;1;B01
201000044566;0;7;0;0;2;4;1;E01
201000044566;0;99;0;0;2;2;1;A01
201000044567;0;7;0;0;2;4;1;C01
201000044567;0;7;0;0;2;1;1;A01
201000044567;0;7;0;0;2;1;1;B01
201000044568;0;2;0;0;2;1;15;A01
201000044568;0;7;0;0;2;8;15;B01
201000044569;0;7;0;16;0;9;1;A01
201000044570;0;7;0;0;2;8;1;B01
201000044570;0;7;0;0;1;2;1;C01
201000044570;0;33;0;0;1;1;1;A01
201000044571;0;7;0;16;0;2;1;A01
201000044572;0;2;0;0;2;3;1;A01
201000044572;0;37;1;0;2;5;1;B01
201000044572;0;7;0;0;2;8;1;C01
201000044573;0;7;0;0;2;1;1;A01
201000044573;0;7;0;0;2;4;1;B01
201000044574;0;7;0;0;1;1;1;A01
201000044575;0;7;0;0;2;1;1;A01
201000044575;0;7;0;0;2;4;23;B01
201000044576;0;7;0;0;2;0;20;A01
201000044576;0;2;0;0;2;7;1;B01
201000044577;0;7;0;0;1;1;15;A01
201000044578;0;7;0;0;2;2;15;A01
201000044578;0;2;0;0;2;1;1;B01
201000044579;0;7;0;0;1;1;1;A01
201000044580;0;15;0;0;2;1;1;A01
201000044581;0;7;0;0;2;3;1;B01
201000044581;0;2;0;0;2;4;18;A01
201000044582;0;7;0;0;2;2;1;A01
201000044583;0;7;0;0;2;8;9;A01
201000044583;0;2;0;0;2;1;1;B01
201000044584;0;2;0;1;0;0;0;A01
201000044585;0;2;0;0;2;8;1;A01
201000044585;0;7;0;0;2;1;1;B01
201000044586;1;2;0;0;1;0;0;A01
201000044587;0;2;0;0;2;1;1;A01
201000044587;0;7;0;0;2;3;1;B01
201000044588;0;2;0;0;1;1;1;A01
201000044588;0;7;0;0;2;1;1;B01
201000044589;0;10;0;0;2;1;1;A01
201000044589;0;7;0;0;2;4;1;B01
201000044590;0;33;0;0;2;1;1;A01
201000044590;0;7;0;0;2;4;1;B01
201000044591;0;7;0;0;2;1;1;B01
201000044591;0;1;0;0;2;1;1;A01
201000044592;0;7;0;0;1;3;1;A01
201000044593;0;7;0;0;2;4;1;B01
201000044593;0;33;0;0;2;1;1;A01
201000044594;0;15;0;0;0;8;1;A01
201000044595;0;7;0;0;1;3;1;A01
201000044596;0;7;0;0;2;2;16;A01
201000044596;0;1;0;0;2;8;1;B01
201000044597;0;7;0;0;1;2;1;A01
201000044598;0;7;0;0;2;1;19;A01
201000044598;0;7;0;0;2;8;1;B01
201000044599;0;33;0;0;2;1;17;B01
201000044599;0;7;0;0;2;3;15;A01
201000044600;0;37;39;0;2;3;1;B01
201000044600;0;7;0;0;2;1;16;A01
201000044601;0;7;0;0;2;1;1;A01
201000044602;0;33;0;0;2;1;1;B01
201000044602;0;7;0;0;2;3;19;A01
201000044603;0;7;0;0;2;3;15;B01
201000044603;0;2;0;0;2;1;1;A01
201000044604;0;7;0;0;2;5;16;B01
201000044604;0;1;0;0;2;1;1;A01
201000044605;0;7;0;0;2;1;1;B01
201000044605;0;7;0;0;2;1;15;A01
201000044606;1;2;0;0;1;0;0;A01
201000044607;0;7;0;0;2;4;16;B01
201000044607;0;2;0;0;2;1;15;A01
201000044608;0;7;0;0;1;1;1;A01
201000044609;0;7;0;0;2;6;1;B01
201000044609;0;7;0;0;2;2;1;A01
201000044610;0;10;0;0;1;1;1;A01
201000044611;0;7;0;0;2;3;19;A01
201000044611;0;2;0;0;2;1;1;B01
201000044612;0;7;0;0;2;1;1;B01
201000044612;0;7;0;0;2;2;15;A01
201000044613;0;2;0;0;2;8;1;A01
201000044613;0;7;0;0;2;1;1;B01
201000044614;0;30;0;0;2;1;1;C01
201000044614;0;7;0;0;2;4;1;B01
201000044614;0;7;0;0;2;0;15;A01
201000044615;0;7;0;0;2;8;15;B01
201000044615;0;33;0;0;2;1;1;A01
201000044616;0;7;0;0;2;1;1;B01
201000044616;0;1;0;0;2;7;1;A01
201000044617;0;7;0;0;2;8;15;B01
201000044617;0;7;0;0;2;1;1;A01
201000044618;0;7;0;0;2;2;15;A01
201000044618;0;7;0;0;2;2;1;B01
201000044619;0;7;0;0;2;1;1;A01
201000044619;0;1;0;0;2;0;1;B01
201000044620;0;2;0;0;2;1;19;A01
201000044620;0;7;0;0;2;1;1;B01
201000044621;0;7;0;1;0;2;1;A01
201000044622;0;7;0;0;0;9;1;A01
201000044623;0;7;0;0;2;1;1;B01
201000044623;0;7;0;0;2;1;1;C01
201000044623;0;33;0;0;2;7;15;A01
201000044624;0;7;0;0;2;7;1;A01
201000044625;0;7;0;0;1;1;15;A01
201000044626;0;7;0;0;2;1;1;B01
201000044626;0;1;0;0;2;1;15;A01
201000044627;0;2;0;0;2;1;1;A01
201000044627;0;7;0;0;2;4;1;B01
201000044628;0;7;0;0;2;3;1;A01
201000044628;0;1;0;0;2;0;1;B01
201000044629;0;7;0;0;0;9;1;A01
201000044630;0;7;0;0;2;4;1;C01
201000044630;0;7;0;0;2;4;1;B01
201000044630;0;7;0;0;2;1;1;A01
201000044631;0;7;0;0;2;3;15;A01
201000044631;0;33;0;0;2;1;1;B01
201000044632;0;7;0;0;2;1;1;A01
201000044633;0;7;0;0;2;1;1;B01
201000044633;0;7;0;0;2;5;15;A01
201000044634;0;7;0;0;2;8;17;A01
201000044634;0;2;0;0;2;7;1;B01
201000044635;0;7;0;1;2;1;1;A01
201000044635;0;7;0;0;2;4;1;B01
201000044636;0;34;0;0;2;8;1;B01
201000044636;0;7;0;0;2;5;15;A01
201000044637;0;7;0;0;2;1;1;A01
201000044638;0;7;0;0;0;9;1;A01
201000044639;0;7;0;0;2;3;1;B01
201000044639;0;1;0;0;2;1;1;A01
201000044640;0;7;0;0;1;2;1;A01
201000044641;0;7;0;0;2;4;1;B01
201000044641;0;7;0;0;2;1;1;A01
201000044642;0;7;0;0;0;7;1;A01