num_acc;senc;catv;occutc;obs;obsm;choc;manv;num_veh
201000045018;0;1;0;0;2;7;0;B01
201000045018;0;7;0;0;9;8;16;A01
201000045019;0;7;0;0;0;5;2;B01
201000045019;0;33;0;0;0;3;2;A01
201000045020;0;7;0;1;0;1;0;A01
201000045021;0;7;0;0;1;3;0;A01
201000045022;0;7;0;0;2;4;0;A01
201000045022;0;7;0;0;2;3;0;B01
201000045023;0;7;0;0;1;2;2;A01
201000045024;0;7;0;0;2;3;11;A01
201000045024;0;1;0;0;2;1;1;B01
201000045025;1;7;0;0;1;1;1;A01
201000045026;0;7;0;14;2;8;1;B01
201000045026;0;7;0;0;2;1;1;A01
201000045027;0;2;0;0;1;1;1;A01
201000045028;0;7;0;5;1;2;16;A01
201000045029;1;7;0;0;1;0;1;Z01
201000045030;0;7;0;0;2;3;1;B01
201000045030;0;7;0;0;2;2;15;A01
201000045031;0;7;0;0;1;2;0;A01
201000045032;0;7;0;0;2;1;5;A01
201000045032;0;7;0;0;2;1;1;B01
201000045032;0;7;0;0;2;1;1;C01
201000045033;0;7;0;0;1;1;1;A01
201000045034;0;33;0;0;2;1;2;B01
201000045034;0;33;0;10;2;1;1;A01
201000045035;0;7;0;0;2;3;1;C01
201000045035;0;7;0;0;2;1;1;D01
201000045035;0;2;0;0;2;0;3;B01
201000045035;0;2;0;0;2;1;3;A01
201000045036;0;7;0;0;1;1;1;A01
201000045037;0;34;0;0;0;0;0;A01
201000045038;0;33;0;0;2;7;0;B01
201000045038;0;7;0;0;2;8;11;A01
201000045039;0;7;0;0;1;6;4;A01
201000045040;0;7;0;0;9;1;9;A01
201000045040;0;33;0;0;2;7;0;B01
201000045041;0;1;0;0;0;5;19;B01
201000045041;0;7;0;0;2;3;1;A01
201000045042;0;7;0;0;1;1;0;A01
201000045043;1;7;0;0;2;1;2;B01
201000045043;0;33;0;0;2;4;23;A01
201000045044;0;31;0;0;2;1;2;B01
201000045044;0;7;0;0;2;8;2;A01
201000045045;0;30;0;0;1;0;17;A01
201000045046;0;7;0;0;0;0;15;B01
201000045046;0;32;0;0;0;0;17;A01
201000045047;0;30;0;0;2;0;0;A01
201000045048;0;33;0;12;0;7;1;A01
201000045049;0;10;0;0;2;8;1;A01
201000045049;0;31;0;0;2;8;13;B01
201000045050;0;30;0;0;2;1;1;B01
201000045050;0;7;0;0;2;3;11;A01
201000045051;0;7;0;0;0;7;2;A01
201000045051;0;1;0;0;0;3;2;B01
201000045052;0;10;0;0;2;1;15;A01
201000045052;0;32;0;0;2;1;1;B01
201000045053;0;7;0;0;2;2;1;A01
201000045053;0;32;0;0;2;1;1;B01
201000045054;0;2;0;0;2;4;2;B01
201000045054;0;7;0;0;2;1;2;A01
201000045055;0;33;0;0;2;1;1;B01
201000045055;0;7;0;0;2;7;15;A01
201000045056;0;7;0;3;0;1;1;A01
201000045057;0;33;0;0;2;1;1;B01
201000045057;0;7;0;0;2;2;15;A01
201000045058;0;13;0;0;9;4;1;C01
201000045058;0;2;0;0;2;1;1;B01
201000045058;0;13;0;0;2;3;15;A01
201000045059;0;33;0;0;2;0;5;B01
201000045059;0;14;0;0;2;2;1;A01
201000045060;0;7;0;0;1;2;1;A01
201000045061;0;7;0;0;1;1;1;A01
201000045062;0;34;0;0;2;0;2;A01
201000045062;0;7;0;0;0;4;23;B01
201000045063;0;7;0;0;1;1;0;A01
201000045064;0;33;0;0;2;1;1;B01
201000045064;0;7;0;0;2;7;15;A01
201000045065;0;7;0;1;0;9;1;A01
201000045066;0;30;0;12;0;1;1;A01
201000045067;0;7;0;0;0;4;2;B01
201000045067;0;33;0;0;2;1;2;A01
201000045068;0;1;0;0;2;1;1;B01
201000045068;0;1;0;0;2;1;5;A01
201000045069;0;7;0;0;0;8;11;A01
201000045069;0;30;0;0;2;2;17;B01
201000045070;0;7;0;0;1;2;14;A01
201000045071;0;99;0;0;2;6;15;A01
201000045071;0;33;0;0;2;1;1;B01
201000045072;0;2;0;0;0;0;1;A01
201000045073;0;7;0;0;2;2;16;B01
201000045073;0;2;0;0;2;1;13;A01
201000045074;0;7;0;0;2;3;1;C01
201000045074;0;7;0;0;2;1;15;B01
201000045074;0;7;0;8;2;1;17;A01
201000045075;0;33;0;14;0;1;3;A01
201000045076;0;31;0;0;2;1;17;A01
201000045076;0;7;0;0;2;6;15;B01
201000045077;0;7;0;0;1;2;0;A01
201000045078;0;7;0;0;2;4;23;B01
201000045078;0;7;0;0;2;1;2;C01
201000045078;0;7;0;0;0;0;4;A01
201000045079;0;10;0;0;2;8;10;A01
201000045079;0;34;0;0;2;4;1;B01
201000045080;0;33;0;0;2;1;13;A01
201000045080;0;7;0;0;2;1;1;B01
201000045081;0;34;0;0;2;8;11;A01
201000045081;0;10;0;0;9;8;15;B01
201000045082;0;33;0;0;2;1;1;A01
201000045082;0;7;0;0;9;1;9;B01
201000045083;0;2;0;8;0;0;14;A01
201000045084;0;10;0;0;9;3;9;A01
201000045084;0;33;0;0;2;3;1;B01
201000045085;0;31;0;11;0;1;17;A01
201000045086;0;7;0;0;1;3;1;A01
201000045087;0;7;0;0;2;6;1;B01
201000045087;1;7;0;0;2;1;1;A01
201000045088;0;7;0;0;1;3;1;A01
201000045089;0;7;0;0;2;3;9;B01
201000045089;0;30;0;0;2;7;1;A01
201000045090;0;2;0;0;2;8;1;B01
201000045090;0;7;0;0;0;8;15;A01
201000045091;0;7;0;0;0;1;5;A01
201000045091;0;10;0;0;0;1;1;B01
201000045092;0;10;0;0;2;6;5;C01
201000045092;0;10;0;0;2;3;13;A01
201000045092;0;10;0;0;2;3;0;B01
201000045093;0;33;0;6;0;7;1;A01
201000045094;0;7;0;0;1;2;9;A01
201000045095;0;7;0;0;1;2;1;A01
201000045096;0;7;0;0;2;3;11;A01
201000045096;0;7;0;0;2;3;1;B01
201000045097;0;7;0;6;0;2;1;A01
201000045098;0;7;0;12;0;3;1;A01
201000045099;2;7;0;12;0;9;1;A01
201000045100;0;7;0;0;2;1;17;A01
201000045100;0;7;0;0;2;1;21;B01
201000045100;0;7;0;0;2;6;2;C01
201000045100;0;7;0;0;2;1;2;D01
201000045101;0;31;0;0;1;8;21;A01
201000045102;0;2;0;0;1;3;1;A01
201000045103;1;7;0;0;9;8;21;A01
201000045103;0;31;0;0;2;8;13;B01
201000045104;0;1;0;1;0;0;0;A01
201000045105;0;2;0;14;0;1;0;A01
201000045106;1;10;0;0;2;0;0;Z01
201000045106;0;7;0;0;2;5;1;A01
201000045107;0;7;0;0;1;2;15;A01
201000045108;0;10;0;0;1;0;1;A01
201000045109;0;37;1;0;1;7;11;A01
201000045110;0;7;0;0;1;5;1;A01
201000045111;0;7;0;0;2;3;1;C01
201000045111;0;7;0;0;2;3;11;A01
201000045111;0;7;0;0;2;3;1;B01
201000045112;0;7;0;0;2;3;1;A01
201000045112;0;1;0;0;0;0;0;Y01
201000045113;0;7;0;0;2;8;21;B01
201000045113;0;7;0;13;2;1;0;A01
201000045114;0;7;0;0;2;1;1;B01
201000045114;0;7;0;0;2;2;1;A01
201000045115;0;7;0;0;2;1;13;A01
201000045115;0;33;0;0;2;7;1;B01
201000045116;0;33;0;0;2;9;0;B01
201000045116;0;7;0;0;2;6;0;A01
201000045117;0;33;0;0;1;9;0;A01
201000045118;0;7;0;6;0;9;0;A01
201000045119;0;7;0;0;2;3;1;B01
201000045119;0;7;0;0;2;2;1;A01
201000045120;0;31;0;13;0;2;0;A01
201000045121;0;33;0;0;1;1;1;A01
201000045122;0;7;0;0;9;8;15;A01
201000045122;0;30;0;0;2;2;2;B01
201000045123;0;31;0;16;0;0;0;A01
201000045124;0;7;0;0;1;2;11;A01
201000045125;0;7;0;0;2;5;0;A01
201000045125;0;2;0;0;2;7;2;B01
201000045126;0;7;0;0;2;1;0;B01
201000045126;0;32;0;0;2;7;1;A01
201000045127;2;33;0;14;2;1;2;A01
201000045127;0;7;0;0;2;8;15;B01
201000045128;0;7;0;0;2;4;2;B01
201000045128;0;33;0;0;2;1;2;A01
201000045129;0;30;0;0;2;1;1;B01
201000045129;0;10;0;0;2;1;15;A01
201000045130;0;7;0;0;1;1;1;A01
201000045131;0;2;0;0;2;7;2;D01
201000045131;0;7;0;0;2;1;2;A01
201000045131;0;7;0;0;2;8;2;C01
201000045131;0;7;0;0;2;1;2;B01
201000045132;0;33;0;0;2;1;1;B01
201000045132;0;7;0;12;2;2;1;A01
201000045133;0;7;0;0;9;6;15;B01
201000045133;0;7;0;0;2;8;5;C01
201000045133;0;15;0;1;2;1;2;A01
201000045134;0;2;0;0;2;1;15;B01
201000045134;0;7;0;0;2;8;1;A01
201000045135;0;30;0;0;1;1;1;A01
201000045136;0;15;0;0;1;0;15;A01
201000045137;2;7;0;0;2;3;5;A01
201000045137;0;7;0;0;2;3;1;B01
201000045138;0;37;1;0;1;7;9;A01
201000045139;0;10;0;0;0;5;2;B01
201000045139;0;30;0;0;2;1;0;A01
201000045140;0;34;0;0;5;1;1;A01
201000045141;0;7;0;0;2;1;5;A01
201000045141;0;7;0;0;2;1;1;B01
201000045142;0;7;0;14;0;9;0;A01
201000045143;0;2;0;0;2;1;1;B01
201000045143;0;32;0;0;2;1;9;A01
201000045144;0;30;0;0;0;7;0;A01
201000045145;0;7;0;0;1;2;1;A01
201000045146;0;7;0;0;1;3;1;A01
201000045147;0;1;0;0;2;7;16;B01
201000045147;0;7;0;0;9;3;9;A01
201000045148;0;7;0;0;2;7;1;B01
201000045148;0;1;0;0;2;1;9;A01
201000045149;0;7;0;0;1;1;1;A01
201000045149;0;33;0;0;2;1;2;B01
201000045150;0;7;0;0;0;2;1;A01
201000045151;0;7;0;0;1;7;4;A01
201000045152;0;30;0;0;1;1;1;A01
201000045153;0;34;0;0;2;1;1;B01
201000045153;0;30;0;0;2;1;5;A01
201000045154;0;7;0;0;2;1;10;A01
201000045154;0;33;0;0;2;2;1;B01
201000045155;0;3;0;0;0;1;16;A01
201000045155;0;1;0;0;0;8;1;B01
201000045156;0;7;0;0;1;3;1;A01
201000045157;0;7;0;0;2;3;1;B01
201000045157;0;33;0;0;2;1;1;A01
201000045158;0;31;0;0;2;2;21;B01
201000045158;0;17;0;0;2;4;4;A01
201000045159;0;10;0;0;2;2;16;A01
201000045159;0;2;0;6;2;1;1;B01
201000045160;0;30;0;0;2;8;15;A01
201000045160;0;30;0;0;2;1;21;B01
201000045161;0;7;0;0;2;3;10;B01
201000045161;0;10;0;0;2;2;21;A01
201000045162;1;7;0;0;2;1;1;Z01
201000045162;0;34;0;0;2;4;2;A01
201000045163;0;33;0;0;2;1;1;B01
201000045163;1;7;0;0;2;3;0;A01
201000045164;0;7;0;0;2;3;2;A01
201000045164;0;32;0;0;2;4;23;B01
201000045165;0;7;0;0;2;1;9;A01
201000045165;0;31;0;0;2;5;15;B01
201000045166;0;34;0;0;2;8;2;A01
201000045166;0;34;0;0;2;1;13;B01
201000045166;0;10;0;0;2;1;1;C01
201000045167;0;7;0;0;2;1;1;C01
201000045167;0;7;0;0;2;1;13;A01
201000045167;0;7;0;0;2;1;1;B01
201000045168;0;33;0;0;0;1;0;A01
201000045169;0;7;0;0;2;2;19;A01
201000045169;0;33;0;0;2;2;1;B01
201000045170;0;7;0;6;0;3;1;A01
201000045171;0;34;0;1;0;1;21;B01
201000045171;0;7;0;0;0;0;15;A01
201000045172;0;7;0;0;9;8;0;A01
201000045172;0;1;0;0;2;8;0;B01
201000045173;0;32;0;0;2;1;21;B01
201000045173;0;7;0;0;2;1;21;A01
201000045174;0;7;0;0;2;6;23;B01
201000045174;0;34;0;14;0;1;21;A01
201000045175;0;7;0;0;1;3;0;A01
201000045176;0;7;0;0;2;1;16;A01
201000045176;0;1;0;0;2;5;1;B01
201000045177;0;7;0;10;1;5;4;A01
201000045178;0;7;0;0;2;8;1;B01
201000045178;0;10;0;0;2;1;13;A01
201000045178;0;33;0;0;2;1;1;C01
201000045179;0;2;0;0;2;1;1;B01
201000045179;0;7;0;0;2;3;15;A01
201000045180;0;2;0;0;2;1;2;A01
201000045180;0;7;0;0;2;5;2;B01
201000045181;0;30;0;0;2;2;17;A01
201000045181;0;7;0;0;2;2;11;B01
201000045182;0;10;0;0;2;3;13;A01
201000045182;0;7;0;0;2;1;1;B01
201000045183;0;7;0;3;0;1;14;A01
201000045184;0;31;0;0;2;8;17;A01
201000045184;0;7;0;0;2;8;15;B01
201000045185;0;7;0;0;1;1;1;A01
201000045186;0;32;0;0;1;1;1;A01
201000045187;0;7;0;0;2;2;2;A01
201000045187;0;30;0;0;2;0;1;B01
201000045188;0;2;0;0;2;3;1;A01
201000045188;0;7;0;0;2;3;1;B01
201000045189;0;7;0;0;2;3;9;A01
201000045189;0;33;0;0;2;1;1;B01
201000045190;0;1;0;0;2;1;1;B01
201000045190;0;10;0;0;9;3;15;A01
201000045191;0;7;0;8;0;1;1;A01
201000045191;0;7;0;12;0;4;1;B01
201000045192;0;33;0;0;2;1;1;B01
201000045192;0;7;0;0;2;2;15;A01
201000045193;0;7;0;0;1;1;1;A01
201000045194;0;7;0;0;1;1;0;A01
201000045195;0;7;0;0;1;1;1;A01
201000045196;0;7;0;9;0;1;6;A01
201000045197;0;7;0;0;1;2;1;A01
201000045198;0;1;0;0;2;3;2;B01
201000045198;0;7;0;0;2;5;2;A01
201000045199;0;7;0;0;2;1;1;B01
201000045199;0;2;0;0;2;5;1;A01
201000045200;0;31;0;0;2;1;1;B01
201000045200;0;7;0;0;2;1;15;A01
201000045201;0;7;0;0;2;6;23;B01
201000045201;0;2;0;14;0;1;9;A01
201000045202;0;7;0;0;1;1;1;A01
201000045203;0;7;0;2;0;3;1;B01
201000045203;1;7;0;0;2;2;19;Z01
201000045204;0;7;0;0;2;6;10;A01
201000045204;0;30;0;0;2;1;1;B01
201000045205;0;2;0;12;0;7;0;A01
201000045206;0;7;0;0;1;2;1;A01
201000045207;0;7;0;2;0;8;1;A01
201000045208;0;7;0;8;0;2;2;A01
201000045209;0;33;0;0;2;1;17;A01
201000045210;0;33;0;0;2;1;1;B01
201000045210;0;7;0;0;2;8;9;A01
201000045211;0;7;0;0;2;1;1;A01
201000045211;0;34;0;12;2;4;16;B01
201000045212;0;33;0;12;0;0;1;A01
201000045213;0;31;0;0;1;1;1;A01
201000045214;0;7;0;0;1;2;16;A01
201000045215;0;7;0;0;2;1;15;A01
201000045215;0;7;0;0;2;3;1;B01
201000045216;1;30;0;0;1;1;0;Z01
201000045217;0;7;0;0;2;1;2;A01
201000045217;0;2;0;0;2;4;23;B01
201000045218;0;7;0;0;1;2;1;A01
201000045219;0;30;0;0;2;3;1;A01
201000045219;0;7;0;0;9;3;11;B01
201000045220;0;32;0;0;0;4;2;B01
201000045220;0;7;0;0;2;1;2;A01
201000045221;0;14;0;0;0;5;0;A01
201000045221;0;32;0;0;2;1;1;B01
201000045222;0;32;0;0;2;1;1;B01
201000045222;0;7;0;0;2;2;15;A01
201000045223;0;7;0;0;2;1;2;A01
201000045223;0;7;0;0;2;4;2;B01
201000045224;0;99;0;0;0;1;2;A01
201000045224;0;7;0;0;2;4;2;B01
201000045225;0;7;0;0;1;2;1;A01
201000045226;0;30;0;8;0;1;7;A01
201000045227;0;2;0;0;2;3;5;A01
201000045227;0;7;0;0;2;3;1;B01
201000045228;0;7;0;0;2;8;19;B01
201000045228;0;7;0;0;2;8;2;A01
201000045229;0;33;0;0;2;5;1;B01
201000045229;0;10;0;0;2;3;9;A01
201000045230;0;30;0;0;2;2;1;B01
201000045230;0;7;0;0;2;7;15;A01
201000045231;0;7;0;0;2;1;5;A01
201000045231;0;10;0;0;2;1;1;B01
201000045232;0;7;0;0;1;1;0;A01
201000045233;0;7;0;0;2;1;1;A01
201000045233;0;2;0;0;0;4;23;B01
201000045234;0;30;0;0;1;1;17;A01
201000045235;0;7;0;0;2;8;15;A01
201000045235;0;2;0;0;2;7;0;B01
201000045236;0;7;0;0;2;1;5;A01
201000045236;0;30;0;0;2;1;1;B01
201000045237;0;7;0;0;1;2;1;A01
201000045238;0;7;0;0;2;2;1;B01
201000045238;0;7;0;0;2;6;4;A01
201000045239;0;7;0;0;2;3;19;A01
201000045239;0;33;0;0;2;1;1;B01
201000045240;0;7;0;0;2;8;15;A01
201000045240;0;32;0;0;2;1;17;B01
201000045241;0;7;0;0;2;1;2;A01
201000045241;0;37;1;0;0;4;2;B01
201000045242;0;7;0;0;2;1;1;B01
201000045242;0;33;0;0;2;7;19;A01
201000045243;0;2;0;0;0;0;0;A01
201000045244;0;7;0;0;2;5;16;B01
201000045244;0;33;0;0;2;1;0;A01
201000045245;0;33;0;0;2;7;1;B01
201000045245;0;7;0;0;2;3;19;A01
201000045246;0;30;0;0;2;7;1;A01
201000045246;0;7;0;0;2;1;1;B01
201000045247;0;10;0;0;2;1;9;A01
201000045247;0;2;0;0;2;7;16;B01
201000045248;0;30;0;0;0;8;1;A01
201000045249;0;7;0;0;2;1;1;A01
201000045250;0;7;0;0;2;3;15;A01
201000045250;0;34;0;0;2;1;2;B01
201000045250;0;33;0;0;2;1;2;C01
201000045251;0;34;0;0;2;3;2;B01
201000045251;0;7;0;0;2;1;15;A01
201000045252;0;7;0;0;2;7;19;A01
201000045252;0;31;0;0;2;1;1;B01
201000045253;0;7;0;0;2;1;2;C01
201000045253;0;7;0;0;2;1;2;E01
201000045253;0;10;0;0;2;1;2;B01
201000045253;0;7;0;0;2;1;2;D01
201000045253;0;7;0;0;2;4;2;A01
201000045254;0;32;0;0;0;0;23;B01
201000045254;0;7;0;14;0;7;9;A01
201000045255;0;13;0;0;2;1;2;A01
201000045255;0;7;0;0;2;4;23;B01
201000045256;0;30;0;1;1;2;1;A01
201000045257;0;7;0;0;2;6;15;B01
201000045257;0;33;0;0;2;1;13;A01
201000045258;0;7;0;0;1;1;9;A01
201000045259;0;7;0;0;2;3;15;A01
201000045259;0;30;0;0;2;1;1;B01
201000045260;0;7;0;0;2;1;2;A01
201000045260;0;7;0;0;2;4;2;B01
201000045260;0;7;0;0;2;4;2;C01
201000045261;0;30;0;0;2;1;1;B01
201000045261;0;7;0;0;2;1;15;A01
201000045262;0;32;0;0;2;3;1;B01
201000045262;0;7;0;0;2;2;19;A01
201000045263;0;1;0;0;2;1;2;A01
201000045263;0;7;0;0;2;5;2;B01
201000045264;0;10;0;0;2;7;16;A01
201000045264;0;31;0;0;2;8;1;B01
201000045265;0;7;0;0;2;1;1;B01
201000045265;0;7;0;6;2;8;15;A01
201000045266;0;33;0;0;2;1;1;B01
201000045266;0;7;0;0;2;8;10;A01
201000045267;0;7;0;0;2;8;1;B01
201000045267;0;32;0;0;2;7;17;A01
201000045268;0;7;0;0;1;1;1;A01
201000045269;0;7;0;0;2;1;15;A01
201000045269;0;33;0;0;2;1;1;B01
201000045270;0;7;0;0;1;2;1;A01
201000045270;0;7;0;0;1;6;1;B01
201000045271;0;7;0;8;0;7;2;A01
201000045272;0;10;0;0;1;8;1;A01
201000045273;0;33;0;14;0;1;16;A01
201000045274;0;7;0;0;2;3;0;B01
201000045274;0;7;0;0;2;3;0;A01
201000045275;0;7;0;0;1;4;4;A01
201000045276;0;7;0;0;0;0;5;A01
201000045276;0;31;0;0;0;0;1;B01
201000045277;0;7;0;0;1;2;1;A01
201000045278;0;33;0;0;2;1;2;B01
201000045278;0;99;0;0;2;3;2;A01
201000045279;0;34;0;0;2;8;1;A01
201000045279;2;7;0;0;2;0;0;Z01
201000045280;0;7;0;0;2;6;2;C01
201000045280;0;33;0;0;2;1;13;A01
201000045280;0;33;0;0;2;1;13;B01
201000045281;0;7;0;0;2;1;13;A01
201000045281;0;7;0;0;2;3;1;B01
201000045282;0;7;0;0;2;3;1;A01
201000045282;0;30;0;0;0;1;1;B01
201000045283;1;32;0;0;2;1;2;Z01
201000045283;0;7;0;0;0;4;23;A01
201000045284;0;33;0;0;2;1;1;A01
201000045284;0;7;0;0;2;5;15;B01
201000045285;0;1;0;0;0;0;2;A01
201000045286;0;32;0;0;2;1;1;B01
201000045286;0;10;0;0;2;3;15;A01
201000045287;0;7;0;0;2;3;0;B01
201000045287;0;7;0;0;2;1;0;A01
201000045288;0;32;0;0;2;1;1;C01
201000045288;0;7;0;0;2;3;9;A01
201000045288;0;7;0;15;2;7;1;B01
201000045289;0;33;0;0;2;1;1;B01
201000045289;0;7;0;0;2;2;15;A01
201000045290;0;2;0;0;2;5;13;B01
201000045290;0;7;0;0;2;1;15;A01
201000045291;0;30;0;0;2;1;1;B01
201000045291;0;7;0;0;2;5;10;A01
201000045292;0;33;0;0;2;8;2;A01
201000045292;0;7;0;0;2;1;2;B01
201000045293;0;30;0;0;0;4;23;B01
201000045293;0;7;0;0;2;1;2;A01
201000045294;0;7;0;0;2;1;19;A01
201000045294;0;31;0;0;2;7;2;B01
201000045295;0;2;0;0;2;1;1;B01
201000045295;0;7;0;0;2;7;1;A01
201000045296;0;7;0;0;1;1;1;A01
201000045297;0;7;0;0;2;3;9;A01
201000045297;0;34;0;0;2;1;1;B01
201000045298;0;32;0;0;0;0;0;A01
201000045299;0;33;0;0;2;1;1;A01
201000045299;0;7;0;0;2;4;2;B01
201000045300;0;34;0;0;2;1;1;B01
201000045300;0;7;0;0;0;3;15;A01
201000045301;0;30;0;12;2;3;18;B01
201000045301;0;7;0;0;0;7;16;A01
201000045302;0;30;0;0;1;1;1;A01
201000045303;0;7;0;0;2;3;1;B01
201000045303;0;7;0;0;2;3;13;A01
201000045304;0;32;0;0;2;1;1;B01
201000045304;0;7;0;0;2;3;15;A01
201000045305;0;7;0;0;2;2;1;A01
201000045305;0;7;0;0;2;1;2;B01
201000045306;0;7;0;0;0;5;1;B01
201000045306;0;7;0;0;2;3;2;A01
201000045307;0;7;0;0;2;0;0;B01
201000045307;0;7;0;0;2;2;0;A01
201000045308;0;3;0;0;2;6;9;A01
201000045308;0;33;0;0;2;8;1;B01
201000045309;0;7;0;0;2;3;1;B01
201000045309;0;7;0;0;2;3;13;A01
201000045310;0;32;0;0;1;0;1;A01
201000045311;0;7;0;0;0;4;2;B01
201000045311;0;30;0;0;2;1;2;A01
201000045312;0;99;0;0;9;2;15;A01
201000045312;0;31;0;0;2;1;1;B01
201000045313;0;32;0;0;2;0;9;B01
201000045313;1;7;0;0;0;0;0;A01
201000045314;0;2;0;0;2;1;2;A01
201000045314;0;7;0;0;2;4;2;B01
201000045315;0;7;0;0;2;3;0;A01
201000045315;0;7;0;0;2;3;1;B01
201000045316;0;30;0;0;2;7;15;A01
201000045316;0;37;1;0;9;1;1;B01
201000045317;0;7;0;0;2;1;2;A01
201000045317;0;7;0;0;0;4;2;B01
201000045318;0;7;0;0;2;3;0;A01
201000045318;0;1;0;0;2;1;2;B01
201000045319;0;7;0;0;2;1;1;B01
201000045319;0;7;0;0;2;5;15;A01
201000045320;0;37;0;0;0;0;0;A01
201000045321;0;99;0;0;2;4;1;C01
201000045321;0;99;0;0;2;1;1;B01
201000045321;0;99;0;0;2;1;1;A01
201000045322;0;30;0;0;2;1;1;A01
201000045322;0;7;0;0;0;2;15;B01
201000045323;0;33;0;0;2;1;0;A01
201000045323;0;7;0;0;2;3;15;B01
201000045324;0;32;0;0;2;1;1;B01
201000045324;0;7;0;0;2;6;11;A01
201000045325;0;10;0;0;1;1;1;A01
201000045326;0;7;0;0;1;2;1;A01
201000045327;0;99;0;0;2;3;13;A01
201000045327;0;30;0;0;2;1;13;B01
201000045328;0;2;0;0;2;1;2;B01
201000045328;0;7;0;0;2;7;15;A01
201000045329;0;33;0;0;2;1;1;B01
201000045329;0;7;0;0;2;8;15;A01
201000045330;0;33;0;0;2;1;1;B01
201000045330;0;7;0;0;2;6;9;A01
201000045331;0;7;0;0;0;0;16;B01
201000045331;0;7;0;6;0;1;21;A01
201000045332;0;7;0;0;1;3;1;A01
201000045333;0;10;0;0;1;2;1;A01
201000045334;0;2;0;0;0;1;0;B01
201000045334;0;2;0;0;0;1;1;A01
201000045335;0;38;1;0;1;5;1;A01
201000045335;0;37;0;1;0;6;0;B01
201000045336;0;33;0;0;0;1;0;A01
201000045336;0;7;0;0;0;6;0;B01
201000045337;1;7;0;0;2;7;16;Z01
201000045337;0;31;0;0;2;8;16;B01
201000045338;0;7;0;0;1;1;0;A01
201000045339;0;33;0;0;2;1;17;A01
201000045339;0;99;0;0;2;4;15;B01
201000045340;0;7;0;0;0;5;23;B01
201000045340;0;7;0;0;0;3;18;A01
201000045341;0;7;0;0;2;3;15;A01
201000045341;0;1;0;0;2;1;1;B01
201000045342;0;33;0;0;0;0;1;A01
201000045343;0;7;0;0;2;8;1;B01
201000045343;0;30;0;0;2;1;1;A01
201000045344;0;7;0;6;0;1;1;A01
201000045345;0;20;0;0;1;1;1;A01
201000045346;0;10;0;0;2;2;1;A01
201000045346;0;7;0;0;2;3;1;B01
201000045347;0;33;0;0;2;0;1;B01
201000045347;0;7;0;0;2;2;15;A01
201000045348;0;7;0;0;2;2;15;A01
201000045348;0;2;0;0;2;1;1;B01
201000045349;0;7;0;0;2;8;11;B01
201000045349;0;33;0;0;2;7;1;A01
201000045350;0;7;0;0;2;4;1;B01
201000045350;0;7;0;0;2;1;1;A01
201000045351;0;2;0;0;2;1;1;A01
201000045351;0;33;0;0;2;8;1;B01
201000045352;0;2;0;0;2;3;10;A01
201000045352;0;2;0;0;2;1;21;B01
201000045353;0;7;0;0;0;0;0;C01
201000045353;0;32;0;0;0;0;0;A01
201000045353;0;33;0;0;0;0;0;B01
201000045354;0;3;0;0;2;8;1;B01
201000045354;0;7;0;4;0;3;13;D01
201000045354;0;7;0;0;2;4;1;A01
201000045354;0;37;0;0;0;0;1;C01
201000045355;0;1;0;0;2;0;0;A01
201000045355;0;7;0;0;0;4;0;B01
201000045356;0;33;0;12;2;9;0;B01
201000045356;0;7;0;0;2;1;15;A01
201000045357;0;7;0;0;2;2;1;B01
201000045357;0;7;0;0;2;3;10;A01
201000045358;0;7;0;0;2;3;10;A01
201000045358;0;10;0;0;2;1;1;B01
201000045359;0;17;0;0;2;1;1;B01
201000045359;0;33;0;0;2;8;1;A01
201000045360;0;1;0;1;0;1;14;A01
201000045361;0;7;0;0;9;1;10;A01
201000045361;0;32;0;0;2;1;1;B01
201000045362;0;7;0;0;1;2;1;A01
201000045363;0;33;0;0;2;4;2;B01
201000045363;0;7;0;0;2;4;2;C01
201000045363;0;7;0;0;2;1;2;A01
201000045364;0;3;0;0;1;2;1;A01
201000045365;0;7;0;0;0;3;23;B01
201000045365;0;30;0;0;2;2;3;A01
201000045366;0;13;0;0;2;2;12;A01
201000045366;0;7;0;0;2;8;1;B01
201000045367;0;7;0;1;0;1;2;A01
201000045367;0;7;0;0;0;4;23;B01
201000045368;0;7;0;0;1;2;1;A01
201000045369;0;7;0;0;2;1;1;B01
201000045369;0;7;0;0;2;3;15;A01
201000045370;0;7;0;0;2;3;23;C01
201000045370;0;7;0;0;2;2;1;B01
201000045370;0;7;0;0;2;1;15;A01
201000045371;0;7;0;0;2;1;2;A01
201000045371;0;7;0;0;0;5;0;B01
201000045372;0;30;0;0;0;1;1;A01
201000045372;0;7;0;0;0;8;1;B01
201000045373;0;7;0;0;1;2;1;A01
201000045374;0;2;0;0;2;1;15;A01
201000045374;0;7;0;0;2;2;1;B01
201000045375;0;7;0;0;0;3;15;A01
201000045375;0;33;0;0;0;0;0;B01
201000045376;0;7;0;0;2;2;15;A01
201000045376;0;32;0;0;2;1;1;B01
201000045377;0;7;0;0;9;5;2;A01
201000045377;0;1;0;0;2;0;0;B01
201000045378;0;7;0;0;0;4;2;B01
201000045378;0;30;0;0;9;1;2;A01
201000045379;1;7;0;0;1;2;0;A01
201000045380;0;33;0;0;2;1;1;B01