num_acc;senc;catv;occutc;obs;obsm;choc;manv;num_veh
201000045380;0;7;0;0;2;7;20;A01
201000045381;0;7;0;0;9;5;10;A01
201000045381;0;30;0;0;2;1;1;B01
201000045382;0;7;0;0;9;8;15;B01
201000045382;0;33;0;0;2;7;17;A01
201000045383;0;30;0;0;2;8;18;A01
201000045383;0;7;0;0;2;2;16;B01
201000045384;0;7;0;0;2;6;1;A01
201000045384;0;7;0;0;2;2;1;B01
201000045385;0;7;0;0;1;2;1;A01
201000045386;0;7;0;0;2;8;11;A01
201000045386;0;33;0;0;2;5;2;B01
201000045387;1;7;0;0;1;0;0;Z01
201000045388;0;7;0;0;1;1;1;A01
201000045389;0;7;0;0;1;1;1;A01
201000045390;0;33;0;0;0;7;1;B01
201000045390;1;7;0;0;0;0;15;A01
201000045391;0;7;0;0;2;1;1;A01
201000045391;0;7;0;0;2;1;1;B01
201000045391;0;7;0;0;2;4;1;C01
201000045392;0;2;0;0;2;1;3;A01
201000045392;0;7;0;0;2;3;15;B01
201000045393;0;38;1;0;1;2;0;A01
201000045394;0;7;0;0;1;2;15;A01
201000045395;0;7;0;0;1;1;1;A01
201000045396;0;7;0;0;0;2;5;A01
201000045396;0;7;0;0;0;7;0;B01
201000045397;0;7;0;0;2;1;1;A01
201000045397;0;7;0;0;2;4;23;B01
201000045398;0;32;0;0;0;1;0;A01
201000045398;0;7;0;0;0;0;0;B01
201000045399;0;33;0;0;2;1;1;A01
201000045399;0;7;0;0;2;1;9;B01
201000045400;0;7;0;0;0;4;2;C01
201000045400;0;34;0;0;0;4;1;B01
201000045400;0;7;0;0;2;1;12;A01
201000045401;1;7;0;0;0;0;0;A01
201000045401;0;31;0;0;2;9;2;B01
201000045402;0;30;0;0;2;7;10;A01
201000045402;0;7;0;0;2;3;1;B01
201000045403;0;10;0;0;2;2;15;A01
201000045403;0;2;0;0;2;1;1;B01
201000045404;0;33;0;0;1;1;15;A01
201000045405;0;32;0;0;2;1;2;A01
201000045405;0;7;0;0;2;2;15;B01
201000045406;0;30;0;0;2;8;1;A01
201000045406;0;2;0;0;2;1;1;B01
201000045407;0;7;0;0;2;6;1;B01
201000045407;0;32;0;0;2;1;2;A01
201000045408;0;7;0;0;0;4;15;B01
201000045408;0;2;0;0;2;1;2;A01
201000045409;0;1;0;13;0;1;1;A01
201000045410;0;32;0;2;0;1;6;A01
201000045411;1;7;0;0;2;0;17;A01
201000045411;0;30;0;0;2;8;2;B01
201000045412;0;7;0;0;1;1;1;A01
201000045413;0;7;0;0;2;1;17;A01
201000045413;0;7;0;10;2;6;15;B01
201000045414;0;32;0;0;2;1;1;B01
201000045414;0;7;0;0;0;3;11;A01
201000045415;0;30;0;0;2;0;1;B01
201000045415;0;7;0;0;9;3;1;A01
201000045416;0;32;0;14;0;1;2;A01
201000045416;0;7;0;0;0;4;23;B01
201000045417;0;7;0;0;2;1;1;B01
201000045417;0;7;0;0;2;3;0;A01
201000045418;0;7;0;0;2;8;15;B01
201000045418;0;2;0;0;2;8;17;A01
201000045419;0;2;0;0;0;1;17;A01
201000045419;0;7;0;0;0;3;15;B01
201000045420;0;30;0;0;2;1;11;A01
201000045420;0;30;0;0;1;1;1;B01
201000045421;0;7;0;0;2;3;0;B01
201000045421;0;7;0;0;2;2;2;A01
201000045422;0;2;0;0;0;0;2;A01
201000045423;0;31;0;0;2;3;1;B01
201000045423;0;7;0;0;2;3;10;A01
201000045424;0;2;0;0;2;1;1;A01
201000045424;0;1;0;0;2;8;1;B01
201000045425;0;7;0;0;1;3;1;A01
201000045425;1;7;0;0;1;3;1;Z01
201000045426;0;7;0;0;2;1;15;A01
201000045426;0;31;0;0;2;1;1;B01
201000045427;0;31;0;0;0;7;1;A01
201000045428;0;13;0;0;0;4;2;C01
201000045428;0;33;0;0;2;1;2;A01
201000045428;0;33;0;0;2;1;1;B01
201000045429;0;30;0;0;2;1;1;A01
201000045429;0;7;0;0;2;6;15;B01
201000045430;0;7;0;7;2;5;1;B01
201000045430;0;7;0;0;2;1;15;A01
201000045431;0;32;0;0;2;1;1;B01
201000045431;0;7;0;0;2;6;15;A01
201000045432;0;7;0;0;1;1;0;A01
201000045433;0;7;0;0;2;1;9;B01
201000045433;0;2;0;0;2;0;3;A01
201000045434;0;10;0;0;2;8;1;B01
201000045434;0;32;0;0;2;1;5;A01
201000045434;0;7;0;0;2;2;1;C01
201000045435;0;1;0;0;2;1;5;A01
201000045435;0;7;0;0;9;1;9;B01
201000045436;0;32;0;0;2;1;1;B01
201000045436;0;7;0;0;0;2;15;A01
201000045437;0;33;0;0;1;1;1;A01
201000045438;0;7;0;0;1;5;1;B01
201000045439;0;7;0;0;0;4;2;B01
201000045439;0;7;0;14;0;1;1;A01
201000045440;0;7;0;0;2;1;2;A01
201000045440;0;7;0;0;2;4;2;B01
201000045441;0;30;0;0;2;1;17;A01
201000045441;0;7;0;0;0;8;15;B01
201000045442;0;7;0;0;2;4;2;B01
201000045442;0;7;0;0;2;1;2;A01
201000045443;0;7;0;0;2;1;17;A01
201000045443;0;7;0;0;0;1;1;B01
201000045444;0;2;0;0;2;1;2;A01
201000045444;0;7;0;0;2;6;15;B01
201000045445;0;7;0;0;0;6;15;B01
201000045445;0;34;0;0;2;1;17;A01
201000045446;0;7;0;0;2;7;15;A01
201000045446;0;33;0;0;0;0;0;B01
201000045447;0;7;0;0;2;1;1;A01
201000045447;0;1;0;0;2;1;19;B01
201000045448;0;7;0;0;2;2;1;B01
201000045448;0;33;0;0;2;1;7;A01
201000045449;0;7;0;1;2;1;2;A01
201000045449;0;1;0;0;2;4;2;B01
201000045449;0;10;0;1;0;4;24;C01
201000045450;0;30;0;0;2;3;11;A01
201000045450;0;7;0;0;9;0;1;B01
201000045451;0;7;0;0;0;3;1;A01
201000045451;0;7;0;0;2;3;1;B01
201000045452;0;7;0;0;2;1;9;B01
201000045452;0;32;0;0;2;7;0;A01
201000045453;0;7;0;0;2;3;19;A01
201000045453;0;7;0;0;2;2;1;B01
201000045454;0;10;0;6;0;8;4;A01
201000045455;0;7;0;0;2;9;1;A01
201000045455;0;7;0;0;2;1;1;C01
201000045455;0;7;0;0;2;8;1;B01
201000045456;0;33;0;0;2;1;0;A01
201000045456;0;7;0;0;2;6;15;B01
201000045457;1;3;0;0;1;1;11;A01
201000045458;0;7;0;0;1;3;16;A01
201000045459;1;32;0;0;0;0;0;Z01
201000045460;0;33;0;0;2;1;2;A01
201000045460;0;7;0;0;0;8;0;B01
201000045461;0;7;0;0;2;7;1;A01
201000045461;0;30;0;0;2;0;0;B01
201000045462;0;32;0;0;2;1;1;B01
201000045462;0;7;0;0;2;3;15;A01
201000045463;0;7;0;0;2;1;1;B01
201000045463;0;7;0;0;2;5;15;A01
201000045464;0;7;0;0;2;2;15;A01
201000045464;0;33;0;0;2;1;0;B01
201000045465;0;7;0;15;1;0;1;A01
201000045466;0;30;0;0;1;1;1;A01
201000045467;0;7;0;0;2;7;15;A01
201000045467;0;33;0;0;2;1;1;B01
201000045468;2;7;0;1;0;1;2;B01
201000045468;0;14;0;0;0;4;2;A01
201000045469;0;32;0;0;2;1;1;B01
201000045469;0;32;0;0;2;6;15;A01
201000045470;0;7;0;0;0;0;0;A01
201000045470;0;7;0;0;0;0;0;B01
201000045471;0;7;0;0;2;8;15;A01
201000045471;0;32;0;0;2;6;0;B01
201000045472;0;7;0;0;0;4;2;C01
201000045472;0;7;0;0;2;1;2;A01
201000045472;0;7;0;0;0;4;2;B01
201000045473;0;7;0;0;2;1;15;A01
201000045473;0;2;0;0;2;1;1;B01
201000045474;0;33;0;0;0;1;0;A01
201000045475;0;7;0;0;2;3;0;B01
201000045475;0;2;0;0;2;1;0;A01
201000045476;0;1;0;0;2;2;1;A01
201000045476;0;7;0;0;2;2;1;B01
201000045477;1;7;0;0;1;2;9;A01
201000045478;0;7;0;0;2;2;15;A01
201000045478;0;7;0;0;2;3;1;B01
201000045479;1;7;0;0;0;4;2;Z01
201000045479;0;7;0;0;2;1;2;B01
201000045480;0;7;0;0;2;2;9;A01
201000045480;0;30;0;0;2;1;9;B01
201000045481;0;7;0;0;2;1;1;A01
201000045481;0;7;0;0;0;4;1;B01
201000045482;0;7;0;0;1;2;15;A01
201000045483;0;33;0;0;2;0;1;A01
201000045483;1;7;0;0;0;0;0;Z01
201000045484;0;33;0;0;1;1;17;A01
201000045485;0;7;0;0;2;4;2;B01
201000045485;0;7;0;0;2;1;1;A01
201000045486;0;7;0;0;2;3;19;A01
201000045486;0;30;0;0;2;1;1;B01
201000045487;0;7;0;0;0;6;10;B01
201000045487;0;33;0;0;0;1;2;A01
201000045488;0;33;0;0;2;1;1;B01
201000045488;0;10;0;0;2;7;15;A01
201000045489;0;7;0;0;1;1;1;A01
201000045490;0;7;0;0;2;1;2;A01
201000045490;0;7;0;0;0;4;1;B01
201000045491;0;1;0;0;2;4;1;B01
201000045491;1;1;0;0;0;0;0;A01
201000045492;0;33;0;0;0;7;17;A01
201000045492;0;7;0;0;0;8;10;B01
201000045493;0;30;0;0;2;4;2;A01
201000045493;0;7;0;0;0;4;2;B01
201000045494;0;7;0;0;2;6;15;A01
201000045494;0;34;0;0;2;2;1;B01
201000045495;0;7;0;0;1;1;0;A01
201000045496;0;33;0;0;2;2;3;A01
201000045496;0;7;0;0;0;6;1;B01
201000045497;0;7;0;0;2;3;1;B01
201000045497;0;30;0;0;2;5;1;A01
201000045498;0;31;0;0;0;0;1;A01
201000045498;0;7;0;0;0;0;0;B01
201000045499;0;7;0;0;2;1;2;A01
201000045499;0;7;0;0;0;6;2;B01
201000045500;0;7;0;0;0;1;1;B01
201000045500;0;7;0;0;0;1;13;A01
201000045501;0;1;0;0;2;1;0;B01
201000045501;0;7;0;0;2;2;15;A01
201000045502;0;7;0;0;2;3;15;A01
201000045502;0;32;0;0;2;1;17;B01
201000045503;0;1;0;0;2;1;1;B01
201000045503;0;7;0;0;2;1;5;A01
201000045504;0;7;0;0;0;3;15;A01
201000045504;0;2;0;0;2;7;1;B01
201000045505;0;7;0;0;0;1;0;B01
201000045505;0;30;0;0;2;1;1;A01
201000045506;0;1;0;0;2;1;1;A01
201000045506;1;14;0;0;2;0;12;Z01
201000045507;0;34;0;0;2;1;1;B01
201000045507;0;99;0;0;9;2;15;A01
201000045508;0;30;0;8;0;1;0;A01
201000045509;0;14;0;13;0;3;13;A01
201000045510;0;7;0;0;1;1;1;A01
201000045511;0;7;0;0;0;8;9;B01
201000045511;0;2;0;0;0;7;1;A01
201000045512;0;30;0;14;0;1;1;A01
201000045513;0;34;0;0;2;1;21;B01
201000045513;0;7;0;0;2;3;13;A01
201000045514;0;7;0;0;0;4;0;B01
201000045514;0;7;0;0;2;1;2;A01
201000045515;0;32;0;0;2;1;17;A01
201000045515;0;7;0;0;2;3;15;B01
201000045516;0;30;0;0;2;1;17;A01
201000045516;0;7;0;6;2;8;15;B01
201000045517;0;7;0;0;2;1;2;A01
201000045517;0;7;0;0;0;4;2;B01
201000045518;0;30;0;0;2;1;17;A01
201000045518;0;7;0;0;0;3;15;B01
201000045519;0;10;0;0;0;4;2;B01
201000045519;0;10;0;0;2;1;0;A01
201000045520;0;99;0;0;9;1;15;A01
201000045520;0;34;0;0;2;1;1;B01
201000045521;0;2;0;0;1;1;1;A01
201000045522;0;7;0;0;2;6;10;A01
201000045522;0;30;0;0;2;1;2;B01
201000045523;0;7;0;0;0;6;23;B01
201000045523;0;14;0;0;2;1;2;A01
201000045524;0;7;0;0;1;1;16;A01
201000045525;0;7;0;0;2;1;1;A01
201000045525;0;7;0;0;2;4;23;B01
201000045526;0;2;0;0;2;1;2;A01
201000045526;0;7;0;0;2;4;2;B01
201000045527;0;2;0;0;1;1;7;A01
201000045528;0;7;0;0;2;1;15;A01
201000045528;0;7;0;7;2;7;1;B01
201000045529;0;7;0;0;9;2;1;A01
201000045529;0;30;0;0;0;4;0;B01
201000045530;0;7;0;0;0;0;0;A01
201000045530;0;7;0;0;0;0;0;B01
201000045531;0;38;1;15;1;4;4;A01
201000045532;0;33;0;0;2;1;1;B01
201000045532;0;7;0;0;2;3;11;A01
201000045533;0;7;0;6;0;1;0;A01
201000045533;0;7;0;0;2;3;2;B01
201000045534;0;33;0;0;2;1;1;B01
201000045534;0;7;0;0;2;2;19;A01
201000045535;0;7;0;0;2;1;16;A01
201000045535;0;1;0;0;2;7;1;B01
201000045536;0;33;0;0;0;4;0;A01
201000045537;0;34;0;0;2;1;1;B01
201000045537;0;7;0;0;2;7;15;A01
201000045538;0;7;0;0;1;3;1;A01
201000045539;1;10;0;0;2;1;2;A01
201000045539;0;7;0;0;0;4;2;B01
201000045540;1;7;0;0;0;6;11;A01
201000045540;0;33;0;0;2;1;13;B01
201000045541;0;7;0;0;0;7;12;A01
201000045541;0;2;0;0;0;8;1;B01
201000045542;0;7;0;0;1;2;1;A01
201000045543;0;32;0;0;2;8;15;A01
201000045543;1;31;0;0;0;0;0;Z01
201000045544;0;7;0;0;1;2;1;A01
201000045545;0;2;0;0;1;0;0;A01
201000045546;0;32;0;0;1;0;1;A01
201000045547;0;31;0;0;0;0;2;B01
201000045547;0;10;0;0;0;1;2;A01
201000045548;0;30;0;0;2;1;1;A01
201000045548;0;7;0;0;0;5;10;B01
201000045549;0;7;0;0;2;5;15;A01
201000045549;0;31;0;0;2;1;1;B01
201000045550;0;7;0;0;0;3;1;B01
201000045550;0;7;0;0;0;8;15;A01
201000045551;0;2;0;0;2;0;1;B01
201000045551;0;7;0;0;2;7;1;A01
201000045552;0;2;0;0;2;3;1;B01
201000045552;1;7;0;0;0;0;0;Z01
201000045553;0;7;0;0;1;0;4;A01
201000045554;0;37;3;0;1;5;9;A01
201000045555;0;7;0;0;0;1;0;A01
201000045556;0;1;0;0;0;3;1;B01
201000045556;0;34;0;0;2;1;17;A01
201000045557;0;7;0;0;2;3;9;A01
201000045557;0;32;0;0;2;1;0;B01
201000045558;0;30;0;0;0;0;1;A01
201000045559;0;1;0;0;2;1;1;A01
201000045559;0;7;0;0;9;1;1;C01
201000045559;0;1;0;0;2;1;1;B01
201000045560;0;33;0;0;2;8;1;A01
201000045560;0;7;0;0;0;7;15;B01
201000045561;0;33;0;0;2;8;1;B01
201000045561;0;7;0;0;0;2;1;A01
201000045562;0;7;0;0;0;3;1;B01
201000045562;0;30;0;0;0;3;13;A01
201000045563;0;7;0;0;1;1;1;A01
201000045564;0;2;0;0;2;2;17;B01
201000045564;0;7;0;0;2;8;17;A01
201000045565;0;33;0;0;2;8;0;A01
201000045565;0;2;0;0;0;6;0;B01
201000045566;0;34;0;0;1;1;1;A01
201000045567;0;7;0;0;2;1;1;B01
201000045567;0;7;0;11;2;2;6;A01
201000045568;0;7;0;0;2;1;2;A01
201000045568;0;7;0;0;2;4;1;B01
201000045569;0;13;0;0;2;3;1;B01
201000045569;0;32;0;0;2;1;13;A01
201000045570;0;7;0;0;2;8;1;A01
201000045570;0;30;0;0;2;1;1;B01
201000045571;0;7;0;8;0;1;1;A01
201000045572;0;1;0;0;2;8;19;A01
201000045572;0;7;0;0;9;1;1;B01
201000045573;0;31;0;0;1;1;1;A01
201000045573;0;7;0;0;1;2;1;B01
201000045574;0;7;0;0;1;4;4;A01
201000045575;0;33;0;0;2;1;2;A01
201000045575;0;7;0;0;2;6;0;B01
201000045576;0;1;0;0;2;1;0;B01
201000045576;0;7;0;0;0;3;0;A01
201000045577;0;7;0;0;0;4;2;B01
201000045577;0;7;0;0;0;1;2;A01
201000045578;0;30;0;0;1;1;17;A01
201000045579;0;2;0;0;2;1;17;B01
201000045579;0;7;0;0;2;8;15;A01
201000045580;0;1;0;0;2;7;1;B01
201000045580;0;7;0;0;2;1;9;A01
201000045581;0;31;0;0;2;1;1;A01
201000045581;0;7;0;0;2;5;16;B01
201000045582;0;7;0;0;1;1;1;A01
201000045583;0;7;0;0;0;6;13;A01
201000045583;0;33;0;1;2;1;17;B01
201000045584;0;30;0;0;1;2;1;A01
201000045585;0;30;0;0;0;0;1;A01
201000045586;0;7;0;0;1;2;1;A01
201000045587;0;7;0;0;2;5;1;A01
201000045587;0;34;0;0;2;1;15;B01
201000045588;0;2;0;0;2;3;17;A01
201000045588;0;33;0;0;2;6;1;C01
201000045588;0;33;0;0;2;3;1;B01
201000045589;0;7;0;0;1;2;1;A01
201000045590;0;30;0;0;2;1;2;A01
201000045590;0;7;0;0;2;3;0;B01
201000045591;0;36;0;0;2;3;16;A01
201000045591;0;7;0;0;2;3;15;B01
201000045592;0;33;0;0;2;1;1;B01
201000045592;0;7;0;0;0;5;15;A01
201000045593;0;7;0;0;2;8;15;B01
201000045593;0;30;0;0;2;1;17;A01
201000045594;0;7;0;0;0;0;23;A01
201000045595;0;7;0;0;1;3;1;A01
201000045596;0;7;0;0;1;3;2;A01
201000045597;0;7;0;0;0;8;15;B01
201000045597;0;32;0;0;0;1;17;A01
201000045598;0;7;0;0;2;1;19;A01
201000045598;0;2;0;0;0;7;1;B01
201000045599;0;31;0;0;2;0;17;A01
201000045599;0;7;0;0;2;6;15;B01
201000045600;0;38;3;0;1;2;1;A01
201000045601;0;7;0;0;2;4;15;B01
201000045601;0;7;0;0;2;1;1;A01
201000045602;0;2;0;0;2;1;3;C01
201000045602;0;7;0;0;0;3;11;B01
201000045602;0;2;0;0;2;1;3;A01
201000045603;0;7;0;11;1;1;1;A01
201000045603;0;7;0;0;2;2;1;B01
201000045604;0;7;0;0;0;1;1;A01
201000045605;0;7;0;0;2;1;1;A01
201000045605;0;7;0;4;2;9;1;B01
201000045605;0;7;0;0;2;1;1;C01
201000045606;0;7;0;1;1;2;1;A01
201000045607;0;7;0;0;2;1;9;B01
201000045607;0;7;0;0;1;2;9;A01
201000045608;0;7;0;0;2;4;23;C01
201000045608;0;32;0;0;2;9;21;A01
201000045608;0;7;0;0;2;7;1;B01
201000045609;0;31;0;0;0;3;1;B01
201000045609;0;7;0;0;0;5;0;A01
201000045610;0;33;0;0;2;6;1;A01
201000045610;0;7;0;0;2;6;9;B01
201000045611;0;10;0;0;2;3;15;A01
201000045611;0;2;0;0;2;1;1;B01
201000045612;0;7;0;0;2;4;1;A01
201000045612;0;10;0;0;2;1;2;D01
201000045612;0;31;0;0;2;1;2;E01
201000045612;0;7;0;0;2;1;2;B01
201000045612;0;10;0;0;2;4;2;C01
201000045613;0;7;0;0;1;1;2;A01
201000045614;0;7;0;0;0;4;2;B01
201000045614;0;7;0;0;2;1;2;A01
201000045615;0;34;0;0;2;3;11;A01
201000045615;0;10;0;0;0;0;0;B01
201000045616;0;7;0;0;0;6;1;C01
201000045616;0;14;0;0;2;2;1;B01
201000045616;0;38;0;0;0;2;13;A01
201000045617;0;7;0;0;2;1;23;D01
201000045617;0;99;0;0;0;3;0;A01
201000045617;0;7;0;0;2;3;23;C01
201000045618;0;7;0;0;0;5;15;A01
201000045618;0;33;0;0;0;1;1;B01
201000045619;0;7;0;1;2;2;2;B01
201000045619;0;7;0;0;2;7;0;A01
201000045620;0;7;0;0;2;3;15;A01
201000045620;0;33;0;0;2;1;1;B01
201000045620;0;7;0;0;0;2;23;C01
201000045621;1;7;0;0;2;0;0;A01
201000045621;0;33;0;0;2;3;1;B01
201000045622;0;7;0;0;2;3;15;A01
201000045622;0;7;0;0;2;1;1;B01
201000045623;0;10;0;0;2;7;15;A01
201000045623;0;10;0;0;2;3;1;B01
201000045624;0;32;0;0;2;1;7;B01
201000045624;0;2;0;0;2;1;15;A01
201000045625;0;37;1;0;9;8;7;D01
201000045625;0;99;0;0;9;4;2;B01
201000045625;0;99;0;0;9;1;1;C01
201000045625;0;30;0;0;2;1;3;A01
201000045626;0;32;0;0;2;6;1;B01
201000045626;0;10;0;0;2;3;1;A01
201000045627;0;7;0;0;2;1;2;A01
201000045627;0;32;0;0;2;4;2;B01
201000045628;0;30;0;0;2;7;1;A01
201000045628;0;30;0;0;2;6;1;B01
201000045629;0;7;0;0;2;3;1;B01
201000045629;0;2;0;0;2;1;1;A01
201000045630;0;7;0;15;0;2;1;A01
201000045631;0;34;0;0;2;4;1;B01
201000045631;0;7;0;0;2;3;1;A01
201000045632;0;7;0;10;0;1;1;A01
201000045633;0;7;0;0;2;1;0;B01
201000045633;0;7;0;0;2;1;17;A01
201000045634;0;30;0;0;2;2;1;B01
201000045634;0;7;0;0;2;3;16;A01
201000045635;0;34;0;12;0;0;14;B01
201000045635;0;10;0;0;0;0;14;A01
201000045636;0;7;0;0;2;3;15;A01
201000045636;0;33;0;0;2;1;1;B01
201000045637;0;7;0;0;0;6;19;A01
201000045637;0;2;0;0;2;1;1;B01
201000045638;0;7;0;0;2;3;20;A01
201000045638;0;31;0;0;2;2;1;B01
201000045639;0;7;0;0;2;1;1;A01
201000045639;0;7;0;1;2;4;1;B01
201000045640;0;7;0;0;2;0;0;A01
201000045640;0;7;0;0;2;0;0;B01
201000045641;0;7;0;0;1;1;1;A01
201000045642;0;2;0;0;2;1;0;A01
201000045642;0;7;0;0;2;7;12;B01
201000045643;0;7;0;0;2;1;15;A01
201000045643;0;7;0;0;2;3;1;B01
201000045644;0;7;0;0;1;0;0;A01
201000045645;0;7;0;0;1;0;1;A01
201000045646;0;7;0;0;2;4;2;D01
201000045646;0;13;0;0;2;1;2;A01
201000045646;0;7;0;0;2;4;2;C01
201000045646;0;7;0;0;2;4;2;B01
201000045647;0;34;0;0;2;1;1;A01
201000045647;0;7;0;0;2;5;16;B01
201000045648;0;7;0;0;2;0;0;B01
201000045648;0;7;0;0;2;0;0;A01
201000045649;0;15;0;0;0;4;2;C01
201000045649;0;13;0;0;2;1;2;A01
201000045649;0;7;0;0;2;4;2;B01
201000045650;0;7;0;0;1;3;1;A01
201000045651;0;33;0;0;2;0;1;B01
201000045651;0;7;0;0;2;0;11;A01
201000045652;0;7;0;14;0;1;0;A01
201000045653;0;7;0;0;2;2;15;A01
201000045653;0;33;0;0;2;1;1;B01
201000045654;0;7;0;0;2;0;0;B01
201000045654;0;7;0;0;2;0;0;A01
201000045655;0;7;0;0;1;1;0;A01
201000045656;0;7;0;8;0;4;4;A01
201000045657;0;7;0;0;2;6;0;A01
201000045657;0;7;0;0;2;1;0;B01
201000045658;0;7;0;0;1;7;1;B01
201000045658;0;2;0;0;0;0;0;A01
201000045659;0;7;0;0;1;2;20;A01
201000045660;0;7;0;0;0;0;0;A01
201000045661;0;7;0;0;1;1;2;A01
201000045662;0;7;0;0;2;1;1;A01
201000045662;0;7;0;0;2;4;23;C01
201000045662;0;7;0;0;2;4;23;D01
201000045662;0;7;0;0;2;4;23;B01
201000045663;0;7;0;0;2;1;0;A01
201000045663;0;7;0;0;2;1;15;B01
201000045664;0;2;0;0;2;1;3;A01
201000045664;0;7;0;0;0;2;23;B01
201000045665;0;7;0;0;2;2;10;A01
201000045665;0;30;0;0;2;1;1;B01
201000045666;0;7;0;0;2;0;0;B01
201000045666;0;7;0;0;2;0;0;A01
201000045667;0;7;0;0;2;1;1;B01
201000045667;0;7;0;0;2;1;15;A01
201000045668;0;7;0;0;2;1;1;A01
201000045668;0;7;0;0;2;7;1;B01
201000045669;0;13;0;0;2;4;0;A01
201000045669;0;7;0;0;2;1;0;B01
201000045670;0;7;0;0;2;1;1;B01
201000045670;0;17;0;0;2;6;9;A01
201000045671;0;7;0;0;2;4;2;B01
201000045671;0;7;0;0;0;1;2;A01
201000045672;0;7;0;0;2;1;1;B01
201000045672;0;7;0;0;2;1;13;A01
201000045673;0;30;0;0;2;1;0;A01
201000045673;0;7;0;0;2;2;0;B01
201000045674;0;7;0;0;2;4;2;A01
201000045674;0;33;0;0;2;1;2;B01
201000045675;0;33;0;0;0;1;2;B01
201000045675;0;7;0;0;2;8;13;A01
201000045676;0;30;0;0;2;1;1;A01
201000045676;0;7;0;0;2;4;1;B01
201000045677;0;7;0;0;2;3;13;A01
201000045677;0;32;0;3;2;0;1;C01
201000045677;0;7;0;0;2;6;1;B01
201000045678;0;7;0;0;0;0;0;B01
201000045678;0;33;0;0;0;0;0;A01
201000045679;0;7;0;0;2;3;11;A01
201000045679;0;7;0;0;0;7;1;B01
201000045680;0;7;0;0;2;1;0;A01
201000045680;0;7;0;0;0;4;0;B01
201000045681;0;7;0;0;2;3;15;A01
201000045681;0;31;0;0;2;1;1;B01
201000045682;0;7;0;0;2;1;2;D01
201000045682;0;7;0;0;2;1;0;A01
201000045682;0;7;0;0;2;1;2;B01
201000045682;0;7;0;0;2;1;2;C01
201000045683;0;32;0;0;2;3;1;B01
201000045683;0;7;0;0;2;1;12;D01
201000045683;0;30;0;0;2;1;19;A01
201000045683;0;7;0;0;2;6;1;C01
201000045684;0;7;0;0;2;4;1;C01
201000045684;0;7;0;0;2;0;1;B01
201000045684;0;10;0;0;2;1;1;A01
201000045685;0;7;0;0;2;3;15;A01
201000045685;0;2;0;0;2;1;1;B01
201000045686;1;7;0;0;1;1;1;A01
201000045687;1;7;0;0;1;2;1;A01
201000045688;0;7;0;0;2;4;0;B01
201000045688;0;7;0;0;2;1;0;A01
201000045689;0;7;0;0;2;1;1;A01
201000045689;0;7;0;0;2;1;1;B01
201000045690;0;7;0;0;1;1;0;A01
201000045691;0;7;0;0;2;3;1;B01
201000045691;0;7;0;0;2;1;15;A01
201000045692;0;7;0;0;2;1;0;A01
201000045692;0;7;0;0;1;1;0;B01
201000045693;0;7;0;0;2;3;1;A01
201000045693;0;7;0;0;2;3;1;B01
201000045694;0;7;0;0;2;1;0;A01
201000045694;0;7;0;0;2;1;0;B01
201000045695;0;30;0;0;2;1;1;A01
201000045695;0;10;0;0;2;8;1;B01
201000045696;0;7;0;0;2;7;0;A01
201000045696;0;7;0;0;2;1;0;B01
201000045697;0;32;0;0;2;1;1;A01
201000045697;0;7;0;0;2;3;15;B01
201000045698;0;7;0;9;0;0;0;A01
201000045699;0;7;0;0;2;7;15;A01
201000045699;0;33;0;0;2;1;1;B01
201000045700;0;7;0;0;1;1;0;A01
201000045701;0;7;0;0;2;1;1;B01
201000045701;0;7;0;0;2;7;15;A01
201000045702;0;2;0;0;2;1;1;B01
201000045702;0;7;0;0;2;8;1;A01
201000045703;0;31;0;0;2;2;17;A01
201000045703;0;7;0;0;2;8;15;B01
201000045704;0;34;0;0;2;1;0;A01
201000045704;0;7;0;0;2;1;1;B01
201000045705;0;7;0;0;2;8;15;A01
201000045705;0;7;0;0;2;1;1;B01
201000045706;0;7;0;8;0;1;1;A01
201000045707;0;7;0;0;2;3;5;A01
201000045707;0;7;0;0;2;1;1;B01
201000045708;0;7;0;0;1;1;0;A01
201000045709;0;7;0;0;1;0;0;A01
201000045710;0;14;0;0;2;2;12;A01
201000045710;0;7;0;0;2;8;0;B01
201000045711;0;37;10;0;0;4;1;B01
201000045711;0;7;0;0;2;1;1;A01
201000045712;0;7;0;0;2;7;1;A01
201000045712;0;33;0;0;2;1;1;B01
201000045713;0;7;0;0;2;1;2;A01
201000045713;0;7;0;0;2;4;2;C01
201000045713;0;7;0;0;2;4;2;B01
201000045714;0;7;0;0;2;5;1;A01
201000045714;0;33;0;0;2;1;1;B01
201000045715;0;7;0;0;2;1;1;A01
201000045715;0;30;0;0;2;1;1;B01
201000045716;0;7;0;0;9;2;1;A01
201000045717;0;7;0;0;1;2;0;A01
201000045718;0;7;0;0;2;3;15;B01
201000045718;0;32;0;0;2;1;17;A01
201000045719;0;7;0;14;1;1;1;A01
201000045720;0;33;0;0;2;1;1;A01
201000045720;0;7;0;0;2;7;15;B01
201000045721;1;33;0;0;2;1;2;A01
201000045721;0;7;0;0;0;5;14;B01
201000045722;0;7;0;0;1;1;1;A01
201000045723;0;7;0;0;0;3;0;B01
201000045723;0;7;0;0;2;3;5;A01
201000045724;0;7;0;0;1;1;16;A01
201000045725;0;1;0;15;0;1;1;A01