num_acc;senc;catv;occutc;obs;obsm;choc;manv;num_veh
201000045726;0;7;0;0;2;6;1;A01
201000045726;0;33;0;12;2;1;2;B01
201000045727;0;7;0;0;2;1;13;A01
201000045727;0;7;0;0;2;1;13;B01
201000045728;0;33;0;0;9;0;1;C01
201000045728;0;7;0;0;0;5;2;B01
201000045728;0;7;0;4;2;2;1;A01
201000045729;0;33;0;0;2;1;5;A01
201000045729;0;7;0;0;2;2;1;B01
201000045730;0;30;0;1;0;1;1;A01
201000045731;0;30;0;0;1;1;5;A01
201000045732;0;3;0;0;2;4;1;B01
201000045732;1;13;0;0;0;0;1;Z01
201000045732;0;33;0;0;2;0;1;A01
201000045733;1;7;0;0;1;1;0;Z01
201000045734;0;7;0;0;2;7;9;A01
201000045734;0;33;0;0;2;1;1;B01
201000045735;0;7;0;0;2;1;2;A01
201000045735;0;7;0;0;2;8;2;B01
201000045736;0;7;0;0;1;1;9;A01
201000045737;0;7;0;0;2;3;1;B01
201000045737;0;7;0;0;2;1;15;A01
201000045738;0;7;0;2;0;1;6;A01
201000045739;0;7;0;0;2;2;13;A01
201000045739;0;7;0;0;2;2;1;B01
201000045740;0;7;0;0;0;3;15;B01
201000045740;0;2;0;0;2;3;17;A01
201000045741;0;7;0;11;0;1;1;A01
201000045742;0;1;0;0;2;0;9;B01
201000045742;0;15;0;0;2;5;1;A01
201000045743;0;7;0;0;2;8;15;B01
201000045743;0;31;0;0;2;1;1;A01
201000045744;0;99;0;0;0;6;1;A01
201000045744;0;33;0;0;2;1;2;B01
201000045745;0;7;0;0;2;2;15;A01
201000045745;0;32;0;0;2;8;1;B01
201000045746;0;33;0;0;2;1;1;B01
201000045746;0;13;0;0;0;7;15;A01
201000045747;0;2;0;0;2;3;1;B01
201000045747;0;7;0;0;0;3;15;A01
201000045748;0;2;0;0;2;1;1;B01
201000045748;0;7;0;0;0;3;15;A01
201000045749;0;7;0;0;2;3;11;B01
201000045749;0;7;0;0;2;3;1;A01
201000045750;0;33;0;0;2;1;1;B01
201000045750;0;7;0;0;0;3;15;A01
201000045751;0;7;0;8;0;1;17;A01
201000045752;0;7;0;0;2;1;13;A01
201000045752;0;7;0;0;2;1;13;B01
201000045753;0;7;0;15;0;3;1;A01
201000045754;0;33;0;0;2;1;1;B01
201000045754;0;7;0;0;2;7;15;A01
201000045755;0;7;0;13;0;1;1;A01
201000045756;1;7;0;0;2;0;4;B01
201000045756;0;2;0;0;2;1;1;A01
201000045757;0;1;0;0;2;8;9;A01
201000045757;0;7;0;0;2;7;17;B01
201000045758;0;7;0;0;2;1;1;A01
201000045758;0;7;0;0;2;7;1;B01
201000045759;0;33;0;0;2;1;1;B01
201000045759;0;7;0;0;2;8;19;A01
201000045760;0;33;0;0;2;1;17;A01
201000045760;0;7;0;0;2;5;15;B01
201000045761;0;7;0;0;2;1;1;A01
201000045761;0;33;0;0;2;1;1;B01
201000045762;0;7;0;0;1;1;1;A01
201000045763;0;33;0;0;2;1;17;A01
201000045763;0;20;0;0;2;1;15;B01
201000045764;0;7;0;0;1;1;1;A01
201000045765;0;10;0;0;1;1;1;A01
201000045766;0;2;0;0;2;1;18;A01
201000045766;0;10;0;0;0;5;23;B01
201000045767;0;7;0;0;2;8;19;A01
201000045767;0;7;0;0;2;1;1;B01
201000045768;0;7;0;6;0;1;1;A01
201000045769;0;2;0;0;2;1;1;B01
201000045769;0;7;0;0;2;2;15;A01
201000045770;0;7;0;0;1;3;15;A01
201000045771;0;7;0;0;2;1;1;C01
201000045771;0;30;0;0;2;2;5;A01
201000045771;0;7;0;0;2;3;1;B01
201000045772;1;2;0;0;1;3;18;A01
201000045773;0;1;0;0;2;1;16;A01
201000045773;0;7;0;0;9;3;1;B01
201000045774;0;7;0;0;2;1;0;A01
201000045774;0;33;0;0;2;1;1;B01
201000045775;0;7;0;0;1;3;1;A01
201000045776;0;7;0;0;2;3;2;A01
201000045776;0;7;0;15;0;5;1;B01
201000045777;0;1;0;6;0;1;0;A01
201000045778;0;7;0;0;1;3;1;A01
201000045779;0;7;0;0;2;3;23;C01
201000045779;0;2;0;0;1;1;17;A01
201000045780;0;7;0;0;2;8;15;B01
201000045780;0;31;0;0;2;1;17;A01
201000045781;0;33;0;15;0;1;1;A01
201000045782;0;7;0;0;2;3;9;A01
201000045782;0;33;0;0;2;1;1;B01
201000045783;0;7;0;2;0;3;1;A01
201000045784;1;13;0;0;2;8;9;Z01
201000045784;0;1;0;0;2;1;1;B01
201000045785;0;7;0;0;1;1;1;A01
201000045786;0;7;0;0;1;4;4;A01
201000045787;0;7;0;0;2;1;2;A01
201000045787;0;1;0;0;0;4;2;B01
201000045788;0;7;0;0;2;3;11;A01
201000045788;0;7;0;0;2;3;1;B01
201000045789;0;7;0;0;2;4;2;B01
201000045789;2;7;0;0;2;1;1;A01
201000045790;0;7;0;0;2;7;11;A01
201000045790;0;33;0;0;2;1;1;B01
201000045791;0;7;0;11;2;2;13;A01
201000045791;0;33;0;0;2;7;1;B01
201000045792;0;2;0;0;2;1;1;A01
201000045792;0;7;0;0;0;3;17;B01
201000045793;0;7;0;0;1;1;0;A01
201000045794;0;7;0;13;0;0;0;A01
201000045795;0;32;0;0;1;1;16;A01
201000045796;0;7;0;0;2;3;0;A01
201000045796;0;7;0;0;2;1;1;B01
201000045797;0;7;0;0;1;5;20;A01
201000045798;0;30;0;0;0;4;2;B01
201000045798;0;2;0;0;2;1;1;A01
201000045799;0;7;0;0;1;2;1;A01
201000045800;0;7;0;0;1;4;4;A01
201000045801;0;33;0;0;2;1;0;B01
201000045801;0;7;0;0;2;6;15;A01
201000045802;0;33;0;0;2;8;1;B01
201000045802;0;7;0;0;2;5;15;A01
201000045803;0;10;0;0;2;3;1;B01
201000045803;0;7;0;14;2;9;6;A01
201000045804;0;10;0;0;2;6;10;A01
201000045804;0;33;0;0;2;7;2;B01
201000045805;0;7;0;0;0;0;23;A01
201000045805;0;33;0;12;0;8;1;B01
201000045806;0;7;0;0;0;8;9;A01
201000045806;0;30;0;0;2;1;1;B01
201000045807;0;7;0;0;2;1;13;A01
201000045807;0;7;0;0;0;3;1;B01
201000045808;0;10;0;0;1;1;1;A01
201000045808;0;1;0;0;0;7;19;B01
201000045809;0;1;0;0;2;2;1;A01
201000045809;0;7;0;0;2;2;23;B01
201000045810;0;7;0;0;1;2;21;A01
201000045811;0;1;0;0;2;7;1;B01
201000045811;0;7;0;0;2;1;1;A01
201000045812;0;7;0;0;1;1;1;A01
201000045813;0;7;0;0;2;3;15;A01
201000045813;0;33;0;0;2;7;1;B01
201000045814;0;33;0;0;0;7;1;B01
201000045814;0;10;0;0;2;2;9;A01
201000045815;0;7;0;0;2;1;0;A01
201000045815;0;7;0;0;2;1;0;B01
201000045816;0;3;0;0;2;7;15;A01
201000045816;0;2;0;0;2;1;21;B01
201000045817;0;2;0;15;0;1;1;B01
201000045817;0;37;3;0;0;0;13;A01
201000045818;0;1;0;0;0;4;13;A01
201000045818;0;7;0;0;2;2;21;B01
201000045819;0;7;0;0;2;3;9;A01
201000045819;0;31;0;0;2;7;1;B01
201000045820;0;30;0;0;2;1;1;B01
201000045820;0;7;0;0;2;3;24;A01
201000045821;0;2;0;0;2;7;17;B01
201000045821;0;10;0;0;2;3;11;A01
201000045822;0;31;0;16;0;3;1;A01
201000045823;1;7;0;0;1;1;16;Z01
201000045824;0;7;0;2;0;2;1;A01
201000045825;0;30;0;8;0;1;1;A01
201000045826;0;30;0;0;2;5;1;B01
201000045826;0;7;0;0;2;1;9;A01
201000045827;0;7;0;0;2;3;0;A01
201000045827;0;2;0;0;2;3;1;B01
201000045828;0;7;0;0;1;3;1;A01
201000045829;0;7;0;0;1;1;1;A01
201000045830;0;7;0;0;2;5;17;A01
201000045830;0;2;0;0;2;0;21;C01
201000045830;0;7;0;0;2;3;1;B01
201000045831;0;7;0;0;2;8;9;A01
201000045831;0;7;0;0;2;1;1;B01
201000045832;0;7;0;8;0;2;1;A01
201000045833;0;7;0;0;2;3;1;B01
201000045833;0;7;0;0;2;1;19;A01
201000045834;0;30;0;0;6;7;1;A01
201000045835;0;15;0;0;1;3;1;A01
201000045836;0;7;0;0;1;1;20;A01
201000045836;0;7;0;1;0;1;24;C01
201000045837;0;7;0;0;0;0;1;A01
201000045837;0;1;0;0;0;0;1;B01
201000045838;0;32;0;0;2;1;1;B01
201000045838;0;7;0;0;2;3;11;A01
201000045839;0;7;0;0;2;1;5;A01
201000045839;0;30;0;0;2;1;1;B01
201000045840;0;2;0;0;2;1;19;A01
201000045840;0;7;0;0;2;3;19;B01
201000045841;0;10;0;0;1;1;1;A01
201000045842;0;2;0;7;0;1;1;A01
201000045843;0;10;0;9;0;9;1;A01
201000045844;0;7;0;0;2;2;9;A01
201000045844;0;2;0;0;2;2;21;B01
201000045845;0;2;0;0;2;1;1;B01
201000045845;0;7;0;0;2;2;15;A01
201000045846;1;7;0;0;2;2;9;Z01
201000045846;0;31;0;0;2;0;1;B01
201000045847;0;30;0;0;2;1;1;B01
201000045847;0;7;0;0;2;3;9;A01
201000045848;0;7;0;0;2;3;9;A01
201000045848;0;1;0;0;2;2;1;B01
201000045849;1;7;0;0;2;2;17;Z01
201000045849;0;30;0;0;2;3;15;A01
201000045850;0;2;0;0;1;1;1;A01
201000045851;0;7;0;0;2;2;1;B01
201000045851;0;1;0;0;2;3;13;A01
201000045852;0;7;0;0;2;3;11;B01
201000045852;0;30;0;0;2;1;19;A01
201000045853;0;7;0;6;0;1;1;A01
201000045854;1;7;0;0;2;2;1;A01
201000045854;0;30;0;0;2;5;1;B01
201000045855;0;1;0;9;0;2;3;A01
201000045856;0;7;0;0;1;6;4;A01
201000045857;0;1;0;0;2;1;1;B01
201000045857;0;14;0;0;2;4;20;A01
201000045858;0;2;0;0;0;4;0;A01
201000045858;1;7;0;0;2;1;1;Z01
201000045859;0;7;0;0;2;2;9;A01
201000045859;0;1;0;0;2;8;11;B01
201000045860;0;2;0;12;0;1;16;A01
201000045861;0;1;0;12;0;0;3;A01
201000045862;0;7;0;0;1;3;1;A01
201000045863;0;2;0;0;2;1;1;B01
201000045863;0;7;0;0;2;3;9;A01
201000045864;0;7;0;3;0;7;1;A01
201000045865;0;2;0;0;2;1;1;B01
201000045865;0;2;0;0;2;8;9;A01
201000045866;0;7;0;0;2;3;1;B01
201000045866;0;7;0;0;2;2;19;A01
201000045867;0;7;0;1;1;1;1;A01
201000045868;0;2;0;0;2;3;1;B01
201000045868;0;7;0;0;2;3;15;A01
201000045869;0;7;0;11;0;1;1;A01
201000045870;0;7;0;0;2;2;13;A01
201000045870;0;7;0;0;2;1;1;B01
201000045871;0;7;0;0;1;6;4;A01
201000045872;0;7;0;0;0;3;0;B01
201000045872;0;13;0;0;0;3;1;A01
201000045873;0;13;0;0;2;3;15;A01
201000045873;0;2;0;0;2;1;0;B01
201000045874;0;7;0;0;2;5;1;B01
201000045874;0;32;0;0;2;8;11;A01
201000045875;0;7;0;0;2;1;1;A01
201000045875;0;7;0;0;2;3;9;B01
201000045876;0;30;0;0;2;1;1;A01
201000045876;0;7;0;0;2;3;1;B01
201000045877;0;2;0;0;2;7;1;A01
201000045878;0;30;0;8;0;3;13;A01
201000045879;0;30;0;0;2;1;2;A01
201000045879;0;7;0;0;0;5;1;B01
201000045880;0;7;0;0;2;1;1;B01
201000045880;0;7;0;0;2;1;5;A01
201000045881;0;7;0;0;2;1;15;A01
201000045881;0;2;0;0;2;3;1;B01
201000045882;0;7;0;0;2;6;15;A01
201000045882;0;30;0;0;2;1;17;B01
201000045883;0;33;0;0;2;1;1;B01
201000045883;0;7;0;0;2;6;6;A01
201000045884;0;7;0;0;2;3;1;B01
201000045884;0;7;0;0;2;1;5;A01
201000045885;0;7;0;0;2;1;1;B01
201000045885;0;7;0;0;0;7;1;A01
201000045886;0;2;0;0;2;1;15;B01
201000045886;0;7;0;0;0;3;0;A01
201000045887;0;7;0;0;9;5;2;B01
201000045887;0;1;0;0;2;3;2;A01
201000045888;0;7;0;0;2;3;16;A01
201000045888;0;2;0;0;2;2;15;B01
201000045889;0;2;0;0;2;3;1;A01
201000045889;0;7;0;0;2;6;15;B01
201000045890;0;7;0;0;0;4;2;B01
201000045890;0;7;0;0;2;1;2;A01
201000045891;0;7;0;0;1;2;1;A01
201000045892;0;7;0;0;1;1;1;A01
201000045893;0;7;0;0;2;5;15;A01
201000045893;0;7;0;0;2;2;1;B01
201000045894;0;10;0;0;2;1;17;A01
201000045894;0;7;0;15;2;6;15;B01
201000045895;0;7;0;0;2;7;15;B01
201000045895;0;7;0;0;2;1;1;A01
201000045896;0;10;0;7;0;1;0;A01
201000045897;0;7;0;0;2;3;15;A01
201000045897;0;7;0;0;2;3;1;B01
201000045898;0;2;0;0;2;8;1;A01
201000045898;0;7;0;0;2;2;12;B01
201000045899;0;7;0;8;0;1;1;A01
201000045900;0;3;0;12;2;1;10;A01
201000045900;0;7;0;0;2;1;1;B01
201000045901;0;20;0;0;2;1;15;A01
201000045901;0;1;0;0;2;1;1;B01
201000045902;1;7;0;0;2;1;1;Z01
201000045902;0;1;0;0;2;4;1;A01
201000045903;0;7;0;0;2;1;1;A01
201000045903;0;7;0;0;2;3;1;B01
201000045904;0;7;0;4;0;1;1;A01
201000045905;0;7;0;0;2;1;1;A01
201000045905;0;7;0;0;2;1;1;B01
201000045906;0;1;0;0;1;1;1;A01
201000045907;0;7;0;0;2;1;1;A01
201000045907;0;7;0;8;2;6;1;B01
201000045908;0;7;0;0;1;1;15;A01
201000045909;0;7;0;0;2;5;15;B01
201000045909;0;7;0;0;2;3;1;A01
201000045910;0;10;0;0;1;2;1;A01
201000045911;0;30;0;16;0;0;1;A01
201000045912;0;30;0;12;0;1;1;A01
201000045913;0;7;0;0;1;2;1;A01
201000045914;0;31;0;0;2;7;1;B01
201000045914;0;7;0;0;2;1;1;A01
201000045915;0;7;0;0;1;2;1;A01
201000045916;0;7;0;0;2;1;1;A01
201000045916;0;7;0;0;2;4;15;B01
201000045917;0;7;0;0;2;3;1;B01
201000045917;0;7;0;0;2;1;1;A01
201000045918;0;33;0;0;1;1;1;A01
201000045919;0;7;0;0;2;2;1;B01
201000045919;0;10;0;0;2;1;15;A01
201000045920;0;7;0;0;1;2;15;A01
201000045921;0;37;20;0;2;4;2;C01
201000045921;0;7;0;0;2;1;2;A01
201000045921;0;7;0;0;2;4;2;B01
201000045922;0;7;0;0;2;1;13;A01
201000045922;0;7;0;0;2;3;1;B01
201000045923;0;10;0;0;2;4;2;B01
201000045923;0;7;0;0;2;1;1;A01
201000045924;0;10;0;4;0;9;1;A01
201000045925;0;30;0;0;2;1;1;B01
201000045925;0;7;0;0;2;3;9;A01
201000045926;0;7;0;0;2;4;2;B01
201000045926;0;7;0;0;2;1;2;A01
201000045927;0;30;0;0;2;1;13;A01
201000045927;0;7;0;0;2;3;1;B01
201000045928;0;7;0;0;2;4;2;B01
201000045928;0;10;0;0;2;1;2;A01
201000045929;0;7;0;0;2;8;15;B01
201000045929;0;30;0;0;2;1;17;A01
201000045930;0;7;0;0;2;2;15;A01
201000045930;0;30;0;0;2;1;1;B01
201000045931;0;30;0;0;2;1;1;B01
201000045931;1;7;0;0;2;1;15;Z01
201000045932;0;7;0;6;0;6;1;A01
201000045933;0;7;0;0;2;1;2;A01
201000045933;0;7;0;0;2;4;2;B01
201000045934;0;7;0;0;2;4;2;B01
201000045934;0;2;0;0;2;1;1;A01
201000045935;0;7;0;0;1;1;1;A01
201000045936;0;7;0;0;1;1;1;A01
201000045937;2;7;0;0;2;2;1;A01
201000045937;0;7;0;0;2;1;1;B01
201000045938;0;7;0;0;1;2;1;A01
201000045939;0;32;0;0;2;1;3;A01
201000045939;0;7;0;0;2;5;1;B01
201000045940;0;33;0;3;0;7;1;A01
201000045941;0;7;0;0;2;5;15;A01
201000045941;0;33;0;0;2;1;1;B01
201000045942;0;7;0;0;2;4;23;A01
201000045943;0;2;0;0;2;1;1;A01
201000045943;0;7;0;0;2;1;15;B01
201000045944;0;31;0;0;2;1;1;B01
201000045944;0;7;0;0;2;3;15;A01
201000045945;0;7;0;0;2;4;2;B01
201000045945;0;7;0;0;2;1;2;A01
201000045946;0;7;0;3;0;1;13;A01
201000045947;0;7;0;0;2;3;21;A01
201000045947;0;33;0;0;2;1;1;B01
201000045948;0;2;0;12;0;1;1;A01
201000045949;0;7;0;0;2;3;1;B01
201000045949;0;2;0;0;2;1;1;A01
201000045950;0;7;0;0;2;8;24;B01
201000045950;0;2;0;1;0;1;14;A01
201000045951;0;7;0;0;2;8;17;A01
201000045951;0;1;0;0;2;1;17;B01
201000045952;0;7;0;0;2;8;1;B01
201000045952;0;10;0;7;2;1;1;A01
201000045953;0;7;0;0;1;2;1;A01
201000045954;0;7;0;0;2;1;2;B01
201000045954;0;33;0;0;2;1;2;A01
201000045955;0;7;0;0;2;1;2;A01
201000045955;0;7;0;0;2;4;2;B01
201000045956;0;30;0;0;2;1;1;B01
201000045956;0;7;0;0;2;3;9;A01
201000045957;0;30;0;0;2;1;1;B01
201000045957;0;7;0;0;2;7;15;A01
201000045958;0;2;0;0;2;2;1;B01
201000045958;0;7;0;0;2;3;9;A01
201000045959;0;30;0;0;2;1;9;A01
201000045959;0;7;0;0;2;2;1;B01
201000045960;0;7;0;0;1;2;16;A01
201000045961;0;3;0;0;2;4;1;B01
201000045961;0;7;0;0;2;1;1;A01
201000045962;0;7;0;0;2;1;9;A01
201000045962;0;33;0;0;2;1;1;B01
201000045963;0;7;0;7;0;3;13;A01
201000045964;0;7;0;0;2;7;16;B01
201000045964;0;30;0;0;2;1;1;A01
201000045965;0;7;0;0;2;3;1;A01
201000045965;0;7;0;0;2;8;1;B01
201000045966;1;30;0;0;1;1;1;A01
201000045967;0;7;0;2;0;1;14;A01
201000045968;0;7;0;0;2;2;15;A01
201000045968;0;30;0;0;2;1;1;B01
201000045969;0;1;0;0;2;1;13;A01
201000045969;0;7;0;0;2;1;1;B01
201000045970;0;7;0;0;2;1;2;A01
201000045970;0;7;0;0;2;1;2;B01
201000045971;0;7;0;0;1;2;1;A01
201000045972;0;33;0;11;0;7;1;A01
201000045973;0;7;0;0;2;2;15;A01
201000045973;0;7;0;0;2;1;1;B01
201000045974;0;7;0;0;2;1;2;A01
201000045974;0;7;0;0;2;4;2;B01
201000045975;0;31;0;0;2;1;17;A01
201000045975;0;7;0;0;2;8;15;B01
201000045976;0;7;0;0;2;1;1;B01
201000045976;0;1;0;0;2;8;1;A01
201000045977;0;7;0;0;1;3;1;A01
201000045978;0;7;0;0;1;2;9;A01
201000045979;0;7;0;0;2;2;15;A01
201000045979;0;2;0;0;2;1;1;B01
201000045980;0;7;0;0;2;8;10;A01
201000045980;0;7;0;0;2;1;1;B01
201000045981;0;7;0;0;1;1;1;A01
201000045982;0;30;0;0;2;2;19;A01
201000045982;0;7;0;0;2;1;1;B01
201000045983;0;7;0;0;2;8;1;C01
201000045983;0;33;0;0;2;1;1;B01
201000045983;0;7;0;0;2;3;19;A01
201000045984;0;1;0;0;2;1;9;A01
201000045984;0;10;0;0;2;7;1;B01
201000045985;0;7;0;2;2;8;9;A01
201000045985;0;17;0;0;1;7;1;B01
201000045986;0;7;0;0;2;1;2;A01
201000045986;0;7;0;0;2;4;2;B01
201000045987;0;7;0;0;1;3;1;A01
201000045988;0;7;0;0;1;3;1;A01
201000045989;0;7;0;0;2;6;15;A01
201000045989;0;7;0;0;2;1;1;B01
201000045990;0;3;0;0;0;8;21;B01
201000045991;0;7;0;0;1;2;1;A01
201000045991;0;7;0;0;1;6;1;B01
201000045992;0;7;0;12;0;1;1;A01
201000045993;0;7;0;0;1;2;1;A01
201000045994;0;7;0;6;0;1;13;A01
201000045995;0;7;0;0;2;4;2;B01
201000045995;0;7;0;0;2;1;2;A01
201000045996;0;7;0;0;2;2;12;B01
201000045996;0;30;0;0;2;3;1;A01
201000045997;0;7;0;0;2;7;15;A01
201000045997;0;2;0;0;2;1;1;B01
201000045998;0;7;0;0;2;1;1;B01
201000045998;0;7;0;0;2;1;15;A01
201000045999;0;30;0;2;0;1;1;A01
201000046000;0;7;0;0;2;2;9;A01
201000046000;0;33;0;0;2;1;1;B01
201000046001;0;7;0;0;2;1;1;A01
201000046001;0;7;0;0;2;4;2;B01
201000046002;0;14;0;0;2;4;4;A01
201000046002;0;33;0;0;2;1;23;B01
201000046003;0;7;0;0;1;1;1;A01
201000046004;0;7;0;0;2;8;15;B01
201000046004;0;30;0;0;2;7;15;A01
201000046005;0;14;0;0;2;2;1;B01
201000046005;0;30;0;0;2;6;11;A01
201000046006;0;7;0;0;1;2;0;A01
201000046007;0;1;0;0;2;1;1;A01
201000046007;0;7;0;0;2;2;15;B01
201000046008;0;31;0;0;2;1;1;B01
201000046008;0;7;0;0;2;1;15;A01
201000046009;0;10;0;0;2;1;1;A01
201000046009;0;7;0;0;2;3;15;B01
201000046010;0;7;0;0;2;1;1;B01
201000046010;0;7;0;0;2;5;15;A01
201000046011;0;7;0;0;2;4;1;B01
201000046011;0;33;0;0;2;1;2;A01
201000046012;0;7;0;13;0;9;1;A01
201000046013;0;7;0;0;2;6;16;B01
201000046013;0;7;0;7;2;1;15;A01
201000046014;0;7;0;0;2;1;1;A01
201000046014;0;7;0;0;2;1;15;B01
201000046015;0;7;0;4;0;1;1;A01
201000046016;0;33;0;0;2;1;1;A01
201000046016;0;10;0;0;2;8;1;B01
201000046017;0;3;0;0;2;2;15;A01
201000046017;0;2;0;0;2;1;1;B01
201000046018;0;7;0;0;2;6;15;B01
201000046018;0;7;0;0;2;1;1;A01
201000046019;0;7;0;4;0;9;1;A01
201000046020;0;7;0;15;0;1;13;A01
201000046021;0;7;0;0;1;1;1;A01
201000046022;0;10;0;0;1;2;1;A01
201000046023;0;7;0;8;0;9;14;A01
201000046024;0;7;0;0;2;1;13;B01
201000046024;0;99;0;0;2;1;1;A01
201000046025;0;2;0;0;1;1;1;A01
201000046026;0;7;0;0;1;1;13;A01
201000046027;0;7;0;0;2;4;2;B01
201000046027;0;7;0;0;2;1;2;A01
201000046028;0;10;0;16;0;9;0;A01
201000046029;0;15;0;0;2;1;2;A01
201000046029;0;7;0;0;2;4;2;B01
201000046030;0;99;0;0;2;8;1;D01
201000046030;0;33;0;0;2;1;1;B01
201000046030;0;7;0;0;2;8;1;C01
201000046030;0;7;0;0;2;3;11;A01
201000046031;0;7;0;6;0;1;1;A01
201000046032;0;7;0;0;2;2;9;A01
201000046032;0;7;0;0;2;6;1;D01
201000046032;0;33;0;0;2;7;1;B01
201000046032;0;7;0;0;2;1;1;C01
201000046033;0;7;0;0;2;4;2;B01
201000046033;0;7;0;0;2;1;2;A01
201000046034;0;10;0;0;2;1;2;A01
201000046034;0;10;0;0;0;6;2;B01
201000046035;0;10;0;0;0;6;2;A01
201000046035;0;2;0;1;0;3;2;B01
201000046036;0;7;0;0;2;1;23;B01
201000046036;0;2;0;0;2;1;1;A01
201000046037;0;7;0;0;2;1;1;B01
201000046037;0;7;0;0;2;5;1;A01
201000046038;0;2;0;0;2;7;0;A01
201000046038;0;10;0;0;2;1;0;B01
201000046039;0;2;0;0;0;0;21;B01
201000046039;1;1;0;0;0;0;13;Z01
201000046040;0;2;0;0;2;7;1;B01
201000046040;0;10;0;0;2;8;14;A01
201000046041;0;1;0;0;2;4;1;B01
201000046041;0;7;0;0;2;1;9;A01
201000046042;0;7;0;0;2;5;1;B01
201000046042;0;7;0;0;2;3;11;A01
201000046043;0;10;0;1;0;2;1;A01
201000046044;0;7;0;0;2;1;1;B01
201000046044;0;7;0;0;2;1;9;A01
201000046045;0;7;0;16;0;9;1;A01
201000046046;0;1;0;0;2;1;5;A01
201000046046;0;10;0;0;2;3;15;B01
201000046047;0;7;0;0;2;1;2;A01
201000046047;0;7;0;0;2;4;2;B01
201000046048;0;7;0;0;2;1;1;A01
201000046048;0;7;0;6;2;1;1;B01
201000046049;0;7;0;0;2;7;1;C01
201000046049;0;7;0;0;2;6;1;B01
201000046049;0;33;0;0;2;1;3;A01
201000046050;1;7;0;0;1;2;14;A01
201000046051;0;7;0;0;2;1;15;A01
201000046051;0;7;0;0;2;1;1;B01
201000046052;0;10;0;1;0;2;1;A01
201000046053;0;7;0;0;2;1;15;A01
201000046053;0;7;0;15;2;3;1;B01
201000046054;0;10;0;0;2;1;2;A01
201000046054;0;7;0;0;2;4;2;B01
201000046055;0;7;0;0;2;8;15;B01
201000046055;0;31;0;0;2;1;1;A01
201000046056;0;7;0;12;0;1;1;A01
201000046057;0;7;0;0;2;4;2;B01
201000046057;0;7;0;0;2;1;2;A01
201000046058;0;10;0;0;1;3;1;A01
201000046059;0;33;0;0;2;1;1;A01
201000046059;0;7;0;0;2;2;13;B01
201000046060;0;7;0;0;2;1;15;A01
201000046060;0;2;0;0;2;1;1;B01
201000046061;0;7;0;0;2;5;1;C01
201000046061;0;33;0;0;2;1;1;A01
201000046061;0;7;0;3;2;9;17;B01
201000046062;0;7;0;13;0;9;14;A01
201000046063;0;1;0;0;2;1;1;A01
201000046063;0;7;0;0;2;2;9;B01
201000046064;0;7;0;6;0;1;1;A01
201000046065;0;7;0;0;1;1;1;A01
201000046066;0;7;0;0;2;1;1;B01
201000046066;0;7;0;0;2;2;15;A01
201000046067;0;10;0;0;2;3;15;A01
201000046067;0;7;0;0;2;1;1;B01
201000046068;0;7;0;0;2;4;2;B01
201000046068;0;7;0;0;2;1;2;A01
201000046069;0;7;0;0;2;1;2;A01
201000046069;0;7;0;0;2;1;2;B01
201000046070;0;7;0;0;2;1;1;B01
201000046070;0;7;0;0;2;3;15;A01
201000046071;0;7;0;0;2;1;2;A01
201000046071;0;7;0;0;2;4;2;B01
201000046072;0;30;0;16;0;8;2;A01
201000046073;0;30;0;16;0;5;2;A01
201000046074;0;7;0;2;0;1;1;A01
201000046075;0;7;0;0;1;1;2;A01
201000046076;0;7;0;0;2;3;23;B01
201000046076;0;7;0;0;2;3;15;A01
201000046077;0;1;0;16;0;1;2;A01
201000046078;0;1;0;16;0;1;2;A01
201000046079;0;7;0;0;1;1;1;A01
201000046080;0;7;0;16;0;1;2;A01
201000046081;0;30;0;16;0;6;2;A01
201000046082;0;7;0;0;2;3;2;A01
201000046082;0;30;0;0;2;1;2;B01
201000046083;0;7;0;0;2;8;1;A01
201000046083;0;7;0;0;2;8;1;B01
201000046084;0;1;0;0;2;1;19;A01
201000046084;0;7;0;0;2;2;15;B01
201000046085;0;7;0;0;2;1;1;B01
201000046085;0;7;0;0;2;1;5;A01
201000046086;0;30;0;0;0;0;21;A01
201000046087;0;33;0;0;0;8;1;A01
201000046088;0;7;0;9;0;3;2;A01
201000046089;0;1;0;16;0;7;2;A01
201000046090;0;31;0;0;2;3;1;B01
201000046090;0;7;0;0;2;2;15;A01
201000046091;0;7;0;0;2;5;1;B01
201000046091;0;7;0;0;2;1;19;A01
201000046092;0;30;0;12;0;0;1;A01
201000046093;0;7;0;0;2;8;2;B01
201000046093;0;7;0;0;2;1;13;A01
201000046093;0;7;0;0;2;1;2;C01
201000046094;0;7;0;2;0;9;1;A01
201000046095;0;7;0;0;2;1;2;B01
201000046095;0;7;0;0;2;1;2;A01
201000046096;0;7;0;0;2;1;2;A01
201000046096;0;30;0;0;2;8;2;B01
201000046097;0;7;0;0;2;1;2;A01
201000046097;0;7;0;0;0;1;2;B01
201000046098;0;7;0;12;0;1;0;A01
201000046099;0;7;0;0;2;1;11;A01
201000046099;0;7;0;0;2;4;1;B01
201000046100;0;10;0;0;2;3;2;A01
201000046100;0;7;0;0;2;7;2;B01
201000046101;0;7;0;6;0;1;1;A01
201000046102;0;7;0;0;2;1;2;A01
201000046102;0;7;0;0;2;6;2;B01
201000046103;0;7;0;0;1;1;2;A01