num_acc;senc;catv;occutc;obs;obsm;choc;manv;num_veh
201000046486;0;7;0;1;2;2;1;B01
201000046486;0;7;0;0;2;2;20;A01
201000046487;0;33;0;16;0;8;1;A01
201000046488;0;7;0;0;0;9;1;A01
201000046489;0;7;0;1;0;1;2;A01
201000046490;0;7;0;0;2;1;2;A01
201000046490;0;7;0;0;2;4;1;B01
201000046491;0;7;0;0;2;4;2;B01
201000046491;0;7;0;0;2;1;2;A01
201000046492;0;2;0;0;2;8;2;B01
201000046492;0;7;0;0;2;7;16;A01
201000046493;0;7;0;6;0;1;2;A01
201000046494;0;7;0;16;0;1;2;A01
201000046495;0;7;0;0;2;4;1;B01
201000046495;0;10;0;13;2;1;0;A01
201000046496;0;7;0;1;1;1;2;A01
201000046497;0;2;0;0;2;1;1;B01
201000046497;0;7;0;0;2;5;15;A01
201000046498;0;7;0;0;1;1;1;A01
201000046499;0;7;0;0;2;1;1;A01
201000046499;0;7;0;0;2;4;23;B01
201000046500;0;7;0;0;1;1;2;A01
201000046501;0;7;0;9;0;1;2;A01
201000046502;0;30;0;0;0;0;1;A01
201000046503;0;33;0;16;0;1;2;A01
201000046504;0;7;0;0;1;1;1;A01
201000046505;0;7;0;0;2;1;2;B01
201000046505;0;7;0;0;2;8;2;A01
201000046506;0;7;0;0;2;3;9;A01
201000046506;0;7;0;0;2;2;0;B01
201000046507;0;37;10;0;1;7;0;A01
201000046508;0;7;0;0;1;1;2;A01
201000046509;0;33;0;16;0;8;2;A01
201000046510;0;7;0;0;2;1;2;B01
201000046510;0;7;0;0;2;2;15;A01
201000046510;0;10;0;0;2;1;2;C01
201000046511;0;7;0;0;2;6;2;B01
201000046511;0;7;0;0;2;1;15;A01
201000046512;0;2;0;0;2;1;2;B01
201000046512;0;7;0;0;2;1;15;A01
201000046513;0;7;0;0;2;1;2;A01
201000046513;0;7;0;0;2;4;2;B01
201000046514;0;30;0;16;0;8;2;A01
201000046515;0;7;0;0;2;4;2;C01
201000046515;0;7;0;0;2;4;2;B01
201000046515;0;7;0;0;2;1;2;A01
201000046516;0;7;0;0;1;7;2;Z01
201000046517;0;7;0;1;0;0;2;A01
201000046518;0;14;0;0;2;3;1;B01
201000046518;0;10;0;0;2;3;0;A01
201000046519;0;7;0;0;2;4;23;B01
201000046519;0;7;0;0;2;4;23;D01
201000046519;0;7;0;0;2;4;23;E01
201000046519;0;7;0;0;2;1;2;A01
201000046519;0;7;0;0;2;4;23;C01
201000046520;0;7;0;0;2;1;2;A01
201000046520;0;7;0;0;2;6;1;B01
201000046521;0;7;0;0;2;1;2;A01
201000046521;0;7;0;0;2;4;1;B01
201000046521;0;7;0;0;2;6;23;C01
201000046522;0;7;0;8;0;1;1;A01
201000046523;0;7;0;13;0;1;1;A01
201000046524;0;33;0;0;2;7;1;B01
201000046524;0;7;0;0;2;7;19;A01
201000046525;0;33;0;0;0;7;1;A01
201000046526;0;30;0;0;0;0;1;A01
201000046527;0;7;0;0;2;1;1;B01
201000046527;0;7;0;0;2;6;19;A01
201000046528;0;7;0;0;2;2;1;B01
201000046528;0;2;0;0;2;3;13;A01
201000046529;0;7;0;0;2;5;15;B01
201000046529;0;10;0;0;2;1;9;A01
201000046530;0;7;0;0;2;2;1;B01
201000046530;0;7;0;6;2;1;17;A01
201000046531;0;7;0;13;0;3;1;A01
201000046532;0;10;0;0;2;7;1;B01
201000046532;0;7;0;0;2;1;1;A01
201000046533;0;10;0;0;1;3;15;A01
201000046534;0;7;0;0;2;3;1;B01
201000046534;0;7;0;0;2;1;5;A01
201000046535;0;7;0;0;1;5;16;A01
201000046536;0;30;0;0;0;0;1;A01
201000046537;0;7;0;16;0;9;1;A01
201000046538;0;7;0;0;1;8;21;A01
201000046539;0;7;0;0;1;6;4;A01
201000046540;0;30;0;0;2;1;1;A01
201000046540;0;7;0;0;2;3;1;B01
201000046541;0;7;0;0;2;3;15;A01
201000046541;0;1;0;0;2;1;1;B01
201000046542;0;7;0;12;0;5;16;B01
201000046542;0;7;0;0;2;2;2;A01
201000046543;0;7;0;0;2;3;15;A01
201000046543;0;33;0;0;2;1;1;B01
201000046544;0;7;0;0;1;2;15;A01
201000046545;0;31;0;0;0;0;0;A01
201000046545;0;7;0;0;2;3;1;B01
201000046546;1;10;0;0;9;7;17;Z01
201000046546;0;1;0;0;0;0;2;B01
201000046547;0;7;0;0;2;5;15;A01
201000046547;0;2;0;0;2;1;1;B01
201000046548;0;7;0;0;1;2;1;A01
201000046549;0;1;0;0;2;0;0;B01
201000046549;0;10;0;0;2;5;1;A01
201000046550;0;7;0;8;2;1;1;B01
201000046550;0;7;0;7;2;1;5;A01
201000046551;0;30;0;11;0;1;1;A01
201000046552;0;33;0;0;2;1;1;B01
201000046552;0;7;0;0;2;7;15;A01
201000046553;0;7;0;0;2;1;13;A01
201000046553;0;7;0;0;2;3;1;B01
201000046554;0;7;0;0;2;1;2;A01
201000046554;0;13;0;0;0;6;1;B01
201000046555;0;7;0;0;2;6;2;B01
201000046555;0;33;0;0;2;1;2;A01
201000046556;0;7;0;0;2;5;15;A01
201000046556;0;33;0;0;2;1;1;B01
201000046557;0;37;3;0;9;0;1;A01
201000046558;0;7;0;0;2;4;2;B01
201000046558;0;7;0;0;2;1;1;A01
201000046559;0;7;0;0;2;1;1;B01
201000046559;0;7;0;0;2;1;5;A01
201000046560;0;7;0;0;2;3;1;B01
201000046560;1;7;0;0;2;1;13;A01
201000046561;0;7;0;6;0;1;14;A01
201000046562;0;7;0;8;2;5;15;A01
201000046562;0;7;0;14;2;1;1;B01
201000046563;0;7;0;0;1;2;11;A01
201000046564;0;14;0;0;2;5;23;B01
201000046564;0;7;0;0;2;3;18;A01
201000046565;0;7;0;0;2;6;2;B01
201000046565;0;33;0;0;2;1;2;A01
201000046566;0;32;0;0;2;1;2;B01
201000046566;0;7;0;0;2;7;1;A02
201000046567;0;7;0;0;1;1;1;A01
201000046568;0;7;0;0;1;2;1;A01
201000046569;0;7;0;0;1;1;2;A01
201000046570;0;7;0;6;0;1;1;A01
201000046571;0;7;0;0;2;2;1;B01
201000046571;0;7;0;0;2;1;15;A02
201000046572;0;7;0;0;1;0;1;A01
201000046573;0;7;0;0;2;2;9;A01
201000046573;0;7;0;0;2;2;1;B01
201000046574;0;2;0;0;2;1;15;B01
201000046574;0;38;1;0;2;1;1;A01
201000046575;0;7;0;0;1;1;1;A01
201000046576;0;7;0;0;1;3;1;A01
201000046577;0;7;0;0;1;2;1;A01
201000046578;0;7;0;0;1;3;15;A01
201000046579;0;7;0;15;0;1;1;A01
201000046580;0;33;0;8;0;0;1;A01
201000046581;0;7;0;0;2;8;15;A01
201000046581;0;33;0;0;2;1;1;B01
201000046582;0;2;0;0;2;1;15;A01
201000046582;0;7;0;0;2;3;1;B01
201000046583;0;31;0;3;0;1;1;A01
201000046584;0;30;0;15;0;9;14;A01
201000046585;0;7;0;1;0;1;9;A01
201000046586;0;7;0;0;2;2;13;A01
201000046586;0;7;0;0;2;7;1;B01
201000046587;0;3;0;0;1;3;1;A01
201000046588;1;7;0;0;0;0;0;A01
201000046589;0;7;0;8;0;7;1;A01
201000046590;0;7;0;0;2;2;1;B01
201000046590;1;7;0;0;2;1;1;A01
201000046591;0;7;0;0;2;1;1;B01
201000046591;0;7;0;1;2;7;1;A01
201000046592;0;7;0;4;0;3;1;A01
201000046593;0;7;0;0;2;3;15;A01
201000046593;0;7;0;0;2;1;1;B01
201000046594;0;7;0;0;1;2;1;A01
201000046595;1;7;0;0;2;1;1;A01
201000046595;0;7;0;0;2;2;15;B01
201000046596;0;2;0;1;2;1;1;A01
201000046596;0;7;0;0;2;3;13;B01
201000046597;0;7;0;0;2;2;1;B01
201000046597;0;33;0;0;2;1;12;A01
201000046598;0;7;0;1;0;1;1;A01
201000046599;0;31;0;0;2;1;1;A01
201000046599;0;7;0;0;2;4;15;B01
201000046600;0;2;0;0;0;7;15;A01
201000046601;0;1;0;0;2;2;19;A01
201000046601;0;7;0;0;2;2;1;B01
201000046602;0;2;0;0;2;1;1;A01
201000046602;0;7;0;0;2;3;1;B01
201000046603;0;2;0;0;2;1;1;A01
201000046603;0;7;0;0;2;1;1;B01
201000046604;0;7;0;0;1;1;1;A01
201000046605;0;30;0;0;2;3;15;A01
201000046605;0;7;0;0;2;1;1;B01
201000046606;0;7;0;2;0;2;1;A01
201000046607;0;7;0;1;2;1;19;A02
201000046607;0;7;0;1;2;8;1;B01
201000046608;0;7;0;0;1;1;1;A01
201000046609;0;1;0;0;2;8;1;B01
201000046609;0;7;0;0;1;3;15;A01
201000046610;0;7;0;0;0;0;15;A01
201000046610;0;7;0;0;2;1;21;B01
201000046610;0;7;0;0;2;1;1;C01
201000046611;0;7;0;6;0;1;13;A01
201000046612;0;7;0;1;0;2;1;A01
201000046613;0;2;0;0;2;1;17;B01
201000046613;0;7;0;0;2;1;15;A01
201000046614;0;7;0;0;2;4;23;B01
201000046614;0;7;0;0;2;1;1;A01
201000046615;0;2;0;1;0;1;14;A01
201000046616;0;7;0;0;1;2;1;A01
201000046617;1;7;0;0;2;1;1;A01
201000046617;0;7;0;0;2;4;23;B01
201000046618;0;30;0;0;1;1;1;A01
201000046619;0;38;30;7;4;7;23;A01
201000046619;0;39;100;0;2;1;1;B02
201000046620;0;7;0;0;2;3;1;B01
201000046620;0;7;0;0;2;1;1;A01
201000046621;0;2;0;0;2;1;1;B01
201000046621;0;7;0;0;2;3;1;A01
201000046622;0;33;0;0;2;3;1;B01
201000046622;0;7;0;0;2;7;15;A01
201000046623;0;7;0;0;2;5;13;A01
201000046623;0;7;0;0;2;1;1;B01
201000046624;0;33;0;;1;1;1;A01
201000046625;0;7;0;0;1;4;4;A01
201000046626;0;7;0;0;1;1;1;A01
201000046627;0;7;0;0;2;2;17;B01
201000046627;0;2;0;0;2;8;13;A01
201000046628;0;33;0;0;2;1;1;B01
201000046628;0;7;0;0;2;2;20;A01
201000046629;0;7;0;0;2;7;1;B01
201000046629;0;7;0;0;2;1;1;A01
201000046630;0;2;0;0;2;2;1;B01
201000046630;0;7;0;0;2;1;9;A01
201000046631;0;7;0;0;2;4;23;B01
201000046631;0;7;0;0;2;1;1;A01
201000046632;0;7;0;0;2;4;23;C01
201000046632;0;7;0;0;2;1;11;A01
201000046632;0;7;0;0;2;6;23;B01
201000046632;0;7;0;0;2;1;21;D01
201000046633;0;14;0;0;1;5;16;A01
201000046634;0;1;0;0;2;8;1;B01
201000046634;0;7;0;0;2;7;17;A01
201000046635;0;7;0;0;1;3;1;A01
201000046636;0;2;0;0;2;1;1;A01
201000046636;1;7;0;0;2;3;1;B01
201000046637;0;7;0;0;2;1;1;A01
201000046637;0;7;0;0;2;3;1;B01
201000046638;0;7;0;0;2;1;13;A01
201000046638;0;7;0;0;2;1;21;B01
201000046639;0;7;0;0;1;7;15;A01
201000046640;0;33;0;0;0;1;1;A01
201000046640;0;7;0;0;1;3;21;B01
201000046641;0;7;0;0;0;1;13;A01
201000046642;0;7;0;0;2;1;1;B01
201000046642;0;7;0;0;2;1;13;A01
201000046643;0;7;0;0;1;1;20;A01
201000046644;0;1;0;0;2;6;2;B01
201000046644;0;7;0;0;2;2;1;A01
201000046645;0;7;0;16;0;1;21;A01
201000046646;0;7;0;0;9;6;19;A01
201000046646;0;2;0;0;2;1;2;B01
201000046647;0;7;0;0;1;1;1;A01
201000046648;0;7;0;0;1;1;23;A01
201000046648;0;7;0;0;2;1;2;B01
201000046649;0;30;0;0;1;1;1;A01
201000046650;0;30;0;0;2;1;16;A01
201000046650;0;7;0;0;2;7;16;B01
201000046651;0;7;0;0;2;0;1;B01
201000046651;0;7;0;0;2;1;1;C01
201000046651;0;7;0;0;2;0;9;A01
201000046652;0;7;0;0;1;5;4;A01
201000046653;0;7;0;0;1;1;1;A01
201000046654;0;30;0;0;1;1;1;A01
201000046655;0;33;0;0;2;7;1;B01
201000046655;0;7;0;0;2;3;15;A01
201000046656;0;7;0;0;2;3;1;B01
201000046656;0;7;0;0;2;1;1;A01
201000046657;0;7;0;0;9;3;1;B01
201000046657;0;2;0;0;2;1;1;A01
201000046658;0;7;0;0;2;8;1;B01
201000046658;0;7;0;0;2;1;1;A01
201000046659;0;1;0;0;2;4;0;B01
201000046659;0;7;0;0;2;1;1;A01
201000046660;0;7;0;0;1;1;1;A01
201000046661;0;30;0;0;2;1;1;B01
201000046661;0;7;0;0;2;7;1;A01
201000046662;0;7;0;0;0;1;13;A01
201000046662;0;7;0;0;2;2;1;C01
201000046662;0;10;0;0;2;3;1;B01
201000046663;0;7;0;0;1;3;1;A01
201000046664;0;33;0;0;2;3;1;B01
201000046664;0;7;0;0;2;6;9;A01
201000046665;0;7;0;0;1;1;1;A01
201000046666;0;7;0;0;1;1;1;A01
201000046667;0;7;0;0;1;2;1;A01
201000046668;0;7;0;0;1;2;1;A01
201000046669;0;37;1;0;2;1;2;B01
201000046669;0;7;0;0;2;5;12;A01
201000046670;0;7;0;0;2;2;15;A01
201000046670;0;30;0;0;2;1;1;B01
201000046671;0;7;0;0;2;1;1;C01
201000046671;0;7;0;0;2;4;23;B01
201000046671;0;10;0;0;2;1;1;A01
201000046672;0;30;0;0;2;1;0;B01
201000046672;0;7;0;0;2;3;9;A01
201000046673;0;7;0;0;1;4;4;A01
201000046674;0;7;0;12;0;1;1;A01
201000046675;0;10;0;0;2;1;2;B01
201000046675;0;7;0;0;2;1;13;A01
201000046676;0;7;0;13;0;1;14;A01
201000046677;0;7;0;6;0;1;14;A01
201000046678;0;7;0;0;2;3;5;A01
201000046678;1;7;0;0;2;0;5;B01
201000046679;0;7;0;0;2;4;0;C01
201000046679;0;7;0;0;2;1;0;A01
201000046679;0;7;0;0;2;4;2;B01
201000046680;0;7;0;0;2;4;1;B01
201000046680;0;10;0;0;2;1;2;A01
201000046681;0;7;0;0;1;3;15;A01
201000046682;0;1;0;0;2;1;1;A01
201000046682;0;7;0;0;9;7;1;B01
201000046683;0;10;0;0;2;1;2;A01
201000046683;0;7;0;0;2;4;2;B01
201000046684;0;7;0;0;2;1;2;A01
201000046684;0;7;0;0;0;4;2;B01
201000046685;2;7;0;14;0;1;0;A01
201000046686;0;7;0;0;1;2;1;A01
201000046687;0;7;0;0;1;1;0;A01
201000046688;0;7;0;0;2;3;1;B01
201000046688;0;7;0;0;2;3;1;A01
201000046689;0;30;0;0;0;3;1;A01
201000046690;0;7;0;0;0;7;0;B01
201000046690;0;33;0;0;2;1;0;A01
201000046691;0;7;0;0;2;1;0;A01
201000046691;0;30;0;0;2;0;5;B01
201000046692;0;30;0;16;0;1;1;A01
201000046693;0;13;0;0;9;7;2;A01
201000046693;0;1;0;0;0;7;2;B01
201000046694;0;2;0;0;2;1;17;B01
201000046694;0;7;0;0;2;8;15;A01
201000046695;0;7;0;5;0;1;14;A01
201000046696;0;7;0;1;0;1;2;A01
201000046696;0;7;0;1;2;4;24;B01
201000046696;0;7;0;0;2;4;24;C01
201000046697;0;7;0;0;2;1;1;A01
201000046697;0;7;0;0;2;4;1;B01
201000046697;0;7;0;0;2;4;1;C01
201000046698;0;7;0;0;0;5;15;B01
201000046698;0;7;0;0;2;1;1;A01
201000046699;0;7;0;0;0;2;1;A01
201000046699;0;2;0;0;2;1;1;B01
201000046700;0;7;0;0;2;6;0;B01
201000046700;0;7;0;0;2;2;21;A01
201000046701;0;7;0;0;2;5;12;B01
201000046701;0;7;0;0;2;1;1;A01
201000046702;0;7;0;0;2;1;0;B01
201000046702;0;7;0;15;2;9;0;A01
201000046703;0;7;0;0;1;0;0;A01
201000046704;1;10;0;8;2;3;0;A01
201000046704;0;7;0;0;2;3;1;B01
201000046705;2;7;0;0;2;1;1;A01
201000046705;0;7;0;0;2;1;1;B01
201000046706;0;7;0;0;2;1;1;B01
201000046706;0;7;0;0;2;3;15;A01
201000046707;0;33;0;0;2;7;1;B01
201000046707;0;7;0;0;2;2;9;A01
201000046708;0;7;0;0;2;2;16;A01
201000046708;0;1;0;0;2;1;1;B01
201000046709;0;33;0;0;5;8;21;A01
201000046710;0;2;0;0;1;1;0;A01
201000046711;0;31;0;0;2;0;0;A01
201000046711;1;7;0;0;2;1;1;Z01
201000046712;0;99;0;2;0;9;0;A01
201000046713;0;1;0;1;0;0;0;A01
201000046714;0;7;0;6;0;1;1;A01
201000046715;0;7;0;0;2;1;1;B01
201000046715;0;7;0;0;2;2;15;A01
201000046716;0;37;1;0;2;7;9;A01
201000046716;1;7;0;0;2;0;0;B01
201000046717;0;10;0;8;0;1;0;A01
201000046718;0;33;0;0;2;2;17;A01
201000046718;0;7;0;0;2;8;15;B01
201000046719;0;7;0;0;1;2;0;A01
201000046720;0;30;0;12;0;1;1;A01
201000046721;0;7;0;0;0;2;0;A01
201000046721;0;1;0;0;2;1;0;B01
201000046722;0;7;0;0;0;4;2;C01
201000046722;0;7;0;0;2;1;2;A01
201000046722;0;7;0;0;2;0;2;B01
201000046723;0;2;0;12;0;2;1;A01
201000046724;0;33;0;11;0;3;0;A01
201000046725;0;33;0;0;9;1;0;A01
201000046726;0;1;0;0;2;2;0;B01
201000046726;0;7;0;0;2;1;0;A01
201000046727;0;1;0;0;2;0;2;B01
201000046727;1;7;0;0;2;0;2;Z01
201000046728;0;10;0;0;2;2;15;A01
201000046728;0;30;0;0;2;1;1;B01
201000046729;0;7;0;0;2;2;1;A01
201000046729;0;7;0;0;2;6;1;B01
201000046730;0;1;0;0;2;4;2;B01
201000046730;0;7;0;0;2;0;2;A01
201000046731;0;7;0;0;1;2;2;A01
201000046732;0;7;0;0;2;1;2;A01
201000046732;0;7;0;0;0;4;0;B01
201000046733;0;1;0;0;0;1;1;A01
201000046734;0;7;0;0;1;3;1;A01
201000046735;0;7;0;0;2;1;13;A01
201000046735;0;7;0;0;2;1;1;B01
201000046736;0;7;0;0;2;8;1;B01
201000046736;0;7;0;0;2;1;9;A01
201000046737;0;30;0;0;0;7;1;A01
201000046738;0;2;0;0;2;1;0;A01
201000046738;0;7;0;0;2;3;0;B01
201000046739;0;2;0;0;2;0;0;B01
201000046739;0;7;0;0;2;0;4;A01
201000046740;0;7;0;0;2;2;1;B01
201000046740;0;7;0;0;0;6;19;A01
201000046741;0;7;0;0;2;4;23;B01
201000046741;0;7;0;0;2;1;2;A01
201000046742;0;7;0;0;1;1;0;A01
201000046743;0;30;0;0;1;1;1;A01
201000046744;0;7;0;0;1;2;2;A01
201000046744;0;7;0;0;0;0;0;B01
201000046745;0;7;0;0;1;4;4;A01
201000046746;0;7;0;0;2;4;1;B01
201000046746;0;7;0;14;0;1;1;A01
201000046747;0;7;0;0;2;8;0;A01
201000046747;0;2;0;0;2;1;0;B01
201000046748;0;2;0;0;2;2;1;B01
201000046748;0;7;0;0;2;3;20;A01
201000046749;0;1;0;1;0;1;1;A01
201000046750;0;7;0;0;2;1;21;A01
201000046750;0;7;0;0;2;8;23;B01
201000046751;0;7;0;0;2;3;1;A01
201000046751;0;7;0;0;2;3;1;B01
201000046752;0;7;0;0;2;3;15;A01
201000046752;0;33;0;0;2;2;16;B01
201000046753;0;7;0;0;1;1;1;A01
201000046754;0;7;0;0;2;1;0;A01
201000046754;0;13;0;0;2;3;1;B01
201000046755;0;7;0;15;0;7;2;B01
201000046755;0;7;0;0;0;1;2;A01
201000046756;0;7;0;0;2;4;2;B01
201000046756;0;33;0;0;2;1;9;A01
201000046757;0;7;0;0;2;2;2;A01
201000046757;0;7;0;0;2;3;2;B01
201000046758;0;30;0;0;0;1;0;A01
201000046759;0;33;0;7;0;0;1;A01
201000046760;0;33;0;0;0;0;1;A01
201000046761;0;7;0;0;1;1;15;A01
201000046762;0;7;0;0;2;8;0;B01
201000046762;0;7;0;0;2;2;0;A01
201000046763;0;7;0;0;2;1;2;A01
201000046763;0;7;0;0;0;4;2;B01
201000046764;0;2;0;0;0;8;1;A01
201000046765;0;2;0;14;0;1;1;A01
201000046766;0;2;0;0;2;1;17;A01
201000046766;0;7;0;0;2;3;15;B01
201000046767;0;1;0;0;2;1;1;B01
201000046767;0;1;0;0;2;1;11;A01
201000046768;1;7;0;0;2;8;9;Z01
201000046768;0;33;0;0;2;0;1;B01
201000046769;0;7;0;1;1;1;2;A01
201000046770;0;7;0;0;2;4;11;B01
201000046770;0;7;0;0;2;1;2;A01
201000046771;0;7;0;0;2;2;15;A01
201000046771;0;7;0;0;2;1;1;B01
201000046772;0;7;0;0;2;1;2;A01
201000046772;0;7;0;0;0;4;2;B01
201000046773;0;7;0;0;2;4;2;C01
201000046773;0;7;0;0;2;4;1;B01
201000046773;0;7;0;0;2;1;1;A01
201000046774;0;7;0;0;2;3;1;B01
201000046774;0;2;0;0;2;1;13;A01
201000046775;0;7;0;0;2;0;0;B01
201000046775;0;7;0;0;2;0;0;A01
201000046776;0;33;0;0;2;1;17;A01
201000046776;0;7;0;0;0;3;15;B01
201000046777;0;7;0;0;2;3;1;B01
201000046777;0;7;0;0;2;3;1;A01
201000046778;0;7;0;0;1;1;15;A01
201000046779;0;7;0;0;1;1;16;A01
201000046780;0;7;0;0;1;1;0;A01
201000046781;0;7;0;0;2;1;2;A01
201000046781;0;7;0;0;0;4;23;C01
201000046781;0;7;0;0;2;4;23;B01
201000046782;0;2;0;16;0;8;1;A01
201000046783;0;7;0;0;1;1;1;A01
201000046784;2;30;0;0;1;7;1;Z01
201000046785;0;1;0;0;0;1;1;A01
201000046786;2;7;0;0;2;1;15;A01
201000046786;0;7;0;0;2;1;1;B01
201000046787;0;7;0;0;2;5;15;A01
201000046787;0;1;0;0;2;1;1;B01
201000046788;0;33;0;0;2;1;2;A01
201000046788;0;7;0;0;0;4;15;B01
201000046789;0;7;0;0;2;1;2;A01
201000046789;0;7;0;0;2;4;1;B01
201000046790;0;7;0;0;0;4;1;B01
201000046790;0;2;0;0;2;1;2;A01
201000046791;0;7;0;0;2;7;1;A01
201000046791;0;7;0;0;2;3;9;B01
201000046792;1;7;0;0;1;1;1;A01
201000046793;0;2;0;12;0;8;1;A01
201000046794;0;99;0;0;2;6;5;A01
201000046794;0;7;0;0;2;3;15;B01
201000046794;0;7;0;0;2;6;1;C01
201000046795;0;7;0;0;2;1;15;A01
201000046795;0;7;0;0;2;1;23;B01
201000046796;0;7;0;0;0;2;15;B01
201000046796;0;30;0;0;0;1;2;A01
201000046797;0;7;0;0;2;4;23;C01
201000046797;0;7;0;0;2;1;2;A01
201000046797;0;7;0;0;2;4;0;B01
201000046798;0;7;0;0;2;1;2;A01
201000046798;0;7;0;0;2;4;2;B01
201000046798;0;7;0;0;0;4;2;C01
201000046799;0;7;0;0;0;1;0;A01
201000046800;0;1;0;0;0;0;0;A01
201000046800;0;7;0;0;0;8;0;B01
201000046801;0;7;0;0;2;7;12;A01
201000046801;0;2;0;0;2;8;12;B01
201000046802;0;7;0;0;0;2;12;A01
201000046802;0;7;0;0;0;6;1;B01
201000046803;0;7;0;2;0;1;1;A01
201000046804;0;7;0;0;2;3;15;A01
201000046804;0;7;0;0;2;1;1;B01
201000046805;0;7;0;0;0;2;15;A01
201000046805;0;7;0;0;0;0;1;B01
201000046806;0;2;0;0;2;2;0;A01
201000046806;1;7;0;0;2;1;1;Z01
201000046807;0;33;0;0;2;1;2;A01
201000046807;0;7;0;0;2;3;15;B01
201000046808;0;2;0;0;2;1;1;B01
201000046808;0;7;0;0;2;3;15;A01
201000046809;0;7;0;0;0;6;2;B01
201000046809;0;30;0;0;2;1;1;A01
201000046810;0;7;0;0;1;4;4;A01
201000046811;0;30;0;0;0;1;0;B01
201000046811;0;3;0;0;0;3;2;A01
201000046812;0;7;0;1;0;2;2;A01
201000046813;0;7;0;0;2;7;1;A01
201000046813;0;37;2;0;2;1;1;B01
201000046814;0;7;0;2;0;8;0;A01
201000046815;0;7;0;0;2;6;0;A01
201000046815;0;7;0;0;0;2;0;B01
201000046816;0;7;0;0;2;0;0;B01
201000046816;0;7;0;0;0;4;0;D01
201000046816;0;7;0;8;2;1;0;A01
201000046816;0;7;0;0;2;0;0;C01
201000046817;0;7;0;0;0;6;20;B01
201000046817;0;2;0;0;2;1;1;A01
201000046818;0;7;0;1;0;1;13;A01
201000046819;0;7;0;0;1;1;1;A01
201000046820;0;7;0;0;1;1;1;A01
201000046821;0;15;0;0;2;1;0;A01
201000046821;0;7;0;0;0;8;1;B01
201000046822;0;7;0;0;0;4;2;B01
201000046822;0;2;0;0;2;7;2;A01
201000046823;0;1;0;0;2;3;0;A01
201000046823;0;7;0;0;2;3;1;B01
201000046824;0;7;0;12;0;1;14;A01
201000046825;0;7;0;0;2;8;1;B01
201000046825;0;7;0;0;2;1;0;A01
201000046826;0;2;0;0;2;2;15;A01
201000046826;0;10;0;0;2;3;1;B01
201000046827;0;7;0;8;0;1;1;A01
201000046828;0;7;0;0;1;7;1;A01
201000046829;0;7;0;0;2;8;0;A01
201000046829;0;2;0;0;2;1;0;B01
201000046830;0;37;1;0;1;3;1;A01
201000046831;0;7;0;0;1;2;16;A01
201000046832;0;7;0;2;0;8;0;A01
201000046833;0;7;0;0;1;3;0;A01
201000046834;0;7;0;0;1;1;2;A01
201000046835;0;7;0;0;2;1;2;A01
201000046835;0;7;0;0;2;4;2;B01
201000046836;0;7;0;0;2;3;9;A01
201000046836;0;7;0;0;2;1;1;B01
201000046837;0;7;0;12;0;1;0;A01
201000046838;0;7;0;1;0;1;14;A01
201000046839;0;10;0;0;1;4;4;A01
201000046840;0;33;0;0;2;1;1;B01
201000046840;0;7;0;0;2;2;15;A01
201000046841;0;7;0;6;0;1;0;A01
201000046842;0;2;0;0;0;0;1;A01
201000046843;0;7;0;0;0;2;1;B01
201000046843;0;7;0;0;2;8;11;A01
201000046844;0;7;0;0;0;1;1;B01
201000046844;0;7;0;0;2;2;15;A01
201000046845;0;7;0;0;1;1;1;A01
201000046846;0;7;0;0;2;1;1;B01
201000046846;0;7;0;0;2;1;15;A01
201000046847;0;7;0;0;2;0;2;B01
201000046847;0;7;0;0;2;3;0;C01
201000046847;0;7;0;0;2;1;2;A01
201000046848;0;7;0;0;0;4;2;C01
201000046848;0;7;0;14;2;9;2;B01
201000046848;2;7;0;14;2;1;2;A01
201000046849;0;7;0;0;1;1;1;A01
201000046850;1;7;0;0;2;0;0;A01
201000046850;0;7;0;0;2;0;0;B01
201000046850;0;7;0;0;0;0;0;C01
201000046851;0;7;0;0;9;0;0;B01
201000046851;0;15;0;0;2;0;10;A01
201000046852;0;7;0;0;0;0;2;C01
201000046852;0;7;0;0;2;0;2;B01
201000046852;1;7;0;0;2;0;2;A01
201000046853;0;7;0;0;1;0;0;A01
201000046854;0;7;0;2;2;2;13;A01
201000046855;0;7;0;0;0;0;0;A01
201000046855;0;7;0;0;0;0;0;B01
201000046856;0;7;0;0;0;0;0;A01
201000046857;0;17;0;0;0;0;0;A01
201000046858;0;7;0;0;2;1;2;B01
201000046858;2;7;0;0;2;1;2;A01
201000046859;0;7;0;0;2;7;14;A01
201000046859;0;33;0;0;2;8;1;B01
201000046859;0;7;0;0;2;4;1;C01
201000046860;0;7;0;0;2;0;0;B01
201000046860;0;10;0;0;2;0;0;A01
201000046861;0;7;0;0;2;3;9;A01
201000046861;0;7;0;0;2;2;1;B01
201000046862;0;7;0;0;2;8;1;B01
201000046862;0;32;0;0;2;8;13;A01
201000046863;0;7;0;0;2;1;2;A01
201000046863;0;7;0;0;2;4;2;B01
201000046864;0;7;0;0;2;1;0;A01
201000046864;0;99;0;0;2;5;15;B01
201000046865;0;1;0;0;2;4;0;B01
201000046865;0;7;0;0;9;1;0;A01
201000046866;0;37;1;0;2;4;0;B01
201000046866;0;33;0;0;2;1;0;A01
201000046867;0;7;0;0;2;1;0;B01
201000046867;0;31;0;0;2;1;0;A01
201000046868;0;7;0;0;2;4;1;A01
201000046868;0;7;0;0;2;1;1;C01
201000046868;0;7;0;0;2;1;1;B01