num_acc;senc;catv;occutc;obs;obsm;choc;manv;num_veh
201000046869;0;7;0;1;2;2;16;A01
201000046869;0;30;0;1;2;1;2;B01
201000046870;0;30;0;0;2;1;2;A01
201000046870;0;7;0;0;2;4;2;B01
201000046871;0;7;0;0;2;3;11;A01
201000046871;0;31;0;0;2;8;1;B01
201000046872;0;7;0;0;9;2;13;A01
201000046872;0;1;0;0;2;1;1;B01
201000046873;0;7;0;0;2;1;4;B01
201000046873;0;7;0;0;2;4;1;A01
201000046874;0;33;0;0;2;1;17;A01
201000046874;0;99;0;0;2;8;15;B01
201000046875;0;7;0;1;2;0;17;C01
201000046875;0;14;0;0;2;8;11;A01
201000046875;0;7;0;0;2;8;1;B01
201000046876;0;7;0;0;1;1;1;A01
201000046877;0;7;0;0;2;4;1;B01
201000046877;0;7;0;0;2;1;2;A01
201000046878;0;7;0;1;1;8;1;A01
201000046879;0;1;0;0;2;8;1;B01
201000046879;0;7;0;0;2;5;17;A01
201000046880;1;7;0;0;2;1;1;Z01
201000046880;0;2;0;0;2;8;1;A01
201000046881;0;7;0;0;2;1;1;A01
201000046881;0;7;0;0;2;8;16;B01
201000046882;0;30;0;0;2;1;2;A01
201000046882;0;7;0;0;2;4;2;B01
201000046883;0;33;0;0;2;1;1;A01
201000046883;0;7;0;0;2;4;1;B01
201000046884;0;7;0;0;2;2;1;C01
201000046884;0;7;0;0;2;3;2;A01
201000046884;0;7;0;0;2;4;6;B01
201000046885;0;7;0;0;1;7;16;A01
201000046885;0;1;0;0;2;8;1;B01
201000046886;0;7;0;0;2;3;15;A01
201000046886;0;7;0;0;2;2;1;B01
201000046887;0;7;0;3;2;8;1;B01
201000046887;0;16;0;0;2;7;12;A01
201000046888;0;30;0;0;2;1;1;A01
201000046888;0;7;0;0;2;1;1;B01
201000046889;0;7;0;0;2;7;1;C01
201000046889;0;33;0;0;2;7;17;B01
201000046889;0;7;0;0;2;6;11;A01
201000046890;0;30;0;0;2;1;1;A01
201000046890;1;7;0;0;2;0;1;Z01
201000046891;0;31;0;0;2;1;2;A01
201000046891;0;7;0;0;2;4;1;B01
201000046892;0;7;0;0;2;1;1;A01
201000046892;0;7;0;0;2;1;1;B01
201000046893;0;7;0;0;2;1;1;A01
201000046893;0;7;0;0;0;4;2;C01
201000046893;0;7;0;0;2;4;1;B01
201000046894;0;33;0;0;2;8;1;B01
201000046894;0;7;0;0;2;8;15;A01
201000046895;0;15;0;0;2;4;24;B01
201000046895;0;1;0;1;0;1;1;A01
201000046896;0;7;0;0;2;4;1;C01
201000046896;0;7;0;0;2;9;1;B01
201000046896;0;7;0;0;2;1;2;A01
201000046897;0;7;0;0;2;1;2;A01
201000046897;0;7;0;0;2;4;2;B01
201000046898;0;7;0;0;2;1;2;A01
201000046898;0;7;0;0;2;4;1;B01
201000046899;0;7;0;0;2;2;2;A01
201000046899;0;33;0;0;2;8;1;B01
201000046900;0;7;0;0;1;1;1;A01
201000046901;0;7;0;0;2;4;2;B01
201000046901;0;7;0;0;2;1;2;A01
201000046902;0;7;0;0;2;2;15;A01
201000046902;0;2;0;0;2;1;1;B01
201000046903;0;7;0;0;1;1;1;A01
201000046904;0;7;0;0;2;0;1;B01
201000046904;0;33;0;0;2;2;1;A01
201000046905;1;7;0;0;1;1;1;Z01
201000046906;0;7;0;0;2;3;1;B01
201000046906;0;7;0;0;2;3;6;A01
201000046906;0;7;0;0;2;1;1;C01
201000046907;0;7;0;0;2;1;2;A01
201000046907;0;31;0;0;2;4;2;B01
201000046908;0;7;0;0;2;1;1;B01
201000046908;1;7;0;0;2;1;1;A01
201000046909;0;7;0;0;1;1;0;A01
201000046910;0;7;0;0;2;2;15;A01
201000046910;0;33;0;0;2;1;1;B01
201000046911;0;7;0;6;0;0;0;A01
201000046912;0;7;0;0;0;4;2;B01
201000046912;0;7;0;0;2;1;2;A01
201000046913;0;7;0;0;2;1;0;A01
201000046913;0;7;0;0;0;8;0;B01
201000046914;0;7;0;0;2;4;2;A01
201000046914;1;7;0;0;2;1;2;Z01
201000046915;0;31;0;0;2;1;1;A01
201000046915;0;7;0;0;2;5;1;B01
201000046915;0;7;0;0;2;3;1;C01
201000046916;0;7;0;0;1;1;1;A01
201000046917;0;7;0;0;2;4;4;B01
201000046917;0;30;0;0;2;1;1;A01
201000046918;0;7;0;0;2;4;2;B01
201000046918;0;7;0;0;2;1;2;A01
201000046919;0;33;0;0;0;8;19;B01
201000046919;0;15;0;0;2;1;1;A01
201000046920;0;7;0;0;1;1;1;A01
201000046921;0;7;0;0;0;4;23;D01
201000046921;0;7;0;0;2;1;13;A01
201000046921;0;7;0;0;2;1;1;B01
201000046921;0;7;0;0;0;4;23;C01
201000046922;0;7;0;0;0;5;1;A01
201000046923;0;7;0;0;2;2;1;A01
201000046923;0;2;0;0;0;5;1;B01
201000046924;0;7;0;0;2;1;1;A01
201000046924;0;33;0;0;0;8;1;B01
201000046925;0;7;0;3;0;4;1;B01
201000046925;0;37;15;0;2;1;1;A01
201000046926;0;7;0;0;1;3;1;A01
201000046927;0;1;0;0;0;1;1;B01
201000046927;0;7;0;0;2;3;9;A01
201000046928;0;31;0;0;2;1;17;A01
201000046928;0;7;0;0;2;1;1;B01
201000046929;0;33;0;0;2;1;1;B01
201000046929;0;7;0;0;0;7;15;A01
201000046930;0;2;0;0;2;1;17;A01
201000046930;0;10;0;0;0;3;15;B01
201000046931;0;33;0;0;0;4;2;B01
201000046931;0;14;0;0;2;1;2;A01
201000046932;0;7;0;0;2;1;1;B01
201000046932;2;7;0;0;0;3;1;A01
201000046933;0;33;0;15;0;1;1;A01
201000046934;0;7;0;0;1;2;1;A01
201000046935;0;32;0;0;0;4;23;B01
201000046935;0;10;0;0;2;1;2;A01
201000046936;0;10;0;0;9;3;1;B01
201000046936;0;33;0;0;0;0;1;A01
201000046937;0;7;0;0;1;7;1;A01
201000046938;0;1;0;0;1;1;1;A01
201000046939;0;7;0;0;2;1;2;A01
201000046939;0;7;0;0;0;4;2;B01
201000046940;0;1;0;12;0;0;0;A01
201000046941;0;7;0;0;0;5;1;B01
201000046941;0;33;0;0;2;1;3;A01
201000046942;0;7;0;0;2;1;2;A01
201000046942;0;7;0;0;0;4;2;B01
201000046943;0;10;0;0;1;2;1;A01
201000046944;0;7;0;0;1;1;0;A01
201000046945;0;7;0;0;2;1;0;A01
201000046945;0;10;0;0;2;1;0;B01
201000046946;0;7;0;0;1;1;14;A01
201000046947;0;7;0;0;1;1;1;A01
201000046948;0;7;0;0;2;2;1;A01
201000046948;0;7;0;0;2;4;1;B01
201000046949;0;7;0;0;2;9;0;A01
201000046950;0;7;0;0;1;1;1;A01
201000046951;0;7;0;0;2;8;1;A01
201000046951;0;32;0;0;2;7;13;B01
201000046952;0;7;0;0;2;1;1;A01
201000046952;0;7;0;0;2;4;1;B01
201000046953;0;37;1;0;1;7;1;A01
201000046954;0;7;0;0;2;3;1;B01
201000046954;0;7;0;0;2;3;15;A01
201000046955;0;7;0;0;2;9;1;B01
201000046955;0;7;0;0;2;3;20;A01
201000046956;0;7;0;0;1;5;1;A01
201000046957;0;7;0;0;2;3;1;C01
201000046957;0;7;0;0;2;3;1;E01
201000046957;0;10;0;0;2;5;1;B01
201000046957;1;7;0;0;2;2;1;A01
201000046957;0;7;0;0;2;4;1;D01
201000046958;0;7;0;0;2;4;1;D01
201000046958;0;7;0;0;0;1;1;C01
201000046958;0;7;0;0;2;1;1;A01
201000046958;0;7;0;0;0;1;1;B01
201000046959;0;7;0;0;2;4;1;B01
201000046959;0;7;0;0;2;1;1;A01
201000046960;1;7;0;0;2;1;5;C01
201000046960;0;2;0;0;2;1;1;B01
201000046960;0;7;0;0;2;3;0;A01
201000046961;0;1;0;0;2;8;13;A01
201000046961;0;7;0;0;2;8;18;B01
201000046962;0;7;0;0;2;1;9;A01
201000046962;0;7;0;0;2;7;0;B01
201000046963;0;7;0;0;2;1;19;A01
201000046963;0;7;0;1;0;6;0;B01
201000046964;0;7;0;0;2;3;0;A01
201000046964;0;1;0;0;2;2;1;B01
201000046965;0;7;0;0;0;4;9;B01
201000046965;0;7;0;0;2;1;16;A01
201000046966;0;7;0;0;2;1;1;B01
201000046966;0;7;0;0;2;1;1;A01
201000046967;0;7;0;4;0;2;1;A01
201000046968;0;7;0;8;0;1;1;A01
201000046969;0;7;0;0;0;1;0;A01
201000046970;0;7;0;0;2;1;0;A01
201000046970;0;7;0;0;0;5;0;B01
201000046971;0;7;0;0;2;1;14;B01
201000046971;0;7;0;0;2;1;13;A01
201000046972;0;7;0;0;1;2;0;A01
201000046973;0;7;0;0;2;1;1;B01
201000046973;0;7;0;0;2;2;19;A01
201000046974;0;7;0;0;2;1;2;B01
201000046974;0;7;0;0;2;1;2;A01
201000046974;0;7;0;0;1;4;1;C01
201000046975;0;7;0;0;2;1;5;A01
201000046975;0;7;0;0;2;1;1;B01
201000046976;1;99;0;4;0;0;0;A01
201000046977;0;30;0;0;1;1;1;A01
201000046978;0;30;0;0;2;1;1;B01
201000046978;0;7;0;0;2;1;15;A01
201000046979;0;30;0;0;2;1;17;A01
201000046979;0;10;0;0;2;3;1;B01
201000046980;0;7;0;0;2;1;2;A01
201000046980;0;10;0;0;0;4;2;B01
201000046981;0;7;0;0;2;1;2;A01
201000046981;0;7;0;0;0;4;2;B01
201000046982;0;7;0;0;1;1;1;A01
201000046982;0;1;0;0;0;8;19;B01
201000046983;0;7;0;0;0;7;1;B01
201000046983;0;37;6;0;2;3;9;A01
201000046984;0;7;0;6;0;1;1;A01
201000046985;0;7;0;9;0;1;1;A01
201000046986;0;34;0;0;0;8;1;A01
201000046987;0;7;0;0;1;0;20;A01
201000046988;0;7;0;0;1;3;1;A01
201000046989;1;1;0;0;2;1;5;B01
201000046989;0;7;0;0;2;8;1;A01
201000046990;0;31;0;12;0;1;1;A01
201000046991;0;7;0;14;0;2;1;A01
201000046992;0;7;0;0;2;4;1;B01
201000046992;0;7;0;0;2;1;2;A01
201000046992;0;13;0;0;2;4;23;D01
201000046992;0;7;0;0;2;4;1;C01
201000046993;0;10;0;0;2;4;1;B01
201000046993;0;10;0;0;2;1;2;A01
201000046993;0;10;0;0;2;4;1;C01
201000046994;0;33;0;0;2;3;1;B01
201000046994;0;7;0;0;2;3;9;A01
201000046995;0;1;0;0;1;1;1;A01
201000046996;0;13;0;0;2;1;2;A01
201000046996;0;10;0;0;2;4;1;B01
201000046997;0;7;0;0;2;4;2;C01
201000046997;0;7;0;0;2;1;2;A01
201000046997;0;10;0;0;2;4;2;B01
201000046998;0;7;0;0;2;4;23;C01
201000046998;0;7;0;0;2;4;1;B01
201000046998;0;7;0;0;2;1;2;A01
201000046999;0;7;0;9;0;1;1;A01
201000047000;0;7;0;0;2;4;1;B01
201000047000;0;7;0;0;2;1;2;A01
201000047001;1;7;0;0;2;4;4;A01
201000047001;0;30;0;0;2;1;1;B01
201000047002;0;7;0;0;2;2;15;A01
201000047002;0;7;0;0;2;1;1;B01
201000047002;0;7;0;0;2;1;23;C01
201000047003;0;7;0;0;2;6;1;B01
201000047003;0;7;0;0;2;2;15;A01
201000047004;0;7;0;13;0;1;1;A01
201000047005;0;7;0;0;1;2;15;A01
201000047006;0;7;0;0;2;1;13;A01
201000047006;0;7;0;0;2;1;1;B01
201000047007;0;7;0;0;2;3;9;A01
201000047007;0;7;0;0;2;2;1;B01
201000047008;0;7;0;0;2;4;23;B01
201000047008;0;7;0;1;2;4;23;D01
201000047008;0;7;0;0;2;1;2;A01
201000047008;0;7;0;0;2;4;23;C01
201000047009;0;10;0;0;2;1;2;B01
201000047009;0;7;0;0;2;4;1;A01
201000047010;0;1;0;0;2;1;1;A01
201000047010;0;7;0;0;0;2;1;B01
201000047011;0;7;0;0;1;3;1;A01
201000047012;0;7;0;0;2;3;2;A01
201000047012;0;30;0;0;0;4;2;B01
201000047013;0;30;0;0;0;4;1;B01
201000047013;0;2;0;0;9;1;2;A01
201000047014;0;7;0;0;1;0;15;A01
201000047015;0;7;0;0;2;2;1;B01
201000047015;0;30;0;0;2;1;1;A01
201000047016;0;7;0;0;1;2;1;A01
201000047017;0;7;0;0;2;1;2;A01
201000047017;0;7;0;0;0;4;23;C01
201000047017;0;7;0;0;2;4;23;B01
201000047018;0;14;0;0;2;1;2;B01
201000047018;0;7;0;0;2;4;1;A01
201000047019;0;7;0;0;1;3;15;A01
201000047020;0;7;0;0;2;3;15;A01
201000047020;0;7;0;0;2;7;1;B01
201000047021;0;30;0;0;0;1;1;B01
201000047021;0;7;0;0;0;2;1;A01
201000047022;0;7;0;0;1;1;17;A01
201000047023;0;7;0;0;2;1;15;B01
201000047023;0;33;0;0;2;7;1;A01
201000047024;0;7;0;0;1;3;1;A01
201000047025;0;7;0;0;2;4;0;B01
201000047025;0;7;0;0;2;1;0;A01
201000047026;0;1;0;0;2;1;1;A01
201000047026;0;7;0;0;9;6;1;B01
201000047027;0;7;0;0;2;1;1;A01
201000047027;0;7;0;0;2;3;1;C01
201000047027;0;7;0;0;2;9;2;B01
201000047028;0;33;0;0;2;1;1;B01
201000047028;0;7;0;0;0;3;15;A01
201000047029;0;7;0;0;1;2;19;A01
201000047030;0;33;0;0;1;1;1;A01
201000047031;0;7;0;0;2;7;15;B01
201000047031;0;33;0;0;2;1;1;A01
201000047032;0;7;0;0;0;3;15;B01
201000047032;0;33;0;0;2;1;0;A01
201000047033;0;7;0;0;1;3;15;A01
201000047034;0;7;0;0;2;3;2;A01
201000047034;0;10;0;0;2;2;0;B01
201000047035;0;7;0;0;1;3;1;A01
201000047036;0;33;0;0;1;3;1;A01
201000047037;0;7;0;0;1;7;2;A01
201000047038;0;7;0;0;2;1;2;A01
201000047038;0;7;0;0;0;3;16;B01
201000047039;0;33;0;0;2;1;1;B01
201000047039;0;7;0;0;2;3;0;A01
201000047040;0;37;60;0;2;2;1;B01
201000047040;0;7;0;0;2;3;20;A01
201000047041;0;32;0;0;2;7;1;B01
201000047041;0;10;0;0;2;3;9;A01
201000047042;0;7;0;0;1;2;9;A01
201000047043;0;7;0;0;1;1;1;A01
201000047044;0;7;0;0;2;2;1;A01
201000047044;0;30;0;0;2;1;1;B01
201000047045;0;7;0;0;1;7;2;A01
201000047046;0;7;0;0;2;4;23;A01
201000047046;1;7;0;0;0;1;1;Z01
201000047047;0;7;0;0;1;1;1;A01
201000047048;1;7;0;0;2;2;1;A01
201000047048;0;7;0;0;2;3;15;B01
201000047049;0;1;0;0;2;1;1;B01
201000047049;0;7;0;0;2;4;1;A01
201000047050;0;7;0;0;1;1;1;A01
201000047051;0;30;0;0;2;1;1;B01
201000047051;0;7;0;0;2;2;15;A01
201000047052;0;7;0;0;2;1;1;B01
201000047052;0;37;0;0;2;2;15;A01
201000047053;0;7;0;0;0;0;1;A01
201000047053;0;30;0;0;0;0;1;B01
201000047054;0;7;0;0;2;1;1;B01
201000047054;0;7;0;0;2;3;1;A01
201000047055;0;7;0;0;2;8;1;A01
201000047055;0;7;0;0;2;1;1;B01
201000047056;0;7;0;0;2;1;1;B01
201000047056;0;2;0;0;2;4;1;A01
201000047057;0;30;0;0;2;1;18;B01
201000047057;0;7;0;0;2;7;16;A01
201000047058;0;7;0;0;2;1;1;A01
201000047058;0;7;0;0;2;4;1;B01
201000047058;0;7;0;0;2;4;1;C01
201000047059;0;30;0;0;2;1;1;A01
201000047059;1;7;0;0;2;0;1;B01
201000047060;0;7;0;0;2;6;2;B01
201000047060;0;30;0;0;2;1;1;A01
201000047061;0;7;0;0;2;4;15;A01
201000047061;0;30;0;0;2;1;17;B01
201000047062;0;33;0;0;0;1;1;A01
201000047063;0;7;0;0;2;1;1;A01
201000047063;0;7;0;0;2;7;1;B01
201000047064;0;7;0;0;2;1;1;A01
201000047064;0;7;0;0;2;8;1;B01
201000047065;0;7;0;0;0;8;1;B01
201000047065;0;30;0;0;2;1;1;A01
201000047066;0;10;0;0;2;4;23;B01
201000047066;0;30;0;0;2;1;1;A01
201000047067;0;33;0;0;2;1;1;A01
201000047067;1;7;0;0;2;7;15;B01
201000047068;0;1;0;0;2;1;1;B01
201000047068;0;7;0;0;2;4;23;A01
201000047069;0;33;0;0;2;1;1;B01
201000047069;0;7;0;0;2;1;15;A01
201000047070;0;7;0;0;2;7;1;B01
201000047070;1;7;0;0;2;1;1;A01
201000047071;0;30;0;0;2;1;1;A01
201000047072;0;7;0;0;1;1;1;A01
201000047073;0;10;0;0;2;7;15;A01
201000047073;0;32;0;0;2;1;1;B01
201000047074;0;7;0;0;2;7;1;A01
201000047074;0;33;0;0;2;1;1;B01
201000047075;0;3;0;0;0;5;1;A01
201000047076;0;10;0;0;2;1;1;B01
201000047076;0;7;0;0;2;1;1;A01
201000047077;0;7;0;0;2;1;10;A01
201000047077;0;7;0;0;2;1;1;B01
201000047078;0;33;0;0;2;1;1;B01
201000047078;0;7;0;0;2;8;20;A01
201000047079;0;7;0;0;2;8;15;A01
201000047079;0;33;0;0;2;1;17;B01
201000047080;0;7;0;0;1;5;20;A01
201000047081;0;7;0;0;1;1;1;A01
201000047082;0;7;0;0;0;4;1;B01
201000047082;0;7;0;0;2;1;1;A01
201000047083;0;7;0;0;2;4;15;B01
201000047083;0;17;0;0;2;1;1;A01
201000047084;0;33;0;0;2;1;17;B01
201000047084;0;7;0;0;2;6;15;A01
201000047085;0;7;0;0;0;4;24;B01
201000047085;0;7;0;1;0;1;14;A01
201000047086;0;7;0;0;2;8;15;B01
201000047086;0;30;0;0;2;1;17;A01
201000047087;0;32;0;0;2;8;1;A01
201000047087;1;7;0;0;2;1;15;B01
201000047088;0;7;0;0;0;4;2;B01
201000047088;2;7;0;0;2;7;2;A01
201000047089;0;7;0;0;2;8;1;B01
201000047089;0;7;0;0;2;7;15;A01
201000047090;0;32;0;0;2;4;1;A01
201000047091;0;7;0;1;0;1;14;A01
201000047092;0;33;0;0;2;1;1;B01
201000047092;0;7;0;0;2;7;15;A01
201000047093;0;33;0;0;2;1;1;B01
201000047093;0;7;0;0;0;0;15;A01
201000047094;0;7;0;0;1;1;1;A01
201000047095;0;7;0;0;2;1;1;A01
201000047095;0;1;0;0;2;8;19;B01
201000047096;0;32;0;0;2;1;1;B01
201000047096;0;7;0;0;2;3;10;A01
201000047097;1;7;0;0;0;1;2;B01
201000047097;0;7;0;0;0;4;2;A01
201000047098;0;38;1;1;0;2;14;A01
201000047099;0;7;0;0;2;6;1;A01
201000047099;0;30;0;0;2;1;1;B01
201000047100;0;7;0;1;0;1;14;A01
201000047101;0;7;0;0;0;1;0;B01
201000047101;0;7;0;0;0;1;0;A01
201000047102;0;7;0;1;1;0;0;A01
201000047103;0;7;0;0;9;0;0;A01
201000047103;0;1;0;0;2;0;0;B01
201000047104;0;7;0;0;2;8;10;B01
201000047104;0;33;0;0;2;1;3;A01
201000047105;0;7;0;0;0;9;13;A01
201000047106;0;7;0;0;2;7;15;B01
201000047106;0;32;0;0;2;1;18;A01
201000047107;0;7;0;0;2;7;1;A01
201000047107;0;31;0;0;2;1;1;B01
201000047108;0;7;0;0;2;1;1;B01
201000047108;0;7;0;0;2;4;23;A01
201000047108;0;10;0;0;2;1;1;C01
201000047109;0;32;0;0;1;1;1;A01
201000047110;0;7;0;0;1;1;1;A01
201000047111;0;7;0;0;2;8;1;B01
201000047111;0;7;0;0;2;1;1;A01
201000047112;0;1;0;0;2;1;1;B01
201000047112;0;7;0;0;2;7;15;A01
201000047113;0;7;0;0;2;8;10;A01
201000047113;0;34;0;0;2;1;3;B01
201000047114;0;32;0;0;2;1;1;A01
201000047114;0;7;0;0;2;4;23;B01
201000047115;0;7;0;0;1;4;4;A01
201000047116;0;7;0;0;2;4;23;A01
201000047116;0;7;0;0;0;1;1;B01
201000047117;0;7;0;0;2;1;13;A01
201000047117;0;7;0;0;2;1;1;B01
201000047118;0;7;0;8;0;1;14;A01
201000047119;0;7;0;0;2;1;1;A01
201000047119;0;7;0;0;2;4;1;C01
201000047119;0;7;0;0;2;4;1;B01
201000047120;0;7;0;0;2;8;1;B01
201000047120;0;10;0;0;2;3;1;A01
201000047121;0;7;0;6;0;1;0;A01
201000047122;0;7;0;2;0;1;0;A01
201000047123;0;7;0;0;1;0;3;A01
201000047124;0;7;0;2;0;1;1;A01
201000047125;0;10;0;2;0;9;0;A01
201000047126;0;37;10;0;2;7;9;A01
201000047126;0;7;0;0;2;8;1;B01
201000047127;0;33;0;0;0;8;0;A01
201000047127;0;7;0;0;0;0;0;B01
201000047128;0;7;0;0;2;1;1;B01
201000047128;0;7;0;0;2;8;15;A01
201000047129;0;7;0;0;0;0;0;A01
201000047130;0;99;0;0;2;1;2;A01
201000047130;0;7;0;0;0;4;2;B01
201000047131;0;7;0;0;2;4;2;B01
201000047131;0;7;0;0;2;1;2;A01
201000047131;0;99;0;0;0;0;0;C01
201000047132;0;7;0;2;0;2;1;A01
201000047133;0;7;0;0;2;1;0;A01
201000047133;0;7;0;0;2;4;2;B01
201000047134;0;7;0;2;0;1;14;A01
201000047135;0;10;0;2;0;1;0;A01
201000047136;0;7;0;0;2;1;16;A01
201000047136;0;7;0;0;2;6;0;B01
201000047137;0;7;0;0;2;8;1;B01
201000047137;0;33;0;0;2;7;15;A01
201000047138;0;7;0;0;2;2;15;A01
201000047138;0;7;0;0;2;1;1;B01
201000047139;0;7;0;0;2;3;1;B01
201000047139;0;32;0;0;2;1;1;A01
201000047140;0;7;0;0;2;4;2;C01
201000047140;0;7;0;0;2;1;2;A01
201000047140;0;7;0;0;2;4;2;B01
201000047141;0;7;0;0;2;1;2;B01
201000047141;0;7;0;0;2;4;2;A01
201000047141;0;10;0;0;2;4;2;C01
201000047142;0;2;0;0;5;0;1;A01
201000047143;0;7;0;4;0;8;1;A01
201000047144;0;7;0;0;2;1;1;A01
201000047144;0;30;0;0;2;1;1;B01
201000047145;2;7;0;3;0;9;0;A01
201000047146;0;7;0;0;1;8;1;A01
201000047147;0;33;0;0;0;0;0;A01
201000047148;0;7;0;0;2;3;1;C01
201000047148;0;30;0;0;2;1;2;A01
201000047148;0;7;0;0;2;4;2;B01
201000047149;0;7;0;0;1;1;20;A01
201000047150;0;33;0;0;2;4;2;B01
201000047150;0;33;0;0;2;1;2;A01
201000047151;0;7;0;0;2;1;19;A01
201000047151;0;7;0;0;2;7;1;B01
201000047152;0;33;0;0;6;0;0;A01
201000047153;0;7;0;8;0;1;0;A01
201000047154;0;7;0;0;1;1;0;A01
201000047155;0;2;0;0;0;8;14;A01
201000047156;0;34;0;4;0;8;1;A01
201000047157;0;7;0;0;2;8;13;A01
201000047157;0;7;0;0;2;8;1;B01
201000047158;0;33;0;0;0;9;1;A01
201000047159;0;7;0;16;0;9;1;A01
201000047160;0;99;0;0;2;1;2;B01
201000047160;0;30;0;0;0;6;2;A01
201000047161;0;7;0;0;1;5;2;A01
201000047161;0;1;0;0;2;1;1;B01
201000047162;0;33;0;0;0;0;0;A01
201000047163;0;7;0;4;0;8;0;A01
201000047164;0;30;0;0;2;0;1;B01
201000047164;0;7;0;0;2;8;15;A01
201000047165;0;30;0;10;0;1;1;A01
201000047166;0;1;0;0;2;1;1;A01
201000047166;0;1;0;0;2;4;16;B01
201000047167;0;2;0;0;0;0;0;A01
201000047168;1;7;0;0;2;4;1;B01
201000047168;0;30;0;0;2;1;0;A01
201000047169;0;36;0;0;0;0;16;A01
201000047170;0;7;0;16;0;0;0;A01
201000047171;0;7;0;0;0;0;1;A01
201000047171;0;34;0;0;0;0;17;B01
201000047172;0;7;0;0;2;1;2;A01
201000047172;0;7;0;0;0;4;2;B01
201000047173;0;32;0;0;0;0;0;A01
201000047174;0;7;0;0;2;7;15;A01
201000047174;0;7;0;0;2;1;0;C01
201000047174;0;30;0;0;2;1;1;B01
201000047175;0;7;0;0;0;2;0;A01
201000047176;0;2;0;0;0;0;0;A01
201000047177;0;7;0;0;0;9;16;A01
201000047178;0;7;0;0;0;9;1;A01
201000047179;0;7;0;0;0;9;19;A01
201000047180;0;7;0;0;0;0;1;A01
201000047181;0;33;0;0;2;1;0;A01
201000047181;0;10;0;0;2;8;0;B01
201000047182;0;7;0;0;0;0;0;A01
201000047183;0;7;0;0;1;0;0;A01
201000047184;0;7;0;0;2;1;5;A01
201000047184;0;7;0;0;2;3;1;C01
201000047184;0;7;0;0;2;3;1;B01
201000047185;0;7;0;1;0;0;0;A01
201000047185;0;15;0;0;2;1;0;B01
201000047186;0;30;0;0;0;8;0;A01
201000047187;0;33;0;0;2;2;1;A01
201000047187;0;14;0;0;2;2;15;B01
201000047188;0;10;0;0;2;6;0;B01
201000047188;0;10;0;0;2;3;0;A01
201000047189;0;10;0;6;0;0;0;A01
201000047190;0;7;0;4;0;8;0;A01
201000047191;0;7;0;0;2;8;0;A01
201000047191;1;7;0;0;2;1;0;B01
201000047192;0;2;0;0;0;0;0;A01
201000047193;0;10;0;0;0;9;16;A01
201000047194;0;10;0;0;1;1;0;A01
201000047195;0;31;0;0;0;1;0;A01
201000047196;0;10;0;0;1;1;1;A01
201000047197;0;7;0;0;0;9;1;A01
201000047198;0;7;0;4;0;9;1;A01
201000047199;0;7;0;0;2;3;15;A01
201000047199;0;7;0;0;2;1;1;B01
201000047200;0;7;0;0;0;0;1;A01
201000047201;0;7;0;0;2;3;0;A01
201000047201;0;7;0;0;2;1;0;B01
201000047202;0;10;0;0;2;5;0;B01
201000047202;0;10;0;0;2;4;0;A01
201000047203;0;7;0;0;2;1;2;A01
201000047203;0;17;0;0;2;4;2;B01
201000047204;0;10;0;0;2;3;0;A01
201000047204;0;33;0;0;2;3;0;B01
201000047205;0;10;0;0;2;1;0;A01
201000047205;0;10;0;0;2;1;0;B01
201000047206;0;2;0;0;2;1;0;A01
201000047206;0;10;0;0;2;1;1;B01
201000047207;0;7;0;0;2;1;15;B01
201000047207;0;7;0;0;2;3;1;A01
201000047208;1;10;0;0;1;1;0;A01
201000047209;0;2;0;0;0;0;0;A01
201000047210;0;10;0;0;0;9;1;A01
201000047211;0;7;0;0;2;1;1;B01
201000047211;0;7;0;0;2;3;16;A01
201000047212;0;10;0;8;0;1;0;A01
201000047213;0;30;0;0;0;0;0;A01
201000047214;0;10;0;0;2;3;0;C01
201000047214;0;10;0;0;2;1;0;B01
201000047214;0;10;0;0;2;1;0;A01
201000047215;0;7;0;0;2;4;0;A01
201000047215;0;2;0;0;2;1;0;B01
201000047216;0;10;0;0;0;9;0;A01
201000047217;0;13;0;0;2;1;17;A01
201000047217;0;7;0;0;2;4;1;B01
201000047218;0;7;0;0;0;9;13;A01
201000047219;0;15;0;0;2;3;1;B01
201000047219;0;7;0;0;2;7;13;A01
201000047220;0;1;0;0;1;0;1;A01
201000047221;0;37;1;0;2;1;1;B01
201000047221;0;7;0;0;2;1;0;A01
201000047222;0;10;0;0;0;9;0;A01
201000047223;0;7;0;0;2;4;2;B01
201000047223;0;7;0;0;2;1;2;A01
201000047224;0;7;0;0;1;1;0;A01
201000047225;0;7;0;2;0;1;14;A01
201000047226;0;7;0;0;2;1;9;A01
201000047226;0;7;0;0;2;8;1;B01
201000047227;0;10;0;6;0;1;0;A01
201000047228;0;10;0;0;0;1;0;A01
201000047229;0;7;0;0;1;2;1;A01
201000047230;0;7;0;0;2;1;1;B01
201000047230;0;10;0;0;2;4;4;A01
201000047231;0;7;0;1;0;1;1;A01
201000047232;0;7;0;0;1;0;1;A01
201000047233;0;7;0;0;1;3;1;A01
201000047234;0;7;0;0;1;4;4;A01
201000047235;0;7;0;0;2;1;18;B01
201000047235;0;15;0;0;2;5;12;A01
201000047236;0;7;0;0;2;1;1;B01
201000047236;0;7;0;0;2;1;21;A01
201000047237;0;37;1;0;2;4;23;B01
201000047237;0;7;0;1;0;1;1;A01
201000047238;0;37;10;0;1;2;1;A01
201000047239;0;7;0;8;2;4;23;B01
201000047239;0;7;0;0;2;1;2;A01