num_acc;senc;catv;occutc;obs;obsm;choc;manv;num_veh
201000047633;0;1;0;0;1;1;5;A01
201000047634;0;7;0;0;2;3;5;A01
201000047634;0;2;0;0;2;1;0;B01
201000047635;0;7;0;0;2;3;1;A01
201000047635;0;30;0;0;2;2;1;B01
201000047636;0;3;0;0;1;3;16;A01
201000047637;0;7;0;0;2;7;4;A01
201000047637;0;2;0;0;2;1;0;B01
201000047638;0;7;0;9;2;6;1;B01
201000047638;0;7;0;0;2;1;1;A01
201000047639;0;30;0;0;2;1;2;A01
201000047639;0;7;0;0;2;4;2;B01
201000047640;0;1;0;0;2;8;1;B01
201000047640;0;30;0;0;9;1;1;A01
201000047641;0;7;0;0;1;2;1;A01
201000047642;0;7;0;0;1;2;1;A01
201000047643;0;10;0;1;0;3;1;A01
201000047644;0;7;0;0;1;3;0;A01
201000047645;1;7;0;0;2;7;1;A01
201000047645;0;1;0;0;0;7;1;B01
201000047646;0;7;0;0;2;7;0;A01
201000047646;0;7;0;0;2;3;0;B01
201000047647;0;7;0;0;2;2;15;A01
201000047647;0;7;0;0;2;1;1;B01
201000047648;0;7;0;0;2;2;2;B01
201000047648;0;20;0;0;2;4;2;A01
201000047649;0;7;0;0;2;2;1;A01
201000047649;0;7;0;8;2;3;1;B01
201000047650;0;32;0;0;2;1;0;A01
201000047650;0;7;0;0;2;6;15;B01
201000047651;0;7;0;0;2;1;2;B01
201000047651;0;7;0;0;2;0;2;A01
201000047652;0;7;0;0;1;1;0;A01
201000047653;0;7;0;0;0;7;0;B01
201000047653;0;13;0;0;2;1;0;A01
201000047654;0;7;0;0;2;1;15;A01
201000047654;0;30;0;0;2;3;1;B01
201000047655;0;7;0;0;1;3;1;A01
201000047656;0;7;0;0;2;1;13;A01
201000047656;0;7;0;0;2;1;1;B01
201000047657;0;7;0;0;1;1;15;A01
201000047658;0;7;0;0;2;2;9;A01
201000047658;0;33;0;0;2;1;1;B01
201000047659;0;7;0;1;2;8;1;A01
201000047660;0;7;0;0;1;1;0;A01
201000047661;0;7;0;7;1;1;1;A01
201000047662;0;7;0;0;2;3;0;A01
201000047662;0;30;0;0;2;0;1;B01
201000047663;1;7;0;0;1;1;1;Z01
201000047664;0;10;0;0;1;1;1;A01
201000047665;0;7;0;0;2;3;0;A01
201000047665;0;33;0;0;2;2;1;B01
201000047666;0;7;0;0;2;3;16;A01
201000047666;0;7;0;0;2;3;1;B01
201000047667;0;7;0;0;2;4;23;A01
201000047667;0;1;0;0;2;1;2;B01
201000047668;0;7;0;0;2;1;15;A01
201000047668;0;7;0;0;2;3;1;B01
201000047669;0;7;0;0;2;8;1;B01
201000047669;0;7;0;0;2;3;1;A01
201000047670;0;10;0;0;1;2;0;A01
201000047671;0;30;0;0;2;2;17;B01
201000047671;0;7;0;0;2;3;20;A01
201000047672;0;2;0;0;2;1;2;B01
201000047672;0;7;0;0;2;3;15;A01
201000047673;0;7;0;0;1;1;2;A01
201000047674;0;30;0;0;2;1;2;B01
201000047674;0;7;0;0;2;2;23;A01
201000047675;0;33;0;0;2;1;1;B01
201000047675;0;10;0;0;2;7;15;A01
201000047676;0;33;0;0;2;1;16;B01
201000047676;0;7;0;0;2;3;1;A01
201000047677;0;10;0;0;1;1;16;A01
201000047678;0;7;0;0;2;3;1;A01
201000047679;1;30;0;0;1;0;0;A01
201000047680;0;7;0;2;0;1;17;A01
201000047681;0;7;0;0;2;0;0;A01
201000047681;0;30;0;0;2;0;0;B01
201000047682;0;7;0;0;2;1;1;B01
201000047682;0;1;0;0;2;0;1;A01
201000047683;0;7;0;0;1;0;1;A01
201000047684;2;7;0;0;2;3;16;B01
201000047684;0;7;0;0;2;2;0;A01
201000047685;0;37;1;0;2;2;1;B01
201000047685;0;7;0;0;2;3;16;A01
201000047686;0;33;0;0;2;1;2;A01
201000047686;0;14;0;0;2;4;2;B01
201000047687;0;7;0;0;1;3;1;A01
201000047688;0;7;0;14;0;1;2;A01
201000047689;0;30;0;0;2;3;1;B01
201000047689;0;7;0;0;2;5;16;A01
201000047690;0;7;0;0;1;1;1;A01
201000047691;0;37;0;0;2;2;1;A01
201000047691;0;10;0;0;2;8;1;B01
201000047692;0;31;0;0;2;3;11;A01
201000047692;0;33;0;0;2;2;2;B01
201000047693;0;7;0;0;1;1;1;A01
201000047694;0;7;0;0;2;3;15;A01
201000047694;0;33;0;0;2;0;2;B01
201000047695;0;32;0;0;1;1;1;A01
201000047696;0;10;0;0;1;2;1;A01
201000047697;0;10;0;0;1;2;1;A01
201000047698;0;2;0;0;2;1;17;A01
201000047698;0;10;0;0;2;3;15;B01
201000047699;0;33;0;8;2;1;1;B01
201000047699;0;7;0;0;2;3;11;A01
201000047700;0;7;0;0;1;3;1;A01
201000047701;0;7;0;0;2;4;2;B01
201000047701;0;7;0;0;2;1;2;A01
201000047702;0;7;0;0;2;4;2;B01
201000047702;0;30;0;0;2;1;2;A01
201000047703;0;7;0;0;1;2;1;A01
201000047704;0;7;0;0;2;7;10;A01
201000047704;0;33;0;0;2;1;1;B01
201000047705;0;34;0;0;2;2;0;A01
201000047705;0;7;0;0;2;1;0;B01
201000047706;0;7;0;0;1;1;1;A01
201000047707;0;10;0;0;1;4;20;A01
201000047708;0;33;0;0;2;7;1;A01
201000047708;0;7;0;0;2;8;15;B01
201000047709;0;30;0;1;0;1;18;B01
201000047709;0;7;0;0;2;7;22;A01
201000047710;0;7;0;0;2;4;1;B01
201000047710;0;10;0;0;2;1;2;A01
201000047711;0;7;0;0;1;1;1;A01
201000047712;0;7;0;0;2;3;10;A01
201000047712;0;33;0;0;2;1;1;B01
201000047713;0;7;0;0;2;1;1;B01
201000047713;0;32;0;0;2;8;17;A01
201000047714;0;7;0;0;2;1;16;A01
201000047714;0;7;0;0;2;4;1;B01
201000047715;0;7;0;0;2;3;9;A01
201000047715;0;7;0;0;2;2;1;B01
201000047716;0;7;0;0;1;3;15;A01
201000047717;0;7;0;0;0;4;1;B01
201000047717;0;33;0;0;2;1;1;A01
201000047718;0;7;0;0;1;0;15;A01
201000047719;0;7;0;0;1;2;15;A01
201000047720;0;32;0;0;2;8;18;B01
201000047720;0;7;0;0;2;5;16;A01
201000047721;0;7;0;0;1;1;1;A01
201000047722;0;33;0;0;2;1;1;B01
201000047722;0;7;0;0;2;7;15;A01
201000047723;0;7;0;0;2;4;23;B01
201000047723;0;7;0;0;2;1;1;A01
201000047724;0;32;0;0;1;7;21;A01
201000047725;0;7;0;0;2;1;1;A01
201000047725;0;7;0;0;2;4;23;C01
201000047725;0;7;0;0;2;4;23;B01
201000047726;0;2;0;0;2;1;17;A01
201000047726;0;14;0;0;2;8;10;B01
201000047727;0;7;0;0;1;3;1;A01
201000047728;0;7;0;0;2;7;1;A01
201000047728;0;7;0;0;2;3;1;B01
201000047729;0;7;0;0;2;1;1;A01
201000047729;0;7;0;0;1;1;23;B01
201000047730;0;7;0;0;1;1;16;A01
201000047731;0;7;0;0;1;1;1;A01
201000047732;0;7;0;0;2;1;1;B01
201000047732;0;7;0;0;2;3;15;A01
201000047733;0;7;0;0;1;3;15;A01
201000047734;0;7;0;0;1;1;16;A01
201000047735;0;30;0;0;2;8;18;B01
201000047735;0;7;0;0;2;7;14;A01
201000047736;0;7;0;0;2;2;0;A01
201000047736;0;7;0;0;2;1;0;B01
201000047737;0;1;0;1;0;1;1;B01
201000047737;0;13;0;0;0;3;22;A01
201000047738;0;7;0;0;2;4;21;C01
201000047738;0;7;0;0;2;1;21;A01
201000047738;0;7;0;0;2;4;21;B01
201000047739;0;7;0;0;2;3;5;A01
201000047739;0;33;0;0;2;1;0;B01
201000047740;0;30;0;0;2;1;1;B01
201000047740;0;7;0;0;2;3;9;A01
201000047741;0;7;0;0;2;6;16;B01
201000047741;0;34;0;0;2;1;21;A01
201000047742;0;30;0;0;2;7;17;B01
201000047742;0;7;0;0;2;8;0;A01
201000047743;0;7;0;0;1;2;1;A01
201000047744;0;7;0;0;2;1;0;B01
201000047744;0;7;0;0;2;1;5;A01
201000047745;0;7;0;0;1;2;1;A01
201000047746;0;17;0;0;2;1;2;A01
201000047746;0;7;0;0;0;4;1;B01
201000047747;0;30;0;0;2;1;17;B01
201000047747;0;7;0;0;2;8;15;A01
201000047748;0;7;0;0;2;8;0;A01
201000047748;0;34;0;14;0;1;17;B01
201000047749;0;7;0;15;0;1;14;A01
201000047750;0;7;0;0;1;1;0;A01
201000047751;0;7;0;0;1;1;15;A01
201000047752;0;7;0;0;1;7;1;A01
201000047753;0;32;0;0;2;1;0;B01
201000047753;0;7;0;0;2;7;15;A01
201000047754;0;33;0;0;2;2;1;A01
201000047754;0;7;0;0;2;3;15;B01
201000047755;0;7;0;0;1;2;1;A01
201000047756;0;2;0;0;2;8;18;A01
201000047756;0;7;0;0;2;7;14;B01
201000047757;0;7;0;0;1;1;15;A01
201000047758;0;7;0;1;2;5;1;B01
201000047758;0;7;0;0;2;1;10;A01
201000047759;0;31;0;0;9;1;0;A01
201000047760;0;7;0;0;2;8;17;A01
201000047760;0;32;0;0;2;7;17;B01
201000047761;1;7;0;0;1;2;1;Z01
201000047762;0;33;0;0;2;1;0;B01
201000047762;0;7;0;0;2;7;15;A01
201000047763;0;7;0;0;2;4;1;B01
201000047763;0;7;0;0;2;2;1;A01
201000047764;0;7;0;0;1;1;1;A01
201000047765;0;10;0;1;0;7;17;A01
201000047765;0;7;0;0;2;6;23;B01
201000047766;0;34;0;0;2;7;17;B01
201000047766;0;7;0;0;2;3;15;A01
201000047767;0;30;0;0;2;3;17;B01
201000047767;0;7;0;0;2;6;2;A01
201000047768;0;32;0;0;2;1;1;B01
201000047768;0;7;0;0;2;8;15;A01
201000047769;0;33;0;0;2;8;15;B01
201000047769;1;7;0;0;2;2;15;A01
201000047770;0;7;0;0;1;1;15;A01
201000047771;0;10;0;0;2;3;15;A01
201000047771;0;30;0;0;2;7;17;B01
201000047772;0;33;0;0;1;1;21;A01
201000047773;0;10;0;0;2;1;1;A01
201000047773;0;10;0;0;2;4;2;B01
201000047774;0;7;0;0;1;4;4;A01
201000047775;0;7;0;0;1;2;21;A01
201000047776;0;7;0;0;1;4;4;A01
201000047777;0;7;0;0;1;7;1;A01
201000047778;1;7;0;0;0;1;21;A01
201000047778;0;7;0;0;2;4;1;B01
201000047779;0;7;0;0;2;8;16;A01
201000047779;0;32;0;0;2;1;0;B01
201000047780;0;32;0;0;2;1;1;B01
201000047780;0;7;0;0;2;1;15;A01
201000047781;0;32;0;0;2;8;15;A01
201000047781;0;7;0;0;2;7;17;B01
201000047782;0;32;0;0;2;8;0;B01
201000047782;0;7;0;0;2;3;15;A01
201000047783;0;7;0;0;1;7;1;A01
201000047784;0;34;0;0;1;1;1;A01
201000047785;1;7;0;0;2;2;0;A01
201000047785;0;7;0;0;2;5;15;B01
201000047786;0;7;0;0;2;1;2;A01
201000047786;0;7;0;0;2;4;23;B01
201000047786;0;7;0;0;0;4;23;C01
201000047787;0;32;0;0;2;5;1;B01
201000047787;0;7;0;0;2;2;15;A01
201000047788;0;7;0;0;1;1;15;A01
201000047789;0;14;0;0;1;7;1;A01
201000047790;0;7;0;0;2;4;0;A01
201000047790;0;1;0;0;2;1;1;B01
201000047791;0;7;0;0;1;3;4;A01
201000047792;0;7;0;0;1;2;1;A01
201000047793;0;7;0;0;2;8;9;A01
201000047793;0;7;0;0;2;2;1;B01
201000047794;0;7;0;0;2;8;24;A01
201000047794;0;13;0;1;0;7;0;B01
201000047795;0;30;0;0;2;1;3;A01
201000047795;0;10;0;0;2;1;15;B01
201000047796;0;31;0;0;2;8;0;B01
201000047796;1;10;0;0;2;7;9;A01
201000047797;0;10;0;0;2;7;0;A01
201000047797;0;34;0;0;2;1;1;B01
201000047798;0;33;0;0;1;1;0;A01
201000047799;0;7;0;0;2;7;15;A01
201000047799;0;7;0;0;2;1;1;B01
201000047800;0;7;0;15;0;1;6;A01
201000047801;0;32;0;0;1;1;17;A01
201000047802;0;1;0;1;0;1;1;B01
201000047802;0;10;0;0;0;5;24;A01
201000047803;0;32;0;0;0;4;11;B01
201000047803;0;7;0;0;2;2;1;A01
201000047804;0;34;0;0;2;1;1;A01
201000047804;0;10;0;0;2;4;23;B01
201000047805;0;37;6;0;1;5;1;A01
201000047806;0;32;0;0;2;2;17;A01
201000047806;0;7;0;0;2;6;15;B01
201000047807;0;30;0;1;0;1;17;B01
201000047807;0;7;0;0;0;6;24;A01
201000047808;0;30;0;0;2;1;17;A01
201000047808;0;10;0;0;2;2;15;B01
201000047809;0;10;0;0;1;4;4;A01
201000047810;0;7;0;0;2;8;22;A01
201000047810;0;1;0;0;2;2;1;B01
201000047811;0;33;0;0;2;4;2;B01
201000047811;0;30;0;0;2;1;2;A01
201000047812;0;33;0;0;2;1;0;B01
201000047812;0;7;0;0;2;8;10;A01
201000047813;0;10;0;0;2;5;15;B01
201000047813;0;32;0;0;2;1;1;A01
201000047814;0;10;0;0;2;1;0;A01
201000047814;0;7;0;0;2;8;0;B01
201000047815;0;37;10;0;0;0;1;A01
201000047815;0;1;0;0;0;0;1;B01
201000047816;0;30;0;0;2;1;0;A01
201000047816;0;7;0;0;2;4;0;B01
201000047817;0;33;0;0;2;1;3;A01
201000047817;0;7;0;0;2;5;1;B01
201000047818;0;7;0;0;2;6;1;B01
201000047818;0;7;0;0;2;2;15;A01
201000047819;0;32;0;0;1;2;5;A01
201000047819;0;34;0;0;2;2;1;B01
201000047820;0;7;0;0;2;6;15;B01
201000047820;0;30;0;0;2;1;1;A01
201000047821;0;7;0;0;1;1;1;A01
201000047822;0;33;0;0;1;1;15;A01
201000047823;0;30;0;0;0;0;15;A01
201000047824;0;7;0;0;1;3;15;A01
201000047825;0;7;0;0;1;1;15;A01
201000047826;0;7;0;0;2;4;23;B01
201000047826;0;7;0;0;2;1;1;A01
201000047827;0;10;0;0;2;3;15;B01
201000047827;0;2;0;0;2;1;17;A01
201000047828;0;32;0;0;0;7;23;B01
201000047828;2;32;0;0;2;1;1;A01
201000047829;0;33;0;0;2;1;1;B01
201000047829;0;7;0;0;2;3;15;A01
201000047830;0;7;0;0;1;1;1;A01
201000047831;0;1;0;0;1;1;1;A01
201000047832;0;7;0;0;2;6;23;B01
201000047832;0;32;0;0;1;1;1;A01
201000047833;0;7;0;0;2;2;15;A01
201000047833;0;32;0;0;2;1;1;B01
201000047834;0;7;0;0;2;8;15;B01
201000047834;0;1;0;0;2;7;17;A01
201000047835;0;7;0;2;0;1;14;A01
201000047836;0;7;0;0;0;4;1;A01
201000047836;1;10;0;0;2;1;2;Z01
201000047837;0;30;0;16;1;1;21;A01
201000047838;0;7;0;0;1;2;1;A01
201000047839;0;7;0;0;0;4;1;B01
201000047839;0;10;0;0;2;1;1;A01
201000047840;0;32;0;0;1;1;1;A01
201000047841;0;32;0;0;0;1;1;B01
201000047841;0;7;0;0;0;8;15;A01
201000047842;0;33;0;0;1;2;1;A01
201000047843;0;1;0;0;2;3;19;B01
201000047843;0;7;0;0;2;1;1;A01
201000047844;0;7;0;0;2;3;1;A01
201000047844;0;7;0;0;2;3;1;B01
201000047845;0;7;0;0;2;3;15;A01
201000047845;1;7;0;0;2;1;1;Z01
201000047846;0;7;0;0;2;3;23;C01
201000047846;0;30;0;0;2;1;17;A01
201000047846;0;7;0;0;0;0;10;B01
201000047847;0;7;0;0;1;2;16;A01
201000047848;0;10;0;0;2;4;11;B01
201000047848;0;2;0;0;2;8;0;A01
201000047849;0;7;0;0;2;8;15;B01
201000047849;0;33;0;0;2;1;17;A01
201000047850;0;10;0;0;2;1;1;A01
201000047850;0;33;0;0;2;4;23;B01
201000047851;0;10;0;1;0;4;4;A01
201000047851;0;7;0;0;2;7;23;B01
201000047852;0;7;0;0;2;8;10;A01
201000047852;0;33;0;0;2;1;21;B01
201000047853;0;7;0;0;2;2;0;A01
201000047853;0;7;0;0;2;5;1;B01
201000047854;0;32;0;0;2;1;1;B01
201000047854;0;1;0;0;2;6;13;A01
201000047855;0;31;0;0;2;7;1;B01
201000047855;0;7;0;0;2;7;11;A01
201000047856;0;34;0;0;1;1;1;A01
201000047857;0;7;0;0;1;1;1;A01
201000047858;0;30;0;0;1;1;1;A01
201000047859;0;7;0;0;1;1;16;A01
201000047860;0;7;0;0;2;3;5;A01
201000047860;0;7;0;0;2;3;1;B01
201000047861;0;7;0;0;2;3;11;B01
201000047861;0;30;0;0;2;0;0;A01
201000047862;0;7;0;0;1;1;15;A01
201000047863;0;7;0;0;2;3;15;A01
201000047863;0;30;0;0;2;3;1;B01
201000047864;0;1;0;0;2;7;1;B01
201000047864;0;7;0;0;9;1;1;A01
201000047865;0;33;0;0;2;1;1;A01
201000047865;0;7;0;0;2;2;15;B01
201000047866;0;7;0;0;2;2;15;A01
201000047866;0;30;0;0;2;1;1;B01
201000047867;0;7;0;0;1;1;15;A01
201000047868;0;7;0;0;2;5;16;A01
201000047868;0;33;0;0;2;1;17;B01
201000047869;0;7;0;0;2;1;2;A01
201000047869;0;7;0;0;2;4;2;B01
201000047870;0;7;0;0;1;2;1;A01
201000047871;0;7;0;0;2;2;1;A01
201000047871;0;7;0;0;2;3;1;B01
201000047872;0;7;0;0;1;1;1;A01
201000047873;0;7;0;0;2;1;1;B01
201000047873;0;10;0;0;2;2;15;A01
201000047874;0;7;0;0;2;1;2;A01
201000047874;0;37;15;0;2;4;1;B01
201000047875;0;1;0;0;2;3;3;B01
201000047875;0;7;0;0;9;2;16;A01
201000047876;0;33;0;0;1;1;1;A01
201000047877;0;10;0;0;2;1;1;A01
201000047877;0;7;0;0;2;2;1;B01
201000047878;0;7;0;0;2;3;1;B01
201000047878;0;30;0;0;2;2;17;A01
201000047879;0;7;0;0;2;3;15;A01
201000047879;0;30;0;0;2;8;1;B01
201000047880;0;7;0;0;1;1;1;A01
201000047881;0;2;0;0;2;7;1;B01
201000047881;0;7;0;0;2;1;9;A01
201000047882;0;7;0;0;1;1;1;A01
201000047883;0;7;0;0;2;1;1;B01
201000047883;0;7;0;0;2;7;5;A01
201000047884;0;7;0;0;2;3;15;B01
201000047884;0;32;0;0;2;1;1;A01
201000047885;0;7;0;0;2;2;1;B01
201000047885;0;7;0;0;2;3;15;A01
201000047886;0;7;0;0;2;4;1;C01
201000047886;0;7;0;0;2;1;1;A01
201000047886;0;7;0;0;2;4;1;B01
201000047887;0;1;0;0;1;1;1;A01
201000047888;0;34;0;0;2;1;1;A01
201000047888;0;7;0;0;2;2;15;B01
201000047889;0;7;0;0;2;3;15;A01
201000047889;0;2;0;0;2;8;1;B01
201000047890;0;7;0;0;2;1;1;A01
201000047890;0;10;0;0;2;1;1;B01
201000047891;0;2;0;0;1;1;1;A01
201000047892;0;15;0;0;2;5;15;B01
201000047892;0;34;0;0;2;1;1;A01
201000047893;0;30;0;0;2;7;1;B01
201000047893;0;30;0;0;2;8;1;A01
201000047894;0;1;0;0;2;7;1;B01
201000047894;0;7;0;0;9;1;9;A01
201000047895;0;10;0;0;2;7;1;A01
201000047895;0;30;0;0;2;8;18;B01
201000047896;0;7;0;0;2;2;15;A01
201000047896;0;7;0;0;2;3;1;B01
201000047897;0;31;0;0;2;1;1;B01
201000047897;0;10;0;0;2;2;15;A01
201000047898;0;7;0;0;2;3;1;B01
201000047898;0;7;0;0;2;2;1;A01
201000047899;0;7;0;0;1;4;10;A01
201000047900;0;7;0;0;2;1;2;A01
201000047900;0;7;0;0;2;4;1;B01
201000047901;0;31;0;0;2;3;1;B01
201000047901;0;7;0;0;2;1;1;A01
201000047902;0;7;0;0;2;8;1;A01
201000047902;0;31;0;0;2;7;1;B01
201000047903;0;32;0;0;1;2;17;A01
201000047904;0;7;0;0;2;5;1;B01
201000047904;2;7;0;0;2;1;3;A01
201000047904;0;7;0;0;2;6;1;C01
201000047905;0;7;0;0;1;2;1;A01
201000047906;0;7;0;0;2;1;2;A01
201000047906;0;33;0;0;2;4;2;B01
201000047907;0;1;0;0;9;1;1;B01
201000047907;0;1;0;0;9;1;1;A01
201000047908;0;14;0;0;2;2;16;B01
201000047908;0;34;0;0;2;1;18;A01
201000047909;0;7;0;0;2;3;10;B01
201000047909;0;32;0;0;2;1;1;A01
201000047910;0;10;0;0;2;8;23;B01
201000047910;0;7;0;0;2;3;21;A01
201000047911;0;7;0;0;2;3;1;A01
201000047911;0;7;0;0;2;1;15;B01
201000047912;0;10;0;0;2;1;2;A01
201000047912;0;7;0;0;2;4;23;B01
201000047913;0;7;0;0;1;2;1;A01
201000047914;0;32;0;0;2;4;2;B01
201000047914;0;7;0;0;2;1;2;A01
201000047915;0;30;0;0;1;7;15;A01
201000047916;0;32;0;0;2;1;1;B01
201000047916;0;10;0;0;2;2;1;A01
201000047917;0;7;0;0;2;3;1;B01
201000047917;0;32;0;0;2;2;1;A01
201000047918;0;7;0;0;2;7;9;A01
201000047918;0;33;0;0;2;1;1;B01
201000047919;0;7;0;0;1;7;9;A01
201000047920;0;7;0;0;2;5;1;C01
201000047920;1;7;0;0;2;0;1;A01
201000047920;0;7;0;0;2;6;1;B01
201000047921;0;34;0;0;2;1;1;B01
201000047921;0;7;0;0;2;8;11;A01
201000047922;0;7;0;0;1;8;0;A01
201000047923;0;7;0;0;1;4;4;A01
201000047924;0;33;0;0;2;1;5;A01
201000047924;0;34;0;0;2;1;1;B01
201000047925;0;33;0;0;2;2;1;B01
201000047925;0;7;0;0;2;3;10;A01
201000047926;1;7;0;0;0;4;1;C01
201000047926;0;7;0;0;2;1;1;A01
201000047926;0;7;0;0;2;4;1;B01
201000047927;0;7;0;0;2;7;1;B01
201000047927;0;7;0;0;2;8;9;A01
201000047928;0;32;0;0;2;7;1;A01
201000047928;0;7;0;0;2;1;1;B01
201000047929;0;33;0;0;2;3;1;B01
201000047929;0;7;0;0;2;2;15;A01
201000047930;0;7;0;0;2;4;1;B01
201000047930;0;33;0;0;2;1;1;A01
201000047931;0;33;0;0;2;1;13;A01
201000047931;0;7;0;0;2;6;1;B01
201000047932;0;7;0;11;0;3;1;A01
201000047933;0;7;0;0;2;1;1;B01
201000047933;0;7;0;0;2;8;10;A01
201000047934;0;7;0;0;2;4;1;B01
201000047934;0;7;0;0;2;1;1;A01
201000047935;0;7;0;0;2;3;1;C01
201000047935;0;7;0;0;2;0;22;A01
201000047935;0;30;0;0;2;1;1;B01
201000047936;1;7;0;0;1;1;1;A01
201000047937;0;32;0;0;2;1;13;A01
201000047937;0;7;0;0;2;8;15;B01
201000047938;0;7;0;0;2;1;14;A01
201000047938;0;33;0;0;2;1;1;B01
201000047939;0;99;0;0;9;0;22;A01
201000047939;0;1;0;0;2;1;14;B01
201000047940;0;33;0;0;2;2;2;B01
201000047940;0;7;0;0;2;6;10;A01
201000047941;0;7;0;0;1;1;1;A01
201000047942;0;7;0;0;2;3;1;B01
201000047942;0;30;0;0;0;2;1;A01
201000047943;0;7;0;0;1;1;1;A01
201000047944;0;7;0;0;2;3;15;A01
201000047944;0;30;0;0;2;1;1;B01
201000047945;0;7;0;0;1;1;15;A01
201000047946;0;34;0;0;2;4;1;B01
201000047946;0;13;0;0;2;1;1;A01
201000047947;0;7;0;0;1;1;1;A01
201000047948;0;2;0;0;2;2;17;A01
201000047948;0;7;0;0;2;3;15;B01
201000047949;0;7;0;0;2;4;1;B01
201000047949;0;31;0;0;2;1;1;A01
201000047950;0;32;0;0;1;1;1;A01
201000047951;0;7;0;0;2;1;1;B01
201000047951;0;30;0;0;2;2;1;A01
201000047952;0;31;0;0;1;1;1;A01
201000047953;0;7;0;0;2;3;1;B01
201000047953;0;7;0;0;2;1;1;A01
201000047954;0;7;0;0;2;3;15;A01
201000047954;0;1;0;0;2;1;1;B01
201000047955;0;30;0;0;2;1;1;A01
201000047955;0;7;0;0;2;3;1;B01
201000047956;0;7;0;1;2;7;18;A01
201000047956;0;2;0;0;2;8;1;B01
201000047957;0;7;0;0;2;3;2;A01
201000047957;0;32;0;0;0;4;2;B01
201000047958;0;32;0;0;2;1;1;B01
201000047958;0;7;0;0;2;5;15;A01
201000047959;0;32;0;0;2;1;1;B01
201000047959;0;7;0;0;2;7;15;A01
201000047960;0;1;0;0;2;1;1;B01
201000047960;0;7;0;0;9;8;22;A01
201000047961;0;7;0;0;1;1;1;A01
201000047962;0;7;0;0;2;3;9;A01
201000047962;0;34;0;0;2;2;1;B01
201000047963;0;30;0;0;2;1;1;A01
201000047963;0;7;0;0;2;3;1;B01
201000047964;0;7;0;0;1;2;1;A01
201000047965;0;7;0;0;2;5;1;B01
201000047965;0;34;0;0;2;3;3;A01
201000047965;0;33;0;0;9;1;1;C01
201000047966;0;33;0;0;9;1;1;A01
201000047966;0;32;0;0;2;4;1;B01
201000047967;0;7;0;0;2;6;1;B01
201000047967;0;30;0;0;2;2;1;A01
201000047968;0;33;0;0;2;4;1;B01
201000047968;0;33;0;0;2;1;1;A01
201000047969;0;10;0;0;1;6;0;A01
201000047969;0;1;0;1;0;7;1;B01
201000047970;0;7;0;0;1;4;4;A01
201000047971;0;7;0;0;2;1;1;A01
201000047971;0;34;0;0;2;2;19;B01
201000047972;0;33;0;0;2;4;1;B01
201000047972;0;7;0;0;2;4;1;A01
201000047973;0;30;0;0;2;8;1;B01
201000047973;0;7;0;0;2;1;15;A01
201000047974;0;7;0;0;2;1;15;A01
201000047974;0;7;0;0;2;3;1;B01
201000047975;0;7;0;0;2;1;15;A01
201000047975;0;30;0;0;2;1;15;B01
201000047976;0;7;0;0;2;1;1;A01
201000047976;0;7;0;0;2;8;1;B01
201000047977;0;7;0;0;2;2;16;A01
201000047977;0;34;0;0;2;1;1;B01
201000047978;0;2;0;0;2;1;0;A01
201000047978;0;7;0;0;2;3;15;B01
201000047979;0;2;0;0;2;1;1;B01
201000047979;0;7;0;0;2;8;10;A01
201000047980;0;7;0;0;1;2;1;A01
201000047981;0;30;0;0;1;1;1;A01
201000047982;0;7;0;0;1;4;4;A01
201000047983;0;32;0;0;2;1;1;A01
201000047983;0;7;0;0;2;1;1;B01
201000047984;0;7;0;0;2;4;1;B01
201000047984;0;7;0;0;2;1;1;A01
201000047985;0;2;0;0;2;1;1;A01
201000047985;0;7;0;0;2;3;1;B01
201000047986;0;31;0;0;2;3;23;B01
201000047986;0;7;0;6;2;1;1;A01
201000047987;0;7;0;0;2;0;1;B01
201000047987;0;32;0;0;2;1;1;A01
201000047988;0;1;0;0;1;1;1;A01
201000047989;0;7;0;0;1;2;7;A01
201000047990;0;33;0;0;1;1;17;A01
201000047991;0;7;0;0;1;1;15;A01
201000047992;0;7;0;0;2;1;1;A01
201000047992;0;7;0;0;2;1;1;B01
201000047993;0;17;0;0;1;3;16;A01
201000047994;0;7;0;0;2;8;10;A01
201000047994;0;30;0;0;2;1;1;B01
201000047995;0;33;0;0;2;1;1;A01
201000047995;0;7;0;0;2;4;1;B01
201000047996;0;7;0;0;2;5;12;A01
201000047996;0;34;0;0;2;1;1;B01
201000047997;0;10;0;0;1;3;1;A01
201000047997;0;7;0;0;1;1;1;B01
201000047998;0;7;0;0;2;3;1;B01
201000047998;0;7;0;14;2;2;1;A01
201000047999;0;33;0;0;2;1;1;A01
201000047999;0;7;0;0;2;1;9;B01
201000048000;0;30;0;0;2;1;1;A01
201000048000;0;7;0;0;2;8;15;B01
201000048001;0;7;0;0;1;2;1;A01
201000048002;0;33;0;10;2;0;1;A01
201000048002;0;10;0;0;2;3;11;B01
201000048003;0;30;0;0;2;5;1;B01
201000048003;0;7;0;0;2;1;23;C01
201000048003;1;7;0;0;2;0;15;A01
201000048004;0;7;0;0;1;7;1;A01
201000048005;0;33;0;0;1;1;1;A01
201000048006;0;32;0;0;2;8;1;B01