num_acc;senc;catv;occutc;obs;obsm;choc;manv;num_veh
201000048006;0;7;0;0;2;3;15;A01
201000048007;0;7;0;0;1;1;16;A01
201000048008;0;7;0;0;1;2;1;A01
201000048009;0;7;0;0;1;3;1;A01
201000048010;1;7;0;0;1;0;1;Z01
201000048011;0;33;0;0;2;1;1;B01
201000048011;0;7;0;0;2;3;15;A01
201000048012;0;7;0;0;2;1;13;A01
201000048013;0;32;0;0;2;4;23;B01
201000048013;0;7;0;0;2;1;1;A01
201000048014;0;33;0;0;2;1;1;A01
201000048014;0;7;0;0;2;8;1;B01
201000048015;0;7;0;0;1;1;1;A01
201000048016;0;32;0;0;2;1;1;A01
201000048016;0;32;0;0;2;4;15;B01
201000048017;0;7;0;0;2;8;1;A01
201000048017;0;32;0;0;2;7;1;B01
201000048018;1;7;0;0;1;1;0;Z01
201000048019;0;7;0;0;2;3;15;B01
201000048019;0;33;0;0;2;1;17;A01
201000048020;0;7;0;0;2;1;1;B01
201000048020;0;7;0;9;1;9;1;A01
201000048021;0;1;0;0;1;1;1;A01
201000048022;0;7;0;0;2;2;1;A01
201000048022;0;10;0;0;2;4;11;B01
201000048023;0;7;0;0;2;3;11;A01
201000048023;0;30;0;1;2;7;17;B01
201000048024;0;7;0;0;2;1;15;A01
201000048024;0;30;0;0;2;1;1;B01
201000048025;0;33;0;0;2;8;16;B01
201000048025;0;7;0;0;2;2;16;A01
201000048026;0;2;0;0;2;4;0;B01
201000048026;0;7;0;0;2;1;0;A01
201000048027;0;7;0;0;1;2;1;A01
201000048028;0;10;0;0;1;1;16;A01
201000048029;0;7;0;0;2;5;1;B01
201000048029;0;30;0;0;2;1;1;A01
201000048030;0;7;0;0;2;1;15;A01
201000048030;0;30;0;0;1;3;1;B01
201000048031;0;7;0;0;2;2;15;A01
201000048031;0;32;0;0;2;1;9;B01
201000048032;0;10;0;0;2;7;1;C01
201000048032;0;7;0;0;2;0;1;A01
201000048032;0;7;0;15;2;9;16;B01
201000048033;0;13;0;0;2;1;1;A01
201000048033;0;32;0;0;2;4;2;B01
201000048033;0;7;0;0;0;4;2;E02
201000048033;0;7;0;0;2;1;2;F01
201000048033;0;7;0;0;2;1;2;D01
201000048033;0;10;0;0;2;4;1;C01
201000048034;0;2;0;0;1;1;1;A01
201000048035;0;7;0;0;2;1;1;A01
201000048035;0;7;0;0;2;4;2;B01
201000048035;0;7;0;0;2;4;2;C01
201000048035;0;10;0;0;2;4;2;D01
201000048036;0;30;0;0;2;1;17;A01
201000048036;0;7;0;0;2;8;15;B01
201000048037;0;7;0;0;2;1;1;C01
201000048037;0;7;0;0;2;9;0;A01
201000048037;0;30;0;0;2;4;9;B01
201000048038;0;30;0;0;9;1;1;A01
201000048039;0;7;0;0;1;1;1;A01
201000048040;0;7;0;0;1;2;1;A01
201000048041;0;1;0;0;2;1;1;B01
201000048041;0;7;0;0;2;8;9;A01
201000048042;0;7;0;0;2;3;0;B01
201000048042;0;30;0;0;2;1;1;A01
201000048043;0;2;0;0;2;1;9;A01
201000048043;0;34;0;0;2;7;1;B01
201000048044;1;7;0;0;1;0;0;Z01
201000048045;0;32;0;0;2;7;17;A01
201000048045;0;7;0;0;2;3;15;B01
201000048046;0;2;0;0;2;1;1;A01
201000048046;0;7;0;0;2;8;1;B01
201000048047;0;7;0;0;2;1;15;A01
201000048047;0;1;0;0;2;1;1;B01
201000048048;0;33;0;0;2;7;17;A01
201000048048;0;7;0;0;2;8;1;B01
201000048049;0;32;0;0;2;2;17;A01
201000048049;0;7;0;0;2;3;15;B01
201000048050;0;32;0;0;1;1;1;A01
201000048051;0;7;0;0;1;3;15;A01
201000048052;0;7;0;0;2;2;1;A01
201000048052;0;7;0;0;2;1;15;B01
201000048053;0;7;0;0;1;1;1;A01
201000048054;0;2;0;0;2;1;19;A01
201000048054;0;32;0;0;2;1;18;B01
201000048055;0;32;0;0;1;9;15;A01
201000048056;0;1;0;0;2;1;1;B01
201000048056;0;7;0;0;2;3;22;A01
201000048057;0;30;0;0;1;1;1;A01
201000048058;0;30;0;0;2;1;1;B01
201000048058;0;7;0;0;2;6;4;A01
201000048059;0;10;0;0;1;7;1;A01
201000048060;0;31;0;0;2;4;23;B01
201000048060;0;7;0;0;2;1;2;A01
201000048061;0;33;0;0;1;1;1;A01
201000048062;0;10;0;0;2;2;1;A01
201000048062;0;7;0;0;2;7;1;B01
201000048063;0;7;0;0;2;3;6;B01
201000048063;0;30;0;0;2;1;17;A01
201000048064;0;7;0;0;1;5;1;A01
201000048065;0;20;0;0;1;2;9;A01
201000048066;0;30;0;0;2;2;17;B01
201000048066;0;7;0;0;2;3;13;A01
201000048067;0;31;0;0;2;9;13;A01
201000048067;0;7;0;0;2;3;1;B01
201000048068;0;7;0;0;2;2;12;A01
201000048068;0;33;0;0;2;8;1;B01
201000048069;0;7;0;0;1;3;15;A01
201000048070;0;7;0;0;1;1;16;A01
201000048071;0;1;0;1;0;7;17;B02
201000048071;0;13;0;0;2;8;24;A01
201000048072;0;7;0;1;2;1;1;A01
201000048072;0;7;0;0;2;4;1;B01
201000048073;0;14;0;0;2;5;16;A01
201000048073;0;1;0;11;2;8;1;B02
201000048074;0;7;0;9;0;0;23;C01
201000048074;0;7;0;0;2;8;1;A01
201000048074;0;7;0;0;2;5;23;D01
201000048074;0;7;0;0;2;1;15;B01
201000048075;0;7;0;0;1;3;1;A01
201000048076;0;7;0;0;2;1;15;A01
201000048076;0;7;0;0;2;3;1;B01
201000048077;0;31;0;0;1;1;1;A01
201000048078;0;7;0;0;1;1;1;A01
201000048079;0;7;0;0;1;1;1;A01
201000048080;0;33;0;0;2;7;17;B01
201000048080;0;7;0;0;2;3;15;A01
201000048081;0;7;0;0;1;1;1;A01
201000048082;0;7;0;0;2;4;1;B01
201000048082;0;30;0;0;2;1;2;A01
201000048083;0;33;0;0;2;1;2;B01
201000048083;0;7;0;0;2;5;1;A01
201000048084;0;7;0;0;1;1;16;A01
201000048085;0;2;0;0;2;1;17;A01
201000048085;0;7;0;0;2;8;10;B01
201000048086;0;32;0;0;2;1;1;B01
201000048086;0;7;0;0;2;1;15;A01
201000048087;0;7;0;0;2;1;15;B01
201000048087;0;7;0;15;2;3;1;A01
201000048088;0;7;0;0;2;5;15;B01
201000048088;0;30;0;0;2;1;1;A01
201000048089;0;7;0;0;1;2;1;A01
201000048090;0;31;0;0;1;1;1;A01
201000048091;0;33;0;0;2;7;17;B01
201000048091;0;7;0;0;2;8;13;A01
201000048092;0;7;0;0;2;6;15;A01
201000048092;0;30;0;0;2;7;17;B01
201000048093;0;7;0;0;2;4;23;B01
201000048093;0;7;0;0;2;1;2;A01
201000048094;0;30;0;1;0;1;1;A01
201000048094;0;10;0;0;2;8;24;B01
201000048095;0;30;0;0;2;2;17;B01
201000048095;0;7;0;0;2;8;10;A01
201000048096;0;30;0;0;1;1;1;A01
201000048097;0;32;0;0;2;1;17;B01
201000048097;0;7;0;0;2;8;15;A01
201000048098;0;7;0;0;1;4;4;A01
201000048099;0;7;0;0;1;0;0;A01
201000048100;0;32;0;0;1;0;1;A01
201000048101;0;7;0;0;1;2;2;A01
201000048101;0;7;0;0;0;4;23;B01
201000048102;0;30;0;0;0;0;1;A01
201000048103;0;1;0;0;1;1;1;A01
201000048104;0;31;0;0;2;2;17;A01
201000048104;0;7;0;0;2;3;15;B01
201000048105;0;7;0;0;1;8;1;A01
201000048106;0;7;0;0;1;3;1;A01
201000048107;0;7;0;0;2;2;2;A01
201000048107;0;7;0;0;2;4;1;B01
201000048108;0;7;0;0;1;1;1;A01
201000048109;0;2;0;0;2;1;9;A01
201000048109;0;7;0;0;2;7;1;B01
201000048110;0;7;0;14;0;3;1;A01
201000048111;0;32;0;0;2;1;1;B01
201000048111;0;7;0;0;2;3;19;A01
201000048112;0;33;0;0;1;1;1;A01
201000048113;0;7;0;0;1;1;1;A01
201000048114;1;30;0;0;1;1;0;A01
201000048115;0;7;0;0;2;2;1;A01
201000048115;0;7;0;0;2;3;15;B01
201000048116;0;7;0;0;2;1;1;A01
201000048116;0;7;0;0;2;4;1;B01
201000048117;0;7;0;0;2;4;0;B01
201000048117;0;30;0;0;2;1;1;A01
201000048118;0;2;0;0;0;0;0;A01
201000048119;0;30;0;0;2;1;15;A01
201000048119;0;7;0;0;2;8;1;B01
201000048120;0;1;0;0;1;1;0;A01
201000048121;0;7;0;0;2;2;15;A01
201000048121;0;1;0;0;2;1;1;B01
201000048122;0;7;0;0;1;3;1;A01
201000048123;0;33;0;0;2;1;17;A01
201000048123;0;7;0;0;2;3;15;B01
201000048124;0;7;0;0;2;1;0;A01
201000048124;0;1;0;0;2;8;0;B01
201000048125;0;7;0;0;1;1;1;A01
201000048126;0;7;0;14;0;4;23;B01
201000048126;0;7;0;14;0;4;23;C01
201000048126;0;7;0;14;0;1;2;A01
201000048126;0;7;0;0;0;4;23;D01
201000048127;0;7;0;0;2;2;1;A01
201000048127;0;7;0;0;2;3;20;B01
201000048128;0;33;0;0;2;1;1;B01
201000048128;0;7;0;0;2;5;11;A01
201000048129;0;30;0;0;2;2;1;A01
201000048129;0;7;0;0;2;3;0;B01
201000048130;0;7;0;0;1;1;1;A01
201000048131;0;7;0;0;2;3;1;A01
201000048131;0;2;0;0;2;2;1;B01
201000048132;0;7;0;0;1;3;1;A01
201000048133;0;7;0;15;0;1;1;A01
201000048134;0;7;0;0;1;1;1;A01
201000048135;0;1;0;0;2;1;5;A01
201000048135;0;7;0;0;9;1;2;B01
201000048136;0;7;0;0;0;5;15;B01
201000048136;0;1;0;0;2;1;1;A01
201000048137;0;7;0;0;1;1;1;A01
201000048138;0;7;0;0;1;1;1;A01
201000048139;0;7;0;0;2;6;1;A01
201000048139;0;2;0;0;2;1;1;B01
201000048140;0;7;0;0;0;0;9;A01
201000048140;0;33;0;0;2;0;21;B01
201000048141;0;7;0;0;2;3;9;A01
201000048141;0;7;0;0;2;7;1;B01
201000048142;0;7;0;0;2;1;1;C01
201000048142;0;7;0;1;2;2;1;B01
201000048142;0;7;0;0;2;3;16;A01
201000048143;0;7;0;2;0;1;1;A01
201000048144;0;31;0;4;2;8;2;A01
201000048144;0;7;0;0;2;6;13;B01
201000048145;0;7;0;0;2;1;13;A01
201000048145;0;1;0;0;2;1;1;B01
201000048146;0;37;1;0;1;1;15;A01
201000048147;0;33;0;0;2;1;18;A01
201000048147;0;7;0;0;0;0;0;B01
201000048148;0;7;0;4;0;2;1;A01
201000048149;0;7;0;3;0;8;1;A01
201000048150;0;2;0;0;1;7;1;A01
201000048151;0;2;0;0;2;3;18;A01
201000048151;0;7;0;0;0;4;20;B01
201000048152;0;7;0;0;1;2;1;A01
201000048153;0;7;0;0;2;1;9;A01
201000048153;0;7;0;0;2;5;1;B01
201000048154;0;31;0;0;2;1;1;B01
201000048154;0;7;0;0;2;3;15;A01
201000048155;0;7;0;0;0;8;24;B01
201000048155;0;7;0;1;0;2;1;A01
201000048156;0;10;0;0;1;3;15;A01
201000048157;0;7;0;0;1;4;4;A01
201000048158;0;7;0;0;1;3;1;A01
201000048159;1;33;0;0;1;1;2;A01
201000048160;0;7;0;0;1;1;16;A01
201000048161;0;7;0;1;0;3;1;A01
201000048162;0;7;0;0;2;1;1;A01
201000048162;0;1;0;0;2;1;2;B01
201000048163;0;10;0;0;1;4;20;A01
201000048164;0;7;0;0;2;5;23;C01
201000048164;0;7;0;0;2;5;23;B01
201000048164;0;32;0;0;2;3;18;A01
201000048165;0;33;0;0;2;1;1;B01
201000048165;0;7;0;0;2;1;15;A01
201000048166;0;7;0;1;0;3;20;A01
201000048167;0;7;0;0;2;6;15;A01
201000048167;0;33;0;0;2;1;1;B01
201000048168;0;7;0;0;2;1;2;A01
201000048168;0;10;0;0;2;4;2;B01
201000048169;0;7;0;0;1;1;16;A01
201000048170;0;7;0;0;2;3;0;A01
201000048170;0;33;0;0;2;1;0;B01
201000048171;0;10;0;0;1;1;1;A01
201000048172;0;7;0;0;1;1;16;A01
201000048173;0;2;0;0;2;1;2;A01
201000048173;0;7;0;0;9;6;15;B01
201000048174;0;31;0;0;2;1;1;B01
201000048174;0;15;0;0;2;7;16;A01
201000048175;0;7;0;0;1;4;4;A01
201000048176;0;7;0;0;1;3;1;A01
201000048177;0;7;0;0;2;5;20;B01
201000048177;0;2;0;0;2;1;1;A01
201000048178;0;30;0;0;1;1;1;A01
201000048179;0;31;0;0;1;1;1;A01
201000048180;0;7;0;0;1;3;15;A01
201000048181;0;2;0;0;2;1;1;B01
201000048181;0;7;0;0;9;5;15;A01
201000048182;0;7;0;0;2;2;20;A01
201000048182;0;30;0;0;2;3;1;B01
201000048183;0;7;0;0;2;3;10;A01
201000048183;0;30;0;0;2;1;1;B01
201000048184;0;7;0;0;1;2;1;A01
201000048185;0;10;0;0;0;6;23;B01
201000048185;0;30;0;0;2;2;2;A01
201000048186;0;7;0;0;2;8;13;A01
201000048186;0;10;0;0;2;2;1;B01
201000048187;0;7;0;0;2;4;15;B01
201000048187;0;10;0;0;2;3;1;A01
201000048188;0;2;0;0;2;1;1;A01
201000048188;0;7;0;0;2;1;15;B01
201000048189;0;7;0;0;2;3;15;B01
201000048189;0;30;0;0;2;1;17;A01
201000048190;0;1;0;0;2;1;2;A01
201000048190;0;7;0;0;2;4;23;B01
201000048191;0;7;0;0;1;1;20;A01
201000048192;0;7;0;0;1;1;15;A01
201000048193;0;7;0;0;2;0;2;C01
201000048193;0;7;0;0;2;4;15;A01
201000048193;0;7;0;0;2;4;2;B01
201000048194;0;7;0;0;2;0;2;C01
201000048194;0;33;0;0;2;7;1;A01
201000048194;0;10;0;0;0;0;1;B01
201000048195;0;7;0;0;2;7;1;B01
201000048195;0;7;0;0;2;8;13;A01
201000048196;0;37;1;0;1;1;1;A01
201000048197;0;33;0;0;2;1;2;A01
201000048197;0;7;0;0;2;6;16;B01
201000048198;0;7;0;0;1;3;15;A01
201000048199;0;7;0;0;2;7;1;A01
201000048199;0;7;0;0;2;1;1;B01
201000048200;0;7;0;0;1;3;1;A01
201000048201;0;1;0;0;2;0;2;B01
201000048201;0;7;0;0;9;1;2;A01
201000048202;0;10;0;0;2;3;24;A01
201000048202;0;1;0;1;0;8;1;B01
201000048203;0;7;0;0;2;2;15;A01
201000048203;0;32;0;0;2;1;1;B01
201000048204;0;1;0;1;0;1;1;B01
201000048204;0;10;0;0;2;8;24;A01
201000048205;0;7;0;0;2;3;1;A01
201000048205;0;2;0;0;2;2;1;B01
201000048206;0;7;0;12;0;6;0;A01
201000048207;0;7;0;0;1;7;1;A01
201000048208;0;32;0;0;2;1;17;B01
201000048208;0;7;0;0;2;3;15;A01
201000048209;0;7;0;0;2;2;2;A01
201000048209;0;33;0;0;0;4;23;B01
201000048210;0;7;0;0;2;3;15;A01
201000048210;0;2;0;0;2;1;1;B01
201000048211;0;7;0;0;2;7;15;A01
201000048211;0;32;0;0;2;1;1;B01
201000048212;0;10;0;0;2;6;10;A01
201000048212;0;33;0;0;2;1;1;B01
201000048213;0;7;0;0;2;5;15;B01
201000048213;0;7;0;0;2;3;9;A01
201000048214;0;7;0;0;2;6;9;A01
201000048214;0;33;0;0;2;1;1;B01
201000048215;0;33;0;0;2;1;1;B01
201000048215;0;7;0;0;9;8;15;A01
201000048216;0;7;0;0;1;2;15;A01
201000048217;0;33;0;0;2;9;1;B01
201000048217;0;7;0;0;9;1;10;A01
201000048218;0;2;0;0;2;1;1;A01
201000048218;0;7;0;0;9;6;15;B01
201000048219;0;33;0;0;2;1;0;A01
201000048219;0;7;0;0;9;5;0;B01
201000048220;0;7;0;3;9;1;9;A01
201000048221;0;10;0;0;1;0;0;A01
201000048222;0;7;0;0;2;1;1;A01
201000048222;0;7;0;0;2;4;1;B01
201000048223;0;33;0;0;2;1;1;A01
201000048223;0;7;0;0;9;8;15;B01
201000048224;0;7;0;14;0;1;16;A01
201000048225;0;7;0;0;9;4;23;C01
201000048225;0;7;0;0;9;2;1;A01
201000048225;0;33;0;0;0;1;23;B01
201000048226;0;7;0;0;1;1;1;A01
201000048227;0;2;0;0;2;1;1;B01
201000048227;0;7;0;0;9;1;16;A01
201000048228;0;30;0;0;0;1;1;B01
201000048228;0;10;0;0;9;2;15;A01
201000048229;0;33;0;0;2;1;1;B01
201000048229;0;7;0;0;9;3;1;A01
201000048230;0;7;0;0;9;3;1;A01
201000048230;0;2;0;0;0;1;1;B01
201000048231;0;1;0;0;0;7;1;B01
201000048231;0;7;0;0;9;1;15;A01
201000048232;0;7;0;0;2;1;1;A01
201000048232;0;7;0;1;0;4;1;B01
201000048233;0;13;0;0;9;2;16;A01
201000048233;0;1;0;0;2;1;19;B01
201000048234;0;7;0;0;1;1;1;A01
201000048235;0;1;0;0;2;4;15;B01
201000048235;0;7;0;0;9;1;17;A01
201000048236;0;7;0;0;1;2;1;B01
201000048237;0;34;0;0;2;7;1;A01
201000048237;0;7;0;0;9;1;1;B01
201000048238;0;7;0;0;1;3;11;A01
201000048239;0;30;0;8;2;1;15;A01
201000048239;0;7;0;0;9;6;23;B01
201000048240;0;7;0;0;2;1;1;A01
201000048240;0;33;0;0;2;4;1;B01
201000048241;0;7;0;0;2;3;2;A01
201000048241;0;7;0;0;2;4;2;B01
201000048241;0;7;0;0;2;4;20;C01
201000048242;0;7;0;0;1;1;15;A01
201000048243;0;33;0;0;2;0;2;A01
201000048243;0;10;0;0;9;6;2;B01
201000048244;0;7;0;0;1;1;1;A01
201000048245;0;7;0;0;2;1;1;A01
201000048245;0;31;0;0;2;4;15;B01
201000048246;0;7;0;0;2;2;10;A01
201000048246;0;7;0;0;2;3;1;B01
201000048247;1;7;0;0;0;0;15;A01
201000048247;0;30;0;0;2;7;1;B01
201000048248;0;13;0;0;1;0;4;A01
201000048249;0;7;0;0;2;6;20;B01
201000048249;0;30;0;0;2;1;1;A01
201000048250;0;2;0;0;0;7;1;B01
201000048250;0;2;0;0;2;1;15;A01
201000048251;0;7;0;0;2;3;1;B01
201000048251;2;7;0;0;2;1;1;A01
201000048252;0;14;0;0;2;4;23;B01
201000048252;0;7;0;0;2;1;2;A01
201000048253;0;7;0;0;1;2;1;A01
201000048254;0;7;0;0;1;1;1;A01
201000048255;0;7;0;0;1;3;15;A01
201000048256;0;10;0;0;1;3;15;A01
201000048257;0;10;0;1;0;2;21;B01
201000048258;0;7;0;0;1;2;1;A01
201000048259;0;7;0;0;2;2;1;B01
201000048259;0;31;0;0;2;3;5;A01
201000048260;0;7;0;0;2;4;1;C01
201000048260;0;7;0;0;2;1;1;A01
201000048260;0;7;0;0;2;1;1;B01
201000048261;0;7;0;0;2;5;1;A01
201000048261;0;7;0;0;2;3;15;B01
201000048262;0;10;0;0;2;2;16;B01
201000048262;0;7;0;0;2;3;16;A01
201000048263;0;7;0;0;1;2;1;A01
201000048264;0;7;0;0;2;8;15;B01
201000048264;0;32;0;0;2;1;5;A01
201000048265;0;7;0;0;1;1;15;A01
201000048266;0;31;0;0;2;2;1;B01
201000048266;0;7;0;0;2;3;15;A01
201000048267;0;13;0;0;1;1;1;A01
201000048268;0;7;0;0;1;3;1;A01
201000048269;0;7;0;0;0;0;23;B01
201000048269;0;31;0;0;0;0;21;A01
201000048270;0;2;0;0;2;7;17;A01
201000048270;0;7;0;0;2;3;15;B01
201000048271;0;32;0;0;1;1;1;A01
201000048272;0;7;0;0;1;2;1;A01
201000048273;0;7;0;0;1;2;1;A01
201000048274;0;7;0;0;1;8;0;A01
201000048275;0;7;0;0;0;4;0;B01
201000048275;0;7;0;0;2;1;0;A01
201000048276;0;14;0;0;1;0;1;A01
201000048277;0;10;0;0;2;4;1;B01
201000048277;1;7;0;0;2;1;1;Z01
201000048278;0;33;0;0;1;1;12;A01
201000048279;0;7;0;0;2;7;1;A01
201000048279;0;7;0;0;2;2;16;B01
201000048280;0;7;0;0;2;1;15;A01
201000048280;0;7;0;0;2;1;1;B01
201000048281;0;13;0;0;2;2;16;A01
201000048281;0;14;0;0;2;4;24;C01
201000048281;0;33;0;0;2;1;1;B01
201000048282;0;15;0;0;2;3;0;A01
201000048282;0;1;0;0;2;1;1;B01
201000048283;0;31;0;0;2;8;17;A01
201000048283;0;7;0;0;2;8;1;D01
201000048283;0;7;0;0;2;3;1;C01
201000048284;0;7;0;0;2;9;23;C01
201000048284;0;7;0;0;2;8;23;B01
201000048284;0;14;0;0;2;8;16;A01
201000048284;0;7;0;0;2;2;1;D01
201000048284;0;14;0;0;2;3;1;E01
201000048285;0;33;0;0;2;7;17;B01
201000048285;0;7;0;0;2;2;15;A01
201000048286;0;7;0;0;2;4;23;B01
201000048286;0;2;0;0;0;1;2;A01
201000048287;0;7;0;0;2;1;1;A01
201000048287;0;33;0;0;2;3;16;B01
201000048288;0;32;0;0;2;1;1;A01
201000048288;0;7;0;0;2;3;15;B01
201000048289;0;33;0;0;2;7;1;B01
201000048289;0;32;0;0;2;1;1;A01
201000048290;0;2;0;0;2;0;1;B01
201000048290;0;7;0;0;1;3;0;A01
201000048291;0;7;0;0;0;5;1;B01
201000048291;0;33;0;0;2;8;21;A01
201000048291;1;7;0;0;0;0;15;C01
201000048292;0;7;0;0;1;5;1;A01
201000048293;0;32;0;0;2;1;1;B01
201000048293;0;7;0;0;2;5;12;A01
201000048294;0;10;0;0;2;7;1;B01
201000048294;0;7;0;0;2;7;15;A01
201000048295;1;7;0;0;2;1;1;Z01
201000048295;0;32;0;0;2;6;1;B01
201000048296;0;7;0;0;2;2;15;A01
201000048296;0;7;0;0;1;3;1;B01
201000048297;0;32;0;0;2;1;1;B01
201000048297;0;7;0;0;2;3;15;A01
201000048298;0;7;0;0;2;2;21;A01
201000048298;0;2;0;0;2;3;1;B01
201000048299;0;7;0;0;1;4;4;A01
201000048300;0;2;0;0;2;7;17;A01
201000048300;0;7;0;0;2;7;15;B01
201000048301;0;10;0;0;2;2;4;A01
201000048301;0;7;0;0;2;5;18;B01
201000048302;0;30;0;0;1;1;17;A01
201000048303;0;33;0;0;2;1;21;A01
201000048303;0;7;0;0;2;6;23;B01
201000048304;0;38;1;0;2;4;23;E01
201000048304;0;7;0;0;2;1;21;C01
201000048304;0;7;0;0;2;9;23;D01
201000048304;0;7;0;0;2;4;23;B01
201000048304;0;7;0;0;2;1;1;A01
201000048305;0;32;0;0;2;1;1;A01
201000048305;0;7;0;0;0;4;23;B01
201000048306;0;10;0;0;2;4;1;B01
201000048306;0;30;0;0;2;1;1;A01
201000048307;0;7;0;0;2;2;1;A01
201000048307;0;7;0;0;2;3;15;B01
201000048308;0;1;0;0;2;7;14;A01
201000048308;0;7;0;0;2;3;1;B01
201000048309;0;7;0;0;2;3;15;A01
201000048309;0;33;0;0;2;7;1;B01
201000048310;0;7;0;0;1;2;1;A01
201000048311;0;7;0;0;1;2;1;A01
201000048312;0;7;0;0;1;1;1;A01
201000048313;0;7;0;0;2;0;0;B01
201000048313;0;14;0;0;2;2;15;A01
201000048314;0;7;0;0;2;2;14;A01
201000048314;0;32;0;0;2;0;0;B01
201000048315;0;10;0;0;1;4;4;Z01
201000048316;0;7;0;0;2;1;1;A01
201000048316;0;7;0;0;2;4;23;B01
201000048317;0;10;0;0;1;2;1;A01
201000048318;0;2;0;0;2;1;1;B01
201000048318;0;7;0;0;2;6;9;A01
201000048319;0;7;0;0;1;1;1;A01
201000048320;0;7;0;0;1;1;1;A01
201000048321;0;30;0;0;2;6;15;B01
201000048321;1;7;0;0;2;1;17;Z01
201000048322;0;7;0;0;1;5;4;A01
201000048323;0;7;0;0;2;3;1;B01
201000048323;2;32;0;0;2;1;5;A01
201000048324;0;32;0;0;2;8;1;B01
201000048324;0;7;0;0;2;7;16;A01
201000048325;1;7;0;0;1;0;1;Z01
201000048326;0;7;0;0;1;4;4;A01
201000048327;0;7;0;3;2;1;1;B01
201000048327;0;7;0;0;2;1;1;A01
201000048328;0;7;0;0;2;1;2;A01
201000048328;0;7;0;0;2;4;2;B01
201000048329;0;7;0;0;2;3;1;B01
201000048329;0;32;0;0;2;6;16;A01
201000048330;0;7;0;0;1;3;1;A01
201000048331;0;7;0;0;1;1;15;A01
201000048332;0;2;0;0;2;8;15;A01
201000048332;0;7;0;0;2;2;1;B01
201000048333;0;7;0;0;1;3;1;A01
201000048334;0;7;0;0;2;0;1;B01
201000048334;0;30;0;0;2;1;0;A01
201000048335;0;10;0;0;2;2;24;A01
201000048335;0;7;0;0;2;3;1;B01
201000048336;0;34;0;0;2;1;1;A01
201000048336;0;32;0;0;2;4;23;B01
201000048337;0;32;0;0;2;1;0;A01
201000048337;0;7;0;0;2;1;15;B01
201000048338;0;7;0;0;1;1;1;A01
201000048339;0;7;0;0;1;3;1;A01
201000048340;0;7;0;0;1;1;1;A01
201000048341;0;37;0;0;1;7;16;A01
201000048342;0;7;0;0;2;3;1;B01
201000048342;0;1;0;0;2;1;1;A01
201000048343;0;7;0;0;2;4;4;A01
201000048344;0;32;0;0;2;7;16;A01
201000048344;0;7;0;0;2;8;16;B01
201000048345;0;7;0;0;1;1;1;A01
201000048346;0;30;0;0;2;1;1;B01
201000048346;0;7;0;0;2;5;16;A01
201000048347;0;10;0;0;1;1;1;A01
201000048348;0;7;0;0;2;1;1;A01
201000048348;0;1;0;0;2;8;19;B01
201000048349;0;2;0;0;2;1;1;B01
201000048349;0;7;0;0;2;7;15;A01
201000048350;0;7;0;0;2;3;15;A01
201000048350;0;32;0;0;2;7;1;B01
201000048351;0;32;0;0;2;1;1;A01
201000048352;0;33;0;0;1;1;1;A01
201000048353;0;7;0;0;2;1;1;A01
201000048353;0;7;0;0;2;6;1;B01
201000048354;0;33;0;0;2;1;1;A01
201000048354;0;7;0;0;2;4;23;B01
201000048355;0;33;0;0;1;1;1;A01
201000048356;0;33;0;0;1;1;17;A01
201000048357;0;33;0;0;2;2;15;B01
201000048357;0;7;0;0;2;8;15;A01
201000048358;0;33;0;0;2;2;17;A01
201000048358;0;7;0;0;2;3;15;B01
201000048359;0;31;0;0;1;1;17;A01
201000048360;0;7;0;0;2;4;1;B01
201000048360;0;7;0;0;2;1;2;A01
201000048361;0;33;0;0;2;8;1;B01
201000048361;0;10;0;0;2;2;15;A01
201000048362;0;30;0;0;2;7;2;B01
201000048362;0;7;0;0;2;3;1;A01
201000048363;0;7;0;0;1;5;1;A01
201000048364;0;32;0;0;2;1;21;A01
201000048364;0;7;0;0;2;8;23;B01
201000048365;0;7;0;0;2;4;23;B01
201000048365;0;31;0;0;2;1;1;A01
201000048366;0;33;0;0;2;4;1;A01
201000048366;0;7;0;0;2;6;11;B01
201000048367;0;7;0;0;1;1;1;A01
201000048368;1;7;0;0;1;3;0;Z01
201000048369;0;7;0;0;2;1;5;A01
201000048369;0;31;0;0;2;1;1;B01
201000048370;0;37;1;0;1;5;1;A01
201000048371;0;7;0;0;2;1;2;A01
201000048371;0;7;0;0;2;4;23;B01
201000048372;0;7;0;0;1;2;15;A01
201000048373;0;7;0;0;1;1;1;A01
201000048374;0;7;0;0;1;1;1;A01
201000048375;0;7;0;0;2;2;1;B01
201000048375;0;7;0;0;2;8;20;A01
201000048376;0;7;0;0;2;5;1;B01
201000048376;0;30;0;0;2;0;1;A01
201000048377;0;33;0;0;1;1;1;A01
201000048378;0;10;0;0;1;2;1;A01
201000048379;0;7;0;0;1;1;15;A01
201000048380;0;7;0;0;1;1;1;A01
201000048381;0;7;0;0;2;1;1;A01
201000048381;0;7;0;0;2;3;9;B01
201000048382;0;7;0;0;1;1;1;A01
201000048383;0;7;0;0;2;6;1;A01
201000048383;0;7;0;0;2;2;9;B01
201000048384;0;7;0;0;2;1;1;C01
201000048384;0;7;0;0;2;4;1;D01
201000048384;0;7;0;0;2;1;1;B01