num_acc;senc;catv;occutc;obs;obsm;choc;manv;num_veh
201000048384;0;7;0;0;2;1;1;A01
201000048385;0;7;0;0;2;8;15;A01
201000048385;0;32;0;0;2;1;17;B01
201000048386;0;7;0;0;2;4;1;B01
201000048386;0;7;0;0;2;1;1;A01
201000048387;0;7;0;0;2;1;15;A01
201000048387;0;7;0;0;2;3;1;B01
201000048388;0;33;0;0;2;9;1;B01
201000048388;0;7;0;0;2;1;15;A01
201000048389;0;7;0;0;2;2;1;B01
201000048389;0;33;0;0;2;1;1;A01
201000048390;0;14;0;1;2;4;24;A01
201000048390;0;2;0;0;2;1;1;B01
201000048391;0;33;0;0;2;1;1;A01
201000048391;0;7;0;0;2;3;10;B01
201000048392;0;7;0;0;2;2;9;A01
201000048392;0;31;0;0;2;1;1;B01
201000048393;0;32;0;0;2;1;1;A01
201000048393;0;7;0;0;2;1;15;B01
201000048394;0;7;0;0;2;2;1;B01
201000048394;0;33;0;0;2;1;1;A01
201000048395;0;7;0;0;2;4;2;A01
201000048395;0;7;0;0;2;1;2;B01
201000048396;0;7;0;0;1;4;4;A01
201000048397;0;7;0;0;2;1;15;B01
201000048397;0;33;0;0;2;2;1;A01
201000048398;0;7;0;0;2;9;17;A01
201000048398;0;7;0;0;2;1;1;B01
201000048398;0;7;0;0;2;8;1;C01
201000048398;0;7;0;0;2;3;24;D01
201000048399;0;7;0;0;2;1;1;B01
201000048399;0;7;0;0;2;2;1;A01
201000048400;0;32;0;0;2;1;17;A01
201000048400;0;7;0;0;2;3;15;B01
201000048401;0;32;0;0;2;1;1;B01
201000048401;0;7;0;0;2;2;15;A01
201000048402;0;13;0;0;2;3;1;B01
201000048402;0;7;0;0;2;8;15;A01
201000048403;0;7;0;0;2;8;1;B01
201000048403;0;30;0;0;2;3;13;A01
201000048404;0;7;0;0;2;8;15;A01
201000048404;0;7;0;0;2;1;1;B01
201000048405;0;7;0;0;2;1;1;A01
201000048405;0;7;0;0;2;4;1;B01
201000048406;0;7;0;0;2;2;15;A01
201000048406;0;7;0;0;2;3;1;B01
201000048407;0;7;0;0;2;1;15;A01
201000048407;0;7;0;0;2;8;1;B01
201000048408;0;7;0;0;2;6;2;B01
201000048408;0;30;0;0;2;1;2;A01
201000048409;0;7;0;0;2;1;1;B01
201000048409;0;34;0;0;2;1;15;A01
201000048410;0;2;0;0;2;1;1;A01
201000048410;0;7;0;0;2;4;1;B01
201000048411;0;1;0;0;2;1;16;A01
201000048411;0;7;0;0;2;1;1;B01
201000048412;0;7;0;0;2;3;15;A01
201000048412;0;7;0;0;2;3;1;B01
201000048413;0;33;0;0;2;1;1;A01
201000048413;0;7;0;0;2;8;15;B01
201000048414;0;7;0;0;1;4;4;A01
201000048415;0;33;0;0;1;1;1;A01
201000048416;0;32;0;0;2;7;1;B01
201000048416;0;7;0;0;2;1;15;A01
201000048417;0;7;0;0;2;1;1;A01
201000048417;0;7;0;0;2;3;1;B01
201000048418;0;1;0;0;2;4;23;B01
201000048418;0;7;0;0;2;3;2;A01
201000048419;0;37;1;0;1;2;1;A01
201000048420;0;34;0;0;2;7;17;B01
201000048420;0;7;0;0;2;3;13;A01
201000048421;0;7;0;0;2;1;2;A01
201000048421;0;7;0;0;2;4;2;B01
201000048422;0;7;0;0;1;7;0;A01
201000048423;0;2;0;0;2;8;1;B01
201000048423;0;7;0;0;2;2;16;A01
201000048424;0;2;0;0;2;1;1;A01
201000048424;0;7;0;0;2;7;1;B01
201000048425;0;7;0;0;1;1;1;A01
201000048426;0;7;0;0;2;3;15;A01
201000048426;0;33;0;0;2;1;1;B01
201000048427;0;1;0;0;2;1;1;A01
201000048427;0;2;0;0;2;1;1;B01
201000048428;0;7;0;0;2;8;15;B01
201000048428;0;2;0;0;2;1;17;A01
201000048429;0;7;0;0;1;2;1;A01
201000048430;0;30;0;0;2;1;1;B01
201000048430;0;7;0;0;2;1;15;A01
201000048431;0;7;0;0;2;1;15;A01
201000048431;0;32;0;0;2;1;1;B01
201000048432;0;7;0;0;2;2;15;B01
201000048432;0;33;0;0;2;1;1;A01
201000048433;0;33;0;0;2;1;23;B01
201000048433;0;10;0;0;2;4;4;A01
201000048434;0;7;0;0;1;2;1;A01
201000048435;0;30;0;0;2;9;9;A01
201000048435;0;7;0;1;2;2;1;B01
201000048436;0;7;0;0;2;3;11;A01
201000048436;0;2;0;0;2;2;1;B01
201000048437;0;7;0;0;2;3;1;A01
201000048437;0;7;0;0;2;2;1;B01
201000048438;0;7;0;0;2;1;1;A01
201000048438;0;99;0;0;2;4;2;B01
201000048439;0;7;0;0;2;7;23;B01
201000048439;0;1;0;0;2;1;3;A01
201000048440;0;7;0;0;0;4;23;B01
201000048440;0;7;0;0;2;1;1;A01
201000048441;0;7;0;0;1;1;15;A01
201000048442;0;30;0;0;2;1;1;B01
201000048442;0;7;0;0;2;7;12;A01
201000048443;0;7;0;0;1;1;1;A01
201000048444;0;7;0;0;1;1;2;A01
201000048445;0;7;0;0;2;2;12;A01
201000048445;0;32;0;0;2;3;1;B01
201000048446;1;7;0;0;1;1;12;A01
201000048447;1;7;0;0;1;0;0;A01
201000048448;0;2;0;0;0;0;1;A01
201000048449;0;7;0;0;2;3;1;A01
201000048450;0;7;0;0;1;1;16;A01
201000048451;0;32;0;0;1;0;1;A01
201000048452;1;7;0;0;1;8;7;A01
201000048453;0;2;0;0;2;2;1;A01
201000048453;0;7;0;0;2;3;15;B01
201000048454;0;32;0;0;2;1;1;A01
201000048454;0;7;0;0;2;4;1;B01
201000048455;0;7;0;0;0;4;2;A01
201000048455;0;7;0;0;2;4;1;C01
201000048455;0;7;0;0;2;1;1;B01
201000048455;0;2;0;0;2;1;1;D01
201000048456;0;10;0;0;2;2;10;A01
201000048456;0;2;0;0;2;9;1;B01
201000048456;0;10;0;0;2;6;1;C01
201000048457;0;7;0;0;1;1;15;A01
201000048458;0;7;0;0;1;0;1;A01
201000048459;0;7;0;0;1;1;15;A01
201000048460;0;10;0;0;1;3;15;A01
201000048461;0;7;0;1;0;1;1;A01
201000048462;0;31;0;0;1;2;16;A01
201000048463;0;37;3;0;1;3;2;A01
201000048464;0;7;0;0;1;1;5;A01
201000048465;0;7;0;0;2;0;16;A01
201000048465;0;1;0;0;2;7;23;B01
201000048466;0;7;0;0;2;3;1;B01
201000048466;0;10;0;0;2;2;12;A01
201000048467;0;10;0;0;2;3;9;B01
201000048467;0;31;0;0;2;1;1;A01
201000048468;0;7;0;0;2;1;1;A01
201000048469;0;7;0;0;2;3;10;A01
201000048469;0;31;0;0;2;6;17;B01
201000048470;0;33;0;0;2;1;1;B01
201000048470;0;7;0;0;2;1;10;A01
201000048471;0;7;0;0;2;1;15;A01
201000048471;0;31;0;0;2;1;1;B01
201000048472;0;7;0;0;2;3;16;A01
201000048472;0;31;0;0;2;1;1;B01
201000048473;0;31;0;11;0;8;1;A01
201000048474;0;31;0;0;0;8;1;B01
201000048474;0;31;0;0;0;3;1;A01
201000048475;0;7;0;0;1;3;1;A01
201000048476;0;1;0;0;2;8;3;A01
201000048477;0;10;0;0;1;1;1;A01
201000048478;0;7;0;0;1;3;1;A01
201000048479;0;7;0;0;2;1;9;A01
201000048479;0;32;0;0;2;7;17;B01
201000048480;0;37;3;0;2;3;1;B01
201000048480;0;7;0;0;2;7;15;A01
201000048481;0;7;0;0;2;5;15;A01
201000048481;0;31;0;0;2;1;1;B01
201000048482;0;30;0;0;2;8;1;B01
201000048482;0;7;0;0;2;1;15;A01
201000048483;0;2;0;0;2;1;1;B01
201000048483;0;7;0;0;2;1;9;A01
201000048484;0;7;0;0;2;4;2;B01
201000048484;0;32;0;0;2;1;2;A01
201000048485;0;7;0;0;2;3;15;A01
201000048485;0;2;0;0;2;8;8;B01
201000048486;0;7;0;0;2;7;15;A01
201000048486;0;2;0;0;2;8;15;B01
201000048487;0;2;0;0;2;1;1;A01
201000048487;0;10;0;0;2;4;23;B01
201000048488;0;33;0;0;0;7;2;A01
201000048489;0;2;0;0;2;1;1;B01
201000048489;0;7;0;0;2;3;15;A01
201000048490;0;7;0;0;2;3;10;A01
201000048490;0;31;0;0;2;1;1;B01
201000048491;0;7;0;0;2;4;23;B01
201000048491;0;14;0;0;2;1;2;A01
201000048492;0;33;0;0;2;0;11;B01
201000048492;0;10;0;0;2;8;11;A01
201000048493;0;32;0;0;2;1;1;A01
201000048493;0;7;0;0;2;6;1;B01
201000048494;1;7;0;0;2;0;2;A01
201000048494;0;31;0;0;2;8;2;B01
201000048495;0;7;0;0;2;4;2;C01
201000048495;0;7;0;0;2;4;2;B01
201000048495;0;10;0;0;2;1;2;A01
201000048496;0;7;0;0;2;7;15;A01
201000048496;0;7;0;0;2;1;1;B01
201000048497;1;7;0;0;2;0;1;A01
201000048498;0;2;0;0;2;1;17;B01
201000048498;0;7;0;0;2;6;15;A01
201000048499;0;10;0;0;2;7;16;B01
201000048499;0;31;0;0;2;0;1;A01
201000048500;0;31;0;0;0;8;1;A01
201000048501;0;1;0;0;0;0;1;A01
201000048502;0;10;0;0;2;1;2;A01
201000048502;0;33;0;0;2;4;23;B01
201000048503;0;33;0;0;2;1;1;A01
201000048503;0;7;0;0;2;4;1;B01
201000048503;0;7;0;0;2;4;1;C01
201000048504;0;7;0;0;2;1;1;A01
201000048504;0;7;0;0;2;4;1;B01
201000048505;0;7;0;0;1;2;1;A01
201000048506;0;33;0;0;2;8;24;B01
201000048506;0;37;0;0;2;1;1;A01
201000048507;0;2;0;0;2;3;1;A01
201000048507;0;7;0;0;2;8;11;B01
201000048508;0;2;0;0;0;8;1;A01
201000048509;0;2;0;0;1;1;1;A01
201000048510;0;33;0;0;2;7;3;A01
201000048510;0;7;0;0;0;0;12;B01
201000048511;0;37;3;0;2;1;1;A01
201000048511;0;7;0;0;2;7;1;B01
201000048512;0;2;0;0;2;0;1;A01
201000048512;0;7;0;0;2;0;1;B01
201000048513;0;2;0;0;2;4;1;A01
201000048514;0;33;0;0;1;7;2;A01
201000048515;0;2;0;0;2;1;1;A01
201000048515;0;7;0;0;2;3;16;B01
201000048516;0;7;0;0;2;1;1;B01
201000048516;0;7;0;0;2;7;15;A01
201000048517;0;7;0;0;2;3;1;B01
201000048517;0;31;0;0;2;1;3;A01
201000048517;0;7;0;0;2;7;1;C01
201000048518;0;7;0;0;1;5;1;A01
201000048519;0;31;0;0;2;1;1;B01
201000048519;0;7;0;0;2;7;15;A01
201000048519;0;2;0;0;2;2;1;C01
201000048520;0;33;0;0;2;8;1;B01
201000048520;0;31;0;0;2;2;17;A01
201000048521;0;33;0;0;2;1;1;B01
201000048521;0;7;0;0;2;7;1;A01
201000048522;0;1;0;0;0;0;1;A01
201000048523;0;31;0;0;2;8;1;A01
201000048523;0;31;0;0;2;1;1;B01
201000048524;0;7;0;0;1;2;16;A01
201000048525;0;7;0;0;2;3;24;B01
201000048525;0;1;0;0;2;1;1;A01
201000048526;0;10;0;0;2;1;1;B01
201000048526;0;7;0;0;2;1;5;A01
201000048527;0;14;0;0;2;1;1;A01
201000048527;0;31;0;0;2;4;1;B01
201000048528;0;7;0;0;2;2;1;A01
201000048529;0;7;0;12;2;1;12;A01
201000048529;0;1;0;0;2;3;1;B01
201000048530;0;1;0;0;1;1;1;A01
201000048531;0;10;0;0;2;1;15;A01
201000048532;0;31;0;0;2;0;3;B01
201000048532;0;7;0;0;0;0;1;A01
201000048533;0;2;0;0;2;1;2;B01
201000048533;1;7;0;0;2;4;2;A01
201000048534;0;31;0;0;0;8;17;A01
201000048535;0;30;0;0;5;7;1;A01
201000048536;0;7;0;0;2;4;1;B01
201000048536;0;7;0;0;2;1;1;A01
201000048537;0;33;0;0;2;8;1;B01
201000048537;1;7;0;0;2;0;10;A01
201000048538;0;34;0;0;2;1;1;A01
201000048538;0;7;0;0;2;1;15;B01
201000048539;0;7;0;0;1;1;1;A01
201000048540;0;7;0;0;1;3;10;A01
201000048541;0;7;0;0;2;2;15;B01
201000048541;0;33;0;0;2;1;1;A01
201000048542;0;7;0;9;2;1;1;A01
201000048542;0;7;0;9;2;1;1;B01
201000048543;0;33;0;0;2;1;1;B01
201000048543;0;10;0;0;2;3;15;A01
201000048544;0;7;0;0;2;3;15;A01
201000048544;0;31;0;0;2;1;1;B01
201000048545;0;2;0;0;2;1;17;B01
201000048545;0;7;0;0;2;1;9;A01
201000048546;0;2;0;0;2;1;2;A01
201000048546;0;7;0;0;2;4;2;B01
201000048547;0;2;0;0;0;7;1;A01
201000048548;0;31;0;0;2;0;15;B01
201000048548;0;1;0;0;2;0;0;A01
201000048549;0;7;0;0;2;1;2;A01
201000048549;0;7;0;0;2;4;1;B01
201000048550;0;7;0;0;2;4;1;C01
201000048550;0;7;0;0;2;4;2;B01
201000048550;0;7;0;0;2;1;2;A01
201000048551;0;7;0;0;1;1;17;A01
201000048552;0;7;0;0;2;3;15;A01
201000048552;0;31;0;0;2;1;1;B01
201000048553;0;31;0;0;1;1;3;A01
201000048553;0;7;0;0;1;7;23;B01
201000048553;0;7;0;0;1;3;23;C01
201000048554;0;7;0;0;2;3;15;A01
201000048554;0;1;0;0;2;2;2;B01
201000048555;0;7;0;0;1;1;15;A01
201000048556;0;2;0;0;2;8;1;A01
201000048556;0;7;0;0;2;0;17;B01
201000048557;0;2;0;0;2;8;1;B01
201000048557;0;7;0;0;2;1;1;A01
201000048558;0;7;0;11;0;1;1;A01
201000048559;0;30;0;16;0;8;1;A01
201000048560;0;7;0;0;1;0;1;A01
201000048561;0;33;0;0;2;6;1;C01
201000048561;0;7;0;0;2;1;19;A01
201000048561;0;33;0;0;2;2;1;B01
201000048562;0;1;0;0;2;7;1;B01
201000048562;0;7;0;0;2;1;9;A01
201000048563;0;33;0;0;1;8;3;A01
201000048564;0;7;0;0;1;1;15;A01
201000048565;0;7;0;0;2;1;11;A01
201000048565;0;7;0;0;2;1;23;B01
201000048566;0;7;0;0;2;1;1;A01
201000048566;0;7;0;0;2;4;23;B01
201000048567;1;7;0;0;1;0;1;A01
201000048568;0;7;0;0;1;1;1;A01
201000048569;0;2;0;0;2;7;2;B01
201000048569;0;7;0;0;2;4;2;D01
201000048569;0;7;0;0;2;1;2;A01
201000048569;0;7;0;0;2;4;2;C01
201000048570;0;7;0;0;2;3;13;A01
201000048570;0;7;0;0;2;3;1;B01
201000048571;0;7;0;0;2;1;1;B01
201000048571;0;10;0;0;2;6;16;A01
201000048572;0;7;0;0;1;3;1;A01
201000048573;0;99;0;0;2;1;1;A01
201000048573;0;10;0;0;2;1;2;B01
201000048574;0;7;0;0;2;2;10;A01
201000048574;0;33;0;0;2;1;9;B01
201000048575;0;7;0;0;2;6;23;C01
201000048575;0;7;0;0;2;4;2;B01
201000048575;0;7;0;0;2;1;2;A01
201000048576;0;2;0;0;2;1;1;A01
201000048576;0;7;0;0;2;1;1;B01
201000048577;0;7;0;0;1;2;9;A01
201000048578;0;1;0;0;1;1;1;A01
201000048579;0;33;0;0;2;1;1;B01
201000048579;0;7;0;0;2;7;15;A01
201000048580;0;30;0;0;1;1;1;A01
201000048581;0;7;0;0;1;1;15;A01
201000048582;0;33;0;0;2;2;17;B01
201000048582;0;10;0;0;2;6;15;A01
201000048583;0;7;0;0;2;3;1;A01
201000048583;0;33;0;0;2;5;17;B01
201000048584;0;32;0;0;2;4;15;A01
201000048584;0;30;0;0;2;1;2;B01
201000048585;0;7;0;0;2;8;9;A01
201000048585;0;33;0;0;2;1;17;B01
201000048585;0;7;0;0;2;3;23;C01
201000048586;0;7;0;0;2;5;15;A01
201000048586;0;32;0;0;2;1;1;B01
201000048587;0;31;0;0;2;2;17;B01
201000048587;0;7;0;0;2;8;15;A01
201000048588;0;30;0;0;2;2;17;B01
201000048588;0;7;0;0;2;6;15;A01
201000048589;0;7;0;0;1;1;15;A01
201000048590;0;33;0;0;2;1;1;B01
201000048590;0;7;0;0;2;2;15;A01
201000048591;0;7;0;0;2;8;15;B01
201000048591;0;32;0;0;2;2;17;A01
201000048592;1;7;0;0;1;0;1;Z01
201000048593;0;33;0;0;1;0;1;A01
201000048594;0;7;0;0;2;3;1;A01
201000048594;0;30;0;0;2;1;17;B01
201000048595;0;7;0;0;2;8;13;A01
201000048595;0;31;0;0;2;7;17;B01
201000048596;0;7;0;0;2;1;15;A01
201000048596;0;7;0;0;2;8;1;B01
201000048597;1;7;0;0;2;1;1;A01
201000048597;0;33;0;0;2;8;1;B01
201000048598;0;7;0;0;1;6;1;A01
201000048599;0;1;0;0;1;0;0;B01
201000048599;0;1;0;0;1;0;15;A01
201000048600;0;7;0;0;2;2;15;A01
201000048600;0;30;0;0;2;1;1;B01
201000048601;0;7;0;0;2;1;1;A01
201000048601;0;31;0;0;2;3;1;B01
201000048602;0;30;0;1;0;5;1;A01
201000048603;0;7;0;0;1;2;1;A01
201000048604;0;7;0;0;2;2;1;A01
201000048604;0;7;0;0;2;7;10;B01
201000048605;0;7;0;0;2;2;1;A01
201000048605;0;31;0;0;2;1;1;B01
201000048606;0;30;0;0;2;1;1;A01
201000048606;0;10;0;0;2;4;23;B01
201000048607;0;2;0;0;2;1;1;A01
201000048607;0;7;0;0;2;4;1;B01
201000048608;0;7;0;0;2;1;9;A01
201000048608;0;33;0;0;2;2;17;B01
201000048609;0;10;0;0;2;2;10;A01
201000048609;0;32;0;0;2;1;1;B01
201000048610;0;7;0;1;0;7;14;A01
201000048611;0;7;0;0;2;1;15;B01
201000048611;0;2;0;0;2;1;1;A01
201000048612;0;7;0;0;2;1;2;A01
201000048612;0;32;0;0;2;4;23;B01
201000048613;0;32;0;0;2;8;9;A01
201000048613;0;7;0;0;2;1;1;B01
201000048614;0;30;0;0;2;4;1;A01
201000048614;1;7;0;0;2;3;1;Z01
201000048615;0;32;0;0;2;1;1;B01
201000048615;0;7;0;0;2;8;1;A01
201000048616;0;30;0;0;2;1;1;B01
201000048616;0;7;0;0;2;3;9;A01
201000048617;0;2;0;0;1;1;1;A01
201000048618;0;7;0;0;1;1;1;A01
201000048619;0;7;0;0;1;1;9;A01
201000048620;0;7;0;0;2;4;23;C01
201000048620;0;7;0;0;2;4;23;B01
201000048620;2;7;0;0;2;1;1;A01
201000048621;0;7;0;0;1;1;15;A01
201000048622;0;7;0;0;1;1;1;A01
201000048623;0;7;0;0;1;1;15;A01
201000048624;0;7;0;0;1;2;1;A01
201000048625;0;7;0;0;2;1;1;A01
201000048625;0;7;0;0;2;8;15;B01
201000048626;0;7;0;0;2;1;1;A01
201000048626;0;7;0;0;2;4;23;B01
201000048627;0;7;0;0;2;3;1;B01
201000048627;0;7;0;0;2;3;9;A01
201000048628;0;7;0;0;1;2;1;A01
201000048629;0;3;0;12;0;2;1;A01
201000048630;0;7;0;0;1;8;15;A01
201000048631;0;7;0;0;1;3;1;A01
201000048632;0;7;0;0;1;1;16;A01
201000048633;1;7;0;0;2;7;17;A01
201000048633;0;1;0;0;2;8;1;B01
201000048634;0;7;0;0;1;4;4;A01
201000048635;0;10;0;0;2;8;1;B01
201000048635;0;7;0;0;2;2;9;A01
201000048636;0;7;0;0;1;1;17;A01
201000048637;0;33;0;0;1;1;17;A01
201000048638;1;7;0;0;2;1;1;A01
201000048638;0;1;0;0;2;8;19;B01
201000048639;0;7;0;0;1;7;17;A01
201000048640;0;7;0;0;1;7;1;A01
201000048641;0;7;0;8;0;2;0;A01
201000048642;0;7;0;0;2;8;10;A01
201000048642;0;7;0;1;2;2;17;B01
201000048643;0;7;0;0;1;6;20;A01
201000048644;0;7;0;0;2;1;1;B01
201000048644;0;7;0;0;2;1;15;A01
201000048645;0;7;0;0;0;0;15;B01
201000048645;0;7;0;8;0;1;21;A01
201000048646;0;7;0;0;2;1;2;A01
201000048646;0;10;0;0;0;4;23;B01
201000048647;0;7;0;0;2;1;1;A01
201000048647;0;7;0;0;0;4;23;B01
201000048648;0;30;0;0;0;4;23;B01
201000048648;0;10;0;0;2;1;1;A01
201000048649;0;34;0;0;2;1;1;A01
201000048649;0;14;0;0;2;8;9;B01
201000048650;0;7;0;0;1;7;1;A01
201000048651;0;7;0;0;1;3;0;A01
201000048652;0;7;0;0;2;7;16;B01
201000048652;0;33;0;0;2;8;18;A01
201000048653;0;10;0;0;2;8;9;B01
201000048653;0;7;0;0;2;1;1;A01
201000048654;0;7;0;0;2;1;1;A01
201000048654;0;7;0;0;2;4;23;B01
201000048655;0;10;0;0;2;2;1;A01
201000048655;0;10;0;0;0;6;23;B01
201000048656;0;7;0;2;0;1;16;A01
201000048657;0;17;0;0;2;3;15;A01
201000048657;0;32;0;0;2;1;1;B01
201000048658;0;17;0;0;2;7;9;A01
201000048658;0;37;10;0;2;8;9;B01
201000048659;0;32;0;0;1;1;1;A01
201000048660;0;30;0;12;0;1;0;A01
201000048661;0;34;0;0;2;7;17;A01
201000048661;0;1;0;0;2;8;1;B01
201000048662;0;7;0;0;2;8;10;A01
201000048662;0;33;0;0;2;2;1;B01
201000048663;0;7;0;1;1;1;1;A01
201000048664;0;7;0;1;0;1;1;A01
201000048665;0;10;0;0;2;2;15;A01
201000048665;0;7;0;0;2;1;12;B01
201000048666;0;10;0;0;2;1;15;A01
201000048666;0;31;0;0;2;1;1;B01
201000048667;0;7;0;0;2;7;16;A01
201000048667;0;2;0;0;2;3;1;B01
201000048668;0;10;0;0;2;4;1;B01
201000048668;0;7;0;0;2;1;1;A01
201000048669;0;7;0;0;1;8;1;A01
201000048670;0;7;0;0;0;4;23;B01
201000048670;0;7;0;0;2;2;1;A01
201000048671;0;7;0;0;1;2;1;A01
201000048672;0;1;0;0;2;8;15;A01
201000048672;0;7;0;0;2;7;1;B01
201000048673;0;7;0;0;2;6;20;B01
201000048673;0;30;0;0;2;1;1;A01
201000048674;0;10;0;0;1;1;1;A01
201000048675;0;10;0;0;2;1;1;A01
201000048675;0;2;0;0;0;4;23;B01
201000048676;0;10;0;0;1;8;1;A01
201000048677;0;7;0;0;1;8;1;A01
201000048678;0;7;0;0;2;4;23;C01
201000048678;0;7;0;0;0;4;23;D01
201000048678;0;7;0;0;2;4;23;B01
201000048678;0;10;0;0;2;1;1;A01
201000048679;0;7;0;0;2;1;2;A01
201000048679;0;7;0;0;2;4;1;D01
201000048679;0;7;0;0;0;4;2;C01
201000048679;0;7;0;0;2;4;2;B01
201000048680;0;7;0;0;1;4;4;A01
201000048681;0;7;0;2;0;1;13;A01
201000048682;0;7;0;0;2;8;10;A01
201000048682;0;33;0;0;2;1;1;B01
201000048683;0;10;0;7;2;1;17;A01
201000048683;0;7;0;0;2;8;15;B01
201000048684;0;33;0;0;2;8;1;B01
201000048684;0;37;10;0;2;8;23;C01
201000048684;0;7;0;0;2;3;13;A01
201000048685;0;34;0;0;1;1;1;A01
201000048686;0;7;0;0;2;4;1;B01
201000048686;0;7;0;0;2;2;2;A01
201000048687;0;7;0;0;1;2;15;A01
201000048688;0;7;0;0;2;7;10;A01
201000048688;0;33;0;0;2;3;1;B01
201000048689;0;7;0;0;0;4;23;B01
201000048689;0;10;0;0;2;1;1;A01
201000048690;0;7;0;0;1;2;1;A01
201000048691;0;7;0;9;0;9;0;A01
201000048692;0;30;0;0;2;1;17;B01
201000048692;0;7;0;0;2;3;15;A01
201000048693;0;10;0;0;2;3;15;B01
201000048693;0;30;0;0;2;2;17;A01
201000048694;0;7;0;12;0;1;0;A01
201000048695;0;30;0;0;2;8;0;B01
201000048695;0;7;0;0;2;3;0;A01
201000048696;0;7;0;0;1;2;0;A01
201000048697;0;7;0;0;2;8;0;A01
201000048697;0;30;0;0;2;2;0;B01
201000048698;0;7;0;12;0;7;0;A01
201000048699;0;7;0;0;9;8;2;A01
201000048699;0;33;0;0;2;1;2;B01
201000048700;0;7;0;0;1;2;0;A01
201000048701;0;7;0;0;0;4;0;B01
201000048701;0;34;0;0;2;3;0;A01
201000048702;0;1;0;0;0;3;0;A01
201000048702;0;33;0;0;9;1;0;B01
201000048703;0;99;0;0;2;3;1;A01
201000048703;0;37;3;0;2;2;1;B01
201000048704;0;7;0;0;0;3;0;A01
201000048705;0;30;0;0;1;1;0;A01
201000048706;0;7;0;0;2;3;0;A01
201000048706;0;31;0;0;2;7;0;B01
201000048707;0;7;0;0;1;3;2;A01
201000048708;0;30;0;0;2;1;2;A01
201000048708;0;7;0;0;9;3;9;B01
201000048709;0;7;0;0;1;2;1;A01
201000048710;0;7;0;0;1;6;0;A01
201000048711;0;7;0;0;1;2;1;A01
201000048712;0;1;0;0;2;3;0;A01
201000048712;0;33;0;0;2;2;0;B01
201000048713;0;33;0;0;2;3;0;A01
201000048713;0;7;0;0;2;2;0;B01
201000048714;0;7;0;0;2;5;0;B01
201000048714;0;33;0;0;2;8;0;A01
201000048715;0;7;0;0;1;3;0;A01
201000048716;0;30;0;0;2;7;1;B01
201000048716;0;7;0;0;2;8;2;A01
201000048717;0;7;0;0;2;1;1;A01
201000048717;0;7;0;0;2;2;16;B01
201000048718;0;7;0;0;1;1;2;A01
201000048719;0;7;0;0;1;5;4;A01
201000048720;0;7;0;0;2;1;0;A01
201000048720;0;31;0;0;2;7;0;B01
201000048721;0;7;0;0;2;3;0;A01
201000048721;0;2;0;0;2;7;0;B01
201000048722;0;7;0;0;2;8;11;B01
201000048722;0;32;0;0;2;1;1;A01
201000048723;0;32;0;0;0;1;2;A01
201000048723;0;7;0;0;2;6;2;B01
201000048724;0;33;0;0;2;8;0;A01
201000048724;0;7;0;0;2;7;0;B01
201000048725;0;7;0;0;1;2;1;A01
201000048726;0;1;0;0;2;1;1;A01
201000048726;0;33;0;0;2;6;1;B01
201000048727;0;33;0;0;2;1;0;A01
201000048727;0;7;0;0;2;1;0;B01
201000048728;0;10;0;0;2;3;1;A01
201000048728;0;2;0;0;2;1;1;B01
201000048729;0;2;0;0;2;3;0;B01
201000048729;0;7;0;0;2;2;0;A01
201000048730;0;7;0;0;1;2;16;A01
201000048731;0;1;0;0;2;1;0;B01
201000048731;0;7;0;0;9;3;0;A01
201000048732;0;7;0;0;1;8;1;A01
201000048733;0;7;0;0;2;8;0;B01
201000048733;0;33;0;0;2;8;0;A01
201000048734;0;32;0;0;2;0;0;B01
201000048734;0;7;0;0;2;0;0;A01
201000048735;0;30;0;0;2;2;18;A01
201000048735;0;7;0;0;0;2;2;B01
201000048736;0;7;0;0;0;1;14;B01
201000048736;0;33;0;0;2;5;1;C01
201000048736;0;33;0;0;2;3;14;A01
201000048737;0;2;0;0;2;8;0;B01
201000048737;0;7;0;0;2;7;0;A01
201000048738;0;7;0;0;1;1;1;A01
201000048739;0;7;0;0;2;4;2;B01
201000048739;0;7;0;0;2;1;2;A01
201000048740;0;30;0;0;2;2;0;B01
201000048740;0;7;0;0;2;3;0;A01
201000048741;0;7;0;0;1;1;0;A01
201000048742;0;32;0;0;1;1;2;A01
201000048743;0;33;0;0;2;0;0;B01
201000048743;0;7;0;0;2;2;0;A01
201000048744;0;7;0;0;2;5;0;B01
201000048744;0;33;0;0;2;1;0;A01
201000048745;0;7;0;0;2;2;0;A01
201000048745;0;7;0;0;2;7;0;B01
201000048746;0;7;0;0;2;4;23;D01
201000048746;0;7;0;0;2;1;0;A01
201000048746;0;7;0;0;2;4;23;C01
201000048746;0;7;0;0;2;4;23;B01
201000048747;0;7;0;0;2;9;2;B01
201000048747;0;7;0;0;2;1;1;A01
201000048747;0;7;0;0;2;4;2;C01
201000048748;0;7;0;0;2;6;0;B01
201000048748;0;7;0;0;2;6;1;A01
201000048749;0;32;0;0;2;5;0;A01
201000048749;0;30;0;0;2;8;0;B01
201000048750;0;7;0;0;1;1;1;A01
201000048751;0;7;0;0;1;1;1;A01
201000048752;0;7;0;0;1;2;0;A01
201000048753;0;7;0;0;2;3;0;A01
201000048753;0;3;0;0;2;1;0;B01