num_acc;senc;catv;occutc;obs;obsm;choc;manv;num_veh
201000048754;0;1;0;0;2;1;1;B01
201000048754;0;7;0;0;2;1;1;A01
201000048755;0;30;0;0;2;8;0;B01
201000048755;0;7;0;0;2;1;0;A01
201000048756;0;2;0;0;1;1;0;A01
201000048757;0;7;0;0;1;9;0;C01
201000048757;0;7;0;1;0;1;0;A01
201000048758;0;32;0;0;2;1;1;B01
201000048758;0;10;0;0;2;8;15;A01
201000048759;0;33;0;0;2;8;0;B01
201000048759;0;7;0;0;2;2;0;A01
201000048760;0;7;0;0;1;2;1;A01
201000048761;0;33;0;1;2;1;0;A01
201000048761;0;7;0;0;2;2;0;C01
201000048761;0;99;0;0;2;1;0;B01
201000048762;0;33;0;0;1;1;1;A01
201000048763;0;7;0;0;1;1;1;A01
201000048764;0;7;0;0;1;2;1;A01
201000048765;1;99;0;0;1;7;17;Z01
201000048766;0;7;0;0;2;3;0;C01
201000048766;0;7;0;0;2;1;0;A01
201000048766;0;7;0;0;2;4;0;B01
201000048767;0;33;0;0;1;7;1;A01
201000048768;0;7;0;0;2;4;2;C01
201000048768;0;7;0;0;2;1;2;A01
201000048768;0;7;0;0;2;4;2;B01
201000048769;0;7;0;0;2;8;1;B01
201000048769;0;33;0;0;2;7;9;A01
201000048770;0;7;0;0;2;2;0;A01
201000048770;0;32;0;0;2;1;15;B01
201000048771;0;31;0;0;2;7;17;B01
201000048771;0;10;0;0;2;8;13;A01
201000048772;0;7;0;0;1;5;4;A01
201000048773;0;7;0;0;1;3;1;A01
201000048774;0;7;0;0;2;7;0;A01
201000048774;0;30;0;0;2;8;0;B01
201000048775;0;33;0;0;2;8;0;B01
201000048775;0;7;0;0;2;7;0;A01
201000048776;0;7;0;0;1;1;1;A01
201000048777;0;30;0;0;2;1;1;B01
201000048777;0;7;0;0;2;3;15;A01
201000048778;0;2;0;0;1;1;0;A01
201000048779;0;30;0;0;2;1;5;A01
201000048779;0;7;0;0;2;2;1;B01
201000048780;0;7;0;0;1;4;4;A01
201000048781;0;7;0;0;2;3;9;B01
201000048781;0;7;0;0;2;2;2;A01
201000048782;0;37;32;0;9;8;6;B01
201000048782;0;34;0;0;9;2;1;A01
201000048783;0;10;0;0;1;8;0;A01
201000048784;0;32;0;0;0;0;0;A01
201000048784;0;7;0;0;2;4;0;B01
201000048785;0;10;0;0;0;5;20;A01
201000048785;0;32;0;0;0;1;1;B01
201000048786;0;7;0;0;1;3;0;A01
201000048787;0;1;0;0;2;3;1;B01
201000048787;0;7;0;0;2;2;1;A01
201000048788;0;7;0;0;1;2;0;A01
201000048789;0;7;0;0;1;1;1;A01
201000048790;0;30;0;0;2;1;0;B01
201000048790;0;7;0;0;2;1;0;A01
201000048791;0;35;0;0;0;5;0;A01
201000048791;0;7;0;0;2;2;0;B01
201000048792;0;30;0;0;2;6;0;A01
201000048792;0;7;0;0;0;6;0;B01
201000048793;0;7;0;0;0;0;0;A01
201000048793;0;33;0;0;2;1;0;B01
201000048794;0;33;0;0;2;1;0;B01
201000048794;0;7;0;0;2;8;0;A01
201000048795;0;7;0;0;1;6;0;B01
201000048796;0;30;0;0;2;0;19;A01
201000048796;0;30;0;0;2;3;21;B01
201000048797;0;7;0;0;9;3;11;A01
201000048797;0;34;0;0;2;1;1;B01
201000048798;0;7;0;0;1;4;4;A01
201000048799;0;7;0;0;1;5;0;A01
201000048800;0;7;0;0;9;2;15;A01
201000048800;0;32;0;0;2;1;19;B01
201000048801;0;7;0;0;1;1;0;A01
201000048802;0;7;0;0;9;3;15;A01
201000048802;0;31;0;0;2;1;17;B01
201000048803;0;7;0;0;2;1;0;A01
201000048803;0;7;0;0;2;4;2;B01
201000048804;0;14;0;0;2;8;0;A01
201000048804;0;7;0;0;2;1;0;C01
201000048804;0;30;0;0;2;1;0;B01
201000048805;0;7;0;0;2;6;0;B01
201000048805;0;2;0;0;2;1;0;A01
201000048806;0;7;0;0;1;4;4;A01
201000048807;0;7;0;0;1;4;0;A01
201000048808;0;33;0;0;2;7;0;A01
201000048808;0;13;0;0;2;3;0;B01
201000048809;1;7;0;0;9;7;0;A01
201000048809;0;30;0;0;2;1;0;B01
201000048810;0;7;0;0;1;3;0;A01
201000048811;0;7;0;0;1;0;0;A01
201000048812;0;7;0;0;9;1;0;B01
201000048812;0;34;0;0;9;7;10;A01
201000048813;0;7;0;0;2;4;0;B01
201000048813;0;31;0;0;2;1;0;A01
201000048814;0;7;0;0;2;3;0;A01
201000048814;0;30;0;0;2;2;0;B01
201000048815;0;7;0;0;1;0;0;A01
201000048816;0;32;0;0;2;0;0;B01
201000048816;0;7;0;0;2;0;0;A01
201000048817;0;7;0;0;1;4;4;A01
201000048818;0;7;0;0;0;4;0;A01
201000048818;0;32;0;0;2;1;0;B01
201000048819;0;32;0;0;2;2;0;B01
201000048819;0;30;0;0;2;1;0;A01
201000048820;0;7;0;0;1;0;0;A01
201000048821;0;10;0;0;1;1;0;A01
201000048822;0;7;0;0;1;2;0;A01
201000048823;0;7;0;0;2;1;9;A01
201000048823;0;7;0;0;2;7;1;B01
201000048824;0;7;0;0;1;0;0;A01
201000048825;0;7;0;0;1;1;0;A01
201000048826;0;7;0;0;9;2;14;A01
201000048826;0;33;0;0;2;3;12;B01
201000048827;0;33;0;0;2;0;0;A01
201000048827;0;33;0;0;2;0;0;B01
201000048828;0;7;0;0;9;8;22;A01
201000048828;0;1;0;0;2;1;0;B01
201000048829;0;30;0;0;2;7;0;B01
201000048829;0;7;0;0;2;1;0;A01
201000048830;0;7;0;0;2;6;11;A01
201000048830;0;34;0;0;2;2;0;B01
201000048831;0;37;10;0;2;4;0;C01
201000048831;0;7;0;0;2;6;15;B01
201000048831;0;33;0;0;0;7;17;A01
201000048832;0;7;0;0;9;1;0;A01
201000048832;0;1;0;0;2;6;0;B01
201000048833;0;7;0;0;2;1;0;A01
201000048833;0;30;0;0;2;8;18;B01
201000048833;1;7;0;0;0;2;0;Z01
201000048834;0;7;0;0;9;0;11;B01
201000048834;0;30;0;0;0;0;1;A01
201000048835;0;7;0;0;1;1;0;A01
201000048836;0;7;0;0;1;7;0;A01
201000048837;0;32;0;0;2;8;0;A01
201000048837;0;7;0;0;2;2;11;B01
201000048838;0;30;0;0;2;7;19;A01
201000048838;0;7;0;0;9;7;19;B01
201000048839;0;7;0;0;2;3;0;A01
201000048839;0;34;0;0;2;0;0;B01
201000048840;0;32;0;1;0;6;0;A01
201000048840;0;7;0;0;2;6;23;B01
201000048841;0;33;0;0;2;1;1;B01
201000048841;0;7;0;0;0;3;1;A01
201000048842;0;7;0;0;2;2;0;A01
201000048842;0;37;2;0;2;3;0;B01
201000048843;0;37;0;0;1;2;0;A01
201000048844;1;7;0;0;1;1;0;Z01
201000048845;0;7;0;1;2;7;24;C01
201000048845;0;37;15;0;2;1;23;A01
201000048845;0;7;0;0;2;4;0;B01
201000048846;0;2;0;0;2;0;11;B01
201000048846;0;7;0;0;0;0;11;A01
201000048847;0;7;0;0;2;7;0;B01
201000048847;0;7;0;0;2;1;0;A01
201000048848;0;7;0;0;9;3;12;A01
201000048848;0;34;0;0;2;8;0;B01
201000048849;0;7;0;0;1;1;0;A01
201000048850;0;7;0;0;1;4;4;A01
201000048851;0;7;0;0;2;1;0;A01
201000048851;0;99;0;0;2;8;0;B01
201000048852;0;7;0;0;2;8;0;C01
201000048852;0;31;0;0;2;3;18;B01
201000048852;0;7;0;0;2;8;0;D01
201000048852;0;7;0;0;2;7;22;A01
201000048852;0;7;0;0;2;5;0;E01
201000048853;0;32;0;0;2;7;0;B01
201000048853;0;7;0;0;9;7;11;A01
201000048854;0;30;0;0;1;1;1;A01
201000048855;0;34;0;0;2;2;1;A01
201000048855;0;7;0;0;2;1;1;B01
201000048856;0;7;0;0;2;1;1;A01
201000048856;0;7;0;0;2;8;1;B01
201000048857;0;37;3;0;2;1;1;B01
201000048857;0;32;0;0;2;7;17;A01
201000048858;0;7;0;0;2;3;0;A01
201000048858;0;34;0;0;2;1;0;B01
201000048859;0;30;0;0;2;1;2;A01
201000048859;0;7;0;0;9;4;24;B01
201000048860;0;14;0;0;2;1;1;A01
201000048860;0;30;0;0;2;8;1;B01
201000048861;0;7;0;0;2;4;1;A01
201000048861;0;7;0;0;2;1;2;B01
201000048862;0;7;0;0;0;8;1;B01
201000048862;0;2;0;0;2;1;1;A01
201000048863;0;7;0;0;1;3;0;A01
201000048864;0;34;0;0;2;7;0;B01
201000048864;0;7;0;0;0;1;1;A01
201000048865;0;7;0;0;2;4;15;A01
201000048865;0;33;0;0;2;1;1;B01
201000048866;0;32;0;0;2;1;17;B01
201000048866;0;7;0;0;2;3;15;A01
201000048867;0;7;0;0;2;7;0;B01
201000048867;0;32;0;0;2;1;0;A01
201000048868;0;7;0;0;1;1;1;A01
201000048869;0;7;0;0;1;7;1;A01
201000048870;0;10;0;9;0;1;1;A01
201000048871;0;30;0;0;2;1;0;A01
201000048872;0;2;0;0;2;1;1;A01
201000048872;0;7;0;0;2;4;1;B01
201000048873;0;7;0;0;2;1;5;A01
201000048873;0;7;0;0;2;1;1;B01
201000048873;0;31;0;0;2;8;1;C01
201000048874;0;7;0;0;2;1;5;A01
201000048874;0;30;0;0;2;1;1;B01
201000048875;0;7;0;0;2;3;9;A01
201000048875;0;7;0;0;2;2;1;B01
201000048876;0;2;0;16;0;0;1;A01
201000048877;0;7;0;0;2;3;15;A01
201000048877;0;32;0;1;2;1;17;B01
201000048878;0;33;0;0;2;8;18;A01
201000048878;0;32;0;0;2;7;1;B01
201000048879;0;10;0;0;2;4;4;A01
201000048879;0;2;0;0;2;1;1;B01
201000048880;0;37;30;0;2;1;1;A01
201000048880;0;37;30;0;2;4;1;B01
201000048881;0;32;0;9;0;7;1;A01
201000048882;0;30;0;0;2;1;17;B01
201000048882;0;10;0;0;2;8;9;A01
201000048883;0;33;0;0;0;8;1;A01
201000048884;0;1;0;0;2;4;1;A01
201000048884;1;30;0;0;2;1;2;Z01
201000048885;0;2;0;0;0;1;1;A01
201000048885;0;7;0;0;2;4;1;B01
201000048886;0;7;0;0;2;1;1;B01
201000048886;0;33;0;0;2;1;15;A01
201000048887;0;7;0;0;2;5;1;B01
201000048887;0;7;0;0;2;1;9;A01
201000048888;0;7;0;0;1;1;1;A01
201000048889;0;33;0;0;2;3;1;B01
201000048889;0;10;0;0;2;7;12;A01
201000048890;0;7;0;9;0;9;1;A01
201000048891;0;2;0;0;2;1;1;A01
201000048892;0;33;0;1;0;7;1;A01
201000048893;0;32;0;0;0;0;1;A01
201000048894;0;31;0;0;0;0;1;A01
201000048895;0;7;0;8;0;1;9;A01
201000048896;0;2;0;0;0;1;1;A01
201000048897;0;7;0;0;2;8;1;A01
201000048897;0;30;0;0;2;7;1;B01
201000048898;0;3;0;0;2;1;1;A01
201000048898;0;7;0;0;2;4;1;B01
201000048899;0;7;0;3;0;2;1;A01
201000048900;0;7;0;0;2;4;1;C01
201000048900;0;7;0;0;2;1;1;A01
201000048900;0;7;0;0;2;4;1;B01
201000048901;0;33;0;6;0;1;1;A01
201000048902;0;33;0;0;0;1;1;A01
201000048903;0;7;0;0;1;2;1;A01
201000048904;0;32;0;0;2;1;1;B01
201000048904;0;7;0;0;2;8;15;A01
201000048905;0;7;0;0;1;3;15;A01
201000048906;0;7;0;0;1;7;1;A01
201000048907;0;7;0;0;1;3;1;A01
201000048908;0;2;0;9;0;0;1;A01
201000048909;0;7;0;0;1;1;1;A01
201000048910;0;7;0;0;2;6;4;A01
201000048910;0;32;0;0;2;1;2;B01
201000048911;0;7;0;0;2;1;1;B01
201000048911;0;33;0;0;2;1;1;A01
201000048912;0;7;0;0;2;8;15;B01
201000048912;0;33;0;0;2;1;17;A01
201000048913;0;31;0;0;1;1;1;A01
201000048914;0;7;0;0;1;7;1;A01
201000048915;0;30;0;0;1;1;1;A01
201000048916;0;7;0;0;1;1;1;A01
201000048917;0;30;0;0;2;2;1;A01
201000048917;0;30;0;0;2;1;15;B01
201000048918;0;38;1;0;1;8;0;A01
201000048919;0;10;0;0;1;3;11;A01
201000048920;0;33;0;15;0;2;2;A01
201000048921;0;33;0;0;2;3;1;B01
201000048921;0;7;0;0;2;7;15;A01
201000048922;0;7;0;0;0;4;23;B01
201000048922;0;7;0;0;0;1;0;A01
201000048923;0;33;0;0;0;0;1;B01
201000048923;0;7;0;0;0;5;16;A01
201000048924;0;7;0;0;0;0;1;A01
201000048925;0;7;0;0;0;2;1;A01
201000048925;0;33;0;0;0;1;16;B01
201000048926;0;30;0;0;0;0;0;A01
201000048926;0;7;0;0;0;0;1;B01
201000048927;0;7;0;0;0;1;1;A01
201000048928;0;7;0;0;0;2;1;A01
201000048929;0;33;0;0;0;0;21;A01
201000048929;0;7;0;0;0;0;16;B01
201000048930;0;33;0;0;0;1;0;B01
201000048930;0;7;0;0;0;0;20;A01
201000048931;0;7;0;0;0;4;4;A01
201000048931;0;33;0;0;0;0;21;B01
201000048932;0;7;0;0;0;0;15;A01
201000048933;0;7;0;0;1;2;1;A01
201000048934;0;33;0;0;0;0;1;A01
201000048935;0;7;0;0;0;0;0;A01
201000048936;0;1;0;0;0;0;0;A01
201000048937;0;7;0;0;0;0;0;A01
201000048938;0;7;0;0;2;5;15;A01
201000048938;0;34;0;0;2;3;15;B01
201000048939;0;7;0;0;0;0;15;A01
201000048939;0;30;0;0;2;0;1;B01
201000048940;0;7;0;0;2;7;15;A01
201000048940;0;32;0;0;2;1;1;B01
201000048941;0;7;0;0;2;0;15;A01
201000048941;0;31;0;0;2;0;1;B01
201000048942;0;7;0;0;2;1;1;A01
201000048942;0;7;0;0;0;4;1;B01
201000048943;0;37;0;0;1;7;0;A01
201000048944;0;33;0;0;2;0;16;B01
201000048944;0;37;0;0;2;0;16;A01
201000048945;0;7;0;0;0;6;15;A01
201000048945;0;32;0;0;2;0;17;B01
201000048946;0;7;0;0;2;1;1;B01
201000048946;0;7;0;0;2;8;10;A01
201000048947;0;33;0;0;1;2;1;A01
201000048948;0;32;0;0;2;1;1;A01
201000048948;0;7;0;0;2;2;15;B01
201000048949;0;32;0;1;0;1;1;A01
201000048949;0;7;0;0;2;4;23;B01
201000048950;0;7;0;0;2;8;1;B01
201000048950;0;32;0;0;2;7;17;A01
201000048951;0;7;0;0;2;0;1;A01
201000048951;0;33;0;0;2;7;1;B01
201000048952;0;7;0;0;2;1;1;A01
201000048952;0;7;0;0;2;4;1;B01
201000048953;0;31;0;0;0;0;0;A01
201000048954;0;7;0;0;2;4;1;B01
201000048954;0;7;0;0;2;1;1;A01
201000048955;0;7;0;0;0;0;0;B01
201000048955;0;7;0;0;0;0;0;A01
201000048956;0;7;0;0;2;0;15;A01
201000048956;0;31;0;0;2;0;1;B01
201000048957;0;7;0;0;0;0;0;A01
201000048958;0;30;0;0;2;0;1;B01
201000048958;0;7;0;0;2;0;10;A01
201000048959;0;34;0;0;0;0;0;A01
201000048960;0;7;0;0;2;0;1;B01
201000048960;0;7;0;0;2;0;1;A01
201000048961;0;7;0;0;2;0;0;A01
201000048961;0;34;0;0;2;0;0;B01
201000048962;0;34;0;0;2;1;1;A01
201000048962;0;7;0;0;2;4;1;B01
201000048963;0;10;0;0;2;0;12;A01
201000048963;0;34;0;0;2;0;1;B01
201000048964;0;7;0;0;1;7;0;A01
201000048965;0;7;0;0;2;0;0;A01
201000048965;0;1;0;0;2;0;0;B01
201000048966;0;34;0;0;2;1;1;A01
201000048967;0;7;0;0;1;2;1;A01
201000048968;0;1;0;0;1;1;5;A01
201000048969;0;31;0;0;1;0;1;A01
201000048970;0;33;0;0;2;1;1;A01
201000048970;0;7;0;0;2;7;16;B01
201000048971;0;7;0;0;2;4;1;B01
201000048971;0;10;0;0;2;1;1;A01
201000048972;0;33;0;0;1;0;1;A01
201000048973;0;31;0;0;0;0;0;A01
201000048973;0;7;0;0;0;0;0;B01
201000048974;0;32;0;0;2;7;1;B01
201000048974;0;7;0;0;2;0;11;A01
201000048975;0;7;0;0;1;0;1;A01
201000048976;0;7;0;0;2;5;15;A01
201000048976;0;34;0;0;2;0;1;B01
201000048977;0;7;0;0;2;2;1;A01
201000048977;0;7;0;0;1;4;1;B01
201000048978;0;7;0;0;2;1;1;A01
201000048978;0;7;0;0;2;4;23;B01
201000048979;0;30;0;0;2;8;3;B01
201000048979;0;7;0;0;2;6;23;C01
201000048979;0;10;0;0;2;7;22;A01
201000048980;0;38;1;0;1;7;16;A01
201000048981;0;30;0;0;2;0;15;A01
201000048981;0;7;0;0;2;0;1;B01
201000048982;0;31;0;0;2;0;1;B01
201000048982;0;7;0;0;2;0;15;A01
201000048983;0;33;0;0;2;0;1;B01
201000048983;0;7;0;0;2;0;15;A01
201000048984;0;7;0;0;0;0;0;A01
201000048984;0;31;0;0;0;0;0;B01
201000048985;0;7;0;0;1;0;1;A01
201000048985;0;7;0;0;2;0;1;B01
201000048986;0;33;0;0;2;1;1;B01
201000048986;0;7;0;0;2;7;16;A01
201000048987;0;7;0;0;1;0;1;A01
201000048988;0;7;0;0;2;7;15;A01
201000048988;0;33;0;0;2;1;1;B01
201000048989;0;7;0;0;2;4;1;B01
201000048989;0;33;0;0;2;1;1;A01
201000048990;0;7;0;0;1;2;1;A01
201000048991;0;7;0;0;2;3;16;A01
201000048991;0;33;0;0;2;7;1;B01
201000048992;0;33;0;0;2;1;17;A01
201000048992;0;7;0;0;2;8;15;B01
201000048993;0;7;0;0;2;7;16;A01
201000048993;0;30;0;0;2;1;1;B01
201000048994;1;7;0;0;0;0;14;A01
201000048994;0;37;2;0;0;0;1;B01
201000048995;0;33;0;0;2;0;1;C01
201000048995;0;7;0;0;2;4;1;B01
201000048995;0;15;0;0;2;1;1;A01
201000048995;0;7;0;0;2;8;1;D01
201000048996;0;7;0;0;2;3;11;A01
201000048996;0;7;0;0;2;1;15;B01
201000048997;0;7;0;0;0;0;0;A01
201000048997;0;33;0;0;2;1;1;B01
201000048998;0;7;0;0;0;5;23;B01
201000048998;0;7;0;0;2;1;1;A01
201000048999;0;37;1;0;1;1;15;A01
201000049000;0;7;0;0;0;0;0;A01
201000049001;0;10;0;0;2;1;2;A01
201000049001;0;7;0;0;2;4;2;B01
201000049002;0;30;0;0;2;3;2;B01
201000049002;0;32;0;0;0;7;2;A01
201000049003;0;7;0;0;0;5;2;B01
201000049003;0;7;0;1;2;1;2;A01
201000049004;0;33;0;0;2;1;1;A01
201000049004;0;7;0;0;0;3;15;B01
201000049005;0;7;0;0;2;2;15;A01
201000049005;0;2;0;1;2;1;1;B01
201000049006;0;33;0;0;0;1;17;B01
201000049006;0;7;0;0;2;3;16;A01
201000049007;0;7;0;0;0;1;1;A01
201000049008;0;7;0;0;0;0;15;B01
201000049008;0;33;0;0;0;0;17;A01
201000049009;0;37;20;0;0;8;7;B01
201000049009;0;32;0;0;0;7;16;A01
201000049010;0;34;0;0;0;0;1;B01
201000049010;0;7;0;0;0;0;15;A01
201000049011;0;33;0;1;0;2;13;A01
201000049012;0;31;0;0;2;1;1;B01
201000049012;0;7;0;0;0;4;11;A01
201000049013;0;10;0;0;2;8;1;B01
201000049013;0;31;0;0;2;7;17;A01
201000049014;0;7;0;14;1;2;1;A01
201000049015;0;7;0;0;2;2;15;B01
201000049015;0;2;0;0;2;1;1;A01
201000049016;0;7;0;0;2;2;15;A01
201000049016;0;33;0;0;2;1;1;B01
201000049017;0;31;0;0;2;2;1;B01
201000049017;0;7;0;0;2;8;15;A01
201000049018;0;7;0;0;2;8;10;A01
201000049018;0;33;0;0;2;1;17;B01
201000049019;0;33;0;0;2;1;1;A01
201000049019;0;7;0;0;2;3;23;B01
201000049020;0;33;0;0;1;1;1;A01
201000049021;0;7;0;0;2;8;11;A01
201000049021;0;31;0;0;2;2;1;B01
201000049022;0;14;0;0;2;1;2;A01
201000049022;0;7;0;0;2;4;23;B01
201000049023;0;33;0;0;2;1;1;A01
201000049023;0;7;0;0;2;3;1;B01
201000049024;0;7;0;0;2;5;24;B01
201000049024;0;7;0;1;0;3;13;A01
201000049025;0;10;0;0;1;5;4;A01
201000049026;0;31;0;0;2;1;1;B01
201000049026;0;7;0;0;2;3;15;A01
201000049027;0;2;0;0;2;1;17;A01
201000049027;0;7;0;0;2;8;15;B01
201000049028;0;7;0;0;2;3;13;A01
201000049028;0;14;0;0;2;8;23;B01
201000049029;0;31;0;0;2;8;23;B01
201000049029;0;31;0;0;2;1;2;A01
201000049029;0;7;0;0;2;7;1;C01
201000049030;0;31;0;0;1;1;1;A01
201000049031;0;7;0;1;1;2;1;A01
201000049032;0;7;0;0;2;8;1;B01
201000049032;0;7;0;0;2;1;1;A01
201000049033;0;33;0;0;2;1;2;A01
201000049033;0;7;0;0;0;6;15;B01
201000049034;0;7;0;0;0;1;0;A01
201000049035;0;7;0;0;2;5;15;A01
201000049035;0;2;0;0;2;1;18;B01
201000049036;0;33;0;0;2;1;1;B01
201000049036;0;10;0;0;2;1;5;A01
201000049037;0;7;0;1;0;1;14;A01
201000049038;0;33;0;0;2;7;0;A01
201000049038;1;7;0;0;2;0;0;Z01
201000049039;0;10;0;0;1;7;1;A01
201000049040;0;31;0;0;0;0;1;A01
201000049041;0;7;0;1;1;1;15;A01
201000049042;0;7;0;0;9;3;22;A01
201000049042;0;10;0;0;9;5;1;C01
201000049042;0;1;0;1;0;1;1;B01
201000049043;0;10;0;0;2;0;16;A01
201000049043;0;33;0;0;2;2;14;B01
201000049044;0;30;0;0;2;1;1;B01
201000049044;0;31;0;0;2;3;15;A01
201000049045;0;2;0;0;2;7;7;A01
201000049045;0;7;0;0;2;3;20;B01
201000049046;0;37;1;0;1;2;1;A01
201000049047;0;7;0;0;1;1;1;A01
201000049048;0;7;0;0;1;1;1;A01
201000049049;1;10;0;0;1;1;0;Z01
201000049050;0;7;0;0;2;8;15;A01
201000049050;0;31;0;0;2;1;1;B01
201000049051;0;30;0;0;1;1;1;A01
201000049052;0;7;0;0;2;8;1;B01
201000049052;0;10;0;0;2;1;1;A01
201000049053;0;7;0;0;2;2;1;A01
201000049053;0;7;0;0;2;3;1;B01
201000049054;0;7;0;0;1;2;1;A01
201000049055;0;1;0;0;2;8;13;B01
201000049055;0;7;0;0;2;2;1;A01
201000049056;1;7;0;0;0;0;0;Z01
201000049057;0;7;0;0;2;4;1;B01
201000049057;0;7;0;0;2;1;1;A01
201000049058;0;30;0;0;1;1;21;A01
201000049059;0;7;0;0;2;4;2;B01
201000049059;0;31;0;0;2;1;2;A01
201000049060;0;7;0;15;0;8;0;A01
201000049061;0;7;0;0;1;2;0;A01
201000049062;0;1;0;0;2;4;0;B01
201000049062;0;7;0;0;2;3;15;A01
201000049063;0;7;0;0;2;8;0;B01
201000049063;0;7;0;0;2;3;15;A01
201000049064;0;30;0;0;2;2;1;B01
201000049064;1;7;0;0;2;8;10;Z01
201000049065;0;33;0;0;2;1;1;B01
201000049065;0;7;0;0;2;3;9;A01
201000049066;0;33;0;15;0;1;1;B01
201000049066;0;7;0;0;0;0;15;A01
201000049067;0;7;0;0;1;1;0;A01
201000049068;0;10;0;0;2;1;1;A01
201000049068;0;7;0;0;2;4;1;B01
201000049069;0;7;0;15;0;1;0;A01
201000049070;0;7;0;0;2;8;15;B01
201000049070;1;30;0;0;2;0;0;A01
201000049071;0;10;0;0;0;0;15;A01
201000049071;0;30;0;0;0;0;1;B01
201000049072;0;30;0;0;1;1;16;A01
201000049073;0;7;0;8;0;0;0;A01
201000049074;0;31;0;0;2;1;1;B01
201000049074;0;7;0;0;2;3;20;A01
201000049075;0;33;0;0;2;1;1;B01
201000049075;0;7;0;0;2;1;5;A01
201000049076;0;7;0;0;2;3;1;A01
201000049076;0;30;0;0;2;0;5;B01
201000049077;0;7;0;0;1;3;1;A01
201000049078;0;34;0;0;2;4;2;B01
201000049078;1;7;0;0;2;1;2;Z01
201000049079;0;7;0;5;2;1;1;A01
201000049079;0;7;0;0;2;7;15;B01
201000049080;0;7;0;0;1;3;1;A01
201000049081;0;32;0;1;1;1;5;A01
201000049082;0;10;0;0;2;6;4;B01
201000049082;0;2;0;0;2;1;2;A01
201000049083;0;7;0;0;1;4;4;A01
201000049084;0;31;0;0;0;0;1;B01
201000049084;2;7;0;0;0;0;15;A01
201000049085;0;7;0;0;2;3;16;A01
201000049085;0;10;0;0;2;7;1;B01
201000049086;1;33;0;0;1;1;0;Z01
201000049087;0;2;0;14;0;1;16;A01
201000049088;0;34;0;0;0;7;0;C01
201000049088;0;10;0;0;2;1;1;A01
201000049088;0;13;0;0;0;4;23;B01
201000049089;0;7;0;0;2;2;15;A01
201000049089;0;7;0;0;2;1;1;C01
201000049089;0;33;0;0;2;1;1;B01
201000049090;0;30;0;0;2;1;2;A01
201000049090;0;7;0;0;2;4;1;B01
201000049091;0;7;0;0;2;7;1;B01
201000049091;0;33;0;0;2;1;1;A01
201000049092;0;34;0;0;2;7;1;B01
201000049092;0;7;0;0;2;8;15;A01
201000049093;0;7;0;0;1;1;0;A01
201000049094;0;7;0;0;2;7;0;A01
201000049094;0;32;0;0;2;8;18;B01
201000049095;0;30;0;0;2;0;15;A01
201000049095;0;7;0;0;0;0;15;B01
201000049096;0;7;0;0;1;0;1;A01
201000049097;0;33;0;15;0;1;16;A01
201000049098;0;34;0;0;2;1;1;B01
201000049098;0;7;0;0;2;3;9;A01
201000049099;0;7;0;0;2;1;1;A01
201000049099;0;7;0;0;2;4;1;B01
201000049100;0;10;0;0;1;1;1;A01
201000049101;0;7;0;0;2;1;2;A01
201000049101;0;7;0;0;2;4;23;B01
201000049102;0;30;0;0;1;0;0;A01
201000049103;1;34;0;0;1;1;0;A01
201000049104;0;7;0;15;0;7;0;A01
201000049105;0;10;0;0;1;1;1;A01
201000049106;0;10;0;0;1;6;4;A01
201000049107;0;7;0;0;0;2;0;B01
201000049107;0;30;0;0;2;1;0;A01
201000049108;0;7;0;0;2;3;15;A01
201000049108;0;7;0;0;2;1;1;B01
201000049109;0;34;0;0;2;7;1;B01
201000049109;0;7;0;0;2;8;13;A01
201000049110;0;33;0;0;2;1;1;B01
201000049110;0;7;0;0;2;5;15;A01
201000049111;0;7;0;1;0;2;1;A01
201000049112;0;30;0;0;2;4;23;B01
201000049112;0;7;0;0;2;1;2;A01
201000049113;1;30;0;0;0;0;0;A01
201000049114;0;33;0;0;0;8;2;B01
201000049114;0;34;0;0;2;5;14;A01
201000049115;0;1;0;0;2;8;0;B01
201000049115;0;7;0;0;2;1;1;A01
201000049116;0;32;0;0;2;8;16;A01
201000049116;0;10;0;0;2;2;1;B01
201000049117;0;32;0;0;2;6;0;B01
201000049117;0;7;0;0;2;3;1;A01
201000049118;0;7;0;0;2;4;1;A01
201000049118;1;32;0;0;2;1;1;B01
201000049119;0;7;0;0;2;4;11;A01
201000049119;0;32;0;0;2;1;1;B01
201000049120;0;33;0;0;2;3;11;B01
201000049120;0;7;0;0;2;3;12;A01
201000049121;0;7;0;12;0;1;0;A01
201000049122;0;30;0;0;2;7;1;B01
201000049122;0;7;0;0;2;7;12;A01
201000049123;0;7;0;0;2;2;1;A01
201000049123;0;30;0;0;2;1;5;B01
201000049124;0;7;0;0;2;1;2;A01
201000049124;0;7;0;0;2;4;1;B01
201000049125;0;30;0;0;0;7;0;A01
201000049126;0;30;0;0;2;7;17;A01
201000049126;0;7;0;0;2;6;1;B01
201000049127;0;15;0;0;2;1;2;A01
201000049127;0;7;0;0;2;4;2;B01
201000049128;0;7;0;0;2;6;1;B01
201000049128;0;7;0;0;2;1;1;A01
201000049129;0;1;0;0;2;8;1;B01
201000049129;0;7;0;0;2;2;16;A01
201000049130;0;30;0;8;0;1;1;A01
201000049131;0;7;0;0;1;3;1;A01