num_acc;senc;catv;occutc;obs;obsm;choc;manv;num_veh
201000049132;0;7;0;0;2;2;16;B01
201000049132;0;31;0;0;2;1;1;A01
201000049133;0;34;0;11;0;1;1;A01
201000049134;0;7;0;0;1;2;1;A01
201000049135;0;2;0;15;0;1;1;A01
201000049136;0;7;0;0;2;1;1;A01
201000049136;0;33;0;0;2;4;2;B01
201000049137;0;7;0;0;2;2;1;A01
201000049137;0;30;0;0;2;0;1;B01
201000049138;0;7;0;0;1;1;1;A01
201000049139;0;7;0;0;2;1;15;A01
201000049139;0;33;0;0;2;8;1;B01
201000049140;0;32;0;0;2;1;1;A01
201000049140;0;7;0;0;2;7;1;B01
201000049141;0;30;0;0;2;1;5;A01
201000049141;0;7;0;0;2;1;1;B01
201000049142;0;7;0;0;2;2;0;A01
201000049142;0;7;0;0;2;3;0;C01
201000049142;0;7;0;0;2;1;0;B01
201000049143;0;7;0;0;2;4;0;C01
201000049143;1;7;0;0;0;0;0;Z01
201000049143;0;7;0;0;2;1;2;B01
201000049144;0;2;0;0;0;7;16;A01
201000049145;0;30;0;0;2;3;1;B01
201000049145;0;7;0;0;2;3;21;A01
201000049146;0;32;0;0;2;4;1;A01
201000049146;2;7;0;0;2;1;2;Z01
201000049147;0;30;0;8;0;1;1;A01
201000049148;0;30;0;0;1;1;17;A01
201000049149;0;30;0;0;2;1;2;B01
201000049149;0;7;0;0;2;2;15;A01
201000049150;0;7;0;0;2;3;9;A01
201000049150;0;32;0;0;2;7;1;B01
201000049151;0;7;0;0;1;1;1;A01
201000049152;0;33;0;0;0;9;21;B01
201000049153;0;7;0;1;0;1;1;A01
201000049154;0;34;0;0;1;1;0;A01
201000049155;0;7;0;0;2;5;17;B01
201000049155;2;7;0;0;2;1;1;A01
201000049156;0;7;0;0;1;1;15;A01
201000049157;0;7;0;0;2;4;10;A01
201000049157;0;33;0;0;2;1;2;B01
201000049158;0;2;0;9;2;4;1;B01
201000049158;1;7;0;0;2;1;2;Z01
201000049159;0;2;0;2;0;1;17;A01
201000049160;0;13;0;0;2;3;1;B01
201000049160;0;2;0;0;2;2;1;A01
201000049161;0;30;0;12;0;7;20;A01
201000049162;0;34;0;0;2;7;1;A01
201000049162;1;7;0;0;2;1;15;Z01
201000049163;0;7;0;0;2;2;1;A01
201000049163;0;7;0;0;2;3;1;B01
201000049164;0;7;0;0;1;2;1;A01
201000049165;0;7;0;0;1;2;1;A01
201000049166;0;33;0;0;2;8;1;B01
201000049166;0;7;0;0;2;1;15;A01
201000049167;0;7;0;0;1;1;1;A01
201000049168;0;7;0;0;2;8;1;B01
201000049168;0;7;0;0;1;2;1;A01
201000049168;0;7;0;0;2;3;1;C01
201000049169;0;7;0;0;1;1;1;A01
201000049170;0;7;0;0;2;1;0;A01
201000049170;0;7;0;0;2;7;0;B01
201000049171;0;7;0;0;1;1;1;A01
201000049172;0;7;0;0;2;1;1;B01
201000049172;0;7;0;0;2;7;15;A01
201000049173;0;7;0;0;2;4;1;C01
201000049173;0;15;0;0;2;1;1;A01
201000049173;0;7;0;0;2;1;1;B01
201000049174;0;7;0;1;0;1;0;A01
201000049175;0;33;0;0;0;0;0;A01
201000049176;0;30;0;0;0;0;0;A01
201000049177;0;30;0;0;2;1;0;B01
201000049177;0;7;0;0;0;6;0;A01
201000049178;0;7;0;1;2;9;0;A01
201000049178;0;7;0;1;0;9;1;B01
201000049179;0;7;0;0;2;1;0;A01
201000049179;0;7;0;0;2;2;0;B01
201000049180;0;30;0;0;2;1;0;B01
201000049180;0;7;0;0;2;3;10;A01
201000049181;0;7;0;0;2;6;1;A01
201000049181;0;1;0;0;2;1;1;B01
201000049182;0;7;0;0;2;1;1;B01
201000049182;0;32;0;0;2;4;0;A01
201000049183;0;32;0;0;2;1;0;B01
201000049183;0;7;0;0;2;2;0;A01
201000049184;0;7;0;0;2;3;1;A01
201000049184;0;7;0;0;2;3;1;B01
201000049185;0;7;0;0;1;1;0;A01
201000049186;1;7;0;0;2;1;1;Z01
201000049186;0;7;0;0;2;4;23;B01
201000049187;0;7;0;0;2;3;1;B01
201000049187;0;7;0;0;2;8;1;C01
201000049187;0;31;0;0;2;1;3;A01
201000049188;0;7;0;0;1;1;1;A01
201000049189;0;7;0;1;2;8;1;A01
201000049189;1;7;0;0;2;1;1;Z01
201000049190;0;31;0;0;2;1;13;A01
201000049190;0;7;0;0;2;5;1;B01
201000049191;0;7;0;0;2;5;2;A01
201000049191;0;32;0;0;2;1;2;B01
201000049192;0;7;0;0;2;2;1;B01
201000049192;0;7;0;0;2;1;1;A01
201000049193;0;30;0;0;2;0;1;B01
201000049193;0;7;0;0;2;3;0;A01
201000049194;0;33;0;0;2;5;1;B01
201000049194;0;10;0;0;0;0;11;D01
201000049194;0;7;0;0;2;1;23;C01
201000049194;0;7;0;0;2;8;11;A01
201000049195;0;30;0;0;0;0;12;A01
201000049196;0;7;0;0;2;5;13;A01
201000049196;0;32;0;0;2;1;1;B01
201000049197;0;1;0;0;2;0;0;A01
201000049197;1;7;0;0;0;0;0;Z01
201000049198;0;30;0;0;2;1;1;A01
201000049198;0;7;0;0;2;6;0;B01
201000049199;0;7;0;0;2;8;1;A01
201000049199;0;30;0;0;2;7;1;B01
201000049200;0;34;0;0;0;0;0;A01
201000049200;1;7;0;0;0;0;0;T01
201000049201;0;1;0;0;2;1;0;B01
201000049201;0;7;0;0;2;2;0;A01
201000049202;0;1;0;0;2;1;1;A01
201000049202;0;7;0;0;2;7;1;B01
201000049203;0;2;0;0;2;8;1;B01
201000049203;0;7;0;0;2;2;12;A01
201000049204;0;7;0;0;1;0;0;A01
201000049205;0;7;0;0;2;2;1;B01
201000049205;0;30;0;0;2;8;2;A01
201000049206;0;2;0;0;2;2;12;B01
201000049206;0;7;0;0;2;8;12;A01
201000049207;0;7;0;0;1;1;1;A01
201000049208;0;34;0;0;1;0;0;A01
201000049209;0;7;0;0;1;2;0;A01
201000049210;0;2;0;0;0;0;1;A01
201000049211;0;7;0;0;2;8;1;A01
201000049211;0;31;0;0;2;1;1;B01
201000049212;0;7;0;0;2;1;2;C01
201000049212;0;33;0;0;2;4;1;A01
201000049212;0;7;0;0;2;5;2;B01
201000049213;0;7;0;0;2;1;10;A01
201000049213;0;33;0;0;2;9;1;B01
201000049214;0;3;0;0;2;3;1;B01
201000049214;0;30;0;1;0;1;1;A01
201000049215;0;7;0;1;0;4;20;A01
201000049216;0;7;0;0;1;7;0;A01
201000049217;0;33;0;0;2;4;1;B01
201000049217;0;10;0;0;2;6;23;C01
201000049217;1;7;0;0;2;4;16;Z01
201000049218;0;7;0;0;2;1;1;A01
201000049218;0;1;0;0;2;7;1;B01
201000049219;0;7;0;0;2;4;1;B01
201000049219;0;31;0;0;2;1;1;A01
201000049220;0;34;0;0;2;1;17;A01
201000049220;0;7;0;0;2;8;15;B01
201000049221;0;7;0;0;1;1;2;A01
201000049222;0;7;0;0;2;1;0;B01
201000049222;0;7;0;0;2;1;0;A01
201000049223;0;34;0;0;1;1;0;A01
201000049224;0;30;0;1;0;1;0;A01
201000049225;0;7;0;0;1;1;15;A01
201000049226;0;7;0;0;0;8;24;A01
201000049226;0;32;0;0;0;1;1;B01
201000049227;0;1;0;1;0;1;1;B01
201000049227;0;7;0;0;0;8;24;A01
201000049228;0;7;0;0;2;8;22;B01
201000049228;0;2;0;1;0;1;1;A01
201000049229;0;2;0;0;2;1;1;A01
201000049229;1;2;0;0;2;4;1;Z01
201000049230;0;37;0;0;1;3;1;A01
201000049231;0;7;0;8;0;1;1;A01
201000049232;0;7;0;0;2;4;1;C01
201000049232;0;7;0;0;2;4;1;B01
201000049232;0;7;0;0;2;1;1;A01
201000049232;0;7;0;0;2;4;23;D01
201000049233;0;34;0;0;2;4;1;B01
201000049233;0;7;0;0;2;1;1;A01
201000049234;0;7;0;0;2;2;0;B01
201000049234;0;7;0;0;2;1;0;A01
201000049235;0;7;0;0;2;4;1;B01
201000049235;0;10;0;0;2;1;1;A01
201000049236;0;1;0;0;9;1;0;A01
201000049236;0;1;0;0;9;1;0;B01
201000049237;0;7;0;0;1;1;1;A01
201000049238;0;33;0;0;2;1;1;B01
201000049238;0;7;0;0;2;2;1;A01
201000049239;0;32;0;0;2;7;1;A01
201000049239;0;7;0;0;2;3;13;B01
201000049240;0;7;0;0;1;4;4;A01
201000049241;0;30;0;0;2;1;15;A01
201000049241;0;7;0;0;2;6;1;B01
201000049242;0;7;0;0;2;3;10;A01
201000049242;0;33;0;0;2;3;1;B01
201000049243;0;33;0;0;2;3;1;B01
201000049243;0;7;0;0;2;6;1;A01
201000049244;0;32;0;0;2;4;1;B01
201000049244;0;33;0;0;2;1;2;A01
201000049245;0;7;0;0;2;1;0;A01
201000049246;0;7;0;0;2;5;0;A01
201000049246;0;32;0;0;2;1;0;B01
201000049247;0;7;0;0;2;1;0;A01
201000049247;0;7;0;0;2;4;0;B01
201000049248;0;30;0;0;0;8;1;A01
201000049248;0;14;0;0;9;4;1;B01
201000049249;0;7;0;0;1;2;16;A01
201000049250;0;7;0;0;2;4;2;B01
201000049250;0;10;0;0;2;1;2;A01
201000049251;0;1;0;0;2;1;1;B01
201000049251;0;10;0;0;2;0;0;A01
201000049252;0;31;0;0;1;1;1;A01
201000049253;0;32;0;0;2;0;0;A01
201000049253;0;7;0;0;2;9;5;B01
201000049254;0;33;0;0;2;9;16;A01
201000049254;1;7;0;0;2;0;14;Y01
201000049255;0;30;0;0;2;9;1;B01
201000049255;0;7;0;0;2;1;15;A01
201000049256;0;30;0;0;2;9;0;A01
201000049256;1;7;0;0;2;9;24;B01
201000049257;0;34;0;0;9;1;16;A01
201000049258;0;1;0;0;0;0;0;B01
201000049258;0;7;0;0;9;8;0;A01
201000049259;0;30;0;0;1;1;0;A01
201000049260;0;7;0;0;1;0;1;A01
201000049261;0;31;0;0;0;9;1;B01
201000049261;0;7;0;0;0;0;10;A01
201000049262;0;7;0;0;1;1;1;A01
201000049263;0;10;0;0;2;1;1;A01
201000049263;0;2;0;0;2;4;1;B01
201000049264;0;2;0;0;9;1;0;A01
201000049265;0;7;0;0;2;5;0;B01
201000049265;0;34;0;0;0;1;0;A01
201000049266;0;7;0;0;2;4;1;B01
201000049266;0;7;0;0;2;1;1;A01
201000049267;0;7;0;0;1;0;0;A01
201000049268;0;7;0;0;2;3;9;A01
201000049268;0;7;0;0;2;9;1;B01
201000049269;0;7;0;0;2;4;12;A01
201000049269;0;33;0;0;2;1;1;B01
201000049269;0;7;0;0;0;3;1;C01
201000049270;0;32;0;0;0;0;1;A01
201000049271;0;7;0;0;2;3;22;A01
201000049271;0;1;0;0;2;1;1;B01
201000049272;0;31;0;0;0;7;1;A01
201000049273;0;7;0;0;2;2;15;A01
201000049273;0;1;0;0;2;1;1;B01
201000049274;0;32;0;0;1;1;1;A01
201000049275;0;7;0;0;2;3;10;A01
201000049275;0;33;0;0;2;1;17;B01
201000049276;0;7;0;0;1;4;11;B01
201000049276;0;33;0;0;2;1;1;A01
201000049277;0;1;0;0;2;7;1;B01
201000049277;0;10;0;0;9;2;9;A01
201000049278;0;30;0;0;0;3;21;A01
201000049279;0;32;0;0;0;1;1;A01
201000049280;0;7;0;0;1;1;9;A01
201000049281;0;30;0;0;2;3;1;A01
201000049281;0;13;0;0;2;0;1;B01
201000049282;0;31;0;0;0;2;1;A01
201000049283;0;2;0;0;2;2;1;A01
201000049283;1;37;1;0;2;0;0;Z01
201000049284;0;13;0;0;2;1;22;A01
201000049284;0;1;0;0;2;1;17;B01
201000049285;0;34;0;0;2;1;1;A01
201000049285;0;7;0;0;2;3;15;B01
201000049286;0;7;0;0;2;4;1;B01
201000049286;0;2;0;0;2;1;1;A01
201000049287;0;7;0;0;1;1;19;A01
201000049288;0;2;0;1;;1;1;A01
201000049289;0;7;0;0;0;0;0;B01
201000049289;0;30;0;0;0;0;21;A01
201000049290;0;7;0;0;2;1;1;A01
201000049290;0;33;0;0;2;4;23;B01
201000049291;0;32;0;0;2;1;1;B01
201000049291;0;7;0;0;2;2;10;A01
201000049292;0;7;0;0;2;4;1;B01
201000049292;0;7;0;0;2;1;1;A01
201000049292;0;7;0;0;0;4;1;C01
201000049293;0;7;0;0;1;1;1;B01
201000049294;0;7;0;0;2;4;23;B01
201000049294;0;2;0;0;2;1;2;A01
201000049295;0;7;0;0;2;7;1;A01
201000049295;0;2;0;0;2;9;1;B01
201000049296;0;7;0;0;2;1;1;B01
201000049296;0;7;0;0;2;6;15;A01
201000049297;0;7;0;0;1;1;1;A01
201000049298;0;2;0;0;1;1;1;A01
201000049299;0;10;0;0;2;4;2;B01
201000049299;0;7;0;0;2;1;2;A01
201000049300;0;7;0;0;2;3;15;B01
201000049300;0;30;0;0;2;1;2;A01
201000049301;0;7;0;0;1;2;1;A01
201000049302;0;7;0;0;2;8;15;A01
201000049302;0;2;0;0;2;1;1;B01
201000049303;0;37;1;0;1;2;20;A01
201000049304;0;33;0;0;2;1;1;A01
201000049304;0;1;0;0;2;0;19;B01
201000049305;0;33;0;0;2;1;1;A01
201000049305;0;7;0;0;2;9;15;B01
201000049306;0;30;0;0;2;3;1;B01
201000049306;0;7;0;0;2;2;9;A01
201000049307;0;37;1;0;1;0;1;A01
201000049308;0;7;0;0;2;8;24;B01
201000049308;0;30;0;0;2;1;1;A01
201000049309;0;7;0;0;2;7;12;B01
201000049309;0;33;0;1;2;8;18;A01
201000049310;0;7;0;0;2;2;10;A01
201000049310;0;34;0;0;2;3;2;B01
201000049311;0;33;0;0;2;7;1;B01
201000049311;0;7;0;0;2;2;11;A01
201000049312;0;10;0;0;1;2;1;A01
201000049313;0;30;0;0;2;2;17;A01
201000049313;0;7;0;0;2;3;15;B01
201000049314;0;7;0;0;2;2;15;A01
201000049314;0;31;0;0;2;1;1;B01
201000049315;0;7;0;0;2;4;23;B01
201000049315;0;7;0;0;2;1;1;A01
201000049316;0;31;0;0;2;3;1;B01
201000049316;0;7;0;0;2;2;15;A01
201000049317;0;7;0;0;2;6;23;B01
201000049317;0;32;0;0;2;2;1;A01
201000049318;0;7;0;0;1;1;1;A01
201000049319;0;1;0;0;2;1;1;A01
201000049319;0;7;0;0;2;1;15;B01
201000049320;0;30;0;1;2;1;1;A01
201000049320;0;14;0;0;2;2;23;B01
201000049321;0;2;0;0;9;0;1;A01
201000049322;0;7;0;0;2;7;15;A01
201000049322;0;33;0;0;2;1;1;B01
201000049323;0;7;0;0;2;2;15;A01
201000049323;0;37;2;0;2;3;1;B01
201000049324;0;33;0;0;2;1;1;A01
201000049324;0;7;0;0;2;4;23;B01
201000049325;0;7;0;0;1;1;1;A01
201000049326;0;7;0;11;0;1;1;A01
201000049327;0;7;0;0;1;2;16;A01
201000049328;0;7;0;0;0;5;23;B01
201000049328;0;1;0;0;2;1;2;A01
201000049329;0;31;0;0;2;1;1;B01
201000049329;0;7;0;0;2;5;15;A01
201000049330;0;7;0;0;2;2;15;A01
201000049330;0;30;0;0;2;1;1;B01
201000049331;0;33;0;0;2;7;3;A01
201000049331;0;2;0;0;2;1;9;B01
201000049332;0;7;0;0;2;5;15;A01
201000049332;0;32;0;0;2;1;1;B01
201000049333;0;33;0;0;2;1;21;B01
201000049333;0;7;0;0;2;2;14;A01
201000049333;0;33;0;0;2;1;21;D01
201000049333;0;7;0;0;2;5;1;C01
201000049334;0;7;0;0;2;3;20;A01
201000049334;0;32;0;0;2;2;1;B01
201000049335;0;33;0;12;0;0;21;A01
201000049336;0;7;0;0;1;1;1;A01
201000049337;0;7;0;0;2;2;1;B01
201000049337;0;2;0;0;2;1;17;A01
201000049338;0;7;0;0;1;1;1;A01
201000049339;0;10;0;0;1;2;1;A01
201000049340;0;30;0;0;2;1;1;A01
201000049340;0;7;0;0;2;4;23;B01
201000049341;0;2;0;0;1;1;1;A01
201000049342;1;10;0;0;2;2;1;Z01
201000049342;0;1;0;0;2;4;1;B01
201000049343;0;7;0;0;2;3;1;A01
201000049343;0;1;0;0;2;1;1;B01
201000049344;0;32;0;0;0;8;21;B01
201000049344;0;7;0;0;2;0;15;A01
201000049345;0;30;0;0;2;1;15;A01
201000049345;0;7;0;0;2;2;1;B01
201000049346;0;7;0;0;2;4;23;B01
201000049346;0;1;0;0;2;1;1;A01
201000049347;0;2;0;0;2;1;1;A01
201000049347;0;7;0;0;2;3;1;B01
201000049348;0;2;0;0;0;8;1;A01
201000049349;1;1;0;0;1;0;1;Z01
201000049350;1;1;0;0;1;1;1;Z01
201000049351;0;7;0;0;1;2;1;A01
201000049352;0;7;0;0;1;7;1;A01
201000049353;0;10;0;0;2;6;23;C01
201000049353;0;2;0;0;2;1;3;A01
201000049353;0;2;0;0;2;1;9;B01
201000049354;0;2;0;0;1;1;1;A01
201000049355;0;2;0;0;2;1;1;A01
201000049355;0;1;0;0;2;7;1;B01
201000049356;0;7;0;0;1;8;15;A01
201000049357;0;7;0;2;1;1;1;A01
201000049358;0;33;0;0;9;8;1;A01
201000049359;0;7;0;0;2;5;15;A01
201000049359;0;1;0;0;2;1;21;B01
201000049360;0;17;0;0;2;1;2;A01
201000049360;0;7;0;0;2;4;1;B01
201000049361;0;7;0;0;2;8;2;A01
201000049361;0;1;0;1;0;1;1;B01
201000049362;0;7;0;0;1;4;4;A01
201000049363;0;2;0;0;2;5;16;A01
201000049363;0;7;0;0;0;1;1;B01
201000049364;0;7;0;0;2;6;1;A01
201000049364;0;7;0;0;2;1;1;B01
201000049365;0;14;0;0;2;5;13;B01
201000049365;0;34;0;0;2;1;1;A01
201000049366;0;2;0;0;2;1;1;A01
201000049366;0;7;0;0;2;5;23;B01
201000049367;0;32;0;0;2;1;23;B01
201000049367;0;33;0;0;1;1;1;A01
201000049368;0;7;0;0;2;2;16;A01
201000049368;0;32;0;0;2;3;1;B01
201000049369;0;33;0;0;1;1;1;A01
201000049370;0;33;0;0;2;1;1;B01
201000049370;0;1;0;0;2;8;19;A01
201000049371;0;10;0;0;2;2;15;A01
201000049371;0;31;0;0;2;3;1;B01
201000049372;0;33;0;0;2;4;2;B01
201000049372;0;33;0;0;2;1;2;A01
201000049373;0;7;0;0;1;1;1;A01
201000049374;0;32;0;0;2;2;17;A01
201000049374;0;7;0;0;2;3;15;B01
201000049375;0;30;0;0;2;3;15;A01
201000049375;0;10;0;0;2;2;2;B01
201000049376;0;31;0;0;1;3;1;A01
201000049377;0;33;0;0;2;1;1;B01
201000049377;0;10;0;0;2;4;10;A01
201000049378;0;33;0;0;2;1;1;B01
201000049378;0;7;0;0;2;7;15;A01
201000049379;0;31;0;0;2;7;2;A01
201000049379;0;7;0;0;2;6;11;B01
201000049380;0;10;0;6;2;2;1;A01
201000049380;0;7;0;0;2;3;16;B01
201000049381;0;34;0;0;2;1;2;A01
201000049381;0;7;0;0;2;4;1;B01
201000049382;0;7;0;0;2;3;12;A01
201000049382;0;2;0;0;2;4;15;B01
201000049383;0;33;0;0;2;3;15;B01
201000049383;0;7;0;0;2;3;1;A01
201000049384;1;14;0;0;0;0;14;Z01
201000049384;0;7;0;14;0;1;1;B01
201000049385;0;7;0;0;2;1;15;A01
201000049385;0;30;0;0;2;1;1;B01
201000049386;0;7;0;0;1;1;1;A01
201000049387;0;7;0;0;1;0;1;A01
201000049388;0;7;0;0;1;0;15;A01
201000049389;0;7;0;0;2;1;1;A01
201000049390;0;2;0;0;2;8;1;B01
201000049390;0;7;0;0;2;3;15;A01
201000049391;0;2;0;0;2;1;7;A01
201000049391;0;7;0;0;2;2;16;B01
201000049392;0;7;0;0;1;2;17;A01
201000049393;0;30;0;0;2;7;1;B01
201000049393;0;7;0;0;2;8;15;A01
201000049394;0;7;0;3;0;0;2;A01
201000049395;0;33;0;0;0;8;1;A01
201000049396;0;7;0;0;2;3;15;B01
201000049396;0;30;0;0;2;7;1;A01
201000049397;0;7;0;0;2;4;4;A01
201000049397;0;32;0;0;2;1;16;B01
201000049398;0;7;0;0;1;0;15;A01
201000049399;0;7;0;0;2;3;15;A01
201000049399;0;2;0;0;2;1;1;B01
201000049400;0;7;0;0;1;7;1;A01
201000049401;1;2;0;0;1;0;1;Z01
201000049402;0;7;0;0;2;3;4;A01
201000049402;0;33;0;0;2;7;1;B01
201000049403;0;30;0;0;0;8;1;A01
201000049404;0;37;9;0;1;1;1;A01
201000049405;0;7;0;0;1;2;1;A01
201000049406;0;7;0;0;2;5;15;B01
201000049406;0;1;0;0;2;1;1;A01
201000049407;0;7;0;0;2;3;15;A01
201000049407;0;2;0;0;2;6;1;B01
201000049408;0;7;0;0;1;1;15;A01
201000049409;0;7;0;0;1;6;1;A01
201000049410;0;7;0;0;1;3;1;A01
201000049411;0;7;0;0;2;3;1;A01
201000049411;0;7;0;0;2;3;1;B01
201000049412;0;37;1;0;1;2;16;A01
201000049413;0;7;0;0;1;1;1;A01
201000049414;0;30;0;12;0;0;1;A01
201000049415;0;1;0;0;0;0;0;B01
201000049415;0;1;0;0;0;0;0;A01
201000049415;0;1;0;0;0;0;0;D01
201000049415;0;1;0;0;0;0;0;C01
201000049416;0;2;0;0;1;1;16;A01
201000049417;0;1;0;0;0;0;19;B01
201000049417;0;7;0;0;1;2;2;A01
201000049418;0;7;0;0;2;2;20;A01
201000049418;0;1;0;0;2;1;2;B01
201000049419;0;2;0;0;2;1;1;A01
201000049419;0;7;0;0;2;3;1;B01
201000049420;0;7;0;0;1;3;1;A01
201000049421;0;31;0;0;2;5;1;B01
201000049421;0;7;0;0;2;2;1;A01
201000049422;0;7;0;0;1;2;15;A01
201000049423;0;33;0;0;1;6;0;A01
201000049424;0;7;0;0;2;3;0;A01
201000049424;0;1;0;0;2;0;0;B01
201000049425;0;10;0;0;2;3;1;B01
201000049425;0;10;0;0;2;1;1;A01
201000049426;0;1;0;0;1;1;0;A01
201000049427;0;10;0;0;1;3;1;A01
201000049428;0;10;0;0;1;1;0;A01
201000049429;0;7;0;0;9;8;24;A01
201000049429;0;1;0;1;0;1;2;B01
201000049430;0;2;0;0;2;1;17;A01
201000049430;0;7;0;0;2;3;15;B01
201000049431;0;7;0;0;2;2;15;A01
201000049431;0;31;0;0;2;1;1;B01
201000049432;0;10;0;0;2;2;2;A01
201000049432;0;33;0;0;2;4;23;B01
201000049433;0;7;0;0;0;3;0;A01
201000049433;0;30;0;0;2;7;1;B01
201000049434;0;10;0;0;2;2;0;B01
201000049434;0;7;0;0;2;7;1;A01
201000049435;0;7;0;0;2;4;2;B01
201000049435;0;10;0;0;2;4;2;C01
201000049435;0;7;0;0;2;1;2;A01
201000049436;0;7;0;0;2;3;15;A01
201000049436;0;31;0;0;2;7;15;B01
201000049437;0;7;0;0;0;4;1;B01
201000049437;0;30;0;14;0;1;2;A01
201000049438;0;7;0;0;0;3;1;B01
201000049438;0;7;0;0;2;2;1;A01
201000049439;0;34;0;0;2;1;1;B01
201000049439;0;7;0;0;0;5;12;A01
201000049440;0;1;0;0;9;1;1;A01
201000049440;0;1;0;0;9;1;1;B01
201000049441;0;2;0;0;1;1;1;A01
201000049442;0;7;0;0;2;2;22;B01
201000049442;0;33;0;1;0;7;1;A01
201000049443;0;7;0;0;9;3;22;A01
201000049443;0;1;0;1;0;1;1;B01
201000049444;0;7;0;0;2;5;1;A01
201000049444;0;34;0;0;2;1;1;B01
201000049445;0;1;0;0;2;1;2;B01
201000049445;0;7;0;0;9;2;10;A01
201000049446;0;7;0;0;1;2;17;A01
201000049447;0;7;0;0;2;7;16;B01
201000049447;0;33;0;0;2;8;18;A01
201000049448;0;7;0;0;2;4;23;B01
201000049448;0;7;0;0;2;1;2;A01
201000049449;0;33;0;1;1;1;1;A01
201000049450;0;30;0;0;0;9;1;A01
201000049451;0;7;0;0;2;4;1;B01
201000049451;0;7;0;0;0;4;2;C01
201000049451;0;7;0;0;2;1;1;A01
201000049452;0;33;0;0;2;1;1;B01
201000049452;0;7;0;0;2;2;15;A01
201000049453;0;7;0;0;0;6;15;B01
201000049453;0;30;0;0;2;3;1;A01
201000049454;0;7;0;0;1;2;1;A01
201000049455;0;30;0;0;2;1;1;B01
201000049455;0;7;0;0;2;7;15;A01
201000049456;0;7;0;0;1;1;1;A01
201000049457;0;7;0;0;2;7;0;A01
201000049457;0;7;0;0;0;5;1;B01
201000049458;0;7;0;0;2;6;9;A01
201000049458;0;31;0;0;2;2;1;B01
201000049459;0;33;0;0;2;1;1;B01
201000049459;0;7;0;0;0;2;15;A01
201000049460;0;33;0;0;2;1;2;B01
201000049460;0;7;0;0;2;8;9;A01
201000049461;1;7;0;1;0;0;4;Z01
201000049461;0;7;0;0;2;3;24;A01
201000049462;0;7;0;0;2;3;9;A01
201000049462;0;33;0;0;2;7;2;B01
201000049463;0;1;0;0;2;1;1;A01
201000049463;0;7;0;0;2;8;15;B01
201000049464;0;30;0;0;2;1;1;B01
201000049464;0;7;0;0;2;3;20;A01
201000049465;0;33;0;0;2;8;1;B01
201000049465;0;10;0;0;2;0;12;A01
201000049466;0;7;0;0;2;1;2;A01
201000049466;0;7;0;0;2;4;2;B01
201000049467;0;10;0;0;1;1;1;A01
201000049468;0;7;0;0;2;1;2;A01
201000049468;0;7;0;0;2;4;2;B01
201000049469;0;7;0;0;2;1;2;A01
201000049469;0;7;0;0;2;4;2;B01
201000049470;0;2;0;0;2;1;1;B01
201000049470;0;7;0;0;2;7;19;A01
201000049471;0;7;0;0;2;2;1;B01
201000049471;0;7;0;0;2;8;19;A01
201000049472;0;7;0;0;2;0;2;C01
201000049472;0;30;0;0;2;7;1;B01
201000049472;0;7;0;0;2;2;9;A01
201000049473;0;32;0;0;2;1;1;B01
201000049473;0;7;0;0;2;1;15;A01
201000049474;0;7;0;0;1;1;1;A01
201000049475;0;32;0;0;0;8;17;A01
201000049475;0;7;0;0;0;0;13;B01
201000049476;0;7;0;0;2;1;1;B01
201000049476;0;7;0;0;2;8;15;A01
201000049477;0;7;0;0;2;1;1;B01
201000049477;0;14;0;0;2;8;15;A01
201000049478;0;33;0;0;2;1;1;A01
201000049478;0;7;0;0;2;3;15;B01
201000049479;0;7;0;0;2;1;15;A01
201000049479;0;7;0;0;2;1;1;B01
201000049480;0;7;0;0;2;4;2;B01
201000049480;0;7;0;0;2;4;2;C01
201000049480;0;10;0;0;2;4;2;D01
201000049480;0;7;0;0;2;1;2;A01
201000049481;0;7;0;0;2;3;15;C01
201000049481;1;7;0;0;2;0;15;A01
201000049481;0;33;0;0;2;0;1;B01
201000049482;0;10;0;0;2;4;23;B01
201000049482;0;7;0;0;2;1;2;A01
201000049483;0;7;0;0;2;8;10;B01
201000049483;0;2;0;0;2;1;2;A01
201000049484;0;31;0;0;1;1;3;A01
201000049485;0;7;0;0;1;1;9;A01
201000049486;0;33;0;0;2;1;17;A01
201000049486;0;3;0;0;2;8;15;B01
201000049487;0;7;0;15;2;0;1;A01
201000049487;0;7;0;0;2;8;1;B01
201000049488;0;30;0;0;2;1;2;A01
201000049488;0;30;0;0;2;4;2;B01
201000049489;0;7;0;0;2;1;1;A01
201000049489;0;7;0;0;2;4;11;B01
201000049489;0;7;0;0;2;3;1;C01
201000049490;0;7;0;0;2;2;9;B01
201000049490;0;33;0;0;2;1;9;A01
201000049491;0;30;0;0;2;1;2;A01
201000049491;0;30;0;0;2;4;15;B01
201000049492;0;7;0;0;2;0;0;B01
201000049492;0;10;0;0;2;0;0;A01
201000049493;0;7;0;0;2;3;10;A01
201000049493;0;33;0;0;2;1;17;B01
201000049494;0;33;0;0;2;1;17;A01
201000049494;0;30;0;0;2;8;15;B01
201000049495;0;7;0;0;2;2;1;B01
201000049495;0;30;0;0;2;1;1;A01
201000049496;0;30;0;15;0;1;1;A01
201000049497;0;7;0;6;0;1;0;A01
201000049498;0;7;0;0;2;1;2;A01
201000049498;0;33;0;0;2;4;2;B01