num_acc;senc;catv;occutc;obs;obsm;choc;manv;num_veh
201000049499;0;7;0;0;2;2;15;B01
201000049499;0;30;0;0;2;1;1;A01
201000049500;0;7;0;1;0;8;1;A01
201000049501;0;7;0;0;1;2;17;A01
201000049502;0;7;0;0;0;0;1;A01
201000049502;0;7;0;0;2;6;23;C01
201000049502;0;1;0;0;2;1;13;B01
201000049503;0;30;0;0;2;2;17;A01
201000049503;0;7;0;0;2;3;15;B01
201000049504;0;30;0;0;2;1;1;B01
201000049504;0;1;0;0;2;1;1;A01
201000049505;0;30;0;0;2;1;1;B01
201000049505;0;7;0;0;2;3;15;A01
201000049506;0;10;0;0;2;2;2;A01
201000049506;0;7;0;0;2;4;23;B01
201000049507;0;7;0;0;1;2;1;A01
201000049508;0;30;0;0;4;2;5;A01
201000049508;0;39;0;0;2;3;1;B01
201000049509;0;7;0;0;2;5;15;A01
201000049509;0;33;0;0;2;1;1;B01
201000049510;0;31;0;0;2;7;2;B01
201000049510;0;10;0;0;2;3;9;A01
201000049511;0;7;0;0;1;2;1;A01
201000049512;0;33;0;0;1;1;1;A01
201000049513;0;7;0;0;2;3;1;A01
201000049513;0;7;0;0;2;3;13;B01
201000049514;0;7;0;0;1;1;16;A01
201000049515;0;7;0;0;2;3;1;B01
201000049515;0;30;0;0;2;1;15;A01
201000049516;0;33;0;0;2;1;17;A01
201000049516;0;37;1;0;2;3;1;C01
201000049516;0;7;0;0;2;6;14;B01
201000049517;0;1;0;0;2;1;19;A01
201000049517;0;7;0;0;2;5;1;B01
201000049518;0;32;0;15;0;1;1;A01
201000049519;0;1;0;0;2;1;17;A01
201000049519;0;7;0;0;2;3;15;B01
201000049520;0;32;0;0;2;1;17;A01
201000049520;0;7;0;0;2;3;15;B01
201000049521;0;7;0;0;2;3;2;A01
201000049521;0;7;0;0;2;4;2;B01
201000049522;0;34;0;0;2;1;1;A01
201000049522;0;7;0;0;2;3;15;B01
201000049523;0;7;0;0;2;3;9;B01
201000049523;0;30;0;0;2;7;1;A01
201000049524;0;34;0;0;2;1;1;B01
201000049524;0;7;0;0;2;3;15;A01
201000049525;0;7;0;0;1;0;1;A01
201000049526;0;7;0;0;2;3;15;A01
201000049526;0;33;0;0;2;1;17;B01
201000049527;0;7;0;15;0;2;2;A01
201000049528;0;32;0;0;2;1;1;A01
201000049528;0;10;0;0;2;3;9;B01
201000049529;0;7;0;1;0;2;1;A01
201000049529;0;7;0;0;2;0;24;B01
201000049530;0;7;0;0;2;5;15;B01
201000049530;0;33;0;0;2;1;2;A01
201000049531;0;7;0;0;2;3;15;A01
201000049531;0;7;0;0;2;3;1;B01
201000049532;0;7;0;0;2;2;9;A01
201000049532;0;30;0;0;2;1;1;B01
201000049533;0;7;0;0;2;3;15;A01
201000049533;0;31;0;0;2;1;1;B01
201000049534;0;33;0;0;2;8;21;A01
201000049534;0;10;0;0;2;5;1;B01
201000049535;0;7;0;15;0;1;1;A01
201000049536;0;31;0;0;2;1;17;A01
201000049536;0;14;0;0;1;3;15;B01
201000049537;0;7;0;0;2;2;23;A01
201000049537;0;1;0;0;2;0;23;B01
201000049538;0;7;0;0;2;3;10;A01
201000049538;0;30;0;0;2;1;1;B01
201000049539;0;7;0;0;2;5;15;B01
201000049539;0;2;0;0;2;1;9;A01
201000049540;0;10;0;0;2;5;23;A01
201000049540;0;30;0;0;2;1;3;B01
201000049541;0;30;0;0;1;1;1;A01
201000049542;0;7;0;0;1;1;1;A01
201000049543;0;33;0;0;2;7;1;B01
201000049543;0;7;0;0;2;1;1;C01
201000049543;0;7;0;0;2;1;9;A01
201000049544;0;7;0;0;2;3;17;A01
201000049544;0;33;0;0;2;7;2;B01
201000049545;0;7;0;0;2;2;15;A01
201000049545;0;33;0;0;2;1;1;B01
201000049546;0;31;0;1;0;8;13;A01
201000049547;0;7;0;0;1;4;4;A01
201000049548;0;7;0;0;2;8;15;B01
201000049548;0;34;0;0;0;7;17;A01
201000049549;0;1;0;0;2;8;5;B01
201000049549;1;7;0;0;9;2;1;A01
201000049550;0;7;0;2;0;1;1;A01
201000049551;0;7;0;0;2;8;10;A01
201000049551;0;7;0;0;2;2;1;B01
201000049552;0;7;0;0;2;2;1;B01
201000049552;0;7;0;0;2;8;1;A01
201000049553;0;34;0;0;2;7;1;B01
201000049553;0;30;0;0;2;1;13;A01
201000049554;0;7;0;0;2;3;15;B01
201000049554;0;7;0;0;2;1;1;A01
201000049555;0;30;0;0;2;8;9;B01
201000049555;1;7;0;0;2;1;2;A01
201000049556;0;7;0;0;2;1;1;A01
201000049556;0;7;0;0;2;6;4;B01
201000049557;0;7;0;0;1;1;0;A01
201000049558;0;7;0;0;2;6;15;A01
201000049558;0;33;0;0;2;1;17;B01
201000049559;0;7;0;0;2;5;9;A01
201000049559;0;2;0;0;2;1;1;B01
201000049560;0;7;0;0;0;0;12;A01
201000049560;0;30;0;0;0;0;1;B01
201000049561;0;7;0;0;0;1;1;A01
201000049562;0;7;0;0;2;4;23;B01
201000049562;0;10;0;0;2;1;1;A01
201000049563;0;7;0;0;2;8;9;A01
201000049563;0;31;0;0;2;1;1;B01
201000049564;0;31;0;0;2;8;1;B01
201000049564;0;7;0;1;2;0;14;A01
201000049565;0;2;0;0;2;2;10;A01
201000049565;0;7;0;0;2;3;1;B01
201000049566;0;7;0;0;2;4;1;C01
201000049566;0;7;0;0;2;1;1;A01
201000049566;0;7;0;0;2;4;1;B01
201000049567;0;33;0;0;0;8;1;A01
201000049568;0;7;0;0;2;2;1;B01
201000049568;0;7;0;15;2;4;0;A01
201000049568;0;7;0;0;0;4;1;C01
201000049569;0;2;0;12;0;1;1;A01
201000049570;0;7;0;0;2;1;1;A01
201000049570;0;7;0;0;2;4;1;B01
201000049571;0;7;0;0;2;2;9;A01
201000049571;0;31;0;0;2;1;1;B01
201000049572;0;33;0;0;0;0;1;A01
201000049573;0;7;0;0;1;2;1;A01
201000049574;0;31;0;0;2;4;1;A01
201000049574;0;7;0;0;0;4;1;B01
201000049575;0;7;0;0;1;1;1;A01
201000049576;0;30;0;0;0;0;1;A01
201000049577;0;31;0;0;0;0;1;A01
201000049578;0;1;0;0;0;1;1;A01
201000049579;0;33;0;0;1;1;1;A01
201000049579;0;10;0;0;2;7;1;B01
201000049579;0;7;0;0;2;6;1;C01
201000049580;0;7;0;1;2;8;1;B01
201000049580;0;10;0;0;2;2;0;A01
201000049580;0;7;0;0;2;1;1;C01
201000049581;0;33;0;0;0;0;1;A01
201000049582;0;33;0;0;2;1;17;B01
201000049582;0;7;0;0;2;3;9;A01
201000049583;0;33;0;0;0;0;1;A01
201000049584;0;10;0;0;2;4;1;B01
201000049584;0;30;0;0;2;1;1;A01
201000049585;0;10;0;0;2;1;1;A01
201000049585;0;7;0;0;2;4;23;B01
201000049586;0;7;0;0;2;8;10;A01
201000049586;0;31;0;0;2;1;1;B01
201000049587;0;7;0;0;2;6;15;B01
201000049587;0;31;0;0;2;1;17;A01
201000049588;0;33;0;1;0;1;1;A01
201000049589;0;7;0;6;0;1;6;A01
201000049590;0;31;0;0;2;1;17;A01
201000049590;0;7;0;0;2;3;15;B01
201000049591;0;7;0;0;1;1;1;A01
201000049592;0;7;0;0;2;7;1;A01
201000049592;0;7;0;0;2;1;1;B01
201000049593;0;7;0;0;1;3;1;A01
201000049594;0;10;0;0;1;4;4;A01
201000049595;0;33;0;0;0;8;1;A01
201000049596;0;7;0;0;1;6;1;A01
201000049597;0;7;0;0;9;1;1;A01
201000049597;0;1;0;0;2;4;1;B01
201000049598;0;7;0;0;1;2;1;A01
201000049599;0;1;0;0;2;7;17;B01
201000049599;0;7;0;0;2;8;15;A01
201000049600;0;10;0;0;9;2;11;A01
201000049600;0;1;0;0;2;1;0;B01
201000049601;0;33;0;0;2;1;2;A01
201000049601;0;33;0;0;2;4;1;B01
201000049602;0;2;0;1;0;0;0;A01
201000049603;0;1;0;0;0;0;1;A01
201000049604;0;7;0;0;2;1;1;A01
201000049604;0;7;0;0;2;4;1;C01
201000049604;0;7;0;0;2;4;1;B01
201000049605;0;33;0;0;2;1;2;A01
201000049605;0;10;0;0;2;4;1;B01
201000049606;0;7;0;0;1;3;1;A01
201000049607;0;7;0;0;1;2;16;A01
201000049607;0;30;0;0;2;6;1;B01
201000049608;0;7;0;1;0;1;18;A01
201000049608;0;13;0;0;2;3;24;B01
201000049609;0;1;0;0;0;0;15;A01
201000049610;0;7;0;0;2;1;1;A01
201000049610;0;10;0;0;2;8;1;B01
201000049611;2;7;0;0;1;1;1;A01
201000049612;0;30;0;0;2;7;15;A01
201000049612;0;7;0;0;2;1;1;B01
201000049613;0;7;0;15;0;1;14;A01
201000049614;0;2;0;12;0;1;1;A01
201000049615;0;7;0;0;2;8;13;A01
201000049615;0;33;0;0;2;1;0;B01
201000049616;0;31;0;0;1;3;1;A01
201000049617;0;7;0;0;2;1;1;A01
201000049617;0;7;0;0;2;4;23;B01
201000049618;0;1;0;0;1;1;1;A01
201000049619;0;7;0;0;2;4;23;C01
201000049619;0;7;0;0;2;4;23;B01
201000049619;0;7;0;0;2;1;1;A01
201000049620;0;7;0;0;1;4;4;A01
201000049621;0;7;0;0;1;2;1;A01
201000049622;0;32;0;0;2;1;17;B01
201000049622;0;7;0;0;2;8;10;A01
201000049623;0;32;0;0;0;8;1;A01
201000049624;0;33;0;0;2;1;1;B01
201000049624;0;7;0;0;2;1;13;A01
201000049625;1;10;0;0;2;4;1;B01
201000049625;0;1;0;0;2;4;15;A01
201000049626;0;2;0;0;2;1;17;A01
201000049626;0;7;0;0;2;3;9;B01
201000049627;0;7;0;0;2;3;9;A01
201000049627;0;33;0;0;2;1;1;B01
201000049628;0;31;0;0;2;1;17;A01
201000049628;0;7;0;0;2;3;15;B01
201000049629;0;7;0;0;1;2;1;A01
201000049630;0;7;0;0;1;1;1;A01
201000049631;0;7;0;0;2;3;15;A01
201000049631;0;30;0;0;2;1;1;B01
201000049632;0;1;0;0;2;1;1;B01
201000049632;0;7;0;0;2;8;22;A01
201000049633;0;33;0;16;0;7;1;A01
201000049634;0;31;0;16;0;8;1;A01
201000049635;0;7;0;0;2;3;1;B01
201000049635;0;33;0;0;2;1;1;A01
201000049636;0;10;0;0;1;1;1;A01
201000049637;0;14;0;0;2;1;1;A01
201000049637;0;10;0;0;2;4;23;B01
201000049638;0;7;0;0;2;1;1;A01
201000049638;0;7;0;0;2;4;23;B01
201000049639;0;7;0;0;1;1;1;A01
201000049640;0;7;0;0;2;8;1;B01
201000049640;0;7;0;0;2;1;1;A01
201000049641;0;33;0;0;2;1;1;B01
201000049641;0;10;0;0;2;3;10;A01
201000049642;0;33;0;0;2;1;17;A01
201000049642;0;7;0;0;2;8;15;B01
201000049643;0;30;0;14;0;1;1;A01
201000049644;0;2;0;0;2;3;5;A01
201000049644;0;7;0;0;2;1;1;B01
201000049645;0;7;0;0;2;4;2;B01
201000049645;0;33;0;0;2;1;2;A01
201000049646;1;33;0;0;1;1;17;Z01
201000049647;0;7;0;14;2;1;1;A01
201000049647;0;32;0;0;2;4;15;B01
201000049648;0;33;0;0;2;1;1;B01
201000049648;0;7;0;0;2;7;15;A01
201000049649;0;30;0;0;2;1;1;C01
201000049649;0;7;0;0;2;3;9;A01
201000049649;0;7;0;0;2;2;1;B01
201000049650;0;7;0;1;0;1;1;A01
201000049651;0;7;0;0;2;1;15;A01
201000049651;0;33;0;0;2;8;1;B01
201000049652;0;99;0;0;1;2;1;A01
201000049653;0;30;0;1;0;8;1;A01
201000049654;0;7;0;0;2;3;15;B01
201000049654;0;30;0;0;2;1;17;A01
201000049655;0;7;0;0;0;6;13;A01
201000049655;0;30;0;0;0;7;1;B01
201000049656;0;33;0;0;2;7;17;B01
201000049656;0;7;0;0;2;3;10;A01
201000049657;0;10;0;0;2;6;1;B01
201000049657;0;2;0;0;2;1;5;A01
201000049658;0;33;0;0;0;0;1;A01
201000049659;0;10;0;0;1;4;4;A01
201000049660;0;7;0;0;2;4;1;A01
201000049660;0;7;0;0;0;0;1;C01
201000049660;0;1;0;0;2;1;1;B01
201000049661;0;31;0;0;2;3;1;B01
201000049661;0;7;0;0;2;2;10;A01
201000049662;0;7;0;0;2;3;15;B01
201000049662;0;33;0;0;2;2;17;A01
201000049663;0;33;0;0;2;7;1;B01
201000049663;0;7;0;0;2;8;9;A01
201000049664;0;7;0;0;1;3;1;A01
201000049664;0;7;0;12;2;6;1;B01
201000049665;0;2;0;9;0;0;15;A01
201000049666;0;30;0;0;0;0;1;A01
201000049667;0;7;0;14;2;2;21;A01
201000049667;0;33;0;0;2;4;16;B01
201000049668;0;7;0;0;1;3;0;A01
201000049669;0;31;0;0;2;1;3;A01
201000049669;0;7;0;0;2;4;1;B01
201000049670;0;7;0;0;2;8;22;A01
201000049670;0;1;0;1;0;1;1;B01
201000049671;0;33;0;7;0;0;1;A01
201000049672;0;10;0;0;2;7;16;A01
201000049672;0;30;0;0;2;3;1;B01
201000049673;0;2;0;0;0;0;1;A01
201000049674;0;7;0;1;2;2;1;A01
201000049674;0;7;0;0;2;3;16;B01
201000049675;0;2;0;0;2;1;1;A01
201000049675;0;7;0;0;2;4;23;B01
201000049676;0;7;0;0;2;4;1;B01
201000049676;1;7;0;0;2;1;1;Z01
201000049677;0;30;0;0;0;0;1;A01
201000049678;0;38;1;0;2;7;16;A01
201000049678;0;31;0;0;1;3;18;B01
201000049679;0;32;0;0;0;0;1;A01
201000049680;0;7;0;0;1;1;15;A01
201000049681;0;30;0;0;0;0;1;A01
201000049682;0;7;0;7;0;0;1;A01
201000049683;0;31;0;0;0;0;1;A01
201000049684;0;7;0;8;0;7;1;A01
201000049685;0;30;0;0;2;2;1;A01
201000049685;0;1;0;0;2;0;0;B01
201000049686;0;33;0;0;2;4;1;B01
201000049686;0;7;0;0;2;1;1;A01
201000049687;1;10;0;0;1;8;16;Z01
201000049688;0;7;0;0;1;4;1;A01
201000049689;0;7;0;1;2;2;9;A01
201000049689;0;7;0;0;2;3;1;B01
201000049690;0;7;0;0;1;3;1;A01
201000049691;0;7;0;0;2;4;23;B01
201000049691;0;7;0;0;2;1;2;A01
201000049692;0;2;0;0;2;1;5;A01
201000049692;0;7;0;0;2;1;1;B01
201000049693;0;2;0;0;2;1;1;B01
201000049693;0;30;0;0;2;1;15;A01
201000049694;1;7;0;0;2;6;11;Z01
201000049694;0;30;0;0;2;2;1;A01
201000049695;0;32;0;0;2;1;18;B01
201000049695;0;7;0;0;2;2;16;A01
201000049696;0;7;0;0;2;4;24;B01
201000049696;0;7;0;1;0;1;1;A01
201000049697;0;7;0;7;0;1;1;A01
201000049698;0;32;0;0;0;1;2;A01
201000049698;0;7;0;0;0;5;2;C01
201000049698;0;7;0;0;0;5;2;B01
201000049699;0;7;0;0;1;1;1;A01
201000049700;0;7;0;14;2;1;13;A01
201000049700;0;37;20;0;2;6;23;B01
201000049701;0;33;0;0;2;1;1;A01
201000049701;0;10;0;0;2;6;9;B01
201000049702;0;7;0;0;1;1;15;A01
201000049703;0;30;0;0;2;1;17;A01
201000049703;0;7;0;0;2;3;1;B01
201000049704;0;7;0;0;1;1;1;A01
201000049705;0;7;0;12;0;0;1;A01
201000049706;0;37;1;0;2;4;23;B01
201000049706;0;7;0;0;2;1;1;A01
201000049707;1;7;0;0;2;0;1;Z01
201000049708;0;32;0;0;2;1;1;B01
201000049708;0;7;0;0;2;7;15;A01
201000049709;0;2;0;0;2;1;1;A01
201000049709;0;33;0;0;2;1;1;B01
201000049710;0;32;0;0;2;1;1;A01
201000049710;0;10;0;0;2;7;16;B01
201000049711;0;7;0;0;2;1;1;B01
201000049711;0;7;0;1;2;8;10;A01
201000049712;0;7;0;0;2;6;1;B01
201000049712;0;7;0;0;2;1;5;A01
201000049712;0;7;0;0;2;3;1;C01
201000049713;0;1;0;0;2;1;19;A01
201000049713;0;7;0;0;2;6;1;B01
201000049714;0;7;0;0;2;1;1;A01
201000049714;0;7;0;0;2;4;1;B01
201000049714;0;7;0;0;2;4;1;C01
201000049715;0;7;0;1;2;3;9;B01
201000049715;0;7;0;0;2;5;1;A01
201000049716;0;30;0;0;1;1;1;A01
201000049717;0;37;30;1;2;3;1;B01
201000049717;0;10;0;0;2;1;13;A01
201000049718;0;7;0;0;2;3;19;A01
201000049718;0;32;0;0;2;1;1;B01
201000049719;0;10;0;0;1;1;1;A01
201000049720;0;7;0;0;1;4;4;A01
201000049721;0;33;0;0;1;1;1;A01
201000049722;0;7;0;0;1;6;4;A01
201000049723;0;10;0;0;1;7;7;A01
201000049724;0;7;0;0;2;4;1;B01
201000049724;0;32;0;0;2;1;2;A01
201000049725;0;33;0;0;2;2;17;A01
201000049725;0;7;0;0;2;3;15;B01
201000049726;0;7;0;0;1;7;1;A01
201000049727;0;7;0;0;2;3;2;B01
201000049727;0;32;0;0;2;7;17;A01
201000049728;0;32;0;0;2;1;1;B01
201000049728;0;7;0;0;2;3;19;A01
201000049729;0;7;0;2;0;1;1;A01
201000049730;0;7;0;0;2;6;1;B01
201000049730;0;33;0;0;2;2;14;A01
201000049731;0;33;0;0;2;1;1;B01
201000049731;0;7;0;0;2;2;15;A01
201000049732;0;7;0;0;2;3;15;A01
201000049732;0;33;0;0;2;2;17;B01
201000049733;0;7;0;0;1;1;1;A01
201000049734;0;1;0;0;1;1;1;A01
201000049735;0;7;0;0;1;2;1;A01
201000049736;0;7;0;0;2;1;1;B01
201000049736;0;7;0;1;0;3;24;C01
201000049736;0;7;0;0;2;7;1;A01
201000049737;0;33;0;0;2;7;1;B01
201000049737;0;7;0;0;2;1;23;C01
201000049737;0;2;0;0;2;1;1;A01
201000049738;0;30;0;0;2;1;1;A01
201000049738;0;7;0;0;2;5;1;B01
201000049739;0;7;0;0;2;1;1;B01
201000049739;0;34;0;14;2;1;6;A01
201000049740;0;1;0;0;2;1;11;B01
201000049740;0;7;0;0;2;7;1;A01
201000049741;0;30;0;0;2;8;1;A01
201000049741;1;7;0;0;0;0;1;Z01
201000049742;0;7;0;0;2;3;15;A01
201000049742;0;30;0;0;2;1;17;B01
201000049743;0;1;0;1;0;2;1;B01
201000049743;0;7;0;0;2;8;22;A01
201000049744;0;30;0;0;2;1;1;A01
201000049744;0;7;0;0;2;3;1;B01
201000049745;1;7;0;0;1;2;1;Z01
201000049746;0;2;0;0;2;1;16;B01
201000049746;0;7;0;0;2;1;15;A01
201000049747;0;30;0;0;2;1;1;A01
201000049747;0;7;0;0;2;3;19;B01
201000049748;0;33;0;0;2;1;17;A01
201000049748;0;7;0;0;2;3;1;B01
201000049749;0;7;0;0;1;8;4;A01
201000049750;0;7;0;0;2;2;15;A01
201000049750;0;33;0;0;1;1;1;B01
201000049751;0;7;0;0;1;2;16;A01
201000049752;0;33;0;0;2;1;1;B01
201000049752;0;10;0;0;2;3;1;A01
201000049753;0;7;0;0;2;3;15;B01
201000049753;0;30;0;0;2;1;1;A01
201000049754;0;7;0;14;0;1;15;A01
201000049755;0;1;0;0;2;4;1;B01
201000049755;0;7;0;0;2;3;1;A01
201000049756;0;7;0;0;2;3;9;A01
201000049756;0;32;0;0;2;1;1;B01
201000049757;0;31;0;1;2;1;1;B01
201000049757;0;7;0;0;2;2;15;A01
201000049758;0;7;0;0;2;3;15;A01
201000049758;0;34;0;0;2;1;2;B01
201000049759;0;30;0;0;2;1;2;A01
201000049759;0;7;0;0;2;4;1;B01
201000049760;0;7;0;0;2;3;1;A01
201000049760;0;1;0;0;2;1;19;B01
201000049761;0;10;0;0;2;4;4;A01
201000049761;0;32;0;0;2;1;1;B01
201000049762;0;7;0;0;2;1;15;A01
201000049762;0;34;0;0;2;1;1;B01
201000049763;0;7;0;12;0;2;1;A01
201000049764;0;10;0;0;1;4;4;A01
201000049765;1;33;0;0;1;0;1;Z01
201000049766;0;7;0;2;0;1;1;A01
201000049767;0;32;0;0;2;2;1;A01
201000049767;0;7;0;0;2;0;15;B01
201000049768;0;31;0;0;1;1;1;A01
201000049769;1;7;0;0;2;8;13;Z01
201000049769;0;30;0;0;2;7;1;A01
201000049770;0;10;0;0;2;8;11;A01
201000049770;0;33;0;0;2;2;17;B01
201000049771;0;37;29;0;1;3;16;A01
201000049772;0;7;0;0;2;4;2;B01
201000049772;0;37;0;0;2;1;2;A01
201000049773;0;37;0;0;1;2;1;A01
201000049774;0;10;0;0;1;8;2;A01
201000049775;0;7;0;0;2;3;15;B01
201000049775;0;7;0;0;2;2;13;A01
201000049776;0;10;0;0;1;4;4;A01
201000049777;0;10;0;14;0;1;2;A01
201000049777;0;13;0;0;2;4;23;B01
201000049778;0;30;0;8;0;1;1;A01
201000049779;0;7;0;0;2;1;2;A01
201000049779;0;33;0;0;2;4;23;B01
201000049780;0;37;0;0;2;6;9;A01
201000049780;0;7;0;0;2;2;11;B01
201000049781;0;34;0;0;1;1;0;A01
201000049781;0;37;0;0;0;0;0;B01
201000049782;0;33;0;0;2;1;1;B01
201000049782;0;7;0;0;2;7;15;A01
201000049783;0;7;0;0;2;1;15;B01
201000049783;0;7;0;15;2;3;1;A01
201000049784;0;7;0;15;0;0;21;A01
201000049785;0;7;0;0;2;2;15;A01
201000049785;0;32;0;0;2;1;1;B01
201000049786;0;31;0;12;0;0;1;A01
201000049787;0;17;0;0;2;8;15;A01
201000049787;0;7;0;0;2;2;9;B01
201000049788;0;7;0;8;0;1;0;A01
201000049789;0;13;0;0;2;1;2;A01
201000049789;0;10;0;0;2;4;2;B01
201000049790;0;99;0;0;1;3;15;A01
201000049791;0;7;0;14;2;1;16;A01
201000049791;0;7;0;0;2;1;23;B01
201000049792;0;7;0;0;1;3;1;A01
201000049793;0;7;0;0;2;2;17;A01
201000049793;0;32;0;0;2;1;1;B01
201000049794;0;7;0;0;2;1;1;A01
201000049794;0;33;0;0;0;4;1;B01
201000049795;0;7;0;14;0;1;1;A01
201000049795;0;7;0;0;0;4;23;B01
201000049796;0;10;0;0;0;0;15;A01
201000049796;0;32;0;0;2;0;1;D01
201000049796;0;7;0;0;0;8;1;C01
201000049796;0;7;0;0;0;2;1;B01
201000049797;0;14;0;0;0;6;16;A01
201000049797;0;37;0;0;0;5;23;B01
201000049797;0;30;0;1;2;7;3;C01
201000049798;0;2;0;0;0;0;16;A01
201000049799;0;7;0;0;2;1;2;A01
201000049799;0;7;0;0;2;4;23;B01
201000049800;0;34;0;12;0;2;9;A01
201000049801;0;37;1;0;1;1;1;A01
201000049802;0;34;0;0;2;8;1;B01
201000049802;0;7;0;0;2;5;12;A01
201000049803;0;30;0;0;1;1;0;A01
201000049804;0;33;0;0;0;8;13;A01
201000049805;0;7;0;0;2;1;0;A01
201000049805;0;7;0;0;2;7;1;B01
201000049806;0;33;0;12;0;2;1;A01
201000049807;0;10;0;0;1;4;4;A01
201000049808;0;7;0;0;2;2;15;B01
201000049808;0;32;0;0;2;1;1;A01
201000049809;0;7;0;0;2;4;23;B01
201000049809;0;7;0;0;0;4;23;C01
201000049809;0;7;0;0;2;1;1;A01
201000049810;0;32;0;0;2;1;12;A01
201000049810;0;32;0;0;2;8;15;B01
201000049811;0;33;0;0;0;8;15;A01
201000049812;0;32;0;0;0;7;1;A01
201000049813;0;31;0;14;0;0;1;A01
201000049814;0;32;0;0;0;1;2;A01
201000049815;0;30;0;0;0;4;2;A01
201000049815;0;30;0;0;2;3;2;B01
201000049816;0;31;0;0;2;3;1;B01
201000049816;0;7;0;0;2;5;16;A01
201000049817;0;3;0;0;1;2;1;A01
201000049818;0;7;0;0;1;4;4;A01
201000049819;0;7;0;0;1;2;1;A01
201000049820;0;30;0;3;0;5;1;A01
201000049821;0;7;0;1;2;3;21;A01
201000049821;0;10;0;0;2;4;23;B01
201000049822;0;32;0;0;2;7;1;A01
201000049822;0;7;0;0;2;4;23;B01
201000049823;0;7;0;0;2;2;1;B01
201000049823;0;13;0;0;2;8;15;A01
201000049824;0;7;0;0;1;1;1;A01
201000049825;0;7;0;0;1;5;20;A01
201000049826;0;7;0;0;0;7;15;A01
201000049826;0;7;0;0;0;1;1;B01
201000049827;0;7;0;0;1;3;1;A01
201000049828;0;7;0;0;1;2;1;A01
201000049829;0;7;0;0;1;2;1;A01
201000049830;1;7;0;0;1;1;1;A01
201000049831;1;7;0;0;1;1;1;Z01
201000049832;0;32;0;0;2;8;18;A01
201000049832;0;10;0;0;2;7;14;B01
201000049833;0;7;0;0;2;1;2;B01
201000049833;0;7;0;0;2;3;19;A01
201000049834;0;30;0;0;2;1;1;B01
201000049834;0;7;0;0;0;5;23;C01
201000049834;0;7;0;0;0;3;9;A01
201000049835;0;7;0;0;0;1;1;A01
201000049835;0;7;0;0;0;3;1;B01
201000049836;0;7;0;0;2;4;0;B01
201000049836;0;7;0;0;2;1;1;A01
201000049837;0;7;0;0;2;0;9;A01
201000049837;0;32;0;14;0;7;21;B01
201000049838;0;7;0;0;1;2;1;A01
201000049839;0;7;0;0;1;2;1;A01
201000049840;0;7;0;0;2;3;10;A01
201000049840;0;7;0;0;2;1;1;B01
201000049841;0;33;0;12;0;7;21;B01
201000049841;0;7;0;0;0;0;15;A01
201000049842;0;33;0;0;2;2;17;A01
201000049842;0;10;0;0;2;1;23;C01
201000049842;0;10;0;0;2;3;15;B01
201000049843;0;37;1;0;1;2;1;A01
201000049844;0;30;0;0;0;1;1;A01
201000049845;0;10;0;0;1;4;4;A01
201000049846;0;14;0;0;1;1;1;A01
201000049847;0;7;0;0;0;6;15;B01
201000049847;0;34;0;0;0;2;1;A01
201000049848;0;7;0;0;0;8;13;A01
201000049848;0;32;0;0;2;7;17;B01
201000049849;0;7;0;0;1;7;1;A01
201000049850;0;33;0;0;2;1;15;B01
201000049850;0;7;0;0;2;1;13;A01
201000049851;0;33;0;0;2;2;2;A01
201000049851;0;7;0;0;2;6;15;B01
201000049852;0;2;0;1;2;2;21;A01
201000049853;0;7;0;1;2;1;1;A01
201000049853;0;7;0;1;2;8;16;B01
201000049854;0;7;0;0;0;0;0;A01
201000049854;0;32;0;0;2;3;0;B01
201000049855;0;32;0;0;1;5;21;A01
201000049856;1;30;0;0;2;1;2;A01
201000049856;0;7;0;0;0;4;1;B01
201000049857;0;7;0;0;1;1;2;A01
201000049858;0;30;0;0;1;1;2;A01
201000049859;1;30;0;0;1;1;1;Z01
201000049860;0;37;1;0;1;2;1;A01
201000049861;0;30;0;0;2;1;1;A01
201000049861;0;7;0;0;2;3;9;B01
201000049862;0;30;0;0;2;0;21;A01
201000049862;0;10;0;0;0;0;23;B01
201000049863;1;2;0;8;1;1;13;A01
201000049864;0;32;0;0;0;7;2;B01
201000049864;0;7;0;0;0;8;10;A01
201000049865;1;7;0;0;1;1;1;A01
201000049866;0;7;0;0;1;1;15;A01
201000049867;0;7;0;0;1;7;1;A01
201000049868;0;7;0;0;1;7;1;A01
201000049869;0;7;0;0;1;1;1;A01
201000049870;1;30;0;0;1;1;1;A01
201000049871;0;7;0;0;1;1;1;A01
201000049872;0;7;0;0;1;1;0;A01
201000049873;0;7;0;0;0;3;1;B01
201000049873;0;30;0;0;0;1;5;A01
201000049874;0;7;0;1;2;1;21;A01
201000049874;0;7;0;0;2;4;1;B01
201000049875;0;2;0;0;2;1;1;B01
201000049875;0;7;0;0;2;1;1;A01
201000049876;0;10;0;0;2;1;1;A01
201000049876;0;31;0;0;2;1;5;B01
201000049877;2;7;0;0;2;1;5;A01
201000049877;0;33;0;0;2;1;1;B01
201000049878;1;7;0;0;1;1;1;A01
201000049879;0;7;0;0;1;1;0;A01
201000049880;0;32;0;0;1;2;17;A01
201000049881;1;30;0;0;1;4;1;A01