num_acc;senc;catv;occutc;obs;obsm;choc;manv;num_veh
201000049882;1;30;0;0;1;1;15;Z01
201000049883;0;7;0;0;1;3;1;A01
201000049884;0;1;0;0;2;1;1;A01
201000049884;0;7;0;0;0;3;9;B01
201000049885;0;7;0;0;2;3;2;A01
201000049885;0;31;0;0;2;4;1;B01
201000049886;0;7;0;0;0;2;1;A01
201000049886;0;30;0;0;2;1;1;C01
201000049886;0;32;0;0;2;1;1;B01
201000049887;0;7;0;0;2;6;1;B01
201000049887;0;33;0;0;2;1;2;A01
201000049888;0;33;0;0;9;2;1;A01
201000049888;1;1;0;0;0;5;5;Z01
201000049889;0;7;0;0;2;3;1;B01
201000049889;0;7;0;1;2;1;1;A01
201000049890;0;7;0;0;2;3;2;B01
201000049890;0;2;0;0;2;1;2;A01
201000049891;2;7;0;0;0;6;15;B01
201000049891;0;34;0;0;0;2;1;A01
201000049892;0;2;0;0;2;0;21;A01
201000049893;0;7;0;0;1;0;1;A01
201000049894;0;7;0;0;1;1;1;A01
201000049895;0;7;0;0;9;1;1;B01
201000049895;0;33;0;0;2;8;1;A01
201000049896;0;7;0;0;1;2;1;A01
201000049897;0;33;0;0;2;1;9;A01
201000049897;0;7;0;0;2;2;2;B01
201000049898;0;7;0;15;0;2;2;A01
201000049898;0;7;0;0;0;0;0;B01
201000049899;0;34;0;0;1;1;1;A01
201000049900;0;7;0;0;1;3;1;A01
201000049901;0;33;0;0;0;3;1;B01
201000049901;2;7;0;0;0;2;12;A01
201000049902;0;7;0;0;0;0;2;B01
201000049902;0;34;0;0;0;0;2;A01
201000049903;1;7;0;0;1;0;0;A01
201000049904;0;7;0;0;0;2;1;A01
201000049905;1;30;0;0;1;0;0;A01
201000049906;0;7;0;0;0;0;0;A01
201000049907;0;2;0;0;1;2;1;A01
201000049908;0;30;0;0;2;3;1;B01
201000049908;0;7;0;0;2;3;9;A01
201000049909;0;7;0;0;0;4;2;B01
201000049909;0;7;0;0;0;1;2;A01
201000049910;0;32;0;0;0;1;0;B01
201000049910;1;7;0;0;0;0;0;Z01
201000049911;0;7;0;0;2;1;9;A01
201000049911;0;7;0;0;2;4;9;B01
201000049912;0;31;0;0;2;4;15;B01
201000049912;1;7;0;0;2;1;1;A01
201000049913;0;7;0;0;0;1;10;A01
201000049913;0;7;0;0;0;3;1;B01
201000049914;0;7;0;0;2;1;1;B01
201000049914;0;7;0;0;0;2;10;A01
201000049915;0;7;0;0;1;1;2;A01
201000049916;0;7;0;0;2;2;15;B01
201000049916;0;7;0;0;2;1;1;A01
201000049917;0;7;0;0;2;2;10;A01
201000049917;0;31;0;0;2;1;2;B01
201000049918;0;7;0;0;0;3;20;A01
201000049918;0;30;0;0;0;2;17;B01
201000049919;0;7;0;0;1;1;0;A01
201000049920;0;2;0;0;2;8;2;A01
201000049920;0;14;0;0;0;2;9;B01
201000049921;0;7;0;1;0;4;1;B01
201000049921;0;13;0;1;0;1;1;A01
201000049921;0;7;0;0;0;4;1;C01
201000049922;0;33;0;0;2;1;0;A01
201000049922;0;10;0;0;0;3;0;B01
201000049923;0;7;0;0;2;2;9;A01
201000049923;0;7;0;0;2;3;1;C01
201000049923;0;7;0;0;2;3;2;B01
201000049924;0;32;0;0;2;3;1;B01
201000049924;0;7;0;0;2;1;15;A01
201000049925;0;7;0;0;0;7;1;B01
201000049925;2;7;0;0;2;1;1;Z01
201000049926;0;32;0;0;2;0;21;B01
201000049926;0;7;0;0;9;5;15;A01
201000049927;0;31;0;0;2;1;5;A01
201000049927;0;7;0;0;2;2;15;B01
201000049928;0;7;0;0;1;1;1;A01
201000049929;0;7;0;0;2;1;1;A01
201000049929;0;7;0;0;2;4;1;B01
201000049930;0;34;0;0;1;2;17;A01
201000049930;0;7;0;0;0;2;23;B01
201000049931;0;7;0;0;0;2;0;A01
201000049931;1;2;0;0;0;0;0;Z01
201000049932;0;7;0;0;2;0;0;A01
201000049932;0;33;0;0;2;7;0;B01
201000049933;0;30;0;0;2;1;1;B01
201000049933;1;99;0;0;2;5;4;Z01
201000049934;0;7;0;0;1;3;0;A01
201000049935;0;7;0;0;0;3;2;A01
201000049936;0;7;0;0;1;3;1;A01
201000049937;0;10;0;0;2;1;1;B01
201000049937;0;7;0;0;2;8;1;A01
201000049938;0;13;0;0;2;4;1;B01
201000049938;0;32;0;14;2;1;12;A01
201000049939;0;2;0;0;2;0;11;A01
201000049939;0;2;0;0;2;0;11;B01
201000049940;0;7;0;0;2;1;1;A01
201000049940;0;7;0;0;2;7;1;B01
201000049941;0;7;0;0;1;2;2;A01
201000049942;0;32;0;0;2;1;5;A01
201000049942;0;7;0;0;2;1;16;B01
201000049943;0;7;0;0;1;4;4;A01
201000049944;0;7;0;0;0;2;2;A01
201000049945;0;30;0;9;2;1;2;B01
201000049945;0;7;0;0;2;3;2;A01
201000049946;0;7;0;0;2;1;1;A01
201000049946;0;30;0;0;2;3;1;B01
201000049947;0;15;0;0;2;2;2;B01
201000049947;0;10;0;0;2;3;15;A01
201000049948;0;2;0;0;0;0;0;B01
201000049948;0;7;0;0;0;0;0;A01
201000049949;0;7;0;0;2;3;1;B01
201000049949;0;30;0;0;2;1;1;A01
201000049950;0;2;0;0;0;2;15;B01
201000049950;0;7;0;0;0;3;15;A01
201000049951;0;7;0;0;1;3;1;A01
201000049952;0;14;0;0;9;2;1;B01
201000049952;0;33;0;0;9;1;1;A01
201000049953;0;7;0;0;0;2;1;A01
201000049954;0;7;0;0;1;1;2;A01
201000049955;0;7;0;0;1;3;1;A01
201000049956;0;7;0;15;0;3;1;A01
201000049957;0;7;0;0;1;1;2;A01
201000049958;0;7;0;0;2;3;1;B01
201000049958;0;7;0;0;2;3;1;A01
201000049959;0;32;0;0;2;1;3;A01
201000049959;0;7;0;0;2;1;1;B01
201000049960;0;1;0;0;1;1;1;A01
201000049961;0;7;0;0;1;1;0;A01
201000049962;0;10;0;0;2;4;2;B01
201000049962;0;7;0;0;2;1;2;A01
201000049963;0;7;0;0;0;4;16;C01
201000049963;0;7;0;0;2;4;2;B01
201000049963;0;7;0;0;2;4;2;A01
201000049964;1;7;0;0;1;0;0;A01
201000049965;1;10;0;0;2;8;2;A01
201000049965;0;1;0;0;2;7;2;B01
201000049966;1;7;0;0;1;1;0;Z01
201000049967;0;7;0;0;9;3;1;A01
201000049968;0;7;0;11;2;2;1;A01
201000049968;0;10;0;0;2;1;0;B01
201000049969;0;7;0;0;0;8;1;A01
201000049970;0;37;0;0;2;5;15;B01
201000049970;0;32;0;0;2;8;2;A01
201000049971;0;7;0;0;0;0;0;A01
201000049972;0;7;0;0;2;8;10;A01
201000049972;0;31;0;0;2;1;17;B01
201000049973;0;10;0;6;0;1;1;A01
201000049973;0;10;0;0;2;1;2;B01
201000049974;0;1;0;0;2;7;19;B01
201000049974;0;7;0;0;2;3;1;A01
201000049975;0;10;0;0;1;1;0;A01
201000049976;0;7;0;0;1;2;16;A01
201000049977;0;7;0;0;0;4;1;A01
201000049977;0;37;1;0;0;1;2;B01
201000049978;0;7;0;0;2;6;1;A01
201000049978;0;7;0;0;2;3;16;B01
201000049979;0;10;0;0;0;0;2;A01
201000049979;0;7;0;0;0;7;11;B01
201000049980;0;7;0;0;0;7;2;B01
201000049980;0;7;0;0;0;1;0;A01
201000049981;0;7;0;0;1;1;1;A01
201000049982;1;7;0;0;1;1;1;Z01
201000049983;0;7;0;0;1;2;0;A01
201000049984;0;2;0;0;2;2;19;A01
201000049984;0;7;0;0;0;3;1;B01
201000049985;0;10;0;0;1;4;4;A01
201000049986;0;7;0;0;1;1;16;A01
201000049987;0;7;0;0;0;8;1;A01
201000049987;0;2;0;0;2;7;0;B01
201000049988;1;10;0;0;0;0;0;Z01
201000049988;0;7;0;0;2;1;1;A01
201000049989;0;7;0;0;0;3;2;A01
201000049990;0;7;0;0;0;0;0;B01
201000049990;0;7;0;0;0;0;0;A01
201000049991;0;7;0;0;0;0;1;B01
201000049991;0;7;0;0;0;2;1;A01
201000049992;0;7;0;0;2;1;1;A01
201000049992;0;7;0;0;2;8;10;B01
201000049993;0;7;0;0;0;0;0;A01
201000049993;0;7;0;0;0;0;0;B01
201000049994;0;7;0;0;1;4;0;A01
201000049994;0;10;0;0;2;1;2;B01
201000049995;0;7;0;1;0;2;2;A01
201000049996;0;7;0;0;0;6;1;B01
201000049996;0;7;0;0;2;1;2;A01
201000049997;0;7;0;0;0;1;1;A01
201000049998;0;34;0;0;0;2;0;A01
201000049999;0;15;0;0;0;1;1;B01
201000049999;0;10;0;0;0;0;0;A01
201000050000;0;2;0;0;2;1;1;A01
201000050000;0;7;0;0;2;2;3;B01
201000050001;0;33;0;0;2;0;1;B01
201000050001;0;7;0;0;2;0;15;A01
201000050002;0;7;0;0;1;1;9;A01
201000050003;0;33;0;0;2;1;0;A01
201000050003;0;7;0;0;2;1;9;B01
201000050004;0;7;0;0;0;5;2;A01
201000050005;0;7;0;1;0;1;13;A01
201000050006;0;7;0;0;2;6;2;B01
201000050006;0;34;0;0;1;1;1;A01
201000050007;0;7;0;0;2;1;1;B01
201000050007;0;7;0;0;2;8;0;A01
201000050008;0;30;0;0;1;1;1;A01
201000050009;0;33;0;0;2;2;1;B01
201000050009;0;7;0;0;2;3;2;A01
201000050010;0;7;0;0;5;2;1;A01
201000050010;0;7;0;0;0;6;0;B01
201000050011;1;7;0;0;0;1;2;Z01
201000050012;0;33;0;0;2;1;1;A01
201000050012;0;7;0;0;2;2;9;B01
201000050013;0;7;0;0;1;1;0;A01
201000050014;0;7;0;0;1;8;0;A01
201000050015;0;7;0;0;2;3;15;A01
201000050015;0;31;0;0;2;1;1;B01
201000050016;0;7;0;0;0;4;1;B01
201000050016;0;7;0;0;2;1;1;A01
201000050017;0;7;0;0;2;3;0;A01
201000050017;0;7;0;0;2;3;16;B01
201000050018;0;7;0;0;2;1;1;B01
201000050018;0;30;0;0;2;8;1;A01
201000050019;0;7;0;9;0;3;6;A01
201000050020;0;7;0;14;0;0;1;A01
201000050021;0;7;0;0;0;7;2;A01
201000050021;0;7;0;0;0;1;2;B01
201000050022;0;7;0;0;0;4;1;B01
201000050022;0;33;0;0;0;1;1;A01
201000050023;0;37;0;0;1;1;1;A01
201000050024;0;7;0;0;1;3;0;A01
201000050025;0;7;0;1;0;8;15;A01
201000050026;0;7;0;0;2;8;9;B01
201000050026;0;7;0;0;2;1;1;A01
201000050027;0;7;0;0;2;8;15;B01
201000050027;0;7;0;0;2;3;1;A01
201000050028;0;7;0;1;1;1;0;A01
201000050029;0;7;0;0;1;3;1;A01
201000050030;0;7;0;0;2;0;0;B01
201000050030;0;7;0;0;2;1;0;A01
201000050031;0;7;0;0;2;8;15;B01
201000050031;0;33;0;12;2;0;17;A01
201000050032;0;7;0;0;2;6;1;A01
201000050032;0;1;0;0;0;0;1;B01
201000050033;2;7;0;0;2;7;1;A01
201000050033;0;7;0;0;2;1;1;B01
201000050034;1;7;0;0;1;1;1;Z01
201000050035;1;10;0;0;0;1;16;Z01
201000050036;0;30;0;0;2;1;1;A01
201000050036;0;7;0;0;2;1;1;B01
201000050037;0;7;0;0;1;3;2;A01
201000050038;0;7;0;0;0;3;0;A01
201000050038;0;32;0;0;0;3;0;B01
201000050039;0;7;0;13;0;3;17;A01
201000050039;0;2;0;0;0;1;5;B01
201000050040;0;7;0;0;2;2;0;A01
201000050040;0;30;0;0;2;2;1;B01
201000050041;0;33;0;0;2;8;5;B01
201000050041;0;7;0;0;2;1;15;A01
201000050042;0;7;0;0;2;7;9;B01
201000050042;0;31;0;0;2;8;1;A01
201000050043;0;7;0;0;2;0;0;A01
201000050043;1;7;0;0;0;0;0;B01
201000050044;0;2;0;0;2;0;1;A01
201000050045;0;7;0;1;0;1;2;A01
201000050046;0;34;0;0;1;8;2;A01
201000050046;0;34;0;0;2;8;2;B01
201000050047;0;1;0;0;2;7;1;B01
201000050047;0;7;0;0;9;1;1;A01
201000050048;0;7;0;1;0;1;0;A01
201000050049;1;30;0;0;0;0;0;A01
201000050049;0;7;0;0;0;0;0;B01
201000050050;0;7;0;0;0;4;0;B01
201000050050;0;10;0;0;0;1;2;A01
201000050051;0;33;0;0;2;1;2;B01
201000050051;0;10;0;0;2;5;10;A01
201000050052;0;2;0;0;2;8;9;A01
201000050052;0;7;0;0;2;1;1;B01
201000050053;0;7;0;0;0;8;1;B01
201000050053;0;33;0;0;0;2;17;A01
201000050054;0;7;0;0;2;5;14;A01
201000050054;0;7;0;12;2;3;1;B01
201000050055;0;7;0;0;0;7;19;A01
201000050055;0;7;0;0;0;1;2;B01
201000050056;0;7;0;0;0;2;1;A01
201000050057;0;7;0;0;2;7;1;B01
201000050057;0;7;0;0;2;1;1;A01
201000050058;0;7;0;0;2;1;15;A01
201000050058;0;3;0;0;2;1;1;B01
201000050059;0;7;0;8;0;2;12;A01
201000050060;0;7;0;8;0;6;14;A01
201000050061;0;30;0;0;2;2;1;B01
201000050061;0;10;0;0;2;1;1;A01
201000050062;0;7;0;0;2;3;16;A01
201000050062;0;2;0;0;2;5;1;B01
201000050063;0;30;0;0;2;1;2;A01
201000050063;0;7;0;0;0;6;2;B01
201000050064;0;7;0;0;2;2;5;A01
201000050064;0;7;0;0;2;1;1;B01
201000050065;1;7;0;0;0;0;0;Z01
201000050065;0;37;0;12;2;3;2;B01
201000050066;1;7;0;0;1;0;0;A01
201000050067;0;30;0;0;0;2;0;B01
201000050067;0;33;0;0;0;1;0;A01
201000050068;0;7;0;0;1;3;1;A01
201000050069;0;7;0;15;2;2;2;B01
201000050069;0;7;0;0;0;0;2;A01
201000050070;0;7;0;0;2;7;16;A01
201000050070;0;7;0;0;2;3;1;B01
201000050071;0;7;0;0;2;7;0;B01
201000050071;0;7;0;0;2;1;19;A01
201000050072;0;10;0;0;0;5;1;B01
201000050072;0;33;0;0;2;5;2;A01
201000050073;0;99;0;9;0;1;1;A01
201000050074;0;7;0;0;2;2;1;B01
201000050074;0;7;0;0;2;8;11;A01
201000050075;0;7;0;0;1;1;0;A01
201000050076;0;34;0;8;1;1;1;A01
201000050077;1;31;0;0;2;0;2;A01
201000050077;0;7;0;0;0;6;1;B01
201000050078;0;7;0;0;2;1;1;A01
201000050078;0;7;0;0;0;4;23;C01
201000050078;0;7;0;0;2;4;23;B01
201000050079;0;7;0;0;2;0;0;A01
201000050079;0;7;0;0;2;0;0;B01
201000050080;0;7;0;0;2;3;1;A01
201000050080;0;7;0;0;2;3;15;B01
201000050081;0;7;0;0;2;3;19;A01
201000050081;1;2;0;0;2;0;1;B01
201000050082;0;7;0;8;0;3;0;A01
201000050083;0;7;0;3;0;2;15;A01
201000050084;0;7;0;0;1;3;12;A01
201000050085;0;7;0;15;0;1;0;A01
201000050086;0;7;0;0;0;3;2;B01
201000050086;0;7;0;0;0;2;0;A01
201000050087;0;10;0;0;1;3;2;A01
201000050087;0;7;0;0;0;8;1;B01
201000050088;0;7;0;0;0;1;0;B01
201000050088;0;30;0;0;0;8;0;A01
201000050089;0;7;0;0;2;3;1;A01
201000050089;0;7;0;0;2;6;1;B01
201000050090;0;7;0;0;2;1;1;A01
201000050090;0;7;0;0;2;7;0;B01
201000050091;0;7;0;0;2;8;0;B01
201000050091;0;7;0;0;2;1;2;A01
201000050092;0;7;0;0;1;3;2;A01
201000050093;0;7;0;0;2;2;2;B01
201000050093;0;7;0;0;2;4;23;A01
201000050094;1;7;0;0;1;0;0;A01
201000050095;0;7;0;0;2;3;1;B01
201000050095;0;7;0;0;2;2;1;A01
201000050096;0;33;0;0;0;1;2;B01
201000050096;0;7;0;0;2;1;15;A01
201000050097;0;7;0;0;2;1;11;A01
201000050097;0;7;0;0;2;1;2;B01
201000050098;0;10;0;15;0;3;11;A01
201000050099;0;7;0;0;2;2;1;B01
201000050099;0;7;0;0;2;5;10;A01
201000050100;1;30;0;0;1;0;15;A01
201000050101;0;7;0;0;1;2;2;A01
201000050102;0;7;0;0;0;1;0;A01
201000050102;0;7;0;0;0;1;0;B01
201000050103;0;2;0;0;0;0;0;A01
201000050104;0;7;0;1;1;1;2;A01
201000050105;0;7;0;0;2;1;1;A01
201000050105;0;1;0;0;2;7;19;B01
201000050106;0;7;0;0;0;1;5;A01
201000050106;0;7;0;0;0;1;1;B01
201000050107;0;7;0;0;2;2;19;A01
201000050107;0;32;0;0;2;2;1;B01
201000050108;0;15;0;1;0;4;24;A01
201000050108;0;7;0;1;0;1;2;B01
201000050109;0;7;0;0;1;1;1;A01
201000050110;0;7;0;0;1;7;1;A01
201000050111;0;7;0;0;2;1;1;A01
201000050111;0;7;0;0;2;1;1;B01
201000050112;0;99;0;0;1;0;0;A01
201000050113;0;7;0;8;1;1;1;A01
201000050114;0;7;0;9;0;1;1;A01
201000050115;0;7;0;1;1;3;1;A01
201000050116;0;7;0;0;2;3;0;A01
201000050116;0;7;0;0;2;2;1;B01
201000050117;0;7;0;0;0;3;1;A01
201000050117;0;30;0;0;0;0;1;B01
201000050118;0;7;0;0;0;2;1;A01
201000050119;0;1;0;1;2;1;1;B01
201000050119;0;7;0;0;0;3;11;A01
201000050120;0;7;0;0;1;1;1;A01
201000050121;0;38;0;0;1;1;2;A01
201000050122;1;7;0;12;1;1;2;A01
201000050123;0;7;0;0;1;1;1;A01
201000050124;0;7;0;0;1;3;7;A01
201000050125;0;7;0;0;2;1;2;A01
201000050125;0;7;0;0;0;4;23;C01
201000050125;0;7;0;0;2;4;23;B01
201000050126;0;7;0;0;2;7;0;A01
201000050126;0;33;0;0;2;1;0;B01
201000050127;0;7;0;0;2;3;12;B01
201000050127;0;7;0;0;2;8;1;A01
201000050128;0;7;0;0;2;4;1;A01
201000050128;0;35;0;0;2;2;1;B01
201000050129;0;7;0;0;2;3;1;B01
201000050129;0;7;0;0;1;3;21;A01
201000050130;0;7;0;1;1;2;1;A01
201000050131;0;7;0;0;0;6;0;A01
201000050132;0;7;0;0;2;1;1;B01
201000050132;0;32;0;0;2;3;1;A01
201000050133;0;7;0;0;9;1;0;A01
201000050133;0;1;0;0;2;7;0;B01
201000050134;0;7;0;0;2;1;1;B01
201000050134;0;7;0;1;0;3;15;A01
201000050135;0;7;0;0;2;2;15;A01
201000050135;0;99;0;0;2;3;17;B01
201000050136;0;7;0;8;2;8;1;B01
201000050136;0;7;0;0;2;1;1;A01
201000050137;0;7;0;4;0;2;2;A01
201000050138;0;7;0;0;1;2;0;A01
201000050139;0;7;0;0;1;3;0;A01
201000050140;1;10;0;0;1;0;0;A01
201000050141;1;7;0;0;2;0;0;C01
201000050141;0;7;0;0;2;3;22;A01
201000050141;0;33;0;0;2;7;3;B01
201000050142;0;7;0;0;2;3;15;B01
201000050142;0;30;0;0;2;1;1;A01
201000050143;0;7;0;0;0;0;0;B01
201000050143;0;7;0;0;2;0;0;A01
201000050144;0;7;0;0;1;3;1;A01
201000050145;0;7;0;0;0;0;1;B01
201000050145;0;7;0;9;2;8;1;A01
201000050146;0;7;0;0;2;7;15;A01
201000050146;0;7;0;0;2;1;2;B01
201000050147;0;2;0;0;1;1;0;A01
201000050148;0;7;0;0;0;1;0;A01
201000050149;0;7;0;0;2;2;15;A01
201000050149;0;32;0;0;2;1;2;B01
201000050150;0;30;0;0;1;0;2;A01
201000050151;0;7;0;0;0;8;15;B01
201000050151;0;7;0;0;0;2;17;A01
201000050152;0;7;0;0;2;1;1;B01
201000050152;0;7;0;0;2;8;9;A01
201000050153;0;7;0;0;0;6;0;B01
201000050153;0;7;0;0;0;1;5;A01
201000050154;0;7;0;0;1;2;1;A01
201000050155;0;1;0;0;0;0;0;A01
201000050156;0;7;0;0;1;2;0;A01
201000050157;0;7;0;0;0;6;2;A01
201000050157;0;15;0;0;2;1;2;B01
201000050158;0;7;0;0;2;2;15;A01
201000050158;0;31;0;0;0;1;1;B01
201000050159;0;7;0;0;2;3;15;A01
201000050159;1;99;0;0;2;1;17;B01
201000050160;0;7;0;0;1;2;1;A01
201000050161;0;7;0;0;1;2;2;A01
201000050162;1;7;0;;0;0;10;A01
201000050163;0;7;0;0;1;2;1;A01
201000050164;0;7;0;0;1;2;2;A01
201000050165;0;7;0;0;1;0;0;A01
201000050166;0;7;0;0;2;1;0;A01
201000050166;0;7;0;0;2;1;0;B01
201000050167;0;7;0;0;2;3;16;B01
201000050167;0;37;0;0;2;1;1;A01
201000050168;0;7;0;0;1;2;1;A01
201000050169;0;7;0;15;0;1;0;A01
201000050170;0;10;0;0;2;2;15;A01
201000050170;0;7;0;0;2;3;2;B01
201000050171;0;10;0;0;1;1;1;A01
201000050172;0;7;0;0;2;4;1;B01
201000050172;0;7;0;0;2;1;2;A01
201000050173;0;1;0;0;2;0;0;B01
201000050173;0;7;0;0;2;0;0;A01
201000050174;0;7;0;0;2;1;1;A01
201000050174;0;7;0;0;2;2;11;B01
201000050175;0;7;0;1;0;2;2;A01
201000050176;0;7;0;0;1;1;1;A01
201000050177;1;7;0;0;1;1;0;Z01
201000050178;0;30;0;0;0;8;0;B01
201000050178;0;14;0;0;0;7;0;A01
201000050179;0;7;0;0;0;2;1;A01
201000050179;0;7;0;0;0;2;16;B01
201000050180;0;7;0;0;0;5;0;A01
201000050181;0;7;0;0;1;1;0;A01
201000050182;0;7;0;0;2;1;1;A01
201000050182;0;7;0;0;2;6;0;B01
201000050183;0;7;0;0;2;2;13;A01
201000050183;0;7;0;0;2;1;2;B01
201000050184;0;7;0;0;0;3;1;A01
201000050184;0;7;0;0;0;5;1;B01
201000050185;0;30;0;0;2;1;1;A01
201000050185;0;7;0;0;2;2;9;B01
201000050186;0;7;0;0;2;1;1;A01
201000050186;0;33;0;0;0;4;23;B01
201000050187;0;7;0;0;1;2;1;A01
201000050188;0;7;0;0;0;1;1;B01
201000050188;0;7;0;0;0;2;10;A01
201000050189;0;33;0;0;2;2;2;B01
201000050189;0;7;0;0;2;5;4;A01
201000050190;0;7;0;0;0;1;0;A01
201000050190;0;7;0;0;0;4;0;B01
201000050191;0;34;0;0;0;7;0;A01
201000050192;0;7;0;0;1;2;1;A01
201000050193;0;7;0;0;2;4;2;B01
201000050193;0;7;0;0;2;4;2;C01
201000050193;0;7;0;0;2;1;2;A01
201000050194;0;7;0;0;0;2;0;B01
201000050194;0;7;0;0;0;1;0;A01
201000050195;0;31;0;0;2;2;2;B01
201000050195;0;7;0;0;2;3;2;A01
201000050196;0;7;0;0;0;4;2;B01
201000050196;1;7;0;0;2;1;2;Z01
201000050197;0;7;0;0;2;1;0;A01
201000050197;0;7;0;0;2;1;1;B01
201000050198;2;7;0;0;2;1;19;A01
201000050198;0;7;0;0;2;3;2;B01
201000050199;1;36;0;0;9;1;1;A01
201000050199;0;1;0;0;2;8;1;B01
201000050200;0;33;0;0;2;2;1;A01
201000050200;0;7;0;0;2;8;15;B01
201000050201;0;7;0;0;2;1;2;A01
201000050201;0;7;0;0;2;4;2;B01
201000050202;0;7;0;0;2;1;11;A01
201000050202;0;7;0;0;2;1;2;B01
201000050203;0;33;0;0;2;1;1;B01
201000050203;0;7;0;0;2;5;17;A01
201000050204;0;7;0;0;2;2;1;B01
201000050204;0;7;0;0;2;3;11;A01
201000050205;1;7;0;0;0;0;2;A01
201000050206;0;7;0;0;2;1;17;A01
201000050206;0;7;0;0;2;1;0;B01
201000050207;0;7;0;0;2;2;1;A01
201000050207;0;7;0;0;2;3;1;B01
201000050208;0;37;1;0;1;2;1;A01
201000050209;0;7;0;0;0;0;0;B01
201000050209;0;34;0;0;0;0;0;A01
201000050210;0;7;0;6;0;1;0;A01
201000050211;0;7;0;0;0;3;0;B01
201000050211;0;7;0;0;0;2;1;A01
201000050211;0;7;0;0;0;7;0;C01
201000050212;1;7;0;0;1;3;0;A01
201000050213;0;7;0;0;1;2;9;A01
201000050214;0;7;0;0;1;3;1;A01
201000050215;0;1;0;0;2;4;1;B01
201000050215;1;7;0;0;2;3;18;A01
201000050216;0;7;0;0;0;3;1;B01
201000050216;0;32;0;0;0;3;1;A01
201000050217;0;7;0;1;0;1;2;A01
201000050218;0;32;0;0;2;1;2;A01
201000050218;0;7;0;0;0;5;0;B01
201000050219;0;7;0;0;2;3;0;A01
201000050219;0;7;0;0;2;0;1;B01
201000050220;0;7;0;0;0;1;0;A01
201000050220;0;30;0;12;2;0;5;B01
201000050221;0;33;0;0;0;1;0;A01
201000050222;0;7;0;0;2;1;1;B01
201000050222;0;10;0;0;2;2;1;A01
201000050223;0;7;0;0;0;2;0;A01
201000050223;0;7;0;0;0;3;0;B01
201000050224;1;33;0;0;2;1;1;B01
201000050224;2;32;0;0;2;1;12;A01
201000050225;0;7;0;0;2;7;0;B01
201000050225;0;7;0;0;2;1;9;A01
201000050226;0;7;0;0;2;2;1;B01
201000050226;0;32;0;1;2;1;5;A01
201000050227;0;33;0;0;0;1;0;A01
201000050227;0;7;0;0;0;8;0;B01
201000050228;0;30;0;1;2;0;1;A01
201000050228;0;7;0;1;2;1;0;B01
201000050229;0;7;0;0;0;1;0;F02
201000050229;0;7;0;0;0;5;0;D01
201000050229;0;7;0;0;0;5;0;B01
201000050229;0;7;0;0;0;6;0;G02
201000050229;2;7;0;1;0;1;0;A01
201000050229;0;7;0;0;0;3;0;E01
201000050229;0;7;0;0;0;6;0;H02
201000050229;0;7;0;0;0;4;0;C01
201000050230;0;7;0;0;1;1;0;A01
201000050231;0;33;0;8;0;8;3;A01
201000050231;0;7;0;0;0;0;1;B01
201000050231;0;7;0;0;0;8;1;C01
201000050232;0;7;0;0;2;3;9;A01
201000050232;0;34;0;0;2;1;1;B01
201000050233;0;7;0;6;2;1;19;B01
201000050233;0;7;0;0;2;2;1;A01
201000050234;0;7;0;0;1;2;1;A01
201000050235;0;7;0;0;2;1;1;A01
201000050235;0;7;0;0;0;4;11;B01
201000050236;0;7;0;14;0;1;10;A01
201000050237;0;7;0;0;0;7;21;A01
201000050237;0;7;0;0;0;2;1;B01
201000050238;0;7;0;7;2;8;1;A01
201000050238;0;7;0;0;2;1;1;B01
201000050239;0;7;0;0;2;7;21;A01
201000050239;0;31;0;0;2;1;18;B01
201000050239;0;37;1;0;0;8;16;C01
201000050240;0;7;0;0;2;0;0;A01
201000050240;0;7;0;0;2;0;1;B01
201000050241;0;7;0;0;2;3;19;A01
201000050241;2;7;0;6;2;1;1;B01
201000050242;0;7;0;0;0;8;6;A01
201000050242;0;2;0;0;2;1;2;B01
201000050243;0;7;0;0;0;1;0;B01
201000050243;0;7;0;0;1;4;0;A01
201000050244;0;7;0;0;0;9;21;A01
201000050245;0;7;0;0;2;1;0;A01
201000050245;0;7;0;0;2;8;0;B01
201000050246;0;7;0;1;0;6;0;A01
201000050247;0;7;0;0;2;2;16;A01
201000050247;0;7;0;0;2;3;2;B01
201000050248;0;7;0;0;9;3;15;A01
201000050248;0;1;0;0;2;1;1;V01
201000050249;0;7;0;0;0;3;1;B01
201000050249;0;7;0;0;0;3;15;A01
201000050250;0;7;0;0;2;8;11;A01
201000050250;0;7;0;0;2;2;0;B01
201000050251;0;7;0;0;1;2;0;A01
201000050252;0;40;0;0;2;1;1;B01
201000050252;0;14;0;0;4;7;19;A01
201000050253;0;33;0;0;0;7;7;A01
201000050254;0;7;0;0;2;1;1;A01
201000050254;0;7;0;0;2;2;15;B01
201000050255;0;7;0;0;0;6;2;A01
201000050255;0;2;0;0;2;1;2;B01
201000050256;0;7;0;0;2;7;1;B01
201000050256;0;13;0;0;2;8;9;A01
201000050257;0;7;0;0;2;1;2;A01
201000050257;0;7;0;0;2;4;2;B01
201000050258;0;7;0;0;1;2;1;A01
201000050259;0;10;0;8;0;1;16;A01
201000050260;0;7;0;1;1;1;20;A01
201000050261;0;7;0;0;2;2;2;A01
201000050261;0;7;0;12;2;8;2;B01
201000050262;0;7;0;0;2;6;23;B01
201000050262;2;7;0;8;1;2;17;A01
201000050263;0;7;0;8;0;1;0;A01
201000050264;0;7;0;0;1;8;1;A01
201000050265;0;7;0;0;1;2;0;A01