num_acc;senc;catv;occutc;obs;obsm;choc;manv;num_veh
201000050266;0;1;0;0;2;1;5;V01
201000050266;1;7;0;0;9;0;16;A01
201000050267;0;7;0;0;2;1;1;A01
201000050267;0;7;0;0;0;4;1;B01
201000050268;0;7;0;0;2;1;2;B01
201000050268;0;7;0;0;0;8;10;A01
201000050269;0;1;0;0;0;0;0;B01
201000050269;0;7;0;0;0;2;12;A01
201000050270;0;31;0;0;1;3;1;A01
201000050271;0;10;0;0;0;0;2;A01
201000050271;0;7;0;0;0;0;2;B01
201000050271;0;10;0;0;0;4;2;C01
201000050272;0;37;1;0;2;1;2;B01
201000050272;0;7;0;0;2;1;3;A01
201000050273;0;13;0;0;2;6;7;B01
201000050273;0;7;0;1;2;1;12;A01
201000050274;0;34;0;15;0;1;2;A01
201000050275;0;7;0;0;2;1;9;B01
201000050275;1;7;0;0;2;1;0;C01
201000050275;0;7;0;0;2;2;0;A01
201000050276;0;7;0;0;2;2;1;A01
201000050276;0;7;0;0;2;2;1;B01
201000050277;1;7;0;0;2;1;2;B01
201000050277;0;7;0;0;0;4;2;A01
201000050278;0;7;0;0;2;2;0;A01
201000050278;0;30;0;0;2;1;0;B01
201000050279;1;7;0;0;1;2;0;Z01
201000050280;0;7;0;0;2;4;0;A01
201000050280;0;7;0;0;2;0;0;B01
201000050280;0;7;0;0;2;9;0;C01
201000050280;0;7;0;0;2;9;0;D01
201000050281;0;2;0;0;2;1;0;A01
201000050281;0;7;0;0;2;1;0;B01
201000050282;0;10;0;0;0;0;4;A01
201000050283;0;33;0;0;2;1;1;A01
201000050283;0;37;1;0;2;6;0;B01
201000050284;1;3;0;0;0;4;17;B01
201000050284;0;32;0;0;2;1;1;A01
201000050285;0;7;0;0;1;3;0;A01
201000050286;0;7;0;0;1;1;1;A01
201000050287;0;7;0;1;0;2;0;A01
201000050288;0;33;0;0;0;0;9;B01
201000050288;0;7;0;0;0;4;9;A01
201000050289;0;33;0;0;0;9;0;A01
201000050290;0;99;0;0;1;1;0;A01
201000050291;1;99;0;0;1;8;1;A01
201000050292;2;7;0;0;0;9;2;A01
201000050292;0;7;0;0;0;2;1;C01
201000050292;0;30;0;0;0;1;1;B01
201000050293;0;7;0;0;2;3;1;B01
201000050293;0;7;0;0;2;2;16;A01
201000050294;0;30;0;0;2;7;0;A01
201000050294;0;7;0;0;0;8;0;B01
201000050295;0;7;0;0;1;1;1;A01
201000050296;0;34;0;0;2;3;1;A01
201000050296;0;7;0;0;2;3;16;B01
201000050297;0;7;0;0;2;2;15;A01
201000050297;0;30;0;0;2;9;2;B01
201000050298;2;7;0;0;2;1;2;B01
201000050298;0;7;0;0;2;4;23;A01
201000050299;0;7;0;0;0;2;0;B01
201000050299;0;7;0;0;0;6;0;A01
201000050300;0;7;0;0;2;3;15;B01
201000050300;0;31;0;0;2;7;17;A01
201000050301;0;7;0;8;2;8;1;B01
201000050301;0;7;0;0;2;3;15;A01
201000050302;1;99;0;8;0;0;0;A01
201000050303;0;7;0;0;0;3;0;B01
201000050303;0;1;0;0;0;1;0;V01
201000050304;1;30;0;0;1;1;5;Z01
201000050305;0;30;0;0;9;0;0;A01
201000050306;0;7;0;0;2;7;15;B01
201000050306;0;7;0;0;2;3;1;A01
201000050307;0;7;0;0;0;2;2;A01
201000050307;0;2;0;0;0;3;0;B01
201000050308;0;7;0;0;1;2;1;A01
201000050309;0;7;0;0;1;3;1;A01
201000050310;0;32;0;0;0;7;0;A01
201000050311;0;7;0;0;0;4;0;B01
201000050311;0;7;0;0;0;4;0;A01
201000050312;0;7;0;0;1;1;0;A01
201000050313;0;7;0;0;9;2;1;A01
201000050313;0;1;0;0;2;6;13;B01
201000050314;0;7;0;0;2;4;23;B01
201000050314;0;33;0;0;2;1;2;A01
201000050315;0;30;0;0;5;1;1;A01
201000050316;0;33;0;0;1;1;2;A01
201000050317;0;7;0;0;0;3;0;A01
201000050317;0;32;0;0;0;2;0;B01
201000050318;0;7;0;0;0;0;18;A01
201000050318;0;7;0;0;0;0;2;B01
201000050319;0;1;0;0;0;0;0;B01
201000050319;0;7;0;0;0;1;0;A01
201000050320;1;7;0;0;1;0;0;A01
201000050321;1;7;0;0;1;2;14;A01
201000050322;0;7;0;0;1;1;2;A01
201000050322;0;1;0;0;2;0;0;B01
201000050323;0;33;0;0;2;1;2;B01
201000050323;0;7;0;0;0;6;10;A01
201000050324;0;40;0;0;1;2;0;A01
201000050325;0;7;0;0;0;0;15;B01
201000050325;0;31;0;0;0;0;1;A01
201000050326;1;10;0;0;1;2;0;Z01
201000050327;0;33;0;8;0;1;13;A01
201000050328;0;7;0;0;2;1;1;A01
201000050328;0;10;0;0;2;5;16;B01
201000050329;0;7;0;0;1;0;2;A01
201000050330;0;7;0;8;0;1;1;A01
201000050331;0;7;0;0;1;8;1;A01
201000050332;0;7;0;8;0;3;14;B01
201000050332;0;7;0;0;2;7;6;A01
201000050333;0;7;0;12;2;2;11;A01
201000050333;0;7;0;12;2;8;15;B01
201000050334;0;1;0;0;0;3;0;B01
201000050334;0;40;0;0;0;3;0;A01
201000050335;0;34;0;0;0;0;0;A01
201000050336;0;7;0;1;1;2;17;A01
201000050337;0;37;0;1;0;4;2;A01
201000050337;0;37;0;1;0;4;2;B01
201000050338;0;7;0;0;1;1;1;A01
201000050339;0;37;30;0;1;7;0;A01
201000050340;0;7;0;0;0;1;15;A01
201000050341;1;7;0;0;2;8;1;A01
201000050341;0;7;0;0;2;1;0;B01
201000050342;0;7;0;0;1;2;1;A01
201000050343;0;7;0;0;1;2;17;A01
201000050344;0;7;0;0;2;7;1;A01
201000050344;1;7;0;0;2;3;11;Z01
201000050345;0;7;0;0;1;8;11;A01
201000050346;0;7;0;0;2;1;2;B01
201000050346;0;7;0;0;1;1;1;A01
201000050347;0;7;0;15;2;8;18;A01
201000050347;0;7;0;15;2;7;1;B01
201000050348;0;7;0;0;0;1;2;B01
201000050348;0;37;1;0;0;4;23;A01
201000050349;0;2;0;0;2;3;23;A01
201000050349;1;7;0;0;2;2;14;B01
201000050350;0;7;0;0;2;6;15;B01
201000050350;0;33;0;0;2;2;1;A01
201000050351;0;10;0;0;0;0;11;A01
201000050351;0;2;0;16;2;0;21;B01
201000050352;0;7;0;0;2;3;9;A01
201000050352;0;7;0;0;2;5;1;B01
201000050353;0;30;0;0;2;8;3;A01
201000050354;1;7;0;0;1;1;1;A01
201000050355;0;10;0;0;2;7;15;A01
201000050355;0;7;0;0;2;1;1;B01
201000050356;0;7;0;0;1;1;1;A01
201000050357;0;7;0;0;2;8;1;A01
201000050357;0;7;0;8;2;7;2;B01
201000050357;2;7;0;0;2;8;2;C01
201000050358;0;7;0;1;0;8;0;A01
201000050359;0;7;0;0;2;3;9;A01
201000050359;0;30;0;0;2;1;17;B01
201000050360;0;33;0;0;2;3;1;B01
201000050360;0;7;0;0;2;2;12;A01
201000050361;0;7;0;0;1;2;1;A01
201000050362;0;7;0;0;1;2;1;A01
201000050363;1;13;0;0;0;1;1;A01
201000050363;0;7;0;0;0;6;15;B01
201000050364;0;10;0;0;1;7;1;A01
201000050365;0;7;0;0;0;6;13;B01
201000050365;0;7;0;4;0;9;1;A01
201000050366;0;7;0;0;1;4;4;A01
201000050367;0;1;0;0;2;4;15;B01
201000050367;0;7;0;0;9;1;1;A01
201000050368;0;7;0;0;0;7;16;B01
201000050368;0;30;0;0;2;1;2;A01
201000050369;0;7;0;0;1;2;1;A01
201000050370;0;7;0;0;2;2;1;A01
201000050370;0;7;0;0;2;3;15;B01
201000050371;0;7;0;0;2;3;15;B01
201000050371;0;30;0;0;2;2;17;A01
201000050372;0;30;0;0;2;1;1;A01
201000050372;0;7;0;0;2;3;23;B01
201000050373;0;7;0;0;0;4;1;A01
201000050373;0;7;0;0;2;3;2;B01
201000050374;0;7;0;0;1;3;1;A01
201000050375;0;34;0;0;2;1;17;A01
201000050375;0;7;0;0;0;8;15;B01
201000050376;1;7;0;0;1;1;1;A01
201000050377;0;7;0;0;1;1;1;A01
201000050378;0;7;0;0;9;1;2;A01
201000050378;0;7;0;0;2;6;1;B01
201000050379;0;7;0;0;2;1;1;A01
201000050379;0;1;0;0;2;1;11;B01
201000050380;0;7;0;9;9;9;1;A01
201000050381;0;7;0;0;0;5;1;A01
201000050381;0;32;0;0;2;1;2;B01
201000050382;2;7;0;0;1;3;1;A01
201000050383;2;7;0;0;2;1;2;A01
201000050383;0;7;0;0;2;4;23;B01
201000050383;0;7;0;0;2;4;23;C01
201000050384;0;7;0;8;0;9;1;A01
201000050385;0;13;0;0;2;3;2;B01
201000050385;0;7;0;0;2;5;15;A01
201000050386;0;7;0;0;0;4;23;A01
201000050386;0;14;0;0;2;1;2;B01
201000050387;0;7;0;0;2;8;15;B01
201000050387;0;7;0;0;2;1;1;A01
201000050388;0;7;0;0;1;1;1;A01
201000050389;0;33;0;0;1;1;3;A01
201000050390;0;7;0;0;2;8;11;B01
201000050390;0;7;0;0;2;7;1;A01
201000050391;0;7;0;12;0;3;0;A01
201000050392;0;7;0;0;2;8;24;B01
201000050392;0;7;0;1;0;8;14;A01
201000050393;0;31;0;0;1;1;1;A01
201000050394;0;7;0;0;2;7;0;B01
201000050394;0;7;0;0;2;1;0;A01
201000050395;0;7;0;1;0;1;2;A01
201000050396;0;30;0;0;2;2;18;A01
201000050396;0;13;0;0;2;6;23;B01
201000050397;0;7;0;0;2;4;23;B01
201000050397;0;1;0;0;0;7;19;C01
201000050397;0;7;0;0;2;1;2;A01
201000050398;0;7;0;0;1;1;1;A01
201000050399;0;7;0;0;0;1;16;A01
201000050400;0;7;0;0;2;3;9;A01
201000050400;0;33;0;0;2;1;1;B01
201000050401;0;32;0;0;5;7;1;A01
201000050402;0;7;0;0;0;1;1;B01
201000050402;0;7;0;0;0;2;15;A01
201000050403;0;7;0;0;1;1;1;A01
201000050404;0;34;0;0;2;1;1;A01
201000050404;1;7;0;0;2;5;19;B01
201000050405;0;7;0;0;0;2;15;A01
201000050405;0;34;0;0;0;1;1;B01
201000050406;0;30;0;0;1;0;1;A01
201000050407;0;33;0;0;0;1;1;B01
201000050407;0;7;0;1;0;3;9;A01
201000050408;0;32;0;0;2;7;1;A01
201000050408;0;7;0;0;2;3;20;B01
201000050409;0;10;0;0;2;3;2;A01
201000050409;0;2;0;0;2;4;1;B01
201000050410;2;7;0;6;0;1;1;A01
201000050411;0;33;0;0;0;1;1;B01
201000050411;0;7;0;0;0;3;15;A01
201000050412;0;2;0;0;2;9;21;A01
201000050412;1;7;0;0;2;5;11;Z01
201000050413;0;7;0;0;2;1;2;A01
201000050413;0;7;0;0;2;5;1;B01
201000050414;1;13;0;0;0;0;0;A01
201000050414;0;33;0;0;0;3;2;B01
201000050415;0;30;0;0;0;1;2;A01
201000050416;0;7;0;0;2;3;0;A01
201000050416;0;7;0;0;0;0;0;B01
201000050417;0;7;0;0;2;3;0;C01
201000050417;0;7;0;0;2;3;0;B01
201000050417;0;7;0;0;2;1;0;A01
201000050418;0;7;0;0;2;2;1;A01
201000050418;0;7;0;14;2;7;9;B01
201000050419;0;30;0;0;2;8;0;B01
201000050419;0;7;0;0;2;7;0;A01
201000050420;0;7;0;1;0;2;0;A01
201000050421;0;1;0;0;2;1;2;B01
201000050421;0;7;0;0;0;6;2;A01
201000050422;0;7;0;0;0;1;2;B01
201000050422;0;7;0;0;0;4;1;A01
201000050423;0;7;0;0;2;2;15;A01
201000050423;0;7;0;0;2;3;16;B01
201000050424;0;7;0;0;0;4;2;B01
201000050424;1;7;0;0;0;0;0;A01
201000050424;0;7;0;0;0;0;2;C01
201000050425;0;7;0;0;2;8;0;B01
201000050425;1;30;0;0;2;1;0;A01
201000050426;0;7;0;0;0;2;20;A01
201000050427;0;7;0;1;0;6;24;B01
201000050427;0;7;0;1;0;2;11;A01
201000050428;0;7;0;0;1;3;0;B01
201000050428;0;33;0;0;2;2;2;A01
201000050429;0;1;0;1;2;8;9;B01
201000050429;0;7;0;0;0;1;1;A01
201000050430;0;13;0;0;1;2;0;A01
201000050431;0;7;0;0;2;3;1;A01
201000050431;0;7;0;0;2;7;9;B01
201000050432;0;7;0;0;1;1;0;A01
201000050433;0;7;0;0;2;3;9;B01
201000050433;0;2;0;0;2;2;1;A01
201000050434;0;13;0;0;0;4;1;B01
201000050434;0;3;0;0;0;1;1;A01
201000050435;0;7;0;0;2;1;0;A01
201000050435;0;7;0;0;2;7;12;B01
201000050436;0;7;0;0;1;7;9;A01
201000050437;0;7;0;0;1;2;0;A01
201000050438;0;3;0;1;0;2;2;A01
201000050438;0;10;0;0;0;6;0;B01
201000050439;0;7;0;0;1;4;4;A01
201000050440;0;7;0;0;0;1;15;A01
201000050440;0;33;0;0;0;3;17;B01
201000050441;0;2;0;0;2;7;1;B01
201000050441;0;7;0;0;2;3;15;A01
201000050442;0;33;0;0;2;2;17;A01
201000050442;0;7;0;0;2;3;15;B01
201000050443;0;7;0;0;2;1;0;B01
201000050443;0;7;0;0;0;2;0;A01
201000050444;2;99;0;0;1;0;0;A01
201000050445;0;7;0;0;0;3;15;B01
201000050445;0;7;0;0;0;2;2;A01
201000050446;0;7;0;0;2;7;15;A01
201000050446;0;33;0;0;2;7;1;B01
201000050447;0;7;0;0;1;1;1;A01
201000050448;0;7;0;0;2;3;1;A01
201000050448;0;7;0;0;2;2;1;B01
201000050449;0;7;0;1;0;5;1;A01
201000050449;1;30;0;1;0;1;9;B01
201000050450;0;1;0;0;2;0;5;B01
201000050450;0;7;0;0;2;8;0;A01
201000050451;0;99;0;0;2;1;1;Y01
201000050451;0;7;0;0;1;1;1;A01
201000050452;0;7;0;0;2;3;9;A01
201000050452;0;33;0;0;2;1;1;B01
201000050453;0;7;0;0;2;1;2;A01
201000050453;0;7;0;0;1;4;0;B01
201000050454;0;7;0;0;2;1;2;A01
201000050454;0;7;0;0;2;4;2;B01
201000050455;0;10;0;0;1;6;4;A01
201000050456;0;7;0;0;1;0;16;A01
201000050457;0;7;0;0;1;2;0;A01
201000050458;0;7;0;0;2;4;0;C01
201000050458;0;7;0;0;2;4;23;B01
201000050458;0;17;0;0;2;3;0;D01
201000050458;2;7;0;0;2;1;3;A01
201000050459;0;7;0;0;0;0;0;A01
201000050460;0;7;0;0;1;3;2;A01
201000050461;0;31;0;0;0;0;0;B01
201000050461;0;10;0;0;0;0;0;A01
201000050462;0;33;0;0;0;2;0;B01
201000050462;0;7;0;0;0;1;15;A01
201000050463;0;33;0;0;2;2;2;A01
201000050463;0;7;0;0;2;6;11;B01
201000050464;0;7;0;11;0;1;6;A01
201000050465;0;7;0;1;0;1;0;A01
201000050466;0;3;0;0;2;1;16;B01
201000050466;0;7;0;0;2;1;1;A01
201000050467;0;1;0;0;2;4;1;C01
201000050467;1;7;0;0;9;1;0;Z01
201000050468;1;7;0;0;1;0;1;Z01
201000050469;0;10;0;0;0;4;2;A01
201000050469;0;13;0;0;2;1;2;B01
201000050470;0;30;0;0;2;3;11;A01
201000050470;0;7;0;0;2;2;17;B01
201000050471;0;10;0;0;2;6;1;A01
201000050471;0;32;0;0;2;1;2;B01
201000050472;0;7;0;0;1;2;1;A01
201000050473;0;14;0;0;2;2;2;A01
201000050473;0;7;0;0;2;3;9;B01
201000050474;0;7;0;0;1;2;1;A01
201000050475;0;17;0;0;2;7;2;B01
201000050475;0;1;0;0;2;8;2;A01
201000050476;0;7;0;0;1;8;16;A01
201000050477;0;7;0;15;0;1;2;A01
201000050478;0;1;0;0;2;4;0;A01
201000050479;0;7;0;0;2;1;2;A01
201000050479;0;7;0;0;0;7;15;B01
201000050480;1;30;0;0;1;1;1;A01
201000050481;2;7;0;1;2;3;15;A01
201000050481;0;7;0;0;2;3;1;B01
201000050482;0;7;0;0;2;3;2;A01
201000050482;0;7;0;0;2;5;0;B01
201000050483;0;33;0;0;2;1;2;B01
201000050483;0;7;0;0;2;8;16;A01
201000050484;0;10;0;0;1;1;0;A01
201000050485;0;10;0;0;2;2;2;A01
201000050485;0;37;0;0;2;3;2;B01
201000050486;0;10;0;0;1;1;1;A01
201000050487;0;34;0;0;2;3;1;B01
201000050487;0;10;0;0;2;2;12;A01
201000050488;0;7;0;0;2;4;23;B01
201000050488;0;7;0;0;2;1;1;A01
201000050489;0;7;0;0;2;3;1;A01
201000050489;0;7;0;0;2;3;1;B01
201000050490;0;7;0;0;2;4;23;A01
201000050490;1;7;0;0;2;1;1;Z01
201000050491;0;7;0;0;2;2;1;A01
201000050491;0;7;0;0;2;1;15;B01
201000050492;0;30;0;1;0;1;1;B01
201000050493;0;7;0;1;2;7;1;A01
201000050494;0;7;0;0;2;1;1;A01
201000050494;0;7;0;0;2;4;1;B01
201000050495;0;7;0;0;1;3;21;A01
201000050496;0;7;0;0;1;1;1;A01
201000050497;0;7;0;0;1;1;2;A01
201000050498;0;7;0;0;2;4;23;A01
201000050498;0;7;0;0;2;1;2;B01
201000050499;0;7;0;0;2;3;1;B01
201000050499;0;10;0;0;2;8;0;A01
201000050500;0;7;0;0;2;4;2;B01
201000050500;0;7;0;0;2;1;2;A01
201000050501;0;7;0;0;2;4;2;B01
201000050501;0;15;0;0;0;1;2;A01
201000050502;0;7;0;1;1;2;1;A01
201000050503;0;7;0;0;2;1;0;B01
201000050503;0;7;0;2;2;1;5;A01
201000050504;0;7;0;0;1;8;1;A01
201000050505;0;7;0;0;1;3;1;A01
201000050506;0;7;0;0;0;1;23;A01
201000050506;1;7;0;1;0;1;2;B01
201000050507;0;31;0;0;2;8;11;B01
201000050507;0;7;0;0;2;7;0;A01
201000050508;0;7;0;0;2;1;2;A01
201000050508;0;7;0;0;2;8;16;B01
201000050509;0;7;0;0;9;7;0;B01
201000050509;0;99;0;0;2;3;0;A01
201000050510;0;31;0;0;2;7;15;A01
201000050510;0;7;0;0;2;1;1;B01
201000050511;0;7;0;0;1;1;0;A01
201000050512;0;7;0;0;0;4;9;B01
201000050512;0;7;0;0;2;1;2;A01
201000050513;0;7;0;0;1;4;4;A01
201000050514;0;30;0;1;1;4;13;A01
201000050515;0;33;0;0;2;8;17;B01
201000050515;0;7;0;0;2;1;9;A01
201000050516;0;7;0;0;1;2;1;A01
201000050517;0;7;0;0;1;3;1;A01
201000050518;0;7;0;0;2;2;0;C01
201000050518;0;37;40;0;0;3;0;B01
201000050518;0;7;0;0;9;1;0;A01
201000050519;0;30;0;0;2;8;16;B01
201000050519;0;7;0;0;2;1;15;A01
201000050520;0;40;0;0;0;5;0;D01
201000050520;0;7;0;15;0;1;1;C01
201000050520;0;7;0;0;2;2;1;B01
201000050520;0;7;0;0;2;7;10;A01
201000050521;0;7;0;0;2;4;1;B01
201000050521;0;10;0;0;2;1;2;A01
201000050522;0;13;0;0;0;6;2;B01
201000050522;0;7;0;0;2;2;2;A01
201000050523;0;33;0;0;2;7;21;A01
201000050524;0;33;0;0;2;1;1;B01
201000050524;1;7;0;0;2;2;9;A01
201000050525;0;7;0;0;2;1;23;A01
201000050526;0;7;0;0;0;6;0;B01
201000050526;0;1;0;0;0;4;0;C01
201000050526;0;7;0;0;0;2;0;A01
201000050527;0;33;0;0;2;1;1;B01
201000050527;0;7;0;0;0;2;15;A01
201000050528;0;33;0;0;2;9;17;B01
201000050528;0;37;15;0;0;3;1;A01
201000050529;0;7;0;0;1;2;14;A01
201000050530;0;7;0;0;2;4;2;B01
201000050530;0;7;0;0;0;1;2;A01
201000050531;0;14;0;0;0;4;2;B01
201000050531;0;7;0;0;2;1;23;A01
201000050532;0;1;0;0;0;0;19;B01
201000050532;0;7;0;0;0;3;15;A01
201000050533;0;7;0;0;1;1;2;A01
201000050534;0;7;0;0;1;1;1;A01
201000050535;0;7;0;8;0;1;2;A01
201000050536;0;7;0;0;0;2;15;A01
201000050536;0;33;0;0;0;1;1;B01
201000050537;0;2;0;0;1;7;3;A01
201000050538;0;7;0;0;2;6;1;B01
201000050538;0;13;0;0;2;2;15;A01
201000050539;0;7;0;0;2;2;1;A01
201000050539;0;17;0;0;2;6;23;B01
201000050540;0;3;0;0;0;3;0;A01
201000050540;0;33;0;0;0;1;0;B01
201000050541;0;10;0;0;2;1;1;A01
201000050541;0;37;30;0;2;0;0;B01
201000050542;0;7;0;0;0;2;10;A01
201000050542;0;34;0;0;2;1;0;B01
201000050543;0;7;0;0;2;6;23;B01
201000050543;0;2;0;0;2;2;3;A01
201000050544;0;32;0;14;0;1;0;A01
201000050545;0;7;0;0;2;9;2;B01
201000050545;0;7;0;0;2;4;2;C01
201000050545;0;10;0;0;2;1;2;A01
201000050546;0;7;0;1;0;2;0;A01
201000050547;0;7;0;0;0;3;15;A01
201000050547;0;33;0;0;2;2;17;B01
201000050548;0;7;0;12;0;3;9;A01
201000050549;0;7;0;0;2;3;11;A01
201000050549;0;33;0;0;2;2;2;B01
201000050550;1;7;0;0;1;0;0;Z01
201000050551;0;7;0;0;2;3;1;B01
201000050551;0;7;0;0;2;3;9;A01
201000050552;0;7;0;7;0;3;0;A01
201000050553;0;7;0;0;2;1;2;B01
201000050553;0;7;0;0;2;7;2;A01
201000050554;0;7;0;0;2;6;1;B01
201000050554;0;7;0;0;2;1;1;A01
201000050555;0;7;0;0;1;2;1;A01
201000050556;0;2;0;0;1;1;1;A01
201000050557;1;7;0;0;0;0;0;Z01
201000050557;0;7;0;0;0;0;0;B01
201000050558;0;7;0;0;1;2;1;A01
201000050559;0;7;0;0;2;2;15;A01
201000050559;0;7;0;0;2;3;1;B01
201000050560;0;99;0;0;2;1;0;A01
201000050560;0;99;0;0;2;4;0;B01
201000050561;0;7;0;0;1;1;1;A01
201000050562;0;7;0;0;0;3;2;A01
201000050563;0;7;0;0;2;1;1;A01
201000050563;0;7;0;0;2;7;0;B01
201000050564;0;7;0;0;2;1;2;A01
201000050564;0;7;0;0;2;1;2;B01
201000050565;0;7;0;0;1;1;0;A01
201000050566;0;7;0;12;1;2;14;A01
201000050567;0;7;0;0;1;2;0;A01
201000050568;0;7;0;0;1;3;1;A01
201000050569;0;15;0;0;9;2;1;B01
201000050569;0;1;0;0;2;8;3;A01
201000050570;0;33;0;0;2;8;0;B01
201000050570;0;7;0;0;2;3;1;A01
201000050571;0;7;0;0;1;1;1;A01
201000050572;0;7;0;0;1;2;16;A01
201000050573;0;15;0;0;2;1;2;B01
201000050573;0;14;0;0;0;4;1;A01
201000050574;1;7;0;0;1;1;11;A01
201000050575;0;7;0;0;2;2;14;B01
201000050575;0;33;0;0;2;8;1;A01
201000050576;0;32;0;0;2;1;2;B01
201000050576;0;7;0;0;2;6;10;A01
201000050577;0;7;0;0;2;1;1;C01
201000050577;0;7;0;0;2;4;1;B01
201000050577;0;7;0;0;2;4;1;A01
201000050578;0;7;0;0;2;1;1;A01
201000050578;0;7;0;0;2;8;15;B01
201000050579;0;7;0;0;0;6;11;B01
201000050579;0;10;0;0;2;2;1;A01
201000050580;0;7;0;0;1;1;9;A01
201000050581;0;7;0;0;2;1;1;A01
201000050581;0;7;0;0;2;3;15;B01
201000050582;0;7;0;0;2;4;23;B01
201000050582;1;7;0;0;2;1;1;Z01
201000050582;0;7;0;0;2;4;23;C01
201000050583;0;7;0;0;2;6;4;A01
201000050583;0;2;0;0;2;1;1;B01
201000050584;0;7;0;0;1;3;2;A01
201000050585;0;30;0;0;2;1;1;A01
201000050585;0;10;0;0;2;3;19;B01
201000050586;0;3;0;0;1;3;1;A01
201000050587;0;7;0;0;1;1;15;A01
201000050588;0;13;0;0;2;5;2;C01
201000050588;1;7;0;0;2;1;2;Z01
201000050588;0;33;0;0;2;4;1;B01
201000050589;0;7;0;0;2;1;1;B01
201000050589;0;7;0;0;2;7;16;A01
201000050590;0;7;0;0;1;5;4;A01
201000050591;0;7;0;0;2;2;1;A01
201000050591;0;7;0;0;2;1;1;B01
201000050592;0;7;0;0;2;1;1;B01
201000050592;0;7;0;0;2;7;1;A01
201000050593;0;7;0;0;2;8;1;A01
201000050594;0;7;0;0;2;3;22;A01
201000050594;0;1;0;0;2;1;1;B01
201000050595;0;7;0;1;2;2;16;A01
201000050595;0;7;0;0;2;6;24;B01
201000050596;0;37;1;14;1;3;7;A01
201000050597;0;7;0;0;1;2;1;A01
201000050598;0;7;0;0;1;3;1;A01
201000050599;0;7;0;0;1;2;1;A01
201000050600;0;7;0;0;1;2;1;A01
201000050601;0;32;0;0;2;8;17;B01
201000050601;0;7;0;0;2;8;1;A01
201000050602;0;7;0;0;2;3;9;A01
201000050602;0;37;1;0;2;2;7;B01
201000050603;1;7;0;0;1;1;1;A01
201000050604;0;7;0;0;2;2;16;A01
201000050604;0;33;0;0;2;8;2;B01
201000050605;0;7;0;0;2;3;9;A01
201000050605;0;3;0;0;2;2;24;B01
201000050606;0;2;0;0;2;2;2;B01
201000050606;0;7;0;0;2;3;20;A01
201000050607;0;7;0;0;2;6;23;A01
201000050607;1;7;0;0;2;2;17;B01
201000050608;0;37;1;0;2;1;1;A01
201000050608;0;7;0;0;0;4;2;B01
201000050609;0;1;0;0;2;7;23;B01
201000050609;0;7;0;0;2;6;15;A01
201000050610;0;30;0;0;2;1;21;A01
201000050610;0;7;0;0;2;3;15;B01
201000050611;0;1;0;0;2;1;2;A01
201000050611;0;7;0;0;2;5;1;B01
201000050612;0;7;0;1;2;3;9;A01
201000050612;0;7;0;0;2;1;1;B01
201000050613;0;7;0;0;0;4;1;B01
201000050613;0;10;0;0;2;1;2;A01
201000050614;1;7;0;0;2;0;22;Z01
201000050614;0;1;0;1;2;3;1;B01
201000050615;0;7;0;2;0;1;1;A01
201000050616;0;7;0;0;2;1;1;B01
201000050616;0;7;0;0;2;8;1;A01
201000050617;0;2;0;0;2;1;1;B01
201000050617;0;7;0;0;2;3;10;Z01
201000050618;0;30;0;0;2;3;5;A01
201000050618;0;7;0;0;2;3;24;B01
201000050619;0;10;0;0;9;7;22;A01
201000050619;0;1;0;0;2;1;1;B01
201000050620;0;7;0;0;2;1;1;B01
201000050620;2;7;0;0;2;1;17;A01
201000050621;0;7;0;15;0;1;20;A01
201000050622;0;1;0;0;2;7;5;B01
201000050622;0;7;0;0;2;3;1;A01
201000050623;0;7;0;0;2;6;10;A01
201000050623;0;7;0;0;2;2;1;B01
201000050624;0;10;0;0;2;8;11;A01
201000050624;0;32;0;0;2;1;17;B01
201000050625;0;7;0;0;2;2;15;A01
201000050625;0;33;0;0;2;1;2;B01
201000050626;0;32;0;0;0;8;0;B01
201000050626;1;32;0;0;0;0;0;Z01
201000050627;0;1;0;0;0;1;0;A01
201000050627;0;7;0;0;9;2;0;B01
201000050628;0;7;0;0;0;1;0;A01
201000050628;0;1;0;0;0;7;0;B01
201000050629;1;7;0;0;2;0;1;Z01
201000050630;0;10;0;0;1;2;2;A01
201000050631;0;1;0;0;2;2;0;B01
201000050631;0;7;0;0;0;3;0;A01
201000050632;0;33;0;0;2;1;0;B01
201000050632;0;7;0;0;2;5;0;A01
201000050633;0;10;0;0;0;8;1;A01
201000050633;0;30;0;0;0;1;1;B01
201000050634;0;7;0;8;0;8;15;B01
201000050634;0;7;0;8;2;2;17;A01
201000050635;0;30;0;0;2;8;2;A01
201000050635;0;7;0;0;0;7;2;B01
201000050636;0;1;0;1;0;1;2;B01
201000050636;0;7;0;0;9;3;22;A01
201000050637;0;7;0;0;0;8;0;A01
201000050638;0;30;0;0;2;1;17;A01
201000050638;0;7;0;0;2;2;15;B01
201000050639;0;30;0;0;0;2;0;A01
201000050639;0;7;0;0;0;1;0;B01
201000050640;0;7;0;0;0;3;1;A01
201000050640;0;7;0;0;0;8;1;B01
201000050641;0;7;0;0;0;8;2;A01
201000050641;0;1;0;1;0;1;0;B01
201000050642;0;32;0;0;1;8;1;A01
201000050643;0;33;0;0;2;1;0;A01
201000050643;0;7;0;0;0;4;0;B01
201000050644;0;7;0;0;1;2;0;A01
201000050645;1;7;0;0;2;0;1;Z01