num_acc;senc;catv;occutc;obs;obsm;choc;manv;num_veh
201000050645;0;1;0;0;2;1;0;B01
201000050646;0;7;0;6;0;1;1;A01
201000050647;0;7;0;0;2;3;2;B01
201000050647;0;30;0;0;2;2;3;A01
201000050648;0;7;0;0;2;3;2;D01
201000050648;0;10;0;0;0;0;2;C01
201000050648;0;7;0;0;2;3;17;A01
201000050648;0;34;0;0;2;6;2;B01
201000050649;0;7;0;0;0;2;0;B01
201000050649;0;7;0;0;0;3;9;A01
201000050650;0;33;0;0;0;0;1;B01
201000050650;0;7;0;0;0;8;20;A01
201000050651;0;7;0;0;1;2;1;A01
201000050652;0;33;0;0;2;1;0;A01
201000050652;0;7;0;0;0;4;17;B01
201000050653;0;40;0;0;0;4;0;A01
201000050654;0;10;0;0;1;3;16;A01
201000050655;0;7;0;0;1;1;1;A01
201000050656;0;7;0;0;1;3;2;A01
201000050657;0;7;0;0;0;1;2;B01
201000050657;0;7;0;0;0;7;15;A01
201000050658;0;7;0;0;1;1;1;A01
201000050659;0;30;0;0;0;2;17;B01
201000050659;0;7;0;0;0;0;10;A01
201000050660;0;7;0;0;2;1;1;A01
201000050660;0;7;0;0;2;8;9;B01
201000050661;2;33;0;0;2;7;12;A01
201000050661;0;3;0;0;2;7;12;B01
201000050662;0;37;5;0;1;2;2;A01
201000050663;0;7;0;0;2;9;9;A01
201000050663;0;30;0;0;2;9;2;C01
201000050663;0;7;0;0;2;3;2;B01
201000050664;0;7;0;0;0;0;15;B01
201000050664;0;31;0;0;2;0;1;A01
201000050665;0;10;0;0;1;1;0;A01
201000050666;2;7;0;0;2;1;1;A01
201000050666;0;7;0;0;2;3;15;B01
201000050667;0;7;0;0;1;1;0;A01
201000050668;0;7;0;0;0;4;1;B01
201000050668;0;30;0;0;0;1;0;A01
201000050669;0;7;0;0;1;7;0;A01
201000050670;0;7;0;0;1;4;20;A01
201000050671;0;7;0;0;1;3;1;A01
201000050672;0;7;0;1;0;2;2;A01
201000050673;0;32;0;15;0;0;13;A01
201000050674;0;3;0;1;0;4;4;B01
201000050674;0;7;0;0;2;2;23;A01
201000050675;0;7;0;0;2;3;1;B01
201000050675;0;7;0;0;2;1;15;A01
201000050676;0;37;1;0;2;4;1;B01
201000050676;0;7;0;0;2;8;13;A01
201000050677;0;7;0;0;1;3;0;A01
201000050678;0;7;0;0;0;6;1;B01
201000050678;0;7;0;0;0;2;0;A01
201000050678;0;37;1;0;0;6;1;C01
201000050679;0;33;0;0;2;1;2;A01
201000050679;2;7;0;0;2;6;17;Z01
201000050680;0;7;0;0;1;2;1;A01
201000050681;0;7;0;0;2;9;23;C01
201000050681;0;7;0;0;2;9;23;B01
201000050681;0;7;0;0;2;4;23;D01
201000050681;0;7;0;0;2;1;2;A01
201000050682;0;7;0;0;0;1;0;A01
201000050682;0;7;0;0;0;1;0;B01
201000050683;0;7;0;8;1;1;11;A01
201000050684;0;3;0;0;0;5;2;B01
201000050684;0;30;0;0;0;3;2;A01
201000050685;0;37;1;0;1;1;1;A01
201000050686;0;7;0;2;0;1;0;A01
201000050686;0;7;0;0;0;0;0;B01
201000050687;0;7;0;1;2;4;2;B01
201000050687;0;7;0;0;2;1;2;A01
201000050688;0;33;0;0;2;8;2;A01
201000050688;0;7;0;0;0;4;2;B01
201000050689;0;7;0;0;1;8;1;A01
201000050690;0;7;0;0;2;1;2;B01
201000050690;0;7;0;0;2;1;2;C01
201000050690;0;7;0;0;0;4;2;A01
201000050691;0;7;0;0;0;3;15;A01
201000050691;0;30;0;0;0;7;17;B01
201000050692;0;7;0;2;2;1;0;A01
201000050693;0;10;0;0;1;7;7;A01
201000050694;0;7;0;0;1;1;2;A01
201000050695;0;7;0;0;1;1;1;A01
201000050696;0;7;0;0;0;1;11;A01
201000050696;0;7;0;0;0;1;19;B01
201000050697;0;7;0;0;2;5;16;A01
201000050697;0;33;0;0;2;1;1;B01
201000050698;0;33;0;0;2;3;1;B01
201000050698;0;7;0;0;2;6;11;A01
201000050699;0;7;0;0;0;7;1;A01
201000050699;0;7;0;0;2;1;1;B01
201000050700;0;7;0;0;1;1;0;A01
201000050701;0;7;0;0;1;1;1;A01
201000050702;0;1;0;0;2;1;19;B01
201000050702;0;7;0;0;0;3;1;A01
201000050703;0;7;0;0;1;1;0;A01
201000050704;0;7;0;0;2;1;1;A01
201000050704;0;7;0;0;2;4;1;B01
201000050705;2;7;0;0;1;1;1;Z01
201000050706;0;7;0;0;9;3;2;A01
201000050706;0;35;0;0;2;0;13;B01
201000050707;0;7;0;0;2;2;12;A01
201000050707;0;7;0;0;2;7;11;B01
201000050708;0;7;0;0;0;6;1;A01
201000050708;0;2;0;0;2;1;2;B01
201000050709;0;7;0;0;2;3;9;A01
201000050709;0;2;0;0;2;1;1;B01
201000050710;0;32;0;0;1;3;1;A01
201000050711;0;7;0;0;2;2;12;A01
201000050711;0;7;0;0;2;3;1;B01
201000050712;1;37;0;0;0;0;1;Z01
201000050713;0;13;0;0;2;1;1;A01
201000050713;0;7;0;0;0;8;9;B01
201000050714;0;7;0;0;0;0;0;A01
201000050715;0;7;0;0;1;2;0;A01
201000050716;0;32;0;0;2;3;2;A01
201000050716;0;7;0;0;0;5;0;B01
201000050717;1;7;0;0;1;1;1;Z01
201000050718;0;7;0;0;2;1;16;A01
201000050718;0;30;0;0;2;8;0;B01
201000050719;0;30;0;0;0;8;1;A01
201000050720;0;30;0;14;0;1;6;A01
201000050721;0;7;0;0;0;7;0;A01
201000050721;0;30;0;0;0;8;1;B01
201000050722;1;7;0;0;1;1;0;Z01
201000050723;0;7;0;0;1;7;1;A01
201000050724;0;33;0;0;2;1;2;B01
201000050724;0;7;0;0;2;8;11;A01
201000050725;0;10;0;6;0;0;1;A01
201000050726;0;7;0;0;0;1;1;B01
201000050726;0;7;0;0;0;2;13;A01
201000050727;0;33;0;0;2;4;2;B01
201000050727;0;7;0;0;2;1;2;A01
201000050728;0;33;0;0;0;1;1;A01
201000050728;0;1;0;0;0;7;16;B01
201000050729;0;7;0;0;0;1;1;B01
201000050729;0;7;0;0;0;1;15;A01
201000050730;0;7;0;0;2;1;2;A01
201000050730;0;7;0;0;2;4;23;B01
201000050731;0;99;0;0;0;0;0;B01
201000050731;0;7;0;0;0;1;0;A01
201000050732;0;7;0;0;1;1;0;A01
201000050733;0;7;0;0;0;4;2;B01
201000050733;0;7;0;0;2;1;2;A01
201000050734;0;7;0;0;1;1;1;A01
201000050735;0;31;0;0;1;2;1;A01
201000050736;0;7;0;0;2;4;2;C01
201000050736;0;7;0;0;2;4;2;D01
201000050736;0;7;0;0;2;4;2;B01
201000050736;0;7;0;0;2;1;2;A01
201000050737;1;99;0;0;2;0;0;Z01
201000050737;0;32;0;12;0;2;0;A01
201000050738;0;7;0;0;1;1;2;A01
201000050739;0;7;0;0;1;2;1;A01
201000050740;0;7;0;0;2;8;0;B01
201000050740;0;31;0;0;2;2;0;A01
201000050741;0;7;0;0;0;4;2;B01
201000050741;0;7;0;0;2;1;2;A01
201000050742;0;7;0;0;0;3;0;A01
201000050743;0;7;0;0;2;4;0;A01
201000050743;1;30;0;0;2;0;0;B01
201000050744;0;10;0;0;1;3;2;A01
201000050745;0;7;0;0;2;2;1;B01
201000050745;0;32;0;1;2;9;1;A01
201000050746;0;7;0;0;0;1;15;A01
201000050747;0;10;0;0;1;1;1;A01
201000050748;0;7;0;0;2;3;3;B01
201000050748;0;7;0;0;2;6;9;A01
201000050749;0;32;0;0;2;1;17;A01
201000050749;0;7;0;0;1;8;15;B01
201000050750;0;30;0;0;1;6;1;A01
201000050751;0;7;0;0;1;1;0;A01
201000050752;0;7;0;0;1;2;0;A01
201000050753;0;7;0;0;0;0;1;B01
201000050753;0;10;0;0;0;0;1;A01
201000050753;0;10;0;0;0;0;1;C01
201000050754;0;1;0;0;0;0;19;B01
201000050754;0;10;0;0;1;1;16;A01
201000050755;0;7;0;0;0;4;2;A01
201000050755;0;10;0;0;2;1;2;B01
201000050756;0;7;0;0;2;1;2;B01
201000050756;0;7;0;0;2;4;2;A01
201000050756;0;7;0;0;2;1;1;C01
201000050757;1;7;0;0;2;1;5;Z01
201000050757;0;2;0;0;2;9;5;B01
201000050758;0;7;0;0;1;1;0;A01
201000050759;1;7;0;0;1;0;0;Z01
201000050760;0;7;0;0;1;3;1;A01
201000050761;0;7;0;0;2;7;0;A01
201000050761;0;33;0;0;2;0;0;B01
201000050762;0;34;0;0;1;1;1;A01
201000050763;0;30;0;0;1;0;2;A01
201000050764;0;34;0;0;1;1;1;A01
201000050765;0;30;0;1;0;1;18;A01
201000050765;0;15;0;1;2;4;0;B01
201000050766;0;10;0;0;1;2;1;A01
201000050767;0;30;0;0;0;5;1;B01
201000050767;0;7;0;0;2;3;11;A01
201000050768;0;7;0;0;2;3;1;B01
201000050768;0;2;0;0;2;7;1;A01
201000050769;0;37;0;0;2;2;1;A01
201000050769;0;7;0;0;9;8;10;B01
201000050770;0;7;0;0;1;3;15;A01
201000050771;0;7;0;0;1;1;1;A01
201000050772;0;7;0;9;2;5;1;A01
201000050772;0;7;0;0;2;1;1;B01
201000050773;0;7;0;9;0;2;1;A01
201000050774;0;30;0;0;1;1;1;A01
201000050775;0;10;0;0;2;7;1;A01
201000050775;0;7;0;0;2;1;1;B01
201000050776;0;37;1;0;1;1;1;A01
201000050777;0;7;0;0;2;7;15;A01
201000050777;0;7;0;6;2;1;1;B01
201000050778;0;7;0;0;1;2;17;A01
201000050779;0;10;0;0;0;6;1;B01
201000050779;0;7;0;0;2;3;1;A01
201000050780;0;7;0;0;2;1;1;A01
201000050780;0;7;0;0;2;8;1;B01
201000050781;0;7;0;0;2;2;1;A01
201000050781;0;7;0;0;2;3;1;B01
201000050782;0;7;0;0;1;1;1;A01
201000050783;0;7;0;8;0;1;14;A01
201000050784;0;7;0;0;2;1;1;B01
201000050784;2;7;0;0;2;1;1;A01
201000050785;0;7;0;0;2;1;15;A01
201000050785;0;33;0;0;2;8;1;B01
201000050786;0;7;0;0;1;7;1;A01
201000050787;1;30;0;0;1;0;1;A01
201000050788;0;2;0;0;2;1;2;A01
201000050788;0;7;0;0;2;6;23;B01
201000050789;1;7;0;0;1;1;1;A01
201000050790;0;7;0;0;2;1;15;A01
201000050790;0;7;0;0;2;3;1;B01
201000050791;0;7;0;0;2;2;1;B01
201000050791;0;32;0;0;2;3;9;A01
201000050792;0;7;0;0;1;2;1;A01
201000050793;0;7;0;0;9;6;15;B01
201000050793;0;1;0;0;2;1;17;A01
201000050794;1;7;0;0;2;1;2;A01
201000050794;0;32;0;0;2;4;1;B01
201000050795;0;7;0;0;2;2;1;A01
201000050795;0;32;0;0;2;7;2;B01
201000050796;0;7;0;0;2;3;1;B01
201000050796;0;7;0;0;2;1;1;A01
201000050797;0;7;0;0;2;2;1;A01
201000050797;0;7;0;0;2;1;1;B01
201000050798;0;7;0;0;1;2;1;A01
201000050799;0;1;0;1;0;1;1;A01
201000050800;0;7;0;0;1;1;1;A01
201000050801;0;7;0;0;0;4;13;A01
201000050801;0;1;0;0;2;1;2;B01
201000050802;0;7;0;0;2;1;5;A01
201000050802;0;34;0;0;2;1;2;B01
201000050803;0;7;0;0;1;2;9;A01
201000050804;0;33;0;0;2;2;1;B01
201000050804;0;7;0;0;2;3;9;A01
201000050805;0;7;0;0;2;8;15;B01
201000050805;0;7;0;0;2;3;1;A01
201000050806;0;7;0;0;2;2;1;B01
201000050806;0;1;0;0;2;1;9;A01
201000050807;0;7;0;0;1;1;20;A01
201000050808;0;7;0;0;1;6;4;A01
201000050809;0;7;0;0;2;1;15;B01
201000050809;0;7;0;0;2;2;1;A01
201000050810;0;33;0;0;2;1;1;B01
201000050810;0;7;0;0;2;3;9;A01
201000050811;0;3;0;0;2;3;9;A01
201000050811;0;2;0;0;2;1;21;B01
201000050812;0;7;0;0;2;2;2;A01
201000050812;0;34;0;0;2;4;23;B01
201000050813;0;7;0;0;2;1;1;A01
201000050813;0;7;0;0;2;3;1;B01
201000050814;0;7;0;0;2;1;16;B01
201000050814;0;7;0;0;2;7;9;A01
201000050815;0;7;0;0;1;1;1;A01
201000050816;0;7;0;0;1;1;1;A01
201000050817;0;33;0;1;2;6;1;B01
201000050817;0;7;0;0;2;2;9;A01
201000050818;2;10;0;15;0;3;0;A01
201000050819;0;34;0;0;2;7;0;A01
201000050819;0;14;0;0;0;0;0;C01
201000050819;0;34;0;0;2;1;0;B01
201000050820;0;7;0;0;2;3;10;A01
201000050820;0;1;0;0;2;1;2;B01
201000050821;0;7;0;0;2;3;0;B01
201000050821;0;7;0;0;2;1;0;A01
201000050822;0;7;0;0;2;1;2;A01
201000050822;0;7;0;0;0;4;2;B01
201000050823;0;32;0;0;2;1;2;B01
201000050823;0;7;0;0;0;2;20;A01
201000050824;0;1;0;0;2;1;1;B01
201000050824;0;7;0;0;9;6;2;A01
201000050825;0;7;0;0;1;6;21;A01
201000050826;0;7;0;0;0;3;15;A01
201000050826;0;30;0;0;2;1;17;B01
201000050827;0;7;0;0;1;3;1;A01
201000050828;0;7;0;1;0;3;0;A01
201000050829;0;7;0;0;2;2;2;A01
201000050829;0;7;0;0;2;4;16;B01
201000050830;0;33;0;0;2;8;2;B01
201000050830;0;7;0;0;0;7;12;A01
201000050831;0;7;0;0;2;3;1;B01
201000050831;0;7;0;0;2;2;1;A01
201000050832;0;7;0;0;0;4;0;B01
201000050832;0;7;0;0;2;1;0;A01
201000050833;0;7;0;9;2;3;1;B01
201000050833;0;7;0;8;2;2;1;A01
201000050834;0;10;0;0;1;1;1;A01
201000050835;0;10;0;0;2;2;15;A01
201000050835;0;33;0;0;2;3;1;B01
201000050836;0;7;0;0;1;8;1;A01
201000050837;0;15;0;0;0;0;1;A01
201000050838;0;7;0;1;0;2;15;A01
201000050838;0;30;0;0;2;3;2;B01
201000050839;0;10;0;0;2;1;2;A01
201000050839;0;10;0;0;0;4;2;B01
201000050840;0;7;0;0;0;0;0;A01
201000050841;0;7;0;0;1;1;1;A01
201000050842;0;37;0;0;2;2;1;B01
201000050842;0;32;0;0;2;1;1;A01
201000050843;0;7;0;0;0;5;4;A01
201000050843;0;30;0;0;2;1;1;B01
201000050844;0;10;0;0;0;3;1;A01
201000050845;1;10;0;0;1;4;4;A01
201000050846;0;7;0;0;1;8;0;A01
201000050847;0;7;0;0;1;2;1;A01
201000050848;0;7;0;0;0;0;0;A01
201000050848;0;34;0;1;2;1;1;B01
201000050849;0;7;0;0;2;3;11;A01
201000050849;0;33;0;12;0;7;1;B01
201000050850;0;7;0;0;1;3;2;A01
201000050851;0;7;0;0;0;1;1;B01
201000050851;0;7;0;0;0;3;9;A01
201000050852;0;7;0;0;0;4;4;A01
201000050853;0;30;0;0;1;1;1;A01
201000050854;0;33;0;0;0;1;1;A01
201000050855;0;13;0;6;0;1;1;A01
201000050856;0;37;1;0;1;7;0;A01
201000050857;0;10;0;0;2;8;15;A01
201000050857;0;32;0;0;2;1;1;B01
201000050858;0;7;0;0;1;2;1;A01
201000050859;0;7;0;0;1;1;0;A01
201000050860;0;7;0;0;0;0;0;B01
201000050860;0;7;0;0;0;1;0;A01
201000050861;0;33;0;0;0;3;0;A01
201000050862;0;7;0;0;1;1;0;A01
201000050863;0;1;0;0;1;1;1;B01
201000050864;1;7;0;0;1;2;2;A01
201000050865;0;33;0;0;0;0;0;B01
201000050865;0;7;0;0;2;0;12;A01
201000050866;0;1;0;0;2;8;9;B01
201000050866;0;7;0;0;2;3;1;A01
201000050867;0;7;0;9;2;1;11;A01
201000050868;0;7;0;0;0;8;15;A01
201000050868;0;34;0;0;0;7;1;B01
201000050869;0;7;0;0;0;8;15;B01
201000050869;0;2;0;0;2;1;17;A01
201000050870;0;34;0;0;2;3;1;A01
201000050870;0;7;0;0;2;1;15;B01
201000050871;0;7;0;0;0;3;15;A01
201000050871;0;33;0;0;0;1;5;B01
201000050872;0;7;0;0;1;2;1;A01
201000050873;0;7;0;0;0;2;9;A01
201000050873;0;30;0;0;0;1;1;B01
201000050874;0;2;0;0;1;1;17;A01
201000050875;0;30;0;11;2;2;21;A01
201000050875;0;7;0;0;2;1;19;B01
201000050876;1;2;0;0;1;0;2;A01
201000050877;0;7;0;0;2;8;10;A01
201000050877;0;30;0;0;2;1;1;B01
201000050878;0;7;0;1;2;2;1;B01
201000050878;0;7;0;0;2;3;10;A01
201000050879;0;32;0;0;2;1;0;B01
201000050879;0;7;0;0;0;3;9;A01
201000050880;0;37;0;0;0;0;0;B01
201000050880;0;34;0;15;1;1;0;A01
201000050881;0;7;0;0;1;3;1;A01
201000050882;0;37;0;0;0;0;0;A01
201000050883;0;7;0;0;2;1;16;B01
201000050883;0;34;0;0;2;3;13;A01
201000050884;0;7;0;14;0;1;0;A01
201000050885;0;7;0;0;2;1;2;A01
201000050885;0;7;0;0;0;7;19;B01
201000050886;0;7;0;0;1;2;1;A01
201000050887;0;7;0;0;0;3;11;A01
201000050887;0;34;0;0;0;1;0;B01
201000050888;0;7;0;0;2;1;2;A01
201000050888;0;7;0;0;2;4;2;B01
201000050889;2;32;0;14;0;1;0;A01
201000050890;0;7;0;0;1;1;15;A01
201000050891;0;7;0;0;2;3;23;A01
201000050891;0;1;0;0;2;1;1;B01
201000050892;0;10;0;0;1;3;15;A01
201000050893;0;10;0;0;2;3;17;A01
201000050893;0;1;0;0;0;0;5;B01
201000050894;0;30;0;0;2;1;1;B01
201000050894;0;7;0;0;2;1;15;A01
201000050895;0;2;0;0;2;9;3;A01
201000050895;0;7;0;0;0;0;13;C01
201000050895;0;7;0;0;0;4;23;B01
201000050896;0;99;0;1;0;1;0;A01
201000050897;0;7;0;0;2;3;0;B01
201000050897;0;7;0;0;2;0;0;A01
201000050898;0;30;0;0;0;2;1;A01
201000050899;0;7;0;0;1;2;2;A01
201000050900;0;7;0;0;2;3;9;B01
201000050900;0;37;0;0;2;2;2;A01
201000050901;0;7;0;0;2;1;1;A01
201000050901;0;7;0;0;2;2;1;B01
201000050902;0;2;0;12;0;1;15;A01
201000050903;0;34;0;0;0;1;2;A01
201000050903;0;37;0;0;0;4;2;B01
201000050904;0;33;0;0;2;1;1;B01
201000050904;0;7;0;0;2;3;0;A01
201000050905;0;3;0;0;1;3;15;A01
201000050906;1;2;0;0;1;0;0;A01
201000050907;0;7;0;1;0;2;2;A01
201000050908;0;7;0;14;2;1;1;A01
201000050909;0;7;0;0;2;2;15;A01
201000050909;0;30;0;0;2;1;2;B01
201000050910;0;30;0;15;1;1;1;A01
201000050911;1;7;0;0;0;0;0;A01
201000050912;0;33;0;0;2;1;0;B01
201000050912;1;7;0;0;2;1;1;A01
201000050913;0;7;0;0;2;3;9;A01
201000050913;0;2;0;0;2;3;13;B01
201000050914;0;99;0;0;0;2;1;A01
201000050915;0;30;0;1;2;6;5;A01
201000050915;0;7;0;0;2;0;0;B01
201000050916;0;7;0;8;2;3;16;A01
201000050916;0;7;0;0;2;2;1;B01
201000050917;0;33;0;0;0;4;1;B01
201000050917;0;7;0;0;0;2;2;A01
201000050918;0;34;0;9;0;1;2;A01
201000050919;0;7;0;0;1;3;0;A01
201000050920;0;7;0;0;1;6;4;A01
201000050921;0;33;0;0;2;8;1;B01
201000050921;0;7;0;0;2;8;0;A01
201000050922;0;7;0;0;1;1;1;A01
201000050923;0;2;0;0;2;2;1;B01
201000050923;0;10;0;0;2;3;1;A01
201000050924;0;1;0;0;0;7;1;A01
201000050925;0;34;0;0;2;1;3;B01
201000050925;0;7;0;0;0;6;2;A01
201000050926;0;30;0;0;0;7;1;A01
201000050926;0;37;0;0;0;1;1;B01
201000050927;0;7;0;0;2;1;9;B01
201000050927;0;37;10;0;2;3;1;A01
201000050928;0;2;0;0;2;1;17;A01
201000050928;0;32;0;0;0;1;2;B01
201000050929;0;7;0;0;0;7;0;A01
201000050930;0;7;0;0;1;2;1;A01
201000050931;0;33;0;0;0;1;1;A01
201000050932;0;7;0;0;0;3;0;A01
201000050933;0;7;0;0;1;3;1;A01
201000050934;0;7;0;0;0;3;23;C01
201000050934;0;7;0;0;2;1;16;B01
201000050934;0;7;0;0;2;1;11;A01
201000050935;0;7;0;2;0;1;2;A01
201000050936;0;34;0;0;0;1;8;A01
201000050936;0;7;0;14;2;3;1;B01
201000050937;0;7;0;0;0;2;11;A01
201000050937;0;34;0;0;0;1;1;B01
201000050938;0;7;0;0;0;3;0;A01
201000050939;0;7;0;0;1;2;1;A01
201000050940;0;30;0;0;2;1;2;A01
201000050940;0;30;0;0;2;3;10;B01
201000050941;0;7;0;0;1;4;4;A01
201000050942;0;32;0;0;0;4;2;B01
201000050942;0;13;0;0;0;1;2;A01
201000050943;0;33;0;0;0;2;17;B01
201000050943;0;7;0;0;0;6;15;A01
201000050944;0;7;0;0;0;3;17;A01
201000050944;0;30;0;0;2;1;0;B01
201000050945;0;30;0;0;0;8;1;B01
201000050945;0;7;0;0;0;8;0;A01
201000050946;0;7;0;0;2;8;15;B01
201000050946;0;7;0;0;2;5;1;A01
201000050947;0;34;0;0;2;1;1;B01
201000050947;0;7;0;0;2;1;0;A01
201000050948;0;2;0;8;0;2;0;A01
201000050949;0;99;0;0;0;3;15;A01
201000050950;0;7;0;0;0;2;1;A01
201000050950;0;7;0;0;0;1;1;B01
201000050951;0;7;0;0;2;3;0;B01
201000050951;0;33;0;0;2;2;0;A01
201000050952;0;7;0;1;0;4;4;A01
201000050953;0;30;0;0;0;0;0;B01
201000050953;0;10;0;0;0;2;0;A01
201000050954;1;7;0;0;0;0;0;A01
201000050955;0;10;0;1;0;2;0;A01
201000050955;0;7;0;0;0;6;0;B01
201000050956;0;7;0;0;0;0;0;A01
201000050956;0;7;0;0;0;0;0;C01
201000050956;0;30;0;0;0;0;0;B01
201000050957;0;30;0;0;2;1;1;A01
201000050957;1;7;0;0;0;0;0;B01
201000050958;0;7;0;0;2;1;15;A01
201000050958;0;7;0;0;2;3;1;B01
201000050959;0;7;0;11;2;1;1;A01
201000050959;0;7;0;0;2;3;1;B01
201000050960;0;7;0;0;2;3;20;B01
201000050960;0;2;0;0;2;1;17;A01
201000050961;0;30;0;0;2;1;1;A01
201000050961;0;7;0;0;2;3;15;B01
201000050962;0;7;0;0;9;1;1;A01
201000050963;2;7;0;0;1;2;1;A01
201000050964;0;7;0;0;2;8;9;B01
201000050964;0;7;0;0;2;2;1;A01
201000050965;0;7;0;0;2;6;15;B01
201000050965;0;32;0;0;2;1;17;A01
201000050966;0;31;0;0;0;8;1;A01
201000050967;0;7;0;1;2;3;17;B01
201000050967;0;2;0;0;2;7;17;A01
201000050968;0;14;0;0;2;1;1;A01
201000050968;0;7;0;0;0;4;15;B01
201000050969;1;7;0;0;1;1;11;Z01
201000050970;0;7;0;0;2;1;1;A01
201000050970;0;10;0;0;0;4;15;B01
201000050971;0;7;0;0;2;1;2;A01
201000050971;0;10;0;0;2;4;2;B01
201000050972;0;7;0;0;2;5;23;B01
201000050972;0;2;0;0;2;1;2;A01
201000050973;0;7;0;0;2;3;12;B01
201000050973;0;33;0;0;2;1;1;A01
201000050974;0;7;0;0;1;1;1;A01
201000050975;0;7;0;0;0;4;2;B01
201000050975;0;7;0;0;2;1;2;A01
201000050976;0;30;0;0;2;1;1;B01
201000050976;0;7;0;0;2;7;15;A01
201000050977;0;33;0;0;2;1;2;A01
201000050977;0;7;0;0;2;7;15;B01
201000050978;0;7;0;0;2;1;1;B01
201000050978;0;7;0;0;2;7;10;A01
201000050979;0;7;0;2;0;2;1;A01
201000050980;0;7;0;0;2;7;0;B01
201000050980;0;7;0;0;2;1;0;A01
201000050981;0;7;0;14;2;8;13;A01
201000050981;0;7;0;0;2;7;1;B01
201000050982;0;1;0;0;2;7;1;B01
201000050982;0;7;0;0;9;1;9;A01
201000050983;0;7;0;0;1;1;1;A01
201000050984;0;7;0;0;2;1;1;B01
201000050984;0;7;0;0;2;8;17;A01
201000050985;0;7;0;1;0;9;2;A01
201000050986;0;7;0;0;0;6;16;B01
201000050986;0;33;0;0;2;2;2;A01
201000050987;2;7;0;0;2;1;0;Z01
201000050987;0;7;0;0;2;2;0;A01
201000050988;0;32;0;0;2;3;19;B01
201000050988;0;7;0;0;2;3;1;A01
201000050989;0;7;0;0;1;8;2;A01
201000050990;0;32;0;0;2;1;23;B01
201000050990;0;7;0;0;0;4;4;A01
201000050991;0;7;0;0;0;0;15;B01
201000050991;0;31;0;0;0;0;17;A01
201000050992;0;1;0;0;2;7;1;B01
201000050992;0;7;0;0;9;3;9;A01
201000050993;0;7;0;12;2;3;1;A01
201000050993;1;7;0;0;2;3;16;Z01
201000050994;0;7;0;0;1;7;1;A01
201000050995;0;7;0;2;0;2;2;A01
201000050996;0;7;0;0;1;1;1;A01
201000050997;0;30;0;0;9;2;1;A01
201000050998;0;7;0;0;0;5;15;A01
201000050998;0;7;0;0;0;2;1;B01
201000050999;0;7;0;0;1;1;1;A01
201000051000;0;7;0;0;2;1;1;A01
201000051000;0;7;0;0;0;8;1;B01
201000051001;0;7;0;0;2;1;1;A01
201000051001;0;7;0;0;0;5;16;B01
201000051002;0;7;0;0;2;2;1;B01
201000051002;0;33;0;0;2;4;16;A01
201000051003;0;33;0;0;0;7;2;A01
201000051004;0;32;0;0;2;7;17;A01
201000051004;0;7;0;0;9;6;15;B01
201000051005;0;1;0;1;2;1;6;B01
201000051005;0;7;0;1;2;2;2;A01
201000051006;0;7;0;0;2;1;1;A01
201000051006;0;7;0;6;2;5;1;B01
201000051007;0;7;0;0;2;3;10;A01
201000051007;0;2;0;0;2;7;1;B01
201000051008;0;7;0;0;2;2;1;B01
201000051008;0;7;0;0;2;1;15;A01
201000051009;0;10;0;0;0;0;23;B01
201000051009;0;7;0;0;1;0;4;C01
201000051009;0;7;0;0;1;3;1;A01
201000051010;0;33;0;0;2;7;17;A01
201000051010;0;7;0;0;9;3;15;B01
201000051011;0;7;0;0;2;3;1;B01
201000051011;0;7;0;0;2;2;1;A01
201000051012;0;7;0;0;2;5;2;A01
201000051012;0;32;0;0;2;2;2;B01
201000051013;0;7;0;0;2;3;11;A01
201000051013;0;30;0;0;2;7;1;B01
201000051014;0;99;0;0;0;8;24;B01
201000051014;0;2;0;0;0;1;1;A01
201000051015;0;2;0;0;2;1;1;A01
201000051015;0;7;0;0;2;7;1;B01
201000051016;0;7;0;0;9;1;16;A01
201000051016;0;1;0;0;2;7;1;B01
201000051017;0;30;0;0;2;1;1;A01
201000051017;0;7;0;0;2;7;1;B01
201000051018;0;10;0;0;2;1;15;A01
201000051018;0;30;0;0;2;1;2;B01
201000051019;0;33;0;0;2;8;1;B01
201000051019;0;7;0;0;0;0;1;A01
201000051020;0;7;0;0;1;2;1;A01
201000051021;0;7;0;0;2;2;9;A01
201000051021;0;7;0;0;2;3;1;B01
201000051022;0;32;0;0;1;7;1;A01
201000051023;0;7;0;0;1;1;16;A01
201000051024;0;7;0;0;0;4;4;A01
201000051025;0;2;0;0;2;1;2;A01
201000051025;0;7;0;0;0;4;1;B01
201000051026;0;31;0;0;2;0;1;A01
201000051026;0;7;0;0;2;7;19;B01
201000051027;0;32;0;0;0;7;1;A01
201000051028;0;7;0;0;2;1;2;B01
201000051028;0;7;0;0;2;7;1;A01
201000051029;0;32;0;0;2;1;1;B01
201000051029;0;7;0;0;2;1;15;A01
201000051030;0;7;0;3;0;1;6;A01
201000051031;0;7;0;0;1;3;1;A01
201000051032;0;7;0;1;0;1;1;A01
201000051033;0;7;0;0;2;1;19;A01
201000051033;0;7;0;0;2;7;2;B01
201000051034;0;2;0;0;0;3;1;A01
201000051034;1;7;0;0;2;7;2;Z01
201000051035;0;7;0;0;2;2;15;A01
201000051035;0;7;0;0;2;2;1;B01
201000051036;0;2;0;0;2;1;15;B01
201000051036;0;7;0;0;2;1;1;A01
201000051037;0;33;0;0;0;1;2;A01