num_acc;senc;catv;occutc;obs;obsm;choc;manv;num_veh
201000052176;0;7;0;0;2;8;15;A01
201000052177;0;7;0;0;0;1;15;A01
201000052177;0;7;0;0;2;3;21;B01
201000052178;0;7;0;0;1;3;2;A01
201000052179;0;7;0;0;9;1;1;A01
201000052179;0;1;0;0;2;7;19;B01
201000052180;0;7;0;0;0;7;15;A01
201000052180;0;7;0;0;0;2;1;B01
201000052181;0;7;0;0;1;2;1;A01
201000052182;0;2;0;0;2;1;17;A01
201000052182;0;7;0;0;2;3;15;B01
201000052183;0;7;0;0;2;3;13;A01
201000052183;0;2;0;0;0;2;17;B01
201000052184;0;7;0;0;2;6;22;A01
201000052184;0;34;0;0;2;1;17;B01
201000052185;0;34;0;0;2;2;17;B01
201000052185;0;7;0;0;2;3;9;A01
201000052186;0;7;0;0;1;0;1;A01
201000052187;0;33;0;1;0;1;1;A01
201000052188;0;7;0;0;0;3;15;A01
201000052188;0;30;0;0;2;1;17;B01
201000052189;0;7;0;0;2;2;1;B01
201000052189;0;7;0;0;2;3;9;A01
201000052190;0;33;0;0;2;7;0;B01
201000052190;0;7;0;0;2;3;15;A01
201000052191;0;32;0;0;0;5;2;B01
201000052191;0;7;0;0;0;2;2;A01
201000052192;0;7;0;0;2;2;12;A01
201000052192;0;30;0;0;2;1;1;B01
201000052193;0;7;0;0;2;2;10;A01
201000052193;0;33;0;0;2;1;1;B01
201000052194;0;7;0;0;2;1;15;A01
201000052194;0;2;0;0;2;5;1;B01
201000052195;0;7;0;0;1;2;1;A01
201000052196;0;10;0;0;1;1;15;A01
201000052197;0;33;0;0;2;8;1;B01
201000052197;0;7;0;0;2;1;1;A01
201000052198;0;7;0;0;1;3;15;A01
201000052199;0;7;0;0;2;3;9;A01
201000052199;0;2;0;0;2;1;1;B01
201000052200;0;7;0;0;1;3;5;A01
201000052201;0;10;0;0;2;5;16;B01
201000052201;0;7;0;0;2;3;2;A01
201000052202;0;7;0;0;2;1;2;A01
201000052202;0;30;0;0;0;4;1;B01
201000052203;0;7;0;0;2;1;1;A01
201000052203;0;2;0;0;0;4;1;B01
201000052204;0;7;0;0;2;1;2;A01
201000052204;0;7;0;0;2;4;23;C01
201000052204;0;7;0;0;2;4;23;B01
201000052205;0;7;0;0;2;8;17;A01
201000052205;0;30;0;0;2;2;17;B01
201000052206;0;7;0;0;1;1;17;A01
201000052207;0;7;0;0;1;2;1;A01
201000052208;0;7;0;6;0;1;1;A01
201000052209;0;7;0;11;0;2;1;A01
201000052210;0;7;0;8;0;2;9;B01
201000052211;0;7;0;0;2;8;1;B01
201000052211;0;7;0;0;2;1;1;A01
201000052212;0;10;0;0;1;1;1;A01
201000052213;0;7;0;0;1;1;1;A01
201000052214;0;7;0;0;2;4;4;A01
201000052214;0;1;0;0;2;1;1;B01
201000052215;0;7;0;0;1;1;15;A01
201000052216;0;7;0;0;2;3;15;B01
201000052216;0;2;0;0;2;8;17;A01
201000052217;0;7;0;1;9;9;1;A01
201000052218;0;7;0;0;1;2;13;A01
201000052219;0;37;1;0;1;2;1;A01
201000052220;0;7;0;0;2;3;15;A01
201000052220;0;33;0;0;2;1;1;B01
201000052221;0;30;0;0;2;1;1;B01
201000052221;0;7;0;0;2;5;15;A01
201000052222;0;7;0;0;0;6;15;A01
201000052222;0;34;0;0;2;1;17;B01
201000052223;0;7;0;6;0;1;1;A01
201000052224;0;7;0;0;2;4;2;B01
201000052224;0;7;0;0;2;1;2;A01
201000052225;0;33;0;0;2;1;2;A01
201000052225;0;7;0;0;2;4;2;B01
201000052226;0;7;0;2;0;1;1;A01
201000052227;0;2;0;0;2;1;1;B01
201000052227;0;7;0;0;2;2;15;A01
201000052228;0;7;0;0;1;1;1;A01
201000052229;0;7;0;9;2;1;1;A01
201000052229;0;7;0;0;2;3;15;B01
201000052230;0;7;0;0;2;8;10;A01
201000052230;0;31;0;0;2;1;17;B01
201000052231;0;33;0;16;0;8;1;A01
201000052232;2;32;0;0;2;1;17;B01
201000052232;0;7;0;0;2;3;9;A01
201000052233;0;7;0;2;0;1;1;A01
201000052234;0;10;0;0;2;1;2;A01
201000052234;0;7;0;0;2;1;23;C01
201000052234;0;7;0;0;2;1;11;B01
201000052235;0;31;0;4;0;1;18;A01
201000052235;0;7;0;0;2;2;1;B01
201000052236;0;2;0;1;0;2;1;B01
201000052236;0;10;0;0;0;3;22;A01
201000052237;0;7;0;0;2;6;17;A01
201000052237;0;7;0;0;2;2;1;B01
201000052238;0;7;0;0;0;4;1;A01
201000052238;0;10;0;0;2;1;2;B01
201000052239;0;7;0;0;2;1;1;B01
201000052239;0;7;0;0;2;2;15;A01
201000052240;0;10;0;0;1;1;17;A01
201000052241;0;7;0;0;2;3;19;A01
201000052241;0;7;0;0;2;3;1;B01
201000052242;0;7;0;0;1;0;1;A01
201000052243;0;7;0;0;2;6;1;B01
201000052243;1;7;0;0;2;0;1;A01
201000052244;0;7;0;0;1;2;1;A01
201000052245;0;7;0;15;0;2;1;A01
201000052246;0;7;0;9;0;2;1;A01
201000052247;0;7;0;0;1;1;1;A01
201000052248;0;37;2;0;2;2;21;A01
201000052248;0;14;0;0;2;6;23;B01
201000052249;0;30;0;0;2;1;1;B01
201000052249;0;30;0;0;0;1;1;A01
201000052250;0;7;0;0;2;1;21;B01
201000052250;0;2;0;0;2;7;5;A01
201000052251;0;10;0;0;1;3;1;A01
201000052252;0;30;0;0;2;7;17;A01
201000052252;0;7;0;0;2;8;15;B01
201000052253;0;7;0;0;2;1;1;B01
201000052253;0;7;0;0;2;2;15;A01
201000052254;0;32;0;12;0;7;1;A01
201000052255;0;7;0;0;2;8;1;B01
201000052255;0;7;0;14;2;1;5;A01
201000052256;2;10;0;0;2;1;15;A01
201000052256;0;2;0;0;2;7;1;B01
201000052257;1;30;0;0;1;2;1;A01
201000052258;0;30;0;0;2;3;1;A01
201000052258;0;37;1;0;2;8;1;B01
201000052259;0;7;0;0;1;1;2;A01
201000052260;0;13;0;0;0;8;11;A01
201000052260;0;33;0;0;2;7;17;B01
201000052261;0;37;1;0;0;6;24;B01
201000052261;0;31;0;1;;1;17;A01
201000052262;0;10;0;0;0;1;1;A01
201000052262;0;7;0;0;0;8;1;B01
201000052263;0;2;0;1;2;1;17;A01
201000052263;0;7;0;0;0;8;17;B01
201000052264;0;33;0;0;0;7;17;B01
201000052264;0;7;0;0;0;3;15;A01
201000052265;0;7;0;0;2;2;1;B01
201000052265;0;30;0;0;2;1;10;A01
201000052266;0;7;0;0;2;4;1;B01
201000052266;1;7;0;0;2;1;2;Z01
201000052267;0;7;0;0;2;7;4;A01
201000052267;0;31;0;0;2;1;1;B01
201000052268;0;34;0;0;2;1;1;A01
201000052268;0;7;0;0;2;3;1;B01
201000052269;0;7;0;0;2;3;15;A01
201000052269;0;33;0;0;2;1;1;B01
201000052270;0;33;0;0;2;1;1;A01
201000052270;0;10;0;0;2;4;10;B01
201000052271;0;7;0;0;2;7;15;B01
201000052271;0;2;0;0;0;7;1;A01
201000052272;0;7;0;0;2;1;2;A01
201000052272;0;7;0;0;2;4;2;B01
201000052273;0;7;0;15;0;1;1;A01
201000052274;0;7;0;0;0;4;0;B01
201000052274;0;7;0;0;0;1;2;A01
201000052275;0;7;0;14;0;6;1;A01
201000052276;0;7;0;0;1;1;16;A01
201000052277;0;1;0;0;2;5;17;A01
201000052277;0;37;58;0;2;3;1;B01
201000052278;0;7;0;0;2;3;1;B01
201000052278;0;10;0;0;2;6;15;A01
201000052279;0;7;0;2;0;1;1;A01
201000052280;0;1;0;0;2;4;19;B01
201000052280;0;37;1;0;2;3;1;A01
201000052281;0;7;0;0;2;2;10;A01
201000052281;0;33;0;0;2;8;21;B01
201000052282;0;1;0;0;2;3;1;B01
201000052282;0;7;0;0;2;2;1;A01
201000052283;0;2;0;0;2;3;1;B01
201000052283;0;30;0;0;2;3;17;A01
201000052284;0;7;0;4;0;1;1;A01
201000052285;0;7;0;0;2;1;2;A01
201000052285;0;7;0;0;2;4;1;B01
201000052286;0;33;0;0;2;1;1;B01
201000052286;0;7;0;0;2;3;15;A01
201000052287;0;32;0;0;2;7;1;B01
201000052287;0;10;0;15;4;1;17;A01
201000052288;0;7;0;0;2;2;9;A01
201000052288;0;33;0;0;2;1;1;B01
201000052289;0;7;0;0;2;4;4;A01
201000052290;0;2;0;0;2;1;1;A01
201000052290;0;7;0;0;2;2;15;B01
201000052291;0;7;0;0;2;1;1;B01
201000052291;0;7;0;0;2;8;15;A01
201000052292;0;7;0;0;2;1;2;A01
201000052292;0;7;0;0;1;1;23;B01
201000052293;0;10;0;0;2;2;1;A01
201000052293;0;7;0;0;2;3;17;B01
201000052294;0;33;0;0;0;1;1;A01
201000052295;0;7;0;0;2;2;1;B01
201000052295;0;1;0;0;2;2;15;A01
201000052296;0;7;0;0;1;1;1;A01
201000052297;0;33;0;0;2;1;1;B01
201000052297;1;7;0;0;2;2;15;A01
201000052298;0;33;0;0;1;1;1;A01
201000052299;0;30;0;2;0;1;1;A01
201000052300;0;2;0;0;2;1;17;A01
201000052300;0;7;0;0;2;3;15;B01
201000052301;0;7;0;0;2;4;1;B01
201000052301;0;7;0;0;2;1;2;A01
201000052302;0;7;0;0;9;1;1;B01
201000052302;0;7;0;0;0;6;1;A01
201000052303;0;33;0;0;2;1;17;A01
201000052303;0;7;0;0;2;3;15;B01
201000052304;0;7;0;0;2;8;15;A01
201000052304;0;7;0;0;2;3;1;B01
201000052305;0;2;0;0;2;1;13;A01
201000052305;0;7;0;0;2;1;1;B01
201000052306;0;7;0;0;2;8;11;A01
201000052306;0;31;0;0;2;3;1;B01
201000052307;0;7;0;0;2;1;13;A01
201000052307;0;10;0;0;2;1;1;B01
201000052308;0;7;0;4;0;1;1;A01
201000052309;0;7;0;0;2;1;1;B01
201000052309;0;7;0;0;2;7;13;A01
201000052310;0;32;0;0;2;3;19;A01
201000052310;0;7;0;0;2;2;1;B01
201000052311;0;7;0;0;2;3;16;A01
201000052311;0;7;0;0;2;3;15;B01
201000052312;0;7;0;0;1;2;1;A01
201000052313;0;7;0;0;1;1;20;A01
201000052314;0;31;0;0;0;0;1;A01
201000052314;0;7;0;0;0;0;1;B01
201000052315;0;2;0;14;0;7;1;A01
201000052316;1;7;0;0;0;0;1;B01
201000052316;0;33;0;0;0;7;21;A01
201000052317;0;7;0;0;2;1;1;B01
201000052317;0;7;0;0;2;7;1;A01
201000052318;0;7;0;0;2;2;1;B01
201000052318;0;7;0;0;2;3;15;A01
201000052319;0;10;0;0;2;6;1;B01
201000052319;0;7;0;0;2;2;1;A01
201000052320;0;7;0;0;2;1;1;B01
201000052320;0;7;0;0;2;1;1;A01
201000052321;0;7;0;0;2;1;1;B01
201000052321;0;7;0;8;2;1;1;A01
201000052322;0;7;0;12;0;1;9;A01
201000052323;0;7;0;0;2;1;2;A01
201000052323;0;7;0;0;2;4;2;C01
201000052323;0;7;0;0;2;4;23;D01
201000052323;0;7;0;0;2;4;2;B01
201000052324;0;7;0;1;0;2;17;A01
201000052325;0;7;0;11;0;1;1;A01
201000052326;0;33;0;0;2;2;2;B01
201000052326;0;7;0;0;2;6;15;A01
201000052327;0;30;0;0;2;1;1;A01
201000052327;0;7;0;0;2;3;1;B01
201000052328;0;7;0;0;1;2;1;A01
201000052329;0;30;0;0;2;1;18;A01
201000052329;0;7;0;0;2;6;16;B01
201000052330;0;7;0;0;2;1;1;A01
201000052330;0;7;0;0;2;4;1;B01
201000052331;0;7;0;0;2;3;1;A01
201000052331;0;2;0;0;2;4;15;B01
201000052332;0;7;0;0;1;1;1;A01
201000052333;0;7;0;0;1;1;1;A01
201000052334;0;10;0;0;2;4;15;B01
201000052334;0;33;0;0;2;1;1;A01
201000052335;0;7;0;0;1;1;1;A01
201000052336;0;7;0;0;2;6;10;A01
201000052336;0;33;0;0;2;7;1;B01
201000052337;0;7;0;0;2;4;18;A01
201000052337;0;37;3;0;2;1;1;B01
201000052338;0;7;0;0;2;1;2;A01
201000052338;0;7;0;0;0;4;1;B01
201000052339;0;7;0;0;1;1;1;A01
201000052340;0;34;0;4;0;1;1;A01
201000052341;0;10;0;0;2;4;23;B01
201000052341;0;7;0;0;2;4;23;C01
201000052341;0;7;0;0;2;1;2;A01
201000052342;0;7;0;0;1;2;1;A01
201000052343;0;7;0;8;2;8;1;B01
201000052343;0;10;0;0;2;1;1;A01
201000052344;0;7;0;0;2;4;1;B01
201000052344;0;7;0;0;2;1;1;A01
201000052345;0;7;0;0;2;1;17;A01
201000052345;0;7;0;0;2;1;1;B01
201000052346;0;7;0;0;2;8;10;B01
201000052346;0;30;0;0;2;2;17;A01
201000052347;0;7;0;0;2;3;13;B01
201000052347;0;33;0;0;2;2;17;A01
201000052348;0;7;0;0;2;2;1;A01
201000052348;0;1;0;0;2;4;1;B01
201000052349;0;7;0;0;2;1;1;B01
201000052349;0;34;0;0;2;4;1;A01
201000052350;0;30;0;11;0;1;19;A01
201000052351;0;7;0;0;2;3;9;A01
201000052351;0;30;0;0;2;2;1;B01
201000052352;0;7;0;0;2;2;10;A01
201000052352;0;33;0;0;2;1;1;B01
201000052353;0;7;0;0;2;9;9;A01
201000052353;0;7;0;0;2;1;1;C01
201000052353;0;7;0;0;2;3;1;D01
201000052353;0;7;0;0;2;8;1;B01
201000052354;0;7;0;8;1;2;20;A01
201000052355;0;14;0;0;1;1;1;A01
201000052356;0;7;0;0;1;3;1;A01
201000052357;0;7;0;0;2;5;12;A01
201000052357;0;34;0;0;2;1;1;B01
201000052358;0;14;0;0;2;2;9;A01
201000052358;0;10;0;0;0;3;1;B01
201000052359;0;7;0;0;2;3;9;A01
201000052359;0;33;0;0;2;8;9;B01
201000052360;0;7;0;0;1;2;1;A01
201000052361;0;10;0;0;2;3;15;A01
201000052361;0;33;0;0;2;1;17;B01
201000052362;0;30;0;0;2;1;1;B01
201000052362;0;7;0;0;2;3;10;A01
201000052363;0;7;0;0;9;1;1;A01
201000052363;0;1;0;0;2;1;1;B01
201000052363;0;1;0;0;2;2;1;C01
201000052364;0;7;0;0;2;1;1;B01
201000052364;0;99;0;0;2;1;21;A01
201000052365;0;7;0;0;1;3;1;A01
201000052366;0;33;0;0;2;1;1;B01
201000052366;0;7;0;0;2;3;1;A01
201000052367;0;7;0;0;2;3;1;B01
201000052367;0;7;0;0;2;2;1;A01
201000052368;0;7;0;0;2;3;1;B01
201000052368;0;7;0;0;2;2;1;A01
201000052369;1;2;0;0;2;2;17;A01
201000052369;0;2;0;0;2;3;1;B01
201000052370;0;7;0;0;2;4;15;B01
201000052370;0;2;0;0;2;1;1;A01
201000052371;1;20;0;0;1;0;1;A01
201000052372;0;7;0;0;2;1;1;A01
201000052372;0;7;0;0;2;1;1;B01
201000052373;0;7;0;0;2;6;1;B01
201000052373;0;7;0;0;2;1;15;A01
201000052374;0;30;0;0;2;1;1;B01
201000052374;0;7;0;0;2;3;9;A01
201000052375;0;37;1;0;1;1;1;A01
201000052376;0;10;0;16;0;0;1;A01
201000052377;0;7;0;0;1;2;1;A01
201000052378;0;13;0;0;2;8;22;A01
201000052378;0;1;0;1;0;1;1;B01
201000052379;0;2;0;0;1;1;1;A01
201000052380;0;7;0;0;1;1;10;A01
201000052381;0;7;0;0;1;4;4;A01
201000052382;0;33;0;0;1;1;1;A01
201000052383;0;7;0;0;1;3;1;A01
201000052384;0;7;0;0;1;2;15;A01
201000052385;0;30;0;0;1;1;1;A01
201000052386;0;36;0;0;1;1;1;A01
201000052387;0;33;0;0;2;2;1;B01
201000052387;0;7;0;0;2;0;11;A01
201000052388;0;7;0;0;1;1;16;A01
201000052389;0;7;0;0;2;1;13;A01
201000052389;0;7;0;0;2;3;1;B01
201000052390;0;7;0;0;2;2;1;A01
201000052390;0;2;0;0;2;1;1;B01
201000052391;0;7;0;0;2;1;1;A01
201000052391;0;7;0;0;2;4;1;B01
201000052392;0;7;0;0;2;4;23;C01
201000052392;0;7;0;0;2;4;23;B01
201000052392;0;7;0;0;2;1;1;A01
201000052393;0;7;0;0;2;7;15;A01
201000052393;0;32;0;0;2;7;1;B01
201000052394;0;7;0;0;1;3;9;A01
201000052395;0;7;0;0;2;1;1;A01
201000052395;0;30;0;0;2;8;1;B01
201000052396;0;37;1;0;0;1;1;A01
201000052396;0;7;0;0;0;4;1;B01
201000052397;0;7;0;0;2;8;15;B01
201000052397;0;2;0;0;2;1;17;A01
201000052398;0;30;0;0;2;1;1;B01
201000052398;0;7;0;0;2;2;1;A01
201000052399;0;7;0;0;2;1;1;A01
201000052399;0;7;0;0;2;1;1;B01
201000052400;0;7;0;0;2;2;15;A01
201000052400;0;1;0;0;2;1;1;B01
201000052401;0;7;0;0;2;1;1;B01
201000052401;0;10;0;0;2;2;1;A01
201000052402;0;7;0;0;2;3;15;B01
201000052402;0;2;0;0;2;2;17;A01
201000052403;0;10;0;0;2;3;11;A01
201000052403;0;30;0;0;2;2;1;B01
201000052404;0;7;0;1;2;3;17;A01
201000052404;0;30;0;0;2;2;17;B01
201000052404;0;7;0;1;2;3;1;C01
201000052405;0;7;0;0;1;4;20;A01
201000052406;0;10;0;6;2;4;1;A01
201000052406;0;7;0;0;2;1;1;B01
201000052407;0;2;0;0;2;3;1;A01
201000052407;0;7;0;0;2;2;17;B01
201000052408;0;7;0;0;2;4;20;A01
201000052408;0;32;0;0;2;8;1;B01
201000052409;0;10;0;0;0;6;4;A01
201000052409;0;1;0;0;2;1;1;B01
201000052410;0;7;0;0;2;3;10;A01
201000052410;0;31;0;0;2;1;1;B01
201000052411;0;7;0;0;2;4;23;B01
201000052411;0;7;0;0;2;1;1;A01
201000052412;0;7;0;0;1;2;15;A01
201000052413;0;7;0;12;0;1;1;A01
201000052414;0;7;0;0;2;3;15;B01
201000052414;0;7;0;0;2;1;17;A01
201000052415;0;7;0;0;1;7;1;A01
201000052416;0;7;0;1;2;3;1;A01
201000052416;0;7;0;0;2;5;12;B01
201000052417;0;7;0;0;2;3;1;B01
201000052417;0;7;0;0;2;3;13;A01
201000052418;0;7;0;0;0;0;15;A01
201000052418;0;33;0;0;2;7;21;B01
201000052419;0;30;0;0;2;1;1;A01
201000052419;0;7;0;0;2;3;1;B01
201000052420;0;7;0;0;2;2;1;A01
201000052420;0;7;0;1;2;3;13;B01
201000052421;0;33;0;0;1;1;1;A01
201000052422;0;2;0;0;2;8;9;A01
201000052422;0;7;0;0;2;1;1;B01
201000052423;0;33;0;0;2;1;18;A01
201000052423;0;7;0;0;2;2;16;B01
201000052424;0;7;0;0;1;2;1;A01
201000052425;0;2;0;0;2;1;5;A01
201000052425;0;7;0;0;2;1;1;B01
201000052426;0;7;0;0;2;7;15;A01
201000052426;0;1;0;0;2;8;13;B01
201000052427;1;7;0;0;1;0;0;Z01
201000052428;0;33;0;0;2;8;1;A01
201000052428;0;7;0;0;2;1;16;B01
201000052429;0;7;0;0;1;3;1;A01
201000052430;0;31;0;1;2;1;1;B01
201000052430;0;7;0;0;2;3;22;A01
201000052431;0;7;0;0;2;3;15;B01
201000052431;0;30;0;0;2;2;1;A01
201000052432;0;10;0;0;2;6;23;A01
201000052432;0;1;0;0;2;1;2;B01
201000052433;0;31;0;1;2;3;1;B01
201000052433;0;10;0;0;2;2;11;A01
201000052434;0;2;0;0;1;7;17;A01
201000052435;0;7;0;0;1;1;1;A01
201000052436;0;32;0;0;2;1;1;B01
201000052436;0;7;0;2;2;1;15;A01
201000052437;0;7;0;0;2;3;10;A01
201000052437;0;7;0;0;2;1;1;B01
201000052438;0;7;0;0;2;1;15;A01
201000052438;0;2;0;0;2;1;1;B01
201000052439;0;7;0;7;0;1;1;A01
201000052440;0;7;0;0;1;4;4;A01
201000052441;0;2;0;0;2;7;1;B01
201000052441;0;7;0;0;2;8;16;A01
201000052442;0;30;0;0;1;1;17;A01
201000052443;0;7;0;0;2;4;23;C01
201000052443;0;10;0;0;2;1;1;A01
201000052443;0;7;0;0;2;4;23;B01
201000052444;0;33;0;12;0;8;21;B01
201000052444;0;7;0;0;0;0;15;A01
201000052445;0;7;0;0;2;2;1;A01
201000052445;0;7;0;0;2;1;1;B01
201000052446;0;7;0;0;2;1;0;B01
201000052446;0;7;0;0;2;2;0;C01
201000052446;0;7;0;0;2;1;23;A01
201000052447;0;7;0;0;2;8;0;B01
201000052447;0;33;0;0;2;7;1;A01
201000052448;0;7;0;0;2;4;23;C01
201000052448;0;37;20;0;2;1;1;A01
201000052448;0;7;0;0;2;1;23;B01
201000052449;0;7;0;0;2;3;11;A01
201000052449;0;33;0;0;2;1;1;B01
201000052450;0;7;0;0;1;1;1;A01
201000052451;0;7;0;0;2;1;1;B01
201000052451;0;7;0;0;2;1;1;A01
201000052452;0;7;0;0;1;1;1;A01
201000052453;0;7;0;0;2;8;1;B01
201000052453;0;7;0;0;2;1;1;A01
201000052454;0;30;0;0;0;7;1;A01
201000052455;0;7;0;1;0;1;1;A01
201000052456;0;7;0;0;2;3;15;B01
201000052456;0;7;0;0;2;1;16;A01
201000052457;0;33;0;0;1;1;1;A01
201000052458;0;7;0;0;1;3;15;A01
201000052459;0;7;0;0;2;8;1;A01
201000052459;0;7;0;0;2;8;1;C01
201000052459;0;32;0;0;2;1;1;B01
201000052460;0;33;0;0;0;4;1;B01
201000052460;0;7;0;0;2;1;1;A01
201000052461;0;33;0;14;0;7;1;A01
201000052462;0;2;0;0;2;1;1;B01
201000052462;0;7;0;0;2;1;15;A01
201000052463;0;7;0;1;0;2;1;A01
201000052464;0;33;0;16;0;7;1;A01
201000052465;0;33;0;0;0;8;21;B01
201000052465;0;7;0;0;0;8;11;A01
201000052466;0;7;0;0;0;3;9;A01
201000052466;0;34;0;0;0;1;1;B01
201000052467;0;7;0;0;1;2;1;A01
201000052468;0;7;0;0;0;3;11;A01
201000052468;0;2;0;0;2;1;17;B01
201000052469;0;7;0;0;2;2;9;A01
201000052469;0;33;0;0;2;2;21;B01
201000052470;0;33;0;0;2;0;2;B01
201000052470;0;2;0;0;2;0;15;A01
201000052471;0;7;0;0;1;1;1;A01
201000052472;0;7;0;14;0;3;1;A01
201000052473;0;33;0;14;0;9;1;A01
201000052474;0;7;0;0;2;3;10;A01
201000052474;0;34;0;0;2;2;2;B01
201000052475;1;7;0;0;2;1;1;A01
201000052475;0;1;0;0;0;6;11;B01
201000052476;0;7;0;0;1;1;1;A01
201000052477;0;7;0;0;1;2;1;A01
201000052478;0;7;0;3;2;9;1;A01
201000052478;0;7;0;0;2;8;1;B01
201000052479;0;7;0;0;0;8;11;A01
201000052479;0;10;0;0;2;2;1;B01
201000052480;0;7;0;0;1;4;4;A01
201000052481;0;7;0;0;1;1;21;A01
201000052482;0;2;0;0;0;4;1;B01
201000052482;0;7;0;0;2;1;2;A01
201000052483;0;31;0;0;2;1;21;B01
201000052483;0;7;0;0;2;3;15;A01
201000052484;0;32;0;0;2;2;1;A01
201000052484;0;7;0;0;2;2;15;B01
201000052485;0;7;0;0;2;1;15;A01
201000052485;0;7;0;0;2;3;1;B01
201000052486;0;7;0;1;9;7;12;B01
201000052486;0;2;0;0;2;1;1;A01
201000052487;0;7;0;0;1;2;1;A01
201000052488;0;30;0;0;0;8;21;A01
201000052489;0;7;0;1;2;7;17;A01
201000052489;0;10;0;0;2;3;15;B01
201000052490;0;30;0;0;1;1;1;A01
201000052491;0;7;0;0;2;3;1;A01
201000052491;0;2;0;0;2;5;1;B01
201000052492;0;7;0;0;2;1;1;A01
201000052492;0;7;0;0;2;4;1;B01
201000052493;0;31;0;0;1;1;21;A01
201000052494;0;7;0;0;2;2;15;B01
201000052494;0;33;0;0;2;8;9;A01
201000052495;0;31;0;0;0;7;23;A01
201000052496;0;31;0;0;0;7;1;A01
201000052497;0;7;0;0;2;1;1;A01
201000052497;0;10;0;0;2;8;1;B01
201000052498;0;2;0;0;1;3;5;A01
201000052499;0;7;0;0;2;7;12;B01
201000052499;0;2;0;0;2;7;12;A01
201000052500;0;7;0;0;1;6;1;A01
201000052501;0;31;0;0;1;1;1;A01
201000052502;0;7;0;0;2;7;1;B01
201000052502;0;7;0;0;2;3;11;A01
201000052503;0;7;0;0;2;3;13;A01
201000052503;0;34;0;0;2;7;1;B01
201000052504;0;1;0;0;1;2;1;A01
201000052505;0;1;0;0;2;1;21;B01
201000052505;0;7;0;0;2;3;20;A01
201000052506;0;7;0;0;1;1;1;A01
201000052507;0;30;0;0;2;5;1;A01
201000052507;0;7;0;0;2;1;15;B01
201000052508;0;7;0;12;2;2;1;A01
201000052508;0;2;0;0;2;8;3;B01
201000052509;0;1;0;1;2;1;1;B01
201000052509;0;7;0;0;2;3;22;A01
201000052510;0;7;0;0;2;8;1;B01
201000052510;0;2;0;0;2;1;1;A01
201000052511;0;7;0;0;2;1;10;A01
201000052511;0;32;0;0;2;1;17;B01
201000052512;0;34;0;10;0;7;1;A01
201000052513;0;7;0;14;0;1;1;A01
201000052514;0;7;0;1;0;0;5;A01
201000052515;0;7;0;0;2;5;16;B01
201000052515;0;31;0;0;2;3;2;A01
201000052516;0;7;0;0;2;4;1;B01
201000052516;0;7;0;0;2;1;2;A01
201000052517;0;32;0;0;2;1;1;B01
201000052517;0;2;0;0;2;8;9;A01
201000052518;1;7;0;0;2;1;1;A01
201000052518;0;7;0;14;2;7;1;B01
201000052519;0;7;0;1;0;1;13;A01
201000052520;0;7;0;0;2;6;1;B01
201000052520;0;32;0;0;2;1;2;A01
201000052521;0;7;0;0;2;2;9;A01
201000052521;0;7;0;2;2;1;1;B01
201000052522;0;7;0;0;2;1;2;A01
201000052522;0;7;0;0;2;4;23;B01
201000052523;0;1;0;1;0;1;1;B01
201000052523;0;7;0;0;2;3;22;A01
201000052524;0;7;0;0;2;1;21;B01
201000052524;0;7;0;0;2;9;10;A01
201000052525;0;7;0;0;0;6;10;A01
201000052525;0;2;0;0;2;1;1;B01
201000052526;0;7;0;8;0;1;1;A01
201000052527;0;7;0;1;0;1;1;A01
201000052528;0;2;0;0;1;2;14;A01
201000052529;0;7;0;4;0;1;1;A01
201000052530;0;32;0;0;0;7;1;A01
201000052531;0;7;0;0;1;2;1;A01
201000052532;0;7;0;0;2;3;1;B01
201000052532;0;7;0;0;2;3;11;A01
201000052533;0;33;0;0;0;7;9;A01
201000052534;0;7;0;0;1;3;0;A01
201000052535;0;10;0;0;2;4;23;C01
201000052535;0;10;0;0;2;1;2;A01
201000052535;0;7;0;0;2;4;2;B01
201000052536;0;7;0;2;0;1;21;A01
201000052537;0;2;0;0;1;1;1;A01
201000052538;0;2;0;0;2;1;1;B01
201000052538;0;7;0;0;2;2;1;A01
201000052539;0;7;0;14;0;3;1;A01
201000052540;0;7;0;0;2;2;15;A01
201000052540;0;33;0;0;2;1;1;B01
201000052541;0;7;0;0;1;2;1;A01
201000052542;0;7;0;0;1;1;16;A01
201000052543;0;31;0;0;2;1;1;B01
201000052543;0;7;0;0;2;2;1;A01
201000052544;0;7;0;0;1;1;1;A01
201000052545;0;7;0;0;2;1;1;A01
201000052545;0;7;0;0;2;4;2;C01
201000052545;0;10;0;0;2;1;2;B01
201000052546;0;7;0;6;0;8;1;A01
201000052547;0;32;0;0;2;1;1;B01
201000052547;0;7;0;0;2;8;15;A01
201000052548;0;7;0;0;2;3;13;A01
201000052548;0;7;0;0;2;3;1;B01
201000052549;0;7;0;0;2;2;1;A01
201000052549;0;7;0;0;2;1;1;B01
201000052550;0;7;0;0;1;1;1;A01
201000052551;0;7;0;11;0;1;17;A01
201000052552;1;7;0;0;1;1;1;A01
201000052553;0;30;0;0;2;1;1;B01
201000052553;0;7;0;0;2;2;1;A01
201000052554;0;7;0;0;1;7;1;A01
201000052555;0;7;0;0;0;2;1;A01