num_acc;senc;catv;occutc;obs;obsm;choc;manv;num_veh
201000052556;0;7;0;1;0;1;1;A01
201000052557;0;7;0;0;2;3;15;A01
201000052557;0;2;0;0;2;1;1;B01
201000052558;0;7;0;0;2;3;1;B01
201000052558;0;7;0;0;2;7;15;A01
201000052559;0;7;0;0;2;2;1;B01
201000052559;0;7;0;0;2;8;9;A01
201000052560;0;2;0;0;2;1;1;A01
201000052560;1;7;0;0;2;2;15;B01
201000052561;0;7;0;0;2;8;15;B01
201000052561;0;32;0;0;2;1;1;A01
201000052562;0;33;0;0;2;1;1;A01
201000052562;0;7;0;0;2;3;15;B01
201000052563;0;7;0;0;2;8;1;A01
201000052563;0;7;0;0;2;1;1;B01
201000052564;0;7;0;0;0;6;2;B01
201000052564;0;33;0;0;2;1;2;A01
201000052565;0;7;0;0;2;1;1;A01
201000052565;0;7;0;0;2;8;1;C01
201000052565;0;7;0;0;2;4;2;B01
201000052566;0;7;0;0;2;1;1;A01
201000052566;0;7;0;0;2;3;15;B01
201000052567;0;7;0;2;0;1;1;A01
201000052568;0;7;0;0;0;1;2;A01
201000052568;0;7;0;0;0;4;1;B01
201000052569;0;33;0;0;2;7;17;A01
201000052569;0;7;0;0;2;3;15;B01
201000052570;0;1;0;14;0;1;1;A01
201000052571;0;33;0;0;2;1;17;A01
201000052571;0;7;0;0;2;3;15;B01
201000052572;0;7;0;0;1;1;1;A01
201000052573;0;7;0;3;2;1;13;A01
201000052573;0;7;0;3;0;1;1;B01
201000052574;0;10;0;0;2;1;2;A01
201000052574;0;7;0;0;2;4;1;B01
201000052575;0;37;70;0;2;3;1;B01
201000052575;0;10;0;0;2;5;12;A01
201000052576;0;7;0;0;1;1;17;A01
201000052577;0;7;0;0;1;3;15;A01
201000052578;0;30;0;0;2;1;2;A01
201000052578;0;7;0;0;2;4;1;B01
201000052579;0;7;0;0;0;3;2;C01
201000052579;0;30;0;0;0;4;23;B01
201000052579;1;7;0;0;2;1;1;A01
201000052580;0;7;0;0;1;8;1;A01
201000052581;0;7;0;2;0;7;1;A01
201000052582;0;7;0;15;0;1;21;A01
201000052583;0;7;0;0;2;1;1;B01
201000052583;0;7;0;0;2;8;1;A01
201000052584;0;7;0;0;2;3;1;B01
201000052584;0;34;0;0;2;1;13;A01
201000052585;0;10;0;0;2;1;1;A01
201000052585;0;7;0;0;2;4;1;B01
201000052585;0;10;0;0;2;4;2;C01
201000052586;0;7;0;0;2;1;1;A01
201000052586;0;2;0;0;2;1;5;B01
201000052587;0;7;0;0;2;1;2;A01
201000052587;0;7;0;0;0;4;1;B01
201000052588;0;7;0;0;1;7;1;A01
201000052589;0;7;0;0;2;1;1;A01
201000052589;0;7;0;0;2;8;1;B01
201000052590;0;99;0;0;0;9;1;A01
201000052591;0;7;0;0;2;1;1;A01
201000052591;0;7;0;0;2;5;15;B01
201000052592;0;7;0;0;2;3;15;A01
201000052592;0;7;0;0;2;1;1;B01
201000052593;0;10;0;0;0;2;1;B01
201000052593;0;33;0;0;2;1;21;A01
201000052594;2;7;0;1;0;9;1;A01
201000052595;0;7;0;0;1;3;1;A01
201000052596;0;2;0;0;2;8;1;B01
201000052596;0;7;0;0;2;5;12;A01
201000052597;0;7;0;0;1;2;1;A01
201000052598;0;7;0;0;1;2;1;A01
201000052599;0;2;0;1;0;7;12;A01
201000052600;0;32;0;0;2;1;17;A01
201000052600;0;7;0;0;2;8;15;B01
201000052601;0;2;0;0;2;1;1;A01
201000052601;0;7;0;0;2;2;15;B01
201000052602;0;7;0;0;2;1;2;A01
201000052602;0;2;0;0;0;4;15;B01
201000052603;0;7;0;0;1;1;1;A01
201000052604;0;7;0;0;2;1;15;A01
201000052604;0;34;0;0;2;1;1;B01
201000052605;0;32;0;0;2;1;1;A01
201000052605;0;7;0;0;2;3;15;B01
201000052606;0;7;0;0;0;4;1;B01
201000052606;0;2;0;0;2;1;2;A01
201000052607;0;7;0;0;2;4;2;C01
201000052607;0;7;0;0;2;1;2;A01
201000052607;0;7;0;0;2;4;2;B01
201000052608;0;7;0;0;2;4;2;C01
201000052608;0;7;0;0;2;1;2;A01
201000052608;0;7;0;0;2;4;2;B01
201000052609;0;7;0;0;2;1;2;A01
201000052609;0;7;0;0;2;4;1;B01
201000052610;0;7;0;0;2;2;1;A01
201000052611;0;30;0;0;0;1;6;A01
201000052612;0;7;0;0;2;8;15;B01
201000052612;0;34;0;0;2;7;17;A01
201000052613;0;7;0;0;2;5;15;A01
201000052613;0;31;0;0;2;1;1;B01
201000052614;0;7;0;0;2;8;15;B01
201000052614;0;31;0;0;2;2;17;A01
201000052615;0;7;0;0;2;7;1;B01
201000052615;0;33;0;0;2;1;1;A01
201000052616;0;7;0;0;2;2;1;A01
201000052616;0;7;0;0;2;4;1;B01
201000052617;0;7;0;0;1;2;1;A01
201000052618;0;33;0;0;2;1;16;A01
201000052618;0;7;0;0;2;1;1;B01
201000052619;0;7;0;0;2;1;1;A01
201000052619;0;2;0;1;2;6;1;B01
201000052620;0;34;0;0;2;7;3;A01
201000052620;0;7;0;0;2;3;15;B01
201000052621;0;7;0;0;0;4;1;B01
201000052621;0;10;0;0;2;1;2;A01
201000052622;0;7;0;0;2;4;2;C01
201000052622;0;7;0;0;0;4;2;B01
201000052622;0;13;0;0;2;1;2;A01
201000052623;0;10;0;0;2;1;2;A01
201000052623;0;7;0;0;0;4;2;B01
201000052624;0;7;0;0;2;4;2;C01
201000052624;0;7;0;0;2;1;2;A01
201000052624;0;7;0;0;2;4;2;B01
201000052625;0;30;0;0;2;1;2;A01
201000052625;0;7;0;0;2;4;23;B01
201000052626;0;7;0;7;0;1;14;A01
201000052627;0;7;0;0;2;4;23;B01
201000052627;0;7;0;0;2;4;23;C01
201000052627;0;7;0;0;2;1;1;A01
201000052628;0;7;0;0;2;3;1;B01
201000052628;0;33;0;0;2;7;5;A01
201000052629;0;2;0;0;2;1;16;A01
201000052629;0;7;0;0;2;3;1;B01
201000052630;0;37;2;0;2;8;23;B01
201000052630;0;38;2;0;2;8;1;A01
201000052631;0;2;0;0;2;3;1;B01
201000052631;0;7;0;0;2;1;9;A01
201000052632;0;7;0;0;2;4;23;B01
201000052632;0;32;0;0;2;1;2;A01
201000052633;0;7;0;0;2;2;15;A01
201000052633;0;7;0;0;2;1;1;B01
201000052634;0;7;0;0;2;1;1;A01
201000052634;0;7;0;0;2;7;1;B01
201000052635;1;7;0;0;2;8;11;Z01
201000052635;0;33;0;4;2;7;17;A01
201000052636;0;7;0;0;2;6;1;B01
201000052636;0;30;0;0;2;7;1;A01
201000052637;0;7;0;14;2;1;2;A01
201000052637;0;7;0;0;2;4;23;B01
201000052638;0;7;0;0;2;2;1;B01
201000052638;0;7;0;12;2;3;15;A01
201000052639;0;15;0;0;9;7;17;A01
201000052639;0;1;0;0;2;1;1;B01
201000052640;0;7;0;4;2;1;2;A01
201000052640;0;7;0;0;2;6;2;B01
201000052640;0;7;0;0;2;4;2;C01
201000052641;0;7;0;0;1;7;1;A01
201000052642;0;10;0;0;2;9;19;A01
201000052642;0;10;0;0;2;1;1;B01
201000052642;1;7;0;0;2;1;1;C01
201000052643;0;7;0;0;2;4;1;C01
201000052643;0;7;0;0;2;1;2;A01
201000052643;0;7;0;0;2;4;2;B01
201000052644;0;7;0;0;2;1;9;B01
201000052644;0;30;0;0;2;1;1;A01
201000052645;0;33;0;0;2;7;1;B01
201000052645;0;7;0;0;2;8;10;A01
201000052646;0;2;0;0;2;2;1;A01
201000052646;0;7;0;0;2;3;15;B01
201000052647;0;33;0;0;2;1;1;B01
201000052647;0;7;0;0;2;6;1;A01
201000052648;0;7;0;0;2;1;1;A01
201000052648;0;7;0;0;2;8;1;B01
201000052649;0;2;0;0;1;8;1;A01
201000052650;0;7;0;0;0;4;23;B01
201000052650;0;15;0;0;2;1;2;A01
201000052651;0;7;0;0;2;1;1;A01
201000052651;0;10;0;0;2;3;1;B01
201000052652;0;7;0;0;1;1;15;A01
201000052653;0;2;0;0;2;1;2;A01
201000052653;0;7;0;0;2;4;23;B01
201000052653;0;7;0;0;2;1;1;C01
201000052654;0;7;0;0;0;3;1;B01
201000052654;0;7;0;0;2;2;15;A01
201000052655;0;7;0;0;2;1;1;A01
201000052655;0;33;0;0;0;4;16;B01
201000052656;0;32;0;0;1;1;1;A01
201000052657;1;7;0;0;1;7;1;Z01
201000052658;0;7;0;0;1;1;1;A01
201000052659;0;7;0;14;0;1;1;B01
201000052659;0;7;0;0;0;0;10;A01
201000052660;0;7;0;0;2;4;23;B01
201000052660;0;7;0;0;2;1;2;A01
201000052661;0;7;0;0;1;1;1;A01
201000052662;0;10;0;0;2;4;23;C01
201000052662;0;10;0;0;0;4;2;B01
201000052662;0;37;1;0;2;1;2;A01
201000052663;0;7;0;0;1;1;1;A01
201000052664;0;7;0;0;1;1;15;A01
201000052665;0;30;0;0;2;1;1;B01
201000052665;0;7;0;0;2;5;15;A01
201000052666;0;7;0;0;1;3;1;B01
201000052666;0;7;0;0;2;7;1;A01
201000052667;0;7;0;0;1;3;15;A01
201000052668;0;31;0;0;1;1;1;A01
201000052669;0;2;0;0;2;7;17;A01
201000052669;0;7;0;0;2;1;15;B01
201000052670;0;7;0;0;2;2;9;A01
201000052670;0;33;0;0;2;8;21;B01
201000052671;0;7;0;0;2;1;1;B01
201000052671;0;7;0;0;2;1;1;A01
201000052672;0;7;0;8;2;1;1;B01
201000052672;0;7;0;0;2;1;15;A01
201000052673;0;15;0;0;2;6;24;B01
201000052673;0;33;0;1;0;1;1;A01
201000052674;0;2;0;0;2;7;2;A01
201000052674;0;7;0;0;2;1;15;B01
201000052675;0;33;0;1;2;2;1;B01
201000052675;0;7;0;0;2;7;14;A01
201000052676;0;7;0;0;1;3;16;A01
201000052677;0;7;0;0;1;1;1;A01
201000052678;0;37;15;0;1;2;1;A01
201000052679;0;10;0;0;2;2;1;A01
201000052679;0;7;0;0;2;1;15;B01
201000052680;0;37;45;15;2;5;7;A01
201000052681;0;7;0;0;1;2;1;A01
201000052682;0;7;0;0;2;3;1;A01
201000052682;0;7;0;0;2;8;1;B01
201000052683;0;7;0;0;2;3;2;A01
201000052683;0;7;0;0;2;5;23;B01
201000052683;0;7;0;0;0;6;23;C01
201000052684;0;7;0;0;2;7;15;A01
201000052684;0;34;0;0;2;1;1;B01
201000052685;0;7;0;0;1;4;4;A01
201000052686;0;7;0;0;2;1;1;C01
201000052686;0;7;0;0;2;3;9;A01
201000052686;0;32;0;0;2;1;1;B01
201000052687;0;10;0;0;0;1;2;A01
201000052687;0;13;0;0;0;4;1;B01
201000052688;0;7;0;0;1;2;9;A01
201000052689;0;7;0;0;2;1;2;B01
201000052689;0;7;0;0;2;1;2;C01
201000052689;0;7;0;0;2;4;1;A01
201000052690;0;7;0;0;1;3;1;A01
201000052691;0;7;0;0;0;4;1;B01
201000052691;0;2;0;0;2;1;2;A01
201000052692;0;7;0;0;2;3;1;A01
201000052692;0;32;0;0;2;3;13;B01
201000052693;0;10;0;0;2;3;15;B01
201000052693;0;2;0;0;2;1;1;A01
201000052694;0;37;1;0;1;1;20;A01
201000052695;0;7;0;0;2;1;2;A01
201000052695;0;7;0;0;0;4;2;B01
201000052696;0;7;0;0;2;2;15;A01
201000052696;0;1;0;0;2;8;16;B01
201000052697;0;7;0;0;2;5;9;A01
201000052697;0;30;0;0;2;1;1;B01
201000052698;0;7;0;0;2;3;1;A01
201000052698;0;7;0;0;2;1;1;B01
201000052698;0;7;0;0;2;2;1;C01
201000052699;0;7;0;0;1;3;4;A01
201000052700;0;7;0;0;1;1;15;A01
201000052701;0;7;0;11;2;1;1;B01
201000052701;0;7;0;0;2;2;15;A01
201000052702;1;7;0;0;1;1;1;A01
201000052703;0;7;0;0;2;7;15;A01
201000052703;0;33;0;0;2;3;1;B01
201000052704;0;7;0;0;2;1;1;A01
201000052704;0;7;0;0;0;6;11;B01
201000052705;0;33;0;6;2;1;3;A01
201000052705;0;10;0;0;2;3;15;B01
201000052706;0;32;0;0;2;1;23;A01
201000052706;0;7;0;0;0;1;16;B01
201000052707;0;7;0;0;2;6;15;B01
201000052707;0;34;0;0;2;2;17;A01
201000052708;0;7;0;0;1;2;1;A01
201000052709;0;37;1;0;2;6;9;A01
201000052709;0;33;0;0;2;2;1;B01
201000052710;0;7;0;1;2;1;16;B01
201000052710;0;7;0;0;2;1;1;A01
201000052711;0;7;0;0;2;1;9;A01
201000052711;0;1;0;0;2;7;15;B01
201000052712;0;7;0;0;2;3;2;A01
201000052712;0;7;0;0;0;5;1;B01
201000052713;0;7;0;10;2;2;1;A01
201000052713;1;7;0;0;2;3;15;B01
201000052714;0;10;0;0;2;1;2;A01
201000052714;0;7;0;0;0;4;23;B01
201000052715;0;37;15;0;2;2;1;B01
201000052715;0;7;0;0;2;3;15;A01
201000052716;0;7;0;0;2;8;15;A01
201000052716;0;37;15;0;2;2;1;B01
201000052717;0;33;0;1;2;9;1;A01
201000052717;0;7;0;0;2;1;1;B01
201000052718;2;7;0;9;2;1;1;A01
201000052718;0;7;0;9;2;4;23;C01
201000052718;0;7;0;9;2;5;2;B01
201000052719;2;7;0;2;0;1;13;A01
201000052720;0;10;0;0;2;4;1;A01
201000052720;0;7;0;0;2;1;2;Z01
201000052721;0;20;0;0;1;3;1;A01
201000052722;0;7;0;0;2;1;2;A01
201000052722;0;7;0;0;2;4;23;B01
201000052723;0;7;0;0;2;2;11;A01
201000052723;0;7;0;0;2;3;2;B01
201000052724;1;14;0;0;0;0;1;A01
201000052724;0;7;0;0;9;3;2;B01
201000052725;0;7;0;0;1;3;1;A01
201000052726;0;7;0;0;2;3;17;A01
201000052726;0;34;0;0;2;4;17;B01
201000052727;0;33;0;0;2;1;2;B01
201000052727;0;7;0;0;2;6;10;A01
201000052728;0;34;0;0;2;7;1;A01
201000052728;0;7;0;0;2;3;1;B01
201000052729;0;7;0;0;2;1;9;A01
201000052729;0;33;0;0;2;9;1;B01
201000052730;0;33;0;0;2;6;16;A01
201000052730;0;7;0;0;2;6;1;B01
201000052731;0;7;0;0;2;2;1;A01
201000052731;0;7;0;0;2;3;19;B01
201000052732;0;7;0;0;2;4;23;B01
201000052732;0;7;0;14;2;1;2;A01
201000052733;0;33;0;0;0;1;1;A01
201000052733;0;7;0;0;2;3;15;B01
201000052734;0;7;0;0;1;2;1;A01
201000052735;0;30;0;0;2;8;14;B01
201000052735;0;7;0;0;2;7;16;A01
201000052736;0;7;0;0;0;8;10;A01
201000052736;0;7;0;0;2;1;1;B01
201000052737;0;7;0;0;2;2;15;A01
201000052737;0;7;0;0;2;1;1;B01
201000052738;1;7;0;0;1;0;1;A01
201000052738;0;7;0;0;0;0;0;B01
201000052739;0;7;0;0;0;3;10;A01
201000052739;0;37;50;1;0;2;1;B01
201000052740;0;7;0;0;2;4;1;A01
201000052740;1;7;0;0;0;1;1;Z01
201000052741;0;30;0;0;1;1;1;A01
201000052742;0;7;0;0;1;1;1;A01
201000052743;0;7;0;0;2;2;2;A01
201000052743;0;30;0;0;2;4;15;B01
201000052744;0;2;0;0;2;2;1;B01
201000052744;0;10;0;0;2;3;15;A01
201000052745;0;2;0;0;2;1;15;A01
201000052745;0;7;0;0;2;1;1;B01
201000052746;0;7;0;0;0;4;1;B01
201000052746;0;15;0;0;2;1;2;A01
201000052747;0;7;0;0;1;1;1;A01
201000052748;0;7;0;0;2;1;17;A01
201000052748;0;7;0;4;2;4;17;B01
201000052749;0;7;0;1;0;9;2;A01
201000052750;1;7;0;0;1;1;1;Z01
201000052751;0;7;0;0;1;1;1;A01
201000052752;0;7;0;11;0;1;16;A01
201000052753;0;7;0;3;0;3;1;A01
201000052754;0;7;0;0;2;2;1;A01
201000052754;0;7;0;1;2;3;11;B01
201000052755;0;10;0;0;2;3;1;B01
201000052755;0;7;0;0;2;5;17;A01
201000052756;0;7;0;0;1;5;1;A01
201000052757;0;37;15;0;1;2;1;A01
201000052758;0;7;0;0;2;1;1;A01
201000052758;0;7;0;0;0;4;2;B01
201000052759;0;7;0;0;0;1;1;A01
201000052759;0;7;0;0;0;5;1;B01
201000052760;0;14;0;0;2;4;4;A01
201000052760;0;33;0;0;0;1;2;B01
201000052761;0;7;0;0;2;2;1;A01
201000052761;0;15;0;0;2;8;1;B01
201000052762;0;34;0;0;2;4;1;B01
201000052762;0;7;0;0;2;4;2;C01
201000052762;0;7;0;0;2;1;2;A01
201000052763;0;7;0;12;0;1;1;A01
201000052764;0;7;0;0;2;1;1;A01
201000052764;0;7;0;0;2;4;1;B01
201000052765;0;7;0;0;1;2;1;A01
201000052766;0;7;0;0;2;8;1;B01
201000052766;0;7;0;0;2;1;1;A01
201000052767;0;7;0;0;2;1;2;A01
201000052767;0;7;0;0;0;4;23;B01
201000052768;0;2;0;5;0;1;1;A01
201000052769;0;30;0;0;2;1;5;A01
201000052769;0;7;0;0;0;1;1;B01
201000052770;0;7;0;0;1;0;1;A01
201000052771;0;7;0;0;0;4;1;A01
201000052771;2;7;0;0;0;1;1;Z01
201000052772;0;7;0;0;2;2;14;A01
201000052772;0;7;0;0;2;3;2;B01
201000052773;0;7;0;0;2;8;1;B01
201000052773;0;7;0;0;2;7;9;A01
201000052774;0;7;0;0;2;4;2;B01
201000052774;0;7;0;0;2;4;23;C01
201000052774;0;7;0;0;2;1;2;A01
201000052775;0;7;0;0;2;1;1;A01
201000052776;1;7;0;0;2;1;1;Z01
201000052776;0;7;0;0;0;4;1;A01
201000052777;0;7;0;0;2;3;1;B01
201000052777;0;7;0;0;2;1;1;A01
201000052778;0;7;0;0;2;3;1;B01
201000052778;0;2;0;0;2;1;1;A01
201000052779;0;10;0;0;2;1;1;A01
201000052779;0;7;0;0;2;4;1;B01
201000052780;0;7;0;0;1;8;1;A01
201000052781;0;7;0;0;2;1;9;A01
201000052781;0;7;0;0;2;7;14;B01
201000052782;0;33;0;0;1;3;21;A01
201000052783;0;7;0;0;2;4;23;A01
201000052783;1;7;0;0;2;1;2;Z01
201000052784;0;7;0;0;1;7;1;A01
201000052785;0;7;0;0;0;2;14;A01
201000052785;0;30;0;0;2;8;1;B01
201000052786;0;7;0;0;2;1;1;B01
201000052786;0;33;0;11;2;1;21;A01
201000052787;0;7;0;0;2;1;0;B01
201000052787;0;7;0;0;2;1;1;A01
201000052788;0;7;0;2;2;1;1;A01
201000052788;0;33;0;2;2;2;1;B01
201000052789;0;7;0;0;2;3;15;B01
201000052789;0;7;0;0;2;1;1;A01
201000052790;0;30;0;0;2;8;15;A01
201000052790;0;37;1;0;2;1;7;B01
201000052791;0;34;0;0;0;2;17;A01
201000052791;0;7;0;0;2;3;15;B01
201000052792;0;7;0;0;2;3;5;A01
201000052792;0;7;0;0;2;3;1;B01
201000052793;0;7;0;0;2;3;9;A01
201000052793;0;32;0;0;2;1;1;B01
201000052794;0;7;0;0;1;3;17;A01
201000052795;0;7;0;0;2;2;1;B01
201000052795;0;7;0;0;2;3;15;A01
201000052796;0;1;0;0;1;1;1;A01
201000052797;1;7;0;0;1;1;1;Z01
201000052798;0;33;0;3;0;1;1;A01
201000052799;0;7;0;0;1;1;16;A01
201000052800;0;7;0;0;2;1;1;A01
201000052800;0;7;0;0;0;4;23;B01
201000052801;0;7;0;0;2;1;13;A01
201000052801;0;32;0;0;2;1;1;B01
201000052802;0;10;0;0;2;1;21;A01
201000052803;0;1;0;0;1;1;15;A01
201000052803;0;7;0;0;9;5;1;B01
201000052804;0;7;0;0;2;1;2;A01
201000052804;0;33;0;0;2;4;1;B01
201000052805;0;7;0;0;2;2;1;A01
201000052805;0;33;0;0;2;1;1;B01
201000052806;0;34;0;0;1;1;1;A01
201000052807;1;30;0;0;1;1;1;Z01
201000052808;0;7;0;0;1;1;1;A01
201000052809;1;30;0;0;1;1;1;Z01
201000052810;0;31;0;0;2;1;9;A01
201000052810;1;30;0;1;2;7;5;Z01
201000052811;0;7;0;0;2;1;16;A01
201000052811;0;1;0;0;2;1;5;B01
201000052812;0;32;0;0;2;1;17;A01
201000052812;0;7;0;0;2;6;13;B01
201000052813;0;2;0;14;0;4;1;A01
201000052814;0;33;0;0;2;7;12;A01
201000052814;0;7;0;0;0;8;21;B01
201000052815;0;7;0;0;2;1;1;A01
201000052815;0;7;0;0;0;7;10;B01
201000052816;0;30;0;0;2;1;1;A01
201000052816;0;7;0;0;0;2;10;B01
201000052817;0;32;0;1;2;1;17;B01
201000052817;0;7;0;0;0;2;15;A01
201000052818;0;7;0;0;2;7;15;A01
201000052818;0;7;0;0;2;1;1;B01
201000052819;0;7;0;0;1;2;1;A01
201000052820;0;33;0;16;0;1;1;A01
201000052821;0;33;0;0;2;8;3;A01
201000052821;0;7;0;0;2;7;12;B01
201000052822;0;7;0;0;2;2;15;A01
201000052822;0;30;0;0;2;2;1;B01
201000052823;0;33;0;0;2;4;1;B01
201000052823;0;7;0;0;2;1;2;A01
201000052824;0;7;0;0;1;1;1;A01
201000052825;0;30;0;0;2;1;1;B01
201000052825;0;7;0;0;0;8;10;A01
201000052826;0;7;0;0;2;1;5;A01
201000052826;0;31;0;0;2;1;1;B01
201000052827;0;7;0;0;2;1;2;C01
201000052827;0;7;0;0;2;4;2;A01
201000052827;0;7;0;0;2;1;2;B01
201000052828;0;7;0;0;2;1;1;B01
201000052828;0;7;0;0;2;5;15;A01
201000052829;1;7;0;0;1;0;1;Z01
201000052830;0;7;0;0;2;3;1;B01
201000052830;0;7;0;0;2;1;15;A01
201000052831;0;7;0;0;2;1;1;A01
201000052831;0;7;0;0;0;4;23;B01
201000052832;0;7;0;0;2;4;1;B01
201000052832;0;7;0;0;2;1;2;A01
201000052833;0;33;0;0;0;4;16;B01
201000052833;0;37;1;0;2;1;1;A01
201000052834;0;7;0;0;2;8;15;A01
201000052834;0;30;0;0;2;9;2;B01
201000052835;0;7;0;0;2;7;1;A01
201000052835;0;7;0;0;2;1;1;B01
201000052836;0;7;0;0;2;2;1;A01
201000052836;0;7;0;0;2;1;2;B01
201000052837;0;30;0;0;2;1;1;A01
201000052837;1;7;0;0;2;2;5;Z01
201000052838;0;13;0;0;2;3;1;B01
201000052838;0;33;0;0;2;1;1;A01
201000052839;0;33;0;14;2;7;1;A01
201000052840;0;7;0;0;2;2;15;A01
201000052840;0;33;0;0;2;1;1;B01
201000052841;0;7;0;4;0;1;1;A01
201000052842;0;7;0;0;2;2;15;A01
201000052842;0;33;0;0;2;1;1;B01
201000052843;0;7;0;0;1;1;1;A01
201000052844;2;33;0;0;2;1;17;A01
201000052844;0;7;0;0;0;6;11;B01
201000052845;0;7;0;0;1;1;1;A01
201000052846;0;7;0;0;2;7;16;A01
201000052846;0;1;0;0;2;1;19;B01
201000052847;0;37;2;0;2;2;1;A01
201000052847;2;7;0;0;2;3;9;B01
201000052848;1;7;0;0;2;1;1;Z01
201000052848;0;7;0;0;2;4;1;A01
201000052849;0;2;0;0;1;1;1;A01
201000052850;0;32;0;0;2;3;1;A01
201000052850;0;7;0;0;2;8;1;B01
201000052851;0;7;0;2;0;2;21;A01
201000052852;0;7;0;0;2;2;1;A01
201000052852;0;32;0;0;2;1;1;B01
201000052853;0;7;0;2;0;1;1;A01
201000052854;0;7;0;0;2;2;1;A01
201000052854;0;7;0;0;2;4;1;B01
201000052855;0;7;0;0;1;2;1;A01
201000052856;0;2;0;0;0;1;1;A01
201000052857;0;7;0;3;0;1;1;A01
201000052858;2;32;0;0;2;1;1;A01
201000052858;0;7;0;0;2;1;1;B01
201000052859;0;7;0;0;2;2;1;A01
201000052859;0;7;0;0;2;3;16;B01
201000052860;0;7;0;0;2;4;2;C01
201000052860;0;15;0;0;2;1;2;A01
201000052860;0;7;0;0;2;4;2;B01
201000052861;0;7;0;0;2;5;9;B01
201000052861;0;7;0;0;2;1;1;A01
201000052862;0;7;0;0;1;1;1;A01
201000052863;0;30;0;0;1;1;1;A01
201000052864;0;7;0;0;2;1;1;A01
201000052864;0;7;0;0;2;3;1;B01
201000052865;0;7;0;0;1;2;1;A01
201000052866;0;2;0;16;0;7;1;A01
201000052867;0;2;0;16;0;1;1;A01
201000052868;0;7;0;0;1;1;16;A01
201000052869;0;32;0;0;2;2;1;B01
201000052869;0;7;0;0;0;3;1;A01
201000052870;0;7;0;15;0;1;1;A01
201000052871;1;30;0;0;2;1;1;Z01
201000052871;0;1;0;0;2;4;1;B01
201000052872;0;7;0;0;1;1;15;A01
201000052873;0;7;0;0;2;1;2;A01
201000052873;0;31;0;0;2;1;1;B01
201000052874;0;7;0;0;2;1;2;A01
201000052874;0;7;0;0;2;4;1;B01
201000052875;0;7;0;0;1;2;16;A01
201000052876;0;33;0;6;0;7;1;A01
201000052877;0;7;0;0;1;1;1;A01
201000052878;0;7;0;1;0;1;1;A01
201000052879;0;7;0;0;1;1;1;A01
201000052880;0;7;0;0;2;1;9;A01
201000052880;0;7;0;0;2;4;1;B01
201000052881;0;7;0;0;2;4;1;C01
201000052881;0;7;0;0;2;1;2;A01
201000052881;0;7;0;0;2;4;1;B01
201000052882;0;30;0;0;2;4;12;B01
201000052882;1;7;0;0;2;1;2;Z01
201000052883;0;7;0;0;2;8;10;A01
201000052883;0;30;0;0;2;1;1;B01
201000052884;0;30;0;0;2;1;1;B01
201000052884;0;7;0;0;0;8;10;A01
201000052885;0;7;0;0;2;1;1;A01
201000052885;0;7;0;0;0;4;1;B01
201000052886;0;7;0;0;2;1;15;A01
201000052886;0;31;0;0;2;1;1;B01
201000052887;0;30;0;0;0;4;23;B01
201000052887;0;7;0;0;2;1;2;A01
201000052888;0;7;0;0;2;9;1;A01
201000052888;0;7;0;0;2;3;1;C01
201000052888;0;7;0;0;2;7;1;B01
201000052889;0;7;0;0;1;1;1;A01
201000052890;0;7;0;0;2;1;2;A01
201000052890;0;7;0;0;2;4;23;C01
201000052890;0;7;0;0;2;4;23;B01
201000052891;0;7;0;0;2;1;15;A01
201000052891;0;32;0;0;2;1;1;B01
201000052892;0;7;0;0;2;3;15;B01
201000052892;0;33;0;0;2;7;17;A01
201000052893;0;7;0;0;2;4;1;B01
201000052893;0;14;0;0;2;1;2;A01
201000052894;0;7;0;0;0;3;1;B01
201000052894;0;7;0;0;2;3;1;A01
201000052895;0;7;0;0;2;3;1;B01
201000052895;0;7;0;0;2;3;1;A01
201000052896;0;1;0;0;2;7;1;B01
201000052896;0;7;0;0;2;1;9;A01
201000052897;0;7;0;0;2;3;2;A01
201000052897;0;33;0;0;2;1;2;B01
201000052898;0;37;1;0;2;8;1;B01
201000052898;0;7;0;0;2;3;15;A01
201000052899;0;7;0;0;1;2;1;A01
201000052900;0;7;0;0;1;4;4;A01
201000052901;0;7;0;0;2;4;23;B01
201000052901;0;30;0;0;2;1;2;A01
201000052902;0;7;0;0;1;1;1;A01
201000052903;0;7;0;0;2;1;15;A01
201000052903;0;7;0;0;2;1;1;B01
201000052904;0;1;0;0;2;8;1;B01
201000052904;0;7;0;0;9;1;15;A01
201000052905;0;7;0;0;2;4;1;B01
201000052905;0;7;0;0;2;1;2;A01
201000052906;0;7;0;0;2;3;9;B01
201000052906;0;7;0;0;2;5;1;A01
201000052907;0;7;0;0;1;1;1;A01
201000052908;1;7;0;0;2;1;2;Z01
201000052908;0;33;0;0;2;1;17;C01
201000052908;0;7;0;0;2;4;1;A01
201000052908;0;7;0;0;2;1;2;B01
201000052909;0;7;0;0;2;2;17;B01
201000052909;0;2;0;0;2;8;13;A01
201000052910;0;10;0;14;0;3;1;A01
201000052911;0;7;0;0;1;1;1;A01
201000052912;0;7;0;0;2;9;2;B01
201000052912;0;7;0;0;2;1;2;A01
201000052912;0;7;0;0;2;4;23;C01
201000052913;0;7;0;14;0;1;1;A01
201000052914;0;7;0;0;1;1;1;A01
201000052915;0;7;0;0;1;1;1;A01
201000052916;0;7;0;0;1;1;1;A01