num_acc;senc;catv;occutc;obs;obsm;choc;manv;num_veh
201000053296;0;7;0;0;2;9;23;B01
201000053296;0;7;0;0;2;9;23;C01
201000053296;0;7;0;0;2;1;2;A01
201000053296;0;7;0;0;2;4;23;D01
201000053297;0;7;0;0;2;1;2;A01
201000053297;0;7;0;0;2;4;2;B01
201000053298;0;7;0;0;2;6;2;C01
201000053298;0;7;0;0;2;4;2;B01
201000053298;0;7;0;0;2;1;2;A01
201000053299;0;7;0;13;0;8;1;A01
201000053300;0;30;0;14;0;1;2;A01
201000053300;0;7;0;0;2;4;20;B01
201000053301;0;7;0;0;2;4;2;B01
201000053301;0;7;0;0;2;1;2;A01
201000053302;0;7;0;0;2;8;9;B01
201000053302;0;7;0;0;2;1;1;A01
201000053303;0;7;0;0;1;1;1;A01
201000053304;0;7;0;0;1;0;23;D01
201000053304;0;7;0;0;0;3;9;B01
201000053304;0;30;0;1;2;1;21;A01
201000053305;0;10;0;0;1;7;1;A01
201000053306;0;7;0;0;2;3;1;B01
201000053306;0;14;0;0;2;2;15;A01
201000053307;0;7;0;0;1;2;1;A01
201000053308;0;33;0;0;0;7;1;A01
201000053309;0;1;0;0;0;8;1;B01
201000053309;0;7;0;0;2;1;15;A01
201000053310;0;7;0;9;0;1;18;A01
201000053311;0;7;0;0;2;6;2;A01
201000053311;0;30;0;0;2;1;2;B01
201000053312;0;14;0;0;2;3;2;A01
201000053312;0;7;0;0;2;4;23;B01
201000053313;0;7;0;1;2;1;1;B01
201000053313;0;7;0;0;2;8;1;C01
201000053313;0;7;0;0;2;7;9;A01
201000053314;0;31;0;0;2;3;1;B01
201000053314;0;7;0;0;2;2;1;A01
201000053315;0;32;0;0;2;2;1;A01
201000053315;0;7;0;0;2;3;1;B01
201000053316;0;7;0;9;0;1;21;A01
201000053316;0;7;0;0;0;0;9;B01
201000053317;0;7;0;0;2;3;15;B01
201000053317;0;1;0;0;2;1;2;A01
201000053318;0;7;0;0;1;1;1;A01
201000053319;0;30;0;0;0;9;16;A01
201000053320;0;7;0;0;1;1;1;A01
201000053321;1;7;0;0;1;1;1;A01
201000053322;0;7;0;0;0;3;1;A01
201000053322;0;7;0;0;2;3;15;B01
201000053323;0;7;0;0;2;1;19;A01
201000053323;0;34;0;0;2;7;1;B01
201000053324;0;7;0;0;1;2;16;A01
201000053325;0;1;0;0;2;8;2;B01
201000053325;0;32;0;0;9;7;17;A01
201000053326;0;32;0;0;2;6;15;A01
201000053326;0;7;0;0;2;3;1;B01
201000053327;0;7;0;4;2;6;1;B01
201000053327;0;7;0;1;2;2;2;A01
201000053328;0;7;0;0;2;8;15;B01
201000053328;0;10;0;0;2;2;17;A01
201000053329;0;7;0;14;2;5;10;A01
201000053329;0;33;0;0;2;1;1;B01
201000053330;0;7;0;0;2;2;10;A01
201000053330;0;32;0;0;2;1;1;B01
201000053331;0;7;0;0;2;4;2;D01
201000053331;0;7;0;0;2;4;2;B01
201000053331;0;7;0;0;2;4;23;E01
201000053331;0;7;0;0;2;1;1;A01
201000053331;0;7;0;0;2;4;2;C01
201000053332;0;37;1;0;1;7;1;A01
201000053333;0;7;0;0;2;3;21;A01
201000053333;0;7;0;0;2;3;1;C01
201000053333;0;7;0;0;2;5;1;B01
201000053334;0;7;0;0;1;3;15;A01
201000053335;0;10;0;0;2;4;4;A01
201000053335;0;7;0;0;2;1;2;B01
201000053336;0;34;0;0;2;1;1;B01
201000053336;0;7;0;0;2;3;15;A01
201000053337;0;3;0;0;1;3;1;A01
201000053338;0;30;0;0;0;8;16;A01
201000053339;0;7;0;4;0;3;16;A01
201000053340;0;7;0;0;2;6;2;C01
201000053340;0;7;0;0;0;5;15;B01
201000053340;0;7;0;0;0;5;2;D01
201000053340;0;7;0;9;2;1;15;A01
201000053341;0;32;0;0;2;1;1;B01
201000053341;2;7;0;0;2;6;16;A01
201000053342;0;30;0;0;2;1;18;A01
201000053342;0;13;0;0;2;2;16;B01
201000053343;0;33;0;0;2;1;23;B01
201000053343;1;7;0;0;2;4;4;A01
201000053344;0;7;0;0;1;3;1;A01
201000053345;0;7;0;0;1;2;16;A01
201000053346;0;33;0;0;0;0;1;A01
201000053347;0;37;1;0;2;3;1;B01
201000053347;0;33;0;0;2;1;1;A01
201000053348;0;7;0;0;2;5;0;B01
201000053348;0;30;0;0;2;5;18;A01
201000053349;0;7;0;0;2;3;9;B01
201000053349;0;31;0;0;2;1;9;A01
201000053350;0;2;0;0;0;6;9;A01
201000053350;0;7;0;0;2;2;2;B01
201000053351;0;7;0;0;2;1;17;A01
201000053351;0;7;0;0;2;8;10;B01
201000053352;0;7;0;0;2;1;2;A01
201000053352;0;7;0;0;2;4;23;B01
201000053353;0;7;0;0;1;3;0;A01
201000053354;0;7;0;0;1;4;4;A01
201000053355;0;33;0;0;2;7;21;B01
201000053355;0;7;0;0;2;1;9;A01
201000053356;0;7;0;0;2;1;1;B01
201000053356;0;7;0;8;2;6;1;A01
201000053357;0;7;0;0;0;2;9;A01
201000053357;0;7;0;0;2;1;1;B01
201000053358;0;37;1;1;0;2;1;A01
201000053359;0;7;0;14;0;1;1;A01
201000053360;0;10;0;1;1;1;1;A01
201000053361;0;7;0;0;0;6;1;B01
201000053361;0;7;0;0;2;1;2;A01
201000053362;0;7;0;1;2;2;1;A01
201000053362;0;33;0;16;0;5;1;T01
201000053362;0;7;0;1;0;8;23;B01
201000053362;0;14;0;0;2;3;1;C01
201000053363;0;7;0;0;2;8;1;A01
201000053363;0;7;0;0;2;2;15;B01
201000053364;0;7;0;0;1;1;15;A01
201000053365;0;7;0;0;4;1;14;A01
201000053366;0;33;0;0;2;1;12;B01
201000053366;0;7;0;0;2;6;9;A01
201000053367;0;32;0;14;0;7;1;A01
201000053368;0;7;0;0;1;2;12;A01
201000053369;0;7;0;0;2;8;1;B01
201000053369;0;32;0;0;2;7;12;A01
201000053370;0;7;0;12;0;1;1;A01
201000053371;0;7;0;15;0;3;1;A01
201000053372;0;13;0;1;2;3;1;A01
201000053372;0;7;0;0;2;3;1;B01
201000053373;1;7;0;0;1;1;1;Z01
201000053374;0;30;0;0;2;4;1;B01
201000053374;0;32;0;0;2;1;1;A01
201000053375;0;7;0;0;1;7;1;A01
201000053376;0;10;0;0;1;2;17;A01
201000053377;0;7;0;0;2;2;1;A01
201000053377;0;7;0;0;2;1;1;B01
201000053378;0;7;0;0;2;1;1;C01
201000053378;1;7;0;0;2;0;1;Z01
201000053378;0;7;0;0;2;9;1;B01
201000053379;0;10;0;1;1;1;17;A01
201000053380;0;7;0;0;1;3;1;A01
201000053381;0;2;0;0;0;8;1;A01
201000053382;0;7;0;0;1;1;1;A01
201000053383;0;7;0;0;1;1;1;A01
201000053384;0;7;0;0;1;2;1;A01
201000053385;0;7;0;0;1;1;1;A01
201000053386;0;10;0;0;2;3;14;B01
201000053386;0;7;0;8;2;5;21;A01
201000053387;0;7;0;0;1;8;1;A01
201000053388;0;14;0;0;2;2;1;B01
201000053388;0;7;0;0;2;6;7;A01
201000053389;0;7;0;0;1;3;1;A01
201000053390;0;31;0;0;2;9;1;B01
201000053390;0;7;0;0;2;3;20;A01
201000053391;0;2;0;0;1;1;1;A01
201000053392;0;10;0;0;1;1;1;A01
201000053393;0;7;0;0;1;2;1;A01
201000053394;0;32;0;0;2;2;1;B01
201000053394;0;7;0;0;2;6;9;A01
201000053395;0;33;0;0;2;1;2;A01
201000053395;0;7;0;0;2;4;1;B01
201000053396;0;7;0;0;2;3;1;B01
201000053396;0;7;0;0;2;3;9;A01
201000053397;0;7;0;0;2;1;1;B01
201000053397;0;30;0;0;2;8;17;A01
201000053398;1;30;0;0;1;0;1;Z01
201000053399;0;7;0;0;0;0;17;A01
201000053399;0;33;0;0;0;0;1;B01
201000053400;0;33;0;0;2;1;17;A01
201000053400;0;7;0;0;2;3;15;B01
201000053401;0;7;0;0;0;4;1;B01
201000053401;0;7;0;0;2;1;1;A01
201000053402;0;2;0;0;1;4;1;A01
201000053403;0;7;0;0;2;4;1;B01
201000053403;0;33;0;0;2;1;2;A01
201000053404;0;7;0;0;2;4;15;B01
201000053404;0;31;0;0;2;1;17;A01
201000053405;0;2;0;0;2;1;2;A01
201000053405;0;7;0;0;2;4;1;B01
201000053406;0;7;0;0;1;7;1;A01
201000053407;0;7;0;0;1;1;1;A01
201000053408;0;32;0;0;0;8;13;A01
201000053408;0;7;0;0;0;3;1;B01
201000053409;0;7;0;0;1;1;7;A01
201000053410;0;2;0;0;2;1;2;A01
201000053410;0;7;0;0;2;5;16;B01
201000053411;0;7;0;0;1;2;1;A01
201000053412;0;7;0;1;2;2;15;A01
201000053412;0;34;0;0;2;8;8;B01
201000053413;0;7;0;0;2;3;13;A01
201000053413;0;33;0;0;2;1;1;B01
201000053414;0;7;0;0;2;7;12;A01
201000053414;0;30;0;0;2;9;1;B01
201000053415;0;31;0;0;1;1;3;A01
201000053415;0;7;0;0;1;3;23;B01
201000053416;0;7;0;0;2;4;23;C01
201000053416;0;7;0;0;2;4;23;B01
201000053416;0;10;0;0;2;1;1;A01
201000053417;0;7;0;0;2;1;15;A01
201000053417;0;33;0;8;2;1;1;B01
201000053418;0;7;0;0;1;1;1;A01
201000053419;0;7;0;0;1;1;2;A01
201000053420;0;7;0;0;2;2;2;B01
201000053420;0;7;0;0;2;6;11;A01
201000053421;0;10;0;0;2;3;9;A01
201000053421;0;1;0;0;2;1;1;B01
201000053422;0;7;0;0;1;1;1;A01
201000053423;0;30;0;0;2;1;1;A01
201000053423;0;30;0;0;2;6;1;B01
201000053424;0;7;0;0;2;5;23;A01
201000053424;0;2;0;0;2;1;2;B01
201000053425;1;7;0;0;2;4;23;A01
201000053425;0;30;0;0;2;1;2;B01
201000053426;0;33;0;0;1;8;21;A01
201000053427;0;7;0;0;1;1;1;A01
201000053428;0;7;0;0;1;1;1;A01
201000053429;0;2;0;0;2;1;2;A01
201000053429;0;7;0;0;2;6;1;B01
201000053430;0;7;0;0;2;3;1;A01
201000053430;0;33;0;0;2;5;23;B01
201000053431;0;10;0;0;1;1;1;A01
201000053432;0;7;0;0;2;3;15;B01
201000053432;0;33;0;0;2;1;7;A01
201000053433;0;7;0;0;1;1;15;A01
201000053434;0;7;0;0;2;2;9;A01
201000053434;0;1;0;0;2;1;1;B01
201000053435;0;7;0;0;2;1;1;C01
201000053435;0;7;0;0;2;4;1;B01
201000053435;0;10;0;0;2;4;23;A01
201000053436;0;1;0;0;2;1;1;A01
201000053436;0;10;0;0;2;7;16;B01
201000053437;0;32;0;14;0;3;1;A01
201000053438;0;32;0;0;1;1;1;A01
201000053439;0;7;0;0;2;4;1;B01
201000053439;0;2;0;0;2;1;1;A01
201000053440;0;7;0;0;1;1;1;A01
201000053441;0;32;0;0;2;7;21;B01
201000053441;0;7;0;0;;;15;A01
201000053442;0;32;0;0;0;7;1;A01
201000053443;0;7;0;0;2;3;2;B01
201000053443;0;7;0;0;2;5;12;A01
201000053444;0;7;0;0;2;4;23;B01
201000053444;0;10;0;0;2;1;2;A01
201000053445;0;7;0;0;2;3;15;A01
201000053445;0;31;0;0;2;7;17;B01
201000053446;0;33;0;0;2;1;1;B01
201000053446;0;7;0;0;2;5;15;A01
201000053447;0;7;0;0;2;8;15;B01
201000053447;0;30;0;0;2;1;17;A01
201000053448;0;7;0;0;1;3;15;A01
201000053449;1;13;0;0;1;2;14;Z01
201000053450;0;7;0;0;1;2;1;A01
201000053451;0;7;0;0;1;7;1;A01
201000053452;0;1;0;1;0;1;1;A01
201000053453;0;7;0;0;1;2;1;A01
201000053454;0;7;0;0;2;4;23;B01
201000053454;0;7;0;0;2;1;2;A01
201000053455;0;30;0;16;0;8;16;A01
201000053456;0;33;0;;2;1;17;A01
201000053456;0;7;0;0;2;3;17;B01
201000053457;0;33;0;0;0;7;1;A01
201000053458;0;7;0;0;1;3;15;A01
201000053459;0;32;0;14;0;7;1;A01
201000053460;0;7;0;0;1;1;1;A01
201000053461;0;32;0;0;2;4;23;B01
201000053461;0;10;0;0;2;1;2;A01
201000053462;0;10;0;4;0;3;1;A01
201000053463;0;30;0;0;0;8;1;A01
201000053464;0;37;8;0;2;2;1;B01
201000053464;0;7;0;6;2;1;16;A01
201000053465;0;7;0;0;1;2;1;A01
201000053466;0;7;0;1;1;1;1;A01
201000053467;0;32;0;0;2;7;1;B01
201000053467;1;7;0;0;9;3;17;Z01
201000053468;0;7;0;0;1;2;21;A01
201000053469;0;30;0;16;0;8;1;A01
201000053470;0;10;0;0;1;5;0;A01
201000053471;0;2;0;0;2;8;1;B01
201000053471;0;7;0;0;2;3;20;A01
201000053472;0;34;0;0;2;5;16;B01
201000053472;0;7;0;0;2;3;1;A01
201000053473;0;7;0;0;2;3;13;A01
201000053473;0;33;0;1;2;1;17;B01
201000053474;0;7;0;0;1;2;17;A01
201000053475;0;33;0;0;2;1;1;A01
201000053475;0;7;0;0;2;3;15;B01
201000053476;0;7;0;0;2;1;15;A01
201000053476;0;7;0;0;2;3;1;B01
201000053477;0;34;0;0;2;1;2;A01
201000053477;0;7;0;0;0;6;10;B01
201000053478;0;10;0;0;2;1;1;A01
201000053478;0;7;0;14;2;5;1;B01
201000053479;0;30;0;0;1;1;1;A01
201000053480;0;31;0;4;0;8;1;A01
201000053481;0;7;0;0;2;1;2;A01
201000053481;0;7;0;0;2;4;1;B01
201000053482;0;2;0;0;0;3;1;A01
201000053483;0;7;0;0;2;4;2;C01
201000053483;0;7;0;9;2;1;2;A01
201000053483;0;33;0;0;2;5;2;B01
201000053484;0;7;0;2;0;8;1;A01
201000053485;1;13;0;0;2;7;12;Z01
201000053485;0;30;0;0;2;3;21;B01
201000053486;0;10;0;3;0;2;1;A01
201000053487;0;33;0;0;1;1;1;A01
201000053488;0;30;0;0;2;1;2;A01
201000053488;1;10;0;0;0;4;1;B01
201000053489;0;32;0;9;0;8;16;A01
201000053490;0;34;0;0;2;1;1;A01
201000053490;0;7;0;0;2;4;23;B01
201000053491;0;33;0;15;0;1;1;A01
201000053492;0;7;0;14;2;1;2;C01
201000053492;0;7;0;15;2;2;17;A01
201000053492;0;7;0;0;2;8;17;B01
201000053493;0;10;0;0;2;8;15;A01
201000053493;0;32;0;0;2;7;15;B01
201000053494;0;7;0;0;2;1;21;B01
201000053494;0;7;0;0;2;1;21;A01
201000053495;0;7;0;1;0;9;1;A01
201000053496;0;7;0;0;1;2;1;A01
201000053497;0;7;0;0;2;3;9;A01
201000053497;0;7;0;0;2;9;21;B01
201000053498;0;7;0;0;1;3;1;A01
201000053499;0;7;0;0;2;4;1;B01
201000053499;0;10;0;0;2;1;1;A01
201000053500;0;7;0;0;2;1;1;A01
201000053500;0;7;0;0;2;3;9;B01
201000053501;0;33;0;0;2;8;1;B01
201000053501;0;7;0;0;2;2;15;A01
201000053502;0;7;0;0;1;1;1;A01
201000053503;0;7;0;0;2;1;1;B01
201000053503;0;7;0;0;2;4;1;A01
201000053504;0;10;0;0;2;7;1;C01
201000053504;0;7;0;0;2;7;22;A01
201000053504;0;30;0;1;2;7;1;B01
201000053505;0;7;0;0;2;7;12;A01
201000053505;0;33;0;0;2;8;1;B01
201000053506;0;33;0;0;2;1;21;B01
201000053506;0;7;0;0;2;1;16;A01
201000053507;0;2;0;0;2;8;2;B01
201000053507;0;2;0;0;2;8;2;A01
201000053508;0;31;0;0;2;1;1;B01
201000053508;0;10;0;0;2;6;13;A01
201000053509;0;7;0;0;2;2;10;A01
201000053509;0;34;0;0;2;8;1;B01
201000053510;0;33;0;0;2;9;1;B01
201000053510;0;7;0;0;2;8;21;A01
201000053511;0;2;0;0;2;1;1;B01
201000053511;0;7;0;0;2;6;19;A01
201000053512;0;7;0;0;1;1;1;A01
201000053513;0;37;9;0;2;1;2;A01
201000053513;0;7;0;0;2;4;1;B01
201000053514;0;7;0;8;2;1;1;B01
201000053514;0;7;0;1;2;7;10;A01
201000053515;0;7;0;0;2;1;1;A01
201000053515;0;7;0;0;2;8;1;B01
201000053516;0;7;0;0;2;7;1;B01
201000053516;0;7;0;0;2;8;1;A01
201000053517;0;7;0;0;2;1;15;B01
201000053517;0;7;0;0;2;3;15;A01
201000053518;0;7;0;0;2;1;1;A01
201000053518;0;7;0;0;2;4;23;B01
201000053519;0;7;0;0;2;3;9;A01
201000053519;0;33;0;0;2;2;1;B01
201000053520;0;7;0;0;1;1;1;A01
201000053521;0;32;0;0;2;3;16;A01
201000053521;0;7;0;0;2;3;1;B01
201000053522;0;7;0;0;2;7;10;A01
201000053522;0;33;0;0;2;9;1;B01
201000053523;0;30;0;0;2;4;1;B01
201000053523;0;7;0;0;2;1;2;A01
201000053524;0;2;0;0;2;8;19;A01
201000053524;0;7;0;0;2;3;1;B01
201000053525;0;7;0;8;2;1;1;B01
201000053525;0;7;0;0;2;2;15;A01
201000053526;0;7;0;0;1;1;1;A01
201000053527;0;7;0;0;2;8;1;A01
201000053527;0;30;0;0;2;1;1;B01
201000053528;0;7;0;0;2;1;15;A01
201000053528;0;33;0;0;2;8;21;B01
201000053529;0;30;0;0;2;1;1;B01
201000053529;0;7;0;0;2;2;15;A01
201000053530;0;34;0;0;2;1;1;A01
201000053530;0;7;0;0;2;2;1;B01
201000053531;0;7;0;0;2;2;9;A01
201000053531;0;7;0;0;2;3;9;B01
201000053532;0;14;0;0;1;4;4;A01
201000053533;0;7;0;0;1;7;1;A01
201000053534;0;33;0;1;2;3;1;B01
201000053534;0;7;0;0;2;1;1;A01
201000053535;0;30;0;0;1;1;3;A01
201000053536;0;30;0;0;2;1;2;A01
201000053536;0;7;0;0;2;4;1;B01
201000053537;0;7;0;0;1;2;16;A01
201000053538;0;7;0;0;2;1;1;C01
201000053538;0;33;0;0;2;9;17;A01
201000053538;0;10;0;0;2;8;11;B01
201000053539;0;7;0;0;2;3;9;A01
201000053539;0;7;0;1;2;1;1;B01
201000053540;0;2;0;0;2;1;1;B01
201000053540;0;7;0;0;2;3;15;A01
201000053541;0;7;0;0;1;1;1;A01
201000053542;0;33;0;0;2;1;1;B01
201000053542;0;7;0;0;2;7;15;A01
201000053543;0;33;0;0;1;7;1;A01
201000053544;0;33;0;0;2;7;17;A01
201000053544;0;7;0;0;2;6;16;B01
201000053545;0;7;0;0;2;1;2;A01
201000053545;0;14;0;0;2;4;23;B01
201000053546;0;7;0;0;2;5;1;A01
201000053546;0;33;0;0;2;1;2;B01
201000053547;0;7;0;0;2;3;10;A01
201000053547;0;32;0;0;2;1;1;B01
201000053548;0;7;0;0;2;1;2;A01
201000053548;0;7;0;0;2;4;23;B01
201000053549;0;14;0;0;2;8;15;A01
201000053549;0;30;0;0;2;7;15;B01
201000053550;0;7;0;0;2;3;1;B01
201000053550;0;2;0;0;2;1;17;A01
201000053550;0;7;0;0;2;1;2;C01
201000053551;0;7;0;0;2;4;23;A01
201000053551;0;30;0;0;2;1;1;B01
201000053552;0;7;0;0;1;1;1;A01
201000053553;0;33;0;0;1;1;5;A01
201000053554;0;7;0;0;2;1;1;B01
201000053554;0;7;0;0;2;6;15;A01
201000053555;0;7;0;0;2;1;1;B01
201000053555;0;7;0;0;2;7;1;A01
201000053556;0;10;0;0;2;4;15;B01
201000053556;0;2;0;0;2;1;2;A01
201000053557;0;7;0;0;2;6;23;C01
201000053557;0;7;0;1;2;1;1;A01
201000053557;0;37;10;0;2;2;1;B01
201000053558;0;7;0;0;2;1;1;A01
201000053558;0;7;0;0;2;4;15;B01
201000053559;0;7;0;0;2;1;1;B01
201000053559;0;7;0;0;2;4;23;A01
201000053560;0;7;0;0;2;3;1;A01
201000053560;0;30;0;0;2;1;1;B01
201000053560;0;7;0;1;2;3;1;C01
201000053561;1;14;0;0;1;0;1;Z01
201000053562;0;7;0;0;1;1;15;A01
201000053563;0;7;0;0;1;3;1;A01
201000053564;0;7;0;0;2;4;1;B01
201000053564;0;10;0;0;2;1;2;A01
201000053565;1;7;0;0;2;1;2;A01
201000053565;0;7;0;0;0;4;23;B01
201000053566;0;30;0;0;1;1;3;A01
201000053567;0;7;0;0;1;5;4;A01
201000053568;0;7;0;0;1;3;15;A01
201000053568;0;33;0;0;2;1;1;B01
201000053569;0;32;0;0;2;3;1;B01
201000053569;0;7;0;0;2;3;15;A01
201000053570;0;7;0;0;9;1;1;A01
201000053570;0;1;0;0;2;7;19;B01
201000053571;0;10;0;0;1;1;1;A01
201000053572;0;30;0;0;0;7;17;A01
201000053572;0;7;0;0;0;8;15;B01
201000053573;0;10;0;0;1;7;16;A01
201000053574;0;32;0;0;2;1;1;B01
201000053574;0;7;0;0;2;2;15;A01
201000053575;0;7;0;0;0;8;9;A01
201000053575;0;31;0;0;2;1;1;B01
201000053576;0;7;0;0;1;3;1;A01
201000053577;0;7;0;0;2;1;2;A01
201000053577;0;7;0;0;0;4;23;B01
201000053578;0;7;0;0;1;2;1;A01
201000053579;1;7;0;0;1;2;1;Z01
201000053580;0;7;0;0;1;1;17;A01
201000053581;0;30;0;0;2;3;2;A01
201000053581;0;7;0;0;0;6;23;B01
201000053582;0;7;0;0;2;2;15;A01
201000053582;0;33;0;0;2;1;1;B01
201000053583;0;31;0;0;1;1;1;A01
201000053584;0;7;0;0;2;6;15;A01
201000053584;0;2;0;0;2;8;1;B01
201000053585;0;7;0;0;2;8;22;A01
201000053585;0;32;0;0;2;7;2;B01
201000053586;0;32;0;0;2;1;1;B01
201000053586;0;7;0;0;2;7;15;A01
201000053587;0;33;0;0;2;4;1;B01
201000053587;0;7;0;0;2;1;2;A01
201000053588;0;30;0;0;2;7;18;A01
201000053588;0;7;0;0;2;7;22;B01
201000053589;0;2;0;0;2;1;1;A01
201000053589;0;7;0;0;2;2;1;B01
201000053590;0;7;0;0;2;4;1;B01
201000053590;0;30;0;0;2;1;2;A01
201000053591;0;33;0;0;2;4;2;B01
201000053591;0;7;0;0;2;1;1;A01
201000053592;0;33;0;0;2;1;2;A01
201000053592;0;37;1;0;2;5;23;B01
201000053593;0;2;0;0;2;2;17;A01
201000053593;0;7;0;0;2;3;15;B01
201000053594;0;7;0;0;2;1;1;B01
201000053594;0;30;0;0;2;7;16;A01
201000053595;0;7;0;0;2;3;15;A01
201000053595;0;33;0;0;2;3;1;B01
201000053596;0;14;0;0;2;7;14;A01
201000053596;0;7;0;0;2;8;1;B01
201000053597;0;31;0;0;2;1;17;A01
201000053597;0;7;0;0;0;6;15;B01
201000053598;0;7;0;0;2;2;15;A01
201000053598;0;33;0;0;2;1;1;B01
201000053599;0;32;0;0;0;1;1;B01
201000053599;0;7;0;0;0;2;1;A01
201000053600;0;32;0;0;0;8;1;B01
201000053600;1;7;0;0;2;3;1;Z01
201000053601;0;7;0;0;1;1;1;A01
201000053602;0;2;0;0;2;1;1;B01
201000053602;0;7;0;9;2;8;11;A01
201000053603;0;7;0;1;0;4;1;A01
201000053604;0;1;0;0;2;1;1;B01
201000053604;0;7;0;0;0;0;20;C01
201000053604;0;7;0;0;9;7;1;A01
201000053605;0;7;0;0;1;2;1;A01
201000053606;0;33;0;0;2;1;1;A01
201000053606;0;7;0;0;2;2;1;B01
201000053607;0;99;0;0;1;1;1;A01
201000053608;0;7;0;0;1;3;1;A01
201000053609;0;7;0;0;1;8;1;A01
201000053610;0;34;0;0;1;1;1;A01
201000053611;0;7;0;0;2;5;12;A01
201000053611;0;33;0;0;2;8;1;B01
201000053612;0;7;0;0;1;3;15;A01
201000053613;0;32;0;0;1;3;1;A01
201000053614;0;7;0;0;2;1;13;A01
201000053614;0;7;0;0;2;3;1;B01
201000053615;0;34;0;0;2;1;1;B01
201000053615;0;7;0;0;2;2;15;A01
201000053616;0;7;0;0;1;3;1;A01
201000053617;0;33;0;0;2;3;18;B01
201000053617;0;7;0;0;2;2;16;A01
201000053618;0;7;0;0;2;0;1;A01
201000053618;0;30;0;0;2;1;1;B01
201000053619;0;7;0;0;2;7;15;A01
201000053619;0;30;0;0;2;1;1;B01
201000053620;0;33;0;0;2;7;17;A01
201000053620;0;7;0;0;2;1;15;B01
201000053621;0;7;0;0;2;6;13;A01
201000053621;0;32;0;0;2;2;1;B01
201000053622;0;34;0;0;2;8;13;A01
201000053622;0;14;0;0;2;6;1;B01
201000053623;0;10;0;0;2;7;1;A01
201000053623;0;7;0;0;2;1;1;B01
201000053624;0;33;0;0;2;1;17;A01
201000053624;0;7;0;0;2;1;15;B01
201000053625;0;1;0;0;2;1;2;A01
201000053625;0;2;0;0;2;6;1;B01
201000053626;0;34;0;0;2;1;1;A01
201000053626;0;7;0;0;2;8;15;B01
201000053627;0;31;0;0;2;2;1;B01
201000053627;1;10;0;0;2;4;0;Z01
201000053628;0;33;0;0;2;1;15;A01
201000053628;0;7;0;0;2;3;1;B01
201000053629;0;7;0;0;1;2;15;A01
201000053630;0;7;0;0;1;2;1;A01
201000053631;0;7;0;0;2;8;15;A01
201000053631;0;33;0;0;2;1;2;B01
201000053632;0;7;0;0;1;2;1;A01
201000053633;0;7;0;0;2;8;15;B01
201000053633;0;32;0;0;2;1;17;A01
201000053634;0;7;0;0;2;3;15;A01
201000053634;0;1;0;0;2;8;1;B01
201000053635;0;7;0;0;1;3;2;A01
201000053636;0;2;0;0;2;1;1;B01
201000053636;0;7;0;0;2;7;1;A01
201000053637;0;7;0;0;2;2;15;A01
201000053637;0;30;0;0;2;1;1;B01
201000053638;0;7;0;0;2;1;1;A01
201000053638;0;7;0;0;2;8;15;B01
201000053639;0;7;0;0;1;1;1;A01
201000053640;0;7;0;0;1;5;1;A01
201000053641;0;1;0;0;2;1;1;A01
201000053641;0;7;0;0;2;4;1;B01
201000053642;0;32;0;0;2;1;1;B01
201000053642;0;1;0;0;2;8;19;A01
201000053643;0;31;0;0;2;7;17;B01
201000053643;0;10;0;0;0;3;10;A01
201000053644;0;7;0;0;2;7;15;A01
201000053644;0;30;0;0;2;1;1;B01
201000053645;0;30;0;0;2;8;1;A01
201000053645;0;7;0;0;2;1;1;B01
201000053646;0;7;0;0;2;8;1;B01
201000053646;0;2;0;0;2;5;15;A01
201000053647;1;7;0;0;1;0;16;A01
201000053648;0;31;0;0;2;7;16;B01
201000053648;0;7;0;0;2;8;9;A01
201000053649;0;7;0;0;2;7;15;A01
201000053649;0;30;0;0;2;8;1;B01
201000053650;0;31;0;0;2;1;1;B01
201000053650;0;7;0;0;2;8;6;A01
201000053651;0;7;0;0;2;1;2;A01
201000053651;0;7;0;0;2;4;0;B01
201000053652;0;7;0;0;2;1;1;B01
201000053652;0;7;0;0;2;8;19;A01
201000053653;0;31;0;0;2;7;17;B01
201000053653;0;7;0;0;2;3;17;A01
201000053654;0;30;0;0;2;7;17;A01
201000053654;0;7;0;0;2;8;19;B01
201000053655;1;7;0;0;2;0;1;Z01
201000053655;0;2;0;0;2;1;17;A01
201000053656;0;7;0;0;1;2;16;A01
201000053657;0;7;0;0;2;8;15;B01
201000053657;0;33;0;0;2;2;17;A01
201000053658;0;7;0;0;1;3;15;A01
201000053659;1;30;0;0;2;1;15;A01
201000053659;0;7;0;0;2;3;1;B01
201000053660;0;33;0;0;2;2;17;A01
201000053660;0;7;0;0;2;6;19;B01
201000053661;0;33;0;0;2;2;17;B01
201000053661;0;7;0;0;2;6;15;A01
201000053662;0;7;0;0;2;2;1;A01
201000053662;0;1;0;0;0;3;1;B01
201000053663;0;7;0;1;0;2;14;A01
201000053664;0;7;0;0;1;2;15;A01
201000053665;0;31;0;1;1;3;0;A01
201000053666;0;10;0;0;1;5;4;A01
201000053667;0;30;0;0;2;3;0;B01
201000053667;0;7;0;0;2;1;15;A01
201000053668;0;7;0;0;2;1;2;A01
201000053668;2;7;0;;;4;1;A02
201000053669;0;7;0;0;2;7;1;B01
201000053669;0;7;0;0;2;3;9;A01