num_acc;senc;catv;occutc;obs;obsm;choc;manv;num_veh
201000053670;0;7;0;0;1;3;1;A01
201000053671;0;7;0;0;2;6;11;A01
201000053671;0;7;0;0;2;2;1;B01
201000053672;0;7;0;0;2;3;15;A01
201000053672;0;2;0;0;2;1;1;B01
201000053673;0;7;0;0;1;8;16;A01
201000053674;0;7;0;10;2;6;1;B01
201000053674;0;7;0;0;2;1;1;A01
201000053675;0;14;0;0;2;5;1;A01
201000053675;0;7;0;0;2;1;1;B01
201000053676;0;7;0;0;2;1;1;A01
201000053676;0;7;0;0;2;4;1;B01
201000053677;0;7;0;1;0;2;1;A01
201000053678;0;32;0;0;1;1;1;A01
201000053679;0;7;0;0;2;1;9;A01
201000053679;0;33;0;0;0;1;1;B01
201000053680;0;7;0;0;2;1;1;B01
201000053680;0;7;0;0;2;5;1;A01
201000053681;0;2;0;0;2;1;1;A01
201000053681;0;7;0;0;2;6;15;B01
201000053682;0;37;1;0;1;2;1;A01
201000053683;0;7;0;0;2;4;23;B01
201000053683;0;7;0;0;2;4;23;C01
201000053683;0;7;0;0;2;1;1;A01
201000053684;0;1;0;0;2;1;19;A01
201000053684;0;7;0;0;2;1;1;B01
201000053685;0;2;0;0;2;2;1;A01
201000053685;0;7;0;1;2;3;1;B01
201000053686;0;7;0;0;2;1;1;A01
201000053686;0;1;0;0;2;0;15;B01
201000053687;0;2;0;0;2;1;1;A01
201000053687;0;7;0;0;2;3;15;B01
201000053688;0;7;0;0;2;3;15;A01
201000053688;0;2;0;1;2;7;1;B01
201000053689;0;13;0;0;2;3;1;B01
201000053689;0;2;0;0;2;7;1;A01
201000053690;0;7;0;0;0;3;1;B01
201000053690;0;7;0;0;2;1;1;A01
201000053691;0;7;0;0;2;8;1;B01
201000053691;0;10;0;0;2;1;1;A01
201000053692;0;7;0;1;0;1;1;A01
201000053693;0;7;0;0;1;2;15;A01
201000053694;0;33;0;0;2;2;17;A01
201000053694;0;10;0;0;2;6;15;B01
201000053695;0;33;0;0;2;1;1;B01
201000053695;0;7;0;0;2;3;1;A01
201000053696;0;10;0;0;2;3;1;A01
201000053696;0;2;0;0;2;1;1;B01
201000053697;0;7;0;0;2;1;1;A01
201000053697;0;7;0;0;2;8;1;B01
201000053698;0;7;0;0;1;3;15;A01
201000053699;0;7;0;0;2;1;2;A01
201000053699;0;10;0;0;2;4;1;B01
201000053700;0;7;0;0;1;3;15;A01
201000053701;0;7;0;0;2;3;1;B01
201000053701;0;1;0;0;2;1;1;A01
201000053702;0;7;0;0;1;1;1;A01
201000053703;0;33;0;0;2;7;23;A01
201000053703;0;7;0;0;2;1;1;B01
201000053704;0;7;0;0;1;2;1;A01
201000053705;0;7;0;0;1;0;1;A01
201000053706;0;7;0;1;2;2;15;A01
201000053706;0;1;0;0;2;1;16;B01
201000053707;0;10;0;0;2;7;1;A01
201000053707;0;7;0;0;2;1;1;B01
201000053708;0;7;0;0;1;1;16;A01
201000053709;0;33;0;0;2;2;1;A01
201000053709;0;7;0;0;2;1;15;B01
201000053710;0;1;0;0;2;8;1;B01
201000053710;0;10;0;0;2;7;16;A01
201000053711;0;7;0;0;1;3;15;A01
201000053712;0;33;0;0;2;1;1;B01
201000053712;0;7;0;0;2;1;15;A01
201000053713;0;7;0;0;1;4;4;A01
201000053714;0;32;0;0;2;8;1;B01
201000053714;0;7;0;0;2;1;1;A01
201000053715;0;2;0;0;2;1;1;B01
201000053715;0;10;0;0;2;2;15;A01
201000053716;0;32;0;0;1;7;21;A01
201000053717;0;10;0;0;2;5;4;A01
201000053717;0;1;0;0;2;3;2;B01
201000053718;0;33;0;0;2;9;1;B01
201000053718;0;7;0;1;2;9;1;A01
201000053719;0;7;0;0;2;4;1;B01
201000053719;0;7;0;0;2;1;2;A01
201000053720;0;2;0;0;2;1;2;A01
201000053720;0;30;0;0;2;4;1;B01
201000053721;0;7;0;0;2;2;1;B01
201000053721;0;7;0;0;2;5;1;A01
201000053722;0;7;0;0;2;3;2;A01
201000053722;0;33;0;0;2;4;23;B01
201000053723;0;7;0;0;2;1;1;B01
201000053723;0;7;0;2;2;9;1;A01
201000053724;0;7;0;0;2;3;10;A01
201000053724;0;2;0;0;2;1;17;B01
201000053725;0;37;42;0;2;2;1;B01
201000053725;0;10;0;0;2;3;15;A01
201000053726;0;7;0;0;2;5;23;C01
201000053726;0;7;0;0;2;1;2;A01
201000053726;0;7;0;0;2;9;23;B01
201000053727;0;30;0;0;2;1;1;A01
201000053727;0;7;0;0;2;3;1;B01
201000053728;0;7;0;0;2;3;16;B01
201000053728;0;7;0;0;2;1;1;A01
201000053729;0;10;0;0;1;2;15;A01
201000053730;0;7;0;0;2;4;4;A01
201000053730;0;1;0;0;2;1;1;B01
201000053731;0;7;0;0;2;7;15;B01
201000053731;0;33;0;0;2;1;1;A01
201000053732;0;7;0;0;2;7;2;A01
201000053732;0;1;0;0;2;8;1;B01
201000053733;0;7;0;0;2;2;1;B01
201000053733;0;1;0;0;2;1;9;A01
201000053734;0;33;0;0;2;1;1;B01
201000053734;0;7;0;0;2;2;9;A01
201000053735;0;2;0;0;2;1;15;A01
201000053735;0;7;0;0;2;3;1;B01
201000053736;0;2;0;0;2;1;1;A01
201000053736;0;7;0;0;2;3;1;B01
201000053737;0;7;0;0;2;4;1;B01
201000053737;0;7;0;0;2;1;1;A01
201000053738;0;7;0;0;2;1;1;B01
201000053738;0;7;0;0;2;7;1;A01
201000053739;0;7;0;0;2;6;10;A01
201000053739;0;33;0;0;2;1;1;B01
201000053740;0;7;0;0;1;3;15;A01
201000053741;0;7;0;1;2;1;1;A01
201000053741;0;31;0;0;2;8;1;B01
201000053742;0;7;0;0;1;1;1;A01
201000053743;0;2;0;0;1;1;21;A01
201000053744;0;7;0;0;2;3;1;B01
201000053744;0;7;0;0;2;1;1;A01
201000053745;0;2;0;0;2;1;1;A01
201000053745;1;7;0;0;2;4;2;Z01
201000053746;0;7;0;8;2;7;1;A01
201000053746;0;7;0;0;2;1;1;B01
201000053747;0;7;0;0;2;1;1;B01
201000053747;0;7;0;0;2;5;1;A01
201000053748;0;2;0;0;2;1;1;B01
201000053748;0;7;0;0;2;2;15;A01
201000053749;0;30;0;1;2;1;1;B01
201000053749;0;10;0;0;2;2;15;A01
201000053750;0;2;0;0;2;2;1;A01
201000053750;0;7;0;0;2;1;15;B01
201000053751;0;7;0;0;2;2;2;A01
201000053751;0;7;0;0;2;4;1;B01
201000053752;0;7;0;0;2;4;2;C01
201000053752;0;7;0;0;2;4;23;B01
201000053752;0;7;0;0;2;1;2;A01
201000053752;0;7;0;0;2;4;23;D01
201000053753;0;30;0;0;2;1;17;A01
201000053753;0;7;0;0;2;3;15;B01
201000053754;0;7;0;0;2;2;1;A01
201000053754;0;7;0;0;2;1;1;B01
201000053755;0;2;0;1;2;1;2;B01
201000053755;0;7;0;0;2;3;15;A01
201000053756;0;30;0;0;2;1;2;A01
201000053756;0;7;0;0;2;6;15;B01
201000053757;0;30;0;0;2;7;1;A01
201000053757;0;30;0;0;2;7;2;B01
201000053758;0;1;0;0;2;7;1;A01
201000053758;0;7;0;0;2;1;17;B01
201000053759;0;7;0;0;2;4;1;B01
201000053759;0;30;0;0;2;1;3;A01
201000053760;0;7;0;0;2;8;15;A01
201000053760;0;31;0;0;2;2;1;B01
201000053761;0;7;0;0;2;1;1;B01
201000053761;0;7;0;6;2;9;1;A01
201000053762;0;2;0;0;2;6;1;B01
201000053762;0;7;0;0;2;1;15;A01
201000053763;0;1;0;0;2;1;2;A01
201000053763;0;7;0;0;2;5;16;B01
201000053764;0;7;0;0;2;1;2;A01
201000053764;0;7;0;0;2;4;1;B01
201000053765;0;7;0;0;2;1;1;B01
201000053765;0;7;0;0;2;7;1;A01
201000053766;0;33;0;8;0;1;1;A01
201000053767;0;10;0;0;2;2;1;B01
201000053767;0;7;0;0;2;1;1;A01
201000053768;0;10;0;0;2;6;24;B01
201000053768;0;2;0;1;0;1;1;A01
201000053769;0;10;0;0;2;2;1;B01
201000053769;0;1;0;0;2;1;9;A01
201000053770;0;7;0;16;0;1;15;A01
201000053771;0;7;0;0;1;1;1;A01
201000053772;0;2;0;1;0;1;1;A01
201000053773;0;7;0;0;1;1;15;A01
201000053774;0;7;0;0;2;3;1;B01
201000053774;0;7;0;0;2;2;1;A01
201000053775;0;34;0;0;2;7;17;B01
201000053775;0;7;0;0;2;3;13;A01
201000053776;0;7;0;0;2;5;4;A01
201000053776;0;32;0;0;2;3;2;B01
201000053777;0;7;0;0;2;7;1;B01
201000053777;0;7;0;7;2;1;15;A01
201000053778;0;37;1;0;1;1;1;A01
201000053779;0;7;0;14;2;1;1;A01
201000053779;0;20;0;0;2;8;15;B01
201000053780;0;7;0;0;2;2;1;A01
201000053780;0;7;0;15;2;6;1;B01
201000053781;0;7;0;0;2;1;1;B01
201000053781;0;33;0;0;2;2;15;A01
201000053782;0;14;0;0;2;2;1;A01
201000053782;0;30;0;0;2;8;1;B01
201000053783;0;7;0;0;2;1;1;B01
201000053783;0;7;0;0;2;2;1;A01
201000053784;0;33;0;0;2;9;1;B01
201000053784;0;7;0;12;2;5;15;A01
201000053785;0;7;0;2;0;1;1;A01
201000053786;0;7;0;15;0;1;1;A01
201000053787;0;7;0;11;0;1;1;A01
201000053788;0;7;0;0;1;1;1;A01
201000053789;0;7;0;0;2;1;2;A01
201000053789;0;7;0;0;2;4;1;B01
201000053790;0;7;0;0;2;1;2;A01
201000053790;0;7;0;0;2;4;2;D01
201000053790;0;7;0;0;2;4;2;B01
201000053790;0;7;0;0;2;4;2;C01
201000053791;0;7;0;0;1;1;15;A01
201000053792;0;7;0;0;2;3;1;A01
201000053792;0;7;0;0;2;2;1;B01
201000053793;0;7;0;0;1;7;16;A01
201000053794;0;7;0;0;1;2;17;A01
201000053795;2;7;0;0;2;1;17;A01
201000053795;0;7;0;0;2;8;15;B01
201000053796;0;7;0;0;2;1;1;A01
201000053796;0;1;0;0;2;3;19;B01
201000053797;0;2;0;0;2;1;1;B01
201000053797;0;7;0;0;2;2;1;A01
201000053798;0;14;0;0;2;4;1;B01
201000053798;0;7;0;0;2;1;12;A01
201000053799;0;7;0;0;0;4;23;B01
201000053799;0;10;0;0;2;1;2;A01
201000053800;0;7;0;0;1;3;1;A01
201000053801;0;7;0;0;2;1;1;A01
201000053801;0;7;0;0;2;4;1;C01
201000053801;0;7;0;0;2;6;1;B01
201000053802;0;7;0;0;1;1;15;A01
201000053803;0;10;0;0;1;4;4;A01
201000053804;0;7;0;8;0;1;1;A01
201000053805;0;7;0;0;2;1;2;A01
201000053805;0;7;0;0;0;4;1;B01
201000053806;0;7;0;0;2;7;15;B01
201000053806;1;7;0;0;2;1;1;A01
201000053807;0;31;0;0;2;7;1;A01
201000053807;0;7;0;0;2;8;1;B01
201000053808;0;7;0;0;1;3;1;A01
201000053809;0;33;0;1;2;1;1;B01
201000053809;0;7;0;0;2;2;9;A01
201000053810;0;7;0;0;2;7;15;A01
201000053810;0;10;0;0;2;1;1;B01
201000053811;0;14;0;0;2;1;9;A01
201000053811;0;31;0;0;2;7;1;B01
201000053812;0;7;0;0;1;1;1;A01
201000053813;1;7;0;0;1;1;1;A01
201000053814;0;33;0;0;2;2;2;A01
201000053814;0;7;0;0;2;4;1;B01
201000053815;0;33;0;0;2;1;2;A01
201000053815;0;7;0;0;0;4;15;B01
201000053816;0;7;0;0;2;1;1;A01
201000053816;0;7;0;0;2;3;1;B01
201000053817;0;7;0;0;1;1;1;A01
201000053818;0;7;0;0;2;7;16;A01
201000053818;0;33;0;0;2;8;1;B01
201000053819;0;1;0;0;2;1;17;B01
201000053819;0;7;0;0;2;8;15;A01
201000053820;0;33;0;0;2;1;1;B01
201000053820;0;10;0;0;2;1;9;A01
201000053821;0;7;0;0;2;4;1;B01
201000053821;0;13;0;0;2;4;1;D01
201000053821;0;7;0;0;2;4;1;C01
201000053821;0;7;0;0;2;1;2;A01
201000053822;0;7;0;0;2;2;15;A01
201000053822;0;33;0;0;2;1;1;B01
201000053823;0;34;0;0;2;1;1;A01
201000053823;0;7;0;0;2;1;15;B01
201000053824;0;7;0;0;2;1;2;A01
201000053824;0;7;0;0;2;4;23;B01
201000053825;0;7;0;0;2;3;15;B01
201000053825;0;2;0;0;2;1;17;A01
201000053826;0;32;0;14;0;1;16;A01
201000053827;0;7;0;0;2;3;15;A01
201000053827;0;32;0;0;2;1;1;B01
201000053828;0;7;0;0;2;3;15;B01
201000053828;0;30;0;0;2;1;17;A01
201000053829;0;2;0;0;1;8;1;A01
201000053830;0;2;0;0;2;1;18;A01
201000053830;0;7;0;0;2;7;1;B01
201000053831;0;7;0;0;2;1;13;A01
201000053831;0;7;0;0;2;1;1;B01
201000053832;0;7;0;8;0;1;1;A01
201000053833;0;7;0;0;1;1;1;A01
201000053834;0;33;0;0;1;2;3;A01
201000053834;0;7;0;0;2;8;1;B01
201000053835;0;7;0;0;2;3;1;B01
201000053835;0;7;0;0;2;1;15;A01
201000053836;0;7;0;0;2;1;2;A01
201000053836;0;7;0;0;2;4;2;B01
201000053837;0;7;0;0;2;4;1;C01
201000053837;0;33;0;0;2;1;3;A01
201000053837;0;7;0;0;2;5;1;B01
201000053838;0;7;0;0;2;3;1;B01
201000053838;0;7;0;0;2;1;1;A01
201000053839;0;7;0;14;2;1;2;A01
201000053839;0;7;0;14;0;4;2;B01
201000053839;0;7;0;0;0;4;2;C01
201000053840;0;33;0;0;2;1;17;A01
201000053840;0;7;0;0;2;3;15;B01
201000053841;1;7;0;0;1;1;1;Z01
201000053842;0;7;0;0;2;4;1;B01
201000053842;0;30;0;0;2;1;2;A01
201000053843;0;33;0;0;2;7;2;A01
201000053843;0;15;0;0;9;6;1;B01
201000053844;0;33;0;0;2;1;1;B01
201000053844;0;7;0;0;2;5;10;A01
201000053845;0;7;0;0;2;1;1;A01
201000053845;0;7;0;0;2;8;0;B01
201000053846;0;7;0;4;0;1;1;A01
201000053847;0;7;0;0;1;1;1;A01
201000053848;0;7;0;0;2;8;15;B01
201000053848;0;32;0;0;2;1;17;A01
201000053849;0;10;0;0;2;2;9;A01
201000053849;0;7;0;0;2;3;1;B01
201000053850;0;7;0;0;1;3;1;A01
201000053851;0;7;0;0;2;4;2;B01
201000053851;0;7;0;0;2;4;2;C01
201000053851;0;7;0;0;2;4;2;D01
201000053851;0;7;0;0;2;1;2;A01
201000053852;0;7;0;0;2;6;1;A01
201000053852;0;7;0;0;2;2;1;B01
201000053852;0;14;0;0;2;1;1;C01
201000053853;0;7;0;0;2;6;1;B01
201000053853;0;33;0;0;2;2;3;A01
201000053854;0;7;0;1;0;1;1;A01
201000053855;0;7;0;8;0;1;1;A01
201000053856;0;33;0;0;1;1;1;A01
201000053857;0;15;0;16;0;7;1;A01
201000053858;0;7;0;0;1;1;1;A01
201000053859;0;34;0;0;2;9;2;C01
201000053859;0;13;0;0;2;1;0;D01
201000053859;0;7;0;0;2;1;13;A01
201000053859;0;7;0;0;2;9;1;B01
201000053860;0;7;0;0;2;1;2;A01
201000053860;0;7;0;0;2;4;2;B01
201000053861;0;7;0;0;2;1;1;B01
201000053861;0;7;0;0;2;1;1;C01
201000053861;0;7;0;0;2;1;13;A01
201000053862;0;7;0;0;2;1;1;B01
201000053862;0;7;0;0;2;7;15;A01
201000053863;0;33;0;0;2;1;1;A01
201000053863;0;7;0;0;2;3;15;B01
201000053864;0;30;0;0;0;5;2;B01
201000053864;0;7;0;0;2;2;2;A01
201000053865;0;7;0;15;0;0;1;A01
201000053866;0;7;0;0;2;1;2;A01
201000053866;1;13;0;0;2;4;1;Z01
201000053867;0;32;0;0;2;1;1;B01
201000053867;0;7;0;0;2;8;15;A01
201000053868;0;33;0;0;2;1;1;B01
201000053868;0;7;0;0;2;8;10;A01
201000053869;0;7;0;0;2;8;16;B01
201000053869;0;7;0;0;2;1;1;A01
201000053870;0;7;0;0;2;1;2;A01
201000053870;0;7;0;0;2;4;1;B01
201000053871;0;7;0;0;2;4;10;A01
201000053871;0;33;0;0;2;1;1;B01
201000053872;0;30;0;0;0;7;1;A01
201000053873;1;7;0;0;1;0;1;Z01
201000053874;0;7;0;0;2;4;23;C01
201000053874;0;7;0;0;2;4;23;B01
201000053874;0;10;0;0;2;1;1;A01
201000053875;0;33;0;0;2;1;2;A01
201000053875;0;13;0;0;2;4;1;B01
201000053876;0;7;0;0;2;1;15;A01
201000053876;0;7;0;0;2;1;1;B01
201000053877;0;7;0;0;2;1;1;B01
201000053877;0;7;0;0;2;1;15;A01
201000053878;0;7;0;0;2;3;15;B01
201000053878;0;34;0;0;2;1;1;A01
201000053879;0;7;0;0;0;3;15;A01
201000053879;0;32;0;0;2;1;17;B01
201000053880;0;7;0;0;2;1;23;B01
201000053880;0;7;0;0;2;4;23;C01
201000053880;0;10;0;0;2;1;2;A01
201000053881;0;30;0;0;2;1;1;A01
201000053881;0;7;0;0;0;0;17;B01
201000053882;0;7;0;0;2;4;21;A01
201000053882;0;7;0;0;2;1;2;B01
201000053883;0;7;0;0;2;7;1;B01
201000053883;0;7;0;0;2;8;1;A01
201000053883;2;7;0;0;2;1;3;Z01
201000053884;0;7;0;0;2;1;1;B01
201000053884;0;7;0;0;2;1;1;A01
201000053885;0;10;0;0;2;5;12;A01
201000053885;0;34;0;0;2;8;1;B01
201000053886;0;7;0;0;1;1;1;A01
201000053887;0;33;0;0;2;1;1;A01
201000053887;0;7;0;0;2;2;16;B01
201000053888;0;7;0;0;2;2;1;A01
201000053888;0;1;0;0;2;3;1;B01
201000053889;0;33;0;0;2;1;1;B01
201000053889;0;7;0;0;2;3;1;C01
201000053889;0;7;0;0;2;2;15;A01
201000053890;0;7;0;0;2;4;16;B01
201000053890;0;33;0;0;2;1;1;A01
201000053891;0;7;0;1;2;6;1;B01
201000053891;0;15;0;0;2;1;17;A01
201000053892;0;10;0;6;0;1;1;A01
201000053893;0;7;0;0;2;1;5;B01
201000053893;0;3;0;0;2;3;1;A01
201000053894;0;7;0;0;2;1;1;B01
201000053894;0;7;0;12;2;1;6;A01
201000053895;0;7;0;0;1;4;4;A01
201000053896;0;30;0;0;2;1;1;A01
201000053896;0;7;0;0;2;4;23;B01
201000053897;0;7;0;0;2;3;1;B01
201000053897;0;2;0;0;2;2;1;A01
201000053898;0;7;0;12;0;7;1;A01
201000053899;0;10;0;0;1;1;1;A01
201000053900;0;7;0;0;0;4;2;B01
201000053900;0;7;0;0;2;1;2;A01
201000053901;0;7;0;0;2;4;1;B01
201000053901;0;34;0;0;2;1;2;A01
201000053902;0;7;0;0;2;1;1;B01
201000053902;0;7;0;0;2;3;1;A01
201000053903;0;7;0;3;0;1;21;A01
201000053904;0;7;0;0;2;1;1;A01
201000053904;0;7;0;0;2;4;1;B01
201000053904;0;7;0;0;0;4;1;C01
201000053905;0;7;0;0;0;8;15;B01
201000053905;0;30;0;0;2;9;17;A01
201000053906;0;7;0;0;2;8;5;B01
201000053906;0;7;0;0;2;1;1;A01
201000053907;0;30;0;0;2;1;1;A01
201000053907;0;10;0;0;2;8;0;B01
201000053908;0;7;0;0;2;6;11;A01
201000053908;0;33;0;0;2;1;1;B01
201000053909;0;7;0;0;2;2;12;A01
201000053909;0;34;0;0;0;4;1;B01
201000053910;0;7;0;0;1;2;1;A01
201000053911;0;7;0;0;2;1;1;A01
201000053912;0;7;0;0;2;4;1;B01
201000053912;0;7;0;0;2;1;1;A01
201000053913;0;33;0;0;2;1;1;B01
201000053913;0;7;0;0;2;2;1;A01
201000053914;0;7;0;0;2;2;1;B01
201000053914;0;3;0;0;2;1;15;A01
201000053915;0;7;0;0;2;1;1;A01
201000053915;0;7;0;0;2;8;1;B01
201000053916;0;7;0;0;1;1;1;A01
201000053917;0;13;0;0;2;1;1;A01
201000053917;0;10;0;0;2;4;23;C01
201000053917;0;7;0;0;2;4;23;B01
201000053918;0;7;0;0;2;4;2;C01
201000053918;0;7;0;0;2;1;2;A01
201000053918;0;7;0;0;2;4;2;B01
201000053918;0;7;0;0;2;4;23;D01
201000053919;0;7;0;0;2;1;1;B01
201000053919;0;7;0;0;2;3;1;A01
201000053920;0;7;0;0;2;7;15;A01
201000053920;0;7;0;0;2;1;1;B01
201000053921;0;7;0;1;0;1;21;A01
201000053922;0;36;0;16;0;1;1;A01
201000053923;0;7;0;0;1;1;1;A01
201000053924;0;7;0;5;0;1;1;A01
201000053925;0;7;0;0;9;3;15;A01
201000053925;0;1;0;0;2;1;19;B01
201000053926;1;7;0;0;1;2;1;Z01
201000053927;0;32;0;0;1;1;1;A01
201000053928;0;30;0;1;0;5;21;B01
201000053929;0;7;0;0;2;3;22;A01
201000053929;0;1;0;1;0;2;1;B01
201000053930;0;7;0;0;2;1;1;B01
201000053930;0;7;0;0;2;7;1;A01
201000053931;0;7;0;0;1;3;1;A01
201000053932;0;1;0;1;0;1;1;B01
201000053932;0;7;0;0;2;3;22;A01
201000053933;0;10;0;0;1;1;15;A01
201000053934;0;7;0;15;2;2;1;A01
201000053934;0;31;0;0;2;1;1;B01
201000053935;1;7;0;1;2;0;4;Z01
201000053935;0;30;0;0;2;1;1;B01
201000053936;0;2;0;0;2;1;17;B01
201000053936;0;7;0;0;2;3;15;A01
201000053937;0;7;0;0;2;5;1;A01
201000053937;0;32;0;0;2;1;1;B01
201000053938;0;7;0;0;2;3;15;A01
201000053938;0;31;0;0;2;1;1;B01
201000053939;0;33;0;0;2;3;1;B01
201000053939;0;7;0;0;2;3;20;A01
201000053940;0;7;0;0;2;4;23;C01
201000053940;0;7;0;0;2;1;10;A01
201000053940;0;34;0;0;2;4;17;B01
201000053941;0;7;0;0;1;2;4;A01
201000053942;0;33;0;0;2;2;3;A01
201000053942;0;10;0;0;2;2;9;B01
201000053943;0;1;0;0;1;1;1;A01
201000053944;0;7;0;0;2;8;1;A01
201000053944;0;7;0;0;2;1;1;B01
201000053945;0;32;0;0;2;8;21;A01
201000053946;0;30;0;0;2;7;17;B01
201000053946;0;7;0;0;2;3;15;A01
201000053947;0;7;0;0;2;1;15;A01
201000053947;0;30;0;0;2;1;1;B01
201000053948;0;7;0;0;2;1;1;B01
201000053948;0;7;0;0;2;1;15;A01
201000053949;0;14;0;0;2;6;1;A01
201000053949;0;30;0;0;2;7;23;B01
201000053950;0;7;0;0;2;3;1;A01
201000053950;0;7;0;0;2;1;1;B01
201000053951;0;7;0;1;0;3;2;A01
201000053952;0;10;0;0;2;6;17;A01
201000053952;0;2;0;0;2;7;1;B01
201000053953;0;7;0;0;2;7;9;A01
201000053953;0;2;0;0;2;1;1;B01
201000053954;0;32;0;0;2;7;1;A01
201000053954;0;7;0;0;2;3;15;C01
201000053954;0;7;0;0;2;1;1;B01
201000053955;0;33;0;0;2;7;17;B01
201000053955;0;7;0;0;2;8;13;A01
201000053956;0;14;0;0;2;2;1;A01
201000053956;0;7;0;0;2;8;11;B01
201000053957;0;30;0;0;2;1;1;A01
201000053957;0;7;0;0;2;3;15;B01
201000053958;0;7;0;0;1;1;1;A01
201000053959;0;7;0;0;1;3;15;A01
201000053960;0;2;0;0;0;7;21;B01
201000053960;0;7;0;0;0;0;15;A01
201000053961;0;1;0;0;2;7;15;A01
201000053961;0;7;0;0;2;1;1;B01
201000053962;0;7;0;0;1;3;1;A01
201000053963;0;7;0;0;1;1;1;A01
201000053964;0;7;0;0;0;4;23;B01
201000053964;0;1;0;0;2;1;1;A01
201000053965;0;31;0;0;2;1;1;B01
201000053965;0;10;0;0;2;5;9;A01
201000053966;0;32;0;1;0;1;18;A01
201000053967;0;7;0;0;2;1;2;A01
201000053967;0;2;0;0;2;4;1;B01
201000053968;0;32;0;0;2;2;1;B01
201000053968;0;7;0;0;2;6;1;A01
201000053969;0;7;0;0;2;1;2;A01
201000053969;0;7;0;0;0;4;1;B01
201000053970;0;34;0;1;0;8;1;A01
201000053971;1;7;0;0;1;1;15;Z01
201000053972;0;7;0;0;2;1;1;A01
201000053972;0;7;0;0;2;8;1;B01
201000053973;0;30;0;0;0;7;1;A01
201000053974;0;2;0;0;1;1;1;A01
201000053975;0;10;0;0;1;5;4;A01
201000053976;0;30;0;0;2;1;1;A01
201000053976;0;7;0;0;2;6;1;B01
201000053977;0;7;0;0;2;2;15;A01
201000053977;0;30;0;0;2;1;1;B01
201000053978;0;7;0;0;2;1;1;A01
201000053978;0;2;0;0;2;4;11;B01
201000053979;0;7;0;0;2;5;1;A01
201000053979;0;2;0;0;2;4;1;B01
201000053980;0;2;0;11;0;7;1;A01
201000053981;0;7;0;0;1;5;4;A01
201000053982;0;7;0;1;0;2;1;A01
201000053983;0;7;0;9;0;7;1;A01
201000053984;0;1;0;0;2;8;1;B01
201000053984;0;30;0;0;2;1;1;A01
201000053985;0;2;0;16;0;7;1;A01
201000053986;0;7;0;0;1;1;15;A01
201000053987;0;7;0;0;2;3;15;A01
201000053987;0;32;0;0;2;8;1;B01
201000053988;0;2;0;0;2;1;2;A01
201000053988;0;33;0;0;2;5;23;B01
201000053989;0;7;0;0;1;6;4;A01
201000053990;0;14;0;0;1;1;15;A01
201000053991;0;7;0;0;2;2;1;A01
201000053991;0;7;0;0;2;3;1;B01
201000053992;0;7;0;0;1;6;15;A01
201000053993;0;7;0;0;2;6;15;A01
201000053993;0;2;0;0;2;6;17;B01
201000053994;0;7;0;0;2;5;15;A01
201000053994;0;32;0;0;2;1;1;B01
201000053995;0;7;0;0;1;1;1;A01
201000053996;0;30;0;0;2;3;1;B01
201000053996;0;7;0;0;2;5;14;A01
201000053997;0;7;0;0;2;1;1;A01
201000053997;0;7;0;0;2;2;15;B01
201000053998;0;33;0;0;1;2;1;A01
201000053999;0;7;0;0;2;6;10;A01
201000053999;0;33;0;0;2;2;2;B01
201000054000;0;7;0;0;0;3;16;A01
201000054000;0;30;0;0;2;1;1;B01
201000054001;0;32;0;16;0;7;21;A01
201000054001;0;7;0;0;0;0;1;B01
201000054002;0;7;0;0;1;3;1;A01
201000054003;0;1;0;0;1;1;1;A01
201000054004;0;7;0;0;2;2;1;C01
201000054004;0;10;0;0;2;3;9;A01
201000054004;0;7;0;0;2;4;1;B01
201000054005;1;7;0;0;2;0;17;A01
201000054005;0;1;0;0;2;7;1;B01
201000054006;1;33;0;0;1;7;1;Z01
201000054007;0;10;0;0;2;4;23;B01
201000054007;0;7;0;0;2;4;23;C01
201000054007;0;7;0;0;2;1;2;A01
201000054008;0;30;0;0;0;8;1;A01
201000054009;0;7;0;0;2;5;23;B01
201000054009;0;2;0;0;2;1;2;A01
201000054010;0;31;0;0;2;7;1;B01
201000054010;0;7;0;0;2;8;1;A01
201000054011;0;33;0;0;2;1;2;B01
201000054011;0;7;0;0;2;5;1;A01
201000054012;0;31;0;1;2;1;2;A01
201000054012;0;7;0;0;2;2;14;B01
201000054013;0;7;0;0;1;4;4;A01
201000054014;0;2;0;0;1;1;1;A01
201000054015;0;10;0;0;1;1;15;A01
201000054016;0;7;0;0;2;5;1;B01
201000054016;0;2;0;0;2;3;2;A01
201000054017;0;14;0;0;1;5;4;A01
201000054018;0;30;0;0;1;3;1;A01
201000054019;0;7;0;9;0;1;1;A01
201000054020;0;7;0;0;1;1;1;A01
201000054021;0;7;0;0;1;4;4;A01
201000054022;1;30;0;0;1;1;1;Z01
201000054023;0;7;0;0;1;2;15;A01
201000054024;0;10;0;0;1;1;1;A01
201000054025;0;7;0;0;2;1;1;A01
201000054025;0;33;0;0;2;8;1;B01
201000054026;0;7;0;0;2;1;2;A01
201000054026;0;7;0;0;2;6;23;B01
201000054027;0;7;0;0;1;2;1;A01
201000054028;0;7;0;1;0;2;1;A01
201000054029;0;7;0;0;2;8;1;A01
201000054029;0;7;0;0;0;7;15;B01
201000054030;0;7;0;0;1;1;1;A01
201000054031;0;7;0;6;0;9;1;A01