num_acc;senc;catv;occutc;obs;obsm;choc;manv;num_veh
201000054420;0;7;0;0;2;1;2;C01
201000054420;0;7;0;0;2;1;2;A01
201000054421;0;7;0;0;1;3;1;A01
201000054422;0;7;0;0;2;1;1;A01
201000054422;0;1;0;0;0;0;0;B01
201000054423;0;33;0;0;2;8;18;B01
201000054423;0;7;0;0;2;7;16;A01
201000054424;0;7;0;0;2;1;2;A01
201000054424;0;7;0;0;2;4;2;B01
201000054425;0;7;0;0;1;3;15;A01
201000054426;0;7;0;0;2;5;0;B01
201000054426;0;7;0;0;2;3;0;A01
201000054427;0;7;0;0;0;1;1;A01
201000054427;0;1;0;0;2;1;1;B01
201000054428;0;2;0;0;2;1;1;B01
201000054428;0;99;0;0;2;1;9;A01
201000054429;0;33;0;0;2;0;0;A01
201000054429;0;7;0;0;2;1;2;B01
201000054430;0;7;0;0;1;1;2;A01
201000054431;0;1;0;0;2;3;2;A01
201000054431;0;7;0;0;9;5;16;B01
201000054432;0;33;0;16;2;1;1;A01
201000054432;1;7;0;0;2;7;15;Z01
201000054433;0;14;0;0;2;8;15;A01
201000054433;0;30;0;0;2;1;17;B01
201000054434;1;7;0;;;;;Z01
201000054434;0;7;0;0;2;1;1;A01
201000054435;0;33;0;14;0;5;17;A01
201000054436;0;33;0;0;2;7;11;A01
201000054436;0;7;0;0;2;7;24;C01
201000054436;0;7;0;0;2;3;11;B01
201000054437;0;7;0;0;1;1;1;A01
201000054438;0;7;0;0;1;1;1;A01
201000054439;0;7;0;0;2;6;2;B01
201000054439;0;7;0;0;2;2;2;A01
201000054439;0;7;0;0;0;4;2;C01
201000054440;0;7;0;0;2;1;16;A01
201000054440;0;38;1;0;2;0;1;B01
201000054441;0;7;0;0;0;6;10;A01
201000054441;0;7;0;0;0;2;1;B01
201000054442;0;7;0;0;1;1;1;A01
201000054443;0;7;0;0;1;1;1;A01
201000054444;0;7;0;0;1;3;1;A01
201000054445;0;1;0;0;2;1;1;B01
201000054445;0;7;0;0;9;3;15;A01
201000054446;0;7;0;0;2;1;15;A01
201000054446;0;7;0;0;2;1;1;B01
201000054447;0;7;0;0;1;3;1;A01
201000054448;0;7;0;0;1;1;1;A01
201000054449;1;7;0;0;1;7;14;Z01
201000054450;0;33;0;0;2;7;2;B01
201000054450;0;33;0;0;2;7;18;A01
201000054451;0;37;6;0;2;4;2;B01
201000054451;0;37;1;0;2;1;2;A01
201000054452;0;1;0;0;2;8;19;A01
201000054452;0;33;0;0;2;1;1;B01
201000054453;0;20;0;0;2;2;2;A01
201000054453;0;33;0;0;2;7;15;B01
201000054454;0;31;0;0;9;3;1;A01
201000054454;0;1;0;0;2;7;19;B01
201000054455;0;7;0;0;2;1;0;B01
201000054455;0;7;0;0;2;1;2;C01
201000054455;0;33;0;0;2;9;0;A01
201000054456;0;7;0;0;1;1;1;A01
201000054457;0;7;0;0;2;1;1;A01
201000054457;0;7;0;0;2;4;1;B02
201000054458;0;7;0;0;2;7;11;B02
201000054458;0;33;0;0;2;8;1;A01
201000054459;0;7;0;0;2;3;15;A01
201000054459;0;32;0;0;2;3;1;B02
201000054460;0;1;0;0;2;1;1;A01
201000054460;0;1;0;0;2;7;2;B02
201000054461;0;31;0;0;1;1;18;B02
201000054461;0;14;0;0;0;0;24;A01
201000054462;0;7;0;;2;1;12;A01
201000054462;0;33;0;;2;9;1;B02
201000054463;0;7;0;0;1;1;1;A01
201000054464;0;2;0;0;2;1;1;A01
201000054464;0;7;0;0;2;4;23;B02
201000054465;0;7;0;0;1;1;1;A01
201000054466;0;7;0;0;1;1;16;A01
201000054467;0;7;0;;2;9;1;C01
201000054467;0;7;0;;2;9;1;B01
201000054467;1;7;0;;2;1;1;A01
201000054467;0;7;0;;2;4;1;D01
201000054468;0;3;0;0;1;2;16;A01
201000054469;0;7;0;0;1;2;1;A01
201000054470;0;30;0;0;2;7;17;B02
201000054470;0;7;0;;2;3;15;A01
201000054471;0;33;0;;2;8;1;B02
201000054471;0;7;0;;2;2;15;A01
201000054472;0;7;0;;2;7;1;A01
201000054472;0;34;0;;2;1;1;B01
201000054473;0;32;0;0;2;1;17;A01
201000054473;0;7;0;0;2;1;15;B01
201000054474;0;7;0;0;2;1;1;B01
201000054474;0;2;0;0;2;7;1;A01
201000054475;0;33;0;11;;1;17;A01
201000054476;0;33;0;0;2;1;1;A01
201000054476;0;7;0;0;2;8;15;B01
201000054477;0;1;0;0;2;1;1;B01
201000054477;0;7;0;0;2;1;9;A01
201000054478;0;3;0;0;2;3;15;A01
201000054478;0;33;0;0;2;1;1;B01
201000054479;0;7;0;0;2;1;15;A01
201000054479;0;32;0;0;2;7;1;B01
201000054480;0;7;0;0;1;1;1;A01
201000054481;0;32;0;0;1;3;1;A01
201000054482;0;10;0;0;2;3;10;A01
201000054482;0;34;0;0;2;1;17;B02
201000054483;0;7;0;0;1;3;1;A01
201000054484;0;7;0;0;1;8;1;A01
201000054485;0;7;0;0;2;2;1;B01
201000054485;0;7;0;6;2;1;17;A01
201000054486;0;34;0;12;0;9;2;A01
201000054487;0;7;0;0;2;8;1;B01
201000054487;0;7;0;0;2;2;10;A01
201000054488;0;33;0;0;2;1;1;B01
201000054488;0;7;0;0;2;2;10;A01
201000054489;0;7;0;0;1;2;1;A01
201000054490;0;7;0;2;0;2;1;A01
201000054491;0;7;0;0;2;1;1;B01
201000054491;0;33;0;15;2;1;1;A01
201000054492;0;7;0;0;1;2;1;A01
201000054493;0;32;0;0;2;1;1;B01
201000054493;0;7;0;0;2;5;15;A01
201000054494;0;30;0;0;2;8;1;A01
201000054494;0;7;0;0;2;1;1;B01
201000054495;0;7;0;0;1;6;4;A01
201000054496;0;7;0;0;2;3;16;A01
201000054496;0;38;1;0;2;1;1;B01
201000054497;0;7;0;0;2;8;1;B02
201000054497;0;7;0;0;2;2;10;A01
201000054498;0;3;0;0;2;4;10;A01
201000054498;1;7;0;0;2;1;1;Z01
201000054499;0;7;0;0;1;7;1;A01
201000054500;0;7;0;0;2;4;1;A01
201000054500;0;2;0;0;2;1;1;B01
201000054501;0;7;0;0;1;1;1;A01
201000054502;0;37;0;0;2;8;1;B01
201000054502;0;33;0;16;0;7;1;A01
201000054503;0;30;0;0;2;1;1;B01
201000054503;0;7;0;0;2;2;16;A01
201000054504;0;7;0;0;9;0;1;B01
201000054504;0;1;0;0;2;4;19;A01
201000054505;0;2;0;1;0;1;1;A01
201000054506;0;7;0;0;2;7;1;B01
201000054506;0;7;0;0;2;1;1;A01
201000054507;0;30;0;0;2;1;1;A01
201000054507;0;7;0;0;0;4;0;B01
201000054508;0;7;0;0;2;1;1;A01
201000054508;0;7;0;0;2;3;1;B01
201000054509;1;7;0;0;1;7;1;Z01
201000054510;0;7;0;0;1;7;1;A01
201000054511;0;32;0;0;1;1;1;A01
201000054512;0;7;0;0;2;1;16;B01
201000054512;0;7;0;0;2;1;13;A01
201000054513;0;7;0;0;2;6;15;A01
201000054513;0;33;0;0;2;1;1;B01
201000054514;0;30;0;0;2;4;1;A01
201000054514;0;7;0;0;2;4;1;B01
201000054515;0;30;0;0;2;4;1;B01
201000054515;0;7;0;0;2;4;1;A01
201000054516;0;7;0;0;2;2;23;B01
201000054516;0;30;0;0;2;1;1;A01
201000054517;0;7;0;0;1;1;1;A01
201000054518;0;7;0;0;2;1;16;A01
201000054518;0;7;0;0;2;1;23;B01
201000054518;0;7;0;0;2;1;23;C01
201000054519;1;7;0;0;2;4;1;Z01
201000054519;0;1;0;0;2;0;1;B01
201000054520;0;1;0;0;2;1;1;B01
201000054520;0;7;0;0;2;8;1;A01
201000054521;0;7;0;0;2;4;1;B01
201000054521;0;7;0;0;2;1;1;A01
201000054522;0;7;0;0;1;3;1;A01
201000054523;1;33;0;12;0;1;13;Z01
201000054523;0;14;0;0;0;0;1;A01
201000054524;0;7;0;0;1;1;15;A01
201000054525;0;33;0;0;2;2;1;A01
201000054525;0;1;0;0;2;1;16;B01
201000054526;0;30;0;0;2;7;1;A01
201000054526;0;10;0;0;2;3;15;B01
201000054527;0;33;0;0;2;1;1;B01
201000054527;0;7;0;0;2;1;15;A01
201000054528;0;7;0;0;2;8;15;A01
201000054528;0;33;0;0;2;1;1;B01
201000054529;0;7;0;0;2;7;13;A01
201000054529;0;1;0;0;2;8;0;B01
201000054530;0;7;0;0;2;3;9;A01
201000054530;0;32;0;0;2;1;1;B01
201000054531;0;1;0;0;2;1;1;B01
201000054531;0;7;0;0;2;5;4;A01
201000054532;0;7;0;0;2;8;15;B01
201000054532;0;32;0;0;2;7;1;A01
201000054533;0;7;0;0;1;1;16;A01
201000054534;0;7;0;0;2;1;16;A01
201000054534;0;1;0;0;2;7;1;B01
201000054535;0;7;0;0;2;3;15;A01
201000054535;0;7;0;0;2;3;1;B01
201000054536;0;7;0;0;1;1;1;A01
201000054537;0;7;0;0;2;8;0;B01
201000054537;0;7;0;0;2;1;0;A01
201000054538;0;7;0;0;2;9;1;A01
201000054538;0;7;0;0;2;6;1;B01
201000054539;0;31;0;0;2;3;1;B01
201000054539;0;33;0;0;2;9;1;A01
201000054540;0;33;0;8;0;8;1;A01
201000054541;0;1;0;0;2;7;1;B01
201000054541;0;7;0;0;2;8;22;A01
201000054542;0;7;0;0;2;1;1;A01
201000054542;0;7;0;0;2;4;1;B01
201000054543;0;7;0;0;2;6;1;B01
201000054543;0;7;0;0;2;2;1;A01
201000054544;0;7;0;0;2;1;2;A01
201000054544;0;7;0;0;2;4;2;B01
201000054545;0;7;0;0;2;1;2;A01
201000054545;0;30;0;0;2;4;2;B01
201000054546;0;1;0;0;2;8;13;B01
201000054546;0;7;0;0;2;6;1;A01
201000054547;0;30;0;0;2;2;17;B01
201000054547;0;7;0;0;2;8;15;A01
201000054548;0;7;0;0;2;3;1;A01
201000054548;0;7;0;0;2;3;1;B01
201000054549;0;1;0;0;2;1;15;B01
201000054549;0;7;0;0;2;1;9;A01
201000054550;0;7;0;0;2;1;1;A01
201000054550;0;1;0;0;2;1;1;B01
201000054551;0;33;0;14;9;1;1;A01
201000054552;0;7;0;0;2;2;23;A01
201000054552;0;7;0;0;2;3;1;B01
201000054553;0;7;0;0;2;6;17;B01
201000054553;0;30;0;0;2;8;15;A01
201000054554;0;32;0;0;1;1;9;A01
201000054555;0;7;0;0;2;8;9;A01
201000054555;0;1;0;0;2;0;15;B01
201000054556;0;7;0;0;1;0;0;A01
201000054557;0;1;0;12;0;1;19;A01
201000054558;0;7;0;0;2;3;15;A01
201000054558;0;7;0;;2;2;1;B01
201000054559;0;1;0;0;2;1;1;B01
201000054559;0;7;0;0;2;8;1;A01
201000054560;0;7;0;0;1;1;17;A01
201000054561;0;7;0;2;0;1;1;A01
201000054562;0;30;0;1;2;1;14;A01
201000054563;0;7;0;0;2;3;1;B01
201000054563;0;30;0;0;2;8;1;A01
201000054564;0;7;0;0;1;8;1;A01
201000054565;0;30;0;0;2;1;1;B01
201000054565;0;7;0;0;2;3;16;A01
201000054566;0;1;0;0;2;1;1;B01
201000054566;0;7;0;0;2;3;1;A01
201000054567;0;7;0;0;1;3;1;A01
201000054568;0;7;0;0;2;2;10;A01
201000054568;0;32;0;0;2;1;1;B01
201000054569;0;33;0;0;2;6;1;B01
201000054569;0;7;0;0;2;2;9;A01
201000054570;0;7;0;0;1;2;20;A01
201000054571;0;7;0;0;2;3;1;B01
201000054571;0;2;0;0;2;1;1;A01
201000054572;0;7;0;1;0;1;1;A01
201000054573;0;33;0;6;0;1;20;A01
201000054574;0;7;0;8;0;1;1;A01
201000054575;0;7;0;0;1;1;1;A01
201000054576;0;7;0;0;1;4;4;A01
201000054577;0;1;0;0;2;1;1;B01
201000054577;0;7;0;0;2;4;4;A01
201000054578;0;7;0;0;1;1;1;A01
201000054579;0;7;0;0;1;3;1;A01
201000054580;0;7;0;0;2;1;1;B01
201000054580;0;30;0;0;2;1;1;A01
201000054581;0;7;0;0;1;1;1;A01
201000054582;0;7;0;0;1;1;1;A01
201000054583;0;7;0;14;0;1;1;A01
201000054584;0;37;1;0;1;1;0;A01
201000054585;0;37;10;0;1;7;14;A01
201000054586;0;14;0;0;0;0;15;A01
201000054586;1;33;0;12;;;;Z02
201000054587;0;7;0;0;1;1;1;A01
201000054588;0;33;0;;2;1;1;B02
201000054588;0;32;0;;2;5;15;A01
201000054589;0;1;0;0;2;1;1;A01
201000054589;0;1;0;0;2;1;1;B01
201000054590;0;7;0;0;1;8;15;A01
201000054591;0;30;0;0;2;4;2;A01
201000054591;1;7;0;0;2;1;2;Z01
201000054592;0;30;0;0;2;3;1;B01
201000054592;0;7;0;0;2;2;1;A01
201000054593;0;7;0;0;2;1;1;B01
201000054593;0;7;0;0;2;1;1;A01
201000054594;0;7;0;0;2;2;12;A01
201000054594;0;34;0;0;2;8;1;B01
201000054595;1;7;0;0;1;1;1;Z01
201000054596;0;7;0;0;1;1;1;A01
201000054597;0;7;0;0;2;3;15;B01
201000054597;0;33;0;0;2;3;1;A01
201000054598;0;14;0;12;0;2;15;A01
201000054599;0;33;0;;2;2;1;B02
201000054599;0;7;0;;2;7;15;A01
201000054600;0;10;0;0;1;4;4;A01
201000054601;0;7;0;0;0;2;1;B01
201000054601;0;32;0;0;2;1;15;A01
201000054602;0;7;0;0;2;3;13;A01
201000054602;0;33;0;0;2;1;21;B02
201000054603;0;33;0;12;0;9;1;A01
201000054604;0;37;1;0;2;3;9;A01
201000054604;1;7;0;0;2;;;Z02
201000054605;0;10;0;0;2;1;2;A01
201000054605;0;99;0;0;2;8;15;B01
201000054606;0;7;0;0;2;2;12;A01
201000054606;0;33;0;0;2;1;1;B01
201000054607;0;7;0;0;1;1;2;A01
201000054608;0;7;0;0;2;7;1;A01
201000054609;0;10;0;0;1;4;4;A01
201000054610;0;7;0;0;2;7;0;B01
201000054610;0;7;0;0;2;1;0;A01
201000054611;0;7;0;0;0;0;0;A01
201000054611;0;7;0;0;0;1;1;B01
201000054612;0;7;0;0;2;4;1;B01
201000054612;0;7;0;0;0;1;1;A01
201000054613;0;7;0;0;2;4;1;B01
201000054613;0;7;0;0;2;1;1;A01
201000054614;0;7;0;0;1;1;1;A01
201000054615;0;7;0;0;1;1;1;A01
201000054616;0;7;0;0;2;9;1;B01
201000054616;0;7;0;0;2;1;1;A01
201000054616;0;7;0;0;2;4;1;C01
201000054617;0;7;0;0;1;1;1;A01
201000054618;0;7;0;1;0;0;1;A01
201000054619;0;7;0;0;2;1;1;A01
201000054619;0;7;0;0;2;9;23;B01
201000054619;0;7;0;0;2;4;23;C01
201000054620;0;7;0;0;2;4;1;B01
201000054620;0;7;0;0;2;1;1;A01
201000054621;0;7;0;16;0;9;1;A01
201000054622;0;7;0;0;2;8;24;A01
201000054622;0;30;0;0;2;7;21;B01
201000054623;0;7;0;0;2;6;1;A01
201000054623;0;7;0;0;2;1;1;B01
201000054624;0;7;0;0;2;1;0;A01
201000054624;0;7;0;0;2;3;16;B01
201000054625;0;32;0;0;2;3;21;B01
201000054625;0;7;0;0;2;3;15;A01
201000054626;0;7;0;6;0;1;1;A01
201000054627;0;7;0;0;1;2;0;A01
201000054628;0;7;0;0;2;1;0;B01
201000054628;0;7;0;0;2;5;0;A01
201000054629;0;7;0;0;2;3;0;A01
201000054629;0;7;0;0;2;6;0;B01
201000054630;0;7;0;6;0;1;0;A01
201000054631;0;30;0;0;0;0;0;A01
201000054632;0;7;0;;0;1;1;A01
201000054633;0;7;0;0;2;3;0;A01
201000054633;2;7;0;0;2;2;0;Z01
201000054633;0;7;0;0;2;2;0;B01
201000054634;0;7;0;0;2;3;0;B01
201000054634;0;31;0;0;2;1;0;A01
201000054635;0;7;0;0;2;1;2;A01
201000054635;0;33;0;0;2;4;0;B01
201000054636;0;7;0;0;2;1;0;B01
201000054636;0;30;0;0;2;2;0;A01
201000054637;0;7;0;0;2;1;0;B01
201000054637;0;7;0;0;2;7;1;A01
201000054638;0;7;0;0;2;2;1;A01
201000054638;0;7;0;0;2;8;1;B01
201000054639;0;32;0;0;2;9;1;B01
201000054639;0;7;0;0;2;1;1;A01
201000054640;0;7;0;0;2;1;2;B01
201000054640;0;7;0;0;2;7;1;A01
201000054641;0;7;0;0;1;7;1;A01
201000054642;0;7;0;0;1;2;1;A01
201000054643;0;33;0;0;2;1;1;B01
201000054643;0;7;0;0;2;1;1;A01
201000054644;0;13;0;0;1;8;1;A01
201000054645;0;7;0;0;1;7;0;A01
201000054646;0;2;0;0;2;1;0;B01
201000054646;0;7;0;0;2;3;0;A01
201000054647;0;37;0;0;2;1;1;B01
201000054647;0;7;0;0;2;1;13;A01
201000054648;0;2;0;0;0;7;0;B01
201000054648;0;7;0;0;2;8;9;A01
201000054649;0;7;0;0;0;7;15;A01
201000054649;0;7;0;0;2;2;1;B01
201000054650;0;7;0;0;2;8;4;A01
201000054650;0;30;0;0;2;1;0;B01
201000054651;0;7;0;0;2;2;19;A01
201000054651;0;32;0;0;0;1;0;B01
201000054652;0;7;0;0;0;0;1;B01
201000054652;0;30;0;0;0;0;1;A01
201000054653;0;33;0;0;2;1;1;B01
201000054653;0;7;0;0;2;3;10;A01
201000054654;0;7;0;0;1;7;0;A01
201000054655;0;30;0;0;2;3;1;B01
201000054655;0;7;0;0;2;2;15;A01
201000054656;0;7;0;8;0;1;6;A01
201000054657;0;33;0;0;2;1;17;A01
201000054657;0;7;0;0;0;3;15;B01
201000054658;0;7;0;0;2;1;1;B01
201000054658;0;7;0;0;2;2;0;A01
201000054659;0;7;0;8;0;2;0;A01
201000054660;0;33;0;0;2;1;0;B01
201000054660;0;7;0;0;2;2;10;A01
201000054661;0;10;0;0;2;2;15;A01
201000054661;0;33;0;0;2;3;1;B01
201000054662;0;7;0;0;2;4;2;C01
201000054662;0;7;0;0;2;1;2;A01
201000054662;0;7;0;0;2;4;2;B01
201000054663;0;31;0;0;2;1;0;B01
201000054663;0;7;0;0;2;1;0;A01
201000054664;0;1;0;0;2;0;0;B01
201000054664;0;30;0;0;2;1;0;A01
201000054665;0;7;0;0;2;1;0;A01
201000054665;0;7;0;0;2;1;0;B01
201000054666;0;7;0;0;2;4;0;B01
201000054666;2;7;0;0;2;1;0;A01
201000054667;0;30;0;0;2;1;0;A01
201000054667;0;7;0;0;2;4;0;B01
201000054668;0;7;0;1;0;2;1;A01
201000054669;0;7;0;0;1;0;1;A01
201000054670;0;7;0;0;2;4;0;B01
201000054670;0;7;0;0;2;4;2;A01
201000054671;0;34;0;0;2;7;0;A01
201000054671;0;7;0;0;2;3;15;B01
201000054672;0;37;30;0;2;3;9;A01
201000054672;0;7;0;0;2;2;2;B01
201000054673;0;7;0;0;1;1;15;A01
201000054674;0;7;0;1;0;1;1;A01
201000054675;0;33;0;12;0;1;15;A01
201000054676;0;7;0;0;2;4;0;B01
201000054676;0;2;0;0;2;1;0;A01
201000054677;0;7;0;0;1;1;16;A01
201000054678;0;7;0;15;0;0;1;A01
201000054679;0;2;0;0;2;2;0;A01
201000054679;0;10;0;0;2;3;1;B01
201000054680;0;7;0;0;2;1;1;B01
201000054680;0;1;0;0;2;1;5;A01
201000054681;0;7;0;0;1;1;1;A01
201000054682;0;7;0;0;2;5;1;A01
201000054682;0;7;0;0;2;3;15;B01
201000054683;0;7;0;0;2;1;2;A01
201000054683;0;7;0;0;2;4;2;B01
201000054684;0;7;0;1;0;2;0;B01
201000054684;0;7;0;1;0;2;0;A01
201000054684;0;7;0;1;0;2;0;C01
201000054685;0;1;0;0;2;7;0;B01
201000054685;0;7;0;0;2;3;0;A01
201000054686;0;7;0;1;1;2;1;A01
201000054687;0;7;0;0;1;1;0;A01
201000054688;0;7;0;0;2;0;0;A01
201000054688;0;7;0;0;2;1;0;B01
201000054688;0;7;0;0;2;0;0;C01
201000054689;0;7;0;0;1;3;1;A01
201000054690;0;7;0;0;1;1;1;A01
201000054691;0;7;0;0;2;3;15;A01
201000054691;0;1;0;0;2;2;17;B01
201000054692;0;7;0;0;2;3;10;A01
201000054692;0;33;0;0;2;7;1;B01
201000054693;0;7;0;0;2;2;2;A01
201000054693;0;33;0;0;2;4;2;B01
201000054694;0;7;0;0;1;3;1;A01
201000054695;0;7;0;0;0;4;23;C01
201000054695;0;7;0;0;2;1;2;A01
201000054695;0;7;0;0;0;4;23;B01
201000054696;1;7;0;0;1;0;0;Z01
201000054697;0;7;0;0;2;2;2;A01
201000054697;0;7;0;0;2;4;1;B01
201000054698;0;7;0;0;1;2;1;A01
201000054699;0;7;0;0;1;3;1;A01
201000054699;0;1;0;0;2;1;15;B02
201000054700;0;7;0;0;1;2;17;A01
201000054701;0;7;0;0;1;2;1;A01
201000054702;0;33;0;2;0;9;1;A01
201000054703;0;2;0;0;0;1;1;A01
201000054704;0;7;0;0;1;2;15;A01
201000054705;0;7;0;0;2;3;1;B01
201000054705;0;31;0;8;2;4;12;A01
201000054706;0;31;0;0;2;7;16;A01
201000054706;0;14;0;0;2;3;1;B01
201000054707;0;1;0;0;2;1;5;B02
201000054707;0;7;0;0;1;2;1;A01
201000054708;0;7;0;0;2;1;19;A01
201000054708;0;7;0;0;2;8;1;B01
201000054709;0;7;0;0;2;6;15;A01
201000054709;0;1;0;0;2;1;17;B01
201000054710;0;7;0;11;2;8;2;B01
201000054710;0;33;0;0;2;1;12;A01
201000054711;0;7;0;0;2;6;10;A01
201000054711;0;33;0;0;2;1;17;B01
201000054712;0;7;0;0;1;3;15;A01
201000054713;0;7;0;0;1;3;1;A01
201000054714;0;10;0;0;2;7;15;A01
201000054714;0;33;0;0;2;6;1;B01
201000054715;0;30;0;0;0;7;21;A01
201000054716;0;7;0;0;1;3;1;A01
201000054717;0;7;0;0;2;3;1;A01
201000054717;0;33;0;0;2;1;1;B01
201000054718;0;7;0;0;2;6;15;A01
201000054718;0;33;0;0;2;1;1;B01
201000054719;0;7;0;0;0;4;2;C01
201000054719;0;7;0;0;2;1;2;A01
201000054719;0;7;0;0;2;4;2;B01
201000054720;0;7;0;0;1;1;2;A01
201000054721;0;7;0;0;1;1;0;A01
201000054721;0;10;0;0;0;4;0;B01
201000054721;0;7;0;0;0;1;0;C01
201000054722;0;7;0;3;2;3;0;B01
201000054722;0;7;0;3;2;1;5;A01
201000054723;0;33;0;0;2;8;23;B01
201000054723;0;17;0;14;0;8;16;A01
201000054724;1;7;0;0;0;0;17;Z01
201000054724;0;7;0;0;2;1;1;B01
201000054724;0;7;0;7;2;2;21;A01
201000054725;0;99;0;0;0;6;0;A01
201000054725;0;33;0;14;0;1;1;B01
201000054726;0;7;0;0;1;6;4;A01
201000054727;0;7;0;3;0;4;2;B01
201000054727;0;7;0;0;2;1;2;A01
201000054728;0;7;0;1;0;4;24;B01
201000054728;0;13;0;3;0;4;0;A01
201000054729;0;10;0;0;2;1;2;A01
201000054729;0;7;0;0;0;6;2;B01
201000054730;0;14;0;0;0;1;0;A01
201000054730;0;7;0;0;0;4;0;B01
201000054731;0;33;0;0;2;1;0;B01
201000054731;0;7;0;0;0;2;19;A01
201000054732;0;7;0;0;1;1;1;A01
201000054733;0;7;0;0;1;1;15;A01
201000054734;0;7;0;0;2;3;15;B01
201000054734;0;7;0;0;2;1;1;A01
201000054735;0;7;0;0;1;2;15;A01
201000054736;0;7;0;0;2;4;1;B01
201000054736;0;7;0;0;2;1;1;A01
201000054737;0;7;0;0;2;4;1;A01
201000054737;1;13;0;0;2;1;1;Z01
201000054738;0;7;0;0;2;4;1;C01
201000054738;0;7;0;0;2;4;1;B01
201000054738;0;7;0;0;2;1;1;A01
201000054739;1;15;0;0;1;7;1;A01
201000054740;0;7;0;0;0;9;0;C01
201000054740;0;7;0;0;2;3;0;A01
201000054740;0;7;0;0;2;3;0;B01
201000054741;0;7;0;0;1;4;4;A01
201000054742;0;7;0;2;0;7;1;A01
201000054743;0;7;0;0;1;3;1;A01
201000054744;0;33;0;0;2;1;2;A01
201000054744;0;7;0;0;2;4;2;B01
201000054745;0;7;0;0;1;3;1;A01
201000054746;0;7;0;0;2;7;1;B01
201000054746;0;7;0;0;2;3;1;A01
201000054747;0;7;0;0;2;8;2;B01
201000054747;0;7;0;0;2;3;2;A01
201000054748;0;10;0;0;1;2;16;A01
201000054749;0;7;0;0;2;4;1;B01
201000054749;0;7;0;0;2;2;1;A01
201000054749;0;7;0;0;9;6;1;C01
201000054750;0;30;0;0;2;7;1;A01
201000054750;0;7;0;0;2;1;9;B01
201000054751;0;7;0;0;1;2;16;A01
201000054752;0;7;0;0;1;1;1;A01
201000054753;0;37;1;0;1;0;1;A01
201000054754;0;7;0;0;1;3;1;A01
201000054755;0;7;0;0;2;2;16;B01
201000054755;0;7;0;0;2;2;9;A01
201000054756;0;7;0;0;1;6;4;A01
201000054757;0;7;0;0;2;3;15;A01
201000054757;0;7;0;0;2;8;1;B01
201000054758;0;7;0;0;2;1;1;A01
201000054758;0;7;0;0;2;2;15;B01
201000054759;2;33;0;6;1;1;1;A01
201000054760;0;10;0;0;2;7;16;A01
201000054760;0;33;0;0;2;8;1;B01
201000054761;0;7;0;0;2;4;1;B01
201000054761;2;32;0;0;2;1;1;A01
201000054762;0;10;0;0;2;2;2;A01
201000054762;0;30;0;0;2;7;1;B01
201000054763;0;7;0;0;1;1;1;A01
201000054764;0;30;0;0;2;1;16;A01
201000054764;1;7;0;0;2;0;17;Z01
201000054765;0;10;0;0;2;1;13;A01
201000054765;0;7;0;0;2;1;1;B01
201000054766;0;37;1;0;1;0;1;A01
201000054767;0;7;0;0;2;1;1;B01
201000054767;0;10;0;0;2;8;1;A01
201000054768;0;7;0;0;1;1;1;A01
201000054769;0;7;0;0;1;1;15;A01
201000054770;1;10;0;0;2;0;18;A01
201000054770;0;7;0;0;2;1;1;C01
201000054770;0;7;0;0;2;1;13;B01
201000054771;0;33;0;0;2;1;1;B01
201000054771;0;7;0;0;2;3;15;A01
201000054772;0;7;0;0;1;2;15;A01
201000054773;0;7;0;0;1;7;1;A01
201000054774;0;7;0;0;2;1;0;A01
201000054774;0;1;0;0;2;7;1;B01
201000054775;0;7;0;0;0;4;1;B01
201000054775;0;33;0;0;2;1;1;A01
201000054776;0;10;0;0;2;5;1;B01
201000054776;0;30;0;0;2;1;1;A01
201000054777;0;13;0;0;2;1;13;A01
201000054777;0;14;0;0;2;1;1;B01
201000054778;0;7;0;0;2;4;1;B01
201000054778;0;7;0;0;2;1;1;A01
201000054779;0;7;0;0;1;1;1;A01
201000054780;0;7;0;0;1;1;1;A01
201000054781;0;7;0;0;0;4;1;B01
201000054781;0;7;0;0;2;1;1;A01
201000054782;0;7;0;0;0;1;1;A01
201000054783;0;7;0;8;0;1;1;A01
201000054784;0;7;0;9;0;9;1;A01
201000054785;0;1;0;0;2;1;1;B01
201000054785;0;7;0;0;2;1;15;A01
201000054786;0;7;0;0;2;1;1;A01
201000054786;0;7;0;0;2;4;1;B01
201000054787;0;7;0;0;2;4;1;C01
201000054787;0;7;0;0;2;4;1;D01
201000054787;0;7;0;0;2;1;1;A01
201000054787;0;7;0;0;2;4;1;B01
201000054788;0;7;0;0;1;1;17;A01
201000054789;0;7;0;6;0;1;1;A01
201000054790;0;2;0;0;1;1;1;A01
201000054791;0;7;0;0;2;4;23;B01
201000054791;0;7;0;0;2;1;1;A01
201000054792;0;7;0;0;2;4;1;B01
201000054792;0;7;0;0;2;4;23;C01
201000054792;0;7;0;0;2;1;0;A01
201000054793;0;7;0;0;1;1;15;A01
201000054794;0;7;0;0;2;2;16;B01
201000054794;0;1;0;0;2;2;1;A01
201000054795;0;7;0;0;1;4;20;A01
201000054796;0;7;0;12;0;1;1;A01
201000054797;0;7;0;0;2;1;1;C01
201000054797;0;7;0;0;2;4;1;B01
201000054797;0;7;0;0;2;4;1;A01
201000054798;0;2;0;0;2;8;1;A01
201000054798;0;7;0;0;2;2;17;B01
201000054799;0;7;0;0;2;4;23;B01