num_acc;senc;catv;occutc;obs;obsm;choc;manv;num_veh
201000054799;0;10;0;0;2;1;1;A01
201000054800;0;7;0;0;2;1;15;A01
201000054800;0;7;0;0;2;1;1;B01
201000054801;0;33;0;0;2;1;1;B01
201000054801;0;7;0;0;2;7;15;A01
201000054802;0;7;0;0;2;1;1;A01
201000054802;0;7;0;0;2;2;1;B01
201000054803;0;7;0;9;0;1;1;A01
201000054804;0;30;0;0;2;1;1;B01
201000054804;0;7;0;0;2;1;16;A01
201000054805;0;7;0;0;1;1;1;A01
201000054806;0;7;0;0;2;1;16;A01
201000054806;0;33;0;0;2;1;1;B01
201000054807;0;10;0;0;1;1;15;A01
201000054808;0;1;0;0;2;1;19;B01
201000054808;0;7;0;0;2;1;1;A01
201000054809;1;7;0;0;0;0;0;Z01
201000054809;0;33;0;0;2;2;1;A01
201000054810;0;2;0;0;2;1;1;B01
201000054810;0;7;0;0;2;1;1;A01
201000054811;0;7;0;0;0;3;1;B01
201000054811;0;7;0;0;2;1;17;A01
201000054812;0;7;0;0;2;1;5;A01
201000054812;0;7;0;0;2;1;1;B01
201000054813;0;7;0;0;1;1;15;A01
201000054814;0;7;0;0;1;1;1;A01
201000054815;0;7;0;0;2;1;15;A01
201000054815;0;30;0;0;2;8;1;B01
201000054816;0;7;0;0;1;1;1;A01
201000054817;0;7;0;0;2;4;1;C01
201000054817;0;7;0;0;2;1;1;B01
201000054817;0;7;0;0;2;1;1;A01
201000054818;0;7;0;0;2;1;15;A01
201000054818;0;7;0;0;2;1;1;B01
201000054819;0;7;0;0;1;1;1;A01
201000054820;0;7;0;0;2;1;1;A01
201000054820;0;7;0;0;2;7;15;B01
201000054821;0;7;0;0;2;1;2;A01
201000054821;0;7;0;0;2;4;2;B01
201000054822;0;7;0;0;2;2;9;A01
201000054822;0;30;0;0;2;0;17;B01
201000054823;0;7;0;0;2;8;9;B01
201000054823;0;7;0;0;2;7;1;A01
201000054824;0;10;0;0;2;8;9;A01
201000054824;0;31;0;0;2;1;1;B01
201000054825;0;10;0;0;1;1;1;A01
201000054826;0;7;0;8;0;1;1;A01
201000054827;0;2;0;0;2;8;2;B01
201000054827;0;2;0;0;2;1;2;A01
201000054828;0;7;0;1;1;1;1;A01
201000054829;0;33;0;0;1;5;1;A01
201000054830;0;33;0;0;1;1;1;A01
201000054831;0;30;0;0;2;1;2;A01
201000054831;0;7;0;0;0;4;2;B01
201000054832;0;2;0;0;1;0;1;A01
201000054833;0;7;0;0;1;7;1;A01
201000054834;0;7;0;0;2;1;2;A01
201000054834;0;10;0;0;2;4;2;B01
201000054835;0;7;0;1;0;1;1;A01
201000054835;0;7;0;0;2;4;24;B01
201000054836;0;7;0;0;2;4;23;B01
201000054836;0;30;0;0;2;1;1;A01
201000054837;0;7;0;0;2;8;15;B01
201000054837;0;7;0;0;2;3;15;A01
201000054838;0;2;0;0;2;0;12;A01
201000054838;0;7;0;0;2;3;1;B01
201000054839;0;2;0;0;2;3;17;A01
201000054839;0;7;0;0;2;2;1;B01
201000054840;0;30;0;0;2;8;9;B01
201000054840;0;30;0;0;2;1;1;A01
201000054841;0;7;0;0;2;0;0;B01
201000054841;1;7;0;0;2;1;1;Z01
201000054842;0;7;0;0;1;0;15;A01
201000054843;0;7;0;0;1;0;0;A01
201000054844;0;31;0;0;2;3;17;A01
201000054844;0;7;0;0;2;6;9;B01
201000054845;0;2;0;0;2;0;18;B01
201000054845;0;7;0;0;2;7;15;A01
201000054846;0;7;0;0;2;4;2;B01
201000054846;0;7;0;0;2;1;2;A01
201000054847;0;7;0;0;2;6;23;B01
201000054847;0;7;0;0;2;1;2;A01
201000054848;0;7;0;0;2;2;1;B01
201000054848;0;10;0;0;2;1;1;A01
201000054849;0;10;0;0;2;7;9;A01
201000054849;0;7;0;0;2;3;1;B01
201000054850;0;7;0;0;2;1;1;A01
201000054850;0;33;0;0;2;4;2;B01
201000054851;0;7;0;0;2;8;9;A01
201000054851;0;31;0;0;2;1;1;B01
201000054852;0;30;0;0;2;2;17;A01
201000054852;0;7;0;0;2;3;15;B01
201000054853;0;33;0;0;2;1;2;B01
201000054853;0;7;0;0;2;3;1;A01
201000054854;0;31;0;0;2;1;2;A01
201000054854;0;7;0;0;2;6;2;B01
201000054855;0;33;0;0;2;2;1;B01
201000054855;0;7;0;0;2;1;15;A01
201000054856;0;7;0;0;2;6;24;B01
201000054856;0;7;0;1;0;1;0;A01
201000054857;0;2;0;0;2;3;3;A01
201000054857;0;10;0;0;2;3;21;B01
201000054858;0;7;0;0;2;3;15;A01
201000054858;0;30;0;0;2;2;17;B01
201000054859;0;7;0;0;2;4;1;B01
201000054859;0;7;0;0;2;1;1;A01
201000054860;0;7;0;0;2;1;15;B01
201000054860;0;7;0;0;2;2;1;A01
201000054861;0;31;0;0;2;0;2;B01
201000054861;0;7;0;0;2;3;1;A01
201000054862;0;33;0;0;1;7;17;A01
201000054863;0;7;0;0;2;1;1;B01
201000054863;0;7;0;0;2;1;1;A01
201000054864;0;7;0;0;2;2;2;B01
201000054864;0;7;0;0;2;3;9;A01
201000054865;0;7;0;0;2;2;16;B01
201000054865;0;33;0;0;2;3;7;A01
201000054866;0;30;0;0;1;2;17;A01
201000054867;0;7;0;8;0;1;0;A01
201000054868;0;7;0;0;1;2;1;A01
201000054869;0;7;0;9;1;1;0;A01
201000054870;0;7;0;0;2;2;2;B01
201000054870;0;32;0;0;2;2;3;A01
201000054870;0;7;0;0;2;3;1;C01
201000054871;0;7;0;0;2;3;1;B01
201000054871;0;7;0;0;2;1;13;A01
201000054872;0;7;0;0;2;2;1;B01
201000054872;0;7;0;0;2;3;9;A01
201000054873;0;7;0;0;1;0;1;A01
201000054874;0;7;0;0;1;3;1;A01
201000054875;0;7;0;8;0;1;1;A01
201000054876;0;7;0;0;2;2;1;A01
201000054876;0;7;0;0;2;6;1;B01
201000054877;0;7;0;0;2;5;9;A01
201000054877;0;31;0;0;2;8;1;B01
201000054878;0;7;0;0;1;2;1;A01
201000054879;0;2;0;0;2;3;13;A01
201000054879;0;7;0;0;2;3;1;B01
201000054880;0;2;0;0;2;1;1;A01
201000054880;0;7;0;0;2;6;23;B01
201000054881;0;7;0;0;2;4;2;B01
201000054881;1;7;0;0;2;0;2;Z01
201000054881;0;7;0;0;2;4;2;A01
201000054882;0;33;0;0;2;1;1;B01
201000054882;0;2;0;0;2;2;15;A01
201000054883;0;7;0;0;2;4;15;B01
201000054883;0;7;0;0;2;1;2;A01
201000054884;0;7;0;0;2;2;1;A01
201000054884;0;7;0;0;2;3;1;B01
201000054885;0;2;0;0;1;1;1;A01
201000054886;0;31;0;0;2;1;1;A01
201000054886;0;10;0;0;2;5;1;B01
201000054887;0;31;0;0;2;3;1;B01
201000054887;0;7;0;0;2;3;19;A01
201000054888;0;31;0;0;2;4;23;B01
201000054888;0;7;0;0;2;3;15;A01
201000054889;0;7;0;0;2;3;15;A01
201000054889;0;31;0;0;2;2;1;B01
201000054890;0;7;0;0;2;3;1;B01
201000054890;0;2;0;0;2;2;1;A01
201000054891;0;7;0;0;2;3;5;A01
201000054891;0;7;0;0;2;3;1;B01
201000054892;0;10;0;0;2;6;7;A01
201000054892;0;7;0;0;2;2;16;B01
201000054892;0;7;0;0;2;4;1;C01
201000054893;0;33;0;0;2;8;13;A01
201000054893;0;7;0;0;2;1;16;B01
201000054894;0;7;0;0;1;3;16;A01
201000054895;0;31;0;0;2;2;17;B01
201000054895;0;7;0;0;2;3;17;A01
201000054896;0;7;0;0;2;0;13;A01
201000054896;0;33;0;0;2;8;16;B01
201000054897;0;7;0;0;2;2;1;A01
201000054897;0;2;0;0;2;2;9;B01
201000054898;0;31;0;0;2;0;17;B01
201000054898;0;15;0;0;2;0;1;A01
201000054899;0;7;0;0;1;1;15;A01
201000054900;0;7;0;0;1;2;1;A01
201000054901;0;7;0;0;2;5;2;B01
201000054901;0;10;0;0;2;1;2;A01
201000054902;0;7;0;0;2;3;1;A01
201000054902;0;10;0;0;2;3;1;B01
201000054903;0;33;0;0;2;7;1;B01
201000054903;0;7;0;0;2;4;9;A01
201000054904;0;33;0;0;2;2;17;A01
201000054904;0;7;0;0;2;3;9;B01
201000054905;0;10;0;0;2;4;2;C01
201000054905;0;7;0;0;2;6;2;B01
201000054905;0;7;0;0;2;2;2;A01
201000054906;0;7;0;0;2;2;15;A01
201000054906;0;2;0;0;2;2;1;B01
201000054907;0;33;0;0;2;0;1;A01
201000054907;0;7;0;0;2;0;23;B01
201000054908;0;7;0;0;2;3;5;A01
201000054908;0;7;0;0;2;3;1;B01
201000054909;0;2;0;0;1;1;1;A01
201000054910;0;7;0;0;2;4;2;B01
201000054910;0;7;0;0;2;1;2;A01
201000054910;0;7;0;0;2;4;2;C01
201000054911;0;2;0;0;2;0;17;B01
201000054911;0;7;0;0;2;3;1;A01
201000054912;0;30;0;0;2;1;1;A01
201000054912;0;7;0;0;2;4;23;B01
201000054913;0;31;0;0;2;1;1;B01
201000054913;0;30;0;9;2;1;1;A01
201000054914;0;31;0;0;2;3;1;B01
201000054914;0;7;0;0;2;2;9;A01
201000054915;0;7;0;6;0;2;1;A01
201000054916;0;33;0;0;2;7;17;A01
201000054916;0;7;0;0;2;8;1;B01
201000054917;0;7;0;0;1;1;1;A01
201000054918;0;2;0;0;2;1;1;A01
201000054918;0;7;0;0;2;4;23;B01
201000054919;0;7;0;0;2;3;9;B01
201000054919;0;2;0;0;2;1;17;A01
201000054920;0;30;0;0;2;4;23;B01
201000054920;0;33;0;0;2;1;2;A01
201000054921;0;7;0;0;2;3;9;A01
201000054921;0;31;0;0;2;1;1;B01
201000054922;0;7;0;0;2;1;2;A01
201000054922;0;7;0;0;2;4;23;B01
201000054923;0;7;0;0;1;1;15;A01
201000054924;0;10;0;0;1;0;1;A01
201000054925;0;7;0;0;1;0;1;A01
201000054926;0;7;0;0;2;1;1;A01
201000054926;0;7;0;0;2;3;15;B01
201000054927;0;31;0;0;1;1;0;A01
201000054928;0;7;0;0;2;3;1;A01
201000054928;0;2;0;0;2;1;17;B01
201000054929;0;31;0;0;1;1;1;A01
201000054930;0;30;0;0;2;1;1;B01
201000054930;0;7;0;0;2;8;15;A01
201000054931;0;7;0;0;2;7;0;A01
201000054931;0;31;0;0;2;8;1;B01
201000054932;0;10;0;0;2;3;1;B01
201000054932;0;33;0;0;1;1;0;A01
201000054933;0;2;0;0;2;0;1;A01
201000054933;0;7;0;0;2;1;1;B01
201000054934;0;34;0;0;1;1;5;A01
201000054935;0;30;0;0;2;1;1;B01
201000054935;0;7;0;0;2;3;9;A01
201000054936;0;31;0;0;0;0;1;A01
201000054937;0;10;0;0;2;3;15;B01
201000054937;0;31;0;0;2;1;17;A01
201000054938;0;7;0;0;9;5;16;A01
201000054939;0;7;0;0;2;4;2;B01
201000054939;0;31;0;0;2;1;2;A01
201000054940;0;7;0;0;2;3;1;A01
201000054940;0;31;0;0;2;6;2;B01
201000054941;0;14;0;6;0;0;1;A01
201000054942;0;7;0;0;2;1;2;A01
201000054942;0;7;0;0;2;4;23;B01
201000054943;0;2;0;0;2;1;1;B01
201000054943;0;7;0;0;2;8;9;A01
201000054944;0;2;0;0;2;7;17;A01
201000054944;0;31;0;0;2;6;1;B01
201000054945;0;31;0;0;2;1;1;B01
201000054945;0;7;0;0;2;1;9;A01
201000054946;0;7;0;0;1;3;1;A01
201000054947;0;7;0;0;1;1;11;A01
201000054948;0;7;0;0;2;7;12;A01
201000054948;0;33;0;0;2;8;1;B01
201000054948;0;7;0;0;2;4;1;C01
201000054949;0;37;1;0;2;3;15;A01
201000054950;0;7;0;0;2;3;17;A01
201000054950;0;33;0;0;2;0;1;B01
201000054951;0;99;0;0;0;0;0;A01
201000054952;0;7;0;0;2;6;9;A01
201000054952;0;2;0;0;2;1;9;B01
201000054953;0;7;0;0;2;3;1;B01
201000054953;0;7;0;0;2;3;15;A01
201000054954;0;7;0;0;2;1;2;A01
201000054954;0;7;0;0;0;4;2;B01
201000054955;0;7;0;0;2;2;1;A01
201000054955;0;7;0;0;2;2;0;B01
201000054956;0;7;0;0;2;2;15;B01
201000054956;0;7;0;0;2;2;1;A01
201000054957;0;2;0;0;2;2;1;A01
201000054957;0;7;0;0;2;3;16;B01
201000054958;0;7;0;0;2;3;1;B01
201000054958;0;7;0;0;2;6;9;A01
201000054959;0;7;0;0;2;3;13;A01
201000054959;0;7;0;0;2;3;1;B01
201000054960;0;7;0;0;2;4;2;B01
201000054960;0;10;0;0;2;1;2;A01
201000054961;0;7;0;0;2;8;9;A01
201000054961;0;2;0;0;2;2;1;B01
201000054962;0;7;0;0;1;0;1;A01
201000054963;0;7;0;0;2;1;2;A01
201000054963;0;7;0;0;0;4;2;C01
201000054963;0;7;0;0;2;4;2;B01
201000054964;0;7;0;0;1;1;1;A01
201000054965;0;7;0;0;2;2;1;B01
201000054965;0;7;0;0;2;3;1;A01
201000054966;0;7;0;0;2;2;1;B01
201000054966;1;7;0;;;;;A01
201000054967;0;7;0;0;2;1;2;A01
201000054967;0;7;0;0;2;4;23;B01
201000054968;0;7;0;0;2;1;13;A01
201000054968;0;2;0;0;2;0;1;B01
201000054969;1;7;0;0;1;0;0;Z01
201000054970;0;7;0;0;2;4;1;B01
201000054970;0;7;0;0;2;1;9;A01
201000054971;0;7;0;0;1;6;4;A01
201000054972;0;32;0;0;2;4;1;B01
201000054972;1;7;0;0;2;0;0;Z01
201000054973;0;7;0;0;0;2;15;B01
201000054973;0;1;0;0;2;1;1;A01
201000054974;0;7;0;8;0;1;4;A01
201000054975;0;7;0;0;1;4;4;A01
201000054976;0;7;0;0;2;3;23;A01
201000054976;0;1;0;0;2;1;0;B01
201000054977;0;7;0;0;1;0;0;A01
201000054978;0;7;0;0;1;6;1;A01
201000054979;0;7;0;0;1;4;4;A01
201000054980;0;1;0;0;2;1;5;A01
201000054980;0;7;0;0;2;1;1;B01
201000054981;0;7;0;0;2;1;2;A01
201000054981;0;7;0;0;2;4;2;B01
201000054981;0;7;0;0;0;4;2;C01
201000054982;0;7;0;0;2;6;2;B01
201000054982;0;7;0;0;2;1;2;A01
201000054982;0;7;0;0;2;4;2;C01
201000054982;0;7;0;0;2;4;2;D01
201000054983;0;7;0;0;2;6;9;A01
201000054983;0;32;0;0;2;1;1;B01
201000054984;0;7;0;1;0;1;1;A01
201000054985;0;34;0;0;0;0;0;A01
201000054986;0;30;0;14;0;1;5;A01
201000054987;0;7;0;0;1;4;4;A01
201000054988;0;31;0;12;0;1;21;A01
201000054989;0;7;0;0;0;3;1;A01
201000054989;0;32;0;0;0;6;23;B01
201000054990;0;30;0;0;1;5;16;A01
201000054991;0;7;0;0;2;7;1;A01
201000054991;0;30;0;0;2;1;1;B01
201000054992;0;7;0;15;1;2;21;A01
201000054993;0;15;0;0;0;0;1;A01
201000054994;0;7;0;0;1;1;0;A01
201000054995;0;7;0;0;1;1;15;A01
201000054996;0;7;0;0;2;3;15;A01
201000054996;0;2;0;0;2;1;1;B01
201000054997;0;7;0;0;1;7;16;A01
201000054998;0;7;0;0;5;2;1;A01
201000054998;0;7;0;0;0;4;1;D01
201000054998;0;7;0;0;0;2;21;C01
201000054998;0;7;0;0;0;1;1;E01
201000054998;0;7;0;0;0;1;1;B01
201000054999;0;7;0;3;2;7;1;A01
201000054999;0;17;0;0;2;2;12;B01
201000055000;0;7;0;0;0;0;2;A01
201000055001;0;7;0;0;2;1;2;B01
201000055001;0;7;0;0;2;4;1;A01
201000055002;0;7;0;4;0;2;1;A01
201000055003;0;7;0;4;0;2;1;A01
201000055004;0;7;0;0;2;1;2;B01
201000055004;0;10;0;0;0;4;2;A01
201000055005;0;7;0;7;0;4;1;B01
201000055005;0;7;0;0;2;1;17;A01
201000055006;0;7;0;0;0;4;1;C01
201000055006;0;7;0;0;0;1;2;B01
201000055006;0;7;0;0;0;9;2;A01
201000055006;0;7;0;0;0;1;1;D01
201000055007;0;10;0;0;2;6;24;A01
201000055007;0;10;0;1;0;1;14;B01
201000055008;0;7;0;3;0;8;1;A01
201000055009;0;7;0;0;2;2;1;A01
201000055009;0;7;0;0;2;6;1;B01
201000055010;0;15;0;3;0;3;2;A01
201000055011;0;7;0;0;2;1;2;B01
201000055011;0;7;0;0;2;7;14;A01
201000055012;0;7;0;13;0;9;14;A01
201000055013;0;7;0;0;0;8;1;B01
201000055013;0;10;0;0;0;6;1;A01
201000055014;0;33;0;0;2;7;1;B01
201000055014;0;7;0;0;2;3;13;A01
201000055015;0;7;0;0;2;3;1;B01
201000055015;0;7;0;4;2;9;1;A01
201000055016;0;33;0;0;0;0;21;A01
201000055017;0;14;0;0;2;2;12;B01
201000055017;0;7;0;0;0;8;1;A01
201000055018;0;7;0;0;2;8;0;A01
201000055018;0;7;0;0;2;1;0;B01
201000055019;0;7;0;4;2;2;0;B01
201000055019;0;7;0;0;2;9;0;A01
201000055020;0;7;0;0;0;4;2;A01
201000055020;0;7;0;0;2;1;1;B01
201000055021;0;10;0;0;2;8;11;A01
201000055021;0;33;0;0;2;1;3;B01
201000055022;0;31;0;0;2;1;17;B01
201000055022;0;7;0;0;0;6;11;A01
201000055023;0;10;0;0;0;5;11;B01
201000055023;0;33;0;3;2;1;1;A01
201000055024;0;7;0;0;0;4;1;A01
201000055024;0;7;0;0;2;1;2;B01
201000055025;0;7;0;0;2;7;1;A01
201000055025;0;32;0;0;2;8;11;B01
201000055026;0;33;0;14;0;3;21;A01
201000055027;0;10;0;14;0;9;1;A01
201000055028;0;7;0;0;2;3;1;A01
201000055028;0;7;0;0;2;7;14;B01
201000055029;0;7;0;4;0;3;0;A01
201000055030;0;32;0;0;0;7;9;A01
201000055031;0;33;0;0;2;7;3;B01
201000055031;0;7;0;0;2;8;11;A01
201000055032;0;33;0;0;2;1;3;B01
201000055032;0;7;0;0;0;6;12;A01
201000055033;0;32;0;0;0;7;1;A01
201000055034;0;33;0;0;2;8;18;B01
201000055034;0;7;0;0;2;7;12;A01
201000055035;0;7;0;0;0;4;1;A01
201000055035;0;7;0;0;2;1;2;B01
201000055036;0;7;0;4;0;1;0;A01
201000055037;0;7;0;0;0;8;1;A01
201000055037;0;7;0;0;2;2;14;B01
201000055038;0;33;0;0;2;3;3;B01
201000055038;0;7;0;0;0;7;1;A01
201000055039;0;31;0;0;2;1;2;C01
201000055039;0;15;0;0;0;6;1;A01
201000055039;0;15;0;0;2;1;2;B01
201000055040;0;14;0;0;0;4;2;A01
201000055040;0;10;0;0;2;1;2;B01
201000055041;0;14;0;0;0;4;1;A01
201000055041;0;14;0;0;0;1;2;B01
201000055042;0;7;0;4;0;1;1;A01
201000055043;0;7;0;4;0;1;1;A01
201000055044;0;7;0;0;0;0;11;A01
201000055045;0;13;0;0;2;6;1;B01
201000055045;0;33;0;0;2;1;1;A01
201000055046;0;7;0;3;0;1;9;A01
201000055047;0;16;0;3;0;3;21;A01
201000055048;0;31;0;0;6;1;2;A01
201000055048;0;7;0;0;2;2;1;C01
201000055048;0;7;0;0;6;0;1;B01
201000055049;0;7;0;0;2;7;1;B01
201000055049;0;10;0;0;2;1;13;A01
201000055050;0;7;0;0;2;6;11;B01
201000055050;0;33;0;0;2;7;1;A01
201000055051;0;33;0;0;2;1;3;A01
201000055051;0;7;0;0;2;7;12;B01
201000055052;0;7;0;3;0;2;0;A01
201000055053;0;15;0;0;2;7;12;B01
201000055053;0;7;0;0;2;8;2;A01
201000055054;0;7;0;0;0;5;1;A01
201000055054;0;31;0;0;2;1;3;C01
201000055054;0;7;0;0;0;7;12;B01
201000055055;0;31;0;0;2;7;1;B01
201000055055;0;7;0;0;2;8;11;A01
201000055056;0;7;0;4;0;1;1;A01
201000055057;0;33;0;0;2;7;1;A01
201000055057;0;7;0;0;2;8;11;B01
201000055058;0;33;0;4;0;8;1;A01
201000055059;0;7;0;0;2;8;1;B01
201000055059;0;15;0;0;2;7;12;A01
201000055060;0;7;0;0;2;1;2;A01
201000055060;0;7;0;0;2;4;1;B01
201000055061;0;7;0;0;2;1;2;C01
201000055061;0;7;0;0;2;4;1;A01
201000055061;0;7;0;0;2;4;2;B01
201000055062;0;7;0;13;0;1;0;A01
201000055063;0;7;0;0;2;4;23;D01
201000055063;0;10;0;0;2;1;2;E01
201000055063;0;7;0;0;2;4;23;B01
201000055063;0;7;0;0;2;4;23;A01
201000055063;0;7;0;0;2;4;23;C01
201000055064;0;7;0;0;2;1;2;A01
201000055064;0;7;0;0;0;4;1;D01
201000055064;0;7;0;0;2;4;2;B01
201000055064;0;7;0;0;2;4;2;C01
201000055065;0;34;0;0;0;6;3;B01
201000055065;0;7;0;0;2;1;12;A01
201000055066;0;33;0;0;2;1;11;B01
201000055066;0;33;0;0;2;8;3;A01
201000055066;0;7;0;0;2;8;1;D01
201000055066;0;7;0;0;2;7;1;C01
201000055067;0;7;0;0;2;4;2;D01
201000055067;0;7;0;0;2;4;2;B01
201000055067;0;7;0;0;2;4;2;C01
201000055067;0;7;0;0;2;1;2;A01
201000055068;0;34;0;0;2;8;3;D01
201000055068;0;7;0;0;0;6;1;B01
201000055068;0;10;0;0;0;7;12;C01
201000055068;0;7;0;0;0;7;1;A01
201000055069;0;7;0;3;6;8;21;A01
201000055070;0;7;0;0;2;1;14;A01
201000055070;0;10;0;0;2;8;1;B01
201000055071;0;15;0;0;2;8;2;A01
201000055071;0;7;0;0;2;2;21;C01
201000055071;0;7;0;0;2;6;2;B01
201000055072;0;33;0;0;2;1;1;B01
201000055072;0;7;0;0;2;4;1;A01
201000055072;0;7;0;0;2;4;1;C01
201000055073;0;15;0;0;0;4;2;A01
201000055073;0;10;0;3;2;1;2;B01
201000055074;0;33;0;0;2;6;3;A01
201000055074;0;10;0;0;0;6;0;B01
201000055075;0;7;0;0;2;1;2;B01
201000055075;0;7;0;0;2;4;1;A01
201000055076;0;33;0;4;0;1;1;A01
201000055077;0;7;0;3;0;1;1;A01
201000055078;0;7;0;0;0;3;21;A01
201000055078;0;31;0;0;2;7;1;B01
201000055079;0;31;0;14;0;5;1;A01
201000055080;0;7;0;1;1;1;0;B01
201000055080;0;7;0;0;0;6;0;A01
201000055081;0;7;0;0;2;5;2;C01
201000055081;0;7;0;0;2;3;19;B01
201000055081;0;33;0;0;2;1;3;A01
201000055082;0;7;0;0;2;4;2;B01
201000055082;0;7;0;0;2;4;2;C01
201000055082;0;7;0;0;2;1;2;D01
201000055082;0;7;0;0;2;4;2;A01
201000055083;0;33;0;3;0;6;0;A01
201000055084;0;7;0;0;2;3;1;C01
201000055084;0;14;0;0;2;3;11;A01
201000055084;0;7;0;0;2;7;1;B01
201000055085;0;7;0;3;0;3;11;A01
201000055086;0;34;0;0;0;7;1;A01
201000055087;0;7;0;0;0;4;2;B01
201000055087;0;10;0;0;2;1;2;A01
201000055088;0;33;0;0;0;0;1;A01
201000055088;0;15;0;0;0;0;1;B01
201000055089;0;17;0;0;2;8;22;B01
201000055089;0;33;0;0;2;7;3;A01
201000055090;0;7;0;0;2;2;12;B01
201000055090;0;32;0;0;2;4;3;A01
201000055091;0;7;0;0;0;4;2;C01
201000055091;0;7;0;0;0;4;2;B01
201000055091;0;7;0;0;0;1;2;A01
201000055092;0;7;0;3;0;1;0;A01
201000055093;0;33;0;0;2;1;1;B01
201000055093;0;7;0;0;2;6;11;A01
201000055094;0;7;0;0;2;4;1;A01
201000055094;0;33;0;0;2;8;3;C01
201000055094;0;7;0;0;2;7;12;B01
201000055095;0;7;0;0;0;0;2;A01
201000055096;0;7;0;0;2;1;13;C01
201000055096;0;7;0;0;2;1;13;B01
201000055096;0;7;0;4;0;1;15;A01
201000055097;0;33;0;0;2;7;1;A01
201000055097;0;7;0;0;2;8;1;B01
201000055098;0;14;0;3;0;2;1;A01
201000055099;0;33;0;0;2;1;21;B01
201000055099;0;7;0;0;2;4;2;A01
201000055100;0;7;0;0;2;4;1;A01
201000055100;0;7;0;0;2;1;2;B01
201000055101;0;33;0;4;2;7;3;C01
201000055101;0;7;0;0;2;8;11;B01
201000055101;0;7;0;0;0;4;2;A01
201000055102;0;33;0;4;0;1;21;A01
201000055103;0;10;0;3;0;7;12;B01
201000055103;0;7;0;0;2;5;1;A01
201000055104;0;10;0;0;0;7;14;B01
201000055104;0;33;0;0;0;8;3;A01
201000055105;0;33;0;4;0;8;1;A01
201000055106;0;7;0;0;2;3;1;A01
201000055106;0;10;0;0;2;2;17;B01
201000055107;0;7;0;15;0;9;1;A01
201000055108;0;34;0;16;0;8;1;A01
201000055109;0;33;0;0;0;1;17;B01
201000055109;0;7;0;0;0;6;1;A01
201000055110;0;7;0;0;1;4;1;D01
201000055110;0;7;0;0;1;1;1;C01
201000055110;0;7;0;0;1;3;1;A01
201000055110;0;7;0;0;1;1;1;B01
201000055111;0;7;0;3;2;1;0;A01
201000055111;0;7;0;0;0;4;0;B01
201000055112;0;33;0;3;0;0;9;A01
201000055113;0;7;0;0;0;4;1;A01
201000055113;0;33;0;0;0;4;1;B01
201000055113;0;33;0;0;0;1;21;C01
201000055114;0;7;0;0;2;1;2;A01
201000055114;0;7;0;0;2;4;2;B01
201000055115;0;7;0;0;0;4;1;A01
201000055116;0;7;0;0;2;7;12;A01
201000055116;0;13;0;0;2;8;1;B01
201000055116;0;7;0;0;2;3;1;C01
201000055117;0;7;0;0;2;4;23;A01
201000055117;0;7;0;1;0;1;2;B01
201000055118;0;7;0;4;1;2;21;B01
201000055118;0;31;0;0;0;0;23;A01
201000055119;0;33;0;0;2;1;1;A01
201000055119;0;7;0;0;0;6;11;B01
201000055120;0;7;0;0;2;3;13;A01
201000055121;0;7;0;6;2;4;1;B01
201000055121;0;7;0;0;2;1;1;C01
201000055121;0;7;0;6;0;1;1;A01
201000055122;0;32;0;0;0;8;3;B01
201000055122;0;7;0;0;0;7;12;A01
201000055123;0;33;0;0;2;1;3;D01
201000055123;0;7;0;0;0;6;2;B01
201000055123;0;7;0;0;0;7;1;A01
201000055123;0;34;0;0;2;6;9;E01
201000055123;0;7;0;0;0;6;2;C01
201000055124;0;7;0;0;0;4;23;A01
201000055124;0;14;0;1;0;1;2;B01
201000055125;0;7;0;0;2;4;2;A01
201000055125;0;33;0;0;2;1;2;B01
201000055126;0;33;0;0;2;8;3;A01
201000055126;0;7;0;0;2;5;1;B01
201000055127;0;7;0;0;2;8;13;B01
201000055127;0;33;0;0;2;7;13;A01
201000055128;0;10;0;0;0;8;11;A01
201000055128;0;33;0;0;0;7;1;B01
201000055129;0;10;0;3;0;2;1;B01
201000055129;0;10;0;3;2;1;12;A01
201000055130;0;33;0;14;9;1;1;B01
201000055130;0;10;0;0;0;0;1;A01
201000055131;0;7;0;0;2;1;2;B01
201000055131;0;7;0;0;0;0;2;A01
201000055132;0;7;0;0;2;1;2;B01
201000055132;0;7;0;0;0;4;1;A01
201000055133;0;33;0;0;2;1;1;A01
201000055133;0;7;0;0;0;6;2;B01
201000055134;0;7;0;4;0;1;1;A01
201000055135;0;33;0;0;2;1;2;A01
201000055135;0;10;0;0;0;4;1;B01
201000055136;0;33;0;0;2;1;0;B01
201000055136;0;7;0;0;2;5;1;A01
201000055137;0;7;0;0;2;6;2;D01
201000055137;0;33;0;0;2;2;3;C01
201000055137;0;7;0;0;2;5;2;A01
201000055137;0;7;0;0;9;4;12;B01
201000055138;0;7;0;3;0;1;2;A01
201000055139;0;7;0;4;0;1;1;A01
201000055140;0;14;0;0;2;1;2;C01
201000055140;0;7;0;0;2;4;2;A01
201000055140;0;7;0;0;2;4;2;B01
201000055141;0;7;0;0;0;6;1;A01
201000055141;0;31;0;0;2;1;2;B01
201000055142;0;7;0;0;2;8;13;A01
201000055142;0;33;0;0;2;7;17;B01
201000055143;0;7;0;0;2;5;2;A01
201000055143;0;33;0;3;2;9;1;C01