num_acc;senc;catv;occutc;obs;obsm;choc;manv;num_veh
201000055143;0;7;0;0;2;7;2;B01
201000055144;0;7;0;0;2;8;23;B01
201000055144;0;17;0;1;0;5;1;A01
201000055145;0;7;0;0;4;8;13;A01
201000055145;0;31;0;0;2;2;3;B01
201000055146;0;33;0;0;2;2;3;B01
201000055146;0;10;0;0;2;8;11;A01
201000055147;0;33;0;0;2;8;1;A01
201000055147;0;7;0;0;2;7;12;B01
201000055147;0;7;0;0;0;8;1;C01
201000055148;0;33;0;0;2;3;3;B01
201000055148;0;7;0;0;2;2;12;A01
201000055149;0;33;0;0;2;7;3;B01
201000055149;0;7;0;0;2;6;1;A01
201000055150;0;7;0;0;0;4;1;A01
201000055150;0;33;0;0;0;6;1;B01
201000055150;0;7;0;0;2;2;12;C01
201000055151;0;15;0;0;0;8;1;A01
201000055151;0;10;0;0;0;6;11;B01
201000055151;0;33;0;0;2;1;3;C01
201000055152;0;7;0;0;2;1;1;B01
201000055152;0;7;0;0;0;4;23;A01
201000055153;0;7;0;0;0;4;2;A01
201000055153;0;7;0;0;2;1;2;B01
201000055154;0;7;0;0;2;4;1;A01
201000055154;0;7;0;0;2;1;2;F01
201000055154;0;7;0;0;2;1;2;E01
201000055154;0;7;0;0;2;4;2;B01
201000055154;0;7;0;0;2;4;2;D01
201000055154;0;7;0;0;2;4;2;C01
201000055155;0;7;0;0;0;4;2;A01
201000055155;0;7;0;0;2;1;2;B01
201000055155;0;7;0;0;2;1;2;C01
201000055156;1;7;0;0;2;1;1;Z01
201000055156;0;7;0;4;2;4;1;A01
201000055157;0;7;0;0;0;8;11;A01
201000055157;0;7;0;0;0;4;1;B01
201000055157;0;31;0;0;0;7;3;C01
201000055158;0;15;0;0;0;0;2;A01
201000055158;0;10;0;0;2;4;2;B01
201000055158;0;15;0;0;2;1;2;C01
201000055159;0;33;0;4;9;8;2;A01
201000055160;0;7;0;0;2;6;1;A01
201000055160;0;16;0;0;2;2;12;B01
201000055161;0;33;0;0;0;7;1;A01
201000055162;0;32;0;0;0;2;17;B01
201000055162;0;13;0;0;0;4;1;A01
201000055163;0;37;66;0;2;1;2;B01
201000055163;0;7;0;0;0;4;2;A01
201000055164;0;33;0;0;0;7;1;A01
201000055165;0;7;0;0;2;4;1;B01
201000055165;0;7;0;0;2;5;1;D01
201000055165;0;7;0;6;2;9;21;A01
201000055165;0;7;0;0;2;4;1;C01
201000055166;0;7;0;0;0;4;2;A01
201000055166;0;7;0;0;2;1;2;B01
201000055167;0;15;0;0;0;7;12;B01
201000055167;0;7;0;0;0;8;1;A01
201000055168;0;34;0;0;2;8;3;A01
201000055168;0;7;0;0;2;5;12;B01
201000055169;0;33;0;0;2;8;12;A01
201000055169;0;33;0;0;2;7;1;B01
201000055170;0;7;0;13;0;4;19;A01
201000055171;0;15;0;0;2;2;2;B01
201000055171;0;7;0;0;2;8;11;A01
201000055172;0;15;0;0;2;2;12;B01
201000055172;0;7;0;0;0;6;1;A01
201000055173;0;33;0;0;2;2;3;A01
201000055173;0;7;0;0;2;8;11;B01
201000055174;0;10;0;0;2;1;21;B01
201000055174;0;13;0;4;0;1;1;A01
201000055175;0;7;0;0;2;5;12;A01
201000055175;0;33;0;0;2;1;1;B01
201000055176;0;7;0;0;2;1;2;C01
201000055176;0;7;0;0;2;4;2;B01
201000055176;0;7;0;0;2;4;2;A01
201000055177;0;7;0;3;0;2;12;A01
201000055178;0;7;0;0;2;8;11;A01
201000055178;0;32;0;0;2;2;3;B01
201000055179;0;32;0;0;2;2;1;B01
201000055179;0;7;0;0;2;6;11;A01
201000055180;0;7;0;0;2;3;11;B01
201000055180;0;34;0;0;0;5;1;A01
201000055181;0;10;0;0;0;6;1;A01
201000055181;0;13;0;0;2;2;12;B01
201000055182;0;33;0;0;2;8;1;B01
201000055182;0;7;0;0;2;5;12;A01
201000055183;0;7;0;0;0;4;23;C01
201000055183;0;7;0;0;0;4;23;B01
201000055183;0;7;0;0;0;4;23;A01
201000055183;0;7;0;1;0;1;2;D01
201000055184;0;33;0;14;0;7;1;A01
201000055185;0;33;0;0;2;1;1;A01
201000055185;0;7;0;0;2;4;11;B01
201000055186;0;7;0;0;2;4;1;B01
201000055186;0;7;0;0;2;1;2;A01
201000055187;0;7;0;4;0;3;21;A01
201000055187;0;7;0;4;0;1;21;B01
201000055188;0;7;0;0;2;7;12;A01
201000055188;0;31;0;0;2;8;3;B01
201000055189;0;33;0;0;2;8;3;B01
201000055189;0;7;0;0;2;7;12;A01
201000055190;0;33;0;0;2;1;3;C01
201000055190;0;7;0;0;0;8;1;B01
201000055190;0;7;0;0;0;7;1;A01
201000055191;0;10;0;0;2;2;1;A01
201000055191;0;31;0;0;2;8;1;B01
201000055192;0;31;0;0;2;1;3;B01
201000055192;0;7;0;0;0;5;14;A01
201000055193;0;7;0;0;2;1;2;B01
201000055193;0;7;0;0;2;4;2;A01
201000055194;0;33;0;0;2;6;1;A01
201000055194;1;7;0;0;2;7;12;Z01
201000055195;0;10;0;6;0;1;0;A01
201000055196;0;7;0;0;2;2;1;C01
201000055196;0;33;0;0;2;8;3;A01
201000055196;0;7;0;0;2;7;12;B01
201000055197;0;7;0;0;2;4;1;A01
201000055197;0;7;0;4;2;9;11;B01
201000055198;0;10;0;0;2;5;1;A01
201000055198;0;7;0;0;2;8;11;B01
201000055198;0;31;0;0;2;2;3;C01
201000055199;0;7;0;0;0;4;2;A01
201000055199;0;7;0;0;2;1;2;B01
201000055200;0;31;0;0;2;3;3;A01
201000055200;0;7;0;0;0;7;1;B01
201000055201;0;33;0;0;2;1;2;B01
201000055201;0;7;0;0;0;4;2;A01
201000055202;0;7;0;0;0;6;1;A01
201000055202;0;7;0;0;0;2;12;B01
201000055202;0;34;0;0;2;1;3;C01
201000055203;0;7;0;0;0;9;0;A01
201000055204;1;14;0;0;0;6;13;Z01
201000055204;0;33;0;0;2;2;3;A01
201000055205;0;7;0;0;0;2;2;A01
201000055205;0;7;0;1;0;1;1;B01
201000055206;0;7;0;0;2;4;1;C01
201000055206;0;10;0;0;2;1;2;A01
201000055206;0;7;0;0;2;4;2;B01
201000055207;0;31;0;0;2;8;3;B01
201000055207;0;7;0;0;2;7;12;A01
201000055208;1;15;0;0;2;2;1;Z01
201000055208;0;7;0;3;2;4;1;A01
201000055209;0;31;0;0;0;2;1;A01
201000055210;0;7;0;0;0;4;2;A01
201000055210;0;10;0;0;2;1;2;B01
201000055211;0;7;0;0;2;4;12;A01
201000055211;0;33;0;0;2;1;3;B01
201000055212;0;17;0;0;0;5;12;A01
201000055212;0;7;0;0;0;8;1;B01
201000055213;0;7;0;0;2;5;2;A01
201000055213;0;31;0;0;2;1;2;B01
201000055214;0;31;0;14;0;7;3;A01
201000055214;0;33;0;14;0;7;3;B01
201000055215;0;10;0;0;2;6;1;A01
201000055215;0;33;0;0;2;1;17;B01
201000055216;0;32;0;4;0;3;1;A01
201000055217;0;7;0;0;2;2;1;B01
201000055217;0;7;0;0;2;6;13;A01
201000055218;0;7;0;0;2;4;1;A01
201000055218;0;7;0;0;2;4;1;B01
201000055218;0;7;0;0;2;1;1;C01
201000055219;0;14;0;0;0;3;13;A01
201000055220;0;7;0;4;0;1;12;A01
201000055221;0;10;0;0;2;3;11;B01
201000055221;0;7;0;0;2;7;2;A01
201000055222;0;15;0;0;2;5;19;C01
201000055222;0;7;0;0;2;6;2;A01
201000055222;0;15;0;0;2;2;12;B01
201000055223;0;33;0;0;2;1;3;C01
201000055223;0;7;0;0;2;6;13;A01
201000055223;0;7;0;0;0;7;1;B01
201000055224;0;7;0;4;0;3;13;A01
201000055225;0;7;0;0;2;3;11;B01
201000055225;0;7;0;0;2;7;21;A01
201000055226;0;7;0;0;2;2;11;C01
201000055226;0;7;0;0;2;4;1;A01
201000055226;0;33;0;0;2;1;1;B01
201000055227;0;33;0;0;2;1;1;B01
201000055227;0;7;0;0;0;4;12;A01
201000055228;0;7;0;0;2;7;1;B01
201000055228;0;33;0;0;2;8;17;A01
201000055229;0;33;0;4;0;8;13;A01
201000055230;0;7;0;0;2;5;12;A01
201000055230;0;33;0;0;2;8;3;B01
201000055231;0;7;0;0;2;8;1;A01
201000055231;0;14;0;0;2;2;1;B01
201000055231;0;7;0;0;2;8;1;C01
201000055232;0;31;0;0;2;1;2;B01
201000055232;0;7;0;0;2;5;2;A01
201000055233;0;33;0;0;0;0;1;A01
201000055233;0;7;0;0;2;4;13;B01
201000055234;0;14;0;0;2;5;12;A01
201000055234;0;7;0;0;2;7;1;B01
201000055235;0;7;0;0;2;1;14;B01
201000055235;0;7;0;4;0;4;1;A01
201000055236;0;7;0;0;2;1;2;B01
201000055236;0;15;0;0;0;4;2;A01
201000055237;0;33;0;0;2;1;21;A01
201000055237;0;7;0;0;2;4;11;B01
201000055238;0;7;0;13;0;1;14;A01
201000055239;0;7;0;4;0;2;1;A01
201000055240;0;15;0;0;2;2;12;B01
201000055240;0;7;0;0;2;8;18;A01
201000055241;0;13;0;3;0;9;1;A01
201000055242;0;7;0;4;0;9;21;A01
201000055243;0;7;0;4;0;3;2;A01
201000055244;0;15;0;0;2;2;14;B01
201000055244;0;7;0;0;2;6;1;A01
201000055245;0;14;0;0;0;6;1;A01
201000055245;0;7;0;0;0;3;1;C01
201000055245;0;7;0;0;0;1;1;B01
201000055245;0;7;0;0;2;1;15;D01
201000055246;0;34;0;0;2;8;1;B01
201000055246;0;7;0;0;2;7;12;A01
201000055247;0;7;0;4;0;4;16;A01
201000055248;0;7;0;1;0;7;14;B01
201000055248;0;7;0;0;2;8;23;A01
201000055249;0;7;0;0;2;1;2;B01
201000055249;0;15;0;0;2;4;23;A01
201000055250;0;7;0;3;0;3;13;A01
201000055251;0;7;0;0;2;5;2;C01
201000055251;0;31;0;0;2;7;2;A01
201000055251;0;33;0;0;2;3;2;B01
201000055252;0;7;0;0;2;6;11;A01
201000055252;0;34;0;0;2;2;3;B01
201000055253;0;7;0;0;2;4;17;A01
201000055254;0;7;0;0;2;7;14;A01
201000055254;0;33;0;0;2;3;21;B01
201000055255;0;7;0;0;2;4;1;B01
201000055255;0;7;0;0;2;6;1;A01
201000055256;0;7;0;4;0;2;1;A01
201000055257;0;7;0;8;2;2;1;A01
201000055257;0;7;0;0;2;3;11;B01
201000055258;0;7;0;0;2;4;1;A01
201000055258;0;7;0;4;2;9;18;B01
201000055259;0;34;0;0;2;3;3;C01
201000055259;0;7;0;0;2;5;12;A01
201000055259;0;7;0;0;0;5;1;B01
201000055260;0;33;0;0;2;2;2;B01
201000055260;0;7;0;0;2;6;2;A01
201000055260;0;7;0;0;2;0;2;C01
201000055261;0;7;0;0;2;2;17;B01
201000055261;0;7;0;0;2;6;12;A01
201000055262;0;7;0;0;0;5;2;B01
201000055262;0;7;0;0;2;4;2;D02
201000055262;0;7;0;0;2;4;2;E01
201000055262;0;7;0;0;2;6;2;C01
201000055262;0;7;0;0;0;4;2;A01
201000055262;0;7;0;0;2;1;2;F01
201000055263;0;7;0;0;2;5;1;A01
201000055263;0;7;0;4;2;7;1;B01
201000055263;0;33;0;0;2;1;2;C01
201000055263;1;7;0;0;2;1;2;Z01
201000055264;0;7;0;0;2;1;2;B01
201000055264;0;7;0;0;0;4;2;A01
201000055265;0;34;0;0;2;5;14;A01
201000055265;0;7;0;0;2;3;1;B01
201000055266;0;7;0;0;2;5;12;A01
201000055266;0;7;0;0;2;8;1;C01
201000055266;0;33;0;0;2;3;1;B01
201000055267;0;7;0;3;0;2;12;A01
201000055268;0;7;0;0;2;7;0;B01
201000055268;0;15;0;0;2;6;0;A01
201000055269;0;7;0;0;0;5;1;A01
201000055269;0;13;0;0;2;3;12;B01
201000055270;0;32;0;0;2;3;3;B01
201000055270;0;7;0;0;2;7;12;A01
201000055271;0;7;0;0;2;4;1;A01
201000055271;0;13;0;0;2;3;1;C01
201000055271;0;10;0;0;2;3;14;B01
201000055272;0;7;0;0;2;4;1;A01
201000055272;0;7;0;0;2;1;2;B01
201000055273;0;7;0;4;0;8;21;A01
201000055274;0;7;0;0;2;5;12;A01
201000055274;0;33;0;0;2;3;18;B01
201000055275;0;10;0;0;0;0;23;B01
201000055275;0;7;0;0;1;2;14;C01
201000055276;0;7;0;0;2;8;1;C01
201000055276;0;7;0;0;2;2;14;A01
201000055276;0;33;0;0;2;1;1;B01
201000055277;0;7;0;0;2;4;1;A01
201000055277;2;7;0;0;2;9;0;B01
201000055278;0;13;0;0;2;1;2;A01
201000055278;0;7;0;0;2;4;23;B01
201000055279;0;7;0;2;0;7;0;A01
201000055280;0;7;0;1;2;7;21;B01
201000055280;0;7;0;1;0;3;21;C01
201000055280;0;7;0;0;2;5;23;A01
201000055281;0;7;0;0;0;5;1;A01
201000055281;0;33;0;0;2;1;9;B01
201000055282;0;7;0;0;2;6;11;C01
201000055282;0;33;0;0;2;2;3;B01
201000055282;0;10;0;0;2;5;1;A01
201000055283;0;33;0;0;2;7;3;B01
201000055283;0;7;0;0;2;8;11;A01
201000055284;0;31;0;0;0;7;21;A01
201000055285;0;7;0;0;2;4;23;A01
201000055285;0;7;0;0;2;4;23;C01
201000055285;0;7;0;0;2;1;2;D01
201000055285;0;7;0;0;2;4;23;B01
201000055286;0;33;0;0;9;7;3;A01
201000055287;0;7;0;0;0;4;1;A01
201000055287;0;33;0;0;2;1;3;B01
201000055288;0;7;0;0;2;5;12;B01
201000055288;0;33;0;0;2;1;3;A01
201000055289;0;33;0;0;2;1;2;B01
201000055289;0;7;0;0;2;4;2;A01
201000055290;0;31;0;3;0;2;14;A01
201000055291;0;10;0;0;0;4;2;A01
201000055291;0;7;0;0;0;4;2;B01
201000055291;1;15;0;0;2;1;2;C01
201000055292;0;10;0;0;0;6;9;B01
201000055292;0;31;0;0;2;1;1;A01
201000055293;0;7;0;0;2;8;1;A01
201000055293;0;15;0;0;2;2;12;B01
201000055294;0;7;0;0;2;1;2;D01
201000055294;0;7;0;0;2;2;2;C01
201000055294;0;7;0;0;2;6;11;B01
201000055294;0;15;0;0;2;8;2;A01
201000055295;0;31;0;16;0;7;21;A01
201000055296;0;7;0;0;0;0;11;B01
201000055296;0;33;0;16;0;8;21;A01
201000055297;0;15;0;0;2;3;12;A01
201000055297;0;7;0;0;2;8;1;B01
201000055297;0;7;0;0;2;1;1;C01
201000055298;0;7;0;0;0;4;2;A01
201000055298;0;33;0;0;0;1;2;B01
201000055299;0;7;0;0;2;7;12;B01
201000055299;0;14;0;0;2;8;11;A01
201000055300;0;15;0;0;2;4;23;A01
201000055300;0;7;0;0;2;4;23;B01
201000055300;0;7;0;0;2;1;2;C01
201000055301;0;31;0;0;2;0;2;B01
201000055301;0;7;0;0;0;0;12;A01
201000055302;0;7;0;4;0;1;1;A01
201000055303;0;33;0;0;0;7;1;A01
201000055304;0;31;0;0;2;5;1;A01
201000055304;0;33;0;0;2;3;2;B01
201000055305;0;7;0;0;2;6;0;B01
201000055305;0;15;0;0;2;1;0;A01
201000055306;0;33;0;0;2;2;1;B01
201000055306;0;7;0;0;2;3;11;A01
201000055307;0;31;0;0;2;1;1;A01
201000055307;0;10;0;0;2;5;11;B01
201000055308;0;34;0;0;0;0;1;A01
201000055309;0;7;0;0;2;4;14;A01
201000055309;0;33;0;0;2;1;1;B01
201000055310;0;7;0;0;2;6;11;A01
201000055310;0;33;0;0;2;1;2;B01
201000055311;0;33;0;0;2;7;1;B01
201000055311;0;7;0;0;2;8;11;A01
201000055312;0;7;0;0;0;8;1;A01
201000055312;0;15;0;0;2;2;12;B01
201000055313;0;7;0;0;2;4;1;A01
201000055313;0;7;0;0;2;1;2;B01
201000055314;0;7;0;0;0;4;1;A01
201000055314;0;7;0;0;2;1;2;B01
201000055315;0;7;0;4;0;7;1;A01
201000055316;0;7;0;4;0;6;9;A01
201000055317;0;7;0;4;0;1;1;A01
201000055318;0;7;0;0;2;8;11;B01
201000055318;0;33;0;0;2;1;3;C01
201000055318;0;7;0;0;2;5;2;A01
201000055319;0;33;0;0;0;8;1;A01
201000055320;0;7;0;1;2;1;2;B01
201000055320;0;7;0;0;2;4;1;A01
201000055321;0;33;0;0;2;1;12;B01
201000055321;0;7;0;0;2;4;23;A01
201000055322;0;7;0;0;2;4;1;A01
201000055322;0;33;0;0;2;1;3;B01
201000055323;0;33;0;0;0;8;1;A01
201000055324;0;33;0;0;2;4;1;C01
201000055324;0;10;0;0;0;6;1;B01
201000055324;0;7;0;0;0;4;1;A01
201000055324;0;33;0;0;2;1;3;D01
201000055325;0;7;0;0;2;5;0;A01
201000055325;0;33;0;0;2;1;0;B01
201000055326;0;7;0;0;2;8;11;B01
201000055326;0;33;0;0;2;7;17;A01
201000055327;0;7;0;0;2;1;2;B01
201000055327;0;7;0;0;0;4;2;A01
201000055328;0;10;0;0;0;0;2;B01
201000055328;0;10;0;0;0;4;2;C01
201000055328;0;10;0;0;0;4;2;A01
201000055328;0;7;0;0;0;1;2;D01
201000055329;0;7;0;0;2;4;2;B01
201000055329;0;17;0;0;2;1;2;C01
201000055329;0;7;0;0;0;4;1;A01
201000055330;0;33;0;0;0;8;13;A01
201000055330;1;7;0;0;2;7;12;Z01
201000055331;0;7;0;0;0;4;2;A01
201000055331;0;7;0;0;2;1;2;B01
201000055332;0;31;0;0;0;9;3;A01
201000055333;0;7;0;0;0;4;1;A01
201000055333;0;7;0;0;2;7;12;B01
201000055333;0;33;0;0;2;8;3;C01
201000055334;0;10;0;0;2;6;1;B01
201000055334;0;10;0;0;2;4;1;C01
201000055334;0;33;0;0;2;1;3;A01
201000055335;0;15;0;3;0;8;21;A01
201000055336;0;7;0;0;2;4;2;B01
201000055336;0;7;0;0;2;4;2;A01
201000055336;0;7;0;0;2;1;2;C01
201000055337;0;7;0;0;2;5;1;D01
201000055337;0;33;0;0;2;8;3;A01
201000055337;0;7;0;0;2;4;1;C01
201000055337;0;7;0;0;2;7;12;B01
201000055338;0;7;0;0;2;6;1;C01
201000055338;0;7;0;0;2;5;12;B01
201000055338;0;33;0;0;2;3;3;A01
201000055339;0;31;0;0;2;1;1;B01
201000055339;0;7;0;0;2;4;1;A01
201000055340;0;32;0;0;2;1;3;B01
201000055340;0;14;0;0;0;4;1;A01
201000055341;0;33;0;0;2;1;3;A01
201000055341;0;7;0;0;2;6;11;B01
201000055342;0;7;0;6;0;1;12;A01
201000055343;0;7;0;0;2;1;1;B01
201000055343;0;10;0;0;2;4;23;A01
201000055344;0;33;0;0;2;8;3;B01
201000055344;0;7;0;0;2;7;12;A01
201000055345;0;14;0;0;2;2;12;B01
201000055345;0;7;0;4;2;8;1;A01
201000055346;0;7;0;3;2;1;12;B01
201000055346;0;10;0;0;0;6;1;A01
201000055347;0;7;0;0;0;7;1;A01
201000055348;0;7;0;0;2;4;1;A01
201000055348;0;7;0;0;2;1;1;C01
201000055348;0;7;0;0;2;9;1;B01
201000055349;0;7;0;1;2;1;2;B01
201000055349;0;7;0;0;2;4;23;A01
201000055350;0;7;0;0;2;8;11;A01
201000055350;0;34;0;0;2;7;17;B01
201000055351;0;7;0;0;0;5;1;C01
201000055351;0;10;0;0;2;3;11;A01
201000055351;0;33;0;0;2;2;3;B01
201000055352;0;7;0;0;2;4;2;B01
201000055352;0;7;0;0;2;4;2;A01
201000055352;0;7;0;0;2;1;2;E01
201000055352;0;7;0;0;2;4;2;C01
201000055352;0;7;0;0;2;4;2;D01
201000055353;0;34;0;0;2;1;2;B01
201000055353;0;7;0;0;2;4;1;A01
201000055354;0;33;0;0;2;2;3;B01
201000055354;0;33;0;0;2;3;11;A01
201000055354;0;7;0;0;2;6;2;C01
201000055354;0;7;0;0;2;2;1;D01
201000055355;1;10;0;0;2;6;11;Z01
201000055355;0;7;0;4;2;2;1;A01
201000055356;0;7;0;4;0;3;0;A01
201000055357;0;7;0;0;0;4;2;A01
201000055357;0;7;0;0;2;4;2;B01
201000055357;0;7;0;0;2;1;2;C01
201000055358;0;33;0;0;2;1;3;B01
201000055358;0;7;0;0;2;7;12;A01
201000055359;0;7;0;0;2;6;1;A01
201000055359;0;15;0;0;2;2;12;B01
201000055360;0;7;0;4;0;1;1;A01
201000055361;0;7;0;0;0;6;0;A01
201000055362;0;7;0;13;6;2;21;A01
201000055363;0;10;0;0;2;1;2;A01
201000055363;0;7;0;0;2;4;2;C01
201000055363;0;7;0;0;2;4;2;B01
201000055364;0;33;0;0;2;1;3;B01
201000055364;0;7;0;0;2;8;11;A01
201000055365;0;33;0;0;2;1;2;B01
201000055365;0;7;0;0;2;6;1;A01
201000055366;0;7;0;4;0;1;0;A01
201000055367;0;34;0;0;2;9;1;B01
201000055367;0;7;0;0;2;6;1;A01
201000055368;0;7;0;4;0;1;1;A01
201000055369;0;7;0;0;0;6;1;C01
201000055369;0;32;0;0;2;3;3;A01
201000055369;0;10;0;0;0;5;1;B01
201000055370;0;17;0;0;2;4;2;C01
201000055370;0;7;0;0;2;2;0;A01
201000055370;0;7;0;0;2;1;2;D01
201000055370;0;17;0;0;2;1;1;B01
201000055371;0;7;0;0;2;1;13;A01
201000055371;0;7;0;0;2;8;2;B01
201000055372;0;32;0;0;0;8;3;A01
201000055373;0;7;0;4;0;1;1;A01
201000055374;0;33;0;0;2;9;21;A01
201000055374;0;7;0;0;1;1;1;B01
201000055375;0;32;0;0;2;7;3;B01
201000055375;0;7;0;0;2;8;11;A01
201000055376;0;33;0;0;2;2;2;C01
201000055376;0;7;0;0;0;6;11;A01
201000055376;0;15;0;0;2;2;0;B01
201000055377;0;10;0;4;0;5;1;A01
201000055378;0;10;0;0;2;8;11;B01
201000055378;0;33;0;0;2;7;1;A01
201000055379;0;7;0;4;2;3;21;A01
201000055379;0;7;0;1;0;1;2;C01
201000055379;0;7;0;0;2;9;23;B01
201000055380;0;31;0;0;2;7;1;A01
201000055381;0;7;0;0;2;7;0;B01
201000055381;0;7;0;0;2;8;0;A01
201000055382;0;33;0;0;2;1;3;A01
201000055382;0;7;0;0;2;6;11;B01
201000055383;0;7;0;1;0;3;11;B01
201000055383;0;33;0;0;2;1;1;A01
201000055384;0;7;0;4;0;8;0;A01
201000055384;0;7;0;14;0;1;0;B01
201000055385;0;7;0;0;2;2;13;A01
201000055385;0;14;0;0;2;6;13;B01
201000055386;0;7;0;4;0;8;12;A01
201000055387;0;7;0;4;2;3;12;A01
201000055387;0;7;0;0;2;5;1;B01
201000055388;0;7;0;4;0;1;1;A01
201000055389;0;7;0;0;2;1;2;B01
201000055389;0;7;0;0;0;6;1;A01
201000055390;0;10;0;14;2;4;2;A01
201000055390;0;33;0;0;2;1;2;B01
201000055391;0;7;0;0;2;6;1;B01
201000055391;0;33;0;0;2;5;3;A01
201000055392;0;33;0;0;2;7;1;A01
201000055392;0;7;0;0;0;4;1;C01
201000055392;0;7;0;0;2;3;9;B01
201000055393;0;7;0;0;2;8;2;B01
201000055393;0;32;0;0;2;2;3;A01
201000055393;0;10;0;0;2;4;2;C01
201000055394;0;31;0;6;0;0;1;A01
201000055395;0;7;0;0;0;5;1;A01
201000055395;0;32;0;0;2;1;3;B01
201000055396;0;7;0;0;2;5;1;A01
201000055396;0;33;0;0;0;1;2;B01
201000055397;0;10;0;0;0;4;2;A01
201000055397;0;7;0;0;2;1;2;B01
201000055398;0;7;0;4;2;6;13;A01
201000055398;0;7;0;4;2;6;1;B01
201000055399;0;7;0;4;0;3;1;A01
201000055400;0;7;0;4;0;3;1;A01
201000055401;0;7;0;4;0;3;1;A01
201000055402;0;7;0;4;0;1;1;A01
201000055403;0;7;0;0;2;5;21;B01
201000055403;0;7;0;0;2;1;2;E01
201000055403;0;7;0;0;2;1;2;D01
201000055403;0;7;0;0;2;4;2;A01
201000055403;0;33;0;0;2;3;21;C01
201000055404;0;10;0;0;2;5;12;B01
201000055404;0;33;0;0;2;1;1;A01
201000055405;0;34;0;7;0;1;21;A01
201000055406;0;34;0;0;2;9;3;A01
201000055406;1;7;0;0;2;1;11;Z01
201000055406;0;7;0;0;2;5;1;B01
201000055407;0;33;0;0;2;8;3;A01
201000055407;0;7;0;0;2;7;12;B01
201000055408;0;33;0;0;0;7;1;A01
201000055408;0;7;0;0;0;8;11;B01
201000055409;0;33;0;0;0;0;1;A01
201000055410;0;7;0;4;0;3;1;A01
201000055411;0;7;0;4;0;2;14;A01
201000055412;0;7;0;4;0;7;1;A01
201000055413;0;7;0;0;2;4;1;A01
201000055413;0;31;0;0;2;1;2;B01
201000055414;0;10;0;0;2;3;2;A01
201000055414;0;33;0;0;2;4;1;B01
201000055415;0;33;0;0;0;8;1;A01
201000055416;0;7;0;0;2;4;11;A01
201000055416;0;33;0;0;2;1;3;B01
201000055417;0;7;0;4;0;3;1;A01
201000055418;0;7;0;0;2;1;11;D01
201000055418;0;7;0;4;;4;23;A01
201000055418;0;7;0;0;2;2;23;B01
201000055418;0;7;0;0;2;6;23;C01
201000055419;0;7;0;4;0;8;1;A01
201000055420;0;31;0;0;2;2;2;B01
201000055420;0;7;0;0;0;4;1;A01
201000055421;0;7;0;0;2;6;1;B01
201000055421;0;15;0;0;2;2;12;A01
201000055422;0;31;0;0;2;3;3;A01
201000055422;0;7;0;0;2;7;12;B01
201000055423;0;7;0;0;2;1;2;A01
201000055423;0;13;0;0;0;4;2;B01
201000055424;0;7;0;0;0;0;21;B01
201000055424;0;7;0;0;0;0;21;C01
201000055424;0;15;0;3;0;1;21;A01
201000055425;0;7;0;0;2;6;1;A01
201000055425;0;31;0;0;2;1;2;B01
201000055426;0;7;0;0;2;3;11;A01
201000055426;0;7;0;0;2;5;1;B01
201000055427;0;7;0;1;0;2;21;B01
201000055427;0;15;0;0;2;6;23;A01
201000055427;0;10;0;14;0;1;2;C01
201000055428;0;7;0;0;2;6;1;A01
201000055428;0;33;0;4;2;9;1;C01
201000055428;0;7;0;0;2;8;11;B01
201000055429;0;7;0;0;2;8;11;A01
201000055429;0;34;0;0;2;1;3;B01
201000055430;0;7;0;0;2;7;12;A01
201000055430;0;33;0;0;2;8;3;B01
201000055431;0;7;0;0;0;8;13;B01
201000055431;0;15;0;0;0;7;2;A01
201000055432;0;7;0;0;0;4;23;B01
201000055432;0;7;0;0;1;1;1;A01
201000055433;0;7;0;4;0;3;21;A01
201000055434;0;10;0;0;2;1;1;B01
201000055434;0;7;0;4;0;1;13;A01
201000055435;0;10;0;14;0;2;1;C01
201000055435;0;7;0;0;2;3;1;A01
201000055435;0;7;0;14;0;2;1;B01
201000055436;0;7;0;0;0;5;1;B01
201000055436;0;33;0;0;2;1;3;A01
201000055437;0;15;0;0;0;2;1;B01
201000055437;0;7;0;0;0;2;1;C01
201000055437;0;7;0;0;0;6;11;A01
201000055438;0;7;0;0;2;6;2;B01
201000055438;0;7;0;0;2;3;2;A01
201000055439;0;7;0;0;2;1;2;B01
201000055439;0;7;0;0;2;1;2;C01
201000055439;0;10;0;0;2;1;2;D01
201000055439;0;13;0;0;2;1;2;E01
201000055439;0;7;0;0;2;4;2;A01
201000055440;0;7;0;0;2;8;1;B01
201000055440;0;15;0;0;2;2;12;A01
201000055441;0;7;0;13;2;0;1;A01
201000055442;0;7;0;2;2;1;0;A01
201000055442;0;7;0;0;2;5;1;B01
201000055443;0;7;0;0;2;7;13;A01
201000055443;0;31;0;0;2;7;17;B01
201000055444;0;7;0;0;2;1;1;B01
201000055444;0;33;0;0;0;0;1;A01
201000055445;0;15;0;0;2;3;0;A01
201000055445;0;7;0;0;0;4;0;B01
201000055446;0;31;0;0;2;8;1;A01
201000055446;0;7;0;0;0;5;2;B01
201000055447;0;7;0;0;0;6;1;C01
201000055447;0;31;0;14;2;4;11;A01
201000055447;0;7;0;0;2;1;1;B01