num_acc;senc;catv;occutc;obs;obsm;choc;manv;num_veh
201000055448;0;7;0;0;0;4;1;B01
201000055448;0;33;0;0;2;1;1;A01
201000055449;0;10;0;0;0;4;0;A01
201000055449;0;33;0;0;2;1;2;B01
201000055450;0;31;0;0;2;1;12;B01
201000055450;0;14;0;0;2;4;23;A01
201000055451;0;33;0;0;2;1;18;B01
201000055451;0;7;0;0;2;4;14;A01
201000055452;0;10;0;3;2;1;1;A01
201000055453;0;7;0;3;0;0;1;A01
201000055454;0;7;0;0;2;7;12;B01
201000055454;0;33;0;0;2;3;3;A01
201000055455;0;7;0;0;2;5;1;B01
201000055455;0;10;0;0;2;3;13;A01
201000055456;0;7;0;0;2;1;2;A01
201000055456;0;7;0;0;2;4;2;B01
201000055456;0;7;0;0;2;4;2;C01
201000055457;0;34;0;0;2;7;3;A01
201000055457;0;7;0;0;2;8;11;B01
201000055458;0;33;0;0;2;7;0;A01
201000055458;0;7;0;0;2;8;0;B01
201000055459;0;7;0;0;2;2;12;A01
201000055459;0;33;0;0;2;3;1;B01
201000055460;0;7;0;3;0;1;17;A01
201000055461;0;7;0;4;0;9;0;A01
201000055462;0;10;0;0;2;1;2;B01
201000055462;0;10;0;0;0;4;1;A01
201000055463;0;7;0;0;0;1;2;A01
201000055464;0;7;0;0;0;1;1;A01
201000055465;0;7;0;0;0;1;1;A01
201000055466;0;7;0;0;2;2;1;A01
201000055466;0;7;0;0;2;3;0;C01
201000055466;0;14;0;0;0;4;2;B01
201000055467;0;7;0;14;0;0;0;A01
201000055468;0;34;0;0;0;7;0;A01
201000055469;0;7;0;0;2;1;0;A01
201000055469;0;7;0;3;0;1;0;B01
201000055470;0;7;0;0;2;1;1;B01
201000055470;0;7;0;0;0;4;12;A01
201000055471;0;7;0;3;0;1;9;A01
201000055472;0;13;0;0;2;3;2;A01
201000055472;0;33;0;0;2;2;3;B01
201000055473;0;7;0;4;0;1;14;A01
201000055474;0;7;0;0;2;7;12;B01
201000055474;0;32;0;0;2;8;3;A01
201000055475;0;7;0;0;2;8;11;A01
201000055475;0;33;0;0;2;2;3;B01
201000055476;0;7;0;0;2;1;2;A01
201000055476;0;7;0;0;0;4;2;B01
201000055477;0;33;0;0;2;8;3;A01
201000055477;0;10;0;0;2;7;12;B01
201000055478;0;33;0;4;0;8;2;A01
201000055479;0;7;0;0;0;2;0;A01
201000055480;0;7;0;4;0;6;2;A01
201000055481;0;7;0;4;2;6;23;B01
201000055481;0;7;0;4;2;2;2;A01
201000055482;0;13;0;0;2;1;12;A01
201000055482;0;7;0;0;0;6;0;B01
201000055483;0;7;0;0;2;1;0;A01
201000055483;0;7;0;0;0;4;1;B01
201000055484;0;31;0;0;2;0;1;A01
201000055485;0;10;0;0;0;4;2;A01
201000055485;0;10;0;14;0;1;2;D01
201000055485;0;10;0;14;0;1;2;C01
201000055485;0;7;0;0;2;1;2;B01
201000055486;0;7;0;0;0;0;0;A01
201000055487;0;33;0;0;0;7;1;A01
201000055488;0;7;0;0;2;6;11;B01
201000055488;0;33;0;0;2;2;1;A01
201000055489;0;7;0;0;0;1;0;A01
201000055490;0;7;0;4;0;8;0;A01
201000055491;0;7;0;0;0;4;1;C01
201000055491;0;7;0;0;2;4;1;B01
201000055491;0;14;0;0;2;1;2;A01
201000055492;0;7;0;0;0;1;2;A01
201000055492;0;7;0;0;0;4;2;B01
201000055493;0;33;0;0;2;1;2;B01
201000055493;0;32;0;0;0;0;2;A01
201000055494;0;7;0;0;2;3;2;B01
201000055494;0;10;0;0;2;5;12;A01
201000055495;0;7;0;0;0;3;2;B01
201000055495;0;13;0;0;0;8;1;A01
201000055496;0;7;0;0;2;1;2;A01
201000055496;0;7;0;0;0;4;0;B01
201000055497;0;10;0;4;0;1;0;A01
201000055498;0;7;0;4;0;2;1;A01
201000055499;0;7;0;0;2;4;2;A01
201000055499;0;15;0;0;2;1;2;B01
201000055500;0;15;0;0;2;5;2;A01
201000055500;0;30;0;0;2;8;3;B01
201000055501;0;7;0;0;2;6;11;A01
201000055501;0;33;0;0;2;2;17;B01
201000055502;0;7;0;0;2;1;0;A01
201000055502;0;7;0;0;2;9;2;B01
201000055503;0;33;0;0;9;1;2;A01
201000055504;0;10;0;0;2;5;1;B01
201000055504;0;10;0;0;2;3;1;A01
201000055505;0;7;0;4;0;9;21;A01
201000055505;1;7;0;0;0;0;0;Z01
201000055506;0;15;0;0;0;0;0;C01
201000055506;0;7;0;0;0;0;0;D01
201000055506;0;7;0;0;0;0;0;B01
201000055506;0;7;0;0;0;0;0;A01
201000055507;0;10;0;4;0;1;0;A01
201000055508;0;7;0;0;2;1;2;A01
201000055508;0;7;0;0;2;4;2;C01
201000055508;0;7;0;0;2;1;2;B01
201000055509;0;33;0;0;0;7;0;A01
201000055510;0;7;0;0;2;4;2;B01
201000055510;0;7;0;0;2;1;2;A01
201000055511;0;34;0;0;2;5;1;A01
201000055511;0;7;0;0;2;3;11;B01
201000055512;0;7;0;0;0;0;0;A01
201000055512;0;7;0;0;0;0;0;B01
201000055513;0;7;0;4;0;4;21;A01
201000055514;0;31;0;4;0;7;0;A01
201000055515;0;7;0;4;2;1;18;B01
201000055515;0;7;0;4;2;4;12;A01
201000055516;0;7;0;4;0;1;0;A01
201000055517;0;33;0;0;0;0;1;A01
201000055518;0;10;0;3;0;1;1;A01
201000055519;0;7;0;0;2;8;0;A01
201000055520;0;7;0;0;0;4;2;A01
201000055520;0;7;0;1;0;1;2;B01
201000055521;0;10;0;0;2;6;11;A01
201000055521;0;33;0;0;2;2;1;B01
201000055522;0;10;0;0;2;6;0;A01
201000055522;0;15;0;0;2;2;12;B01
201000055523;0;33;0;0;0;3;1;A01
201000055524;0;7;0;4;0;3;2;A01
201000055525;0;7;0;0;2;3;1;A01
201000055525;0;7;0;0;2;7;12;B01
201000055526;0;7;0;0;0;0;0;A01
201000055527;0;7;0;0;0;5;2;A01
201000055527;0;31;0;0;0;3;12;B01
201000055528;0;7;0;0;0;0;0;A01
201000055529;0;7;0;4;9;1;2;A01
201000055530;0;7;0;0;0;0;13;B01
201000055530;0;34;0;0;0;8;2;A01
201000055531;0;13;0;0;0;2;1;A01
201000055531;0;16;0;0;0;1;11;B01
201000055532;0;7;0;0;2;2;14;A01
201000055532;0;7;0;0;0;3;1;B01
201000055533;0;7;0;3;0;2;14;A01
201000055534;0;7;0;4;9;1;1;A01
201000055535;0;7;0;0;2;1;2;A01
201000055535;0;7;0;0;2;4;2;B01
201000055536;0;7;0;4;0;1;1;A01
201000055537;0;7;0;0;2;9;2;B01
201000055537;0;7;0;0;0;4;2;C01
201000055537;0;7;0;0;2;1;2;A01
201000055538;0;7;0;4;0;1;1;A01
201000055539;0;10;0;0;2;8;1;A01
201000055539;0;10;0;0;2;2;14;B01
201000055540;0;7;0;4;0;1;11;A01
201000055541;0;7;0;0;2;6;23;C01
201000055541;0;10;0;0;2;4;23;B01
201000055541;0;7;0;0;2;1;1;A01
201000055542;0;7;0;0;0;0;1;A01
201000055543;0;33;0;0;2;1;3;B01
201000055543;0;7;0;0;0;5;1;A01
201000055544;0;7;0;4;0;1;0;A01
201000055545;0;7;0;4;0;1;0;A01
201000055546;1;7;0;0;2;1;0;Z01
201000055546;0;7;0;0;2;4;0;A01
201000055547;0;7;0;0;0;4;2;B01
201000055547;0;7;0;0;0;8;0;A01
201000055548;0;7;0;0;0;4;0;B01
201000055548;0;7;0;0;2;1;0;A01
201000055549;0;33;0;0;2;7;0;A01
201000055549;0;10;0;0;2;8;0;B01
201000055550;0;31;0;0;2;1;0;A01
201000055550;0;7;0;0;0;6;1;B01
201000055551;0;7;0;0;0;1;17;A01
201000055551;0;7;0;0;0;8;1;B01
201000055552;0;7;0;4;0;1;0;A01
201000055553;0;7;0;0;2;7;0;A01
201000055553;0;7;0;0;2;8;1;B01
201000055554;0;7;0;0;2;1;0;B01
201000055554;0;7;0;0;2;4;1;A01
201000055555;0;10;0;3;0;1;0;A01
201000055556;0;7;0;0;2;6;2;C01
201000055556;0;7;0;0;2;4;2;B01
201000055556;0;7;0;0;2;1;2;A01
201000055557;0;7;0;6;0;0;0;A01
201000055558;0;7;0;0;2;1;2;A01
201000055558;0;15;0;0;0;4;1;B01
201000055559;0;7;0;0;0;4;2;B01
201000055559;0;7;0;0;2;1;2;A01
201000055560;0;15;0;0;2;8;11;B01
201000055560;0;7;0;0;2;8;11;A01
201000055561;0;7;0;4;0;7;0;A01
201000055562;0;7;0;0;2;1;2;B01
201000055562;0;7;0;4;0;7;11;A01
201000055563;0;7;0;0;0;4;2;A01
201000055563;0;7;0;0;2;1;2;B01
201000055564;0;7;0;0;2;7;0;A01
201000055564;0;7;0;0;2;8;0;B01
201000055565;0;7;0;3;0;1;0;A01
201000055566;0;7;0;3;0;7;13;A01
201000055567;0;7;0;0;2;8;9;B01
201000055567;0;14;0;0;2;2;1;A01
201000055568;0;7;0;4;0;1;0;A01
201000055569;0;7;0;0;2;8;2;A01
201000055569;0;15;0;0;2;2;12;B01
201000055570;0;7;0;0;2;1;2;B01
201000055570;0;7;0;0;0;4;2;A01
201000055571;0;10;0;0;2;1;2;B01
201000055571;0;7;0;0;0;4;2;A01
201000055572;0;7;0;0;2;1;2;C01
201000055572;0;7;0;0;0;4;2;A01
201000055572;0;7;0;14;0;4;2;B01
201000055573;0;7;0;0;2;2;1;B01
201000055573;0;7;0;0;0;2;1;A01
201000055574;0;7;0;0;0;9;0;A01
201000055575;0;7;0;0;0;4;2;B01
201000055575;0;7;0;0;2;1;2;A01
201000055576;0;34;0;0;0;1;0;A01
201000055577;0;34;0;0;2;1;0;A01
201000055577;0;7;0;0;0;3;0;B01
201000055578;0;7;0;0;0;7;1;C01
201000055578;0;7;0;0;0;4;11;B01
201000055578;0;33;0;0;0;1;0;A01
201000055578;0;7;0;0;0;5;1;D01
201000055579;0;7;0;0;2;4;9;B01
201000055579;0;7;0;0;2;1;9;A01
201000055580;0;7;0;3;0;3;2;A01
201000055581;0;7;0;4;0;2;21;A01
201000055582;0;7;0;0;0;1;1;A01
201000055583;0;7;0;0;0;2;2;B01
201000055583;0;15;0;0;0;3;2;A01
201000055584;0;7;0;4;0;2;1;A01
201000055585;0;7;0;4;0;4;1;A01
201000055586;0;7;0;0;2;4;11;A01
201000055586;0;33;0;0;2;1;21;B01
201000055587;0;30;0;0;2;3;11;A01
201000055588;0;33;0;0;2;7;0;B01
201000055588;0;7;0;0;2;3;11;A01
201000055589;0;7;0;0;0;0;0;B01
201000055589;0;7;0;0;0;0;0;A01
201000055590;0;7;0;0;0;9;0;A01
201000055591;0;7;0;0;0;1;9;A01
201000055591;0;15;0;0;0;5;1;B01
201000055592;0;7;0;0;0;2;0;A01
201000055593;0;7;0;0;2;8;9;A01
201000055593;0;7;0;0;2;1;0;B01
201000055594;0;7;0;4;0;0;0;A01
201000055595;0;7;0;0;0;3;1;A01
201000055596;0;7;0;0;0;1;0;A01
201000055597;0;7;0;0;0;0;0;B01
201000055597;0;17;0;0;0;0;0;A01
201000055598;0;15;0;0;9;4;2;A01
201000055598;0;10;0;0;2;1;2;B01
201000055599;1;10;0;0;2;5;12;Z01
201000055599;0;33;0;0;2;8;11;B01
201000055600;0;32;0;0;0;0;1;A01
201000055601;0;7;0;0;0;5;17;B01
201000055601;0;33;0;0;0;1;3;A01
201000055602;0;10;0;0;2;4;0;A01
201000055602;0;33;0;0;2;1;0;B01
201000055603;0;33;0;0;2;7;3;B01
201000055603;0;7;0;0;2;8;11;A01
201000055604;0;32;0;0;2;7;12;A01
201000055604;0;7;0;0;2;8;1;B01
201000055605;0;10;0;4;2;8;1;B01
201000055605;0;15;0;4;2;2;12;C01
201000055605;0;10;0;4;2;1;1;A01
201000055606;0;10;0;4;2;8;1;B01
201000055606;0;15;0;4;2;2;1;C01
201000055606;0;10;0;4;2;1;17;A01
201000055607;0;10;0;0;0;0;0;C01
201000055607;0;34;0;0;2;1;9;A01
201000055607;0;17;0;0;0;0;0;B01
201000055608;0;7;0;0;0;1;0;A01
201000055609;0;7;0;4;0;1;1;A01
201000055610;0;7;0;4;0;2;21;A01
201000055611;0;7;0;0;2;4;2;B01
201000055611;0;7;0;0;2;1;2;A01
201000055612;0;7;0;6;0;1;14;A01
201000055613;0;7;0;0;2;4;0;B01
201000055613;0;7;0;5;2;7;0;A01
201000055614;0;7;0;0;0;6;2;A01
201000055614;0;7;0;0;2;0;0;B01
201000055615;0;7;0;0;0;1;2;A01
201000055616;0;7;0;0;2;4;2;B01
201000055616;0;7;0;0;2;1;2;A01
201000055617;0;7;0;0;0;0;11;B01
201000055617;0;33;0;0;0;9;3;A01
201000055618;0;7;0;4;0;2;21;A01
201000055619;0;7;0;0;0;0;0;A01
201000055620;0;7;0;0;0;4;2;A01
201000055620;0;7;0;0;2;1;2;B01
201000055621;0;33;0;0;0;2;21;A01
201000055622;0;7;0;4;0;3;0;A01
201000055623;0;7;0;0;0;1;0;A01
201000055624;0;7;0;6;0;2;2;A01
201000055625;0;7;0;0;2;2;2;B01
201000055625;0;7;0;0;0;6;23;A01
201000055626;0;7;0;0;2;1;2;A01
201000055626;0;7;0;0;0;4;2;B01
201000055626;0;7;0;0;0;4;2;C01
201000055627;0;7;0;0;2;8;2;A01
201000055627;0;7;0;4;2;3;11;B01
201000055628;0;10;0;4;0;3;1;A01
201000055629;0;32;0;0;2;1;2;A01
201000055629;0;7;0;0;0;5;2;B01
201000055630;0;33;0;4;0;8;21;A01
201000055631;0;7;0;3;0;1;0;A01
201000055632;0;33;0;4;0;3;0;A01
201000055633;0;14;0;0;2;3;21;B01
201000055633;0;7;0;4;2;1;0;A01
201000055634;0;15;0;0;2;0;0;A01
201000055634;0;7;0;0;2;4;9;B01
201000055635;0;7;0;0;2;3;1;B01
201000055635;0;7;0;0;2;1;21;A01
201000055636;0;10;0;0;2;1;1;B01
201000055636;0;14;0;0;2;2;1;C01
201000055636;0;7;0;0;2;6;11;A01
201000055637;0;31;0;0;2;1;1;B01
201000055637;0;7;0;0;0;4;11;A01
201000055638;0;7;0;0;2;1;2;A01
201000055638;0;7;0;0;0;4;2;B01
201000055639;0;10;0;4;0;2;0;A01
201000055640;0;10;0;0;2;1;2;B01
201000055640;0;10;0;0;2;4;2;A01
201000055641;0;7;0;4;0;3;0;A01
201000055642;0;10;0;0;2;4;1;C01
201000055642;0;10;0;0;2;1;1;B01
201000055642;0;10;0;0;0;4;1;A01
201000055642;0;10;0;0;2;1;1;D01
201000055643;0;7;0;4;0;1;1;A01
201000055644;0;7;0;0;2;1;0;A01
201000055644;0;7;0;0;0;4;1;C01
201000055644;0;7;0;0;2;4;1;B01
201000055645;0;7;0;4;0;8;21;A01
201000055646;0;7;0;0;2;4;1;D01
201000055646;0;7;0;0;2;1;12;A01
201000055646;0;7;0;0;2;4;1;B01
201000055646;0;7;0;0;2;4;1;F01
201000055646;0;7;0;0;2;4;1;E01
201000055646;0;7;0;0;2;4;1;C02
201000055647;0;7;0;0;2;4;2;C01
201000055647;0;7;0;0;2;4;1;B01
201000055647;0;10;0;0;2;1;2;A01
201000055648;0;7;0;0;2;4;1;A01
201000055648;0;17;0;0;2;1;0;B01
201000055649;0;7;0;3;0;1;21;A01
201000055650;0;7;0;0;0;6;2;A01
201000055650;0;7;0;0;2;1;14;B01
201000055651;0;7;0;0;2;4;2;B01
201000055651;0;7;0;0;0;4;1;A01
201000055651;0;7;0;0;2;1;2;C01
201000055652;0;7;0;0;0;8;11;B01
201000055652;0;33;0;0;2;2;3;A01
201000055653;0;10;0;0;2;2;2;A01
201000055653;0;7;0;0;2;9;2;B01
201000055653;0;7;0;0;2;4;2;C01
201000055654;0;33;0;0;2;1;3;B01
201000055654;0;7;0;0;2;6;11;A01
201000055655;0;33;0;4;2;1;3;B01
201000055655;0;7;0;4;2;5;12;A01
201000055656;0;33;0;0;2;7;3;B01
201000055656;0;7;0;0;9;8;11;A01
201000055657;0;7;0;0;2;0;0;B01
201000055657;0;7;0;0;2;0;0;C01
201000055657;0;15;0;0;2;1;0;A01
201000055658;0;7;0;0;2;1;0;B01
201000055658;0;7;0;0;2;4;0;A01
201000055658;0;7;0;0;2;1;0;C01
201000055659;0;32;0;4;0;1;0;A01
201000055660;0;7;0;0;0;6;11;A01
201000055660;0;33;0;0;2;1;2;B01
201000055661;0;10;0;0;2;2;0;B01
201000055661;0;10;0;0;2;6;0;A01
201000055662;0;10;0;0;2;5;23;B01
201000055662;0;7;0;0;2;2;2;A01
201000055662;0;7;0;0;2;3;21;C01
201000055663;0;16;0;0;2;2;1;C01
201000055663;0;10;0;0;0;2;1;A01
201000055663;0;10;0;0;2;6;1;B01
201000055664;0;33;0;0;2;0;0;A01
201000055664;0;7;0;0;2;0;0;B01
201000055665;0;33;0;0;0;0;1;A01
201000055666;0;7;0;0;2;1;2;A01
201000055666;0;7;0;0;2;4;2;B01
201000055667;0;7;0;0;2;1;2;A01
201000055667;0;7;0;0;2;4;2;B01
201000055668;0;33;0;0;0;7;1;B01
201000055668;0;7;0;0;2;8;11;A01
201000055669;0;7;0;0;0;6;1;A01
201000055669;0;33;0;0;2;1;2;B01
201000055670;0;7;0;4;0;1;0;A01
201000055671;0;7;0;0;2;8;9;A01
201000055671;0;33;0;0;2;2;11;B01
201000055672;0;7;0;4;0;3;2;A01
201000055673;0;7;0;0;2;5;14;A01
201000055673;0;33;0;0;2;1;1;B01
201000055674;0;7;0;0;0;6;2;B01
201000055674;0;17;0;0;0;2;2;A01
201000055675;0;7;0;0;2;5;1;B01
201000055675;0;14;0;0;2;8;1;C01
201000055675;0;33;0;0;2;1;3;A01
201000055676;0;7;0;4;0;1;16;A01
201000055677;0;7;0;0;2;2;12;A01
201000055677;0;33;0;0;2;3;1;B01
201000055678;0;13;0;3;0;1;1;A01
201000055679;0;7;0;0;2;2;1;A01
201000055679;0;34;0;0;2;6;2;B01
201000055680;0;7;0;0;2;9;12;D01
201000055680;0;7;0;0;2;1;1;C01
201000055680;0;7;0;0;1;3;1;A01
201000055680;0;7;0;0;2;4;1;B01
201000055681;0;33;0;0;2;4;1;A01
201000055681;0;7;0;0;2;1;2;B01
201000055682;0;7;0;4;0;1;1;A01
201000055683;0;7;0;0;2;1;2;B01
201000055684;0;33;0;0;0;0;1;A01
201000055685;0;7;0;4;0;1;0;A01
201000055686;0;7;0;0;0;9;0;A01
201000055687;0;7;0;14;0;1;1;A01
201000055688;0;7;0;0;0;4;9;A01
201000055688;0;32;0;0;2;1;21;B01
201000055689;0;7;0;0;2;1;11;A01
201000055689;0;15;0;0;2;3;1;B01
201000055690;0;31;0;0;0;0;0;A01
201000055691;0;7;0;4;0;1;0;A01
201000055692;0;10;0;0;0;1;0;A01
201000055693;0;7;0;0;2;3;1;C01
201000055693;0;7;0;0;2;1;0;B01
201000055693;0;7;0;0;2;6;0;A01
201000055694;0;15;0;0;2;2;1;A01
201000055694;0;10;0;4;2;5;1;C01
201000055694;0;7;0;4;2;6;11;B01
201000055695;0;7;0;4;0;2;1;A01
201000055696;0;7;0;0;0;1;17;A01
201000055697;0;10;0;1;0;1;1;B01
201000055697;0;10;0;0;0;0;1;A01
201000055697;0;10;0;1;0;1;1;C01
201000055698;0;33;0;0;2;2;3;B01
201000055698;0;7;0;0;2;3;11;A01
201000055699;0;32;0;0;2;2;3;B01
201000055699;0;7;0;0;2;6;11;A01
201000055700;0;7;0;0;2;4;0;B01
201000055700;0;17;0;0;2;1;0;A01
201000055701;1;7;0;0;2;0;0;Z01
201000055701;0;34;0;0;2;7;12;A01
201000055702;0;7;0;0;2;1;2;A01
201000055702;0;7;0;4;2;4;2;B01
201000055703;0;7;0;0;2;4;1;C01
201000055703;0;10;0;0;2;1;1;A01
201000055703;0;7;0;0;2;4;1;B01
201000055704;0;33;0;0;2;3;0;A01
201000055704;0;10;0;0;0;0;0;B01
201000055705;0;7;0;4;0;8;0;A01
201000055706;0;7;0;0;2;6;1;A01
201000055706;0;15;0;0;2;2;12;B01
201000055707;0;15;0;4;0;1;0;A01
201000055708;0;7;0;4;2;6;2;B01
201000055708;0;15;0;0;2;2;12;A01
201000055709;0;7;0;0;2;6;2;B01
201000055709;0;7;0;3;2;1;2;A01
201000055710;0;30;0;0;0;6;0;A01
201000055711;0;15;0;0;2;2;12;B01
201000055711;0;7;0;3;2;6;1;A01
201000055712;0;10;0;4;0;3;0;A01
201000055713;0;7;0;3;0;6;0;A01
201000055714;0;7;0;4;0;9;0;A01
201000055715;0;7;0;0;2;2;1;A01
201000055715;0;34;0;0;2;8;2;B01
201000055716;0;7;0;0;0;0;0;A01
201000055717;0;7;0;4;0;2;0;A01
201000055718;0;33;0;0;2;2;17;B01
201000055718;0;7;0;0;2;6;11;A01
201000055719;0;14;0;0;0;1;0;A01
201000055719;0;7;0;0;0;1;0;B01
201000055720;0;7;0;3;0;1;0;A01
201000055721;0;15;0;0;2;2;12;B01
201000055721;0;7;0;0;2;8;1;A01
201000055722;0;7;0;4;0;3;0;A01
201000055723;0;33;0;0;2;1;2;B01
201000055723;0;7;0;0;0;4;2;A01
201000055724;0;7;0;0;0;4;2;A01
201000055724;0;15;0;0;2;1;2;B01
201000055725;0;7;0;0;2;1;1;A01
201000055725;0;7;0;0;0;4;1;B01
201000055726;0;7;0;4;0;9;0;A01
201000055727;0;7;0;0;2;8;1;B01
201000055727;0;31;0;0;2;9;21;A01
201000055728;0;33;0;0;2;2;3;B01
201000055728;0;7;0;0;2;8;13;A01
201000055729;0;7;0;4;0;3;1;A01
201000055730;0;7;0;3;0;1;1;A01
201000055731;0;7;0;4;2;7;12;A01
201000055731;0;7;0;0;0;8;2;B01
201000055732;0;7;0;3;0;1;1;A01
201000055733;0;7;0;4;0;3;1;A01
201000055734;0;33;0;0;0;8;0;A01
201000055735;0;7;0;3;0;1;0;A01
201000055736;0;7;0;0;0;4;23;A01
201000055736;0;7;0;0;2;1;2;B01
201000055737;0;7;0;0;2;5;12;A01
201000055737;0;31;0;0;2;8;3;B01
201000055738;0;7;0;0;2;3;11;A01
201000055738;0;33;0;0;2;1;3;B01
201000055739;0;7;0;0;2;4;2;B01
201000055739;0;99;0;0;2;1;2;A01
201000055739;0;7;0;0;2;4;2;C01
201000055740;0;7;0;4;0;1;12;A01
201000055741;0;33;0;0;2;0;0;A01
201000055741;0;7;0;0;2;1;0;B01
201000055742;0;33;0;0;0;9;21;A01
201000055743;0;7;0;4;0;1;0;A01
201000055744;0;7;0;4;0;2;1;A01
201000055745;0;7;0;6;2;7;1;B01
201000055745;0;7;0;0;0;7;1;A01
201000055746;0;7;0;0;2;4;2;B01
201000055746;0;7;0;0;2;1;2;C01
201000055746;0;7;0;0;2;4;2;A01
201000055747;0;7;0;0;2;4;2;B01
201000055747;0;7;0;0;2;4;2;C01
201000055747;0;7;0;0;2;1;2;A01
201000055748;0;14;0;0;2;4;1;A01
201000055748;0;15;0;0;2;1;1;B01
201000055749;0;7;0;0;2;6;11;A01
201000055749;0;33;0;0;2;1;1;B01
201000055750;0;7;0;3;2;4;2;B01
201000055750;0;10;0;3;2;1;2;A01
201000055751;0;32;0;0;2;7;3;A01
201000055751;0;7;0;0;2;3;11;B01
201000055752;0;7;0;0;2;6;11;A01
201000055752;0;7;0;0;2;2;1;B01
201000055753;0;34;0;0;2;4;1;A01
201000055754;0;33;0;0;2;1;2;A01
201000055754;0;7;0;0;2;4;2;B01
201000055755;0;7;0;0;2;6;1;B01
201000055755;0;14;0;0;2;2;11;A01
201000055756;0;7;0;0;2;3;11;B01
201000055756;0;31;0;0;2;7;1;A01
201000055757;0;7;0;0;0;9;21;A01
201000055758;0;7;0;0;0;3;1;A01
201000055758;0;33;0;0;0;7;0;B01
201000055759;0;7;0;0;0;1;2;A01
201000055759;0;7;0;0;0;0;2;C01
201000055759;0;7;0;0;0;1;2;B01
201000055760;0;33;0;0;2;1;12;A01
201000055760;0;33;0;0;2;4;1;B01
201000055761;0;7;0;4;0;1;17;A01
201000055762;0;7;0;0;0;1;0;A01
201000055763;0;7;0;0;2;6;11;B01
201000055763;0;33;0;0;2;1;2;A01
201000055764;0;7;0;0;0;2;0;A01
201000055765;0;7;0;0;2;1;2;A01
201000055765;0;7;0;0;0;4;2;B01
201000055766;0;7;0;4;0;9;21;A01
201000055767;0;7;0;0;0;0;0;A01
201000055768;0;34;0;0;2;4;2;B01
201000055768;0;33;0;0;2;1;2;A01
201000055769;0;10;0;3;0;2;14;A01
201000055770;0;7;0;0;0;7;0;B01
201000055770;0;2;0;0;0;3;0;A01
201000055771;0;7;0;14;0;2;1;A01
201000055772;0;14;0;6;0;1;0;A01
201000055773;0;7;0;0;2;8;0;C01
201000055773;0;10;0;0;2;1;2;A01
201000055773;0;7;0;0;2;9;0;B01
201000055774;0;7;0;0;0;3;21;A01
201000055775;0;17;0;0;2;1;2;C01
201000055775;0;7;0;0;2;4;2;A01
201000055775;0;7;0;0;2;0;2;B01
201000055776;0;7;0;0;2;1;2;A01
201000055776;0;7;0;0;0;4;2;B01
201000055777;0;32;0;0;0;0;16;A01
201000055778;0;7;0;0;2;2;2;A01
201000055778;0;7;0;0;2;8;21;B01
201000055779;0;7;0;4;0;1;0;A01
201000055780;0;7;0;4;0;1;0;A01
201000055781;0;33;0;0;2;3;2;A01
201000055781;0;32;0;0;2;5;2;B01
201000055782;0;7;0;0;0;4;1;A01
201000055782;0;33;0;0;2;1;21;B01
201000055783;0;33;0;0;0;8;9;A01
201000055784;0;7;0;0;2;2;2;C01
201000055784;0;7;0;0;2;1;2;B01
201000055784;0;7;0;0;0;4;2;A01
201000055785;0;7;0;0;2;3;2;A01
201000055785;0;7;0;4;0;4;2;B01
201000055786;0;33;0;8;0;1;1;A01
201000055787;0;7;0;0;0;8;11;A01
201000055787;0;32;0;0;2;1;3;C01
201000055787;0;7;0;0;0;5;2;B01
201000055788;0;7;0;0;0;3;0;A01
201000055789;0;7;0;4;0;1;1;A01
201000055790;0;7;0;4;0;1;0;A01
201000055791;0;7;0;0;4;3;0;A01
201000055792;0;7;0;4;0;1;14;A01
201000055793;0;7;0;4;0;1;0;A01
201000055794;0;7;0;4;0;1;1;A01
201000055795;0;7;0;4;0;3;13;A01
201000055796;0;7;0;4;0;3;1;A01
201000055797;0;7;0;5;0;1;0;A01
201000055798;0;7;0;3;0;1;1;A01
201000055799;0;7;0;4;0;1;1;A01
201000055800;0;7;0;0;2;1;1;A01
201000055800;0;13;0;0;2;0;1;B01
201000055801;0;7;0;0;2;2;2;B01
201000055801;0;7;0;0;2;1;2;A01
201000055801;0;13;0;0;2;1;2;C01
201000055802;0;7;0;0;2;1;1;C01
201000055802;0;17;0;4;2;1;0;A01
201000055802;0;7;0;0;2;6;1;B01
201000055803;0;10;0;3;0;1;0;A01
201000055804;0;7;0;3;0;4;1;A01
201000055805;0;10;0;0;2;3;0;A01
201000055805;0;7;0;0;2;8;1;B01
201000055806;0;7;0;0;2;1;0;A01
201000055806;0;7;0;0;2;8;0;B01
201000055807;0;7;0;4;0;3;1;A01
201000055808;0;7;0;4;0;1;21;A01
201000055809;0;7;0;4;0;3;0;A01
201000055810;0;7;0;4;0;9;0;A01
201000055811;0;7;0;0;2;2;0;B01
201000055811;0;33;0;0;2;6;0;A01
201000055812;0;7;0;0;0;0;0;A01
201000055813;0;10;0;0;2;8;0;C01
201000055813;0;7;0;0;2;4;0;B01
201000055813;0;14;0;0;2;1;0;A01
201000055813;0;10;0;0;2;1;2;D01
201000055814;0;7;0;0;2;1;17;A01
201000055814;0;7;0;0;2;8;2;B01
201000055815;0;7;0;4;0;9;0;A01
201000055816;0;7;0;0;2;4;2;B01
201000055816;0;7;0;0;2;1;2;A01
201000055817;0;7;0;0;2;1;0;B01
201000055818;0;32;0;0;2;1;3;A01
201000055818;0;7;0;0;2;5;2;B01