num_acc;senc;catv;occutc;obs;obsm;choc;manv;num_veh
201000055818;0;33;0;0;2;4;2;C01
201000055819;0;7;0;3;0;1;0;A01
201000055820;0;7;0;0;2;1;2;D01
201000055820;0;7;0;0;2;9;2;B01
201000055820;0;7;0;0;0;4;1;A01
201000055820;0;7;0;0;2;9;2;C01
201000055821;0;7;0;4;2;8;0;C01
201000055821;0;7;0;0;2;1;1;A01
201000055821;0;7;0;0;1;0;9;B01
201000055822;0;7;0;0;2;1;2;A01
201000055822;0;7;0;0;2;4;2;B01
201000055823;0;7;0;6;0;9;0;A01
201000055824;0;7;0;0;2;3;0;A01
201000055825;0;7;0;0;2;8;11;A01
201000055825;0;33;0;0;2;7;1;B01
201000055826;0;7;0;0;2;8;0;B01
201000055826;0;32;0;0;2;7;0;A01
201000055827;0;33;0;0;2;2;2;A01
201000055827;1;7;0;0;0;0;11;B01
201000055828;0;7;0;0;2;1;2;B01
201000055828;0;7;0;0;0;4;2;A01
201000055829;0;7;0;0;0;0;0;A01
201000055830;0;7;0;4;0;2;0;A01
201000055831;0;7;0;4;2;1;21;A01
201000055832;0;7;0;0;2;1;21;B01
201000055832;0;7;0;0;2;3;21;C01
201000055832;0;7;0;0;0;5;23;A01
201000055833;0;34;0;0;2;7;2;A01
201000055834;0;7;0;4;0;1;9;A01
201000055835;0;7;0;0;2;7;2;A01
201000055835;0;7;0;0;2;8;2;B01
201000055836;0;31;0;0;2;8;3;A01
201000055836;0;7;0;0;2;7;1;B01
201000055837;0;33;0;0;2;4;2;B01
201000055837;0;33;0;0;2;1;2;A01
201000055838;0;10;0;3;0;1;0;A01
201000055839;0;33;0;0;0;2;1;A01
201000055839;0;7;0;0;2;8;11;B01
201000055840;0;7;0;0;2;2;2;A01
201000055840;0;7;0;0;2;3;0;B01
201000055841;0;7;0;0;2;1;2;C01
201000055841;0;7;0;0;0;4;2;A01
201000055841;0;7;0;0;2;4;2;B01
201000055842;0;7;0;0;2;4;2;B01
201000055842;0;7;0;0;2;1;2;A01
201000055843;0;7;0;0;2;1;2;A01
201000055843;0;7;0;0;2;4;2;B01
201000055844;0;7;0;0;2;4;0;B01
201000055844;0;7;0;0;2;4;0;A01
201000055844;2;7;0;0;2;1;0;Z01
201000055845;0;7;0;0;2;1;1;B01
201000055845;0;7;0;0;2;1;5;A01
201000055846;0;7;0;0;6;1;21;A01
201000055847;0;7;0;0;0;8;2;A01
201000055847;1;10;0;0;0;0;0;Z01
201000055848;0;7;0;0;0;1;2;C01
201000055848;0;7;0;0;0;4;1;A01
201000055848;0;10;0;0;0;4;1;B01
201000055849;0;7;0;14;2;0;0;A01
201000055849;0;7;0;0;2;1;0;B01
201000055849;0;7;0;0;2;1;0;C01
201000055850;0;7;0;4;0;1;16;A01
201000055851;2;10;0;4;0;3;0;A01
201000055852;0;33;0;0;2;8;3;A01
201000055852;0;7;0;0;2;6;11;B01
201000055853;0;7;0;5;2;2;2;A01
201000055853;0;7;0;0;2;6;2;B01
201000055854;0;32;0;0;2;1;18;A01
201000055854;0;7;0;0;2;1;2;D01
201000055854;0;32;0;0;2;1;18;C01
201000055854;0;33;0;0;2;4;18;B01
201000055855;0;7;0;0;2;2;14;A01
201000055855;0;32;0;0;2;4;1;B01
201000055856;0;13;0;0;0;4;2;A01
201000055856;0;32;0;0;2;1;9;B01
201000055857;0;7;0;4;0;1;0;A01
201000055858;0;7;0;0;0;2;0;A01
201000055859;0;13;0;0;2;4;1;B01
201000055859;0;7;0;0;2;1;1;A01
201000055860;0;7;0;0;2;4;2;B01
201000055860;0;7;0;0;2;1;2;A01
201000055861;0;7;0;0;0;4;2;A01
201000055861;0;7;0;0;2;1;2;B01
201000055861;0;7;0;0;2;4;2;C01
201000055862;0;7;0;4;0;1;0;A01
201000055863;0;7;0;0;2;6;0;B01
201000055863;0;7;0;0;2;2;2;A01
201000055864;0;7;0;4;0;8;21;A01
201000055865;0;10;0;16;0;1;0;A01
201000055866;0;10;0;0;0;4;2;B01
201000055866;0;33;0;0;2;1;2;A01
201000055867;0;7;0;0;0;4;0;B01
201000055867;0;33;0;0;0;0;0;C01
201000055867;0;7;0;0;0;9;0;A01
201000055868;0;15;0;0;2;2;1;B01
201000055868;0;7;0;0;2;5;1;A01
201000055869;0;15;0;0;2;4;2;D01
201000055869;0;14;0;0;2;1;9;A01
201000055869;0;7;0;0;2;4;2;C01
201000055869;0;7;0;0;2;4;2;B01
201000055870;1;7;0;0;0;0;1;Z01
201000055870;0;33;0;0;2;2;1;A01
201000055870;0;7;0;0;2;5;1;B01
201000055871;0;7;0;3;0;1;1;A01
201000055872;0;31;0;0;0;8;9;A01
201000055873;0;7;0;0;0;4;2;A01
201000055873;0;33;0;0;2;1;2;B01
201000055874;0;7;0;0;0;8;1;B01
201000055874;0;7;0;0;0;2;14;A01
201000055875;0;7;0;0;2;6;3;A01
201000055875;0;32;0;0;2;2;3;B01
201000055876;0;14;0;0;2;2;12;A01
201000055876;0;7;0;0;2;8;1;B01
201000055877;0;7;0;0;2;4;2;B01
201000055877;0;7;0;0;2;1;1;A01
201000055878;0;10;0;0;2;4;2;A01
201000055878;0;10;0;0;2;1;2;C01
201000055878;0;10;0;0;2;1;2;B01
201000055879;0;7;0;0;0;0;0;B01
201000055879;0;7;0;0;2;1;0;A01
201000055879;0;7;0;0;0;0;0;C01
201000055879;0;10;0;0;0;0;0;D01
201000055880;0;7;0;0;2;8;1;C01
201000055880;0;33;0;0;2;2;3;A01
201000055880;0;7;0;0;2;3;11;B01
201000055881;0;10;0;0;0;4;2;B01
201000055881;0;7;0;0;2;1;2;A01
201000055882;0;7;0;3;0;1;1;A01
201000055883;0;10;0;0;2;8;0;D01
201000055883;0;7;0;0;2;4;0;B01
201000055883;0;10;0;0;2;6;0;C01
201000055883;0;7;0;0;2;0;0;A01
201000055884;0;34;0;0;2;8;3;A01
201000055884;0;7;0;0;2;5;1;B01
201000055885;0;7;0;4;0;1;1;A01
201000055886;0;7;0;0;0;0;0;A01
201000055887;0;7;0;4;0;3;1;A01
201000055888;0;7;0;0;0;8;1;E01
201000055888;0;7;0;0;2;6;12;B01
201000055888;0;99;0;0;2;2;1;A01
201000055888;0;7;0;0;0;4;1;D01
201000055888;0;10;0;0;2;6;1;C01
201000055889;0;31;0;0;0;3;1;A01
201000055890;0;7;0;4;0;1;0;A01
201000055891;0;7;0;3;0;1;0;A01
201000055892;0;7;0;3;0;1;0;A01
201000055893;0;33;0;3;0;7;16;A01
201000055894;0;7;0;3;0;6;1;B01
201000055894;0;15;0;0;2;2;12;A01
201000055895;0;7;0;12;2;2;9;A01
201000055896;0;32;0;0;2;0;0;A01
201000055897;0;33;0;4;0;7;16;A01
201000055898;0;31;0;0;2;2;3;A01
201000055899;0;33;0;0;2;2;3;A01
201000055899;0;7;0;0;2;2;1;B01
201000055899;0;7;0;0;0;0;0;C01
201000055900;0;7;0;3;2;1;2;A01
201000055900;0;7;0;3;0;4;2;B01
201000055901;0;7;0;4;0;1;9;B01
201000055901;0;15;0;0;2;1;0;A01
201000055902;0;7;0;0;2;8;1;B01
201000055902;0;7;0;0;2;1;21;A01
201000055903;0;7;0;1;0;2;23;C01
201000055903;0;15;0;0;2;6;23;B01
201000055903;0;33;0;0;2;1;0;A01
201000055904;0;10;0;0;2;2;12;A01
201000055904;0;33;0;0;2;1;3;B01
201000055904;0;7;0;0;2;4;2;C01
201000055905;0;32;0;0;0;8;0;A01
201000055906;0;7;0;0;2;1;2;A01
201000055906;0;7;0;0;0;4;2;B01
201000055907;0;7;0;0;2;7;14;B01
201000055907;0;10;0;0;2;8;2;A01
201000055908;0;7;0;0;2;4;1;A01
201000055908;0;10;0;0;2;3;11;C01
201000055908;0;10;0;0;2;7;1;B01
201000055909;0;7;0;4;0;3;1;A01
201000055910;0;7;0;0;2;1;12;A01
201000055910;0;7;0;0;2;8;2;C01
201000055910;0;7;0;0;2;7;2;B01
201000055911;0;7;0;0;2;6;12;B01
201000055911;0;33;0;0;2;1;2;A01
201000055912;0;31;0;0;2;7;0;A01
201000055912;0;7;0;0;2;3;0;B01
201000055913;0;7;0;0;2;8;21;B01
201000055913;0;7;0;0;0;7;12;A01
201000055914;0;10;0;0;2;4;2;B01
201000055914;0;33;0;0;2;4;0;C01
201000055914;0;10;0;0;2;3;12;A01
201000055915;0;7;0;0;2;7;1;A01
201000055915;1;15;0;0;2;1;11;Z01
201000055916;0;33;0;0;2;2;3;B01
201000055916;0;7;0;0;2;3;2;A01
201000055917;0;7;0;0;0;1;0;A01
201000055918;0;7;0;0;2;2;0;B01
201000055918;0;33;0;0;2;2;0;A01
201000055919;0;7;0;4;0;2;1;A01
201000055920;0;14;0;0;0;1;1;A01
201000055920;2;7;0;0;0;1;1;Z01
201000055921;0;7;0;4;0;2;1;A01
201000055922;0;7;0;4;0;1;0;A01
201000055923;0;7;0;0;2;6;11;A01
201000055923;0;15;0;0;2;2;2;B01
201000055924;0;7;0;4;0;1;1;A01
201000055925;0;7;0;4;0;1;1;A01
201000055926;0;7;0;0;2;5;1;B01
201000055926;0;7;0;0;2;4;2;A01
201000055926;0;7;0;0;2;1;1;C01
201000055927;0;7;0;0;0;9;0;A01
201000055928;0;7;0;0;0;3;12;A01
201000055929;0;15;0;0;2;4;2;B01
201000055929;0;14;0;0;2;1;2;A01
201000055930;0;33;0;0;2;8;0;A01
201000055930;0;7;0;0;2;7;0;B01
201000055931;0;7;0;0;2;3;11;C01
201000055931;0;7;0;0;2;4;1;B01
201000055931;0;33;0;0;2;1;3;A01
201000055932;0;33;0;0;0;2;1;A01
201000055933;0;15;0;0;2;4;2;A01
201000055933;0;7;0;0;2;1;2;B01
201000055934;0;7;0;0;2;0;9;A01
201000055934;0;33;0;0;2;0;3;B01
201000055935;0;7;0;0;0;0;0;A01
201000055935;0;15;0;0;0;0;0;B01
201000055936;0;7;0;0;2;7;12;A01
201000055936;0;33;0;0;2;8;1;B01
201000055937;0;7;0;3;0;1;0;A01
201000055938;0;7;0;0;0;0;0;A01
201000055939;0;7;0;0;0;0;0;A01
201000055940;0;7;0;4;0;1;0;A01
201000055941;0;7;0;0;0;0;0;A01
201000055942;0;7;0;0;0;4;1;A01
201000055942;0;14;0;0;2;1;2;B01
201000055943;0;7;0;0;2;8;1;A01
201000055943;0;7;0;0;2;9;0;B01
201000055944;0;30;0;10;2;2;0;A01
201000055944;0;7;0;0;2;3;0;B01
201000055945;0;7;0;0;0;0;1;A01
201000055946;0;7;0;0;0;1;2;A01
201000055946;0;7;0;0;0;4;2;B01
201000055947;0;7;0;3;0;1;1;A01
201000055948;0;7;0;4;0;8;1;A01
201000055949;0;7;0;0;2;4;1;B01
201000055949;0;33;0;0;2;1;0;C01
201000055949;0;7;0;0;2;3;1;A01
201000055950;0;7;0;0;2;4;12;B01
201000055950;0;7;0;0;2;1;1;A01
201000055951;0;34;0;0;2;1;3;A01
201000055951;0;15;0;0;2;8;1;C01
201000055951;0;7;0;0;2;7;1;B01
201000055952;0;10;0;0;2;7;1;B01
201000055952;0;16;0;0;2;1;12;C01
201000055952;0;7;0;0;0;6;1;A01
201000055953;0;14;0;0;0;0;23;B01
201000055953;0;33;0;0;9;1;1;A01
201000055954;0;7;0;0;0;2;1;A01
201000055955;0;7;0;4;0;0;0;A01
201000055956;0;33;0;0;2;2;3;A01
201000055956;0;10;0;0;2;8;11;B01
201000055956;0;10;0;0;0;4;1;C01
201000055957;0;16;0;0;0;6;2;B01
201000055957;0;7;0;0;2;2;14;A01
201000055958;0;7;0;0;2;1;2;A01
201000055958;0;7;0;0;2;4;2;B01
201000055959;0;7;0;0;2;7;12;A01
201000055959;0;33;0;0;2;3;2;B01
201000055960;0;7;0;0;0;0;0;A01
201000055960;1;7;0;0;0;0;0;Z01
201000055961;0;34;0;0;2;8;2;C01
201000055961;0;7;0;0;2;2;12;B01
201000055961;0;7;0;0;2;7;2;A01
201000055962;0;7;0;0;0;4;2;A01
201000055962;0;7;0;0;0;1;2;B01
201000055963;0;7;0;0;0;5;1;B01
201000055963;0;33;0;0;2;1;3;A01
201000055964;0;33;0;0;2;1;1;A01
201000055964;0;7;0;0;2;8;11;B01
201000055965;0;10;0;0;2;7;0;B01
201000055965;0;33;0;0;2;8;0;A01
201000055966;0;7;0;4;0;1;1;A01
201000055967;0;20;0;4;0;3;0;A01
201000055968;0;7;0;4;2;3;2;A01
201000055968;0;7;0;0;2;1;2;B01
201000055969;0;7;0;4;0;1;1;A01
201000055970;0;7;0;0;2;4;2;A01
201000055970;0;7;0;0;2;9;2;B01
201000055971;0;7;0;4;0;1;0;A01
201000055972;0;7;0;1;0;9;1;C01
201000055972;0;7;0;3;0;3;1;A01
201000055972;0;7;0;4;2;3;1;B01
201000055973;0;7;0;3;0;7;14;A01
201000055974;0;7;0;4;0;1;0;A01
201000055975;0;7;0;4;0;8;0;A01
201000055976;0;7;0;0;0;0;0;A01
201000055977;0;33;0;0;0;0;3;A01
201000055978;0;15;0;0;2;2;0;A01
201000055978;0;7;0;0;2;3;9;B01
201000055979;0;7;0;0;2;4;2;B01
201000055979;0;7;0;0;2;1;2;C01
201000055979;0;7;0;0;0;4;0;A01
201000055980;0;10;0;0;2;4;0;B01
201000055980;0;7;0;0;2;1;0;A01
201000055981;0;31;0;0;2;1;2;A01
201000055981;0;7;0;0;0;0;2;B01
201000055982;0;7;0;4;0;1;0;A01
201000055983;0;33;0;0;0;1;21;B01
201000055983;0;7;0;0;2;6;1;A01
201000055984;0;7;0;4;0;3;1;A01
201000055985;0;7;0;0;0;1;0;A01
201000055986;0;33;0;16;0;7;0;A01
201000055987;0;7;0;0;0;9;0;A01
201000055988;0;7;0;4;0;1;0;A01
201000055989;0;7;0;4;0;1;12;A01
201000055990;0;7;0;4;0;1;1;A01
201000055991;0;7;0;0;0;8;2;B01
201000055991;0;7;0;0;0;7;1;A01
201000055992;0;10;0;3;0;1;13;A01
201000055993;0;7;0;13;0;9;0;A01
201000055994;0;15;0;4;0;1;2;A01
201000055995;0;7;0;4;0;9;0;A01
201000055996;0;7;0;0;2;1;1;B01
201000055996;0;10;0;0;2;1;2;C01
201000055996;0;7;0;0;0;8;1;A01
201000055997;0;7;0;4;2;8;1;A01
201000055997;0;7;0;4;2;1;14;B01
201000055998;0;33;0;0;0;8;0;A01
201000055999;0;7;0;0;0;1;1;A01
201000056000;0;7;0;4;0;3;0;A01
201000056001;0;7;0;3;0;1;0;A01
201000056002;0;7;0;4;0;1;21;A01
201000056003;0;31;0;14;0;1;12;A01
201000056004;0;33;0;0;2;3;3;A01
201000056004;0;7;0;0;2;5;1;B01
201000056005;0;7;0;0;2;5;1;A01
201000056005;1;7;0;0;0;3;0;B01
201000056006;0;33;0;0;0;7;0;A01
201000056007;0;7;0;4;0;9;0;A01
201000056008;0;7;0;15;0;3;1;A01
201000056009;0;7;0;0;2;7;1;B01
201000056009;0;7;0;4;2;1;19;A01
201000056010;0;7;0;13;0;1;9;A01
201000056011;0;7;0;4;0;1;0;A01
201000056012;0;7;0;0;2;1;0;A01
201000056012;0;7;0;0;2;4;1;B01
201000056013;0;7;0;3;0;1;0;A01
201000056014;0;7;0;3;0;4;0;A01
201000056015;0;7;0;0;0;3;0;A01
201000056016;0;10;0;4;0;3;1;A01
201000056017;0;7;0;4;0;3;1;A01
201000056018;0;7;0;0;0;0;0;A01
201000056018;0;7;0;4;0;3;11;B01
201000056019;0;7;0;4;0;3;0;A01
201000056020;0;7;0;0;0;1;2;A01
201000056020;0;7;0;0;2;4;2;B01
201000056021;0;10;0;0;0;1;2;C01
201000056021;0;7;0;0;2;2;2;B01
201000056021;0;7;0;0;2;4;2;A01
201000056022;0;7;0;0;2;4;0;B01
201000056022;0;7;0;0;2;1;1;A01
201000056023;0;15;0;0;2;1;1;A01
201000056023;0;10;0;0;2;8;1;B01
201000056024;0;7;0;4;9;1;1;A01
201000056024;0;15;0;0;0;0;1;B01
201000056025;0;7;0;1;0;1;2;D01
201000056025;0;7;0;0;2;4;2;B01
201000056025;0;7;0;0;2;8;2;C01
201000056025;0;7;0;0;2;1;2;A01
201000056026;0;7;0;4;0;2;0;A01
201000056027;0;7;0;0;2;0;0;A01
201000056027;0;7;0;0;2;0;0;B01
201000056027;0;10;0;0;2;7;22;D01
201000056027;0;33;0;0;2;0;2;C01
201000056028;0;10;0;0;2;1;2;B01
201000056028;0;7;0;4;2;6;2;A01
201000056029;0;33;0;14;0;1;2;A01
201000056029;0;7;0;14;0;1;2;C01
201000056029;0;7;0;0;2;3;13;B01
201000056030;0;7;0;0;2;4;2;B01
201000056030;0;33;0;0;2;1;2;A01
201000056031;0;10;0;0;2;4;2;B01
201000056031;0;7;0;0;2;1;2;A01
201000056032;0;7;0;0;2;4;2;B01
201000056032;0;7;0;0;2;1;2;A01
201000056033;0;7;0;0;2;6;11;A01
201000056033;0;33;0;0;2;7;0;B01
201000056034;0;7;0;0;2;4;2;A01
201000056034;0;33;0;0;2;1;2;B01
201000056035;0;7;0;0;2;1;2;A01
201000056035;0;10;0;0;2;4;2;B01
201000056036;0;33;0;0;2;1;1;B01
201000056036;0;7;0;0;2;8;11;A01
201000056037;0;31;0;0;2;7;0;B01
201000056038;0;7;0;4;0;1;2;A01
201000056039;0;7;0;0;0;3;0;A01
201000056040;0;7;0;4;0;6;0;A01
201000056041;0;10;0;3;2;1;0;A01
201000056041;0;10;0;0;2;2;2;B01
201000056042;0;32;0;0;2;1;2;A01
201000056042;0;7;0;0;2;4;2;B01
201000056043;0;33;0;0;0;0;1;A01
201000056044;0;34;0;14;9;1;21;A01
201000056045;0;10;0;0;0;6;2;A01
201000056045;0;33;0;0;2;1;2;B01
201000056046;0;10;0;0;0;1;14;A01
201000056047;0;7;0;0;2;1;1;A01
201000056047;0;7;0;0;0;0;12;B01
201000056048;0;7;0;0;2;1;2;A01
201000056048;0;7;0;0;2;4;2;B01
201000056048;0;7;0;0;2;4;2;D01
201000056048;0;7;0;0;2;4;2;C01
201000056049;0;7;0;0;2;4;1;A01
201000056049;0;33;0;0;2;1;2;B01
201000056050;0;33;0;0;2;1;1;B01
201000056050;0;7;0;0;2;6;1;A01
201000056051;0;7;0;4;0;5;2;A01
201000056052;0;7;0;0;0;1;0;A01
201000056053;0;7;0;4;0;3;0;A01
201000056054;0;33;0;0;2;1;0;B01
201000056054;0;7;0;0;2;8;11;A01
201000056055;0;32;0;0;2;1;18;B01
201000056055;0;7;0;0;2;2;12;A01
201000056056;0;33;0;0;0;0;18;A01
201000056057;1;7;0;0;2;1;2;Z01
201000056057;0;7;0;0;2;1;2;A01
201000056057;0;7;0;0;0;4;2;B01
201000056058;0;7;0;4;0;3;0;A01
201000056059;0;10;0;0;4;2;0;A01
201000056060;0;7;0;4;0;1;2;A01
201000056061;0;7;0;4;0;3;21;A01
201000056062;0;31;0;0;0;8;21;A01
201000056063;0;7;0;4;0;3;17;A01
201000056064;0;7;0;4;0;1;0;A01
201000056065;0;31;0;0;2;4;0;A01
201000056066;0;7;0;3;0;1;16;A01
201000056067;0;7;0;0;2;2;12;A01
201000056067;0;7;0;0;2;6;2;B01
201000056068;0;7;0;0;2;2;0;A01
201000056068;0;7;0;0;0;6;0;B01
201000056069;0;10;0;0;2;1;2;B01
201000056069;0;10;0;0;0;4;2;A01
201000056070;0;7;0;0;2;4;1;A01
201000056070;0;7;0;0;2;1;2;B01
201000056071;0;7;0;0;2;1;2;A01
201000056071;0;10;0;0;0;4;2;B01
201000056072;0;15;0;0;0;1;0;A01
201000056073;0;7;0;4;0;1;0;A01
201000056074;0;7;0;0;2;9;0;B01
201000056074;0;7;0;0;2;2;0;A01
201000056075;0;7;0;0;2;4;1;B01
201000056075;0;7;0;0;2;4;1;C01
201000056075;0;7;0;0;2;1;1;A01
201000056076;0;10;0;0;2;2;0;A01
201000056076;0;33;0;0;2;3;0;B01
201000056077;0;10;0;0;2;1;1;A01
201000056077;0;16;0;0;2;2;1;B01
201000056078;0;10;0;0;2;8;0;B01
201000056078;0;14;0;0;2;2;0;A01
201000056079;0;30;0;16;0;7;2;A01
201000056080;0;7;0;0;0;4;2;D01
201000056080;0;7;0;0;2;1;2;B01
201000056080;0;7;0;0;0;4;2;C01
201000056080;0;10;0;0;2;1;2;A01
201000056081;0;7;0;0;2;4;1;B01
201000056081;0;7;0;0;2;1;1;A01
201000056082;0;7;0;3;0;1;1;A01
201000056083;0;7;0;0;2;4;0;A01
201000056083;0;10;0;0;2;9;0;B01
201000056083;0;7;0;0;2;1;0;C01
201000056084;0;7;0;0;0;1;0;A01
201000056085;0;32;0;0;2;4;0;A01
201000056085;0;7;0;0;2;2;0;B01
201000056086;0;7;0;0;2;4;1;A01
201000056086;0;7;0;0;2;1;1;B01
201000056086;0;7;0;0;2;4;1;C01
201000056087;0;7;0;0;0;9;1;A01
201000056088;0;33;0;0;2;2;1;B01
201000056088;0;7;0;0;2;4;2;A01
201000056089;0;7;0;0;2;2;1;C01
201000056089;0;7;0;0;2;6;1;A01
201000056089;0;7;0;0;2;1;1;B01
201000056090;0;33;0;0;0;0;1;A01
201000056091;0;7;0;0;0;6;1;A01
201000056091;0;32;0;0;2;1;2;B01
201000056092;0;10;0;0;2;2;2;E01
201000056092;0;15;0;0;2;1;2;D01
201000056092;0;10;0;0;2;5;2;C01
201000056092;0;10;0;0;2;1;2;B01
201000056092;0;10;0;0;2;1;2;A01
201000056093;0;7;0;0;2;1;2;A01
201000056093;0;7;0;0;2;4;0;B01
201000056094;0;7;0;0;2;9;1;A01
201000056094;0;14;0;0;2;2;12;C01
201000056094;0;7;0;0;2;1;1;B01
201000056095;0;7;0;4;2;3;11;B01
201000056095;0;33;0;4;2;0;0;A01
201000056096;0;33;0;0;2;1;3;A01
201000056096;0;7;0;0;2;2;1;C01
201000056096;0;7;0;0;2;3;1;B01
201000056097;0;7;0;4;0;9;0;A01
201000056098;0;14;0;0;2;2;14;A01
201000056098;0;7;0;0;2;6;0;B01
201000056099;0;33;0;3;0;1;12;A01
201000056100;0;33;0;4;0;1;16;A01
201000056101;0;7;0;0;0;0;0;B01
201000056101;0;7;0;0;0;0;0;A01
201000056102;0;7;0;4;0;2;2;A01
201000056102;0;32;0;0;2;8;2;B01
201000056103;0;34;0;0;2;5;2;A01
201000056103;0;7;0;0;2;3;2;B01
201000056104;0;7;0;0;2;1;2;A01
201000056104;0;7;0;0;2;4;2;B01
201000056105;0;10;0;0;2;2;0;A01
201000056105;0;7;0;0;2;2;1;D01
201000056105;0;10;0;0;2;6;1;B01
201000056105;0;13;0;0;2;1;1;C01
201000056106;0;10;0;0;2;1;2;A01
201000056106;0;7;0;0;2;4;2;B01
201000056107;0;33;0;0;2;2;0;A01
201000056107;0;10;0;0;0;6;0;B01
201000056108;0;33;0;0;2;8;2;A01
201000056108;1;7;0;0;2;7;12;B01
201000056109;0;15;0;0;2;1;2;A01
201000056109;0;7;0;0;2;4;2;B01
201000056109;0;7;0;0;2;4;2;C01
201000056110;0;7;0;0;2;0;0;A01
201000056110;0;17;0;0;2;0;11;B01
201000056111;0;14;0;0;0;2;21;A01
201000056112;0;7;0;4;0;1;2;A01
201000056113;0;32;0;0;2;1;3;A01
201000056113;1;7;0;0;0;0;0;Z01
201000056114;0;7;0;0;2;3;2;A01
201000056114;0;7;0;0;0;5;2;B01
201000056115;0;14;0;0;2;0;2;B01
201000056115;0;15;0;0;2;0;2;C01
201000056115;0;33;0;0;2;0;3;A01
201000056116;0;13;0;4;0;1;1;A01
201000056117;0;15;0;0;2;6;0;B01
201000056117;0;7;0;4;2;0;0;A01
201000056118;0;7;0;4;2;2;1;C01
201000056118;0;7;0;0;0;6;1;D01
201000056118;0;7;0;4;2;2;1;B01
201000056118;2;7;0;4;2;8;11;A01
201000056119;0;7;0;0;2;8;0;A01
201000056119;0;7;0;0;2;0;0;B01
201000056120;0;7;0;0;0;0;0;B01
201000056120;0;7;0;3;2;6;0;A01
201000056121;0;7;0;0;2;4;0;A01
201000056121;0;7;0;0;2;1;2;B01
201000056122;0;7;0;0;2;1;2;C01
201000056122;0;7;0;0;2;3;2;B01
201000056122;0;7;0;0;2;1;2;D01
201000056122;0;7;0;0;0;5;0;A01
201000056123;0;7;0;0;2;4;0;A01
201000056123;0;10;0;0;2;4;0;C01
201000056123;0;7;0;0;2;4;0;B01
201000056123;0;7;0;0;2;1;0;D01
201000056124;0;33;0;4;2;8;3;A01
201000056124;0;7;0;4;2;2;12;B01
201000056125;0;7;0;4;0;1;0;A01
201000056126;0;13;0;0;2;5;1;B01
201000056126;0;10;0;0;2;3;11;A01
201000056127;0;34;0;0;0;1;1;B01
201000056127;0;10;0;0;2;3;11;A01
201000056128;0;7;0;0;0;3;11;A01
201000056128;0;33;0;0;2;1;1;B01
201000056129;0;10;0;0;0;6;1;D01
201000056129;0;33;0;0;2;1;2;A01
201000056129;0;7;0;0;0;3;1;C01
201000056129;0;7;0;0;0;6;1;B01
201000056130;0;7;0;0;0;4;1;A01
201000056130;0;10;0;0;2;1;2;B01
201000056131;0;14;0;0;2;1;0;C01
201000056131;0;7;0;0;2;4;0;A01
201000056131;0;14;0;0;2;1;0;B01
201000056132;0;7;0;0;2;6;1;C01
201000056132;0;33;0;0;2;8;3;B01
201000056132;0;7;0;0;2;7;2;A01
201000056133;0;7;0;0;2;3;0;A01
201000056133;0;7;0;0;2;5;1;B01
201000056134;0;7;0;0;2;5;1;B01
201000056134;0;7;0;0;2;1;14;A01
201000056134;0;7;0;3;2;6;1;C01
201000056135;0;33;0;0;2;3;3;B01
201000056135;0;7;0;0;2;6;11;A01
201000056136;0;7;0;0;2;1;2;A01
201000056136;0;7;0;0;0;4;1;B01
201000056137;0;32;0;0;2;8;3;B01
201000056137;0;7;0;0;2;7;12;A01
201000056138;0;31;0;0;2;3;3;A01
201000056138;0;7;0;0;2;7;12;B01
201000056139;0;33;0;0;2;3;3;A01
201000056139;0;7;0;0;0;5;1;B01
201000056140;0;7;0;4;0;3;13;A01
201000056141;0;7;0;3;0;2;1;A01
201000056142;0;7;0;0;0;3;11;A01
201000056142;0;31;0;0;2;1;3;B01
201000056143;0;7;0;4;0;2;1;A01
201000056144;0;7;0;5;0;8;1;A01
201000056145;0;7;0;0;2;8;11;B01
201000056145;0;34;0;0;2;2;3;A01
201000056146;0;7;0;0;0;5;1;A01
201000056146;0;7;0;0;2;3;11;B01
201000056146;0;33;0;0;2;7;3;C01
201000056147;0;7;0;4;0;1;0;A01
201000056148;0;7;0;4;2;1;0;A01
201000056149;0;7;0;0;1;2;1;A01
201000056150;0;32;0;0;0;3;1;A01
201000056150;1;7;0;0;2;2;12;Z01
201000056151;0;33;0;0;2;4;1;A01
201000056151;0;7;0;0;2;1;2;B01
201000056152;0;7;0;0;2;2;21;A01
201000056152;0;7;0;0;2;6;1;B01
201000056153;0;7;0;0;2;4;0;A01
201000056153;0;7;0;0;2;1;1;B01
201000056154;0;33;0;0;9;0;0;A01
201000056155;0;7;0;6;0;1;21;C01
201000056155;0;7;0;0;2;4;2;B01
201000056155;0;33;0;0;2;1;2;A01
201000056156;0;33;0;0;2;7;2;A01
201000056156;0;7;0;0;9;8;11;B01
201000056157;0;33;0;0;2;1;3;C01
201000056157;0;15;0;0;0;6;1;A01
201000056157;0;13;0;0;0;5;1;B01
201000056158;0;7;0;0;0;6;2;C01
201000056158;0;7;0;3;2;2;14;A01
201000056158;0;7;0;0;2;1;2;B01
201000056159;0;33;0;0;2;7;21;A01
201000056159;0;10;0;0;2;8;11;B01
201000056160;0;7;0;13;0;7;0;A01
201000056161;0;33;0;3;0;0;17;A01
201000056161;0;7;0;0;9;3;2;B01
201000056162;0;7;0;3;0;2;0;A01
201000056162;0;7;0;0;2;1;1;C01
201000056162;0;33;0;0;2;1;21;D01
201000056162;0;10;0;0;0;4;23;B01