num_acc;senc;catv;occutc;obs;obsm;choc;manv;num_veh
201000056163;0;7;0;0;0;0;0;A01
201000056164;0;10;0;0;2;6;0;A01
201000056164;1;10;0;0;0;0;0;B01
201000056165;0;7;0;0;2;3;2;C01
201000056165;0;7;0;0;2;1;2;A01
201000056165;0;7;0;4;2;6;2;B01
201000056166;0;7;0;0;2;1;2;C01
201000056166;0;7;0;0;2;4;2;A01
201000056166;0;7;0;0;2;4;2;B01
201000056167;0;33;0;0;0;3;0;A01
201000056167;0;7;0;0;0;2;0;B01
201000056168;0;10;0;0;2;1;1;D01
201000056168;0;7;0;0;0;3;1;A01
201000056168;0;7;0;4;2;4;1;B01
201000056168;0;7;0;0;2;6;1;C01
201000056169;0;14;0;0;2;1;12;B01
201000056169;0;7;0;0;0;4;1;A01
201000056170;0;33;0;4;0;8;0;A01
201000056171;0;7;0;0;2;2;2;A01
201000056171;1;7;0;0;0;0;2;B01
201000056172;0;7;0;4;0;3;1;A01
201000056173;0;33;0;4;0;3;11;A01
201000056174;0;33;0;0;2;3;2;C01
201000056174;0;7;0;0;0;0;1;B01
201000056174;0;7;0;0;0;5;1;A01
201000056175;0;7;0;0;2;5;1;C01
201000056175;0;7;0;0;2;8;1;A01
201000056175;0;32;0;0;2;8;3;B01
201000056176;0;15;0;0;2;4;2;E01
201000056176;0;10;0;0;1;4;2;D01
201000056176;0;13;0;0;2;1;2;A01
201000056176;0;15;0;0;2;4;2;B01
201000056176;0;7;0;0;2;4;2;C01
201000056177;0;10;0;0;0;2;12;A01
201000056177;0;33;0;0;2;1;1;B01
201000056178;0;7;0;0;2;2;0;B01
201000056178;0;31;0;0;2;3;0;A01
201000056179;0;31;0;0;2;1;0;A01
201000056179;0;7;0;0;2;4;0;B01
201000056180;0;33;0;0;2;8;1;A01
201000056180;0;10;0;0;2;2;12;B01
201000056180;0;7;0;0;2;5;2;C01
201000056181;0;31;0;0;9;1;2;A01
201000056182;0;32;0;0;2;1;3;B01
201000056182;0;7;0;0;0;6;11;A01
201000056183;0;7;0;0;2;1;2;A01
201000056183;0;7;0;0;0;0;2;B01
201000056184;0;15;0;0;2;6;1;B01
201000056184;0;7;0;3;2;2;14;A01
201000056185;0;33;0;0;2;1;21;A01
201000056185;0;7;0;0;2;5;1;C01
201000056185;0;7;0;0;0;4;1;B01
201000056186;0;33;0;0;0;0;0;A01
201000056187;0;7;0;0;0;1;0;A01
201000056188;0;7;0;5;0;1;0;A01
201000056189;0;17;0;4;0;2;0;A01
201000056190;0;7;0;0;2;4;2;B01
201000056190;0;7;0;0;2;1;1;A01
201000056191;0;7;0;4;0;3;0;A01
201000056192;0;7;0;0;2;6;1;B01
201000056192;0;33;0;0;2;2;1;A01
201000056193;0;33;0;4;2;5;3;B01
201000056193;0;10;0;4;2;3;13;A01
201000056193;0;7;0;4;2;2;1;C01
201000056194;0;33;0;4;0;0;0;A01
201000056195;0;33;0;0;2;1;3;B01
201000056195;0;7;0;0;0;7;12;A01
201000056196;0;7;0;4;2;2;1;B01
201000056196;0;16;0;13;2;8;13;A01
201000056197;0;7;0;0;2;1;1;B01
201000056197;0;7;0;0;2;4;1;A01
201000056198;0;33;0;0;2;0;0;A01
201000056198;0;7;0;0;2;0;0;B01
201000056199;0;7;0;16;0;1;0;A01
201000056199;0;7;0;0;0;0;18;B01
201000056200;0;14;0;0;1;2;1;A01
201000056201;0;7;0;0;2;4;2;C01
201000056201;0;7;0;0;2;4;2;B01
201000056201;0;7;0;0;2;1;2;A01
201000056202;0;7;0;4;2;4;1;A01
201000056202;0;10;0;0;0;8;2;C01
201000056202;0;15;0;0;2;3;2;B01
201000056203;0;7;0;3;0;1;2;A01
201000056204;0;7;0;0;2;8;1;A01
201000056204;0;7;0;0;2;5;12;B01
201000056205;0;7;0;0;2;1;2;B01
201000056205;0;7;0;0;0;8;1;A01
201000056206;0;7;0;0;2;7;14;B01
201000056206;0;31;0;0;2;8;0;A01
201000056207;0;7;0;0;2;5;0;A01
201000056207;1;7;0;0;0;0;0;Z01
201000056208;0;7;0;0;2;5;12;A01
201000056208;0;33;0;0;2;1;0;B01
201000056209;0;10;0;1;0;1;2;A01
201000056209;0;7;0;0;2;4;2;B01
201000056210;0;15;0;0;2;1;12;C01
201000056210;0;33;0;0;2;1;1;A01
201000056210;0;7;0;0;2;0;0;B01
201000056211;0;7;0;0;2;6;1;A01
201000056211;0;15;0;0;2;1;1;C01
201000056211;0;15;0;0;2;2;2;B01
201000056212;0;7;0;0;2;1;2;A01
201000056212;0;7;0;0;0;4;2;B01
201000056213;0;7;0;0;2;2;12;A01
201000056213;0;33;0;0;2;3;18;B01
201000056214;0;7;0;0;2;1;2;C01
201000056214;0;7;0;0;2;4;2;B01
201000056214;0;7;0;0;2;4;2;A01
201000056215;1;99;0;0;0;0;0;Z01
201000056215;0;7;0;0;2;4;1;A01
201000056216;0;7;0;0;0;3;0;A01
201000056217;0;10;0;0;2;4;2;C01
201000056217;0;7;0;0;2;1;2;A01
201000056217;0;7;0;0;2;4;2;B01
201000056218;0;7;0;2;0;1;0;A01
201000056219;0;7;0;15;0;2;14;A01
201000056220;0;7;0;0;2;5;12;B01
201000056220;0;31;0;0;2;1;3;A01
201000056221;0;7;0;4;0;3;13;A01
201000056222;0;33;0;0;2;0;2;A01
201000056222;0;7;0;0;2;5;0;B01
201000056223;0;7;0;0;2;3;0;A01
201000056223;0;7;0;0;2;5;0;B01
201000056224;0;7;0;5;0;2;1;A01
201000056225;0;14;0;14;0;0;1;A01
201000056226;0;33;0;0;2;1;2;A01
201000056226;0;7;0;0;0;4;2;B01
201000056227;0;7;0;4;0;2;12;A01
201000056228;0;7;0;4;0;1;2;A01
201000056229;0;7;0;4;2;4;2;A01
201000056229;0;7;0;0;2;1;2;B01
201000056230;0;10;0;0;2;3;2;B01
201000056230;0;7;0;4;2;3;1;A01
201000056231;0;33;0;0;2;3;3;B01
201000056231;0;7;0;0;2;5;12;A01
201000056232;0;7;0;1;1;2;12;A01
201000056232;0;7;0;1;1;1;1;C01
201000056232;0;7;0;4;0;6;23;B01
201000056233;0;34;0;0;9;1;1;A01
201000056234;0;33;0;16;0;0;0;A01
201000056235;0;15;0;0;2;4;1;E01
201000056235;0;7;0;0;2;0;1;C01
201000056235;0;10;0;0;2;0;1;B01
201000056235;0;7;0;0;2;0;1;D01
201000056235;0;32;0;0;2;1;0;A01
201000056236;0;10;0;0;9;1;0;A01
201000056237;0;7;0;0;2;4;2;B01
201000056237;0;7;0;0;2;1;2;A01
201000056238;0;7;0;0;2;5;2;B01
201000056238;0;33;0;0;2;7;2;A01
201000056239;0;33;0;0;0;3;0;A01
201000056240;0;7;0;4;0;1;2;A01
201000056241;0;33;0;0;0;0;2;A01
201000056241;1;7;0;0;0;3;11;Z01
201000056242;0;7;0;0;2;1;0;B01
201000056242;0;7;0;4;2;7;0;A01
201000056243;0;7;0;0;0;2;0;A01
201000056244;0;10;0;0;0;2;2;B01
201000056244;0;33;0;0;2;1;2;A01
201000056245;0;7;0;0;2;7;12;A01
201000056245;0;33;0;0;2;8;1;B01
201000056246;0;7;0;0;2;2;12;B01
201000056246;0;31;0;0;2;3;3;A01
201000056247;0;7;0;0;0;4;0;C01
201000056247;0;7;0;0;2;8;13;B01
201000056247;0;33;0;0;2;7;9;A01
201000056248;0;7;0;0;2;7;2;A01
201000056248;0;32;0;0;2;8;3;B01
201000056249;0;7;0;0;2;7;12;A01
201000056249;0;7;0;0;2;1;1;B01
201000056250;0;7;0;0;2;4;2;B01
201000056250;0;7;0;0;2;1;2;A01
201000056251;0;7;0;4;0;1;0;A01
201000056252;0;7;0;0;2;1;0;A01
201000056252;0;7;0;0;2;1;1;B01
201000056253;0;37;4;0;2;1;2;A01
201000056253;0;7;0;0;0;4;2;B01
201000056254;0;7;0;0;2;1;1;A01
201000056254;0;7;0;0;0;4;0;B01
201000056255;0;7;0;4;0;3;0;A01
201000056256;0;33;0;16;2;1;2;B01
201000056256;0;33;0;0;2;4;2;A01
201000056257;0;33;0;0;9;0;0;A01
201000056258;0;7;0;0;2;8;9;A01
201000056258;0;7;0;0;2;2;1;B01
201000056259;0;33;0;0;2;1;0;A01
201000056259;0;15;0;0;2;0;0;C01
201000056259;0;7;0;0;2;0;0;B01
201000056260;0;31;0;0;2;7;3;B01
201000056260;0;7;0;0;2;3;2;A01
201000056261;0;33;0;0;0;2;1;A01
201000056261;0;7;0;0;2;3;11;B01
201000056262;0;33;0;0;2;2;1;B01
201000056262;0;7;0;0;2;8;11;A01
201000056263;0;7;0;0;2;3;12;A01
201000056263;0;7;0;0;2;1;0;B01
201000056264;0;33;0;0;2;1;2;A01
201000056264;0;7;0;0;0;4;1;B01
201000056265;0;10;0;0;2;6;1;B01
201000056265;0;10;0;0;2;2;12;A01
201000056266;0;7;0;4;0;3;13;A01
201000056267;0;7;0;0;0;5;12;B01
201000056267;0;33;0;0;0;8;1;A01
201000056268;0;7;0;0;0;4;2;B01
201000056268;0;15;0;0;0;4;2;C01
201000056268;0;15;0;0;0;1;2;A01
201000056269;0;7;0;4;0;0;0;A01
201000056270;0;33;0;0;2;7;3;A01
201000056270;0;7;0;0;2;3;11;B01
201000056271;0;7;0;4;0;3;0;A01
201000056272;0;33;0;0;0;0;0;A01
201000056273;0;33;0;16;0;0;0;A01
201000056274;0;7;0;4;0;1;0;A01
201000056275;0;7;0;0;2;7;12;A01
201000056275;0;34;0;0;2;8;3;B01
201000056276;0;33;0;0;2;1;2;A01
201000056276;0;7;0;0;2;4;2;B01
201000056277;0;33;0;0;0;0;3;A01
201000056278;0;10;0;3;0;1;1;A01
201000056279;0;7;0;4;0;8;1;A01
201000056280;0;15;0;4;0;8;13;A01
201000056281;0;7;0;0;2;4;2;A01
201000056281;0;10;0;0;2;1;2;B01
201000056282;1;14;0;0;0;0;1;Z01
201000056282;0;7;0;0;2;2;1;B01
201000056282;0;7;0;0;2;3;2;A01
201000056283;0;33;0;0;2;8;3;B01
201000056283;0;7;0;0;2;5;0;A01
201000056284;0;7;0;0;2;2;0;B01
201000056284;0;14;0;0;2;6;1;A01
201000056285;0;7;0;4;0;1;0;A01
201000056286;0;33;0;4;0;3;13;A01
201000056287;0;7;0;3;0;1;1;A01
201000056288;0;32;0;0;0;0;1;A01
201000056289;0;33;0;0;2;2;1;A01
201000056289;0;10;0;0;2;8;11;B01
201000056290;0;31;0;0;0;8;1;A01
201000056291;0;7;0;13;0;2;0;A01
201000056292;0;7;0;0;2;5;1;B01
201000056292;0;33;0;0;0;6;1;A01
201000056293;0;7;0;4;0;9;16;A01
201000056294;0;7;0;4;0;1;0;A01
201000056295;0;10;0;0;2;1;0;A01
201000056295;0;10;0;0;2;4;0;B01
201000056296;0;33;0;0;0;0;0;A01
201000056297;0;7;0;0;2;4;1;A01
201000056297;1;7;0;0;2;1;2;Z01
201000056298;0;7;0;0;2;8;11;A01
201000056298;0;33;0;0;2;7;21;B01
201000056299;0;7;0;0;2;4;1;C01
201000056299;0;33;0;0;2;2;0;A01
201000056299;0;7;0;0;2;6;9;B01
201000056300;0;7;0;0;0;4;2;B01
201000056300;0;7;0;0;2;1;2;A01
201000056301;0;14;0;14;0;6;2;A01
201000056301;0;7;0;14;0;5;2;B01
201000056301;0;33;0;14;0;1;2;C01
201000056302;0;7;0;0;0;4;12;B01
201000056302;0;33;0;0;2;1;3;A01
201000056303;0;7;0;0;2;4;2;C01
201000056303;0;33;0;0;2;1;2;A01
201000056303;0;7;0;0;2;4;2;B01
201000056304;0;7;0;0;2;1;2;A01
201000056304;0;7;0;0;2;4;2;B01
201000056304;0;7;0;0;2;4;2;C01
201000056305;0;33;0;0;2;3;3;A01
201000056305;0;10;0;0;2;5;2;B01
201000056306;1;14;0;0;2;0;0;Z01
201000056306;0;7;0;0;2;9;1;A01
201000056307;1;7;0;0;2;2;12;A01
201000056307;0;15;0;0;0;8;1;B01
201000056308;0;7;0;0;2;8;11;B01
201000056308;0;33;0;0;2;1;1;A01
201000056309;0;33;0;0;2;1;12;B01
201000056309;0;7;0;0;2;5;1;C01
201000056309;0;7;0;0;2;5;1;D01
201000056309;0;33;0;0;2;8;1;A01
201000056310;0;32;0;0;0;7;21;A01
201000056311;0;7;0;0;0;9;1;A01
201000056312;0;10;0;0;2;2;2;B01
201000056312;0;7;0;0;2;8;11;A01
201000056313;0;7;0;4;0;3;1;A01
201000056314;0;33;0;0;2;8;2;B01
201000056314;0;7;0;0;2;2;14;A01
201000056315;0;10;0;0;0;6;0;B01
201000056315;0;7;0;0;2;2;2;A01
201000056316;0;7;0;0;2;4;2;B01
201000056316;0;7;0;0;0;4;0;C01
201000056316;0;7;0;0;2;1;2;A01
201000056317;0;7;0;0;2;6;2;B01
201000056317;0;33;0;0;2;1;2;A01
201000056318;0;15;0;0;2;4;1;B01
201000056318;0;7;0;0;2;1;1;A01
201000056319;0;13;0;0;2;0;0;A01
201000056319;0;13;0;0;0;0;0;B01
201000056320;0;15;0;0;0;2;12;C01
201000056320;0;13;0;0;2;0;0;B01
201000056320;0;7;0;0;9;0;0;A01
201000056321;0;10;0;4;0;1;9;A01
201000056322;0;7;0;0;0;4;1;A01
201000056322;0;33;0;0;2;1;0;B01
201000056323;0;33;0;0;2;2;11;B01
201000056323;0;7;0;0;2;6;12;A01
201000056324;0;7;0;4;0;2;0;A01
201000056325;0;7;0;4;0;1;13;A01
201000056326;0;7;0;0;0;4;2;B01
201000056326;0;7;0;0;2;1;2;A01
201000056327;0;7;0;0;0;1;0;A01
201000056328;0;7;0;4;0;1;13;A01
201000056329;0;7;0;0;2;4;2;A01
201000056329;0;7;0;0;2;1;2;B01
201000056330;0;7;0;3;0;1;12;A01
201000056331;0;7;0;4;0;0;0;A01
201000056332;0;7;0;0;2;5;12;B01
201000056332;1;10;0;0;0;0;0;Z01
201000056332;0;17;0;0;2;3;1;A01
201000056333;0;31;0;0;0;2;3;A01
201000056334;0;33;0;0;0;0;9;A01
201000056334;0;7;0;0;0;0;11;B01
201000056335;0;10;0;0;0;4;23;B01
201000056335;0;7;0;0;2;1;2;C01
201000056335;0;7;0;0;2;4;23;A01
201000056336;0;7;0;0;2;8;9;B01
201000056336;0;7;0;3;2;9;2;A01
201000056336;0;7;0;0;0;4;9;C01
201000056337;0;7;0;4;0;1;0;A01
201000056338;0;7;0;4;0;8;0;A01
201000056339;0;7;0;4;0;3;1;A01
201000056340;0;7;0;4;0;8;21;A01
201000056341;0;7;0;0;0;1;0;A01
201000056342;0;7;0;0;0;9;21;B01
201000056342;0;13;0;0;2;8;23;A01
201000056343;0;7;0;0;2;9;0;B01
201000056343;0;7;0;14;2;2;17;A01
201000056344;0;7;0;3;0;1;1;A01
201000056345;0;7;0;0;2;1;0;A01
201000056345;0;7;0;0;2;4;0;B01
201000056346;0;7;0;0;2;2;21;A01
201000056346;0;7;0;0;2;6;2;B01
201000056347;0;33;0;7;0;1;0;A01
201000056348;0;7;0;0;2;1;2;A01
201000056348;0;7;0;0;2;4;2;B01
201000056349;0;7;0;0;2;1;21;A01
201000056349;0;7;0;0;0;3;1;B01
201000056350;0;7;0;0;2;8;1;B01
201000056350;0;7;0;0;2;7;12;A01
201000056351;0;7;0;4;0;2;9;A01
201000056352;0;7;0;4;0;1;2;A01
201000056353;0;7;0;4;0;1;0;A01
201000056354;0;7;0;0;2;2;1;B01
201000056354;0;7;0;3;2;1;2;A01
201000056355;0;33;0;4;0;8;15;A01
201000056356;0;33;0;0;2;8;1;B01
201000056356;0;10;0;0;2;7;12;A01
201000056357;0;32;0;0;2;6;2;A01
201000056357;0;7;0;0;2;2;1;B01
201000056358;0;10;0;0;2;8;11;A01
201000056358;0;33;0;0;2;7;1;B01
201000056359;0;7;0;0;2;7;1;D01
201000056359;0;7;0;0;2;3;13;C01
201000056359;0;33;0;0;2;7;3;B01
201000056359;0;7;0;0;2;5;1;A01
201000056360;0;7;0;0;2;4;0;B01
201000056360;0;15;0;0;2;2;0;A01
201000056361;0;34;0;0;2;7;1;B01
201000056361;0;7;0;0;2;8;11;A01
201000056362;0;33;0;0;2;1;1;B01
201000056362;0;7;0;0;2;4;1;A01
201000056363;0;10;0;0;2;7;0;A01
201000056363;0;7;0;0;2;7;2;D01
201000056363;0;13;0;0;2;3;11;B01
201000056363;0;7;0;14;2;1;2;C01
201000056364;1;7;0;0;0;0;1;Z01
201000056364;0;31;0;0;2;8;1;A01
201000056365;0;7;0;0;2;4;2;C01
201000056365;0;7;0;0;2;4;2;B01
201000056365;0;7;0;0;2;4;2;A01
201000056365;1;7;0;0;0;0;0;Z01
201000056366;0;7;0;0;2;2;21;B01
201000056366;0;7;0;3;2;1;19;A01
201000056367;0;7;0;3;0;2;0;A01
201000056368;0;7;0;4;0;3;0;A01
201000056369;0;7;0;0;2;8;0;A01
201000056369;0;33;0;0;2;0;0;C01
201000056369;0;7;0;0;2;5;1;B01
201000056370;0;15;0;0;2;7;0;A01
201000056370;0;15;0;0;2;8;1;B01
201000056371;0;15;0;0;2;2;12;B01
201000056371;0;7;0;0;2;8;1;A01
201000056372;0;7;0;0;2;1;2;A01
201000056372;0;7;0;0;2;4;2;B01
201000056373;0;10;0;0;0;0;11;B01
201000056373;0;31;0;0;2;2;1;A01
201000056374;0;99;0;0;2;4;2;B01
201000056374;0;33;0;0;2;1;2;A01
201000056375;0;33;0;0;0;8;1;A01
201000056376;1;7;0;0;2;8;11;Z01
201000056376;0;33;0;0;2;7;1;A01
201000056377;0;7;0;4;0;8;0;A01
201000056378;0;7;0;0;2;4;2;B01
201000056378;0;7;0;0;2;1;2;A01
201000056379;0;7;0;0;2;1;2;A01
201000056379;0;7;0;0;2;4;0;C01
201000056379;0;7;0;0;2;4;0;B01
201000056380;0;7;0;0;2;3;1;B01
201000056380;0;15;0;0;2;2;12;A01
201000056381;0;7;0;0;2;6;0;A01
201000056381;0;7;0;0;2;1;0;B01
201000056382;0;7;0;13;0;1;14;A01
201000056383;0;13;0;0;2;1;2;A01
201000056383;0;13;0;0;0;4;2;B01
201000056384;0;7;0;0;2;0;2;B01
201000056384;0;7;0;0;2;0;2;C01
201000056384;0;32;0;0;2;7;1;A01
201000056385;0;7;0;0;2;7;1;B01
201000056385;0;15;0;0;2;3;1;A01
201000056386;0;7;0;0;2;3;0;B01
201000056386;0;33;0;0;2;1;0;A01
201000056386;0;7;0;0;2;5;0;C01
201000056387;0;7;0;0;0;4;2;B01
201000056387;0;32;0;0;2;1;2;A01
201000056388;0;10;0;0;2;3;1;B01
201000056388;0;10;0;0;2;2;2;A01
201000056389;0;7;0;4;0;1;2;A01
201000056390;0;7;0;3;0;1;0;A01
201000056391;0;7;0;13;0;2;14;A01
201000056392;0;7;0;0;2;1;2;A01
201000056392;0;7;0;0;0;4;2;B01
201000056393;0;7;0;4;0;1;0;A01
201000056394;0;7;0;4;0;1;1;A01
201000056395;0;7;0;4;1;3;1;A01
201000056395;0;7;0;4;1;6;1;B01
201000056396;0;7;0;4;0;1;1;A01
201000056397;0;15;0;0;2;1;1;B01
201000056397;0;15;0;0;0;4;1;C01
201000056397;0;7;0;0;2;1;0;A01
201000056398;1;10;0;0;2;0;0;Z01
201000056398;0;7;0;3;2;3;1;A01
201000056399;0;32;0;16;0;8;1;A01
201000056400;0;7;0;3;0;9;2;A01
201000056401;0;7;0;0;2;1;1;B01
201000056401;0;7;0;0;2;9;1;A01
201000056402;0;7;0;3;0;3;0;A01
201000056403;0;7;0;3;0;2;13;A01
201000056404;0;7;0;0;2;5;0;A01
201000056404;0;31;0;0;2;1;0;B01
201000056404;0;7;0;0;0;1;0;C01
201000056405;0;7;0;4;0;1;0;A01
201000056406;0;10;0;0;2;4;2;A01
201000056406;0;32;0;15;2;1;2;C01
201000056406;0;32;0;14;2;1;1;B01
201000056407;0;14;0;0;2;2;0;B01
201000056407;0;7;0;0;0;8;0;A01
201000056408;0;7;0;0;2;1;0;A01
201000056408;0;7;0;0;2;3;0;B01
201000056409;0;15;0;0;2;5;12;B01
201000056409;0;7;0;0;2;8;1;A01
201000056410;0;10;0;0;0;2;0;A01
201000056411;0;7;0;4;0;3;13;A01
201000056412;1;99;0;0;0;0;0;Z01
201000056412;0;7;0;4;2;5;0;A01
201000056413;0;7;0;13;2;7;13;B01
201000056413;0;7;0;13;2;3;1;A01
201000056414;0;7;0;0;2;8;1;B01
201000056414;0;10;0;0;2;1;0;A01
201000056414;0;10;0;0;2;1;21;C01
201000056414;0;7;0;0;2;5;21;D01
201000056415;0;7;0;4;0;3;1;A01
201000056416;0;7;0;4;0;3;0;A01
201000056417;0;10;0;0;2;1;2;A01
201000056417;0;7;0;0;0;4;0;B01
201000056418;0;7;0;0;2;2;11;A01
201000056418;0;7;0;0;2;6;1;B01
201000056419;0;7;0;0;2;1;0;A01
201000056419;0;7;0;0;2;3;0;C01
201000056419;0;33;0;0;2;7;0;B01
201000056419;0;7;0;0;2;1;0;D01
201000056420;0;7;0;16;0;0;0;A01
201000056421;0;7;0;3;0;1;0;A01
201000056422;0;17;0;6;0;1;14;A01
201000056423;0;16;0;0;2;2;12;A01
201000056423;0;7;0;0;2;8;1;B01
201000056424;0;33;0;0;2;1;1;B01
201000056424;0;10;0;0;2;6;11;A01
201000056425;0;34;0;0;2;2;1;B01
201000056425;0;7;0;0;2;3;11;A01
201000056426;0;7;0;0;0;1;0;A01
201000056427;0;31;0;0;2;1;5;A01
201000056427;0;7;0;0;2;1;1;B01
201000056428;0;7;0;0;2;1;2;C01
201000056428;0;7;0;0;0;8;1;B01
201000056428;0;7;0;4;0;4;2;A01
201000056429;0;7;0;4;0;3;0;A01
201000056430;0;7;0;0;2;1;2;A01
201000056430;0;7;0;0;0;4;2;B01
201000056431;0;7;0;0;0;5;1;B01
201000056431;0;13;0;0;2;1;0;A01
201000056432;0;17;0;0;0;8;1;B01
201000056432;0;7;0;0;0;7;17;A01
201000056432;0;15;0;0;0;8;1;D01
201000056432;0;17;0;0;0;2;1;C01
201000056433;1;7;0;0;2;2;14;Z01
201000056433;0;7;0;0;2;6;2;A01
201000056434;0;7;0;0;0;3;1;A01
201000056435;0;7;0;3;0;1;1;A01
201000056436;0;7;0;4;0;3;0;A01
201000056437;0;14;0;0;2;7;0;B01
201000056437;0;32;0;0;0;0;0;A01
201000056438;2;7;0;0;2;1;2;A01
201000056438;0;7;0;3;2;4;2;B01
201000056439;0;7;0;4;0;3;1;A01
201000056439;0;7;0;0;9;1;1;B01
201000056440;0;7;0;0;2;4;1;B01
201000056440;0;7;0;0;2;8;2;C01
201000056440;0;7;0;0;2;6;2;D01
201000056440;0;7;0;4;2;3;2;A01
201000056441;0;7;0;4;0;1;1;A01
201000056442;0;7;0;4;0;1;0;A01
201000056443;0;10;0;0;2;3;11;B01
201000056443;0;33;0;0;2;2;3;A01
201000056444;0;31;0;0;0;0;1;A01
201000056445;0;33;0;0;0;0;1;A01
201000056446;0;15;0;4;0;1;1;A01
201000056447;0;13;0;0;2;1;2;A01
201000056447;0;7;0;0;0;5;2;B01
201000056448;0;10;0;0;2;1;1;A01
201000056448;0;7;0;0;2;4;2;B01
201000056449;0;7;0;0;0;0;11;A01
201000056449;0;32;0;0;0;8;21;B01
201000056450;0;10;0;0;2;1;2;D01
201000056450;0;7;0;0;2;4;1;A01
201000056450;0;7;0;0;2;1;2;C01
201000056450;0;7;0;0;2;4;2;B01
201000056451;0;7;0;6;0;1;21;A01
201000056452;0;32;0;0;2;2;2;A01
201000056452;0;7;0;0;0;5;12;B01
201000056453;0;7;0;0;0;9;1;A01
201000056454;0;33;0;0;0;0;1;A01
201000056455;0;7;0;4;0;6;17;A01
201000056456;0;7;0;0;2;6;2;B01
201000056456;0;31;0;0;2;1;2;A01
201000056457;0;7;0;0;2;7;12;B01
201000056457;0;33;0;0;2;3;3;A01
201000056458;0;15;0;0;2;6;23;C01
201000056458;0;10;0;0;2;2;21;B01
201000056458;0;7;0;4;0;2;14;A01
201000056459;0;7;0;0;2;3;9;A01
201000056459;0;32;0;0;2;2;1;B01
201000056460;0;7;0;4;0;1;0;A01
201000056461;0;10;0;0;2;6;11;A01
201000056461;0;33;0;0;2;2;17;B01
201000056462;0;7;0;0;0;5;0;B01
201000056462;0;31;0;0;2;3;0;A01
201000056463;0;7;0;4;0;1;1;A01
201000056464;0;7;0;0;2;1;2;A01
201000056464;0;7;0;0;2;4;2;B01
201000056464;0;7;0;0;2;4;2;C01
201000056465;0;7;0;6;0;1;1;A01
201000056466;0;10;0;4;0;2;0;A01
201000056467;0;7;0;0;0;6;2;C01
201000056467;0;7;0;0;2;7;2;D01
201000056467;0;7;0;0;2;6;2;B01
201000056467;0;14;0;0;2;2;2;A01
201000056468;0;7;0;4;0;3;1;A01
201000056469;0;10;0;0;2;4;0;B01
201000056469;0;10;0;0;2;4;9;C01
201000056469;0;15;0;0;2;4;0;D01
201000056469;0;10;0;0;2;1;0;A01
201000056470;1;10;0;0;0;0;0;Z01
201000056470;0;33;0;0;2;5;2;A01
201000056470;0;10;0;0;0;1;1;B01
201000056471;0;38;70;0;2;5;2;E01
201000056471;0;7;0;4;2;3;2;A01
201000056471;0;7;0;0;2;1;21;B01
201000056471;0;7;0;0;2;4;2;C01
201000056471;0;10;0;0;2;1;2;D01
201000056472;0;33;0;0;0;7;1;A01
201000056473;0;7;0;0;0;4;1;B01
201000056473;0;33;0;0;2;1;3;A01
201000056474;0;7;0;4;0;1;14;A01
201000056475;0;7;0;4;0;3;1;A01
201000056476;0;7;0;0;2;1;3;A01
201000056476;0;17;0;0;0;6;1;B01
201000056477;0;7;0;0;0;0;2;C01
201000056477;0;7;0;0;2;1;9;A01
201000056477;0;7;0;0;0;0;2;B01
201000056478;0;7;0;0;2;1;2;A01
201000056478;0;7;0;0;2;4;2;B01
201000056478;0;7;0;0;2;1;2;C01
201000056478;1;7;0;0;0;4;2;Z01
201000056479;0;32;0;0;0;0;3;A01
201000056480;0;7;0;4;2;8;1;C01
201000056480;0;7;0;0;2;6;13;A01
201000056480;0;7;0;0;2;2;1;B01
201000056481;0;7;0;13;2;5;17;A01
201000056481;1;7;0;0;2;3;13;Z01
201000056482;0;10;0;0;0;2;1;A01
201000056483;0;7;0;0;2;1;2;A01
201000056483;0;7;0;0;2;4;2;B01
201000056483;0;7;0;0;2;4;2;C01
201000056484;0;7;0;11;0;3;0;A01
201000056485;0;7;0;0;0;2;12;B01
201000056485;0;15;0;0;0;6;1;C01
201000056485;0;33;0;0;2;6;11;A01
201000056486;0;31;0;0;0;7;0;A01
201000056487;0;10;0;4;0;3;13;A01
201000056488;0;7;0;3;0;1;1;A01
201000056489;0;10;0;3;0;3;13;A01
201000056490;0;7;0;0;2;4;2;C01
201000056490;0;7;0;0;2;4;2;B01
201000056490;0;7;0;0;2;1;2;A01
201000056491;0;7;0;16;0;2;1;A01
201000056492;0;10;0;0;2;6;1;B01
201000056492;0;7;0;0;2;2;17;A01
201000056493;0;7;0;4;0;1;1;A01
201000056494;0;33;0;0;0;8;3;A01
201000056495;0;33;0;4;2;7;21;B01
201000056495;0;7;0;0;2;6;11;A01
201000056496;0;7;0;3;0;3;13;A01
201000056497;0;33;0;0;2;2;3;A01
201000056497;0;7;0;0;2;6;2;B01
201000056498;0;33;0;0;0;0;1;A01
201000056499;0;31;0;0;0;8;3;A01
201000056500;0;7;0;4;0;1;16;A01
201000056501;0;7;0;0;2;8;11;B01
201000056501;0;7;0;4;2;1;0;A01
201000056502;0;10;0;0;2;3;2;B01
201000056502;0;7;0;0;2;1;1;A01
201000056503;0;7;0;0;2;4;1;B01
201000056503;0;7;0;0;2;1;1;A01
201000056504;0;7;0;4;0;3;1;A01
201000056505;0;34;0;0;2;1;1;A01
201000056505;0;7;0;0;2;7;12;B01
201000056506;0;7;0;0;2;3;9;A01