num_acc;senc;catv;occutc;obs;obsm;choc;manv;num_veh
201000056506;0;7;0;0;2;6;0;C01
201000056506;0;33;0;0;2;2;1;B01
201000056507;0;33;0;0;2;1;3;A01
201000056507;0;7;0;0;2;5;14;B01
201000056508;0;7;0;0;2;4;2;B01
201000056508;0;7;0;0;2;4;2;C01
201000056508;0;7;0;0;2;1;2;A01
201000056509;0;7;0;0;1;1;1;E01
201000056509;0;7;0;0;1;1;1;D01
201000056509;0;7;0;0;1;1;1;B02
201000056509;0;7;0;0;1;1;1;G01
201000056509;0;7;0;0;1;1;1;C02
201000056509;0;7;0;0;1;1;1;F01
201000056509;0;7;0;0;1;1;1;A01
201000056510;0;7;0;0;2;1;2;A01
201000056510;0;7;0;0;2;4;2;B01
201000056511;0;33;0;0;0;8;0;A01
201000056512;0;7;0;0;2;5;12;B01
201000056512;0;7;0;0;2;1;1;A01
201000056513;0;7;0;3;0;1;1;A01
201000056514;0;7;0;0;2;4;2;B01
201000056514;0;7;0;0;2;1;2;A01
201000056514;0;7;0;0;0;4;2;C01
201000056515;0;7;0;0;0;4;2;C01
201000056515;0;7;0;0;2;1;2;A01
201000056515;0;7;0;0;0;4;2;D01
201000056515;0;7;0;0;2;4;2;B01
201000056516;0;7;0;4;0;3;1;A01
201000056517;0;7;0;3;0;2;1;A01
201000056518;0;7;0;4;0;3;13;A01
201000056519;0;7;0;0;2;8;0;A01
201000056519;0;33;0;0;2;7;0;B01
201000056520;0;7;0;6;0;1;0;A01
201000056521;1;7;0;0;2;5;2;B01
201000056521;0;33;0;0;2;3;3;A01
201000056522;0;33;0;0;0;2;2;A01
201000056523;0;7;0;4;0;3;21;A01
201000056524;0;7;0;0;2;3;11;B01
201000056524;0;33;0;0;2;1;3;A01
201000056525;0;7;0;3;0;9;21;A01
201000056526;0;7;0;3;0;1;0;A01
201000056527;0;7;0;4;0;3;21;A01
201000056528;0;7;0;0;2;4;2;B01
201000056528;0;7;0;0;2;1;1;A01
201000056528;0;10;0;0;2;4;2;C01
201000056529;0;7;0;0;2;8;11;B01
201000056529;0;32;0;0;2;2;3;A01
201000056530;0;7;0;5;0;2;21;A01
201000056531;0;33;0;0;0;0;3;A01
201000056532;0;7;0;4;2;8;21;C01
201000056532;0;10;0;0;2;6;1;A01
201000056532;0;7;0;0;2;1;17;B01
201000056533;0;7;0;4;0;3;21;A01
201000056534;0;7;0;11;0;1;1;A01
201000056535;0;7;0;0;2;4;2;B01
201000056535;0;7;0;0;2;1;2;A01
201000056535;0;7;0;0;2;4;2;C01
201000056536;0;15;0;0;0;4;2;B01
201000056536;0;7;0;14;0;1;1;A01
201000056537;0;7;0;3;0;1;19;A01
201000056537;0;7;0;0;2;2;1;B01
201000056538;0;7;0;4;0;9;1;A01
201000056539;0;7;0;14;0;1;2;A01
201000056539;0;7;0;0;0;4;2;C01
201000056539;0;7;0;14;0;4;2;B01
201000056540;0;7;0;4;0;3;17;A01
201000056541;0;7;0;0;2;4;12;A01
201000056541;0;33;0;0;2;1;1;B01
201000056542;0;7;0;0;0;5;1;B01
201000056542;0;15;0;0;0;0;1;C01
201000056542;0;34;0;0;2;3;3;A01
201000056542;0;7;0;0;0;5;1;D01
201000056543;0;32;0;0;2;8;1;A01
201000056543;0;7;0;0;2;8;12;B01
201000056544;0;7;0;4;0;9;0;A01
201000056545;0;7;0;6;2;6;1;B01
201000056545;0;17;0;0;2;2;12;A01
201000056545;0;7;0;0;2;1;1;C01
201000056546;0;15;0;0;2;4;2;B01
201000056546;0;7;0;0;2;1;2;A01
201000056547;0;7;0;0;2;0;12;A01
201000056547;0;7;0;0;2;3;1;B01
201000056548;0;7;0;0;2;1;0;B01
201000056548;0;7;0;0;2;1;0;A01
201000056548;0;7;0;0;2;4;0;C01
201000056549;0;7;0;3;0;1;21;A01
201000056550;0;33;0;0;0;4;2;B01
201000056550;0;7;0;0;2;1;2;A01
201000056551;0;7;0;0;2;2;0;B01
201000056551;0;14;0;0;2;2;12;A01
201000056552;0;33;0;0;0;0;21;A01
201000056553;0;7;0;0;0;5;2;B01
201000056553;0;33;0;0;2;1;2;A01
201000056554;0;7;0;0;2;1;2;A01
201000056554;0;7;0;0;0;4;2;B01
201000056555;0;33;0;0;2;4;3;B01
201000056555;0;33;0;0;2;1;3;A01
201000056556;0;7;0;0;0;4;2;B01
201000056556;0;7;0;0;2;1;2;A01
201000056557;0;7;0;16;0;0;1;A01
201000056558;0;7;0;4;0;1;0;A01
201000056559;0;7;0;0;2;4;24;B01
201000056559;0;14;0;1;0;2;14;A01
201000056560;0;32;0;0;0;7;1;A01
201000056561;0;32;0;0;0;8;1;A01
201000056562;0;7;0;0;2;1;2;A01
201000056562;0;7;0;0;0;4;2;B01
201000056563;0;10;0;4;0;3;13;A01
201000056564;0;7;0;0;2;7;12;B01
201000056564;0;34;0;0;2;8;1;A01
201000056565;0;15;0;0;2;2;1;B01
201000056565;0;7;0;0;2;3;9;A01
201000056566;0;7;0;4;0;3;2;A01
201000056567;0;7;0;0;2;4;2;B01
201000056567;0;7;0;0;2;1;2;A01
201000056568;0;33;0;0;0;2;21;A01
201000056569;0;7;0;0;0;4;11;B01
201000056569;0;33;0;0;0;1;21;A01
201000056570;0;7;0;0;2;4;2;C01
201000056570;0;7;0;0;2;1;2;A01
201000056570;0;10;0;0;2;4;2;B01
201000056571;0;30;0;6;0;3;0;A01
201000056572;0;7;0;3;0;2;1;A01
201000056573;0;2;0;0;0;2;2;A01
201000056574;0;10;0;6;0;3;21;A01
201000056575;0;7;0;0;2;0;11;A01
201000056575;0;31;0;0;2;7;0;B01
201000056576;0;7;0;4;2;3;2;A01
201000056576;0;14;0;0;2;1;2;B01
201000056577;0;7;0;0;0;4;2;B01
201000056577;0;7;0;0;2;1;2;A01
201000056578;0;7;0;0;2;4;1;C01
201000056578;0;7;0;0;2;1;1;A01
201000056578;0;7;0;0;2;4;1;B01
201000056579;0;10;0;0;2;1;2;A01
201000056579;0;7;0;0;2;4;2;B01
201000056579;0;7;0;0;2;4;2;C01
201000056580;0;7;0;0;2;4;1;B01
201000056580;0;7;0;0;2;1;11;A01
201000056581;0;34;0;14;0;1;0;A01
201000056582;0;7;0;0;2;1;2;B01
201000056582;0;33;0;0;2;1;2;A01
201000056583;0;7;0;0;2;2;12;A01
201000056583;0;33;0;0;2;3;3;B01
201000056584;1;32;0;0;2;7;3;A01
201000056584;0;33;0;0;2;7;2;B01
201000056584;0;7;0;0;0;7;2;C01
201000056585;0;7;0;0;0;6;23;B01
201000056585;0;7;0;1;0;2;14;A01
201000056586;0;7;0;0;0;9;9;A01
201000056587;0;7;0;3;0;1;1;A01
201000056588;0;7;0;0;2;2;12;B01
201000056588;0;33;0;0;2;1;3;A01
201000056589;0;10;0;0;2;1;2;A01
201000056589;0;7;0;0;2;6;2;C01
201000056589;0;7;0;0;2;4;2;B01
201000056590;0;33;0;0;2;1;3;A01
201000056590;0;7;0;0;2;6;12;B01
201000056591;0;7;0;4;0;1;2;B01
201000056591;0;7;0;14;0;1;17;A01
201000056592;0;31;0;0;2;8;13;B01
201000056592;0;7;0;0;2;5;12;A01
201000056593;0;33;0;0;0;7;3;A01
201000056593;0;3;0;0;0;0;11;B01
201000056594;0;7;0;0;0;5;12;B01
201000056594;0;34;0;0;2;3;3;A01
201000056595;0;7;0;0;2;8;11;B01
201000056595;0;33;0;0;2;2;3;A01
201000056596;0;7;0;0;2;5;1;B01
201000056596;0;33;0;0;2;1;3;A01
201000056596;0;33;0;0;0;0;0;C01
201000056597;0;7;0;0;2;4;2;C01
201000056597;0;7;0;0;2;1;2;A01
201000056597;0;7;0;0;2;1;2;B01
201000056598;0;7;0;0;0;1;2;A01
201000056599;0;33;0;0;2;3;2;B01
201000056599;0;33;0;0;2;7;14;A01
201000056600;0;33;0;0;0;0;1;A01
201000056601;0;7;0;0;2;1;14;A01
201000056601;0;7;0;0;2;4;24;B01
201000056602;0;7;0;0;9;2;0;A01
201000056603;0;7;0;0;2;3;12;A01
201000056603;0;7;0;0;0;6;2;B01
201000056604;0;34;0;0;2;2;2;A01
201000056604;0;7;0;0;0;6;2;B01
201000056605;0;7;0;0;2;1;2;A01
201000056605;0;7;0;0;0;4;2;C01
201000056605;0;10;0;0;0;4;2;B01
201000056606;0;7;0;0;2;6;1;B01
201000056606;0;31;0;0;2;1;3;A01
201000056607;0;33;0;0;0;7;14;A01
201000056608;0;7;0;0;2;1;21;A01
201000056608;0;7;0;0;2;4;23;B01
201000056609;0;7;0;0;2;5;2;B01
201000056609;0;7;0;0;2;3;2;A01
201000056610;0;7;0;0;2;7;14;A01
201000056610;0;7;0;0;2;7;16;C01
201000056610;0;33;0;0;2;3;14;B01
201000056611;0;7;0;0;2;1;2;A01
201000056611;0;7;0;0;2;4;2;B01
201000056611;0;10;0;0;0;4;2;C01
201000056612;0;10;0;0;2;6;11;B01
201000056612;0;33;0;0;2;7;3;A01
201000056613;0;33;0;0;2;7;3;A01
201000056613;0;7;0;0;2;4;0;C01
201000056613;0;7;0;0;2;8;11;B01
201000056614;0;7;0;0;2;4;2;D01
201000056614;0;7;0;0;0;4;2;C01
201000056614;0;7;0;0;2;1;2;A01
201000056614;0;7;0;0;2;4;2;B01
201000056615;0;7;0;0;2;7;12;A01
201000056615;0;7;0;0;2;3;1;B01
201000056616;0;7;0;0;2;4;2;B01
201000056616;0;7;0;0;2;1;2;A01
201000056616;0;7;0;0;0;4;2;C01
201000056617;0;7;0;15;0;1;9;A01
201000056618;0;7;0;0;2;5;1;B01
201000056618;0;7;0;13;2;3;11;A01
201000056619;0;33;0;4;0;8;2;A01
201000056620;0;7;0;0;0;6;2;B01
201000056620;0;33;0;0;2;1;3;A01
201000056620;0;7;0;0;0;5;2;C01
201000056621;0;33;0;0;2;1;3;A01
201000056621;0;7;0;0;2;5;2;C01
201000056621;0;33;0;0;2;4;2;B01
201000056622;0;7;0;0;2;1;2;A01
201000056622;0;15;0;0;0;4;1;C01
201000056622;0;7;0;0;2;4;1;B01
201000056623;0;33;0;0;0;7;1;A01
201000056624;0;7;0;0;2;4;2;B01
201000056624;0;7;0;0;2;4;2;D01
201000056624;0;7;0;0;2;1;2;A01
201000056624;0;7;0;0;2;4;2;C01
201000056625;0;7;0;0;2;4;2;B01
201000056625;2;7;0;0;2;1;2;A01
201000056626;0;7;0;0;1;4;1;C01
201000056626;0;32;0;0;2;3;3;A01
201000056626;0;10;0;0;2;2;14;B01
201000056627;0;7;0;0;2;1;2;B01
201000056627;0;7;0;0;0;4;2;C01
201000056627;0;7;0;0;2;1;2;A01
201000056628;0;33;0;0;2;1;13;A01
201000056628;0;7;0;0;0;6;2;B01
201000056629;0;10;0;0;2;3;2;A01
201000056629;0;7;0;0;2;5;23;C01
201000056629;0;33;0;0;2;1;3;B01
201000056630;0;33;0;0;2;1;1;A01
201000056630;0;7;0;0;0;4;2;B01
201000056631;0;33;0;0;0;0;0;A01
201000056632;0;7;0;4;0;3;2;A01
201000056633;0;7;0;6;0;1;0;A01
201000056634;0;7;0;4;0;9;0;A01
201000056635;0;7;0;0;2;6;2;A01
201000056635;0;33;0;0;2;2;12;B01
201000056636;0;33;0;0;2;7;2;A01
201000056636;0;7;0;0;2;6;2;B01
201000056637;0;7;0;0;2;0;11;B01
201000056637;0;7;0;0;2;9;12;A01
201000056638;0;34;0;0;2;7;3;A01
201000056638;0;7;0;0;0;7;1;B01
201000056639;0;7;0;0;2;1;2;A01
201000056639;0;7;0;0;0;4;2;C01
201000056639;0;7;0;0;2;4;2;B01
201000056639;0;7;0;0;0;4;2;D01
201000056640;0;32;0;0;2;1;2;A01
201000056640;0;7;0;0;0;5;12;B01
201000056641;1;7;0;0;2;8;11;Z01
201000056641;0;7;0;0;2;6;2;B01
201000056641;0;33;0;4;2;7;2;A01
201000056642;0;7;0;4;0;2;14;A01
201000056643;0;7;0;0;2;4;2;B01
201000056643;0;33;0;0;2;1;2;A01
201000056644;0;20;0;0;2;4;1;B01
201000056644;0;7;0;0;2;1;2;A01
201000056645;0;7;0;0;2;2;21;A01
201000056645;0;10;0;4;2;6;2;B01
201000056646;0;17;0;4;0;1;2;A01
201000056647;0;7;0;0;0;6;11;B01
201000056647;0;32;0;0;0;7;1;A01
201000056648;0;7;0;0;2;1;11;A01
201000056648;0;7;0;0;2;4;0;C01
201000056648;0;7;0;0;2;2;2;B01
201000056649;0;7;0;0;2;7;12;B01
201000056649;0;33;0;0;2;8;3;A01
201000056650;0;33;0;0;2;3;3;A01
201000056650;0;7;0;0;2;2;2;B01
201000056651;0;7;0;0;2;4;2;B01
201000056651;0;7;0;0;2;1;2;A01
201000056652;0;7;0;0;2;5;2;B01
201000056652;0;33;0;0;2;1;3;A01
201000056653;0;7;0;0;2;5;0;B01
201000056653;0;7;0;0;2;3;21;A01
201000056654;0;33;0;0;0;0;3;B01
201000056654;0;7;0;0;0;0;3;A01
201000056655;0;32;0;0;2;1;1;A01
201000056655;0;33;0;0;2;1;1;B01
201000056655;0;15;0;0;0;6;1;C01
201000056656;0;7;0;0;2;1;2;A01
201000056656;0;7;0;0;2;1;2;B01
201000056656;0;10;0;0;0;4;2;C01
201000056657;0;7;0;0;2;4;2;C01
201000056657;0;7;0;0;2;1;2;A01
201000056657;0;7;0;0;2;4;2;B01
201000056658;0;7;0;0;0;4;2;C01
201000056658;0;7;0;0;2;1;2;A01
201000056658;0;7;0;0;2;0;2;B01
201000056659;0;7;0;0;2;4;2;B01
201000056659;0;7;0;0;2;5;2;C01
201000056659;0;7;0;0;2;1;2;A01
201000056660;0;34;0;0;2;3;3;A01
201000056660;1;7;0;0;2;5;2;Z01
201000056661;0;7;0;1;0;5;2;A01
201000056661;0;7;0;0;2;4;2;C01
201000056661;0;7;0;0;2;6;2;B01
201000056662;0;7;0;0;2;1;2;A01
201000056662;0;7;0;0;2;6;2;C01
201000056662;1;7;0;0;2;5;2;B01
201000056663;0;7;0;4;0;2;0;A01
201000056663;1;33;0;0;0;0;1;Z01
201000056664;0;7;0;0;9;5;1;B01
201000056664;0;17;0;0;0;0;1;A01
201000056664;0;7;0;0;9;3;6;C01
201000056665;0;7;0;0;2;4;2;B01
201000056665;0;7;0;0;2;1;2;A01
201000056665;0;7;0;0;2;4;2;C01
201000056666;0;7;0;0;2;7;14;B01
201000056666;0;33;0;3;2;8;1;A01
201000056667;0;7;0;0;2;1;1;F01
201000056667;0;7;0;0;0;4;2;D01
201000056667;0;7;0;0;0;2;2;B02
201000056667;0;7;0;0;2;3;2;A02
201000056667;0;7;0;0;2;4;17;C01
201000056667;1;7;0;0;0;5;1;Z01
201000056667;0;7;0;0;2;9;2;E01
201000056668;0;33;0;0;0;8;1;A01
201000056669;0;7;0;0;0;0;13;B01
201000056669;0;33;0;0;2;1;3;A01
201000056669;0;7;0;0;0;4;1;C01
201000056670;0;7;0;0;0;4;1;C01
201000056670;0;7;0;0;0;4;1;B01
201000056670;2;7;0;0;2;1;1;A01
201000056671;0;7;0;0;0;5;1;B01
201000056671;0;7;0;0;2;1;11;A01
201000056672;0;15;0;0;2;4;2;B01
201000056672;0;7;0;0;2;1;2;A01
201000056673;0;7;0;0;0;5;9;A01
201000056674;0;33;0;0;0;1;21;A01
201000056675;0;7;0;4;0;3;17;A01
201000056676;0;7;0;4;0;3;2;A01
201000056677;0;7;0;0;0;6;0;B01
201000056677;0;33;0;0;2;2;3;A01
201000056678;0;7;0;4;0;1;2;A01
201000056679;0;33;0;0;0;7;16;A01
201000056680;0;7;0;0;0;5;1;B01
201000056680;0;7;0;0;2;3;12;A01
201000056681;0;10;0;0;0;5;2;B01
201000056681;0;32;0;0;2;1;2;A01
201000056682;0;7;0;0;2;2;2;B01
201000056682;0;32;0;0;2;1;2;A01
201000056683;0;14;0;0;0;2;0;A01
201000056683;0;7;0;0;2;6;11;B01
201000056684;0;32;0;0;2;1;1;B01
201000056684;0;7;0;0;2;2;12;A01
201000056685;0;7;0;0;0;6;0;B01
201000056685;0;31;0;0;2;7;0;A01
201000056686;0;7;0;0;2;1;2;A01
201000056686;0;10;0;0;2;4;2;B01
201000056687;0;7;0;0;2;8;2;C01
201000056687;0;10;0;0;2;4;2;B01
201000056687;0;33;0;0;2;1;2;A01
201000056688;0;7;0;0;2;1;2;A01
201000056688;0;31;0;0;2;4;2;B01
201000056688;0;7;0;0;0;4;2;C01
201000056689;2;7;0;0;2;3;5;A01
201000056689;0;33;0;0;2;1;1;B01
201000056690;0;7;0;0;0;4;0;B01
201000056690;0;7;0;0;2;1;2;A01
201000056691;0;7;0;0;2;1;2;F02
201000056691;0;7;0;0;2;4;2;E01
201000056691;0;7;0;0;2;1;2;B01
201000056691;0;7;0;0;0;4;2;A01
201000056691;0;7;0;0;2;4;2;D01
201000056691;0;7;0;0;2;4;2;C01
201000056692;0;32;0;0;2;0;2;A01
201000056692;1;7;0;0;2;0;9;Z01
201000056692;0;32;0;0;2;0;2;B01
201000056693;0;7;0;4;0;1;1;A01
201000056694;0;10;0;13;0;1;0;A01
201000056695;0;7;0;0;2;1;2;A01
201000056695;0;7;0;0;0;4;2;B01
201000056696;0;7;0;4;0;1;1;A01
201000056697;0;33;0;0;0;0;2;A01
201000056698;0;7;0;0;2;1;2;A01
201000056698;0;14;0;0;2;6;2;C01
201000056698;0;7;0;0;2;4;2;B01
201000056699;0;33;0;3;0;9;2;C01
201000056699;0;7;0;0;0;4;2;B01
201000056699;0;33;0;0;2;1;2;A01
201000056700;0;7;0;4;0;1;0;A01
201000056701;0;7;0;0;2;8;11;A01
201000056701;0;7;0;0;0;2;1;B01
201000056702;0;7;0;0;0;8;2;A01
201000056703;0;7;0;0;2;2;12;B01
201000056703;0;33;0;0;2;1;3;A01
201000056704;0;7;0;0;2;4;23;B01
201000056704;0;7;0;0;2;4;23;C01
201000056704;0;7;0;0;2;1;21;A01
201000056705;0;34;0;0;2;7;3;A01
201000056705;0;7;0;0;2;3;11;B01
201000056706;0;33;0;0;2;2;17;B01
201000056706;0;7;0;0;2;3;11;A01
201000056707;0;7;0;0;2;1;2;A01
201000056707;0;7;0;0;2;4;2;B01
201000056707;0;7;0;0;2;4;2;C01
201000056708;0;7;0;0;2;4;11;B01
201000056708;0;7;0;1;2;4;2;C01
201000056708;0;34;0;1;2;1;3;A01
201000056709;0;33;0;0;2;7;1;B01
201000056709;0;7;0;0;2;8;13;A01
201000056710;0;7;0;0;0;5;1;B01
201000056710;0;7;0;0;2;3;11;A01
201000056711;0;7;0;4;2;4;0;B01
201000056711;1;7;0;0;2;1;2;A01
201000056712;0;7;0;0;2;3;0;B01
201000056712;0;7;0;0;2;5;17;A01
201000056713;0;33;0;0;2;8;3;A01
201000056713;0;7;0;0;2;8;11;B01
201000056714;1;7;0;0;2;3;11;Z01
201000056714;0;33;0;0;2;1;3;A01
201000056715;0;7;0;0;2;2;12;A01
201000056715;1;15;0;0;2;6;1;Z01
201000056716;0;33;0;0;2;1;0;A01
201000056716;0;10;0;0;0;4;0;B01
201000056717;0;34;0;6;0;0;1;A01
201000056718;0;7;0;0;2;6;1;C01
201000056718;0;7;0;0;1;4;2;D01
201000056718;0;7;0;0;2;4;2;B01
201000056718;0;31;0;0;2;1;3;A01
201000056718;0;7;0;0;2;8;1;E01
201000056719;0;31;0;0;0;7;1;A01
201000056720;0;14;0;6;0;8;0;A01
201000056721;0;7;0;0;0;7;1;B01
201000056721;0;33;0;0;2;8;3;A01
201000056722;0;7;0;0;0;7;12;B01
201000056722;0;33;0;0;2;1;3;A01
201000056722;0;7;0;0;0;4;1;C01
201000056723;0;7;0;4;0;1;21;A01
201000056724;0;7;0;0;2;1;2;A01
201000056724;0;7;0;0;2;4;2;B01
201000056725;0;10;0;4;0;1;0;A01
201000056726;0;7;0;4;0;6;2;A01
201000056726;1;99;0;0;2;1;0;Z01
201000056727;0;7;0;0;0;5;1;B01
201000056727;0;7;0;0;2;1;11;A01
201000056728;0;7;0;4;0;9;1;A01
201000056729;0;7;0;0;0;4;2;B01
201000056729;0;7;0;0;2;1;1;A01
201000056730;0;7;0;0;2;3;11;A01
201000056730;0;7;0;0;2;7;23;C01
201000056730;0;33;0;0;2;3;3;B01
201000056731;0;34;0;0;0;2;0;A01
201000056732;0;14;0;0;1;5;2;B01
201000056732;0;33;0;0;0;0;1;A01
201000056733;0;7;0;0;0;1;0;A01
201000056734;0;33;0;0;2;1;2;B01
201000056734;0;7;0;0;2;5;2;C01
201000056734;0;7;0;0;2;2;12;A01
201000056735;0;7;0;0;2;4;2;D01
201000056735;0;7;0;0;2;4;2;C01
201000056735;0;7;0;0;2;4;2;B01
201000056735;0;7;0;0;2;4;2;A01
201000056736;0;10;0;0;4;1;2;A01
201000056736;0;10;0;0;2;4;2;B01
201000056736;0;7;0;0;2;1;2;C01
201000056737;0;17;0;0;2;5;12;B01
201000056737;0;7;0;0;2;6;18;A01
201000056738;0;33;0;0;0;8;1;A01
201000056739;0;33;0;0;0;7;3;A01
201000056740;0;7;0;0;2;6;11;B01
201000056740;0;10;0;0;2;2;1;A01
201000056741;0;7;0;0;2;6;11;B01
201000056741;0;33;0;0;2;2;3;A01
201000056742;1;14;0;0;2;6;12;Z01
201000056742;0;7;0;0;2;3;1;A01
201000056743;0;7;0;0;1;3;0;A01
201000056744;0;33;0;14;0;7;0;A01
201000056745;0;7;0;0;2;1;2;A01
201000056745;0;7;0;0;2;4;2;B01
201000056746;0;31;0;0;2;1;3;B01
201000056746;0;7;0;0;0;7;1;D01
201000056746;0;34;0;0;0;5;0;A01
201000056746;0;10;0;0;0;8;11;C01
201000056747;0;7;0;0;2;5;0;A01
201000056747;0;7;0;0;2;3;0;B01
201000056748;0;7;0;0;2;4;0;B01
201000056748;0;7;0;0;2;1;0;A01
201000056749;0;7;0;0;2;4;2;C01
201000056749;0;7;0;0;2;1;2;A01
201000056749;0;7;0;0;2;4;2;B01
201000056750;0;33;0;0;2;1;2;A01
201000056750;0;33;0;0;2;4;2;B01
201000056751;0;7;0;0;2;5;0;B01
201000056751;0;34;0;0;2;3;0;A01
201000056752;0;7;0;0;2;2;2;A01
201000056752;0;15;0;0;0;6;2;B01
201000056753;0;7;0;3;2;1;1;A01
201000056753;0;15;0;0;0;6;1;B01
201000056754;0;33;0;0;2;8;1;B01
201000056754;0;7;0;0;2;2;12;A01
201000056755;0;7;0;0;0;6;11;B01
201000056755;0;33;0;0;2;1;3;A01
201000056756;0;7;0;0;2;2;2;D01
201000056756;0;7;0;0;2;5;1;C01
201000056756;0;7;0;0;2;5;12;B01
201000056756;0;33;0;0;2;3;3;A01
201000056757;0;33;0;0;2;1;3;A01
201000056757;0;7;0;0;0;4;1;C01
201000056757;0;7;0;0;0;3;11;B01
201000056758;0;7;0;0;2;4;1;B01
201000056758;0;7;0;0;2;5;2;D01
201000056758;0;10;0;3;2;4;1;C01
201000056758;0;7;0;0;2;1;0;A01
201000056759;0;7;0;0;2;1;2;A01
201000056759;0;7;0;0;0;4;2;C01
201000056759;0;7;0;0;2;4;2;B01
201000056760;0;33;0;0;0;0;1;A01
201000056761;0;10;0;3;2;8;2;B01
201000056761;0;7;0;4;2;7;2;A01
201000056762;0;7;0;0;0;9;21;A01
201000056763;0;7;0;0;2;4;1;B01
201000056763;0;33;0;0;2;1;0;A01
201000056764;0;7;0;0;9;1;0;E01
201000056764;0;7;0;0;0;5;1;B01
201000056764;0;17;0;4;2;2;11;A01
201000056764;0;7;0;0;2;1;0;C01
201000056764;0;7;0;0;9;1;0;D01
201000056765;0;33;0;0;2;7;1;B01
201000056765;0;7;0;0;2;8;9;A01
201000056766;0;7;0;0;2;3;11;A01
201000056766;0;33;0;0;2;2;1;B01
201000056767;0;32;0;0;0;8;0;A01
201000056768;0;7;0;3;0;1;13;A01
201000056769;0;7;0;0;2;4;2;B01
201000056769;0;7;0;9;2;1;1;A01
201000056770;0;7;0;3;0;8;1;A01
201000056771;0;10;0;0;2;1;2;A01
201000056771;0;7;0;0;2;4;2;B01
201000056772;0;14;0;0;2;8;13;B01
201000056772;0;33;0;0;2;1;3;A01
201000056773;0;7;0;4;0;2;21;A01
201000056774;0;7;0;0;0;4;1;B01
201000056774;0;33;0;0;2;1;1;A01
201000056775;0;7;0;0;2;4;12;B01
201000056775;0;33;0;4;2;1;2;A01
201000056776;0;7;0;0;0;0;1;A01
201000056777;0;33;0;14;0;1;16;A01
201000056778;0;7;0;0;2;2;2;C01
201000056778;0;7;0;0;2;3;11;A01
201000056778;0;7;0;0;2;5;2;B01
201000056779;0;7;0;0;0;9;1;A01
201000056780;0;7;0;3;0;3;13;A01
201000056781;0;32;0;0;0;3;2;A01
201000056782;0;33;0;0;2;1;3;A01
201000056782;0;33;0;0;2;2;12;B01
201000056783;0;7;0;0;0;4;2;B01
201000056783;0;10;0;0;2;1;2;A01
201000056784;0;7;0;3;0;3;0;A01
201000056785;0;7;0;4;2;8;11;A01
201000056785;0;7;0;0;2;2;1;B01
201000056786;0;7;0;0;0;4;1;B01
201000056786;0;33;0;0;2;0;2;A01
201000056787;0;7;0;4;0;3;1;A01
201000056788;0;7;0;0;2;4;2;A01
201000056788;0;7;0;0;2;1;2;B01
201000056789;0;32;0;0;2;1;2;A01
201000056789;0;7;0;0;2;4;2;B01
201000056790;0;14;0;0;2;1;1;B01
201000056790;0;7;0;0;0;6;13;A01
201000056791;0;7;0;3;0;2;0;A01
201000056792;0;7;0;4;0;3;11;A01
201000056793;0;7;0;4;0;3;16;A01
201000056794;0;33;0;4;0;2;0;A01
201000056795;0;33;0;0;0;8;0;A01
201000056796;0;7;0;0;0;0;11;A01
201000056797;0;7;0;0;2;6;1;B01
201000056797;0;7;0;0;2;2;12;A01
201000056798;0;7;0;0;2;2;14;A01
201000056798;0;7;0;0;0;8;1;B01
201000056799;0;7;0;0;0;0;0;B01
201000056799;0;7;0;0;2;0;0;A01
201000056800;0;7;0;0;2;6;2;B01
201000056800;0;7;0;0;2;2;2;A01
201000056801;0;7;0;4;0;7;2;A01
201000056802;0;7;0;4;0;3;0;A01
201000056803;0;33;0;0;2;8;9;A01
201000056803;0;3;0;0;2;5;2;B01
201000056804;0;7;0;0;2;8;13;B01
201000056804;0;33;0;0;2;7;14;A01
201000056805;0;15;0;4;0;8;2;A01
201000056805;0;7;0;0;9;3;2;B01
201000056806;0;7;0;0;0;0;2;B01
201000056806;0;7;0;0;2;1;2;A01
201000056807;0;33;0;0;0;1;3;B01
201000056807;0;7;0;0;2;5;12;A01
201000056808;0;7;0;0;2;4;2;B01
201000056808;0;7;0;0;2;1;2;A01
201000056808;0;7;0;0;2;4;2;C01
201000056808;0;7;0;0;2;4;2;D01
201000056809;0;33;0;0;2;1;2;A01
201000056809;0;7;0;0;0;6;2;C01
201000056809;0;7;0;0;0;4;2;B01
201000056810;0;32;0;0;2;1;3;A01
201000056810;0;7;0;0;2;4;1;B01
201000056811;0;7;0;4;0;3;1;A01
201000056812;0;7;0;0;2;2;1;B01
201000056812;0;10;0;0;2;3;6;A01
201000056812;0;7;0;0;0;1;1;C01
201000056813;0;14;0;0;2;4;2;B01
201000056813;0;7;0;0;2;1;2;A01
201000056814;0;7;0;0;0;4;1;B01
201000056814;0;7;0;4;2;1;0;A01
201000056815;0;31;0;0;0;0;0;A01
201000056816;0;7;0;5;0;1;1;A01
201000056817;0;14;0;1;0;2;1;A01
201000056818;0;33;0;0;2;3;3;A01
201000056818;0;7;0;0;0;5;1;B01
201000056819;0;34;0;0;2;0;3;A01
201000056819;0;7;0;0;2;3;0;C01
201000056819;0;7;0;0;2;5;1;B01
201000056820;0;7;0;0;0;0;0;A01
201000056821;0;7;0;0;0;4;23;B01
201000056821;0;7;0;0;2;1;2;A01
201000056821;0;7;0;0;0;4;23;C01
201000056822;0;7;0;0;2;2;2;A01
201000056822;0;7;0;0;2;6;2;B01