num_acc;senc;catv;occutc;obs;obsm;choc;manv;num_veh
201000056823;0;7;0;0;2;2;1;C01
201000056823;0;32;0;0;2;2;3;B01
201000056823;0;7;0;0;2;3;2;A01
201000056824;0;7;0;0;0;6;11;A01
201000056824;0;33;0;0;2;2;1;B01
201000056824;0;7;0;0;2;3;1;C01
201000056825;0;10;0;0;0;6;2;B01
201000056825;0;33;0;0;2;1;2;A01
201000056826;0;7;0;0;0;1;1;C01
201000056826;0;33;0;0;0;4;1;B01
201000056826;0;33;0;0;2;7;0;A01
201000056827;0;10;0;0;0;4;2;B01
201000056827;0;7;0;0;2;1;2;A01
201000056828;0;7;0;0;2;5;12;B01
201000056828;0;33;0;0;0;3;3;A01
201000056829;0;10;0;3;0;2;13;A01
201000056830;0;7;0;0;2;3;1;B01
201000056830;0;7;0;0;2;3;5;A01
201000056831;0;7;0;13;9;8;0;A01
201000056832;0;7;0;2;0;1;1;A01
201000056833;0;7;0;4;2;1;0;A01
201000056833;0;14;0;0;0;7;0;B01
201000056834;0;7;0;4;0;2;17;A01
201000056835;0;7;0;4;0;7;0;A01
201000056835;0;7;0;0;2;2;1;B01
201000056836;0;7;0;4;0;3;0;A01
201000056837;0;14;0;0;2;7;13;A01
201000056837;0;7;0;0;2;8;1;B01
201000056838;0;7;0;0;2;4;2;B01
201000056838;0;7;0;0;2;1;2;A01
201000056839;0;10;0;0;0;5;2;B01
201000056839;0;33;0;0;2;3;2;A01
201000056840;0;7;0;0;2;2;12;A01
201000056840;0;33;0;0;2;3;1;B01
201000056841;0;7;0;0;0;4;2;B01
201000056841;0;33;0;0;2;1;2;A01
201000056842;0;7;0;0;0;6;0;B01
201000056842;0;33;0;0;2;2;3;A01
201000056843;0;7;0;0;2;4;2;B01
201000056843;0;33;0;0;2;1;2;A01
201000056844;0;33;0;0;0;6;3;A01
201000056844;0;7;0;0;0;0;12;B01
201000056845;0;7;0;0;2;6;2;B01
201000056845;0;33;0;0;2;1;2;A01
201000056846;0;99;0;0;2;3;3;B01
201000056846;0;7;0;0;2;7;2;C01
201000056846;0;7;0;0;2;2;12;A01
201000056847;0;7;0;0;2;4;2;D01
201000056847;0;7;0;0;2;3;11;B01
201000056847;0;33;0;0;2;1;3;A01
201000056847;0;31;0;0;0;1;3;C01
201000056848;0;13;0;0;2;4;24;B01
201000056848;0;7;0;0;2;3;2;A01
201000056849;0;7;0;3;0;1;23;B01
201000056849;0;33;0;1;0;1;2;A01
201000056850;0;7;0;0;2;2;12;A01
201000056850;0;33;0;0;2;6;3;B01
201000056850;0;7;0;0;2;4;1;C01
201000056851;0;33;0;0;2;1;2;A01
201000056851;0;10;0;0;2;4;2;B01
201000056852;1;15;0;0;2;5;9;Z01
201000056852;0;7;0;0;2;8;9;A01
201000056853;0;7;0;0;0;5;2;B01
201000056853;0;33;0;0;2;3;2;A01
201000056854;0;10;0;3;0;2;1;A01
201000056855;0;33;0;0;0;8;1;B01
201000056855;0;10;0;0;2;7;12;A01
201000056856;0;7;0;0;2;3;22;B01
201000056856;0;7;0;0;9;2;17;A01
201000056857;0;7;0;0;0;4;2;B01
201000056857;0;7;0;0;2;1;2;A01
201000056858;0;33;0;0;0;0;12;A01
201000056859;0;15;0;1;0;1;1;A01
201000056859;0;13;0;0;2;4;24;B01
201000056860;0;7;0;3;2;1;2;A01
201000056860;0;7;0;3;0;8;1;B01
201000056861;0;33;0;0;2;1;2;A01
201000056861;0;7;0;0;0;4;2;C01
201000056861;0;7;0;0;2;4;2;B01
201000056862;0;34;0;6;0;2;1;A01
201000056863;0;31;0;0;0;0;1;A01
201000056864;0;33;0;0;0;0;11;A01
201000056865;0;7;0;0;2;4;0;B01
201000056865;0;7;0;0;2;4;0;D01
201000056865;0;7;0;0;2;4;0;C01
201000056865;0;10;0;0;2;1;2;A01
201000056865;0;7;0;0;0;4;0;E01
201000056866;0;7;0;6;0;1;2;A01
201000056867;0;33;0;0;2;7;3;A01
201000056867;0;7;0;0;2;6;2;B01
201000056868;0;14;0;0;2;1;2;A01
201000056868;0;14;0;0;0;4;2;B01
201000056869;0;7;0;0;2;4;2;A01
201000056869;1;7;0;0;0;0;2;Z01
201000056870;0;33;0;0;0;8;3;A01
201000056871;0;32;0;0;2;2;3;A01
201000056871;0;7;0;0;0;3;11;B01
201000056872;0;7;0;0;2;1;1;A01
201000056872;0;7;0;0;0;0;0;B01
201000056873;0;33;0;0;0;8;21;A01
201000056874;0;7;0;4;0;1;0;A01
201000056875;0;7;0;4;0;7;1;A01
201000056876;0;7;0;0;0;0;1;A01
201000056877;0;7;0;4;2;1;0;B01
201000056877;0;7;0;4;2;3;0;A01
201000056878;0;31;0;0;0;7;0;A01
201000056879;0;33;0;0;0;7;2;B01
201000056879;0;33;0;0;0;7;2;A01
201000056880;0;33;0;0;0;8;2;A01
201000056881;0;7;0;4;0;3;1;A01
201000056882;0;7;0;0;0;8;11;B01
201000056882;0;7;0;0;0;5;1;C01
201000056882;0;33;0;0;2;2;3;A01
201000056883;0;33;0;0;0;8;2;A01
201000056884;0;10;0;0;0;4;2;C01
201000056884;0;7;0;0;2;4;2;B01
201000056884;0;10;0;0;2;1;2;A01
201000056885;0;7;0;0;0;4;11;A01
201000056885;0;33;0;0;0;1;2;B01
201000056885;0;34;0;0;0;1;2;C01
201000056886;0;33;0;0;0;8;15;A01
201000056887;0;33;0;4;0;1;1;A01
201000056888;0;14;0;0;0;0;0;C01
201000056888;0;33;0;0;2;2;3;A01
201000056888;0;7;0;0;0;5;0;B01
201000056889;0;7;0;0;0;0;0;A01
201000056889;0;7;0;0;9;3;0;B01
201000056890;0;7;0;0;1;1;1;A01
201000056891;0;33;0;0;2;2;3;A01
201000056891;0;7;0;0;0;6;11;B01
201000056892;0;10;0;0;0;6;1;D01
201000056892;0;7;0;4;2;2;14;A01
201000056892;0;10;0;0;0;6;1;B01
201000056892;0;7;0;0;0;3;1;C01
201000056893;0;7;0;3;0;3;21;A01
201000056894;0;10;0;0;0;4;2;B01
201000056894;0;7;0;0;2;1;2;A01
201000056895;0;7;0;0;2;4;2;C01
201000056895;0;7;0;0;2;4;2;D01
201000056895;0;7;0;0;2;4;2;B01
201000056895;0;7;0;0;2;1;2;A01
201000056896;0;7;0;0;2;1;2;A01
201000056896;0;7;0;0;0;5;0;B01
201000056897;0;33;0;0;2;1;0;B01
201000056897;0;7;0;0;0;6;11;A01
201000056897;0;7;0;0;2;2;2;C01
201000056898;0;7;0;4;0;7;2;A01
201000056899;0;34;0;4;0;3;0;A01
201000056900;0;7;0;0;2;3;2;D01
201000056900;0;7;0;0;0;6;2;C01
201000056900;0;33;0;0;2;3;3;A01
201000056900;0;7;0;0;2;7;1;B01
201000056901;0;7;0;0;0;4;2;C01
201000056901;0;7;0;0;2;1;1;A01
201000056901;0;7;0;0;0;0;1;B01
201000056902;0;33;0;0;2;0;1;A01
201000056903;0;17;0;0;2;1;2;A01
201000056903;0;7;0;0;0;4;2;B01
201000056904;0;34;0;0;2;2;1;B01
201000056904;0;7;0;0;2;3;11;A01
201000056905;0;15;0;0;2;1;2;A01
201000056905;0;10;0;0;2;4;2;C01
201000056905;0;7;0;0;0;4;2;B01
201000056906;0;33;0;0;2;2;0;B01
201000056906;0;7;0;0;2;8;0;A01
201000056907;0;7;0;0;0;6;2;B01
201000056907;0;7;0;0;2;2;2;A01
201000056908;0;7;0;0;2;1;2;A01
201000056908;1;7;0;0;0;0;2;Z01
201000056908;0;10;0;0;2;4;2;B01
201000056908;0;7;0;0;0;4;2;D01
201000056909;0;10;0;0;2;4;2;A01
201000056909;0;10;0;0;0;6;2;B01
201000056910;0;7;0;0;2;6;0;B01
201000056910;0;33;0;0;2;1;1;A01
201000056911;0;7;0;0;0;4;2;B01
201000056911;0;7;0;0;2;1;2;A01
201000056912;0;33;0;0;2;1;2;A01
201000056912;0;7;0;0;0;4;2;B01
201000056913;0;7;0;0;0;3;2;A01
201000056914;0;7;0;0;6;9;21;A01
201000056915;0;14;0;3;0;7;1;A01
201000056916;0;7;0;0;0;7;1;C01
201000056916;0;33;0;0;2;2;3;A01
201000056916;0;10;0;0;0;3;11;B01
201000056917;0;33;0;0;2;3;1;A01
201000056917;0;10;0;0;0;5;3;B01
201000056918;0;33;0;0;2;7;0;B01
201000056918;0;7;0;0;2;8;11;A01
201000056919;0;7;0;2;0;2;12;A01
201000056920;0;7;0;3;0;3;9;A01
201000056921;0;7;0;0;2;5;2;B01
201000056921;0;33;0;0;2;1;2;A01
201000056922;0;7;0;13;0;2;1;A01
201000056923;0;7;0;3;0;7;1;A01
201000056924;0;10;0;4;2;3;0;A01
201000056924;0;10;0;0;2;8;0;B01
201000056925;1;33;0;0;2;6;11;Z01
201000056925;0;33;0;0;2;1;3;A01
201000056926;0;34;0;0;2;1;0;B01
201000056926;0;7;0;0;2;1;0;A01
201000056926;0;7;0;0;0;4;0;C01
201000056927;0;7;0;0;9;2;0;A01
201000056928;0;10;0;4;0;2;1;A01
201000056929;0;33;0;0;2;1;2;A01
201000056929;0;7;0;0;0;4;2;B01
201000056930;0;7;0;4;0;3;2;A01
201000056931;0;7;0;3;2;1;1;A01
201000056931;0;7;0;3;2;5;1;B01
201000056931;0;7;0;0;2;3;1;C01
201000056932;0;7;0;0;0;4;0;C01
201000056932;0;7;0;0;2;3;0;A01
201000056932;0;7;0;4;0;1;0;B01
201000056933;0;7;0;4;0;2;2;A01
201000056934;0;7;0;4;0;3;17;A01
201000056935;0;15;0;0;0;6;2;B01
201000056935;0;7;0;0;2;1;2;A01
201000056936;0;31;0;0;2;3;21;A01
201000056936;0;37;1;0;2;5;0;B01
201000056937;0;33;0;0;0;4;2;B01
201000056937;0;13;0;0;2;1;2;A01
201000056938;0;34;0;0;0;6;11;B01
201000056938;0;7;0;0;2;2;12;A01
201000056939;0;33;0;0;2;4;2;C01
201000056939;0;7;0;0;9;1;0;A01
201000056939;0;7;0;0;2;4;2;B01
201000056939;0;7;0;0;0;4;2;D01
201000056940;0;33;0;0;0;2;1;B01
201000056940;0;7;0;4;2;0;9;A01
201000056940;0;7;0;0;2;1;1;C01
201000056941;0;34;0;0;0;0;0;A01
201000056942;0;7;0;0;2;1;2;A01
201000056942;0;7;0;0;2;4;2;B01
201000056943;2;7;0;4;0;1;1;A01
201000056944;0;7;0;0;2;4;2;B01
201000056944;0;7;0;0;2;1;2;A01
201000056944;0;7;0;0;0;4;2;C01
201000056945;0;7;0;4;0;1;1;A01
201000056946;0;7;0;3;0;1;0;A01
201000056947;0;7;0;10;0;1;10;A01
201000056948;0;31;0;0;0;0;1;A01
201000056949;0;7;0;4;0;0;1;A01
201000056950;0;7;0;4;0;1;0;A01
201000056951;0;32;0;0;2;3;2;A01
201000056951;0;7;0;0;2;5;2;B01
201000056952;0;33;0;0;0;0;2;A01
201000056953;0;7;0;0;2;7;12;A01
201000056953;0;33;0;0;2;0;0;B01
201000056954;0;7;0;0;2;2;1;B01
201000056954;0;7;0;0;2;3;13;A01
201000056955;0;10;0;0;2;2;1;B01
201000056955;0;7;0;0;2;6;11;A01
201000056956;0;10;0;0;0;4;24;B01
201000056956;0;14;0;1;0;1;2;A01
201000056957;0;33;0;0;0;0;2;A01
201000056958;0;7;0;0;2;4;2;B01
201000056958;0;10;0;0;0;4;2;C01
201000056958;0;7;0;0;2;1;2;A01
201000056959;0;33;0;0;2;1;3;A01
201000056959;0;7;0;0;0;4;11;B01
201000056960;0;7;0;3;0;1;0;A01
201000056961;0;34;0;0;0;3;12;A01
201000056961;0;7;0;0;0;1;1;B01
201000056962;0;31;0;0;0;0;0;A01
201000056963;0;15;0;0;0;5;2;B01
201000056963;0;7;0;0;2;1;2;A01
201000056964;0;7;0;3;0;2;1;A01
201000056965;0;7;0;0;0;4;2;B01
201000056965;0;7;0;0;0;4;2;A01
201000056966;0;7;0;0;0;4;1;B01
201000056966;0;7;0;0;2;1;1;A01
201000056967;0;7;0;0;0;3;0;B01
201000056967;0;7;0;3;2;1;0;A01
201000056968;0;7;0;0;2;6;11;A01
201000056968;0;33;0;0;0;2;1;B01
201000056969;0;33;0;0;2;1;3;B01
201000056969;0;7;0;0;2;7;12;A01
201000056970;0;33;0;0;0;7;12;A01
201000056971;0;33;0;0;6;1;1;A01
201000056972;0;7;0;0;2;7;0;B01
201000056972;0;34;0;0;2;8;0;A01
201000056973;0;7;0;0;2;5;2;B01
201000056973;0;7;0;0;2;1;2;A01
201000056973;0;7;0;0;0;4;2;C01
201000056974;0;7;0;0;2;1;2;A01
201000056974;0;7;0;0;2;4;2;B01
201000056974;0;7;0;0;2;4;2;C01
201000056975;0;7;0;1;0;4;23;C01
201000056975;0;7;0;0;0;4;23;B01
201000056975;0;7;0;1;2;1;2;A01
201000056976;0;7;0;0;2;1;0;A01
201000056976;0;7;0;0;0;4;1;C01
201000056976;0;7;0;0;2;4;1;B01
201000056976;0;7;0;0;0;4;0;D01
201000056977;0;7;0;0;2;1;2;A01
201000056978;0;7;0;4;0;1;0;A01
201000056979;2;7;0;0;2;1;2;A01
201000056979;0;7;0;0;2;4;2;B01
201000056980;0;7;0;4;0;2;1;A01
201000056981;0;7;0;0;2;1;2;A01
201000056981;0;7;0;0;2;3;1;B01
201000056982;0;7;0;0;2;1;2;A01
201000056982;0;7;0;4;2;4;2;B01
201000056983;0;31;0;0;0;0;11;A01
201000056984;0;7;0;0;0;4;2;C01
201000056984;0;7;0;0;2;4;2;B01
201000056984;0;7;0;0;2;1;11;A01
201000056985;0;7;0;0;2;1;2;A01
201000056985;0;14;0;0;2;8;2;B01
201000056986;0;7;0;0;2;4;2;B01
201000056986;0;7;0;0;2;1;2;A01
201000056987;0;31;0;0;0;0;0;A01
201000056988;0;7;0;4;0;3;11;A01
201000056989;0;7;0;4;0;3;11;A01
201000056990;0;10;0;0;0;6;0;B01
201000056990;0;7;0;0;2;2;18;A01
201000056991;0;7;0;4;0;3;0;A01
201000056992;0;7;0;0;0;4;2;C01
201000056992;0;17;0;0;2;1;2;A01
201000056992;0;10;0;0;2;4;2;B01
201000056993;0;10;0;0;2;1;2;A01
201000056993;0;7;0;0;0;4;2;B01
201000056994;0;33;0;0;2;2;3;A01
201000056994;0;7;0;0;2;3;11;B01
201000056995;0;7;0;0;0;4;2;B01
201000056995;0;31;0;0;2;1;2;A01
201000056996;0;7;0;3;0;1;0;A01
201000056996;0;7;0;0;2;1;0;B01
201000056997;0;10;0;3;0;3;0;A01
201000056998;0;7;0;0;0;4;2;B01
201000056998;0;7;0;0;2;1;2;A01
201000056999;0;7;0;4;0;4;2;B01
201000056999;0;7;0;0;2;1;9;A01
201000057000;0;7;0;4;0;1;0;A01
201000057001;0;7;0;3;0;1;1;A01
201000057002;0;33;0;0;2;7;17;B01
201000057002;0;10;0;0;2;6;11;A01
201000057003;0;7;0;0;2;6;0;B01
201000057003;0;15;0;0;2;2;12;A01
201000057004;0;7;0;4;0;0;13;A01
201000057005;0;7;0;0;0;6;23;D01
201000057005;0;7;0;1;0;1;21;C01
201000057005;0;7;0;1;0;1;1;A01
201000057005;0;7;0;0;0;4;23;E01
201000057005;0;33;0;0;0;8;23;B01
201000057006;0;7;0;0;0;6;24;C01
201000057006;0;7;0;0;2;8;21;B01
201000057006;0;7;0;3;0;1;0;A01
201000057007;0;7;0;0;2;1;1;A01
201000057007;0;7;0;0;0;4;2;B01
201000057008;1;7;0;0;2;7;14;Z01
201000057008;0;7;0;6;2;3;2;A01
201000057009;0;7;0;4;0;1;2;A01
201000057010;0;7;0;4;0;1;0;A01
201000057011;0;7;0;4;0;9;0;A01
201000057012;0;7;0;0;0;8;1;B01
201000057012;0;7;0;4;2;1;12;A01
201000057013;0;7;0;1;0;1;2;B01
201000057013;2;7;0;0;2;4;2;A01
201000057014;0;7;0;13;0;1;0;A01
201000057015;0;7;0;0;2;2;1;A01
201000057016;0;7;0;4;0;3;1;A01
201000057017;0;7;0;0;0;4;1;A01
201000057017;0;7;0;0;2;1;2;C01
201000057017;0;7;0;0;0;4;2;B01
201000057018;0;7;0;0;0;5;1;A01
201000057018;0;7;0;3;2;1;14;B01
201000057019;0;7;0;0;2;6;11;A01
201000057019;0;14;0;0;2;7;2;B01
201000057020;0;7;0;0;2;1;0;A01
201000057020;0;7;0;0;0;4;2;B01
201000057021;0;7;0;0;2;4;2;B01
201000057021;0;7;0;0;2;1;0;A01
201000057022;0;7;0;13;0;3;12;A01
201000057023;0;14;0;4;0;1;0;A01
201000057024;0;7;0;13;0;7;1;A01
201000057025;0;7;0;4;0;9;1;A01
201000057026;0;7;0;0;0;0;0;B01
201000057026;0;7;0;4;0;3;1;A01
201000057026;0;7;0;0;2;1;1;C01
201000057027;0;20;0;0;0;4;1;B01
201000057027;0;7;0;1;0;1;2;A01
201000057028;0;7;0;0;0;6;1;A01
201000057028;0;7;0;0;0;5;1;B01
201000057028;0;7;0;0;2;1;1;C01
201000057029;0;7;0;0;0;9;0;A01
201000057030;0;7;0;0;0;4;23;A01
201000057030;0;10;0;0;2;2;14;B01
201000057031;0;7;0;0;2;1;2;A01
201000057031;0;7;0;0;2;7;2;B01
201000057032;0;7;0;3;2;6;19;A01
201000057032;0;10;0;3;2;1;1;B01
201000057032;0;7;0;0;2;2;19;C01
201000057033;0;33;0;0;0;7;0;B01
201000057033;0;7;0;0;0;8;11;A01
201000057034;0;15;0;0;2;3;9;A01
201000057034;0;7;0;0;2;5;2;B01
201000057034;0;7;0;0;2;1;2;C01
201000057035;0;15;0;0;0;7;1;A01
201000057036;0;10;0;0;0;3;0;A01
201000057037;0;7;0;0;2;1;2;A01
201000057037;0;7;0;0;0;4;1;B01
201000057038;0;7;0;0;2;3;12;B01
201000057038;0;15;0;0;0;5;1;A01
201000057039;0;7;0;16;0;0;1;A01
201000057040;0;33;0;0;0;0;1;A01
201000057041;0;7;0;0;2;1;1;B01
201000057041;0;99;0;0;0;6;1;A01
201000057042;0;7;0;0;0;0;1;A01
201000057043;0;7;0;4;0;3;1;A01
201000057044;0;15;0;0;0;7;1;A01
201000057044;0;7;0;0;2;3;11;B01
201000057045;0;7;0;4;0;2;1;A01
201000057046;0;7;0;3;0;1;0;A01
201000057047;0;7;0;0;2;3;11;A01
201000057047;0;7;0;0;2;2;2;B01
201000057048;0;7;0;0;0;1;2;A01
201000057049;0;7;0;0;2;6;11;A01
201000057049;0;7;0;0;2;2;2;B01
201000057050;0;7;0;0;0;0;0;B01
201000057050;0;7;0;0;0;0;0;A01
201000057051;0;7;0;0;2;1;2;F02
201000057051;0;7;0;0;2;4;2;E01
201000057051;0;7;0;0;2;4;2;D01
201000057051;0;7;0;0;2;4;2;A01
201000057051;0;7;0;0;2;4;2;C01
201000057051;0;7;0;0;2;4;2;B01
201000057052;0;15;0;0;0;1;2;A01
201000057053;0;31;0;4;0;2;1;A01
201000057054;0;15;0;0;2;6;2;B01
201000057054;0;2;0;0;2;2;12;A01
201000057055;0;7;0;4;0;1;1;A01
201000057056;0;7;0;0;0;3;11;B01
201000057056;0;7;0;0;0;5;17;A01
201000057057;0;7;0;0;2;1;0;A01
201000057057;0;7;0;0;2;4;0;B01
201000057058;0;7;0;0;2;7;12;A01
201000057058;0;33;0;0;2;3;18;B01
201000057059;0;15;0;0;2;1;1;B01
201000057059;0;7;0;0;0;4;1;A01
201000057060;0;33;0;3;0;7;21;A01
201000057060;0;7;0;0;0;0;12;B01
201000057061;0;7;0;13;0;2;0;A01
201000057062;0;33;0;0;2;1;2;B01
201000057062;0;7;0;0;0;8;10;A01
201000057063;0;7;0;16;0;0;21;A01
201000057064;0;31;0;0;2;7;1;B01
201000057064;0;7;0;0;2;3;11;A01
201000057065;0;7;0;0;2;4;2;A01
201000057065;0;7;0;0;2;1;2;B01
201000057066;0;10;0;0;2;8;2;B01
201000057066;0;7;0;3;2;3;2;A01
201000057067;0;7;0;0;2;4;1;B01
201000057067;0;7;0;0;2;1;2;A01
201000057068;0;7;0;4;0;2;14;A01
201000057069;0;7;0;0;2;1;1;B01
201000057069;0;7;0;0;2;1;5;A01
201000057070;0;7;0;0;0;4;1;A01
201000057070;1;7;0;0;2;1;1;Z01
201000057071;0;7;0;4;0;1;1;A01
201000057072;0;7;0;0;2;1;2;A01
201000057072;0;7;0;0;2;4;1;B01
201000057073;0;7;0;6;2;3;13;A01
201000057073;0;7;0;0;2;8;1;B01
201000057074;0;17;0;4;0;2;1;A01
201000057075;0;10;0;4;0;2;1;A01
201000057076;0;33;0;0;0;0;2;A01
201000057076;0;7;0;0;2;6;11;B01
201000057077;0;7;0;0;0;4;11;A01
201000057077;0;33;0;0;2;1;3;B01
201000057078;0;15;0;0;2;7;0;A01
201000057078;0;7;0;4;2;8;1;B01
201000057079;0;7;0;13;0;9;0;A01
201000057080;0;7;0;4;0;3;0;A01
201000057081;0;7;0;0;2;1;0;B01
201000057081;0;7;0;0;2;4;2;A01
201000057082;0;33;0;0;2;8;1;B01
201000057082;0;7;0;0;2;2;12;A01
201000057082;0;7;0;0;2;8;1;C01
201000057083;0;7;0;4;0;1;1;A01
201000057084;0;7;0;0;2;1;5;B01
201000057084;0;7;0;14;2;1;2;A01
201000057085;0;7;0;3;0;1;0;A01
201000057086;0;7;0;0;0;9;2;A01
201000057087;0;7;0;12;0;2;1;A01
201000057088;0;10;0;0;2;4;2;A01
201000057088;0;7;0;0;2;1;2;B01
201000057089;0;7;0;0;0;5;0;A01
201000057090;0;10;0;0;2;1;2;A01
201000057090;0;7;0;0;0;4;2;B01
201000057091;0;7;0;0;2;6;1;B01
201000057091;0;7;0;0;2;5;1;C01
201000057091;0;33;0;0;2;1;3;A01
201000057092;0;15;0;0;2;2;12;A01
201000057092;0;7;0;0;2;7;1;C01
201000057092;0;7;0;4;2;6;1;B01
201000057093;0;7;0;0;0;4;2;A01
201000057093;0;7;0;0;2;1;2;B01
201000057094;0;33;0;0;0;0;2;A01
201000057095;0;7;0;6;0;1;2;A01
201000057096;0;7;0;0;0;5;12;A01
201000057096;0;33;0;0;2;1;3;B01
201000057097;0;7;0;0;2;2;21;B01
201000057097;0;10;0;0;2;5;2;A01
201000057097;0;7;0;0;2;6;1;C01
201000057098;0;7;0;0;2;4;1;A01
201000057098;0;15;0;0;2;1;2;B01
201000057099;0;33;0;0;0;0;3;A01
201000057100;0;7;0;9;0;1;16;A01
201000057101;0;7;0;0;0;4;10;B01
201000057101;0;7;0;1;0;1;16;A01
201000057102;0;10;0;13;0;0;0;A01
201000057103;0;15;0;0;2;6;1;A01
201000057103;0;10;0;0;2;3;1;B01
201000057104;0;7;0;4;0;2;1;A01
201000057105;1;7;0;0;2;3;13;Z01
201000057105;0;33;0;0;0;5;1;A01
201000057106;0;7;0;0;2;8;2;C01
201000057106;0;15;0;0;2;1;2;B01
201000057106;0;7;0;0;2;3;9;A01
201000057107;0;7;0;0;0;1;1;A01
201000057107;0;7;0;0;0;6;0;B01
201000057108;0;7;0;0;2;1;2;B01
201000057108;0;7;0;0;0;4;0;A01
201000057109;0;7;0;0;0;0;1;B01
201000057109;0;33;0;0;2;0;3;A01
201000057110;0;7;0;0;2;9;2;B01
201000057110;0;7;0;0;0;5;2;C01
201000057110;0;7;0;0;0;1;2;A01
201000057111;0;7;0;0;2;4;1;A01
201000057111;0;7;0;0;2;1;1;B01
201000057112;0;7;0;0;2;1;1;B01
201000057112;0;7;0;0;2;1;5;A01
201000057112;0;7;0;0;2;1;1;C01
201000057113;0;7;0;13;0;3;0;A01
201000057114;1;15;0;0;1;7;1;Z01
201000057114;0;7;0;0;2;0;0;A01
201000057115;0;10;0;1;2;1;1;C01
201000057115;0;7;0;0;2;1;1;B01
201000057115;0;7;0;0;0;4;1;A01
201000057116;0;7;0;0;2;3;2;B01
201000057116;0;7;0;0;0;5;1;A01
201000057117;0;7;0;0;2;0;2;C01
201000057117;0;7;0;0;2;0;2;B01
201000057117;0;7;0;0;2;0;2;A01
201000057118;0;7;0;0;2;5;14;A01
201000057118;0;34;0;0;2;8;3;B01
201000057119;0;33;0;0;0;0;1;A01
201000057120;0;33;0;0;0;0;0;A01
201000057121;0;33;0;0;2;1;2;A01
201000057121;0;10;0;0;0;6;1;B01
201000057122;0;17;0;0;0;7;1;A01
201000057123;0;7;0;0;0;4;0;C01
201000057123;0;7;0;0;2;1;1;A01
201000057123;0;7;0;0;2;4;1;B01
201000057124;0;7;0;0;2;2;2;A01
201000057124;0;7;0;0;2;2;15;B01
201000057125;0;7;0;0;0;1;1;A01
201000057126;0;7;0;0;0;0;1;A01
201000057127;0;33;0;4;0;9;1;A01
201000057127;0;7;0;0;2;6;13;B01
201000057128;0;33;0;0;2;4;1;A01
201000057128;0;7;0;0;2;7;12;B01
201000057129;0;33;0;0;0;2;1;A01
201000057130;0;7;0;0;2;5;12;B01
201000057130;0;33;0;0;2;1;3;A01
201000057131;0;7;0;0;2;4;2;B01
201000057131;0;7;0;0;2;1;2;A01
201000057131;0;7;0;0;2;4;2;C01
201000057132;0;7;0;0;2;5;1;A01
201000057132;0;7;0;0;0;6;1;B01
201000057132;0;7;0;0;2;3;1;C01
201000057133;0;7;0;0;0;3;1;B01
201000057133;0;7;0;0;0;3;13;A01
201000057134;0;15;0;0;0;5;1;A01
201000057134;0;7;0;0;2;1;14;B01
201000057135;0;7;0;0;0;3;13;A01
201000057136;0;7;0;0;0;5;2;A01
201000057136;0;7;0;0;2;3;9;B01
201000057137;0;32;0;0;2;7;3;B01
201000057137;0;7;0;0;2;8;11;A01
201000057138;0;33;0;0;2;3;3;A01
201000057138;0;7;0;0;2;5;9;B01
201000057139;0;33;0;0;2;7;1;B01
201000057139;0;7;0;0;9;7;11;A01
201000057140;0;33;0;0;2;3;1;A01
201000057140;0;7;0;0;2;2;9;B01
201000057141;0;7;0;0;2;8;9;A01
201000057141;0;15;0;0;2;2;1;B01
201000057142;0;7;0;0;2;1;1;C01
201000057142;0;7;0;4;2;8;9;A01
201000057142;0;15;0;0;2;5;1;B01
201000057143;0;7;0;4;2;5;1;A01
201000057143;0;7;0;0;2;3;12;B01
201000057144;0;31;0;4;0;3;12;A01
201000057145;0;7;0;4;0;1;1;A01
201000057146;0;7;0;4;0;8;1;A01
201000057146;0;7;0;0;9;8;1;B01
201000057147;0;7;0;4;0;3;1;A01
201000057148;0;7;0;0;2;1;0;A01
201000057148;0;7;0;0;2;4;2;B01
201000057148;0;7;0;0;0;4;2;C01
201000057149;0;7;0;1;0;1;1;A01
201000057149;0;7;0;0;0;4;23;B01
201000057150;0;14;0;0;2;2;12;A01
201000057150;0;7;0;0;0;6;1;B01
201000057151;0;7;0;0;2;3;1;B01
201000057151;0;7;0;3;2;2;12;A01
201000057152;0;7;0;0;2;4;2;B01
201000057152;0;33;0;3;2;7;12;A01
201000057153;0;10;0;0;0;6;11;A01
201000057153;0;10;0;0;0;2;1;B01
201000057154;0;34;0;0;0;7;1;A01
201000057155;0;10;0;3;0;3;0;A01
201000057156;0;7;0;0;2;4;2;B01
201000057156;0;10;0;0;2;1;2;A01
201000057157;0;7;0;0;0;4;2;A01
201000057157;0;7;0;0;2;1;2;B01
201000057158;0;7;0;0;2;5;1;A01
201000057158;0;17;0;0;2;1;12;B01
201000057159;0;7;0;13;0;9;1;A01
201000057160;0;7;0;0;2;1;2;C01
201000057160;0;15;0;4;0;1;14;A01
201000057160;0;10;0;0;1;3;21;B01
201000057161;0;7;0;0;0;4;2;B01
201000057161;0;7;0;0;0;4;2;A01
201000057161;0;7;0;0;0;1;2;D01
201000057161;0;7;0;0;0;4;2;C01
201000057162;0;7;0;0;2;4;2;B01
201000057162;0;7;0;0;2;1;2;A01
201000057163;0;7;0;0;2;3;1;B01
201000057163;0;7;0;0;2;2;13;A01
201000057164;0;15;0;0;2;7;0;B01
201000057164;0;7;0;0;2;8;0;A01
201000057165;0;33;0;3;0;2;14;A01