num_acc;senc;catv;occutc;obs;obsm;choc;manv;num_veh
201000057166;0;7;0;0;0;0;14;A01
201000057167;0;7;0;4;0;3;0;A01
201000057168;0;7;0;0;2;8;2;C01
201000057168;0;33;0;0;2;8;3;B01
201000057168;0;7;0;0;2;7;12;A01
201000057169;0;7;0;0;0;4;2;C01
201000057169;0;7;0;0;2;8;11;B01
201000057169;0;32;0;0;2;1;21;A01
201000057170;0;10;0;0;0;4;1;A01
201000057170;0;7;0;0;2;1;2;B01
201000057171;0;7;0;0;2;1;0;B01
201000057171;0;7;0;0;2;7;2;A01
201000057172;0;7;0;0;2;1;2;B01
201000057172;0;7;0;0;0;5;2;A01
201000057173;0;10;0;0;0;6;1;C01
201000057173;0;7;0;0;0;4;14;B01
201000057173;0;33;0;0;2;1;3;A01
201000057174;0;7;0;0;2;5;12;B01
201000057174;0;33;0;0;2;3;1;A01
201000057175;0;7;0;0;0;4;24;A01
201000057175;0;15;0;0;2;2;1;B01
201000057176;0;7;0;0;0;2;2;A01
201000057177;0;33;0;0;2;7;17;A01
201000057177;0;7;0;0;2;8;11;B01
201000057178;0;7;0;0;0;7;0;A01
201000057179;0;7;0;0;2;4;2;D01
201000057179;0;7;0;0;2;4;2;B01
201000057179;0;7;0;0;2;4;2;C01
201000057179;0;7;0;0;2;1;2;A01
201000057180;0;10;0;0;2;6;11;A01
201000057180;0;33;0;0;2;1;1;B01
201000057181;0;7;0;0;2;6;2;A01
201000057182;0;7;0;0;2;4;2;B01
201000057182;0;7;0;0;2;5;14;A01
201000057182;0;33;0;0;2;1;0;C01
201000057183;0;31;0;0;2;1;3;B01
201000057183;0;7;0;0;0;8;11;A01
201000057184;0;33;0;0;0;0;1;A01
201000057185;0;7;0;4;0;2;1;A01
201000057186;0;7;0;13;0;9;1;A01
201000057187;0;33;0;0;0;1;2;A01
201000057187;0;7;0;0;0;4;1;B01
201000057188;0;7;0;0;0;1;2;B01
201000057188;0;7;0;0;2;4;2;A01
201000057189;0;7;0;0;2;3;13;A01
201000057189;0;7;0;0;0;5;0;B01
201000057190;0;7;0;0;2;1;2;C01
201000057190;0;13;0;0;2;1;2;B01
201000057190;0;13;0;0;0;0;0;A01
201000057191;0;7;0;0;2;1;2;A01
201000057191;0;7;0;0;2;4;2;B01
201000057192;0;7;0;5;0;9;0;A01
201000057193;0;7;0;0;2;3;1;A01
201000057193;0;33;0;0;2;5;3;B01
201000057194;0;33;0;0;2;3;1;B01
201000057194;0;7;0;0;2;5;12;A01
201000057195;0;33;0;0;2;1;1;A01
201000057195;0;7;0;0;2;7;14;B01
201000057196;0;33;0;4;0;1;0;A01
201000057197;0;7;0;0;2;4;2;B01
201000057197;0;31;0;0;2;1;2;A01
201000057198;0;7;0;4;0;1;2;A01
201000057199;0;7;0;4;2;1;21;A01
201000057200;0;30;0;0;0;0;1;A01
201000057201;0;7;0;0;0;5;23;B01
201000057201;0;7;0;0;2;3;21;A01
201000057202;0;7;0;0;0;4;12;A01
201000057202;0;33;0;0;2;1;12;B01
201000057203;0;33;0;13;0;1;1;A01
201000057204;0;7;0;3;0;2;1;A01
201000057205;0;31;0;0;2;8;1;A01
201000057205;0;10;0;0;2;8;1;B01
201000057206;0;7;0;0;0;5;2;B01
201000057206;0;33;0;0;2;1;2;A01
201000057207;0;7;0;0;2;4;2;A01
201000057207;0;7;0;0;2;7;2;C01
201000057207;0;7;0;0;0;1;2;B01
201000057208;0;7;0;0;2;6;2;A01
201000057208;0;7;0;0;2;1;2;B01
201000057209;0;7;0;0;0;4;2;A01
201000057210;0;7;0;4;0;2;14;A01
201000057211;0;7;0;3;0;1;0;A01
201000057212;0;10;0;0;0;5;1;B01
201000057212;0;7;0;0;0;3;11;A01
201000057212;0;31;0;0;0;1;3;C01
201000057213;0;7;0;0;2;1;2;A01
201000057213;0;7;0;0;0;4;2;B01
201000057214;0;13;0;0;2;7;12;A01
201000057214;0;7;0;0;2;8;9;B01
201000057215;0;33;0;14;2;0;11;A01
201000057216;0;7;0;0;2;5;12;B01
201000057216;0;33;0;0;2;3;3;A01
201000057217;0;7;0;0;2;8;11;B01
201000057217;0;34;0;0;0;7;1;A01
201000057218;0;7;0;4;0;1;1;A01
201000057219;0;7;0;3;0;3;0;A01
201000057219;0;7;0;0;0;0;13;B01
201000057220;0;10;0;0;0;4;1;B01
201000057220;0;7;0;0;2;1;1;A01
201000057221;0;7;0;4;0;2;15;A01
201000057222;0;7;0;0;0;8;9;B01
201000057222;0;33;0;0;2;0;0;A01
201000057223;0;2;0;0;0;2;1;A01
201000057224;0;31;0;0;0;8;1;A01
201000057225;0;17;0;3;0;1;1;A01
201000057226;0;7;0;0;2;5;12;B01
201000057226;0;31;0;0;2;8;3;A01
201000057227;0;10;0;4;0;8;0;A01
201000057228;0;7;0;0;0;4;2;A01
201000057228;0;7;0;0;2;1;2;B01
201000057229;0;33;0;0;0;8;21;A01
201000057230;0;7;0;0;2;4;1;B01
201000057230;0;10;0;0;2;1;2;A01
201000057230;0;15;0;0;0;2;1;C01
201000057231;0;7;0;0;2;2;1;B01
201000057231;0;7;0;0;2;5;11;A01
201000057232;0;7;0;4;2;3;17;A01
201000057232;0;14;0;0;2;8;1;B01
201000057233;0;7;0;3;0;2;1;A01
201000057234;0;10;0;0;2;6;11;A01
201000057234;0;13;0;0;2;2;1;B01
201000057235;0;33;0;0;2;7;3;A01
201000057235;0;7;0;0;2;3;9;B01
201000057236;0;7;0;0;2;6;12;B01
201000057236;0;32;0;0;2;1;3;A01
201000057237;0;33;0;0;2;2;12;A01
201000057237;0;7;0;0;2;6;2;B01
201000057238;0;33;0;0;2;8;3;A01
201000057238;0;7;0;0;2;8;2;B01
201000057239;0;10;0;0;0;0;0;A01
201000057239;0;33;0;0;0;0;0;B01
201000057240;0;7;0;0;2;8;11;B01
201000057240;0;33;0;0;2;8;3;A01
201000057241;0;33;0;0;0;7;1;A01
201000057242;0;33;0;0;2;1;2;A01
201000057242;0;7;0;0;0;4;1;B01
201000057243;0;32;0;0;2;3;3;B01
201000057243;0;7;0;0;2;7;14;A01
201000057244;0;33;0;11;0;8;2;A01
201000057245;0;14;0;0;2;2;0;B01
201000057245;0;7;0;0;2;0;0;A01
201000057246;0;7;0;0;2;1;11;A01
201000057246;0;7;0;0;2;1;1;B01
201000057247;0;7;0;0;2;4;2;C01
201000057247;0;34;0;0;2;7;2;B01
201000057247;0;7;0;0;2;3;11;A01
201000057248;0;33;0;16;0;0;1;A01
201000057249;0;7;0;0;0;4;2;C01
201000057249;0;7;0;0;2;4;2;B01
201000057249;0;14;0;0;2;1;2;A01
201000057250;0;7;0;0;2;4;2;B01
201000057250;0;7;0;0;2;3;2;A01
201000057250;0;7;0;0;2;4;2;C01
201000057251;0;7;0;0;0;6;1;B01
201000057251;0;7;0;0;2;2;2;A01
201000057252;0;33;0;0;2;3;11;A01
201000057252;0;7;0;0;2;5;1;B01
201000057253;0;7;0;0;2;1;2;B01
201000057253;0;7;0;0;2;4;1;A01
201000057254;0;7;0;0;0;4;1;B01
201000057254;0;7;0;0;0;1;1;A01
201000057255;0;7;0;0;0;9;1;A01
201000057256;0;7;0;0;2;4;2;B01
201000057256;0;7;0;0;2;4;2;A01
201000057256;0;7;0;0;2;1;2;C01
201000057257;0;10;0;0;2;1;2;B01
201000057257;0;7;0;0;0;4;1;A01
201000057258;0;7;0;0;0;6;11;A01
201000057258;0;34;0;0;2;1;3;B01
201000057259;0;7;0;0;0;9;1;A01
201000057260;0;7;0;16;0;1;1;A01
201000057261;1;13;0;0;0;0;12;B01
201000057261;0;33;0;4;0;2;1;A01
201000057262;0;7;0;0;0;4;13;B01
201000057262;0;14;0;0;2;2;11;A01
201000057263;0;33;0;0;2;1;3;B01
201000057263;0;7;0;0;0;4;0;A01
201000057264;0;7;0;10;0;1;0;A01
201000057265;0;31;0;0;0;0;0;A01
201000057266;0;7;0;13;0;0;2;A01
201000057266;0;33;0;13;0;9;3;B01
201000057267;0;10;0;0;2;1;1;C01
201000057267;0;10;0;0;2;1;1;B01
201000057267;0;7;0;0;2;4;1;A01
201000057268;0;7;0;0;2;4;2;A01
201000057268;0;34;0;0;2;1;18;B01
201000057269;0;7;0;0;2;3;5;A01
201000057269;0;7;0;0;2;3;1;B01
201000057270;0;7;0;0;2;4;2;A01
201000057270;1;7;0;0;2;1;0;Z01
201000057270;0;7;0;0;2;4;2;B01
201000057271;0;33;0;13;0;8;1;A01
201000057272;0;10;0;0;2;4;2;C01
201000057272;0;7;0;0;2;5;2;B01
201000057272;0;7;0;0;2;2;13;A01
201000057273;0;33;0;0;2;3;3;A01
201000057273;0;7;0;0;0;2;12;B01
201000057274;0;15;0;0;2;2;1;A01
201000057274;0;7;0;0;2;8;9;B01
201000057275;0;33;0;0;2;4;2;A01
201000057275;0;13;0;0;0;0;15;B01
201000057276;0;7;0;0;2;5;12;A01
201000057276;0;7;0;0;2;3;1;B01
201000057277;0;7;0;4;0;8;1;A01
201000057278;0;7;0;0;2;1;1;A01
201000057278;0;15;0;0;0;6;2;B01
201000057279;0;7;0;4;0;1;0;A01
201000057280;0;7;0;0;2;2;12;A01
201000057280;0;7;0;0;2;4;2;C01
201000057280;0;33;0;0;2;8;3;B01
201000057281;0;7;0;0;2;4;1;A01
201000057281;0;7;0;0;2;1;2;B01
201000057282;0;7;0;0;2;4;2;B01
201000057282;0;7;0;0;2;1;2;A01
201000057282;0;7;0;0;2;1;2;C01
201000057283;0;7;0;4;0;1;2;A01
201000057284;0;7;0;0;0;8;0;A01
201000057284;0;33;0;0;0;7;0;B01
201000057285;0;34;0;0;0;1;3;C01
201000057285;0;7;0;0;0;6;1;A01
201000057285;0;33;0;0;0;1;3;B01
201000057286;0;7;0;0;2;4;2;A01
201000057286;0;7;0;0;2;1;2;B01
201000057287;0;7;0;0;0;4;2;A01
201000057287;0;32;0;0;2;3;2;D01
201000057287;0;7;0;0;2;1;2;B01
201000057287;0;7;0;0;2;1;2;C01
201000057288;0;7;0;0;0;7;0;B01
201000057288;0;15;0;1;0;3;0;A01
201000057289;0;7;0;8;9;2;2;A01
201000057290;0;7;0;0;0;1;2;B01
201000057290;0;10;0;0;0;4;1;A01
201000057291;0;7;0;0;2;2;0;A01
201000057291;0;7;0;0;0;5;0;B01
201000057292;0;7;0;0;2;4;2;B01
201000057292;0;7;0;0;2;1;2;C01
201000057292;0;7;0;0;2;4;2;A01
201000057293;0;7;0;7;0;6;0;A01
201000057294;0;10;0;0;0;4;1;A01
201000057294;0;7;0;1;0;1;2;B01
201000057295;0;7;0;0;2;4;14;A01
201000057295;0;14;0;0;2;1;1;B01
201000057296;0;7;0;3;0;2;1;A01
201000057297;0;7;0;0;2;2;17;A01
201000057297;0;7;0;0;0;8;1;B01
201000057298;0;7;0;3;0;1;0;A01
201000057298;0;7;0;0;0;8;0;B01
201000057299;0;7;0;1;0;1;2;B01
201000057299;0;7;0;0;0;4;1;A01
201000057300;0;7;0;4;0;3;1;A01
201000057301;0;32;0;0;0;0;3;A01
201000057302;0;10;0;0;2;7;2;A01
201000057302;0;10;0;0;2;8;18;B01
201000057303;0;34;0;0;2;2;1;B01
201000057303;0;7;0;0;2;8;11;A01
201000057304;0;7;0;0;2;4;2;B01
201000057304;0;7;0;0;2;4;2;C01
201000057304;0;7;0;0;2;1;2;A01
201000057305;0;7;0;0;0;9;14;A01
201000057306;0;7;0;4;0;1;0;A01
201000057307;0;33;0;13;0;0;0;A01
201000057308;0;33;0;0;2;7;3;A01
201000057308;0;7;0;0;2;8;13;B01
201000057309;0;33;0;0;2;1;1;A01
201000057309;0;7;0;0;2;6;1;C01
201000057309;0;7;0;0;2;4;12;B01
201000057310;0;33;0;0;2;1;9;A01
201000057310;0;7;0;0;2;4;2;B01
201000057311;0;10;0;4;0;3;2;A01
201000057312;0;32;0;0;0;0;1;A01
201000057313;0;7;0;0;0;7;0;A01
201000057314;0;33;0;0;0;8;1;A01
201000057315;0;7;0;8;0;1;14;A01
201000057316;0;10;0;0;0;0;1;A01
201000057317;0;7;0;0;2;2;12;A01
201000057317;0;2;0;0;2;4;1;B01
201000057318;0;2;0;0;2;1;3;A01
201000057318;0;10;0;0;2;4;12;B01
201000057319;0;33;0;0;2;2;3;C01
201000057319;0;7;0;0;2;5;2;A01
201000057319;0;7;0;0;2;3;11;B01
201000057320;0;7;0;4;0;1;1;A01
201000057321;0;33;0;0;2;5;2;A01
201000057321;1;10;0;0;2;0;0;Z01
201000057322;0;10;0;0;2;5;1;B01
201000057322;0;34;0;0;2;1;3;A01
201000057323;0;10;0;0;2;1;1;B01
201000057323;0;34;0;0;2;1;3;A01
201000057323;0;7;0;0;2;1;1;C01
201000057324;0;7;0;0;2;4;2;B01
201000057324;0;10;0;0;2;1;2;D01
201000057324;0;7;0;0;2;4;2;C01
201000057324;0;7;0;0;2;4;2;A01
201000057325;0;7;0;0;2;0;2;B01
201000057325;0;10;0;0;2;6;2;A01
201000057326;2;10;0;0;2;1;2;B01
201000057326;0;10;0;0;2;4;2;A01
201000057327;0;7;0;0;2;1;3;A01
201000057327;0;33;0;0;2;4;13;B01
201000057328;0;33;0;13;2;8;1;B01
201000057328;0;7;0;0;2;7;12;A01
201000057329;0;33;0;0;0;7;3;B01
201000057329;0;7;0;0;0;8;0;A01
201000057330;0;10;0;0;0;9;1;A01
201000057331;0;7;0;0;0;1;0;A01
201000057332;0;10;0;0;1;3;1;A01
201000057333;0;10;0;0;0;0;2;D01
201000057333;0;7;0;0;0;0;2;C01
201000057333;0;10;0;0;0;0;2;B01
201000057333;0;10;0;0;2;2;2;A01
201000057334;0;7;0;0;2;1;2;B01
201000057334;0;7;0;0;2;7;12;A01
201000057334;0;33;0;0;2;1;2;C01
201000057335;0;33;0;0;2;3;3;A01
201000057335;0;7;0;0;2;2;1;B01
201000057336;0;7;0;0;2;8;2;B01
201000057336;0;33;0;0;2;1;3;A01
201000057336;0;7;0;0;0;6;2;C01
201000057337;0;14;0;0;2;6;1;B01
201000057337;0;7;0;0;2;3;1;A01
201000057338;0;7;0;4;0;1;2;A01
201000057339;0;33;0;0;0;0;0;A01
201000057340;0;33;0;0;2;1;3;C01
201000057340;0;7;0;0;2;8;13;B01
201000057340;0;7;0;0;2;5;1;A01
201000057341;0;7;0;0;2;4;2;B01
201000057341;0;17;0;0;2;2;2;A01
201000057342;0;7;0;0;2;8;11;B01
201000057342;0;33;0;0;2;7;3;A01
201000057343;0;7;0;0;0;3;2;A01
201000057344;0;7;0;0;2;6;2;B01
201000057344;0;7;0;0;2;1;2;A01
201000057345;0;33;0;0;2;1;0;A01
201000057345;0;7;0;0;2;7;0;B01
201000057346;0;7;0;4;0;8;1;A01
201000057347;0;10;0;3;0;8;0;A01
201000057348;0;99;0;0;2;1;1;B01
201000057348;0;7;0;0;2;1;1;C01
201000057348;0;7;0;0;0;4;1;A01
201000057349;0;33;0;0;0;8;21;A01
201000057350;0;33;0;14;0;7;1;A01
201000057351;0;7;0;0;2;3;1;B01
201000057351;0;17;0;0;2;2;14;A01
201000057352;0;10;0;0;0;0;14;A01
201000057353;0;34;0;0;0;0;1;A01
201000057354;0;32;0;0;0;8;0;A01
201000057354;0;7;0;0;0;7;0;B01
201000057355;0;7;0;0;2;1;2;A01
201000057355;0;7;0;0;2;4;2;B01
201000057356;0;33;0;0;2;3;3;B01
201000057356;0;7;0;0;2;7;9;A01
201000057357;0;7;0;0;0;1;2;A01
201000057358;0;7;0;3;0;3;0;A01
201000057359;0;7;0;4;0;2;16;A01
201000057360;0;7;0;0;0;0;16;A01
201000057361;2;7;0;0;0;2;1;A01
201000057361;0;7;0;0;0;5;0;B01
201000057362;0;7;0;0;2;4;2;B01
201000057362;0;15;0;0;2;3;13;A01
201000057363;0;7;0;0;2;8;1;A01
201000057364;0;33;0;0;2;3;3;A01
201000057364;0;7;0;0;2;5;3;B01
201000057365;0;7;0;0;0;0;0;A01
201000057366;0;7;0;13;0;2;2;A01
201000057367;2;7;0;4;0;8;1;A01
201000057368;0;7;0;0;0;4;0;C01
201000057368;0;10;0;0;0;8;0;A01
201000057368;0;7;0;0;0;6;0;B01
201000057368;0;7;0;0;0;1;2;D01
201000057369;0;7;0;0;2;1;2;A01
201000057369;0;7;0;0;2;4;2;B01
201000057370;0;7;0;0;2;8;11;B01
201000057370;0;7;0;0;2;1;1;A01
201000057371;0;33;0;0;0;7;2;A01
201000057372;0;33;0;0;0;0;0;A01
201000057373;0;7;0;4;0;2;13;A01
201000057374;0;2;0;4;0;1;11;A01
201000057374;0;7;0;0;1;3;1;B01
201000057375;0;15;0;0;0;2;2;A01
201000057375;0;7;0;0;0;6;2;B01
201000057376;0;7;0;0;2;6;0;A01
201000057376;0;10;0;0;2;2;0;B01
201000057377;0;14;0;3;0;2;14;A01
201000057378;0;33;0;0;0;1;2;A01
201000057378;0;7;0;0;0;4;0;B01
201000057379;0;7;0;4;0;9;21;A01
201000057379;0;7;0;1;2;2;1;B01
201000057380;0;14;0;0;0;6;2;A01
201000057380;0;10;0;0;2;2;21;B01
201000057381;0;7;0;0;0;1;2;A01
201000057382;0;33;0;0;0;1;0;A01
201000057383;0;7;0;4;0;2;2;A01
201000057384;0;7;0;3;0;1;0;A01
201000057385;0;7;0;0;2;1;11;A01
201000057385;0;7;0;0;2;7;1;B01
201000057386;0;7;0;4;2;8;0;A01
201000057386;0;7;0;0;2;7;0;B01
201000057387;0;7;0;5;0;0;2;A01
201000057388;0;7;0;0;0;4;1;A01
201000057388;0;15;0;0;2;2;1;B01
201000057389;0;7;0;3;2;1;2;B01
201000057389;0;7;0;0;2;4;2;A01
201000057390;0;7;0;4;0;1;1;A01
201000057391;0;7;0;0;2;1;2;B01
201000057391;0;7;0;0;0;4;2;A01
201000057392;0;7;0;0;0;1;1;A01
201000057393;0;7;0;0;0;1;0;A01
201000057394;0;7;0;0;2;1;2;B01
201000057394;0;7;0;0;0;4;1;A01
201000057395;0;7;0;0;0;1;0;A01
201000057396;0;15;0;4;0;2;2;A01
201000057397;0;7;0;0;2;4;0;A01
201000057397;0;33;0;0;2;1;0;B01
201000057398;0;14;0;0;2;2;14;B01
201000057398;0;7;0;0;2;6;1;A01
201000057399;0;17;0;3;0;1;2;A01
201000057400;0;10;0;3;0;1;2;A01
201000057401;0;33;0;3;0;7;1;A01
201000057402;0;7;0;0;2;2;22;A01
201000057402;0;7;0;0;2;2;23;D01
201000057402;0;33;0;0;2;3;3;B01
201000057402;0;7;0;0;2;3;23;C01
201000057403;0;7;0;0;0;5;2;B01
201000057403;0;7;0;13;2;3;2;A01
201000057404;0;7;0;0;0;4;2;B01
201000057404;0;7;0;0;0;4;2;C01
201000057404;0;7;0;0;2;1;2;A01
201000057405;0;7;0;0;0;4;2;C01
201000057405;0;7;0;1;0;1;2;A01
201000057405;0;7;0;1;0;4;2;B01
201000057406;0;7;0;0;0;0;0;A01
201000057407;0;7;0;4;0;1;1;A01
201000057407;0;7;0;14;2;2;2;B01
201000057408;0;7;0;0;2;6;2;A01
201000057408;0;7;0;0;2;2;2;B01
201000057408;0;7;0;0;2;5;2;C01
201000057409;0;33;0;0;2;1;3;A01
201000057409;0;7;0;0;0;6;1;B01
201000057410;0;7;0;0;2;4;1;B01
201000057410;0;15;0;0;2;2;12;A01
201000057411;0;33;0;0;2;8;2;B01
201000057411;0;7;0;0;2;7;11;A01
201000057412;0;33;0;0;2;7;3;B01
201000057412;0;7;0;0;2;3;11;A01
201000057413;0;32;0;0;0;2;0;A01
201000057413;0;7;0;0;0;0;0;B01
201000057414;0;15;0;0;2;1;2;C01
201000057414;0;7;0;0;0;4;2;A01
201000057414;0;7;0;0;0;4;2;B01
201000057415;0;7;0;4;0;3;1;A01
201000057416;0;14;0;0;2;4;23;A01
201000057416;0;7;0;0;2;1;2;B01
201000057417;0;7;0;0;2;2;2;B01
201000057417;0;7;0;0;2;3;11;A01
201000057417;0;7;0;0;2;8;2;C01
201000057418;0;7;0;0;0;4;2;C01
201000057418;0;7;0;0;1;4;2;B01
201000057418;0;7;0;0;2;1;2;A01
201000057418;0;7;0;0;0;4;2;D01
201000057419;0;30;0;0;0;1;14;A01
201000057420;0;7;0;0;2;1;2;A01
201000057420;0;7;0;0;2;4;2;C01
201000057420;0;7;0;0;2;1;2;B01
201000057421;0;7;0;0;0;3;1;A01
201000057422;0;7;0;0;2;8;21;A01
201000057422;0;33;0;0;0;0;0;C01
201000057422;0;7;0;0;2;7;2;B01
201000057423;0;10;0;0;2;6;11;A01
201000057423;0;33;0;0;0;0;0;B01
201000057424;0;7;0;0;0;5;1;A01
201000057424;0;33;0;0;2;1;11;B01
201000057425;0;7;0;0;0;4;0;A01
201000057425;0;7;0;0;0;1;0;B01
201000057426;0;7;0;0;0;1;14;A01
201000057427;0;7;0;0;0;4;11;A01
201000057427;0;33;0;0;2;1;1;B01
201000057428;0;33;0;0;2;7;1;A01
201000057428;0;7;0;0;2;8;1;B01
201000057429;0;7;0;0;0;9;1;A01
201000057430;0;7;0;4;0;3;2;A01
201000057431;0;7;0;0;2;2;2;A01
201000057431;0;34;0;0;2;6;1;B01
201000057432;0;7;0;3;0;1;1;A01
201000057433;0;7;0;0;0;0;2;A01
201000057433;0;7;0;0;2;1;2;B01
201000057434;1;7;0;1;0;1;14;B01
201000057434;0;7;0;0;0;4;23;A01
201000057435;0;7;0;0;0;5;1;B01
201000057435;0;33;0;0;2;1;3;A01
201000057436;0;7;0;0;2;1;21;B01
201000057436;0;7;0;0;2;1;21;A01
201000057436;0;7;0;0;0;4;23;C01
201000057437;0;7;0;0;0;1;2;C01
201000057437;0;7;0;0;0;4;2;A01
201000057437;0;7;0;0;0;1;2;B01
201000057438;0;7;0;0;0;5;2;A01
201000057438;0;7;0;0;2;1;14;B01
201000057439;0;7;0;0;2;1;1;A01
201000057439;0;7;0;0;2;4;1;B01
201000057440;0;7;0;0;2;4;0;B01
201000057440;0;7;0;0;0;4;0;A01
201000057440;0;7;0;0;2;1;0;C01
201000057441;0;7;0;0;2;6;11;A01
201000057441;0;33;0;3;2;1;3;B01
201000057442;0;33;0;0;2;4;1;A01
201000057442;0;33;0;0;2;3;13;B01
201000057443;0;7;0;0;2;4;1;A01
201000057443;0;7;0;0;2;7;1;B01
201000057443;0;32;0;0;2;1;3;C01
201000057444;0;15;0;0;0;0;11;A01
201000057445;0;31;0;0;0;7;1;A01
201000057446;0;32;0;0;0;7;2;A01
201000057447;0;7;0;0;2;5;12;C01
201000057447;0;33;0;0;2;7;3;A01
201000057447;0;7;0;0;2;6;12;B01
201000057448;0;33;0;0;2;8;3;B01
201000057448;0;7;0;0;2;7;12;A01
201000057449;0;7;0;0;0;4;9;A01
201000057449;0;16;0;0;2;2;1;B01
201000057450;0;7;0;0;2;8;13;B01
201000057450;0;32;0;0;2;1;3;A01
201000057451;0;7;0;0;0;4;0;A01
201000057451;0;7;0;0;0;6;0;B01
201000057451;0;7;0;0;0;4;2;C01
201000057451;0;10;0;0;0;1;2;D01
201000057452;0;7;0;0;2;4;0;A01
201000057452;0;7;0;0;2;1;0;B01
201000057453;0;7;0;1;2;2;1;B01
201000057453;0;7;0;0;2;6;1;A01
201000057454;0;7;0;0;2;1;2;B01
201000057454;0;7;0;0;2;4;1;A01
201000057455;0;7;0;0;2;0;0;B01
201000057455;0;33;0;0;2;0;0;C01
201000057455;0;7;0;0;2;0;0;A01
201000057456;0;10;0;0;2;4;1;B01
201000057456;0;7;0;0;2;1;1;A01
201000057457;0;31;0;0;2;1;3;C01
201000057457;0;10;0;0;2;1;1;A01
201000057457;0;7;0;0;0;7;1;B01
201000057458;0;10;0;0;2;4;1;B01
201000057458;0;7;0;0;2;1;1;A01
201000057459;0;7;0;0;2;0;0;C01
201000057459;0;10;0;0;2;0;1;A01
201000057459;0;10;0;0;2;0;0;B01
201000057460;0;7;0;0;0;3;1;B01
201000057460;0;15;0;0;2;2;12;A01
201000057461;0;10;0;0;2;1;2;B01
201000057461;0;10;0;0;0;4;2;A01
201000057462;0;7;0;0;2;7;12;A01
201000057462;0;33;0;0;2;8;3;B01
201000057463;0;31;0;12;0;7;18;A01
201000057464;0;33;0;0;0;0;0;A01
201000057465;0;7;0;0;0;4;12;A01
201000057465;0;32;0;0;2;1;3;B01
201000057466;0;7;0;0;0;0;2;A01
201000057467;0;7;0;4;0;6;13;B01
201000057467;0;10;0;0;0;2;1;A01
201000057468;0;7;0;0;2;8;11;A01
201000057468;0;32;0;0;2;7;1;B01
201000057469;0;7;0;0;2;1;1;B01
201000057469;0;7;0;0;2;2;13;A01
201000057470;0;7;0;0;2;1;2;A01
201000057470;0;7;0;0;2;4;1;B01
201000057471;0;7;0;4;0;3;1;A01
201000057472;0;7;0;3;0;0;0;A01
201000057473;0;7;0;0;2;4;1;A01
201000057473;0;34;0;0;2;1;2;B01
201000057474;0;7;0;0;2;4;2;A01
201000057474;0;7;0;0;2;8;1;B01
201000057474;0;33;0;0;2;1;3;D01
201000057474;0;17;0;0;2;3;1;C01
201000057475;0;7;0;13;0;1;1;A01
201000057476;0;7;0;0;2;1;2;B01
201000057476;0;7;0;0;2;4;1;A01
201000057477;0;33;0;0;2;8;3;A01
201000057477;0;7;0;0;2;7;9;B01
201000057478;0;7;0;0;2;1;2;C01
201000057478;0;7;0;0;0;4;2;A01
201000057478;0;7;0;0;2;4;2;B01
201000057479;0;10;0;0;0;0;0;A01
201000057480;0;31;0;0;0;0;0;A01
201000057481;0;7;0;0;0;0;0;A01
201000057481;0;7;0;0;0;0;0;B01
201000057482;0;15;0;6;0;0;0;A01
201000057483;0;7;0;4;2;7;0;A01
201000057483;0;7;0;0;2;7;1;B01
201000057484;0;7;0;0;0;0;0;A01
201000057485;0;7;0;0;2;4;2;B01
201000057485;0;10;0;0;2;1;2;A01
201000057486;0;33;0;0;2;7;3;B01
201000057486;0;7;0;0;2;8;11;A01
201000057487;0;10;0;0;2;4;2;A01
201000057487;0;7;0;0;2;5;2;B01
201000057487;0;7;0;0;2;1;2;C01
201000057488;0;7;0;16;2;2;12;B01
201000057488;0;33;0;16;2;8;3;A01
201000057489;0;7;0;0;2;3;19;A01
201000057489;0;15;0;0;0;5;1;B01
201000057490;0;7;0;0;0;5;0;A01
201000057490;0;30;0;0;0;3;0;B01
201000057490;0;7;0;0;0;1;0;C01
201000057491;0;17;0;0;0;6;0;A01
201000057491;0;7;0;0;0;6;0;C01
201000057491;0;33;0;3;0;7;0;B01
201000057492;0;33;0;3;2;2;3;A01
201000057492;1;15;0;0;0;0;11;Z01
201000057493;0;7;0;0;0;4;2;A01
201000057493;0;7;0;0;0;1;2;B01
201000057493;0;7;0;0;0;1;2;C01
201000057494;0;33;0;0;2;2;0;B01
201000057494;0;7;0;0;2;8;11;A01
201000057495;0;7;0;0;0;5;1;A01
201000057495;0;7;0;0;2;7;12;C01
201000057495;0;32;0;0;0;8;3;B01
201000057496;0;7;0;0;2;4;2;B01
201000057496;0;33;0;0;2;1;2;A01
201000057497;0;7;0;0;0;4;2;B01
201000057497;0;33;0;0;2;1;2;A01
201000057498;0;7;0;4;0;3;1;A01
201000057499;0;7;0;0;2;4;1;B01
201000057499;0;7;0;0;2;1;2;C01
201000057499;0;7;0;0;0;4;1;A01
201000057500;0;31;0;0;2;8;1;B01
201000057500;0;7;0;0;2;3;15;A01
201000057501;0;7;0;0;2;1;1;B01
201000057501;0;7;0;0;2;1;5;A01
201000057502;0;14;0;0;0;8;1;A01
201000057502;0;7;0;0;2;2;12;B01
201000057503;0;7;0;0;0;0;11;A01
201000057503;0;33;0;4;0;0;1;B01
201000057504;0;32;0;0;0;2;9;A01
201000057505;0;33;0;3;0;1;21;A01
201000057506;0;7;0;3;0;0;0;A01
201000057507;0;7;0;0;0;4;2;A01