num_acc;senc;catv;occutc;obs;obsm;choc;manv;num_veh
201000057507;0;7;0;0;2;1;2;B01
201000057507;0;2;0;0;2;1;2;C01
201000057508;0;34;0;3;0;1;14;A01
201000057509;0;33;0;0;2;1;3;A01
201000057509;0;7;0;0;2;3;11;B01
201000057510;0;7;0;0;2;1;2;B01
201000057510;0;7;0;0;0;4;2;A01
201000057511;0;7;0;0;0;8;2;A01
201000057512;0;7;0;0;2;5;1;B01
201000057512;0;33;0;0;2;3;18;A01
201000057513;0;7;0;0;2;7;14;A01
201000057513;0;33;0;0;2;1;3;B01
201000057514;0;7;0;0;2;1;2;B01
201000057514;0;7;0;0;0;4;2;A01
201000057515;0;7;0;3;0;1;21;A01
201000057516;0;7;0;13;0;0;0;A01
201000057517;0;33;0;0;0;7;1;A01
201000057518;0;7;0;15;0;1;11;A01
201000057519;0;7;0;3;2;4;1;B01
201000057519;0;15;0;0;2;3;1;A01
201000057520;0;10;0;3;0;1;14;A01
201000057521;0;7;0;0;2;4;2;C01
201000057521;0;7;0;0;2;4;2;B01
201000057521;0;7;0;0;2;1;2;D01
201000057521;0;7;0;0;2;4;2;A01
201000057522;0;10;0;0;0;4;2;B01
201000057522;0;7;0;0;2;1;2;A01
201000057523;0;7;0;0;0;5;1;A01
201000057523;0;7;0;0;2;1;21;B01
201000057524;0;7;0;3;0;1;1;A01
201000057525;0;7;0;3;0;1;1;A01
201000057526;0;7;0;0;0;7;1;A01
201000057527;0;14;0;0;2;7;1;B01
201000057527;0;7;0;0;2;8;11;A01
201000057528;0;7;0;4;0;8;1;A01
201000057529;0;7;0;2;0;1;0;A01
201000057530;0;7;0;5;0;1;16;A01
201000057531;0;33;0;0;2;1;3;A01
201000057531;0;7;0;0;2;7;14;B01
201000057532;0;15;0;0;2;8;2;B01
201000057532;0;7;0;0;2;7;2;A01
201000057533;0;10;0;0;2;3;2;B01
201000057533;0;7;0;0;2;5;2;A01
201000057534;0;7;0;0;1;7;21;A01
201000057535;0;7;0;0;2;1;2;B01
201000057535;0;7;0;0;2;4;2;A01
201000057536;0;7;0;3;0;1;0;A01
201000057537;0;7;0;0;6;1;1;A01
201000057538;0;7;0;0;2;1;14;B01
201000057538;0;7;0;2;2;6;1;A01
201000057539;0;7;0;3;0;1;11;A01
201000057540;0;34;0;0;0;0;1;A01
201000057541;0;7;0;4;0;1;1;A01
201000057542;0;7;0;0;0;2;2;A01
201000057542;0;7;0;0;0;0;3;C01
201000057542;0;33;0;0;2;8;3;B01
201000057543;0;10;0;0;2;6;11;A01
201000057543;0;33;0;0;2;1;3;B01
201000057544;0;7;0;4;0;1;0;A01
201000057545;0;7;0;0;0;4;11;A01
201000057545;0;32;0;0;2;1;3;B01
201000057546;0;7;0;0;0;4;1;A01
201000057546;0;7;0;0;2;1;1;B01
201000057547;0;7;0;4;0;1;0;A01
201000057548;0;7;0;4;0;3;2;A01
201000057549;0;7;0;0;0;0;2;B01
201000057549;0;7;0;0;0;0;2;C01
201000057549;0;7;0;0;0;4;2;A01
201000057550;0;7;0;0;0;9;2;C01
201000057550;0;7;0;0;0;9;2;B01
201000057550;0;7;0;0;0;1;2;D01
201000057550;0;7;0;0;0;4;2;A01
201000057551;0;7;0;0;2;1;2;A01
201000057551;0;7;0;0;0;4;2;B01
201000057552;0;7;0;0;2;1;2;B01
201000057552;0;7;0;0;2;4;2;A01
201000057553;0;7;0;3;0;1;1;A01
201000057554;0;7;0;3;0;3;1;A01
201000057555;0;7;0;3;0;8;1;A01
201000057556;0;7;0;3;0;8;0;A01
201000057557;0;33;0;0;0;5;1;A01
201000057557;0;7;0;0;2;3;11;B01
201000057558;0;31;0;0;0;8;2;A01
201000057559;0;32;0;0;0;0;1;A01
201000057560;0;7;0;0;2;2;0;A01
201000057560;0;7;0;3;2;3;1;B01
201000057561;0;10;0;13;0;8;1;A01
201000057562;0;32;0;14;0;7;21;A01
201000057563;0;7;0;0;0;7;0;C01
201000057563;0;33;0;0;2;7;3;A01
201000057563;0;10;0;0;0;6;0;D01
201000057563;0;7;0;0;2;8;11;B01
201000057564;0;7;0;0;0;2;0;A01
201000057565;0;7;0;3;2;1;9;A01
201000057565;0;15;0;0;0;8;0;B01
201000057566;0;7;0;0;0;4;0;C01
201000057566;0;7;0;0;2;1;0;B01
201000057566;0;7;0;0;2;1;0;A01
201000057567;0;31;0;0;0;1;1;B01
201000057567;0;15;0;0;2;2;12;A01
201000057568;0;14;0;0;0;1;12;B01
201000057568;0;7;0;3;0;3;2;A01
201000057569;1;13;0;0;2;0;0;Z01
201000057569;0;7;0;0;0;8;0;A01
201000057570;0;7;0;0;2;7;12;A01
201000057570;0;33;0;0;0;8;1;B01
201000057571;0;7;0;0;0;1;0;A01
201000057572;0;7;0;4;0;8;1;A01
201000057573;0;7;0;0;0;0;0;A01
201000057574;0;7;0;13;0;4;11;A01
201000057575;0;14;0;0;2;5;12;A01
201000057575;0;7;0;0;2;6;0;B01
201000057576;0;17;0;0;1;3;1;A01
201000057577;0;7;0;0;0;1;0;A01
201000057578;0;10;0;4;0;1;14;A01
201000057579;0;7;0;4;0;1;14;A01
201000057580;0;7;0;3;0;9;0;A01
201000057581;0;7;0;4;0;1;1;A01
201000057582;0;7;0;12;0;8;0;A01
201000057583;0;33;0;0;2;1;2;B01
201000057583;0;7;0;0;2;2;12;A01
201000057584;0;14;0;0;0;2;12;B01
201000057584;0;7;0;0;0;8;11;A01
201000057585;0;33;0;0;2;1;3;A01
201000057585;0;7;0;0;2;4;11;B01
201000057586;0;31;0;0;2;3;3;A01
201000057586;0;7;0;0;2;7;12;B01
201000057587;0;15;0;0;2;1;1;B01
201000057587;0;10;0;0;2;5;9;A01
201000057588;0;15;0;1;0;2;12;A01
201000057588;0;7;0;0;2;8;1;B01
201000057589;0;7;0;0;0;4;2;A01
201000057589;0;7;0;0;0;1;2;B01
201000057590;0;33;0;0;2;1;3;B01
201000057590;0;7;0;0;2;7;12;A01
201000057591;0;7;0;0;2;4;2;B01
201000057591;0;10;0;0;2;1;12;A01
201000057592;0;7;0;0;2;7;2;B01
201000057592;0;7;0;0;2;8;11;A01
201000057593;0;7;0;0;0;2;1;A01
201000057594;0;7;0;4;0;5;1;A01
201000057595;0;7;0;3;0;2;11;A01
201000057596;0;7;0;0;0;2;0;A01
201000057597;0;7;0;3;0;2;1;A01
201000057598;0;33;0;0;2;1;3;B01
201000057598;0;7;0;0;0;4;11;A01
201000057599;0;7;0;0;2;8;2;B01
201000057599;0;10;0;0;2;1;5;A01
201000057600;0;7;0;4;2;7;1;A01
201000057600;1;15;0;0;0;0;0;B01
201000057601;0;7;0;0;2;1;2;B01
201000057601;0;7;0;0;2;4;2;A01
201000057602;0;7;0;0;2;1;1;C01
201000057602;0;7;0;0;2;1;1;B01
201000057602;0;32;0;0;2;4;14;A01
201000057603;0;7;0;3;0;0;0;A01
201000057604;0;33;0;0;0;0;0;A01
201000057605;0;33;0;0;2;1;3;B01
201000057605;0;7;0;0;2;6;11;A01
201000057606;0;7;0;0;2;4;1;B01
201000057606;0;7;0;0;2;1;1;A01
201000057606;0;7;0;0;0;4;1;C01
201000057607;0;33;0;0;0;8;1;A01
201000057608;0;7;0;0;0;1;1;A01
201000057608;0;13;0;0;0;4;1;B01
201000057609;0;7;0;4;0;1;0;A01
201000057610;0;7;0;0;0;5;2;B01
201000057610;0;33;0;0;2;1;3;A01
201000057611;0;32;0;0;2;2;3;B01
201000057611;0;7;0;0;2;6;11;A01
201000057612;0;7;0;0;0;0;0;A01
201000057612;0;7;0;0;0;0;0;B01
201000057612;2;7;0;0;0;0;0;Z01
201000057613;0;7;0;4;0;1;1;A01
201000057614;0;7;0;13;0;2;2;A01
201000057615;0;7;0;0;2;8;2;B01
201000057615;0;17;0;0;2;2;14;A01
201000057616;0;7;0;0;2;1;2;B01
201000057616;0;7;0;0;2;4;1;A01
201000057617;0;7;0;4;0;2;1;A01
201000057618;0;7;0;0;2;1;2;D01
201000057618;0;7;0;0;2;4;2;B01
201000057618;0;7;0;0;2;4;2;A01
201000057618;0;7;0;0;2;4;2;C01
201000057619;0;7;0;0;0;2;2;A01
201000057619;0;33;0;0;0;3;3;B01
201000057620;0;7;0;0;0;6;2;A01
201000057620;0;7;0;0;2;2;2;B01
201000057621;0;7;0;0;0;3;11;A01
201000057621;0;33;0;0;0;2;3;B01
201000057622;0;10;0;0;2;8;11;A01
201000057622;0;33;0;0;2;7;2;B01
201000057623;0;7;0;4;0;8;11;A01
201000057623;0;15;0;4;0;0;12;B01
201000057624;0;7;0;4;0;6;1;A01
201000057625;0;7;0;0;2;6;9;A01
201000057625;0;32;0;0;2;3;1;B01
201000057626;0;10;0;4;0;3;0;A01
201000057627;0;7;0;0;2;1;1;B01
201000057627;0;7;0;0;2;1;13;A01
201000057627;0;14;0;0;2;2;2;C01
201000057628;0;7;0;0;0;9;0;A01
201000057629;0;7;0;3;0;2;1;A01
201000057629;0;33;0;0;2;8;3;B01
201000057630;0;7;0;0;2;1;2;B01
201000057630;0;99;0;0;2;4;1;A01
201000057631;0;33;0;0;0;2;1;A01
201000057632;0;10;0;0;2;2;16;B01
201000057632;0;7;0;0;2;6;1;A01
201000057633;0;7;0;4;2;3;1;B01
201000057633;0;15;0;0;2;2;1;A01
201000057634;0;33;0;0;0;0;1;A01
201000057635;0;7;0;0;2;6;2;A01
201000057635;1;7;0;0;0;2;2;Z01
201000057636;0;7;0;0;2;1;0;A01
201000057636;0;7;0;0;2;1;0;B01
201000057637;0;7;0;0;0;4;2;B01
201000057637;0;7;0;0;2;1;2;A01
201000057638;0;7;0;4;2;6;13;B01
201000057638;0;10;0;4;2;3;14;A01
201000057639;0;7;0;0;2;3;2;B01
201000057639;0;14;0;0;2;2;12;A01
201000057639;0;7;0;0;2;1;2;C01
201000057640;0;33;0;0;2;7;21;B01
201000057640;0;7;0;0;2;8;11;A01
201000057641;0;7;0;0;0;9;0;A01
201000057642;0;7;0;3;0;2;1;A01
201000057643;0;7;0;4;0;1;0;A01
201000057644;0;7;0;0;0;9;1;A01
201000057645;0;7;0;0;0;4;0;C01
201000057645;0;7;0;0;2;2;0;A01
201000057645;0;7;0;0;9;4;0;B01
201000057646;0;7;0;0;0;0;0;A01
201000057647;0;7;0;0;0;4;1;B01
201000057647;0;7;0;0;0;1;2;A01
201000057648;0;7;0;0;0;0;0;B01
201000057648;0;7;0;0;0;0;0;A01
201000057649;0;7;0;0;1;1;1;B01
201000057649;0;7;0;0;1;8;1;A01
201000057650;0;7;0;0;2;9;14;A01
201000057651;0;7;0;0;2;1;1;B01
201000057651;0;31;0;0;2;9;5;A01
201000057652;0;7;0;0;2;4;1;B01
201000057652;0;13;0;0;2;1;1;A01
201000057653;0;7;0;0;2;4;1;B01
201000057653;0;7;0;0;2;1;1;A01
201000057654;0;7;0;0;1;1;1;A01
201000057655;0;13;0;0;1;1;1;A01
201000057656;0;33;0;0;2;1;1;B01
201000057656;0;7;0;0;2;5;12;A01
201000057657;0;7;0;0;2;3;1;A01
201000057657;0;7;0;0;2;8;1;B01
201000057657;0;7;0;0;2;8;1;C01
201000057658;0;7;0;0;2;1;1;A01
201000057658;0;7;0;0;2;4;1;B01
201000057659;0;7;0;0;1;0;1;A01
201000057660;0;33;0;0;1;0;1;A01
201000057661;0;7;0;0;1;7;1;A01
201000057662;0;7;0;0;2;8;1;B01
201000057662;0;2;0;0;2;1;1;A01
201000057663;0;7;0;0;0;9;1;A01
201000057664;0;7;0;0;0;4;23;B01
201000057664;0;7;0;0;0;0;23;C01
201000057664;0;7;0;0;2;1;1;A01
201000057665;0;7;0;0;2;4;2;C01
201000057665;0;7;0;0;2;1;2;A01
201000057665;0;7;0;0;2;9;2;B01
201000057666;0;7;0;0;1;1;1;A01
201000057667;0;7;0;0;2;4;1;C01
201000057667;0;7;0;0;2;4;1;B01
201000057667;0;7;0;0;2;4;1;D01
201000057667;0;7;0;0;2;1;1;A01
201000057668;0;7;0;0;2;1;1;A01
201000057668;0;7;0;0;2;8;1;B01
201000057669;0;7;0;8;0;1;1;A01
201000057670;0;7;0;0;2;9;11;A01
201000057670;0;7;0;0;2;7;1;B01
201000057670;0;7;0;0;2;8;23;C01
201000057671;0;7;0;0;2;7;1;A01
201000057672;0;7;0;0;1;1;1;A01
201000057673;0;7;0;0;2;1;2;A01
201000057673;0;7;0;0;2;4;2;B01
201000057674;0;2;0;0;2;1;1;A01
201000057675;2;7;0;0;2;1;11;B01
201000057675;0;31;0;1;0;3;17;A01
201000057676;0;7;0;6;0;9;2;A01
201000057677;0;7;0;0;2;1;1;A01
201000057677;0;7;0;0;4;4;2;B01
201000057678;0;7;0;0;2;4;1;C01
201000057678;0;7;0;0;2;4;1;B01
201000057678;0;7;0;0;2;1;1;A01
201000057679;0;30;0;0;2;2;1;A01
201000057679;0;7;0;0;4;4;1;B01
201000057680;0;7;0;0;2;1;1;A01
201000057680;0;7;0;0;2;5;1;B01
201000057681;0;7;0;0;1;0;1;A01
201000057682;0;7;0;0;1;1;1;A01
201000057683;0;7;0;0;2;1;2;A01
201000057683;0;7;0;0;2;4;1;B01
201000057684;0;7;0;0;2;7;1;B01
201000057684;0;7;0;0;2;1;2;A01
201000057685;0;7;0;0;1;1;1;A01
201000057686;0;7;0;0;2;1;1;A01
201000057686;0;7;0;0;2;4;1;C01
201000057686;0;7;0;0;2;4;1;B01
201000057687;0;7;0;0;2;3;11;A01
201000057687;0;34;0;0;4;1;17;B01
201000057688;0;14;0;0;1;0;1;A01
201000057689;0;7;0;0;1;0;20;A01
201000057690;0;7;0;0;0;0;20;C01
201000057690;0;7;0;0;0;0;20;B01
201000057690;0;7;0;1;1;0;20;D01
201000057690;0;7;0;1;0;1;1;A01
201000057691;0;2;0;0;2;1;18;A01
201000057691;0;7;0;0;2;8;16;B01
201000057692;0;7;0;4;0;2;2;A01
201000057693;0;7;0;8;0;1;1;A01
201000057694;0;7;0;0;2;1;1;C01
201000057694;0;7;0;0;2;2;1;B01
201000057694;0;7;0;0;2;1;1;D01
201000057694;0;7;0;0;2;1;1;A01
201000057695;0;10;0;0;2;8;11;A01
201000057695;0;33;0;0;2;1;1;B01
201000057696;0;7;0;0;2;4;1;B01
201000057696;0;7;0;0;2;4;2;C01
201000057696;0;7;0;0;2;1;1;A01
201000057697;2;7;0;1;0;9;1;A01
201000057697;0;7;0;0;1;4;20;D01
201000057697;0;10;0;0;0;4;20;C01
201000057697;0;7;0;0;0;9;20;B01
201000057698;0;32;0;0;2;1;17;B01
201000057698;0;7;0;0;2;8;11;A01
201000057699;0;33;0;14;0;1;1;A01
201000057700;0;10;0;15;0;9;1;A01
201000057701;0;33;0;0;2;1;1;A01
201000057701;0;7;0;0;2;3;1;B01
201000057702;0;7;0;0;2;1;1;B01
201000057702;0;7;0;0;2;1;1;A01
201000057703;0;2;0;9;0;1;1;A01
201000057704;0;7;0;0;2;9;1;B01
201000057704;0;7;0;0;2;1;2;A01
201000057705;0;7;0;0;2;3;11;A01
201000057705;0;33;0;0;2;1;17;B01
201000057706;0;7;0;0;2;1;1;A01
201000057706;0;7;0;0;2;4;1;B01
201000057707;0;7;0;0;2;4;1;B01
201000057707;0;7;0;0;2;4;1;A01
201000057708;0;7;0;0;2;4;2;B01
201000057708;0;7;0;0;2;1;2;A01
201000057709;0;7;0;0;1;4;1;A01
201000057710;0;7;0;0;2;1;1;A01
201000057710;0;31;0;0;2;4;2;B01
201000057711;0;7;0;0;2;1;2;A01
201000057711;0;14;0;0;2;4;1;B01
201000057712;0;7;0;0;4;1;1;A01
201000057712;0;7;0;0;2;4;1;B01
201000057713;0;7;0;0;2;4;2;B01
201000057713;0;7;0;0;2;1;2;A01
201000057714;0;7;0;4;5;3;21;A01
201000057715;0;30;0;0;1;1;3;A01
201000057716;0;7;0;0;2;1;9;A01
201000057716;0;7;0;0;2;8;1;B01
201000057717;0;7;0;0;2;1;2;A01
201000057717;0;7;0;0;2;4;2;B01
201000057718;0;7;0;0;1;2;1;A01
201000057719;0;7;0;0;2;8;13;A01
201000057719;0;7;0;0;2;9;1;B01
201000057720;0;7;0;8;0;9;0;A01
201000057721;0;7;0;0;2;9;13;A01
201000057721;0;7;0;0;2;2;1;B01
201000057722;0;7;0;0;1;1;1;A01
201000057723;0;32;0;13;0;0;1;A01
201000057724;0;7;0;0;2;7;1;B01
201000057724;0;7;0;0;2;1;9;A01
201000057725;0;7;0;0;2;8;1;B01
201000057725;0;7;0;0;2;8;1;C01
201000057725;0;7;0;0;2;8;3;A01
201000057726;0;32;0;0;2;9;2;B01
201000057726;0;7;0;0;2;1;2;A01
201000057726;0;7;0;0;2;4;2;C01
201000057727;0;7;0;0;2;1;9;A01
201000057728;0;7;0;0;2;8;15;B01
201000057728;0;32;0;0;2;1;17;A01
201000057729;0;7;0;0;2;1;2;A01
201000057729;0;7;0;0;2;4;2;B01
201000057730;0;7;0;0;1;1;9;A01
201000057731;0;7;0;0;2;1;2;A01
201000057731;0;7;0;0;2;4;2;C01
201000057731;0;33;0;0;2;9;2;B01
201000057732;0;2;0;6;0;1;1;A01
201000057733;0;7;0;0;2;1;13;A01
201000057733;0;7;0;0;2;1;1;B01
201000057733;0;7;0;0;2;1;1;C01
201000057734;0;2;0;16;0;1;1;A01
201000057735;0;7;0;0;1;1;1;A01
201000057736;0;7;0;0;2;4;11;B01
201000057736;0;2;0;0;2;1;1;A01
201000057737;0;7;0;0;1;1;1;A01
201000057738;0;7;0;0;2;1;1;B01
201000057738;0;7;0;0;2;1;13;A01
201000057739;0;7;0;0;2;4;1;C01
201000057739;0;7;0;0;2;1;1;A01
201000057739;0;7;0;0;2;4;1;B01
201000057740;0;7;0;0;2;0;1;B01
201000057740;0;7;0;0;2;1;1;A01
201000057741;0;2;0;0;0;9;0;A01
201000057742;0;7;0;0;2;4;11;A01
201000057742;0;30;0;0;2;1;1;B01
201000057743;0;30;0;0;2;9;9;B01
201000057743;0;7;0;0;2;7;1;A01
201000057744;0;33;0;0;2;1;13;A01
201000057744;0;7;0;0;2;1;1;B01
201000057745;0;7;0;0;2;7;15;A01
201000057745;0;33;0;0;2;1;1;B01
201000057746;0;7;0;0;2;1;1;A01
201000057746;0;7;0;0;2;4;1;B01
201000057747;0;7;0;0;2;0;0;B01
201000057747;0;33;0;0;2;0;17;A01
201000057748;0;7;0;0;1;1;1;A01
201000057749;0;2;0;0;2;1;1;A01
201000057749;0;7;0;0;2;4;1;B01
201000057750;0;7;0;0;2;1;1;A01
201000057750;0;7;0;0;2;4;1;B01
201000057751;0;7;0;0;2;4;1;B01
201000057751;0;7;0;0;2;1;1;A01
201000057752;0;16;0;0;2;1;1;B01
201000057752;0;7;0;0;2;9;0;A01
201000057753;0;34;0;0;1;1;1;A01
201000057754;0;7;0;0;1;1;9;A01
201000057755;0;30;0;0;2;7;0;B01
201000057755;0;7;0;0;2;8;9;A01
201000057756;0;7;0;0;2;4;1;B01
201000057756;0;7;0;0;2;1;1;A01
201000057757;0;31;0;0;2;2;1;B01
201000057757;0;30;0;0;2;1;18;A01
201000057758;0;7;0;0;2;7;9;B01
201000057758;0;30;0;0;2;1;3;A01
201000057759;0;7;0;0;2;9;2;E01
201000057759;0;7;0;0;2;4;2;D01
201000057759;0;7;0;0;2;9;2;C01
201000057759;0;7;0;0;2;1;2;A01
201000057759;0;7;0;0;2;9;2;B01
201000057760;0;7;0;16;0;9;1;A01
201000057761;0;7;0;0;1;1;1;A01
201000057762;0;7;0;0;2;1;2;A01
201000057762;0;7;0;0;2;4;2;B01
201000057763;0;7;0;0;0;1;1;A01
201000057764;0;7;0;0;1;1;1;A01
201000057765;0;1;0;0;2;0;2;B01
201000057765;1;14;0;0;2;0;1;A01
201000057766;0;7;0;0;2;8;15;B01
201000057766;0;32;0;0;2;9;3;A01
201000057767;0;7;0;0;2;1;1;A01
201000057768;0;33;0;0;2;9;9;A01
201000057768;0;7;0;0;2;7;1;B01
201000057769;0;7;0;0;2;1;2;A01
201000057769;0;7;0;0;2;4;2;B01
201000057770;0;7;0;0;2;8;1;B01
201000057770;0;7;0;0;2;9;13;A01
201000057771;0;7;0;0;2;1;2;A01
201000057771;0;7;0;0;2;4;2;B01
201000057772;0;7;0;0;2;1;13;A01
201000057772;0;7;0;0;2;1;1;C01
201000057772;0;7;0;0;2;9;1;B01
201000057773;0;31;0;0;2;9;1;A01
201000057773;0;99;0;0;2;9;1;B01
201000057774;1;2;0;0;2;9;9;A01
201000057774;0;7;0;0;2;7;15;B01
201000057775;0;7;0;0;2;9;1;A01
201000057776;0;7;0;0;2;7;1;B01
201000057776;0;7;0;0;2;9;9;A01
201000057777;0;32;0;0;2;1;1;C01
201000057777;0;7;0;0;5;1;1;A01
201000057777;0;7;0;0;0;4;23;B01
201000057778;0;7;0;0;2;8;1;B01
201000057778;0;7;0;0;2;1;20;A01
201000057779;0;7;0;0;2;4;1;B01
201000057779;0;7;0;0;2;4;2;C01
201000057779;0;7;0;0;2;1;1;A01
201000057780;0;7;0;0;2;3;0;B01
201000057780;0;7;0;0;2;1;0;A01
201000057781;0;32;0;0;2;1;1;A01
201000057781;0;7;0;0;2;4;1;B01
201000057782;0;7;0;0;2;4;13;A01
201000057782;0;7;0;0;2;1;1;B01
201000057783;0;33;0;0;2;1;1;B01
201000057783;0;7;0;0;2;8;11;A01
201000057784;0;32;0;1;2;1;1;A01
201000057784;0;7;0;0;2;4;0;B01
201000057785;0;7;0;0;2;0;1;A01
201000057785;0;7;0;0;2;0;1;B01
201000057785;0;7;0;0;2;0;1;C01
201000057786;0;7;0;0;0;0;0;A01
201000057787;0;31;0;2;2;1;1;A01
201000057788;0;7;0;0;2;1;1;A01
201000057788;0;34;0;0;2;1;1;B01
201000057789;0;7;0;4;2;2;1;B01
201000057789;0;14;0;0;2;3;11;A01
201000057790;0;7;0;0;2;1;1;B01
201000057790;0;7;0;9;2;1;11;A01
201000057791;0;7;0;0;2;4;2;B01
201000057791;0;7;0;0;2;1;2;A01
201000057792;0;7;0;0;1;1;1;A01
201000057793;0;34;0;0;0;9;0;A01
201000057794;0;7;0;0;2;9;0;B01
201000057794;0;7;0;0;2;9;2;C01
201000057794;0;7;0;0;2;9;0;A01
201000057795;0;31;0;14;0;1;0;A01
201000057796;0;7;0;0;2;1;1;A01
201000057796;0;7;0;0;2;4;1;B01
201000057796;0;7;0;0;2;4;1;C01
201000057797;0;7;0;4;0;1;1;A01
201000057798;0;7;0;0;2;1;1;B01
201000057798;0;7;0;0;2;1;13;A01
201000057799;0;7;0;0;2;8;13;A01
201000057799;0;7;0;0;2;7;1;B01
201000057800;0;2;0;0;2;9;1;C01
201000057800;0;35;0;0;2;9;13;A01
201000057800;0;30;0;0;2;9;1;B01
201000057801;0;10;0;0;2;1;2;A01
201000057801;0;7;0;0;2;4;2;B01
201000057802;0;14;0;0;2;4;2;B01
201000057802;0;7;0;0;2;1;2;A01
201000057803;1;7;0;0;2;7;1;A01
201000057803;0;33;0;0;2;8;1;B01
201000057804;0;32;0;0;2;1;2;A01
201000057804;0;7;0;0;2;4;2;B01
201000057805;0;7;0;0;2;0;0;A01
201000057805;0;7;0;0;2;0;0;B01
201000057806;0;7;0;0;2;9;2;A01
201000057806;0;30;0;0;2;4;2;B01
201000057807;0;34;0;0;2;1;1;B01
201000057807;0;7;0;0;0;1;1;C01
201000057807;0;7;0;0;2;1;13;A01
201000057808;0;7;0;0;2;1;0;B01
201000057808;1;7;0;0;2;0;0;Z01
201000057809;0;10;0;0;2;1;2;A01
201000057809;0;7;0;0;2;9;2;B01
201000057809;0;7;0;0;2;4;2;C01
201000057810;0;32;0;0;2;1;13;A01
201000057810;0;7;0;0;2;1;1;B01
201000057811;0;7;0;0;2;1;2;A01
201000057811;0;7;0;0;2;4;2;B01
201000057812;1;7;0;0;1;1;0;Z01
201000057813;0;38;3;0;2;4;2;B01
201000057813;0;7;0;0;2;1;2;A01
201000057814;0;7;0;0;2;9;2;B01
201000057814;0;7;0;0;2;1;2;A01
201000057814;0;7;0;0;2;4;2;C01
201000057815;0;7;0;0;2;1;1;B01
201000057815;0;7;0;0;2;1;13;A01
201000057816;0;7;0;0;2;1;13;A01
201000057816;0;38;3;0;2;1;1;B01
201000057817;0;7;0;6;0;9;16;A01
201000057818;0;7;0;0;2;9;9;A01
201000057818;0;7;0;0;2;9;1;B01
201000057819;0;7;0;0;1;0;1;A01
201000057820;0;33;0;0;0;0;1;A01
201000057821;0;7;0;0;2;4;2;C01
201000057821;0;7;0;0;2;9;2;B01
201000057821;0;7;0;0;2;1;2;A01
201000057822;0;7;0;0;2;9;2;A01
201000057822;0;7;0;0;2;8;2;B01
201000057823;0;7;0;0;1;1;1;A01
201000057824;0;7;0;0;1;1;0;A01
201000057825;0;7;0;0;1;1;1;A01
201000057826;0;7;0;0;0;4;1;D01
201000057826;0;7;0;0;2;1;1;A01
201000057826;0;7;0;0;2;4;1;B01
201000057826;0;7;0;0;2;4;1;C01
201000057827;0;7;0;0;1;4;4;A01
201000057828;0;7;0;0;1;7;1;A01
201000057829;0;7;0;0;2;7;22;B01
201000057829;0;33;0;0;2;1;18;A01
201000057830;0;7;0;0;2;4;23;A01
201000057830;0;7;0;1;0;1;1;B01
201000057831;0;7;0;0;2;4;4;A01
201000057831;0;34;0;0;2;1;1;B01
201000057832;0;7;0;0;2;1;1;B01
201000057832;0;7;0;0;4;1;13;A01
201000057833;0;7;0;0;2;1;1;B01
201000057833;0;7;0;0;2;1;13;A01
201000057834;0;7;0;0;2;4;2;B01
201000057834;0;7;0;0;2;1;2;A01
201000057835;0;7;0;0;2;4;2;B01
201000057835;0;7;0;0;2;1;2;A01
201000057836;0;7;0;16;0;1;1;A01
201000057837;0;7;0;0;2;1;1;A01
201000057837;0;2;0;0;2;1;1;B01
201000057838;0;7;0;0;0;4;1;C01
201000057838;0;7;0;0;2;1;1;B01
201000057838;0;7;0;0;2;1;1;A01
201000057839;0;7;0;0;2;1;2;A01
201000057839;0;7;0;0;2;4;2;B01
201000057840;0;7;0;0;2;8;15;B01
201000057840;0;33;0;0;2;1;2;A01
201000057841;0;7;0;0;2;1;1;B01
201000057841;0;7;0;0;2;1;1;A01
201000057842;0;7;0;0;2;1;11;A01
201000057842;0;33;0;0;2;1;1;B01
201000057843;0;10;0;8;0;1;1;A01
201000057844;0;7;0;0;2;1;2;A01
201000057844;0;7;0;0;2;4;2;B01
201000057845;0;7;0;0;1;1;1;A01
201000057846;0;7;0;0;0;9;0;A01
201000057847;0;7;0;0;2;4;2;B01
201000057847;0;7;0;0;2;1;2;A01
201000057848;1;33;0;0;2;0;0;Z01
201000057848;0;7;0;0;2;1;1;B01
201000057849;0;7;0;0;2;4;1;C01
201000057849;0;7;0;0;2;4;1;B01
201000057849;0;7;0;0;2;1;1;A01
201000057850;0;7;0;0;1;1;1;A01
201000057851;0;7;0;0;1;1;1;A01
201000057852;0;7;0;0;2;9;19;A01
201000057852;0;7;0;0;2;9;1;B01
201000057852;0;7;0;0;2;1;1;C01
201000057853;0;7;0;0;2;8;1;B01
201000057853;0;7;0;0;2;1;13;A01
201000057854;0;7;0;0;0;1;1;A01
201000057854;0;7;0;0;2;8;1;B01
201000057855;0;7;0;0;2;1;1;A01
201000057855;0;7;0;0;2;4;1;B01
201000057855;0;7;0;0;2;4;1;C01
201000057856;0;7;0;0;1;1;1;A01
201000057857;0;7;0;4;0;1;1;A01
201000057858;0;33;0;8;0;9;0;A01
201000057859;0;7;0;0;1;1;1;A01
201000057860;0;7;0;0;2;8;13;A01
201000057860;2;7;0;0;2;8;1;B01
201000057861;0;7;0;0;2;1;1;B01
201000057861;0;7;0;0;2;1;19;A01
201000057862;0;1;0;0;2;5;2;B01
201000057862;0;7;0;0;2;1;2;A01
201000057863;0;7;0;4;1;2;1;A01
201000057864;0;7;0;0;1;3;0;A01
201000057865;1;7;0;0;1;1;0;A01
201000057866;0;7;0;0;1;4;4;A01