num_acc;senc;catv;occutc;obs;obsm;choc;manv;num_veh
201000057867;0;30;0;0;2;6;1;B01
201000057867;0;7;0;0;9;2;1;A01
201000057868;0;7;0;0;9;2;1;A01
201000057868;0;1;0;0;2;4;2;B01
201000057869;0;7;0;0;2;1;2;A01
201000057869;0;7;0;0;2;4;2;B01
201000057870;0;7;0;0;1;2;0;A01
201000057871;0;7;0;0;2;3;1;B01
201000057871;0;2;0;0;2;1;0;A01
201000057872;0;7;0;0;2;5;16;A01
201000057872;0;37;1;0;2;3;1;B01
201000057873;0;7;0;0;1;1;15;A01
201000057874;0;7;0;0;2;8;11;A01
201000057874;0;7;0;0;2;1;1;B01
201000057875;0;7;0;0;1;1;1;A01
201000057876;0;7;0;0;1;5;0;A01
201000057877;0;7;0;6;2;3;16;A01
201000057877;0;7;0;6;2;2;1;B01
201000057878;0;7;0;1;0;3;2;A01
201000057879;0;32;0;0;1;8;2;A01
201000057880;0;30;0;0;2;1;18;A01
201000057880;0;7;0;0;2;5;12;B01
201000057881;0;7;0;0;1;4;20;A01
201000057882;0;2;0;0;1;1;2;A01
201000057883;0;7;0;0;2;1;2;A01
201000057883;0;33;0;0;0;4;23;B01
201000057884;2;7;0;8;0;1;1;A01
201000057885;0;1;0;0;2;8;19;B01
201000057885;0;7;0;0;2;1;1;A01
201000057886;0;20;0;0;1;2;2;A01
201000057887;0;14;0;0;0;4;16;A01
201000057887;0;7;0;0;2;2;1;B01
201000057888;0;30;0;0;2;6;0;A01
201000057888;0;7;0;0;2;6;15;B01
201000057889;0;7;0;12;0;3;13;A01
201000057890;0;32;0;12;0;1;2;B01
201000057890;0;7;0;5;0;6;2;A01
201000057891;1;7;0;0;1;1;0;Z01
201000057892;0;33;0;0;2;7;1;A01
201000057892;0;7;0;0;2;3;1;B01
201000057893;0;37;10;0;1;7;16;A01
201000057894;0;33;0;0;2;3;1;B01
201000057894;0;7;0;0;2;2;12;A01
201000057895;1;7;0;0;1;1;1;Z01
201000057896;0;7;0;0;2;3;9;A01
201000057896;0;14;0;0;2;2;1;B01
201000057897;0;7;0;0;2;1;2;A01
201000057897;0;7;0;0;2;4;1;B01
201000057898;0;7;0;8;0;1;17;A01
201000057899;0;7;0;0;1;7;1;A01
201000057900;0;7;0;0;2;2;1;A01
201000057900;0;32;0;0;2;6;1;B01
201000057901;0;7;0;0;1;1;0;B01
201000057902;0;10;0;0;2;2;12;A01
201000057902;0;33;0;0;2;1;1;B01
201000057903;0;7;0;0;1;1;1;A01
201000057904;0;7;0;0;9;2;1;A01
201000057904;0;1;0;0;2;8;19;B01
201000057905;0;7;0;0;2;4;2;A01
201000057905;0;7;0;0;2;4;2;C01
201000057905;0;7;0;0;2;1;2;B01
201000057906;0;7;0;15;2;2;2;A01
201000057906;0;7;0;0;2;1;2;B01
201000057907;0;7;0;0;0;0;0;A01
201000057907;0;7;0;0;0;0;0;B01
201000057908;0;32;0;0;2;3;2;B01
201000057908;0;7;0;0;0;5;2;A01
201000057909;0;7;0;0;2;4;2;B01
201000057909;0;33;0;0;2;1;2;A01
201000057910;0;30;0;0;2;1;2;B01
201000057910;0;7;0;0;2;3;2;A01
201000057911;0;7;0;0;2;2;1;A01
201000057911;0;7;0;0;2;6;23;B01
201000057911;0;7;0;0;2;6;23;C01
201000057911;1;7;0;0;2;1;19;Z01
201000057912;0;7;0;0;2;6;15;B01
201000057912;0;31;0;0;2;1;1;A01
201000057913;0;32;0;0;1;5;1;A01
201000057914;0;7;0;1;0;4;0;B01
201000057914;0;2;0;0;2;4;2;A01
201000057915;0;33;0;0;2;1;1;B01
201000057915;0;7;0;0;2;2;15;A01
201000057916;0;34;0;0;2;1;1;B01
201000057916;0;10;0;0;9;6;4;A01
201000057917;0;40;1;0;9;2;2;B01
201000057917;0;1;0;0;4;1;1;A01
201000057918;0;7;0;0;1;6;4;A01
201000057919;0;7;0;12;2;2;12;A01
201000057919;0;7;0;0;2;3;1;B01
201000057920;0;37;2;0;2;3;1;B01
201000057921;0;7;0;0;2;3;1;B01
201000057921;0;7;0;0;2;1;19;A01
201000057922;1;10;0;0;9;1;2;A01
201000057922;0;1;0;0;2;4;2;B01
201000057923;0;7;0;0;9;3;1;A01
201000057923;0;32;0;0;2;2;1;B01
201000057924;0;10;0;0;1;1;0;A01
201000057925;0;33;0;0;2;1;1;B01
201000057925;0;7;0;0;2;3;19;A01
201000057926;0;7;0;0;2;8;9;B01
201000057926;0;7;0;4;2;2;9;A01
201000057926;0;7;0;0;2;9;1;C01
201000057927;0;7;0;0;2;1;2;A01
201000057927;0;7;0;0;2;5;2;B01
201000057928;0;1;0;0;1;1;1;A01
201000057929;0;7;0;0;1;6;20;A01
201000057930;0;7;0;12;0;1;21;A01
201000057931;0;7;0;0;1;2;16;A01
201000057932;0;33;0;0;9;1;15;B01
201000057932;0;32;0;0;9;1;12;A01
201000057933;0;10;0;0;1;1;0;A01
201000057934;0;7;0;0;1;4;4;A01
201000057935;0;7;0;0;2;2;1;A01
201000057935;0;7;0;0;2;0;1;B01
201000057936;0;30;0;0;2;6;1;B01
201000057936;0;32;0;0;2;1;19;A01
201000057937;0;15;0;0;2;1;1;A01
201000057937;0;10;0;0;2;4;1;B01
201000057938;0;7;0;0;2;3;1;B01
201000057938;0;7;0;0;0;2;1;A01
201000057939;0;7;0;1;0;1;1;A01
201000057940;0;7;0;0;1;1;16;A01
201000057941;0;7;0;0;0;2;2;B01
201000057941;0;32;0;0;2;2;1;A01
201000057942;0;10;0;0;1;2;0;A01
201000057943;1;7;0;0;1;0;0;A01
201000057944;0;2;0;0;2;1;1;B01
201000057944;0;7;0;0;2;7;2;A01
201000057945;0;10;0;0;2;4;1;B01
201000057945;0;10;0;0;2;4;1;C01
201000057945;0;10;0;0;2;1;2;A01
201000057946;0;7;0;0;2;2;1;A01
201000057946;0;7;0;0;2;3;1;B01
201000057947;0;7;0;0;2;1;1;B01
201000057947;0;30;0;0;2;2;1;A01
201000057948;0;7;0;0;2;1;1;A01
201000057948;0;7;0;0;2;5;1;B01
201000057948;0;7;0;0;2;6;1;C01
201000057949;0;7;0;0;2;4;1;B01
201000057949;0;7;0;0;2;1;1;A01
201000057950;0;10;0;0;2;1;1;A01
201000057950;0;7;0;0;0;4;1;B01
201000057951;0;7;0;0;2;1;1;C01
201000057951;0;7;0;0;2;1;1;B01
201000057951;0;7;0;0;2;1;5;A01
201000057952;0;17;0;1;0;1;14;A01
201000057952;0;7;0;0;2;6;24;B01
201000057953;0;7;0;3;0;9;0;A01
201000057954;0;7;0;0;0;0;0;A01
201000057955;0;7;0;0;0;9;2;A01
201000057956;0;17;0;0;2;4;2;B01
201000057956;0;99;0;0;2;2;12;A01
201000057957;0;14;0;0;2;7;12;A01
201000057957;0;7;0;0;2;8;2;B01
201000057958;0;7;0;3;0;1;6;A01
201000057958;0;7;0;13;0;1;6;B01
201000057959;0;7;0;0;2;4;2;B01
201000057959;1;7;0;0;2;1;2;A01
201000057960;0;7;0;0;0;4;23;B01
201000057960;0;7;0;0;2;1;2;A01
201000057961;0;7;0;0;0;0;0;A01
201000057962;0;7;0;0;2;0;9;A01
201000057962;0;7;0;0;2;0;1;B01
201000057962;0;7;0;0;2;0;1;C01
201000057963;0;7;0;0;2;1;2;A01
201000057963;0;7;0;0;0;4;2;B01
201000057964;0;7;0;4;0;3;21;A01
201000057965;0;7;0;0;2;4;2;A01
201000057966;0;7;0;1;0;1;2;A01
201000057966;0;7;0;0;0;4;24;B01
201000057967;0;7;0;0;2;4;2;D01
201000057967;0;7;0;0;2;4;2;F02
201000057967;0;7;0;0;2;4;2;E01
201000057967;0;7;0;0;2;4;2;B01
201000057967;0;15;0;0;2;1;2;A01
201000057967;0;17;0;0;2;4;2;C01
201000057968;0;7;0;0;2;0;2;B01
201000057968;0;7;0;3;2;1;0;A01
201000057969;0;7;0;0;9;0;0;B01
201000057969;0;7;0;3;0;8;13;A01
201000057970;0;17;0;3;2;1;0;B01
201000057970;0;7;0;3;2;1;0;A01
201000057971;0;7;0;0;2;1;2;B01
201000057971;1;7;0;0;2;1;2;A01
201000057971;0;7;0;0;2;1;3;C01
201000057971;0;7;0;0;2;4;2;D01
201000057972;0;7;0;0;0;8;0;A01
201000057973;0;7;0;3;0;0;13;A01
201000057974;0;17;0;0;0;8;13;A01
201000057975;0;7;0;4;2;1;0;A01
201000057975;0;10;0;0;2;6;1;B01
201000057976;0;33;0;15;0;0;14;A01
201000057977;0;7;0;4;0;0;13;A01
201000057978;0;17;0;0;2;0;0;A01
201000057978;0;7;0;0;2;0;1;B01
201000057979;0;7;0;4;2;1;0;A01
201000057979;0;17;0;0;2;4;1;B01
201000057980;0;7;0;4;0;3;2;A01
201000057981;0;7;0;0;2;0;0;A01
201000057981;1;7;0;0;2;0;0;Z01
201000057982;0;7;0;0;2;9;1;A01
201000057983;0;17;0;0;2;8;11;A01
201000057983;0;7;0;0;2;7;1;B01
201000057984;0;7;0;3;2;0;0;A01
201000057984;0;7;0;0;2;0;0;B01
201000057984;0;7;0;0;2;0;0;C01
201000057985;0;17;0;0;0;4;2;D01
201000057985;0;17;0;3;2;4;2;B01
201000057985;0;17;0;3;2;1;2;A01
201000057985;0;17;0;0;0;4;2;C01
201000057986;0;17;0;0;0;0;2;A01
201000057987;0;33;0;0;0;0;2;A01
201000057988;0;17;0;2;0;1;14;A01
201000057989;0;10;0;0;2;0;2;A01
201000057990;0;20;0;1;0;4;23;C01
201000057990;0;7;0;0;2;7;2;B01
201000057990;0;7;0;1;0;1;18;A01
201000057991;0;7;0;1;0;4;1;A01
201000057991;0;7;0;3;0;2;2;B01
201000057992;0;17;0;9;0;1;14;A01
201000057993;0;7;0;13;2;4;1;B01
201000057993;0;7;0;0;2;1;0;A01
201000057994;0;33;0;0;0;7;16;A01
201000057995;0;7;0;0;2;0;0;A01
201000057995;0;17;0;0;2;0;1;B01
201000057996;0;34;0;0;2;4;2;C01
201000057996;0;7;0;0;2;4;2;B01
201000057996;0;33;0;0;2;4;2;A01
201000057997;0;33;0;0;0;7;16;A01
201000057998;0;33;0;0;2;4;1;A01
201000057998;0;7;0;0;0;4;2;B01
201000057999;0;7;0;0;2;4;1;A01
201000057999;0;7;0;0;2;4;2;B01
201000058000;0;7;0;0;2;0;2;C01
201000058000;0;7;0;0;2;1;21;A01
201000058000;0;7;0;0;2;4;2;B01
201000058001;0;34;0;0;0;0;1;A01
201000058002;0;17;0;0;2;7;12;A01
201000058002;0;38;1;0;2;8;2;B01
201000058003;0;7;0;0;2;8;2;B01
201000058003;0;7;0;0;2;7;17;A01
201000058004;0;7;0;0;2;7;17;A01
201000058004;0;7;0;0;2;8;2;B01
201000058004;0;15;0;0;2;4;2;C01
201000058005;0;7;0;0;2;4;2;B01
201000058005;0;33;0;0;2;9;14;A01
201000058006;0;7;0;0;2;8;2;A01
201000058006;2;7;0;0;2;7;12;Z01
201000058007;0;7;0;0;2;1;2;A01
201000058007;0;7;0;0;2;4;2;B01
201000058008;0;7;0;13;0;9;0;A01
201000058009;0;7;0;0;2;7;17;B01
201000058009;0;7;0;0;2;4;2;C01
201000058009;0;34;0;0;2;8;13;A01
201000058010;0;7;0;0;2;8;11;A01
201000058010;0;34;0;0;2;7;12;B01
201000058011;0;33;0;0;2;4;2;C01
201000058011;0;7;0;0;2;1;2;A01
201000058011;0;7;0;0;2;4;2;B01
201000058012;0;33;0;0;2;4;2;C01
201000058012;0;7;0;0;2;1;2;A01
201000058012;0;7;0;0;2;4;2;B01
201000058013;0;7;0;0;2;1;2;A01
201000058013;0;7;0;0;2;4;2;B01
201000058014;0;7;0;0;2;4;2;C01
201000058014;0;17;0;0;2;4;2;D01
201000058014;0;17;0;0;2;4;2;B01
201000058014;0;17;0;0;2;1;2;A01
201000058015;1;33;0;0;2;4;2;B01
201000058015;0;7;0;0;2;1;2;C01
201000058016;0;32;0;0;2;1;19;A01
201000058016;0;7;0;0;2;3;24;B01
201000058017;0;7;0;0;2;4;2;C01
201000058017;0;7;0;0;2;1;2;A01
201000058017;0;7;0;0;2;4;2;B01
201000058018;0;33;0;0;2;7;2;A01
201000058018;0;7;0;0;2;8;11;B01
201000058019;0;10;0;4;0;1;2;A01
201000058019;0;10;0;4;0;4;2;B01
201000058020;2;7;0;0;2;7;12;A01
201000058020;0;7;0;0;2;8;1;B01
201000058021;0;15;0;10;0;7;6;A01
201000058022;0;15;0;0;2;4;2;B01
201000058022;0;10;0;0;2;4;2;C01
201000058022;0;15;0;0;2;1;2;A01
201000058023;0;7;0;4;0;8;17;A01
201000058024;0;7;0;0;2;4;2;A01
201000058025;0;7;0;0;0;0;11;B01
201000058025;0;33;0;0;9;1;2;A01
201000058026;0;7;0;0;2;1;2;C01
201000058026;0;7;0;0;2;4;2;A01
201000058026;0;7;0;0;2;4;2;B01
201000058027;0;33;0;0;0;1;0;A01
201000058028;0;15;0;0;0;0;0;C01
201000058028;0;10;0;0;2;0;0;A01
201000058028;0;7;0;0;0;6;1;B01
201000058029;0;3;0;0;0;3;2;A01
201000058030;0;33;0;0;0;1;1;A01
201000058031;0;33;0;0;0;1;2;A01
201000058032;0;15;0;14;1;1;2;A01
201000058033;0;33;0;0;9;1;2;A01
201000058034;0;37;1;2;0;2;2;A01
201000058035;0;7;0;0;2;2;2;B01
201000058035;0;7;0;0;2;3;1;A01
201000058036;0;7;0;0;2;4;2;A01
201000058036;0;7;0;0;0;4;2;B01
201000058037;0;33;0;0;2;1;0;A01
201000058037;0;7;0;0;2;6;1;B01
201000058038;0;7;0;0;2;3;10;A01
201000058038;0;33;0;0;2;1;21;B01
201000058039;0;7;0;0;2;4;2;C01
201000058039;0;7;0;0;2;1;2;A01
201000058039;0;7;0;0;2;4;2;B01
201000058040;0;33;0;0;0;2;1;A01
201000058041;0;7;0;0;2;4;2;E01
201000058041;0;15;0;0;2;4;2;G02
201000058041;0;7;0;0;2;4;2;C01
201000058041;0;7;0;0;2;6;2;F01
201000058041;0;7;0;0;2;4;2;B01
201000058041;0;7;0;0;2;1;1;A02
201000058041;0;7;0;0;2;4;2;D01
201000058042;0;33;0;0;0;0;1;A01
201000058043;0;7;0;0;0;4;0;B01
201000058043;0;7;0;0;2;1;1;A01
201000058044;0;7;0;2;0;1;1;A01
201000058045;0;15;0;0;2;2;12;A01
201000058045;0;7;0;0;9;6;21;B01
201000058046;0;33;0;0;0;1;2;A01
201000058047;0;7;0;0;1;1;2;A01
201000058048;0;7;0;3;0;1;0;A01
201000058049;0;7;0;0;2;4;2;B01
201000058049;0;7;0;0;2;1;1;A01
201000058049;0;7;0;0;2;4;2;C01
201000058049;0;7;0;0;2;4;2;D01
201000058050;0;7;0;0;0;1;2;A01
201000058051;0;7;0;0;2;4;2;B01
201000058051;0;33;0;0;2;1;2;A01
201000058052;0;7;0;0;2;4;0;C01
201000058052;0;7;0;0;2;1;3;A01
201000058052;0;7;0;0;2;4;2;B01
201000058053;0;7;0;0;2;1;0;A01
201000058053;0;7;0;0;2;3;0;B01
201000058053;0;7;0;0;2;4;1;C01
201000058054;0;7;0;0;2;0;2;H02
201000058054;0;7;0;0;9;1;2;G02
201000058054;0;7;0;0;9;1;2;I02
201000058054;0;7;0;0;9;1;2;B01
201000058054;0;7;0;0;9;1;2;C01
201000058054;0;10;0;0;9;2;2;F02
201000058054;0;7;0;0;9;1;2;D01
201000058054;0;7;0;0;9;1;2;A01
201000058054;0;7;0;0;9;1;2;E01
201000058054;0;7;0;0;9;1;2;J02
201000058055;0;7;0;0;2;4;2;D01
201000058055;0;7;0;0;2;1;2;A01
201000058055;0;7;0;0;2;4;2;E01
201000058055;0;7;0;0;2;4;2;C01
201000058055;0;7;0;0;2;4;2;B01
201000058055;0;7;0;0;2;4;2;F02
201000058056;0;7;0;0;2;1;2;A01
201000058056;0;7;0;0;2;4;2;B01
201000058057;0;33;0;0;2;2;1;A01
201000058057;0;7;0;0;2;3;1;B01
201000058058;0;33;0;0;9;0;2;A01
201000058059;0;10;0;1;2;4;1;B01
201000058059;0;7;0;0;2;1;2;A01
201000058060;0;7;0;0;9;9;2;C01
201000058060;0;7;0;4;2;4;1;A01
201000058060;0;7;0;0;2;1;2;B01
201000058061;1;7;0;0;2;1;2;A01
201000058061;0;7;0;0;2;4;2;B01
201000058061;0;7;0;0;2;4;2;C01
201000058062;0;7;0;3;0;1;1;A01
201000058063;0;7;0;4;0;1;1;A01
201000058064;0;33;0;0;2;4;2;B01
201000058064;0;7;0;0;2;2;2;A01
201000058065;0;7;0;0;2;1;2;A01
201000058065;0;7;0;0;2;4;2;B01
201000058065;0;7;0;0;2;4;2;E01
201000058065;0;3;0;0;2;4;2;D01
201000058065;0;7;0;0;2;4;2;C01
201000058066;0;7;0;0;0;1;1;A01
201000058067;0;33;0;0;0;0;2;A01
201000058068;0;7;0;0;2;1;2;A01
201000058068;0;7;0;0;2;4;2;B01
201000058069;0;7;0;0;0;1;2;A01
201000058069;1;7;0;0;2;1;2;Z01
201000058070;0;7;0;0;0;0;1;A01
201000058071;0;7;0;0;2;1;2;A01
201000058071;0;7;0;0;2;4;2;B01
201000058072;0;7;0;0;2;4;2;B01
201000058072;0;7;0;0;2;6;2;D01
201000058072;0;7;0;0;2;4;2;C01
201000058072;0;7;0;0;2;1;2;A01
201000058073;0;7;0;0;2;4;2;D01
201000058073;0;10;0;0;2;4;2;B01
201000058073;0;7;0;0;2;4;2;C01
201000058073;0;7;0;0;2;1;2;A01
201000058073;0;17;0;0;2;4;2;E01
201000058074;0;7;0;0;2;4;2;B01
201000058074;0;10;0;0;2;1;2;A01
201000058074;0;17;0;0;2;4;2;C01
201000058074;0;7;0;0;2;4;0;D01
201000058074;0;7;0;0;2;4;2;E01
201000058075;0;7;0;0;2;1;2;A01
201000058075;0;7;0;0;2;4;2;B01
201000058076;0;33;0;0;0;0;1;A01
201000058077;0;7;0;0;2;4;2;B01
201000058077;0;7;0;0;2;1;2;A01
201000058078;0;7;0;4;0;1;11;A01
201000058078;0;7;0;0;2;4;2;B01
201000058079;0;7;0;0;2;4;2;B01
201000058079;0;7;0;0;2;4;2;C01
201000058079;0;7;0;0;2;1;2;A01
201000058080;0;17;0;0;2;1;0;A01
201000058080;0;7;0;0;2;4;23;B01
201000058081;0;7;0;4;0;1;11;A01
201000058082;0;7;0;0;2;1;5;A01
201000058082;0;17;0;0;2;1;1;B01
201000058083;0;7;0;0;2;4;2;B01
201000058083;0;17;0;0;2;1;2;A01
201000058083;0;7;0;0;2;4;2;D01
201000058083;0;7;0;0;2;4;2;C01
201000058084;0;17;0;0;0;6;1;B01
201000058084;0;7;0;0;2;1;1;A01
201000058085;0;17;0;0;2;1;1;A01
201000058085;0;17;0;0;0;4;1;C01
201000058085;0;7;0;0;2;4;2;B01
201000058086;0;15;0;0;0;4;0;C01
201000058086;0;7;0;1;0;1;1;A01
201000058086;0;7;0;14;0;2;11;B01
201000058087;0;17;0;0;2;1;2;A01
201000058087;0;7;0;3;0;4;2;B01
201000058088;0;7;0;0;0;4;2;B01
201000058088;0;7;0;0;2;1;2;A01
201000058089;0;17;0;3;0;3;1;A01
201000058090;0;7;0;0;2;4;16;B01
201000058090;1;38;1;0;2;1;16;Z01
201000058091;0;7;0;0;2;3;2;A01
201000058091;0;7;0;0;2;5;2;B01
201000058092;0;7;0;0;2;2;21;A01
201000058092;0;7;0;0;2;1;15;B01
201000058093;0;7;0;0;2;1;1;B01
201000058093;0;7;0;0;2;2;1;A01
201000058094;0;7;0;0;2;2;1;A01
201000058094;0;7;0;0;2;3;1;B01
201000058095;0;1;0;0;0;1;1;B01
201000058095;0;7;0;0;2;1;1;A01
201000058096;0;7;0;0;1;2;1;A01
201000058097;0;7;0;0;2;2;1;A01
201000058097;0;7;0;0;2;1;1;B01
201000058098;0;1;0;0;2;7;7;B01
201000058098;0;7;0;0;9;2;15;A01
201000058099;0;33;0;0;2;7;1;B01
201000058099;0;7;0;0;2;1;1;A01
201000058100;0;7;0;1;0;1;1;A01
201000058101;0;7;0;0;1;3;15;A01
201000058102;0;7;0;6;2;8;15;B01
201000058102;0;7;0;1;2;1;17;A01
201000058103;0;1;0;0;2;7;1;B01
201000058103;1;7;0;0;9;0;1;Z01
201000058104;0;7;0;0;2;4;2;B01
201000058104;0;7;0;0;2;1;2;A01
201000058105;0;7;0;0;2;6;15;B01
201000058105;0;30;0;0;2;1;1;A01
201000058106;0;37;1;0;2;1;2;A01
201000058106;0;7;0;0;2;4;23;B01
201000058107;0;7;0;0;9;2;17;A01
201000058107;0;1;0;0;2;0;2;B01
201000058108;0;14;0;0;2;5;23;B01
201000058108;0;33;0;1;0;3;1;A01
201000058109;1;7;0;0;1;0;16;A01
201000058110;0;7;0;0;1;1;1;A01
201000058111;0;7;0;0;2;1;2;B01
201000058111;0;7;0;0;2;7;2;A01
201000058112;0;30;0;0;2;2;8;B01
201000058112;0;7;0;0;2;8;15;A01
201000058113;0;7;0;0;2;1;1;B01
201000058113;0;7;0;1;2;7;1;A01
201000058114;0;30;0;0;2;2;1;A01
201000058114;0;2;0;0;2;0;1;B01
201000058115;0;2;0;1;2;3;1;A01
201000058115;0;7;0;0;0;5;1;B01
201000058116;0;7;0;0;1;3;15;A01
201000058117;0;7;0;0;2;1;1;A01
201000058117;0;7;0;0;2;2;15;B01
201000058118;0;37;1;0;1;5;1;A01
201000058119;0;7;0;0;1;1;15;A01
201000058120;0;7;0;0;1;1;1;A01
201000058121;0;40;0;0;2;7;1;B01
201000058121;0;7;0;0;2;8;1;C01
201000058121;0;7;0;0;4;6;13;A01
201000058122;0;7;0;0;2;2;11;A01
201000058122;0;32;0;0;2;7;1;B01
201000058123;0;7;0;0;1;1;16;A01
201000058124;0;7;0;0;1;0;1;A01
201000058125;0;37;75;0;1;2;7;A01
201000058126;0;40;0;0;1;5;1;A01
201000058127;0;7;0;0;1;3;15;A01
201000058128;0;7;0;0;1;0;0;A01
201000058129;0;7;0;0;1;2;2;A01
201000058130;0;7;0;0;2;8;1;B01
201000058130;0;7;0;0;2;3;1;A01
201000058131;0;7;0;0;1;1;1;A01
201000058132;0;7;0;0;1;3;1;A01
201000058133;0;7;0;4;2;3;1;A01
201000058134;0;7;0;1;2;8;1;B01
201000058134;0;7;0;0;2;1;1;A01
201000058135;0;7;0;0;2;2;15;A01
201000058135;0;32;0;0;2;3;1;B01
201000058136;0;7;0;0;1;2;1;A01
201000058137;0;7;0;0;2;4;13;A01
201000058137;0;30;0;0;2;1;1;B01
201000058138;0;7;0;8;2;3;16;A01
201000058138;0;1;0;0;2;8;1;B01
201000058139;0;7;0;0;2;4;2;B01
201000058139;0;7;0;0;2;1;2;A01
201000058140;0;7;0;0;1;1;15;A01
201000058141;0;7;0;0;2;0;15;A01
201000058141;0;7;0;0;2;0;2;B01
201000058142;0;7;0;0;1;8;15;A01
201000058143;0;7;0;0;1;3;15;A01
201000058144;0;7;0;0;2;2;16;A01
201000058144;0;34;0;0;2;3;2;B01
201000058145;0;7;0;0;1;7;1;A01
201000058146;0;2;0;0;2;0;1;A01
201000058146;0;7;0;0;2;8;14;B01
201000058147;0;33;0;0;2;8;1;B01
201000058147;0;1;0;0;2;2;1;A01
201000058148;0;30;0;0;2;8;1;B01
201000058148;0;7;0;0;2;2;12;A01
201000058149;0;7;0;0;2;1;1;A01
201000058149;0;1;0;0;2;7;1;B01
201000058150;0;30;0;0;2;1;2;A01
201000058150;0;7;0;0;2;4;2;B01
201000058151;0;30;0;0;2;1;1;B01
201000058151;0;7;0;0;2;2;1;A01
201000058152;0;7;0;0;2;2;1;A01
201000058152;0;10;0;0;2;3;1;B01
201000058153;0;7;0;0;1;7;1;A01
201000058154;0;7;0;0;2;1;16;B01
201000058154;0;7;0;0;2;7;1;A01
201000058155;0;7;0;0;2;2;1;A01
201000058155;0;32;0;0;2;2;1;B01
201000058156;0;7;0;0;2;8;22;A01
201000058156;0;1;0;1;0;1;1;B01
201000058157;0;7;0;0;1;3;15;A01
201000058158;0;7;0;0;2;1;1;C01
201000058158;0;10;0;0;2;3;15;A01
201000058158;0;1;0;0;2;0;19;B01
201000058159;0;7;0;0;2;1;2;A01
201000058159;0;7;0;0;2;4;2;C01
201000058159;0;7;0;0;2;4;2;B01
201000058160;0;33;0;0;2;1;1;B01
201000058160;0;7;0;0;2;7;9;A01
201000058161;0;30;0;0;2;8;1;B01
201000058161;0;7;0;0;2;7;14;A01
201000058162;0;30;0;0;2;0;14;B01
201000058163;0;37;0;0;1;7;2;B01
201000058164;0;7;0;0;2;3;2;A01
201000058164;0;33;0;0;0;5;23;B01
201000058165;0;7;0;0;2;1;2;A01
201000058165;0;7;0;0;2;4;2;B01
201000058166;0;1;0;0;2;7;5;A01
201000058166;0;10;0;0;2;1;1;B01
201000058167;0;1;0;0;2;6;19;A01
201000058167;0;10;0;0;2;1;1;B01
201000058168;0;7;0;1;0;8;24;A01
201000058168;0;1;0;1;0;1;1;B01
201000058169;0;7;0;0;2;8;24;A01
201000058169;0;1;0;1;0;1;1;B01
201000058170;0;7;0;0;1;2;1;A01
201000058171;0;7;0;0;2;1;2;A01
201000058171;0;31;0;0;2;4;2;B01
201000058172;0;30;0;0;2;8;21;A01
201000058172;0;1;0;0;2;7;2;B01
201000058173;0;7;0;0;1;1;1;A01
201000058174;0;7;0;0;4;3;15;A01
201000058174;0;40;0;0;2;1;1;B01
201000058175;0;33;0;0;0;9;2;B01
201000058175;0;7;0;0;2;1;14;A01
201000058176;0;7;0;6;2;5;19;A01
201000058176;0;7;0;0;2;1;19;B01
201000058177;0;10;0;0;2;3;1;B01
201000058177;0;1;0;0;2;2;1;A01
201000058178;0;7;0;0;2;4;2;B01
201000058178;0;7;0;0;2;1;2;A01
201000058178;1;7;0;0;0;0;9;C01
201000058179;0;7;0;0;1;1;15;A01
201000058180;0;1;0;0;1;1;2;A01
201000058181;0;7;0;0;1;1;15;A01
201000058182;0;7;0;0;2;7;24;C01
201000058182;0;31;0;0;2;1;1;A01
201000058182;0;7;0;1;2;6;15;B01
201000058183;0;7;0;0;2;1;1;A01
201000058183;0;7;0;0;2;5;1;B01
201000058184;0;7;0;0;1;8;15;A01
201000058185;0;7;0;0;2;4;2;B01
201000058185;0;7;0;0;2;1;2;A01
201000058186;0;7;0;0;2;2;2;A01
201000058186;0;7;0;0;2;3;2;B01
201000058187;0;33;0;0;4;1;1;B01
201000058187;0;7;0;0;2;7;16;A01
201000058188;0;7;0;0;2;1;1;A01
201000058188;0;1;0;0;2;8;1;B01
201000058189;0;7;0;0;2;2;1;A01
201000058189;0;1;0;0;2;1;19;B01
201000058190;0;7;0;0;2;3;1;A01
201000058190;0;7;0;0;2;2;1;B01
201000058191;0;30;0;0;2;1;2;A01
201000058191;0;1;0;0;2;4;2;B01
201000058192;0;7;0;0;2;7;1;A01
201000058192;0;7;0;0;2;1;1;B01
201000058193;0;31;0;0;2;0;1;B01
201000058193;1;7;0;0;2;0;17;Z01
201000058194;0;1;0;0;2;1;1;B01
201000058194;0;7;0;0;2;2;21;A01
201000058195;0;7;0;0;2;1;1;A01
201000058195;0;7;0;1;2;8;1;B01
201000058196;0;7;0;0;2;1;1;A01
201000058196;0;7;0;0;0;0;1;B01
201000058197;0;1;0;1;2;2;1;A01
201000058197;0;7;0;0;2;3;1;B01
201000058198;0;1;0;0;2;2;1;A01
201000058198;0;7;0;0;2;3;15;B01
201000058199;0;7;0;0;1;2;16;A01
201000058200;0;7;0;0;1;3;1;A01
201000058201;0;1;0;0;2;8;2;B01
201000058201;1;7;0;0;2;2;16;A01
201000058202;0;7;0;0;1;4;4;A01
201000058203;0;7;0;0;2;0;15;A01
201000058203;0;32;0;0;2;0;1;B01
201000058204;0;1;0;0;1;0;1;A01
201000058205;0;7;0;0;9;2;23;A01
201000058205;0;1;0;0;0;0;0;B01
201000058206;0;7;0;0;1;0;1;A01