num_acc;senc;catv;occutc;obs;obsm;choc;manv;num_veh
201000058207;0;7;0;0;1;0;0;A01
201000058208;0;30;0;0;2;7;15;B01
201000058208;0;7;0;0;2;1;1;A01
201000058209;0;7;0;0;9;7;1;B01
201000058209;0;1;0;0;2;1;5;A01
201000058210;0;7;0;0;0;3;1;B01
201000058210;0;7;0;0;0;1;1;A01
201000058211;0;1;0;1;0;2;2;B01
201000058211;0;7;0;0;2;8;22;A01
201000058212;0;7;0;0;9;6;1;B01
201000058212;0;1;0;0;2;1;1;A01
201000058213;0;7;0;0;2;2;9;A01
201000058213;0;31;0;0;2;7;1;B01
201000058214;0;7;0;0;1;8;14;A01
201000058215;0;7;0;0;2;1;2;A01
201000058215;0;7;0;0;2;4;23;B01
201000058216;0;7;0;0;2;3;19;B01
201000058216;0;7;0;0;2;1;19;A01
201000058217;0;2;0;0;2;1;1;A01
201000058217;0;7;0;0;2;8;9;B01
201000058218;0;2;0;0;0;3;8;A01
201000058218;0;7;0;0;2;3;15;B01
201000058219;0;32;0;0;2;1;1;A01
201000058219;0;7;0;0;2;3;15;B01
201000058220;0;7;0;0;1;1;0;A01
201000058221;0;32;0;0;1;0;1;A01
201000058222;0;7;0;0;2;1;1;B01
201000058222;0;34;0;1;2;7;1;A01
201000058223;0;7;0;0;0;1;2;A01
201000058223;0;7;0;0;0;4;1;B01
201000058224;0;7;0;0;2;5;12;A01
201000058224;0;31;0;0;2;3;1;B01
201000058225;0;7;0;0;1;1;1;A01
201000058226;0;7;0;0;1;8;7;A01
201000058227;0;30;0;0;2;1;1;A01
201000058227;0;30;0;0;2;1;1;B01
201000058228;0;7;0;0;1;0;10;A01
201000058229;0;7;0;0;2;1;15;A01
201000058229;0;1;0;0;2;1;1;B01
201000058230;0;7;0;0;2;1;2;A01
201000058230;0;7;0;0;0;4;2;B01
201000058231;0;37;1;0;1;3;1;A01
201000058232;0;37;1;0;2;2;1;B01
201000058232;0;7;0;0;2;3;14;A01
201000058233;0;37;1;0;2;8;1;B01
201000058233;0;7;0;0;2;2;16;A01
201000058234;0;7;0;0;1;3;1;A01
201000058235;0;7;0;0;2;1;1;B01
201000058235;0;1;0;0;2;8;9;A01
201000058236;0;7;0;0;2;1;15;A01
201000058236;0;7;0;15;2;8;1;B01
201000058237;0;31;0;0;2;1;1;B01
201000058237;0;7;0;0;2;2;15;A01
201000058238;0;2;0;0;2;1;0;A01
201000058238;0;7;0;0;2;3;11;B01
201000058239;0;30;0;0;2;1;18;A01
201000058239;0;7;0;0;2;7;16;B01
201000058240;0;7;0;0;1;2;16;A01
201000058240;0;1;0;0;2;8;1;B01
201000058241;0;32;0;0;1;5;1;A01
201000058242;0;7;0;0;2;1;1;B01
201000058242;0;32;0;0;2;7;1;A01
201000058243;0;7;0;0;2;3;1;A01
201000058243;0;7;0;0;2;7;1;B01
201000058244;0;7;0;0;2;1;1;B01
201000058244;0;30;0;0;2;1;1;A01
201000058245;0;2;0;1;0;1;1;A01
201000058246;0;30;0;0;2;7;19;A01
201000058246;0;32;0;0;2;0;1;B01
201000058247;0;30;0;0;9;1;1;B01
201000058248;0;7;0;0;2;1;1;B01
201000058248;0;7;0;0;2;1;15;A01
201000058249;1;7;0;0;2;0;0;Z01
201000058249;0;1;0;1;2;0;0;A01
201000058250;0;7;0;0;1;3;15;A01
201000058251;0;7;0;0;2;4;2;B01
201000058251;0;7;0;0;2;1;2;A01
201000058251;0;7;0;0;2;4;2;C01
201000058252;0;32;0;0;2;1;1;B01
201000058252;0;7;0;0;2;2;15;A01
201000058253;0;7;0;0;2;2;1;B01
201000058253;0;7;0;0;2;3;15;A01
201000058254;0;7;0;0;1;1;14;A01
201000058255;0;1;0;1;0;2;1;B01
201000058255;0;7;0;1;0;8;22;A01
201000058256;0;7;0;0;2;1;15;A01
201000058256;0;30;0;0;2;1;1;B01
201000058257;0;32;0;0;2;2;1;B01
201000058257;0;7;0;0;2;3;15;A01
201000058258;0;1;0;0;2;1;8;A01
201000058258;1;7;0;0;2;7;15;Z01
201000058259;0;7;0;0;1;1;1;A01
201000058260;0;7;0;0;1;1;1;A01
201000058261;0;7;0;0;2;3;1;A01
201000058261;0;7;0;0;2;2;1;B01
201000058262;0;7;0;0;9;1;1;A01
201000058262;0;1;0;0;2;7;1;B01
201000058263;0;31;0;0;2;7;0;B01
201000058263;1;99;0;0;2;6;0;A01
201000058264;0;1;0;1;0;1;1;B01
201000058264;0;3;0;0;2;8;22;A01
201000058265;0;7;0;0;2;6;1;C01
201000058265;0;7;0;0;2;5;2;B01
201000058265;0;30;0;0;2;7;3;A01
201000058266;0;1;0;0;2;1;1;A01
201000058266;0;7;0;0;2;7;22;B01
201000058267;0;7;0;0;2;3;1;B01
201000058267;0;7;0;0;2;1;1;A01
201000058268;0;7;0;0;2;3;20;B01
201000058268;0;31;0;0;2;7;2;A01
201000058269;0;7;0;0;0;4;2;B01
201000058269;0;7;0;14;0;1;2;A01
201000058270;0;7;0;0;2;3;15;B01
201000058270;0;2;0;0;2;2;7;A01
201000058271;1;7;0;0;2;4;2;C01
201000058271;0;7;0;0;2;1;2;A01
201000058271;0;7;0;0;2;4;2;B01
201000058272;0;1;0;0;2;1;5;A01
201000058272;0;7;0;0;2;7;2;B01
201000058273;0;7;0;0;1;4;20;A01
201000058274;0;10;0;6;0;1;2;A01
201000058275;0;1;0;1;0;1;1;B01
201000058275;0;7;0;0;2;8;24;A01
201000058276;0;7;0;0;2;3;15;A01
201000058276;0;7;0;0;2;2;1;B01
201000058277;0;7;0;0;1;1;1;A01
201000058278;0;7;0;0;1;1;1;A01
201000058279;0;7;0;0;2;2;0;A01
201000058279;0;7;0;0;2;1;0;B01
201000058280;0;7;0;0;2;2;1;B01
201000058280;0;7;0;15;2;6;1;A01
201000058281;0;7;0;0;1;5;4;A01
201000058282;0;99;0;0;1;4;4;A01
201000058283;0;7;0;0;2;2;1;B01
201000058283;0;10;0;1;2;1;1;A01
201000058284;0;7;0;0;1;1;1;A01
201000058285;0;1;0;1;0;1;1;B01
201000058285;0;7;0;0;9;8;22;A01
201000058286;0;7;0;0;1;2;15;A01
201000058287;0;7;0;0;2;7;2;B01
201000058287;0;1;0;0;2;8;13;A01
201000058288;1;99;0;0;1;0;0;Z01
201000058289;0;1;0;0;1;1;1;A01
201000058290;0;33;0;0;1;3;1;A01
201000058291;0;33;0;0;1;8;21;A01
201000058292;0;7;0;0;2;4;4;A01
201000058292;0;1;0;0;2;8;0;B01
201000058293;0;7;0;0;2;1;15;A01
201000058293;0;31;0;0;2;8;2;B01
201000058294;0;7;0;0;1;1;0;A01
201000058295;0;7;0;0;2;3;22;A01
201000058295;0;1;0;1;0;1;1;B01
201000058296;0;7;0;0;2;1;2;A01
201000058296;0;7;0;0;2;4;2;B01
201000058297;0;7;0;0;1;8;1;A01
201000058298;0;7;0;0;1;3;2;A01
201000058298;0;30;0;0;2;1;21;B01
201000058298;0;7;0;1;2;5;0;C01
201000058299;0;10;0;0;1;0;1;A01
201000058300;0;7;0;0;1;1;1;A01
201000058301;0;7;0;0;2;3;16;B01
201000058301;0;33;0;0;2;3;16;C01
201000058301;0;33;0;0;2;2;1;A01
201000058302;0;1;0;1;0;7;2;B01
201000058302;0;7;0;0;9;8;22;A01
201000058303;0;30;0;0;4;1;1;A01
201000058303;0;40;1;0;2;7;1;B01
201000058304;0;7;0;0;1;3;1;A01
201000058305;0;7;0;0;9;3;1;B01
201000058305;0;1;0;0;2;7;1;A01
201000058306;0;7;0;0;2;7;1;B01
201000058306;0;30;0;0;2;1;1;A01
201000058307;0;1;0;0;2;0;1;A01
201000058307;0;7;0;0;2;5;23;B01
201000058308;0;7;0;0;2;3;1;B01
201000058308;0;30;0;0;2;1;1;A01
201000058309;0;7;0;0;2;8;11;A01
201000058309;0;7;0;0;2;7;1;B01
201000058309;0;7;0;0;2;2;1;C01
201000058310;0;1;0;0;1;1;1;A01
201000058311;0;7;0;0;2;1;1;A01
201000058311;0;7;0;0;0;4;1;D01
201000058311;0;32;0;0;2;1;1;B01
201000058311;0;7;0;0;2;3;1;C01
201000058312;0;7;0;0;2;1;15;A01
201000058312;0;30;0;0;2;1;1;B01
201000058313;0;7;0;0;2;1;1;B01
201000058313;0;30;0;0;2;1;13;A01
201000058314;0;7;0;0;1;3;15;A01
201000058315;0;30;0;0;2;1;1;A01
201000058315;0;7;0;0;2;7;17;B01
201000058316;0;7;0;0;2;1;1;A01
201000058316;0;7;0;0;2;8;1;B01
201000058317;0;33;0;0;2;1;2;A01
201000058317;0;7;0;0;0;4;1;B01
201000058318;0;7;0;0;2;1;1;A01
201000058318;0;7;0;12;2;7;1;B01
201000058319;0;7;0;0;2;3;1;B01
201000058319;0;2;0;0;2;7;19;A01
201000058320;0;7;0;0;2;3;16;B01
201000058320;0;7;0;0;2;2;16;A01
201000058321;0;7;0;0;1;1;1;A01
201000058322;0;20;0;0;1;1;2;A01
201000058323;0;37;25;0;1;3;1;A01
201000058324;0;7;0;0;2;8;15;A01
201000058324;0;30;0;0;2;1;17;B01
201000058325;0;10;0;0;1;5;4;A01
201000058326;0;10;0;0;2;2;16;B01
201000058326;0;30;0;0;2;3;2;A01
201000058327;0;30;0;12;0;2;16;A01
201000058328;0;7;0;0;2;6;9;A01
201000058328;0;7;0;0;0;1;1;B01
201000058329;0;1;0;0;1;1;1;A01
201000058330;0;30;0;0;0;0;1;B01
201000058330;0;7;0;0;2;3;9;A01
201000058331;0;7;0;0;1;3;17;A01
201000058332;0;7;0;0;2;6;1;A01
201000058332;0;7;0;0;2;3;1;B01
201000058333;0;7;0;0;1;3;1;A01
201000058334;1;7;0;0;2;5;1;A01
201000058334;0;30;0;0;2;1;2;B01
201000058335;0;7;0;0;1;3;15;A01
201000058336;0;7;0;0;2;2;1;A01
201000058336;0;30;0;0;2;1;1;B01
201000058337;0;1;0;0;1;1;21;A01
201000058338;0;7;0;0;2;1;15;A01
201000058338;0;7;0;0;2;3;1;B01
201000058339;0;7;0;0;1;2;16;A01
201000058340;0;30;0;0;2;1;2;A01
201000058340;0;7;0;0;2;8;1;B01
201000058341;0;7;0;0;2;7;15;A01
201000058341;0;1;0;0;2;2;1;B01
201000058342;0;7;0;0;1;1;1;A01
201000058343;0;30;0;0;1;1;1;A01
201000058344;0;7;0;1;2;1;1;A01
201000058344;0;7;0;0;2;3;1;B01
201000058345;0;7;0;0;2;7;1;A01
201000058345;0;7;0;0;2;1;1;B01
201000058346;0;30;0;0;2;0;1;B01
201000058346;1;7;0;0;2;0;2;Z01
201000058347;0;7;0;1;2;7;1;A01
201000058347;0;7;0;0;2;1;1;B01
201000058348;0;7;0;0;1;1;15;A01
201000058349;0;7;0;0;2;5;2;B01
201000058349;0;7;0;0;2;3;12;A01
201000058350;0;7;0;0;1;1;15;A01
201000058351;0;7;0;0;2;1;1;A01
201000058351;0;7;0;0;2;8;1;B01
201000058352;0;7;0;0;2;1;5;A01
201000058352;0;7;0;1;2;3;1;B01
201000058353;0;7;0;0;2;1;16;A01
201000058353;0;1;0;0;2;7;1;B01
201000058354;0;7;0;12;0;1;16;A01
201000058355;0;7;0;0;1;1;1;A01
201000058356;0;1;0;0;2;7;19;B01
201000058356;0;7;0;0;2;1;1;A01
201000058357;0;7;0;0;2;3;0;B01
201000058357;0;7;0;0;2;8;1;A01
201000058358;0;1;0;0;2;0;1;B01
201000058358;0;7;0;0;2;7;22;A01
201000058359;0;7;0;0;1;2;1;A01
201000058360;0;3;0;0;1;1;15;A01
201000058361;0;7;0;0;2;1;16;A01
201000058361;0;1;0;0;2;7;1;B01
201000058362;0;7;0;0;2;2;12;A01
201000058362;0;32;0;0;2;8;3;B01
201000058363;0;7;0;0;2;7;15;B01
201000058363;0;33;0;0;2;1;1;A01
201000058364;0;32;0;0;0;8;0;A01
201000058365;0;7;0;0;0;0;10;A01
201000058365;0;7;0;7;0;1;21;B01
201000058366;1;7;0;0;0;0;0;Z01
201000058366;0;33;0;0;0;0;0;A01
201000058367;0;7;0;0;0;0;4;B01
201000058367;0;2;0;0;2;0;21;A01
201000058368;0;1;0;0;2;0;19;A01
201000058368;0;7;0;0;2;1;15;B01
201000058369;0;31;0;0;2;8;1;B01
201000058369;0;7;0;0;2;3;15;A01
201000058370;0;33;0;0;9;1;1;B01
201000058371;0;7;0;0;1;1;2;A01
201000058372;0;33;0;0;2;2;1;B01
201000058372;0;7;0;0;2;3;11;A01
201000058373;0;30;0;0;2;1;1;A01
201000058373;0;7;0;0;2;2;1;B01
201000058374;0;10;0;0;2;1;13;A01
201000058374;0;7;0;0;2;3;0;B01
201000058375;0;2;0;0;2;1;5;A01
201000058375;0;7;0;0;2;1;16;B01
201000058376;0;7;0;13;0;1;1;A01
201000058377;0;7;0;2;0;1;14;A01
201000058378;0;7;0;0;2;4;2;B01
201000058378;0;7;0;0;2;1;2;A01
201000058379;0;7;0;0;2;1;1;B01
201000058379;0;7;0;0;2;1;15;A01
201000058380;0;2;0;0;0;0;1;A01
201000058381;0;7;0;0;2;3;19;A01
201000058381;0;33;0;0;2;7;17;B01
201000058382;0;7;0;0;2;7;2;A01
201000058382;0;1;0;0;2;3;2;B01
201000058383;0;10;0;0;1;6;1;A01
201000058384;0;1;0;0;2;0;0;A01
201000058384;0;7;0;0;2;6;0;B01
201000058385;0;7;0;0;1;3;1;A01
201000058385;0;7;0;0;1;8;1;B01
201000058386;0;30;0;8;0;2;1;A01
201000058387;0;7;0;0;2;2;19;A01
201000058387;0;7;0;0;2;1;19;B01
201000058387;0;10;0;0;2;3;23;C01
201000058388;0;7;0;0;2;2;19;B01
201000058388;0;31;0;0;2;8;1;A01
201000058389;0;7;0;0;2;3;10;A01
201000058389;0;7;0;0;2;2;17;B01
201000058390;0;33;0;1;2;1;1;B01
201000058390;0;7;0;0;2;0;12;A01
201000058391;0;7;0;0;2;2;1;A01
201000058391;0;7;0;0;2;5;0;B01
201000058392;0;7;0;0;2;3;10;A01
201000058392;0;31;0;0;2;7;1;B01
201000058393;0;31;0;0;2;1;1;B01
201000058393;0;7;0;0;2;1;9;A01
201000058394;0;33;0;0;2;1;1;B01
201000058394;0;7;0;0;2;3;15;A01
201000058395;0;7;0;0;1;8;1;A01
201000058396;0;33;0;0;1;2;1;A01
201000058397;0;7;0;4;0;1;1;A01
201000058398;0;7;0;4;0;6;1;A01
201000058399;0;7;0;4;0;2;1;A01
201000058400;0;17;0;0;2;2;12;A01
201000058400;0;7;0;4;0;5;1;B01
201000058401;0;15;0;0;2;2;12;A01
201000058401;0;7;0;4;0;6;1;B01
201000058402;0;31;0;0;0;7;1;A01
201000058403;0;7;0;0;2;1;1;A01
201000058403;0;7;0;0;2;4;2;B01
201000058403;1;7;0;0;0;4;2;Z01
201000058404;0;7;0;0;0;4;1;B01
201000058404;0;13;0;1;0;1;1;A01
201000058405;0;7;0;4;0;0;1;A01
201000058406;0;15;0;0;2;1;1;B01
201000058406;0;7;0;0;2;1;1;C01
201000058406;0;7;0;0;2;4;1;A01
201000058407;0;7;0;3;0;3;1;A01
201000058408;0;7;0;13;0;1;1;A01
201000058409;0;7;0;0;0;4;2;C01
201000058409;0;7;0;0;2;1;2;A01
201000058409;0;7;0;0;2;4;2;B01
201000058410;0;7;0;0;0;4;2;B01
201000058410;0;15;0;0;2;1;2;A01
201000058411;0;7;0;4;0;3;1;A01
201000058412;0;7;0;4;0;1;1;A01
201000058413;0;33;0;4;0;9;16;A01
201000058414;0;7;0;4;0;1;2;A01
201000058415;0;7;0;15;0;1;0;A01
201000058416;0;7;0;0;2;1;1;A01
201000058416;0;7;0;0;0;4;2;D01
201000058416;0;7;0;0;2;4;2;B01
201000058416;0;7;0;0;2;4;2;C01
201000058417;0;33;0;0;2;7;12;A01
201000058417;0;7;0;0;0;8;1;C01
201000058417;0;7;0;0;0;8;1;B01
201000058418;0;15;0;0;0;6;24;B01
201000058418;0;7;0;1;0;1;14;A01
201000058419;0;7;0;0;2;1;2;A01
201000058419;0;7;0;0;2;4;2;B01
201000058420;0;7;0;3;0;5;1;A01
201000058421;0;33;0;0;0;7;1;A01
201000058422;0;7;0;0;2;5;2;B01
201000058422;0;7;0;0;2;1;2;A01
201000058423;0;7;0;4;0;5;1;A01
201000058424;0;7;0;4;0;1;1;A01
201000058425;0;7;0;0;2;1;2;A01
201000058425;0;7;0;0;2;4;2;B01
201000058425;0;7;0;0;2;4;2;C01
201000058426;0;7;0;4;2;1;17;A01
201000058426;0;7;0;0;0;0;1;B01
201000058427;0;7;0;0;2;1;2;A01
201000058427;0;7;0;0;0;4;2;B01
201000058428;0;17;0;9;0;0;1;A01
201000058429;0;7;0;3;2;3;1;A01
201000058429;0;15;0;0;2;8;1;B01
201000058430;0;15;0;0;2;2;12;A01
201000058430;0;7;0;4;0;6;1;B01
201000058431;0;15;0;0;2;2;12;A01
201000058431;0;7;0;0;0;3;1;B01
201000058432;0;32;0;14;0;5;0;A01
201000058433;0;17;0;0;2;2;1;B01
201000058433;0;7;0;0;2;3;11;A01
201000058434;0;7;0;6;0;1;0;A01
201000058435;0;33;0;3;0;7;16;A01
201000058436;0;33;0;0;0;0;0;A01
201000058437;0;7;0;0;0;4;0;B01
201000058437;0;10;0;0;2;1;0;A01
201000058438;0;15;0;0;0;4;2;B01
201000058438;0;15;0;0;2;1;2;A01
201000058439;0;7;0;3;0;3;0;A01
201000058440;0;33;0;0;0;0;0;B01
201000058440;0;7;0;0;2;8;1;A01
201000058441;0;32;0;0;0;8;0;A01
201000058442;0;7;0;0;2;4;2;B01
201000058442;0;7;0;0;2;1;2;A01
201000058442;0;7;0;0;2;4;2;C01
201000058443;0;7;0;0;0;0;2;B01
201000058443;0;7;0;0;2;1;0;A01
201000058443;0;7;0;0;0;0;0;D01
201000058443;0;7;0;0;0;0;0;C01
201000058444;0;7;0;0;0;4;2;B01
201000058444;0;7;0;0;2;1;2;A01
201000058445;0;7;0;0;0;4;2;B01
201000058445;0;7;0;0;2;1;1;A01
201000058446;0;7;0;0;0;6;1;B01
201000058446;0;7;0;4;2;1;0;A01
201000058447;0;7;0;4;0;1;1;A01
201000058448;0;7;0;0;2;1;1;A01
201000058448;0;10;0;0;2;4;1;C01
201000058448;0;7;0;0;2;1;1;D01
201000058448;0;7;0;0;2;1;1;B01
201000058448;0;7;0;0;2;4;1;E01
201000058449;0;33;0;0;2;3;18;B01
201000058449;0;7;0;0;2;7;12;A01
201000058450;0;15;0;0;2;2;1;B01
201000058450;0;7;0;0;0;4;11;A01
201000058451;0;7;0;0;2;1;2;A01
201000058451;0;7;0;0;0;4;2;C01
201000058451;0;7;0;0;2;1;2;B01
201000058452;0;10;0;0;2;1;1;A01
201000058452;0;10;0;0;2;4;2;B01
201000058452;0;7;0;0;0;4;2;D01
201000058452;0;7;0;0;2;4;23;C01
201000058453;0;17;0;0;2;3;1;B01
201000058453;0;33;0;0;2;7;9;A01
201000058454;0;15;0;0;2;2;12;A01
201000058454;0;7;0;0;0;8;1;B01
201000058455;0;7;0;0;2;1;2;A01
201000058455;0;7;0;0;0;4;2;B01
201000058456;0;7;0;0;2;4;2;B01
201000058456;0;7;0;0;2;1;2;A01
201000058456;0;7;0;0;0;4;2;C01
201000058457;0;33;0;0;0;7;0;A01
201000058458;0;7;0;0;2;1;9;A01
201000058458;0;7;0;0;2;5;0;B01
201000058459;0;7;0;0;2;4;1;B01
201000058459;0;7;0;0;2;1;2;A01
201000058459;0;7;0;0;0;4;2;C01
201000058460;0;14;0;4;0;2;0;A01
201000058461;0;7;0;0;2;3;1;B01
201000058461;0;17;0;0;2;3;12;A01
201000058462;0;7;0;0;0;0;0;A01
201000058463;0;7;0;0;2;1;2;A01
201000058463;0;7;0;0;0;4;2;B01
201000058464;0;7;0;3;0;1;0;A01
201000058465;0;17;0;0;2;2;12;A01
201000058465;0;7;0;0;0;1;1;C01
201000058465;0;7;0;0;0;8;1;B01
201000058466;0;31;0;0;2;1;11;A01
201000058466;0;7;0;0;0;6;1;B01
201000058467;0;7;0;3;0;2;1;A01
201000058468;0;15;0;3;0;1;1;A01
201000058469;0;7;0;0;2;1;1;A01
201000058469;0;7;0;0;0;4;1;C01
201000058469;0;7;0;0;2;4;2;B01
201000058470;0;7;0;3;0;4;23;A01
201000058470;0;7;0;0;9;0;1;C01
201000058470;0;33;0;1;0;1;1;B01
201000058471;1;7;0;0;2;0;0;Z01
201000058471;0;7;0;4;0;0;1;A01
201000058472;0;7;0;0;0;3;1;B01
201000058472;0;7;0;4;2;3;1;A01
201000058473;0;33;0;0;2;0;3;A01
201000058473;0;7;0;0;0;6;1;B01
201000058474;0;7;0;0;0;1;1;B01
201000058474;0;7;0;0;2;6;1;A01
201000058474;1;15;0;0;2;2;12;Z01
201000058475;0;10;0;3;0;6;1;A01
201000058476;0;7;0;0;1;4;4;A01
201000058477;0;7;0;0;2;8;11;A01
201000058477;0;33;0;0;0;1;1;B01
201000058478;0;10;0;0;0;4;1;B01
201000058478;0;33;0;0;2;1;2;A01
201000058479;0;17;0;0;0;3;1;B01
201000058479;0;7;0;0;2;1;12;A01
201000058480;0;17;0;0;2;8;1;A01
201000058480;0;7;0;0;2;7;0;B01
201000058481;0;33;0;0;2;1;0;A01
201000058481;0;7;0;0;0;6;11;B01
201000058482;0;7;0;0;0;8;1;B01
201000058482;0;15;0;0;2;2;12;A01
201000058483;0;31;0;14;0;8;1;A01
201000058484;0;7;0;0;2;7;1;A01
201000058484;0;7;0;0;2;1;1;B01
201000058485;0;7;0;0;2;1;2;A01
201000058485;0;7;0;0;0;4;2;B01
201000058486;0;7;0;0;0;6;1;B01
201000058486;0;10;0;0;2;2;1;A01
201000058487;0;32;0;14;0;8;1;A01
201000058488;0;7;0;0;2;1;1;A01
201000058488;0;7;0;0;0;4;2;B01
201000058489;0;7;0;0;0;1;1;C01
201000058489;0;7;0;0;2;6;1;B01
201000058489;0;15;0;0;2;2;12;A01
201000058490;0;7;0;4;0;1;1;A01
201000058491;0;7;0;0;0;2;12;B01
201000058491;0;31;0;0;2;1;3;A01
201000058492;0;33;0;0;2;2;3;A01
201000058492;0;7;0;0;0;6;1;B01
201000058493;0;33;0;14;0;3;1;A01
201000058494;0;34;0;0;1;1;0;A01
201000058494;0;7;0;0;0;3;1;B01
201000058495;0;7;0;4;0;1;1;A01
201000058496;0;7;0;4;0;1;1;A01
201000058497;0;33;0;0;2;8;3;A01
201000058497;0;10;0;0;0;7;12;B01
201000058498;0;33;0;0;2;7;3;A01
201000058498;0;10;0;0;0;8;11;B01
201000058499;0;7;0;0;2;8;9;A01
201000058499;0;7;0;0;0;7;1;B01
201000058500;0;33;0;4;0;1;1;A01
201000058501;0;7;0;0;2;2;1;A01
201000058501;0;10;0;0;0;6;1;B01
201000058502;0;17;0;0;0;4;24;B01
201000058502;0;7;0;0;2;1;1;A01
201000058503;0;14;0;0;2;1;1;A01
201000058503;0;7;0;0;2;8;9;C01
201000058503;0;7;0;0;2;4;1;B01
201000058503;0;7;0;0;0;4;1;E01
201000058503;0;7;0;0;2;4;1;D01
201000058504;0;7;0;0;0;4;1;B01
201000058504;0;7;0;0;2;1;1;A01
201000058505;0;7;0;0;2;1;1;A01
201000058505;0;7;0;0;0;4;1;B01
201000058506;0;7;0;0;2;4;2;B01
201000058506;0;7;0;0;0;4;2;C01
201000058506;0;7;0;0;2;1;1;A01
201000058507;0;33;0;4;0;7;1;A01
201000058508;0;7;0;0;0;6;1;A01
201000058508;0;7;0;0;2;2;1;B01
201000058509;0;7;0;0;0;4;1;B01
201000058509;0;10;0;0;2;1;1;A01
201000058510;1;14;0;0;2;1;9;Z01
201000058510;0;7;0;0;0;6;1;A01
201000058511;0;7;0;0;0;8;1;B01
201000058511;0;17;0;0;2;7;12;A01
201000058512;0;7;0;0;2;1;1;B01
201000058512;0;7;0;0;0;4;1;C01
201000058512;1;7;0;0;0;0;11;Z01
201000058512;0;33;0;0;2;1;1;A01
201000058512;0;7;0;0;0;4;1;D01
201000058513;0;17;0;0;2;1;0;A01
201000058513;0;7;0;0;0;4;1;B01
201000058514;0;7;0;0;2;8;11;A01
201000058514;0;7;0;0;0;7;1;B01
201000058515;0;15;0;0;0;3;1;B01
201000058515;0;7;0;0;2;5;12;A01
201000058516;0;7;0;0;0;4;1;C01
201000058516;0;31;0;0;2;1;3;A01
201000058516;0;7;0;0;0;7;12;B01
201000058517;0;7;0;4;0;1;1;A01
201000058518;0;7;0;0;0;4;1;B01
201000058518;0;7;0;0;2;1;1;A01
201000058519;0;7;0;0;2;1;1;A01
201000058519;0;7;0;0;0;4;1;B01
201000058520;0;7;0;0;2;6;0;B01
201000058520;0;17;0;0;2;2;0;A01
201000058521;0;10;0;0;0;4;1;B01
201000058521;0;10;0;0;2;1;1;A01
201000058522;1;7;0;0;2;0;17;Z01
201000058522;0;7;0;4;0;6;11;A01
201000058523;0;7;0;3;0;7;1;A01
201000058524;0;17;0;0;0;4;1;B01
201000058524;0;33;0;0;2;1;1;A01
201000058525;0;7;0;0;0;4;2;B01
201000058525;0;7;0;0;2;1;1;A01
201000058526;0;7;0;0;0;3;1;B01
201000058526;0;7;0;13;2;5;12;A01
201000058527;0;17;0;4;0;0;1;A01
201000058528;0;7;0;4;0;1;1;A01
201000058529;0;33;0;0;0;8;1;B01
201000058529;0;7;0;0;2;5;12;A01
201000058530;0;15;0;0;2;3;12;A01
201000058530;0;7;0;0;0;8;1;B01
201000058531;0;7;0;0;2;1;2;A01
201000058531;0;7;0;0;2;4;2;C01
201000058531;0;7;0;0;0;4;2;D01
201000058531;0;7;0;0;2;4;2;B01
201000058532;0;7;0;0;0;4;2;B01
201000058532;0;7;0;0;2;3;1;A01
201000058533;1;7;0;0;1;2;1;A01
201000058534;0;7;0;0;2;1;11;A01
201000058534;0;7;0;4;0;6;1;B01
201000058535;0;7;0;0;2;1;2;A01
201000058535;0;7;0;0;0;4;2;C01
201000058535;0;7;0;0;2;4;2;B01
201000058536;0;14;0;3;0;3;1;A01
201000058537;0;7;0;4;0;1;1;A01
201000058538;0;33;0;0;0;8;0;A01
201000058539;0;7;0;4;0;1;1;A01
201000058540;0;7;0;0;0;4;1;C01
201000058540;0;7;0;3;2;4;1;B01
201000058540;0;7;0;0;2;1;1;A01
201000058541;0;7;0;0;0;4;23;B01
201000058541;0;15;0;0;2;2;1;A01
201000058542;0;7;0;4;0;4;1;B01
201000058542;0;15;0;0;2;1;12;A01
201000058543;0;7;0;0;0;0;0;A01
201000058543;0;33;0;0;0;8;0;B01
201000058544;0;7;0;0;2;4;1;B01
201000058544;0;10;0;0;2;1;1;A01
201000058544;0;7;0;0;2;4;1;C01
201000058545;0;7;0;4;0;7;1;A01
201000058545;1;15;0;0;0;0;0;Z01
201000058546;0;7;0;4;0;1;0;A01
201000058547;0;33;0;0;2;1;12;A01
201000058547;0;7;0;0;2;5;12;B01
201000058548;0;34;0;0;0;8;0;A01
201000058549;0;10;0;0;0;4;2;C01
201000058549;0;10;0;0;2;1;2;A01
201000058549;0;7;0;0;0;4;2;D01
201000058549;0;7;0;0;2;4;2;B01
201000058550;0;15;0;0;2;1;1;A01
201000058550;0;10;0;0;2;7;1;C01
201000058550;0;7;0;0;2;4;1;B01
201000058551;0;7;0;0;2;4;1;C01
201000058551;0;7;0;0;2;1;1;A01
201000058551;0;7;0;0;2;1;1;B01
201000058552;0;7;0;0;0;4;1;B01
201000058552;0;7;0;0;2;1;1;A01
201000058553;0;33;0;0;0;8;1;A01
201000058554;0;7;0;4;0;2;1;A01
201000058555;0;7;0;0;2;4;1;C01
201000058555;0;10;0;0;2;1;1;B01
201000058555;0;7;0;0;2;1;1;A01
201000058556;0;7;0;0;0;7;1;B01
201000058556;0;15;0;0;2;6;13;A01
201000058557;0;7;0;0;2;4;2;B01
201000058557;0;7;0;0;2;1;2;A01