num_acc;senc;catv;occutc;obs;obsm;choc;manv;num_veh
201000058558;0;7;0;0;0;4;2;B01
201000058558;0;7;0;0;2;1;2;A01
201000058559;0;15;0;0;2;3;11;A01
201000058559;0;7;0;4;0;4;2;B01
201000058560;0;7;0;0;2;1;2;A01
201000058560;0;7;0;0;2;4;2;B01
201000058561;0;15;0;0;2;7;12;A01
201000058561;0;7;0;3;0;4;1;B01
201000058562;0;15;0;0;0;4;2;B01
201000058562;0;15;0;0;2;1;1;A01
201000058563;0;7;0;0;2;1;0;A01
201000058563;0;7;0;0;0;0;0;B01
201000058564;0;7;0;0;2;4;2;B01
201000058564;0;7;0;0;2;1;2;A01
201000058564;0;7;0;0;2;6;2;C01
201000058565;0;7;0;0;0;7;1;B01
201000058565;0;1;0;0;2;1;19;A01
201000058566;0;7;0;0;2;3;11;A01
201000058566;0;31;0;0;0;7;1;B01
201000058567;0;7;0;4;0;3;0;A01
201000058568;0;33;0;3;0;1;1;A01
201000058568;0;7;0;0;2;2;2;B01
201000058569;0;33;0;0;0;8;1;A01
201000058570;0;7;0;0;2;1;2;A01
201000058570;0;7;0;0;2;4;2;B01
201000058571;0;7;0;4;0;1;1;A01
201000058572;0;7;0;0;2;4;2;B01
201000058572;0;15;0;0;2;1;2;A01
201000058573;0;7;0;0;2;1;2;A01
201000058573;0;10;0;0;2;4;2;B01
201000058574;0;7;0;13;0;0;1;A01
201000058575;0;33;0;0;0;4;2;B01
201000058575;0;7;0;0;2;1;2;A01
201000058576;0;7;0;0;2;1;1;A01
201000058576;0;10;0;3;0;4;2;B01
201000058577;0;7;0;3;0;4;1;A01
201000058578;0;7;0;16;0;5;23;B01
201000058578;0;7;0;1;1;6;0;A01
201000058579;0;7;0;0;2;6;0;A01
201000058579;0;7;0;0;0;6;23;B01
201000058580;0;7;0;0;2;8;11;A01
201000058580;0;33;0;4;0;7;1;B01
201000058581;0;33;0;0;0;1;0;A01
201000058582;0;7;0;0;2;2;2;A01
201000058582;0;7;0;0;2;6;2;B01
201000058583;0;31;0;0;2;7;3;A01
201000058583;0;7;0;0;0;4;1;C01
201000058583;0;10;0;0;0;8;11;B01
201000058584;0;7;0;14;0;1;2;A01
201000058584;0;15;0;0;0;4;23;B01
201000058585;0;7;0;0;0;4;2;C01
201000058585;0;10;0;0;2;1;2;A01
201000058585;0;7;0;0;2;4;2;B01
201000058586;0;10;0;0;2;1;2;A01
201000058586;0;15;0;0;2;4;2;B01
201000058587;0;10;0;0;0;4;24;B01
201000058587;0;7;0;1;0;3;9;A01
201000058588;0;7;0;0;0;4;2;B01
201000058588;0;7;0;0;2;1;2;A01
201000058589;0;33;0;0;0;8;1;A01
201000058590;0;7;0;4;0;2;1;A01
201000058591;0;7;0;0;2;4;2;D01
201000058591;0;7;0;0;2;4;2;C01
201000058591;0;7;0;0;2;4;2;B01
201000058591;0;7;0;0;2;1;2;A01
201000058592;0;7;0;0;2;3;11;A01
201000058592;0;32;0;0;2;7;1;B01
201000058593;0;7;0;0;2;1;2;A01
201000058593;0;10;0;0;2;4;2;D01
201000058593;0;7;0;0;0;4;2;E01
201000058593;0;7;0;0;2;4;2;C01
201000058593;0;7;0;0;2;1;2;B01
201000058594;0;32;0;0;2;1;3;B01
201000058594;0;7;0;0;0;6;12;A01
201000058595;0;10;0;0;2;1;2;A01
201000058595;0;7;0;0;2;5;2;B01
201000058596;0;7;0;4;0;1;1;A01
201000058597;0;15;0;4;0;7;1;A01
201000058598;0;7;0;13;0;1;1;A01
201000058599;0;32;0;0;0;8;1;A01
201000058600;0;33;0;4;0;8;15;A01
201000058601;0;7;0;0;2;2;1;B01
201000058601;0;15;0;0;2;3;9;A01
201000058602;0;7;0;0;0;4;2;B01
201000058602;0;7;0;0;2;1;2;A01
201000058603;0;7;0;0;2;2;11;A01
201000058603;0;15;0;0;2;6;2;B01
201000058603;0;7;0;0;2;3;1;C01
201000058604;0;7;0;3;0;4;2;B01
201000058604;0;7;0;0;2;0;2;A01
201000058605;0;7;0;0;2;2;12;A01
201000058605;0;7;0;0;2;4;1;C01
201000058605;0;31;0;0;2;3;1;B01
201000058606;0;33;0;14;0;1;1;A01
201000058607;0;7;0;0;2;5;1;B01
201000058607;0;15;0;0;2;1;12;A01
201000058608;0;7;0;3;0;1;2;A01
201000058609;0;14;0;0;2;6;2;B01
201000058609;0;7;0;0;2;1;2;A01
201000058609;0;10;0;0;2;4;2;C01
201000058610;0;7;0;0;0;0;1;A01
201000058611;0;10;0;4;0;1;1;B01
201000058611;0;7;0;4;0;1;11;A01
201000058612;0;7;0;0;0;4;1;B01
201000058612;0;7;0;0;2;1;0;A01
201000058613;0;7;0;15;0;1;16;A01
201000058614;0;33;0;0;0;0;0;B01
201000058614;0;7;0;0;2;5;2;A01
201000058615;0;7;0;1;1;6;24;B01
201000058615;0;7;0;1;2;3;16;A01
201000058616;0;7;0;0;1;1;1;A01
201000058617;0;7;0;0;2;3;13;A01
201000058617;0;2;0;0;2;7;1;B01
201000058618;0;7;0;0;1;1;0;A01
201000058619;0;7;0;3;0;1;1;A01
201000058620;0;1;0;0;2;7;1;A01
201000058620;0;7;0;0;2;1;16;B01
201000058621;0;2;0;0;2;1;1;A01
201000058621;0;7;0;0;9;4;1;B01
201000058622;0;7;0;0;0;1;1;A01
201000058622;0;1;0;0;0;4;2;B01
201000058623;0;32;0;0;1;1;1;A01
201000058624;0;7;0;0;2;7;20;A01
201000058624;0;33;0;0;2;1;21;B01
201000058625;0;7;0;0;0;0;0;A01
201000058625;0;2;0;0;0;9;21;B01
201000058626;0;2;0;0;0;1;1;B01
201000058626;0;7;0;0;2;3;15;A01
201000058627;0;7;0;0;1;2;1;A01
201000058628;0;10;0;14;1;4;4;A01
201000058629;0;7;0;0;2;8;0;B01
201000058629;0;7;0;0;2;3;1;A01
201000058630;0;7;0;0;2;1;1;A01
201000058630;0;7;0;0;2;3;1;B01
201000058631;0;33;0;0;1;1;1;A01
201000058632;0;7;0;2;2;3;1;B01
201000058632;0;7;0;0;2;3;13;A01
201000058633;0;7;0;0;2;3;23;C01
201000058633;0;2;0;0;2;7;1;A01
201000058633;0;10;0;0;0;1;1;B01
201000058634;0;7;0;0;1;1;1;A01
201000058635;0;7;0;0;2;2;15;A01
201000058635;0;33;0;0;2;1;0;B01
201000058636;0;1;0;1;0;1;1;A01
201000058637;0;7;0;0;2;7;9;A01
201000058637;0;30;0;0;2;3;17;B01
201000058638;0;7;0;0;1;1;1;A01
201000058639;0;7;0;0;0;0;0;A01
201000058640;0;7;0;0;1;1;0;A01
201000058641;0;7;0;0;2;8;13;B01
201000058641;0;30;0;0;2;2;17;A01
201000058642;0;7;0;0;1;2;1;A01
201000058643;0;7;0;0;2;1;1;B01
201000058643;0;7;0;0;2;2;1;A01
201000058644;0;7;0;0;0;0;9;B01
201000058644;0;2;0;0;0;0;1;A01
201000058645;0;7;0;1;0;1;2;B01
201000058645;0;37;1;2;0;6;0;A01
201000058645;0;37;1;0;0;0;5;C01
201000058646;0;7;0;0;2;3;11;A01
201000058646;0;33;0;0;2;1;1;B01
201000058647;0;1;0;0;2;1;2;A01
201000058647;0;7;0;0;9;6;4;B01
201000058648;0;33;0;1;0;1;14;A01
201000058649;0;99;0;0;1;1;16;A01
201000058650;0;33;0;0;2;1;0;B01
201000058650;0;7;0;0;2;3;13;A01
201000058651;0;7;0;0;1;8;1;A01
201000058652;0;7;0;0;0;0;4;A01
201000058652;0;30;0;0;0;0;13;B01
201000058653;0;7;0;0;1;1;15;A01
201000058654;0;7;0;0;1;1;1;A01
201000058655;0;7;0;0;2;2;2;A01
201000058655;0;7;0;1;2;8;16;B01
201000058656;0;30;0;0;0;7;11;A01
201000058657;0;7;0;0;1;1;0;A01
201000058658;0;30;0;0;2;3;1;B01
201000058658;0;7;0;0;2;6;10;A01
201000058659;0;7;0;0;1;3;0;A01
201000058660;0;7;0;0;1;8;1;A01
201000058661;0;7;0;0;1;7;21;A01
201000058662;0;37;1;0;0;0;9;B01
201000058662;0;33;0;0;0;7;1;A01
201000058663;0;30;0;0;2;1;1;A01
201000058663;0;7;0;0;2;1;1;B01
201000058664;0;17;0;0;2;2;12;A01
201000058664;0;7;0;3;2;6;1;B01
201000058664;0;10;0;3;0;7;1;C01
201000058665;0;7;0;0;2;4;2;C01
201000058665;0;7;0;0;2;1;2;B01
201000058665;0;7;0;0;0;4;2;A01
201000058665;0;10;0;0;2;1;2;E01
201000058665;0;33;0;0;0;4;3;D01
201000058666;0;7;0;2;0;6;19;A01
201000058667;0;7;0;0;2;1;2;D01
201000058667;0;7;0;3;0;4;2;A01
201000058667;0;7;0;0;2;5;2;B01
201000058667;0;7;0;0;2;4;2;C01
201000058668;0;7;0;0;0;4;2;A01
201000058668;0;7;0;0;2;4;2;B01
201000058668;0;7;0;0;2;1;2;C01
201000058669;0;7;0;2;2;4;2;B01
201000058669;0;7;0;0;0;4;2;A01
201000058669;0;7;0;0;2;1;2;C01
201000058670;0;33;0;0;2;7;12;B01
201000058670;0;7;0;0;2;8;11;A01
201000058670;0;7;0;0;0;0;1;C01
201000058671;0;7;0;0;9;1;2;B01
201000058671;0;31;0;0;9;3;2;C01
201000058671;0;7;0;0;0;0;2;A01
201000058671;0;7;0;3;0;2;14;D01
201000058672;0;7;0;4;0;3;21;A01
201000058673;0;7;0;0;2;3;11;B01
201000058673;0;7;0;4;0;7;1;A01
201000058674;0;31;0;7;0;1;14;A01
201000058675;0;33;0;14;0;8;1;A01
201000058676;0;7;0;0;2;1;2;C01
201000058676;0;7;0;3;0;3;21;A01
201000058676;0;7;0;0;0;0;11;D01
201000058676;0;7;0;0;2;1;1;B01
201000058677;0;14;0;3;2;4;2;D01
201000058677;0;7;0;0;2;4;2;C01
201000058677;0;17;0;0;2;1;2;E01
201000058677;0;7;0;0;2;6;2;B01
201000058677;0;17;0;0;0;4;23;A01
201000058678;0;7;0;0;2;6;2;B01
201000058678;0;10;0;0;9;4;2;A01
201000058678;0;7;0;0;2;2;2;C01
201000058679;0;7;0;14;0;1;14;A01
201000058680;0;7;0;0;2;1;2;C01
201000058680;0;7;0;0;2;1;2;D01
201000058680;0;7;0;0;2;1;2;E01
201000058680;0;7;0;0;0;4;2;A01
201000058680;0;7;0;0;2;4;2;B01
201000058681;0;33;0;4;0;1;1;A01
201000058682;0;15;0;2;2;2;12;A01
201000058682;0;7;0;0;2;3;1;B01
201000058682;0;33;0;0;2;1;1;C01
201000058683;0;7;0;0;2;1;2;C01
201000058683;0;7;0;0;0;4;2;A01
201000058683;0;7;0;0;2;4;2;B01
201000058684;0;7;0;0;0;4;2;A01
201000058684;0;10;0;0;2;4;2;B01
201000058684;0;7;0;0;2;1;2;D01
201000058684;0;7;0;0;2;4;2;C01
201000058685;0;7;0;4;0;3;1;A01
201000058686;0;7;0;0;0;4;12;A01
201000058686;0;7;0;4;0;3;21;D01
201000058686;0;13;0;0;2;2;1;C01
201000058686;0;7;0;0;2;4;1;B01
201000058687;0;33;0;0;0;8;1;A01
201000058687;0;7;0;0;0;0;11;B01
201000058688;0;7;0;3;0;2;13;A01
201000058688;0;7;0;0;2;1;19;B01
201000058688;0;7;0;3;2;1;21;C01
201000058689;0;15;0;0;2;2;1;A01
201000058689;0;10;0;0;2;8;13;B01
201000058690;0;7;0;0;0;3;1;A01
201000058690;0;7;0;4;2;3;13;B01
201000058691;0;7;0;3;0;3;14;A01
201000058692;0;7;0;0;2;6;1;B01
201000058692;0;7;0;0;0;8;1;C01
201000058692;0;7;0;3;0;3;1;D01
201000058692;0;17;0;0;2;2;12;A01
201000058693;0;7;0;0;0;1;1;C01
201000058693;0;7;0;0;2;6;1;A01
201000058693;0;14;0;0;2;2;12;B01
201000058694;0;7;0;0;2;1;1;B01
201000058694;0;10;0;0;0;4;1;A01
201000058695;0;7;0;0;2;1;2;C01
201000058695;0;7;0;0;0;4;1;A01
201000058695;0;7;0;0;2;4;2;B01
201000058696;0;7;0;0;0;6;2;A01
201000058696;0;7;0;0;2;1;2;B01
201000058697;0;33;0;0;2;7;21;D01
201000058697;0;7;0;0;0;4;22;A01
201000058697;0;7;0;0;2;5;1;B01
201000058697;0;7;0;0;2;3;12;C01
201000058698;0;33;0;0;2;1;1;B01
201000058698;0;7;0;0;0;6;2;A01
201000058699;0;17;0;0;2;2;12;B01
201000058699;0;7;0;0;0;8;1;A01
201000058700;0;10;0;4;0;8;10;A01
201000058700;0;15;0;0;2;1;2;B01
201000058701;0;7;0;2;2;6;11;A01
201000058701;0;17;0;0;0;2;1;B01
201000058702;0;7;0;8;0;1;1;A01
201000058703;0;7;0;4;0;8;1;A01
201000058703;1;17;0;0;2;2;12;Z01
201000058704;0;7;0;2;0;8;1;A01
201000058704;0;16;0;0;2;2;12;B01
201000058705;0;7;0;4;0;2;1;A01
201000058706;0;7;0;0;2;4;2;A01
201000058706;0;7;0;0;2;4;2;B01
201000058706;0;7;0;0;2;1;2;C01
201000058707;0;7;0;0;0;6;1;A01
201000058707;0;7;0;0;2;1;17;C01
201000058707;0;15;0;0;2;2;12;B01
201000058708;0;17;0;0;2;2;12;B01
201000058708;0;7;0;0;0;1;1;C01
201000058708;0;7;0;0;2;6;1;A01
201000058709;0;15;0;0;2;1;1;B01
201000058709;0;7;0;4;2;1;21;A01
201000058710;0;7;0;3;0;3;1;B01
201000058710;0;10;0;0;2;5;12;A01
201000058711;0;7;0;0;0;4;0;A01
201000058711;0;17;0;0;2;3;2;B01
201000058712;0;7;0;0;0;4;2;C01
201000058712;0;7;0;0;2;1;2;A01
201000058712;0;7;0;0;2;4;2;B01
201000058713;0;17;0;14;0;1;2;A01
201000058713;0;7;0;3;0;1;2;C01
201000058713;0;17;0;0;0;4;2;B01
201000058714;0;7;0;0;0;4;2;B01
201000058714;0;7;0;0;2;1;2;A01
201000058715;0;7;0;0;2;1;17;D01
201000058715;0;7;0;4;0;1;1;B01
201000058715;0;7;0;4;0;1;1;A01
201000058715;0;7;0;0;2;3;17;C01
201000058716;0;7;0;0;2;4;2;D01
201000058716;0;7;0;0;2;4;2;C01
201000058716;0;7;0;0;2;1;2;B01
201000058716;0;7;0;0;2;1;2;A01
201000058717;0;7;0;0;0;6;2;B01
201000058717;0;33;0;0;2;2;2;A01
201000058718;0;7;0;0;2;3;23;B01
201000058718;0;15;0;1;0;2;9;A01
201000058719;0;7;0;0;2;6;2;C01
201000058719;0;7;0;0;2;1;2;A01
201000058719;0;7;0;0;2;5;2;B01
201000058720;0;7;0;3;0;1;2;A01
201000058721;0;7;0;5;2;2;0;A01
201000058721;0;7;0;0;2;3;0;B01
201000058722;0;7;0;1;0;6;2;A01
201000058722;0;7;0;0;0;6;0;B01
201000058723;1;15;0;0;1;0;21;Z01
201000058723;0;10;0;0;1;2;13;A01
201000058724;0;7;0;3;0;1;2;A01
201000058725;0;7;0;0;2;4;2;C01
201000058725;0;7;0;0;2;1;2;A01
201000058725;0;7;0;0;2;4;2;B01
201000058726;0;7;0;0;2;4;2;B01
201000058726;0;7;0;0;2;1;2;A01
201000058726;0;7;0;0;0;4;2;C01
201000058727;0;7;0;0;1;2;1;A01
201000058728;0;7;0;0;2;4;2;D01
201000058728;0;7;0;0;2;1;2;A01
201000058728;0;7;0;0;2;4;2;C01
201000058728;0;7;0;0;0;4;2;F02
201000058728;0;7;0;0;2;4;2;B01
201000058728;0;7;0;0;2;4;2;E01
201000058729;0;7;0;0;2;3;2;A01
201000058729;0;7;0;0;0;5;2;B01
201000058730;0;7;0;0;2;6;1;B01
201000058730;0;7;0;0;2;2;12;A01
201000058731;0;7;0;0;0;8;1;B01
201000058731;0;17;0;0;0;0;0;A01
201000058731;0;7;0;1;0;1;1;C01
201000058732;0;7;0;4;0;2;21;A01
201000058733;0;7;0;4;0;1;13;A01
201000058734;0;14;0;0;0;4;23;D01
201000058734;0;38;1;1;0;1;2;A01
201000058734;0;14;0;1;0;4;23;C01
201000058734;0;10;0;0;0;5;23;B01
201000058735;0;15;0;0;0;5;1;B01
201000058735;0;7;0;0;2;3;12;A01
201000058736;0;17;0;1;1;2;1;A01
201000058737;0;10;0;4;2;3;21;B01
201000058737;0;14;0;0;0;8;1;C01
201000058737;0;10;0;0;0;0;11;A01
201000058738;0;7;0;14;0;2;1;A01
201000058738;0;7;0;4;0;3;23;B01
201000058739;0;7;0;1;0;2;13;C01
201000058739;0;7;0;1;0;1;2;A01
201000058739;0;7;0;0;0;4;23;B01
201000058740;0;7;0;3;0;2;14;A01
201000058741;0;7;0;0;0;4;24;B01
201000058741;0;7;0;0;9;7;21;C01
201000058741;0;14;0;1;2;2;14;A01
201000058742;0;7;0;5;2;8;9;A01
201000058742;0;7;0;3;2;7;21;B01
201000058743;0;33;0;0;2;8;1;A01
201000058743;0;7;0;0;0;6;2;B01
201000058744;0;7;0;0;1;3;1;B01
201000058744;0;7;0;0;1;7;1;A01
201000058745;0;7;0;13;0;1;1;A01
201000058746;0;7;0;4;2;3;2;A01
201000058746;0;14;0;0;0;6;2;B01
201000058747;0;7;0;0;2;1;2;A01
201000058747;0;7;0;14;0;1;11;C01
201000058747;0;7;0;3;0;4;2;B01
201000058748;0;7;0;3;0;8;21;A01
201000058749;0;7;0;0;2;1;2;A01
201000058749;0;7;0;0;0;4;1;B01
201000058750;0;7;0;0;2;1;2;A01
201000058750;0;7;0;4;0;4;2;B01
201000058751;0;10;0;0;0;5;2;B01
201000058751;0;7;0;0;2;3;2;A01
201000058752;0;7;0;0;2;1;2;A01
201000058752;0;17;0;1;0;7;1;C01
201000058752;0;7;0;0;0;4;2;B01
201000058753;0;7;0;0;2;2;1;A01
201000058753;0;7;0;0;0;6;11;B01
201000058754;0;17;0;0;0;4;2;B01
201000058754;0;17;0;0;2;1;2;A01
201000058755;0;33;0;0;2;3;1;B01
201000058755;0;7;0;0;2;2;12;A01
201000058756;0;10;0;0;0;7;1;D01
201000058756;0;7;0;0;2;1;21;A01
201000058756;0;7;0;0;2;6;1;C01
201000058756;0;7;0;0;0;3;1;B01
201000058757;0;33;0;0;0;6;2;A01
201000058758;0;7;0;13;0;0;1;A01
201000058759;0;7;0;0;0;6;1;G02
201000058759;0;7;0;0;0;4;21;D02
201000058759;0;7;0;4;0;6;21;E02
201000058759;0;10;0;0;2;1;11;C01
201000058759;0;10;0;0;2;2;21;A01
201000058759;0;7;0;4;0;8;11;H01
201000058759;0;13;0;0;2;1;21;F01
201000058759;0;7;0;4;0;6;1;B01
201000058760;0;10;0;0;2;1;2;A01
201000058760;0;10;0;0;2;4;2;B01
201000058760;0;7;0;0;2;4;2;C01
201000058760;0;7;0;0;2;4;2;D01
201000058761;0;7;0;0;6;3;1;A01
201000058762;0;7;0;0;0;5;12;A01
201000058762;0;33;0;0;2;1;1;B01
201000058763;0;7;0;14;0;1;1;B01
201000058763;0;7;0;3;0;3;17;A01
201000058764;0;7;0;3;0;3;17;A01
201000058765;0;10;0;0;0;9;1;A01
201000058766;0;7;0;0;2;1;2;A01
201000058766;0;7;0;0;2;4;2;B01
201000058767;0;30;0;0;2;1;1;A01
201000058767;0;7;0;0;9;2;1;B01
201000058768;0;32;0;0;0;0;1;B01
201000058768;0;7;0;0;9;0;11;A01
201000058769;0;7;0;0;1;2;1;A01
201000058770;0;7;0;0;2;2;15;A01
201000058770;0;7;0;0;2;1;1;B01
201000058770;0;7;0;0;2;2;23;C01
201000058771;0;7;0;0;2;1;10;A01
201000058771;0;7;0;0;2;8;1;B01
201000058772;0;7;0;0;1;8;1;B01
201000058773;0;7;0;7;0;9;1;A01
201000058774;0;7;0;0;2;3;1;A01
201000058774;0;7;0;0;2;1;1;B01
201000058775;0;7;0;0;2;7;1;B01
201000058775;0;7;0;0;2;1;1;A01
201000058776;0;7;0;0;1;2;15;A01
201000058777;0;7;0;0;2;3;15;B01
201000058777;0;1;0;0;2;7;1;A01
201000058778;0;7;0;0;2;7;11;A01
201000058778;0;7;0;11;0;1;2;B01
201000058779;0;7;0;0;2;2;1;A01
201000058779;0;7;0;0;2;3;15;B01
201000058780;0;7;0;0;2;3;10;A01
201000058780;0;7;0;9;2;8;1;B01
201000058781;0;40;0;0;2;2;2;B01
201000058781;0;7;0;8;4;7;15;A01
201000058782;0;7;0;8;2;8;1;B01
201000058782;0;7;0;8;2;1;1;A01
201000058783;0;33;0;1;1;1;21;A01
201000058784;0;1;0;0;9;0;1;A01
201000058784;0;1;0;14;9;0;1;B01
201000058785;0;7;0;0;2;6;1;A01
201000058785;0;38;0;0;2;2;13;B01
201000058786;0;7;0;0;2;1;1;B01
201000058786;0;7;0;0;1;2;1;A01
201000058787;0;7;0;0;9;1;2;B01
201000058787;0;1;0;0;2;8;1;A01
201000058788;0;7;0;12;0;8;1;A01
201000058789;0;7;0;0;2;1;1;A01
201000058789;0;7;0;0;2;4;1;B01
201000058790;0;7;0;0;1;1;1;B01
201000058791;0;7;0;0;2;2;2;Z01
201000058791;0;7;0;0;2;6;23;B01
201000058792;0;7;0;0;1;1;15;A01
201000058793;0;7;0;0;1;3;15;A01
201000058794;0;7;0;0;9;3;15;B01
201000058794;0;2;0;0;2;1;7;A01
201000058795;0;7;0;1;0;4;1;A01
201000058796;0;7;0;0;2;1;1;B01
201000058796;0;7;0;0;2;7;1;A01
201000058797;0;40;0;0;2;1;1;B01
201000058797;0;7;0;0;4;6;15;A01
201000058798;0;7;0;0;9;1;2;A01
201000058798;0;33;0;0;2;4;23;B01
201000058799;0;7;0;0;1;1;1;B01
201000058800;0;7;0;0;2;7;1;A01
201000058800;0;7;0;0;2;3;1;B01
201000058801;0;30;0;0;2;1;1;B01
201000058801;0;7;0;0;0;1;0;A01
201000058802;0;7;0;15;2;7;2;A01
201000058802;0;7;0;0;2;3;15;B01
201000058803;0;31;0;0;2;1;1;B01
201000058803;0;7;0;0;9;2;1;A01
201000058804;0;1;0;0;2;1;1;B01
201000058804;0;7;0;0;9;2;1;A01
201000058805;0;7;0;0;2;4;23;C01
201000058805;0;7;0;0;2;4;23;B01
201000058805;0;7;0;0;2;1;1;A01
201000058806;0;1;0;0;0;1;1;A01
201000058807;0;1;0;0;9;1;1;B01
201000058807;0;1;0;0;9;1;5;A01
201000058808;0;7;0;0;2;3;1;B01
201000058808;0;7;0;0;2;2;1;A01
201000058809;0;2;0;0;0;0;1;A01
201000058810;0;33;0;0;2;4;23;B01
201000058810;0;7;0;0;9;1;2;A01
201000058811;0;7;0;0;1;2;1;A01
201000058812;0;7;0;0;0;0;0;A01
201000058812;1;30;0;0;2;0;0;B01
201000058813;0;7;0;0;1;2;1;A01
201000058814;0;7;0;0;2;1;15;A01
201000058814;0;7;0;0;2;3;1;B01
201000058814;0;7;0;0;2;3;1;C01
201000058815;0;33;0;0;2;1;21;B01
201000058815;1;7;0;0;9;5;20;A01
201000058816;0;7;0;0;1;2;1;A01
201000058817;0;7;0;0;1;3;15;A01
201000058818;0;32;0;0;1;0;1;A01
201000058819;0;7;0;0;1;6;4;A01
201000058820;0;30;0;0;2;1;2;B01
201000058820;0;7;0;0;2;6;15;A01
201000058821;0;33;0;8;0;0;1;B01
201000058821;0;10;0;0;0;0;15;A01
201000058822;0;1;0;0;2;1;1;B01
201000058822;0;7;0;0;9;3;24;A01
201000058823;0;30;0;0;2;1;1;B01
201000058823;0;7;0;0;2;3;1;A01
201000058824;0;7;0;0;2;1;2;B01
201000058824;0;7;0;7;2;3;1;A01
201000058825;0;30;0;0;9;4;1;A01
201000058825;0;30;0;0;9;1;1;B01
201000058826;0;7;0;0;0;2;1;A01
201000058826;0;7;0;6;2;3;1;B01
201000058827;0;33;0;0;2;3;1;A01
201000058827;0;7;0;0;2;1;1;B01
201000058828;0;7;0;0;2;2;1;B01
201000058828;0;30;0;0;2;3;1;A01
201000058829;0;7;0;0;0;0;15;A01
201000058829;0;1;0;0;0;0;8;B01
201000058830;0;7;0;0;2;3;23;B01
201000058830;0;30;0;0;2;5;17;A01
201000058831;0;7;0;0;2;5;1;A01
201000058831;0;7;0;0;2;1;1;B01
201000058832;0;7;0;0;2;8;15;B01
201000058832;0;7;0;12;2;2;17;A01
201000058833;0;1;0;0;2;0;19;B01
201000058833;0;7;0;0;9;1;1;A01
201000058834;0;7;0;0;2;6;1;A01
201000058834;0;7;0;0;2;1;1;B01
201000058835;0;7;0;0;0;0;16;A01
201000058835;0;33;0;0;0;7;16;B01
201000058836;0;7;0;0;2;1;15;A01
201000058836;0;7;0;0;2;8;1;B01
201000058837;0;7;0;1;0;2;10;A01
201000058837;0;10;0;0;0;2;24;B01
201000058838;0;7;0;0;1;4;4;A01
201000058839;0;7;0;0;2;2;0;B01
201000058839;0;7;0;0;2;2;1;A01
201000058840;0;37;15;0;0;0;1;B01
201000058840;0;7;0;0;0;0;1;A01
201000058841;0;7;0;0;9;1;1;A01
201000058841;0;33;0;15;2;1;1;B01
201000058842;0;32;0;0;2;0;1;B01
201000058842;0;7;0;0;9;6;11;A01
201000058843;0;7;0;0;2;2;15;A01
201000058843;0;30;0;0;2;1;1;B01
201000058844;0;7;0;0;2;3;1;B01
201000058844;0;7;0;0;2;1;15;A01
201000058845;0;7;0;0;2;5;1;A01
201000058845;0;33;0;0;2;1;1;B01
201000058846;0;7;0;0;1;1;1;A01
201000058847;0;7;0;0;9;2;1;B01
201000058847;0;1;0;0;2;1;1;A01
201000058848;0;1;0;0;1;0;0;A01
201000058849;0;3;0;0;2;1;2;A01
201000058849;0;7;0;0;2;4;1;B01
201000058850;0;30;0;12;0;0;0;A01
201000058851;0;10;0;0;2;3;1;A01
201000058851;0;7;0;0;2;2;20;B01
201000058852;0;10;0;8;2;6;1;B01
201000058852;0;10;0;0;2;1;1;A01
201000058853;0;10;0;0;1;1;1;A01
201000058854;0;1;0;0;2;7;1;B01
201000058854;0;10;0;0;2;1;1;A01
201000058855;0;33;0;0;2;1;2;B01
201000058855;0;10;0;0;2;3;20;A01
201000058856;0;10;0;0;2;1;1;B01
201000058856;0;10;0;0;2;1;1;A01
201000058857;0;10;0;0;2;3;15;A01
201000058857;0;31;0;0;2;7;1;B01
201000058858;0;7;0;0;1;4;20;A01
201000058859;0;7;0;0;2;3;15;A01
201000058859;0;33;0;0;2;1;1;B01
201000058860;0;7;0;1;2;8;1;B01
201000058860;0;7;0;0;2;1;1;A01
201000058861;0;31;0;0;2;0;1;B01
201000058861;0;7;0;0;2;7;5;A01
201000058862;0;7;0;9;0;1;1;A01
201000058863;0;1;0;0;2;8;19;B01
201000058863;0;10;0;0;2;8;16;A01
201000058864;0;7;0;0;2;2;2;A01
201000058864;0;30;0;0;2;4;1;B01
201000058865;0;1;0;0;2;1;19;B01
201000058865;0;7;0;0;2;1;15;A01
201000058866;0;10;0;0;1;2;1;A01
201000058867;0;7;0;0;2;4;23;B01
201000058867;0;7;0;0;2;1;1;A01
201000058868;0;40;1;0;2;2;1;B01
201000058868;0;10;0;0;4;1;15;A01
201000058868;0;10;0;0;2;3;1;C01
201000058869;0;34;0;0;1;1;1;A01
201000058870;0;33;0;0;0;0;1;B01
201000058870;0;10;0;0;0;0;15;A01
201000058871;0;7;0;0;1;1;1;A01
201000058872;0;7;0;1;0;2;1;B01
201000058872;0;7;0;0;2;8;24;A01
201000058873;0;7;0;8;0;7;1;A01
201000058874;0;10;0;0;2;3;1;B01
201000058874;0;30;0;0;2;7;1;A01
201000058875;0;7;0;0;1;1;1;A01
201000058876;0;7;0;0;2;4;23;C01
201000058876;0;7;0;0;2;1;2;A01
201000058876;0;7;0;0;2;5;23;B01
201000058877;0;1;0;0;1;1;1;A01
201000058878;0;7;0;0;2;2;23;C01
201000058878;0;7;0;0;2;3;23;B01
201000058878;0;30;0;1;2;2;18;A01
201000058879;0;1;0;1;0;1;1;B01
201000058879;0;10;0;0;2;8;22;A01