num_acc;senc;catv;occutc;obs;obsm;choc;manv;num_veh
201000058880;0;7;0;0;2;6;10;A01
201000058880;0;33;0;0;2;2;1;B01
201000058881;0;7;0;6;1;2;0;A01
201000058882;0;33;0;0;2;0;0;B01
201000058882;0;7;0;0;2;7;2;A01
201000058883;0;7;0;0;1;3;1;A01
201000058884;0;7;0;0;1;1;2;A01
201000058885;0;7;0;0;2;2;15;A01
201000058885;0;10;0;0;2;3;0;B01
201000058886;0;7;0;1;1;3;13;A01
201000058887;0;7;0;0;2;8;15;B01
201000058887;0;33;0;0;2;1;8;A01
201000058888;0;7;0;0;9;1;21;A01
201000058888;0;1;0;0;2;2;2;B01
201000058889;0;7;0;0;1;2;8;A01
201000058890;0;1;0;0;9;3;0;A01
201000058890;0;7;0;0;0;3;0;B01
201000058891;0;7;0;0;2;1;1;C01
201000058891;0;7;0;0;2;0;1;B01
201000058891;0;10;0;0;2;1;1;A01
201000058891;0;7;0;0;2;4;1;D01
201000058892;0;7;0;9;2;7;15;B01
201000058892;0;7;0;12;2;1;1;A01
201000058893;0;2;0;0;2;1;1;A01
201000058893;0;7;0;0;2;5;1;B01
201000058894;0;7;0;0;2;4;23;B01
201000058894;0;7;0;0;2;1;2;A01
201000058895;0;10;0;0;1;6;0;A01
201000058896;0;7;0;0;1;2;2;A01
201000058897;0;7;0;0;2;3;15;B01
201000058897;0;30;0;8;2;7;5;A01
201000058898;0;7;0;0;2;3;19;A01
201000058898;0;7;0;0;2;1;1;B01
201000058899;0;7;0;0;2;4;23;B01
201000058899;0;7;0;14;0;1;2;A01
201000058900;0;7;0;0;2;0;12;Z01
201000058900;0;2;0;0;2;3;1;A01
201000058901;0;7;0;0;2;1;1;A01
201000058901;0;7;0;0;2;8;1;B01
201000058902;2;7;0;0;2;1;1;A01
201000058902;0;7;0;1;0;8;1;B01
201000058903;0;7;0;0;2;1;2;B01
201000058904;0;7;0;7;0;1;1;A01
201000058905;0;7;0;0;2;4;1;B01
201000058905;0;30;0;0;2;1;1;A01
201000058906;0;7;0;0;2;3;23;B01
201000058906;0;33;0;14;0;0;1;A01
201000058907;0;1;0;1;0;1;1;B01
201000058907;0;7;0;0;9;8;22;A01
201000058908;0;7;0;0;2;2;15;A01
201000058908;0;7;0;0;2;1;19;B01
201000058909;0;7;0;0;1;1;21;A01
201000058910;0;7;0;0;1;1;2;A01
201000058911;0;7;0;0;2;2;1;A01
201000058911;0;7;0;0;2;3;1;B01
201000058912;0;7;0;0;0;2;17;A01
201000058912;0;7;0;0;0;3;15;B01
201000058913;0;7;0;0;2;8;19;A01
201000058913;0;7;0;0;0;1;1;B01
201000058914;0;7;0;0;1;1;2;A01
201000058915;1;7;0;0;2;3;2;Z01
201000058915;0;7;0;0;2;8;2;B01
201000058916;0;2;0;0;2;1;7;A01
201000058916;0;7;0;0;2;8;15;B01
201000058917;0;7;0;1;0;3;13;A01
201000058918;0;7;0;0;2;1;2;B01
201000058918;0;10;0;0;0;1;2;A01
201000058918;0;7;0;0;0;4;2;C01
201000058919;0;7;0;0;2;1;2;A01
201000058919;0;30;0;0;2;4;2;B01
201000058920;0;7;0;0;2;1;0;B01
201000058920;0;10;0;0;2;2;0;A01
201000058921;0;40;0;0;1;0;1;A01
201000058922;0;7;0;0;2;1;2;B01
201000058922;0;7;0;0;0;4;2;A01
201000058923;0;7;0;0;1;0;1;A01
201000058924;0;7;0;0;2;1;1;B01
201000058924;0;7;0;0;2;8;15;A01
201000058925;0;1;0;1;0;1;22;B01
201000058925;0;7;0;0;2;5;0;A01
201000058926;0;99;0;0;2;3;5;A01
201000058926;0;99;0;0;2;3;1;B01
201000058927;0;7;0;0;9;8;24;A01
201000058927;0;1;0;1;0;1;1;B01
201000058928;0;7;0;12;2;2;15;A01
201000058928;0;7;0;0;2;1;1;B01
201000058929;0;7;0;0;2;1;1;B01
201000058929;0;34;0;0;2;9;1;A01
201000058930;0;2;0;0;2;1;2;B01
201000058930;0;7;0;0;2;4;2;C01
201000058930;0;1;0;0;0;4;2;A01
201000058931;0;7;0;0;1;2;0;A01
201000058932;0;32;0;0;2;1;2;A01
201000058932;0;10;0;0;0;6;11;B01
201000058933;0;7;0;0;1;3;1;A01
201000058934;0;7;0;0;9;1;2;A01
201000058934;0;1;0;0;2;4;2;B01
201000058935;0;7;0;0;2;8;15;B01
201000058935;0;2;0;8;2;1;7;A01
201000058936;1;7;0;0;2;1;1;A01
201000058936;0;1;0;0;2;8;1;B01
201000058937;0;7;0;0;0;3;0;C01
201000058937;0;7;0;0;2;3;0;A01
201000058937;0;7;0;0;0;0;0;B01
201000058938;0;7;0;8;2;4;1;B01
201000058938;0;7;0;1;2;1;9;A01
201000058939;0;7;0;0;2;3;0;B01
201000058939;0;30;0;0;2;1;0;A01
201000058940;0;33;0;0;1;0;0;A01
201000058941;0;99;0;0;1;2;1;A01
201000058942;0;32;0;0;2;1;0;B01
201000058942;0;10;0;0;2;0;0;A01
201000058943;0;34;0;0;2;6;8;B01
201000058943;0;7;0;0;2;7;20;A01
201000058944;2;7;0;0;1;2;1;Z01
201000058945;0;7;0;0;2;8;1;B01
201000058945;0;34;0;0;2;1;1;A01
201000058946;0;7;0;0;2;8;13;B01
201000058946;0;32;0;0;2;7;0;A01
201000058947;0;7;0;0;1;6;4;A01
201000058948;0;33;0;0;1;1;1;A01
201000058949;0;7;0;0;1;1;1;A01
201000058950;0;1;0;0;2;1;0;B01
201000058950;0;7;0;0;9;5;16;A01
201000058951;0;10;0;0;0;0;0;B01
201000058951;0;10;0;0;2;1;0;A01
201000058952;0;7;0;0;1;1;1;A01
201000058953;0;1;0;0;2;1;0;B01
201000058953;0;7;0;0;9;1;0;A01
201000058954;0;7;0;0;9;1;0;B01
201000058954;0;1;0;0;2;7;0;A01
201000058955;0;7;0;0;1;1;1;A01
201000058956;0;7;0;0;2;8;22;A01
201000058956;0;1;0;1;2;1;22;B01
201000058957;0;7;0;0;1;1;15;A01
201000058958;0;7;0;1;2;3;15;A01
201000058958;0;33;0;0;2;1;7;B01
201000058959;0;33;0;0;2;8;23;B01
201000058959;0;7;0;0;2;2;21;A01
201000058960;0;7;0;0;2;6;16;B01
201000058960;0;33;0;0;2;1;2;A01
201000058961;0;7;0;0;1;5;1;A01
201000058962;0;7;0;0;2;3;19;B01
201000058962;0;33;0;0;2;1;19;A01
201000058963;0;7;0;0;2;1;2;A01
201000058964;0;7;0;0;1;1;1;A01
201000058965;0;7;0;0;0;4;0;B01
201000058965;0;7;0;0;2;1;2;A01
201000058966;0;7;0;0;2;9;2;A01
201000058966;0;7;0;0;0;4;2;B01
201000058967;0;7;0;0;0;4;23;D01
201000058967;0;7;0;0;2;4;2;B01
201000058967;0;10;0;0;2;4;2;C01
201000058967;0;7;0;0;2;1;2;A01
201000058968;0;7;0;0;1;1;0;A01
201000058969;0;7;0;0;0;0;13;B01
201000058969;0;7;0;8;2;2;15;A01
201000058970;0;33;0;0;2;9;1;B01
201000058970;0;7;0;0;2;3;1;A01
201000058971;0;7;0;0;2;2;1;A01
201000058971;0;1;0;0;2;1;1;B01
201000058972;0;7;0;8;0;1;1;A01
201000058973;0;7;0;1;0;9;1;A01
201000058974;1;7;0;0;0;0;0;Z01
201000058975;0;32;0;0;2;9;1;B01
201000058975;0;7;0;0;2;2;15;A01
201000058976;0;7;0;0;0;9;0;A01
201000058977;0;38;1;0;2;1;1;B01
201000058977;0;7;0;0;2;8;19;A01
201000058978;0;40;1;0;2;2;1;B01
201000058978;0;14;0;0;4;4;4;A01
201000058979;0;7;0;0;1;7;1;A01
201000058980;1;7;0;0;0;0;14;Z01
201000058980;0;1;0;0;0;7;1;B01
201000058981;0;34;0;0;2;1;9;A01
201000058981;0;37;1;0;2;8;1;B01
201000058982;0;7;0;0;2;2;9;B01
201000058982;0;32;0;0;2;3;1;A01
201000058983;0;7;0;0;2;4;2;B01
201000058983;0;7;0;0;2;1;2;A01
201000058984;0;2;0;0;2;1;5;A01
201000058984;0;7;0;0;2;8;1;B01
201000058985;0;1;0;0;2;3;0;A01
201000058985;0;10;0;0;9;2;1;B01
201000058986;2;7;0;0;2;1;1;A01
201000058986;0;7;0;0;2;7;15;B01
201000058987;0;7;0;0;1;1;1;A01
201000058988;0;30;0;0;2;1;16;B01
201000058988;0;7;0;0;2;2;15;A01
201000058989;1;7;0;0;0;0;0;A01
201000058989;0;2;0;0;2;1;0;B01
201000058990;0;7;0;0;1;1;1;A01
201000058991;0;7;0;0;1;4;4;A01
201000058992;1;1;0;0;2;3;0;A01
201000058992;1;10;0;0;9;3;0;Z01
201000058993;0;99;0;0;2;2;5;A01
201000058993;0;7;0;0;2;3;1;B01
201000058994;0;33;0;0;2;7;0;B01
201000058994;0;13;0;0;0;0;0;A01
201000058995;0;31;0;0;2;1;7;A01
201000058995;0;7;0;0;2;8;15;B01
201000058996;0;7;0;0;1;1;0;A01
201000058997;1;7;0;0;1;1;0;Z01
201000058998;1;7;0;0;0;1;0;Z01
201000058998;0;33;0;0;2;8;1;A01
201000058999;0;7;0;0;1;3;1;A01
201000059000;0;7;0;0;1;7;15;A01
201000059001;0;2;0;0;2;1;0;B01
201000059001;0;7;0;0;2;7;0;A01
201000059002;1;99;0;0;1;0;0;Z01
201000059003;0;7;0;0;0;6;6;A01
201000059003;0;10;0;0;2;1;0;B01
201000059004;0;30;0;0;2;1;0;B01
201000059004;0;7;0;0;2;2;15;A01
201000059005;0;7;0;0;1;0;1;A01
201000059006;0;7;0;0;2;6;20;A01
201000059006;0;2;0;0;2;1;1;B01
201000059007;0;30;0;0;0;9;0;A01
201000059008;0;7;0;0;2;5;16;B01
201000059008;0;30;0;0;2;6;16;A01
201000059009;0;33;0;0;1;1;2;A01
201000059010;0;7;0;0;2;1;15;A01
201000059010;0;33;0;0;2;1;1;B01
201000059011;0;3;0;0;2;7;8;A01
201000059011;0;34;0;0;2;3;15;B01
201000059012;0;30;0;0;1;1;8;A01
201000059013;0;10;0;0;0;0;0;A01
201000059013;0;10;0;1;0;0;0;B01
201000059014;0;7;0;1;0;1;0;A01
201000059015;0;7;0;8;0;1;14;A01
201000059016;0;2;0;0;2;7;1;B01
201000059016;1;10;0;0;0;0;0;A01
201000059017;0;2;0;0;1;1;7;A01
201000059018;0;7;0;0;1;1;0;A01
201000059019;0;10;0;0;0;0;0;A01
201000059020;0;7;0;0;2;3;15;A01
201000059020;0;32;0;0;2;0;1;B01
201000059021;0;7;0;0;1;1;1;A01
201000059022;0;13;0;4;0;1;17;A01
201000059022;0;7;0;14;0;1;17;B01
201000059023;0;7;0;0;0;4;2;B01
201000059023;0;14;0;3;2;4;2;A01
201000059024;0;15;0;0;2;2;12;A01
201000059024;0;7;0;0;2;8;1;B01
201000059025;0;7;0;9;0;3;1;A01
201000059026;0;7;0;0;2;3;1;B01
201000059026;0;7;0;3;2;2;18;A01
201000059027;0;7;0;0;2;1;1;A01
201000059027;0;7;0;0;2;2;1;B01
201000059028;0;33;0;0;0;7;16;A01
201000059029;0;7;0;13;0;2;17;A01
201000059030;0;7;0;0;0;4;1;A01
201000059030;0;7;0;0;2;1;1;B01
201000059030;1;7;0;0;0;0;1;C01
201000059031;0;7;0;15;0;4;1;A01
201000059032;0;7;0;0;2;3;12;A01
201000059032;0;10;0;4;2;2;21;B01
201000059033;0;10;0;13;0;8;0;A01
201000059034;0;7;0;0;9;7;1;B01
201000059034;0;7;0;0;9;1;1;A01
201000059035;0;15;0;4;0;1;0;A01
201000059036;0;7;0;4;0;1;1;A01
201000059036;1;7;0;0;0;0;0;Z01
201000059037;0;7;0;4;2;7;1;B01
201000059037;1;17;0;0;2;8;13;X01
201000059038;0;7;0;0;2;1;2;B01
201000059038;0;7;0;0;2;8;13;A01
201000059039;0;7;0;0;2;4;2;B01
201000059039;0;7;0;0;2;2;2;C01
201000059039;0;7;0;0;2;1;2;A01
201000059040;0;7;0;0;2;2;2;A01
201000059040;0;7;0;0;0;6;2;B01
201000059041;0;14;0;3;0;2;1;A01
201000059042;0;15;0;0;2;3;2;B01
201000059042;0;7;0;3;2;3;2;A01
201000059043;0;7;0;3;0;9;1;A01
201000059044;0;7;0;5;2;7;17;A01
201000059044;1;7;0;0;2;3;13;Z01
201000059045;0;7;0;0;2;4;2;B01
201000059045;0;7;0;0;2;1;2;A01
201000059046;0;7;0;0;2;1;9;A01
201000059046;0;7;0;0;0;5;9;B01
201000059047;0;7;0;0;0;5;2;B01
201000059047;0;7;0;0;2;3;2;A01
201000059048;0;7;0;4;0;3;13;A01
201000059049;0;10;0;0;0;5;2;B01
201000059049;0;7;0;0;2;3;2;A01
201000059050;0;7;0;4;2;3;13;A01
201000059050;0;7;0;4;2;2;17;B01
201000059051;0;14;0;3;0;1;1;A01
201000059051;0;7;0;0;9;0;5;B01
201000059052;0;7;0;3;0;7;14;A01
201000059053;0;7;0;4;0;1;1;A01
201000059054;0;7;0;0;0;5;12;A01
201000059054;0;7;0;0;2;6;0;B01
201000059055;0;10;0;4;0;1;1;A01
201000059056;0;7;0;0;2;4;2;B01
201000059056;0;7;0;0;2;1;2;C01
201000059056;0;7;0;0;2;1;2;A01
201000059057;0;7;0;0;2;4;1;B01
201000059057;0;7;0;0;0;1;2;A01
201000059058;0;33;0;3;0;7;1;A01
201000059059;0;7;0;0;2;1;17;A01
201000059059;0;7;0;0;0;6;17;B01
201000059060;1;7;0;0;2;1;2;A01
201000059060;0;7;0;0;0;4;1;B01
201000059061;0;15;0;0;2;6;1;B01
201000059061;0;7;0;0;2;1;1;A01
201000059062;0;7;0;4;0;3;1;A01
201000059063;0;99;0;16;0;2;1;A01
201000059064;0;7;0;4;0;1;2;A01
201000059065;0;7;0;1;0;1;2;A01
201000059065;0;7;0;1;0;4;2;C01
201000059065;0;7;0;0;2;4;2;B01
201000059065;0;7;0;0;0;4;2;E01
201000059065;0;7;0;1;0;1;2;D01
201000059066;0;7;0;0;0;4;2;C01
201000059066;0;17;0;0;2;2;11;A01
201000059066;0;10;0;0;2;4;2;B01
201000059067;0;33;0;0;2;7;1;B01
201000059067;0;17;0;0;0;8;11;A01
201000059068;0;7;0;0;0;5;2;A01
201000059068;0;33;0;0;2;1;2;B01
201000059069;0;7;0;3;0;1;19;A01
201000059069;0;7;0;0;2;1;1;B01
201000059070;0;7;0;0;2;1;9;A01
201000059070;0;15;0;0;2;2;2;B01
201000059071;0;7;0;0;2;1;2;A01
201000059071;0;7;0;0;0;4;2;B01
201000059072;0;15;0;0;0;6;2;B01
201000059072;0;17;0;0;2;2;21;A01
201000059073;0;14;0;0;2;6;11;A01
201000059073;0;33;0;0;2;7;21;B01
201000059074;0;7;0;13;0;2;1;A01
201000059075;0;7;0;0;2;1;2;B01
201000059075;0;10;0;0;2;4;2;A01
201000059076;0;10;0;4;0;1;1;A01
201000059076;1;7;0;0;0;0;1;Z01
201000059077;0;7;0;0;2;1;1;A01
201000059077;0;7;0;0;2;4;1;B01
201000059078;0;7;0;0;2;1;2;A01
201000059078;0;7;0;0;2;4;2;B01
201000059079;0;10;0;3;0;2;12;A01
201000059079;0;7;0;0;0;0;21;B01
201000059080;0;17;0;3;0;3;1;A01
201000059080;0;7;0;0;9;1;1;B01
201000059081;0;7;0;14;0;3;1;B01
201000059081;0;17;0;4;0;2;1;A01
201000059082;0;7;0;5;0;1;11;A01
201000059083;0;7;0;6;0;2;14;A01
201000059083;0;7;0;0;2;5;1;B01
201000059084;0;7;0;0;2;8;1;B01
201000059084;0;7;0;0;2;7;12;A01
201000059085;0;7;0;0;2;7;12;B01
201000059085;0;34;0;0;2;1;3;A01
201000059085;0;7;0;0;0;4;2;C01
201000059086;0;33;0;0;2;4;2;B01
201000059086;0;7;0;0;2;4;2;C01
201000059086;0;7;0;0;2;1;2;A01
201000059087;0;7;0;0;2;4;2;B01
201000059087;0;7;0;0;2;4;2;C01
201000059087;0;7;0;0;2;1;2;A01
201000059088;0;7;0;3;0;1;2;A01
201000059089;0;7;0;3;0;8;12;A01
201000059090;0;7;0;0;0;6;2;B01
201000059090;0;7;0;0;2;2;2;A01
201000059091;0;7;0;0;0;4;2;C01
201000059091;0;7;0;0;0;4;2;B01
201000059091;0;7;0;0;2;1;2;A01
201000059092;0;7;0;4;0;8;1;A01
201000059093;1;7;0;0;0;0;18;Z01
201000059093;0;7;0;4;2;1;12;A01
201000059093;0;7;0;0;2;1;21;B01
201000059094;0;7;0;0;2;1;1;A01
201000059094;0;7;0;0;0;4;2;B01
201000059095;0;7;0;0;2;1;14;A01
201000059095;0;7;0;4;2;8;1;B01
201000059095;0;7;0;4;2;1;21;D01
201000059095;0;7;0;0;9;0;21;C01
201000059095;0;7;0;4;2;3;21;E01
201000059096;0;10;0;4;0;3;1;A01
201000059096;0;7;0;0;2;1;1;B01
201000059096;0;7;0;0;2;1;1;C01
201000059096;0;10;0;0;2;1;1;D01
201000059097;0;7;0;0;2;1;1;A01
201000059097;0;7;0;0;2;4;23;B01
201000059097;0;7;0;0;2;4;23;C01
201000059098;0;7;0;4;0;1;1;A01
201000059099;0;7;0;3;2;4;23;B01
201000059099;0;7;0;0;0;6;23;D01
201000059099;0;17;0;0;2;1;2;A01
201000059099;0;7;0;0;2;4;23;C01
201000059100;0;7;0;4;0;1;1;A01
201000059101;0;7;0;4;0;1;2;A01
201000059102;0;7;0;4;0;1;0;A01
201000059103;0;7;0;0;2;4;23;B01
201000059103;0;7;0;0;0;4;23;C01
201000059103;0;7;0;0;2;1;2;A01
201000059104;0;33;0;3;0;7;2;A01
201000059105;0;7;0;0;2;4;2;B01
201000059105;0;7;0;0;0;4;2;D01
201000059105;0;7;0;0;2;4;2;C01
201000059105;0;10;0;0;2;1;2;A01
201000059106;0;7;0;0;9;2;15;A01
201000059107;0;7;0;0;2;4;2;B01
201000059107;0;7;0;0;2;4;2;C01
201000059107;0;7;0;0;2;1;2;A01
201000059108;0;7;0;0;2;6;1;B01
201000059108;0;15;0;0;2;2;12;A01
201000059109;0;7;0;4;0;3;11;A01
201000059110;0;7;0;0;2;4;2;C01
201000059110;0;7;0;0;2;8;2;B01
201000059110;0;7;0;0;2;2;2;A01
201000059111;0;7;0;4;0;2;2;A01
201000059112;0;7;0;0;2;1;9;A01
201000059112;0;7;0;0;2;4;1;C01
201000059112;0;7;0;0;2;1;1;D01
201000059112;0;7;0;0;2;4;1;B01
201000059113;0;7;0;0;0;6;1;B01
201000059113;1;10;0;0;2;2;3;A01
201000059114;0;7;0;4;2;3;2;A01
201000059114;0;7;0;4;2;6;2;B01
201000059115;0;7;0;4;0;1;1;A01
201000059116;0;7;0;0;0;8;1;A01
201000059117;0;7;0;0;2;7;1;B01
201000059117;0;7;0;0;2;8;13;A01
201000059118;0;15;0;3;0;1;2;A01
201000059119;0;7;0;4;0;3;17;A01
201000059120;0;7;0;0;2;1;1;B01
201000059120;0;7;0;3;0;6;12;A01
201000059120;0;7;0;0;2;4;1;D01
201000059120;0;7;0;0;2;4;1;C01
201000059121;0;7;0;0;0;4;2;C01
201000059121;0;7;0;0;2;1;2;A01
201000059121;0;7;0;0;2;4;2;B01
201000059122;0;10;0;0;2;1;14;A01
201000059122;0;38;1;0;0;0;2;B01
201000059123;0;15;0;13;0;2;1;A01
201000059124;0;7;0;4;2;1;17;A01
201000059124;0;10;0;0;2;6;1;B01
201000059125;0;7;0;3;2;1;0;A01
201000059125;0;7;0;0;0;4;1;B01
201000059126;0;7;0;4;2;5;2;B01
201000059126;0;7;0;0;2;3;11;A01
201000059127;0;31;0;0;0;7;2;A01
201000059128;0;15;0;0;0;4;2;B01
201000059128;0;7;0;0;2;1;2;A01
201000059129;0;7;0;0;2;1;1;B01
201000059129;0;7;0;3;2;2;11;A01
201000059130;0;7;0;0;0;0;1;A01
201000059131;0;7;0;0;2;4;2;E01
201000059131;0;7;0;0;2;4;2;F02
201000059131;0;7;0;0;2;4;2;D01
201000059131;0;7;0;0;2;4;2;C01
201000059131;0;7;0;0;2;4;2;B01
201000059131;0;15;0;0;2;2;2;A01
201000059132;0;7;0;0;2;1;2;A01
201000059132;0;7;0;0;0;4;2;C01
201000059132;0;7;0;0;2;4;2;B01
201000059133;0;7;0;4;0;4;1;A01
201000059134;0;7;0;3;0;1;1;A01
201000059135;0;7;0;3;0;6;13;A01
201000059136;0;17;0;0;2;2;1;B01
201000059136;0;10;0;3;2;6;1;A01
201000059137;0;7;0;3;0;6;1;B01
201000059137;1;99;0;0;2;0;3;Z01
201000059138;0;7;0;0;2;6;11;A01
201000059138;0;7;0;0;2;6;1;C01
201000059138;0;7;0;0;2;2;1;B01
201000059139;0;7;0;0;2;6;2;B01
201000059139;0;7;0;0;2;2;2;A01
201000059140;0;17;0;0;2;2;17;A01
201000059140;0;7;0;0;9;3;1;C01
201000059140;0;17;0;0;2;6;1;B01
201000059141;0;7;0;0;2;4;2;B01
201000059141;0;7;0;0;2;1;2;A01
201000059142;0;7;0;1;0;7;11;A01
201000059142;0;10;0;0;0;5;24;B01
201000059143;0;7;0;4;2;2;1;A01
201000059143;0;7;0;4;2;8;1;B01
201000059144;0;17;0;0;2;2;12;A01
201000059144;0;7;0;0;2;6;1;B01
201000059145;0;17;0;0;2;1;2;A01
201000059145;0;15;0;0;2;4;2;B01
201000059146;0;15;0;0;2;1;2;A01
201000059146;0;7;0;0;0;4;2;B01
201000059147;0;7;0;0;2;5;0;B01
201000059147;0;7;0;0;2;2;0;A01
201000059148;0;15;0;3;0;3;6;A01
201000059148;0;7;0;3;0;3;17;B01
201000059149;0;7;0;0;1;3;21;A01
201000059150;0;7;0;5;0;8;1;A01
201000059151;0;7;0;4;2;3;1;A01
201000059151;0;7;0;0;2;2;1;B01
201000059152;0;7;0;0;0;9;1;A01
201000059153;0;7;0;4;0;8;1;A01
201000059154;0;7;0;4;0;1;13;A01
201000059155;0;10;0;4;0;3;13;A01
201000059156;0;7;0;4;0;1;21;A01
201000059157;0;7;0;4;0;1;12;A01
201000059158;0;7;0;0;2;7;13;A01
201000059158;0;7;0;0;2;1;1;B01
201000059159;0;10;0;0;2;6;11;B01
201000059159;0;33;0;0;2;2;11;A01
201000059160;0;7;0;0;2;8;11;A01
201000059160;0;14;0;0;2;7;1;B01
201000059161;0;10;0;4;2;3;1;B01
201000059161;0;7;0;12;2;3;13;A01
201000059162;0;7;0;0;2;1;2;A01
201000059162;0;7;0;0;0;4;2;C01
201000059162;0;7;0;0;2;4;2;B01
201000059163;0;10;0;4;2;1;3;A01
201000059163;0;10;0;0;0;8;2;B01
201000059164;0;15;0;0;2;1;2;A01
201000059164;0;15;0;0;0;4;2;B01
201000059165;0;7;0;0;2;1;2;B01
201000059165;0;7;0;0;2;1;2;A01
201000059165;0;7;0;0;2;4;2;C01
201000059166;0;7;0;0;0;3;0;A01
201000059167;0;7;0;4;2;6;1;B01
201000059167;1;7;0;0;2;2;1;A01
201000059168;0;7;0;4;2;7;14;A01
201000059168;0;10;0;0;2;8;1;B01
201000059169;0;33;0;0;0;7;1;A01
201000059170;0;33;0;0;2;1;2;B01
201000059170;0;7;0;0;2;6;11;A01
201000059171;0;7;0;0;2;2;0;A01
201000059171;0;15;0;0;0;8;1;B01
201000059172;0;7;0;0;2;6;9;A01
201000059172;0;15;0;0;2;2;1;B01
201000059173;0;7;0;4;0;3;1;A01
201000059174;0;7;0;4;2;3;21;A01
201000059174;0;7;0;0;2;7;1;B01
201000059175;0;7;0;0;2;1;1;B01
201000059175;0;7;0;0;0;8;1;A01
201000059176;0;7;0;0;0;4;1;B01
201000059176;0;7;0;0;2;1;2;A01
201000059177;0;7;0;0;0;4;2;C01
201000059177;0;7;0;0;0;4;2;B01
201000059177;0;7;0;0;2;1;2;A01
201000059178;0;7;0;0;2;4;2;B01
201000059178;0;7;0;0;2;1;2;A01
201000059179;0;7;0;0;0;0;0;A01
201000059179;0;33;0;4;0;0;0;B01
201000059180;0;33;0;0;0;7;1;A01
201000059181;0;17;0;0;2;2;0;B01
201000059181;0;7;0;4;2;5;0;A01
201000059182;0;7;0;0;2;6;2;C01
201000059182;0;7;0;0;2;4;2;B01
201000059182;0;7;0;0;2;3;2;A01
201000059183;0;7;0;0;0;5;5;A01
201000059183;0;7;0;0;2;2;21;B01
201000059184;0;7;0;0;2;2;2;A01
201000059184;0;32;0;0;2;9;2;B01
201000059184;0;7;0;0;2;5;2;C01
201000059185;0;17;0;4;0;3;13;A01
201000059186;0;7;0;4;0;0;0;A01
201000059187;0;17;0;0;2;1;0;A01
201000059187;0;10;0;0;0;4;2;B01
201000059188;0;7;0;12;0;3;13;A01
201000059189;0;7;0;4;0;3;13;A01
201000059190;0;7;0;0;0;0;2;A01
201000059190;1;17;0;0;0;2;12;Z01
201000059191;0;7;0;0;2;2;2;A01
201000059191;0;7;0;0;0;6;2;B01
201000059192;0;7;0;4;2;2;17;A01
201000059192;0;7;0;4;2;6;2;B01
201000059193;0;7;0;0;2;2;1;A01
201000059193;0;7;0;0;0;4;1;B01
201000059194;0;15;0;0;2;2;23;B01
201000059194;0;7;0;0;2;6;1;A01
201000059195;0;16;0;0;2;2;12;A01
201000059195;0;7;0;4;0;8;1;B01
201000059196;0;10;0;0;2;1;1;B01
201000059196;0;7;0;0;2;1;0;C01
201000059196;0;10;0;0;2;0;0;A01
201000059197;0;14;0;0;1;7;2;A01
201000059198;0;7;0;0;2;4;2;B01
201000059198;0;7;0;0;0;4;2;C01
201000059198;0;7;0;0;2;1;1;A01
201000059199;0;7;0;0;2;3;2;A01
201000059199;0;7;0;0;2;5;2;B01
201000059200;0;14;0;0;2;1;2;A01
201000059200;0;7;0;0;2;4;2;B01
201000059201;0;7;0;6;2;4;2;B01
201000059201;0;7;0;0;2;1;2;A01
201000059201;0;7;0;0;2;4;2;C01
201000059202;0;33;0;3;0;8;1;A01
201000059203;0;7;0;0;0;4;2;B01
201000059203;0;7;0;0;2;1;2;A01
201000059204;0;7;0;0;2;2;1;A01
201000059204;0;17;0;0;0;6;1;B01
201000059205;0;7;0;4;2;1;9;A01
201000059205;0;7;0;0;2;4;21;B01
201000059205;0;7;0;0;2;3;21;C01
201000059206;0;7;0;0;2;5;1;B01
201000059206;0;7;0;0;9;3;11;A01
201000059207;0;7;0;0;0;1;13;A01
201000059207;0;7;0;0;2;1;1;B01
201000059208;0;7;0;4;0;3;2;B01
201000059208;1;7;0;0;0;0;0;Z01
201000059209;0;7;0;0;2;3;2;A01
201000059209;0;7;0;0;2;4;2;B01
201000059210;0;7;0;3;0;1;0;A01
201000059211;0;17;0;0;2;2;12;A01
201000059211;0;7;0;0;0;6;1;B01
201000059212;0;7;0;0;2;1;2;A01
201000059212;0;7;0;0;0;4;2;C01
201000059212;0;7;0;0;2;4;2;B01
201000059213;0;17;0;0;0;8;1;B01
201000059213;0;10;0;4;2;2;17;A01
201000059214;0;7;0;4;0;3;2;A01
201000059215;0;7;0;0;2;1;1;A01
201000059215;0;7;0;0;0;8;1;B01
201000059216;0;7;0;0;0;5;1;B01
201000059216;0;7;0;0;2;1;2;A01
201000059217;0;7;0;4;0;1;1;A01
201000059218;0;7;0;4;0;3;1;A01
201000059219;0;7;0;0;2;5;1;B01
201000059219;0;10;0;0;2;3;11;A01
201000059219;0;7;0;0;0;4;1;C01
201000059220;0;10;0;0;2;1;1;A01
201000059220;0;10;0;0;2;1;2;B01
201000059221;0;7;0;0;2;1;3;B01
201000059221;0;7;0;0;2;1;5;A01
201000059222;0;7;0;0;2;1;2;A01
201000059222;0;7;0;0;0;4;2;B01
201000059223;0;7;0;0;2;4;2;C01
201000059223;0;7;0;0;2;1;2;A01
201000059223;0;7;0;0;2;4;2;B01
201000059224;0;7;0;0;0;6;2;B01
201000059224;0;7;0;0;2;2;21;A01
201000059225;0;7;0;0;0;4;2;B01
201000059225;0;7;0;0;2;1;2;A01
201000059226;0;7;0;0;0;9;0;A01
201000059227;0;7;0;0;2;1;2;A01