num_acc;senc;catv;occutc;obs;obsm;choc;manv;num_veh
201000059227;0;7;0;0;0;4;2;B01
201000059228;0;7;0;0;2;2;2;B01
201000059228;0;7;0;0;2;9;12;A01
201000059229;0;7;0;0;2;8;1;B01
201000059229;0;14;0;0;2;2;12;A01
201000059230;0;7;0;0;0;4;0;B01
201000059230;0;7;0;0;2;1;0;A01
201000059231;0;7;0;3;0;7;2;A01
201000059232;0;33;0;0;2;4;23;C01
201000059232;0;10;0;0;2;9;23;B01
201000059232;0;7;0;0;2;1;2;A01
201000059233;0;7;0;0;0;6;1;B01
201000059233;0;7;0;0;2;2;17;A01
201000059234;0;7;0;4;0;2;1;A01
201000059235;0;7;0;4;0;0;1;A01
201000059236;0;7;0;0;0;6;1;B01
201000059236;0;33;0;0;2;1;21;A01
201000059237;0;7;0;0;2;1;1;B01
201000059237;0;7;0;0;2;2;9;A01
201000059238;0;15;0;0;2;2;12;A01
201000059238;0;7;0;0;0;6;1;B01
201000059239;0;7;0;0;2;1;2;A01
201000059239;0;7;0;0;0;4;1;B01
201000059240;0;7;0;0;2;6;2;B01
201000059240;1;7;0;0;0;0;23;C01
201000059240;0;32;0;0;2;1;2;A01
201000059241;0;15;0;0;2;2;9;A01
201000059241;0;7;0;0;0;6;2;B01
201000059242;0;7;0;0;2;1;21;C01
201000059242;0;7;0;0;2;2;21;A01
201000059242;0;17;0;0;2;6;11;B01
201000059243;0;7;0;3;0;9;13;A01
201000059244;0;7;0;0;2;4;1;B01
201000059244;1;7;0;0;2;2;12;Z01
201000059244;0;7;0;0;2;1;1;C01
201000059245;0;33;0;0;2;1;11;A01
201000059245;0;7;0;0;0;5;0;B01
201000059246;0;7;0;0;2;4;2;E01
201000059246;0;7;0;0;0;4;2;F01
201000059246;0;7;0;0;2;4;2;D01
201000059246;0;7;0;0;2;1;2;A02
201000059246;0;10;0;0;2;1;2;C01
201000059246;0;7;0;0;2;4;2;B01
201000059247;0;33;0;0;2;1;2;A01
201000059247;0;7;0;0;0;5;1;B01
201000059248;0;7;0;0;0;9;0;A01
201000059249;0;7;0;4;2;4;1;A01
201000059249;1;10;0;0;2;1;2;Z01
201000059250;0;7;0;0;0;0;2;A01
201000059251;0;7;0;0;2;2;21;B01
201000059251;0;7;0;4;0;3;21;A01
201000059252;0;10;0;0;1;7;2;A01
201000059253;0;10;0;0;2;7;17;C01
201000059253;0;7;0;4;2;9;9;A01
201000059253;0;37;8;0;2;2;1;B01
201000059254;0;10;0;0;0;8;0;A01
201000059255;0;7;0;4;0;0;0;A01
201000059256;0;10;0;4;0;1;1;A01
201000059257;0;15;0;0;2;4;2;B01
201000059257;0;10;0;0;2;1;2;A01
201000059258;0;7;0;0;0;4;1;B01
201000059258;0;7;0;0;2;1;1;A01
201000059259;0;7;0;4;0;1;9;A01
201000059260;0;7;0;0;2;3;9;A01
201000059260;0;17;0;0;2;2;1;B01
201000059260;0;7;0;3;2;7;1;C01
201000059261;0;7;0;0;1;2;21;A01
201000059262;0;7;0;0;2;6;0;B01
201000059262;0;17;0;0;2;2;12;A01
201000059262;0;7;0;0;2;1;17;C01
201000059263;0;10;0;0;2;1;1;A01
201000059263;0;10;0;0;0;7;1;B01
201000059264;0;7;0;0;2;1;1;A01
201000059264;0;7;0;0;2;3;1;B01
201000059265;0;7;0;0;2;6;0;B01
201000059265;0;7;0;0;2;2;2;A01
201000059265;0;7;0;0;2;5;0;C01
201000059266;0;33;0;0;0;7;1;A01
201000059267;0;7;0;0;0;7;1;A01
201000059268;0;7;0;0;0;4;0;B01
201000059268;0;7;0;0;2;1;11;A01
201000059269;0;33;0;0;2;7;21;A01
201000059270;0;32;0;0;0;0;1;A01
201000059271;0;7;0;4;0;8;14;A01
201000059272;0;7;0;0;2;4;2;C01
201000059272;0;7;0;0;2;4;2;B01
201000059272;0;7;0;0;2;1;2;A01
201000059273;0;7;0;0;2;2;12;A01
201000059273;0;17;0;0;2;3;0;B01
201000059274;0;7;0;4;0;4;2;B01
201000059274;0;7;0;4;2;1;18;A01
201000059275;0;10;0;0;2;1;0;A01
201000059275;0;15;0;0;0;6;2;B01
201000059276;0;10;0;0;2;4;2;C01
201000059276;0;7;0;0;2;4;2;B01
201000059276;0;7;0;0;2;4;2;D01
201000059276;0;10;0;0;2;1;2;A01
201000059277;0;33;0;0;0;1;11;A01
201000059278;0;7;0;4;0;1;21;A01
201000059279;0;10;0;0;2;1;2;A01
201000059279;0;10;0;0;0;4;2;B01
201000059280;0;7;0;0;2;1;2;A01
201000059280;0;7;0;0;2;4;2;B01
201000059281;0;7;0;4;0;1;16;A01
201000059282;0;7;0;4;0;3;2;A01
201000059283;0;7;0;3;0;8;21;A01
201000059284;0;7;0;13;0;1;17;A01
201000059285;0;7;0;4;0;2;0;A01
201000059286;0;7;0;4;0;9;14;A01
201000059287;0;7;0;4;0;1;0;A01
201000059288;0;33;0;0;0;5;2;B01
201000059288;0;33;0;7;2;1;1;A01
201000059289;0;7;0;0;0;4;2;B01
201000059289;0;7;0;0;2;1;2;A01
201000059290;0;7;0;4;0;2;1;A01
201000059291;0;10;0;0;0;4;1;B01
201000059291;0;10;0;0;9;1;0;A01
201000059292;0;7;0;0;2;1;2;A01
201000059292;0;7;0;0;0;4;2;C01
201000059292;0;7;0;0;2;4;2;B01
201000059293;0;33;0;12;2;1;17;A01
201000059293;0;7;0;0;0;6;2;B01
201000059294;0;7;0;3;0;9;2;A01
201000059294;0;7;0;14;0;1;17;D01
201000059294;0;7;0;14;0;1;17;C01
201000059294;0;7;0;14;0;1;2;B01
201000059295;0;7;0;0;2;4;2;B01
201000059295;0;10;0;4;2;3;11;A01
201000059296;0;15;0;0;2;4;2;B01
201000059296;0;10;0;0;2;1;2;A01
201000059297;0;7;0;0;0;4;2;B01
201000059297;0;10;0;0;2;2;2;A01
201000059298;0;10;0;13;0;3;0;A01
201000059299;0;7;0;4;2;8;1;B01
201000059299;0;15;0;0;2;2;12;A01
201000059300;0;17;0;4;0;1;1;A01
201000059301;0;7;0;4;0;1;16;A01
201000059302;0;7;0;4;0;1;17;A01
201000059303;0;7;0;4;0;1;16;A01
201000059304;0;7;0;0;1;2;1;A01
201000059305;0;7;0;2;0;8;21;A01
201000059306;0;10;0;0;2;1;2;A01
201000059306;0;7;0;0;0;4;2;B01
201000059307;0;7;0;4;0;2;1;A01
201000059308;0;7;0;4;0;1;1;A01
201000059309;0;7;0;0;2;6;1;B01
201000059309;0;31;0;0;2;1;2;A01
201000059310;0;7;0;4;0;1;15;A01
201000059311;0;7;0;13;0;7;1;A01
201000059312;0;7;0;0;2;3;1;A01
201000059312;0;7;0;0;0;5;2;B01
201000059313;0;7;0;0;2;2;2;A01
201000059313;0;7;0;3;2;4;2;B01
201000059314;0;7;0;0;2;2;1;A01
201000059314;0;7;0;0;2;8;1;B01
201000059315;0;7;0;0;2;1;1;A01
201000059315;0;7;0;0;0;4;1;B01
201000059316;0;7;0;3;0;3;0;A01
201000059317;0;7;0;0;2;2;1;A01
201000059317;0;7;0;0;2;4;2;B01
201000059318;0;14;0;0;2;2;12;A01
201000059318;0;14;0;0;2;3;1;C01
201000059318;0;7;0;4;2;6;1;B01
201000059319;0;7;0;0;2;1;23;A01
201000059319;1;7;0;0;0;0;4;Z01
201000059320;0;7;0;0;2;3;2;A01
201000059320;0;7;0;0;2;5;2;B01
201000059321;0;31;0;0;0;2;1;A01
201000059322;0;7;0;0;2;1;5;A01
201000059322;0;7;0;0;2;1;1;B01
201000059323;0;7;0;0;2;6;2;B01
201000059323;0;7;0;0;2;2;2;A01
201000059324;0;7;0;0;0;1;2;A01
201000059324;0;7;0;0;0;6;2;B01
201000059325;0;33;0;0;2;5;1;B01
201000059325;0;7;0;0;9;3;9;A01
201000059326;0;7;0;0;2;4;1;B01
201000059326;0;33;0;4;2;1;1;A01
201000059327;0;7;0;0;2;4;1;C01
201000059327;0;7;0;0;2;3;2;B01
201000059327;0;33;0;3;0;1;17;A01
201000059328;0;7;0;4;0;2;21;A01
201000059329;0;17;0;0;2;1;1;B01
201000059329;0;10;0;0;2;7;1;A01
201000059330;0;7;0;4;0;3;13;A01
201000059331;0;7;0;0;2;2;1;B01
201000059331;0;7;0;4;2;6;18;A01
201000059332;0;7;0;3;2;2;17;A01
201000059332;0;10;0;4;2;3;1;B01
201000059333;0;15;0;0;0;4;2;B01
201000059333;0;7;0;14;2;1;21;A01
201000059333;0;17;0;0;2;3;0;C01
201000059334;0;10;0;0;2;4;2;B01
201000059334;0;7;0;0;2;1;2;A01
201000059335;0;14;0;13;0;1;1;A01
201000059336;0;15;0;0;2;3;2;A02
201000059336;0;7;0;0;2;4;23;G01
201000059336;0;7;0;4;2;4;23;B02
201000059336;0;7;0;0;2;4;23;C01
201000059336;0;7;0;0;2;4;23;F01
201000059336;0;15;0;0;2;5;23;E01
201000059336;0;7;0;0;2;4;23;D01
201000059337;0;7;0;4;0;2;21;A01
201000059338;0;7;0;0;2;1;2;A01
201000059338;0;7;0;0;0;4;2;C01
201000059338;0;7;0;0;2;4;2;B01
201000059339;0;7;0;0;2;8;21;A01
201000059339;0;7;0;4;2;2;1;B01
201000059340;0;17;0;0;2;4;2;B01
201000059340;0;7;0;0;2;1;2;A01
201000059341;0;33;0;0;0;7;14;A01
201000059342;0;14;0;0;2;4;2;E01
201000059342;0;7;0;0;2;4;2;D01
201000059342;0;17;0;0;2;1;1;A01
201000059342;0;7;0;0;2;4;2;B01
201000059342;0;7;0;0;2;4;2;C01
201000059343;0;33;0;0;2;3;3;B01
201000059343;0;7;0;0;2;7;12;A01
201000059344;0;7;0;0;2;2;2;D01
201000059344;0;10;0;0;0;5;2;B01
201000059344;0;7;0;0;2;3;2;A01
201000059344;0;7;0;0;2;1;2;C01
201000059345;0;7;0;0;2;3;1;B01
201000059345;0;7;0;4;2;3;9;A01
201000059346;0;7;0;0;0;2;1;A01
201000059347;0;7;0;4;0;3;2;A01
201000059348;0;7;0;13;0;1;14;A01
201000059349;0;7;0;0;2;1;2;A01
201000059349;0;7;0;0;0;4;2;B01
201000059350;0;7;0;4;0;3;13;A01
201000059351;0;10;0;0;2;8;9;A01
201000059351;0;17;0;0;2;1;2;B01
201000059352;0;14;0;0;2;1;1;A01
201000059352;0;10;0;0;0;4;2;C01
201000059352;0;17;0;0;2;4;2;B01
201000059353;0;7;0;0;0;4;2;C01
201000059353;0;7;0;0;2;4;2;B01
201000059353;0;7;0;0;2;1;2;A01
201000059354;0;33;0;3;2;1;2;A01
201000059354;0;7;0;0;2;5;23;B01
201000059355;0;7;0;0;2;8;11;A01
201000059355;0;7;0;4;2;7;1;B01
201000059356;1;99;0;0;2;0;0;Z01
201000059356;0;7;0;4;0;4;1;A01
201000059357;0;7;0;0;0;8;0;C01
201000059357;0;7;0;8;0;5;2;B01
201000059357;0;7;0;0;2;3;2;A01
201000059358;0;10;0;2;0;1;2;A01
201000059359;0;17;0;0;0;4;2;B01
201000059359;0;7;0;0;2;1;2;A01
201000059360;0;13;0;0;0;5;1;B01
201000059360;0;31;0;0;2;3;11;A01
201000059361;0;7;0;0;0;6;2;B01
201000059361;0;33;0;0;2;1;2;A01
201000059362;0;7;0;0;2;4;2;B01
201000059362;0;7;0;0;2;5;2;C01
201000059362;0;10;0;0;2;1;2;A01
201000059363;0;10;0;0;2;5;2;C01
201000059363;0;10;0;0;0;0;2;A01
201000059363;0;33;0;0;2;1;2;B01
201000059364;0;15;0;4;0;1;1;A01
201000059365;0;7;0;0;0;6;1;B01
201000059365;0;7;0;3;2;2;14;A01
201000059366;0;7;0;4;0;3;0;A01
201000059367;0;7;0;0;2;1;2;A01
201000059367;0;7;0;0;0;4;1;B01
201000059368;0;17;0;0;0;2;13;A01
201000059369;0;7;0;0;2;4;2;C01
201000059369;0;10;0;0;2;4;2;B01
201000059369;0;7;0;0;2;1;2;A01
201000059370;0;14;0;0;2;1;2;A01
201000059370;0;17;0;0;2;4;2;B01
201000059371;0;15;0;0;2;2;12;A01
201000059371;0;7;0;0;2;8;1;B01
201000059372;0;7;0;0;2;4;2;B01
201000059372;0;7;0;0;2;4;2;C01
201000059372;0;14;0;0;2;1;2;A01
201000059372;0;7;0;0;2;4;2;D01
201000059373;0;7;0;0;2;5;1;B01
201000059373;0;7;0;15;0;3;1;C01
201000059373;1;7;0;0;2;8;11;Z01
201000059374;0;14;0;0;2;2;14;A01
201000059374;0;7;0;0;2;9;0;B01
201000059375;0;33;0;0;2;1;2;A01
201000059375;0;10;0;0;0;4;2;B01
201000059376;0;7;0;0;0;4;2;B01
201000059376;0;7;0;0;2;1;1;A01
201000059377;0;7;0;8;0;9;21;A01
201000059378;0;10;0;4;0;1;1;A01
201000059379;0;7;0;4;0;3;11;A01
201000059380;0;7;0;4;0;1;0;A01
201000059381;0;10;0;0;2;1;2;A01
201000059381;0;7;0;0;0;4;2;B01
201000059382;0;32;0;0;0;7;2;A01
201000059383;0;7;0;4;0;7;0;A01
201000059384;0;7;0;0;2;3;13;A01
201000059384;0;33;0;0;2;2;1;B01
201000059385;0;7;0;4;2;3;21;A01
201000059386;0;7;0;4;0;2;21;A01
201000059387;0;7;0;0;2;4;2;B01
201000059387;0;15;0;4;2;1;1;A01
201000059387;0;7;0;0;2;4;2;C01
201000059388;0;33;0;0;2;1;0;B01
201000059388;0;7;0;0;9;5;0;A01
201000059389;0;7;0;0;2;1;2;B01
201000059389;0;7;0;0;2;1;2;D01
201000059389;0;7;0;0;2;1;2;C01
201000059389;0;7;0;4;0;2;14;A01
201000059390;0;34;0;0;0;7;1;A01
201000059391;0;7;0;0;2;5;9;B01
201000059391;0;33;0;0;2;3;1;A01
201000059392;0;7;0;0;2;1;2;A01
201000059392;0;7;0;0;0;4;2;B01
201000059393;0;7;0;0;0;1;2;A01
201000059393;0;7;0;0;0;4;1;B01
201000059394;0;33;0;0;0;4;2;B01
201000059394;0;7;0;0;2;2;2;A01
201000059395;0;7;0;0;2;4;2;B01
201000059395;0;7;0;0;2;1;2;A01
201000059395;0;7;0;0;0;4;2;D01
201000059395;0;7;0;0;2;4;2;C01
201000059396;0;99;0;0;0;6;23;B01
201000059396;0;7;0;14;0;2;21;A01
201000059397;0;7;0;0;2;1;1;B01
201000059397;0;7;0;0;2;7;9;A01
201000059398;0;7;0;0;0;4;1;B01
201000059398;0;7;0;0;2;1;1;A01
201000059399;0;7;0;0;2;8;1;B01
201000059399;0;17;0;0;2;7;12;A01
201000059400;0;15;0;0;2;7;12;A01
201000059400;0;7;0;0;0;8;1;B01
201000059401;0;33;0;11;0;1;3;A01
201000059402;0;33;0;0;9;7;2;A01
201000059403;0;33;0;3;0;7;1;A01
201000059404;0;7;0;4;0;3;17;A01
201000059405;0;7;0;4;0;1;1;A01
201000059406;0;7;0;0;2;0;11;A01
201000059406;0;7;0;0;2;0;2;C01
201000059406;0;7;0;0;2;4;1;E01
201000059406;0;7;0;0;2;4;2;D01
201000059406;0;7;0;0;2;0;1;B01
201000059407;0;7;0;0;0;4;2;B01
201000059407;0;7;0;0;2;1;2;A01
201000059408;0;7;0;7;0;2;2;A01
201000059409;0;33;0;0;2;2;2;B01
201000059409;0;10;0;0;2;3;2;A01
201000059410;0;7;0;0;2;4;2;B01
201000059410;0;15;0;0;2;1;2;A01
201000059410;0;7;0;0;0;4;2;D01
201000059410;0;7;0;0;2;4;2;C01
201000059411;0;33;0;0;0;8;1;A01
201000059412;0;7;0;1;0;1;1;A01
201000059412;0;10;0;0;0;4;1;C01
201000059412;0;7;0;1;0;4;1;B01
201000059413;0;15;0;0;0;4;2;B01
201000059413;0;10;0;0;2;1;2;A01
201000059414;0;17;0;6;0;0;1;A01
201000059415;0;7;0;4;0;4;1;A01
201000059416;0;7;0;2;0;1;0;A01
201000059417;0;7;0;7;2;4;2;B01
201000059417;0;7;0;0;2;3;2;A01
201000059418;0;15;0;0;2;3;11;A01
201000059418;0;7;0;0;2;5;1;B01
201000059419;0;7;0;0;2;1;2;A01
201000059419;0;10;0;0;2;4;2;B01
201000059419;0;7;0;0;2;4;2;C01
201000059420;0;7;0;0;2;4;12;B01
201000059420;0;16;0;0;2;3;1;A01
201000059421;0;15;0;0;2;4;1;B01
201000059421;0;7;0;0;2;9;0;A01
201000059422;0;10;0;0;0;9;1;A01
201000059423;0;7;0;0;2;0;1;C01
201000059423;0;7;0;3;2;1;1;A01
201000059423;0;7;0;0;0;1;1;B01
201000059424;0;7;0;3;0;3;2;A01
201000059425;0;31;0;0;2;8;12;A01
201000059425;0;7;0;0;2;6;11;C01
201000059425;0;7;0;0;2;6;2;B01
201000059426;0;7;0;4;0;1;1;A01
201000059427;0;7;0;0;2;1;5;A01
201000059427;0;7;0;0;2;4;1;B01
201000059427;0;7;0;0;2;1;1;C01
201000059428;0;7;0;6;0;9;2;A01
201000059429;0;7;0;0;2;6;1;B01
201000059429;0;7;0;0;2;5;0;A01
201000059429;0;7;0;0;2;6;1;C01
201000059429;0;7;0;0;2;4;1;D01
201000059430;0;7;0;0;2;4;2;B01
201000059430;0;7;0;0;2;1;2;A01
201000059431;0;7;0;4;0;8;1;A01
201000059432;0;7;0;0;2;2;17;A01
201000059432;0;7;0;0;2;3;1;B01
201000059433;0;7;0;14;0;8;9;A01
201000059434;0;7;0;4;2;3;13;A01
201000059434;0;7;0;0;2;5;1;B01
201000059435;0;7;0;4;2;8;9;A01
201000059435;0;14;0;0;2;2;0;B01
201000059436;0;17;0;0;0;6;2;B01
201000059436;0;7;0;4;2;3;18;A01
201000059437;0;7;0;0;2;1;12;A01
201000059437;0;7;0;0;0;4;1;B01
201000059438;0;7;0;0;0;9;2;A01
201000059439;0;7;0;4;0;2;0;A01
201000059440;0;7;0;4;0;1;2;A01
201000059441;0;7;0;4;0;3;1;A01
201000059442;0;33;0;13;0;8;1;A01
201000059443;0;33;0;0;2;1;1;A01
201000059443;0;7;0;0;2;4;1;B01
201000059444;0;7;0;0;2;4;2;C01
201000059444;0;7;0;0;0;9;0;A01
201000059444;0;7;0;0;0;4;2;D01
201000059444;0;7;0;0;2;4;2;B01
201000059445;0;10;0;4;2;8;0;A01
201000059445;0;7;0;4;2;7;0;B01
201000059446;0;7;0;2;0;6;13;A01
201000059447;1;15;0;0;2;2;12;Z01
201000059447;0;7;0;4;2;8;2;A01
201000059448;0;7;0;4;0;3;17;A01
201000059449;0;15;0;0;0;4;2;C01
201000059449;0;10;0;0;0;4;0;B01
201000059449;0;15;0;0;2;1;2;A01
201000059450;0;16;0;0;2;2;12;A01
201000059450;0;7;0;4;2;6;1;B01
201000059451;0;10;0;0;2;8;21;B01
201000059451;0;33;0;0;2;8;5;A01
201000059452;0;7;0;0;2;4;23;B01
201000059452;0;7;0;0;2;1;2;A01
201000059452;0;7;0;0;2;4;23;C01
201000059452;0;7;0;0;2;4;23;D01
201000059453;0;7;0;4;0;3;0;A01
201000059454;0;7;0;8;0;3;0;A01
201000059455;0;7;0;0;2;4;2;B01
201000059455;0;10;0;0;2;1;2;A01
201000059455;0;7;0;0;2;4;2;C01
201000059456;0;7;0;0;0;0;2;A01
201000059457;0;7;0;4;0;3;0;A01
201000059458;0;10;0;6;0;5;17;B01
201000059458;0;7;0;6;2;1;1;A01
201000059459;0;10;0;4;0;1;1;A01
201000059460;0;14;0;0;2;2;12;A01
201000059460;0;7;0;0;2;6;1;B01
201000059461;0;7;0;4;0;1;11;A01
201000059461;0;17;0;14;0;1;1;B01
201000059462;1;7;0;0;2;1;2;A01
201000059462;0;7;0;0;2;4;2;B01
201000059462;0;7;0;0;2;4;2;C01
201000059463;0;7;0;0;0;4;23;C01
201000059463;0;99;0;0;2;1;2;A01
201000059463;0;7;0;0;2;4;2;B01
201000059464;0;33;0;0;0;7;13;A01
201000059465;0;10;0;0;2;1;2;A01
201000059465;0;10;0;0;2;6;2;B01
201000059466;0;7;0;4;0;1;15;A01
201000059467;0;7;0;4;0;3;1;A01
201000059468;0;7;0;4;0;1;14;A01
201000059469;0;7;0;3;0;1;1;A01
201000059470;0;7;0;0;0;3;1;A01
201000059471;0;17;0;0;2;6;11;A01
201000059471;0;17;0;0;2;2;21;B01
201000059471;0;7;0;0;2;7;1;C01
201000059472;0;7;0;0;2;4;2;B01
201000059472;0;10;0;0;0;4;2;C01
201000059472;0;7;0;0;2;1;2;A01
201000059473;0;7;0;0;2;1;2;A01
201000059473;0;7;0;0;0;4;2;B01
201000059474;0;17;0;4;0;8;16;A01
201000059475;0;7;0;0;0;4;2;B01
201000059475;0;7;0;0;2;1;2;A01
201000059476;0;7;0;0;2;4;2;B01
201000059476;0;7;0;0;2;4;2;C01
201000059476;0;7;0;0;2;1;2;A01
201000059476;0;7;0;0;0;4;2;D01
201000059477;0;7;0;4;0;1;1;A01
201000059478;0;10;0;0;2;7;17;C01
201000059478;0;10;0;0;2;5;14;B01
201000059478;0;7;0;0;2;1;2;A01
201000059479;0;7;0;4;0;1;2;A01
201000059480;0;7;0;4;0;3;2;A01
201000059481;0;10;0;0;0;3;14;A01
201000059482;0;7;0;0;0;4;2;B01
201000059482;0;7;0;0;2;1;2;A01
201000059483;0;7;0;0;0;6;1;B01
201000059483;0;7;0;0;2;2;12;A01
201000059484;0;7;0;0;0;1;1;A01
201000059485;0;7;0;4;0;3;1;A01
201000059486;0;7;0;6;0;3;17;A01
201000059487;0;7;0;4;0;2;1;A01
201000059488;0;7;0;0;0;6;1;C01
201000059488;0;7;0;0;0;5;1;B01
201000059488;0;7;0;0;2;3;12;A01
201000059489;0;7;0;4;0;1;1;A01
201000059490;0;7;0;4;0;1;1;A01
201000059491;1;7;0;0;0;0;17;A01
201000059491;0;7;0;13;0;1;19;B01
201000059492;0;7;0;0;2;1;2;A01
201000059492;0;7;0;0;2;4;2;B01
201000059492;0;7;0;0;0;4;2;C01
201000059493;0;7;0;0;0;4;23;B01
201000059493;0;7;0;0;2;1;2;A01
201000059494;0;7;0;0;2;1;12;A01
201000059494;0;7;0;0;2;4;1;B01
201000059494;0;7;0;0;2;4;1;C01
201000059495;0;7;0;0;2;4;2;C01
201000059495;0;7;0;0;2;1;1;A01
201000059495;0;7;0;0;2;4;2;B01
201000059496;0;17;0;0;2;1;12;A01
201000059496;0;7;0;0;2;8;2;B01
201000059497;0;33;0;0;0;8;1;A01
201000059498;0;10;0;0;2;4;2;B01
201000059498;0;7;0;0;2;1;2;A01
201000059499;0;7;0;0;2;3;23;B01
201000059499;0;15;0;14;0;2;12;A01
201000059500;0;7;0;0;0;9;2;A01
201000059501;0;7;0;0;0;1;1;B01
201000059501;0;7;0;0;2;4;12;A01
201000059502;0;7;0;1;0;4;24;C01
201000059502;0;7;0;0;0;4;23;D01
201000059502;0;7;0;1;0;1;2;B01
201000059502;0;16;0;1;0;3;12;A01
201000059503;0;7;0;0;2;1;1;A01
201000059503;0;7;0;0;2;4;1;B01
201000059503;0;7;0;0;0;4;1;C01
201000059504;0;10;0;0;2;1;2;A01
201000059504;0;10;0;0;2;4;2;B01
201000059504;0;10;0;0;0;4;2;C01
201000059505;0;7;0;0;0;1;1;C01
201000059505;0;17;0;5;2;1;5;A01
201000059505;0;7;0;0;9;1;0;D01
201000059505;0;17;0;0;0;6;1;B01
201000059506;0;7;0;4;0;3;21;A01
201000059507;0;7;0;0;2;4;9;B01
201000059507;0;7;0;1;0;1;9;A01
201000059508;0;15;0;0;2;1;2;A01
201000059508;0;7;0;0;0;4;2;B01
201000059509;0;7;0;4;0;3;0;A01
201000059510;0;7;0;0;2;4;2;B01
201000059510;0;10;0;0;2;1;2;A01
201000059511;0;7;0;0;0;1;0;E01
201000059511;0;7;0;0;2;3;0;D01
201000059511;0;10;0;14;2;1;1;A01
201000059511;0;7;0;0;0;1;5;B01
201000059511;0;7;0;0;2;5;21;C01
201000059512;0;7;0;0;2;1;1;A01
201000059512;0;10;0;0;0;4;1;B01
201000059513;0;7;0;0;2;4;2;B01
201000059513;0;7;0;0;2;1;2;A01
201000059514;0;7;0;0;2;1;2;A01
201000059514;0;7;0;0;0;4;2;B01
201000059515;0;15;0;4;0;8;0;A01
201000059516;0;7;0;0;2;1;11;A01
201000059516;0;7;0;0;2;4;1;B01
201000059517;0;7;0;4;0;2;21;A01
201000059517;0;10;0;0;2;1;2;B01
201000059517;1;7;0;0;0;0;2;Z01
201000059518;0;15;0;0;2;2;12;A01
201000059518;0;7;0;4;0;6;1;B01
201000059519;0;7;0;0;2;4;2;D01
201000059519;0;7;0;0;2;4;2;B01
201000059519;0;10;0;0;2;4;2;C01
201000059520;0;7;0;0;2;3;1;B01
201000059520;0;15;0;0;2;2;12;A01
201000059521;0;7;0;0;0;4;1;B01
201000059521;0;7;0;0;2;1;1;A01
201000059522;0;7;0;0;2;7;1;A01
201000059522;0;16;0;0;2;8;1;B01
201000059523;0;7;0;0;0;2;14;A01
201000059524;0;7;0;4;0;1;2;A01
201000059525;0;33;0;4;2;1;11;A01
201000059525;0;7;0;0;2;6;2;C01
201000059525;0;7;0;0;2;6;2;B01
201000059526;0;7;0;0;0;4;2;B01
201000059526;0;7;0;0;2;1;2;A01
201000059527;1;17;0;0;2;6;13;Z01
201000059527;0;7;0;0;2;7;1;A01
201000059528;0;7;0;0;2;7;12;A01
201000059528;0;7;0;0;0;8;1;B01
201000059529;0;7;0;0;2;1;2;A01
201000059529;0;7;0;0;2;4;2;B01
201000059530;0;7;0;4;0;6;1;A01
201000059531;0;7;0;0;0;5;1;C01
201000059531;0;7;0;0;2;4;1;B01
201000059531;0;7;0;0;2;1;1;A01
201000059532;0;7;0;3;2;1;14;A01
201000059532;0;7;0;3;0;6;1;B01
201000059532;0;7;0;14;0;1;21;C01
201000059533;0;7;0;0;0;4;2;B01
201000059533;0;7;0;0;2;1;2;A01
201000059534;0;33;0;0;0;8;1;A01
201000059535;0;7;0;0;2;1;1;B01
201000059535;0;7;0;0;2;1;5;A01
201000059536;0;7;0;0;2;1;2;A01
201000059536;0;7;0;0;0;5;2;B01
201000059537;1;7;0;0;0;0;0;Z01
201000059537;0;7;0;4;0;1;21;A01
201000059538;0;14;0;0;2;2;12;A01
201000059538;0;7;0;4;2;8;1;B01
201000059539;0;7;0;4;0;3;17;A01
201000059540;0;7;0;6;0;3;11;A01
201000059541;0;7;0;0;0;3;1;B01
201000059541;0;14;0;0;2;1;21;C01
201000059541;0;15;0;0;2;2;12;A01
201000059541;0;7;0;0;2;1;21;D01
201000059542;0;7;0;0;2;1;2;A01
201000059542;0;17;0;0;2;4;2;B01
201000059543;0;10;0;0;2;1;2;A01
201000059543;0;7;0;0;2;6;2;B01
201000059544;0;7;0;0;2;4;2;C01
201000059544;0;17;0;0;2;1;1;B01
201000059544;0;7;0;4;2;1;21;A01
201000059545;0;33;0;0;2;1;1;B01
201000059545;1;10;0;0;2;5;17;Z01
201000059546;0;7;0;14;2;4;2;D01
201000059546;0;7;0;14;0;1;2;A01
201000059546;0;7;0;14;2;4;2;B01
201000059546;0;7;0;14;2;4;2;C01
201000059546;0;7;0;0;2;4;2;E01
201000059547;0;7;0;4;0;1;1;A01
201000059548;0;7;0;0;2;1;1;A01
201000059548;0;7;0;0;0;4;1;B01
201000059549;0;7;0;0;2;1;2;D01
201000059549;0;7;0;0;2;1;2;A01
201000059549;0;7;0;0;0;4;2;B01
201000059549;0;7;0;0;0;7;1;C01
201000059550;0;7;0;0;2;8;9;B01
201000059550;0;7;0;0;2;7;21;A01
201000059551;0;7;0;4;0;1;21;A01
201000059552;0;7;0;0;2;4;2;B01
201000059552;0;7;0;0;2;1;2;A01
201000059553;0;7;0;0;2;5;5;A01
201000059553;0;7;0;0;2;3;5;B01
201000059554;0;10;0;3;0;9;1;A01
201000059555;0;7;0;3;0;2;21;A01
201000059556;0;7;0;4;0;1;1;A01
201000059557;0;17;0;4;0;1;0;A01
201000059558;0;7;0;4;0;3;1;A01