num_acc;senc;catv;occutc;obs;obsm;choc;manv;num_veh
201000059559;0;7;0;0;0;1;21;A01
201000059560;0;7;0;0;2;3;15;A01
201000059560;0;32;0;0;2;8;1;B01
201000059561;0;7;0;0;1;7;1;A01
201000059562;0;10;0;0;1;1;1;A01
201000059563;0;32;0;0;2;1;1;A01
201000059563;0;7;0;0;2;3;10;B01
201000059564;0;7;0;0;2;6;15;B01
201000059564;0;7;0;0;2;1;2;A01
201000059565;0;7;0;0;2;3;17;B01
201000059565;0;7;0;0;2;3;10;A01
201000059566;0;7;0;0;2;4;23;B01
201000059566;0;33;0;0;2;1;1;A01
201000059567;0;7;0;0;1;2;1;A01
201000059568;0;2;0;6;0;8;1;A01
201000059569;0;7;0;0;2;1;2;A01
201000059569;0;7;0;0;2;4;2;B01
201000059570;0;7;0;0;1;8;1;A01
201000059571;0;7;0;0;0;0;24;A01
201000059572;0;7;0;0;2;1;15;A01
201000059572;0;7;0;0;2;3;1;B01
201000059573;0;7;0;0;1;1;1;A01
201000059574;0;7;0;0;1;3;1;A01
201000059575;0;7;0;0;0;4;1;B01
201000059575;0;7;0;0;2;1;2;A01
201000059576;0;7;0;0;2;8;1;E01
201000059576;0;7;0;0;2;4;23;B01
201000059576;0;7;0;0;2;7;23;G02
201000059576;0;7;0;0;2;4;1;C01
201000059576;0;7;0;0;2;2;1;D01
201000059576;0;7;0;0;2;8;23;F02
201000059576;1;7;0;0;2;1;0;A01
201000059576;0;7;0;0;2;6;23;H02
201000059577;0;37;20;0;1;1;1;A01
201000059578;0;31;0;0;0;0;0;A01
201000059579;0;32;0;0;2;1;1;B01
201000059579;0;7;0;0;2;3;10;A01
201000059580;0;7;0;0;2;1;15;A01
201000059580;0;33;0;0;2;1;2;B01
201000059581;0;30;0;1;2;1;1;B01
201000059581;0;7;0;0;2;6;23;A01
201000059582;0;30;0;0;1;1;1;A01
201000059583;0;10;0;0;2;8;24;B01
201000059583;1;10;0;1;2;1;1;A01
201000059584;1;99;0;1;1;0;0;A01
201000059585;0;33;0;0;2;1;1;B01
201000059585;0;7;0;0;2;3;15;A01
201000059586;0;7;0;0;1;1;1;A01
201000059587;0;7;0;0;2;1;5;A01
201000059587;0;7;0;0;2;1;2;B01
201000059588;0;7;0;0;2;8;10;A01
201000059588;0;33;0;0;2;1;1;B01
201000059589;0;7;0;0;0;0;16;A01
201000059589;0;33;0;0;2;0;21;B01
201000059590;0;7;0;0;2;4;2;B01
201000059590;0;7;0;0;0;0;2;C01
201000059590;0;10;0;0;2;1;2;A01
201000059591;0;30;0;0;2;1;1;B01
201000059591;1;7;0;0;2;8;9;A01
201000059592;0;7;0;0;1;8;1;A01
201000059593;0;7;0;0;2;7;2;B01
201000059593;0;7;0;0;2;3;11;A01
201000059594;0;20;0;0;2;1;0;A01
201000059594;0;32;0;0;2;2;1;B01
201000059595;0;30;0;0;2;1;1;A01
201000059595;0;7;0;0;2;7;1;B01
201000059596;0;7;0;0;2;2;1;B01
201000059596;0;30;0;0;2;1;1;A01
201000059597;0;7;0;0;2;5;16;B01
201000059597;0;31;0;0;2;1;1;A01
201000059598;0;2;0;11;2;1;1;A01
201000059598;1;7;0;0;0;0;1;Z01
201000059599;0;7;0;0;2;3;15;B01
201000059599;0;2;0;0;2;1;17;A01
201000059600;0;7;0;0;1;3;1;A01
201000059601;0;7;0;0;1;1;1;A01
201000059602;0;7;0;9;0;2;2;A01
201000059603;0;7;0;0;0;0;9;A01
201000059603;0;33;0;0;2;0;2;B01
201000059604;0;7;0;0;1;1;1;A01
201000059605;0;7;0;0;2;8;10;B01
201000059605;0;7;0;0;2;1;2;A01
201000059606;0;7;0;0;1;2;1;A01
201000059607;0;7;0;0;2;4;2;B01
201000059607;0;7;0;0;2;1;2;A01
201000059608;0;7;0;0;2;6;15;B01
201000059608;0;30;0;0;2;1;1;A01
201000059609;0;7;0;0;2;2;10;A01
201000059609;0;30;0;0;2;1;1;B01
201000059610;0;7;0;0;1;3;15;A01
201000059611;0;30;0;8;0;1;1;A01
201000059612;0;38;32;0;1;2;16;A01
201000059613;0;33;0;12;0;7;21;A01
201000059614;1;7;0;0;1;0;0;A01
201000059615;0;10;0;0;1;4;4;A01
201000059616;1;33;0;0;1;1;1;Z01
201000059617;0;30;0;0;2;1;2;A01
201000059617;0;7;0;0;2;4;2;B01
201000059618;0;7;0;0;0;1;1;B01
201000059618;0;7;0;0;2;1;15;A01
201000059619;0;10;0;0;1;2;2;A01
201000059620;0;7;0;0;1;2;1;A01
201000059621;1;7;0;0;9;1;1;Z01
201000059622;0;7;0;0;1;1;1;A01
201000059623;0;7;0;0;2;2;15;A01
201000059623;0;7;0;0;2;1;1;B01
201000059624;0;30;0;0;2;1;2;B01
201000059624;0;7;0;0;2;8;10;A01
201000059625;0;7;0;0;1;1;1;A01
201000059626;0;7;0;0;2;5;1;A01
201000059626;0;30;0;0;2;1;2;B01
201000059627;0;7;0;0;2;2;10;A01
201000059627;0;33;0;0;2;1;1;B01
201000059628;0;7;0;8;0;1;1;A01
201000059629;0;7;0;1;0;2;14;A01
201000059630;0;33;0;0;2;0;21;A01
201000059630;1;7;0;0;2;0;9;Z01
201000059631;0;7;0;0;1;0;4;A01
201000059632;0;30;0;14;0;1;1;A01
201000059632;0;7;0;0;0;6;23;B01
201000059633;0;7;0;0;0;2;15;A01
201000059633;0;33;0;0;0;1;1;B01
201000059634;0;7;0;0;2;2;15;A01
201000059634;0;7;0;0;2;1;1;B01
201000059635;0;7;0;0;1;1;15;A01
201000059636;0;7;0;15;0;1;1;A01
201000059637;0;7;0;0;0;4;2;B01
201000059637;0;7;0;0;0;2;2;A01
201000059638;0;7;0;0;1;7;2;A01
201000059639;0;30;0;0;2;1;2;B01
201000059639;0;7;0;0;2;3;15;A01
201000059640;0;7;0;8;0;1;15;A01
201000059641;0;7;0;0;9;1;15;A01
201000059641;0;34;0;0;2;1;1;B01
201000059642;0;7;0;1;0;2;2;A01
201000059643;0;7;0;0;2;1;2;A01
201000059643;0;7;0;0;2;4;2;B01
201000059644;0;7;0;0;0;3;15;A01
201000059644;0;7;0;0;0;4;15;B01
201000059645;0;7;0;0;1;3;1;A01
201000059646;0;7;0;0;1;2;0;A01
201000059647;0;7;0;0;2;4;23;C01
201000059647;0;7;0;0;2;4;23;B01
201000059647;0;7;0;0;2;1;9;A01
201000059647;0;7;0;0;0;4;23;D01
201000059648;0;10;0;0;9;3;11;A01
201000059648;0;32;0;0;2;7;1;B01
201000059648;0;10;0;0;0;6;1;C01
201000059649;0;7;0;0;2;1;2;A01
201000059649;0;7;0;0;0;4;2;D01
201000059649;0;7;0;0;2;4;2;B01
201000059649;0;7;0;0;2;4;2;C01
201000059650;0;7;0;0;2;1;2;A01
201000059650;0;7;0;0;2;4;2;B01
201000059651;0;7;0;3;0;3;0;A01
201000059652;0;7;0;0;2;5;2;B01
201000059652;0;7;0;0;0;6;2;C01
201000059652;0;7;0;0;2;3;2;A01
201000059653;0;7;0;0;0;4;2;B01
201000059653;0;7;0;0;2;4;2;C01
201000059653;0;7;0;0;0;4;2;D01
201000059653;0;7;0;0;2;1;2;A01
201000059654;0;10;0;0;2;4;2;B01
201000059654;0;7;0;0;2;1;1;A01
201000059655;0;7;0;6;0;1;14;A01
201000059656;0;7;0;0;0;4;1;B01
201000059656;0;31;0;0;2;1;2;A01
201000059657;0;17;0;1;0;2;2;A01
201000059657;0;7;0;0;0;6;23;B01
201000059658;0;32;0;14;0;1;1;A01
201000059659;0;16;0;0;2;7;12;A01
201000059659;0;7;0;0;2;8;14;B01
201000059660;1;7;0;0;2;3;2;Z01
201000059660;0;7;0;3;0;5;1;A01
201000059661;0;33;0;0;0;3;21;A01
201000059662;0;33;0;0;2;7;3;A01
201000059662;0;7;0;0;0;8;3;C01
201000059662;0;7;0;0;0;6;2;B01
201000059663;0;33;0;14;0;1;11;A01
201000059664;0;7;0;0;0;6;1;B01
201000059664;0;7;0;3;2;1;21;A01
201000059665;0;7;0;5;2;7;0;A01
201000059665;0;15;0;0;2;8;0;B01
201000059666;0;14;0;3;0;2;6;A01
201000059667;0;10;0;0;0;5;23;B01
201000059667;0;34;0;4;2;3;21;A01
201000059668;0;7;0;0;0;5;2;B01
201000059668;0;7;0;0;2;3;14;A01
201000059669;0;7;0;0;2;1;2;A01
201000059669;0;7;0;0;0;4;1;B01
201000059670;0;10;0;0;0;4;1;B01
201000059670;0;17;0;0;2;1;2;A01
201000059671;0;33;0;3;0;2;1;A01
201000059672;0;7;0;0;0;4;1;C01
201000059672;0;10;0;0;2;1;1;A01
201000059672;0;7;0;0;2;4;2;B01
201000059673;0;33;0;14;0;1;0;A01
201000059674;0;7;0;3;0;4;1;B01
201000059674;0;7;0;3;2;8;2;A01
201000059675;0;7;0;0;0;4;2;B01
201000059675;0;7;0;0;2;1;2;A01
201000059676;0;7;0;0;0;8;2;C01
201000059676;0;7;0;0;2;1;14;A01
201000059676;0;33;0;0;0;0;2;D01
201000059676;0;7;0;0;0;4;2;B01
201000059677;0;7;0;3;0;7;1;B01
201000059677;0;7;0;0;0;0;18;A01
201000059678;0;10;0;16;0;1;0;A01
201000059679;0;33;0;0;2;1;11;A01
201000059679;0;7;0;0;0;6;17;B01
201000059680;0;7;0;0;2;1;2;A01
201000059680;0;7;0;0;2;4;23;B01
201000059681;0;7;0;0;0;6;2;B01
201000059681;0;7;0;0;9;1;21;C01
201000059681;0;33;0;3;2;1;2;A01
201000059682;0;14;0;3;2;1;6;A01
201000059682;0;7;0;0;2;1;1;B01
201000059683;0;32;0;14;0;1;21;A01
201000059684;1;7;0;0;2;1;2;Z01
201000059684;0;7;0;0;0;5;23;B01
201000059684;0;7;0;0;2;3;1;A01
201000059685;0;7;0;3;0;3;1;A01
201000059686;0;7;0;0;2;6;18;A01
201000059686;0;7;0;0;0;2;1;B01
201000059687;0;7;0;0;2;6;12;B01
201000059687;0;7;0;0;2;2;17;A01
201000059688;0;7;0;0;0;4;2;B01
201000059688;0;7;0;0;2;1;2;A01
201000059689;0;7;0;0;2;4;23;B01
201000059689;0;7;0;0;2;1;2;A01
201000059689;0;7;0;0;0;4;23;C01
201000059690;0;33;0;0;0;4;12;C01
201000059690;0;10;0;0;0;4;2;B01
201000059690;0;7;0;0;0;4;2;D01
201000059690;0;7;0;0;2;1;2;A01
201000059691;0;7;0;0;0;4;2;A01
201000059692;0;33;0;0;0;0;0;A01
201000059693;0;33;0;0;2;1;2;A01
201000059693;0;10;0;0;2;4;2;B01
201000059694;0;7;0;0;0;8;1;B01
201000059694;0;7;0;3;2;2;1;A01
201000059695;0;7;0;0;0;3;0;A01
201000059696;0;7;0;0;2;1;2;A01
201000059696;0;7;0;0;0;4;23;B01
201000059697;0;7;0;0;0;4;23;B01
201000059697;0;7;0;0;2;1;2;A01
201000059697;0;7;0;0;0;4;23;C01
201000059698;0;31;0;0;0;7;3;A01
201000059699;0;10;0;0;0;4;2;C01
201000059699;0;7;0;0;2;4;2;B01
201000059699;0;7;0;0;2;1;2;A01
201000059700;0;7;0;0;0;4;23;B01
201000059700;0;7;0;0;2;1;2;A01
201000059701;0;7;0;3;0;9;14;A01
201000059702;0;14;0;3;2;2;14;A01
201000059702;0;10;0;3;0;6;24;B01
201000059703;0;7;0;0;0;4;11;A01
201000059703;0;7;0;0;2;1;1;B01
201000059704;1;7;0;0;2;4;2;Z01
201000059704;0;33;0;0;0;6;1;B01
201000059705;0;7;0;0;0;8;1;B01
201000059705;0;7;0;0;0;2;17;A01
201000059706;0;7;0;0;2;5;12;A01
201000059706;0;33;0;0;0;3;1;B01
201000059707;0;7;0;0;2;2;1;A01
201000059707;0;7;0;0;0;8;2;B01
201000059708;0;7;0;0;0;4;2;C01
201000059708;0;7;0;0;0;4;2;B01
201000059708;0;7;0;0;0;4;2;D01
201000059708;0;7;0;0;2;1;2;A01
201000059709;0;7;0;0;2;6;2;B01
201000059709;0;7;0;0;2;1;2;A01
201000059710;0;7;0;0;2;4;23;B01
201000059710;0;7;0;0;0;4;23;D01
201000059710;0;7;0;0;9;1;2;A01
201000059710;0;7;0;0;0;4;23;C01
201000059711;0;7;0;0;2;2;21;A01
201000059711;0;7;0;0;0;6;23;B01
201000059712;0;7;0;0;2;8;1;C01
201000059712;0;7;0;0;2;1;2;A01
201000059712;0;10;0;0;0;4;2;B01
201000059713;0;7;0;0;0;4;2;B01
201000059713;0;7;0;0;0;1;2;A01
201000059713;0;7;0;0;0;4;2;C01
201000059714;0;7;0;3;0;1;1;C01
201000059714;0;7;0;3;0;2;19;A01
201000059714;0;7;0;3;0;1;2;B01
201000059715;0;7;0;4;0;1;0;A01
201000059716;0;7;0;0;2;5;1;A01
201000059716;0;7;0;0;2;3;2;B01
201000059717;0;10;0;4;0;3;0;A01
201000059718;0;7;0;0;0;9;1;A01
201000059719;0;7;0;0;2;2;0;C01
201000059719;0;7;0;0;2;1;2;B01
201000059719;0;17;0;0;2;4;1;A01
201000059720;0;7;0;0;2;2;14;A01
201000059720;0;7;0;0;2;3;0;B01
201000059721;0;7;0;0;0;5;2;A01
201000059721;0;33;0;0;2;1;2;B01
201000059721;0;7;0;0;2;8;1;C01
201000059722;0;7;0;3;0;6;2;A01
201000059722;0;7;0;0;2;2;2;B01
201000059723;0;7;0;0;2;4;2;B01
201000059723;0;14;0;0;2;1;2;C01
201000059723;0;7;0;0;0;4;1;A01
201000059724;0;7;0;0;2;4;2;A01
201000059724;0;7;0;0;2;1;2;B01
201000059725;0;7;0;0;0;9;2;A01
201000059726;0;7;0;0;2;1;2;B01
201000059726;0;7;0;0;2;1;14;A01
201000059727;0;7;0;13;0;3;13;A01
201000059728;0;7;0;0;0;2;2;A01
201000059728;0;7;0;0;2;2;2;B01
201000059729;0;7;0;13;0;9;2;A01
201000059730;0;7;0;4;0;1;2;A01
201000059731;0;7;0;3;0;3;1;A01
201000059732;0;10;0;0;2;4;2;A01
201000059732;0;10;0;0;2;2;2;B01
201000059733;0;7;0;3;0;3;2;A01
201000059734;0;7;0;4;0;1;12;A01
201000059735;0;7;0;13;0;9;1;A01
201000059736;0;7;0;0;2;2;1;A01
201000059737;0;7;0;0;2;1;2;B01
201000059737;0;7;0;0;0;4;2;A01
201000059738;1;7;0;1;0;0;0;Z01
201000059738;0;7;0;0;2;7;0;A01
201000059739;0;7;0;3;0;3;1;A01
201000059740;0;7;0;4;0;4;1;A01
201000059741;0;7;0;0;2;1;2;A01
201000059741;0;7;0;0;2;4;2;C01
201000059741;0;7;0;0;2;9;2;B01
201000059742;0;7;0;0;2;8;0;B01
201000059742;0;7;0;0;2;1;0;A01
201000059743;0;10;0;0;2;6;1;B01
201000059743;0;7;0;0;0;4;1;C01
201000059743;0;7;0;0;2;7;12;A01
201000059744;0;7;0;4;0;3;1;A01
201000059745;0;7;0;3;0;6;1;A01
201000059746;0;7;0;0;2;4;2;A01
201000059746;0;7;0;0;2;4;2;B01
201000059746;0;7;0;0;2;1;2;C01
201000059747;0;7;0;0;2;6;1;A01
201000059747;0;15;0;0;2;2;12;B01
201000059747;0;7;0;0;2;1;1;C01
201000059748;0;7;0;4;0;8;13;A01
201000059749;0;7;0;4;0;1;2;A01
201000059750;0;7;0;0;2;4;2;A01
201000059750;0;7;0;0;2;4;2;B01
201000059750;0;7;0;0;2;1;2;C01
201000059751;0;7;0;0;0;4;2;A01
201000059751;0;7;0;0;2;1;2;B01
201000059751;0;7;0;0;2;1;2;C01
201000059752;0;7;0;0;2;1;0;A01
201000059752;0;7;0;0;0;0;0;B01
201000059753;0;7;0;0;0;3;2;A01
201000059754;0;7;0;0;2;4;2;B01
201000059754;1;7;0;0;2;1;2;Z01
201000059754;0;7;0;0;2;4;2;A01
201000059755;0;32;0;0;0;7;1;A01
201000059756;0;7;0;0;2;1;2;C01
201000059756;0;7;0;0;2;4;2;B01
201000059756;0;7;0;0;2;4;2;A01
201000059757;0;7;0;3;0;6;0;A01
201000059758;0;7;0;15;0;9;0;A01
201000059759;0;7;0;5;0;1;0;A01
201000059760;0;31;0;0;0;0;1;A01
201000059760;1;7;0;0;2;0;11;Z01
201000059761;0;7;0;0;0;0;0;A01
201000059762;0;7;0;0;2;6;2;A01
201000059762;0;7;0;0;2;2;2;B01
201000059763;0;7;0;4;0;1;1;A01
201000059764;0;7;0;0;0;4;12;A01
201000059764;0;7;0;0;2;1;2;B01
201000059765;0;7;0;0;2;1;21;C01
201000059765;0;7;0;0;2;3;11;A01
201000059765;0;7;0;0;0;7;21;B01
201000059766;0;7;0;0;2;5;2;B01
201000059766;0;7;0;0;2;3;2;A01
201000059767;0;10;0;4;0;1;12;A01
201000059768;0;7;0;3;0;1;0;A01
201000059769;0;7;0;0;2;1;2;B01
201000059769;0;7;0;0;0;4;1;A01
201000059770;0;7;0;0;0;6;1;A01
201000059770;0;31;0;0;2;1;1;B01
201000059771;0;10;0;0;0;6;2;A01
201000059771;0;14;0;0;2;2;21;B01
201000059772;0;7;0;0;2;4;2;A02
201000059772;0;10;0;0;2;3;2;F01
201000059772;0;7;0;0;2;2;2;B01
201000059772;0;7;0;0;2;6;2;D01
201000059772;0;7;0;0;2;5;2;C01
201000059772;0;7;0;0;2;1;2;E01
201000059773;0;7;0;3;0;1;0;A01
201000059774;0;7;0;0;2;4;2;A01
201000059774;0;7;0;0;2;4;2;B01
201000059774;0;7;0;0;2;4;2;D01
201000059774;0;7;0;0;2;2;2;C01
201000059775;0;7;0;5;0;1;13;A01
201000059776;0;33;0;0;0;7;9;A01
201000059777;0;7;0;0;0;5;1;A01
201000059777;0;7;0;0;0;0;1;B01
201000059778;0;7;0;0;2;1;1;B01
201000059778;0;7;0;0;0;4;1;A01
201000059779;0;7;0;13;0;2;1;A01
201000059780;0;7;0;0;2;1;2;B01
201000059780;0;7;0;0;2;4;2;A01
201000059781;0;7;0;4;0;3;15;A01
201000059782;0;7;0;0;2;1;2;C01
201000059782;0;7;0;0;2;4;2;A01
201000059782;0;7;0;0;2;4;2;B01
201000059782;0;7;0;0;2;2;3;D01
201000059783;0;7;0;13;0;1;0;A01
201000059784;0;7;0;3;0;3;1;A01
201000059785;0;7;0;0;2;4;1;B01
201000059785;0;7;0;0;2;1;2;C01
201000059785;0;7;0;0;0;4;1;A01
201000059786;0;7;0;5;0;9;1;A01
201000059787;0;7;0;0;2;4;1;A01
201000059787;0;7;0;0;2;1;1;C01
201000059787;0;7;0;0;2;4;1;B01
201000059788;0;15;0;3;0;8;2;A01
201000059789;0;7;0;0;2;1;1;B01
201000059789;0;34;0;0;2;1;18;C01
201000059789;0;7;0;0;2;4;1;A01
201000059790;0;10;0;0;0;4;2;A01
201000059790;0;10;0;0;2;8;3;B01
201000059790;0;10;0;0;2;1;3;D01
201000059790;0;10;0;0;2;4;2;C01
201000059791;0;7;0;0;2;1;2;B01
201000059791;0;14;0;0;2;4;0;A01
201000059792;0;7;0;4;0;1;11;A01
201000059793;0;34;0;0;2;1;17;B01
201000059793;0;7;0;0;0;4;1;A01
201000059794;0;7;0;0;2;4;2;B01
201000059794;0;7;0;0;0;1;2;C01
201000059794;0;7;0;0;2;4;2;A01
201000059795;0;7;0;0;2;2;14;B01
201000059795;0;7;0;0;0;6;1;A01
201000059796;0;33;0;0;0;4;2;A01
201000059796;0;33;0;0;2;1;2;B01
201000059797;0;7;0;3;0;1;1;A01
201000059798;0;7;0;0;2;2;1;A01
201000059798;0;10;0;0;0;0;1;B01
201000059799;0;7;0;4;0;1;1;A01
201000059800;0;7;0;0;0;9;1;A01
201000059801;0;7;0;4;0;8;1;A01
201000059801;0;7;0;0;2;2;1;B01
201000059802;0;7;0;0;2;1;3;A01
201000059802;0;7;0;0;2;7;2;B01
201000059803;0;7;0;0;0;0;12;B01
201000059803;0;7;0;4;0;2;12;A01
201000059804;0;33;0;0;0;8;0;A01
201000059805;0;7;0;0;2;4;1;A01
201000059805;0;7;0;0;2;4;1;B01
201000059805;0;7;0;0;2;4;1;C01
201000059805;0;7;0;0;2;1;1;D01
201000059806;0;33;0;0;0;7;1;A01
201000059807;0;7;0;0;0;4;2;B01
201000059807;0;7;0;3;0;1;1;A01
201000059807;0;7;0;0;2;5;2;C01
201000059808;0;7;0;0;2;3;2;A01
201000059809;0;7;0;2;0;2;1;A01
201000059810;0;7;0;2;0;1;11;A01
201000059811;0;33;0;0;0;0;1;A01
201000059812;0;7;0;13;0;2;0;A01
201000059813;0;7;0;0;2;1;1;A01
201000059813;0;7;0;0;0;4;1;B01
201000059814;0;7;0;0;2;1;2;B01
201000059814;0;7;0;0;2;4;2;A01
201000059815;0;33;0;0;2;2;1;B01
201000059815;0;7;0;0;9;6;11;A01
201000059816;0;10;0;0;2;3;1;B01
201000059816;0;10;0;0;0;5;2;A01
201000059817;0;10;0;0;2;4;2;B01
201000059817;0;7;0;0;2;1;2;C01
201000059817;0;7;0;0;2;4;2;A01
201000059818;0;7;0;0;0;5;1;A01
201000059818;0;7;0;0;0;0;1;B01
201000059819;0;7;0;0;2;7;22;A01
201000059819;0;32;0;0;2;1;18;B01
201000059820;0;7;0;3;0;1;13;A01
201000059821;0;7;0;0;0;9;16;A01
201000059822;0;7;0;0;0;4;2;A01
201000059822;0;32;0;0;2;1;2;B01
201000059823;1;10;0;0;2;4;2;A01
201000059823;0;7;0;0;2;1;2;C01
201000059823;0;7;0;0;2;4;2;B01
201000059824;0;7;0;0;2;5;2;A01
201000059824;0;33;0;0;2;1;2;B01
201000059825;0;7;0;0;0;4;1;A01
201000059825;0;7;0;0;2;1;2;B01
201000059826;0;7;0;0;2;1;2;B01
201000059826;0;7;0;3;0;1;2;A01
201000059827;0;7;0;0;0;1;0;A01
201000059828;0;7;0;0;2;1;2;C01
201000059828;0;7;0;0;0;4;23;A01
201000059828;0;7;0;0;2;4;23;B01
201000059829;0;7;0;0;2;4;2;A01
201000059829;0;14;0;0;2;1;2;B01
201000059830;0;7;0;4;0;3;11;A01
201000059831;0;34;0;0;0;1;1;A01
201000059832;0;7;0;12;2;7;1;B01
201000059832;0;7;0;0;2;8;11;A01
201000059833;0;7;0;0;2;3;1;C01
201000059833;0;7;0;0;2;1;1;B01
201000059833;0;7;0;0;0;4;1;A01
201000059834;0;7;0;0;0;4;23;A01
201000059834;0;33;0;0;0;8;3;B01
201000059835;0;7;0;0;2;1;1;B01
201000059835;0;7;0;0;0;4;1;A01
201000059836;0;7;0;4;0;1;2;A01
201000059837;0;14;0;0;2;1;2;B01
201000059837;0;7;0;0;0;4;2;A01
201000059838;0;15;0;3;2;1;2;B01
201000059838;0;7;0;3;2;8;2;A01
201000059839;0;7;0;0;2;1;0;B01
201000059839;0;7;0;0;0;4;0;A01
201000059839;0;10;0;0;2;1;0;D01
201000059839;0;7;0;0;2;1;0;C01
201000059840;0;7;0;0;2;4;2;B01
201000059840;0;7;0;0;2;4;2;A01
201000059840;0;7;0;0;2;1;2;C01
201000059841;0;7;0;13;0;9;0;A01
201000059842;0;7;0;0;0;1;1;A01
201000059843;0;33;0;0;0;2;0;A01
201000059843;0;33;0;0;2;0;0;B01
201000059844;0;7;0;0;2;8;2;A01
201000059844;0;15;0;0;2;7;2;B01
201000059845;0;7;0;0;0;1;2;A01
201000059846;0;7;0;0;2;1;2;B01
201000059846;0;7;0;0;0;4;2;A01
201000059847;0;7;0;0;2;2;11;B01
201000059847;0;7;0;0;2;6;1;A01
201000059848;0;7;0;0;2;4;1;A01
201000059849;0;7;0;0;2;5;1;A01
201000059849;0;7;0;0;2;3;3;B01
201000059849;0;7;0;4;0;3;11;C01
201000059850;0;7;0;3;2;8;2;B01
201000059850;0;10;0;3;0;9;2;A01
201000059851;0;7;0;0;2;1;2;A01
201000059851;0;7;0;0;2;7;2;B01
201000059852;0;7;0;0;0;3;1;A01
201000059852;0;33;0;0;2;1;1;B01
201000059853;0;7;0;0;2;1;2;B01
201000059853;0;7;0;0;0;4;2;A01
201000059854;0;7;0;0;0;6;2;C01
201000059854;0;10;0;0;2;1;2;A01
201000059854;0;10;0;0;2;4;2;B01
201000059855;0;7;0;0;2;2;1;B01
201000059855;0;7;0;0;2;3;5;A01
201000059856;0;33;0;0;0;9;2;A01
201000059857;0;7;0;3;2;1;2;B01
201000059857;0;7;0;3;2;4;2;A01
201000059858;0;7;0;3;0;3;13;A01
201000059859;0;7;0;4;0;9;11;A01
201000059859;0;7;0;0;2;8;1;D01
201000059859;0;7;0;1;0;3;21;C01
201000059859;0;7;0;1;2;3;21;B01
201000059860;0;7;0;0;2;1;2;B01
201000059860;0;7;0;0;0;4;1;A01
201000059861;0;7;0;0;2;1;2;A01
201000059861;0;7;0;0;0;4;2;B01
201000059862;0;13;0;0;2;8;2;B01
201000059862;0;7;0;3;2;3;13;A01
201000059863;0;7;0;0;2;4;2;A01
201000059863;0;7;0;0;2;1;2;B01
201000059864;0;32;0;14;0;1;2;A01
201000059865;0;10;0;14;2;2;12;A01
201000059865;0;7;0;0;0;6;1;B01
201000059866;0;7;0;0;0;4;2;A01
201000059866;0;10;0;0;2;1;2;B01
201000059867;0;7;0;0;2;1;2;C01
201000059867;0;7;0;0;2;4;2;A01
201000059867;0;7;0;0;2;1;2;B01
201000059868;0;33;0;0;2;1;1;B01
201000059868;0;33;0;0;2;1;12;A01
201000059869;0;7;0;0;2;1;2;B01
201000059869;0;10;0;0;0;5;2;A01
201000059870;0;7;0;0;2;2;14;B01
201000059870;0;7;0;4;2;6;1;A01
201000059871;0;7;0;0;0;0;1;A01
201000059872;0;10;0;3;0;3;0;A01
201000059873;0;33;0;0;0;1;1;A01
201000059874;0;7;0;0;2;1;11;A01
201000059874;0;7;0;0;0;2;1;B01
201000059875;0;33;0;5;0;8;13;A01
201000059876;0;7;0;13;2;3;2;A01
201000059876;0;7;0;0;2;2;17;B01
201000059877;0;7;0;0;2;2;2;B01
201000059877;0;7;0;0;0;6;0;A01
201000059878;0;7;0;0;0;4;2;A01
201000059878;0;10;0;0;0;1;2;B01
201000059879;0;7;0;3;0;7;0;A01
201000059880;0;7;0;0;2;1;2;B01
201000059880;0;7;0;0;0;4;1;A01
201000059881;0;7;0;0;0;4;12;A01
201000059881;0;33;0;3;2;3;11;B01
201000059882;0;7;0;0;2;6;2;A01
201000059882;1;14;0;0;2;2;14;Z01
201000059883;0;10;0;0;2;3;2;B01
201000059884;0;7;0;4;2;2;1;A01
201000059885;0;7;0;0;2;3;2;A01
201000059885;0;7;0;0;0;5;2;B01
201000059886;0;7;0;0;0;4;23;A01
201000059886;0;7;0;0;0;4;23;B01
201000059886;0;7;0;0;2;1;2;C01
201000059887;0;99;0;0;2;1;1;B01
201000059887;0;7;0;0;0;4;1;A01
201000059888;0;32;0;0;9;1;1;A01
201000059889;0;7;0;0;2;4;1;B01
201000059889;0;7;0;0;0;4;1;A01
201000059889;0;7;0;0;2;1;2;C01
201000059890;0;7;0;7;0;1;9;A01
201000059891;0;7;0;3;0;1;13;A01
201000059891;0;7;0;0;2;1;1;B01
201000059892;0;15;0;13;0;7;2;A01
201000059893;0;7;0;0;2;1;2;E01
201000059893;0;10;0;0;2;4;2;C01
201000059893;0;7;0;0;0;4;2;A01
201000059893;0;7;0;0;2;4;2;B01
201000059893;0;7;0;0;2;4;2;D01
201000059894;0;7;0;0;0;4;0;A01
201000059894;0;7;0;14;0;2;2;C01
201000059894;0;7;0;1;0;3;2;B01
201000059895;0;10;0;14;0;1;1;A01
201000059896;1;13;0;0;2;4;2;Z01
201000059896;0;7;0;0;2;1;0;A01
201000059897;0;33;0;0;0;1;2;B01
201000059897;0;10;0;0;0;5;2;A01
201000059898;0;7;0;0;0;6;1;A01
201000059898;0;7;0;0;2;2;2;B01
201000059899;0;7;0;4;0;7;1;A01
201000059900;0;34;0;0;2;2;12;B01
201000059900;0;7;0;0;0;4;1;A01
201000059901;0;7;0;0;0;4;1;B01
201000059901;0;10;0;0;2;1;1;C01