num_acc;senc;catv;occutc;obs;obsm;choc;manv;num_veh
201000059901;0;7;0;0;0;4;1;A01
201000059902;0;34;0;0;0;7;1;A01
201000059903;0;31;0;4;2;3;9;A01
201000059904;1;7;0;0;0;0;9;Z01
201000059904;0;7;0;3;0;1;21;A01
201000059905;0;10;0;2;0;1;6;A01
201000059906;0;7;0;0;0;4;11;A01
201000059906;0;33;0;0;2;1;12;B01
201000059907;0;7;0;0;0;4;2;A01
201000059907;0;7;0;0;2;1;2;B01
201000059908;0;34;0;0;9;1;2;A01
201000059908;1;10;0;0;0;0;2;B01
201000059909;0;33;0;0;0;0;1;A01
201000059910;0;7;0;4;0;1;21;A01
201000059911;0;7;0;13;0;9;21;A01
201000059912;0;7;0;3;0;8;0;A01
201000059913;0;10;0;3;2;2;14;B01
201000059913;0;7;0;3;2;3;1;A01
201000059914;0;7;0;3;0;1;0;A01
201000059915;0;7;0;3;0;2;21;A01
201000059915;1;7;0;0;0;0;14;Z01
201000059916;0;7;0;4;0;1;11;A01
201000059917;0;7;0;0;2;3;2;C01
201000059917;0;7;0;0;2;4;2;A01
201000059917;0;7;0;4;2;5;2;B01
201000059918;0;33;0;0;2;1;2;B01
201000059918;0;7;0;0;0;4;2;A01
201000059919;0;7;0;3;0;1;0;A01
201000059920;0;33;0;16;0;7;0;A01
201000059921;0;16;0;3;0;1;0;A01
201000059922;0;7;0;3;0;1;1;A01
201000059922;0;7;0;0;2;1;14;B01
201000059923;0;33;0;0;2;3;2;A01
201000059923;0;7;0;0;2;2;2;B01
201000059924;0;7;0;0;2;4;2;B01
201000059924;0;7;0;0;2;1;2;D01
201000059924;0;7;0;0;2;4;2;C01
201000059924;0;7;0;0;0;4;2;A01
201000059925;0;7;0;3;0;1;0;A01
201000059926;0;7;0;0;2;4;2;A01
201000059926;0;7;0;0;2;1;2;B01
201000059927;0;31;0;0;2;1;3;B01
201000059927;0;7;0;0;2;5;12;A01
201000059928;0;7;0;0;0;1;14;A01
201000059929;0;7;0;0;2;1;2;C01
201000059929;0;7;0;0;2;1;2;B01
201000059929;0;7;0;0;0;4;2;A01
201000059930;0;10;0;4;0;3;1;A01
201000059931;0;10;0;0;0;4;2;A01
201000059931;0;10;0;0;2;1;2;B01
201000059932;0;7;0;3;0;1;1;A01
201000059933;0;7;0;13;0;1;12;A01
201000059934;0;32;0;0;2;3;21;B01
201000059934;0;38;1;0;9;6;1;C01
201000059934;0;7;0;0;0;5;1;A01
201000059935;0;7;0;3;0;0;0;A01
201000059936;0;33;0;0;0;0;1;A01
201000059937;0;7;0;3;0;3;21;A01
201000059938;0;7;0;0;2;1;1;B01
201000059938;0;10;0;0;2;4;1;A01
201000059939;0;7;0;3;2;3;2;A01
201000059939;1;13;0;0;2;2;14;Z01
201000059940;0;7;0;0;0;4;2;A01
201000059940;0;7;0;0;2;1;2;B01
201000059941;0;10;0;0;2;1;2;B01
201000059941;0;7;0;0;2;4;1;A01
201000059942;0;7;0;4;0;1;1;A01
201000059943;0;7;0;0;2;1;2;C01
201000059943;0;7;0;0;0;6;0;A01
201000059943;0;7;0;0;2;1;2;B01
201000059944;0;7;0;0;0;1;0;A01
201000059945;0;7;0;0;2;3;1;A01
201000059945;0;7;0;3;2;7;14;B01
201000059946;0;7;0;0;0;9;0;A01
201000059947;0;7;0;3;0;6;1;A01
201000059948;0;10;0;0;0;0;23;A01
201000059949;0;7;0;0;0;6;1;A01
201000059949;0;32;0;0;2;4;1;B01
201000059949;0;99;0;0;2;3;1;D01
201000059949;0;7;0;0;2;1;1;C01
201000059950;0;7;0;0;2;7;17;A01
201000059950;0;7;0;13;0;8;1;B01
201000059951;0;31;0;15;0;1;14;A01
201000059952;0;32;0;0;2;3;3;A01
201000059953;0;7;0;13;0;1;2;A01
201000059954;0;7;0;0;2;7;12;B01
201000059954;0;7;0;0;2;8;1;A01
201000059955;0;7;0;0;0;4;1;A01
201000059955;0;7;0;0;2;1;2;B01
201000059956;0;7;0;4;0;2;1;A01
201000059957;0;7;0;0;2;4;2;A01
201000059957;0;33;0;0;2;4;23;B01
201000059957;0;7;0;0;2;1;2;D01
201000059957;0;7;0;0;2;4;2;C01
201000059958;0;10;0;0;2;4;2;B01
201000059958;0;7;0;0;2;1;2;C01
201000059958;0;7;0;0;0;4;2;A01
201000059959;0;7;0;0;2;4;1;A01
201000059959;1;7;0;0;2;1;2;B01
201000059960;0;7;0;0;0;4;2;A01
201000059960;0;7;0;0;2;1;2;B01
201000059961;0;7;0;0;2;4;2;A01
201000059961;0;7;0;0;2;4;2;B01
201000059961;0;10;0;0;2;1;2;D01
201000059961;0;7;0;0;2;4;2;C01
201000059962;0;7;0;3;0;9;1;A01
201000059963;0;7;0;4;0;1;1;A01
201000059964;0;7;0;0;0;4;1;A01
201000059964;0;7;0;0;2;1;2;B01
201000059965;0;7;0;0;2;4;2;C01
201000059965;0;7;0;0;2;4;2;A01
201000059965;0;7;0;0;2;4;2;B01
201000059966;0;33;0;0;0;7;2;A01
201000059967;0;34;0;0;2;1;21;B01
201000059967;0;7;0;0;0;5;23;A01
201000059968;0;7;0;2;0;3;13;A01
201000059969;0;7;0;3;2;2;1;A01
201000059969;1;7;0;0;2;6;11;Z01
201000059970;0;7;0;0;2;1;1;B01
201000059970;0;7;0;0;2;4;1;A01
201000059970;0;7;0;0;2;1;2;C01
201000059971;0;7;0;0;2;4;2;A01
201000059971;0;10;0;0;2;1;2;B01
201000059972;0;33;0;0;0;7;1;A01
201000059973;1;7;0;0;0;0;2;B01
201000059973;0;33;0;0;0;7;2;A01
201000059974;0;7;0;0;2;1;2;B01
201000059974;0;7;0;0;2;1;2;C01
201000059974;0;7;0;0;2;4;2;A01
201000059975;0;7;0;0;2;1;2;C01
201000059975;0;7;0;0;0;4;23;A01
201000059975;0;7;0;1;0;4;1;B01
201000059976;0;7;0;3;0;2;21;A01
201000059977;0;7;0;0;0;4;2;A01
201000059977;0;7;0;0;2;1;2;B01
201000059978;0;7;0;0;0;4;2;A01
201000059978;0;33;0;0;2;1;1;B01
201000059979;0;7;0;0;2;1;2;C01
201000059979;0;7;0;4;2;8;11;A01
201000059979;0;7;0;4;2;1;11;B01
201000059980;0;7;0;0;0;9;1;A01
201000059981;0;7;0;0;2;1;2;B01
201000059981;0;7;0;0;2;1;2;A01
201000059982;0;33;0;14;0;1;1;B01
201000059983;0;7;0;3;0;3;1;A01
201000059984;0;13;0;0;2;2;1;A01
201000059984;0;7;0;0;0;2;11;B01
201000059985;0;7;0;0;0;4;2;A01
201000059985;0;7;0;0;0;1;2;B01
201000059986;0;10;0;0;2;3;2;F01
201000059986;0;7;0;0;0;4;1;D01
201000059986;0;7;0;0;2;4;2;B01
201000059986;0;10;0;0;0;4;1;A02
201000059986;0;7;0;0;2;6;2;C01
201000059986;0;7;0;0;2;5;2;E01
201000059987;0;7;0;0;0;4;2;A01
201000059987;0;7;0;0;2;4;2;B01
201000059987;0;7;0;0;2;1;2;C01
201000059988;0;7;0;0;2;4;1;A01
201000059988;0;7;0;0;2;1;2;B01
201000059989;0;7;0;0;2;4;2;A01
201000059989;0;7;0;0;2;1;2;B01
201000059990;0;7;0;0;0;0;13;B01
201000059990;0;34;0;0;0;8;1;A01
201000059991;0;7;0;0;2;1;2;B01
201000059991;0;7;0;0;2;4;2;A01
201000059992;0;7;0;0;0;4;2;A01
201000059992;0;16;0;0;0;1;2;B01
201000059993;0;7;0;3;0;3;2;A01
201000059994;0;7;0;0;2;4;1;C01
201000059994;0;7;0;0;2;1;1;A01
201000059994;0;7;0;0;2;4;1;B01
201000059995;0;7;0;0;0;4;2;A01
201000059995;0;7;0;0;2;1;2;B01
201000059996;0;32;0;0;2;8;11;B01
201000059996;0;7;0;0;2;7;1;A01
201000059997;0;33;0;0;2;0;12;C01
201000059997;0;7;0;0;2;7;1;A01
201000059997;0;33;0;0;2;1;0;B01
201000059998;0;7;0;0;2;1;2;B01
201000059998;0;7;0;0;0;4;0;A01
201000059998;0;7;0;0;2;1;2;C01
201000059999;0;10;0;0;0;0;6;A01
201000059999;0;10;0;0;2;4;1;B01
201000059999;0;10;0;0;2;1;2;C01
201000060000;0;33;0;0;2;1;0;B01
201000060000;0;7;0;0;2;5;0;A01
201000060001;0;7;0;0;2;3;1;A01
201000060001;1;7;0;0;2;0;12;Z01
201000060002;0;17;0;0;0;6;2;A01
201000060002;0;10;0;0;2;1;2;B01
201000060003;0;7;0;4;2;8;1;A01
201000060003;0;7;0;4;2;3;1;B01
201000060004;0;7;0;4;0;1;0;A01
201000060005;0;15;0;1;0;4;2;B01
201000060005;0;15;0;0;2;1;2;C01
201000060005;0;14;0;1;0;4;2;A01
201000060006;0;7;0;4;0;3;2;A01
201000060007;0;7;0;4;2;3;1;A01
201000060008;0;10;0;13;0;2;1;A01
201000060009;0;7;0;5;0;0;0;A01
201000060010;0;10;0;13;0;9;9;A01
201000060011;0;7;0;4;0;3;13;A01
201000060012;0;7;0;4;2;1;1;A01
201000060012;0;10;0;0;2;1;2;B01
201000060013;0;32;0;0;2;7;14;A01
201000060013;0;7;0;0;0;8;1;B01
201000060014;0;14;0;4;0;1;2;A01
201000060015;0;10;0;4;0;3;2;A01
201000060016;0;7;0;0;2;4;2;A01
201000060016;0;7;0;0;2;1;2;B01
201000060017;0;7;0;0;2;1;2;B01
201000060017;0;15;0;0;2;6;2;A01
201000060018;0;7;0;0;2;1;2;B01
201000060018;0;7;0;0;0;4;2;A01
201000060019;0;7;0;4;0;1;12;A01
201000060020;0;7;0;0;2;5;20;C01
201000060020;0;7;0;0;2;6;1;A01
201000060020;0;7;0;4;2;8;0;B01
201000060021;0;7;0;14;9;1;11;C01
201000060021;0;7;0;0;2;1;0;B01
201000060021;0;7;0;3;0;4;0;A01
201000060022;0;7;0;0;2;4;2;A01
201000060022;0;7;0;0;2;4;2;B01
201000060022;0;7;0;0;2;2;2;C01
201000060023;0;7;0;3;6;1;2;A01
201000060024;0;10;0;0;2;2;12;B01
201000060024;0;7;0;0;2;6;1;A01
201000060025;0;33;0;0;0;0;1;A01
201000060026;0;10;0;4;2;3;11;A01
201000060026;0;7;0;4;2;2;2;B01
201000060027;0;7;0;0;2;6;1;A01
201000060027;0;7;0;4;2;7;21;B01
201000060028;0;7;0;6;0;5;1;A01
201000060029;0;7;0;2;0;1;0;A01
201000060030;0;10;0;0;2;4;2;B01
201000060030;0;10;0;0;2;2;2;C01
201000060030;0;10;0;0;0;4;2;A01
201000060030;0;10;0;0;2;1;2;D01
201000060031;0;33;0;0;2;3;1;B01
201000060031;0;7;0;0;2;5;12;A01
201000060032;0;10;0;0;2;1;2;C01
201000060032;0;10;0;0;0;6;2;A01
201000060032;0;10;0;0;2;5;2;B01
201000060033;0;7;0;3;0;1;15;A01
201000060034;0;7;0;5;0;1;2;A01
201000060035;0;7;0;2;0;2;0;A01
201000060036;0;7;0;0;0;4;23;A01
201000060036;0;7;0;1;0;1;2;B01
201000060037;0;7;0;4;0;1;1;A01
201000060038;0;7;0;0;0;4;2;A01
201000060038;0;7;0;0;2;1;2;B01
201000060039;0;33;0;0;2;3;1;A01
201000060039;0;7;0;0;2;2;14;B01
201000060040;0;7;0;0;2;4;2;A01
201000060040;0;7;0;0;2;2;2;D01
201000060040;0;7;0;0;2;1;1;B01
201000060040;0;7;0;0;2;3;2;C01
201000060041;0;7;0;0;2;4;23;B01
201000060041;0;7;0;0;0;4;23;A01
201000060041;0;7;0;0;2;1;2;C01
201000060042;0;7;0;0;0;1;2;A01
201000060043;0;7;0;0;2;2;12;A01
201000060043;0;32;0;0;2;8;16;B01
201000060044;0;7;0;0;2;4;2;A01
201000060044;0;7;0;0;2;1;2;B01
201000060045;0;7;0;0;2;1;2;A01
201000060045;0;7;0;0;2;4;2;B01
201000060046;0;7;0;0;2;1;9;C01
201000060046;0;99;0;0;2;4;1;A01
201000060046;0;7;0;0;2;1;1;B01
201000060047;0;7;0;4;0;1;11;B01
201000060047;0;15;0;0;0;2;12;A01
201000060048;0;7;0;0;0;9;2;A01
201000060049;0;7;0;3;0;2;14;A01
201000060050;0;7;0;0;2;4;2;C01
201000060050;0;7;0;0;2;1;2;D01
201000060050;0;7;0;0;2;4;2;A01
201000060050;0;7;0;0;2;0;2;B01
201000060051;0;10;0;0;2;1;2;B01
201000060051;0;10;0;0;2;4;2;A01
201000060052;0;7;0;0;2;1;2;B01
201000060052;0;7;0;0;0;4;1;A01
201000060053;0;7;0;3;0;1;2;A01
201000060054;0;7;0;0;0;4;2;A01
201000060054;0;7;0;0;0;4;1;B01
201000060054;0;7;0;0;0;4;2;C01
201000060054;0;7;0;0;0;1;2;D01
201000060055;0;7;0;0;2;4;2;C01
201000060055;0;7;0;0;2;4;1;A01
201000060055;0;7;0;0;2;1;2;E01
201000060055;0;7;0;0;2;4;2;D01
201000060055;0;7;0;0;2;4;2;B01
201000060056;0;7;0;0;2;1;1;A01
201000060056;0;7;0;0;2;4;1;B01
201000060057;0;7;0;4;0;2;1;A01
201000060058;0;7;0;4;0;1;1;A01
201000060058;0;7;0;0;2;1;1;B01
201000060059;0;7;0;13;0;2;1;A01
201000060060;0;7;0;8;0;1;0;A01
201000060061;1;7;0;0;2;1;1;Z01
201000060061;0;7;0;0;2;4;1;A01
201000060062;0;7;0;0;0;0;1;A01
201000060063;0;7;0;2;0;6;21;A01
201000060064;0;7;0;0;2;4;1;A01
201000060064;0;7;0;0;2;1;1;B01
201000060065;0;7;0;0;2;1;1;D01
201000060065;0;7;0;0;2;1;2;B01
201000060065;0;7;0;0;2;4;1;A01
201000060065;0;7;0;0;2;7;1;C01
201000060066;0;7;0;2;0;9;0;A01
201000060067;0;7;0;4;0;3;1;A01
201000060068;0;34;0;0;2;1;2;B01
201000060068;0;7;0;0;0;4;2;A01
201000060069;0;7;0;0;2;4;1;C01
201000060069;0;15;0;0;2;1;12;B01
201000060069;0;7;0;0;2;5;1;A01
201000060070;0;7;0;0;9;2;1;A01
201000060070;0;31;0;0;2;3;11;B01
201000060071;0;7;0;3;0;1;21;A01
201000060072;0;7;0;12;0;2;1;A01
201000060073;0;7;0;0;0;3;2;A01
201000060074;0;7;0;0;2;1;2;C01
201000060074;0;7;0;0;2;1;2;B01
201000060074;0;7;0;0;2;4;2;A01
201000060075;0;33;0;0;0;2;1;A01
201000060076;0;7;0;0;2;4;1;A01
201000060076;0;7;0;0;2;1;1;B01
201000060077;0;7;0;9;0;1;13;A01
201000060078;0;7;0;0;0;8;11;A01
201000060079;0;7;0;0;0;4;2;A01
201000060079;0;7;0;0;2;1;2;B01
201000060080;0;7;0;3;0;3;2;A01
201000060081;0;7;0;0;0;2;1;A01
201000060082;0;33;0;3;0;8;2;A01
201000060083;0;7;0;3;0;1;2;A01
201000060084;0;7;0;4;2;5;18;A01
201000060084;0;7;0;0;0;8;1;B01
201000060085;0;7;0;2;0;9;1;A01
201000060086;0;7;0;0;0;7;2;B01
201000060086;0;7;0;0;2;7;5;A01
201000060087;0;7;0;4;0;1;2;A01
201000060088;0;7;0;0;2;4;2;C01
201000060088;0;7;0;0;2;6;2;B01
201000060088;0;7;0;0;0;4;2;A01
201000060088;0;7;0;0;2;1;2;D01
201000060089;0;7;0;0;0;9;17;A01
201000060090;0;7;0;4;0;1;1;A01
201000060091;0;7;0;3;0;9;0;A01
201000060092;0;7;0;3;0;3;13;A01
201000060093;0;7;0;0;2;1;12;B01
201000060093;0;7;0;0;0;3;1;A01
201000060094;0;7;0;3;0;1;2;A01
201000060095;0;7;0;0;2;1;1;B01
201000060095;0;7;0;0;0;4;1;A01
201000060096;0;7;0;0;2;4;23;A01
201000060096;0;7;0;0;2;1;2;C01
201000060096;0;7;0;0;2;4;23;B01
201000060097;0;7;0;0;2;8;1;A01
201000060097;0;7;0;0;2;2;21;B01
201000060098;0;7;0;0;2;1;2;A01
201000060098;0;7;0;0;2;1;2;B01
201000060099;0;7;0;4;0;1;2;A01
201000060100;0;7;0;0;2;3;1;B01
201000060100;0;7;0;4;2;5;0;A01
201000060101;0;7;0;3;0;6;2;A01
201000060101;0;10;0;0;2;2;2;B01
201000060102;0;7;0;0;2;5;2;B01
201000060102;0;7;0;0;2;3;2;C01
201000060102;0;7;0;0;0;4;2;A01
201000060103;0;7;0;0;2;4;2;I01
201000060103;0;7;0;0;2;4;2;G02
201000060103;0;7;0;0;2;4;2;C03
201000060103;0;7;0;0;2;3;2;M01
201000060103;0;17;0;0;2;2;2;L01
201000060103;0;7;0;0;2;4;2;F02
201000060103;0;7;0;0;2;4;2;E03
201000060103;0;10;0;0;2;4;2;B01
201000060103;0;10;0;0;2;4;2;J02
201000060103;0;7;0;0;2;4;2;A02
201000060103;0;10;0;0;2;4;2;H02
201000060103;0;7;0;0;2;4;2;K01
201000060103;0;7;0;0;2;4;2;D03
201000060104;0;7;0;0;0;4;2;A01
201000060104;0;7;0;0;2;1;2;B01
201000060105;0;7;0;0;1;2;1;A01
201000060106;0;7;0;0;2;4;2;B01
201000060106;0;7;0;0;2;1;2;C01
201000060106;0;7;0;0;0;4;2;A01
201000060107;0;7;0;3;2;9;17;A01
201000060107;0;7;0;0;0;1;12;B01
201000060108;0;7;0;4;0;2;15;A01
201000060109;0;10;0;0;2;2;1;B01
201000060109;0;10;0;0;2;8;11;A01
201000060110;0;7;0;0;0;0;20;A01
201000060110;0;10;0;0;1;7;21;B01
201000060111;1;7;0;0;0;0;9;Z01
201000060111;0;7;0;3;2;8;1;A01
201000060111;0;99;0;3;2;7;12;B01
201000060112;0;17;0;0;2;8;13;A01
201000060112;0;7;0;0;2;2;1;B01
201000060113;0;7;0;3;0;9;1;A01
201000060113;0;7;0;0;9;3;11;B01
201000060114;0;7;0;4;0;1;10;A01
201000060114;0;7;0;1;0;5;2;B01
201000060115;0;7;0;0;0;4;2;A01
201000060115;0;7;0;0;2;1;2;B01
201000060116;0;7;0;0;0;4;20;A01
201000060116;0;30;0;0;2;1;2;B01
201000060117;0;7;0;0;0;3;1;A01
201000060117;0;7;0;0;2;1;14;B01
201000060118;0;7;0;0;2;1;2;B01
201000060118;0;7;0;0;2;4;2;A01
201000060119;0;7;0;0;2;4;2;B01
201000060119;2;7;0;0;2;1;2;C01
201000060119;0;7;0;0;0;4;1;A01
201000060120;0;31;0;0;2;1;2;B01
201000060120;0;7;0;0;0;6;23;A01
201000060121;0;34;0;0;0;8;1;A01
201000060122;0;7;0;0;2;1;0;I02
201000060122;0;7;0;0;2;2;5;A03
201000060122;0;7;0;0;2;3;0;E01
201000060122;0;7;0;0;2;1;0;G02
201000060122;0;7;0;0;2;7;0;J02
201000060122;0;7;0;4;2;2;0;B01
201000060122;0;7;0;4;2;2;0;C01
201000060122;0;7;0;0;2;3;0;F01
201000060122;0;7;0;0;2;8;21;D01
201000060122;0;33;0;0;2;7;0;H02
201000060122;0;7;0;0;2;7;0;K02
201000060123;0;7;0;4;0;8;1;A01
201000060123;0;7;0;0;2;1;12;B01
201000060124;1;2;0;0;2;2;17;Z01
201000060124;0;7;0;4;2;6;2;A01
201000060125;0;10;0;3;2;2;1;B01
201000060125;0;7;0;0;2;6;13;A01
201000060126;0;7;0;3;0;3;1;A01
201000060127;0;30;0;0;2;4;23;A01
201000060127;1;7;0;0;2;1;2;Z01
201000060128;0;31;0;0;2;1;18;B01
201000060128;0;7;0;0;2;2;22;A01
201000060129;0;10;0;0;1;7;4;A01
201000060130;0;33;0;1;2;2;2;A01
201000060130;0;7;0;0;2;8;23;B01
201000060130;0;7;0;0;2;4;2;C01
201000060131;0;2;0;0;1;0;1;A01
201000060132;0;7;0;0;2;1;2;B01
201000060132;0;7;0;0;2;6;23;A01
201000060133;0;30;0;0;1;3;21;A01
201000060134;0;33;0;0;1;1;1;A01
201000060135;1;7;0;0;2;0;14;Z01
201000060135;0;34;0;0;2;6;1;A01
201000060136;0;7;0;0;1;2;1;A01
201000060137;0;1;0;0;1;2;15;A01
201000060138;0;32;0;0;0;0;1;A01
201000060139;0;7;0;0;1;1;15;A01
201000060140;0;7;0;0;2;4;11;B01
201000060140;0;7;0;0;2;1;1;A01
201000060141;0;34;0;0;0;8;1;A01
201000060142;0;7;0;0;2;1;1;B01
201000060142;0;7;0;14;2;7;1;A01
201000060143;0;32;0;0;2;7;5;A01
201000060143;0;7;0;0;2;3;1;B01
201000060144;0;32;0;14;0;2;14;A01
201000060145;0;33;0;0;0;0;15;A01
201000060146;0;1;0;0;1;1;1;A01
201000060147;0;7;0;0;2;5;1;B01
201000060147;0;33;0;0;2;1;17;A01
201000060147;0;33;0;0;2;1;1;C01
201000060148;0;7;0;15;2;3;13;A01
201000060148;0;10;0;0;2;2;1;B01
201000060149;0;10;0;0;2;3;23;B01
201000060149;0;1;0;0;2;5;14;A01
201000060150;0;7;0;0;1;5;4;A01
201000060151;0;32;0;0;2;4;23;B01
201000060151;0;7;0;0;2;1;14;A01
201000060151;0;7;0;0;2;6;23;C01
201000060152;0;34;0;0;2;7;1;A01
201000060152;0;7;0;0;2;8;1;B01
201000060153;1;7;0;0;2;2;17;Z01
201000060153;0;30;0;0;2;6;1;A01
201000060154;0;7;0;0;2;2;16;A01
201000060154;0;1;0;0;2;1;1;B01
201000060155;0;1;0;0;1;3;1;A01
201000060156;0;7;0;0;2;3;10;A01
201000060156;0;2;0;0;2;3;1;B01
201000060157;0;30;0;14;0;1;13;A01
201000060158;0;30;0;0;2;1;1;A01
201000060158;0;7;0;0;2;2;15;B01
201000060159;2;7;0;14;0;1;14;Z01
201000060160;0;32;0;0;0;1;1;A01
201000060161;0;10;0;0;1;5;4;A01
201000060162;0;33;0;12;0;1;17;A01
201000060163;0;7;0;0;2;5;2;B01
201000060163;0;30;0;0;2;2;2;A01
201000060164;0;7;0;0;1;4;4;A01
201000060165;0;37;2;0;2;1;2;B01
201000060165;0;7;0;0;2;4;23;A01
201000060166;1;7;0;0;1;0;1;Z01
201000060167;0;7;0;0;2;1;2;A01
201000060167;0;7;0;0;2;4;23;B01
201000060168;0;33;0;0;0;4;1;A01
201000060169;0;3;0;12;0;2;14;A01
201000060170;0;7;0;0;2;2;17;A01
201000060170;0;1;0;0;2;3;13;B01
201000060171;0;33;0;0;2;8;1;A01
201000060171;1;7;0;0;2;0;13;Z01
201000060172;0;7;0;0;1;1;15;A01
201000060173;0;1;0;1;0;1;5;A01
201000060174;0;33;0;0;0;0;11;A01
201000060175;0;32;0;0;2;6;15;A01
201000060175;0;7;0;0;2;2;1;B01
201000060176;0;32;0;0;2;6;21;A01
201000060176;0;7;0;0;2;2;1;B01
201000060176;0;10;0;0;2;3;14;C01
201000060177;0;7;0;0;0;3;1;A01
201000060177;0;7;0;0;0;5;23;B01
201000060178;0;34;0;0;2;1;1;B01
201000060178;0;10;0;0;2;0;15;A01
201000060179;0;7;0;0;2;6;23;B01
201000060179;0;30;0;0;2;1;2;A01
201000060180;0;7;0;0;2;1;2;A01
201000060180;0;7;0;0;2;9;23;B01
201000060181;0;33;0;0;1;1;1;A01
201000060182;0;2;0;0;2;2;17;A01
201000060182;0;14;0;0;2;8;15;B01
201000060183;0;1;0;0;2;0;1;B01
201000060183;0;33;0;0;2;1;16;A01
201000060184;0;33;0;0;1;1;15;A01
201000060185;0;7;0;0;1;3;15;A01
201000060186;0;7;0;0;1;3;0;A01
201000060187;0;7;0;0;0;2;15;A01
201000060187;0;2;0;0;2;3;1;B01
201000060188;0;7;0;0;0;3;1;B01
201000060188;0;34;0;0;0;2;16;A01
201000060189;0;30;0;0;0;7;1;A01
201000060190;0;7;0;0;2;0;15;A01
201000060190;0;32;0;0;2;2;17;B01
201000060191;0;34;0;14;2;7;1;B01
201000060191;0;34;0;0;1;1;13;A01
201000060192;0;1;0;0;0;0;1;A01
201000060193;0;7;0;0;2;7;15;A01
201000060193;0;2;0;0;2;2;16;B01
201000060194;0;7;0;0;2;3;1;B01
201000060194;0;7;0;0;2;1;1;A01
201000060195;0;30;0;12;0;1;1;A01
201000060196;0;10;0;0;0;5;24;B01
201000060196;0;32;0;0;2;1;1;A01
201000060197;0;7;0;0;2;7;1;C01
201000060197;0;7;0;0;2;8;22;A01
201000060197;0;1;0;0;2;0;1;B01
201000060198;0;2;0;0;2;2;17;A01
201000060198;0;7;0;0;2;8;15;B01
201000060199;0;31;0;11;0;1;15;A01
201000060200;0;2;0;0;2;8;15;B01
201000060200;0;32;0;0;2;7;17;A01
201000060201;0;32;0;0;0;2;1;A01
201000060202;0;10;0;0;2;8;12;A01
201000060202;0;32;0;0;2;7;23;B01
201000060203;0;30;0;0;2;3;1;B01
201000060203;0;7;0;0;2;2;1;A01
201000060204;0;33;0;0;2;3;1;B01
201000060204;0;7;0;0;2;5;16;A01
201000060205;0;2;0;0;1;1;7;A01
201000060206;0;7;0;0;1;3;1;A01
201000060207;0;10;0;0;1;1;1;A01
201000060208;0;1;0;0;2;2;1;B01
201000060208;0;7;0;0;2;3;22;A01
201000060209;0;7;0;0;2;1;1;B01
201000060209;0;32;0;0;2;7;1;A01
201000060210;0;7;0;12;0;0;14;A01
201000060211;0;7;0;0;2;5;1;B01
201000060211;0;2;0;0;2;3;13;A01
201000060212;0;32;0;0;2;2;17;A01
201000060212;0;7;0;0;2;3;15;B01
201000060213;0;7;0;0;1;4;4;A01
201000060214;0;34;0;0;2;8;1;A01
201000060214;1;7;0;0;2;0;12;Z01
201000060215;0;10;0;0;2;2;1;B01
201000060215;0;38;0;0;2;8;23;C01
201000060215;0;2;0;0;2;5;3;A01
201000060216;0;2;0;14;0;1;14;A01
201000060217;0;7;0;0;2;3;22;A01
201000060217;0;1;0;0;2;2;1;B01
201000060218;0;3;0;0;1;3;15;A01
201000060219;0;30;0;0;1;8;1;A01
201000060220;0;13;0;0;2;2;16;A01
201000060220;0;7;0;8;2;9;7;B01
201000060221;0;7;0;0;2;3;15;A01
201000060221;0;32;0;0;2;2;1;B01
201000060222;0;7;0;0;2;2;23;A01
201000060222;0;30;0;0;2;3;21;B01
201000060223;0;32;0;0;2;1;1;B01
201000060223;0;7;0;0;2;8;15;A01
201000060224;0;34;0;0;0;0;1;A01
201000060225;0;7;0;0;2;3;15;A01
201000060225;0;32;0;0;2;3;1;B01
201000060226;0;30;0;4;0;3;13;A01
201000060227;0;37;0;0;2;1;2;B01
201000060227;0;7;0;0;2;4;2;A01
201000060228;0;33;0;0;0;0;15;A01
201000060229;0;13;0;0;2;4;23;A01
201000060229;0;33;0;0;2;3;17;B01
201000060230;0;2;0;0;0;7;1;A01
201000060231;0;1;0;0;1;1;1;A01
201000060232;0;14;0;0;1;2;1;A01
201000060233;0;34;0;0;0;7;1;A01
201000060234;0;33;0;0;1;1;1;A01
201000060235;0;1;0;0;0;4;7;B01
201000060235;0;37;4;0;0;1;17;A01
201000060236;0;33;0;0;1;1;1;A01
201000060237;0;1;0;0;1;0;1;A01
201000060238;0;14;0;0;2;2;16;A01
201000060238;0;1;0;0;2;9;7;B01
201000060239;0;1;0;0;2;0;19;A01
201000060239;0;7;0;0;2;3;1;B01
201000060240;0;33;0;0;0;7;3;A01
201000060241;0;7;0;0;1;2;1;A01
201000060242;0;34;0;0;0;6;23;B01
201000060242;0;7;0;0;0;1;1;A01
201000060243;0;30;0;0;0;0;13;A01
201000060244;0;10;0;0;1;7;1;A01
201000060245;0;7;0;0;1;7;1;A01
201000060246;0;7;0;0;1;1;15;A01
201000060247;0;34;0;0;0;0;21;A01
201000060248;0;1;0;0;0;0;7;A01
201000060249;0;37;10;0;1;1;1;A01
201000060250;0;2;0;0;1;3;1;A01
201000060251;0;30;0;0;2;7;1;B01
201000060251;0;10;0;0;2;8;15;A01
201000060252;0;2;0;0;0;0;21;A01
201000060253;0;7;0;0;0;6;15;B01
201000060253;0;32;0;0;0;1;17;A01