num_acc;senc;catv;occutc;obs;obsm;choc;manv;num_veh
201000060649;0;33;0;0;1;1;1;A01
201000060650;0;7;0;0;2;5;2;B01
201000060650;0;31;0;0;2;1;2;A01
201000060651;0;1;0;0;1;1;1;A01
201000060652;0;7;0;0;2;5;2;B01
201000060652;0;31;0;0;2;3;2;A01
201000060653;0;30;0;0;0;2;1;A01
201000060654;0;10;0;11;0;2;14;A01
201000060655;0;34;0;0;2;0;21;A01
201000060656;2;7;0;12;0;7;16;A01
201000060657;0;7;0;0;1;2;7;A01
201000060658;0;7;0;0;2;7;1;A01
201000060658;0;7;0;0;2;1;1;B01
201000060659;0;32;0;0;2;2;2;A01
201000060659;0;10;0;0;2;4;2;B01
201000060660;0;33;0;0;2;1;5;A01
201000060660;0;7;0;0;2;3;15;B01
201000060661;0;7;0;8;0;2;15;A01
201000060662;0;7;0;0;1;6;4;A01
201000060663;0;1;0;0;2;3;19;B01
201000060663;0;7;0;0;9;8;16;A01
201000060664;1;7;0;0;1;8;4;Z01
201000060665;0;32;0;0;1;7;1;A01
201000060666;0;7;0;0;0;4;23;B01
201000060666;0;7;0;0;2;1;1;A01
201000060667;0;7;0;0;2;1;2;A01
201000060667;0;7;0;0;2;4;23;B01
201000060668;0;32;0;0;2;7;21;A01
201000060669;0;32;0;0;1;2;1;A01
201000060670;0;7;0;0;1;7;1;A01
201000060671;0;1;0;0;0;0;21;A01
201000060672;0;1;0;0;2;1;1;A01
201000060672;0;7;0;0;2;3;1;B01
201000060673;0;31;0;0;0;0;1;A01
201000060674;0;1;0;0;2;3;15;A01
201000060674;0;7;0;0;2;5;1;B01
201000060675;0;32;0;0;2;4;15;A01
201000060675;0;7;0;0;2;1;1;B01
201000060676;0;13;0;0;1;0;16;A01
201000060677;0;10;0;0;1;4;4;A01
201000060678;0;2;0;0;2;1;2;A01
201000060678;0;7;0;0;2;4;2;B01
201000060679;0;33;0;0;2;7;1;B01
201000060679;0;7;0;0;2;8;1;A01
201000060680;0;33;0;14;0;7;1;A01
201000060681;0;7;0;0;2;8;15;A01
201000060681;0;31;0;0;2;7;17;B01
201000060682;0;30;0;0;0;0;21;A01
201000060683;0;33;0;2;0;1;14;A01
201000060684;0;34;0;0;0;0;21;A01
201000060685;0;7;0;0;2;3;15;B01
201000060685;0;32;0;0;2;1;1;A01
201000060686;0;7;0;0;2;3;13;A01
201000060686;0;31;0;0;2;3;16;B01
201000060687;0;10;0;0;2;5;16;A01
201000060687;0;37;20;0;2;1;7;B01
201000060688;0;7;0;0;1;3;1;A01
201000060689;0;7;0;0;1;1;7;A01
201000060690;0;7;0;0;1;3;16;A01
201000060691;0;10;0;0;2;2;16;A01
201000060691;0;32;0;8;2;8;1;B01
201000060692;0;10;0;0;1;3;15;A01
201000060693;0;7;0;0;2;1;2;A01
201000060693;0;7;0;0;2;4;23;B01
201000060694;0;34;0;0;2;7;13;A01
201000060694;0;7;0;0;2;3;1;B01
201000060695;0;32;0;0;2;1;1;A01
201000060695;0;7;0;0;2;3;1;B01
201000060696;0;7;0;0;1;4;4;A01
201000060697;0;7;0;0;2;1;2;A01
201000060697;0;7;0;0;2;4;23;B01
201000060698;0;7;0;0;2;1;2;A01
201000060698;0;7;0;0;2;4;23;B01
201000060699;0;30;0;0;2;3;17;B01
201000060699;0;10;0;0;2;3;10;A01
201000060700;0;37;10;0;2;3;7;B01
201000060700;0;7;0;0;2;2;16;A01
201000060701;0;1;0;0;2;3;13;A01
201000060701;0;7;0;0;2;0;1;B01
201000060702;0;32;0;0;2;2;2;A01
201000060702;0;7;0;0;2;6;2;B01
201000060703;0;7;0;0;1;8;7;A01
201000060704;0;32;0;0;2;3;1;A01
201000060704;0;7;0;0;2;8;23;B01
201000060705;0;7;0;0;2;2;1;A01
201000060705;0;33;0;0;2;8;1;B01
201000060706;0;32;0;1;2;1;2;A01
201000060706;0;7;0;0;2;4;23;B01
201000060707;0;7;0;0;1;2;1;A01
201000060708;0;30;0;0;2;2;17;A01
201000060708;0;7;0;0;2;3;15;B01
201000060709;0;7;0;0;2;5;2;B01
201000060709;0;31;0;0;2;1;2;A01
201000060710;0;13;0;0;1;6;4;A01
201000060711;1;1;0;0;1;1;15;Z01
201000060712;0;7;0;0;2;7;16;A01
201000060712;0;1;0;0;2;1;7;B01
201000060713;0;33;0;0;0;7;21;A01
201000060714;0;34;0;0;2;1;2;A01
201000060714;0;7;0;0;2;6;23;B01
201000060715;0;33;0;0;1;7;17;A01
201000060716;0;32;0;0;2;3;16;A01
201000060716;0;7;0;0;2;2;14;B01
201000060717;0;1;0;8;0;7;1;A01
201000060718;0;32;0;0;1;2;1;A01
201000060719;0;7;0;0;1;3;1;A01
201000060720;0;7;0;0;2;4;23;C01
201000060720;0;7;0;0;2;1;2;A01
201000060720;0;7;0;0;2;4;23;B01
201000060721;0;32;0;0;2;2;17;B01
201000060721;0;7;0;0;0;8;15;A01
201000060722;0;32;0;0;0;7;1;A01
201000060723;0;30;0;0;0;7;1;A01
201000060724;0;7;0;1;0;2;14;A01
201000060725;0;7;0;0;0;5;2;B01
201000060725;0;7;0;0;0;8;1;C01
201000060725;0;32;0;0;2;3;2;A01
201000060726;0;7;0;0;2;3;7;B01
201000060726;0;32;0;0;2;3;16;A01
201000060727;0;7;0;0;1;1;1;A01
201000060728;0;31;0;0;1;7;1;A01
201000060729;0;7;0;0;2;2;16;A01
201000060729;0;32;0;0;2;8;18;B01
201000060730;0;7;0;0;2;1;2;A01
201000060730;0;7;0;0;2;4;23;B01
201000060731;0;7;0;0;1;1;1;A01
201000060732;0;7;0;0;2;3;2;A01
201000060732;0;30;0;0;2;4;2;B01
201000060733;0;7;0;0;1;2;9;A01
201000060734;0;32;0;0;1;2;1;A01
201000060734;0;10;0;0;0;0;1;B01
201000060735;0;32;0;0;2;1;18;A01
201000060735;0;10;0;0;2;7;1;B01
201000060736;0;30;0;0;1;3;1;A01
201000060737;0;7;0;0;1;4;4;A01
201000060738;0;7;0;0;2;3;9;A01
201000060738;0;32;0;0;2;8;17;B01
201000060739;0;7;0;0;2;1;2;A01
201000060739;0;34;0;0;2;4;23;B01
201000060740;1;10;0;0;0;0;16;Z01
201000060740;0;32;0;0;0;6;1;B01
201000060741;0;7;0;0;1;2;1;A01
201000060742;0;7;0;0;2;3;17;B01
201000060742;0;32;0;0;2;3;15;A01
201000060743;0;32;0;0;2;2;1;A01
201000060743;0;7;0;0;2;2;16;B01
201000060744;0;34;0;0;1;1;1;A01
201000060745;0;2;0;0;1;1;1;A01
201000060746;0;32;0;0;2;1;17;A01
201000060746;0;3;0;0;0;6;15;B01
201000060747;0;2;0;0;1;1;0;A01
201000060748;0;7;0;0;2;7;7;B01
201000060748;0;30;0;0;2;3;16;A01
201000060749;0;7;0;0;2;8;15;A01
201000060749;0;2;0;0;2;7;15;B01
201000060750;0;30;0;11;0;8;17;A01
201000060750;0;13;0;11;0;3;1;B01
201000060751;0;7;0;0;2;3;15;B01
201000060751;0;32;0;0;2;2;17;A01
201000060752;0;1;0;0;1;8;1;A01
201000060753;0;32;0;0;1;1;1;A01
201000060754;0;30;0;0;2;8;1;B01
201000060754;0;7;0;0;2;5;1;A01
201000060755;0;1;0;0;1;1;1;A01
201000060756;0;7;0;0;0;2;7;A01
201000060757;0;32;0;0;1;0;7;A01
201000060758;0;30;0;0;0;5;1;A01
201000060759;0;7;0;1;1;5;4;A01
201000060760;0;1;0;0;2;1;13;A01
201000060760;0;7;0;0;2;1;1;B01
201000060761;0;7;0;0;2;8;15;B01
201000060761;0;32;0;0;2;2;17;A01
201000060762;0;30;0;0;2;1;1;B01
201000060762;0;7;0;0;2;2;9;A01
201000060763;0;7;0;0;2;2;16;A01
201000060763;0;7;0;0;2;3;7;B01
201000060764;0;32;0;0;1;1;1;A01
201000060765;0;30;0;0;0;0;1;A01
201000060766;0;30;0;0;2;1;2;A01
201000060766;0;7;0;0;2;5;23;B01
201000060767;0;7;0;0;2;3;15;B01
201000060767;0;34;0;0;2;9;17;A01
201000060768;0;32;0;0;2;1;13;A01
201000060768;0;7;0;0;2;2;1;B01
201000060769;0;7;0;0;2;6;15;A01
201000060769;0;33;0;0;2;1;17;B01
201000060770;0;7;0;0;2;4;23;B01
201000060770;0;14;0;0;2;1;2;A01
201000060771;0;2;0;0;2;0;17;A01
201000060771;0;10;0;0;2;8;15;B01
201000060772;0;32;0;0;2;1;21;A01
201000060772;0;10;0;0;2;4;1;B01
201000060773;0;1;0;0;1;1;1;A01
201000060774;0;7;0;0;1;1;15;A01
201000060775;0;7;0;0;2;1;15;A01
201000060775;0;33;0;0;2;2;1;B01
201000060776;0;7;0;0;1;2;1;A01
201000060777;0;32;0;8;0;0;13;A01
201000060778;0;10;0;0;2;4;13;B01
201000060778;0;10;0;0;2;1;1;A01
201000060779;0;30;0;0;2;1;1;B01
201000060779;0;7;0;0;2;8;16;A01
201000060780;0;7;0;0;2;2;10;A01
201000060780;0;34;0;0;2;3;1;B01
201000060781;0;7;0;0;2;0;15;A01
201000060781;0;32;0;1;2;7;1;B01
201000060782;0;7;0;0;2;2;1;B01
201000060782;0;33;0;1;2;1;18;A01
201000060783;0;7;0;0;1;6;1;A01
201000060784;0;7;0;0;2;0;15;A01
201000060784;0;30;0;0;2;0;1;B01
201000060785;0;30;0;0;2;1;17;A01
201000060785;0;32;0;0;2;6;15;B01
201000060786;0;32;0;0;0;6;1;A01
201000060787;0;1;0;0;2;3;1;B01
201000060787;0;7;0;0;2;3;15;A01
201000060788;0;7;0;0;2;5;23;B01
201000060788;0;1;0;0;2;5;2;A01
201000060789;0;32;0;1;1;8;1;A01
201000060790;1;31;0;0;1;1;16;Z01
201000060791;0;33;0;0;2;6;14;A01
201000060791;0;7;0;0;2;3;1;B01
201000060792;0;32;0;0;2;8;7;A01
201000060792;0;7;0;0;2;5;16;B01
201000060793;0;2;0;0;2;2;1;B01
201000060793;1;33;0;0;0;0;16;Z01
201000060793;0;1;0;0;2;4;1;C01
201000060794;0;7;0;0;9;3;11;A01
201000060794;0;1;0;0;2;3;7;B01
201000060795;0;32;0;0;0;7;1;B01
201000060795;0;7;0;0;0;3;15;A01
201000060796;0;37;15;0;2;1;1;B01
201000060796;0;1;0;0;2;1;19;A01
201000060797;0;7;0;0;0;5;22;A01
201000060797;0;1;0;0;2;5;18;B01
201000060798;0;7;0;0;1;7;1;A01
201000060799;0;7;0;0;1;2;15;A01
201000060800;0;31;0;0;1;1;1;A01
201000060801;0;34;0;0;2;1;1;B01
201000060801;0;7;0;0;2;2;1;A01
201000060802;0;7;0;0;2;3;1;A01
201000060802;0;7;0;0;2;3;1;B01
201000060803;0;7;0;0;2;3;13;A01
201000060803;0;32;0;0;2;2;17;B01
201000060804;0;31;0;0;2;2;17;B01
201000060804;0;7;0;0;2;3;10;A01
201000060805;0;31;0;0;2;8;22;A01
201000060805;0;32;0;1;0;2;1;B01
201000060806;0;30;0;0;2;1;2;A01
201000060806;0;7;0;0;2;4;23;B01
201000060807;0;7;0;0;2;2;7;B01
201000060807;0;1;0;0;2;3;18;A01
201000060808;0;7;0;0;0;2;16;A01
201000060808;0;32;0;0;0;3;1;B01
201000060809;0;7;0;0;2;2;16;B01
201000060809;0;1;0;0;2;1;18;A01
201000060810;0;33;0;0;1;1;1;A01
201000060811;0;7;0;9;0;1;1;A01
201000060812;0;31;0;0;1;1;1;A01
201000060813;0;32;0;0;0;8;1;A01
201000060813;0;1;0;0;0;8;5;B01
201000060814;0;33;0;1;0;1;21;A01
201000060815;0;33;0;0;0;0;1;A01
201000060816;0;32;0;0;1;1;1;A01
201000060817;0;30;0;0;2;8;7;A01
201000060817;0;7;0;0;2;2;16;B01
201000060818;0;34;0;0;1;1;7;A01
201000060819;0;37;4;0;2;6;1;A01
201000060819;1;13;0;0;2;2;14;Z01
201000060820;0;30;0;0;2;1;1;A01
201000060820;0;7;0;0;2;5;16;B01
201000060821;0;31;0;0;1;1;1;A01
201000060822;0;7;0;0;1;5;4;A01
201000060823;0;7;0;0;1;1;1;A01
201000060824;0;30;0;0;0;0;16;A01
201000060825;0;1;0;0;2;0;1;B01
201000060825;0;7;0;0;2;8;22;A01
201000060826;0;32;0;0;0;7;21;A01
201000060827;0;33;0;1;1;1;1;A01
201000060828;0;34;0;0;1;1;5;A01
201000060829;0;7;0;0;0;0;15;B01
201000060829;0;30;0;0;0;7;17;A01
201000060830;0;30;0;0;0;0;1;A01
201000060831;0;30;0;1;2;1;17;A01
201000060832;1;30;0;0;1;1;1;Z01
201000060833;0;33;0;0;1;0;1;A01
201000060834;0;32;0;14;0;2;18;A01
201000060835;0;1;0;0;1;1;7;A01
201000060836;0;7;0;0;9;2;20;A01
201000060836;0;1;0;0;2;2;1;B01
201000060837;0;30;0;0;2;1;17;B01
201000060837;0;7;0;0;2;3;15;A01
201000060838;0;30;0;0;1;1;1;A01
201000060839;0;14;0;0;2;5;24;A01
201000060839;0;1;0;0;2;1;1;B01
201000060840;0;32;0;0;2;2;17;B01
201000060840;0;7;0;0;2;3;15;A01
201000060841;1;7;0;0;2;0;13;Z01
201000060841;0;37;1;0;2;1;1;A01
201000060841;0;7;0;0;2;4;1;B01
201000060842;0;30;0;0;2;4;23;B01
201000060842;0;32;0;0;2;1;2;A01
201000060843;0;32;0;0;2;1;2;A01
201000060843;0;7;0;0;2;5;23;B01
201000060844;0;7;0;7;0;3;13;A01
201000060845;0;2;0;0;0;2;1;A01
201000060846;0;7;0;0;2;4;2;B01
201000060846;0;7;0;0;2;1;2;A01
201000060847;0;10;0;0;1;2;16;A01
201000060848;0;7;0;0;2;1;15;A01
201000060848;0;2;0;0;2;1;1;B01
201000060849;0;34;0;0;2;1;1;B01
201000060849;0;7;0;0;2;2;15;A01
201000060850;0;7;0;0;2;4;23;B01
201000060850;0;7;0;0;2;1;2;A01
201000060851;0;32;0;0;1;8;1;A01
201000060852;0;32;0;14;0;1;15;A01
201000060853;0;7;0;0;2;3;9;A01
201000060853;0;7;0;1;2;2;1;B01
201000060854;0;7;0;0;2;2;15;A01
201000060854;0;30;0;0;2;8;1;B01
201000060855;0;2;0;0;0;0;1;A01
201000060856;0;10;0;0;2;8;15;A01
201000060856;0;33;0;0;2;2;1;B01
201000060857;0;7;0;0;1;2;1;A01
201000060858;0;34;0;0;2;1;17;B01
201000060858;0;7;0;0;2;8;15;A01
201000060859;1;32;0;0;1;0;1;Z01
201000060860;0;37;12;0;1;2;7;A01
201000060861;0;7;0;0;2;1;2;A01
201000060861;0;7;0;0;2;4;23;B01
201000060862;0;7;0;0;2;0;22;A01
201000060862;0;1;0;0;2;7;17;B01
201000060863;0;33;0;0;2;8;15;A01
201000060863;0;32;0;0;2;1;1;B01
201000060864;0;1;0;0;2;1;17;B01
201000060864;0;7;0;0;2;3;22;A01
201000060865;0;7;0;0;1;2;8;A01
201000060866;0;7;0;0;2;3;15;B01
201000060866;0;34;0;0;2;1;17;A01
201000060867;0;7;0;0;1;5;16;A01
201000060868;0;10;0;0;1;1;1;A01
201000060869;0;1;0;0;2;1;17;A01
201000060869;1;7;0;0;2;0;13;Z01
201000060870;0;7;0;0;2;8;15;A01
201000060870;0;30;0;0;2;8;17;B01
201000060871;0;33;0;0;2;8;7;A01
201000060871;0;7;0;0;2;2;16;B01
201000060872;0;34;0;14;0;1;21;A01
201000060873;0;7;0;0;1;2;1;A01
201000060874;0;7;0;0;2;7;17;A01
201000060874;0;1;0;0;2;8;13;B01
201000060875;0;30;0;0;0;0;1;A01
201000060876;0;7;0;0;2;8;16;A01
201000060876;0;37;60;0;2;2;1;B01
201000060877;0;30;0;0;1;1;17;A01
201000060878;0;34;0;1;0;1;14;A01
201000060879;0;7;0;0;2;1;2;C01
201000060879;0;7;0;0;2;1;2;B01
201000060879;0;7;0;0;2;4;2;A01
201000060880;0;7;0;0;2;0;22;A01
201000060880;0;30;0;0;2;0;1;B01
201000060881;0;7;0;0;2;8;11;A01
201000060881;0;34;0;0;2;2;1;B01
201000060882;0;7;0;0;1;3;1;A01
201000060883;0;32;0;0;2;2;1;B01
201000060883;0;7;0;0;2;3;15;A01
201000060884;0;7;0;0;1;2;1;A01
201000060885;0;31;0;0;0;0;21;A01
201000060886;0;1;0;0;0;0;21;A01
201000060887;0;31;0;0;2;1;1;A01
201000060887;0;7;0;0;2;8;1;B01
201000060888;0;33;0;0;2;0;1;B01
201000060888;0;7;0;0;2;0;10;A01
201000060889;0;7;0;0;2;3;1;B01
201000060889;0;7;0;0;2;2;13;A01
201000060890;0;2;0;0;2;1;1;A01
201000060890;0;30;0;0;2;8;1;B01
201000060891;0;7;0;0;2;2;15;A01
201000060891;0;30;0;0;2;3;1;B01
201000060892;0;32;0;0;2;8;1;B01
201000060892;0;7;0;0;2;1;15;A01
201000060892;0;32;0;0;2;8;1;C01
201000060893;0;7;0;0;1;6;4;A01
201000060894;0;7;0;0;1;3;7;A01
201000060895;0;7;0;0;1;2;1;A01
201000060896;0;34;0;0;0;0;1;A01
201000060897;0;7;0;0;2;5;15;A01
201000060897;0;33;0;0;2;1;1;B01
201000060898;0;31;0;0;0;0;21;A01
201000060899;0;33;0;0;1;1;17;A01
201000060900;0;30;0;0;1;2;1;A01
201000060901;0;7;0;0;1;3;1;A01
201000060902;0;2;0;0;2;7;1;B01
201000060902;0;7;0;0;2;8;22;A01
201000060903;0;38;20;0;1;6;1;A01
201000060904;0;7;0;0;2;1;15;A01
201000060904;0;32;0;0;2;8;1;B01
201000060905;0;31;0;1;2;1;17;A01
201000060905;0;7;0;0;2;3;15;B01
201000060906;0;34;0;7;0;0;21;A01
201000060907;0;33;0;0;1;1;1;A01
201000060908;0;10;0;0;2;3;15;B01
201000060908;0;32;0;0;2;7;7;A01
201000060909;0;7;0;0;1;6;4;A01
201000060910;0;7;0;0;2;8;1;C01
201000060910;0;30;0;0;2;1;1;B01
201000060910;0;32;0;0;2;3;9;A01
201000060911;0;7;0;0;2;7;15;A01
201000060911;0;7;0;0;2;1;1;B01
201000060912;0;32;0;0;0;0;1;A01
201000060913;0;30;0;0;0;8;1;A01
201000060914;0;32;0;0;0;7;21;A01
201000060915;0;7;0;0;2;2;10;B01
201000060915;0;33;0;0;2;2;1;A01
201000060916;0;7;0;0;2;8;22;A01
201000060916;0;38;35;0;2;7;1;B01
201000060917;0;14;0;0;2;7;16;A01
201000060917;0;1;0;0;2;1;7;B01
201000060918;0;7;0;0;1;2;1;A01
201000060919;0;2;0;0;1;1;1;A01
201000060920;0;7;0;0;2;6;13;A01
201000060920;0;31;0;0;2;1;1;B01
201000060921;0;2;0;0;2;1;16;A01
201000060921;0;7;0;0;2;1;7;B01
201000060922;0;1;0;0;2;1;1;B01
201000060922;0;7;0;0;2;3;22;A01
201000060923;0;30;0;0;0;7;1;A01
201000060924;0;2;0;0;1;2;17;A01
201000060925;0;7;0;0;1;2;16;A01
201000060926;0;7;0;0;2;4;2;B01
201000060926;0;1;0;0;2;1;2;A01
201000060927;0;32;0;14;2;7;13;A01
201000060927;0;10;0;0;2;3;1;B01
201000060928;0;30;0;0;2;8;1;A01
201000060928;0;7;0;0;2;7;12;B01
201000060929;0;32;0;0;2;1;1;B01
201000060929;0;7;0;0;2;2;1;A01
201000060930;0;7;0;0;2;2;23;B01
201000060930;0;1;0;0;2;3;18;A01
201000060931;0;7;0;0;1;3;1;A01
201000060932;0;7;0;0;2;3;1;B01
201000060932;0;32;0;3;0;6;14;A01
201000060933;0;33;0;0;1;8;1;A01
201000060934;0;37;15;0;1;7;8;A01
201000060935;0;7;0;0;1;2;1;A01
201000060936;0;7;0;0;1;2;1;A01
201000060937;0;7;0;0;2;1;1;A01
201000060937;0;7;0;0;2;4;1;B01
201000060937;0;7;0;0;0;4;1;C01
201000060938;0;37;1;1;9;1;20;A01
201000060939;0;1;0;0;1;1;8;A01
201000060940;0;7;0;0;0;3;10;A01
201000060940;0;1;0;0;0;1;1;B01
201000060941;0;7;0;0;2;7;1;B01
201000060941;0;32;0;0;2;7;12;A01
201000060942;0;7;0;0;1;2;15;A01
201000060943;0;32;0;0;1;1;1;A01
201000060944;0;10;0;0;0;6;23;A01
201000060944;0;1;0;1;0;1;1;B01
201000060945;0;34;0;0;0;8;23;B01
201000060945;0;7;0;0;2;0;1;A01
201000060946;0;1;0;1;0;1;1;A01
201000060946;0;7;0;0;2;8;22;B01
201000060947;0;30;0;0;1;1;17;A01
201000060948;0;1;0;0;2;3;7;B01
201000060948;0;7;0;0;2;7;17;A01
201000060949;0;7;0;0;1;2;1;A01
201000060950;0;1;0;0;1;1;7;A01
201000060951;0;32;0;0;2;1;1;A01
201000060951;0;7;0;0;2;2;1;B01
201000060952;0;7;0;0;2;4;2;C01
201000060952;0;13;0;0;2;1;2;A01
201000060952;0;7;0;0;2;4;2;B01
201000060953;0;7;0;0;2;2;15;A01
201000060953;0;31;0;0;2;1;1;B01
201000060954;0;37;1;0;1;2;1;A01
201000060955;0;33;0;0;0;0;1;A01
201000060956;0;7;0;0;2;4;2;B01
201000060956;0;32;0;0;2;1;2;A01
201000060957;0;2;0;0;2;3;2;A01
201000060957;0;2;0;0;2;7;2;B01
201000060958;1;2;0;0;1;0;1;Z01
201000060959;0;32;0;14;0;1;14;A01
201000060960;0;1;0;0;1;1;7;A01
201000060961;0;30;0;8;0;1;13;A01
201000060962;0;7;0;0;2;6;16;B01
201000060962;0;33;0;0;2;1;7;A01
201000060963;0;31;0;0;2;3;2;B01
201000060963;0;2;0;0;2;3;15;A01
201000060964;0;33;0;0;2;4;15;B01
201000060964;0;7;0;0;2;3;2;A01
201000060965;0;30;0;0;2;1;1;B01
201000060965;0;7;0;0;2;8;22;A01
201000060966;0;7;0;0;2;1;15;A01
201000060966;0;30;0;0;2;1;1;B01
201000060967;0;7;0;0;2;1;15;A01
201000060967;0;34;0;0;2;8;1;B01
201000060968;1;7;0;0;1;1;1;Z01
201000060969;0;32;0;1;0;1;14;A01
201000060970;0;7;0;8;1;4;4;A01
201000060971;1;7;0;0;1;0;1;Z01
201000060972;0;30;0;0;2;1;2;A01
201000060972;0;32;0;0;2;4;2;B01
201000060973;0;7;0;0;2;4;23;C01
201000060973;0;7;0;0;2;4;23;D01
201000060973;0;7;0;0;2;4;23;B01
201000060973;0;7;0;0;2;1;2;A01
201000060974;0;1;0;0;1;1;1;A01
201000060975;0;7;0;0;2;7;16;A01
201000060975;0;32;0;0;2;1;1;B01
201000060976;0;10;0;0;9;8;22;A01
201000060976;0;1;0;1;0;1;2;B01
201000060977;0;7;0;0;2;1;15;A01
201000060977;0;1;0;0;2;8;1;B01
201000060978;0;32;0;0;0;2;1;A01
201000060979;0;2;0;0;0;8;1;B01
201000060979;0;7;0;0;0;0;15;A01
201000060980;0;33;0;0;2;1;1;B01
201000060980;0;7;0;0;2;5;16;A01
201000060981;0;2;0;0;2;0;1;A01
201000060982;0;7;0;0;2;4;2;B01
201000060982;0;7;0;0;2;1;2;A01
201000060983;0;37;9;0;1;1;8;A01
201000060984;0;7;0;0;1;7;7;A01
201000060985;0;7;0;0;1;2;1;A01
201000060986;0;33;0;0;1;8;1;A01
201000060987;0;2;0;0;2;1;1;B01
201000060987;1;7;0;0;0;1;1;A01
201000060988;0;34;0;0;1;1;8;A01
201000060988;0;7;0;0;2;6;23;B01
201000060989;0;7;0;11;0;3;15;A01
201000060990;0;1;0;0;9;1;1;A01
201000060991;0;7;0;0;1;2;1;A01
201000060992;0;2;0;0;1;1;1;A01
201000060993;0;7;0;0;2;8;22;A01
201000060993;0;33;0;0;2;7;17;B01
201000060994;0;7;0;0;1;3;16;A01
201000060995;1;33;0;0;1;1;8;Z01
201000060996;0;33;0;0;0;0;1;A01
201000060997;0;7;0;0;1;3;15;A01
201000060998;0;31;0;0;1;6;17;A01
201000060999;0;32;0;0;0;0;11;A01
201000061000;0;1;0;0;0;7;15;A01
201000061001;0;7;0;0;1;3;1;A01
201000061002;0;30;0;14;0;3;13;A01
201000061003;0;7;0;0;2;3;22;A01
201000061003;0;1;0;0;2;7;1;B01
201000061004;0;31;0;0;1;1;1;A01
201000061005;0;7;0;0;0;0;1;B01
201000061005;0;7;0;0;2;1;1;A01
201000061006;0;32;0;0;1;1;1;A01
201000061007;0;32;0;0;0;7;1;A01
201000061008;0;32;0;0;2;1;1;A01
201000061008;0;7;0;0;2;2;15;B01
201000061009;0;7;0;0;2;1;15;A01
201000061009;0;32;0;0;2;1;1;B01
201000061010;0;2;0;0;0;0;23;B01
201000061010;1;7;0;0;0;0;1;A01
201000061011;0;7;0;0;0;2;9;A01
201000061012;0;34;0;0;1;1;1;A01
201000061013;0;32;0;0;1;1;17;A01
201000061014;0;7;0;0;1;5;4;A01
201000061015;0;32;0;14;0;1;1;A01
201000061016;0;7;0;0;0;0;9;B01
201000061016;0;30;0;0;2;0;17;A01
201000061017;0;30;0;0;0;0;1;B01
201000061017;0;7;0;0;0;6;1;A01
201000061018;0;33;0;0;0;5;15;A01
201000061019;0;7;0;0;0;6;15;B01
201000061019;0;30;0;0;2;1;5;A01
201000061020;0;32;0;0;2;1;1;A01
201000061020;0;32;0;0;2;4;15;B01
201000061021;0;2;0;12;0;1;1;A01
201000061022;0;1;0;0;1;1;7;A01
201000061023;0;30;0;12;0;1;13;A01
201000061024;0;7;0;0;2;3;16;B01
201000061024;0;1;0;0;2;1;1;A01
201000061025;0;7;0;0;2;5;16;B01
201000061025;0;31;0;0;2;1;2;A01
201000061026;0;30;0;0;0;0;21;A01
201000061027;0;33;0;0;1;0;1;A01
201000061028;0;33;0;0;0;7;1;A01
201000061029;0;1;0;0;1;1;7;A01
201000061030;0;7;0;0;1;2;7;A01
201000061031;0;37;96;0;1;2;7;A01
201000061032;0;7;0;0;2;1;1;B01
201000061032;0;2;0;0;2;2;15;A01
201000061033;0;7;0;0;2;1;16;B01
201000061033;0;30;0;0;2;3;5;A01
201000061034;0;7;0;0;1;3;7;A01
201000061035;0;32;0;0;0;0;1;A01
201000061036;0;7;0;0;1;6;20;A01
201000061037;0;32;0;0;0;8;21;A01
201000061038;0;33;0;0;2;8;23;B01
201000061038;0;33;0;12;2;9;2;A01
201000061039;0;7;0;0;2;5;22;A01
201000061039;0;30;0;0;2;1;18;B01
201000061040;0;32;0;0;0;0;21;A01
201000061041;0;7;0;0;1;3;15;A01
201000061042;0;2;0;0;2;0;1;A01
201000061042;1;10;0;0;2;0;22;Z01
201000061043;0;10;0;0;2;7;16;B01
201000061043;0;32;0;0;2;8;1;A01
201000061044;0;30;0;0;0;0;21;A01
201000061045;0;30;0;0;1;0;1;A01
201000061046;0;32;0;0;0;3;15;A01
201000061047;0;30;0;0;0;1;1;A01
201000061048;0;14;0;0;1;7;1;A01
201000061049;0;7;0;0;1;2;17;A01
201000061050;0;7;0;0;2;7;15;A01
201000061050;0;33;0;0;2;1;1;B01
201000061051;0;30;0;0;1;1;10;A01
201000061052;0;1;0;0;0;0;5;A01
201000061053;0;7;0;11;0;3;15;A01
201000061054;0;7;0;0;2;5;10;B01
201000061054;0;7;0;15;2;1;1;A01
201000061055;0;7;0;0;2;4;2;C01
201000061055;0;7;0;0;2;4;2;B01
201000061055;0;7;0;0;2;1;2;A01
201000061056;0;30;0;0;2;1;1;B01
201000061056;0;7;0;0;2;3;10;A01
201000061057;0;30;0;0;1;1;1;A01
201000061058;0;7;0;0;1;4;4;A01
201000061059;0;7;0;0;1;4;4;A01
201000061060;0;1;0;0;1;1;16;A01
201000061061;0;30;0;0;2;1;2;A01
201000061061;0;7;0;0;2;6;23;B01