num_acc;senc;catv;occutc;obs;obsm;choc;manv;num_veh
201000061446;0;30;0;0;2;4;2;B01
201000061446;0;7;0;0;2;3;2;A01
201000061447;0;7;0;0;2;5;23;B01
201000061447;0;30;0;0;2;1;17;A01
201000061448;0;34;0;0;0;0;1;A01
201000061449;0;30;0;0;2;3;18;A01
201000061449;0;7;0;0;2;5;22;B01
201000061450;0;2;0;0;2;2;17;B01
201000061450;0;7;0;0;0;8;10;A01
201000061451;0;33;0;0;2;1;1;A01
201000061451;0;7;0;0;2;8;15;B01
201000061452;0;32;0;0;2;0;16;A01
201000061452;1;7;0;0;0;0;1;Z01
201000061453;0;2;0;0;1;0;8;A01
201000061454;0;33;0;0;2;1;1;A01
201000061454;0;7;0;1;2;1;15;B01
201000061455;1;7;0;14;0;1;1;A01
201000061455;0;7;0;0;0;4;23;C01
201000061455;0;7;0;14;0;4;23;B01
201000061456;0;30;0;0;0;0;1;A01
201000061457;0;7;0;0;1;4;15;A01
201000061458;0;7;0;14;0;3;1;A01
201000061459;0;7;0;0;2;1;1;A01
201000061459;0;7;0;0;2;3;1;B01
201000061460;0;7;0;0;2;8;17;B01
201000061460;0;32;0;0;2;7;15;A01
201000061461;1;7;0;0;1;0;16;Z01
201000061462;0;7;0;0;2;8;9;A01
201000061462;0;1;0;0;2;2;1;B01
201000061463;0;7;0;0;2;2;1;B01
201000061463;0;33;0;0;2;1;1;A01
201000061464;0;7;0;0;2;3;10;A01
201000061464;0;32;0;0;2;1;17;B01
201000061465;0;10;0;0;1;1;15;A01
201000061466;0;34;0;0;1;1;7;A01
201000061467;1;31;0;0;1;1;1;Z01
201000061468;0;2;0;0;0;0;1;A01
201000061469;0;2;0;0;0;7;17;A01
201000061470;0;32;0;0;2;7;17;B01
201000061470;0;7;0;0;2;8;15;A01
201000061471;0;1;0;0;2;1;13;A01
201000061471;0;1;0;0;2;1;1;B01
201000061472;0;10;0;0;1;4;4;A01
201000061473;0;1;0;0;0;8;19;A01
201000061473;0;34;0;0;9;1;1;B01
201000061474;0;34;0;0;1;1;17;A01
201000061475;0;33;0;0;2;8;1;B01
201000061475;0;7;0;0;2;2;15;A01
201000061476;0;7;0;0;2;1;23;C01
201000061476;0;32;0;0;2;2;8;A01
201000061476;0;7;0;0;2;2;15;B01
201000061477;0;33;0;0;9;8;1;A01
201000061478;0;1;0;0;2;1;1;B01
201000061478;0;10;0;0;9;2;15;A01
201000061479;0;7;0;0;1;1;15;A01
201000061480;0;31;0;0;1;2;1;A01
201000061481;0;7;0;0;1;3;1;A01
201000061482;0;7;0;0;2;1;2;A01
201000061482;0;15;0;0;2;4;23;B01
201000061483;0;7;0;0;2;8;15;B01
201000061483;0;7;0;0;2;1;1;A01
201000061484;0;7;0;0;2;8;2;A01
201000061484;0;7;0;0;2;7;2;B01
201000061485;0;7;0;0;1;3;1;A01
201000061486;0;13;0;0;2;8;22;A01
201000061486;0;1;0;0;2;1;1;B01
201000061487;0;7;0;0;1;1;18;A01
201000061488;0;30;0;0;0;3;21;A01
201000061489;0;10;0;0;1;3;13;A01
201000061490;0;32;0;0;2;1;2;A01
201000061490;0;7;0;0;2;5;23;B01
201000061491;0;7;0;0;2;1;15;A01
201000061491;0;1;0;0;2;8;19;B01
201000061492;0;7;0;0;2;1;1;B01
201000061492;0;7;0;8;2;2;1;A01
201000061493;0;31;0;0;0;8;16;A01
201000061494;0;32;0;0;2;2;2;A01
201000061494;1;10;0;0;2;6;2;Z01
201000061495;0;30;0;0;2;1;5;A01
201000061495;0;7;0;0;2;8;15;B01
201000061496;0;30;0;0;2;3;1;B01
201000061496;0;7;0;0;2;1;1;A01
201000061497;0;33;0;1;2;3;13;A01
201000061497;0;13;0;0;2;2;16;B01
201000061498;0;7;0;0;1;1;15;A01
201000061499;0;32;0;0;0;8;16;A01
201000061500;0;1;0;0;2;8;1;B01
201000061500;0;7;0;0;2;2;16;A01
201000061501;0;7;0;0;2;2;2;A01
201000061501;0;14;0;0;2;6;23;B01
201000061502;0;7;0;0;2;8;15;A01
201000061502;0;2;0;0;2;1;1;B01
201000061503;1;7;0;0;1;0;1;Z01
201000061504;0;36;0;0;2;0;2;A01
201000061504;1;3;0;0;2;3;2;Z01
201000061505;0;2;0;0;0;0;1;A01
201000061506;0;32;0;0;2;1;1;A01
201000061506;0;7;0;0;2;5;12;B01
201000061507;0;10;0;0;2;2;1;B01
201000061507;0;33;0;0;2;1;1;A01
201000061508;0;30;0;0;2;7;1;A01
201000061508;0;7;0;0;2;3;1;B01
201000061509;0;10;0;0;1;1;1;A01
201000061510;0;37;0;0;0;0;21;A01
201000061511;1;7;0;0;2;7;12;Z01
201000061511;0;34;0;0;2;8;1;A01
201000061512;0;7;0;1;0;2;14;A01
201000061513;0;7;0;0;2;3;16;A01
201000061513;0;7;0;0;2;3;7;B01
201000061514;0;7;0;0;1;7;1;A01
201000061515;0;32;0;0;1;7;1;A01
201000061516;0;7;0;0;1;1;1;A01
201000061517;0;1;0;0;2;3;13;A01
201000061517;0;7;0;0;2;2;1;B01
201000061518;2;7;0;0;2;2;16;A01
201000061518;0;31;0;0;2;6;16;B01
201000061519;0;33;0;0;2;4;1;B01
201000061519;0;7;0;0;2;3;1;A01
201000061520;0;1;0;0;0;0;21;A01
201000061521;0;30;0;1;0;1;14;A01
201000061522;0;33;0;0;2;1;1;A01
201000061522;0;7;0;0;2;6;1;B01
201000061523;0;32;0;0;2;2;1;A01
201000061523;1;1;0;0;2;3;13;Z01
201000061524;0;30;0;0;0;8;15;A01
201000061525;0;7;0;0;2;1;1;A01
201000061525;0;7;0;0;2;8;1;B01
201000061526;0;10;0;0;2;1;2;A01
201000061526;0;10;0;0;2;5;23;B01
201000061527;0;7;0;0;1;1;1;A01
201000061528;0;7;0;0;2;8;15;B01
201000061528;0;32;0;0;2;7;1;A01
201000061529;0;7;0;0;1;3;15;A01
201000061530;0;7;0;0;2;8;16;B01
201000061530;0;7;0;0;2;2;1;A01
201000061531;1;30;0;0;0;0;15;Z01
201000061532;0;7;0;0;2;2;16;A01
201000061532;0;7;0;0;2;3;1;B01
201000061533;0;32;0;0;2;8;18;A01
201000061533;0;7;0;0;2;7;16;B01
201000061534;0;30;0;0;2;1;18;A01
201000061534;0;7;0;0;2;2;16;B01
201000061535;0;30;0;0;0;7;1;A01
201000061536;0;30;0;0;2;2;1;A01
201000061536;0;7;0;0;2;0;15;B01
201000061537;0;7;0;0;2;2;1;A01
201000061537;0;7;0;0;2;3;7;B01
201000061538;0;30;0;0;2;2;17;A01
201000061538;0;7;0;0;2;6;15;B01
201000061539;0;33;0;0;2;1;2;A01
201000061539;0;32;0;0;2;4;15;B01
201000061540;0;1;0;0;0;8;2;A01
201000061541;0;33;0;14;0;1;1;A01
201000061542;0;7;0;0;2;3;1;A01
201000061542;0;34;0;0;2;0;1;B01
201000061542;1;7;0;0;2;0;17;Z01
201000061543;0;7;0;0;2;5;16;A01
201000061543;0;32;0;0;2;3;1;B01
201000061544;0;33;0;0;2;2;2;A01
201000061544;0;7;0;0;2;6;20;B01
201000061545;0;10;0;0;2;4;23;B01
201000061545;0;32;0;0;2;1;2;A01
201000061546;0;7;0;0;2;2;13;A01
201000061546;0;7;0;0;2;2;1;B01
201000061547;0;30;0;0;2;3;2;A01
201000061547;0;7;0;0;2;5;2;B01
201000061548;0;30;0;0;2;1;1;A01
201000061548;0;32;0;0;2;6;15;B01
201000061549;0;33;0;0;2;1;1;B01
201000061549;0;7;0;0;2;7;15;A01
201000061550;0;34;0;0;2;3;1;B01
201000061550;0;33;0;0;2;1;15;A01
201000061551;0;7;0;0;2;1;13;A01
201000061551;0;7;0;12;2;1;1;B01
201000061552;0;7;0;0;2;4;23;B01
201000061552;0;13;0;0;2;1;2;A01
201000061553;0;33;0;0;0;7;1;A01
201000061554;0;7;0;0;2;8;15;A01
201000061554;0;2;0;0;2;1;17;B01
201000061555;0;10;0;6;0;1;1;A01
201000061556;0;32;0;0;2;1;1;B01
201000061556;0;7;0;0;2;8;1;A01
201000061557;0;32;0;0;2;8;13;A01
201000061557;0;32;0;0;2;7;15;B01
201000061558;0;7;0;0;1;3;15;A01
201000061559;0;2;0;0;2;1;1;B01
201000061559;0;32;0;0;2;1;1;A01
201000061560;0;34;0;0;1;1;1;A01
201000061561;0;32;0;0;2;7;1;A01
201000061561;0;32;0;0;2;8;15;B01
201000061562;0;32;0;0;2;1;1;B01
201000061562;0;7;0;0;2;2;1;A01
201000061563;0;7;0;0;1;2;1;A01
201000061564;0;7;0;0;2;3;10;A01
201000061564;0;34;0;0;2;2;17;B01
201000061565;0;1;0;0;2;1;1;A01
201000061565;0;7;0;0;2;7;1;B01
201000061566;0;33;0;0;2;5;23;B01
201000061566;0;7;0;0;2;3;2;A01
201000061567;0;7;0;0;2;4;2;B01
201000061567;0;7;0;0;2;1;2;A01
201000061568;0;7;0;0;1;1;1;A01
201000061569;0;7;0;0;1;1;15;A01
201000061570;0;7;0;0;1;1;0;A01
201000061571;0;2;0;0;0;7;1;A01
201000061572;0;7;0;0;1;1;20;A01
201000061573;0;7;0;0;2;7;1;A01
201000061573;2;34;0;0;2;1;1;B01
201000061574;0;33;0;0;0;1;17;A01
201000061574;0;7;0;0;2;3;15;B01
201000061575;0;10;0;0;0;5;2;B01
201000061575;0;33;0;0;0;8;2;A01
201000061576;0;32;0;0;0;8;0;A01
201000061577;0;10;0;6;0;1;1;A01
201000061578;0;10;0;0;2;8;15;A01
201000061578;0;32;0;0;2;1;1;B01
201000061579;0;7;0;0;2;8;1;B01
201000061579;0;7;0;0;2;1;1;A01
201000061580;0;30;0;0;0;7;1;A01
201000061581;0;34;0;0;0;7;21;A01
201000061582;0;32;0;0;2;7;1;A01
201000061582;0;7;0;0;2;3;15;B01
201000061583;0;7;0;0;1;2;1;A01
201000061584;0;7;0;0;1;5;15;B01
201000061584;0;34;0;0;2;3;1;A01
201000061585;0;33;0;0;0;7;1;A01
201000061586;0;10;0;0;2;3;22;A01
201000061586;0;1;0;1;0;2;7;B01
201000061587;0;2;0;0;0;7;1;A01
201000061588;0;7;0;0;0;0;23;B01
201000061588;0;7;0;0;0;1;1;A01
201000061588;0;7;0;0;0;4;23;C01
201000061589;0;7;0;0;1;1;1;A01
201000061590;0;32;0;0;1;1;8;A01
201000061591;0;7;0;0;2;3;15;B01
201000061591;0;32;0;14;2;7;17;A01
201000061592;0;7;0;0;2;7;16;A01
201000061592;0;32;0;0;2;3;1;B01
201000061593;0;7;0;0;2;5;16;A01
201000061593;0;1;0;0;2;1;1;B01
201000061594;0;33;0;0;2;5;16;A01
201000061594;0;13;0;0;2;2;1;B01
201000061595;0;30;0;0;2;2;18;B01
201000061595;0;7;0;0;2;7;22;A01
201000061596;0;10;0;0;2;1;9;A01
201000061596;0;31;0;0;2;1;1;B01
201000061597;0;1;0;0;2;8;19;A01
201000061597;0;33;0;0;2;1;1;B01
201000061598;0;30;0;0;2;2;17;A01
201000061598;0;7;0;0;2;8;15;B01
201000061599;0;7;0;0;2;7;14;A01
201000061599;0;32;0;0;2;3;7;B01
201000061600;0;34;0;0;1;1;1;A01
201000061601;0;7;0;0;2;1;1;A01
201000061601;0;32;0;0;2;3;15;B01
201000061602;0;7;0;0;2;3;13;B01
201000061602;0;33;0;0;2;2;17;A01
201000061603;0;2;0;0;2;0;21;A01
201000061604;0;30;0;0;2;3;1;B01
201000061604;0;7;0;0;2;2;1;A01
201000061605;0;1;0;0;2;7;17;B01
201000061605;0;7;0;0;2;8;22;A01
201000061606;0;7;0;0;2;3;22;A01
201000061606;0;2;0;0;2;5;1;B01
201000061607;0;7;0;0;2;2;15;A01
201000061607;0;30;0;0;2;1;1;B01
201000061608;0;32;0;0;9;6;16;A01
201000061608;0;1;0;0;2;1;1;B01
201000061609;0;32;0;0;2;2;17;A01
201000061609;0;7;0;0;2;3;15;B01
201000061610;0;30;0;0;1;3;1;A01
201000061611;0;10;0;0;2;2;16;A01
201000061611;0;2;0;1;2;8;18;B01
201000061612;1;1;0;0;1;1;2;Z01
201000061613;0;2;0;0;1;7;1;A01
201000061614;0;7;0;0;2;4;23;B01
201000061614;0;33;0;0;2;0;7;A01
201000061615;0;30;0;0;2;1;1;B01
201000061615;0;7;0;0;2;5;22;A01
201000061616;0;7;0;0;2;2;1;B01
201000061616;0;32;0;0;2;1;1;A01
201000061617;0;7;0;1;0;1;1;A01
201000061617;0;7;0;8;0;2;1;B01
201000061618;0;7;0;0;1;1;16;A01
201000061619;0;32;0;0;2;1;1;B01
201000061619;0;7;0;0;2;5;1;A01
201000061620;0;32;0;0;2;1;1;B01
201000061620;0;7;0;0;2;3;10;A01
201000061621;0;7;0;0;2;8;23;A01
201000061621;0;34;0;0;2;2;13;B01
201000061622;0;31;0;0;2;3;1;B01
201000061622;0;7;0;0;2;1;10;A01
201000061623;0;33;0;0;2;4;2;B01
201000061623;0;7;0;0;2;2;2;A01
201000061624;0;7;0;0;2;3;16;A01
201000061624;0;32;0;0;2;3;1;B01
201000061625;0;2;0;0;0;0;1;A01
201000061626;0;7;0;0;2;1;1;C01
201000061626;0;7;0;0;2;7;16;B01
201000061626;0;30;0;0;2;8;18;A01
201000061627;0;34;0;1;2;3;18;A01
201000061627;0;7;0;0;2;7;14;B01
201000061628;0;32;0;0;2;4;1;B01
201000061628;0;7;0;0;2;1;12;A01
201000061629;0;33;0;0;2;1;1;B01
201000061629;0;7;0;0;2;2;15;A01
201000061630;0;30;0;0;1;1;15;A01
201000061631;0;7;0;0;2;3;10;A01
201000061631;0;30;0;0;2;1;1;B01
201000061632;0;7;0;0;2;1;1;A01
201000061632;0;33;0;0;0;4;23;B01
201000061633;0;2;0;0;1;1;1;A01
201000061634;0;32;0;0;0;7;1;A01
201000061635;0;33;0;0;2;8;1;B01
201000061635;0;34;0;0;2;2;1;A01
201000061636;0;33;0;0;2;7;15;A01
201000061636;0;33;0;0;2;1;1;B01
201000061637;0;33;0;0;2;1;1;A01
201000061637;0;7;0;0;2;8;9;B01
201000061638;0;33;0;0;1;1;1;A01
201000061639;0;30;0;0;1;1;1;A01
201000061640;0;31;0;0;2;8;1;A01
201000061640;1;7;0;0;2;7;13;Z01
201000061641;0;32;0;0;0;0;3;A01
201000061642;0;30;0;0;0;7;16;A01
201000061643;0;7;0;0;2;4;2;B01
201000061643;0;38;22;0;2;2;2;A01
201000061644;0;7;0;0;2;3;15;A01
201000061644;0;33;0;1;2;7;17;B01
201000061645;0;7;0;0;1;1;1;A01
201000061646;0;7;0;0;2;6;15;B01
201000061646;0;32;0;0;2;1;1;A01
201000061647;0;32;0;0;1;1;1;A01
201000061648;0;33;0;0;2;7;1;B01
201000061648;0;7;0;0;2;8;10;A01
201000061649;0;32;0;0;2;8;1;B01
201000061649;0;7;0;0;2;1;1;A01
201000061650;0;33;0;0;0;0;15;A01
201000061651;0;32;0;0;0;3;1;A01
201000061652;0;7;0;0;1;1;16;A01
201000061653;0;30;0;0;2;1;2;A01
201000061653;0;7;0;0;2;4;15;B01
201000061654;0;32;0;0;0;7;21;A01
201000061655;0;32;0;1;0;7;1;A01
201000061656;0;30;0;0;0;7;1;A01
201000061657;0;33;0;0;2;5;23;B01
201000061657;0;34;0;0;2;7;1;A01
201000061658;0;30;0;0;0;0;1;A01
201000061659;0;14;0;0;2;1;2;A01
201000061659;0;7;0;0;2;4;2;B01
201000061660;0;30;0;0;2;4;2;B01
201000061660;0;10;0;0;2;1;2;A01
201000061661;0;32;0;0;2;1;17;B01
201000061661;0;7;0;0;2;3;15;A01
201000061662;0;7;0;0;2;1;2;A01
201000061662;0;7;0;0;2;4;23;B01
201000061663;0;32;0;0;1;1;1;A01
201000061664;0;34;0;0;2;3;9;B01
201000061664;0;7;0;0;2;8;4;A01
201000061665;0;7;0;0;2;1;1;A01
201000061665;0;1;0;0;2;8;19;B01
201000061666;0;7;0;0;0;4;23;B01
201000061666;0;30;0;0;2;1;1;A01
201000061667;0;2;0;0;0;0;21;A01
201000061668;0;33;0;0;0;0;21;A01
201000061669;0;10;0;0;2;5;14;A01
201000061669;0;33;0;0;2;6;1;B01
201000061670;0;32;0;0;1;1;18;A01
201000061671;0;7;0;0;2;3;9;A01
201000061671;0;7;0;0;2;2;1;B01
201000061672;0;2;0;0;1;8;7;A01
201000061673;0;7;0;0;0;5;1;B01
201000061673;0;2;0;0;2;3;1;A01
201000061674;0;32;0;0;0;1;1;A01
201000061675;0;7;0;0;2;2;1;B01
201000061675;0;10;0;6;2;1;1;A01
201000061676;0;14;0;0;2;7;14;A01
201000061676;0;7;0;0;2;8;1;B01
201000061677;0;32;0;0;0;8;16;A01
201000061678;0;7;0;0;2;3;15;B01
201000061678;0;10;0;0;2;2;17;A01
201000061679;0;32;0;0;0;6;1;A01
201000061680;0;33;0;0;0;0;21;A01
201000061681;0;7;0;0;2;2;1;B01
201000061681;0;30;0;0;2;8;9;A01
201000061682;0;10;0;0;2;1;2;A01
201000061682;0;7;0;0;2;1;23;B01
201000061682;0;10;0;0;2;4;23;C01
201000061683;0;31;0;0;2;1;1;B01
201000061683;0;7;0;0;2;2;1;A01
201000061684;0;7;0;0;2;3;15;B01
201000061684;0;7;0;0;2;2;1;A01
201000061685;0;10;0;0;2;4;2;A01
201000061685;0;7;0;0;2;4;2;B01
201000061686;0;7;0;0;2;0;14;A01
201000061686;0;30;0;0;2;7;1;B01
201000061687;0;7;0;0;2;3;16;A01
201000061687;0;31;0;0;2;2;16;B01
201000061688;0;13;0;0;2;1;2;A01
201000061688;0;7;0;0;2;4;2;B01
201000061689;0;34;0;14;0;1;1;A01
201000061690;0;7;0;0;1;4;20;A01
201000061691;0;7;0;0;2;2;15;A01
201000061691;0;32;0;0;2;1;1;B01
201000061692;0;30;0;0;1;1;1;A01
201000061693;0;30;0;0;2;1;1;B01
201000061693;0;7;0;0;2;3;15;A01
201000061694;0;7;0;0;2;7;15;A01
201000061694;0;31;0;0;2;2;1;B01
201000061695;0;33;0;0;2;1;1;B01
201000061695;0;7;0;0;2;2;15;A01
201000061696;1;7;0;0;1;1;15;Z01
201000061697;0;10;0;0;1;1;15;A01
201000061698;0;7;0;0;2;1;1;B01
201000061698;0;10;0;0;2;7;10;A01
201000061699;0;7;0;0;1;4;4;A01
201000061700;0;7;0;11;0;3;15;A01
201000061701;0;7;0;11;0;1;14;A01
201000061702;0;7;0;0;1;4;4;A01
201000061703;0;7;0;0;1;1;1;A01
201000061704;0;7;0;0;2;1;1;B01
201000061704;0;7;0;0;2;7;1;A01
201000061705;2;7;0;0;2;1;1;Z01
201000061705;0;7;0;1;2;8;16;A01
201000061706;0;7;0;0;2;6;1;B01
201000061706;0;33;0;0;2;2;17;A01
201000061707;0;30;0;0;2;4;23;B01
201000061707;0;7;0;0;2;1;2;A01
201000061708;0;1;0;0;2;8;1;B01
201000061708;0;13;0;0;2;2;16;A01
201000061709;0;2;0;0;1;1;1;A01
201000061710;0;34;0;0;1;1;17;A01
201000061711;0;7;0;0;0;1;1;A01
201000061712;0;7;0;0;2;2;16;B01
201000061712;0;30;0;0;2;1;7;A01
201000061713;0;7;0;8;1;4;4;A01
201000061714;0;32;0;0;1;8;1;A01
201000061715;0;7;0;0;2;4;23;A01
201000061715;0;10;0;0;2;1;2;B01
201000061715;0;10;0;0;2;5;17;C01
201000061716;0;32;0;0;2;2;17;A01
201000061716;0;7;0;0;2;3;15;B01
201000061717;0;33;0;0;0;0;1;A01
201000061718;0;7;0;0;1;2;15;A01
201000061719;0;7;0;0;2;5;16;A01
201000061719;0;30;0;0;2;8;1;B01
201000061720;0;7;0;0;1;2;15;A01
201000061721;0;32;0;0;2;1;1;A01
201000061721;0;7;0;0;2;3;1;B01
201000061722;0;7;0;0;2;1;2;A01
201000061722;0;7;0;0;2;4;23;B01
201000061723;0;2;0;0;1;1;7;A01
201000061724;0;30;0;0;2;6;18;A01
201000061724;0;7;0;0;2;7;23;B01
201000061725;0;34;0;0;2;2;2;A01
201000061725;0;32;0;0;2;4;2;B01
201000061726;0;32;0;0;2;2;7;A01
201000061726;0;7;0;0;2;3;1;B01
201000061727;0;7;0;0;2;1;2;A01
201000061727;0;7;0;0;2;4;23;B01
201000061728;0;32;0;0;2;6;1;B01
201000061728;0;7;0;0;2;3;15;A01
201000061729;0;32;0;0;1;2;1;A01
201000061730;0;7;0;0;1;2;8;A01
201000061731;0;7;0;11;0;1;12;A01
201000061732;0;32;0;15;0;7;14;A01
201000061733;0;7;0;0;1;3;1;A01
201000061734;0;30;0;0;2;1;2;A01
201000061734;0;7;0;0;2;4;23;B01
201000061735;0;7;0;0;2;8;15;A01
201000061735;0;30;0;0;2;7;17;B01
201000061736;0;1;0;0;2;7;1;B01
201000061736;0;30;0;0;2;3;17;A01
201000061737;0;7;0;0;2;1;16;B01
201000061737;0;33;0;1;2;2;1;A01
201000061738;0;32;0;0;1;1;17;A01
201000061739;0;30;0;0;2;1;1;A01
201000061739;0;7;0;0;2;0;1;B01
201000061740;0;32;0;0;0;0;21;A01
201000061741;0;1;0;0;1;1;1;A01
201000061742;0;33;0;14;0;1;1;A01
201000061743;0;1;0;0;1;8;1;A01
201000061744;0;7;0;1;2;2;20;A01
201000061744;0;7;0;0;2;3;2;B01
201000061745;0;1;0;0;2;1;18;B01
201000061745;0;10;0;0;2;2;16;A01
201000061746;0;7;0;0;1;1;16;A01
201000061747;0;30;0;0;0;0;1;A01
201000061748;0;2;0;0;1;3;17;A01
201000061749;0;7;0;0;1;4;4;A01
201000061750;0;10;0;0;2;7;14;B01
201000061750;0;30;0;0;2;8;1;A01
201000061751;0;2;0;0;2;4;23;B01
201000061751;0;7;0;0;2;2;2;A01
201000061752;0;1;0;0;2;4;1;B01
201000061752;0;7;0;0;2;1;15;A01
201000061753;0;7;0;0;2;4;15;B01
201000061753;0;34;0;0;2;3;1;A01
201000061754;0;7;0;0;1;2;1;A01
201000061755;0;10;0;0;1;1;16;A01
201000061756;0;32;0;0;2;2;15;B01
201000061756;0;7;0;0;2;3;15;A01
201000061757;0;30;0;0;2;6;2;A01
201000061757;0;7;0;0;2;6;15;B01
201000061758;0;7;0;0;2;3;22;A01
201000061758;0;2;0;0;2;0;1;B01
201000061759;0;1;0;0;1;7;1;A01
201000061760;0;7;0;0;2;1;1;A01
201000061760;0;32;0;0;2;8;1;B01
201000061761;0;1;0;0;2;1;1;B01
201000061761;0;7;0;0;2;8;22;A01
201000061762;0;7;0;0;0;3;1;A01
201000061762;0;7;0;0;2;5;23;C01
201000061762;0;32;0;0;2;5;14;B01
201000061763;0;7;0;0;2;4;23;B01
201000061763;0;30;0;0;2;1;2;A01
201000061764;0;1;0;0;2;0;13;B01
201000061764;0;2;0;0;2;3;17;A01
201000061765;0;7;0;0;2;1;2;A01
201000061765;0;34;0;0;2;4;23;B01
201000061766;0;37;0;0;1;2;7;A01
201000061767;0;7;0;0;2;1;1;A01
201000061767;0;7;0;15;2;8;1;B01
201000061768;0;2;0;0;2;1;7;A01
201000061768;0;7;0;0;2;6;15;B01
201000061769;0;31;0;0;2;6;2;A01
201000061769;0;10;0;0;2;0;2;B01
201000061770;0;37;0;0;0;0;21;A01
201000061771;0;7;0;0;1;1;15;A01
201000061772;0;7;0;0;1;0;18;A01
201000061773;0;31;0;0;2;8;1;B01
201000061773;0;10;0;0;2;2;9;A01
201000061774;0;7;0;0;1;1;1;A01
201000061775;0;7;0;0;2;5;2;B01
201000061775;0;2;0;0;2;1;2;A01
201000061776;0;2;0;0;2;1;18;A01
201000061776;0;7;0;0;2;7;22;B01
201000061777;0;7;0;0;2;0;14;A01
201000061777;0;32;0;0;2;0;1;B01
201000061778;0;32;0;12;0;2;1;A01
201000061779;0;7;0;0;2;1;1;B01
201000061779;0;32;0;0;2;7;1;A01
201000061780;0;33;0;0;2;1;2;A01
201000061780;0;7;0;0;2;4;2;B01
201000061781;0;10;0;0;2;7;16;B01
201000061781;0;30;0;0;2;3;1;A01
201000061782;0;30;0;0;0;0;21;A01
201000061783;0;34;0;0;1;1;1;A01
201000061784;0;7;0;0;2;3;1;B01
201000061784;0;2;0;0;2;2;12;A01
201000061785;0;34;0;0;1;7;1;A01
201000061786;0;34;0;0;1;1;1;A01
201000061787;0;32;0;0;0;3;1;A01
201000061787;0;7;0;0;0;6;1;B01
201000061788;0;10;0;0;1;6;4;A01
201000061789;0;2;0;0;0;0;21;A01
201000061790;0;7;0;0;0;7;16;A01
201000061790;0;1;0;0;0;8;7;B01
201000061791;1;7;0;0;0;0;1;A01
201000061791;0;7;0;0;2;4;23;B01
201000061791;1;7;0;0;0;0;23;C01
201000061792;0;7;0;0;1;3;15;A01
201000061793;0;7;0;0;1;4;4;A01
201000061794;1;32;0;0;1;2;1;Z01
201000061795;0;7;0;0;1;3;15;A01
201000061796;0;7;0;0;1;6;4;A01
201000061797;0;7;0;0;0;8;15;A01
201000061797;0;33;0;0;2;0;15;B01
201000061798;0;7;0;0;1;6;4;A01
201000061799;1;7;0;0;0;0;13;Z01
201000061799;0;32;0;0;0;0;17;A01
201000061800;0;7;0;0;1;1;1;A01
201000061801;0;32;0;11;0;1;1;A01
201000061802;0;7;0;0;2;3;16;A01
201000061802;0;32;0;0;2;7;17;B01
201000061803;0;34;0;0;1;1;1;A01
201000061804;0;7;0;0;1;1;8;A01
201000061805;0;1;0;0;2;0;15;B01
201000061805;0;7;0;0;2;2;1;A01
201000061806;0;32;0;0;9;8;1;A01
201000061807;0;10;0;0;0;2;16;A01
201000061807;0;32;0;0;0;3;18;B01
201000061808;0;30;0;0;2;8;1;A01
201000061808;1;7;0;0;2;0;1;Z01
201000061809;0;30;0;0;2;1;1;A01
201000061809;0;7;0;0;0;3;9;B01
201000061810;0;32;0;0;0;0;23;B01
201000061810;0;7;0;0;9;0;1;A01
201000061811;0;10;0;0;2;2;16;A01
201000061811;0;30;0;0;2;8;1;B01
201000061812;0;2;0;0;2;0;1;B01
201000061812;0;1;0;0;2;0;19;A01
201000061813;0;7;0;0;2;4;23;B01
201000061813;0;7;0;0;2;1;2;A01
201000061814;0;33;0;0;1;2;16;A01
201000061815;0;32;0;0;0;0;15;A01
201000061816;0;7;0;0;1;1;1;A01
201000061817;0;7;0;0;1;1;1;A01
201000061818;0;10;0;0;2;0;1;A01
201000061818;0;31;0;0;2;0;1;B01
201000061819;0;7;0;0;1;0;1;A01
201000061820;0;32;0;0;2;3;18;A01
201000061820;0;7;0;0;2;2;16;B01
201000061821;0;30;0;0;0;0;1;A01
201000061822;0;7;0;0;1;5;4;A01
201000061823;0;7;0;0;1;3;1;A01
201000061824;0;10;0;11;0;1;14;A01
201000061825;0;2;0;1;0;2;14;A01
201000061826;0;7;0;0;2;1;15;B01
201000061826;0;30;0;0;2;2;5;A01
201000061827;0;1;0;14;0;1;14;A01
201000061828;0;7;0;0;1;8;1;A01
201000061829;0;30;0;0;2;1;1;B01
201000061829;0;7;0;0;2;2;16;A01
201000061830;0;7;0;0;1;7;16;A01
201000061831;0;10;0;0;2;5;16;A01
201000061831;0;32;0;0;2;1;7;B01
201000061832;0;30;0;0;0;0;1;A01
201000061833;0;32;0;1;0;1;21;A01
201000061834;0;30;0;0;2;4;16;A01
201000061834;0;1;0;0;2;8;1;B01
201000061835;0;2;0;0;0;0;21;A01
201000061836;0;7;0;0;2;2;1;B01
201000061836;0;30;0;0;2;2;15;A01
201000061837;0;7;0;0;2;3;1;B01
201000061837;0;30;0;0;2;1;1;A01
201000061838;0;30;0;0;2;8;1;B01