num_acc;senc;catv;occutc;obs;obsm;choc;manv;num_veh
201000061838;0;10;0;0;2;2;12;A01
201000061839;0;32;0;1;0;7;14;A01
201000061840;0;7;0;0;1;3;1;A01
201000061841;0;7;0;0;2;1;15;A01
201000061841;0;7;0;0;2;3;1;B01
201000061842;0;10;0;0;2;7;1;A01
201000061842;0;32;0;0;2;3;1;B01
201000061843;0;10;0;0;2;8;1;A01
201000061843;0;32;0;0;2;1;1;B01
201000061844;0;33;0;1;2;9;14;A01
201000061844;0;7;0;0;2;4;1;B01
201000061845;0;10;0;0;2;3;13;A01
201000061845;0;30;0;0;2;7;17;B01
201000061846;1;10;0;0;1;2;16;Z01
201000061847;0;37;1;0;1;1;7;A01
201000061848;0;2;0;0;2;3;18;B01
201000061848;0;7;0;0;2;2;22;A01
201000061849;0;7;0;0;1;5;20;A01
201000061850;0;30;0;0;0;0;21;A01
201000061851;0;1;0;0;0;0;7;A01
201000061852;0;7;0;0;2;3;1;A01
201000061852;0;33;0;0;2;1;1;B01
201000061853;0;32;0;12;0;5;21;A01
201000061854;0;13;0;0;1;4;4;A01
201000061855;0;30;0;0;2;3;18;A01
201000061855;0;7;0;0;2;2;16;B01
201000061856;0;7;0;0;2;1;2;A01
201000061856;0;7;0;0;2;4;23;B01
201000061857;0;7;0;0;2;8;13;A01
201000061857;0;34;0;0;2;7;17;B01
201000061858;0;7;0;7;0;1;15;A01
201000061859;0;32;0;0;0;0;1;B01
201000061859;0;32;0;0;0;1;1;A01
201000061860;0;2;0;0;2;0;5;A01
201000061860;0;7;0;0;2;1;15;B01
201000061861;0;7;0;0;2;3;1;B01
201000061861;0;1;0;0;2;1;16;A01
201000061862;0;7;0;0;2;1;1;A01
201000061862;0;7;0;0;2;8;1;B01
201000061863;0;7;0;0;0;4;23;B01
201000061863;0;10;0;0;0;1;1;A01
201000061864;0;32;0;0;0;8;1;A01
201000061865;0;7;0;0;2;3;1;B01
201000061865;0;7;0;0;2;2;1;A01
201000061866;0;7;0;0;2;7;16;A01
201000061866;0;1;0;0;2;1;7;B01
201000061867;0;10;0;0;0;1;15;A01
201000061867;0;32;0;0;0;4;15;B01
201000061868;0;33;0;0;2;1;1;A01
201000061868;0;7;0;0;2;2;1;B01
201000061869;0;32;0;0;2;1;7;A01
201000061869;0;7;0;0;2;2;15;B01
201000061870;0;7;0;0;2;6;1;B01
201000061870;0;2;0;0;2;1;13;A01
201000061871;0;7;0;0;0;1;1;A01
201000061872;0;7;0;0;1;2;1;A01
201000061873;0;7;0;0;0;3;1;B01
201000061873;0;32;0;0;2;1;1;A01
201000061874;0;32;0;15;0;0;9;A01
201000061875;0;32;0;0;1;1;1;A01
201000061876;0;2;0;0;0;7;17;A01
201000061876;1;7;0;0;0;8;15;B01
201000061877;0;30;0;1;0;0;1;A01
201000061878;0;2;0;0;2;1;2;A01
201000061878;0;7;0;0;2;4;23;B01
201000061879;0;32;0;0;2;7;17;B01
201000061879;0;10;0;0;2;6;11;A01
201000061880;0;1;0;1;2;1;16;A01
201000061880;0;7;0;1;1;4;16;B01
201000061881;0;1;0;0;2;1;1;B01
201000061881;0;7;0;0;2;3;1;A01
201000061882;0;1;0;0;2;1;7;B01
201000061882;0;7;0;0;2;2;16;A01
201000061883;0;2;0;1;2;9;18;B01
201000061883;0;7;0;0;2;2;16;A01
201000061884;0;30;0;0;2;4;1;A01
201000061884;0;31;0;0;2;1;1;B01
201000061885;0;33;0;0;2;2;2;A01
201000061885;0;7;0;0;2;6;2;B01
201000061886;0;32;0;0;0;0;1;A01
201000061887;0;1;0;0;1;1;1;A01
201000061888;0;31;0;0;0;0;1;A01
201000061889;0;32;0;0;2;8;1;B01
201000061889;0;7;0;0;2;2;16;A01
201000061890;0;30;0;0;0;7;1;A01
201000061891;0;32;0;0;1;1;17;A01
201000061892;0;37;0;0;1;3;7;A01
201000061893;0;34;0;0;0;0;21;A01
201000061894;0;1;0;0;2;8;5;A01
201000061894;0;30;0;1;0;3;1;B01
201000061895;0;3;0;0;2;5;1;A01
201000061895;0;38;3;0;2;1;1;B01
201000061896;0;7;0;14;0;1;13;A01
201000061897;0;7;0;0;1;7;1;A01
201000061898;0;30;0;0;0;5;1;A01
201000061899;0;32;0;0;2;6;18;A01
201000061899;0;7;0;0;2;2;16;B01
201000061900;0;32;0;0;1;3;1;A01
201000061901;0;7;0;11;0;1;14;A01
201000061902;0;30;0;0;0;0;17;B01
201000061902;0;7;0;0;0;0;13;A01
201000061903;0;7;0;0;2;7;16;A01
201000061903;0;2;0;0;2;1;18;B01
201000061904;1;32;0;0;2;0;14;A01
201000061904;0;7;0;0;2;3;1;B01
201000061905;0;30;0;0;1;1;1;A01
201000061906;0;30;0;0;1;8;7;A01
201000061907;0;7;0;0;1;3;9;A01
201000061908;0;34;0;0;1;2;20;A01
201000061909;0;33;0;0;1;2;17;A01
201000061909;0;7;0;0;1;3;23;B01
201000061910;0;1;0;0;0;0;1;A01
201000061911;0;32;0;0;1;1;1;A01
201000061912;0;34;0;0;2;1;1;B01
201000061912;0;7;0;0;2;0;1;A01
201000061913;0;10;0;0;1;4;4;A01
201000061914;0;10;0;0;1;2;16;A01
201000061915;0;34;0;0;2;1;1;B01
201000061915;0;7;0;0;2;2;15;A01
201000061916;0;7;0;0;1;1;1;A01
201000061917;0;7;0;0;2;1;2;A01
201000061917;0;33;0;0;2;1;23;B01
201000061918;0;30;0;0;2;8;18;A01
201000061918;0;14;0;0;2;2;16;B01
201000061919;0;10;0;0;2;2;16;A01
201000061919;0;31;0;0;2;8;1;B01
201000061920;0;1;0;0;2;0;2;B01
201000061920;0;7;0;0;2;2;2;A01
201000061921;0;7;0;0;2;8;15;A01
201000061921;0;30;0;0;2;5;15;B01
201000061922;0;7;0;0;1;3;1;A01
201000061923;0;7;0;14;0;3;1;A01
201000061924;0;7;0;14;0;3;13;A01
201000061925;0;7;0;0;2;0;9;A01
201000061925;0;34;0;0;2;1;1;B01
201000061926;0;30;0;0;0;0;21;A01
201000061927;0;34;0;0;0;0;21;A01
201000061928;0;7;0;0;2;4;23;B01
201000061928;0;7;0;0;2;4;23;C01
201000061928;0;7;0;0;2;6;23;A01
201000061928;2;7;0;0;2;1;2;Z01
201000061929;0;7;0;0;1;2;1;A01
201000061930;0;30;0;0;1;1;1;A01
201000061931;0;7;0;0;1;3;1;A01
201000061932;0;10;0;0;1;3;1;A01
201000061933;1;7;0;0;1;1;1;Z01
201000061934;0;34;0;0;0;0;16;A01
201000061935;0;1;0;0;0;0;1;A01
201000061936;0;2;0;0;2;4;2;A01
201000061936;1;7;0;0;2;0;4;Z01
201000061937;0;7;0;11;0;3;13;A01
201000061938;0;31;0;11;0;8;13;A01
201000061939;0;7;0;11;0;1;14;A01
201000061940;0;32;0;0;2;1;1;A01
201000061940;0;7;0;0;2;2;1;B01
201000061941;0;30;0;14;0;1;13;A01
201000061942;0;7;0;0;2;7;16;A01
201000061942;0;1;0;0;2;3;1;B01
201000061943;0;13;0;0;1;4;4;A01
201000061944;0;30;0;0;2;1;17;A01
201000061944;0;7;0;0;2;3;15;B01
201000061945;0;7;0;14;0;1;14;A01
201000061946;0;2;0;0;0;0;1;A01
201000061947;0;7;0;7;2;3;21;A01
201000061948;0;7;0;0;2;8;1;B01
201000061948;0;32;0;0;2;1;1;C01
201000061948;0;7;0;0;2;3;10;A01
201000061949;0;2;0;0;0;1;21;A01
201000061950;0;7;0;11;0;3;1;A01
201000061951;0;32;0;0;0;0;21;A01
201000061952;0;32;0;0;2;0;1;B01
201000061952;0;10;0;0;2;0;9;A01
201000061953;0;32;0;0;0;0;7;A01
201000061954;0;32;0;0;2;8;1;B01
201000061954;0;7;0;0;2;2;16;A01
201000061955;0;7;0;11;0;2;1;A01
201000061956;0;32;0;0;2;7;2;A01
201000061956;0;7;0;0;2;6;23;B01
201000061957;0;7;0;0;2;3;1;B01
201000061957;0;2;0;0;2;2;17;A01
201000061958;0;10;0;0;2;5;16;B01
201000061958;0;37;2;0;2;3;7;A01
201000061959;0;7;0;8;2;3;1;C01
201000061959;0;13;0;11;2;1;13;A01
201000061959;0;7;0;2;2;3;1;B01
201000061960;0;7;0;15;0;2;14;A01
201000061961;0;7;0;14;0;2;21;A01
201000061962;0;7;0;1;2;2;15;A01
201000061962;0;3;0;0;2;3;1;B01
201000061963;0;30;0;0;2;1;1;B01
201000061963;0;7;0;0;2;1;15;A01
201000061964;0;1;0;0;2;1;1;A01
201000061964;0;10;0;0;2;1;15;B01
201000061965;0;32;0;0;2;1;1;A01
201000061965;1;7;0;0;2;7;1;Z01
201000061966;0;7;0;11;0;2;14;A01
201000061967;0;7;0;0;2;6;23;C01
201000061967;0;10;0;0;2;1;2;A01
201000061967;0;7;0;0;2;4;2;B01
201000061968;0;32;0;0;0;3;1;A01
201000061969;0;32;0;0;2;8;1;A01
201000061969;0;10;0;0;2;8;10;B01
201000061970;0;1;0;0;2;0;1;A01
201000061970;0;32;0;0;2;0;15;B01
201000061971;0;32;0;0;2;0;17;B01
201000061971;0;7;0;0;2;0;10;A01
201000061972;0;7;0;11;0;3;13;A01
201000061973;0;7;0;0;2;4;15;B01
201000061973;0;30;0;0;2;1;2;A01
201000061974;0;7;0;0;1;2;1;A01
201000061975;0;7;0;0;2;4;10;A01
201000061975;0;34;0;0;2;1;1;B01
201000061976;0;32;0;0;2;3;1;B01
201000061976;0;7;0;0;2;3;15;A01
201000061977;0;7;0;11;2;7;1;A01
201000061977;1;7;0;0;2;2;14;Z01
201000061978;0;33;0;0;1;7;1;A01
201000061979;0;7;0;0;2;8;22;A01
201000061979;0;1;0;0;2;7;1;B01
201000061980;0;32;0;0;1;2;1;A01
201000061981;0;7;0;0;1;6;1;A01
201000061982;0;7;0;0;2;4;2;A01
201000061982;0;33;0;1;2;4;23;B01
201000061983;0;7;0;0;2;7;1;A01
201000061983;0;34;0;0;2;1;1;B01
201000061984;0;7;0;0;2;7;22;B01
201000061984;0;1;0;0;2;1;18;A01
201000061985;0;7;0;0;2;8;13;A01
201000061985;0;32;0;0;2;1;1;B01
201000061986;0;33;0;0;2;1;17;B01
201000061986;0;7;0;0;2;3;15;A01
201000061987;0;32;0;0;2;1;18;A01
201000061987;0;7;0;0;2;7;16;B01
201000061988;0;7;0;11;0;1;14;A01
201000061989;0;33;0;0;2;9;1;B01
201000061989;0;7;0;0;2;8;10;A01
201000061990;0;7;0;0;2;0;22;B01
201000061990;0;31;0;0;2;2;7;A01
201000061991;0;1;0;0;2;1;1;B01
201000061991;0;10;0;0;2;3;22;A01
201000061992;1;7;0;0;2;8;10;Z01
201000061992;0;32;0;0;2;1;17;A01
201000061993;0;7;0;11;0;2;14;A01
201000061994;0;10;0;0;1;6;4;A01
201000061995;0;7;0;0;1;1;1;A01
201000061996;0;1;0;0;0;0;1;A01
201000061997;0;7;0;11;0;2;1;A01
201000061998;0;30;0;0;2;2;1;B01
201000061998;0;7;0;0;2;6;15;A01
201000061999;0;30;0;0;0;2;1;A01
201000062000;0;7;0;0;2;1;15;B01
201000062000;0;31;0;0;2;8;8;A01
201000062001;0;7;0;0;2;2;1;B01
201000062001;0;30;0;0;2;3;18;A01
201000062002;0;7;0;0;2;2;23;C01
201000062002;0;7;0;0;2;3;22;B01
201000062002;0;30;0;0;2;1;1;A01
201000062003;0;7;0;0;2;2;15;A01
201000062003;0;32;0;0;2;1;1;B01
201000062004;1;30;0;0;1;0;1;Z01
201000062005;0;7;0;0;2;8;15;A01
201000062005;0;32;0;0;2;2;1;B01
201000062006;0;7;0;0;2;7;14;A01
201000062006;0;30;0;0;2;8;1;B01
201000062007;0;30;0;0;2;8;1;A01
201000062007;0;7;0;0;2;0;15;B01
201000062008;0;7;0;0;2;7;22;A01
201000062008;0;1;0;0;2;1;1;B01
201000062009;0;7;0;0;2;2;22;A01
201000062009;0;33;0;0;2;2;17;B01
201000062010;0;7;0;0;2;3;22;A01
201000062010;0;1;0;0;2;1;1;B01
201000062011;0;32;0;0;2;3;2;A01
201000062011;0;10;0;0;2;5;2;B01
201000062012;0;33;0;6;1;0;1;A01
201000062013;0;33;0;0;2;1;7;A01
201000062013;0;7;0;0;2;2;15;B01
201000062014;0;30;0;0;1;1;1;A01
201000062015;0;7;0;0;2;6;23;B01
201000062015;0;7;0;0;2;1;2;A01
201000062016;0;7;0;0;2;4;2;A01
201000062016;1;7;0;0;2;0;2;Z01
201000062017;0;10;0;0;1;2;1;A01
201000062018;0;7;0;0;2;8;1;B01
201000062018;0;32;0;0;2;1;1;A01
201000062019;0;32;0;0;2;2;7;A01
201000062019;0;7;0;0;2;3;15;B01
201000062020;0;32;0;0;2;1;1;A01
201000062020;0;7;0;0;2;2;10;B01
201000062021;0;7;0;14;0;2;14;A01
201000062022;0;1;0;0;1;1;1;A01
201000062023;0;10;0;0;2;0;2;A01
201000062023;0;30;0;0;2;0;2;B01
201000062024;0;7;0;0;1;8;7;A01
201000062025;0;32;0;0;1;2;7;A01
201000062026;0;7;0;11;0;3;12;A01
201000062027;0;1;0;0;2;7;1;B01
201000062027;0;7;0;0;2;3;22;A01
201000062028;0;30;0;0;0;2;21;A01
201000062029;0;1;0;0;2;2;1;A01
201000062029;1;2;0;0;2;0;2;Z01
201000062030;1;7;0;0;1;0;1;Z01
201000062031;0;7;0;0;1;1;15;A01
201000062032;0;32;0;0;1;1;17;A01
201000062033;0;33;0;0;2;1;1;A01
201000062033;0;7;0;0;2;6;9;B01
201000062034;1;1;0;0;1;1;1;Z01
201000062035;0;34;0;0;2;3;7;B01
201000062035;0;10;0;0;2;3;15;A01
201000062036;0;30;0;14;0;1;13;A01
201000062037;0;30;0;0;2;2;1;A01
201000062037;0;7;0;0;2;1;1;B01
201000062038;0;30;0;1;2;3;17;B01
201000062038;0;10;0;0;2;3;22;A01
201000062039;0;32;0;14;0;1;13;A01
201000062040;0;10;0;0;2;1;2;A01
201000062040;0;7;0;0;2;4;2;B01
201000062041;0;1;0;0;2;3;1;B01
201000062041;0;7;0;0;2;3;13;A01
201000062042;0;7;0;0;2;3;1;A01
201000062042;0;32;0;0;2;1;1;B01
201000062042;0;34;0;0;2;1;1;C01
201000062043;0;7;0;0;2;2;15;A01
201000062043;0;1;0;0;2;0;1;B01
201000062044;0;33;0;0;2;2;3;B01
201000062044;0;7;0;0;2;5;22;A01
201000062045;0;7;0;0;2;2;15;A01
201000062045;0;1;0;0;2;0;13;B01
201000062046;0;34;0;0;2;3;15;B01
201000062046;0;30;0;0;2;1;17;A01
201000062047;0;7;0;0;2;8;13;A01
201000062047;0;32;0;0;2;7;1;B01
201000062048;0;30;0;0;2;1;2;A01
201000062048;0;7;0;0;2;6;23;B01
201000062049;0;7;0;0;2;2;17;A01
201000062049;0;2;0;0;2;4;1;B01
201000062050;0;32;0;0;0;3;21;A01
201000062051;1;30;0;0;0;0;1;Z01
201000062052;0;32;0;0;1;1;1;A01
201000062053;0;7;0;0;1;2;8;A01
201000062054;0;7;0;0;1;7;7;A01
201000062055;0;1;0;0;0;0;1;A01
201000062056;0;7;0;11;0;1;13;A01
201000062057;0;34;0;0;2;8;1;B01
201000062057;0;7;0;0;2;2;12;A01
201000062058;0;7;0;0;2;4;2;B01
201000062058;0;1;0;0;2;1;2;A01
201000062059;0;34;0;0;1;2;1;A01
201000062060;0;10;0;0;0;6;24;A01
201000062060;0;37;51;0;2;7;11;B01
201000062061;0;1;0;0;2;2;1;B01
201000062061;0;30;0;0;9;2;15;A01
201000062062;0;7;0;0;0;0;22;B01
201000062062;0;7;0;1;1;2;1;A01
201000062062;0;33;0;0;2;4;1;C01
201000062063;0;7;0;11;0;9;1;A01
201000062064;0;32;0;0;0;8;1;A01
201000062064;0;7;0;0;0;3;15;B01
201000062065;0;1;0;0;0;5;1;B01
201000062065;0;33;0;0;2;5;13;A01
201000062066;0;2;0;0;2;1;1;A01
201000062066;0;32;0;0;2;4;18;B01
201000062067;0;7;0;0;2;3;9;B01
201000062067;0;30;0;0;2;7;1;A01
201000062068;0;10;0;0;2;3;15;A01
201000062068;0;2;0;0;2;2;17;B01
201000062069;0;7;0;0;1;1;1;A01
201000062070;0;2;0;0;2;1;11;A01
201000062070;0;10;0;0;2;3;1;B01
201000062071;0;30;0;0;0;0;1;A01
201000062072;0;1;0;0;2;1;23;A01
201000062072;1;7;0;0;0;4;4;Z01
201000062073;0;7;0;0;2;5;1;A01
201000062073;0;2;0;0;2;3;2;B01
201000062074;0;33;0;0;2;3;1;B01
201000062074;0;7;0;0;0;1;15;A01
201000062075;0;31;0;0;2;1;1;B01
201000062075;0;7;0;0;2;2;15;A01
201000062076;0;7;0;11;0;1;1;A01
201000062077;0;7;0;0;0;3;10;A01
201000062077;0;30;0;0;0;2;17;B01
201000062078;0;1;0;0;0;0;1;A01
201000062079;0;7;0;0;2;6;11;A01
201000062079;0;32;0;0;2;1;17;B01
201000062080;0;7;0;0;2;3;22;A01
201000062080;0;32;0;1;0;1;1;B01
201000062081;0;30;0;0;0;0;21;A01
201000062082;0;1;0;0;1;3;1;A01
201000062083;0;7;0;0;2;3;15;B01
201000062083;0;30;0;0;2;2;5;A01
201000062084;0;10;0;0;1;2;1;A01
201000062085;0;32;0;0;2;1;2;A01
201000062085;0;7;0;0;2;4;23;B01
201000062086;0;32;0;0;1;1;5;A01
201000062087;1;2;0;0;1;0;1;Z01
201000062088;0;33;0;1;2;9;1;B01
201000062088;0;10;0;0;2;7;12;A01
201000062089;0;1;0;0;2;1;2;A01
201000062089;0;7;0;0;2;4;23;B01
201000062090;0;7;0;12;0;2;14;A01
201000062091;0;7;0;0;2;2;16;B01
201000062091;0;32;0;0;2;3;1;A01
201000062092;0;7;0;0;2;5;23;B01
201000062092;0;10;0;0;2;2;23;C01
201000062092;0;2;0;0;2;0;2;A01
201000062093;0;7;0;0;1;1;1;A01
201000062094;0;7;0;0;2;8;11;A01
201000062094;0;30;0;0;2;2;1;B01
201000062095;0;30;0;0;2;2;17;A01
201000062095;0;7;0;0;2;8;10;B01
201000062096;0;32;0;1;2;3;1;A01
201000062096;0;7;0;0;2;5;22;B01
201000062097;0;7;0;11;0;1;1;A01
201000062098;0;7;0;11;0;1;14;A01
201000062099;0;7;0;0;2;1;15;A01
201000062099;0;31;0;0;2;1;1;B01
201000062100;0;10;0;8;2;2;1;B01
201000062100;0;10;0;6;2;3;1;A01
201000062101;0;7;0;0;2;4;1;B01
201000062101;0;33;0;0;2;1;11;A01
201000062102;0;7;0;0;2;5;16;A01
201000062102;0;32;0;0;2;6;1;B01
201000062103;0;7;0;0;2;2;15;B01
201000062103;0;33;0;0;2;2;17;A01
201000062104;0;32;0;0;2;4;23;A01
201000062104;0;30;0;0;2;1;2;B01
201000062105;0;32;0;0;1;1;1;A01
201000062106;0;7;0;0;1;2;1;A01
201000062107;0;10;0;0;2;4;4;A01
201000062107;0;30;0;0;2;2;17;B01
201000062108;0;7;0;0;1;3;1;A01
201000062109;0;33;0;0;2;4;23;B01
201000062109;0;10;0;0;2;1;2;A01
201000062110;0;7;0;11;0;1;21;A01
201000062111;0;7;0;0;2;0;22;A01
201000062111;0;1;0;0;2;0;1;B01
201000062112;0;7;0;0;1;1;1;A01
201000062113;0;7;0;0;2;8;7;B01
201000062113;0;7;0;8;2;1;14;A01
201000062114;0;30;0;0;2;6;18;A01
201000062114;0;7;0;0;2;2;16;B01
201000062115;0;7;0;11;0;3;13;A01
201000062116;0;2;0;0;2;8;1;A01
201000062116;1;13;0;0;2;0;14;Z01
201000062117;0;10;0;0;1;4;4;A01
201000062118;0;7;0;8;0;1;13;A01
201000062119;0;32;0;0;1;1;1;A01
201000062120;0;7;0;0;2;3;23;A01
201000062120;0;32;0;0;2;7;1;B01
201000062121;0;32;0;0;2;1;1;B01
201000062121;0;7;0;0;2;3;9;A01
201000062122;0;1;0;14;0;1;12;A01
201000062123;0;30;0;12;2;8;1;C01
201000062123;0;7;0;0;2;1;2;A01
201000062123;0;7;0;0;2;1;15;B01
201000062124;0;10;0;0;1;8;1;A01
201000062125;0;30;0;0;2;1;1;B01
201000062125;0;7;0;0;2;1;15;A01
201000062126;0;33;0;0;1;4;1;A01
201000062127;0;7;0;0;2;3;13;A01
201000062127;0;30;0;0;2;2;1;B01
201000062128;0;30;0;14;0;1;11;A01
201000062129;0;1;0;0;2;4;7;B01
201000062129;0;7;0;0;2;3;13;A01
201000062130;0;7;0;0;2;2;1;B01
201000062130;0;30;0;0;2;2;1;A01
201000062131;0;1;0;0;0;1;21;A01
201000062132;0;32;0;0;0;8;1;A01
201000062133;0;32;0;0;2;3;1;B01
201000062133;0;7;0;0;2;2;15;A01
201000062134;0;34;0;14;0;1;13;A01
201000062135;0;7;0;0;2;1;1;A01
201000062135;0;7;0;0;2;8;1;B01
201000062136;0;34;0;0;2;6;1;B01
201000062136;0;7;0;0;2;2;14;A01
201000062137;0;7;0;0;1;2;1;A01
201000062138;0;34;0;0;1;2;1;A01
201000062139;0;1;0;0;1;1;1;A01
201000062140;0;30;0;0;2;1;1;A01
201000062140;0;7;0;0;2;3;16;B01
201000062141;0;7;0;0;1;3;1;A01
201000062142;0;1;0;0;0;0;2;B01
201000062142;0;30;0;0;2;4;2;A01
201000062143;0;30;0;0;0;0;21;A01
201000062144;0;33;0;0;0;8;11;A01
201000062144;0;30;0;0;0;7;3;B01
201000062145;0;30;0;0;2;7;1;B01
201000062145;0;7;0;0;2;0;13;A01
201000062146;0;7;0;0;2;5;23;B01
201000062146;0;30;0;0;2;1;2;A01
201000062147;0;30;0;0;2;8;15;B01
201000062147;0;34;0;0;2;2;17;A01
201000062148;0;7;0;14;0;2;13;A01
201000062149;0;7;0;0;2;3;1;A01
201000062149;0;1;0;0;2;1;5;B01
201000062150;0;7;0;0;1;0;1;A01
201000062151;0;10;0;0;2;3;24;A01
201000062151;0;34;0;1;0;2;2;B01
201000062152;0;7;0;0;2;3;1;B01
201000062152;0;30;0;0;2;1;1;A01
201000062153;0;30;0;0;2;8;1;B01
201000062153;0;7;0;0;2;5;14;A01
201000062154;0;7;0;11;0;1;11;A01
201000062155;0;7;0;0;1;1;1;A01
201000062156;0;30;0;0;2;5;1;B01
201000062156;0;1;0;0;2;3;13;A01
201000062157;0;7;0;0;2;3;15;A01
201000062157;0;30;0;0;2;2;17;B01
201000062158;0;33;0;0;0;1;1;B01
201000062158;0;7;0;0;2;3;15;A01
201000062159;0;33;0;0;1;1;1;A01
201000062160;0;7;0;0;2;2;16;A01
201000062160;0;34;0;0;2;8;1;B01
201000062161;0;34;0;0;2;8;3;C01
201000062161;0;30;0;0;2;7;12;A01
201000062161;0;10;0;0;2;7;23;B01
201000062162;0;2;0;0;1;1;1;A01
201000062163;0;7;0;0;1;2;7;A01
201000062164;0;30;0;0;2;1;1;B01
201000062164;0;7;0;0;2;7;15;A01
201000062165;0;1;0;0;2;6;1;B01
201000062165;0;7;0;0;2;6;1;A01
201000062166;0;32;0;12;0;3;1;A01
201000062167;1;10;0;0;0;3;9;A01
201000062167;0;32;0;0;0;7;17;B01
201000062168;0;13;0;0;2;2;15;A01
201000062168;0;1;0;0;2;0;1;B01
201000062169;0;10;0;0;1;4;20;A01
201000062170;0;33;0;0;0;7;1;A01
201000062171;0;31;0;0;2;1;17;B01
201000062171;0;7;0;0;0;3;10;A01
201000062172;0;7;0;0;0;3;1;B01
201000062172;0;30;0;0;2;3;13;A01
201000062173;0;30;0;0;2;3;17;A01
201000062173;0;7;0;0;2;3;1;B01
201000062174;0;30;0;0;2;6;1;B01
201000062174;0;10;0;0;2;2;16;A01
201000062175;0;32;0;0;2;1;1;B01
201000062175;0;7;0;0;0;0;15;A01
201000062176;0;14;0;0;1;6;4;A01
201000062177;0;7;0;1;0;1;0;A01
201000062178;0;2;0;0;2;2;1;B01
201000062178;0;2;0;0;2;1;1;A01
201000062179;0;7;0;0;2;2;14;A01
201000062179;0;32;0;0;2;8;7;B01
201000062180;0;7;0;0;2;3;2;A01
201000062180;0;30;0;0;2;4;23;B01
201000062181;0;32;0;0;1;2;1;A01
201000062182;0;7;0;0;0;4;23;B01
201000062182;0;32;0;0;2;1;1;A01
201000062183;0;1;0;1;2;2;17;B01
201000062183;0;7;0;0;2;8;22;A01
201000062184;0;7;0;11;0;3;13;A01
201000062185;0;10;0;0;2;8;1;B01
201000062185;0;2;0;0;2;2;5;A01
201000062186;0;7;0;0;1;1;1;A01
201000062187;0;7;0;0;1;8;1;A01
201000062188;0;31;0;0;2;2;17;A01
201000062188;0;13;0;0;2;8;15;B01
201000062189;0;30;0;0;1;1;1;A01
201000062190;1;7;0;0;1;0;1;Z01
201000062191;1;7;0;0;1;0;1;Z01
201000062192;0;10;0;0;0;5;1;A01
201000062192;0;7;0;0;0;1;2;B01
201000062193;0;7;0;11;0;0;13;A01
201000062194;0;7;0;0;1;2;16;A01
201000062195;0;30;0;0;2;7;1;B01
201000062195;0;7;0;0;2;8;22;A01
201000062196;0;7;0;1;0;2;14;A01
201000062197;0;7;0;0;1;3;1;A01
201000062198;0;2;0;0;2;2;1;B01
201000062198;0;7;0;0;2;3;1;A01
201000062199;0;7;0;11;0;3;7;A01
201000062200;0;37;5;0;2;3;7;B01
201000062200;0;7;0;0;2;7;15;A01
201000062201;0;33;0;0;0;8;23;B01
201000062201;0;10;0;0;2;5;1;A01
201000062202;0;31;0;0;1;1;1;A01
201000062203;0;10;0;0;1;2;7;A01
201000062204;0;7;0;8;0;2;1;A01
201000062205;0;30;0;0;1;1;1;A01
201000062206;0;33;0;0;1;3;21;A01
201000062207;0;7;0;0;1;3;1;A01
201000062208;0;30;0;0;2;1;1;A01
201000062208;0;7;0;0;2;7;1;B01
201000062209;0;30;0;1;0;2;1;B01
201000062209;0;7;0;0;0;8;22;A01
201000062210;0;30;0;0;2;6;1;A01
201000062210;0;7;0;0;2;6;13;B01
201000062211;0;30;0;0;2;4;1;A01
201000062211;1;7;0;0;2;0;10;Z01
201000062212;0;7;0;0;2;6;2;B01
201000062212;0;33;0;1;2;1;2;A01
201000062213;0;7;0;0;2;3;15;B01
201000062213;0;33;0;0;2;1;1;A01
201000062214;0;7;0;14;0;1;14;A01
201000062215;0;7;0;0;2;7;14;B01
201000062215;0;34;0;0;2;1;1;A01
201000062216;0;7;0;0;2;2;2;A01
201000062216;0;30;0;0;2;4;2;B01
201000062217;0;7;0;11;0;9;7;A01
201000062218;1;10;0;0;2;0;13;Z01
201000062218;0;32;0;0;2;1;1;A01
201000062219;0;7;0;0;2;3;10;A01
201000062219;0;30;0;0;2;7;17;B01
201000062220;0;7;0;11;0;3;13;A01
201000062221;0;33;0;11;0;1;14;A01
201000062222;0;7;0;0;2;1;1;C01
201000062222;0;7;0;0;2;0;13;A01
201000062222;0;7;0;0;2;3;1;B01
201000062223;0;34;0;0;0;0;1;A01
201000062224;1;10;0;0;1;3;1;Z01
201000062225;0;7;0;0;2;7;15;B01
201000062225;0;33;0;0;2;7;1;A01
201000062226;0;10;0;0;1;4;4;A01
201000062227;0;14;0;0;2;3;1;A01
201000062227;0;7;0;0;2;3;1;B01
201000062228;0;7;0;11;0;3;12;A01
201000062229;0;7;0;0;2;4;2;B01
201000062229;0;10;0;1;2;4;2;C01
201000062229;0;7;0;0;2;1;2;A01
201000062230;0;32;0;0;1;2;1;A01
201000062231;0;7;0;0;1;3;1;A01
201000062232;0;2;0;0;2;8;1;B01
201000062232;0;7;0;0;2;2;15;A01
201000062233;0;30;0;0;2;3;18;B01
201000062233;0;7;0;0;2;2;16;A01