num_acc;senc;catv;occutc;obs;obsm;choc;manv;num_veh
201000062234;0;10;0;11;0;2;13;A01
201000062235;0;7;0;0;1;3;1;A01
201000062236;0;10;0;0;2;4;23;B01
201000062236;0;30;0;0;2;1;2;A01
201000062237;0;7;0;0;2;8;22;A01
201000062237;0;1;0;0;2;7;2;B01
201000062237;0;1;0;0;2;1;2;C01
201000062238;0;7;0;0;2;2;2;A01
201000062238;0;1;0;1;2;4;2;B01
201000062239;0;7;0;0;1;2;15;A01
201000062240;0;30;0;0;0;0;1;A01
201000062241;0;31;0;0;2;2;17;B01
201000062241;0;10;0;0;2;3;9;A01
201000062242;0;37;1;0;2;8;13;A01
201000062242;0;1;0;0;2;2;1;B01
201000062243;0;31;0;11;0;1;13;A01
201000062244;0;7;0;0;2;3;10;A01
201000062244;0;30;0;0;2;1;1;B01
201000062245;1;7;0;0;2;0;2;Z01
201000062245;0;7;0;0;2;5;23;A01
201000062246;0;7;0;0;2;3;15;B01
201000062246;0;30;0;0;2;2;17;A01
201000062247;0;7;0;0;2;6;15;B01
201000062247;0;30;0;0;2;1;5;A01
201000062248;0;7;0;0;1;1;15;A01
201000062249;0;2;0;0;0;0;21;A01
201000062250;0;30;0;0;0;0;21;A01
201000062251;0;32;0;0;2;6;2;A01
201000062251;1;7;0;0;2;0;2;Z01
201000062252;0;7;0;0;1;2;16;A01
201000062253;0;33;0;0;2;1;17;B01
201000062253;0;10;0;0;2;3;15;A01
201000062254;0;32;0;1;0;8;1;A01
201000062255;0;13;0;0;1;4;4;A01
201000062256;0;7;0;0;2;1;15;B01
201000062256;0;32;0;0;2;2;1;A01
201000062257;0;7;0;0;2;8;10;B01
201000062257;0;33;0;0;2;2;1;A01
201000062258;0;1;0;0;1;1;1;A01
201000062259;0;10;0;0;2;1;2;A01
201000062259;0;7;0;1;2;4;23;B01
201000062260;0;37;0;0;2;8;13;B01
201000062260;0;33;0;0;2;2;1;A01
201000062261;0;32;0;0;1;7;1;A01
201000062262;0;7;0;0;2;8;22;A01
201000062262;0;30;0;0;2;5;1;B01
201000062263;0;30;0;0;1;2;1;A01
201000062264;0;30;0;0;2;3;18;B01
201000062264;0;7;0;0;2;7;22;A01
201000062265;0;30;0;0;2;8;2;A01
201000062265;1;7;0;0;2;0;2;Z01
201000062266;0;33;0;0;2;1;1;B01
201000062266;0;7;0;0;2;2;9;A01
201000062267;0;32;0;0;2;1;1;B01
201000062267;0;7;0;0;2;7;15;A01
201000062268;1;30;0;0;1;0;18;Z01
201000062269;0;1;0;0;2;4;14;B01
201000062269;0;7;0;0;2;1;7;A01
201000062270;0;7;0;0;2;3;15;B01
201000062270;0;30;0;0;2;0;17;A01
201000062271;0;7;0;0;2;4;23;B01
201000062271;0;32;0;0;2;4;2;A01
201000062272;0;31;0;0;2;1;2;A01
201000062272;0;7;0;0;2;5;2;B01
201000062273;0;2;0;0;2;6;2;A01
201000062273;0;7;0;0;2;6;23;B01
201000062274;0;7;0;0;2;6;2;B01
201000062274;0;2;0;0;2;1;2;A01
201000062275;0;7;0;0;2;6;2;B01
201000062275;0;7;0;0;2;2;2;A01
201000062276;0;7;0;0;1;4;4;A01
201000062277;0;7;0;0;2;3;13;A01
201000062277;0;32;0;0;2;7;1;B01
201000062278;0;7;0;0;2;3;1;B01
201000062278;0;32;0;0;2;1;1;A01
201000062279;0;32;0;0;2;4;2;C01
201000062279;0;7;0;0;2;1;13;A01
201000062279;0;2;0;0;2;1;2;B01
201000062280;0;7;0;0;2;2;15;B01
201000062280;0;32;0;0;2;5;17;A01
201000062281;0;7;0;0;1;1;1;A01
201000062282;0;7;0;0;2;5;2;B01
201000062282;0;37;20;0;2;1;2;A01
201000062283;0;10;0;0;1;5;4;A01
201000062284;0;32;0;0;1;7;21;A01
201000062285;0;7;0;0;1;4;4;A01
201000062286;0;7;0;0;2;1;2;A01
201000062286;0;33;0;0;2;4;23;B01
201000062287;0;7;0;0;2;3;15;A01
201000062287;0;31;0;0;2;2;17;B01
201000062288;0;7;0;0;2;4;15;B01
201000062288;0;30;0;0;2;2;17;A01
201000062289;0;7;0;0;2;2;1;A01
201000062289;0;33;0;0;2;8;1;B01
201000062290;0;7;0;0;2;5;15;A01
201000062290;0;30;0;0;2;1;1;B01
201000062291;0;30;0;0;0;1;1;A01
201000062292;0;31;0;0;0;0;1;A01
201000062293;0;34;0;0;2;2;17;B01
201000062293;0;10;0;0;2;3;15;A01
201000062294;0;7;0;0;2;3;15;A01
201000062294;0;33;0;0;2;1;1;B01
201000062295;0;33;0;0;0;8;1;A01
201000062296;0;10;0;0;2;2;1;A01
201000062296;0;7;0;0;2;3;16;B01
201000062297;0;7;0;0;2;1;1;A01
201000062297;0;7;0;0;2;8;15;B01
201000062298;0;7;0;0;1;6;20;A01
201000062299;0;2;0;0;1;3;1;A01
201000062300;0;30;0;1;2;8;1;B01
201000062300;0;7;0;0;2;2;1;A01
201000062301;0;7;0;0;2;2;15;A01
201000062301;0;7;0;6;2;3;1;B01
201000062302;0;1;0;0;2;4;23;B01
201000062302;0;7;0;0;2;4;2;A01
201000062303;0;7;0;0;2;3;15;A01
201000062303;0;32;0;0;2;2;1;B01
201000062304;0;1;0;0;0;1;21;A01
201000062305;1;7;0;0;2;0;2;Z01
201000062305;0;1;0;0;2;4;2;A01
201000062306;1;10;0;0;2;0;14;Z01
201000062306;0;2;0;12;2;2;18;A01
201000062307;0;7;0;0;2;2;16;A01
201000062307;0;30;0;8;2;1;1;B01
201000062308;0;7;0;0;2;8;10;A01
201000062308;0;32;0;1;2;1;17;B01
201000062309;0;31;0;0;2;1;23;B01
201000062309;0;7;0;0;2;4;2;A01
201000062310;0;7;0;0;2;6;10;A01
201000062310;0;33;0;0;2;1;1;B01
201000062311;0;32;0;0;0;7;1;A01
201000062312;0;7;0;0;2;6;11;B01
201000062312;0;30;0;0;2;1;1;A01
201000062313;0;31;0;0;1;7;1;A01
201000062314;1;2;0;0;1;0;1;Z01
201000062315;0;33;0;0;1;0;17;A01
201000062316;0;7;0;0;1;6;1;A01
201000062317;1;10;0;0;1;4;4;Z01
201000062318;0;7;0;0;1;1;1;A01
201000062319;0;34;0;0;2;7;17;A01
201000062319;1;7;0;0;2;7;15;Z01
201000062320;0;7;0;0;2;1;1;B01
201000062320;0;1;0;0;2;8;1;A01
201000062321;0;2;0;0;1;1;7;A01
201000062322;0;7;0;0;2;2;22;A01
201000062322;0;30;0;0;2;1;18;B01
201000062323;0;1;0;0;2;4;1;B01
201000062323;0;2;0;0;2;4;17;A01
201000062324;1;30;0;0;1;0;1;Z01
201000062325;0;3;0;0;2;3;9;A01
201000062325;0;2;0;0;2;3;1;B01
201000062326;0;7;0;0;1;2;16;A01
201000062327;0;10;0;0;1;4;4;A01
201000062328;0;10;0;1;2;3;10;A01
201000062328;0;32;0;0;2;1;1;B01
201000062329;0;7;0;0;2;2;9;A01
201000062329;0;30;0;0;2;3;1;B01
201000062330;0;7;0;0;2;7;10;A01
201000062330;0;34;0;0;2;2;1;B01
201000062331;0;10;0;0;2;3;4;A01
201000062331;0;34;0;0;2;7;17;B01
201000062332;0;7;0;0;2;2;1;A01
201000062332;0;31;0;0;2;6;1;B01
201000062333;0;32;0;0;2;8;2;B01
201000062333;0;7;0;0;2;2;14;A01
201000062334;2;10;0;0;2;1;1;Z01
201000062334;0;7;0;0;2;3;1;A01
201000062335;0;1;0;0;2;1;1;B01
201000062335;0;7;0;0;2;8;22;A01
201000062336;0;30;0;0;2;7;17;B01
201000062336;0;7;0;0;2;0;15;A01
201000062337;0;7;0;0;2;3;1;B01
201000062337;0;32;0;0;2;5;1;A01
201000062338;0;7;0;0;2;4;23;B01
201000062338;0;1;0;0;2;1;2;A01
201000062339;0;1;0;0;2;1;1;B01
201000062339;0;7;0;0;2;8;15;A01
201000062340;0;1;0;0;2;1;1;B01
201000062340;0;7;0;0;2;3;22;A01
201000062341;0;7;0;1;0;2;14;A01
201000062342;0;33;0;0;1;2;1;A01
201000062343;0;30;0;0;0;1;1;B01
201000062343;0;7;0;0;0;8;15;A01
201000062344;0;7;0;0;1;0;1;A01
201000062345;0;7;0;0;1;0;4;A01
201000062346;0;7;0;0;2;3;10;A01
201000062346;0;33;0;0;2;1;17;B01
201000062347;0;7;0;0;2;3;1;B01
201000062347;0;7;0;0;2;1;1;A01
201000062348;0;32;0;1;2;2;1;A01
201000062348;0;10;0;0;2;8;1;B01
201000062349;0;31;0;0;0;8;1;A01
201000062350;0;7;0;0;1;3;1;A01
201000062351;0;33;0;0;2;8;1;B01
201000062351;0;7;0;0;2;2;10;A01
201000062352;0;37;20;0;1;3;15;A01
201000062353;0;33;0;0;1;1;1;A01
201000062354;0;10;0;0;1;4;4;A01
201000062355;0;2;0;0;2;1;5;A01
201000062355;0;7;0;0;2;3;1;B01
201000062356;1;30;0;0;1;2;1;Z01
201000062357;2;2;0;0;0;0;1;Z01
201000062358;0;7;0;0;2;8;22;B01
201000062358;0;7;0;0;2;2;1;A01
201000062359;0;10;0;0;2;3;9;A01
201000062359;0;2;0;0;2;2;1;B01
201000062360;0;32;0;0;0;0;1;A01
201000062361;0;7;0;1;0;2;14;A01
201000062362;0;1;0;0;0;0;1;A01
201000062363;0;1;0;0;2;4;1;B01
201000062363;0;7;0;0;2;2;1;A01
201000062364;0;30;0;0;1;1;1;A01
201000062365;0;7;0;0;2;3;7;A01
201000062365;0;32;0;0;2;1;16;B01
201000062366;0;3;0;0;0;2;16;B01
201000062366;0;34;0;0;0;2;1;A01
201000062367;0;30;0;0;1;1;1;A01
201000062368;0;31;0;0;2;2;1;B01
201000062368;0;10;0;0;2;2;10;A01
201000062369;0;7;0;0;2;4;23;B01
201000062369;0;30;0;0;2;1;1;A01
201000062370;0;7;0;0;1;3;15;A01
201000062371;0;30;0;0;2;7;1;A01
201000062371;1;7;0;0;2;8;1;Z01
201000062372;0;30;0;0;2;1;2;A01
201000062372;0;7;0;0;2;6;2;B01
201000062373;0;7;0;0;2;1;2;A01
201000062373;0;32;0;0;2;8;2;C01
201000062373;0;7;0;0;2;4;23;B01
201000062374;0;31;0;0;2;1;2;A01
201000062374;0;7;0;0;2;6;15;B01
201000062375;0;1;0;0;2;1;1;A01
201000062375;0;7;0;0;2;5;1;B01
201000062376;1;2;0;0;1;1;1;Z01
201000062377;0;7;0;0;2;5;1;A01
201000062377;0;30;0;0;2;8;18;B01
201000062378;0;10;0;0;2;2;1;A01
201000062378;0;7;0;0;2;1;1;B01
201000062379;0;32;0;0;2;1;17;A01
201000062379;0;1;0;0;2;8;10;B01
201000062380;0;32;0;0;2;1;1;A01
201000062380;0;7;0;0;2;6;1;B01
201000062381;0;7;0;6;2;8;1;A01
201000062381;0;7;0;0;2;1;1;B01
201000062382;0;1;0;0;1;1;1;A01
201000062383;0;1;0;0;1;1;1;A01
201000062384;0;30;0;0;2;3;17;A01
201000062384;0;7;0;0;0;3;15;B01
201000062385;0;32;0;0;2;1;1;B01
201000062385;0;7;0;0;2;5;1;A01
201000062386;0;1;0;0;1;1;11;A01
201000062387;0;30;0;0;0;0;1;A01
201000062388;0;7;0;0;2;8;1;B01
201000062388;0;7;0;0;2;1;1;A01
201000062389;0;1;0;0;1;1;1;A01
201000062390;0;33;0;0;2;8;15;B01
201000062390;0;10;0;0;2;1;1;A01
201000062391;0;2;0;0;2;7;1;A01
201000062391;1;7;0;0;2;3;15;Z01
201000062392;0;30;0;0;2;1;16;A01
201000062392;0;34;0;0;2;1;1;B01
201000062393;0;33;0;0;2;1;1;B01
201000062393;0;7;0;0;2;0;15;A01
201000062394;0;34;0;0;2;5;17;B01
201000062394;0;10;0;0;2;4;13;A01
201000062395;0;31;0;0;1;1;1;A01
201000062396;0;7;0;0;2;8;15;B01
201000062396;0;2;0;0;2;7;17;A01
201000062397;0;2;0;0;2;1;1;A01
201000062397;0;7;0;0;2;2;1;B01
201000062398;0;7;0;0;2;3;13;A01
201000062398;0;33;0;0;2;2;1;B01
201000062399;0;34;0;0;1;2;1;A01
201000062400;0;7;0;0;2;7;15;A01
201000062400;0;31;0;0;2;1;1;B01
201000062401;0;33;0;0;1;1;1;A01
201000062402;1;30;0;0;1;0;1;Z01
201000062403;1;7;0;0;0;7;15;A01
201000062403;0;30;0;0;0;7;1;B01
201000062404;0;7;0;0;0;3;1;A01
201000062405;0;32;0;0;2;4;1;B01
201000062405;0;31;0;0;2;1;21;A01
201000062406;0;7;0;0;0;7;15;A01
201000062406;0;32;0;0;0;2;1;B01
201000062407;0;2;0;0;2;2;1;B01
201000062407;0;7;0;0;2;3;10;A01
201000062408;0;7;0;0;1;2;1;A01
201000062409;0;32;0;0;0;1;23;B01
201000062409;1;7;0;0;0;4;4;Z01
201000062410;0;7;0;0;2;1;1;A01
201000062410;0;32;0;0;2;4;23;B01
201000062411;0;7;0;0;2;3;15;B01
201000062411;0;30;0;0;2;3;17;A01
201000062412;0;32;0;0;0;4;23;B01
201000062412;0;32;0;0;2;1;1;A01
201000062413;0;32;0;1;1;2;1;A01
201000062413;0;7;0;0;2;3;23;B01
201000062414;0;32;0;0;1;1;1;A01
201000062415;0;2;0;0;2;1;1;A01
201000062415;0;7;0;0;0;5;16;B01
201000062416;0;7;0;0;0;7;16;B01
201000062416;0;32;0;0;2;3;18;A01
201000062417;0;34;0;0;1;1;4;A01
201000062418;1;7;0;0;0;7;9;Z01
201000062418;0;1;0;0;2;8;1;A01
201000062419;0;32;0;0;0;7;21;A01
201000062420;0;32;0;1;2;1;18;A01
201000062420;0;10;0;0;2;5;16;B01
201000062421;0;33;0;0;1;1;1;A01
201000062422;0;7;0;0;1;3;1;A01
201000062423;0;1;0;0;1;1;1;A01
201000062424;0;7;0;0;0;2;20;A01
201000062425;0;2;0;0;0;7;21;A01
201000062426;0;2;0;0;0;3;18;A01
201000062426;0;7;0;0;2;5;16;B01
201000062427;0;7;0;0;2;3;15;B01
201000062427;0;30;0;0;2;2;17;A01
201000062428;0;30;0;0;0;1;1;A01
201000062428;0;32;0;0;2;4;1;B01
201000062429;0;7;0;0;0;1;15;A01
201000062429;0;33;0;0;2;8;1;B01
201000062430;0;7;0;0;2;7;16;B01
201000062430;0;32;0;0;2;3;18;A01
201000062431;0;32;0;0;1;1;1;A01
201000062432;0;32;0;0;2;4;2;B01
201000062432;0;30;0;0;2;1;2;A01
201000062432;0;7;0;0;2;3;1;C01
201000062433;0;7;0;0;1;3;1;A01
201000062434;0;1;0;0;2;1;1;B01
201000062434;0;7;0;0;2;0;22;A01
201000062435;0;10;0;0;2;4;2;B01
201000062435;0;7;0;0;2;1;2;A01
201000062436;0;2;0;0;1;1;1;A01
201000062437;0;7;0;0;2;3;10;A01
201000062437;0;30;0;0;2;1;17;B01
201000062438;0;32;0;0;2;2;17;B01
201000062438;0;7;0;0;2;0;10;A01
201000062439;0;7;0;0;2;4;2;B01
201000062439;0;30;0;0;2;1;2;A01
201000062440;0;10;0;0;2;5;17;A01
201000062440;0;1;0;0;2;3;1;B01
201000062441;0;7;0;0;2;3;15;B01
201000062441;0;33;0;0;2;1;1;A01
201000062442;1;30;0;0;2;0;1;Z01
201000062442;0;33;0;0;2;7;1;A01
201000062443;0;7;0;0;1;1;15;A01
201000062444;0;7;0;0;2;4;2;A01
201000062444;0;7;0;0;2;1;23;B01
201000062445;0;33;0;0;2;1;17;B01
201000062445;0;7;0;0;2;8;15;A01
201000062446;0;7;0;0;2;6;23;B01
201000062446;0;33;0;0;2;1;2;A01
201000062447;0;10;0;0;2;3;9;A01
201000062447;0;1;0;0;2;2;1;B01
201000062448;0;7;0;0;1;4;4;A01
201000062449;1;7;0;0;1;3;1;Z01
201000062450;0;7;0;0;1;3;1;A01
201000062451;0;32;0;0;2;7;1;A01
201000062451;1;1;0;0;2;0;13;Z01
201000062452;0;7;0;0;1;5;4;A01
201000062453;0;1;0;0;2;1;1;B01
201000062453;0;7;0;0;2;3;22;A01
201000062454;0;32;0;0;1;1;1;A01
201000062455;0;7;0;0;2;3;22;A01
201000062455;0;1;0;0;2;1;1;B01
201000062456;0;7;0;0;2;7;14;A01
201000062456;0;32;0;0;2;8;1;B01
201000062457;0;7;0;6;0;3;16;A01
201000062458;0;7;0;0;2;3;9;A01
201000062458;0;34;0;0;2;2;1;B01
201000062459;0;7;0;0;1;5;1;A01
201000062460;0;2;0;0;2;6;1;B01
201000062460;0;30;0;0;2;1;15;A01
201000062461;0;2;0;0;2;8;1;B01
201000062461;0;7;0;0;2;3;10;A01
201000062462;0;2;0;0;0;0;1;A01
201000062463;0;1;0;0;0;0;1;A01
201000062464;0;1;0;0;1;1;1;A01
201000062465;0;10;0;0;2;0;16;A01
201000062465;0;34;0;0;2;3;1;B01
201000062466;0;2;0;0;0;1;1;A01
201000062467;0;31;0;0;2;8;1;A01
201000062467;0;7;0;0;2;3;9;B01
201000062468;0;7;0;0;2;2;1;B01
201000062468;0;32;0;0;2;1;17;A01
201000062469;0;34;0;7;2;1;1;B01
201000062469;0;7;0;0;2;6;11;A01
201000062470;0;7;0;0;2;2;14;A01
201000062470;0;30;0;0;2;1;1;B01
201000062471;0;32;0;0;1;2;1;A01
201000062472;0;30;0;14;0;1;14;A01
201000062473;0;10;0;6;2;7;1;B01
201000062473;0;7;0;8;2;0;1;A01
201000062474;0;30;0;12;0;0;1;A01
201000062475;0;30;0;0;2;3;1;A01
201000062475;1;7;0;0;2;5;9;Z01
201000062476;0;34;0;0;1;3;1;A01
201000062477;0;34;0;0;1;0;1;A01
201000062478;0;32;0;1;0;1;13;A01
201000062479;0;10;0;0;2;1;1;A01
201000062479;0;7;0;0;2;8;1;B01
201000062480;0;7;0;0;2;1;2;A01
201000062480;0;7;0;0;2;4;23;B01
201000062481;0;1;0;0;2;1;1;B01
201000062481;0;7;0;0;2;3;9;A01
201000062482;0;7;0;0;2;1;10;A01
201000062482;0;32;0;0;2;4;1;B01
201000062483;0;10;0;0;1;4;4;A01
201000062484;0;30;0;0;1;1;17;A01
201000062485;0;30;0;0;0;0;21;A01
201000062486;0;7;0;0;2;3;10;A01
201000062486;0;32;0;1;2;1;17;B01
201000062487;0;31;0;0;2;8;1;B01
201000062487;0;7;0;0;2;1;15;A01
201000062488;0;30;0;0;2;8;1;B01
201000062488;0;7;0;0;2;2;10;A01
201000062489;0;10;0;0;1;4;4;A01
201000062490;0;32;0;0;1;1;17;A01
201000062491;0;34;0;0;2;1;1;A01
201000062491;0;7;0;0;2;8;1;B01
201000062492;0;7;0;0;2;4;15;A01
201000062492;0;33;0;0;2;2;2;B01
201000062493;0;34;0;0;2;1;17;A01
201000062493;0;30;0;0;2;8;10;B01
201000062494;0;7;0;0;1;2;1;A01
201000062495;0;30;0;0;2;1;5;A01
201000062495;0;34;0;0;2;1;1;B01
201000062496;0;7;0;0;2;7;1;A01
201000062496;0;32;0;0;2;7;1;B01
201000062497;1;7;0;0;2;8;10;Z01
201000062497;0;31;0;0;2;1;1;A01
201000062498;0;30;0;1;0;7;1;A01
201000062499;0;10;0;0;2;1;15;B01
201000062499;0;1;0;0;2;1;5;A01
201000062500;0;7;0;7;0;2;15;A01
201000062501;0;7;0;0;0;3;2;A01
201000062501;0;2;0;0;0;2;2;B01
201000062502;0;7;0;0;2;2;1;A01
201000062502;0;32;0;0;2;8;1;B01
201000062503;0;7;0;0;2;8;10;A01
201000062503;0;31;0;0;2;1;1;B01
201000062504;0;32;0;0;0;3;14;A01
201000062505;0;32;0;0;2;1;1;B01
201000062505;0;7;0;0;2;3;9;A01
201000062506;0;33;0;0;1;7;1;A01
201000062507;0;3;0;0;2;5;17;B01
201000062507;0;7;0;0;2;3;15;A01
201000062508;0;31;0;0;0;0;1;A01
201000062509;0;7;0;0;2;7;1;A01
201000062509;0;7;0;0;2;1;1;B01
201000062510;0;7;0;0;2;3;1;D01
201000062510;0;7;0;0;2;3;1;C01
201000062510;0;7;0;0;2;3;1;B01
201000062510;0;30;0;0;2;1;1;A01
201000062511;0;7;0;0;0;5;22;B01
201000062511;0;32;0;1;9;3;18;A01
201000062512;0;7;0;0;9;8;22;A01
201000062512;0;1;0;1;0;1;1;B01
201000062513;0;7;0;0;2;1;2;A01
201000062513;0;10;0;0;2;4;2;B01
201000062513;0;10;0;0;2;4;23;C01
201000062513;0;10;0;0;0;4;23;D01
201000062514;0;30;0;0;1;7;17;A01
201000062515;0;31;0;14;0;3;1;A01
201000062516;0;32;0;0;0;8;1;A01
201000062517;0;10;0;0;1;1;1;A01
201000062518;0;7;0;0;1;2;16;A01
201000062519;0;7;0;0;2;2;23;C01
201000062519;0;7;0;15;2;3;1;B01
201000062519;0;7;0;0;2;7;1;A01
201000062520;0;32;0;0;2;7;13;A01
201000062520;0;2;0;0;2;8;17;B01
201000062521;0;2;0;0;2;1;1;B01
201000062521;0;2;0;0;2;1;17;A01
201000062522;0;32;0;0;0;4;1;B01
201000062522;0;7;0;0;2;2;1;A01
201000062523;0;7;0;0;2;0;9;A01
201000062523;0;34;0;0;2;0;1;B01
201000062524;0;32;0;0;2;0;21;A01
201000062525;0;1;0;0;1;1;1;A01
201000062526;0;2;0;0;2;1;1;A01
201000062526;0;7;0;0;9;5;15;B01
201000062527;0;1;0;0;2;4;2;B01
201000062527;0;7;0;0;2;2;2;A01
201000062528;0;34;0;0;2;2;5;A01
201000062528;0;7;0;0;2;3;13;B01
201000062529;0;32;0;0;1;3;17;A01
201000062530;0;32;0;0;0;0;17;A01
201000062530;0;7;0;0;9;7;10;B01
201000062531;0;7;0;0;0;8;10;A01
201000062531;0;30;0;0;2;1;1;B01
201000062532;0;7;0;0;2;8;10;A01
201000062532;0;34;0;0;2;2;17;B01
201000062533;0;32;0;0;2;1;1;A01
201000062533;0;7;0;1;0;4;20;B01
201000062534;0;7;0;0;2;3;10;A01
201000062534;0;33;0;0;2;7;17;B01
201000062535;0;10;0;0;2;8;22;A01
201000062535;0;30;0;0;2;1;17;B01
201000062536;0;7;0;0;2;1;15;A01
201000062536;0;30;0;0;2;8;1;B01
201000062537;0;34;0;0;2;1;2;A01
201000062537;0;1;0;0;2;4;2;B01
201000062538;0;30;0;0;0;0;1;A01
201000062539;0;32;0;0;0;3;1;B01
201000062539;0;7;0;0;2;3;15;A01
201000062540;0;7;0;0;2;8;9;A01
201000062540;0;30;0;0;2;2;1;B01
201000062541;0;32;0;0;2;8;15;B01
201000062541;0;31;0;0;2;1;1;A01
201000062542;0;7;0;0;2;2;10;A01
201000062542;0;33;0;0;2;1;17;B01
201000062543;0;2;0;0;1;1;1;A01
201000062544;0;7;0;0;1;3;1;A01
201000062545;0;7;0;0;2;8;13;B01
201000062545;0;33;0;0;2;1;1;A01
201000062546;0;7;0;0;1;1;1;A01
201000062547;1;7;0;0;1;0;1;Z01
201000062548;0;32;0;0;1;7;1;A01
201000062549;0;32;0;0;2;7;1;A01
201000062549;0;7;0;0;2;2;1;B01
201000062550;0;1;0;0;2;1;19;A01
201000062550;0;2;0;0;2;5;1;B01
201000062551;0;32;0;0;0;0;1;A01
201000062552;0;32;0;0;1;3;1;A01
201000062553;1;7;0;0;1;6;1;Z01
201000062554;0;1;0;0;2;1;1;B01
201000062554;0;7;0;0;9;4;4;A01
201000062555;0;1;0;8;0;1;13;A01
201000062556;0;33;0;0;0;1;17;B01
201000062556;0;7;0;0;2;3;10;A01
201000062557;0;10;0;0;2;3;15;B01
201000062557;0;30;0;0;2;2;17;A01
201000062558;0;7;0;0;1;1;17;A01
201000062559;0;10;0;0;1;6;4;A01
201000062560;0;1;0;0;0;0;21;A01
201000062561;0;31;0;0;2;3;15;A01
201000062561;0;30;0;0;2;3;1;B01
201000062562;0;7;0;0;2;1;1;B01
201000062562;0;7;0;14;2;7;1;A01
201000062563;0;33;0;0;2;8;1;A01
201000062563;1;7;0;0;2;0;1;Z01
201000062564;0;10;0;0;1;4;4;A01
201000062565;0;1;0;0;2;8;1;A01
201000062565;1;2;0;0;2;0;1;Z01
201000062566;0;7;0;0;2;3;1;A01
201000062566;0;7;0;0;2;1;1;B01
201000062567;0;32;0;0;0;7;21;A01
201000062568;0;7;0;0;2;4;1;A01
201000062568;0;30;0;0;2;1;1;B01
201000062569;0;7;0;0;2;5;22;B01
201000062569;0;30;0;0;2;6;18;A01
201000062570;0;10;0;0;1;2;15;A01
201000062571;0;10;0;7;0;1;13;A01
201000062572;0;2;0;0;2;7;1;A01
201000062572;1;7;0;0;2;8;18;Z01
201000062573;0;7;0;0;2;3;9;A01
201000062573;0;7;0;0;2;1;1;B01
201000062574;0;10;0;0;1;2;7;A01
201000062575;0;13;0;0;1;1;15;A01
201000062576;0;33;0;0;1;1;1;A01
201000062577;0;30;0;0;2;2;2;B01
201000062577;0;7;0;0;2;8;20;A01
201000062578;0;7;0;0;2;1;1;A01
201000062578;0;30;0;0;2;8;1;B01
201000062579;0;7;0;0;2;3;15;A01
201000062579;0;1;0;0;2;1;9;B01
201000062580;0;7;0;0;0;5;15;B01
201000062580;0;7;0;0;2;3;16;A01
201000062581;0;7;0;0;1;3;1;A01
201000062582;0;7;0;0;2;3;10;A01
201000062582;0;32;0;0;2;7;1;B01
201000062583;0;30;0;0;1;0;21;A01
201000062584;0;10;0;0;2;1;1;A01
201000062584;0;1;0;0;2;8;19;B01
201000062585;0;1;0;0;2;3;11;A01
201000062585;0;32;0;0;2;2;17;B01
201000062586;0;32;0;0;2;1;1;B01
201000062586;0;10;0;0;2;7;9;A01
201000062587;0;7;0;0;2;3;9;A01
201000062587;0;33;0;0;2;1;1;B01
201000062588;0;7;0;0;2;2;13;A01
201000062588;0;1;0;0;2;4;1;B01
201000062589;0;32;0;0;1;3;1;A01
201000062590;1;30;0;0;1;1;1;Z01
201000062591;0;30;0;0;0;1;1;B01
201000062591;0;7;0;0;2;7;10;A01
201000062592;0;30;0;0;2;2;1;B01
201000062592;0;7;0;0;2;2;15;A01
201000062593;0;31;0;0;1;1;1;A01
201000062594;1;7;0;0;2;2;1;Z01
201000062595;0;32;0;0;2;1;1;A01
201000062595;0;7;0;0;0;3;9;B01
201000062596;0;7;0;0;1;4;20;A01
201000062597;0;30;0;0;2;8;13;A01
201000062597;0;7;0;0;2;2;1;B01
201000062598;0;10;0;0;2;3;1;B01
201000062598;0;7;0;0;0;5;1;A01
201000062599;0;32;0;0;2;2;1;A01
201000062599;0;7;0;0;2;3;1;B01
201000062600;0;30;0;0;1;7;1;A01
201000062601;0;3;0;0;1;8;16;A01
201000062602;0;31;0;0;2;8;18;A01
201000062602;0;7;0;0;2;2;16;B01
201000062603;0;30;0;0;1;1;1;A01
201000062604;1;7;0;0;1;0;1;Z01
201000062605;0;31;0;0;0;7;21;A01
201000062606;0;17;0;0;2;3;1;B01
201000062606;0;2;0;0;2;3;18;A01
201000062607;0;2;0;0;2;1;1;B01
201000062607;0;7;0;0;2;8;9;A01
201000062608;0;7;0;0;1;2;15;A01
201000062609;0;33;0;0;1;8;1;A01
201000062610;0;7;0;0;2;1;15;B01
201000062610;0;30;0;0;2;1;1;A01
201000062610;0;7;0;0;2;3;1;C01
201000062611;0;10;0;0;1;1;1;A01
201000062612;0;7;0;0;2;6;2;C01
201000062612;0;1;0;0;2;4;2;B01
201000062612;0;3;0;1;2;2;2;A01
201000062612;0;10;0;0;2;3;24;D01
201000062613;0;34;0;0;1;1;1;A01
201000062614;0;10;0;0;1;5;20;A01
201000062615;0;10;0;0;2;4;2;A01
201000062615;0;2;0;0;2;1;2;B01
201000062616;1;7;0;0;2;2;2;Z01
201000062616;0;1;0;0;2;4;23;A01
201000062617;1;7;0;0;2;3;15;Z01
201000062617;0;30;0;0;2;2;1;A01