num_acc;senc;catv;occutc;obs;obsm;choc;manv;num_veh
201000062618;0;7;0;0;2;3;1;B01
201000062618;0;7;0;0;2;3;1;A01
201000062619;0;7;0;0;2;2;15;A01
201000062619;0;32;0;0;2;1;1;B01
201000062620;0;34;0;0;1;2;1;A01
201000062621;0;31;0;0;2;6;1;A01
201000062621;1;7;0;0;2;0;15;Z01
201000062622;0;32;0;0;2;3;1;B01
201000062622;0;10;0;0;2;2;1;A01
201000062623;0;7;0;0;2;2;15;A01
201000062623;0;32;0;0;2;3;1;B01
201000062624;0;7;0;0;2;3;17;A01
201000062624;0;1;0;0;2;4;15;B01
201000062625;0;33;0;0;0;7;21;A01
201000062626;0;30;0;0;0;7;16;A01
201000062627;0;7;0;0;1;1;1;A01
201000062628;0;7;0;0;2;4;23;B01
201000062628;0;7;0;0;2;1;13;A01
201000062629;0;32;0;0;0;0;21;A01
201000062630;0;32;0;0;2;1;1;B01
201000062630;0;7;0;0;2;3;10;A01
201000062631;0;31;0;0;1;1;1;A01
201000062632;0;10;0;0;2;8;15;B01
201000062632;0;34;0;0;2;4;17;A01
201000062633;0;7;0;4;0;9;13;A01
201000062634;0;32;0;0;0;8;21;A01
201000062635;0;10;0;0;1;0;15;A01
201000062636;0;32;0;0;2;3;1;B01
201000062636;0;7;0;0;2;1;15;A01
201000062637;0;1;0;0;0;0;1;A01
201000062638;0;34;0;0;2;3;1;B01
201000062638;0;7;0;0;2;5;14;A01
201000062639;0;33;0;0;2;1;2;A01
201000062639;0;7;0;0;2;5;2;B01
201000062640;0;30;0;8;0;1;13;A01
201000062641;0;33;0;1;1;1;1;A01
201000062642;0;7;0;0;1;4;4;A01
201000062643;0;7;0;0;2;4;23;B01
201000062643;0;33;0;0;2;1;2;A01
201000062644;0;30;0;0;2;7;1;B01
201000062644;0;7;0;0;2;3;15;A01
201000062645;0;7;0;0;2;5;23;B01
201000062645;0;7;0;0;2;3;2;A01
201000062645;0;7;0;0;2;3;2;C01
201000062646;0;7;0;0;2;5;15;A01
201000062646;0;34;0;0;2;8;1;B01
201000062647;0;7;0;0;1;4;4;A01
201000062648;0;7;0;0;2;6;10;B01
201000062648;0;30;0;0;2;1;2;A01
201000062649;0;7;0;0;2;1;2;A01
201000062649;0;32;0;0;2;4;23;B01
201000062650;0;10;0;0;2;3;15;B01
201000062650;0;30;0;0;2;7;17;A01
201000062651;0;32;0;0;0;8;21;A01
201000062652;0;33;0;0;2;5;1;B01
201000062652;0;7;0;0;2;3;1;A01
201000062653;0;32;0;0;2;3;18;A01
201000062653;0;7;0;0;2;5;16;B01
201000062654;0;7;0;0;2;7;16;A01
201000062654;0;30;0;0;2;8;18;B01
201000062655;0;7;0;0;1;2;15;A01
201000062656;0;32;0;12;0;0;14;A01
201000062657;0;34;0;0;0;0;21;A01
201000062658;0;32;0;0;2;2;17;A01
201000062658;0;10;0;0;2;8;15;B01
201000062659;0;32;0;0;2;2;1;A01
201000062659;2;7;0;0;2;3;9;Z01
201000062660;0;33;0;0;1;8;17;A01
201000062661;0;7;0;0;2;1;2;A01
201000062661;0;1;0;0;2;4;23;B01
201000062662;0;34;0;0;2;4;23;B01
201000062662;0;7;0;0;2;1;2;A01
201000062663;0;7;0;0;2;5;1;B01
201000062663;0;36;0;0;2;1;9;A01
201000062664;0;7;0;0;2;7;10;A01
201000062664;0;7;0;0;2;3;1;B01
201000062665;0;33;0;0;2;3;1;B01
201000062665;0;7;0;0;2;6;14;A01
201000062666;0;7;0;2;0;1;1;A01
201000062667;0;7;0;0;1;2;15;A01
201000062668;0;7;0;0;1;1;1;A01
201000062669;0;7;0;14;2;6;23;B01
201000062669;0;7;0;7;2;1;2;A01
201000062670;0;2;0;0;0;0;1;A01
201000062671;0;7;0;0;1;8;1;A01
201000062672;0;30;0;0;2;2;17;A01
201000062672;0;7;0;0;2;6;15;B01
201000062673;0;7;0;0;2;2;1;A01
201000062673;0;7;0;0;2;3;1;B01
201000062674;0;1;0;0;2;2;1;A01
201000062674;0;10;0;0;2;2;15;B01
201000062675;0;7;0;0;2;3;9;B01
201000062675;0;30;0;1;2;1;17;A01
201000062676;0;7;0;0;2;8;1;A01
201000062676;0;7;0;0;2;8;1;B01
201000062677;0;10;0;0;2;3;9;A01
201000062677;0;33;0;0;2;1;1;B01
201000062678;0;32;0;0;2;1;1;B01
201000062678;0;7;0;0;2;3;15;A01
201000062679;0;7;0;0;2;4;23;B01
201000062679;0;10;0;0;2;1;2;A01
201000062680;0;10;0;0;2;3;15;A01
201000062680;0;33;0;0;2;8;17;B01
201000062681;0;33;0;0;2;8;1;B01
201000062681;0;7;0;0;2;1;15;A01
201000062682;0;7;0;0;2;7;16;A01
201000062682;0;2;0;0;2;3;1;B01
201000062683;0;7;0;0;2;4;2;B01
201000062683;0;7;0;0;2;1;2;A01
201000062684;0;7;0;0;2;2;15;B01
201000062684;0;31;0;0;2;1;18;A01
201000062685;0;33;0;0;1;7;1;A01
201000062686;0;13;0;0;1;1;15;A01
201000062687;0;7;0;0;2;4;23;B01
201000062687;0;7;0;0;2;1;2;A01
201000062688;0;30;0;0;2;1;1;B01
201000062688;0;7;0;0;2;8;1;A01
201000062689;0;7;0;0;2;8;10;A01
201000062689;0;2;0;0;2;1;17;B01
201000062690;0;33;0;0;0;1;1;A01
201000062691;0;7;0;0;2;6;11;A01
201000062691;0;7;0;0;2;2;1;B01
201000062692;0;30;0;0;1;2;17;A01
201000062693;1;7;0;0;1;1;15;Z01
201000062694;0;7;0;0;2;3;10;A01
201000062694;0;2;0;0;2;1;5;B01
201000062695;0;33;0;0;0;8;1;A01
201000062696;0;7;0;0;1;4;4;A01
201000062697;0;7;0;0;2;2;15;A01
201000062697;0;32;0;0;2;3;18;B01
201000062698;0;10;0;0;2;3;10;B01
201000062698;0;33;0;0;2;1;5;A01
201000062699;0;7;0;0;2;2;1;A01
201000062699;0;33;0;0;2;3;3;B01
201000062700;0;33;0;0;0;7;1;A01
201000062701;0;34;0;0;2;3;17;A01
201000062701;0;7;0;0;2;3;10;B01
201000062702;0;32;0;0;2;1;1;B01
201000062702;0;7;0;0;2;3;9;A01
201000062703;0;7;0;0;2;3;10;A01
201000062703;0;2;0;0;2;3;1;B01
201000062704;0;38;40;0;2;1;2;B01
201000062704;0;37;4;0;2;2;2;A01
201000062705;0;7;0;0;2;5;16;A01
201000062705;0;2;0;0;2;3;1;B01
201000062706;1;7;0;0;1;1;1;Z01
201000062707;0;1;0;0;1;1;1;A01
201000062708;0;10;0;0;2;3;9;A01
201000062708;0;33;0;0;2;9;1;B01
201000062709;0;7;0;0;2;6;2;B01
201000062709;0;10;0;0;2;2;2;A01
201000062710;0;7;0;0;1;7;1;A01
201000062711;0;31;0;0;2;7;17;A01
201000062711;0;7;0;0;2;1;9;B01
201000062712;0;2;0;0;0;1;1;A01
201000062713;0;7;0;0;2;3;13;A01
201000062713;0;2;0;1;2;7;17;B01
201000062714;0;30;0;0;2;1;16;B01
201000062714;0;7;0;0;2;8;1;A01
201000062715;0;10;0;0;1;2;1;A01
201000062716;0;7;0;1;2;4;23;B01
201000062716;0;7;0;0;2;1;2;A01
201000062717;0;10;0;0;1;6;15;A01
201000062718;0;32;0;0;2;8;18;A01
201000062718;0;13;0;0;2;7;1;B01
201000062719;0;33;0;0;0;8;1;A01
201000062720;0;7;0;0;2;2;15;B01
201000062720;0;30;0;0;2;1;1;A01
201000062721;0;30;0;0;0;7;21;A01
201000062722;0;2;0;0;1;1;1;A01
201000062723;0;7;0;0;2;4;2;B01
201000062723;0;33;0;0;2;1;2;A01
201000062724;0;10;0;14;0;1;13;A01
201000062725;0;14;0;0;1;1;15;A01
201000062726;0;7;0;0;2;8;10;A01
201000062726;0;30;0;0;2;3;17;B01
201000062727;0;2;0;0;2;1;1;B01
201000062727;0;7;0;0;2;3;15;A01
201000062728;0;32;0;0;2;8;1;B01
201000062728;0;7;0;0;2;6;12;A01
201000062729;0;7;0;0;2;7;16;B01
201000062729;0;37;1;0;2;1;7;A01
201000062730;0;32;0;0;0;3;16;A01
201000062731;0;2;0;0;1;2;1;A01
201000062732;0;33;0;0;1;1;1;A01
201000062733;0;30;0;0;2;1;2;A01
201000062733;0;7;0;0;2;4;23;B01
201000062734;0;10;0;0;1;2;16;A01
201000062735;0;32;0;0;1;0;1;A01
201000062736;0;7;0;0;2;8;2;A01
201000062736;0;7;0;14;2;7;2;B01
201000062736;0;7;0;0;2;1;2;D01
201000062736;0;7;0;0;2;4;2;C01
201000062737;0;38;1;0;2;2;16;B01
201000062737;0;30;0;0;2;4;1;A01
201000062738;0;7;0;0;2;8;9;A01
201000062738;0;30;0;0;2;1;1;B01
201000062739;0;33;0;0;2;3;17;A01
201000062739;0;31;0;0;2;3;1;B01
201000062740;0;7;0;0;2;3;2;C01
201000062740;0;7;0;0;2;9;2;B01
201000062740;0;31;0;0;2;7;1;A01
201000062741;0;7;0;0;2;5;1;B01
201000062741;0;32;0;0;2;1;1;A01
201000062742;0;30;0;0;2;6;10;A01
201000062742;0;30;0;0;2;1;1;B01
201000062743;0;33;0;0;2;1;2;B01
201000062743;0;7;0;0;2;5;2;A01
201000062744;1;7;0;0;1;0;1;Z01
201000062745;0;7;0;0;2;1;2;A01
201000062745;0;7;0;0;2;4;2;B01
201000062746;0;30;0;0;0;8;15;A01
201000062747;0;7;0;0;2;6;2;C01
201000062747;0;7;0;0;2;1;2;B01
201000062747;0;7;0;0;2;1;5;A01
201000062748;0;31;0;0;0;7;1;A01
201000062749;0;30;0;0;2;1;1;A01
201000062749;0;30;0;0;2;1;1;B01
201000062750;0;31;0;0;2;1;1;A01
201000062750;0;7;0;0;2;2;15;B01
201000062751;0;7;0;0;1;7;1;A01
201000062752;0;7;0;0;2;6;23;B01
201000062752;0;31;0;1;2;1;17;A01
201000062753;0;7;0;0;2;6;4;A01
201000062753;0;7;0;0;2;7;1;B01
201000062754;0;7;0;0;2;1;15;B01
201000062754;0;1;0;0;2;1;1;A01
201000062755;0;10;0;0;2;1;15;A01
201000062756;0;1;0;0;0;8;5;A01
201000062757;0;32;0;0;2;1;1;A01
201000062757;0;7;0;0;2;3;9;B01
201000062758;0;1;0;2;0;1;14;A01
201000062759;0;7;0;0;2;3;22;A01
201000062759;0;1;0;0;2;1;1;B01
201000062760;0;10;0;0;2;1;2;A01
201000062760;0;7;0;0;2;4;2;B01
201000062760;0;7;0;0;2;4;2;C01
201000062761;0;7;0;0;2;8;15;B01
201000062761;0;30;0;0;2;1;17;A01
201000062762;0;7;0;0;2;4;4;A01
201000062762;0;1;0;0;2;8;19;B01
201000062763;0;7;0;0;2;6;1;B01
201000062763;0;7;0;0;2;3;2;C01
201000062763;0;32;0;0;2;7;2;A01
201000062764;0;7;0;0;1;6;1;A01
201000062765;0;32;0;0;2;2;15;A01
201000062765;0;2;0;0;2;8;1;B01
201000062766;0;7;0;0;2;3;13;A01
201000062766;0;37;30;0;2;3;1;B01
201000062767;0;7;0;0;2;3;15;A01
201000062767;0;31;0;0;2;2;5;B01
201000062768;0;2;0;0;2;1;2;A01
201000062768;0;7;0;0;2;4;2;B01
201000062769;0;10;0;0;2;3;15;B01
201000062769;1;30;0;0;2;1;5;A01
201000062770;0;7;0;0;2;1;2;A01
201000062770;0;10;0;0;2;4;23;B01
201000062771;0;7;0;0;2;3;15;A01
201000062771;0;1;0;0;2;5;1;B01
201000062772;0;38;1;0;2;6;23;A01
201000062772;0;7;0;0;2;2;2;B01
201000062773;0;2;0;0;0;0;21;A01
201000062774;0;7;0;0;2;5;23;B01
201000062774;0;30;0;0;2;3;14;A01
201000062775;1;10;0;0;2;1;2;Z01
201000062775;0;3;0;0;2;4;23;A01
201000062776;0;7;0;6;0;1;1;A01
201000062777;0;7;0;0;1;2;1;A01
201000062778;0;32;0;0;0;0;1;A01
201000062779;0;34;0;0;2;1;17;B01
201000062779;0;7;0;0;2;3;15;A01
201000062780;0;2;0;0;2;1;1;B01
201000062780;0;7;0;0;2;1;15;A01
201000062781;0;7;0;0;2;4;23;B01
201000062781;0;7;0;0;2;4;23;C01
201000062781;0;7;0;0;2;1;2;A01
201000062782;0;32;0;0;2;1;2;A01
201000062782;0;7;0;0;2;5;15;B01
201000062783;0;32;0;0;2;1;2;A01
201000062783;0;7;0;0;2;4;2;B01
201000062784;0;7;0;0;2;6;16;B01
201000062784;0;1;0;0;2;1;2;A01
201000062785;0;7;0;0;2;5;23;B01
201000062785;0;1;0;0;2;3;18;A01
201000062786;0;2;0;0;9;3;17;A01
201000062786;0;1;0;0;2;8;15;B01
201000062787;0;7;0;0;9;1;15;A01
201000062787;0;1;0;0;2;7;1;B01
201000062788;0;1;0;0;2;1;1;B01
201000062788;0;7;0;0;2;3;22;A01
201000062789;0;2;0;0;1;3;1;A01
201000062790;0;7;0;0;2;3;1;A01
201000062790;0;33;0;0;2;7;16;B01
201000062791;0;30;0;0;1;1;2;A01
201000062792;0;7;0;0;2;3;9;B01
201000062792;0;2;0;0;2;1;1;A01
201000062793;0;7;0;0;1;7;1;A01
201000062794;0;7;0;0;2;4;1;B01
201000062794;0;7;0;0;2;4;1;C01
201000062794;0;7;0;0;2;1;1;A01
201000062795;0;7;0;0;2;7;15;A01
201000062795;0;37;10;0;2;8;1;B01
201000062796;0;7;0;0;1;3;1;A01
201000062797;0;30;0;0;1;1;17;A01
201000062798;0;7;0;0;2;8;2;A01
201000062798;0;32;0;0;2;3;2;B01
201000062799;0;33;0;0;2;1;12;A01
201000062799;0;7;0;0;9;8;1;B01
201000062800;0;7;0;0;2;1;1;A01
201000062800;0;7;0;0;2;2;1;B01
201000062801;0;33;0;0;2;2;17;A01
201000062801;0;7;0;0;2;3;1;B01
201000062802;0;7;0;0;1;2;1;A01
201000062803;0;7;0;0;2;8;10;A01
201000062803;0;33;0;0;2;1;1;B01
201000062804;0;7;0;0;0;4;15;A01
201000062804;1;7;0;0;2;1;2;Z01
201000062805;0;7;0;0;2;3;1;B01
201000062805;0;10;0;0;2;1;1;A01
201000062806;0;7;0;0;2;2;16;A01
201000062806;0;1;0;0;2;2;7;B01
201000062807;0;30;0;0;2;8;17;A01
201000062807;0;7;0;0;2;3;13;B01
201000062808;0;30;0;0;2;1;1;B01
201000062808;0;7;0;0;2;3;9;A01
201000062809;0;7;0;0;2;1;2;A01
201000062809;0;7;0;0;2;4;23;C01
201000062809;0;7;0;0;2;4;23;B01
201000062810;0;10;0;0;1;4;4;A01
201000062811;1;7;0;0;2;2;14;Z01
201000062811;0;30;0;0;2;6;1;A01
201000062812;0;7;0;0;2;1;15;A01
201000062812;0;2;0;0;2;8;1;B01
201000062813;0;1;0;0;2;1;1;B01
201000062813;0;7;0;0;2;3;22;A01
201000062814;0;7;0;1;2;9;23;B01
201000062814;0;14;0;0;2;7;1;A01
201000062815;0;7;0;0;2;2;14;A01
201000062815;0;1;0;0;2;8;1;B01
201000062816;0;1;0;0;0;3;21;A01
201000062817;0;33;0;0;2;3;1;B01
201000062817;0;7;0;0;2;2;10;A01
201000062818;0;2;0;12;2;1;17;B01
201000062818;0;7;0;0;2;3;15;A01
201000062819;1;3;0;0;1;4;5;A01
201000062820;0;7;0;0;2;3;13;A01
201000062820;0;16;0;0;2;2;1;B01
201000062821;0;32;0;0;1;0;17;A01
201000062822;0;10;0;0;1;1;16;A01
201000062823;0;32;0;1;0;2;14;A01
201000062824;0;30;0;0;2;5;1;A01
201000062824;0;7;0;0;2;5;15;B01
201000062825;0;32;0;0;0;4;23;B01
201000062825;0;2;0;0;2;1;1;A01
201000062826;0;7;0;0;2;1;2;A01
201000062826;0;7;0;0;2;4;2;C01
201000062826;0;7;0;0;2;1;2;B01
201000062827;0;2;0;0;0;0;1;A01
201000062828;0;7;0;0;2;2;17;A01
201000062828;0;1;0;0;2;8;15;B01
201000062829;0;10;0;0;2;8;1;B01
201000062829;0;3;0;1;2;2;13;A01
201000062830;0;7;0;0;1;1;1;A01
201000062831;0;33;0;0;2;2;1;A01
201000062831;0;7;0;0;2;8;15;B01
201000062832;0;7;0;0;9;5;15;A01
201000062832;0;33;0;0;2;1;1;B01
201000062833;0;33;0;0;1;2;17;A01
201000062834;0;7;0;0;2;6;15;B01
201000062834;0;32;0;0;2;7;17;A01
201000062835;0;32;0;0;2;1;1;A01
201000062835;0;7;0;0;2;4;1;B01
201000062836;0;10;0;0;2;7;5;A01
201000062836;0;7;0;0;2;8;15;B01
201000062837;0;7;0;0;2;4;23;B01
201000062837;0;30;0;0;2;1;1;A01
201000062838;0;1;0;0;2;1;1;B01
201000062838;0;7;0;0;2;1;15;A01
201000062839;0;7;0;0;2;3;1;B01
201000062839;0;7;0;0;2;1;15;A01
201000062840;0;30;0;0;0;0;21;A01
201000062841;0;7;0;0;0;0;15;A01
201000062841;0;34;0;0;0;0;1;B01
201000062842;0;7;0;0;1;2;1;A01
201000062843;0;7;0;0;2;2;15;A01
201000062843;0;32;0;0;2;7;16;B01
201000062844;0;1;0;0;2;1;1;B01
201000062844;0;7;0;0;2;1;16;A01
201000062845;1;17;0;0;1;2;1;Z01
201000062846;0;34;0;0;2;4;1;B01
201000062846;0;7;0;0;2;1;1;A01
201000062847;0;7;0;0;0;7;15;A01
201000062847;0;32;0;0;2;1;17;B01
201000062848;0;30;0;0;1;0;1;A01
201000062849;0;32;0;0;1;1;1;A01
201000062850;0;33;0;0;0;2;1;A01
201000062851;1;30;0;0;1;0;1;Z01
201000062852;0;7;0;0;1;1;1;A01
201000062853;0;34;0;0;2;1;1;A01
201000062853;0;10;0;0;2;3;9;B01
201000062854;0;30;0;0;0;7;16;A01
201000062855;0;31;0;0;2;8;1;B01
201000062855;0;7;0;0;2;3;15;A01
201000062856;0;1;0;0;0;0;0;A01
201000062857;0;10;0;9;0;1;1;A01
201000062858;0;30;0;0;0;0;21;A01
201000062859;0;32;0;0;1;1;1;A01
201000062860;0;7;0;0;9;8;1;A01
201000062860;0;1;0;0;2;7;15;B01
201000062861;0;7;0;0;2;2;16;A01
201000062861;0;1;0;0;2;7;19;B01
201000062862;0;7;0;0;2;8;9;A01
201000062862;0;32;0;0;2;1;1;B01
201000062863;0;7;0;0;0;2;10;A01
201000062863;0;32;0;0;2;1;1;B01
201000062864;0;7;0;9;2;8;1;A01
201000062864;2;10;0;9;2;1;5;Z01
201000062865;0;10;0;6;0;1;1;A01
201000062866;1;30;0;0;1;1;1;Z01
201000062867;0;7;0;0;1;7;15;A01
201000062868;0;32;0;0;0;0;21;A01
201000062869;0;30;0;0;1;1;1;A01
201000062870;0;32;0;0;1;1;17;A01
201000062871;0;7;0;0;2;2;16;A01
201000062871;0;1;0;0;2;1;1;B01
201000062872;0;7;0;0;2;4;2;B01
201000062872;0;7;0;0;2;1;2;A01
201000062873;0;7;0;0;2;8;15;A01
201000062873;0;2;0;0;2;1;1;B01
201000062874;0;30;0;0;2;7;10;A01
201000062874;0;32;0;0;2;1;1;B01
201000062875;0;30;0;0;2;1;1;B01
201000062875;0;7;0;0;2;3;9;A01
201000062876;0;33;0;0;2;8;1;B01
201000062876;0;37;7;0;2;8;4;A01
201000062877;0;33;0;0;2;3;1;B01
201000062877;0;7;0;0;2;5;12;A01
201000062878;0;7;0;0;1;4;4;A01
201000062879;0;7;0;1;2;1;1;A01
201000062879;0;10;0;1;2;6;13;B01
201000062880;0;7;0;0;2;4;23;C01
201000062880;0;7;0;0;2;1;23;B01
201000062880;0;7;0;0;2;1;2;A01
201000062881;0;34;0;0;2;1;1;A01
201000062881;1;7;0;0;2;2;16;Z01
201000062882;0;7;0;0;2;5;9;B01
201000062882;0;30;0;0;2;1;1;A01
201000062883;0;7;0;2;2;6;1;B01
201000062883;0;10;0;0;2;2;1;A01
201000062884;0;33;0;0;0;8;1;A01
201000062885;0;32;0;0;2;2;2;A01
201000062885;0;7;0;0;2;6;16;B01
201000062886;0;1;0;0;0;1;1;A01
201000062887;0;34;0;0;2;1;2;A01
201000062887;1;7;0;0;2;4;2;Z01
201000062888;0;7;0;0;2;1;15;A01
201000062888;0;34;0;0;2;7;1;B01
201000062889;0;1;0;0;2;1;1;B01
201000062889;0;10;0;0;2;2;17;A01
201000062890;0;7;0;0;2;1;2;A01
201000062890;0;33;0;0;2;4;2;B01
201000062891;0;32;0;11;0;3;14;A01
201000062892;0;7;0;0;2;3;15;B01
201000062892;0;33;0;8;2;5;17;A01
201000062893;0;7;0;0;2;8;22;A01
201000062893;0;1;0;0;2;1;1;B01
201000062894;0;32;0;0;0;8;1;A01
201000062895;0;30;0;0;0;7;1;A01
201000062896;0;1;0;0;2;8;1;A01
201000062896;1;7;0;0;2;7;14;Z01
201000062897;0;30;0;0;1;1;1;A01
201000062898;0;7;0;0;2;3;22;A01
201000062898;0;1;0;0;2;0;1;B01
201000062899;0;30;0;0;2;4;12;A01
201000062899;1;33;0;0;2;1;2;Z01
201000062900;0;1;0;0;2;0;1;B01
201000062900;0;7;0;0;2;0;16;A01
201000062901;1;1;0;0;1;2;1;Z01
201000062902;0;30;0;0;2;7;18;A01
201000062902;0;7;0;0;2;5;14;B01
201000062903;0;30;0;0;0;0;1;A01
201000062904;0;10;0;0;2;4;23;B01
201000062904;0;10;0;0;2;1;2;A01
201000062905;0;30;0;1;0;1;13;A01
201000062906;0;33;0;0;0;0;1;A01
201000062907;0;7;0;11;0;2;11;A01
201000062908;0;7;0;0;2;8;5;A01
201000062908;0;7;0;0;2;3;1;B01
201000062909;0;7;0;0;1;8;1;A01
201000062910;0;30;0;14;2;1;2;A01
201000062910;0;10;0;0;2;4;2;B01
201000062911;0;32;0;0;1;0;17;A01
201000062912;0;2;0;7;0;3;13;A01
201000062913;0;10;0;6;0;1;1;A01
201000062914;0;34;0;9;0;8;21;A01
201000062915;0;30;0;14;0;3;13;A01
201000062916;0;1;0;0;2;1;18;B01
201000062916;0;7;0;0;2;2;16;A01
201000062917;0;7;0;0;2;1;2;A01
201000062917;0;32;0;0;2;4;23;B01
201000062918;0;10;0;0;1;2;16;A01
201000062919;0;32;0;0;1;1;1;A01
201000062920;0;33;0;0;0;0;1;A01
201000062921;0;7;0;0;2;1;1;A01
201000062921;0;34;0;0;2;2;1;B01
201000062922;0;7;0;0;2;4;23;C01
201000062922;0;15;0;0;2;1;2;A01
201000062922;0;10;0;0;2;4;23;B01
201000062923;0;2;0;0;2;7;17;A01
201000062923;0;7;0;0;2;8;1;B01
201000062924;0;7;0;0;1;1;16;A01
201000062925;0;10;0;6;0;1;1;A01
201000062926;0;7;0;0;2;2;10;A01
201000062926;0;34;0;0;2;3;1;B01
201000062927;0;7;0;0;2;2;17;A01
201000062927;0;7;0;0;2;3;15;B01
201000062928;0;7;0;2;0;2;14;A01
201000062929;0;7;0;0;2;3;15;B01
201000062929;0;34;0;0;2;1;17;A01
201000062930;0;14;0;0;2;4;23;B01
201000062930;0;7;0;0;2;1;2;A01
201000062931;0;7;0;0;2;5;4;A01
201000062931;0;34;0;0;2;1;1;B01
201000062932;0;7;0;0;2;5;1;A01
201000062932;0;33;0;0;2;1;1;B01
201000062933;1;30;0;0;1;0;1;Z01
201000062934;0;32;0;0;0;0;1;A01
201000062935;0;7;0;0;2;5;16;B01
201000062935;0;7;0;0;2;1;9;A01
201000062936;0;33;0;0;2;1;1;B01
201000062936;0;7;0;0;2;2;15;A01
201000062937;0;7;0;0;1;1;1;A01
201000062938;0;7;0;0;2;6;23;D01
201000062938;0;7;0;0;2;5;23;C01
201000062938;0;7;0;0;2;4;23;B01
201000062938;0;10;0;0;2;1;2;A01
201000062939;1;32;0;0;2;1;15;Z01
201000062939;0;1;0;0;2;2;1;A01
201000062940;0;7;0;0;2;1;1;A01
201000062940;0;7;0;3;0;3;15;B01
201000062941;0;1;0;0;2;4;1;A01
201000062941;0;7;0;0;9;4;20;B01
201000062942;0;30;0;0;2;1;17;B01
201000062942;0;7;0;0;2;3;13;A01
201000062943;0;32;0;0;2;1;17;B01
201000062943;0;10;0;0;2;3;10;A01
201000062944;0;1;0;0;2;1;1;A01
201000062944;0;1;0;0;2;1;1;B01
201000062945;0;1;0;0;0;0;1;A01
201000062946;0;2;0;0;0;0;1;A01
201000062947;0;7;0;0;1;2;16;A01
201000062948;0;7;0;0;2;8;15;B01
201000062948;0;31;0;0;2;7;17;A01
201000062949;0;7;0;14;0;9;13;A01
201000062950;0;7;0;0;1;2;1;A01
201000062951;0;1;0;8;0;1;1;A01
201000062952;0;32;0;0;2;7;1;A01
201000062952;0;7;0;0;2;1;1;B01
201000062953;0;32;0;0;1;1;21;A01
201000062954;0;1;0;0;2;1;1;B01
201000062954;0;7;0;0;9;7;14;A01
201000062955;0;7;0;0;2;2;16;B01
201000062955;0;2;0;0;2;3;18;A01
201000062956;0;31;0;0;0;0;21;A01
201000062957;0;30;0;0;0;0;21;A01
201000062958;0;10;0;0;0;5;2;B01
201000062958;0;30;0;0;0;1;2;A01
201000062959;0;7;0;0;2;2;16;B01
201000062959;0;2;0;0;2;8;7;A01
201000062960;0;1;0;0;2;8;1;A01
201000062960;0;32;0;0;2;1;1;B01
201000062961;0;7;0;0;0;4;1;C01
201000062961;1;7;0;0;0;0;0;A01
201000062961;0;7;0;0;2;4;1;B01
201000062962;0;2;0;0;2;8;1;B01
201000062962;0;7;0;0;2;7;14;A01
201000062963;0;1;0;12;0;0;21;A01
201000062964;0;30;0;0;0;0;21;A01
201000062965;0;1;0;1;0;1;9;A01
201000062965;0;32;0;0;2;6;24;B01
201000062966;0;30;0;8;0;1;20;A01
201000062967;0;1;0;0;9;0;1;B01
201000062967;0;1;0;0;9;0;1;A01
201000062967;0;1;0;0;0;0;1;C01
201000062968;0;1;0;0;0;5;17;A01
201000062968;0;1;0;0;0;3;1;B01
201000062969;0;10;0;0;2;1;9;A01
201000062969;0;32;0;0;2;2;1;B01
201000062970;0;7;0;0;1;7;16;A01
201000062971;0;33;0;0;2;1;1;A01
201000062971;0;32;0;0;0;6;1;B01
201000062972;0;7;0;0;2;7;16;B01
201000062972;0;30;0;0;2;8;18;A01
201000062973;0;7;0;0;2;3;15;A01
201000062973;0;2;0;0;2;1;1;B01
201000062974;0;30;0;0;0;8;21;A01
201000062975;0;31;0;0;2;7;1;A01
201000062975;1;7;0;0;2;0;13;Z01
201000062976;0;7;0;0;2;6;2;B01
201000062976;0;33;0;0;2;1;2;A01
201000062977;0;10;0;0;2;1;1;B01
201000062977;0;1;0;0;2;6;19;A01
201000062978;0;33;0;0;2;1;1;B01
201000062978;0;7;0;0;2;3;9;A01
201000062979;0;1;0;0;2;4;13;B01
201000062979;0;7;0;0;2;1;1;A01
201000062980;0;10;0;0;2;8;10;B01
201000062980;0;33;0;0;2;8;17;A01
201000062981;0;32;0;0;0;7;1;A01
201000062982;0;30;0;0;0;6;0;A01
201000062983;0;7;0;0;2;2;12;A01
201000062983;0;34;0;12;2;8;1;B01
201000062983;0;7;0;0;2;2;1;C01
201000062984;1;7;0;0;1;0;1;Z01
201000062985;0;7;0;0;2;8;7;B01
201000062985;0;30;0;0;2;2;16;A01
201000062986;0;30;0;0;1;3;1;A01
201000062987;0;7;0;0;0;4;23;C01
201000062987;0;7;0;0;0;4;23;B01
201000062987;0;7;0;0;0;1;1;A01
201000062988;0;32;0;0;2;1;17;A01
201000062988;0;7;0;0;2;6;15;B01
201000062989;1;7;0;0;0;1;1;Z01
201000062990;0;7;0;0;2;7;1;B01
201000062990;0;30;0;0;2;1;1;A01
201000062991;0;30;0;0;2;1;18;A01
201000062991;0;10;0;0;2;2;16;B01
201000062992;0;7;0;0;2;1;15;B01