num_acc;senc;catv;occutc;obs;obsm;choc;manv;num_veh
201000062992;0;2;0;0;2;7;17;A01
201000062993;0;7;0;0;2;2;10;B01
201000062993;0;32;0;0;2;1;1;A01
201000062994;0;33;0;0;2;8;15;B01
201000062994;0;7;0;0;2;2;15;A01
201000062995;0;7;0;0;2;7;1;B01
201000062995;0;32;0;0;2;8;1;A01
201000062996;0;34;0;0;0;0;1;A01
201000062997;0;30;0;0;2;2;1;A01
201000062997;1;7;0;0;0;0;16;Z01
201000062998;0;33;0;0;2;2;1;B01
201000062998;0;7;0;0;2;8;11;A01
201000062999;0;1;0;0;2;1;1;A01
201000062999;1;7;0;0;2;7;16;Z01
201000063000;0;1;0;1;2;1;18;A01
201000063000;0;7;0;0;9;7;1;B01
201000063001;0;32;0;0;2;1;1;B01
201000063001;0;7;0;0;2;6;15;A01
201000063002;0;33;0;0;0;8;1;A01
201000063003;0;7;0;0;2;2;16;A01
201000063003;0;1;0;0;2;4;1;B01
201000063004;0;7;0;0;1;6;4;A01
201000063005;0;10;0;0;2;8;10;A01
201000063005;0;34;0;0;2;7;17;B01
201000063006;0;7;0;0;2;2;10;A01
201000063006;0;33;0;0;2;1;1;B01
201000063007;0;7;0;0;2;3;10;B01
201000063007;0;33;0;0;2;3;1;A01
201000063008;0;32;0;0;2;1;1;B01
201000063008;0;7;0;0;2;2;15;A01
201000063009;0;33;0;0;2;2;1;B01
201000063009;0;7;0;0;1;3;1;A01
201000063010;0;33;0;0;0;8;1;A01
201000063011;0;34;0;0;1;1;1;A01
201000063012;0;1;0;0;0;1;1;A01
201000063013;0;33;0;0;2;1;17;B01
201000063013;0;7;0;0;2;3;15;A01
201000063014;0;1;0;0;2;1;1;B01
201000063014;0;10;0;0;2;2;16;A01
201000063015;0;1;0;0;0;0;1;A01
201000063016;0;1;0;0;2;8;19;A01
201000063016;2;10;0;0;2;8;1;Z01
201000063017;0;7;0;0;1;2;1;A01
201000063018;0;7;0;0;2;1;2;A01
201000063018;0;10;0;0;2;4;23;B01
201000063018;0;7;0;0;2;4;23;C01
201000063019;0;7;0;8;0;1;1;A01
201000063020;0;32;0;0;2;3;1;B01
201000063020;0;7;0;0;0;3;15;A01
201000063021;0;7;0;0;2;2;1;A01
201000063021;0;1;0;1;2;6;11;B01
201000063022;0;7;0;15;0;1;1;A01
201000063023;0;7;0;0;2;3;9;A01
201000063023;0;34;0;1;2;7;1;B01
201000063024;0;32;0;0;1;2;1;A01
201000063025;0;10;0;0;0;5;16;B01
201000063025;0;2;0;0;2;3;18;A01
201000063026;0;7;0;0;2;7;15;A01
201000063026;0;32;0;0;2;1;1;B01
201000063027;0;10;0;0;2;8;1;B01
201000063027;0;33;0;0;2;2;16;A01
201000063028;0;7;0;0;2;3;15;B01
201000063028;0;30;0;0;2;1;17;A01
201000063029;0;7;0;0;2;3;7;B01
201000063029;0;7;0;0;2;2;16;A01
201000063030;0;30;0;8;0;1;1;A01
201000063031;0;7;0;0;1;1;16;A01
201000063032;0;7;0;0;2;3;23;B01
201000063032;0;3;0;0;2;3;16;A01
201000063033;0;32;0;0;2;7;17;A01
201000063033;0;7;0;0;2;8;15;B01
201000063034;0;7;0;0;1;1;1;A01
201000063035;0;32;0;0;2;2;17;A01
201000063035;0;10;0;0;2;8;13;B01
201000063036;0;7;0;0;2;8;15;A01
201000063036;0;33;0;0;2;3;17;B01
201000063036;0;7;0;0;2;3;1;C01
201000063037;0;32;0;0;2;1;17;B01
201000063037;0;13;0;0;0;3;10;A01
201000063038;0;7;0;0;2;1;1;A01
201000063038;0;10;0;0;2;4;23;B01
201000063039;0;33;0;0;2;1;17;A01
201000063039;0;7;0;0;0;8;15;B01
201000063040;0;7;0;0;1;1;1;A01
201000063041;0;2;0;0;0;7;1;A01
201000063042;0;30;0;0;0;0;1;A01
201000063043;0;7;0;0;2;3;15;A01
201000063043;0;32;0;0;2;1;2;C01
201000063043;0;32;0;0;2;1;2;B01
201000063044;0;10;0;0;2;3;1;C01
201000063044;0;10;0;0;2;1;1;A01
201000063044;0;7;0;0;2;4;15;B01
201000063045;0;7;0;0;2;7;9;A01
201000063045;0;33;0;0;2;8;1;B01
201000063046;0;10;0;0;2;8;13;A01
201000063046;0;33;0;0;2;2;7;B01
201000063047;0;7;0;0;2;3;15;B01
201000063047;0;32;0;0;2;3;15;A01
201000063048;0;32;0;0;2;1;2;A01
201000063048;0;7;0;0;2;5;2;B01
201000063049;0;7;0;0;1;1;15;A01
201000063050;0;30;0;0;0;8;1;A01
201000063051;0;1;0;0;2;2;1;A01
201000063051;0;7;0;0;2;3;1;B01
201000063052;1;7;0;0;2;2;1;Z01
201000063052;0;7;0;0;2;1;1;A01
201000063053;0;7;0;0;1;1;15;A01
201000063054;0;31;0;0;2;1;1;B01
201000063054;0;7;0;0;2;7;22;A01
201000063055;0;13;0;0;2;3;11;B01
201000063055;0;33;0;0;2;0;1;A01
201000063056;0;32;0;0;0;7;21;A01
201000063057;0;7;0;0;2;4;2;B01
201000063057;0;30;0;0;2;1;2;A01
201000063058;0;7;0;0;1;1;1;A01
201000063059;0;14;0;0;2;5;1;B01
201000063059;0;30;0;0;2;1;1;A01
201000063060;0;32;0;0;2;1;1;B01
201000063060;0;7;0;0;2;3;15;A01
201000063061;1;7;0;0;2;0;2;Z01
201000063061;0;3;0;1;2;4;2;A01
201000063062;0;7;0;0;2;1;1;B01
201000063062;0;33;0;0;2;7;1;A01
201000063063;0;33;0;0;1;1;1;A01
201000063064;0;31;0;0;2;1;2;A01
201000063064;0;7;0;0;2;4;23;B01
201000063065;0;7;0;0;1;1;15;A01
201000063066;0;31;0;0;2;1;1;A01
201000063066;0;7;0;0;2;8;1;B01
201000063067;0;32;0;0;2;1;2;A01
201000063067;0;7;0;0;2;4;2;B01
201000063068;0;7;0;0;2;4;2;A01
201000063068;0;7;0;0;2;1;2;C01
201000063068;0;7;0;0;2;1;2;B01
201000063069;0;7;0;0;1;2;1;A01
201000063070;0;32;0;0;0;0;21;A01
201000063071;0;7;0;0;2;3;15;B01
201000063071;0;2;0;0;2;7;17;A01
201000063072;0;32;0;0;0;0;1;A01
201000063073;0;7;0;14;0;3;15;A01
201000063074;0;7;0;8;1;2;14;A01
201000063075;0;2;0;0;0;7;1;A01
201000063076;0;1;0;0;0;0;21;A01
201000063077;0;31;0;0;2;2;17;A01
201000063077;0;7;0;0;2;2;9;B01
201000063078;0;7;0;0;2;1;1;B01
201000063078;0;34;0;0;2;1;17;A01
201000063079;0;7;0;0;2;3;1;A01
201000063079;0;31;0;0;2;8;1;B01
201000063080;0;7;0;0;1;3;15;A01
201000063081;0;33;0;0;2;6;7;A01
201000063081;0;7;0;0;2;3;15;B01
201000063082;0;33;0;0;2;6;13;A01
201000063082;0;34;0;0;2;2;1;B01
201000063083;0;7;0;0;1;5;1;A01
201000063084;1;7;0;0;1;0;15;Z01
201000063085;0;10;0;0;2;2;1;A01
201000063085;0;30;0;0;2;1;1;B01
201000063086;0;7;0;0;1;3;16;A01
201000063087;0;7;0;0;2;3;15;A01
201000063087;1;7;0;0;2;3;1;Z01
201000063088;0;10;0;0;2;1;2;A01
201000063088;0;7;0;0;2;4;23;B01
201000063089;0;10;0;0;2;6;2;B01
201000063089;0;7;0;0;2;6;2;A01
201000063090;0;10;0;0;2;2;9;A01
201000063090;0;7;0;0;2;6;1;B01
201000063091;0;7;0;0;2;3;9;A01
201000063091;0;1;0;0;2;2;1;B01
201000063092;0;34;0;8;0;1;13;A01
201000063093;0;32;0;0;2;1;1;B01
201000063093;0;7;0;0;2;1;15;A01
201000063094;0;30;0;0;1;1;1;A01
201000063095;0;2;0;0;0;7;1;A01
201000063096;0;7;0;0;2;8;1;B01
201000063096;0;30;0;0;2;7;16;A01
201000063097;0;7;0;0;1;5;7;A01
201000063098;0;33;0;0;2;6;13;A01
201000063098;0;37;1;0;2;2;1;B01
201000063099;0;34;0;0;2;1;5;A01
201000063099;0;7;0;0;2;8;9;B01
201000063100;0;7;0;0;2;3;22;A01
201000063100;0;37;12;0;2;7;1;B01
201000063101;0;7;0;0;2;8;15;B01
201000063101;0;30;0;0;2;3;17;A01
201000063102;0;1;0;0;0;0;1;A01
201000063103;0;7;0;0;2;4;2;B01
201000063103;0;33;0;0;2;1;2;A01
201000063104;0;37;62;0;1;2;7;A01
201000063105;0;31;0;0;2;3;2;A01
201000063105;0;7;0;0;2;5;23;B01
201000063106;0;32;0;0;2;3;1;B01
201000063106;0;7;0;0;2;2;9;A01
201000063107;0;34;0;8;0;1;21;A01
201000063108;0;10;0;0;1;3;1;A01
201000063109;0;2;0;0;2;3;9;A01
201000063109;0;37;1;0;2;0;1;B01
201000063110;0;7;0;0;1;1;17;A01
201000063111;0;30;0;0;2;1;1;B01
201000063111;0;7;0;0;2;0;23;C01
201000063111;0;7;0;0;2;3;15;A01
201000063112;0;1;0;0;1;1;1;A01
201000063113;0;7;0;0;2;2;1;B01
201000063113;0;34;0;14;2;1;14;A01
201000063114;0;7;0;8;0;1;1;A01
201000063115;0;7;0;0;1;2;7;A01
201000063116;0;7;0;0;1;3;1;A01
201000063117;0;37;41;0;2;3;7;A01
201000063117;0;7;0;0;2;5;12;B01
201000063118;0;1;0;0;1;1;1;A01
201000063119;0;7;0;0;2;4;23;B01
201000063119;0;31;0;0;2;1;2;A01
201000063120;0;7;0;0;2;6;13;A01
201000063120;0;33;0;0;2;2;1;B01
201000063121;0;7;0;11;0;2;14;A01
201000063122;0;32;0;0;2;1;1;B01
201000063122;0;7;0;0;2;6;15;A01
201000063123;0;7;0;0;2;5;16;A01
201000063123;0;30;0;0;2;1;3;B01
201000063124;0;7;0;0;2;6;13;A01
201000063124;0;37;60;0;2;2;1;B01
201000063125;0;1;0;0;1;7;1;A01
201000063126;0;7;0;11;0;1;1;A01
201000063127;0;31;0;0;2;7;1;A01
201000063127;0;7;0;0;2;7;15;B01
201000063128;0;1;0;0;2;1;1;B01
201000063128;0;7;0;0;2;3;17;A01
201000063129;0;32;0;0;2;1;1;B01
201000063129;0;7;0;0;2;3;15;A01
201000063130;0;34;0;0;1;1;17;A01
201000063131;0;32;0;0;1;1;1;A01
201000063132;0;7;0;0;1;3;1;A01
201000063133;0;7;0;0;2;0;15;A01
201000063133;0;33;0;0;2;1;1;B01
201000063134;0;7;0;1;0;1;1;A01
201000063135;0;7;0;0;2;1;9;A01
201000063135;0;1;0;0;2;7;1;B01
201000063136;0;30;0;0;0;3;21;A01
201000063137;0;7;0;0;1;2;1;A01
201000063138;0;10;0;0;1;4;4;A01
201000063139;0;7;0;0;1;4;4;A01
201000063140;0;7;0;11;0;1;14;A01
201000063141;0;7;0;0;2;2;15;A01
201000063141;0;10;0;0;2;1;1;B01
201000063142;0;32;0;0;2;1;18;A01
201000063142;0;7;0;0;2;4;23;B01
201000063143;0;10;0;0;2;8;1;B01
201000063143;0;2;0;0;2;1;1;A01
201000063144;0;32;0;0;2;1;1;B01
201000063144;0;7;0;0;2;5;15;A01
201000063145;0;2;0;1;0;3;16;A01
201000063146;0;7;0;0;1;2;1;A01
201000063147;0;33;0;0;1;7;1;A01
201000063148;0;1;0;0;2;2;17;A01
201000063148;0;7;0;0;2;3;16;B01
201000063149;0;31;0;0;2;0;15;B01
201000063149;0;7;0;0;2;0;1;A01
201000063150;0;10;0;0;2;4;23;B01
201000063150;0;33;0;0;2;1;2;A01
201000063151;0;33;0;0;2;1;1;B01
201000063151;0;7;0;0;2;3;10;A01
201000063152;2;7;0;7;0;1;1;Z01
201000063153;0;31;0;0;1;1;1;A01
201000063154;0;7;0;0;2;2;16;A01
201000063154;0;33;0;0;2;1;1;B01
201000063155;0;33;0;0;2;6;2;A01
201000063155;0;7;0;0;2;6;2;B01
201000063156;0;7;0;0;1;4;4;A01
201000063157;0;30;0;0;2;8;1;B01
201000063157;0;7;0;0;2;1;15;A01
201000063158;0;30;0;1;0;1;13;A01
201000063159;0;7;0;0;2;1;1;B01
201000063159;0;10;0;15;2;7;1;A01
201000063160;0;10;0;0;1;3;15;A01
201000063161;0;7;0;0;2;2;15;A01
201000063161;0;33;0;0;2;1;1;B01
201000063162;0;1;0;0;1;1;1;A01
201000063163;0;33;0;0;2;9;1;B01
201000063163;0;7;0;0;2;4;15;A01
201000063164;0;7;0;0;2;4;23;B01
201000063164;2;7;0;0;2;1;2;A01
201000063165;0;32;0;0;1;1;1;A01
201000063166;0;7;0;0;2;2;16;A01
201000063166;0;2;0;0;2;1;2;B01
201000063167;0;1;0;0;1;1;1;A01
201000063168;1;7;0;1;2;1;2;Z01
201000063168;0;10;0;0;2;4;2;A01
201000063168;0;7;0;0;2;3;2;B01
201000063169;0;33;0;0;1;3;15;A01
201000063170;0;7;0;0;2;3;9;A01
201000063170;0;30;0;0;2;1;1;B01
201000063171;0;7;0;0;2;4;23;B01
201000063171;0;37;1;0;2;2;2;A01
201000063172;0;32;0;0;2;4;16;A01
201000063172;0;32;0;0;2;1;1;B01
201000063173;0;7;0;8;2;2;21;A01
201000063173;0;1;0;0;2;1;23;B01
201000063173;0;1;0;0;2;1;23;C01
201000063174;0;7;0;0;2;8;15;B01
201000063174;0;32;0;0;2;1;17;A01
201000063175;0;33;0;1;2;3;2;A01
201000063175;0;30;0;0;2;4;23;C01
201000063175;0;7;0;0;2;5;23;B01
201000063176;0;10;0;0;2;6;10;A01
201000063176;0;32;0;0;2;1;1;B01
201000063177;0;7;0;0;2;1;15;A01
201000063177;0;7;0;0;2;3;1;B01
201000063178;0;7;0;0;1;8;1;A01
201000063179;0;32;0;0;0;7;17;A01
201000063180;0;32;0;0;2;2;17;A01
201000063180;0;7;0;0;2;8;15;B01
201000063181;0;7;0;7;0;1;13;A01
201000063182;0;30;0;0;0;1;1;A01
201000063183;2;7;0;0;2;1;2;Z01
201000063183;0;7;0;0;2;4;23;A01
201000063184;0;7;0;0;2;4;23;B01
201000063184;0;7;0;0;2;1;2;A01
201000063185;0;7;0;0;2;3;15;A01
201000063185;0;32;0;0;2;3;1;B01
201000063186;0;32;0;0;1;1;1;A01
201000063187;0;7;0;0;1;1;1;A01
201000063188;0;7;0;0;0;3;22;A01
201000063188;0;30;0;0;2;2;1;B01
201000063189;0;30;0;8;0;1;14;A01
201000063190;0;1;0;0;0;0;21;A01
201000063191;0;7;0;0;1;1;15;A01
201000063192;0;34;0;0;0;7;1;A01
201000063193;0;30;0;0;0;3;1;A01
201000063194;0;10;0;0;2;3;1;A01
201000063194;0;7;0;0;2;1;15;B01
201000063195;0;33;0;8;0;2;14;A01
201000063196;1;7;0;0;2;0;14;Z01
201000063196;0;33;0;0;2;0;1;A01
201000063197;0;7;0;0;1;3;1;A01
201000063198;1;7;0;0;0;1;1;A01
201000063199;0;30;0;14;0;1;13;A01
201000063200;0;1;0;0;0;6;1;A01
201000063200;1;7;0;0;0;0;15;Z01
201000063201;0;7;0;0;2;6;2;B01
201000063201;0;7;0;0;2;2;2;A01
201000063202;0;34;0;0;0;8;21;A01
201000063203;0;7;0;1;0;1;14;A01
201000063204;0;1;0;0;2;1;9;A01
201000063204;0;7;0;0;2;2;15;B01
201000063205;1;7;0;0;2;1;2;Z01
201000063205;0;32;0;0;2;4;23;A01
201000063206;0;30;0;0;0;0;1;A01
201000063207;0;30;0;0;2;9;17;A01
201000063207;0;7;0;0;2;8;15;B01
201000063208;0;31;0;0;2;4;23;B01
201000063208;0;10;0;0;2;2;2;A01
201000063209;1;7;0;0;1;1;1;Z01
201000063210;0;30;0;0;2;3;18;B01
201000063210;0;14;0;0;2;5;12;A01
201000063211;0;7;0;0;2;3;1;A01
201000063211;0;32;0;0;2;7;15;B01
201000063212;0;10;0;0;1;2;7;A01
201000063213;0;37;1;0;1;2;0;A01
201000063214;0;37;13;9;0;2;20;A01
201000063215;0;7;0;0;9;1;9;B01
201000063215;0;1;0;0;9;1;1;A01
201000063216;0;7;0;0;9;3;16;A01
201000063216;0;1;0;0;2;2;16;B01
201000063217;0;2;0;9;0;2;9;A01
201000063217;0;7;0;0;0;2;1;B01
201000063218;0;33;0;0;1;1;1;A01
201000063219;0;33;0;1;0;0;1;A01
201000063220;0;7;0;0;1;0;1;A01
201000063221;0;32;0;0;0;0;8;A01
201000063222;1;7;0;0;1;0;4;A01
201000063223;0;7;0;0;0;4;1;C01
201000063223;0;10;0;0;2;1;1;A01
201000063223;0;7;0;0;2;1;1;B01
201000063224;0;37;39;0;2;2;17;A01
201000063224;0;1;0;0;2;6;1;B01
201000063225;0;7;0;0;1;1;1;A01
201000063226;0;7;0;12;0;1;1;A01
201000063227;0;7;0;0;2;0;16;A01
201000063227;0;1;0;0;2;1;1;B01
201000063228;1;30;0;0;2;3;10;Z01
201000063228;0;30;0;0;2;7;17;B01
201000063229;0;33;0;0;2;4;23;B01
201000063229;0;7;0;0;2;3;1;A01
201000063230;0;33;0;0;1;7;17;A01
201000063231;0;2;0;0;1;1;17;A01
201000063232;0;31;0;0;2;0;1;A01
201000063233;0;7;0;0;2;3;24;B01
201000063233;0;33;0;0;2;1;18;A01
201000063234;0;7;0;0;2;0;1;A01
201000063234;0;7;0;0;2;0;2;D01
201000063234;0;10;0;0;2;0;2;C01
201000063234;0;7;0;0;2;0;1;B01
201000063235;0;7;0;0;1;7;1;A01
201000063236;0;7;0;0;2;3;9;A01
201000063236;0;1;0;0;2;1;1;B01
201000063237;0;7;0;0;2;1;15;A01
201000063237;0;34;0;0;2;8;1;B01
201000063238;0;10;0;0;1;3;1;A01
201000063239;0;32;0;0;0;8;1;A01
201000063240;0;7;0;0;2;7;17;A01
201000063240;0;1;0;0;2;8;13;B01
201000063241;0;10;0;0;1;4;4;A01
201000063242;0;10;0;0;1;4;4;A01
201000063243;0;7;0;0;1;1;15;A01
201000063244;0;7;0;0;2;4;23;C01
201000063244;0;10;0;0;2;1;2;A01
201000063244;0;7;0;0;2;4;23;B01
201000063245;0;31;0;0;2;7;16;A01
201000063245;0;31;0;0;2;1;18;B01
201000063246;0;7;0;0;2;1;15;B01
201000063246;0;33;0;1;2;1;1;A01
201000063247;0;7;0;0;2;2;15;A01
201000063247;0;7;0;8;2;1;1;B01
201000063248;0;32;0;0;2;3;1;B01
201000063248;0;7;0;0;2;1;15;A01
201000063249;0;2;0;0;1;1;17;A01
201000063250;0;30;0;0;2;2;18;B01
201000063250;0;7;0;0;2;3;13;A01
201000063251;0;1;0;0;2;2;1;B01
201000063251;0;7;0;0;2;2;1;A01
201000063252;0;10;0;0;1;2;1;A01
201000063253;0;7;0;0;2;1;2;A01
201000063253;0;7;0;0;2;4;23;B01
201000063254;0;2;0;0;2;2;1;B01
201000063254;0;7;0;0;2;3;15;A01
201000063255;0;7;0;1;0;2;14;A01
201000063256;0;7;0;0;1;1;1;A01
201000063257;0;10;0;0;2;4;2;B01
201000063257;0;33;0;0;2;5;2;C01
201000063257;0;7;0;0;2;1;2;A01
201000063258;0;34;0;0;0;0;21;A01
201000063259;0;7;0;0;2;7;16;A01
201000063259;0;37;100;0;2;8;7;B01
201000063260;0;7;0;0;2;1;2;A01
201000063260;0;7;0;0;2;4;23;B01
201000063261;0;1;0;0;2;0;1;B01
201000063261;0;10;0;0;2;0;4;A01
201000063262;0;10;0;0;2;2;1;B01
201000063262;0;7;0;0;2;6;1;C01
201000063262;0;33;0;0;2;1;1;A01
201000063263;0;7;0;0;2;1;15;A01
201000063263;0;32;0;0;2;8;1;B01
201000063264;0;33;0;0;2;7;1;A01
201000063264;0;7;0;0;2;3;15;B01
201000063265;0;7;0;0;2;5;1;A01
201000063265;0;33;0;0;2;8;1;B01
201000063266;0;7;0;0;2;2;14;A01
201000063266;1;1;0;0;2;3;1;B01
201000063267;0;7;0;0;2;5;15;A01
201000063267;0;33;0;0;2;1;1;B01
201000063268;0;7;0;0;1;4;1;A01
201000063269;0;7;0;11;0;2;14;A01
201000063270;0;31;0;0;2;7;17;B01
201000063270;0;7;0;0;2;8;15;A01
201000063271;0;7;0;0;1;1;1;A01
201000063272;0;7;0;7;0;3;13;A01
201000063273;0;33;0;0;2;2;1;A01
201000063273;0;7;0;0;2;3;1;B01
201000063274;0;7;0;0;2;7;1;A01
201000063274;0;1;0;0;2;8;13;B01
201000063275;0;7;0;0;2;3;10;A01
201000063275;0;32;0;0;2;1;1;B01
201000063276;0;31;0;0;0;8;1;A01
201000063277;0;30;0;0;0;8;1;A01
201000063278;0;7;0;0;1;6;1;A01
201000063279;0;14;0;0;2;7;17;A01
201000063279;0;33;0;0;2;6;1;B01
201000063280;0;2;0;12;0;0;13;A01
201000063281;0;7;0;0;1;2;7;A01
201000063282;0;33;0;8;2;3;2;A01
201000063282;0;7;0;0;2;5;15;B01
201000063283;0;30;0;14;9;1;1;A01
201000063284;0;7;0;0;1;1;16;A01
201000063285;0;1;0;0;1;0;1;A01
201000063286;0;7;0;0;2;1;15;A01
201000063286;0;30;0;0;2;8;7;B01
201000063287;0;2;0;0;2;1;7;B01
201000063287;0;7;0;0;2;3;10;A01
201000063288;0;7;0;0;2;3;15;A01
201000063288;0;30;0;0;2;2;1;B01
201000063289;0;31;0;0;0;1;21;A01
201000063290;0;7;0;0;2;2;9;A01
201000063290;0;32;0;0;2;6;1;B01
201000063291;0;7;0;7;0;1;13;A01
201000063292;0;1;0;0;0;7;1;A01
201000063293;0;32;0;0;0;0;1;A01
201000063294;0;7;0;11;0;1;12;A01
201000063295;0;32;0;0;2;1;18;B01
201000063295;0;10;0;0;2;2;16;A01
201000063296;0;7;0;11;0;3;1;A01
201000063297;0;10;0;0;2;4;2;A01
201000063297;0;7;0;0;2;1;2;C01
201000063297;0;7;0;0;2;4;2;B01
201000063298;0;30;0;0;2;3;1;A01
201000063298;0;7;0;0;2;1;15;B01
201000063299;0;7;0;0;1;1;1;A01
201000063300;0;1;0;0;1;1;7;A01
201000063301;0;33;0;0;2;9;21;A01
201000063302;0;30;0;0;0;2;17;A01
201000063302;0;13;0;0;0;3;15;B01
201000063303;0;31;0;0;2;3;1;B01
201000063303;0;7;0;0;2;2;15;A01
201000063304;1;7;0;0;2;6;12;A01
201000063304;0;31;0;0;2;6;1;B01
201000063305;0;7;0;0;0;7;22;A01
201000063305;0;1;0;0;2;1;1;B01
201000063306;0;10;0;0;1;2;1;A01
201000063307;0;2;0;0;2;1;17;A01
201000063307;0;7;0;0;0;6;15;B01
201000063308;0;37;0;0;0;0;21;A01
201000063309;0;37;0;0;2;2;1;B01
201000063309;0;7;0;0;2;8;10;A01
201000063310;0;33;0;0;2;4;23;B01
201000063310;0;7;0;0;2;1;1;A01
201000063311;0;7;0;0;2;3;11;A01
201000063311;0;7;0;7;2;2;1;B01
201000063312;0;1;0;0;2;8;15;A01
201000063312;0;32;0;0;9;1;1;B01
201000063313;0;7;0;0;2;8;1;A01
201000063313;0;33;0;0;2;2;1;B01
201000063314;0;33;0;0;0;0;1;A01
201000063315;0;37;25;0;1;0;1;A01
201000063316;0;2;0;0;0;0;9;A01
201000063317;0;7;0;0;1;4;4;A01
201000063318;0;7;0;0;2;1;1;A01
201000063318;0;7;0;0;0;4;1;B01
201000063319;0;7;0;0;2;1;1;B01
201000063319;0;7;0;0;2;1;15;A01
201000063320;1;7;0;0;2;0;16;Z01
201000063320;0;31;0;8;2;3;1;A01
201000063321;0;7;0;0;2;5;12;A01
201000063321;0;30;0;0;2;3;1;B01
201000063322;0;7;0;0;0;7;15;B01
201000063322;0;7;0;16;2;3;1;A01
201000063323;0;10;0;0;1;2;1;A01
201000063324;0;32;0;0;2;1;1;A01
201000063324;0;33;0;0;2;3;16;B01
201000063325;0;7;0;0;2;3;11;A01
201000063325;0;31;0;0;2;2;1;B01
201000063326;1;31;0;0;1;0;1;Z01
201000063327;0;32;0;0;0;0;21;A01
201000063328;0;7;0;0;1;1;1;A01
201000063329;0;7;0;7;0;3;13;A01
201000063330;0;7;0;0;1;1;1;A01
201000063331;0;7;0;1;2;7;1;A01
201000063331;0;7;0;15;2;1;1;B01
201000063332;0;32;0;1;0;1;1;A01
201000063333;0;10;0;0;2;1;2;A01
201000063333;0;7;0;0;2;5;23;B01
201000063334;0;7;0;0;1;2;15;A01
201000063335;0;30;0;1;1;1;1;A01
201000063336;0;7;0;0;1;2;1;A01
201000063337;0;32;0;12;0;1;1;A01
201000063338;0;7;0;0;1;1;15;A01
201000063339;0;30;0;12;0;1;16;A01
201000063340;0;13;0;0;1;8;15;A01
201000063341;0;7;0;0;2;1;2;A01
201000063341;0;7;0;0;2;4;23;B01
201000063342;0;31;0;0;9;0;1;A01
201000063343;0;7;0;0;0;6;23;A01
201000063343;1;7;0;1;0;1;1;Z01
201000063344;0;7;0;16;0;1;15;A01
201000063344;0;30;0;0;2;1;1;B01
201000063345;0;32;0;0;0;0;1;A01
201000063345;0;7;0;0;0;2;15;B01
201000063346;0;32;0;0;2;7;17;A01
201000063346;0;7;0;0;0;8;15;B01
201000063347;0;10;0;0;2;3;1;A01
201000063347;0;1;0;0;2;2;19;B01
201000063348;0;32;0;0;1;1;1;A01
201000063349;0;7;0;0;1;3;15;A01
201000063350;0;30;0;0;0;2;14;A01
201000063351;0;32;0;0;2;1;1;B01
201000063351;0;7;0;0;2;1;15;A01
201000063352;0;7;0;8;0;3;2;A01
201000063353;0;7;0;0;2;2;1;B01
201000063353;0;32;0;0;2;7;15;A01
201000063354;0;7;0;0;2;1;2;A01
201000063354;0;7;0;0;2;4;23;B01
201000063355;0;10;0;6;0;1;1;A01
201000063356;0;31;0;0;1;1;17;A01
201000063357;0;33;0;0;2;0;1;A01
201000063357;0;7;0;0;2;2;15;B01
201000063358;0;7;0;7;0;3;15;A01
201000063359;0;32;0;0;2;8;1;A01
201000063359;1;7;0;0;2;1;1;Z01
201000063360;0;7;0;0;2;8;7;A01
201000063360;0;7;0;0;2;7;16;B01
201000063361;0;37;10;0;2;8;13;B01
201000063361;0;10;0;0;2;3;23;C01
201000063361;0;30;0;0;2;9;17;A01
201000063362;0;30;0;0;2;1;1;B01
201000063362;0;10;0;0;2;3;10;A01
201000063363;0;33;0;0;1;0;21;A01
201000063364;0;7;0;0;2;7;22;A01
201000063364;0;1;0;0;2;8;1;B01
201000063365;0;10;0;0;2;0;15;A01
201000063365;0;31;0;0;2;0;1;B01
201000063366;0;1;0;0;2;1;1;B01
201000063366;0;7;0;0;2;7;15;A01
201000063367;0;34;0;0;1;1;1;A01
201000063368;1;7;0;0;2;8;13;Z01
201000063368;0;30;0;0;2;7;1;A01
201000063369;0;30;0;0;0;9;21;A01
201000063370;0;10;0;0;1;2;16;A01
201000063371;0;32;0;0;0;7;1;A01
201000063372;0;30;0;0;0;8;16;A01
201000063373;0;32;0;0;0;0;21;A01
201000063374;0;10;0;0;2;0;9;A01
201000063374;0;2;0;0;2;0;1;B01
201000063375;0;7;0;0;1;3;9;A01
201000063376;0;7;0;0;2;4;23;B01
201000063376;0;37;1;0;2;1;7;A01
201000063377;0;7;0;0;1;2;17;A01
201000063378;0;33;0;0;0;2;1;A01
201000063378;0;30;0;0;0;3;1;B01
201000063379;0;2;0;0;1;1;1;A01
201000063380;0;7;0;1;0;3;1;A01
201000063381;0;7;0;0;0;3;15;A01
201000063381;0;33;0;0;0;8;1;B01
201000063382;0;7;0;0;2;3;15;A01
201000063382;0;33;0;0;2;6;1;B01
201000063383;0;7;0;0;1;2;1;A01
201000063384;0;30;0;1;0;3;1;A01
201000063385;0;31;0;0;2;1;1;A01
201000063385;0;7;0;0;0;4;23;B01
201000063386;0;1;0;0;1;1;1;A01
201000063387;0;7;0;0;1;2;1;A01