num_acc;senc;catv;occutc;obs;obsm;choc;manv;num_veh
201000063388;0;30;0;0;0;8;1;B01
201000063388;0;7;0;0;2;7;17;A01
201000063389;0;7;0;0;1;1;1;A01
201000063390;0;7;0;0;2;8;10;A01
201000063390;0;37;1;0;2;2;1;B01
201000063391;0;30;0;0;2;0;1;B01
201000063391;0;30;0;0;2;8;15;A01
201000063392;0;32;0;0;0;7;1;A01
201000063393;0;7;0;0;2;3;1;A01
201000063394;0;33;0;0;0;0;21;A01
201000063395;0;7;0;0;2;1;2;A01
201000063395;0;10;0;0;2;4;2;B01
201000063396;0;10;0;0;1;3;15;A01
201000063397;0;30;0;0;2;1;15;A01
201000063397;0;7;0;0;2;3;1;B01
201000063398;0;31;0;0;0;0;21;A01
201000063399;0;30;0;0;2;1;1;A01
201000063399;0;7;0;0;2;8;1;B01
201000063400;0;7;0;0;2;2;17;A01
201000063400;0;7;0;0;2;6;1;B01
201000063401;0;30;0;1;0;6;17;A01
201000063402;0;7;0;0;2;1;1;B01
201000063402;0;7;0;0;2;2;15;A01
201000063403;0;7;0;0;1;4;4;A01
201000063404;0;31;0;0;2;7;1;B01
201000063404;0;7;0;0;2;3;1;A01
201000063405;1;7;0;0;1;0;1;Z01
201000063406;0;34;0;0;2;2;1;B01
201000063406;0;7;0;0;2;7;16;A01
201000063407;0;7;0;0;1;3;15;A01
201000063408;0;7;0;0;1;4;4;A01
201000063409;0;7;0;0;2;2;1;A01
201000063409;0;1;0;0;2;8;7;B01
201000063410;0;7;0;0;2;5;1;B01
201000063410;0;30;0;0;2;1;15;A01
201000063411;0;7;0;0;1;3;1;A01
201000063412;0;2;0;0;2;0;2;B01
201000063412;0;2;0;0;2;0;2;A01
201000063413;0;33;0;0;1;1;17;A01
201000063414;0;31;0;0;1;1;17;A01
201000063415;0;31;0;0;2;6;15;A01
201000063415;0;7;0;0;2;0;2;B01
201000063415;0;7;0;0;2;6;2;C01
201000063416;0;30;0;0;1;1;1;A01
201000063417;0;7;0;0;1;3;1;A01
201000063418;0;32;0;0;2;1;1;B01
201000063418;0;7;0;0;2;3;15;A01
201000063419;0;7;0;0;1;8;1;A01
201000063420;0;2;0;14;0;1;14;A01
201000063421;0;7;0;0;1;2;1;A01
201000063422;0;30;0;0;2;1;1;B01
201000063422;0;10;0;0;2;3;9;A01
201000063423;0;7;0;11;0;1;15;A01
201000063424;0;7;0;7;0;1;13;A01
201000063425;0;2;0;0;0;0;1;A01
201000063426;0;37;1;0;1;7;7;A01
201000063427;0;7;0;0;2;5;15;A01
201000063427;0;32;0;0;2;1;1;B01
201000063428;0;30;0;0;2;1;13;A01
201000063428;0;14;0;0;2;4;1;B01
201000063429;0;7;0;0;1;2;7;A01
201000063430;0;34;0;0;2;3;1;B01
201000063430;0;7;0;0;2;2;15;A01
201000063431;0;31;0;0;0;0;21;A01
201000063432;0;7;0;1;0;1;14;A01
201000063433;0;32;0;0;0;8;1;A01
201000063434;0;1;0;0;2;1;1;B01
201000063434;0;7;0;0;2;8;22;A01
201000063435;0;7;0;0;1;1;15;A01
201000063436;0;37;50;0;1;5;7;A01
201000063437;1;7;0;0;1;3;15;Z01
201000063438;0;33;0;0;2;1;1;B01
201000063438;0;7;0;0;2;8;15;A01
201000063439;0;31;0;0;1;3;1;A01
201000063440;0;7;0;0;1;1;1;A01
201000063441;0;30;0;0;1;1;1;A01
201000063442;0;10;0;0;2;8;15;A01
201000063442;0;34;0;0;2;2;5;B01
201000063443;0;33;0;0;2;1;2;A01
201000063443;0;7;0;0;2;4;2;B01
201000063444;0;7;0;0;2;2;2;A01
201000063444;0;33;0;0;2;6;2;B01
201000063445;0;33;0;0;0;0;1;A01
201000063446;0;10;0;0;2;0;14;B01
201000063446;0;30;0;0;2;8;18;A01
201000063446;0;7;0;0;2;0;23;C01
201000063447;0;33;0;14;0;8;13;A01
201000063448;0;32;0;0;2;7;5;A01
201000063448;0;7;0;0;2;8;15;B01
201000063449;1;7;0;0;1;4;4;Z01
201000063450;0;7;0;0;2;4;2;C01
201000063450;0;10;0;0;2;1;2;A01
201000063450;0;10;0;0;2;4;2;B01
201000063450;0;7;0;0;2;4;2;D01
201000063451;0;7;0;0;2;1;16;B01
201000063451;0;33;0;0;2;1;5;A01
201000063452;0;32;0;0;2;8;1;B01
201000063452;0;7;0;0;2;2;15;A01
201000063453;0;7;0;0;2;4;2;B01
201000063453;0;10;0;0;2;1;2;A01
201000063453;0;7;0;0;2;4;2;C01
201000063454;0;30;0;1;0;1;14;A01
201000063455;0;7;0;0;2;1;10;A01
201000063455;0;7;0;0;2;3;1;B01
201000063456;0;7;0;0;2;6;1;B01
201000063456;0;30;0;0;2;6;1;A01
201000063457;0;34;0;12;0;2;14;A01
201000063458;0;7;0;0;2;1;2;A01
201000063458;0;7;0;0;2;4;23;B01
201000063459;0;7;0;0;1;1;15;A01
201000063460;0;7;0;0;1;2;16;A01
201000063461;0;32;0;0;2;1;17;A01
201000063461;0;7;0;0;2;8;15;B01
201000063462;0;32;0;0;0;1;1;A01
201000063463;0;7;0;0;2;1;2;B01
201000063463;0;7;0;0;2;4;2;C01
201000063463;0;7;0;0;2;1;2;A01
201000063464;0;33;0;0;1;2;1;A01
201000063465;0;33;0;0;2;7;1;A01
201000063465;1;7;0;0;2;8;13;Z01
201000063466;0;1;0;0;1;1;1;A01
201000063467;0;7;0;0;1;1;1;A01
201000063468;0;30;0;0;2;2;17;A01
201000063468;0;7;0;0;2;3;1;B01
201000063469;0;33;0;0;2;1;17;B01
201000063469;0;7;0;0;2;3;10;A01
201000063470;0;7;0;0;2;4;23;B01
201000063470;0;33;0;0;2;4;2;A01
201000063471;0;7;0;6;0;1;10;A01
201000063472;0;10;0;0;2;6;23;B01
201000063472;0;30;0;0;2;1;2;A01
201000063473;0;7;0;0;1;3;1;A01
201000063474;0;7;0;0;2;1;1;A01
201000063474;0;7;0;0;2;5;1;B01
201000063475;0;7;0;0;2;8;1;A01
201000063475;0;34;0;0;2;1;1;B01
201000063476;0;32;0;0;2;5;1;B01
201000063476;0;7;0;0;2;3;11;A01
201000063477;1;7;0;8;1;6;16;Z01
201000063478;0;33;0;0;0;0;21;A01
201000063479;0;30;0;0;2;7;1;B01
201000063479;0;7;0;0;2;1;9;A01
201000063480;0;7;0;0;1;1;1;A01
201000063481;0;7;0;0;2;4;4;A01
201000063481;0;32;0;0;2;8;1;B01
201000063482;0;33;0;15;2;1;1;A01
201000063482;0;7;0;0;2;0;1;B01
201000063483;0;7;0;0;2;1;1;B01
201000063483;0;7;0;8;2;7;1;A01
201000063484;1;7;0;0;1;1;7;Z01
201000063485;0;30;0;0;2;1;1;B01
201000063485;0;10;0;0;2;5;15;A01
201000063486;0;7;0;0;2;1;2;A01
201000063486;0;7;0;0;2;4;2;B01
201000063487;0;10;0;0;1;3;15;A01
201000063488;0;7;0;0;2;1;2;A01
201000063488;0;7;0;0;2;4;23;B01
201000063489;0;32;0;0;1;1;17;A01
201000063490;0;7;0;0;2;2;15;A01
201000063490;0;32;0;0;2;7;7;B01
201000063491;0;32;0;0;1;1;17;A01
201000063492;0;32;0;0;1;1;17;A01
201000063493;0;7;0;0;2;8;1;C01
201000063493;0;30;0;0;2;2;3;A01
201000063493;0;7;0;0;2;7;1;B01
201000063494;0;32;0;0;2;2;1;B01
201000063494;0;7;0;0;2;3;14;A01
201000063495;0;10;0;0;1;4;4;A01
201000063496;0;1;0;0;2;3;1;B01
201000063496;0;7;0;0;2;2;16;A01
201000063497;0;13;0;0;2;2;15;A01
201000063497;0;32;0;0;2;8;1;B01
201000063498;0;7;0;0;2;3;22;A01
201000063498;0;1;0;0;2;7;1;B01
201000063499;0;7;0;0;2;6;23;B01
201000063499;0;33;0;0;2;2;17;A01
201000063500;0;7;0;0;2;1;2;A01
201000063500;0;7;0;0;2;4;23;B01
201000063501;0;7;0;0;2;2;1;B01
201000063501;0;30;0;0;2;3;15;A01
201000063502;0;7;0;0;2;3;1;A01
201000063502;0;30;0;0;2;2;17;B01
201000063503;0;30;0;0;2;7;1;A01
201000063503;0;7;0;0;2;8;22;B01
201000063504;0;33;0;0;2;4;23;B01
201000063504;0;7;0;0;2;2;2;A01
201000063505;0;7;0;0;2;8;1;B01
201000063505;0;7;0;0;2;1;15;A01
201000063506;0;7;0;0;1;8;1;A01
201000063507;0;14;0;0;2;1;2;A01
201000063507;0;7;0;0;2;4;2;B01
201000063508;0;32;0;0;1;8;1;A01
201000063509;0;30;0;12;0;2;1;A01
201000063510;0;33;0;0;0;0;15;A01
201000063511;0;7;0;0;1;3;1;A01
201000063512;0;10;0;0;2;1;15;A01
201000063512;0;32;0;0;2;6;15;B01
201000063513;0;32;0;0;2;1;1;A01
201000063513;0;7;0;0;2;5;15;B01
201000063514;0;30;0;0;2;1;1;B01
201000063514;0;7;0;0;2;5;1;A01
201000063515;0;37;6;0;1;7;1;A01
201000063516;0;7;0;8;0;7;4;A01
201000063517;0;33;0;0;2;4;18;B01
201000063517;0;7;0;0;2;1;1;A01
201000063518;0;30;0;0;1;1;7;A01
201000063519;0;30;0;0;2;1;1;A01
201000063519;0;7;0;0;2;7;15;B01
201000063520;0;2;0;0;0;7;1;A01
201000063521;0;33;0;0;2;1;7;B01
201000063521;0;7;0;0;2;7;16;A01
201000063522;0;32;0;0;0;7;15;A01
201000063523;0;7;0;0;2;3;9;B01
201000063523;0;1;0;0;2;1;5;A01
201000063524;0;7;0;0;0;7;1;A01
201000063524;0;7;0;0;2;3;1;B01
201000063525;0;32;0;0;2;1;1;A01
201000063525;0;1;0;0;2;6;19;B01
201000063526;0;7;0;0;2;4;4;A01
201000063526;0;30;0;0;2;1;1;B01
201000063527;0;7;0;0;1;1;1;A01
201000063528;0;7;0;0;1;7;1;A01
201000063529;0;10;0;0;1;3;16;A01
201000063530;0;31;0;0;1;8;5;A01
201000063531;0;7;0;0;2;1;15;B01
201000063531;0;33;0;0;2;7;17;A01
201000063532;0;30;0;0;2;1;5;A01
201000063532;0;7;0;0;2;3;13;B01
201000063533;0;7;0;0;1;2;1;A01
201000063534;0;7;0;0;2;3;1;B01
201000063534;0;1;0;0;2;4;19;A01
201000063535;0;7;0;0;2;1;1;A01
201000063535;0;32;0;0;2;3;1;B01
201000063536;0;10;0;0;1;7;1;A01
201000063537;0;14;0;0;2;7;10;A01
201000063537;0;32;0;0;2;8;1;B01
201000063538;0;32;0;0;2;3;8;B01
201000063538;0;7;0;0;2;2;15;A01
201000063539;0;1;0;0;2;3;15;A01
201000063539;1;10;0;0;2;7;1;Z01
201000063540;0;7;0;0;1;3;15;A01
201000063541;0;32;0;0;2;3;7;A01
201000063541;0;10;0;0;2;2;16;B01
201000063542;0;14;0;0;2;2;2;A01
201000063542;0;2;0;0;2;4;23;B01
201000063543;0;32;0;0;2;1;1;B01
201000063543;0;10;0;0;2;5;15;A01
201000063544;0;7;0;0;2;1;1;A01
201000063544;0;1;0;0;2;1;19;B01
201000063545;0;7;0;0;2;1;16;A01
201000063545;0;10;0;0;2;7;7;B01
201000063546;0;33;0;0;2;1;2;A01
201000063546;0;7;0;0;2;4;2;B01
201000063547;0;33;0;0;2;3;18;A01
201000063547;0;7;0;0;2;7;14;B01
201000063548;0;7;0;0;1;4;4;A01
201000063549;0;32;0;0;0;4;15;B01
201000063549;0;7;0;0;2;1;15;A01
201000063550;0;32;0;0;1;3;1;A01
201000063551;0;10;0;0;0;0;15;B01
201000063551;0;7;0;0;0;0;7;A01
201000063552;0;7;0;0;2;1;1;A01
201000063552;0;10;0;0;0;6;1;B01
201000063553;0;33;0;0;2;1;17;B01
201000063553;0;7;0;0;0;3;10;A01
201000063554;0;7;0;0;4;8;15;A01
201000063554;0;40;0;0;2;1;1;B01
201000063555;0;30;0;0;0;1;1;A01
201000063555;0;7;0;0;0;3;9;B01
201000063556;0;7;0;0;1;1;1;A01
201000063557;0;7;0;0;0;2;1;A01
201000063558;0;33;0;0;2;1;1;A01
201000063558;0;7;0;0;4;3;16;B01
201000063559;0;1;0;0;2;1;1;B01
201000063559;0;7;0;0;9;2;15;A01
201000063560;0;7;0;0;0;4;13;A01
201000063560;0;37;0;0;2;2;21;B01
201000063561;0;2;0;1;0;7;1;A01
201000063562;0;32;0;0;1;2;1;A01
201000063563;0;7;0;0;2;5;1;B01
201000063563;0;1;0;12;2;0;18;A01
201000063564;0;7;0;0;2;3;1;B01
201000063564;0;32;0;0;2;3;16;A01
201000063565;0;32;0;0;2;7;7;B01
201000063565;0;10;0;0;2;6;22;A01
201000063566;0;7;0;0;2;3;2;A01
201000063566;0;32;0;0;2;5;23;B01
201000063567;0;30;0;0;2;4;15;B01
201000063567;0;10;0;0;2;1;2;A01
201000063568;0;30;0;0;2;8;16;B01
201000063568;0;7;0;0;2;4;4;A01
201000063569;0;1;0;0;1;4;1;A01
201000063570;0;34;0;0;1;8;1;A01
201000063571;0;33;0;0;1;1;1;A01
201000063572;0;37;1;0;2;3;15;B01
201000063572;0;2;0;0;2;2;17;A01
201000063573;0;31;0;0;2;1;2;A01
201000063573;0;1;0;0;2;4;2;B01
201000063574;0;2;0;0;2;1;1;B01
201000063574;0;7;0;0;2;0;9;A01
201000063575;0;7;0;0;2;8;1;B01
201000063575;0;32;0;0;2;2;12;A01
201000063576;0;7;0;0;2;7;1;A01
201000063576;0;2;0;0;2;1;1;B01
201000063577;0;33;0;0;2;7;2;A01
201000063577;0;7;0;0;2;4;23;C01
201000063577;0;7;0;0;2;6;2;B01
201000063578;0;33;0;0;2;8;1;B01
201000063578;0;7;0;0;2;1;15;A01
201000063579;0;34;0;0;2;1;1;B01
201000063579;0;7;0;0;2;6;24;C01
201000063579;0;10;0;0;2;2;15;A01
201000063580;0;7;0;0;1;3;1;A01
201000063581;0;1;0;0;1;3;1;A01
201000063582;0;10;0;0;2;7;15;A01
201000063582;0;32;0;0;2;2;1;B01
201000063583;0;7;0;0;2;2;16;A01
201000063583;0;33;0;1;2;1;7;B01
201000063584;0;7;0;0;2;2;1;B01
201000063584;0;7;0;0;2;8;13;A01
201000063585;0;7;0;0;2;7;16;A01
201000063585;0;2;0;0;2;3;18;B01
201000063586;0;33;0;0;2;0;1;B01
201000063586;0;7;0;0;2;0;1;A01
201000063587;0;7;0;0;2;2;15;A01
201000063587;0;32;0;0;2;7;1;B01
201000063588;0;7;0;0;2;3;15;A01
201000063588;0;7;0;7;2;8;1;B01
201000063589;0;34;0;0;1;1;1;A01
201000063590;0;31;0;0;2;1;1;A01
201000063590;0;7;0;0;2;3;15;B01
201000063591;1;7;0;0;1;2;7;Z01
201000063592;0;7;0;0;2;5;23;B01
201000063592;0;1;0;0;2;1;2;A01
201000063593;0;32;0;12;0;2;14;A01
201000063594;0;7;0;1;0;2;13;A01
201000063595;0;7;0;0;1;1;15;A01
201000063596;0;30;0;0;2;7;7;A01
201000063596;1;7;0;0;2;7;16;Z01
201000063597;0;7;0;1;2;3;9;B01
201000063597;0;7;0;0;2;2;1;A01
201000063598;0;32;0;0;2;9;15;B01
201000063598;0;7;0;0;2;1;1;A01
201000063599;0;7;0;0;1;1;16;A01
201000063600;0;1;0;8;0;0;21;A01
201000063601;0;30;0;1;0;1;15;A01
201000063602;0;30;0;0;0;8;21;A01
201000063603;0;30;0;0;0;3;1;A01
201000063604;0;2;0;0;2;3;18;A01
201000063604;0;13;0;0;2;2;23;B01
201000063605;0;7;0;0;1;4;4;A01
201000063606;0;30;0;1;0;8;14;A01
201000063607;0;2;0;0;2;1;1;A01
201000063607;0;7;0;0;2;8;1;B01
201000063608;0;7;0;0;2;2;1;B01
201000063608;0;1;0;0;2;3;19;A01
201000063609;0;10;0;0;2;4;2;A01
201000063609;0;30;0;0;2;4;2;B01
201000063610;0;30;0;15;0;0;14;A01
201000063611;0;7;0;0;2;7;1;A01
201000063611;0;34;0;0;2;1;1;B01
201000063612;0;7;0;0;2;3;1;B01
201000063612;0;7;0;0;2;1;1;A01
201000063613;0;33;0;0;1;1;1;A01
201000063614;0;7;0;0;2;0;10;A01
201000063614;0;1;0;0;2;0;1;B01
201000063615;0;1;0;0;2;1;2;A01
201000063615;0;7;0;0;2;5;2;B01
201000063616;0;30;0;0;2;8;18;A01
201000063616;0;10;0;0;2;2;16;B01
201000063617;0;14;0;0;2;2;1;B01
201000063617;0;31;0;1;2;8;13;A01
201000063618;1;1;0;0;1;1;1;Z01
201000063619;0;30;0;0;0;7;1;A01
201000063620;0;31;0;0;1;1;1;A01
201000063621;0;33;0;0;2;1;17;A01
201000063621;0;7;0;0;2;5;23;B01
201000063622;0;7;0;0;2;2;14;A01
201000063622;0;32;0;0;2;3;1;B01
201000063623;0;7;0;0;2;6;11;A01
201000063623;0;32;0;0;2;6;1;B01
201000063624;0;7;0;0;1;1;15;A01
201000063625;0;30;0;0;2;8;1;B01
201000063625;0;7;0;0;2;3;15;A01
201000063626;1;7;0;0;1;2;1;Z01
201000063627;0;30;0;0;2;3;18;A01
201000063627;0;7;0;0;2;7;16;B01
201000063628;0;7;0;0;1;4;4;A01
201000063629;0;7;0;0;2;4;23;C01
201000063629;0;7;0;0;2;1;2;A01
201000063629;0;7;0;0;2;4;23;B01
201000063630;0;33;0;0;2;7;1;B01
201000063630;0;7;0;0;2;8;9;A01
201000063631;0;2;0;0;0;7;21;A01
201000063632;0;7;0;0;1;6;20;A01
201000063633;0;33;0;0;1;2;1;A01
201000063634;0;14;0;0;1;3;15;A01
201000063635;0;7;0;0;2;6;1;B01
201000063635;0;1;0;0;2;1;19;A01
201000063636;0;7;0;0;0;1;1;A01
201000063637;1;34;0;0;0;0;0;Z01
201000063638;0;32;0;0;0;7;1;A01
201000063639;0;7;0;0;1;2;15;A01
201000063640;0;7;0;0;2;2;9;A01
201000063640;0;1;0;0;2;1;1;B01
201000063641;0;2;0;0;2;1;1;B01
201000063641;0;7;0;0;2;4;9;A01
201000063642;0;34;0;0;1;3;1;A01
201000063643;0;10;0;0;2;0;2;A01
201000063643;0;2;0;0;2;6;1;B01
201000063644;0;7;0;0;2;3;1;B01
201000063644;0;33;0;0;2;1;1;A01
201000063645;0;7;0;0;2;3;1;A01
201000063645;0;1;0;0;2;5;16;B01
201000063646;0;10;0;0;1;2;9;A01
201000063647;0;7;0;0;1;1;1;A01
201000063648;0;7;0;0;1;0;1;A01
201000063649;0;32;0;0;2;0;1;A01
201000063649;0;7;0;0;0;5;16;B01
201000063650;0;7;0;0;0;3;16;A01
201000063650;0;1;0;0;0;8;1;B01
201000063651;0;7;0;0;1;7;1;A01
201000063652;1;32;0;0;1;1;1;Z01
201000063653;0;1;0;0;2;2;17;A01
201000063653;0;37;7;0;2;5;1;B01
201000063653;0;7;0;0;2;3;22;C01
201000063654;0;7;0;0;2;6;2;B01
201000063654;0;30;0;0;2;1;2;A01
201000063655;0;30;0;0;2;1;9;A01
201000063655;0;7;0;0;2;1;1;B01
201000063656;0;7;0;0;2;3;1;B01
201000063656;0;33;0;0;2;7;17;A01
201000063657;0;1;0;0;0;0;1;A01
201000063658;0;30;0;0;0;8;1;A01
201000063659;0;32;0;0;2;1;1;B01
201000063659;0;7;0;0;2;5;15;A01
201000063660;0;7;0;0;2;1;1;A01
201000063660;0;7;0;0;0;4;1;B01
201000063661;0;10;0;0;1;2;7;A01
201000063662;0;1;0;1;0;1;1;A01
201000063662;0;7;0;0;0;6;23;B01
201000063663;0;7;0;0;0;3;22;A01
201000063663;0;10;0;1;0;3;17;B01
201000063664;0;2;0;0;0;8;1;A01
201000063665;0;10;0;0;1;1;1;A01
201000063666;0;7;0;0;2;1;16;B01
201000063666;0;1;0;0;2;7;19;A01
201000063667;0;32;0;0;1;1;17;A01
201000063668;0;7;0;0;1;0;15;A01
201000063669;0;34;0;0;2;8;1;B01
201000063669;0;7;0;0;2;2;1;A01
201000063670;0;7;0;0;2;1;15;B01
201000063670;0;31;0;0;2;7;1;A01
201000063671;0;32;0;0;0;7;17;B01
201000063671;0;7;0;0;0;3;15;A01
201000063672;0;7;0;0;2;6;16;B01
201000063672;0;33;0;0;2;1;1;A01
201000063673;0;32;0;0;1;1;2;A01
201000063674;0;7;0;0;1;2;16;A01
201000063675;0;7;0;0;1;1;1;A01
201000063676;0;32;0;0;1;1;1;A01
201000063677;0;33;0;0;0;7;1;A01
201000063678;0;7;0;0;0;2;1;B01
201000063678;0;32;0;0;2;3;11;A01
201000063679;0;7;0;0;2;3;13;A01
201000063679;0;7;0;8;2;8;1;B01
201000063680;0;14;0;0;1;1;1;A01
201000063681;0;30;0;0;1;8;1;A01
201000063682;0;34;0;0;1;1;1;A01
201000063683;1;30;0;0;1;0;1;Z01
201000063684;0;10;0;0;0;3;22;A01
201000063684;0;1;0;1;0;7;1;B01
201000063685;0;7;0;0;1;5;20;A01
201000063686;0;30;0;0;2;7;17;A01
201000063686;0;7;0;0;2;6;15;B01
201000063687;0;7;0;0;2;1;1;B01
201000063687;0;32;0;0;2;1;5;A01
201000063688;0;7;0;0;0;5;4;A01
201000063689;0;34;0;0;1;7;1;A01
201000063690;0;1;0;0;2;1;1;B01
201000063690;0;7;0;0;2;1;15;A01
201000063691;0;32;0;0;0;0;21;A01
201000063692;0;33;0;0;2;7;17;A01
201000063692;0;7;0;0;0;3;15;B01
201000063693;0;7;0;0;2;2;15;A01
201000063693;0;30;0;0;2;1;1;B01
201000063694;0;7;0;0;1;5;1;A01
201000063695;0;10;0;0;0;6;24;B01
201000063695;0;30;0;1;0;1;1;A01
201000063696;0;2;0;0;2;1;2;A01
201000063696;0;10;0;0;2;4;2;B01
201000063697;0;10;0;0;2;7;16;B01
201000063697;0;2;0;0;2;8;18;A01
201000063698;0;7;0;0;1;7;1;A01
201000063699;0;7;0;0;2;4;2;C01
201000063699;0;7;0;0;2;1;2;A01
201000063699;0;32;0;0;2;0;2;B01
201000063700;0;14;0;0;2;6;1;C01
201000063700;0;7;0;0;2;6;1;B01
201000063700;0;34;0;0;2;2;17;A01
201000063701;0;30;0;0;2;1;1;B01
201000063701;0;7;0;0;2;1;9;A01
201000063702;0;33;0;0;0;0;21;A01
201000063703;0;10;0;0;2;2;1;C01
201000063703;0;1;0;1;2;7;18;A01
201000063703;0;7;0;0;2;8;22;B01
201000063704;0;7;0;0;2;3;9;A01
201000063704;0;1;0;0;2;1;1;B01
201000063705;0;1;0;0;2;3;15;B01
201000063705;0;32;0;0;2;3;1;A01
201000063706;0;33;0;0;1;2;1;A01
201000063707;0;2;0;0;0;8;1;A01
201000063708;0;7;0;0;2;4;2;B01
201000063708;0;7;0;0;2;1;2;A01
201000063709;0;32;0;0;2;1;1;B01
201000063709;0;7;0;0;2;1;15;A01
201000063710;0;7;0;0;2;4;2;B01
201000063710;0;7;0;0;2;1;2;A01
201000063711;0;7;0;0;1;3;15;A01
201000063712;0;7;0;0;2;8;22;A01
201000063712;0;1;0;0;2;3;1;B01
201000063713;0;7;0;0;2;6;2;B01
201000063713;0;7;0;0;2;2;2;A01
201000063714;0;10;0;8;2;7;1;B01
201000063714;0;7;0;0;2;1;1;A01
201000063715;0;33;0;0;0;8;13;A01
201000063716;0;7;0;0;1;7;1;A01
201000063717;0;30;0;0;2;1;1;B01
201000063717;0;7;0;0;2;7;16;A01
201000063718;0;7;0;0;2;2;1;B01
201000063718;0;33;0;0;2;3;18;A01
201000063719;0;7;0;0;2;1;1;B01
201000063719;0;34;0;0;2;3;15;A01
201000063720;0;32;0;0;2;2;17;A01
201000063720;0;7;0;0;2;8;15;B01
201000063721;0;7;0;0;2;2;16;B01
201000063721;0;1;0;0;2;1;1;A01
201000063722;0;7;0;7;0;1;15;A01
201000063723;0;7;0;0;1;1;1;A01
201000063724;0;7;0;0;2;5;15;B01
201000063724;0;7;0;8;2;2;1;A01
201000063725;0;7;0;14;2;3;1;B01
201000063725;0;7;0;0;2;1;1;A01
201000063726;0;10;0;0;2;3;15;A01
201000063726;0;34;0;0;2;3;1;B01
201000063727;0;30;0;0;2;7;1;B01
201000063727;0;7;0;0;2;1;1;A01
201000063728;1;7;0;0;2;7;1;Z01
201000063728;0;7;0;0;2;2;1;A01
201000063729;0;33;0;1;2;7;1;B01
201000063729;0;7;0;0;2;3;15;A01
201000063730;0;7;0;1;2;5;23;B01
201000063730;0;7;0;0;2;3;2;A01
201000063731;0;7;0;0;2;8;15;A01
201000063731;0;34;0;0;2;7;17;B01
201000063732;0;7;0;0;2;2;15;A01
201000063732;0;32;0;0;2;1;1;B01
201000063733;0;2;0;0;2;3;18;A01
201000063733;0;7;0;0;2;7;12;B01
201000063734;0;2;0;6;1;1;13;A01
201000063735;0;34;0;0;2;2;1;A01
201000063735;2;7;0;0;2;3;22;Z01
201000063736;0;32;0;0;1;3;1;A01
201000063737;0;7;0;0;2;2;15;B01
201000063737;0;32;0;0;2;3;7;A01
201000063738;0;7;0;0;2;3;15;B01
201000063738;0;34;0;0;2;1;17;A01
201000063739;0;7;0;0;2;3;15;B01
201000063739;0;2;0;0;2;5;1;A01
201000063740;0;34;0;0;1;0;1;A01
201000063741;0;7;0;0;1;2;1;A01
201000063742;0;30;0;0;2;0;2;C01
201000063742;1;7;0;0;2;0;13;A01
201000063742;0;31;0;0;2;8;17;B01
201000063743;0;7;0;0;1;3;16;A01
201000063744;0;7;0;0;1;6;4;A01
201000063745;0;7;0;0;2;2;1;B01
201000063745;0;33;0;12;2;3;18;A01
201000063746;0;32;0;0;1;1;17;A01
201000063747;0;7;0;0;1;2;16;A01
201000063748;0;34;0;0;2;4;23;B01
201000063748;0;7;0;0;2;1;2;A01
201000063748;0;7;0;0;2;6;23;C01
201000063749;0;1;0;0;1;8;1;A01
201000063750;0;33;0;1;2;3;7;A01
201000063750;0;10;0;0;2;2;16;B01
201000063751;0;10;0;0;2;1;2;A01
201000063751;0;7;0;0;2;4;2;C01
201000063751;0;7;0;0;2;4;2;B01
201000063752;0;30;0;0;2;1;7;B01
201000063752;0;10;0;0;2;5;16;A01
201000063753;0;32;0;0;0;0;21;A01
201000063754;0;7;0;0;1;1;1;A01
201000063755;0;7;0;0;1;3;16;A01
201000063756;0;30;0;0;2;9;1;B01
201000063756;0;7;0;0;2;3;15;A01
201000063757;1;30;0;0;1;1;1;Z01
201000063758;0;10;0;0;1;5;4;A01
201000063759;0;32;0;0;0;0;1;A01
201000063760;0;2;0;0;1;1;7;A01
201000063761;0;33;0;1;2;8;1;B01
201000063761;0;7;0;0;2;2;15;A01
201000063762;0;30;0;0;1;0;1;A01
201000063763;0;7;0;0;1;3;15;A01
201000063764;0;7;0;0;2;1;1;B01
201000063764;0;7;0;0;2;1;1;A01
201000063765;0;7;0;0;2;8;1;B01
201000063765;0;32;0;0;2;1;1;A01
201000063766;0;30;0;0;0;8;21;A01
201000063767;0;32;0;0;1;1;1;A01
201000063768;0;1;0;0;2;8;13;B01
201000063768;0;7;0;0;2;2;1;A01
201000063769;0;7;0;0;2;4;2;D01
201000063769;0;7;0;0;2;1;2;B01
201000063769;0;7;0;0;2;2;2;A01
201000063769;0;7;0;0;2;5;2;C01
201000063770;0;33;0;15;0;7;1;A01
201000063771;0;33;0;0;2;1;1;B01
201000063771;0;7;0;0;2;8;10;A01
201000063772;0;7;0;0;1;1;1;A01
201000063773;0;7;0;0;1;2;1;A01
201000063774;0;7;0;0;1;2;1;A01
201000063775;0;10;0;0;1;1;15;A01
201000063776;0;7;0;1;0;1;13;A01
201000063777;0;7;0;0;1;2;16;A01
201000063778;0;7;0;0;2;5;14;A01
201000063778;0;30;0;0;2;8;7;B01
201000063779;0;7;0;0;2;1;15;A01
201000063779;0;32;0;0;2;8;1;B01