num_acc;senc;catv;occutc;obs;obsm;choc;manv;num_veh
201000063780;0;7;0;0;2;1;1;A01
201000063780;0;37;1;8;2;3;1;B01
201000063781;0;7;0;0;2;3;10;A01
201000063781;0;30;0;0;2;7;17;B01
201000063782;0;31;0;0;2;7;17;B01
201000063782;0;7;0;0;2;3;9;A01
201000063783;0;7;0;0;1;1;1;A01
201000063784;0;7;0;0;1;3;16;A01
201000063785;0;34;0;0;1;0;16;A01
201000063786;0;7;0;0;2;8;15;A01
201000063786;0;32;0;0;2;1;17;B01
201000063787;0;7;0;0;1;2;16;A01
201000063788;0;7;0;0;1;1;1;A01
201000063789;0;7;0;0;2;3;15;B01
201000063789;0;33;0;0;2;1;1;A01
201000063790;0;2;0;0;2;0;18;A01
201000063790;0;7;0;0;2;2;16;B01
201000063791;0;7;0;0;2;7;23;A01
201000063791;0;32;0;0;2;2;1;B01
201000063792;0;30;0;0;2;8;1;B01
201000063792;0;7;0;0;2;7;15;A01
201000063793;0;33;0;0;1;0;1;A01
201000063794;0;7;0;0;2;8;22;A01
201000063794;0;30;0;0;2;2;17;B01
201000063795;1;7;0;0;1;0;1;Z01
201000063796;0;7;0;0;2;1;10;A01
201000063796;0;33;0;0;2;1;1;B01
201000063797;0;7;0;0;2;3;22;A01
201000063797;0;1;0;0;2;1;1;B01
201000063798;0;34;0;0;0;7;1;A01
201000063799;0;7;0;0;2;3;16;B01
201000063799;0;32;0;0;2;1;1;A01
201000063800;0;7;0;0;1;1;16;A01
201000063801;0;34;0;0;1;4;1;A01
201000063802;0;7;0;0;2;1;2;A01
201000063802;0;7;0;0;2;4;2;B01
201000063803;0;7;0;0;2;1;2;A01
201000063803;0;7;0;0;2;4;2;B01
201000063804;0;7;0;0;2;2;9;A01
201000063804;0;7;0;0;2;2;1;B01
201000063805;0;7;0;0;1;3;1;A01
201000063806;0;7;0;0;1;1;1;A01
201000063807;0;32;0;12;0;1;1;A01
201000063808;0;2;0;0;1;1;1;A01
201000063809;0;7;0;0;2;8;1;B01
201000063809;0;7;0;0;2;1;1;A01
201000063810;1;7;0;0;2;2;9;Z01
201000063810;0;2;0;0;2;1;1;A01
201000063811;1;7;0;0;1;1;1;Z01
201000063812;0;7;0;0;2;1;1;B01
201000063812;0;7;0;0;2;1;15;A01
201000063813;0;1;0;11;1;8;17;A01
201000063814;0;7;0;0;1;1;1;A01
201000063815;0;7;0;0;1;1;1;A01
201000063816;0;7;0;0;2;1;1;C01
201000063816;0;2;0;0;2;0;1;B01
201000063816;0;7;0;0;2;3;9;A01
201000063817;0;1;0;0;2;1;2;A01
201000063817;0;7;0;0;2;6;23;B01
201000063818;0;7;0;0;2;5;15;A01
201000063818;0;1;0;0;2;1;7;B01
201000063819;0;10;0;0;2;4;23;B01
201000063819;0;10;0;0;2;1;2;A01
201000063820;0;7;0;1;0;8;1;A01
201000063821;0;7;0;0;2;2;10;A01
201000063821;0;30;0;0;2;1;1;B01
201000063822;0;1;0;0;2;4;2;B01
201000063822;0;7;0;0;2;1;2;A01
201000063823;0;34;0;0;1;1;1;A01
201000063824;0;7;0;0;1;3;1;A01
201000063825;0;7;0;0;2;1;2;A01
201000063825;0;7;0;0;2;4;23;C01
201000063825;0;7;0;0;2;4;23;B01
201000063826;0;7;0;8;0;2;15;A01
201000063827;0;7;0;0;2;2;9;A01
201000063827;0;30;0;0;2;2;1;B01
201000063828;0;7;0;0;2;1;2;A01
201000063828;0;7;0;0;2;4;23;B01
201000063829;0;7;0;0;2;2;1;A01
201000063829;0;31;0;0;2;8;1;B01
201000063830;0;34;0;0;2;3;1;A01
201000063830;0;7;0;0;2;2;1;B01
201000063831;0;7;0;0;1;2;16;A01
201000063832;0;34;0;0;2;2;1;B01
201000063832;0;7;0;0;2;7;15;A01
201000063833;0;1;0;0;2;4;2;B01
201000063833;0;32;0;0;2;1;2;A01
201000063834;0;10;0;0;1;0;9;A01
201000063835;0;33;0;0;2;1;2;A01
201000063835;0;7;0;0;2;4;23;B01
201000063836;0;7;0;0;2;3;15;A01
201000063836;0;31;0;12;2;7;17;B01
201000063837;0;7;0;0;2;1;15;A01
201000063837;0;33;0;0;2;0;1;B01
201000063838;0;34;0;1;0;3;21;A01
201000063839;0;7;0;0;2;2;15;A01
201000063839;0;1;0;0;2;1;1;B01
201000063840;0;7;0;0;1;1;1;A01
201000063841;0;2;0;0;1;2;16;A01
201000063842;0;37;0;0;1;2;15;A01
201000063843;0;7;0;0;1;2;1;A01
201000063844;1;32;0;0;1;1;1;Z01
201000063845;0;2;0;0;1;1;1;A01
201000063846;0;33;0;0;2;1;1;A01
201000063846;0;7;0;0;2;3;9;B01
201000063847;0;7;0;0;2;3;13;A01
201000063847;0;33;0;0;2;7;1;B01
201000063848;0;7;0;0;0;6;23;B01
201000063848;0;32;0;0;2;6;2;A01
201000063849;0;7;0;0;2;1;2;A01
201000063849;0;34;0;0;2;5;23;B01
201000063850;0;32;0;0;0;8;21;A01
201000063851;0;7;0;0;2;2;15;A01
201000063851;0;7;0;0;2;1;1;B01
201000063852;0;33;0;0;2;7;9;A01
201000063852;0;33;0;0;2;8;1;B01
201000063853;0;2;0;0;2;8;1;A01
201000063853;0;7;0;0;2;7;16;B01
201000063854;0;7;0;0;2;5;15;A01
201000063854;0;32;0;0;2;8;1;B01
201000063855;0;30;0;0;0;8;15;A01
201000063856;0;7;0;0;2;7;15;A01
201000063856;0;33;0;0;2;3;1;B01
201000063857;0;1;0;1;0;1;13;A01
201000063858;0;1;0;0;2;3;1;C01
201000063858;0;7;0;0;2;1;2;A01
201000063858;0;34;0;0;2;4;2;B01
201000063859;0;7;0;0;2;5;2;B01
201000063859;0;30;0;0;2;1;2;A01
201000063860;0;7;0;0;1;2;1;A01
201000063861;0;7;0;0;1;2;1;A01
201000063862;0;10;0;0;1;0;4;A01
201000063863;0;33;0;0;1;2;1;A01
201000063864;0;30;0;0;1;1;1;A01
201000063865;0;10;0;8;0;2;14;A01
201000063866;0;10;0;0;1;3;15;A01
201000063867;0;1;0;1;1;1;1;A01
201000063868;0;32;0;0;2;7;17;A01
201000063868;0;7;0;0;2;8;1;B01
201000063869;0;7;0;0;2;3;10;A01
201000063869;0;30;0;0;2;1;1;B01
201000063870;0;33;0;0;2;1;1;B01
201000063870;0;7;0;0;2;8;22;A01
201000063870;0;7;0;0;2;7;23;C01
201000063871;0;30;0;0;2;1;2;A01
201000063871;0;7;0;0;2;6;15;B01
201000063872;0;7;0;0;1;1;1;A01
201000063873;0;7;0;0;2;1;15;A01
201000063873;0;7;0;0;2;3;1;B01
201000063874;0;7;0;0;2;6;23;B01
201000063874;0;31;0;0;2;1;2;A01
201000063875;1;34;0;0;1;0;1;Z01
201000063876;0;1;0;0;2;8;1;B01
201000063876;0;38;1;0;2;2;16;A01
201000063877;0;30;0;0;2;7;18;B01
201000063877;0;3;0;0;2;2;15;A01
201000063878;0;32;0;0;0;7;1;A01
201000063879;0;32;0;0;2;7;17;A01
201000063879;0;7;0;0;2;3;15;B01
201000063880;1;7;0;0;0;0;1;Z01
201000063881;0;32;0;0;2;1;1;A01
201000063881;0;10;0;0;2;2;16;B01
201000063882;0;7;0;0;2;7;1;A01
201000063882;0;7;0;0;2;1;1;B01
201000063883;0;2;0;1;0;2;15;A01
201000063884;0;2;0;7;0;1;13;A01
201000063885;0;7;0;1;2;9;1;B01
201000063885;0;7;0;0;2;3;9;A01
201000063886;0;33;0;0;0;0;1;A01
201000063887;0;7;0;0;2;1;15;A01
201000063887;0;7;0;8;2;6;1;B01
201000063888;0;7;0;0;2;0;15;B01
201000063888;0;30;0;0;2;0;1;A01
201000063889;0;7;0;0;1;1;15;A01
201000063890;0;10;0;0;2;3;13;B01
201000063890;0;33;0;1;2;1;17;A01
201000063891;0;32;0;0;2;1;1;B01
201000063891;0;7;0;0;2;6;4;A01
201000063892;0;34;0;0;1;1;1;A01
201000063893;0;7;0;0;2;8;22;A01
201000063893;0;1;0;0;2;1;1;B01
201000063894;0;7;0;0;1;3;15;A01
201000063895;0;7;0;0;1;3;4;A01
201000063896;0;33;0;0;1;1;1;A01
201000063897;0;32;0;0;2;1;1;A01
201000063897;0;7;0;0;2;2;15;B01
201000063898;0;32;0;0;0;0;1;A01
201000063899;0;30;0;0;2;1;2;A01
201000063899;0;7;0;0;2;5;2;B01
201000063900;0;7;0;1;0;2;20;A01
201000063901;0;7;0;0;1;1;1;A01
201000063902;0;30;0;0;0;0;16;A01
201000063903;0;7;0;0;2;7;9;B01
201000063903;0;2;0;0;2;3;5;A01
201000063904;0;40;0;0;1;2;1;A01
201000063905;0;30;0;0;2;8;3;A01
201000063905;0;7;0;0;2;7;23;B01
201000063906;0;7;0;0;2;3;22;A01
201000063906;0;1;0;0;2;2;1;B01
201000063907;0;7;0;0;1;1;1;A01
201000063908;0;7;0;0;2;5;15;A01
201000063908;0;32;0;0;2;1;1;B01
201000063909;0;1;0;0;0;0;12;A01
201000063910;0;30;0;0;2;1;1;B01
201000063910;0;1;0;0;2;2;15;A01
201000063911;0;1;0;0;0;8;21;A01
201000063912;0;7;0;0;2;3;22;A01
201000063912;0;33;0;0;2;1;1;B01
201000063913;0;32;0;0;2;3;1;B01
201000063913;0;7;0;0;2;2;1;A01
201000063914;0;33;0;0;2;1;14;A01
201000063914;0;7;0;0;2;5;1;B01
201000063915;1;30;0;0;1;0;1;Z01
201000063916;0;7;0;0;1;1;1;A01
201000063917;0;7;0;0;2;3;15;B01
201000063917;0;2;0;0;2;7;17;A01
201000063918;0;7;0;0;2;2;1;B01
201000063918;0;7;0;0;2;3;9;A01
201000063919;0;7;0;0;1;3;1;A01
201000063920;0;7;0;0;2;8;22;A01
201000063920;0;1;0;1;0;1;1;B01
201000063921;0;30;0;0;1;3;1;A01
201000063922;0;7;0;0;2;3;9;A01
201000063922;0;32;0;0;2;2;1;B01
201000063923;0;7;0;0;1;1;15;A01
201000063924;0;7;0;0;1;6;20;A01
201000063925;0;2;0;0;1;1;1;A01
201000063926;0;32;0;0;0;7;21;A01
201000063927;1;7;0;0;0;2;1;A01
201000063927;0;1;0;0;0;0;1;B01
201000063928;0;30;0;0;0;2;17;A01
201000063929;0;7;0;0;2;3;15;A01
201000063929;0;32;0;0;2;3;17;B01
201000063930;0;7;0;0;2;8;15;A01
201000063930;0;32;0;0;1;2;17;B01
201000063931;0;7;0;0;2;3;10;A01
201000063931;0;32;0;0;2;7;1;B01
201000063932;0;7;0;0;1;1;1;A01
201000063933;0;7;0;0;1;2;1;A01
201000063934;0;7;0;0;1;3;15;A01
201000063935;0;7;0;15;0;9;1;A01
201000063936;0;32;0;0;0;7;16;A01
201000063937;0;7;0;0;2;4;23;B01
201000063937;0;7;0;0;2;4;1;A01
201000063938;0;7;0;0;1;1;1;A01
201000063939;0;7;0;0;2;5;16;A01
201000063939;0;1;0;0;2;1;1;B01
201000063940;0;32;0;0;2;1;1;B01
201000063940;0;7;0;0;2;5;1;A01
201000063941;0;7;0;0;2;4;23;A01
201000063941;0;1;0;0;2;1;1;B01
201000063942;0;30;0;0;0;1;1;A01
201000063943;0;10;0;0;2;2;1;A01
201000063943;0;7;0;0;2;4;23;B01
201000063944;0;30;0;0;2;1;1;B01
201000063944;0;7;0;0;2;3;15;A01
201000063945;0;7;0;0;0;6;13;A01
201000063945;0;30;0;0;0;1;1;B01
201000063946;0;7;0;0;2;4;23;B01
201000063946;0;37;80;0;2;1;1;A01
201000063947;0;7;0;14;0;1;1;A01
201000063948;0;32;0;0;0;8;21;A01
201000063949;0;1;0;0;1;1;21;A01
201000063950;1;7;0;0;1;5;4;Z01
201000063951;0;7;0;0;1;5;4;A01
201000063952;0;7;0;0;1;3;1;A01
201000063953;0;1;0;0;2;8;2;B01
201000063953;0;32;0;0;2;8;2;A01
201000063954;0;32;0;0;0;0;1;A01
201000063955;0;32;0;0;2;8;18;A01
201000063955;0;7;0;0;2;2;16;B01
201000063956;0;7;0;0;1;2;1;A01
201000063957;0;7;0;0;2;2;1;B01
201000063957;0;30;0;0;2;1;1;A01
201000063958;0;7;0;0;2;3;5;A01
201000063958;0;33;0;0;2;3;1;B01
201000063959;0;3;0;12;0;1;21;A01
201000063960;0;33;0;0;2;1;1;A01
201000063960;0;7;0;0;2;7;1;B01
201000063961;0;7;0;0;2;1;1;B01
201000063961;0;34;0;0;2;5;15;A01
201000063962;0;30;0;0;0;0;21;A01
201000063963;0;7;0;0;1;3;1;A01
201000063964;0;7;0;0;1;1;1;A01
201000063965;0;34;0;12;0;0;13;A01
201000063966;0;7;0;0;2;1;1;B01
201000063966;0;1;0;0;2;7;1;A01
201000063967;0;30;0;1;0;3;13;A01
201000063968;0;7;0;0;2;3;15;A01
201000063968;0;7;0;1;2;6;1;B01
201000063969;0;7;0;0;2;5;4;A01
201000063969;0;30;0;0;2;1;1;B01
201000063970;0;7;0;0;2;7;15;A01
201000063970;0;30;0;0;2;1;1;B01
201000063971;0;7;0;0;1;1;1;A01
201000063972;0;7;0;0;2;4;1;C01
201000063972;0;7;0;0;2;7;1;D01
201000063972;0;7;0;0;2;3;13;A01
201000063972;0;7;0;0;2;4;1;B01
201000063973;0;33;0;0;2;3;18;A01
201000063973;0;7;0;2;2;2;16;B01
201000063974;0;7;0;0;2;8;22;A01
201000063974;0;1;0;0;2;7;1;B01
201000063975;0;7;0;0;2;4;2;B01
201000063975;0;7;0;0;2;1;2;A01
201000063976;0;7;0;0;2;8;13;A01
201000063976;0;30;0;0;2;7;17;B01
201000063977;0;7;0;0;2;3;1;B01
201000063977;0;7;0;0;2;7;1;A01
201000063978;0;7;0;0;2;1;2;A01
201000063978;0;7;0;0;2;4;2;B01
201000063979;0;7;0;0;1;1;1;A01
201000063980;0;10;0;1;2;1;1;A01
201000063980;0;7;0;0;2;1;1;B01
201000063981;0;30;0;0;2;1;1;B01
201000063981;0;7;0;0;2;3;22;A01
201000063982;0;1;0;0;2;1;2;B01
201000063982;0;7;0;0;2;3;22;A01
201000063983;0;7;0;0;1;4;4;A01
201000063984;0;7;0;0;1;2;1;A01
201000063985;0;32;0;0;1;1;1;A01
201000063986;0;32;0;0;2;8;18;A01
201000063986;1;10;0;0;2;7;16;Z01
201000063987;0;30;0;0;2;1;2;A01
201000063987;0;7;0;0;2;6;15;B01
201000063988;0;7;0;0;1;1;1;A01
201000063989;0;7;0;0;2;0;15;A01
201000063989;0;30;0;12;2;0;1;B01
201000063990;0;10;0;0;2;5;4;A01
201000063990;0;31;0;0;2;1;2;B01
201000063991;0;33;0;0;2;1;1;B01
201000063991;0;7;0;0;2;1;15;A01
201000063992;0;32;0;0;2;8;1;B01
201000063992;0;7;0;0;2;1;15;A01
201000063993;0;7;0;0;1;4;20;A01
201000063994;0;30;0;0;2;7;23;A01
201000063994;0;7;0;0;2;3;13;B01
201000063995;0;32;0;0;0;2;1;A01
201000063996;0;7;0;0;2;4;23;B01
201000063996;0;30;0;0;2;1;2;A01
201000063997;0;30;0;0;1;7;7;A01
201000063998;0;33;0;0;0;7;1;A01
201000063999;0;30;0;0;0;4;1;A01
201000064000;0;7;0;8;2;5;1;A01
201000064000;0;14;0;0;2;1;1;B01
201000064001;0;33;0;0;2;8;1;B01
201000064001;0;7;0;0;2;1;15;A01
201000064002;0;7;0;0;2;2;15;A01
201000064002;0;30;0;0;2;3;1;B01
201000064003;1;7;0;0;2;2;16;Z01
201000064003;0;30;0;0;2;8;1;A01
201000064004;0;30;0;0;0;1;1;A01
201000064005;1;7;0;0;1;0;10;Z01
201000064006;0;1;0;0;1;1;1;A01
201000064007;0;33;0;12;0;1;14;A01
201000064008;0;32;0;0;2;2;15;A01
201000064008;0;10;0;0;2;3;1;B01
201000064009;0;30;0;0;2;7;17;A01
201000064009;0;7;0;0;2;8;15;B01
201000064010;0;32;0;0;0;0;1;A01
201000064011;0;32;0;14;0;1;1;A01
201000064012;0;33;0;0;0;8;1;A01
201000064013;0;10;0;0;2;3;1;A01
201000064013;0;33;0;0;2;2;1;B01
201000064014;0;32;0;0;2;2;1;B01
201000064014;0;33;0;14;2;2;14;A01
201000064015;0;7;0;0;1;3;1;A01
201000064016;0;7;0;0;2;5;23;B01
201000064016;0;7;0;0;2;1;2;A01
201000064017;0;7;0;0;1;4;20;A01
201000064018;0;14;0;0;2;2;1;A01
201000064018;0;7;0;0;2;4;23;B01
201000064019;0;7;0;0;2;2;1;A01
201000064020;0;30;0;0;0;7;1;A01
201000064020;0;1;0;0;0;3;19;B01
201000064021;0;7;0;0;2;3;10;A01
201000064021;0;2;0;0;2;5;1;B01
201000064022;0;7;0;0;1;2;16;A01
201000064023;0;7;0;0;1;3;1;A01
201000064024;0;33;0;8;0;9;14;A01
201000064025;0;7;0;0;2;1;1;A01
201000064025;0;2;0;0;2;3;1;B01
201000064026;0;7;0;0;0;7;15;A01
201000064026;0;32;0;0;2;1;1;B01
201000064027;0;33;0;0;2;1;1;B01
201000064027;0;7;0;0;2;2;15;A01
201000064028;0;40;0;0;1;5;1;A01
201000064029;0;2;0;0;0;0;1;B01
201000064029;0;7;0;0;0;0;15;A01
201000064030;0;7;0;0;1;4;20;A01
201000064031;0;1;0;0;2;1;2;A01
201000064031;0;7;0;0;2;4;2;B01
201000064032;0;7;0;0;2;5;2;B01
201000064032;0;32;0;0;2;1;2;A01
201000064033;0;7;0;0;1;3;1;A01
201000064034;0;33;0;0;1;1;1;A01
201000064035;0;7;0;0;1;2;16;A01
201000064036;0;32;0;0;2;1;1;A01
201000064036;0;7;0;0;2;6;23;B01
201000064037;0;30;0;0;2;1;1;A01
201000064037;0;1;0;0;2;8;19;B01
201000064038;0;7;0;0;1;2;15;A01
201000064039;0;1;0;0;1;8;1;A01
201000064040;0;10;0;0;2;9;2;B01
201000064040;0;10;0;0;2;1;2;A01
201000064040;0;7;0;0;2;4;2;C01
201000064041;0;34;0;0;2;2;1;A01
201000064041;0;1;0;0;2;6;12;B01
201000064042;0;7;0;0;1;3;1;A01
201000064043;1;2;0;0;2;0;2;Z01
201000064043;0;2;0;0;2;8;15;A01
201000064044;0;7;0;0;0;8;15;A01
201000064044;0;32;0;0;0;1;17;B01
201000064045;0;7;0;0;2;4;23;B01
201000064045;0;7;0;0;2;1;2;A01
201000064046;0;30;0;0;2;8;15;A01
201000064046;0;7;0;0;2;1;1;B01
201000064047;0;33;0;0;2;7;17;A01
201000064047;0;1;0;0;2;8;15;B01
201000064048;0;33;0;0;2;7;21;A01
201000064049;0;14;0;0;2;1;1;A01
201000064049;0;7;0;0;2;9;23;B01
201000064049;0;7;0;0;2;4;23;C01
201000064050;0;7;0;0;2;1;2;A01
201000064050;0;7;0;0;2;4;2;B01
201000064051;0;30;0;0;2;1;1;A01
201000064051;0;7;0;0;2;7;16;B01
201000064052;0;30;0;0;0;2;14;A01
201000064053;0;31;0;0;0;0;1;A01
201000064054;0;30;0;1;2;5;1;B01
201000064054;0;7;0;0;2;2;1;A01
201000064055;0;7;0;0;0;1;1;A01
201000064055;0;7;0;0;0;3;16;B01
201000064056;0;30;0;0;1;1;1;A01
201000064057;0;7;0;0;2;5;15;A01
201000064057;0;33;0;0;2;1;1;B01
201000064058;0;7;0;0;2;5;16;A01
201000064058;0;32;0;0;2;8;16;B01
201000064059;0;7;0;1;2;2;1;A01
201000064060;0;10;0;1;2;7;15;A01
201000064060;0;7;0;0;2;3;1;B01
201000064061;0;32;0;1;2;2;17;A01
201000064061;0;7;0;0;2;3;15;B01
201000064062;0;1;0;0;0;1;1;A01
201000064063;0;7;0;0;2;1;1;A01
201000064063;0;7;0;0;0;4;23;B01
201000064064;0;7;0;0;2;1;1;B01
201000064064;0;7;0;0;2;5;15;A01
201000064065;0;7;0;0;2;5;23;B01
201000064065;0;7;0;0;2;3;2;A01
201000064066;0;7;0;0;2;5;23;B01
201000064066;0;30;0;0;2;1;2;A01
201000064067;0;7;0;1;0;7;1;A01
201000064067;0;7;0;15;0;1;1;B01
201000064068;0;32;0;0;0;0;1;A01
201000064069;0;33;0;0;0;7;1;A01
201000064069;1;7;0;0;0;0;16;Z01
201000064070;0;7;0;0;2;2;15;A01
201000064070;0;32;0;0;2;1;1;B01
201000064071;0;10;0;0;1;1;1;A01
201000064072;0;31;0;0;1;3;2;A01
201000064073;0;7;0;0;1;2;15;A01
201000064074;0;7;0;0;2;1;15;A01
201000064074;0;1;0;0;2;3;1;B01
201000064075;0;32;0;0;2;1;2;A01
201000064075;0;7;0;0;2;4;2;B01
201000064076;0;33;0;0;0;2;1;A01
201000064077;0;7;0;0;2;1;15;B01
201000064077;0;31;0;0;2;7;1;A01
201000064078;0;7;0;0;1;1;15;A01
201000064079;0;10;0;0;1;2;1;A01
201000064080;0;7;0;0;1;4;4;A01
201000064081;0;7;0;0;2;1;15;A01
201000064081;0;30;0;0;2;1;1;B01
201000064082;0;34;0;0;1;8;17;A01
201000064083;0;34;0;0;2;1;13;A01
201000064083;0;10;0;0;2;3;23;B01
201000064084;0;7;0;0;1;4;4;A01
201000064085;0;2;0;0;0;7;0;A01
201000064086;0;7;0;0;2;4;1;B01
201000064086;0;7;0;0;2;1;18;A01
201000064087;0;1;0;0;1;1;1;A01
201000064088;0;33;0;0;0;0;1;A01
201000064089;1;10;0;0;1;0;4;Z01
201000064090;0;7;0;0;2;3;1;B01
201000064090;0;32;0;0;2;2;16;A01
201000064091;0;33;0;0;2;1;3;B01
201000064091;0;7;0;0;2;3;9;A01
201000064092;0;7;0;0;1;1;1;A01
201000064093;0;7;0;0;2;3;9;A01
201000064093;0;34;0;0;2;1;2;B01
201000064094;0;34;0;0;1;8;1;A01
201000064095;0;7;0;0;2;3;16;A01
201000064095;0;7;0;1;2;3;1;B01
201000064096;0;7;0;0;1;0;1;A01
201000064097;0;34;0;0;0;2;1;A01
201000064097;0;7;0;0;0;1;1;B01
201000064098;0;1;0;0;2;3;1;A01
201000064098;0;7;0;0;2;2;15;B01
201000064098;0;10;0;0;2;3;15;C01
201000064099;0;7;0;0;0;1;1;A01
201000064099;0;1;0;0;0;3;16;B01
201000064100;0;32;0;0;2;8;17;B01
201000064100;0;7;0;0;2;8;10;A01
201000064101;0;7;0;0;1;6;4;A01
201000064102;0;10;0;0;1;4;20;A01
201000064103;0;30;0;1;0;1;1;A01
201000064103;0;7;0;0;2;8;22;B01
201000064104;0;7;0;0;2;1;15;A01
201000064104;0;32;0;0;2;8;1;B01
201000064105;0;2;0;0;0;0;21;A01
201000064106;1;7;0;0;1;2;15;Z01
201000064107;0;33;0;0;2;7;1;A01
201000064108;0;30;0;0;1;1;1;A01
201000064109;0;30;0;0;2;1;1;A01
201000064109;1;7;0;0;2;1;1;Z01
201000064110;0;7;0;0;1;5;4;A01
201000064111;0;33;0;0;1;0;1;A01
201000064112;0;7;0;0;1;3;15;A01
201000064113;0;7;0;0;1;0;15;A01
201000064114;0;7;0;5;0;1;13;A01
201000064115;0;30;0;0;1;1;1;A01
201000064116;0;37;40;0;1;2;1;A01
201000064117;0;10;0;0;2;1;15;A01
201000064117;0;7;0;0;2;8;1;B01
201000064118;0;32;0;0;0;0;7;A01
201000064119;1;10;0;0;1;0;1;Z01
201000064120;0;7;0;1;0;0;14;A01
201000064121;0;7;0;0;1;5;4;A01
201000064122;0;1;0;0;1;3;1;A01
201000064123;1;10;0;0;2;0;17;Z01
201000064123;0;1;0;0;2;8;1;A01
201000064124;0;2;0;0;1;1;1;A01
201000064125;0;30;0;0;1;2;15;A01
201000064126;0;34;0;0;1;2;1;A01
201000064127;0;7;0;0;2;0;23;B01
201000064127;0;7;0;0;2;1;2;A01
201000064128;0;32;0;0;0;0;1;A01
201000064129;0;32;0;0;2;3;18;C01
201000064129;0;7;0;0;2;9;13;A01
201000064129;0;7;0;0;2;2;1;B01
201000064130;0;7;0;0;2;4;23;B01
201000064130;0;30;0;0;2;1;2;A01
201000064131;0;30;0;0;2;1;17;B01
201000064131;0;30;0;0;2;6;15;A01
201000064132;0;7;0;0;2;1;1;B01
201000064132;0;7;0;0;2;7;1;A01
201000064133;0;7;0;0;2;3;15;A01
201000064133;0;33;0;0;2;0;1;B01
201000064134;0;7;0;1;2;7;23;B01
201000064134;0;7;0;1;2;4;4;A01
201000064135;0;34;0;0;0;0;21;A01
201000064136;0;33;0;0;2;5;1;A01
201000064136;1;7;0;0;2;2;10;Z01
201000064137;0;7;0;0;2;0;10;A01
201000064137;0;32;0;0;2;0;1;B01
201000064138;0;7;0;0;2;1;2;A01
201000064138;0;33;0;0;2;4;23;B01
201000064139;0;7;0;0;2;6;18;B01
201000064139;0;7;0;0;2;2;1;A01
201000064140;0;7;0;0;2;3;1;B01
201000064140;0;10;0;0;2;2;1;A01
201000064141;0;30;0;0;0;0;1;A01
201000064142;0;30;0;0;0;7;1;A01
201000064143;0;7;0;0;2;3;15;A01
201000064143;0;30;0;0;2;6;1;B01
201000064144;0;2;0;0;2;7;17;A01
201000064144;0;7;0;0;2;6;15;B01
201000064145;0;7;0;0;2;3;15;A01
201000064145;0;32;0;0;2;2;17;B01
201000064146;0;34;0;1;0;7;13;A01
201000064147;0;7;0;0;2;3;23;B01
201000064147;0;7;0;0;2;1;2;A01
201000064148;0;10;0;0;1;2;16;A01
201000064149;0;7;0;7;0;1;13;A01
201000064150;0;7;0;0;2;6;15;A01
201000064150;0;32;0;0;2;2;17;B01
201000064151;0;7;0;0;2;7;15;A01
201000064151;0;7;0;0;2;2;1;B01
201000064152;0;7;0;2;0;1;13;A01
201000064153;0;7;0;0;1;2;16;A01
201000064154;0;34;0;0;2;4;23;B01
201000064154;0;7;0;0;2;1;2;A01
201000064155;0;7;0;0;2;3;10;A01
201000064155;0;31;0;0;2;2;1;B01
201000064156;0;7;0;0;2;2;1;A01
201000064156;0;30;0;0;2;1;1;B01
201000064157;0;32;0;0;2;5;23;B01
201000064157;0;2;0;0;2;3;2;A01
201000064158;0;10;0;0;2;6;2;B01
201000064158;0;32;0;0;2;1;2;A01
201000064159;0;32;0;0;1;0;5;A01
201000064160;0;30;0;0;2;8;2;A01
201000064160;0;7;0;0;2;0;2;B01
201000064161;0;2;0;0;2;1;1;A01
201000064161;1;7;0;0;2;7;16;Z01
201000064162;1;7;0;0;2;3;10;Z01
201000064162;0;30;0;0;2;1;1;A01
201000064163;0;31;0;0;2;3;1;B01
201000064163;0;7;0;0;2;3;10;A01
201000064164;0;32;0;0;9;1;1;A01
201000064165;0;7;0;0;2;0;13;A01
201000064165;0;2;0;0;2;1;1;B01
201000064165;0;7;0;0;2;4;1;C01
201000064166;0;7;0;0;2;3;1;B01
201000064166;0;2;0;0;2;2;1;A01
201000064167;0;7;0;0;2;8;1;C01
201000064167;0;7;0;0;2;7;1;D01
201000064167;0;7;0;0;2;2;23;B01
201000064167;0;7;0;1;2;9;4;A01
201000064168;0;34;0;0;0;0;21;A01
201000064169;1;7;0;0;1;0;16;Z01
201000064170;0;30;0;0;1;1;1;A01
201000064171;0;7;0;6;0;1;14;A01
201000064172;0;32;0;0;1;1;1;A01
201000064173;0;32;0;0;2;7;1;B01
201000064173;0;14;0;0;2;8;15;A01
201000064174;0;1;0;0;2;1;1;A01
201000064174;0;7;0;0;2;5;16;B01
201000064175;0;7;0;6;1;1;1;A01
201000064176;0;7;0;0;2;8;15;A01
201000064176;0;7;0;0;2;5;1;B01
201000064177;0;32;0;0;1;1;16;A01
201000064178;0;7;0;0;1;1;1;A01
201000064179;0;33;0;0;2;2;1;B01
201000064179;0;7;0;0;2;6;9;A01
201000064180;0;7;0;0;1;2;1;A01
201000064181;0;2;0;0;2;1;1;B01
201000064181;0;7;0;0;2;3;9;A01
201000064182;0;30;0;0;2;1;1;A01