num_acc;senc;catv;occutc;obs;obsm;choc;manv;num_veh
201000064182;0;7;0;0;2;7;15;B01
201000064183;0;31;0;0;0;1;1;A01
201000064184;0;7;0;0;2;3;1;C01
201000064184;0;30;0;0;2;8;1;B01
201000064184;0;32;0;0;2;7;17;A01
201000064185;0;7;0;0;1;2;1;A01
201000064186;0;7;0;0;2;3;10;A01
201000064186;0;31;0;0;2;8;17;B01
201000064187;0;30;0;0;1;1;17;A01
201000064188;0;7;0;0;1;1;1;A01
201000064189;0;30;0;0;0;8;1;A01
201000064190;0;32;0;1;0;7;14;A01
201000064191;0;7;0;15;0;1;14;A01
201000064192;0;7;0;0;1;1;1;A01
201000064193;0;32;0;0;0;8;1;A01
201000064194;0;30;0;0;2;1;1;B01
201000064194;0;7;0;0;2;2;15;A01
201000064195;0;32;0;0;2;0;2;A01
201000064195;0;7;0;0;2;7;23;B01
201000064195;0;7;0;0;2;8;23;C01
201000064196;0;10;0;0;1;4;4;A01
201000064197;0;33;0;1;1;1;17;A01
201000064198;0;33;0;0;0;7;1;A01
201000064199;0;30;0;0;1;1;1;A01
201000064200;1;7;0;0;2;3;15;Z01
201000064200;0;33;0;0;2;7;17;A01
201000064201;0;32;0;0;2;1;1;B01
201000064201;0;7;0;0;2;3;10;A01
201000064202;0;7;0;0;2;4;2;C01
201000064202;0;7;0;0;2;1;2;A01
201000064202;0;7;0;0;2;4;2;B01
201000064203;2;7;0;1;0;1;13;A01
201000064204;0;7;0;0;2;8;1;A01
201000064204;0;7;0;0;2;1;1;B01
201000064205;0;7;0;0;2;7;15;A01
201000064205;0;37;20;0;2;1;1;B01
201000064206;0;30;0;12;0;8;13;A01
201000064207;0;7;0;0;2;3;2;A01
201000064207;0;7;0;0;2;6;23;B01
201000064208;0;7;0;0;2;2;15;A01
201000064208;0;32;0;0;2;1;1;B01
201000064209;0;33;0;0;0;0;21;A01
201000064210;0;33;0;0;2;1;23;B01
201000064210;0;30;0;0;2;8;10;A01
201000064211;0;3;0;0;2;1;2;A01
201000064211;0;7;0;0;2;4;23;B01
201000064212;0;32;0;0;2;1;2;A01
201000064212;0;33;0;8;2;4;23;B01
201000064213;0;30;0;0;2;1;1;A01
201000064213;0;7;0;0;2;7;1;B01
201000064214;0;30;0;12;0;1;14;A01
201000064215;0;7;0;0;1;3;1;A01
201000064216;0;32;0;0;2;2;1;A01
201000064216;0;7;0;0;2;3;1;B01
201000064217;0;7;0;0;2;1;1;B01
201000064217;0;30;0;0;2;7;1;A01
201000064217;0;7;0;0;2;1;1;C01
201000064218;0;7;0;0;2;3;16;B01
201000064218;0;33;0;0;2;0;1;A01
201000064219;0;7;0;0;1;6;4;A01
201000064220;0;30;0;12;0;7;14;A01
201000064221;0;32;0;0;2;3;18;A01
201000064221;0;7;0;0;2;2;20;B01
201000064222;0;7;0;0;2;4;23;B01
201000064222;0;33;0;0;2;1;2;A01
201000064223;0;7;0;0;2;7;12;A01
201000064223;0;33;0;0;2;1;1;B01
201000064224;0;31;0;0;2;8;13;A01
201000064224;0;7;0;0;2;7;17;B01
201000064225;0;7;0;0;2;1;2;A01
201000064225;0;10;0;0;2;4;23;B01
201000064226;0;33;0;0;2;7;17;B01
201000064226;0;7;0;0;2;1;9;A01
201000064227;0;7;0;0;2;3;15;B01
201000064227;0;32;0;0;2;7;17;A01
201000064228;0;7;0;14;0;1;1;A01
201000064229;0;30;0;0;2;7;18;B01
201000064229;0;7;0;0;2;5;22;A01
201000064230;0;10;0;0;2;6;2;B01
201000064230;0;33;0;0;2;8;2;A01
201000064231;0;7;0;0;2;1;11;A01
201000064231;0;33;0;15;2;8;1;B01
201000064232;2;30;0;0;1;1;5;Z01
201000064233;0;31;0;0;2;1;1;B01
201000064233;0;7;0;0;2;5;9;A01
201000064234;0;7;0;1;0;1;14;A01
201000064235;1;7;0;0;2;0;1;Z01
201000064235;0;7;0;0;2;7;1;A01
201000064236;0;7;0;0;2;6;15;B01
201000064236;0;33;0;0;2;1;17;A01
201000064237;0;33;0;0;2;3;3;A01
201000064237;0;31;0;0;2;7;12;B01
201000064238;0;7;0;0;2;1;2;B01
201000064238;0;33;0;0;2;4;2;A01
201000064239;1;7;0;0;1;0;1;Z01
201000064240;0;32;0;1;1;2;1;A01
201000064241;0;10;0;0;2;1;2;A01
201000064241;0;7;0;0;2;4;2;B01
201000064242;0;34;0;1;0;3;21;A01
201000064243;0;14;0;0;2;1;9;A01
201000064243;0;7;0;0;2;8;17;B01
201000064244;0;32;0;0;2;3;11;A01
201000064244;0;10;0;0;2;2;1;B01
201000064245;0;30;0;0;2;8;7;A01
201000064245;0;7;0;0;2;2;16;B01
201000064246;0;7;0;0;1;4;1;A01
201000064247;0;7;0;0;2;6;23;B01
201000064247;0;30;0;0;2;1;2;A01
201000064248;0;7;0;11;0;1;15;A01
201000064249;0;7;0;0;1;3;18;A01
201000064250;0;7;0;0;2;2;15;A01
201000064250;0;32;0;0;2;1;1;B01
201000064251;0;33;0;0;1;7;1;A01
201000064252;0;37;4;0;2;1;1;B01
201000064252;0;7;0;0;2;2;15;A01
201000064253;0;7;0;1;2;2;14;A01
201000064253;0;7;0;0;2;6;24;B01
201000064254;0;7;0;0;2;2;14;A01
201000064254;0;32;0;0;2;8;1;B01
201000064255;0;2;0;0;2;8;1;B01
201000064255;0;7;0;0;2;2;1;A01
201000064256;0;7;0;0;1;3;16;A01
201000064257;0;1;0;0;2;1;2;C01
201000064257;0;1;0;0;2;1;2;A01
201000064257;0;1;0;0;2;1;2;B01
201000064258;0;30;0;0;2;2;17;A01
201000064258;0;7;0;0;2;6;15;B01
201000064259;0;30;0;0;0;0;21;A01
201000064260;0;34;0;0;2;1;2;A01
201000064260;2;10;0;0;2;8;2;Z01
201000064261;0;7;0;0;2;2;1;A01
201000064261;0;33;0;0;2;3;1;B01
201000064262;0;7;0;0;1;2;1;A01
201000064263;0;7;0;0;1;2;1;A01
201000064264;0;7;0;0;1;1;1;A01
201000064265;0;10;0;0;2;8;10;A01
201000064265;0;33;0;0;2;1;1;B01
201000064266;0;32;0;0;2;1;1;B01
201000064266;0;7;0;0;2;3;15;A01
201000064267;0;7;0;0;1;1;1;A01
201000064268;0;32;0;0;2;2;1;B01
201000064268;0;7;0;0;2;3;10;A01
201000064269;1;7;0;0;1;0;1;Z01
201000064270;0;7;0;0;2;3;1;A01
201000064270;0;30;0;0;2;2;1;B01
201000064271;0;7;0;0;1;2;1;A01
201000064272;0;32;0;0;0;8;1;A01
201000064273;0;7;0;0;2;5;2;B01
201000064273;0;32;0;0;2;1;2;A01
201000064274;0;7;0;0;2;2;22;A01
201000064274;0;1;0;0;2;1;1;B01
201000064275;0;7;0;0;2;2;15;B01
201000064275;0;33;0;0;2;8;1;A01
201000064276;0;34;0;0;0;1;21;A01
201000064277;0;7;0;0;2;7;22;A01
201000064277;0;2;0;1;2;3;18;B01
201000064278;0;3;0;0;2;8;1;B01
201000064278;0;7;0;0;2;2;1;A01
201000064279;0;7;0;0;1;8;1;A01
201000064280;0;7;0;0;2;1;1;B01
201000064280;0;7;0;0;2;7;1;A01
201000064281;0;7;0;0;2;0;22;A01
201000064281;0;1;0;0;2;1;1;B01
201000064282;0;7;0;0;2;8;1;B01
201000064282;0;30;0;0;2;2;17;A01
201000064283;0;7;0;0;1;3;4;A01
201000064284;0;32;0;0;2;1;1;A01
201000064284;0;7;0;0;2;1;15;B01
201000064285;0;33;0;0;2;1;17;A01
201000064285;0;7;0;0;2;2;24;C01
201000064285;0;7;0;0;2;8;15;B01
201000064286;0;7;0;0;2;1;2;A01
201000064286;0;33;0;0;2;4;2;B01
201000064287;0;7;0;0;2;3;15;A01
201000064287;0;33;0;0;2;8;17;B01
201000064288;0;7;0;0;2;4;23;B01
201000064288;0;30;0;0;2;1;2;A01
201000064289;0;1;0;0;2;0;2;B01
201000064289;0;1;0;0;2;0;2;A01
201000064290;0;32;0;0;0;7;21;A01
201000064291;0;7;0;0;2;4;23;B01
201000064291;0;7;0;0;2;1;2;A01
201000064291;0;7;0;0;2;4;23;D01
201000064291;0;7;0;0;2;4;23;C01
201000064292;0;30;0;0;2;1;1;A01
201000064292;1;13;0;0;2;7;1;Z01
201000064293;0;7;0;0;2;2;15;A01
201000064293;0;32;0;0;2;1;1;B01
201000064294;0;30;0;0;2;0;16;A01
201000064294;0;7;0;0;2;3;1;B01
201000064295;0;33;0;0;2;4;23;B01
201000064295;0;10;0;0;2;2;2;A01
201000064296;0;7;0;0;0;1;1;A01
201000064297;0;7;0;0;1;7;4;A01
201000064298;0;2;0;0;1;8;17;A01
201000064299;0;7;0;0;2;3;9;B01
201000064299;0;7;0;14;2;2;1;A01
201000064300;0;7;0;0;1;6;4;A01
201000064301;0;7;0;0;2;6;9;B01
201000064301;0;30;0;0;2;1;1;A01
201000064302;0;7;0;1;0;2;14;A01
201000064303;0;30;0;0;0;2;1;A01
201000064304;0;7;0;0;1;1;15;A01
201000064305;0;7;0;0;2;3;1;B01
201000064305;0;34;0;0;2;5;17;A01
201000064306;0;30;0;0;0;7;13;A01
201000064307;0;30;0;0;2;7;1;A01
201000064307;0;31;0;0;2;1;1;B01
201000064308;0;32;0;0;0;0;21;A01
201000064309;0;7;0;0;2;5;2;B01
201000064309;0;31;0;0;2;0;2;A01
201000064310;0;1;0;0;2;3;1;B01
201000064310;0;7;0;0;2;2;9;A01
201000064311;0;7;0;8;2;8;1;A01
201000064311;0;33;0;0;2;1;16;B01
201000064312;0;7;0;1;1;0;14;A01
201000064313;0;1;0;0;2;5;2;A01
201000064313;0;7;0;0;2;5;23;B01
201000064314;0;1;0;0;1;0;2;A01
201000064315;0;32;0;0;0;7;16;A01
201000064316;0;7;0;0;2;3;1;B01
201000064316;0;34;0;0;2;2;15;A01
201000064317;0;33;0;0;2;1;1;B01
201000064317;0;7;0;0;2;7;12;A01
201000064318;0;2;0;0;2;3;1;A01
201000064318;0;33;0;0;2;2;1;B01
201000064319;0;2;0;0;2;7;1;B01
201000064319;0;2;0;1;2;2;18;A01
201000064320;0;30;0;14;0;1;16;A01
201000064321;0;31;0;0;1;8;1;A01
201000064322;0;30;0;1;0;1;14;A01
201000064323;0;30;0;11;0;3;13;A01
201000064324;0;7;0;0;1;3;15;A01
201000064325;0;7;0;2;2;8;15;A01
201000064325;0;7;0;0;2;2;1;B01
201000064326;0;34;0;0;0;0;21;A01
201000064327;0;7;0;0;2;1;1;B01
201000064327;0;10;0;0;2;8;10;A01
201000064328;0;7;0;0;2;1;1;A01
201000064328;0;7;0;0;2;2;1;B01
201000064329;2;7;0;4;0;3;13;Z01
201000064330;0;32;0;0;0;2;21;A01
201000064331;0;7;0;0;2;8;22;A01
201000064331;0;31;0;0;2;7;1;B01
201000064332;0;7;0;0;2;2;9;B01
201000064332;0;2;0;0;2;1;17;A01
201000064333;1;7;0;0;1;0;1;Z01
201000064334;0;7;0;0;1;1;1;A01
201000064335;0;7;0;0;2;8;22;A01
201000064335;0;33;0;0;2;1;1;B01
201000064336;0;7;0;0;2;4;2;B01
201000064336;0;33;0;0;2;6;2;A01
201000064337;0;33;0;0;2;1;15;A01
201000064337;0;7;0;0;2;7;1;B01
201000064338;0;7;0;0;2;7;14;A01
201000064338;0;30;0;0;2;8;1;B01
201000064339;0;7;0;0;2;6;10;A01
201000064339;0;32;0;0;2;1;17;B01
201000064340;1;1;0;0;1;0;1;Z01
201000064341;0;30;0;0;1;1;17;A01
201000064342;0;7;0;0;2;1;2;A01
201000064342;0;7;0;1;2;4;23;B01
201000064343;0;7;0;0;2;8;16;A01
201000064343;0;1;0;0;2;7;1;B01
201000064344;0;7;0;0;2;5;14;A01
201000064344;0;33;0;0;2;6;1;B01
201000064345;0;2;0;0;2;4;23;B01
201000064345;0;7;0;0;2;1;2;A01
201000064346;0;30;0;0;2;1;1;B01
201000064346;0;7;0;0;2;3;9;A01
201000064347;0;1;0;0;2;2;18;A01
201000064347;0;38;65;0;2;7;16;B01
201000064348;1;7;0;0;2;0;1;Z01
201000064348;0;1;0;0;2;4;1;A01
201000064349;0;33;0;4;0;3;13;A01
201000064350;0;7;0;0;2;1;2;A01
201000064350;0;10;0;0;2;4;23;B01
201000064351;0;30;0;0;0;3;21;A01
201000064352;0;32;0;0;0;3;1;B01
201000064352;0;3;0;0;0;1;15;A01
201000064353;0;7;0;0;2;2;1;A01
201000064353;0;7;0;0;2;3;20;B01
201000064354;0;7;0;0;2;3;22;A01
201000064354;0;1;0;0;2;1;1;B01
201000064355;1;32;0;0;1;0;1;Z01
201000064356;0;2;0;0;0;7;1;A01
201000064357;0;30;0;8;0;1;16;A01
201000064358;0;7;0;0;2;3;10;A01
201000064358;0;34;0;0;2;7;1;B01
201000064359;0;7;0;0;2;1;16;B01
201000064359;0;30;0;0;2;8;15;A01
201000064360;0;32;0;0;0;7;21;A01
201000064361;0;31;0;0;2;8;16;B01
201000064361;0;7;0;0;2;2;15;A01
201000064362;0;30;0;0;0;8;21;A01
201000064363;0;1;0;0;2;1;5;A01
201000064363;0;7;0;0;2;1;16;B01
201000064364;0;7;0;0;1;5;4;A01
201000064365;0;7;0;0;2;0;1;A01
201000064365;0;31;0;0;2;0;1;B01
201000064366;0;7;0;0;1;1;15;A01
201000064367;1;7;0;0;1;1;1;Z01
201000064368;0;7;0;0;1;3;13;A01
201000064369;0;1;0;0;2;2;1;A01
201000064369;0;7;0;0;2;3;1;B01
201000064370;0;33;0;0;2;7;1;B01
201000064370;0;7;0;0;2;6;11;A01
201000064371;0;7;0;0;2;8;13;A01
201000064371;0;32;0;0;2;1;1;B01
201000064372;0;7;0;0;1;5;4;A01
201000064373;0;7;0;0;2;2;15;B01
201000064373;0;2;0;0;2;8;1;A01
201000064374;0;1;0;0;1;3;1;A01
201000064375;0;32;0;0;2;8;1;A01
201000064375;1;7;0;0;2;7;15;Z01
201000064376;0;7;0;0;2;4;23;B01
201000064376;0;10;0;0;2;1;2;A01
201000064377;0;30;0;0;2;7;1;B01
201000064377;0;7;0;0;2;3;15;A01
201000064378;0;7;0;0;2;1;9;B01
201000064378;0;1;0;0;2;7;1;A01
201000064379;0;32;0;0;2;7;1;B01
201000064379;0;7;0;0;2;6;10;A01
201000064380;0;1;0;0;2;0;19;A01
201000064380;0;7;0;0;9;0;1;B01
201000064381;0;7;0;0;1;7;21;A01
201000064382;0;7;0;0;2;1;15;A01
201000064382;0;7;0;0;1;0;23;B01
201000064383;0;31;0;0;0;7;17;B01
201000064383;0;7;0;0;2;8;15;A01
201000064384;0;7;0;0;2;6;4;A01
201000064384;0;32;0;0;2;1;1;B01
201000064385;0;7;0;0;2;7;16;A01
201000064385;0;33;0;0;2;8;1;B01
201000064386;0;7;0;0;0;6;23;B01
201000064386;0;32;0;0;0;3;1;A01
201000064387;0;7;0;0;0;3;1;B01
201000064387;0;30;0;0;2;2;1;A01
201000064388;0;7;0;0;1;6;20;A01
201000064389;0;33;0;0;2;8;15;A01
201000064389;0;7;0;0;2;1;18;B01
201000064389;0;10;0;0;2;6;1;C01
201000064390;0;32;0;0;0;8;16;B01
201000064390;0;32;0;0;0;8;16;A01
201000064391;0;7;0;0;2;3;9;B01
201000064391;0;30;0;0;2;2;1;A01
201000064392;0;2;0;0;0;2;1;A01
201000064392;0;32;0;0;0;2;23;B01
201000064392;0;7;0;0;0;3;23;C01
201000064393;0;7;0;0;0;0;15;A01
201000064393;0;33;0;0;2;0;17;B01
201000064394;0;7;0;0;2;1;15;A01
201000064394;0;30;0;0;2;1;1;B01
201000064395;0;30;0;0;1;1;1;A01
201000064396;0;30;0;0;2;1;1;B01
201000064396;0;7;0;0;2;3;16;A01
201000064397;0;31;0;0;2;4;1;D01
201000064397;0;7;0;0;2;1;12;A01
201000064397;0;7;0;0;2;4;1;B01
201000064397;0;7;0;0;2;8;1;C01
201000064398;0;7;0;0;0;1;1;A01
201000064399;1;30;0;0;1;1;1;Z01
201000064400;0;7;0;0;0;4;23;B01
201000064400;0;7;0;0;0;1;2;A01
201000064401;0;33;0;0;2;1;1;A01
201000064401;0;7;0;0;2;6;23;B01
201000064402;0;7;0;1;2;5;16;B01
201000064402;0;7;0;0;2;3;15;A01
201000064403;0;7;0;0;1;1;1;A01
201000064404;1;7;0;0;1;1;18;Z01
201000064405;0;1;0;0;0;1;1;A01
201000064406;0;7;0;0;2;1;15;A01
201000064406;0;33;0;1;2;8;1;B01
201000064407;0;2;0;0;2;7;1;A01
201000064407;0;2;0;0;2;8;1;B01
201000064408;0;34;0;11;0;8;15;A01
201000064409;0;7;0;0;2;1;1;A01
201000064409;0;1;0;0;2;1;1;B01
201000064410;0;32;0;0;2;7;17;A01
201000064410;0;7;0;0;2;3;15;B01
201000064411;0;32;0;12;2;8;1;B01
201000064411;0;32;0;0;2;7;14;A01
201000064412;0;32;0;0;2;7;17;B01
201000064412;0;7;0;0;2;8;13;A01
201000064413;0;33;0;0;2;8;21;A01
201000064414;0;2;0;0;2;1;1;B01
201000064414;0;7;0;0;2;3;1;A01
201000064415;0;2;0;0;2;8;1;B01
201000064415;0;7;0;0;2;3;15;A01
201000064416;0;7;0;0;2;3;10;A01
201000064416;0;32;0;0;2;7;1;B01
201000064417;0;32;0;0;0;7;1;A01
201000064418;0;7;0;0;0;7;15;B01
201000064418;0;2;0;0;0;1;1;A01
201000064419;0;7;0;0;0;8;15;A01
201000064419;0;2;0;0;2;1;17;B01
201000064420;0;7;0;0;2;2;2;A01
201000064420;0;2;0;0;0;7;2;B01
201000064421;0;32;0;0;2;7;1;B01
201000064421;0;7;0;0;2;1;10;A01
201000064422;0;7;0;0;1;1;17;A01
201000064423;0;7;0;1;0;1;1;A01
201000064424;0;32;0;0;0;0;17;A01
201000064424;0;7;0;0;0;6;15;B01
201000064425;0;10;0;0;2;2;15;A01
201000064425;0;31;0;0;2;1;1;B01
201000064426;0;32;0;7;0;3;21;A01
201000064427;0;7;0;11;0;2;1;A01
201000064428;0;33;0;0;2;1;1;B01
201000064428;0;7;0;0;2;6;10;A01
201000064429;0;7;0;0;2;8;22;A01
201000064429;0;1;0;0;2;1;1;B01
201000064430;0;32;0;0;2;1;1;B01
201000064430;0;7;0;0;2;3;10;A01
201000064431;0;33;0;0;2;8;1;B01
201000064431;0;7;0;0;2;6;13;A01
201000064432;0;33;0;0;2;1;2;A01
201000064432;0;7;0;0;2;5;2;B01
201000064433;0;7;0;0;2;6;11;A01
201000064433;0;31;0;0;2;2;1;B01
201000064434;0;7;0;0;2;7;12;A01
201000064434;0;33;0;0;2;1;1;B01
201000064435;0;7;0;11;0;3;21;A01
201000064436;0;7;0;0;2;7;15;A01
201000064436;0;33;0;0;2;1;1;B01
201000064437;0;31;0;0;2;1;1;B01
201000064437;0;7;0;0;2;3;10;A01
201000064438;0;10;0;0;2;1;1;B01
201000064438;0;33;0;0;2;1;1;A01
201000064439;0;7;0;0;2;4;4;A01
201000064439;0;30;0;0;2;1;1;B01
201000064440;0;33;0;0;2;1;1;B01
201000064440;0;7;0;0;2;5;9;A01
201000064441;0;32;0;0;0;8;21;A01
201000064442;0;7;0;0;2;7;15;A01
201000064442;0;33;0;0;2;1;1;B01
201000064443;0;30;0;0;2;2;17;B01
201000064443;0;7;0;0;2;3;15;A01
201000064444;0;7;0;0;2;4;23;B01
201000064444;0;7;0;0;2;1;2;A01
201000064445;0;7;0;0;2;4;2;B01
201000064445;0;37;4;0;2;4;2;A01
201000064446;0;30;0;0;2;2;18;A01
201000064446;0;7;0;0;2;7;16;B01
201000064447;0;37;7;0;1;7;16;A01
201000064448;0;32;0;0;2;4;2;B01
201000064448;0;7;0;0;2;1;2;A01
201000064449;0;7;0;0;1;2;1;A01
201000064450;0;31;0;0;2;1;2;A01
201000064450;0;32;0;0;2;5;23;B01
201000064451;0;7;0;0;2;3;22;A01
201000064451;0;1;0;0;2;1;1;B01
201000064452;0;1;0;0;2;6;2;B01
201000064452;0;7;0;0;2;7;2;A01
201000064453;0;7;0;0;1;3;15;A01
201000064454;0;7;0;0;1;3;1;A01
201000064455;0;7;0;0;2;6;11;A01
201000064455;0;33;0;0;2;1;1;B01
201000064456;0;7;0;0;1;1;15;A01
201000064457;0;7;0;0;9;6;11;B01
201000064457;0;32;0;0;0;7;3;A01
201000064458;0;33;0;0;1;1;1;A01
201000064459;0;2;0;0;0;7;1;A01
201000064460;0;7;0;0;2;7;1;B01
201000064460;0;33;0;0;2;8;1;A01
201000064461;1;7;0;0;1;0;4;Z01
201000064462;0;30;0;0;0;7;1;A01
201000064463;0;32;0;0;0;0;15;A01
201000064464;0;31;0;0;2;1;1;B01
201000064464;0;7;0;0;2;1;15;A01
201000064465;0;7;0;0;2;3;1;B01
201000064465;0;34;0;0;2;3;5;A01
201000064466;0;34;0;12;0;1;14;A01
201000064467;0;33;0;0;2;1;1;B01
201000064467;0;7;0;0;2;3;17;A01
201000064468;0;7;0;0;2;3;10;A01
201000064468;0;30;0;0;2;5;1;B01
201000064469;0;33;0;0;2;4;2;A01
201000064469;1;7;0;0;2;0;2;Z01
201000064470;0;7;0;0;2;1;1;A01
201000064470;0;7;0;1;2;2;1;B01
201000064471;0;7;0;0;2;5;16;A01
201000064471;0;30;0;0;2;8;7;B01
201000064472;0;7;0;0;1;2;1;A01
201000064473;0;32;0;0;2;1;1;A01
201000064473;0;7;0;0;2;3;1;B01
201000064474;0;7;0;0;2;4;23;B01
201000064474;0;10;0;0;2;3;2;A01
201000064475;0;32;0;0;2;7;1;B01
201000064475;0;38;1;0;2;2;17;A01
201000064476;0;7;0;0;2;2;1;A01
201000064476;0;33;0;0;2;1;1;B01
201000064477;0;2;0;0;2;8;15;A01
201000064477;0;7;0;0;2;1;1;B01
201000064478;0;2;0;0;2;3;1;A01
201000064478;1;7;0;0;2;5;14;Z01
201000064479;0;33;0;12;0;7;14;A01
201000064480;0;2;0;1;0;2;14;A01
201000064481;0;7;0;0;2;4;23;C01
201000064481;0;7;0;0;2;1;2;A01
201000064481;0;7;0;0;2;4;23;B01
201000064482;0;33;0;14;0;0;13;A01
201000064483;0;2;0;0;2;1;1;A01
201000064483;0;3;0;0;2;3;1;B01
201000064484;0;7;0;0;2;3;15;A01
201000064484;0;1;0;0;2;4;1;B01
201000064485;0;7;0;0;2;3;22;B01
201000064485;0;1;0;0;2;2;1;A01
201000064486;0;31;0;11;0;8;13;A01
201000064487;0;10;0;0;2;3;2;A01
201000064487;0;32;0;0;2;4;23;B01
201000064488;0;30;0;0;2;1;5;B01
201000064488;0;7;0;0;2;1;1;A01
201000064489;1;10;0;0;2;0;1;Z01
201000064489;0;32;0;0;2;8;1;A01
201000064490;0;1;0;0;0;0;1;A01
201000064491;0;13;0;0;2;3;1;C01
201000064491;0;7;0;0;2;2;1;B01
201000064491;0;33;0;0;2;3;3;A01
201000064492;0;30;0;0;2;1;1;A01
201000064492;0;7;0;0;2;3;9;B01
201000064493;0;7;0;0;2;3;1;B01
201000064493;0;7;0;0;2;3;15;A01
201000064494;0;31;0;0;2;8;1;B01
201000064494;0;10;0;0;2;0;1;A01
201000064495;0;30;0;0;2;8;1;B01
201000064495;0;7;0;0;2;2;15;A01
201000064496;0;7;0;0;2;1;1;B01
201000064496;0;33;0;0;2;1;1;A01
201000064497;0;7;0;1;0;2;14;A01
201000064498;0;31;0;0;2;3;1;B01
201000064498;0;7;0;0;2;3;15;A01
201000064499;0;1;0;0;0;0;1;A01
201000064500;0;33;0;0;2;3;11;A01
201000064500;0;33;0;0;2;2;1;B01
201000064501;0;1;0;0;5;1;1;A01
201000064502;0;7;0;0;2;3;22;B01
201000064502;0;7;0;0;2;2;1;C01
201000064502;0;34;0;0;2;2;18;A01
201000064503;0;32;0;0;2;3;1;B01
201000064503;0;7;0;0;2;2;1;A01
201000064504;0;7;0;0;1;3;1;A01
201000064505;0;32;0;0;2;1;9;B01
201000064505;0;7;0;0;2;6;4;A01
201000064506;0;7;0;0;2;3;15;B01
201000064506;0;31;0;0;2;2;5;A01
201000064507;0;7;0;0;1;4;20;A01
201000064508;0;7;0;0;1;2;1;A01
201000064509;0;33;0;0;2;1;17;B01
201000064509;0;7;0;0;2;3;10;A01
201000064510;0;30;0;14;0;1;14;A01
201000064511;0;7;0;0;2;4;2;C01
201000064511;0;7;0;0;2;1;2;A01
201000064511;0;7;0;0;2;1;2;B01
201000064512;0;7;0;1;2;2;14;A01
201000064512;0;1;0;0;2;0;1;B01
201000064513;0;31;0;0;0;7;1;A01
201000064514;0;31;0;0;0;8;1;A01
201000064515;0;7;0;0;1;2;1;A01
201000064516;0;32;0;0;0;8;15;A01
201000064517;0;7;0;14;0;1;1;A01
201000064518;0;30;0;0;2;1;17;A01
201000064518;0;10;0;0;2;6;1;B01
201000064519;0;7;0;0;1;3;1;A01
201000064520;0;7;0;0;2;7;12;A01
201000064520;0;32;0;0;2;8;1;B01
201000064521;0;7;0;0;2;1;1;B01
201000064521;0;7;0;0;2;1;15;A01
201000064522;0;7;0;0;2;2;16;B01
201000064522;0;31;0;0;2;3;18;A01
201000064523;0;32;0;0;2;1;1;B01
201000064523;0;7;0;0;2;5;1;A01
201000064524;0;33;0;0;0;0;21;A01
201000064525;0;7;0;0;2;5;23;B01
201000064525;0;7;0;0;2;3;2;A01
201000064526;0;30;0;0;2;1;2;B01
201000064526;0;7;0;0;2;5;23;A01
201000064527;0;30;0;0;0;9;1;A01
201000064528;0;34;0;0;2;7;1;B01
201000064528;0;7;0;0;2;3;15;A01
201000064529;0;7;0;0;2;7;12;A01
201000064529;0;34;0;0;2;8;1;B01
201000064530;0;7;0;0;1;3;15;A01
201000064531;0;2;0;0;2;7;1;B01
201000064531;0;7;0;0;2;2;15;A01
201000064532;0;33;0;0;1;2;1;A01
201000064533;0;37;0;0;1;2;7;A01
201000064534;0;2;0;0;1;0;1;A01
201000064535;0;7;0;0;2;5;23;B01
201000064535;0;30;0;0;2;1;2;A01
201000064536;0;7;0;0;2;1;9;A01
201000064536;0;30;0;0;2;7;1;B01
201000064537;0;32;0;6;2;5;17;B01
201000064537;0;7;0;0;2;3;10;A01
201000064538;0;10;0;0;1;3;15;A01
201000064539;0;2;0;1;0;2;1;A01
201000064540;0;30;0;0;2;1;1;B01
201000064540;0;7;0;0;2;2;16;A01
201000064541;0;7;0;0;2;4;2;B01
201000064541;0;7;0;0;2;1;2;A01
201000064542;0;30;0;0;2;7;1;B01
201000064542;0;7;0;0;2;1;9;A01
201000064543;0;30;0;0;1;8;12;A01
201000064544;1;7;0;0;1;0;1;Z01
201000064545;0;7;0;0;2;3;1;B01
201000064545;0;32;0;0;2;1;1;A01
201000064546;0;7;0;0;1;8;15;A01
201000064547;0;7;0;0;2;7;18;B01
201000064547;0;30;0;0;2;9;16;A01
201000064548;0;7;0;0;2;1;1;A01
201000064548;0;7;0;0;2;4;1;B01
201000064549;0;2;0;0;2;3;1;A01
201000064549;0;7;0;0;2;2;1;B01
201000064550;0;33;0;0;2;1;1;A01
201000064550;0;7;0;0;0;4;23;B01
201000064551;0;10;0;0;0;2;12;B01
201000064551;0;32;0;0;2;7;1;A01
201000064552;0;10;0;0;2;3;1;A01
201000064552;0;30;0;0;2;5;1;B01
201000064553;0;7;0;0;2;3;15;A01
201000064553;0;32;0;0;2;3;1;B01
201000064554;0;7;0;0;2;2;9;A01
201000064554;0;7;0;0;2;8;1;B01
201000064555;0;7;0;11;0;1;13;A01
201000064556;0;30;0;12;0;1;1;A01
201000064557;0;7;0;0;1;1;1;A01
201000064558;0;13;0;0;2;2;2;A01
201000064558;0;32;0;0;2;4;23;B01