num_acc;senc;catv;occutc;obs;obsm;choc;manv;num_veh
201000064559;0;31;0;0;2;7;17;A01
201000064559;0;7;0;0;2;6;13;B01
201000064560;0;7;0;0;1;2;0;A01
201000064561;0;32;0;0;1;2;1;A01
201000064562;0;33;0;0;2;8;17;B01
201000064562;0;7;0;0;2;6;22;A01
201000064563;0;30;0;0;2;1;1;A01
201000064563;0;7;0;0;2;8;10;B01
201000064564;0;7;0;0;1;3;1;A01
201000064565;0;33;0;1;0;0;14;A01
201000064566;0;7;0;0;1;4;4;A01
201000064567;0;33;0;0;2;3;9;A01
201000064567;0;7;0;0;2;2;16;B01
201000064568;0;7;0;0;2;6;11;A01
201000064568;0;33;0;0;2;1;1;B01
201000064569;0;31;0;0;2;0;1;B01
201000064569;0;7;0;0;2;0;10;A01
201000064570;0;33;0;0;2;8;1;B01
201000064570;0;7;0;0;0;2;9;A01
201000064571;0;30;0;1;2;3;3;A01
201000064571;0;33;0;0;0;2;18;B01
201000064572;0;7;0;0;2;1;2;A01
201000064572;0;7;0;0;2;6;23;B01
201000064573;0;7;0;0;1;0;16;A01
201000064574;0;7;0;0;1;6;1;A01
201000064575;0;7;0;0;2;6;1;C01
201000064575;0;7;0;0;2;7;12;A01
201000064575;0;34;0;0;2;3;3;B01
201000064576;0;7;0;0;1;4;20;A01
201000064577;0;30;0;0;2;1;17;B01
201000064577;0;7;0;0;2;8;10;A01
201000064578;0;33;0;0;2;6;16;B01
201000064578;0;7;0;0;2;1;1;A01
201000064579;0;30;0;0;2;1;5;A01
201000064579;0;34;0;0;2;1;1;B01
201000064580;0;10;0;0;0;3;9;A01
201000064580;0;2;0;0;2;1;1;B01
201000064581;0;10;0;0;0;3;13;A01
201000064581;0;32;0;0;0;7;17;B01
201000064582;0;30;0;1;0;1;21;A01
201000064583;0;7;0;0;2;3;2;B01
201000064583;0;7;0;0;2;3;2;A01
201000064584;0;2;0;0;0;8;21;A01
201000064585;0;7;0;0;0;3;10;A01
201000064585;0;34;0;0;2;1;17;B01
201000064586;0;7;0;0;2;8;9;A01
201000064586;0;34;0;0;2;2;1;B01
201000064587;0;1;0;0;1;1;1;A01
201000064588;0;1;0;0;0;0;1;A01
201000064589;0;7;0;0;2;6;10;A01
201000064589;0;2;0;0;2;1;1;B01
201000064590;0;33;0;0;2;1;1;B01
201000064590;0;7;0;0;2;8;15;A01
201000064591;0;7;0;0;1;2;1;A01
201000064592;0;30;0;0;2;7;1;A01
201000064592;0;30;0;0;2;1;1;B01
201000064593;0;30;0;0;2;1;1;A01
201000064593;0;1;0;0;2;7;1;B01
201000064594;0;32;0;0;0;7;1;B01
201000064594;0;7;0;0;2;8;11;A01
201000064595;0;7;0;0;2;3;23;B01
201000064595;0;30;0;0;0;3;13;A01
201000064596;0;10;0;0;2;3;15;A01
201000064596;0;2;0;0;2;7;17;B01
201000064597;0;7;0;0;1;3;1;A01
201000064598;0;7;0;0;1;3;1;A01
201000064599;0;1;0;1;0;2;15;A01
201000064600;0;7;0;0;2;3;15;A01
201000064600;0;7;0;0;2;3;1;B01
201000064601;0;33;0;0;0;8;1;A01
201000064602;0;31;0;0;2;1;2;A01
201000064602;0;7;0;0;2;6;2;B01
201000064603;0;7;0;0;0;2;1;A01
201000064603;0;1;0;0;0;3;11;B01
201000064604;0;32;0;0;2;1;1;B01
201000064604;0;7;0;0;2;1;13;A01
201000064605;0;30;0;0;2;1;1;B01
201000064605;0;7;0;0;2;2;15;A01
201000064606;0;7;0;0;1;0;16;A01
201000064607;0;7;0;0;2;8;15;B01
201000064607;0;2;0;0;2;7;17;A01
201000064608;0;10;0;0;2;5;14;A01
201000064608;0;33;0;0;2;3;23;B01
201000064609;0;7;0;0;2;3;15;B01
201000064609;0;32;0;0;2;7;1;A01
201000064610;0;7;0;8;0;1;14;A01
201000064611;0;7;0;0;2;1;9;A01
201000064611;0;2;0;0;2;2;1;B01
201000064612;0;7;0;0;1;0;1;A01
201000064613;0;33;0;0;2;2;16;A01
201000064613;0;33;0;0;2;2;1;B01
201000064614;0;33;0;0;0;0;17;A01
201000064615;0;31;0;15;0;7;18;A01
201000064616;0;1;0;0;2;3;13;A01
201000064616;0;7;0;0;2;7;1;B01
201000064617;0;33;0;0;0;9;13;A01
201000064618;0;7;0;1;2;3;1;B01
201000064618;0;7;0;0;2;1;1;A01
201000064619;0;31;0;0;2;7;1;A01
201000064619;0;7;0;0;2;3;1;B01
201000064620;0;7;0;6;0;1;1;A01
201000064621;0;1;0;0;0;0;1;A01
201000064622;0;7;0;0;2;1;1;A01
201000064622;0;7;0;0;2;3;1;B01
201000064623;0;31;0;0;2;1;17;B01
201000064623;0;7;0;0;0;3;13;A01
201000064624;0;7;0;0;2;5;23;B01
201000064624;0;32;0;0;2;1;2;A01
201000064625;0;30;0;0;0;7;1;A01
201000064626;0;30;0;0;0;0;1;A01
201000064627;0;32;0;0;2;1;17;B01
201000064627;0;7;0;0;2;3;10;A01
201000064628;1;7;0;0;1;0;2;Z01
201000064629;0;10;0;0;2;2;2;B01
201000064629;0;31;0;0;2;1;2;A01
201000064630;0;33;0;0;2;6;1;A01
201000064630;0;7;0;0;2;8;1;B01
201000064630;1;7;0;0;2;2;12;Z01
201000064631;0;7;0;0;2;7;16;A01
201000064631;0;32;0;0;2;3;1;B01
201000064632;0;7;0;14;0;1;1;A01
201000064633;0;2;0;12;0;8;15;A01
201000064634;0;7;0;0;0;3;24;B01
201000064634;0;7;0;0;2;6;4;A01
201000064635;0;7;0;0;2;2;1;A01
201000064635;0;7;0;0;0;4;16;B01
201000064636;0;32;0;0;1;0;21;A01
201000064637;0;7;0;0;1;2;1;A01
201000064638;0;32;0;0;5;1;1;A01
201000064639;0;30;0;0;2;4;1;B01
201000064639;0;7;0;0;2;2;14;A01
201000064640;0;2;0;0;1;0;1;A01
201000064641;0;7;0;0;0;4;23;B01
201000064641;0;7;0;0;2;1;1;A01
201000064642;0;33;0;0;0;0;1;A01
201000064643;0;2;0;0;2;1;17;A01
201000064643;0;7;0;0;9;6;9;B01
201000064644;0;32;0;0;1;0;17;A01
201000064645;0;7;0;1;0;6;23;B01
201000064645;0;34;0;1;0;1;1;A01
201000064646;0;7;0;0;1;1;1;A01
201000064647;0;7;0;0;1;5;1;A01
201000064648;0;10;0;0;2;2;15;A01
201000064648;0;33;0;0;2;1;1;B01
201000064649;0;31;0;0;2;1;17;B01
201000064649;0;7;0;0;0;8;10;A01
201000064650;0;7;0;0;2;2;15;A01
201000064650;0;30;0;0;2;1;1;B01
201000064651;0;37;2;0;1;5;1;A01
201000064652;0;7;0;0;2;3;9;A01
201000064652;0;33;0;0;2;1;17;B01
201000064653;0;30;0;0;0;6;21;A01
201000064654;0;7;0;0;1;4;20;A01
201000064655;0;31;0;0;0;4;1;B01
201000064655;1;7;0;0;2;1;1;Z01
201000064656;0;1;0;0;0;0;21;A01
201000064657;0;2;0;0;1;1;1;A01
201000064658;0;7;0;9;0;1;1;A01
201000064659;0;7;0;1;0;9;14;A01
201000064659;0;7;0;0;2;8;1;B01
201000064660;0;30;0;0;2;1;5;A01
201000064660;0;7;0;0;2;2;15;B01
201000064661;0;32;0;0;1;1;1;A01
201000064662;0;34;0;0;1;1;7;A01
201000064663;0;32;0;0;0;0;1;A01
201000064664;0;7;0;0;2;1;1;A01
201000064664;0;7;0;0;2;8;15;B01
201000064665;0;34;0;0;2;1;1;B01
201000064665;0;7;0;0;2;3;15;A01
201000064666;0;7;0;15;0;1;1;A01
201000064667;0;7;0;0;0;5;23;B01
201000064667;0;2;0;0;2;1;1;A01
201000064668;0;32;0;0;0;8;21;A01
201000064669;1;7;0;0;1;2;1;Z01
201000064670;0;7;0;0;2;1;1;B01
201000064670;0;3;0;0;2;2;1;A01
201000064671;0;30;0;0;1;1;17;A01
201000064672;0;7;0;1;0;2;14;A01
201000064673;0;7;0;0;2;6;23;B01
201000064673;0;7;0;0;2;6;2;A01
201000064674;0;7;0;0;2;3;11;A01
201000064674;0;30;0;0;2;2;17;B01
201000064675;0;32;0;0;0;0;1;A01
201000064676;0;7;0;0;1;7;1;A01
201000064677;0;7;0;0;2;1;4;A01
201000064677;0;7;0;0;2;4;1;B01
201000064678;0;7;0;8;2;3;21;A01
201000064679;0;7;0;0;2;2;12;A01
201000064679;0;30;0;0;2;3;3;B01
201000064680;0;14;0;0;1;4;4;A01
201000064681;0;10;0;0;2;6;15;B01
201000064681;0;7;0;0;2;3;1;A01
201000064682;0;7;0;0;2;3;2;A01
201000064682;0;7;0;1;2;5;23;B01
201000064683;0;32;0;0;1;1;1;A01
201000064684;0;31;0;1;2;0;1;A01
201000064684;1;7;0;0;2;0;10;Z01
201000064685;0;2;0;0;2;7;1;B01
201000064685;0;7;0;0;2;0;1;A01
201000064686;0;7;0;0;2;4;23;B01
201000064686;0;10;0;0;2;1;2;A01
201000064687;0;30;0;0;1;1;1;A01
201000064688;0;30;0;1;0;9;1;A01
201000064689;0;33;0;1;0;1;21;A01
201000064690;0;30;0;0;2;1;2;A01
201000064690;0;31;0;0;2;6;23;B01
201000064691;0;7;0;0;2;6;10;A01
201000064691;0;31;0;0;2;1;1;B01
201000064692;0;7;0;0;1;3;1;A01
201000064693;0;37;0;0;1;1;15;A01
201000064694;1;7;0;0;2;0;2;Z01
201000064694;0;1;0;0;2;4;2;A01
201000064695;0;31;0;11;0;0;21;A01
201000064696;0;34;0;0;2;7;1;A01
201000064696;1;7;0;0;2;0;15;Z01
201000064697;0;10;0;0;1;1;1;A01
201000064698;0;32;0;0;2;1;1;B01
201000064698;0;7;0;0;2;2;1;A01
201000064699;0;7;0;0;1;8;4;A01
201000064700;0;2;0;0;2;1;13;A01
201000064700;0;7;0;0;2;4;1;B01
201000064701;0;7;0;0;1;3;1;A01
201000064702;0;10;0;0;2;8;13;A01
201000064702;0;33;0;0;2;8;17;B01
201000064703;0;7;0;0;2;5;1;B01
201000064703;0;7;0;0;2;3;1;A01
201000064704;0;32;0;0;0;8;1;A01
201000064705;0;7;0;0;2;3;1;B01
201000064705;0;7;0;0;2;2;15;A01
201000064706;0;7;0;0;1;3;1;A01
201000064707;0;2;0;8;0;1;5;A01
201000064708;0;7;0;0;1;2;21;A01
201000064709;0;7;0;0;2;3;10;A01
201000064709;0;30;0;0;2;1;1;B01
201000064710;0;7;0;0;1;2;1;A01
201000064711;0;7;0;0;1;1;1;A01
201000064712;0;33;0;0;1;1;1;A01
201000064713;0;7;0;0;2;2;15;A01
201000064713;0;33;0;0;2;1;1;B01
201000064714;0;32;0;0;2;3;1;B01
201000064714;0;7;0;0;2;1;1;A01
201000064715;0;7;0;0;2;8;1;B01
201000064715;0;2;0;0;2;1;1;A01
201000064716;0;33;0;0;2;8;1;A01
201000064716;0;2;0;0;2;1;10;B01
201000064717;0;7;0;0;2;8;15;B01
201000064717;0;2;0;0;2;8;17;A01
201000064718;0;7;0;0;2;4;4;A01
201000064718;0;1;0;0;2;1;1;B01
201000064719;0;7;0;0;1;1;1;A01
201000064720;0;32;0;0;2;1;1;A01
201000064720;0;7;0;0;2;3;10;B01
201000064721;0;32;0;0;2;1;2;B01
201000064721;0;7;0;0;2;4;23;A01
201000064722;0;7;0;0;2;0;2;A01
201000064722;0;7;0;0;2;4;2;B01
201000064723;0;34;0;0;0;0;21;A01
201000064724;0;7;0;0;2;0;10;B01
201000064724;0;32;0;0;2;8;1;A01
201000064725;0;10;0;0;2;6;15;B01
201000064725;0;7;0;0;2;1;2;A01
201000064726;0;7;0;0;2;3;9;A01
201000064726;0;32;0;0;2;7;1;B01
201000064727;0;10;0;0;2;1;2;A01
201000064727;0;10;0;0;2;4;2;B01
201000064728;0;10;0;0;2;8;22;A01
201000064728;0;32;0;0;2;1;17;B01
201000064729;0;7;0;0;1;3;1;A01
201000064730;0;34;0;0;0;7;1;A01
201000064731;0;7;0;0;1;3;1;A01
201000064732;0;7;0;0;1;1;7;A01
201000064733;0;7;0;0;2;2;1;A01
201000064733;0;32;0;0;2;1;16;B01
201000064734;0;32;0;0;2;3;13;A01
201000064734;0;7;0;0;2;5;1;B01
201000064735;0;7;0;0;2;7;1;A01
201000064735;0;7;0;0;2;1;1;B01
201000064736;0;33;0;14;0;7;14;A01
201000064737;0;34;0;0;2;3;1;A01
201000064737;1;7;0;0;2;1;15;Z01
201000064738;0;30;0;1;0;1;13;A01
201000064739;0;7;0;1;2;3;15;B01
201000064739;0;2;0;0;2;1;1;A01
201000064740;0;7;0;0;2;1;16;B01
201000064740;0;30;0;0;2;2;1;A01
201000064741;0;2;0;0;0;0;1;A01
201000064742;0;7;0;0;1;2;1;A01
201000064743;0;7;0;0;1;1;16;A01
201000064744;0;30;0;0;1;1;1;A01
201000064745;0;33;0;0;2;0;1;A01
201000064745;2;10;0;0;2;0;15;Z01
201000064746;1;7;0;0;2;0;16;Z01
201000064746;0;1;0;0;2;7;19;A01
201000064747;0;13;0;0;2;5;2;B01
201000064747;0;32;0;0;2;1;2;A01
201000064748;0;7;0;0;1;1;1;A01
201000064749;0;32;0;0;2;5;1;A01
201000064749;0;7;0;0;2;4;15;B01
201000064750;0;32;0;0;2;1;1;A01
201000064750;0;7;0;0;2;3;15;B01
201000064751;0;32;0;0;1;2;1;A01
201000064752;0;7;0;0;2;1;15;A01
201000064752;0;33;0;0;2;8;1;B01
201000064753;0;7;0;11;0;3;15;A01
201000064754;0;7;0;0;2;0;23;B01
201000064754;0;7;0;0;2;4;2;A01
201000064755;0;7;0;0;2;1;9;B01
201000064755;0;34;0;0;2;7;17;A01
201000064756;0;7;0;0;2;3;10;A01
201000064756;0;31;0;0;2;2;5;B01
201000064757;0;7;0;0;1;2;1;A01
201000064758;0;2;0;1;2;0;1;A01
201000064758;0;7;0;0;2;0;22;B01
201000064759;0;7;0;0;2;4;23;C01
201000064759;0;7;0;0;2;3;9;B01
201000064759;0;33;0;14;2;8;1;A01
201000064760;0;7;0;0;2;1;15;B01
201000064760;0;33;0;0;2;6;1;A01
201000064761;0;32;0;0;0;8;1;A01
201000064762;0;34;0;0;2;7;1;B01
201000064762;0;7;0;0;2;1;9;A01
201000064763;0;32;0;0;2;0;1;A01
201000064763;1;7;0;0;2;0;1;Z01
201000064764;0;7;0;0;1;3;7;A01
201000064765;0;7;0;11;0;1;13;A01
201000064766;0;7;0;0;1;1;16;A01
201000064767;0;7;0;0;2;6;2;A01
201000064767;2;7;0;0;2;1;2;Z01
201000064768;0;7;0;0;2;6;23;B01
201000064768;0;30;0;0;2;8;17;A01
201000064769;0;7;0;0;1;1;1;A01
201000064770;0;7;0;0;2;2;1;C01
201000064770;0;7;0;0;2;2;22;B01
201000064770;0;2;0;1;2;1;1;A01
201000064771;0;7;0;0;1;1;1;A01
201000064772;0;34;0;0;1;3;1;A01
201000064773;0;7;0;0;2;6;15;B01
201000064773;0;2;0;0;2;3;2;A01
201000064774;0;7;0;0;2;3;15;A01
201000064774;0;31;0;0;2;1;1;B01
201000064775;0;32;0;0;0;0;1;A01
201000064776;0;7;0;0;1;3;7;A01
201000064777;0;7;0;0;1;3;15;A01
201000064778;0;10;0;0;2;2;1;B01
201000064778;0;10;0;0;2;3;1;A01
201000064779;0;30;0;0;1;1;1;A01
201000064780;0;7;0;0;2;3;2;A01
201000064780;0;32;0;0;2;4;2;B01
201000064781;0;7;0;0;2;1;15;B01
201000064781;0;30;0;0;2;1;1;A01
201000064782;0;7;0;0;2;1;1;B01
201000064782;0;7;0;0;2;2;1;A01
201000064783;0;34;0;0;2;4;24;B01
201000064783;0;7;0;0;2;1;2;A01
201000064784;0;7;0;0;1;5;4;A01
201000064785;1;7;0;0;1;1;16;Z01
201000064786;0;37;0;0;2;2;7;A01
201000064786;0;7;0;0;2;3;15;B01
201000064787;0;32;0;0;2;8;1;B01
201000064787;0;7;0;0;2;1;1;A01
201000064788;0;33;0;12;0;2;21;A01
201000064789;0;7;0;0;2;1;1;B01
201000064789;0;7;0;0;2;2;1;A01
201000064790;0;30;0;0;2;7;1;B01
201000064790;0;30;0;0;2;2;1;C01
201000064790;0;7;0;0;2;3;10;A01
201000064791;0;32;0;14;0;1;14;A01
201000064792;0;33;0;14;0;8;17;A01
201000064793;0;7;0;0;2;1;1;B01
201000064793;0;30;0;0;2;8;1;A01
201000064794;0;7;0;0;2;2;2;A01
201000064794;0;7;0;0;2;6;2;B01
201000064795;0;32;0;0;1;3;16;A01
201000064796;1;7;0;0;2;1;1;Z01
201000064796;0;2;0;0;2;8;1;A01
201000064797;0;7;0;0;2;3;2;A01
201000064797;0;32;0;0;2;4;23;B01
201000064798;0;7;0;0;1;3;1;A01
201000064799;0;31;0;0;2;7;17;A01
201000064799;0;7;0;0;2;3;15;B01
201000064800;0;32;0;0;1;1;1;A01
201000064801;0;1;0;0;2;7;7;B01
201000064801;0;10;0;0;2;7;15;A01
201000064802;0;32;0;0;1;1;17;A01
201000064803;0;34;0;0;2;2;17;B01
201000064803;0;10;0;0;2;3;10;A01
201000064804;0;7;0;0;2;8;15;A01
201000064804;0;30;0;0;2;2;17;B01
201000064805;0;33;0;0;0;0;1;A01
201000064806;0;2;0;0;2;1;1;A01
201000064806;0;7;0;0;2;7;15;B01
201000064807;0;31;0;0;2;8;1;A01
201000064807;0;7;0;0;2;1;15;B01
201000064808;0;33;0;0;2;2;1;B01
201000064808;0;7;0;0;2;3;15;A01
201000064809;0;7;0;1;0;1;13;A01
201000064810;0;7;0;0;1;1;1;A01
201000064811;0;7;0;0;2;7;15;A01
201000064811;2;32;0;0;2;1;5;Z01
201000064812;0;32;0;0;2;3;1;A01
201000064812;0;7;0;0;2;1;1;B01
201000064813;0;33;0;1;1;1;17;A01
201000064814;0;7;0;0;2;4;23;B01
201000064814;0;7;0;0;2;1;2;A01
201000064815;0;7;0;0;2;5;16;A01
201000064815;0;34;0;0;2;7;1;B01
201000064816;0;32;0;0;0;7;1;A01
201000064817;0;33;0;0;2;1;1;B01
201000064817;0;7;0;0;2;2;15;A01
201000064818;0;34;0;0;2;1;1;B01
201000064818;0;7;0;0;2;3;10;A01
201000064819;0;7;0;0;1;8;15;A01
201000064820;0;7;0;0;2;1;9;A01
201000064820;0;32;0;0;2;7;1;B01
201000064821;0;34;0;0;2;7;17;A01
201000064821;0;10;0;0;2;8;13;B01
201000064822;0;30;0;12;0;8;13;A01
201000064823;0;34;0;0;2;3;18;B01
201000064823;0;7;0;0;2;5;16;A01
201000064824;0;7;0;0;1;3;1;A01
201000064825;0;33;0;0;2;3;1;B01
201000064825;0;31;0;0;2;0;15;A01
201000064826;0;1;0;0;2;2;1;A01
201000064826;1;7;0;0;2;0;1;Z01
201000064827;1;7;0;0;2;0;10;Z01
201000064827;0;2;0;0;2;0;1;A01
201000064828;0;30;0;0;1;5;17;A01
201000064829;0;1;0;0;2;8;1;B01
201000064829;0;33;0;0;2;1;15;A01
201000064830;0;7;0;0;2;7;10;A01
201000064830;0;33;0;0;2;3;1;B01
201000064831;0;7;0;0;2;2;1;A01
201000064831;0;30;0;0;2;3;1;B01
201000064832;0;7;0;0;2;6;9;B01
201000064832;0;7;0;0;2;1;1;A01
201000064833;0;10;0;0;1;3;15;A01
201000064834;0;1;0;0;1;1;1;A01
201000064835;0;7;0;0;1;2;1;A01
201000064836;0;32;0;0;2;1;1;B01
201000064836;0;30;0;0;2;2;15;A01
201000064837;0;7;0;0;2;8;10;A01
201000064837;0;32;0;0;2;1;1;B01
201000064838;0;7;0;0;1;0;1;A01
201000064839;0;7;0;12;1;3;14;A01
201000064840;0;10;0;0;1;4;4;A01
201000064841;0;7;0;0;2;1;1;B01
201000064841;0;7;0;0;2;1;17;A01
201000064842;0;10;0;0;2;5;15;A01
201000064842;0;33;0;0;2;1;1;B01
201000064843;0;7;0;0;2;1;1;A01
201000064843;0;34;0;1;2;8;1;B01
201000064844;0;7;0;0;2;2;16;B01
201000064844;0;33;0;1;2;1;7;A01
201000064845;0;30;0;0;0;7;1;A01
201000064846;0;32;0;0;2;3;1;B01
201000064846;0;7;0;0;2;2;1;A01
201000064847;0;7;0;0;1;3;1;A01
201000064848;0;10;0;0;1;1;1;A01
201000064849;0;10;0;0;2;4;4;A01
201000064849;0;30;0;0;2;1;9;B01
201000064850;0;30;0;0;2;7;18;B01
201000064850;0;7;0;0;2;7;14;A01
201000064851;0;32;0;0;2;1;2;A01
201000064851;0;7;0;0;2;4;2;B01
201000064852;0;7;0;0;2;2;15;A01
201000064852;0;7;0;0;2;1;1;B01
201000064853;0;30;0;0;2;6;1;B01
201000064853;0;2;0;0;2;2;21;A01
201000064854;0;7;0;0;1;6;4;A01
201000064855;0;30;0;0;2;3;18;A01
201000064855;0;7;0;0;2;7;22;B01
201000064856;0;33;0;0;1;8;16;A01
201000064857;0;7;0;0;1;1;1;A01
201000064858;0;7;0;0;2;8;10;A01
201000064858;0;32;0;0;2;7;17;B01
201000064859;0;1;0;0;2;4;13;B01
201000064859;0;7;0;0;2;3;1;A01
201000064860;0;33;0;0;2;1;1;A01
201000064860;0;7;0;0;2;5;15;B01
201000064861;0;7;0;0;1;2;15;A01
201000064862;0;7;0;0;1;7;1;A01
201000064863;0;32;0;1;2;3;1;B01
201000064863;0;7;0;0;2;3;15;A01
201000064864;0;7;0;0;2;3;15;B01
201000064864;0;34;0;0;2;2;17;A01
201000064865;0;7;0;0;2;3;1;B01
201000064865;0;34;0;0;2;3;15;A01
201000064866;0;10;0;0;1;3;18;A01
201000064867;0;7;0;0;1;3;16;A01
201000064868;0;7;0;0;9;8;22;A01
201000064868;0;1;0;0;0;1;1;B01
201000064869;0;7;0;0;0;4;23;B01
201000064869;0;7;0;0;0;2;1;A01
201000064870;0;7;0;0;2;2;15;A01
201000064870;0;30;0;0;2;1;1;B01
201000064871;0;30;0;0;2;1;12;A01
201000064871;0;7;0;0;2;6;1;B01
201000064872;0;31;0;0;1;0;7;A01
201000064873;0;2;0;0;2;3;1;B01
201000064873;0;3;0;0;2;2;13;A01
201000064874;0;30;0;0;2;1;2;A01
201000064874;0;7;0;0;2;6;2;B01
201000064875;0;7;0;0;2;8;22;A01
201000064875;0;1;0;0;2;1;1;B01
201000064876;0;7;0;0;1;3;1;A01
201000064877;0;30;0;0;2;2;1;B01
201000064877;0;7;0;0;2;3;10;A01
201000064878;0;30;0;1;0;1;1;A01
201000064879;0;7;0;0;1;3;1;A01
201000064880;0;32;0;0;2;2;17;A01
201000064880;0;10;0;0;2;8;1;B01
201000064881;0;32;0;0;2;7;1;B01
201000064881;0;1;0;0;2;1;1;A01
201000064882;0;1;0;0;1;3;1;A01
201000064883;0;7;0;0;9;7;22;B01
201000064883;0;32;0;0;2;5;7;A01
201000064884;0;32;0;0;0;0;1;A01
201000064885;0;7;0;0;1;2;1;A01
201000064886;0;7;0;0;2;2;1;A01
201000064886;0;1;0;0;2;4;1;B01
201000064887;0;32;0;0;1;1;7;A01
201000064888;0;7;0;0;2;7;16;B01
201000064888;0;1;0;0;2;1;7;A01
201000064889;0;31;0;0;1;1;1;A01
201000064890;0;7;0;0;1;2;1;A01
201000064891;0;33;0;14;0;1;18;A01
201000064892;0;10;0;0;2;2;10;A01
201000064892;0;31;0;0;2;3;1;B01
201000064893;0;2;0;0;1;1;1;A01
201000064894;0;3;0;3;0;1;1;A01
201000064895;0;7;0;0;2;1;1;A01
201000064895;0;7;0;0;0;4;1;B01
201000064896;0;1;0;0;2;1;19;A01
201000064896;0;7;0;0;0;2;1;B01
201000064897;0;7;0;14;0;1;3;A01
201000064897;0;7;0;0;0;8;23;B01
201000064897;0;7;0;0;0;4;23;C01
201000064898;0;32;0;0;2;5;1;A01
201000064898;0;7;0;0;2;5;23;B01
201000064899;0;7;0;0;2;2;1;B01
201000064899;0;2;0;0;2;8;16;A01
201000064900;0;7;0;0;0;7;14;B01
201000064900;0;33;0;0;2;8;1;A01
201000064901;0;32;0;0;0;0;1;A01
201000064902;0;7;0;0;0;0;1;A01
201000064903;1;7;0;0;1;3;1;Z01
201000064904;0;32;0;0;2;1;21;A01
201000064904;0;10;0;0;2;1;10;B01
201000064905;0;32;0;0;2;7;1;B01
201000064905;0;7;0;0;2;3;16;A01
201000064906;0;7;0;0;2;2;16;A01
201000064906;0;2;0;0;2;6;18;B01
201000064907;0;7;0;0;2;1;1;B01
201000064907;0;34;0;0;2;1;16;A01
201000064908;0;7;0;0;1;1;16;A01
201000064909;0;30;0;0;2;3;1;B01
201000064909;0;7;0;0;2;2;15;A01
201000064910;0;2;0;0;2;2;17;A01
201000064910;0;3;0;0;2;3;15;B01
201000064911;0;2;0;0;2;8;1;A01
201000064911;1;7;0;0;2;0;10;Z01
201000064912;0;7;0;0;2;7;16;A01
201000064912;0;32;0;0;2;3;7;B01
201000064913;0;7;0;0;2;5;15;B01
201000064913;0;33;0;0;2;1;1;A01
201000064914;0;1;0;0;2;1;1;B01
201000064914;0;7;0;0;2;3;22;A01
201000064915;1;7;0;0;2;0;16;Z01
201000064915;0;30;0;0;2;0;1;A01
201000064916;0;30;0;0;0;0;1;A01
201000064917;0;7;0;0;2;1;15;A01
201000064917;0;7;0;0;2;1;1;B01
201000064918;0;32;0;0;2;8;1;A01
201000064918;0;10;0;0;2;8;15;B01
201000064919;0;7;0;0;2;2;16;B01
201000064919;0;2;0;0;2;3;18;A01
201000064920;0;7;0;0;1;4;4;A01
201000064921;0;30;0;0;2;7;5;A01
201000064921;0;10;0;0;2;3;15;B01
201000064922;0;7;0;0;1;1;9;A01
201000064923;0;32;0;0;0;0;1;A01
201000064924;0;34;0;0;2;1;2;A01
201000064924;0;10;0;0;2;6;23;B01
201000064925;0;31;0;0;1;1;1;A01
201000064926;0;7;0;0;1;3;1;A01
201000064927;0;33;0;0;2;3;18;A01
201000064927;0;7;0;0;2;2;1;B01
201000064928;0;7;0;0;2;7;1;A01
201000064928;0;7;0;0;2;3;1;B01
201000064929;0;1;0;0;1;1;1;A01
201000064930;0;30;0;14;0;7;14;A01
201000064931;0;7;0;0;1;2;1;A01
201000064932;0;2;0;0;0;7;1;A01
201000064933;0;7;0;0;2;2;15;A01
201000064933;0;31;0;0;2;1;1;B01
201000064934;0;7;0;0;1;1;1;A01
201000064935;0;2;0;0;2;1;17;A01
201000064935;0;7;0;0;2;8;15;B01
201000064936;0;33;0;0;0;1;1;A01
201000064937;0;32;0;0;2;7;14;A01
201000064937;0;7;0;0;2;3;16;B01
201000064938;0;7;0;0;1;4;4;A01
201000064939;0;14;0;6;0;1;7;A01
201000064940;0;7;0;0;2;1;1;A01
201000064940;0;33;0;0;2;4;15;B01
201000064941;0;7;0;0;1;1;15;A01
201000064942;0;7;0;0;1;1;1;A01
201000064943;0;2;0;1;2;2;17;A01
201000064943;0;7;0;0;2;8;15;B01
201000064944;0;7;0;0;2;4;23;A01
201000064944;0;32;0;0;2;1;2;B01
201000064945;0;7;0;0;1;3;7;A01
201000064946;0;34;0;12;0;2;14;A01
201000064947;0;34;0;0;2;1;17;B01
201000064947;0;7;0;0;2;8;15;A01
201000064948;0;32;0;0;2;5;12;A01
201000064948;0;34;0;0;2;3;1;B01
201000064949;0;1;0;0;2;7;12;A01
201000064949;1;7;0;0;2;3;7;Z01
201000064950;0;7;0;0;1;5;4;A01
201000064951;0;31;0;0;2;8;1;A01
201000064951;0;7;0;0;2;3;7;B01
201000064952;0;7;0;0;2;1;1;A01
201000064952;0;34;0;0;2;6;1;B01
201000064953;0;10;0;15;2;7;1;B01
201000064953;0;10;0;0;2;1;1;A01
201000064954;0;33;0;0;1;1;1;A01
201000064955;0;32;0;0;2;1;1;B01
201000064955;0;7;0;0;2;6;10;A01