num_acc;senc;catv;occutc;obs;obsm;choc;manv;num_veh
201000064956;0;31;0;0;2;2;17;A01
201000064956;0;7;0;0;2;3;15;B01
201000064957;0;34;0;0;2;2;1;B01
201000064957;0;7;0;0;2;6;15;A01
201000064958;1;30;0;0;1;1;16;Z01
201000064959;0;7;0;0;2;2;15;A01
201000064959;0;32;0;0;2;1;1;B01
201000064960;0;2;0;0;0;0;1;A01
201000064961;0;7;0;0;1;1;16;A01
201000064962;0;7;0;0;2;2;1;B01
201000064962;0;2;0;0;2;6;15;A01
201000064963;0;33;0;0;2;2;1;B01
201000064963;0;7;0;0;2;3;9;A01
201000064964;0;30;0;14;0;3;1;A01
201000064965;0;7;0;0;2;7;16;A01
201000064965;0;33;0;0;2;8;1;B01
201000064966;0;31;0;0;2;8;1;A01
201000064966;0;7;0;0;2;2;9;B01
201000064967;0;7;0;0;2;1;15;A01
201000064967;0;1;0;0;2;3;1;B01
201000064968;0;7;0;0;2;4;23;B01
201000064968;0;7;0;0;2;1;16;A01
201000064969;0;33;0;0;0;0;1;A01
201000064970;0;33;0;0;2;1;2;A01
201000064970;0;10;0;0;2;4;2;B01
201000064971;0;32;0;0;2;1;3;A01
201000064971;0;7;0;0;2;2;12;B01
201000064972;0;1;0;0;1;1;1;A01
201000064973;0;31;0;0;2;3;16;B01
201000064973;0;32;0;0;2;3;1;A01
201000064974;0;1;0;12;2;0;1;B01
201000064974;0;37;1;0;2;7;17;A01
201000064975;0;7;0;0;2;1;2;C01
201000064975;0;7;0;0;2;9;2;B01
201000064975;0;7;0;0;2;4;2;A01
201000064976;0;7;0;0;1;1;15;A01
201000064977;0;1;0;0;2;1;15;B01
201000064977;0;7;0;0;2;3;1;A01
201000064978;0;31;0;0;1;3;1;A01
201000064979;0;7;0;0;2;3;1;B01
201000064979;0;33;0;0;2;7;16;A01
201000064980;0;34;0;0;2;3;1;B01
201000064980;0;7;0;0;2;2;1;A01
201000064981;0;32;0;0;1;1;1;A01
201000064982;0;7;0;1;0;4;4;A01
201000064983;0;7;0;0;1;4;4;A01
201000064984;0;10;0;0;2;5;2;B01
201000064984;0;34;0;1;2;5;2;A01
201000064985;0;7;0;0;2;3;13;A01
201000064985;0;34;0;0;2;2;1;B01
201000064986;0;7;0;0;2;5;12;A01
201000064986;0;33;0;0;2;3;1;B01
201000064987;0;2;0;0;2;3;7;A01
201000064987;0;7;0;0;2;3;16;B01
201000064988;1;2;0;0;2;1;1;Z01
201000064988;0;2;0;0;2;3;1;A01
201000064989;0;32;0;0;1;1;1;A01
201000064990;0;2;0;0;2;3;7;A01
201000064990;0;7;0;0;2;7;16;B01
201000064991;0;7;0;0;1;5;20;A01
201000064992;0;7;0;0;1;3;1;A01
201000064993;0;2;0;12;0;8;5;A01
201000064994;0;7;0;0;2;1;2;A01
201000064994;0;7;0;0;2;4;23;C01
201000064994;0;7;0;0;2;4;2;B01
201000064995;0;10;0;0;2;1;1;A01
201000064995;0;10;0;0;2;8;1;B01
201000064996;0;33;0;0;0;7;5;A01
201000064997;0;10;0;0;0;2;16;A01
201000064997;0;32;0;0;0;6;18;B01
201000064998;0;7;0;0;2;3;15;B01
201000064998;0;30;0;0;2;2;1;A01
201000064999;0;1;0;0;2;1;7;B01
201000064999;0;7;0;0;2;5;16;A01
201000065000;1;7;0;0;0;0;1;Z01
201000065000;0;33;0;0;0;2;1;A01
201000065000;0;7;0;0;0;8;1;B01
201000065001;0;32;0;0;2;2;1;B01
201000065001;0;7;0;0;2;5;12;A01
201000065002;0;3;0;12;2;3;1;A01
201000065002;0;7;0;0;2;7;17;B01
201000065003;0;33;0;0;1;1;1;A01
201000065004;0;32;0;0;2;2;1;B01
201000065004;0;32;0;0;2;1;1;A01
201000065005;0;30;0;0;1;1;17;A01
201000065006;0;30;0;0;2;1;17;B01
201000065006;0;7;0;0;2;6;10;A01
201000065007;0;33;0;0;2;3;18;A01
201000065007;0;7;0;0;2;2;14;B01
201000065008;0;7;0;8;0;1;13;A01
201000065009;0;30;0;0;2;7;17;A01
201000065009;0;7;0;0;2;6;1;B01
201000065010;0;33;0;0;2;5;1;A01
201000065010;0;7;0;0;2;3;1;B01
201000065011;0;13;0;0;1;7;7;A01
201000065012;0;33;0;0;1;1;17;A01
201000065013;0;31;0;0;1;1;18;A01
201000065014;0;7;0;0;2;1;10;B01
201000065014;0;30;0;0;2;1;1;A01
201000065015;0;7;0;0;1;1;15;A01
201000065016;1;1;0;0;1;1;0;Z01
201000065017;0;30;0;0;0;8;21;A01
201000065018;0;7;0;0;0;2;17;A01
201000065018;0;7;0;0;0;6;23;B01
201000065019;0;7;0;0;1;2;1;A01
201000065020;0;34;0;0;1;1;1;A01
201000065021;0;14;0;0;2;7;16;B01
201000065021;0;2;0;0;2;3;18;A01
201000065022;0;7;0;0;1;1;1;A01
201000065023;0;32;0;0;1;1;1;A01
201000065024;0;33;0;0;2;2;17;A01
201000065024;0;7;0;0;2;6;13;B01
201000065025;1;7;0;0;2;2;12;Z01
201000065025;0;7;0;0;2;8;1;B01
201000065025;0;33;0;0;2;8;3;A01
201000065026;0;2;0;0;2;7;12;A01
201000065026;0;7;0;0;2;3;1;B01
201000065027;0;32;0;0;2;7;1;B01
201000065027;0;7;0;0;2;3;15;A01
201000065028;0;2;0;0;0;2;1;A01
201000065029;0;33;0;0;0;0;1;A01
201000065030;0;7;0;0;0;6;1;B01
201000065030;0;32;0;0;2;1;17;A01
201000065031;0;32;0;1;0;8;21;A01
201000065032;0;7;0;0;2;3;13;A01
201000065032;0;30;0;0;2;3;1;B01
201000065033;0;34;0;12;0;3;21;A01
201000065034;0;7;0;0;2;6;23;B01
201000065034;0;7;0;0;2;2;1;A01
201000065035;0;32;0;0;2;1;21;A01
201000065035;0;7;0;0;2;3;1;B01
201000065036;0;2;0;0;1;1;17;A01
201000065037;0;33;0;0;1;5;3;A01
201000065038;0;7;0;0;2;1;1;B01
201000065038;0;7;0;0;2;2;1;A01
201000065039;0;32;0;0;0;8;1;A01
201000065040;0;7;0;0;0;4;1;A01
201000065040;1;7;0;0;2;1;1;Z01
201000065041;0;7;0;0;2;3;15;A01
201000065041;0;34;0;0;2;2;17;B01
201000065042;0;30;0;0;2;7;17;A01
201000065042;0;1;0;0;2;8;1;B01
201000065043;1;7;0;0;2;2;13;Z01
201000065043;0;30;0;1;2;8;1;A01
201000065044;0;1;0;0;2;1;7;B01
201000065044;0;10;0;0;2;3;22;A01
201000065045;1;7;0;0;2;0;1;Z01
201000065045;0;30;0;0;2;0;1;A01
201000065046;0;30;0;0;1;1;1;A01
201000065047;0;30;0;0;0;8;1;A01
201000065048;0;2;0;0;2;8;1;A01
201000065048;1;7;0;0;2;8;1;Z01
201000065049;0;7;0;0;2;5;15;A01
201000065049;0;31;0;0;2;2;1;B01
201000065050;0;34;0;0;2;3;9;B01
201000065050;0;7;0;0;2;6;4;A01
201000065051;0;30;0;0;0;0;1;A01
201000065052;0;32;0;0;2;0;21;A01
201000065053;0;7;0;0;2;3;11;A01
201000065053;0;31;0;0;2;7;1;B01
201000065054;0;2;0;0;2;2;1;A01
201000065054;0;7;0;0;2;8;1;B01
201000065055;0;7;0;0;2;3;13;A01
201000065055;0;33;0;12;2;7;17;B01
201000065056;0;32;0;0;2;1;1;A01
201000065056;0;7;0;0;2;6;23;B01
201000065057;0;1;0;0;2;4;1;A01
201000065057;1;7;0;0;2;0;1;Z01
201000065058;0;33;0;0;2;8;1;A01
201000065058;0;7;0;0;2;2;20;B01
201000065059;0;7;0;0;1;2;1;A01
201000065060;0;7;0;0;1;2;16;A01
201000065061;1;7;0;0;2;1;2;Z01
201000065061;0;32;0;0;2;4;2;A01
201000065062;0;7;0;0;2;8;9;B01
201000065062;0;33;0;0;2;1;17;A01
201000065063;0;30;0;0;2;1;2;A01
201000065063;0;10;0;0;2;6;2;B01
201000065064;0;32;0;0;0;0;21;A01
201000065065;1;2;0;0;1;0;1;Z01
201000065066;0;2;0;0;2;3;1;A01
201000065066;0;7;0;0;2;7;15;B01
201000065067;0;31;0;0;1;2;1;A01
201000065068;0;2;0;0;0;6;1;A01
201000065069;0;2;0;0;1;1;1;A01
201000065070;0;33;0;0;0;8;1;A01
201000065071;0;30;0;0;0;0;1;A01
201000065072;0;7;0;0;2;4;2;A01
201000065072;0;7;0;0;2;4;23;B01
201000065073;0;7;0;0;1;7;1;A01
201000065074;0;7;0;0;2;1;2;A01
201000065074;0;7;0;0;2;4;23;B01
201000065075;0;7;0;0;1;2;1;A01
201000065076;0;7;0;0;1;2;1;A01
201000065077;0;32;0;0;0;0;21;A01
201000065078;0;37;15;0;2;3;16;B01
201000065078;0;31;0;0;2;2;1;A01
201000065079;0;31;0;0;2;1;17;A01
201000065079;0;7;0;0;0;8;10;B01
201000065080;0;32;0;0;2;2;17;A01
201000065080;0;7;0;0;2;8;13;B01
201000065081;0;7;0;0;1;1;1;A01
201000065082;0;7;0;0;1;1;16;A01
201000065083;0;32;0;0;2;1;1;B01
201000065083;0;7;0;0;2;5;15;A01
201000065084;0;34;0;0;2;7;1;B01
201000065084;0;7;0;0;2;2;15;A01
201000065085;1;7;0;0;0;0;1;Z01
201000065086;0;10;0;0;2;3;15;B01
201000065086;0;2;0;0;2;3;1;A01
201000065087;0;10;0;0;2;2;16;A01
201000065087;0;30;0;0;2;4;18;B01
201000065088;0;32;0;0;2;7;17;B01
201000065088;0;7;0;0;2;3;10;A01
201000065089;0;33;0;0;2;1;1;A01
201000065089;0;7;0;0;2;4;1;B01
201000065090;0;7;0;0;1;2;1;A01
201000065091;0;33;0;0;2;4;23;B01
201000065091;0;7;0;0;2;3;1;A01
201000065092;0;7;0;0;0;1;21;A01
201000065093;0;32;0;0;1;2;7;A01
201000065094;0;31;0;0;2;1;17;A01
201000065094;0;1;0;0;2;8;13;B01
201000065095;0;31;0;0;2;1;17;A01
201000065095;1;7;0;0;0;8;10;Z01
201000065096;0;7;0;0;1;3;1;A01
201000065097;0;34;0;0;0;0;1;A01
201000065098;0;31;0;0;1;1;1;A01
201000065099;0;2;0;0;0;1;1;A01
201000065100;0;7;0;0;1;0;4;A01
201000065101;0;32;0;0;2;1;17;A01
201000065101;0;7;0;0;2;3;15;B01
201000065102;0;7;0;0;2;8;15;B01
201000065102;0;2;0;0;2;1;17;A01
201000065103;0;7;0;0;1;8;16;A01
201000065104;0;2;0;0;0;0;1;A01
201000065105;0;7;0;1;2;1;9;A01
201000065105;0;7;0;1;2;5;1;B01
201000065106;0;2;0;0;0;0;1;A01
201000065107;0;7;0;0;2;3;15;A01
201000065107;0;31;0;0;2;1;1;B01
201000065108;0;2;0;12;0;1;21;A01
201000065109;0;32;0;0;1;1;1;A01
201000065110;0;7;0;0;2;1;1;C01
201000065110;0;7;0;0;2;5;1;B01
201000065110;0;7;0;0;2;1;1;A01
201000065111;1;7;0;0;2;1;2;Z01
201000065111;0;10;0;0;2;4;23;A01
201000065112;0;13;0;0;1;2;16;A01
201000065113;0;7;0;1;2;1;3;A01
201000065113;0;7;0;8;2;6;23;B01
201000065113;0;7;0;0;2;7;23;C01
201000065114;0;34;0;0;1;7;1;A01
201000065115;0;7;0;0;2;8;15;B01
201000065115;0;2;0;0;2;2;1;A01
201000065116;0;7;0;7;0;1;13;A01
201000065117;0;33;0;0;0;0;21;A01
201000065118;0;30;0;0;0;8;1;A01
201000065119;0;7;0;0;2;5;23;B01
201000065119;0;32;0;0;2;1;2;A01
201000065120;0;7;0;0;1;5;1;A01
201000065121;0;7;0;0;1;2;15;A01
201000065122;0;7;0;0;2;3;15;B01
201000065122;0;2;0;0;2;1;1;A01
201000065123;0;7;0;0;2;4;11;B01
201000065123;0;30;0;0;2;1;1;A01
201000065124;0;7;0;0;2;2;1;A01
201000065124;0;32;0;0;2;6;15;B01
201000065125;0;32;0;0;2;7;5;B01
201000065125;0;7;0;0;2;3;10;A01
201000065126;0;32;0;0;2;6;16;B01
201000065126;0;30;0;0;2;1;1;A01
201000065127;0;37;20;0;1;5;7;A01
201000065128;0;10;0;0;1;3;1;A01
201000065129;0;10;0;0;1;0;15;A01
201000065130;0;7;0;0;1;3;1;A01
201000065131;0;10;0;0;1;1;1;A01
201000065132;0;7;0;9;0;3;14;A01
201000065133;0;7;0;0;1;1;15;A01
201000065134;0;7;0;0;2;1;1;A01
201000065134;0;7;0;0;2;3;1;B01
201000065135;0;7;0;0;2;4;2;A01
201000065135;0;33;0;0;2;1;2;B01
201000065136;1;7;0;0;1;0;1;Z01
201000065137;1;30;0;0;1;0;1;Z01
201000065138;0;2;0;1;2;2;18;A01
201000065138;0;7;0;0;2;2;1;B01
201000065139;0;32;0;0;0;0;21;A01
201000065140;0;32;0;0;1;1;1;A01
201000065141;0;30;0;0;2;1;10;A01
201000065141;0;37;62;0;2;6;1;B01
201000065142;1;7;0;0;1;0;1;Z01
201000065143;0;1;0;0;2;4;7;A01
201000065143;1;7;0;0;2;0;17;Z01
201000065144;0;7;0;0;1;2;15;A01
201000065145;0;2;0;0;0;0;1;A01
201000065146;0;7;0;0;2;2;15;A01
201000065146;0;2;0;0;2;1;1;B01
201000065147;0;7;0;0;2;1;13;A01
201000065147;0;2;0;0;2;1;1;B01
201000065148;0;7;0;0;1;6;4;A01
201000065149;0;7;0;0;1;3;1;A01
201000065150;0;7;0;0;1;2;16;A01
201000065151;0;7;0;0;2;4;16;A01
201000065151;0;33;0;0;2;1;1;B01
201000065152;0;32;0;0;2;0;2;A01
201000065152;0;7;0;0;2;4;2;B01
201000065153;0;34;0;0;2;8;1;B01
201000065153;0;7;0;0;2;7;15;A01
201000065154;0;7;0;0;1;5;4;A01
201000065155;0;7;0;11;0;1;21;A01
201000065156;0;7;0;0;2;2;15;A01
201000065156;0;32;0;0;2;1;1;B01
201000065157;0;30;0;0;1;1;17;A01
201000065158;0;37;50;0;1;7;16;A01
201000065159;0;7;0;11;0;1;13;A01
201000065160;0;7;0;14;0;1;13;A01
201000065161;0;10;0;0;1;2;1;A01
201000065162;0;7;0;0;2;6;11;A01
201000065162;0;32;0;0;2;2;1;B01
201000065163;0;7;0;0;1;3;20;A01
201000065164;0;7;0;0;1;1;1;A01
201000065165;0;7;0;0;2;7;20;A01
201000065165;0;2;0;0;2;1;18;B01
201000065166;0;7;0;1;0;3;13;A01
201000065167;0;7;0;0;2;2;1;A01
201000065167;0;34;0;0;2;3;7;B01
201000065168;0;32;0;0;1;1;1;A01
201000065169;0;7;0;0;2;4;23;B01
201000065169;0;7;0;6;2;1;2;A01
201000065170;0;13;0;0;1;1;15;A01
201000065171;0;7;0;0;2;1;2;A01
201000065171;0;7;0;0;2;4;23;B01
201000065172;0;34;0;0;2;2;15;A01
201000065172;0;10;0;0;2;3;1;B01
201000065173;0;7;0;0;1;1;15;A01
201000065174;0;7;0;0;2;3;23;B01
201000065174;0;32;0;0;2;2;17;A01
201000065175;0;7;0;0;1;3;15;A01
201000065176;0;34;0;14;2;7;1;A01
201000065176;0;7;0;0;2;3;1;B01
201000065177;0;7;0;0;1;1;16;A01
201000065178;0;7;0;0;2;8;1;B01
201000065178;0;10;0;0;2;1;1;A01
201000065179;0;7;0;0;1;5;1;A01
201000065180;0;30;0;0;1;1;1;A01
201000065181;0;31;0;1;2;1;1;B01
201000065181;0;10;0;0;2;3;15;A01
201000065182;0;10;0;0;2;3;10;A01
201000065182;0;33;0;0;2;1;1;B01
201000065183;0;7;0;11;0;2;14;A01
201000065184;0;30;0;0;2;1;1;B01
201000065184;0;7;0;0;2;8;10;A01
201000065185;0;34;0;0;1;2;1;A01
201000065186;0;7;0;0;1;5;4;A01
201000065187;0;7;0;0;2;8;15;A01
201000065187;0;34;0;0;2;1;17;B01
201000065188;0;30;0;0;1;1;17;A01
201000065189;1;7;0;0;1;0;1;Z01
201000065190;1;7;0;0;2;1;9;A01
201000065190;0;32;0;0;2;3;1;B01
201000065191;1;7;0;0;2;7;16;Z01
201000065191;0;32;0;0;2;8;1;A01
201000065192;1;7;0;0;2;0;15;Z01
201000065192;0;1;0;0;2;8;7;A01
201000065193;0;7;0;0;1;7;7;A01
201000065194;0;7;0;0;2;5;1;A01
201000065194;0;33;0;0;2;8;1;B01
201000065195;0;1;0;1;0;4;13;A01
201000065196;0;7;0;0;2;7;13;A01
201000065196;0;30;0;0;2;5;1;B01
201000065197;0;7;0;0;2;3;15;A01
201000065197;0;30;0;0;2;4;7;B01
201000065198;0;32;0;0;2;6;1;B01
201000065198;0;7;0;0;2;2;15;A01
201000065199;0;7;0;0;1;4;4;A01
201000065200;0;7;0;0;2;2;9;A01
201000065200;0;30;0;0;2;7;1;B01
201000065201;0;7;0;0;1;2;1;A01
201000065202;0;7;0;0;2;3;13;A01
201000065202;0;32;0;0;2;7;1;B01
201000065203;0;30;0;0;1;2;1;A01
201000065204;1;7;0;0;2;0;14;Z01
201000065204;0;1;0;0;2;4;1;A01
201000065205;0;32;0;0;2;7;16;A01
201000065205;1;7;0;0;2;0;1;Z01
201000065206;0;30;0;0;2;1;7;A01
201000065206;0;7;0;0;2;2;16;B01
201000065207;0;7;0;0;2;4;23;B01
201000065207;0;7;0;0;2;1;2;A01
201000065208;0;7;0;0;2;2;1;A01
201000065208;0;30;0;0;2;1;1;B01
201000065209;0;30;0;0;1;1;1;A01
201000065210;0;30;0;9;0;7;20;A01
201000065211;0;7;0;0;1;4;4;A01
201000065212;0;33;0;0;2;1;2;A01
201000065212;0;7;0;0;2;4;23;B01
201000065213;0;7;0;1;0;3;14;A01
201000065214;1;7;0;0;1;0;1;Z01
201000065215;0;7;0;0;1;1;1;A01
201000065216;0;30;0;0;2;1;1;B01
201000065216;0;10;0;0;2;8;10;A01
201000065217;0;7;0;0;2;4;2;B01
201000065217;0;7;0;0;2;4;2;C01
201000065217;0;7;0;0;2;1;2;A01
201000065218;1;10;0;0;1;1;1;Z01
201000065219;0;7;0;0;2;6;1;A01
201000065219;0;33;0;0;2;1;1;B01
201000065220;0;2;0;0;1;1;17;A01
201000065221;0;7;0;0;1;4;4;A01
201000065222;0;10;0;0;1;6;15;A01
201000065223;0;32;0;0;1;1;1;A01
201000065224;0;33;0;0;2;7;3;C01
201000065224;0;7;0;0;2;6;23;B01
201000065224;0;33;0;0;2;1;14;A01
201000065225;0;30;0;0;2;0;17;A01
201000065225;0;7;0;0;2;7;15;B01
201000065226;0;7;0;0;1;1;1;A01
201000065227;0;7;0;0;1;1;1;A01
201000065228;0;32;0;0;2;1;5;B01
201000065228;0;10;0;0;2;8;10;A01
201000065229;0;32;0;0;1;1;1;A01
201000065230;0;7;0;0;1;3;1;A01
201000065231;0;32;0;0;0;3;21;A01
201000065232;0;7;0;0;2;3;15;A01
201000065232;0;32;0;0;2;1;1;B01
201000065233;0;33;0;0;2;7;1;B01
201000065233;0;7;0;0;2;8;10;A01
201000065234;0;37;0;0;0;0;21;A01
201000065235;0;32;0;14;0;7;5;A01
201000065236;0;33;0;0;1;2;7;A01
201000065237;0;7;0;0;2;3;10;A01
201000065237;0;30;0;0;2;1;5;B01
201000065238;0;1;0;0;2;3;13;A01
201000065238;0;10;0;0;2;3;1;B01
201000065239;0;30;0;0;1;1;1;A01
201000065240;0;33;0;0;0;0;12;A01
201000065241;0;2;0;0;0;1;21;A01
201000065242;0;7;0;0;2;4;2;B01
201000065242;0;30;0;0;2;1;2;A01
201000065243;0;7;0;0;2;7;14;A01
201000065243;0;31;0;0;2;3;1;B01
201000065244;0;33;0;0;2;8;1;B01
201000065244;0;7;0;0;2;3;15;A01
201000065245;0;10;0;0;2;6;13;A01
201000065245;0;34;0;0;2;5;17;B01
201000065246;0;7;0;0;2;1;1;A01
201000065246;0;7;0;1;2;6;1;B01
201000065247;0;31;0;0;1;1;17;A01
201000065248;0;7;0;0;1;3;16;A01
201000065249;0;32;0;0;2;7;17;B01
201000065249;0;7;0;0;2;3;13;A01
201000065250;0;30;0;0;2;1;1;A01
201000065250;0;10;0;0;2;2;1;B01
201000065251;0;2;0;0;2;1;7;B01
201000065251;0;7;0;0;2;1;15;A01
201000065252;0;33;0;0;1;1;15;A01
201000065253;0;7;0;0;1;1;15;A01
201000065254;0;7;0;0;2;3;15;A01
201000065254;0;33;0;0;2;2;1;B01
201000065255;0;32;0;0;0;1;1;A01
201000065255;0;7;0;0;0;8;15;B01
201000065256;0;33;0;0;0;0;1;A01
201000065257;0;33;0;0;2;7;17;B01
201000065257;0;7;0;0;2;8;15;A01
201000065258;0;7;0;0;1;6;4;A01
201000065259;0;30;0;0;2;8;7;A01
201000065259;0;7;0;0;2;1;15;B01
201000065260;0;32;0;0;2;7;17;A01
201000065260;0;7;0;0;2;3;1;B01
201000065261;0;10;0;0;2;7;1;A01
201000065261;0;7;0;0;2;1;1;B01
201000065262;0;7;0;0;2;4;23;B01
201000065262;0;7;0;0;2;1;14;A01
201000065263;0;10;0;0;2;8;11;A01
201000065263;0;33;0;0;2;1;1;B01
201000065264;0;7;0;0;2;3;2;A01
201000065264;0;7;0;0;2;5;23;B01
201000065265;0;7;0;14;0;3;13;A01
201000065266;0;1;0;0;2;0;1;B01
201000065266;1;30;0;0;2;3;1;Z01
201000065267;0;32;0;0;1;1;1;A01
201000065268;0;1;0;0;2;3;1;B01
201000065268;0;10;0;0;2;2;15;A01
201000065269;0;33;0;0;0;1;1;A01
201000065270;0;32;0;0;1;0;18;A01
201000065271;0;30;0;0;1;1;1;A01
201000065272;0;7;0;0;2;7;22;A01
201000065272;0;32;0;0;2;7;18;B01
201000065273;1;7;0;0;2;0;1;Z01
201000065273;0;1;0;0;2;3;1;A01
201000065274;0;7;0;0;1;8;1;A01
201000065275;0;33;0;0;1;1;1;A01
201000065276;0;7;0;0;1;7;1;A01
201000065277;0;7;0;0;2;4;23;B01
201000065277;1;7;0;0;2;1;2;Z01
201000065277;0;7;0;0;2;4;23;A01
201000065278;0;7;0;0;2;5;16;B01
201000065278;0;30;0;0;2;3;7;A01
201000065279;0;32;0;0;1;1;1;A01
201000065280;0;7;0;11;0;1;13;A01
201000065281;0;10;0;0;1;3;1;A01
201000065282;0;30;0;0;2;1;1;B01
201000065282;0;7;0;0;2;1;15;A01
201000065283;0;7;0;0;2;2;16;A01
201000065283;0;32;0;0;2;3;1;B01
201000065284;0;7;0;0;2;1;2;A01
201000065284;0;33;0;0;2;5;2;B01
201000065285;0;7;0;11;0;1;14;A01
201000065286;0;7;0;0;2;1;1;A01
201000065286;0;7;0;0;2;2;10;B01
201000065287;0;37;1;0;2;3;7;B01
201000065287;0;7;0;0;0;7;16;A01
201000065288;1;2;0;0;1;1;16;A01
201000065289;0;32;0;0;0;0;16;A01
201000065290;0;7;0;0;0;8;18;A01
201000065290;0;32;0;0;0;7;1;B01
201000065291;0;30;0;1;0;3;21;A01
201000065292;0;7;0;0;2;1;1;A01
201000065292;0;7;0;0;9;4;23;B01
201000065293;0;30;0;0;2;1;17;B01
201000065293;0;7;0;0;2;3;10;A01
201000065294;0;7;0;0;1;2;1;A01
201000065295;0;30;0;0;2;0;21;A01
201000065296;0;7;0;0;0;2;9;A01
201000065296;0;32;0;1;2;7;1;B01
201000065297;0;34;0;0;0;0;21;A01
201000065298;0;7;0;0;0;0;1;A01
201000065299;0;30;0;0;2;7;1;B01
201000065299;1;10;0;0;2;8;11;Z01
201000065300;0;32;0;0;1;5;1;A01
201000065301;0;7;0;0;1;1;1;A01
201000065302;0;7;0;0;2;2;15;B01
201000065302;0;33;0;0;2;1;17;A01
201000065303;0;31;0;0;1;2;1;A01
201000065304;0;32;0;0;2;1;1;B01
201000065304;0;7;0;0;2;3;9;A01
201000065305;1;7;0;0;1;0;1;Z01
201000065306;1;7;0;0;2;3;1;Z01
201000065306;0;32;0;0;2;5;2;B01
201000065307;0;7;0;0;0;3;10;A01
201000065307;0;31;0;0;2;1;17;B01
201000065308;1;7;0;0;2;1;1;Z01
201000065308;0;30;0;0;0;4;23;A01
201000065309;0;7;0;0;2;5;1;A01
201000065309;0;30;0;0;2;1;1;B01
201000065310;0;30;0;0;1;2;16;A01
201000065311;0;7;0;0;1;1;1;A01
201000065312;0;30;0;0;2;3;1;B01
201000065312;0;7;0;0;0;3;10;A01
201000065313;0;7;0;0;2;5;15;A01
201000065313;0;30;0;0;2;1;1;B01
201000065314;1;31;0;0;1;1;1;Z01
201000065315;1;1;0;0;1;1;1;Z01
201000065316;0;34;0;0;1;3;1;A01
201000065317;0;7;0;0;1;2;1;A01
201000065318;0;7;0;0;2;4;23;B01
201000065318;0;7;0;0;2;1;2;A01
201000065319;0;10;0;0;2;2;16;B01
201000065319;0;32;0;0;2;8;18;A01
201000065320;0;7;0;0;1;2;1;A01
201000065321;0;10;0;0;1;5;4;A01
201000065322;0;7;0;0;2;2;1;A01
201000065322;0;1;0;0;2;5;1;B01
201000065323;0;32;0;0;1;1;1;A01
201000065324;0;7;0;0;1;1;1;A01
201000065325;0;32;0;0;1;2;1;A01
201000065326;0;38;1;0;1;2;7;A01
201000065327;0;7;0;0;2;7;1;B01
201000065327;0;30;0;0;2;8;18;A01
201000065328;0;7;0;0;2;7;1;A01
201000065328;0;33;0;0;2;1;1;B01
201000065329;1;7;0;0;1;1;1;Z01
201000065330;1;2;0;0;2;1;7;Z01
201000065330;0;7;0;0;2;3;15;A01
201000065331;0;7;0;0;1;4;4;A01
201000065332;0;32;0;0;2;2;1;A01
201000065332;0;10;0;0;2;6;1;B01
201000065333;0;7;0;0;2;1;1;B01
201000065333;0;34;0;0;2;6;10;A01
201000065334;0;7;0;0;2;4;23;B01
201000065334;0;30;0;0;2;1;2;A01
201000065335;0;7;0;0;1;3;15;A01
201000065336;0;7;0;0;1;3;1;A01
201000065337;0;2;0;0;1;1;1;A01
201000065338;0;32;0;0;1;2;1;A01
201000065339;1;7;0;0;2;0;14;Z01
201000065339;0;33;0;0;2;7;1;A01
201000065339;0;7;0;0;2;4;1;B01
201000065340;0;2;0;0;2;1;2;A01
201000065340;0;1;0;0;2;4;23;B01
201000065341;0;14;0;0;1;2;16;A01
201000065342;0;7;0;0;2;7;1;A01
201000065342;0;7;0;0;2;1;1;B01
201000065343;0;7;0;0;2;2;15;A01
201000065343;0;32;0;0;2;8;7;B01
201000065344;0;7;0;0;1;2;1;A01
201000065345;0;2;0;0;0;7;1;A01
201000065346;1;7;0;0;1;1;15;Z01
201000065347;0;7;0;0;2;3;1;B01
201000065347;0;33;0;0;2;4;9;A01
201000065348;0;10;0;0;1;4;4;A01
201000065349;0;2;0;0;2;8;18;B01
201000065349;0;7;0;0;2;7;22;A01
201000065350;1;7;0;0;1;2;1;Z01
201000065351;0;1;0;0;1;1;1;A01
201000065352;0;32;0;0;0;0;1;A01
201000065353;0;7;0;0;2;4;23;C01
201000065353;0;7;0;0;2;1;2;A01
201000065353;0;7;0;0;2;4;2;B01
201000065354;0;1;0;0;2;1;17;C01
201000065354;0;10;0;0;2;3;22;A01
201000065354;0;7;0;0;2;1;1;B01
201000065355;0;31;0;0;2;7;1;A01
201000065355;0;7;0;0;2;1;1;B01
201000065356;0;7;0;0;1;5;1;A01
201000065357;0;10;0;0;2;2;17;A01
201000065357;0;1;0;0;2;8;7;B01
201000065358;1;7;0;0;1;0;7;A01
201000065359;1;7;0;0;1;1;1;Z01
201000065360;0;13;0;0;1;1;1;A01
201000065361;0;32;0;0;1;7;1;A01
201000065362;0;7;0;0;1;3;1;A01
201000065363;0;10;0;0;2;3;15;A01
201000065363;0;1;0;0;2;3;19;B01
201000065364;1;30;0;0;1;0;1;Z01
201000065365;0;30;0;0;2;1;17;B01
201000065365;0;10;0;0;2;8;20;A01