num_acc;senc;catv;occutc;obs;obsm;choc;manv;num_veh
201000065366;0;10;0;0;2;1;10;A01
201000065366;0;33;0;0;2;6;1;B01
201000065367;0;10;0;0;1;2;1;A01
201000065368;0;7;0;0;1;3;1;A01
201000065369;1;10;0;0;1;2;1;Z01
201000065370;0;7;0;0;2;4;4;A01
201000065370;0;1;0;0;2;8;1;B01
201000065371;0;7;0;0;1;1;1;A01
201000065372;0;7;0;0;2;1;15;A01
201000065372;0;32;0;0;2;3;7;B01
201000065373;0;33;0;12;0;8;15;A01
201000065374;0;7;0;0;1;0;1;A01
201000065375;0;7;0;0;2;1;15;A01
201000065375;0;31;0;0;2;1;1;B01
201000065376;0;10;0;0;2;0;22;A01
201000065376;0;1;0;0;2;1;1;B01
201000065377;0;10;0;14;0;1;14;A01
201000065378;1;30;0;0;1;7;7;Z01
201000065379;1;1;0;0;2;1;1;Z01
201000065379;0;7;0;0;2;1;23;A01
201000065380;1;30;0;0;1;0;16;Z01
201000065381;0;7;0;0;2;6;1;B01
201000065381;0;30;0;0;2;1;1;A01
201000065382;0;7;0;0;2;2;22;B01
201000065382;0;30;0;0;2;3;18;A01
201000065383;0;7;0;0;2;4;2;A01
201000065383;0;10;0;0;2;4;23;B01
201000065384;0;30;0;0;2;1;16;A01
201000065384;0;10;0;0;2;3;1;B01
201000065385;0;14;0;0;1;3;7;A01
201000065386;0;7;0;0;2;4;2;B01
201000065386;0;10;0;0;2;1;2;A01
201000065386;0;7;0;0;2;4;2;C01
201000065387;0;10;0;0;2;6;13;A01
201000065387;0;30;0;0;2;3;1;B01
201000065388;1;7;0;0;1;8;4;Z01
201000065389;0;10;0;0;2;3;11;A01
201000065389;0;30;0;14;2;5;17;B01
201000065390;0;7;0;0;1;7;1;A01
201000065391;0;7;0;0;1;1;1;A01
201000065392;0;7;0;0;1;6;20;A01
201000065393;0;30;0;0;0;0;1;A01
201000065394;0;34;0;14;0;1;13;A01
201000065395;0;7;0;0;1;1;15;A01
201000065396;0;7;0;0;2;3;10;A01
201000065396;0;30;0;0;2;1;5;B01
201000065397;0;7;0;0;2;2;2;A01
201000065397;0;7;0;0;2;4;23;D01
201000065397;0;7;0;0;2;4;23;B01
201000065397;0;7;0;0;2;4;23;C01
201000065398;0;30;0;0;1;1;21;A01
201000065399;0;7;0;0;1;0;1;A01
201000065400;0;32;0;0;1;3;1;A01
201000065401;0;7;0;0;2;1;23;B01
201000065401;0;33;0;0;2;1;15;A01
201000065402;0;10;0;0;1;8;1;A01
201000065403;0;2;0;0;2;3;1;A01
201000065403;0;7;0;0;2;2;23;B01
201000065404;0;30;0;0;2;8;18;A01
201000065404;0;7;0;0;2;2;20;B01
201000065405;0;33;0;0;2;1;1;A01
201000065405;0;7;0;8;2;1;15;B01
201000065406;0;7;0;0;2;3;1;B01
201000065406;0;1;0;0;2;7;1;A01
201000065407;1;7;0;0;1;1;1;Z01
201000065408;0;30;0;0;2;8;1;B01
201000065408;0;7;0;0;2;1;1;A01
201000065409;0;7;0;0;0;3;1;A01
201000065409;0;30;0;0;0;2;1;B01
201000065410;0;7;0;0;2;3;10;A01
201000065410;0;32;0;0;2;1;1;B01
201000065411;0;7;0;0;1;5;4;A01
201000065412;0;32;0;0;2;3;1;B01
201000065412;0;10;0;0;0;0;9;A01
201000065413;0;7;0;0;2;4;23;B01
201000065413;0;10;0;0;2;1;2;A01
201000065414;0;30;0;0;1;1;7;A01
201000065415;0;32;0;0;2;0;21;A01
201000065416;0;2;0;0;2;1;1;A01
201000065416;0;7;0;0;2;3;14;B01
201000065417;0;14;0;0;9;7;16;A01
201000065417;0;1;0;0;2;0;16;B01
201000065418;1;2;0;0;0;0;0;Z01
201000065419;0;30;0;0;2;3;1;A01
201000065419;0;7;0;0;2;5;16;B01
201000065420;0;30;0;0;2;8;1;B01
201000065420;0;10;0;0;2;3;15;A01
201000065421;1;7;0;0;2;1;2;Z01
201000065421;0;7;0;0;2;4;23;A01
201000065422;0;7;0;8;0;1;14;A01
201000065423;0;34;0;14;0;2;14;A01
201000065424;0;10;0;0;2;5;15;A01
201000065424;0;33;0;0;2;1;1;B01
201000065425;0;32;0;0;1;1;1;A01
201000065426;0;33;0;0;1;3;1;A01
201000065427;0;2;0;0;2;1;17;B01
201000065427;0;7;0;0;2;3;10;A01
201000065428;0;2;0;0;2;1;17;A01
201000065428;0;7;0;0;2;1;1;B01
201000065429;0;7;0;0;1;2;1;A01
201000065430;0;34;0;0;2;3;1;B01
201000065430;0;1;0;0;2;8;15;A01
201000065431;0;7;0;0;2;1;1;B01
201000065431;0;7;0;0;2;7;1;A01
201000065432;0;30;0;0;0;7;1;A01
201000065433;0;32;0;15;0;1;21;A01
201000065434;0;37;0;0;1;5;17;A01
201000065435;0;30;0;0;0;8;21;A01
201000065436;0;30;0;0;2;1;1;B01
201000065436;0;7;0;0;2;2;1;A01
201000065437;0;10;0;0;2;3;1;B01
201000065437;0;32;0;0;2;8;1;C01
201000065437;0;30;0;0;0;9;17;A01
201000065438;0;33;0;0;2;4;17;B01
201000065438;0;7;0;0;2;3;15;A01
201000065439;0;32;0;0;1;1;1;A01
201000065440;0;7;0;0;1;8;7;A01
201000065441;0;7;0;0;1;2;1;A01
201000065442;0;7;0;0;2;2;15;A01
201000065442;0;33;0;0;2;1;1;B01
201000065443;0;30;0;0;2;1;2;A01
201000065443;0;14;0;0;2;6;2;B01
201000065444;0;10;0;0;1;3;1;A01
201000065445;0;7;0;0;2;1;1;A01
201000065445;0;7;0;0;2;3;1;B01
201000065446;0;7;0;14;0;2;14;A01
201000065447;0;1;0;0;0;0;1;A01
201000065448;1;7;0;0;2;2;1;Z01
201000065448;0;32;0;0;2;1;1;A01
201000065449;0;7;0;0;1;1;1;A01
201000065450;0;33;0;0;2;0;1;B01
201000065450;0;7;0;0;2;0;1;A01
201000065451;0;7;0;0;2;3;10;A01
201000065451;0;34;0;0;2;1;17;B01
201000065452;0;38;1;0;1;2;1;A01
201000065453;0;30;0;0;2;8;17;A01
201000065453;0;33;0;0;2;7;15;B01
201000065454;2;7;0;0;2;1;2;Z01
201000065454;0;7;0;0;2;4;23;A01
201000065454;0;7;0;0;2;1;23;B01
201000065455;0;32;0;0;2;3;1;B01
201000065455;0;2;0;0;2;1;1;A01
201000065456;0;7;0;14;0;1;1;A01
201000065457;0;7;0;0;1;3;15;A01
201000065458;0;7;0;0;2;1;15;A01
201000065458;0;31;0;0;2;1;1;B01
201000065459;0;2;0;0;1;1;1;A01
201000065460;0;7;0;0;1;2;1;A01
201000065461;0;7;0;0;1;5;4;A01
201000065462;0;7;0;0;1;3;7;A01
201000065463;0;7;0;0;2;1;15;B01
201000065463;2;7;0;0;2;3;1;A01
201000065464;0;33;0;0;2;1;13;A01
201000065464;0;7;0;0;2;3;1;B01
201000065465;0;7;0;0;2;3;15;A01
201000065465;0;2;0;0;2;6;16;B01
201000065466;0;31;0;0;2;1;1;A01
201000065466;0;7;0;0;2;3;15;B01
201000065467;0;1;0;0;2;1;1;A01
201000065467;0;10;0;0;2;3;1;B01
201000065468;0;7;0;0;1;3;1;A01
201000065469;0;10;0;0;2;8;7;B01
201000065469;0;7;0;0;2;2;16;A01
201000065470;0;34;0;0;1;1;1;A01
201000065471;0;7;0;0;1;1;16;A01
201000065472;0;7;0;0;1;5;4;A01
201000065473;0;7;0;0;1;2;16;A01
201000065474;0;7;0;0;2;2;15;B01
201000065474;0;32;0;0;2;1;7;A01
201000065475;0;10;0;0;2;3;14;A01
201000065475;0;33;0;0;2;7;1;B01
201000065476;0;32;0;0;2;7;2;A01
201000065476;1;7;0;0;2;0;2;Z01
201000065477;0;10;0;0;2;1;2;A01
201000065477;0;7;0;0;2;4;23;B01
201000065478;0;13;0;8;0;2;13;A01
201000065479;0;30;0;0;0;7;21;A01
201000065480;0;10;0;0;1;1;1;A01
201000065481;0;7;0;11;0;1;14;A01
201000065482;0;7;0;0;2;2;1;A01
201000065482;0;10;0;0;2;3;1;B01
201000065483;0;10;0;0;1;1;1;A01
201000065484;0;7;0;0;1;1;1;A01
201000065485;0;7;0;11;0;2;14;A01
201000065486;0;7;0;0;2;3;10;A01
201000065486;0;1;0;0;2;8;7;B01
201000065487;0;7;0;0;2;1;2;A01
201000065487;0;7;0;0;2;4;2;B01
201000065487;0;7;0;0;2;4;2;C01
201000065488;0;10;0;0;2;3;1;B01
201000065488;0;30;0;0;2;0;17;A01
201000065489;0;7;0;0;1;3;1;A01
201000065490;0;7;0;0;2;4;23;B01
201000065490;0;7;0;0;2;3;2;A01
201000065491;0;34;0;0;2;2;1;B01
201000065491;0;7;0;0;2;3;10;A01
201000065492;0;10;0;0;1;3;1;A01
201000065493;0;30;0;0;2;8;1;B01
201000065493;0;7;0;0;2;1;1;A01
201000065494;0;10;0;0;2;5;16;B01
201000065494;0;30;0;0;2;1;2;A01
201000065495;0;7;0;0;2;2;2;A01
201000065495;0;7;0;0;2;9;23;B01
201000065495;0;7;0;0;2;4;23;C01
201000065496;0;33;0;0;2;1;1;B01
201000065496;0;7;0;0;2;7;15;A01
201000065497;0;7;0;0;1;5;4;A01
201000065498;0;32;0;0;1;0;1;A01
201000065499;0;7;0;0;2;1;15;A01
201000065499;0;32;0;0;2;8;1;B01
201000065500;0;37;14;0;2;7;7;A01
201000065500;1;10;0;0;2;5;9;Z01
201000065501;0;7;0;0;1;2;1;A01
201000065502;0;7;0;6;0;1;13;A01
201000065503;0;7;0;8;0;4;13;A01
201000065504;0;7;0;14;0;3;13;A01
201000065505;0;34;0;0;2;7;1;A01
201000065505;0;7;0;0;2;2;9;B01
201000065506;0;32;0;0;2;8;1;B01
201000065506;0;7;0;0;2;1;15;A01
201000065507;0;30;0;0;0;0;1;A01
201000065508;0;1;0;1;0;1;13;A01
201000065509;0;7;0;0;2;6;11;B01
201000065509;0;34;0;0;2;2;1;A01
201000065510;0;33;0;0;2;8;1;B01
201000065510;0;7;0;0;2;7;1;A01
201000065511;0;30;0;0;0;7;11;A01
201000065512;0;30;0;0;2;7;5;A01
201000065512;0;7;0;0;2;3;1;B01
201000065512;0;7;0;0;2;8;1;C01
201000065513;0;7;0;0;2;2;16;A01
201000065513;0;30;0;0;2;1;1;B01
201000065514;1;30;0;0;1;0;5;Z01
201000065515;0;7;0;0;2;7;1;B01
201000065515;0;7;0;0;2;1;1;A01
201000065516;0;2;0;14;0;0;1;A01
201000065517;0;2;0;0;0;7;1;A01
201000065518;0;7;0;0;2;4;23;C01
201000065518;0;7;0;0;2;1;17;A01
201000065518;0;7;0;0;2;4;23;B01
201000065519;0;30;0;0;2;4;23;B01
201000065519;0;10;0;0;2;2;2;A01
201000065520;0;7;0;0;1;1;15;A01
201000065521;0;33;0;0;1;3;1;A01
201000065522;0;37;0;0;2;7;12;A01
201000065522;0;1;0;0;2;1;1;B01
201000065523;1;7;0;0;1;1;1;Z01
201000065524;0;30;0;0;1;1;1;A01
201000065525;0;33;0;0;2;2;9;A01
201000065525;0;10;0;0;2;1;1;B01
201000065526;0;34;0;0;2;0;2;A01
201000065526;0;7;0;0;2;6;2;B01
201000065527;0;32;0;0;2;7;1;B01
201000065527;0;7;0;0;2;8;10;A01
201000065528;0;7;0;0;1;2;1;A01
201000065529;0;7;0;0;2;3;15;B01
201000065529;0;31;0;0;2;1;16;A01
201000065530;0;7;0;0;1;2;1;A01
201000065531;0;7;0;0;2;1;15;A01
201000065531;0;30;0;0;2;2;1;B01
201000065532;0;30;0;15;0;1;15;A01
201000065533;0;7;0;0;1;3;15;A01
201000065534;0;7;0;0;1;2;1;A01
201000065535;0;7;0;0;1;4;4;A01
201000065536;0;7;0;0;2;2;1;A01
201000065536;0;7;0;0;2;3;1;B01
201000065537;0;30;0;0;0;7;1;A01
201000065538;0;33;0;0;2;8;1;B01
201000065538;0;7;0;0;2;2;16;A01
201000065539;0;31;0;0;2;1;17;A01
201000065539;0;7;0;0;2;3;9;B01
201000065540;0;30;0;0;1;1;17;A01
201000065541;0;7;0;0;2;4;23;B01
201000065541;0;31;0;0;2;1;2;A01
201000065542;0;30;0;0;1;1;1;A01
201000065543;0;10;0;0;1;4;4;A01
201000065544;0;7;0;0;1;2;1;A01
201000065545;0;7;0;0;2;2;15;A01
201000065545;0;1;0;0;2;3;1;B01
201000065546;1;7;0;0;1;0;1;Z01
201000065547;0;32;0;0;2;3;1;A01
201000065547;0;7;0;0;2;2;16;B01
201000065548;0;10;0;0;2;1;2;A01
201000065548;0;7;0;0;2;4;2;B01
201000065549;0;1;0;0;0;0;1;A01
201000065550;0;7;0;14;0;1;1;A01
201000065551;0;31;0;0;1;1;1;A01
201000065552;0;7;0;0;2;3;15;A01
201000065552;0;30;0;0;2;1;16;B01
201000065553;0;33;0;0;1;8;1;A01
201000065554;0;2;0;0;2;9;1;A01
201000065554;0;7;0;0;2;3;20;B01
201000065555;0;30;0;0;2;1;1;A01
201000065555;1;7;0;0;2;0;14;Z01
201000065556;0;32;0;0;2;3;15;A01
201000065556;1;2;0;0;2;0;16;Z01
201000065557;0;7;0;0;1;7;1;A01
201000065558;0;30;0;0;1;1;1;A01
201000065559;0;7;0;0;2;5;1;B01
201000065559;0;1;0;0;2;3;15;A01
201000065560;0;7;0;0;2;2;15;B01
201000065560;0;33;0;1;2;1;1;A01
201000065561;0;7;0;0;1;1;1;A01
201000065562;0;7;0;0;2;5;1;B01
201000065562;0;7;0;0;2;2;1;A01
201000065563;0;30;0;0;1;3;1;A01
201000065564;0;32;0;0;0;0;21;A01
201000065565;0;10;0;0;2;8;22;A01
201000065565;0;1;0;0;2;1;17;B01
201000065566;0;7;0;0;2;7;14;A01
201000065566;0;32;0;0;2;3;1;B01
201000065567;1;30;0;0;1;3;5;Z01
201000065568;0;30;0;14;0;0;14;A01
201000065569;1;7;0;0;1;0;1;Z01
201000065570;0;7;0;8;0;4;4;A01
201000065571;0;2;0;0;2;1;2;A01
201000065571;0;7;0;0;2;4;23;B01
201000065572;1;30;0;0;1;1;5;Z01
201000065573;0;7;0;0;2;5;15;A01
201000065573;0;30;0;0;2;1;17;B01
201000065574;0;2;0;0;2;1;18;A01
201000065574;0;7;0;0;2;7;16;B01
201000065575;0;7;0;0;2;3;9;A01
201000065575;0;34;0;0;2;1;1;B01
201000065576;0;7;0;0;2;2;4;A01
201000065576;0;33;0;0;2;1;1;B01
201000065577;0;32;0;0;1;1;1;A01
201000065578;1;7;0;0;1;1;15;Z01
201000065579;0;7;0;0;2;1;1;B01
201000065579;0;7;0;0;2;5;1;A01
201000065580;0;10;0;0;2;3;1;A01
201000065580;0;7;0;0;2;2;1;B01
201000065581;0;33;0;0;2;8;1;B01
201000065581;0;7;0;0;2;1;15;A01
201000065582;0;7;0;0;2;8;5;B01
201000065582;0;33;0;0;2;7;7;A01
201000065583;1;7;0;0;1;0;1;Z01
201000065584;0;7;0;0;2;4;23;A01
201000065584;0;7;0;0;2;4;2;B01
201000065585;0;10;0;0;2;1;15;B01
201000065585;0;32;0;0;2;1;1;A01
201000065586;0;2;0;0;2;0;5;A01
201000065586;0;32;0;0;2;8;16;B01
201000065587;0;7;0;0;1;2;1;A01
201000065588;0;7;0;0;2;5;18;A01
201000065588;0;32;0;0;2;1;1;B01
201000065589;0;32;0;0;2;8;18;A01
201000065589;1;7;0;0;2;0;22;Z01
201000065590;0;30;0;0;2;7;17;B01
201000065590;0;10;0;0;2;3;15;A01
201000065591;0;30;0;1;0;1;7;A01
201000065592;0;30;0;0;2;1;2;A01
201000065592;0;7;0;0;2;5;23;B01
201000065593;0;7;0;0;2;6;4;A01
201000065593;0;37;0;0;2;7;1;B01
201000065594;0;1;0;0;1;2;5;A01
201000065595;0;10;0;0;1;2;1;A01
201000065596;0;2;0;0;2;1;1;A01
201000065596;0;7;0;0;2;3;15;B01
201000065597;0;7;0;0;1;1;1;A01
201000065598;0;7;0;0;2;3;1;A01
201000065598;2;7;0;0;2;1;17;Z01
201000065599;0;7;0;0;2;3;15;A01
201000065599;0;1;0;0;2;1;17;B01
201000065600;0;7;0;0;2;3;1;C01
201000065600;0;7;0;0;2;3;23;B01
201000065600;0;33;0;0;2;1;17;A01
201000065601;0;10;0;0;2;8;22;A01
201000065601;0;14;0;0;2;5;1;B01
201000065602;1;7;0;12;1;0;16;Z01
201000065603;0;10;0;0;2;1;2;A01
201000065603;0;7;0;0;2;4;2;B01
201000065603;0;7;0;0;2;4;2;C01
201000065604;0;13;0;0;2;2;2;A01
201000065604;0;3;0;0;2;4;23;B01
201000065605;1;33;0;0;2;0;16;A01
201000065605;1;30;0;0;2;0;1;Z01
201000065606;0;30;0;0;2;1;17;A01
201000065606;0;7;0;0;2;3;15;B01
201000065607;0;34;0;15;0;8;13;A01
201000065608;0;7;0;0;2;6;1;B01
201000065608;0;33;0;0;2;1;1;A01
201000065609;0;7;0;0;1;1;1;A01
201000065610;0;32;0;0;2;8;18;B01
201000065610;0;7;0;0;2;7;14;A01
201000065611;1;2;0;0;1;1;1;Z01
201000065612;0;37;1;0;1;7;16;A01
201000065613;0;7;0;0;1;3;1;A01
201000065614;0;30;0;0;2;8;1;A01
201000065614;0;14;0;0;2;2;16;B01
201000065615;0;10;0;0;2;3;10;A01
201000065615;0;30;0;0;2;1;1;B01
201000065616;0;7;0;0;1;1;7;A01
201000065617;0;7;0;0;2;1;15;A01
201000065617;0;32;0;0;2;1;1;B01
201000065618;0;32;0;0;2;2;1;B01
201000065618;0;10;0;0;2;8;15;A01
201000065619;0;30;0;0;2;1;5;A01
201000065619;0;7;0;0;2;1;1;B01
201000065620;0;7;0;0;2;2;1;A01
201000065620;0;34;0;0;2;4;1;B01
201000065621;0;10;0;0;2;4;23;B01
201000065621;0;7;0;1;0;1;1;A01
201000065622;0;30;0;0;2;2;5;A01
201000065622;0;7;0;0;2;1;9;B01
201000065623;0;7;0;1;0;2;1;A01
201000065624;1;7;0;0;0;0;1;Z01
201000065625;0;7;0;0;2;3;15;A01
201000065625;0;32;0;0;2;2;1;B01
201000065626;0;7;0;0;2;2;16;A01
201000065626;0;32;0;0;2;3;1;B01
201000065627;0;7;0;0;1;2;16;A01
201000065628;0;7;0;0;1;4;4;A01
201000065629;0;31;0;0;0;4;1;A01
201000065630;0;7;0;0;1;4;4;A01
201000065631;1;32;0;0;1;1;1;Z01
201000065632;0;32;0;0;1;2;1;A01
201000065633;0;7;0;4;0;7;1;A01
201000065633;0;7;0;4;0;6;1;B01
201000065634;0;30;0;0;1;1;1;A01
201000065635;0;33;0;0;1;1;1;A01
201000065636;0;7;0;0;1;2;1;A01
201000065637;0;2;0;0;0;5;1;A01
201000065637;1;32;0;0;2;8;18;Z01
201000065638;0;32;0;0;1;1;1;A01
201000065639;0;7;0;0;1;2;1;A01
201000065640;0;7;0;0;1;3;1;A01
201000065641;0;31;0;0;2;1;1;A01
201000065642;0;7;0;0;1;4;4;A01
201000065643;1;2;0;0;1;0;1;Z01
201000065644;1;7;0;0;1;1;1;A01
201000065645;0;34;0;0;1;2;1;A01
201000065646;0;10;0;0;0;7;12;A01
201000065646;0;32;0;0;0;3;18;B01
201000065647;0;14;0;0;2;3;15;A01
201000065647;0;7;0;0;0;8;7;B01
201000065648;0;30;0;0;2;1;1;A01
201000065648;0;7;0;0;2;6;23;B01
201000065649;0;7;0;0;2;1;15;A01
201000065649;0;30;0;0;2;6;16;B01
201000065650;0;1;0;0;2;1;13;A01
201000065650;0;7;0;0;9;3;1;B01
201000065651;0;7;0;0;1;3;10;A01
201000065652;0;7;0;0;1;3;17;A01
201000065653;0;10;0;0;1;1;5;A01
201000065654;1;7;0;0;0;1;1;Z01
201000065655;0;7;0;15;0;3;13;A01
201000065656;0;3;0;0;2;8;22;A01
201000065656;0;1;0;0;2;1;1;B01
201000065657;0;30;0;0;1;1;1;A01
201000065658;0;34;0;0;1;3;1;A01
201000065659;0;7;0;0;2;3;9;A01
201000065659;0;33;0;0;2;3;1;B01
201000065660;0;7;0;0;1;3;1;A01
201000065661;0;33;0;0;2;8;1;B01
201000065661;0;7;0;0;2;3;22;A01
201000065662;0;7;0;0;2;8;22;A01
201000065662;0;30;0;0;2;1;1;B01
201000065663;0;10;0;0;2;4;23;A01
201000065663;1;7;0;0;2;1;2;Z01
201000065663;0;7;0;0;2;4;23;B01
201000065664;0;7;0;0;2;1;1;A01
201000065664;0;10;0;0;2;2;15;B01
201000065665;0;7;0;0;2;3;22;A01
201000065665;0;1;0;0;2;1;1;B01
201000065666;0;7;0;0;2;2;1;B01
201000065666;0;32;0;0;2;1;1;A01
201000065667;0;7;0;0;2;2;1;B01
201000065667;0;30;0;0;2;7;1;A01
201000065668;1;7;0;0;2;2;7;Z01
201000065668;0;1;0;0;2;1;16;A01
201000065669;0;7;0;0;2;0;2;B01
201000065669;0;32;0;0;2;1;2;A01
201000065670;0;32;0;0;2;7;1;B01
201000065670;0;30;0;0;2;7;15;A01
201000065671;0;30;0;0;2;1;1;B01
201000065671;0;7;0;0;2;1;15;A01
201000065672;0;2;0;0;2;1;2;A01
201000065672;0;7;0;0;2;6;2;B01
201000065673;0;30;0;0;2;8;1;A01
201000065673;1;7;0;0;2;0;15;Z01
201000065674;0;34;0;0;2;7;1;A01
201000065674;0;10;0;0;2;8;9;B01
201000065675;0;7;0;1;2;9;1;A01
201000065675;0;7;0;0;2;8;24;B01
201000065676;0;1;0;0;2;8;11;B01
201000065676;0;7;0;0;2;1;17;A01
201000065677;0;7;0;0;1;3;15;A01
201000065678;0;7;0;0;1;3;1;A01
201000065679;0;7;0;0;2;8;1;B01
201000065679;0;30;0;0;2;2;1;A01
201000065680;1;7;0;0;2;0;15;Z01
201000065680;0;1;0;0;2;1;5;A01
201000065681;0;34;0;0;2;1;17;A01
201000065681;0;10;0;0;2;8;13;B01
201000065682;0;7;0;0;2;2;15;A01
201000065682;0;7;0;12;2;3;1;B01
201000065683;0;31;0;0;2;1;1;A01
201000065683;0;7;0;0;2;6;9;B01
201000065684;0;30;0;0;0;0;1;A01
201000065685;0;7;0;0;2;1;15;A01
201000065685;0;30;0;0;2;1;1;B01
201000065686;0;10;0;0;2;3;9;A01
201000065686;0;32;0;0;2;1;1;B01
201000065687;0;7;0;0;1;1;1;A01
201000065688;0;7;0;0;2;3;1;A01
201000065688;1;7;0;0;2;2;1;Z01
201000065689;0;32;0;0;0;7;1;A01
201000065690;0;7;0;0;2;6;15;A01
201000065690;0;32;0;0;2;2;17;B01
201000065691;0;32;0;0;0;7;1;A01
201000065692;1;7;0;0;1;1;15;Z01
201000065693;0;30;0;0;2;7;1;B01
201000065693;0;7;0;0;2;3;9;A01
201000065694;0;7;0;0;2;3;15;B01
201000065694;0;31;0;0;2;2;17;A01
201000065695;0;10;0;0;2;3;23;A01
201000065695;0;32;0;0;2;1;1;B01
201000065696;0;7;0;0;1;3;15;A01
201000065697;0;33;0;0;2;2;2;A01
201000065697;0;7;0;0;2;4;2;B01
201000065698;0;7;0;0;1;3;1;A01
201000065699;0;37;35;0;1;1;1;A01
201000065700;1;7;0;0;1;1;15;Z01
201000065701;0;2;0;8;0;0;1;A01
201000065702;0;32;0;0;0;7;1;A01
201000065703;0;32;0;0;2;3;1;B01
201000065703;0;7;0;0;2;3;15;A01
201000065704;0;7;0;0;2;4;23;B01
201000065704;0;2;0;0;2;1;2;A01
201000065705;1;30;0;0;1;0;1;Z01
201000065706;0;7;0;0;2;3;15;A01
201000065706;0;32;0;0;2;2;15;B01
201000065707;1;7;0;0;2;0;17;Z01
201000065707;0;34;0;0;2;0;1;A01
201000065708;0;7;0;0;2;6;1;C01
201000065708;0;31;0;0;2;3;2;A01
201000065708;0;7;0;0;2;5;2;B01
201000065709;0;32;0;0;1;1;1;A01
201000065710;0;30;0;0;2;1;2;A01
201000065710;0;7;0;0;2;3;23;B01
201000065711;0;7;0;0;2;5;15;A01
201000065711;0;32;0;0;2;1;1;B01
201000065712;0;7;0;0;2;8;2;A01
201000065712;0;30;0;0;2;7;2;B01
201000065712;1;2;0;0;2;0;2;Z01
201000065713;0;3;0;0;1;1;1;A01
201000065714;0;7;0;0;2;8;13;B01
201000065714;0;2;0;0;2;7;17;A01
201000065715;0;31;0;0;2;1;17;B01
201000065715;0;7;0;0;2;3;9;A01
201000065716;0;7;0;0;0;3;15;A01
201000065716;0;2;0;0;0;7;7;B01
201000065717;0;37;11;0;2;3;1;B01
201000065717;0;2;0;0;2;1;16;A01
201000065718;0;33;0;0;2;2;17;A01
201000065718;0;7;0;0;2;3;15;B01
201000065719;0;7;0;0;2;5;9;A01
201000065719;0;34;0;0;2;3;1;B01
201000065720;0;10;0;0;2;4;2;C01
201000065720;0;7;0;0;2;1;2;A01
201000065720;0;7;0;0;2;1;2;B01
201000065721;0;33;0;0;1;1;1;A01
201000065722;0;2;0;0;2;1;17;A01
201000065722;0;7;0;0;2;2;1;C01
201000065722;0;7;0;0;2;3;1;B01
201000065723;0;7;0;0;2;6;4;A01
201000065724;0;7;0;0;2;3;16;A01
201000065724;0;2;0;0;2;2;1;B01
201000065725;0;7;0;0;1;8;1;A01
201000065726;0;32;0;0;1;3;1;A01
201000065727;0;7;0;0;1;3;1;A01
201000065728;0;7;0;0;0;6;23;C01
201000065728;0;7;0;0;0;2;22;B01
201000065728;0;30;0;1;0;2;3;A01
201000065729;0;2;0;0;9;0;1;A01
201000065729;1;1;0;0;2;0;19;Z01
201000065730;0;7;0;0;1;1;1;A01
201000065731;2;2;0;0;0;0;1;Z01
201000065732;0;33;0;0;2;7;1;A01
201000065732;2;7;0;0;2;3;9;Z01
201000065733;0;32;0;0;1;0;18;A01
201000065734;0;7;0;0;1;1;1;A01
201000065735;0;7;0;0;2;2;9;A01
201000065735;0;30;0;0;2;1;1;B01
201000065736;0;7;0;0;1;1;1;A01
201000065737;0;7;0;0;2;6;1;C01
201000065737;0;30;0;0;2;1;3;A01
201000065737;0;7;0;0;2;5;20;B01
201000065738;0;33;0;0;2;8;13;A01
201000065738;0;7;0;0;2;8;17;B01
201000065739;0;7;0;0;2;1;9;A01
201000065739;0;30;0;0;2;7;1;B01
201000065740;0;30;0;0;2;1;1;A01
201000065740;0;7;0;0;2;8;1;B01
201000065741;0;7;0;0;2;2;9;A01
201000065741;0;30;0;0;2;3;1;B01
201000065742;0;7;0;0;2;7;1;B01
201000065742;0;30;0;0;2;1;1;A01
201000065743;0;30;0;0;2;7;17;A01
201000065743;0;7;0;0;2;2;15;B01
201000065744;0;1;0;0;1;1;1;A01
201000065745;0;1;0;0;2;1;18;B01
201000065745;0;7;0;0;0;2;16;A01
201000065746;0;7;0;0;1;1;1;A01
201000065747;0;1;0;0;2;0;1;A01
201000065747;0;7;0;0;2;0;1;B01
201000065748;1;7;0;8;1;1;13;Z01
201000065749;0;7;0;4;0;9;1;A01
201000065750;0;33;0;0;0;0;1;A01
201000065751;0;7;0;0;2;5;23;C01
201000065751;0;7;0;0;2;3;1;A01
201000065751;0;32;0;0;2;4;23;B01
201000065752;0;7;0;0;2;5;16;A01
201000065752;0;32;0;0;2;8;1;B01
201000065753;0;30;0;0;0;1;1;A01
201000065754;1;2;0;0;1;1;1;Z01
201000065755;0;7;0;0;2;0;14;A01
201000065755;0;32;0;0;2;0;7;B01
201000065756;0;7;0;0;1;2;1;A01
201000065757;0;31;0;0;2;2;1;B01
201000065757;0;7;0;0;2;8;9;A01
201000065758;0;7;0;0;1;0;1;A01
201000065759;0;7;0;0;1;2;1;A01
201000065760;0;7;0;0;1;1;1;A01
201000065761;0;32;0;0;1;2;1;A01
201000065762;0;31;0;0;1;1;17;A01
201000065763;0;7;0;0;2;0;15;A01
201000065763;0;32;0;0;2;0;1;B01