num_acc;senc;catv;occutc;obs;obsm;choc;manv;num_veh
201000065764;0;7;0;0;2;6;1;B01
201000065764;0;33;0;0;2;1;3;A01
201000065765;0;32;0;0;2;2;1;A01
201000065765;0;30;0;0;2;3;15;B01
201000065766;0;33;0;0;2;1;1;A01
201000065766;0;7;0;0;2;2;15;B01
201000065767;0;32;0;0;2;2;17;A01
201000065767;0;7;0;0;2;8;1;B01
201000065768;0;7;0;0;1;6;4;A01
201000065769;0;7;0;0;2;4;2;B01
201000065769;0;7;0;0;2;1;2;A01
201000065770;0;7;0;0;1;4;4;A01
201000065771;0;7;0;0;1;2;1;A01
201000065772;0;7;0;0;2;4;23;B01
201000065772;0;2;0;0;2;1;1;A01
201000065773;0;7;0;0;1;2;1;A01
201000065774;0;32;0;0;0;3;1;B01
201000065774;1;7;0;0;2;8;15;Z01
201000065775;0;32;0;0;2;1;1;B01
201000065775;0;7;0;0;2;7;15;A01
201000065776;0;7;0;0;2;2;1;A01
201000065776;0;30;0;0;0;1;1;B01
201000065777;0;14;0;0;1;5;4;A01
201000065778;0;32;0;0;2;7;17;B01
201000065778;0;7;0;0;2;3;15;A01
201000065779;0;7;0;0;0;1;1;A01
201000065779;0;7;0;0;2;6;15;B01
201000065780;0;2;0;0;1;2;3;A01
201000065781;0;32;0;0;0;0;21;A01
201000065782;0;37;21;0;1;2;1;A01
201000065783;0;2;0;0;2;4;15;A01
201000065783;0;7;0;0;2;2;1;B01
201000065784;0;2;0;0;0;7;16;A01
201000065785;0;2;0;0;2;2;17;B01
201000065785;0;7;0;0;2;3;9;A01
201000065786;0;7;0;2;0;1;1;A01
201000065787;1;33;0;0;1;1;1;Z01
201000065788;0;7;0;0;2;1;15;A01
201000065788;0;34;0;0;2;1;1;B01
201000065789;0;7;0;0;2;8;1;B01
201000065789;0;7;0;0;2;1;1;A01
201000065790;1;32;0;0;1;0;1;Z01
201000065791;0;34;0;0;1;8;17;A01
201000065792;0;7;0;0;2;6;2;B01
201000065792;0;34;0;0;2;2;2;A01
201000065793;0;32;0;0;1;3;1;A01
201000065794;0;37;1;0;1;2;1;A01
201000065795;0;7;0;0;1;3;1;A01
201000065796;0;32;0;0;0;8;21;A01
201000065797;0;30;0;0;2;1;2;A01
201000065797;0;7;0;0;2;4;23;B01
201000065798;0;33;0;0;2;1;1;B01
201000065798;0;7;0;0;2;2;9;A01
201000065799;0;7;0;0;2;1;2;A01
201000065799;0;7;0;0;2;4;23;B01
201000065800;0;2;0;0;2;8;1;A01
201000065800;1;7;0;0;2;0;1;Z01
201000065801;0;7;0;0;2;4;23;B01
201000065801;0;36;0;0;2;1;2;A01
201000065802;0;32;0;0;0;0;21;A01
201000065803;0;32;0;0;1;3;1;A01
201000065804;0;34;0;0;1;1;1;A01
201000065805;0;7;0;0;1;1;15;A01
201000065806;0;34;0;0;1;2;1;B01
201000065807;0;13;0;0;2;3;2;A01
201000065807;0;7;0;0;2;5;23;B01
201000065808;0;7;0;0;1;1;1;A01
201000065809;0;7;0;0;2;4;9;B01
201000065809;0;32;0;0;2;1;1;A01
201000065810;0;1;0;0;2;7;19;A01
201000065810;1;7;0;0;2;1;15;Z01
201000065811;0;7;0;12;2;2;1;A01
201000065811;0;10;0;0;2;3;1;B01
201000065812;0;7;0;0;2;8;13;A01
201000065812;0;32;0;0;2;7;16;B01
201000065813;0;14;0;6;0;1;1;A01
201000065814;0;7;0;0;1;1;1;A01
201000065815;0;7;0;1;0;1;9;A01
201000065816;0;30;0;0;2;1;17;B01
201000065816;0;7;0;0;2;7;10;A01
201000065817;0;7;0;0;1;1;1;A01
201000065818;0;7;0;0;1;1;1;A01
201000065819;0;34;0;0;2;7;17;A01
201000065819;0;7;0;0;2;3;15;B01
201000065820;0;7;0;0;0;1;1;A01
201000065821;0;7;0;0;2;5;15;A01
201000065821;0;1;0;0;2;1;1;B01
201000065822;0;32;0;0;0;8;21;A01
201000065823;0;7;0;15;0;3;13;A01
201000065824;1;7;0;0;2;0;15;Z01
201000065824;0;2;0;0;2;1;1;A01
201000065825;0;32;0;0;2;2;17;A01
201000065825;0;7;0;0;2;3;15;B01
201000065826;0;30;0;0;1;2;1;A01
201000065827;0;7;0;0;1;1;1;A01
201000065828;0;7;0;0;1;1;15;A01
201000065829;0;34;0;0;2;3;1;B01
201000065829;0;7;0;0;2;5;12;A01
201000065830;0;7;0;1;1;2;1;A01
201000065831;0;30;0;0;2;1;5;A01
201000065831;0;7;0;0;2;1;16;B01
201000065832;1;7;0;0;2;0;17;Z01
201000065832;0;7;0;0;2;3;1;A01
201000065832;0;7;0;0;2;3;1;B01
201000065833;0;7;0;0;2;3;9;A01
201000065833;0;32;0;0;2;2;17;B01
201000065834;1;7;0;0;1;0;1;Z01
201000065835;0;7;0;0;1;1;7;A01
201000065836;0;30;0;0;0;0;1;A01
201000065837;0;7;0;0;1;1;1;A01
201000065838;0;30;0;0;0;0;21;A01
201000065839;0;33;0;0;1;0;1;A01
201000065840;0;7;0;0;1;3;1;A01
201000065841;0;10;0;0;1;1;16;A01
201000065842;0;7;0;0;2;7;16;B01
201000065842;0;32;0;0;2;8;18;A01
201000065843;0;34;0;0;2;8;2;A01
201000065843;1;7;0;0;2;0;2;Z01
201000065844;0;37;0;0;1;5;7;A01
201000065845;0;7;0;0;1;2;1;A01
201000065846;1;7;0;0;2;3;9;Z01
201000065846;0;32;0;0;2;1;1;A01
201000065847;0;7;0;0;2;1;13;A01
201000065847;0;30;0;0;2;1;1;B01
201000065848;0;2;0;0;1;1;1;A01
201000065849;0;30;0;0;1;1;7;A01
201000065850;0;7;0;0;2;6;10;A01
201000065850;0;32;0;0;2;3;17;B01
201000065851;0;31;0;0;0;0;16;A01
201000065852;0;30;0;0;2;4;2;B01
201000065852;0;30;0;0;2;1;2;A01
201000065853;0;32;0;0;2;1;12;A01
201000065853;0;7;0;0;2;7;1;B01
201000065854;0;7;0;0;2;1;2;A01
201000065854;0;7;0;0;2;4;2;B01
201000065855;0;34;0;0;1;3;1;A01
201000065856;0;30;0;0;0;0;21;A01
201000065857;0;2;0;0;2;2;17;A01
201000065857;0;7;0;0;2;6;15;B01
201000065858;0;33;0;0;2;7;1;A01
201000065858;1;7;0;0;2;8;11;Z01
201000065859;0;7;0;0;2;4;2;B01
201000065859;0;30;0;0;2;2;2;A01
201000065860;0;33;0;0;1;2;1;A01
201000065861;0;10;0;0;1;7;15;A01
201000065862;0;30;0;0;2;1;5;A01
201000065862;0;7;0;0;2;3;15;B01
201000065863;0;7;0;0;1;1;1;A01
201000065864;0;7;0;0;2;5;22;A01
201000065864;0;34;0;15;2;1;18;B01
201000065865;0;7;0;0;2;1;2;A01
201000065865;1;33;0;0;2;4;2;B01
201000065866;0;7;0;0;2;3;10;A01
201000065866;0;33;0;0;2;1;1;B01
201000065867;0;32;0;0;2;1;1;B01
201000065867;0;7;0;0;2;2;1;A01
201000065868;0;1;0;0;2;8;19;A01
201000065868;1;10;0;0;2;1;1;Z01
201000065869;0;32;0;0;2;1;1;B01
201000065869;0;7;0;0;2;7;10;A01
201000065870;0;32;0;0;2;1;2;B01
201000065870;0;10;0;0;2;4;20;A01
201000065871;0;2;0;0;2;1;1;B01
201000065871;0;7;0;0;2;2;1;A01
201000065872;0;7;0;0;1;1;1;A01
201000065873;0;1;0;0;0;1;1;A01
201000065874;0;33;0;0;2;8;1;B01
201000065874;0;7;0;0;2;2;15;A01
201000065875;0;1;0;0;1;1;1;A01
201000065876;0;2;0;0;0;2;1;A01
201000065877;0;7;0;0;2;3;9;A01
201000065877;0;30;0;0;2;2;1;B01
201000065878;0;2;0;12;0;1;13;A01
201000065879;0;34;0;0;1;3;1;A01
201000065880;0;7;0;0;2;7;17;A01
201000065880;0;32;0;0;2;8;1;B01
201000065881;0;31;0;0;2;2;1;A01
201000065881;1;7;0;0;2;6;11;Z01
201000065882;0;7;0;0;1;2;1;A01
201000065883;0;7;0;0;1;8;1;A01
201000065884;0;32;0;0;2;1;1;B01
201000065884;0;32;0;0;2;1;15;A01
201000065885;1;7;0;0;1;0;15;Z01
201000065886;0;7;0;0;1;1;1;A01
201000065887;0;7;0;0;1;8;15;A01
201000065888;1;2;0;0;1;8;1;Z01
201000065889;0;30;0;0;2;4;23;A01
201000065889;1;7;0;0;2;3;2;Z01
201000065890;0;30;0;0;0;0;17;A01
201000065891;0;32;0;0;2;7;1;B01
201000065891;0;7;0;0;2;3;9;A01
201000065892;0;2;0;8;0;1;1;A01
201000065893;0;1;0;0;0;0;1;A01
201000065894;0;32;0;0;2;1;1;B01
201000065894;0;10;0;0;2;1;15;A01
201000065895;0;7;0;0;2;3;9;A01
201000065895;0;30;0;1;2;2;1;B01
201000065896;1;7;0;0;2;0;4;Z01
201000065896;0;30;0;0;2;8;23;A01
201000065896;0;7;0;0;2;3;23;B01
201000065897;0;32;0;0;2;3;1;B01
201000065897;0;30;0;0;2;2;19;A01
201000065898;0;2;0;0;1;1;1;A01
201000065899;0;7;0;0;2;2;1;B01
201000065899;0;7;0;0;2;1;10;A01
201000065900;0;7;0;0;1;1;1;A01
201000065901;0;7;0;0;1;0;1;A01
201000065902;0;7;0;0;1;7;1;A01
201000065903;0;10;0;0;1;7;1;A01
201000065904;0;7;0;11;0;1;15;A01
201000065905;0;30;0;0;1;1;17;A01
201000065906;1;10;0;0;1;0;15;Z01
201000065907;0;7;0;0;2;3;15;A01
201000065907;0;2;0;0;2;7;17;B01
201000065908;0;2;0;0;2;7;17;B01
201000065908;0;7;0;0;2;8;13;A01
201000065909;0;1;0;0;1;1;1;A01
201000065910;0;7;0;0;2;4;23;A01
201000065910;1;7;0;0;2;0;2;Z01
201000065911;0;30;0;0;2;1;17;B01
201000065911;0;30;0;0;2;1;17;A01
201000065912;1;7;0;0;1;2;1;Z01
201000065913;0;2;0;0;2;1;1;B01
201000065913;0;10;0;0;2;8;10;A01
201000065914;1;7;0;0;1;0;4;Z01
201000065915;0;2;0;0;1;1;17;A01
201000065916;0;7;0;1;0;1;14;A01
201000065917;0;14;0;0;2;3;2;A01
201000065917;0;10;0;0;2;5;23;B01
201000065918;1;30;0;0;1;1;1;Z01
201000065919;0;7;0;0;2;0;15;A01
201000065919;0;30;0;0;2;0;1;B01
201000065920;0;7;0;0;1;7;1;A01
201000065921;0;10;0;0;2;1;1;A01
201000065921;0;7;0;6;2;1;1;B01
201000065922;0;30;0;0;0;0;1;A01
201000065923;0;33;0;0;2;1;1;B01
201000065923;0;7;0;0;0;5;15;A01
201000065924;0;7;0;0;2;2;15;A01
201000065924;0;33;0;1;2;1;1;B01
201000065925;1;7;0;0;1;0;1;Z01
201000065926;0;1;0;15;0;0;13;A01
201000065927;0;31;0;0;2;0;17;B01
201000065927;0;7;0;0;2;0;10;A01
201000065928;0;31;0;0;1;1;1;A01
201000065929;0;37;4;0;2;7;1;B01
201000065929;0;7;0;0;2;6;4;A01
201000065930;0;7;0;0;2;7;12;A01
201000065930;0;33;0;0;2;8;1;B01
201000065931;0;1;0;0;2;6;19;A01
201000065931;1;7;0;0;2;0;1;Z01
201000065932;0;30;0;0;2;1;1;B01
201000065932;0;7;0;0;2;5;1;A01
201000065933;0;10;0;0;1;7;1;A01
201000065934;0;32;0;0;1;2;1;A01
201000065935;0;7;0;0;1;7;15;A01
201000065936;0;7;0;0;2;6;10;A01
201000065936;0;31;0;0;2;1;17;B01
201000065937;0;7;0;0;2;2;15;B01
201000065937;0;37;22;0;2;2;1;A01
201000065938;0;2;0;0;0;7;21;A01
201000065939;0;7;0;0;1;4;4;A01
201000065940;0;1;0;0;0;0;1;A01
201000065941;0;7;0;0;2;1;2;A01
201000065941;0;33;0;0;2;4;23;B01
201000065942;0;7;0;0;2;3;9;A01
201000065942;0;30;0;0;2;1;1;B01
201000065943;0;7;0;0;2;5;16;A01
201000065943;0;33;0;0;2;3;1;B01
201000065944;0;7;0;0;2;3;10;A01
201000065944;0;32;0;0;2;1;17;B01
201000065945;0;7;0;0;2;3;1;B01
201000065945;0;30;0;0;2;7;5;A01
201000065945;1;7;0;0;2;3;13;Z01
201000065946;0;7;0;0;2;2;1;B01
201000065946;0;32;0;0;2;8;13;A01
201000065947;0;7;0;0;2;4;23;E01
201000065947;0;10;0;0;2;1;2;A01
201000065947;0;7;0;0;2;4;23;C01
201000065947;0;7;0;0;2;4;23;D01
201000065947;0;10;0;0;2;4;23;B01
201000065948;0;32;0;0;2;1;1;B01
201000065948;0;7;0;0;0;2;15;A01
201000065949;0;2;0;0;2;1;18;A01
201000065949;0;7;0;0;2;7;22;B01
201000065949;0;7;0;0;2;6;23;C01
201000065950;0;7;0;0;1;8;1;A01
201000065951;0;7;0;0;2;3;10;A01
201000065951;0;7;0;0;2;4;24;C01
201000065951;0;33;0;0;2;1;1;B01
201000065952;0;30;0;1;0;1;21;A01
201000065953;0;7;0;0;2;3;15;A01
201000065953;0;33;0;0;2;4;17;B01
201000065954;0;7;0;0;2;0;15;A01
201000065954;0;2;0;0;2;0;17;B01
201000065955;0;7;0;0;0;4;1;B01
201000065955;0;7;0;0;2;1;1;A01
201000065956;0;34;0;0;0;1;1;A01
201000065957;0;1;0;0;2;1;9;A01
201000065957;0;7;0;0;9;2;1;B01
201000065958;0;7;0;0;1;3;1;A01
201000065959;0;30;0;14;0;1;1;A01
201000065960;0;30;0;0;0;8;1;A01
201000065961;0;1;0;0;0;1;13;B01
201000065961;0;10;0;0;0;7;17;A01
201000065962;0;33;0;0;1;2;1;A01
201000065963;0;30;0;8;0;8;21;A01
201000065964;0;10;0;0;1;2;1;A01
201000065965;0;7;0;0;1;4;20;A01
201000065966;0;33;0;0;2;3;1;A01
201000065966;1;7;0;0;2;2;17;Z01
201000065967;0;7;0;0;1;3;0;A01
201000065968;0;7;0;0;0;3;21;A01
201000065969;0;7;0;0;2;4;23;B01
201000065969;1;7;0;0;2;1;1;A01
201000065970;0;7;0;0;0;8;15;A01
201000065970;0;1;0;0;0;7;17;B01
201000065971;0;30;0;6;2;5;1;A01
201000065971;0;10;0;0;2;2;1;B01
201000065972;0;7;0;0;1;2;1;A01
201000065973;0;7;0;0;1;4;4;A01
201000065974;0;7;0;0;2;2;15;A01
201000065974;0;32;0;0;2;1;1;B01
201000065975;0;7;0;0;2;6;9;A01
201000065975;0;7;0;0;2;2;1;B01
201000065976;0;1;0;0;0;0;1;A01
201000065977;0;32;0;0;1;1;1;A01
201000065978;0;32;0;0;0;8;23;C01
201000065978;0;7;0;0;2;1;1;A01
201000065978;0;32;0;0;2;7;23;B01
201000065979;0;7;0;0;2;3;12;A01
201000065979;0;31;0;0;0;4;1;B01
201000065980;0;34;0;0;0;1;1;A01
201000065981;0;7;0;0;0;1;1;A01
201000065981;0;7;0;0;0;4;23;B01
201000065982;0;7;0;1;1;2;1;A01
201000065983;0;1;0;0;1;8;1;A01
201000065984;0;7;0;0;0;4;23;B01
201000065984;0;7;0;0;2;1;1;A01
201000065985;0;7;0;0;0;2;1;A01
201000065986;0;10;0;0;2;2;1;A01
201000065986;0;33;0;0;2;8;16;B01
201000065987;0;7;0;0;2;2;12;B01
201000065987;0;32;0;0;2;3;3;A01
201000065988;0;7;0;0;1;3;15;A01
201000065989;0;34;0;0;1;1;1;A01
201000065990;1;2;0;0;2;1;5;Z01
201000065990;0;1;0;0;2;1;1;A01
201000065991;0;20;0;0;1;2;1;A01
201000065992;0;2;0;0;0;8;21;A01
201000065993;0;2;0;0;0;7;1;B01
201000065993;0;7;0;0;0;3;10;A01
201000065994;0;33;0;0;2;7;17;B01
201000065994;0;7;0;0;2;3;15;A01
201000065995;0;32;0;0;0;0;21;A01
201000065996;0;34;0;0;1;1;1;A01
201000065997;0;7;0;0;1;1;1;A01
201000065998;0;7;0;0;1;4;4;A01
201000065999;0;7;0;0;2;4;23;B01
201000065999;0;7;0;0;2;1;2;A01
201000065999;0;7;0;0;2;0;23;C01
201000066000;0;10;0;0;1;3;15;A01
201000066001;0;2;0;0;1;1;1;A01
201000066002;0;31;0;0;1;1;1;A01
201000066003;0;7;0;0;2;2;2;A01
201000066003;0;7;0;0;2;6;23;B01
201000066004;0;32;0;0;1;5;1;A01
201000066005;1;10;0;0;1;0;1;Z01
201000066006;1;10;0;0;2;1;2;Z01
201000066006;0;30;0;0;2;4;2;A01
201000066007;0;30;0;0;1;1;1;A01
201000066008;0;32;0;0;2;4;1;B01
201000066008;0;7;0;0;2;3;9;A01
201000066009;0;7;0;0;2;1;1;A01
201000066009;0;7;0;8;2;7;1;B01
201000066010;0;7;0;0;1;4;4;A01
201000066011;0;30;0;0;2;0;18;A01
201000066012;0;30;0;1;0;1;17;A01
201000066013;0;1;0;0;0;0;1;A01
201000066014;0;7;0;0;2;3;15;B01
201000066014;0;33;0;0;2;1;17;A01
201000066015;0;7;0;0;2;1;2;A01
201000066015;0;7;0;0;2;5;11;B01
201000066016;0;10;0;0;2;2;10;A01
201000066016;0;30;0;0;2;1;1;B01
201000066017;0;7;0;11;0;2;1;A01
201000066018;0;1;0;14;0;1;13;A01
201000066019;0;33;0;0;2;2;17;B01
201000066019;0;7;0;0;2;3;13;A01
201000066020;0;7;0;0;2;1;1;A01
201000066020;0;30;0;0;2;1;1;B01
201000066021;0;7;0;0;2;2;16;B01
201000066021;0;2;0;0;2;3;18;A01
201000066022;0;7;0;0;1;1;1;A01
201000066023;0;10;0;0;1;2;1;A01
201000066024;0;33;0;0;2;1;1;B01
201000066024;1;7;0;0;2;7;1;A01
201000066025;0;7;0;0;1;2;1;A01
201000066026;0;30;0;0;0;8;1;A01
201000066027;0;7;0;0;1;1;17;A01
201000066028;0;30;0;0;2;0;18;A01
201000066028;0;7;0;0;2;7;16;B01
201000066029;0;33;0;0;1;7;1;A01
201000066030;0;1;0;0;1;1;1;A01
201000066031;0;7;0;0;2;2;16;A01
201000066031;0;31;0;0;2;8;1;B01
201000066032;0;33;0;0;2;1;2;A01
201000066032;0;7;0;0;2;4;10;B01
201000066033;0;32;0;0;2;8;23;B01
201000066033;0;30;0;0;2;7;2;A01
201000066034;0;1;0;0;0;7;1;A01
201000066035;0;7;0;0;2;1;15;A01
201000066035;0;1;0;0;2;1;1;B01
201000066036;0;32;0;0;2;1;1;A01
201000066036;0;1;0;0;2;8;1;B01
201000066037;0;33;0;1;1;1;1;A01
201000066038;0;33;0;0;2;1;1;B01
201000066038;0;7;0;0;2;5;15;A01
201000066039;0;30;0;0;2;1;5;A01
201000066039;0;33;0;0;2;1;1;B01
201000066040;0;7;0;1;2;0;14;A01
201000066040;0;7;0;0;2;6;24;B01
201000066041;0;30;0;0;1;1;18;A01
201000066042;0;7;0;0;2;3;1;B01
201000066042;0;33;0;0;2;2;17;A01
201000066043;0;34;0;0;2;1;1;B01
201000066043;0;7;0;0;2;3;9;A01
201000066044;0;7;0;0;1;1;17;A01
201000066045;0;30;0;0;2;1;2;A01
201000066045;1;7;0;0;2;0;23;Z01
201000066046;1;7;0;0;1;0;4;Z01
201000066047;0;33;0;0;0;8;1;A01
201000066048;0;30;0;0;1;1;1;A01
201000066049;0;7;0;0;1;1;1;A01
201000066050;0;10;0;0;2;2;15;A01
201000066050;0;1;0;0;2;6;1;B01
201000066051;0;32;0;0;1;7;17;A01
201000066052;0;7;0;0;1;5;1;A01
201000066053;0;7;0;0;2;3;1;B01
201000066053;0;2;0;0;2;3;17;A01
201000066054;0;32;0;0;1;2;1;A01
201000066055;0;7;0;0;1;5;1;A01
201000066056;0;1;0;0;1;0;1;A01
201000066057;0;30;0;0;1;1;1;A01
201000066058;0;7;0;0;2;2;15;A01
201000066058;0;33;0;0;2;6;1;B01
201000066059;0;33;0;0;2;2;1;A01
201000066059;1;30;0;0;2;0;1;Z01
201000066060;0;30;0;0;1;1;1;A01
201000066061;0;32;0;0;2;1;1;B01
201000066061;0;7;0;0;2;5;15;A01
201000066062;0;33;0;0;1;2;1;A01
201000066063;0;32;0;0;1;1;1;A01
201000066064;1;7;0;0;2;0;1;Z01
201000066064;0;2;0;0;2;4;23;A01
201000066065;0;30;0;0;9;8;1;A01
201000066066;0;7;0;0;2;3;1;A01
201000066066;0;32;0;0;2;1;1;B01
201000066067;0;2;0;0;2;8;1;B01
201000066067;0;7;0;5;2;7;10;A01
201000066068;0;2;0;0;2;1;1;B01
201000066068;0;7;0;0;2;3;9;A01
201000066069;0;30;0;0;2;6;18;B01
201000066069;0;7;0;0;2;3;15;A01
201000066070;0;7;0;0;2;3;1;A01
201000066070;0;7;0;0;0;5;23;B01
201000066071;0;7;0;0;2;1;2;A01
201000066071;0;33;0;0;2;4;15;B01
201000066072;1;34;0;0;1;2;1;Z01
201000066073;0;7;0;0;1;1;1;A01
201000066074;0;2;0;0;2;0;21;B01
201000066074;0;7;0;0;9;0;10;A01
201000066075;0;7;0;0;1;2;15;A01
201000066076;0;10;0;0;2;0;1;B01
201000066076;0;33;0;0;2;0;23;A01
201000066077;0;7;0;15;0;1;17;A01
201000066078;0;2;0;0;2;1;1;A01
201000066078;0;7;0;0;2;6;9;B01
201000066079;0;14;0;0;1;5;16;A01
201000066080;0;7;0;0;2;6;15;B01
201000066080;0;30;0;0;2;7;2;A01
201000066081;1;7;0;0;1;1;1;Z01
201000066082;0;33;0;0;1;3;17;A01
201000066083;0;7;0;0;1;2;4;A01
201000066084;0;7;0;1;0;1;9;A01
201000066084;0;32;0;0;0;1;1;B01
201000066085;0;7;0;0;1;2;1;A01
201000066086;0;32;0;0;2;4;23;B01
201000066086;0;30;0;0;2;1;2;A01
201000066087;0;7;0;0;1;5;4;A01
201000066088;0;7;0;0;1;2;1;A01
201000066089;0;31;0;0;2;2;1;A01
201000066089;1;10;0;0;2;3;1;Z01
201000066090;0;7;0;0;2;2;15;B01
201000066090;0;2;0;0;2;1;1;A01
201000066091;0;7;0;0;2;1;1;A01
201000066091;0;33;0;0;2;1;1;B01
201000066092;0;7;0;0;2;4;2;A01
201000066092;1;7;0;0;2;1;2;Z01
201000066093;0;10;0;0;1;3;1;A01
201000066094;0;2;0;0;0;0;1;A01
201000066095;0;30;0;1;0;1;14;A01
201000066096;0;31;0;0;2;7;17;A01
201000066096;1;14;0;1;2;6;13;Z01
201000066097;0;7;0;0;1;4;4;A01
201000066098;0;7;0;0;1;2;1;A01
201000066099;0;7;0;0;2;3;23;C01
201000066099;0;30;0;0;2;1;17;B01
201000066099;0;7;0;0;2;8;15;A01
201000066100;0;2;0;0;2;2;17;A01
201000066100;0;10;0;0;2;3;15;B01
201000066101;0;7;0;0;2;7;1;A01
201000066101;0;2;0;0;2;1;1;B01
201000066102;0;34;0;0;0;0;16;A01
201000066103;0;34;0;0;2;8;2;B01
201000066103;0;7;0;0;2;3;15;A01
201000066104;0;7;0;0;2;8;1;B01
201000066104;0;2;0;0;2;1;1;A01
201000066105;0;7;0;0;2;8;15;B01
201000066105;0;31;0;0;2;7;17;A01
201000066106;0;30;0;0;1;1;1;A01
201000066107;0;33;0;0;2;2;17;A01
201000066107;0;10;0;0;2;3;20;B01
201000066108;0;33;0;0;2;2;17;B01
201000066108;0;7;0;0;2;3;13;A01
201000066109;0;30;0;0;0;1;1;B01
201000066109;0;7;0;0;0;8;1;A01
201000066110;1;7;0;0;1;4;4;A01
201000066111;0;30;0;0;1;0;17;A01
201000066112;0;32;0;0;2;8;16;A01
201000066112;1;10;0;0;2;7;16;Z01
201000066113;0;10;0;0;2;7;23;A01
201000066113;0;32;0;0;2;1;18;B01
201000066114;0;30;0;0;0;7;21;A01
201000066115;0;33;0;0;1;1;1;A01
201000066116;0;2;0;0;0;8;1;A01
201000066117;0;32;0;1;0;3;17;A01
201000066118;0;2;0;12;0;3;21;A01
201000066119;0;33;0;0;2;1;1;B01
201000066119;0;7;0;0;2;8;9;A01
201000066120;0;7;0;0;2;2;15;A01
201000066120;0;7;0;0;2;1;1;B01
201000066121;2;30;0;0;2;2;1;A01
201000066121;0;7;0;0;0;6;1;B01
201000066122;0;30;0;0;2;2;17;A01
201000066122;0;7;0;0;2;3;15;B01
201000066123;1;7;0;0;2;1;1;Z01
201000066123;0;7;0;0;1;8;1;A01
201000066124;1;2;0;0;0;0;1;Z01
201000066125;0;33;0;0;0;4;23;B01
201000066125;0;7;0;0;2;3;1;A01
201000066126;0;7;0;0;1;2;1;A01
201000066127;0;7;0;0;0;4;23;B01
201000066127;0;32;0;0;2;1;1;A01
201000066128;0;7;0;4;0;2;1;A01
201000066129;0;30;0;0;1;1;1;A01
201000066130;0;7;0;0;1;2;1;A01
201000066131;0;34;0;0;1;2;17;A01
201000066132;0;2;0;0;1;1;1;A01
201000066133;0;37;25;0;2;2;15;A01
201000066133;0;33;0;14;2;4;1;B01
201000066134;0;7;0;0;2;1;9;B01
201000066134;0;34;0;0;2;1;17;A01
201000066135;0;31;0;0;0;8;21;A01
201000066136;0;7;0;0;1;1;16;A01
201000066137;0;32;0;0;2;1;1;A01
201000066137;0;10;0;0;2;6;20;B01
201000066138;0;7;0;0;1;1;1;A01
201000066139;0;7;0;0;2;1;1;A01
201000066139;0;7;0;0;2;8;1;B01
201000066140;2;7;0;0;2;6;2;Z01
201000066140;0;7;0;0;2;6;23;A01
201000066141;0;30;0;1;0;1;17;A01
201000066142;0;10;0;0;1;1;15;A01
201000066143;0;7;0;0;2;3;15;B01
201000066143;0;30;0;0;2;8;18;A01
201000066144;0;30;0;0;2;2;1;B01
201000066144;0;7;0;0;2;3;15;A01
201000066145;0;7;0;0;2;1;23;B01
201000066145;0;30;0;0;2;3;17;A01
201000066146;0;7;0;0;1;3;1;A01
201000066147;0;7;0;0;2;7;14;A01
201000066147;0;1;0;0;2;3;1;B01
201000066148;1;34;0;0;1;3;1;Z01
201000066149;0;7;0;0;2;5;16;A01
201000066149;0;1;0;0;2;3;1;B01
201000066150;0;7;0;0;2;0;2;A01
201000066150;0;34;0;0;2;0;2;B01
201000066151;0;10;0;0;2;5;10;A01
201000066151;0;33;0;0;2;1;1;B01
201000066152;0;7;0;0;2;8;1;A01
201000066152;0;7;0;0;2;3;1;B01
201000066153;0;2;0;0;0;0;1;A01
201000066154;0;33;0;0;2;1;1;B01
201000066154;0;30;0;0;2;1;17;A01
201000066155;0;30;0;0;1;1;1;A01
201000066156;0;7;0;0;1;4;16;A01
201000066157;0;7;0;0;2;1;13;A01
201000066157;0;37;1;0;2;3;1;B01
201000066158;0;7;0;0;2;2;1;A01
201000066158;2;7;0;0;2;3;1;Z01
201000066159;0;7;0;0;1;3;15;A01
201000066160;0;7;0;0;2;5;1;A01
201000066160;0;32;0;0;2;1;1;B01
201000066161;0;33;0;0;2;7;1;B01
201000066161;0;7;0;0;2;1;15;A01
201000066162;0;7;0;0;1;2;1;A01
201000066163;0;7;0;0;2;1;1;A01
201000066163;0;7;0;8;2;7;1;B01
201000066164;0;33;0;0;2;4;2;B01
201000066164;0;33;0;0;2;1;2;A01
201000066165;0;31;0;0;0;0;15;A01
201000066166;0;34;0;0;1;1;1;A01
201000066167;0;31;0;0;1;1;17;A01
201000066168;0;32;0;1;0;1;14;A01
201000066169;0;7;0;0;1;2;1;A01
201000066170;0;2;0;0;0;8;1;A01
201000066171;0;13;0;0;1;2;1;A01
201000066172;0;30;0;0;2;7;1;B01
201000066172;0;7;0;0;2;4;1;C01
201000066172;2;7;0;15;2;1;1;A01
201000066173;0;32;0;0;2;6;15;B01
201000066173;0;30;0;0;2;1;17;A01
201000066174;0;10;0;15;0;1;13;A01
201000066175;1;7;0;0;2;1;15;Z01
201000066175;0;2;0;0;2;1;1;A01
201000066176;0;7;0;11;0;1;13;A01
201000066177;0;37;1;0;2;3;23;B01
201000066177;0;31;0;0;2;2;17;A01