num_acc;senc;catv;occutc;obs;obsm;choc;manv;num_veh
201000066178;0;7;0;0;2;3;13;A01
201000066178;0;33;0;0;2;1;17;B01
201000066179;0;7;0;0;2;6;2;B01
201000066179;0;31;0;0;2;1;2;A01
201000066179;0;7;0;0;2;3;1;C01
201000066180;0;17;0;0;1;7;1;A01
201000066181;0;7;0;6;0;1;1;A01
201000066182;0;7;0;0;2;3;1;A01
201000066182;0;7;0;0;2;6;1;B01
201000066183;0;7;0;0;1;2;1;A01
201000066184;0;7;0;0;1;3;1;A01
201000066185;0;7;0;1;2;2;14;B01
201000066185;0;33;0;0;2;0;17;A01
201000066186;0;37;1;0;2;6;23;B01
201000066186;0;32;0;0;2;1;1;A01
201000066187;0;7;0;0;2;7;12;A01
201000066187;0;34;0;8;2;8;7;B01
201000066188;0;20;0;0;1;0;4;A01
201000066189;0;1;0;0;2;2;23;B01
201000066189;0;7;0;0;2;3;4;A01
201000066190;0;7;0;0;1;3;7;A01
201000066191;0;14;0;0;1;8;1;A01
201000066192;0;37;2;0;1;7;16;A01
201000066193;1;7;0;1;1;1;1;Z01
201000066194;0;37;1;0;1;7;7;A01
201000066195;0;32;0;12;0;1;14;A01
201000066196;0;10;0;0;2;1;1;A01
201000066196;0;1;0;0;2;1;1;B01
201000066197;0;10;0;0;1;8;7;A01
201000066198;0;7;0;0;2;8;22;A01
201000066198;0;33;0;0;2;7;1;B01
201000066199;0;7;0;0;2;1;1;C01
201000066199;0;3;0;12;2;1;1;B01
201000066199;0;7;0;0;2;1;17;A01
201000066200;0;7;0;0;2;1;2;A01
201000066200;0;7;0;0;2;4;23;B01
201000066201;0;7;0;0;2;3;5;A01
201000066201;0;7;0;1;2;7;1;B01
201000066202;0;32;0;0;2;1;1;B01
201000066202;0;10;0;0;2;3;15;A01
201000066203;0;30;0;12;0;7;14;A01
201000066204;0;30;0;0;2;1;13;A01
201000066204;0;32;0;0;2;4;23;B01
201000066205;0;7;0;0;1;7;7;A01
201000066206;0;2;0;14;0;1;13;A01
201000066207;0;33;0;0;2;1;17;B01
201000066207;0;7;0;0;2;8;10;A01
201000066208;0;2;0;0;1;1;1;A01
201000066209;0;7;0;0;2;8;10;A01
201000066209;0;33;0;0;2;1;1;B01
201000066210;0;14;0;0;2;5;15;B01
201000066210;0;7;0;0;2;8;23;C01
201000066210;0;33;0;0;2;8;3;A01
201000066211;0;7;0;0;2;4;2;C01
201000066211;0;14;0;0;2;3;2;A01
201000066211;0;2;0;0;2;4;2;B01
201000066212;0;34;0;0;1;2;1;A01
201000066213;0;37;25;0;1;1;1;A01
201000066214;0;30;0;1;0;2;14;A01
201000066215;0;32;0;0;2;1;1;B01
201000066215;0;7;0;0;2;2;15;A01
201000066216;0;7;0;0;2;7;1;B01
201000066216;0;7;0;0;2;8;21;A01
201000066217;0;7;0;0;2;3;22;A01
201000066217;0;1;0;0;2;1;1;B01
201000066218;0;7;0;0;1;2;1;A01
201000066219;0;2;0;14;9;7;14;A01
201000066220;0;10;0;0;1;6;4;A01
201000066221;0;33;0;0;2;7;2;A01
201000066221;0;7;0;0;2;5;16;B01
201000066222;0;34;0;2;0;1;1;A01
201000066223;0;7;0;0;2;2;2;A01
201000066223;0;7;0;0;2;9;23;B01
201000066224;0;33;0;0;2;5;2;A01
201000066224;0;10;0;0;2;5;2;B01
201000066225;0;7;0;14;0;9;13;A01
201000066226;0;37;8;0;1;7;1;A01
201000066227;0;31;0;0;2;1;2;A01
201000066227;0;10;0;0;2;4;2;B01
201000066228;0;7;0;0;1;1;15;A01
201000066229;0;7;0;14;0;6;13;A01
201000066230;0;7;0;0;2;3;15;A01
201000066230;0;30;0;1;2;8;1;B01
201000066231;0;30;0;14;0;8;13;A01
201000066232;0;7;0;0;2;3;1;B01
201000066232;0;7;0;0;2;1;1;A01
201000066233;0;7;0;0;2;2;16;A01
201000066233;0;33;0;0;2;1;1;B01
201000066234;0;31;0;1;2;8;17;A01
201000066234;0;7;0;0;2;8;1;B01
201000066235;0;7;0;0;1;2;1;A01
201000066236;0;7;0;0;2;1;1;A01
201000066236;0;7;0;0;2;6;1;B01
201000066237;0;32;0;14;0;3;13;A01
201000066238;0;34;0;0;1;2;1;A01
201000066239;0;10;0;0;1;1;1;A01
201000066240;0;33;0;0;1;1;1;A01
201000066241;0;2;0;1;0;0;14;A01
201000066242;0;7;0;0;2;6;15;B01
201000066242;0;33;0;0;2;2;2;A01
201000066243;0;30;0;0;0;8;1;A01
201000066244;0;34;0;0;2;1;13;A01
201000066244;0;31;0;0;2;1;1;B01
201000066245;0;10;0;0;2;2;1;C01
201000066245;0;7;0;0;2;3;1;B01
201000066245;0;7;0;0;2;3;11;A01
201000066246;0;33;0;0;2;0;2;B01
201000066246;0;33;0;0;2;1;2;A01
201000066247;0;34;0;12;0;8;13;A01
201000066248;0;1;0;0;1;3;1;A01
201000066249;0;7;0;0;1;3;17;A01
201000066250;0;32;0;14;0;2;14;A01
201000066251;0;7;0;0;2;4;23;C01
201000066251;0;7;0;0;2;4;23;B01
201000066251;0;33;0;4;2;1;2;A01
201000066252;0;2;0;0;1;1;17;A01
201000066253;0;33;0;0;1;0;1;A01
201000066254;0;32;0;0;1;1;1;A01
201000066255;0;7;0;0;2;7;1;A01
201000066255;0;31;0;0;2;8;3;B01
201000066256;0;7;0;3;0;3;14;A01
201000066257;0;7;0;0;2;0;15;B01
201000066257;0;32;0;8;2;1;5;A01
201000066258;0;7;0;0;2;8;16;B01
201000066258;0;30;0;0;2;7;17;A01
201000066259;0;7;0;0;1;5;4;A01
201000066260;0;2;0;12;0;1;13;A01
201000066261;0;7;0;0;2;1;5;A01
201000066261;0;7;0;0;2;1;1;B01
201000066262;0;31;0;0;2;3;13;A01
201000066262;0;14;0;0;2;2;1;B01
201000066263;0;7;0;0;1;3;1;A01
201000066264;0;31;0;0;2;1;13;A01
201000066264;0;7;0;0;2;6;1;B01
201000066265;0;31;0;0;0;7;1;A01
201000066266;0;7;0;0;1;2;16;A01
201000066267;0;7;0;0;2;6;1;B01
201000066267;1;7;0;0;2;0;15;A01
201000066268;0;31;0;0;2;1;1;A01
201000066268;0;34;0;0;2;0;1;B01
201000066269;0;33;0;0;2;1;2;A01
201000066269;0;7;0;0;2;6;2;B01
201000066270;0;7;0;0;1;1;1;A01
201000066271;0;33;0;0;2;5;7;B01
201000066271;0;7;0;0;2;3;1;A01
201000066272;0;30;0;12;0;7;14;A01
201000066273;1;34;0;8;1;1;1;Z01
201000066274;0;7;0;0;2;3;1;B01
201000066274;0;30;0;0;2;7;1;A01
201000066275;0;32;0;1;0;1;13;A01
201000066276;0;1;0;0;2;7;14;B01
201000066276;0;33;0;12;2;8;18;A01
201000066277;0;32;0;0;0;8;1;A01
201000066278;0;32;0;10;2;8;1;B01
201000066278;0;15;0;0;2;7;12;A01
201000066279;0;7;0;6;0;1;13;A01
201000066280;0;37;0;0;1;7;1;A01
201000066281;0;10;0;0;2;6;1;B01
201000066281;0;33;0;0;2;2;3;A01
201000066282;0;33;0;0;2;1;1;B01
201000066282;0;10;0;0;2;1;15;A01
201000066283;0;7;0;0;2;7;1;B01
201000066283;0;2;0;0;2;3;3;A01
201000066284;0;32;0;8;2;2;18;B01
201000066284;0;7;0;0;2;2;16;A01
201000066285;0;32;0;0;2;8;1;A01
201000066285;0;7;0;0;2;1;1;B01
201000066286;0;30;0;0;2;1;1;A01
201000066286;0;7;0;0;2;7;1;B01
201000066287;0;7;0;0;2;1;2;A01
201000066287;0;7;0;8;2;4;23;B01
201000066288;0;7;0;0;1;1;1;A01
201000066289;0;30;0;0;2;1;1;A01
201000066289;0;7;0;0;2;6;1;B01
201000066290;0;37;0;0;1;5;1;A01
201000066291;0;7;0;0;2;1;1;A01
201000066291;0;33;0;0;2;8;1;B01
201000066292;0;7;0;0;2;8;7;B01
201000066292;0;7;0;7;2;8;13;A01
201000066293;0;34;0;14;0;0;15;A01
201000066294;0;7;0;0;1;3;1;A01
201000066295;0;7;0;0;2;6;15;B01
201000066295;0;33;0;0;2;2;1;A01
201000066296;0;33;0;14;0;1;13;A01
201000066297;0;7;0;0;2;3;1;A01
201000066297;0;32;0;0;2;1;1;B01
201000066298;0;7;0;0;1;1;1;A01
201000066299;0;33;0;0;1;1;1;A01
201000066300;0;7;0;0;2;6;1;C01
201000066300;0;7;0;0;2;2;11;A01
201000066300;0;10;0;0;2;6;1;D01
201000066300;0;33;0;4;2;2;3;B01
201000066301;0;7;0;0;1;1;15;A01
201000066302;0;7;0;1;1;1;1;A01
201000066303;0;32;0;10;0;1;1;A01
201000066303;0;10;0;0;2;4;23;B01
201000066304;0;32;0;9;0;1;1;A01
201000066305;0;17;0;0;1;5;1;A01
201000066306;0;30;0;0;1;1;1;A01
201000066307;0;7;0;0;2;3;15;A01
201000066307;0;2;0;0;2;6;7;B01
201000066308;0;31;0;1;2;1;1;A01
201000066308;0;10;0;0;2;5;9;B01
201000066309;0;7;0;0;1;2;14;A01
201000066310;0;33;0;12;0;1;1;A01
201000066311;0;32;0;0;1;0;1;A01
201000066312;0;1;0;0;0;8;21;A01
201000066313;0;7;0;0;2;3;9;A01
201000066313;0;33;0;0;2;1;1;B01
201000066314;0;10;0;0;2;3;13;A01
201000066314;0;34;0;0;2;1;1;B01
201000066315;0;1;0;12;0;5;15;A01
201000066316;0;33;0;0;2;1;2;A01
201000066316;0;7;0;0;2;5;2;B01
201000066317;0;33;0;0;2;1;1;A01
201000066317;0;7;0;1;2;7;1;B01
201000066318;0;7;0;0;2;5;23;B01
201000066318;0;34;0;0;2;8;2;A01
201000066319;0;32;0;0;2;1;1;B01
201000066319;0;7;0;0;2;7;1;A01
201000066320;0;32;0;1;0;2;13;A01
201000066321;0;38;47;0;2;7;16;A01
201000066321;0;1;0;0;2;1;1;B01
201000066322;0;30;0;0;2;1;1;B01
201000066322;0;7;0;0;2;2;15;A01
201000066323;0;7;0;0;1;3;1;A01
201000066324;0;30;0;0;2;7;18;B01
201000066324;0;10;0;0;2;3;1;A01
201000066325;0;1;0;12;0;1;12;A01
201000066326;0;33;0;4;2;7;1;A01
201000066326;0;32;0;0;2;6;3;B01
201000066327;0;32;0;0;2;7;1;B01
201000066327;0;7;0;0;2;3;11;A01
201000066328;0;31;0;0;1;1;1;A01
201000066329;0;30;0;0;2;1;1;B01
201000066329;0;10;0;0;2;7;15;A01
201000066330;0;37;1;0;1;5;1;A01
201000066331;0;7;0;0;1;8;1;A01
201000066332;0;7;0;11;1;3;14;A01
201000066333;0;31;0;7;0;1;13;A01
201000066334;0;37;0;0;1;2;1;A01
201000066335;0;30;0;0;1;1;17;A01
201000066336;0;31;0;0;1;1;1;A01
201000066337;0;30;0;12;2;8;1;B01
201000066337;0;14;0;0;2;0;17;A01
201000066338;0;10;0;0;1;3;15;A01
201000066339;0;33;0;4;2;1;3;A01
201000066339;0;7;0;0;2;4;1;B01
201000066340;0;1;0;12;2;7;2;A01
201000066340;0;1;0;0;2;0;2;B01
201000066340;0;1;0;0;2;8;2;E01
201000066340;0;1;0;0;2;1;2;D01
201000066340;0;1;0;0;2;0;2;C01
201000066340;0;1;0;0;2;8;2;F01
201000066341;0;7;0;0;2;2;22;B01
201000066341;0;30;0;0;2;1;18;A01
201000066342;0;30;0;0;1;1;1;A01
201000066343;0;2;0;0;2;1;1;B01
201000066343;0;7;0;0;2;7;1;A01
201000066344;0;2;0;0;9;7;1;B01
201000066344;0;33;0;0;9;8;1;A01
201000066345;0;14;0;0;1;1;1;A01
201000066346;0;31;0;0;2;9;1;C01
201000066346;0;15;0;0;2;2;12;A01
201000066346;0;7;0;0;2;2;1;D01
201000066346;0;7;0;0;2;8;1;B01
201000066347;0;33;0;0;2;1;1;B01
201000066347;0;10;0;0;2;2;15;A01
201000066348;0;34;0;3;0;1;1;A01
201000066349;1;7;0;0;1;3;1;Z01
201000066350;0;33;0;0;2;1;1;A01
201000066350;0;33;0;0;2;7;1;B01
201000066351;0;7;0;0;1;3;1;A01
201000066352;0;33;0;0;0;9;1;A01
201000066352;0;33;0;0;0;9;1;B01
201000066353;0;33;0;4;0;0;1;A01
201000066354;0;31;0;1;0;1;1;A01
201000066355;0;7;0;0;2;2;1;B01
201000066355;0;30;0;0;2;1;1;A01
201000066356;0;7;0;0;2;3;1;B01
201000066356;0;33;0;0;2;4;15;A01
201000066357;0;7;0;0;2;6;15;A01
201000066357;0;2;0;0;2;7;15;B01
201000066358;0;7;0;0;1;3;1;A01
201000066359;0;2;0;0;2;1;1;B01
201000066359;0;7;0;0;2;2;15;A01
201000066360;0;2;0;0;2;1;17;B01
201000066360;0;7;0;0;2;3;15;A01
201000066361;0;32;0;0;2;7;17;B01
201000066361;0;7;0;0;9;3;10;A01
201000066362;0;7;0;0;1;3;1;A01
201000066363;0;7;0;0;1;2;1;A01
201000066364;0;32;0;0;1;1;1;A01
201000066365;0;32;0;0;1;1;1;A01
201000066366;0;37;1;0;2;2;15;B01
201000066366;0;32;0;0;2;1;1;A01
201000066367;0;30;0;0;2;4;1;B01
201000066367;0;7;0;0;2;1;1;A01
201000066368;0;30;0;0;0;1;1;A01
201000066369;0;7;0;0;2;3;1;B01
201000066369;0;32;0;0;2;5;14;A01
201000066370;0;1;0;0;0;0;1;A01
201000066371;0;32;0;6;0;2;1;A01
201000066372;0;7;0;0;1;1;1;A01
201000066373;0;7;0;0;2;2;10;A01
201000066373;0;33;0;0;2;1;1;B01
201000066374;0;7;0;0;0;8;22;A01
201000066374;0;1;0;1;0;1;1;B01
201000066375;0;33;0;1;2;1;1;B01
201000066375;0;7;0;0;2;2;15;A01
201000066376;0;33;0;0;2;3;1;B01
201000066376;0;2;0;0;2;1;1;A01
201000066377;0;7;0;0;1;1;1;A01
201000066377;0;7;0;0;2;1;1;B01
201000066378;0;33;0;1;2;1;5;A01
201000066378;0;7;0;0;2;1;15;B01
201000066379;0;7;0;0;1;1;1;A01
201000066380;0;7;0;0;1;2;1;A01
201000066381;0;33;0;0;2;2;1;A01
201000066381;0;7;0;0;2;3;1;B01
201000066382;0;7;0;0;1;3;1;A01
201000066383;0;30;0;8;0;1;14;A01
201000066384;0;10;0;0;1;7;1;A01
201000066385;0;7;0;11;1;1;4;A01
201000066386;0;10;0;0;1;2;1;A01
201000066387;0;10;0;0;2;6;23;B01
201000066387;0;33;0;0;2;1;2;A01
201000066388;0;30;0;0;1;2;1;A01
201000066389;0;30;0;0;2;1;13;A01
201000066389;0;10;0;0;2;3;1;B01
201000066390;0;32;0;0;1;1;17;A01
201000066391;0;32;0;0;1;3;1;A01
201000066392;0;34;0;12;0;2;14;A01
201000066393;0;7;0;0;2;3;10;A01
201000066393;0;33;0;0;2;2;1;B01
201000066394;0;32;0;0;2;5;23;C01
201000066394;0;33;0;0;2;2;2;A01
201000066394;0;7;0;0;2;6;23;B01
201000066395;0;32;0;12;0;7;14;A01
201000066396;0;7;0;0;2;8;10;A01
201000066396;0;32;0;0;2;1;1;B01
201000066397;0;32;0;0;2;1;1;A01
201000066397;0;10;0;0;2;2;1;B01
201000066398;0;31;0;0;2;2;1;B01
201000066398;0;10;0;0;2;6;11;A01
201000066399;0;33;0;14;0;1;14;A01
201000066400;0;33;0;0;2;7;21;B01
201000066400;0;33;0;0;2;3;21;A01
201000066401;0;33;0;12;0;1;17;A01
201000066402;0;33;0;0;0;0;1;A01
201000066403;0;37;6;0;1;2;7;A01
201000066404;1;7;0;0;2;2;14;Z01
201000066404;0;32;0;0;2;8;23;A01
201000066405;0;31;0;12;0;1;13;A01
201000066406;0;33;0;0;2;1;1;B01
201000066406;0;7;0;0;2;2;1;A01
201000066407;0;7;0;0;2;6;1;B01
201000066407;0;7;0;0;2;1;1;A01
201000066408;0;33;0;0;2;7;1;A01
201000066408;0;7;0;0;2;1;1;B01
201000066409;0;7;0;0;1;1;1;A01
201000066410;0;33;0;4;2;2;3;A01
201000066410;0;7;0;0;2;5;1;C01
201000066410;0;10;0;0;2;6;1;B01
201000066411;0;7;0;0;2;1;1;A01
201000066411;0;1;0;0;2;1;5;B01
201000066412;0;33;0;1;2;1;1;A01
201000066412;0;7;0;0;2;8;13;B01
201000066413;0;7;0;0;1;3;1;A01
201000066414;0;33;0;10;0;5;14;A01
201000066415;0;7;0;7;0;1;14;A01
201000066416;0;34;0;8;2;3;1;B01
201000066416;0;7;0;0;2;3;15;A01
201000066417;0;1;0;0;2;2;15;A01
201000066417;0;34;0;1;2;1;1;B01
201000066418;0;33;0;12;0;1;14;A01
201000066419;0;7;0;0;2;1;2;A01
201000066419;0;7;0;0;2;4;23;B01
201000066420;0;38;0;7;0;1;14;A01
201000066421;0;2;0;0;2;8;2;A01
201000066421;0;7;0;0;2;5;2;B01
201000066422;0;32;0;0;2;0;1;A01
201000066422;0;10;0;0;2;0;10;B01
201000066423;0;7;0;0;2;3;1;B01
201000066423;0;33;0;4;2;8;17;A01
201000066424;0;33;0;6;0;1;1;A01
201000066425;0;31;0;0;0;8;21;A01
201000066426;0;10;0;1;0;2;14;A01
201000066427;0;10;0;0;2;0;1;A01
201000066427;0;2;0;0;2;8;1;B01
201000066428;0;7;0;0;2;3;1;B01
201000066428;0;7;0;0;2;1;1;A01
201000066429;0;10;0;0;1;2;7;A01
201000066430;0;7;0;0;2;1;2;A01
201000066430;0;7;0;0;2;4;23;B01
201000066431;0;30;0;0;0;7;1;A01
201000066432;0;7;0;0;2;1;2;A01
201000066432;0;7;0;0;2;4;2;B01
201000066433;0;31;0;0;2;5;17;A01
201000066433;0;7;0;0;2;3;1;B01
201000066434;0;7;0;0;1;1;1;A01
201000066435;0;33;0;0;2;4;1;C01
201000066435;0;31;0;0;2;7;1;A01
201000066435;0;7;0;0;2;8;20;B01
201000066436;0;33;0;0;2;1;2;A01
201000066436;0;7;0;0;2;4;2;B01
201000066437;0;33;0;0;2;1;2;A01
201000066437;0;33;0;0;2;4;12;C01
201000066437;0;31;0;0;2;4;2;B01
201000066438;1;31;0;0;1;1;1;Z01
201000066439;0;7;0;0;1;2;1;A01
201000066440;0;10;0;4;0;1;13;A01
201000066441;0;7;0;0;2;1;1;B01
201000066441;0;7;0;0;2;3;9;A01
201000066442;0;30;0;0;2;1;1;A01
201000066442;0;7;0;0;2;1;15;B01
201000066443;0;33;0;0;2;2;17;B01
201000066443;0;7;0;0;2;3;10;A01
201000066444;0;33;0;9;0;1;13;A01
201000066445;0;30;0;7;0;1;16;A01
201000066446;0;10;0;0;2;1;1;A01
201000066446;0;7;0;0;2;7;1;B01
201000066447;0;7;0;0;2;2;16;A01
201000066447;0;32;0;0;2;1;1;B01
201000066448;0;7;0;0;2;1;1;A01
201000066448;0;33;0;0;2;1;1;B01
201000066449;0;33;0;0;2;8;1;B01
201000066449;0;7;0;0;2;6;23;C01
201000066449;0;33;0;0;2;1;3;A01
201000066450;0;32;0;0;0;8;1;A01
201000066451;0;34;0;0;2;1;2;A01
201000066451;0;7;0;0;2;6;4;B01
201000066452;0;7;0;6;2;1;1;B01
201000066452;0;7;0;1;2;2;1;A01
201000066453;0;7;0;1;1;3;1;A01
201000066454;0;7;0;0;2;1;1;B01
201000066454;0;7;0;1;2;8;1;A01
201000066455;0;33;0;0;1;3;15;A01
201000066456;0;7;0;11;0;2;14;A01
201000066457;0;33;0;0;2;3;18;A01
201000066457;0;10;0;0;2;7;22;B01
201000066458;1;7;0;0;2;3;1;Z01
201000066458;0;31;0;0;2;0;1;A01
201000066459;0;34;0;14;2;6;7;B01
201000066459;0;33;0;0;2;1;1;A01
201000066460;0;37;1;0;1;2;1;A01
201000066461;0;31;0;8;2;8;1;B01
201000066461;0;7;0;0;2;3;15;A01
201000066462;0;33;0;0;2;1;23;A01
201000066462;0;7;0;0;2;4;2;B01
201000066463;0;7;0;0;2;3;15;A01
201000066463;0;7;0;0;2;3;1;B01
201000066464;0;31;0;0;2;1;1;A01
201000066464;0;7;0;0;2;3;1;B01
201000066465;0;33;0;0;0;0;1;A01
201000066466;0;7;0;0;2;1;2;A01
201000066466;0;10;0;0;2;4;2;C01
201000066466;0;7;0;0;2;4;2;B01
201000066467;0;7;0;0;1;1;18;A01
201000066468;0;7;0;1;1;2;1;A01
201000066469;0;33;0;14;0;1;1;A01
201000066469;0;7;0;0;0;6;23;B01
201000066470;1;7;0;0;2;8;22;Z01
201000066470;0;31;0;14;2;1;17;A01
201000066470;0;7;0;0;2;1;1;B01
201000066471;0;32;0;0;2;1;1;B01
201000066471;0;7;0;0;2;2;15;A01
201000066472;0;32;0;7;0;1;1;A01
201000066473;0;2;0;0;2;1;1;B01
201000066473;0;10;0;0;2;2;15;A01
201000066474;0;32;0;0;0;0;1;A01
201000066475;0;7;0;0;1;3;1;A01
201000066476;0;30;0;0;2;7;1;C01
201000066476;0;33;0;0;2;1;1;B01
201000066476;0;7;0;0;2;1;1;A01
201000066477;0;14;0;0;1;2;1;A01
201000066478;0;7;0;7;0;2;13;A01
201000066479;1;10;0;0;2;0;1;Z01
201000066479;0;1;0;0;2;2;5;A01
201000066480;0;14;0;0;2;4;11;B01
201000066480;0;7;0;0;2;1;1;A01
201000066481;1;34;0;0;1;1;1;Z01
201000066482;0;10;0;0;1;2;1;A01
201000066483;0;34;0;0;2;3;3;A01
201000066483;0;7;0;0;2;5;23;D01
201000066483;0;7;0;0;2;3;1;C01
201000066483;0;7;0;0;2;3;14;B01
201000066484;0;7;0;0;2;3;15;A01
201000066484;0;31;0;0;2;1;1;B01
201000066485;0;7;0;0;2;1;1;B01
201000066485;0;7;0;0;2;6;1;A01
201000066486;0;32;0;0;2;1;17;B01
201000066486;0;7;0;0;4;3;10;A01
201000066487;0;33;0;0;1;1;1;A01
201000066488;0;2;0;0;2;8;1;A01
201000066488;0;7;0;0;2;4;23;B01
201000066489;0;37;0;0;0;6;1;A01
201000066490;0;7;0;0;2;3;1;C01
201000066490;0;33;0;0;2;1;5;A01
201000066490;0;7;0;0;2;6;1;B01
201000066491;0;7;0;0;2;3;15;B01
201000066491;0;33;0;0;2;2;17;A01
201000066492;0;7;0;0;2;1;1;A01
201000066492;0;7;0;0;2;2;1;B01
201000066493;0;32;0;11;0;1;21;A01
201000066494;0;32;0;12;0;2;1;A01
201000066495;0;7;0;0;1;1;15;A01
201000066496;0;7;0;0;2;1;1;A01
201000066496;0;7;0;1;2;8;1;B01
201000066497;0;7;0;0;1;3;16;A01
201000066498;0;7;0;9;1;2;7;A01
201000066498;0;7;0;0;2;1;15;B01
201000066499;0;31;0;0;1;4;23;C01
201000066499;0;7;0;0;0;2;1;A01
201000066499;0;7;0;0;0;6;23;B01
201000066500;0;10;0;0;1;4;4;A01
201000066501;0;32;0;0;2;1;15;A01
201000066501;0;14;0;0;2;3;1;B01
201000066502;0;7;0;0;2;2;16;B01
201000066502;0;32;0;0;2;3;18;A01
201000066503;0;32;0;0;2;1;1;B01
201000066503;0;7;0;0;2;6;15;A01
201000066504;0;1;0;0;2;8;1;B01
201000066504;0;38;22;0;2;2;14;A01
201000066505;0;7;0;0;2;2;16;B01
201000066505;0;32;0;0;2;3;18;A01
201000066506;0;32;0;8;0;1;14;A01
201000066507;0;31;0;1;1;1;1;A01
201000066508;0;7;0;0;1;2;1;A01
201000066509;0;33;0;0;2;1;1;B01
201000066509;0;7;0;0;2;2;1;A01
201000066510;0;7;0;0;2;3;10;A01
201000066510;0;31;0;0;2;1;3;B01
201000066511;0;1;0;0;2;9;1;B01
201000066511;0;14;0;0;9;2;16;A01
201000066512;0;2;0;0;2;8;3;A01
201000066512;0;7;0;0;2;2;1;B01
201000066513;0;31;0;0;1;3;1;A01
201000066514;0;34;0;0;2;9;15;A01
201000066514;0;7;0;0;2;2;1;B01
201000066515;0;30;0;0;2;1;1;B01
201000066515;0;7;0;0;2;4;4;A01
201000066516;0;32;0;0;0;1;21;A01
201000066517;0;7;0;0;2;3;1;A01
201000066517;0;32;0;0;2;2;1;B01
201000066518;0;10;0;0;2;2;1;A01
201000066518;0;33;0;0;2;7;1;B01
201000066519;0;33;0;0;2;1;12;A01
201000066519;0;7;0;0;0;5;1;B01
201000066520;0;37;13;0;1;2;8;A01
201000066521;0;10;0;8;2;5;1;A01
201000066521;0;7;0;0;2;1;1;B01
201000066522;0;7;0;0;2;8;9;A01
201000066522;0;34;0;0;2;7;1;B01
201000066523;0;37;1;0;1;2;7;A01
201000066524;0;7;0;0;1;2;16;A01
201000066525;0;31;0;0;0;6;1;B01
201000066525;0;34;0;12;2;1;17;A01
201000066526;0;7;0;0;2;6;1;D01
201000066526;1;7;0;0;2;4;1;A01
201000066526;1;10;0;0;2;0;1;Z01
201000066526;0;32;0;0;2;8;3;C01
201000066526;0;32;0;0;2;8;3;B01
201000066527;0;32;0;0;0;7;1;A01
201000066528;0;30;0;0;2;8;9;A01
201000066528;0;7;0;0;2;3;1;B01
201000066529;1;30;0;0;2;1;1;Z01
201000066529;0;7;0;0;2;8;23;A01
201000066530;0;14;0;0;2;1;1;A01
201000066530;0;10;0;0;2;7;1;B01
201000066531;0;31;0;0;2;4;1;B01
201000066531;0;7;0;0;1;3;12;A01
201000066531;0;7;0;0;0;4;1;C01
201000066532;0;2;0;0;2;1;1;A01
201000066532;0;7;0;0;2;3;1;B01
201000066533;0;7;0;0;1;7;1;A01
201000066534;0;15;0;0;2;2;1;B01
201000066534;0;7;0;0;2;1;1;C01
201000066534;0;3;0;0;2;3;11;A01
201000066535;0;33;0;14;0;1;1;A01
201000066536;0;31;0;0;2;1;17;B01
201000066536;0;31;0;0;2;6;1;C01
201000066536;0;7;0;0;2;3;9;A01
201000066537;0;1;0;0;2;1;2;B01
201000066537;0;1;0;0;2;4;2;A01
201000066538;0;34;0;0;2;3;7;A01
201000066538;0;7;0;0;2;7;23;B01
201000066539;0;32;0;7;0;3;13;A01
201000066540;0;10;0;0;2;1;1;B01
201000066540;0;33;0;4;2;1;13;A01
201000066541;0;2;0;0;0;7;1;A01
201000066542;0;37;0;0;1;2;7;A01
201000066543;0;7;0;0;2;3;1;B01
201000066543;0;32;0;0;2;3;13;A01
201000066544;0;7;0;0;2;2;15;A01
201000066544;0;7;0;0;2;6;1;C01
201000066544;0;1;0;0;2;8;1;B01
201000066545;0;3;0;15;0;2;14;A01
201000066546;0;7;0;0;2;1;2;A01
201000066546;0;30;0;0;2;4;23;B01
201000066547;0;33;0;0;2;3;1;B01
201000066547;1;7;0;0;2;5;14;A01
201000066548;0;33;0;0;2;7;14;A01
201000066548;0;10;0;0;2;8;1;B01
201000066549;0;7;0;4;0;1;14;A01
201000066550;0;7;0;1;0;3;1;A01
201000066551;0;7;0;0;1;3;1;A01
201000066552;0;33;0;0;2;1;3;A01
201000066552;0;7;0;0;2;4;1;B01
201000066553;0;7;0;0;1;7;1;A01
201000066554;0;7;0;0;2;1;1;A01
201000066554;0;7;0;0;2;4;23;B01
201000066555;0;33;0;0;2;8;1;B01
201000066555;0;34;0;0;2;7;14;A01
201000066556;0;2;0;0;0;8;15;A01
201000066557;0;10;0;0;1;2;1;A01
201000066558;0;2;0;12;0;1;14;A01
201000066559;0;7;0;0;2;3;16;B01
201000066559;0;2;0;0;2;1;1;A01
201000066560;2;7;0;15;1;6;1;Z01
201000066561;0;33;0;0;2;1;1;A01
201000066561;0;7;0;0;2;3;1;B01
201000066562;0;7;0;0;2;8;13;A01
201000066562;0;7;0;4;2;2;1;C01
201000066562;0;7;0;0;2;6;1;B01
201000066563;0;7;0;0;1;2;1;A01
201000066564;0;34;0;9;0;8;21;A01
201000066565;0;2;0;0;2;8;20;A01