num_acc;senc;catv;occutc;obs;obsm;choc;manv;num_veh
201000066565;1;2;0;0;2;0;1;Z01
201000066566;0;10;0;0;2;3;1;A01
201000066566;0;2;0;0;2;8;1;B01
201000066567;0;10;0;0;2;2;16;A01
201000066567;0;7;0;9;2;8;7;B01
201000066568;0;7;0;0;2;8;15;B01
201000066568;0;7;0;9;1;7;17;A01
201000066569;0;7;0;0;2;1;15;A01
201000066569;0;32;0;0;2;1;17;B01
201000066570;0;2;0;0;0;7;1;A01
201000066571;0;32;0;0;2;1;1;B01
201000066571;0;10;0;0;2;3;15;A01
201000066572;0;33;0;0;1;3;1;A01
201000066573;0;10;0;0;1;0;15;A01
201000066574;0;33;0;0;0;0;21;A01
201000066575;0;32;0;0;2;1;15;A01
201000066575;0;10;0;0;2;2;16;B01
201000066576;0;7;0;0;1;1;1;A01
201000066577;0;7;0;0;2;2;1;B01
201000066577;0;7;0;0;2;5;1;A01
201000066578;0;7;0;0;1;1;1;A01
201000066579;0;14;0;0;1;1;1;A01
201000066580;0;2;0;0;2;1;1;B01
201000066580;0;7;0;0;2;2;15;A01
201000066581;2;7;0;11;0;2;17;Z01
201000066582;0;37;1;0;1;2;7;A01
201000066583;0;7;0;0;2;3;15;A01
201000066583;0;32;0;0;2;8;1;B01
201000066584;1;30;0;0;1;0;1;Z01
201000066585;0;31;0;0;2;2;17;A01
201000066585;0;7;0;0;2;3;15;B01
201000066586;0;10;0;0;1;3;15;A01
201000066587;2;7;0;1;2;1;1;Z01
201000066587;0;7;0;0;2;1;15;B01
201000066587;0;7;0;0;2;3;23;A01
201000066588;0;7;0;0;2;7;1;A01
201000066588;0;1;0;0;2;8;0;B01
201000066589;0;32;0;0;0;3;1;A01
201000066590;0;7;0;0;2;3;10;A01
201000066590;0;33;0;0;2;7;1;B01
201000066591;0;7;0;0;2;1;2;A01
201000066591;0;30;0;0;2;4;23;B01
201000066592;0;7;0;0;2;7;15;A01
201000066592;0;32;0;0;2;2;1;B01
201000066593;0;7;0;0;2;8;22;A01
201000066593;0;32;0;0;2;7;17;B01
201000066594;0;7;0;0;2;1;1;A01
201000066594;0;1;0;0;2;7;1;B01
201000066595;0;10;0;0;1;6;4;A01
201000066596;0;7;0;4;0;8;13;A01
201000066597;0;7;0;0;2;3;10;B01
201000066597;0;2;0;0;2;1;17;A01
201000066598;0;32;0;0;2;8;1;B01
201000066598;0;32;0;0;2;8;13;A01
201000066599;0;33;0;1;2;1;2;A01
201000066599;0;7;0;15;2;1;2;B01
201000066600;0;30;0;6;2;3;1;B01
201000066600;0;7;0;0;2;3;1;A01
201000066601;1;7;0;0;2;0;18;Z01
201000066601;0;7;0;4;2;5;12;A01
201000066602;0;7;0;0;2;4;2;B01
201000066602;0;7;0;0;2;4;2;C01
201000066602;0;7;0;0;2;1;2;A01
201000066603;0;13;0;0;2;4;2;C01
201000066603;0;7;0;0;2;4;2;B01
201000066603;0;14;0;0;2;1;2;A01
201000066603;0;7;0;0;2;1;2;D01
201000066604;0;33;0;0;2;1;1;B01
201000066604;0;7;0;0;2;4;11;A01
201000066605;0;7;0;0;2;8;11;A01
201000066605;0;33;0;0;2;8;1;B01
201000066606;0;7;0;0;2;8;1;B01
201000066606;0;2;0;0;2;2;3;A01
201000066607;0;33;0;0;2;1;3;A01
201000066607;0;17;0;0;2;8;1;D01
201000066607;0;7;0;0;2;5;23;B01
201000066607;0;7;0;0;2;2;1;C01
201000066608;0;7;0;4;0;3;13;A01
201000066609;1;7;0;0;2;0;12;Z01
201000066609;0;31;0;0;2;8;3;A01
201000066610;0;7;0;0;2;4;2;B01
201000066610;0;10;0;0;2;1;2;A01
201000066611;0;7;0;0;2;1;2;A01
201000066611;0;10;0;0;2;4;2;B01
201000066612;0;10;0;0;2;8;11;A01
201000066612;0;33;0;4;2;7;1;B01
201000066613;0;7;0;4;0;2;14;A01
201000066614;0;7;0;4;0;5;13;A01
201000066615;0;7;0;4;2;6;11;A01
201000066615;1;7;0;0;2;0;2;Z01
201000066616;0;33;0;0;2;8;1;A01
201000066616;1;7;0;0;2;0;12;Z01
201000066617;0;7;0;4;0;2;14;A01
201000066618;0;7;0;4;0;3;13;A01
201000066619;0;17;0;0;2;2;2;B01
201000066619;0;10;0;0;2;4;23;A01
201000066620;0;7;0;0;2;6;2;B01
201000066620;0;33;0;0;2;2;3;A01
201000066621;0;7;0;0;2;2;12;A01
201000066621;0;34;0;0;2;8;3;B01
201000066622;0;32;0;14;0;8;1;A01
201000066623;0;33;0;0;0;8;1;A01
201000066624;0;31;0;0;2;1;1;B01
201000066624;0;31;0;0;2;4;17;A01
201000066625;1;7;0;0;2;1;2;Z01
201000066625;0;7;0;0;2;4;2;A01
201000066625;0;7;0;0;2;4;2;B01
201000066626;0;15;0;0;2;5;1;B01
201000066626;0;7;0;0;2;8;1;A01
201000066627;1;7;0;0;2;0;12;Z01
201000066627;0;31;0;0;2;8;3;A01
201000066628;0;7;0;0;2;1;12;A01
201000066628;0;7;0;0;2;4;1;B01
201000066629;0;32;0;0;2;7;3;B01
201000066629;0;7;0;0;2;3;11;A01
201000066630;0;7;0;0;2;6;1;B01
201000066630;0;32;0;0;2;1;3;C01
201000066630;0;32;0;0;2;1;3;A01
201000066631;0;32;0;0;0;7;1;A01
201000066632;0;10;0;0;2;5;2;B01
201000066632;0;33;0;0;2;1;2;A01
201000066633;0;33;0;0;2;1;2;A01
201000066633;0;10;0;0;2;5;2;B01
201000066634;0;33;0;0;0;0;16;A01
201000066635;0;7;0;0;2;4;23;B01
201000066635;0;33;0;0;2;1;2;A01
201000066636;0;33;0;0;2;7;1;B01
201000066636;0;7;0;0;2;8;11;A01
201000066637;0;33;0;0;2;1;2;A01
201000066637;0;10;0;0;2;6;2;B01
201000066638;0;7;0;0;2;6;13;B01
201000066638;0;31;0;0;2;7;3;A01
201000066639;0;10;0;0;2;4;23;C01
201000066639;0;7;0;0;2;4;2;B01
201000066639;0;7;0;0;2;1;2;A01
201000066640;0;7;0;0;2;6;11;A01
201000066640;0;31;0;0;2;2;1;B01
201000066641;0;33;0;0;2;4;17;A01
201000066641;0;32;0;0;2;1;1;B01
201000066642;0;32;0;0;2;4;2;A01
201000066642;1;7;0;0;2;4;2;Z01
201000066643;0;7;0;0;2;2;12;A01
201000066643;0;33;0;0;2;3;1;B01
201000066644;0;7;0;0;2;1;2;A01
201000066644;0;7;0;0;2;4;2;C01
201000066644;0;7;0;0;2;4;2;B01
201000066645;0;32;0;0;2;1;2;A01
201000066645;0;7;0;0;2;4;2;B01
201000066646;0;31;0;0;2;1;3;A01
201000066646;0;10;0;0;2;4;1;B01
201000066647;0;32;0;0;2;1;3;A01
201000066647;0;7;0;0;2;5;1;D01
201000066647;0;7;0;0;2;5;1;B01
201000066647;0;32;0;0;2;5;3;C01
201000066648;0;33;0;0;2;1;3;A01
201000066648;0;7;0;0;2;8;11;B01
201000066648;0;33;0;0;2;7;1;C01
201000066649;0;7;0;0;2;5;1;D01
201000066649;0;33;0;0;2;8;3;A01
201000066649;0;7;0;0;2;2;12;B01
201000066649;0;7;0;0;2;7;1;C01
201000066650;0;33;0;12;0;1;13;A01
201000066651;0;33;0;0;0;0;21;A01
201000066652;0;33;0;0;2;7;3;A01
201000066652;0;7;0;0;2;6;13;B01
201000066653;0;7;0;0;2;1;2;A01
201000066653;0;7;0;0;2;4;2;B01
201000066654;0;33;0;0;0;8;1;A01
201000066655;0;31;0;0;2;1;14;A01
201000066655;0;7;0;0;2;6;23;B01
201000066656;0;34;0;0;0;0;3;A01
201000066657;0;7;0;0;2;4;1;C01
201000066657;0;31;0;0;2;2;3;A01
201000066657;0;7;0;0;2;8;11;B01
201000066658;0;31;0;0;2;2;2;A01
201000066658;0;7;0;0;2;6;2;B01
201000066659;0;7;0;0;2;5;23;B01
201000066659;0;10;0;0;2;3;2;A01
201000066660;0;7;0;0;2;1;1;C01
201000066660;1;15;0;0;2;2;12;A01
201000066660;0;7;0;4;2;6;1;B01
201000066661;0;7;0;0;2;4;2;C01
201000066661;0;7;0;0;2;4;2;B01
201000066661;0;7;0;0;2;1;2;A01
201000066662;0;7;0;14;0;1;14;A01
201000066663;0;7;0;0;2;2;14;A01
201000066663;0;32;0;0;2;4;2;B01
201000066663;0;7;0;0;2;6;2;C01
201000066664;0;7;0;0;2;4;2;C01
201000066664;0;7;0;0;2;6;2;B01
201000066664;0;10;0;0;2;1;14;A01
201000066665;0;31;0;0;2;1;3;B01
201000066665;0;31;0;0;2;8;11;A01
201000066666;0;33;0;0;2;3;1;A01
201000066666;1;10;0;0;2;5;16;Z01
201000066667;0;32;0;0;2;3;1;C01
201000066667;0;33;0;0;2;1;2;A01
201000066667;0;10;0;0;2;5;2;B01
201000066668;0;7;0;0;2;4;2;B01
201000066668;0;10;0;0;2;1;2;A01
201000066668;0;7;0;0;2;4;2;C01
201000066669;0;7;0;0;2;8;1;B01
201000066669;0;14;0;0;2;1;12;A01
201000066670;0;7;0;0;2;4;2;C01
201000066670;0;7;0;0;2;1;2;A01
201000066670;0;7;0;0;2;4;2;B01
201000066671;0;7;0;0;2;2;1;B01
201000066671;0;33;0;0;2;8;1;A01
201000066672;0;33;0;0;2;3;3;A01
201000066672;1;7;0;0;2;0;12;Z01
201000066673;0;7;0;0;2;4;2;C01
201000066673;0;7;0;0;2;1;2;A01
201000066673;0;7;0;0;2;4;2;B01
201000066674;0;17;0;0;2;2;12;A01
201000066674;0;7;0;0;2;6;1;B01
201000066675;0;7;0;0;2;8;1;C01
201000066675;0;31;0;0;2;1;3;A01
201000066675;0;7;0;0;2;5;1;B01
201000066676;0;14;0;0;2;2;12;A01
201000066676;0;7;0;4;2;8;1;B01
201000066677;0;7;0;0;2;1;2;A01
201000066677;0;7;0;0;2;4;23;B01
201000066678;0;31;0;0;2;1;1;A01
201000066678;1;7;0;0;2;5;14;Z01
201000066679;0;7;0;0;2;3;1;B01
201000066679;0;33;0;0;2;7;3;A01
201000066679;0;7;0;0;2;4;1;C01
201000066680;0;10;0;0;2;8;1;C01
201000066680;0;7;0;0;2;6;11;A01
201000066680;0;7;0;0;2;7;1;B01
201000066681;0;7;0;0;2;1;2;A01
201000066681;0;7;0;0;2;4;2;B01
201000066682;0;33;0;0;2;1;3;A01
201000066682;0;7;0;0;2;6;11;B01
201000066683;0;31;0;0;2;3;3;A01
201000066683;0;7;0;0;2;7;12;B01
201000066684;0;31;0;0;0;7;1;A01
201000066685;0;7;0;14;2;8;1;B01
201000066685;0;10;0;0;2;5;1;C01
201000066685;0;13;0;0;2;2;12;A01
201000066686;0;33;0;0;2;1;3;B01
201000066686;0;7;0;0;2;5;12;A01
201000066687;0;34;0;0;2;1;3;A01
201000066687;0;31;0;0;2;4;3;B01
201000066687;0;7;0;0;2;5;1;C01
201000066688;0;7;0;0;2;6;1;B01
201000066688;0;33;0;0;2;1;11;A01
201000066689;0;31;0;0;2;1;3;B01
201000066689;0;7;0;0;2;5;12;A01
201000066690;0;32;0;0;2;1;2;A01
201000066690;0;7;0;0;2;5;2;B01
201000066691;0;7;0;0;2;4;2;B01
201000066691;0;31;0;0;2;1;2;A01
201000066692;0;7;0;0;2;6;11;A01
201000066692;0;32;0;0;2;7;1;B01
201000066693;0;7;0;0;2;1;2;A01
201000066693;0;33;0;0;2;4;2;B01
201000066693;0;7;0;0;2;4;2;C01
201000066694;0;7;0;0;2;3;1;B01
201000066694;0;7;0;0;2;1;17;A01
201000066694;0;7;0;0;2;5;1;C01
201000066695;0;31;0;0;2;2;14;A01
201000066695;0;7;0;0;2;3;1;B01
201000066696;0;33;0;0;2;1;12;A01
201000066696;0;13;0;0;2;6;1;B01
201000066697;0;34;0;0;2;1;3;A01
201000066697;0;7;0;0;2;5;12;B01
201000066698;0;31;0;0;2;1;2;A01
201000066698;0;7;0;0;2;5;2;B01
201000066699;0;33;0;0;2;7;3;A01
201000066699;0;10;0;0;2;6;1;B01
201000066700;0;2;0;12;0;5;13;A01
201000066701;0;10;0;4;2;8;1;B01
201000066701;0;17;0;0;2;2;12;A01
201000066702;1;7;0;0;2;3;11;Z01
201000066702;0;7;0;0;2;4;2;B01
201000066702;0;34;0;0;2;5;2;A01
201000066703;0;7;0;0;2;5;1;B01
201000066703;0;7;0;4;2;3;12;A01
201000066704;0;10;0;0;2;6;23;B01
201000066704;1;32;0;0;2;4;14;Z01
201000066704;0;33;0;0;2;1;1;A01
201000066705;0;33;0;0;2;7;1;A01
201000066705;0;7;0;0;2;6;11;B01
201000066706;0;7;0;0;2;4;12;B01
201000066706;0;14;0;0;2;1;2;A01
201000066706;0;14;0;0;2;4;2;C01
201000066707;0;7;0;0;2;4;2;A01
201000066707;1;10;0;0;2;1;2;Z01
201000066708;0;7;0;0;2;1;2;A01
201000066708;0;7;0;0;2;4;23;B01
201000066709;0;31;0;0;2;1;3;A01
201000066709;0;10;0;0;2;6;1;B01
201000066710;0;32;0;0;2;1;2;A01
201000066710;0;7;0;0;2;5;2;B01
201000066711;0;7;0;0;2;8;1;A01
201000066711;1;17;0;0;2;2;12;Z01
201000066712;0;7;0;4;0;1;13;A01
201000066713;0;32;0;0;2;1;3;B01
201000066713;0;7;0;0;2;6;11;A01
201000066714;0;31;0;0;2;1;2;A01
201000066714;0;10;0;0;2;4;2;B01
201000066715;0;7;0;0;2;4;23;C01
201000066715;0;7;0;0;2;3;2;A01
201000066715;0;34;0;0;2;7;23;B01
201000066716;0;7;0;14;0;1;13;A01
201000066717;0;33;0;0;2;7;3;A01
201000066717;0;10;0;0;2;6;1;C01
201000066717;0;10;0;0;2;0;11;B01
201000066718;0;31;0;0;2;1;3;A01
201000066718;0;7;0;0;2;4;12;B01
201000066719;0;33;0;0;0;8;1;A01
201000066720;0;32;0;14;0;1;21;A01
201000066721;0;32;0;0;0;8;3;A01
201000066722;0;33;0;0;2;7;3;A01
201000066722;0;10;0;0;2;2;1;B01
201000066723;0;10;0;0;2;1;2;A01
201000066723;0;7;0;0;2;4;23;B01
201000066724;0;7;0;4;2;1;2;A01
201000066724;0;10;0;0;2;4;2;B01
201000066725;0;31;0;0;2;1;3;A01
201000066725;0;7;0;0;2;5;23;B01
201000066726;0;7;0;4;0;1;14;A01
201000066727;0;7;0;0;2;6;1;B01
201000066727;0;7;0;0;2;2;14;A01
201000066728;0;32;0;0;2;1;2;A01
201000066728;0;7;0;0;2;4;2;B01
201000066729;0;33;0;0;0;0;3;A01
201000066730;0;7;0;0;2;6;11;A01
201000066730;0;31;0;0;2;1;3;B01
201000066731;0;7;0;0;2;5;2;B01
201000066731;0;31;0;0;2;1;2;A01
201000066732;0;32;0;0;2;8;3;B01
201000066732;0;7;0;0;2;2;12;A01
201000066733;0;31;0;0;2;4;3;B01
201000066733;0;33;0;0;2;1;3;A01
201000066734;0;7;0;0;2;6;1;B01
201000066734;0;33;0;0;2;1;14;A01
201000066734;0;7;0;0;2;2;1;C01
201000066735;0;7;0;1;2;3;1;C01
201000066735;0;7;0;0;2;5;14;B01
201000066735;0;33;0;0;2;1;3;A01
201000066736;0;33;0;0;0;8;21;A01
201000066737;0;7;0;0;2;5;2;B01
201000066737;0;33;0;0;2;1;2;A01
201000066738;0;7;0;0;2;1;2;A01
201000066738;0;7;0;0;2;4;2;B01
201000066739;0;31;0;0;2;7;12;A01
201000066739;0;7;0;0;2;1;1;B01
201000066740;0;33;0;0;2;1;3;C01
201000066740;0;10;0;0;2;4;2;B01
201000066740;0;7;0;0;2;1;2;A01
201000066741;0;7;0;0;2;1;2;A01
201000066741;0;13;0;0;2;4;2;B01
201000066742;0;10;0;0;2;1;2;A01
201000066742;0;7;0;0;2;4;2;B01
201000066743;0;33;0;0;2;7;2;A01
201000066743;0;7;0;0;2;4;2;B01
201000066744;0;7;0;0;2;5;23;C01
201000066744;0;7;0;0;2;1;2;A01
201000066744;0;7;0;0;2;4;2;B01
201000066745;0;7;0;0;2;3;11;A01
201000066745;0;33;0;0;2;7;3;B01
201000066746;0;33;0;0;2;8;3;B01
201000066746;0;7;0;0;2;2;12;A01
201000066747;0;7;0;0;2;6;1;C01
201000066747;0;33;0;0;2;8;3;B01
201000066747;0;7;0;0;2;2;12;A01
201000066748;1;7;0;0;2;1;12;Z01
201000066748;0;7;0;0;2;6;1;B01
201000066748;0;33;0;0;2;5;3;A01
201000066748;0;7;0;0;2;7;1;C01
201000066749;1;7;0;0;2;1;2;Z01
201000066749;0;15;0;0;2;8;2;D01
201000066749;0;7;0;4;2;4;2;A01
201000066749;0;7;0;0;2;8;2;C01
201000066749;0;7;0;0;2;8;2;B01
201000066750;0;32;0;0;2;4;2;B01
201000066750;0;31;0;0;2;1;2;A01
201000066751;0;33;0;0;2;1;3;A01
201000066751;0;31;0;0;2;4;3;B01
201000066752;0;33;0;4;2;3;1;A01
201000066752;1;7;0;0;2;2;12;Z01
201000066753;0;7;0;0;2;7;12;A01
201000066753;0;33;0;0;2;1;3;B01
201000066754;0;7;0;0;2;5;1;C01
201000066754;0;33;0;0;2;2;3;A01
201000066754;0;7;0;0;2;3;11;B01
201000066755;0;7;0;0;2;8;1;B01
201000066755;0;13;0;0;2;2;1;A01
201000066756;0;7;0;0;2;4;2;C01
201000066756;0;7;0;0;2;1;2;A01
201000066756;0;7;0;0;2;4;2;B01
201000066757;0;7;0;0;2;8;11;A01
201000066757;0;32;0;0;2;1;3;B01
201000066758;0;7;0;0;2;1;2;A01
201000066758;0;7;0;0;2;4;2;B01
201000066758;0;7;0;0;2;4;2;C01
201000066759;0;7;0;0;2;1;2;A01
201000066759;0;7;0;0;2;4;2;B01
201000066759;0;7;0;0;2;4;2;D01
201000066759;0;7;0;0;2;1;2;C01
201000066760;0;14;0;0;2;1;2;A01
201000066760;0;7;0;0;0;4;2;D01
201000066760;0;7;0;0;2;4;2;B01
201000066760;0;10;0;0;2;4;2;C01
201000066761;0;7;0;0;2;6;11;A01
201000066761;0;31;0;0;2;7;1;B01
201000066762;0;14;0;0;2;7;12;A01
201000066762;0;7;0;0;0;8;1;B01
201000066763;1;7;0;0;2;1;2;A01
201000066763;0;33;0;0;2;4;23;B01
201000066764;0;7;0;0;2;7;2;A01
201000066764;0;7;0;4;2;4;2;B01
201000066765;0;33;0;0;2;8;14;A01
201000066765;0;7;0;0;2;8;1;B01
201000066766;0;7;0;0;2;4;23;B01
201000066766;0;7;0;0;2;4;23;C01
201000066766;0;7;0;0;2;1;2;A01
201000066767;0;33;0;0;2;3;3;A01
201000066767;0;7;0;0;2;5;1;B01
201000066768;0;7;0;0;2;4;23;A01
201000066768;0;31;0;0;2;1;2;B01
201000066769;0;7;0;0;2;5;12;A01
201000066769;0;33;0;0;2;1;3;B01
201000066770;0;34;0;0;2;3;3;A01
201000066770;0;7;0;0;2;5;12;B01
201000066771;0;10;0;0;2;8;11;A01
201000066771;0;32;0;0;2;7;3;B01
201000066772;0;31;0;0;2;4;1;C01
201000066772;0;33;0;0;2;1;21;A01
201000066772;0;7;0;0;2;4;1;B01
201000066773;0;33;0;0;2;3;2;A01
201000066773;0;32;0;0;2;5;2;B01
201000066774;0;33;0;0;0;7;1;A01
201000066775;0;10;0;0;2;1;2;A01
201000066775;0;7;0;0;2;4;2;B01
201000066776;0;33;0;0;0;7;21;A01
201000066777;0;17;0;0;2;2;12;A01
201000066777;0;7;0;4;2;8;1;B01
201000066778;0;7;0;0;2;8;12;A01
201000066778;0;7;0;0;2;2;1;B01
201000066779;0;10;0;0;2;5;2;B01
201000066779;0;33;0;0;2;1;2;A01
201000066780;0;7;0;0;2;5;21;A01
201000066780;0;32;0;0;2;8;1;B01
201000066781;1;7;0;0;0;0;12;Z01
201000066781;0;31;0;0;0;8;3;A01
201000066782;0;7;0;0;2;1;2;A01
201000066782;0;7;0;0;0;4;2;B01
201000066783;0;7;0;0;2;2;2;B01
201000066783;0;7;0;0;2;2;2;A01
201000066784;0;7;0;0;2;3;11;A01
201000066784;0;33;0;0;2;2;1;B01
201000066785;0;15;0;0;2;4;2;B01
201000066785;0;7;0;0;2;1;2;A01
201000066786;1;7;0;0;2;0;12;Z01
201000066786;0;32;0;0;2;8;1;A01
201000066787;0;33;0;0;2;4;2;B01
201000066787;0;7;0;0;2;1;2;A01
201000066788;0;7;0;0;2;5;1;B01
201000066788;0;32;0;0;2;1;13;A01
201000066789;0;7;0;0;2;5;12;A01
201000066789;0;33;0;0;2;8;1;B01
201000066790;0;33;0;0;2;8;3;A01
201000066790;0;10;0;0;2;5;12;B01
201000066791;0;7;0;0;2;1;2;A01
201000066791;0;7;0;0;2;4;23;B01
201000066792;0;7;0;0;2;1;2;A01
201000066792;0;7;0;0;2;4;2;B01
201000066793;0;7;0;4;0;2;14;A01
201000066794;0;7;0;0;2;6;11;A01
201000066794;0;31;0;0;2;2;3;B01
201000066795;0;7;0;0;2;6;11;A01
201000066795;0;34;0;0;2;2;3;B01
201000066796;0;7;0;0;2;6;11;B01
201000066796;0;33;0;0;2;1;3;A01
201000066797;0;7;0;4;0;2;21;A01
201000066798;0;7;0;4;0;1;13;A01
201000066799;0;33;0;0;2;1;2;A01
201000066799;0;7;0;0;2;5;2;B01
201000066800;0;31;0;0;2;4;2;B01
201000066800;0;33;0;0;2;1;2;A01
201000066800;0;10;0;0;2;6;1;C01
201000066800;0;7;0;0;2;4;2;D01
201000066801;0;33;0;0;2;1;3;A01
201000066801;0;7;0;0;2;3;11;B01
201000066802;0;7;0;0;2;7;12;B01
201000066802;0;31;0;0;2;8;3;A01
201000066803;0;32;0;0;2;6;11;A01
201000066803;0;32;0;0;2;1;3;B01
201000066804;0;33;0;0;2;1;1;B01
201000066804;0;31;0;0;2;4;11;A01
201000066805;0;33;0;0;0;1;1;A01
201000066806;0;7;0;0;2;8;11;A01
201000066806;0;15;0;0;2;1;1;B01
201000066807;0;33;0;0;2;8;3;A01
201000066807;0;10;0;0;2;4;2;B01
201000066808;0;31;0;0;2;2;1;B01
201000066808;0;31;0;0;2;8;3;A01
201000066809;0;7;0;0;2;7;12;B01
201000066809;0;10;0;0;2;3;1;C01
201000066809;0;33;0;0;2;1;3;A01
201000066810;0;7;0;0;2;3;1;C01
201000066810;0;33;0;0;2;3;3;A01
201000066810;0;33;0;0;2;7;3;B01
201000066811;0;31;0;0;0;0;3;A01
201000066812;0;7;0;0;2;3;11;A01
201000066812;0;33;0;0;2;7;1;B01
201000066813;0;32;0;0;2;1;3;A01
201000066813;0;7;0;0;2;5;23;B01
201000066814;0;7;0;0;2;4;2;C01
201000066814;0;7;0;0;2;1;2;A01
201000066814;0;7;0;0;2;4;2;B01
201000066815;0;7;0;0;2;4;11;A01
201000066815;0;33;0;0;2;1;1;B01
201000066816;0;7;0;0;2;4;2;B01
201000066816;0;7;0;0;2;1;2;C01
201000066816;0;7;0;0;2;1;2;A01
201000066817;0;31;0;0;2;1;2;A01
201000066817;0;7;0;0;2;6;23;B01
201000066818;0;7;0;0;2;6;1;C01
201000066818;0;33;0;0;2;1;12;A01
201000066818;0;7;0;0;2;5;1;B01
201000066819;0;33;0;0;2;1;3;A01
201000066819;0;7;0;0;2;6;1;B01
201000066820;0;33;0;0;2;8;3;A01
201000066820;0;7;0;0;2;2;23;B01
201000066821;0;7;0;0;2;2;2;A01
201000066821;0;7;0;0;2;4;23;B01
201000066822;0;7;0;0;2;3;11;A01
201000066822;0;31;0;0;2;7;1;B01
201000066823;0;33;0;0;2;8;3;B01
201000066823;0;7;0;0;2;7;12;A01
201000066824;0;30;0;4;0;8;1;A01
201000066825;0;33;0;0;0;8;1;A01
201000066826;0;10;0;0;0;7;1;C01
201000066826;0;7;0;0;2;3;1;A01
201000066826;0;33;0;0;2;4;23;B01
201000066827;0;33;0;0;2;2;3;A01
201000066827;0;7;0;0;0;6;1;B01
201000066828;0;7;0;0;2;2;11;A01
201000066828;0;31;0;0;2;6;1;B01
201000066829;0;10;0;0;2;5;1;C01
201000066829;0;7;0;0;2;3;11;A01
201000066829;0;33;0;4;2;2;3;B01
201000066830;1;7;0;0;2;2;14;Z01
201000066830;0;7;0;0;2;1;1;B01
201000066830;0;7;0;0;2;6;1;A01
201000066831;0;31;0;0;2;1;3;A01
201000066831;0;7;0;0;2;4;1;B01
201000066832;1;7;0;0;2;1;2;Z01
201000066832;0;7;0;0;2;4;2;B01
201000066832;0;7;0;0;2;4;2;C01
201000066832;0;7;0;0;2;4;2;A01
201000066833;0;7;0;0;2;6;11;B01
201000066833;0;33;0;0;2;2;3;A01
201000066834;2;7;0;4;0;3;13;Z01
201000066835;0;31;0;0;2;1;2;A01
201000066835;0;7;0;0;2;5;23;B01
201000066836;0;7;0;0;2;5;23;B01
201000066836;0;34;0;0;2;3;2;A01
201000066837;0;32;0;0;2;3;3;A01
201000066837;0;7;0;0;2;2;12;B01
201000066838;1;7;0;0;2;0;14;Z01
201000066838;0;33;0;0;2;0;3;A01
201000066839;0;32;0;0;2;7;2;B01
201000066839;0;7;0;0;2;3;2;A01
201000066840;0;10;0;0;2;5;2;B01
201000066840;0;33;0;0;2;3;2;A01
201000066841;0;7;0;4;0;9;14;A01
201000066842;0;14;0;0;2;4;2;B01
201000066842;0;14;0;0;2;1;2;A01
201000066843;0;7;0;0;2;5;2;B01
201000066843;0;33;0;0;2;1;2;A01
201000066844;0;14;0;0;2;4;2;B01
201000066844;0;10;0;0;2;1;2;A01
201000066845;0;31;0;0;2;1;2;A01
201000066845;0;7;0;0;2;4;2;B01
201000066846;0;7;0;0;2;8;11;A01
201000066846;0;33;0;0;2;7;1;B01
201000066847;0;32;0;0;2;1;14;A01
201000066847;0;7;0;0;2;6;1;B01
201000066848;0;31;0;0;2;8;1;B01
201000066848;0;7;0;0;2;7;12;A01
201000066849;0;7;0;0;2;6;1;C01
201000066849;0;10;0;0;2;2;1;B01
201000066849;0;34;0;4;2;3;3;A01
201000066850;0;7;0;0;2;4;1;B01
201000066850;0;33;0;0;2;8;14;A01
201000066851;0;7;0;0;2;4;23;B01
201000066851;0;7;0;0;2;1;2;A01
201000066852;0;7;0;0;2;6;1;B01
201000066852;0;33;0;0;2;1;3;A01
201000066853;0;33;0;0;2;1;1;A01
201000066853;0;31;0;0;2;4;1;B01
201000066854;0;33;0;0;2;1;1;A01
201000066854;0;7;0;0;0;6;1;B01
201000066855;0;34;0;0;2;2;1;C01
201000066855;0;33;0;0;2;1;1;B01
201000066855;0;7;0;0;0;3;11;A01
201000066856;0;33;0;0;2;8;3;B01
201000066856;0;7;0;0;2;2;12;A01
201000066857;0;7;0;0;2;6;11;A01
201000066857;0;33;0;0;2;1;3;B01
201000066858;0;7;0;0;2;6;2;B01
201000066858;0;33;0;0;2;2;2;A01
201000066859;0;33;0;0;2;2;3;B01
201000066859;0;7;0;0;2;6;11;A01
201000066860;0;7;0;0;2;2;1;C01
201000066860;0;10;0;0;2;6;1;B01
201000066860;0;33;0;0;2;1;13;A01
201000066861;0;33;0;0;2;3;1;B01
201000066861;0;7;0;0;2;2;12;A01
201000066862;1;7;0;0;2;1;1;Z01
201000066862;0;7;0;0;2;4;1;A01
201000066863;0;10;0;0;2;1;1;C01
201000066863;0;7;0;0;0;4;1;B01
201000066863;0;7;0;0;2;1;1;D01
201000066863;0;10;0;0;2;1;1;A01
201000066864;0;31;0;0;0;0;1;A01
201000066865;0;31;0;0;2;1;1;A01
201000066865;1;7;0;0;0;0;11;Z01
201000066866;0;33;0;0;2;1;3;B01
201000066866;0;7;0;0;2;5;12;A01
201000066867;0;32;0;0;2;3;18;B01
201000066867;0;7;0;0;2;5;12;A01
201000066868;0;7;0;0;2;5;12;A01
201000066868;0;33;0;0;2;3;1;B01
201000066869;0;33;0;0;2;1;3;A01