num_acc;senc;catv;occutc;obs;obsm;choc;manv;num_veh
201000066869;0;7;0;0;2;3;1;B01
201000066870;0;33;0;0;2;7;12;A01
201000066870;0;7;0;0;0;3;1;B01
201000066871;0;33;0;0;2;3;3;B01
201000066871;0;7;0;0;2;6;23;C01
201000066871;0;7;0;0;2;2;12;A01
201000066872;0;7;0;0;2;4;2;B01
201000066872;0;33;0;0;2;1;2;A01
201000066873;0;7;0;0;2;4;2;B01
201000066873;0;7;0;0;2;1;2;A01
201000066874;0;7;0;0;2;4;23;B01
201000066874;0;7;0;0;2;4;23;C01
201000066874;0;7;0;0;2;1;2;A01
201000066875;0;33;0;0;2;1;3;A01
201000066875;0;7;0;0;2;6;11;B01
201000066876;0;7;0;0;2;4;2;C01
201000066876;0;7;0;0;2;4;2;B01
201000066876;0;7;0;0;2;1;2;A01
201000066876;0;7;0;0;2;4;2;D01
201000066877;0;7;0;0;2;8;1;C01
201000066877;0;32;0;0;2;7;1;B01
201000066877;0;10;0;0;2;7;14;A01
201000066878;0;31;0;0;2;7;2;A01
201000066878;0;10;0;0;2;6;2;B01
201000066879;0;7;0;0;2;8;11;A01
201000066879;0;31;0;0;2;7;3;B01
201000066880;0;31;0;0;2;1;1;B01
201000066880;0;7;0;0;2;0;1;A01
201000066881;0;7;0;0;2;8;11;B01
201000066881;0;32;0;0;2;7;3;A01
201000066882;0;31;0;0;2;1;2;A01
201000066882;0;7;0;0;2;6;2;B01
201000066883;0;7;0;0;2;5;16;A01
201000066883;0;33;0;0;2;1;1;B01
201000066884;0;7;0;0;2;1;2;A01
201000066884;0;7;0;0;2;4;2;B01
201000066885;0;7;0;0;2;0;13;B01
201000066885;0;31;0;0;2;1;3;A01
201000066886;0;7;0;0;2;4;2;C01
201000066886;0;10;0;0;2;1;2;A01
201000066886;0;7;0;0;2;4;2;B01
201000066887;0;7;0;0;2;1;1;A01
201000066887;0;7;0;0;2;4;23;B01
201000066888;0;38;53;0;2;7;12;A01
201000066888;0;33;0;0;2;3;1;B01
201000066889;0;7;0;0;0;4;23;C01
201000066889;0;7;0;0;2;1;1;A01
201000066889;0;7;0;0;2;4;23;B01
201000066890;0;34;0;0;0;7;3;B01
201000066890;0;7;0;0;2;3;11;A01
201000066891;0;10;0;0;2;7;12;A01
201000066891;0;31;0;0;0;1;1;B01
201000066892;0;33;0;0;2;3;11;A01
201000066892;0;33;0;0;2;2;3;B01
201000066893;0;7;0;0;2;5;1;D01
201000066893;0;7;0;0;2;7;1;E01
201000066893;0;7;0;0;2;6;1;C01
201000066893;0;33;0;0;2;8;3;B01
201000066893;0;33;0;0;2;7;12;A01
201000066894;0;7;0;4;0;8;1;A01
201000066895;0;33;0;0;2;4;1;B01
201000066895;0;32;0;0;2;3;1;A01
201000066896;0;7;0;0;2;4;1;C01
201000066896;0;7;0;0;2;9;1;B01
201000066896;0;10;0;0;2;1;1;A01
201000066897;0;33;0;0;2;8;3;A01
201000066897;0;7;0;0;2;5;12;B01
201000066898;0;7;0;0;0;0;14;B01
201000066898;0;31;0;0;0;0;18;A01
201000066899;0;17;0;0;2;2;1;A01
201000066899;0;7;0;0;2;4;1;B01
201000066900;0;7;0;0;0;5;1;C01
201000066900;0;17;0;1;0;6;1;B01
201000066900;0;31;0;0;2;1;3;A01
201000066901;0;7;0;0;2;7;12;A01
201000066901;0;32;0;0;2;8;1;B01
201000066902;0;34;0;0;2;3;1;A01
201000066902;1;10;0;0;0;5;12;Z01
201000066903;0;7;0;0;2;1;1;B01
201000066903;0;7;0;0;0;6;11;A01
201000066904;0;32;0;0;2;7;3;B01
201000066904;0;7;0;0;2;3;21;A01
201000066905;0;7;0;1;0;1;0;A01
201000066906;0;7;0;0;2;2;12;A01
201000066906;0;7;0;4;0;8;1;B01
201000066907;0;7;0;0;0;4;2;C01
201000066907;0;7;0;0;2;4;2;B01
201000066907;0;7;0;0;2;1;2;A01
201000066908;0;7;0;0;2;1;1;C01
201000066908;0;14;0;0;2;2;12;A01
201000066908;0;7;0;0;0;6;1;B01
201000066909;0;7;0;0;2;7;1;B01
201000066909;0;7;0;4;0;6;11;A01
201000066910;0;31;0;0;0;7;3;A01
201000066911;0;7;0;0;2;6;1;B01
201000066911;0;15;0;0;2;7;1;C01
201000066911;0;32;0;0;2;1;3;A01
201000066912;0;7;0;0;2;4;1;C01
201000066912;0;7;0;0;4;4;1;D01
201000066912;0;10;0;0;2;4;1;B01
201000066912;0;7;0;0;2;1;1;A01
201000066913;0;7;0;0;2;2;12;A01
201000066913;0;33;0;0;2;3;1;B01
201000066914;0;10;0;0;2;3;1;B01
201000066914;0;33;0;0;2;1;3;A01
201000066915;0;33;0;0;2;8;1;A01
201000066915;0;31;0;0;0;7;1;B01
201000066916;0;34;0;0;2;8;1;A01
201000066916;1;7;0;0;2;0;17;Z01
201000066917;0;33;0;0;0;3;3;B01
201000066917;0;7;0;0;2;7;12;A01
201000066918;0;7;0;0;2;3;11;A01
201000066918;0;33;0;0;2;2;3;B01
201000066919;0;7;0;0;2;2;12;A01
201000066919;0;33;0;0;0;8;1;B01
201000066920;0;33;0;0;0;0;1;A01
201000066921;1;7;0;0;2;8;15;Z01
201000066921;0;7;0;0;2;7;1;A01
201000066922;0;7;0;0;0;7;1;A01
201000066922;1;7;0;0;0;0;1;Z01
201000066923;0;7;0;0;2;1;1;A01
201000066923;0;7;0;0;2;4;1;B01
201000066923;0;10;0;0;2;4;1;C01
201000066924;0;32;0;0;2;1;23;C01
201000066924;0;10;0;0;2;4;23;D01
201000066924;0;7;0;0;0;1;1;A01
201000066924;0;7;0;0;2;1;23;B01
201000066925;0;33;0;5;0;1;1;A01
201000066925;1;7;0;0;0;0;12;Z01
201000066926;0;10;0;0;2;7;12;A01
201000066926;0;32;0;0;0;8;1;B01
201000066927;0;33;0;0;2;1;1;A01
201000066927;0;7;0;0;0;4;1;B01
201000066928;0;33;0;2;2;1;11;A01
201000066928;0;7;0;0;2;3;11;B01
201000066929;0;33;0;0;2;7;17;A01
201000066929;1;10;0;0;2;8;13;Z01
201000066930;0;7;0;0;0;4;1;B01
201000066930;0;10;0;0;2;1;1;A01
201000066931;0;7;0;0;0;6;23;B01
201000066931;0;33;0;0;2;2;3;A01
201000066932;0;10;0;4;0;2;1;A01
201000066933;0;33;0;0;2;1;1;A01
201000066933;0;10;0;0;0;5;1;B01
201000066934;0;32;0;0;0;0;1;A01
201000066935;0;33;0;0;2;2;12;A01
201000066935;0;33;0;0;0;8;1;B01
201000066936;0;7;0;0;2;3;11;A01
201000066936;0;32;0;0;0;7;1;B01
201000066937;0;31;0;0;2;1;3;A01
201000066937;0;7;0;0;0;5;11;B01
201000066938;0;7;0;0;2;8;1;C01
201000066938;0;7;0;0;2;1;1;A01
201000066938;0;7;0;0;2;7;2;D01
201000066938;0;7;0;0;2;4;23;B01
201000066939;0;7;0;0;0;8;1;A01
201000066939;1;7;0;0;2;0;12;Z01
201000066940;0;10;0;0;2;1;1;A01
201000066940;0;7;0;0;0;4;23;B01
201000066941;0;7;0;0;0;3;11;A01
201000066941;0;34;0;0;2;2;1;B01
201000066942;0;7;0;0;2;7;12;A01
201000066942;0;33;0;0;2;8;3;B01
201000066942;0;7;0;0;2;8;23;C01
201000066943;0;7;0;0;0;5;23;B01
201000066943;0;32;0;0;2;8;1;A01
201000066944;0;7;0;0;0;4;23;C01
201000066944;0;7;0;0;2;4;23;B01
201000066944;0;7;0;0;2;1;1;A01
201000066945;0;7;0;4;0;6;1;B01
201000066945;0;7;0;0;2;2;1;A01
201000066946;0;7;0;0;2;1;1;A01
201000066946;0;7;0;0;2;4;23;B01
201000066946;0;7;0;0;0;4;23;C01
201000066947;0;31;0;0;2;1;3;A01
201000066947;0;7;0;0;0;2;12;B01
201000066948;0;15;0;0;0;2;1;B01
201000066948;0;7;0;0;0;6;9;A01
201000066949;0;33;0;4;2;3;3;B01
201000066949;0;7;0;0;2;2;12;A01
201000066950;0;31;0;0;2;1;1;A01
201000066950;0;7;0;0;2;6;23;B01
201000066951;0;7;0;0;2;2;12;A01
201000066951;0;33;0;0;2;1;1;B01
201000066952;0;7;0;0;2;1;1;A01
201000066952;0;7;0;0;0;4;1;C01
201000066952;0;7;0;0;2;4;1;B01
201000066953;0;33;0;0;2;7;11;B01
201000066953;0;7;0;0;2;6;1;C01
201000066953;0;7;0;0;2;2;12;A01
201000066954;0;7;0;0;0;7;12;A01
201000066954;0;32;0;0;2;1;3;B01
201000066955;0;31;0;0;2;0;21;A01
201000066956;0;7;0;0;2;3;13;A01
201000066956;0;32;0;0;2;1;1;B01
201000066957;0;7;0;0;2;6;2;B01
201000066957;0;7;0;0;2;2;2;A01
201000066958;0;7;0;0;2;8;1;B01
201000066958;0;16;0;0;2;2;12;A01
201000066959;0;7;0;0;2;2;12;A01
201000066959;0;31;0;0;2;1;3;B01
201000066960;0;32;0;0;2;7;3;B01
201000066960;0;7;0;0;2;3;11;A01
201000066961;0;33;0;0;0;8;1;A01
201000066962;0;31;0;0;2;1;2;A01
201000066962;0;7;0;0;2;0;2;B01
201000066963;0;7;0;0;2;4;23;D01
201000066963;0;7;0;0;2;4;23;B01
201000066963;0;7;0;0;2;4;2;C01
201000066963;0;7;0;0;2;1;2;A01
201000066964;0;7;0;0;2;1;2;A01
201000066964;0;7;0;0;2;4;2;B01
201000066965;0;7;0;0;2;4;23;C01
201000066965;0;7;0;0;2;1;2;A01
201000066965;0;7;0;0;2;4;23;B01
201000066966;0;7;0;0;2;3;1;B01
201000066966;0;31;0;0;2;2;3;A01
201000066967;0;31;0;0;2;1;2;A01
201000066967;0;7;0;0;2;5;2;B01
201000066968;0;31;0;0;2;5;12;A01
201000066968;1;33;0;0;2;0;3;Z01
201000066969;0;32;0;0;0;8;1;A01
201000066970;0;7;0;0;2;5;1;B01
201000066970;0;31;0;0;2;6;13;A01
201000066971;0;31;0;0;2;1;3;A01
201000066971;0;7;0;0;2;5;1;B01
201000066972;0;7;0;0;2;1;2;E01
201000066972;0;7;0;0;2;4;2;B01
201000066972;0;7;0;0;2;4;2;C01
201000066972;0;7;0;0;2;4;2;D01
201000066972;0;7;0;0;2;1;2;A01
201000066973;0;32;0;0;0;0;1;A01
201000066974;0;7;0;0;2;1;2;A01
201000066974;0;7;0;0;2;4;23;B01
201000066975;0;7;0;0;2;4;23;B01
201000066975;0;7;0;0;2;1;2;A01
201000066975;0;7;0;0;2;4;23;C01
201000066976;0;10;0;0;2;5;12;B01
201000066976;0;31;0;0;2;3;3;A01
201000066977;0;7;0;0;2;7;23;B01
201000066977;0;33;0;0;2;3;2;A01
201000066978;0;7;0;0;2;3;1;B01
201000066978;0;7;0;0;2;2;12;A01
201000066979;0;7;0;0;2;6;1;B01
201000066979;0;32;0;0;2;1;3;A01
201000066980;0;31;0;0;2;1;21;A01
201000066980;0;7;0;0;2;4;2;B01
201000066981;0;13;0;0;2;0;11;A01
201000066981;0;31;0;0;2;1;1;B01
201000066982;0;7;0;4;2;4;2;B01
201000066982;0;7;0;0;2;1;2;A01
201000066983;0;33;0;0;2;1;12;A01
201000066983;0;7;0;0;2;4;1;B01
201000066984;0;7;0;4;0;2;14;A01
201000066985;0;7;0;4;2;6;1;C01
201000066985;0;7;0;4;2;6;11;B01
201000066985;0;7;0;0;2;2;1;A01
201000066986;0;7;0;0;2;8;1;B01
201000066986;0;31;0;0;2;7;14;A01
201000066987;0;33;0;0;2;1;2;A01
201000066987;0;7;0;0;2;3;2;B01
201000066988;0;10;0;0;2;2;2;A01
201000066988;0;33;0;0;2;7;2;B01
201000066989;0;33;0;14;0;1;16;A01
201000066990;0;33;0;0;2;4;1;B01
201000066990;0;33;0;0;2;1;3;A01
201000066991;0;7;0;0;2;1;2;A01
201000066991;0;7;0;0;2;4;23;C01
201000066991;0;7;0;0;2;3;23;B01
201000066992;0;33;0;0;0;0;1;A01
201000066993;0;7;0;0;2;3;11;A01
201000066993;0;32;0;0;2;7;3;B01
201000066994;0;7;0;0;2;4;2;B01
201000066994;0;7;0;0;2;1;2;A01
201000066995;0;31;0;0;2;1;2;A01
201000066995;0;7;0;0;2;4;23;B01
201000066996;0;33;0;0;2;8;3;A01
201000066996;0;33;0;0;2;5;3;B01
201000066997;0;7;0;0;2;4;23;C01
201000066997;0;7;0;0;2;1;2;A01
201000066997;0;7;0;0;2;4;23;B01
201000066998;0;7;0;0;2;3;11;A01
201000066998;0;33;0;0;2;2;1;B01
201000066999;0;10;0;0;2;1;2;A01
201000066999;0;7;0;0;2;9;2;B01
201000066999;0;7;0;0;2;4;2;C01
201000067000;0;7;0;0;2;1;2;C01
201000067000;0;7;0;0;2;1;2;A01
201000067000;0;7;0;0;2;4;2;B01
201000067001;0;33;0;0;2;1;21;A01
201000067001;0;7;0;0;2;7;1;B01
201000067002;0;31;0;0;0;8;3;A01
201000067003;0;7;0;0;2;3;2;A01
201000067003;0;7;0;4;2;5;16;B01
201000067004;0;7;0;0;2;3;11;A01
201000067004;0;33;0;0;2;2;3;B01
201000067005;0;33;0;4;2;2;3;A01
201000067005;0;7;0;0;2;6;11;B01
201000067006;0;33;0;0;2;1;3;B01
201000067006;0;7;0;0;2;6;12;A01
201000067007;0;7;0;0;2;4;23;C01
201000067007;0;10;0;0;2;1;2;A01
201000067007;0;7;0;0;2;4;23;B01
201000067008;0;7;0;0;2;3;1;B01
201000067008;0;7;0;0;2;2;12;A01
201000067009;2;7;0;0;2;2;14;Z01
201000067009;0;7;0;4;2;6;1;A01
201000067010;0;7;0;0;2;4;2;C01
201000067010;0;13;0;0;2;1;2;A01
201000067010;0;7;0;0;2;4;2;B01
201000067011;0;10;0;0;2;8;1;C01
201000067011;0;7;0;0;2;5;1;B01
201000067011;0;33;0;0;2;3;3;A01
201000067012;0;14;0;0;2;2;1;B01
201000067012;0;7;0;4;2;3;13;A01
201000067013;0;33;0;0;0;0;1;A01
201000067014;0;32;0;0;0;7;1;A01
201000067015;0;33;0;0;2;2;3;A01
201000067015;0;7;0;0;2;6;1;B01
201000067016;0;7;0;0;2;4;23;D01
201000067016;0;7;0;0;2;4;23;B01
201000067016;0;7;0;0;2;4;23;C01
201000067016;0;7;0;0;2;1;2;A01
201000067017;0;33;0;14;0;1;21;A01
201000067018;1;7;0;0;2;2;14;Z01
201000067018;0;7;0;4;2;8;1;A01
201000067019;0;2;0;0;0;0;1;A01
201000067020;0;7;0;0;2;4;23;B01
201000067020;0;7;0;0;2;1;2;E01
201000067020;0;7;0;0;2;1;2;A01
201000067020;0;7;0;0;2;4;2;C01
201000067020;0;7;0;0;2;5;2;D01
201000067021;0;7;0;0;2;5;1;E01
201000067021;0;7;0;0;2;4;2;C01
201000067021;0;7;0;0;2;1;2;A01
201000067021;0;7;0;0;2;4;2;B01
201000067021;0;33;0;0;2;7;1;D01
201000067022;0;13;0;0;2;3;1;C01
201000067022;0;15;0;0;2;2;12;A01
201000067022;0;7;0;0;2;6;1;B01
201000067023;0;7;0;4;0;1;14;A01
201000067024;1;7;0;0;2;1;2;Z01
201000067024;0;7;0;0;2;8;1;B01
201000067024;0;7;0;0;2;4;2;A01
201000067024;0;7;0;0;2;4;2;C01
201000067024;0;7;0;0;2;4;2;D01
201000067025;0;31;0;0;2;3;3;A01
201000067025;0;7;0;0;2;7;12;B01
201000067026;0;17;0;0;2;2;12;A01
201000067026;0;7;0;4;2;6;1;B01
201000067026;0;14;0;0;2;1;1;C01
201000067027;0;31;0;0;2;1;2;A01
201000067027;0;7;0;0;2;4;2;B01
201000067028;0;7;0;10;0;1;14;A01
201000067029;0;7;0;4;0;1;14;A01
201000067030;0;7;0;4;0;1;14;A01
201000067031;0;7;0;0;2;3;23;B01
201000067031;0;7;0;0;2;7;1;A01
201000067032;0;31;0;0;0;7;1;A01
201000067033;0;31;0;0;0;8;1;A01
201000067034;0;33;0;0;0;0;1;A01
201000067035;0;34;0;0;0;8;1;A01
201000067036;0;7;0;0;2;4;12;B01
201000067036;0;33;0;0;2;1;1;A01
201000067037;0;33;0;12;0;2;14;A01
201000067038;0;7;0;0;2;1;2;A01
201000067038;0;38;1;0;2;4;2;B01
201000067039;0;33;0;14;0;0;14;A01
201000067040;1;37;0;0;2;1;2;Z01
201000067040;0;7;0;0;2;4;2;A01
201000067041;0;7;0;0;2;1;2;A01
201000067041;0;7;0;0;2;4;2;B01
201000067042;0;7;0;4;2;6;11;A01
201000067042;0;13;0;0;2;2;1;B01
201000067043;1;10;0;0;2;1;2;Z01
201000067043;0;7;0;0;2;4;23;A01
201000067044;0;7;0;4;0;3;21;A01
201000067045;0;33;0;0;2;1;2;A01
201000067045;0;10;0;0;2;5;2;B01
201000067046;0;10;0;0;2;1;2;A01
201000067046;0;7;0;0;2;4;23;B01
201000067046;0;7;0;0;2;4;23;C01
201000067046;0;7;0;0;2;4;23;D01
201000067047;0;7;0;0;2;7;12;A01
201000067047;0;33;0;0;2;8;1;B01
201000067048;0;34;0;0;2;7;1;B01
201000067048;0;7;0;0;2;3;11;A01
201000067049;0;33;0;0;2;1;2;A01
201000067049;0;7;0;0;2;6;23;B01
201000067050;0;33;0;0;2;1;2;A01
201000067050;0;7;0;0;2;5;2;B01
201000067051;0;30;0;0;0;1;1;A01
201000067052;0;7;0;0;2;4;2;C01
201000067052;0;7;0;0;2;4;2;B01
201000067052;0;7;0;0;2;1;2;A01
201000067053;0;33;0;0;2;1;1;A01
201000067053;1;7;0;0;2;5;12;Z01
201000067054;0;7;0;0;2;2;2;A01
201000067054;0;31;0;0;2;6;23;B01
201000067055;0;33;0;0;0;8;1;A01
201000067056;1;7;0;0;2;5;12;Z01
201000067056;0;32;0;0;2;8;3;A01
201000067057;0;7;0;0;2;4;2;B01
201000067057;0;10;0;0;2;1;2;C01
201000067057;0;10;0;0;2;2;2;A01
201000067058;0;10;0;0;2;1;2;A01
201000067058;0;10;0;0;2;4;2;B01
201000067059;0;7;0;0;2;7;1;C01
201000067059;0;7;0;0;2;8;11;A01
201000067059;0;33;0;0;2;7;3;B01
201000067060;0;33;0;0;2;1;3;A01
201000067060;0;7;0;0;2;4;11;B01
201000067061;0;10;0;0;2;1;2;C01
201000067061;0;7;0;0;2;6;2;B01
201000067061;0;34;0;0;2;2;2;A01
201000067062;0;7;0;0;2;3;11;B01
201000067062;0;31;0;0;2;2;3;A01
201000067063;0;7;0;4;0;1;14;A01
201000067064;0;33;0;0;2;7;12;A01
201000067064;0;32;0;0;2;8;1;B01
201000067065;0;7;0;0;2;1;1;B01
201000067065;0;33;0;4;2;3;21;A01
201000067066;0;10;0;0;2;4;2;B01
201000067066;0;7;0;0;2;4;23;E01
201000067066;0;14;0;0;2;1;2;A01
201000067066;0;7;0;0;2;4;23;D01
201000067066;0;7;0;0;2;4;2;C01
201000067067;0;7;0;0;2;4;23;E01
201000067067;0;15;0;0;2;1;2;A01
201000067067;0;7;0;0;2;4;23;C01
201000067067;0;7;0;0;2;4;23;D01
201000067067;0;7;0;0;2;4;23;B01
201000067068;0;7;0;0;2;4;12;A01
201000067068;0;33;0;0;2;8;2;C01
201000067068;0;31;0;0;2;1;2;B01
201000067069;0;7;0;0;2;4;2;B01
201000067069;0;33;0;0;2;1;2;A01
201000067070;0;7;0;0;2;4;23;B01
201000067070;0;31;0;0;2;1;13;A01
201000067071;0;32;0;0;2;8;1;B01
201000067071;1;7;0;0;2;0;11;Z01
201000067071;0;33;0;0;2;7;2;A01
201000067072;0;7;0;0;2;3;13;A01
201000067072;0;7;0;0;2;4;1;C01
201000067072;0;7;0;0;2;7;1;B01
201000067073;0;10;0;0;2;2;1;B01
201000067073;0;7;0;4;2;3;16;A01
201000067074;0;31;0;0;2;7;1;B01
201000067074;0;7;0;0;2;3;11;A01
201000067075;0;31;0;0;2;3;2;B01
201000067075;0;7;0;0;2;6;2;C01
201000067075;0;7;0;0;2;2;14;A01
201000067076;0;33;0;0;2;8;13;B01
201000067076;0;7;0;0;2;2;1;A01
201000067077;0;7;0;0;2;1;12;A01
201000067077;0;31;0;0;2;1;3;B01
201000067078;0;31;0;0;2;7;1;B01
201000067078;0;7;0;0;2;6;11;A01
201000067079;0;7;0;0;2;4;2;B01
201000067079;0;7;0;0;2;1;2;A01
201000067079;0;33;0;0;2;0;2;C01
201000067080;0;31;0;0;2;1;3;A01
201000067080;0;10;0;0;2;2;12;B01
201000067081;0;10;0;0;2;5;12;B01
201000067081;0;32;0;0;2;1;3;A01
201000067082;0;7;0;0;2;1;11;A01
201000067082;0;7;0;0;2;4;1;B01
201000067083;0;10;0;0;2;4;2;C01
201000067083;0;10;0;0;2;1;2;A01
201000067083;0;7;0;0;2;4;2;B01
201000067084;0;33;0;0;2;3;3;A01
201000067084;0;7;0;0;0;5;23;B01
201000067085;0;33;0;0;2;2;3;A01
201000067085;0;7;0;0;0;3;11;B01
201000067086;0;7;0;0;2;7;1;C01
201000067086;0;32;0;0;2;2;12;A01
201000067086;0;7;0;0;2;6;1;B01
201000067087;0;7;0;0;2;2;12;A01
201000067087;0;31;0;0;2;8;3;B01
201000067088;0;7;0;0;0;6;23;B01
201000067088;0;33;0;0;2;2;1;A01
201000067089;0;32;0;0;0;0;21;A01
201000067090;0;31;0;0;2;3;3;A01
201000067090;0;7;0;0;0;7;1;B01
201000067091;0;33;0;0;2;1;1;A01
201000067091;0;7;0;0;0;4;1;B01
201000067092;0;10;0;0;2;5;1;C01
201000067092;0;7;0;0;2;3;11;A01
201000067092;0;33;0;0;2;2;1;B01
201000067093;0;33;0;0;2;1;3;A01
201000067093;0;7;0;0;2;7;14;B01
201000067094;0;7;0;0;2;4;23;C01
201000067094;0;7;0;0;2;4;23;B01
201000067094;0;7;0;0;2;1;1;A01
201000067095;0;33;0;5;2;1;1;A01
201000067095;0;10;0;0;2;5;23;B01
201000067096;0;31;0;0;2;8;3;A01
201000067096;0;14;0;0;2;5;1;B01
201000067097;0;7;0;0;2;4;2;B01
201000067097;0;33;0;0;2;1;2;A01
201000067098;0;32;0;0;0;6;1;A01
201000067098;1;7;0;0;2;1;1;Z01
201000067099;0;31;0;0;2;1;2;A01
201000067099;0;7;0;0;2;4;2;B01
201000067100;0;32;0;0;2;8;3;B01
201000067100;0;7;0;0;2;2;12;A01
201000067101;0;31;0;0;2;1;3;A01
201000067101;0;17;0;0;2;4;1;B01
201000067102;0;10;0;0;2;5;2;B01
201000067102;0;33;0;0;2;1;2;A01
201000067103;0;33;0;0;2;8;3;B01
201000067103;0;7;0;0;2;7;12;A01
201000067104;0;31;0;0;0;7;3;B01
201000067104;0;7;0;0;2;8;11;A01
201000067105;0;33;0;0;2;1;2;A01
201000067105;0;7;0;0;2;4;2;B01
201000067106;0;32;0;0;2;7;3;A01
201000067106;0;10;0;0;0;6;1;B01
201000067107;0;7;0;0;2;3;12;A01
201000067107;0;7;0;0;2;4;1;C01
201000067107;0;7;0;0;2;5;1;B01
201000067108;0;7;0;0;2;1;1;A01
201000067108;0;33;0;0;2;4;1;B01
201000067109;0;7;0;0;2;4;1;B01
201000067109;0;7;0;0;2;1;1;A01
201000067110;0;7;0;0;2;4;11;B01
201000067110;0;31;0;0;2;1;1;A01
201000067111;1;7;0;0;2;5;12;Z01
201000067111;0;32;0;0;0;3;3;A01
201000067112;0;33;0;0;0;7;1;B01
201000067112;0;7;0;0;2;8;11;A01
201000067113;0;7;0;0;2;3;11;A01
201000067113;0;33;0;0;2;1;3;B01
201000067114;0;32;0;0;2;1;1;A01
201000067114;0;10;0;0;0;4;1;B01
201000067115;0;7;0;0;0;4;1;C01
201000067115;0;7;0;0;2;4;1;B01
201000067115;0;7;0;0;2;1;1;A01
201000067116;0;33;0;0;2;8;1;B01
201000067116;0;7;0;0;2;6;13;A01
201000067117;0;33;0;0;0;8;1;A01
201000067118;0;7;0;0;0;6;1;B01
201000067118;0;7;0;0;2;1;1;A01
201000067119;0;7;0;6;0;3;13;A01
201000067120;0;17;0;0;0;1;12;A01
201000067120;0;7;0;0;0;8;1;B01
201000067121;0;31;0;0;0;7;1;A01
201000067122;0;31;0;0;0;7;1;A01
201000067123;0;7;0;0;2;1;9;A01
201000067123;0;32;0;0;2;1;1;C01
201000067123;0;7;0;0;0;4;1;B01
201000067124;0;32;0;0;2;2;12;A01
201000067124;0;10;0;0;2;5;23;B01
201000067125;0;7;0;0;2;6;2;B01
201000067125;0;7;0;0;2;2;2;A01
201000067126;0;7;0;4;0;5;1;A01
201000067127;0;7;0;0;2;4;1;A01
201000067127;2;7;0;0;2;1;1;Z01
201000067127;0;7;0;0;2;4;1;B01
201000067127;0;7;0;0;0;4;23;C01
201000067128;0;32;0;0;2;3;9;A01
201000067128;0;7;0;0;0;7;1;B01
201000067129;0;7;0;0;2;3;13;A01
201000067129;0;7;0;4;0;5;1;B01
201000067130;1;15;0;0;2;5;12;Z01
201000067130;0;7;0;0;0;3;1;A01
201000067130;0;32;0;0;0;1;1;B01
201000067131;0;31;0;14;0;2;1;A01
201000067132;0;14;0;0;2;2;14;A01
201000067132;0;7;0;4;0;6;1;B01
201000067133;0;7;0;4;2;8;13;A01
201000067133;0;17;0;0;2;8;1;B01
201000067134;0;7;0;0;2;8;1;C01
201000067134;0;15;0;0;2;7;14;A01
201000067134;0;33;0;0;2;1;1;D01
201000067134;0;10;0;0;2;5;1;E01
201000067134;0;7;0;0;2;3;1;B01
201000067135;0;7;0;0;2;4;2;B01
201000067135;0;7;0;0;2;4;2;C01
201000067135;0;7;0;0;2;4;2;D01
201000067135;0;10;0;0;2;1;2;A01
201000067136;0;7;0;0;2;6;2;C01
201000067136;0;10;0;0;2;1;2;A01
201000067136;0;7;0;0;2;4;2;B01
201000067137;0;10;0;0;2;5;1;B01
201000067137;0;33;0;0;2;9;1;A01
201000067137;1;10;0;0;2;0;12;Z01
201000067138;0;31;0;0;2;2;3;A01
201000067138;0;7;0;0;0;6;1;B01
201000067139;0;32;0;1;2;1;1;A01
201000067139;0;7;0;0;0;4;23;B01
201000067140;0;7;0;0;0;5;1;B01
201000067140;0;32;0;0;2;1;1;A01
201000067141;0;33;0;0;2;1;3;A01
201000067141;0;7;0;0;2;8;13;B01
201000067142;0;31;0;0;2;2;3;A01
201000067142;0;7;0;0;2;6;13;B01
201000067143;1;7;0;0;2;4;13;Z01
201000067143;0;33;0;0;2;2;3;A01
201000067144;0;7;0;0;2;4;2;C01
201000067144;0;7;0;0;2;4;2;A01
201000067144;2;7;0;0;2;1;2;Z01
201000067144;0;7;0;0;2;4;2;B01
201000067145;0;7;0;0;2;4;2;C01
201000067145;0;7;0;0;2;4;2;B01
201000067145;0;7;0;0;2;1;2;A01
201000067146;0;7;0;0;2;4;2;B01
201000067146;0;7;0;0;2;1;2;A01
201000067147;0;33;0;0;2;1;3;A01
201000067147;0;7;0;0;0;5;14;B01
201000067148;0;32;0;0;2;1;3;A01
201000067148;0;7;0;0;0;8;1;C01
201000067148;0;10;0;4;0;5;14;B01
201000067149;0;33;0;0;0;8;16;A01
201000067150;0;7;0;0;2;3;11;A01
201000067150;0;33;0;0;2;7;3;B01
201000067150;0;10;0;0;0;3;1;C01
201000067150;0;10;0;0;0;6;1;D01
201000067151;0;31;0;0;2;7;3;A01
201000067151;0;31;0;0;2;8;1;C01
201000067151;0;7;0;0;2;6;1;B01
201000067152;0;32;0;0;0;8;3;A01
201000067153;0;10;0;0;2;7;1;B01
201000067153;0;33;0;0;2;3;3;A01
201000067153;0;10;0;0;2;6;11;C01
201000067154;0;33;0;0;2;1;3;A01
201000067154;0;7;0;0;2;5;1;B01
201000067155;0;31;0;0;2;7;3;A01
201000067155;0;7;0;0;2;0;12;B01
201000067156;0;10;0;0;2;1;2;A01