num_acc;senc;catv;occutc;obs;obsm;choc;manv;num_veh
201000067497;2;7;0;15;0;0;13;A01
201000067498;0;38;0;6;1;5;4;A01
201000067499;0;1;0;0;2;3;16;A01
201000067499;0;7;0;0;9;3;1;B02
201000067500;0;7;0;0;0;0;0;A01
201000067500;0;7;0;0;2;3;1;B02
201000067501;0;7;0;0;2;5;23;B02
201000067501;0;30;0;0;2;0;1;A01
201000067502;1;32;0;15;0;2;14;A01
201000067503;0;7;0;0;1;7;19;A01
201000067503;0;30;0;0;2;1;1;B02
201000067504;1;30;0;0;2;2;17;A01
201000067504;0;10;0;0;2;3;15;B02
201000067505;0;7;0;0;2;1;15;A01
201000067505;0;30;0;0;2;1;18;B02
201000067506;0;99;0;0;2;1;23;B02
201000067506;0;7;0;0;2;1;15;A01
201000067507;0;7;0;0;2;2;1;B02
201000067507;0;10;0;0;2;3;1;A01
201000067508;0;7;0;0;2;3;2;B02
201000067508;0;2;0;0;2;3;19;A01
201000067509;0;7;0;13;0;1;21;A01
201000067510;0;33;0;3;0;1;0;A01
201000067511;0;7;0;0;1;6;2;B02
201000067511;0;7;0;0;2;2;2;A01
201000067512;0;7;0;0;2;1;1;A01
201000067512;0;7;0;0;2;1;13;B02
201000067513;0;7;0;0;2;6;1;B02
201000067513;0;7;0;2;2;2;13;A01
201000067514;0;30;0;0;2;1;5;A01
201000067514;0;7;0;0;2;2;2;B02
201000067515;0;10;0;0;2;8;14;A01
201000067515;0;10;0;0;2;4;1;B02
201000067516;0;7;0;0;0;4;1;B02
201000067516;0;32;0;0;2;1;2;A01
201000067517;0;33;0;0;2;7;13;A01
201000067517;0;7;0;0;2;2;15;B02
201000067518;0;10;0;0;1;3;2;A01
201000067519;0;7;0;3;2;7;21;A01
201000067519;0;1;0;0;2;4;1;B02
201000067520;0;7;0;0;2;3;13;A01
201000067520;0;7;0;0;2;8;1;B02
201000067521;0;7;0;8;0;1;16;A01
201000067522;0;7;0;0;2;2;1;A01
201000067522;0;1;0;0;2;1;1;B02
201000067523;0;32;0;0;2;1;17;A01
201000067523;0;7;0;0;2;3;15;B02
201000067524;0;31;0;0;2;1;17;A01
201000067524;0;10;0;0;2;3;15;B02
201000067525;0;7;0;0;0;4;15;A01
201000067525;0;31;0;0;2;1;1;B02
201000067525;0;7;0;0;2;1;1;C03
201000067526;0;14;0;0;2;1;13;A01
201000067526;0;7;0;0;0;1;5;B02
201000067527;0;2;0;0;2;2;15;B02
201000067527;0;7;0;0;2;3;1;A01
201000067528;0;10;0;8;0;7;1;A01
201000067529;0;33;0;0;0;1;1;A01
201000067529;0;7;0;0;2;3;1;B02
201000067530;0;30;0;0;2;0;14;B02
201000067531;0;7;0;0;1;5;14;A01
201000067531;0;30;0;0;2;1;1;B02
201000067532;0;37;0;0;2;6;1;C03
201000067532;0;7;0;0;2;1;15;B02
201000067532;0;7;0;0;2;1;17;A01
201000067533;0;7;0;0;2;1;1;A01
201000067533;0;10;0;0;0;7;15;B02
201000067534;0;1;0;0;2;4;2;B02
201000067534;0;7;0;0;2;2;1;A01
201000067535;0;1;0;0;2;4;2;A01
201000067535;0;7;0;0;2;1;2;B02
201000067536;0;10;0;0;2;3;1;A01
201000067536;0;30;0;0;2;8;10;B02
201000067537;0;7;0;2;0;7;1;A01
201000067538;0;33;0;0;2;1;21;A01
201000067538;0;7;0;0;2;3;19;B02
201000067539;0;7;0;2;0;1;1;A01
201000067540;0;33;0;2;0;0;0;A01
201000067541;0;30;0;2;0;3;1;A01
201000067542;0;31;0;0;2;1;1;A01
201000067542;0;2;0;0;2;8;19;B02
201000067543;0;7;0;0;2;2;15;A01
201000067543;0;1;0;0;2;1;1;B02
201000067544;0;30;0;13;0;9;9;A01
201000067545;0;2;0;0;2;1;1;A01
201000067545;0;30;0;0;0;8;15;B02
201000067546;0;32;0;0;0;8;1;A01
201000067547;0;2;0;0;0;7;1;A01
201000067548;0;7;0;0;2;3;1;B02
201000067548;0;33;0;0;2;1;17;A01
201000067549;0;30;0;0;0;1;0;A01
201000067550;0;7;0;8;0;1;1;A01
201000067551;0;2;0;0;2;1;9;A01
201000067551;0;10;0;0;2;2;1;B02
201000067552;0;7;0;8;0;1;13;A01
201000067553;0;30;0;0;2;1;13;A01
201000067553;0;7;0;0;2;1;1;B02
201000067554;0;30;0;15;0;1;16;A01
201000067555;0;31;0;0;1;2;1;A01
201000067556;0;30;0;12;0;3;1;A01
201000067557;0;2;0;0;2;1;1;B02
201000067557;0;7;0;0;2;4;15;A01
201000067558;0;7;0;0;2;6;15;B02
201000067558;0;33;0;0;2;1;13;A01
201000067559;0;1;0;0;2;8;1;B02
201000067559;2;10;0;0;9;7;17;A01
201000067560;0;31;0;1;0;1;13;A01
201000067561;0;7;0;0;1;3;1;A01
201000067562;0;7;0;0;2;1;19;A01
201000067562;0;30;0;0;2;8;1;B02
201000067563;0;2;0;0;2;2;0;A01
201000067563;0;7;0;0;2;1;0;B02
201000067564;0;7;0;0;2;2;2;A01
201000067564;0;1;0;0;0;4;1;B02
201000067565;0;1;0;0;2;8;0;B02
201000067565;0;7;0;0;9;0;1;A01
201000067566;0;7;0;0;2;2;15;A01
201000067566;0;30;0;0;2;1;1;B02
201000067567;0;7;0;0;2;3;15;B02
201000067567;0;7;0;15;2;2;17;A01
201000067568;0;31;0;0;0;1;1;B02
201000067568;0;33;0;0;2;1;13;A01
201000067569;0;33;0;0;2;1;1;A01
201000067569;0;7;0;0;2;1;16;B02
201000067569;0;7;0;0;2;3;1;C03
201000067570;0;7;0;0;2;1;1;D04
201000067570;0;7;0;0;2;1;13;A01
201000067570;0;7;0;0;2;1;1;C03
201000067570;0;7;0;0;2;1;1;B02
201000067571;0;7;0;0;1;2;1;A01
201000067572;0;10;0;0;1;3;1;A01
201000067573;0;2;0;0;0;8;1;A01
201000067574;0;2;0;0;2;0;5;A01
201000067574;0;7;0;0;2;1;1;B02
201000067575;0;10;0;0;0;9;1;A01
201000067576;0;33;0;0;2;1;1;A01
201000067576;0;7;0;0;0;8;19;B02
201000067577;0;7;0;0;1;2;1;A01
201000067578;0;2;0;0;0;0;1;A01
201000067578;0;2;0;0;0;0;1;B02
201000067579;0;7;0;0;2;3;21;A01
201000067579;0;7;0;0;2;3;1;B02
201000067580;0;7;0;0;2;8;15;B02
201000067580;0;7;0;0;2;1;17;A01
201000067581;0;7;0;8;0;2;1;A01
201000067582;0;10;0;0;2;5;19;B02
201000067582;0;33;0;0;2;1;1;A01
201000067583;0;7;0;0;0;2;1;A01
201000067583;0;2;0;0;0;1;15;B02
201000067584;0;7;0;2;0;1;1;A01
201000067585;0;10;0;0;1;1;1;A01
201000067586;0;7;0;0;1;3;21;A01
201000067587;0;7;0;6;0;2;1;A01
201000067588;0;31;0;0;0;4;2;B02
201000067588;0;7;0;0;0;3;2;A01
201000067589;0;31;0;0;2;1;1;B02
201000067589;0;7;0;0;0;7;15;A01
201000067590;0;30;0;0;2;1;1;A01
201000067590;0;1;0;0;2;1;1;B02
201000067591;0;33;0;0;2;9;1;B02
201000067591;0;10;0;0;9;8;23;C03
201000067591;0;10;0;0;0;4;9;A01
201000067592;0;7;0;8;0;1;15;A01
201000067593;0;10;0;2;0;2;13;A01
201000067594;1;30;0;0;1;1;3;A01
201000067595;0;7;0;0;1;1;1;A01
201000067596;0;33;0;0;2;1;2;A01
201000067596;0;7;0;0;2;5;15;B02
201000067597;0;7;0;2;2;4;0;A01
201000067597;0;10;0;0;2;1;0;B02
201000067597;2;7;0;0;2;8;0;C03
201000067598;0;32;0;0;2;0;1;A01
201000067598;0;7;0;0;2;3;15;B02
201000067599;0;33;0;10;0;1;17;A01
201000067600;0;10;0;0;2;3;13;A01
201000067600;0;10;0;0;2;8;21;B02
201000067601;0;33;0;0;0;0;1;A01
201000067602;0;7;0;0;1;2;1;A01
201000067603;0;7;0;0;2;3;15;B02
201000067603;0;31;0;0;2;1;17;A01
201000067604;0;7;0;6;0;1;0;A01
201000067605;0;31;0;0;1;1;1;A01
201000067606;0;7;0;0;2;1;17;B02
201000067606;0;14;0;0;2;1;0;A01
201000067607;0;7;0;2;0;8;0;A01
201000067608;1;7;0;0;1;0;1;A01
201000067609;0;7;0;0;2;3;17;A01
201000067609;0;7;0;0;2;3;1;B02
201000067610;0;2;0;0;2;3;1;A01
201000067610;0;7;0;0;0;3;0;B02
201000067611;0;10;0;0;2;5;24;B02
201000067611;0;7;0;0;2;8;0;C03
201000067611;0;7;0;1;1;1;14;A01
201000067612;0;7;0;0;1;1;1;A01
201000067613;0;7;0;0;2;7;15;A01
201000067613;0;1;0;0;2;1;1;B02
201000067614;0;2;0;0;1;1;1;A01
201000067615;0;7;0;2;0;2;1;A01
201000067616;0;7;0;2;0;2;1;A01
201000067617;0;7;0;0;1;1;1;A01
201000067618;0;32;0;0;0;1;17;B02
201000067618;0;7;0;0;0;2;15;A01
201000067619;0;7;0;0;2;8;15;A01
201000067619;0;33;0;0;2;1;17;B02
201000067620;0;10;0;6;0;1;1;A01
201000067621;0;2;0;0;2;1;1;B02
201000067621;0;7;0;0;2;7;15;A01
201000067622;0;32;0;0;2;1;17;B02
201000067622;0;7;0;0;2;3;10;A01
201000067623;0;1;0;0;2;4;1;B02
201000067623;0;7;0;0;9;2;2;A01
201000067624;0;7;0;6;0;1;2;A01
201000067625;0;7;0;0;1;1;1;A01
201000067626;0;7;0;0;2;3;13;A01
201000067626;0;7;0;0;2;3;1;B02
201000067627;0;7;0;0;0;3;15;B02
201000067627;0;30;0;0;2;1;17;A01
201000067628;0;7;0;0;2;4;2;A01
201000067628;0;7;0;0;2;1;2;B02
201000067629;0;7;0;0;2;1;5;A01
201000067629;0;7;0;0;2;1;1;B02
201000067630;0;10;0;13;0;2;21;A01
201000067631;0;2;0;0;2;1;1;B02
201000067631;0;7;0;0;2;3;15;A01
201000067632;0;7;0;0;0;9;1;A01
201000067633;0;30;0;0;1;1;1;A01
201000067634;0;1;0;0;2;2;0;A01
201000067634;0;7;0;0;9;2;0;B02
201000067635;0;33;0;0;0;0;1;A01
201000067636;0;32;0;0;2;3;2;B02
201000067636;0;7;0;0;2;5;17;A01
201000067637;0;2;0;0;0;7;17;A01
201000067638;1;30;0;1;2;1;1;B02
201000067638;0;7;0;0;2;2;10;A01
201000067639;0;10;0;0;1;1;1;A01
201000067640;0;7;0;2;0;0;1;A01
201000067641;0;7;0;0;0;3;1;A01
201000067641;0;7;0;0;0;8;1;C03
201000067641;0;7;0;0;0;3;5;B02
201000067642;0;10;0;0;0;3;15;A01
201000067642;0;30;0;0;0;7;17;B02
201000067643;2;7;0;12;0;3;1;A01
201000067644;0;7;0;0;2;2;2;A01
201000067644;0;1;0;0;2;4;2;B02
201000067645;0;7;0;0;0;2;1;A01
201000067645;0;2;0;0;0;8;19;B02
201000067646;0;7;0;0;9;2;2;A01
201000067646;0;1;0;0;2;4;2;B02
201000067647;0;7;0;0;9;2;2;A01
201000067647;0;1;0;0;2;4;2;B02
201000067648;0;7;0;3;0;0;1;A01
201000067649;0;10;0;0;2;4;15;B02
201000067649;0;7;0;0;2;9;23;D04
201000067649;0;17;0;0;2;2;2;A01
201000067649;0;7;0;0;2;9;23;C03
201000067650;0;33;0;16;0;0;14;A01
201000067650;1;7;0;0;2;0;17;B02
201000067651;0;10;0;3;0;3;15;A01
201000067652;0;99;0;0;0;1;0;A01
201000067653;0;10;0;0;2;1;1;B02
201000067653;0;7;0;0;2;1;13;A01
201000067654;0;7;0;0;2;3;1;A01
201000067654;0;7;0;0;2;2;1;B02
201000067655;0;7;0;16;0;1;1;A01
201000067656;0;7;0;13;0;9;1;A01
201000067657;0;10;0;13;0;3;13;A01
201000067658;0;10;0;0;2;9;21;A01
201000067658;0;7;0;0;2;1;21;B02
201000067659;0;7;0;0;2;2;0;A01
201000067659;0;7;0;0;2;3;13;B02
201000067660;2;7;0;13;0;1;0;A01
201000067661;0;14;0;3;0;2;1;A01
201000067662;0;10;0;0;2;3;1;B02
201000067662;0;7;0;0;2;3;13;A01
201000067663;0;7;0;0;2;3;13;A01
201000067663;0;7;0;0;2;3;1;B02
201000067664;0;14;0;13;0;2;1;A01
201000067665;0;7;0;0;1;8;19;A01
201000067666;0;7;0;0;2;2;23;A01
201000067666;0;2;0;0;2;1;5;B02
201000067667;0;30;0;0;6;0;21;A01
201000067668;0;30;0;0;1;1;1;A01
201000067669;0;10;0;0;2;3;19;A01
201000067669;0;30;0;0;2;1;1;B02
201000067670;0;7;0;0;2;1;15;A01
201000067670;0;2;0;0;2;1;1;B02
201000067671;0;7;0;0;0;2;15;B02
201000067671;0;2;0;0;2;1;0;A01
201000067672;2;30;0;0;2;0;15;B02
201000067672;1;30;0;0;1;1;14;A01
201000067673;0;7;0;6;0;1;15;A01
201000067674;0;7;0;0;1;1;1;A01
201000067675;0;7;0;16;0;9;1;A01
201000067676;0;10;0;0;1;5;1;A01
201000067677;0;7;0;0;2;1;0;A01
201000067677;0;7;0;0;2;1;0;B02
201000067678;0;7;0;2;0;1;1;A01
201000067679;1;7;0;0;1;1;0;A01
201000067680;0;3;0;0;0;0;1;A01
201000067681;0;10;0;0;2;2;13;A01
201000067681;0;7;0;0;2;2;1;B02
201000067682;0;10;0;0;1;2;1;A01
201000067683;0;30;0;0;6;1;2;B02
201000067683;0;7;0;0;1;3;2;A01
201000067684;0;33;0;13;0;1;1;A01
201000067685;0;34;0;0;0;0;1;A01
201000067686;0;33;0;0;2;1;1;B02
201000067686;0;7;0;0;0;3;15;A01
201000067687;0;33;0;4;0;8;1;A01
201000067688;0;34;0;0;2;1;12;A01
201000067688;0;14;0;0;2;5;1;B02
201000067689;0;2;0;4;0;7;1;A01
201000067690;0;1;0;0;2;8;19;A01
201000067690;0;7;0;0;2;2;1;B02
201000067691;0;10;0;1;0;1;12;A01
201000067691;0;2;0;0;2;8;23;B02
201000067692;0;30;0;0;2;1;5;B02
201000067692;0;7;0;0;2;3;17;A01
201000067693;0;10;0;3;0;1;14;A01
201000067694;0;2;0;0;2;1;1;A01
201000067694;0;7;0;0;2;4;1;B02
201000067695;0;30;0;3;0;7;14;A01
201000067696;0;30;0;0;2;3;2;B02
201000067696;0;30;0;0;2;2;2;A01
201000067697;0;34;0;0;0;1;0;B02
201000067697;0;7;0;0;9;4;11;A01
201000067698;0;7;0;0;1;3;1;A01
201000067699;0;7;0;0;1;3;17;A01
201000067700;0;7;0;0;2;3;1;A01
201000067700;0;7;0;0;2;2;5;B02
201000067701;0;2;0;0;0;0;1;A01
201000067702;0;33;0;0;2;1;13;A01
201000067702;0;7;0;0;2;1;1;B02
201000067703;0;30;0;0;2;8;15;B02
201000067703;0;33;0;0;2;7;1;A01
201000067704;0;33;0;0;0;8;1;A01
201000067704;0;10;0;0;0;0;12;B02
201000067705;0;7;0;0;2;1;1;B02
201000067705;0;1;0;0;2;1;1;A01
201000067706;0;7;0;13;0;2;1;A01
201000067707;0;7;0;0;2;1;1;A01
201000067707;0;31;0;0;2;1;17;B02
201000067708;0;30;0;0;0;0;1;A01
201000067708;0;7;0;0;9;0;1;B02
201000067709;0;14;0;0;1;2;1;A01
201000067710;0;2;0;0;0;8;0;A01
201000067711;0;7;0;0;1;2;1;A01
201000067712;0;37;0;0;2;8;0;C03
201000067712;0;7;0;0;2;2;15;A01
201000067712;0;2;0;0;2;1;19;B02
201000067713;0;7;0;0;1;2;1;A01
201000067714;0;7;0;0;2;3;1;B02
201000067714;0;2;0;0;2;1;13;A01
201000067715;0;10;0;2;0;2;1;A01
201000067716;0;30;0;10;0;1;1;A01
201000067717;0;7;0;0;2;6;2;C03
201000067717;0;31;0;0;2;2;17;A01
201000067717;0;7;0;0;2;1;1;B02
201000067718;0;38;0;0;2;3;1;B02
201000067718;0;31;0;0;2;1;13;A01
201000067719;0;33;0;0;2;1;1;B02
201000067719;0;7;0;0;2;8;19;A01
201000067720;0;30;0;0;2;1;5;A01
201000067720;0;7;0;0;2;1;1;B02
201000067721;0;7;0;0;0;3;15;A01
201000067721;0;30;0;0;2;1;17;B02
201000067722;0;30;0;0;2;1;2;A01
201000067722;0;21;0;0;0;4;2;B02
201000067723;0;7;0;0;2;3;17;A01
201000067723;0;7;0;0;2;3;1;B02
201000067724;0;7;0;0;1;4;4;A01
201000067725;0;7;0;16;0;7;1;A01
201000067726;0;7;0;0;1;3;1;A01
201000067727;0;7;0;2;0;3;1;A01
201000067728;0;7;0;0;1;1;1;A01
201000067729;0;10;0;0;9;2;1;B02
201000067729;0;1;0;0;2;8;19;A01
201000067730;0;31;0;15;0;3;16;A01
201000067731;0;7;0;0;2;7;13;B02
201000067731;0;7;0;0;2;3;1;A01
201000067732;0;14;0;0;1;0;1;A01
201000067733;0;1;0;0;2;1;1;B02
201000067733;0;7;0;0;2;3;10;A01
201000067734;0;7;0;0;2;5;20;A01
201000067734;0;31;0;0;2;1;17;B02
201000067735;0;33;0;12;0;8;1;A01
201000067736;0;33;0;2;0;3;1;A01
201000067737;0;7;0;4;0;2;17;A01
201000067738;0;7;0;0;0;6;1;A01
201000067738;0;7;0;0;2;2;1;B02
201000067739;0;30;0;14;0;0;9;A01
201000067740;0;30;0;3;0;8;1;A01
201000067741;0;7;0;1;0;2;14;A01
201000067741;0;3;0;0;2;6;24;B02
201000067742;0;10;0;0;2;3;13;A01
201000067742;0;33;0;0;2;1;17;B02
201000067743;0;7;0;0;2;1;1;B02
201000067743;0;7;0;0;2;4;15;A01
201000067744;0;10;0;0;2;3;1;A01
201000067744;0;30;0;0;2;1;1;B02
201000067745;0;7;0;13;0;1;11;A01
201000067746;0;10;0;1;2;7;19;A01
201000067746;0;14;0;0;2;1;1;B02
201000067746;0;14;0;0;2;3;23;C03
201000067747;0;33;0;0;0;1;0;B02
201000067747;0;7;0;0;0;2;15;A01
201000067748;0;34;0;3;0;8;1;A01
201000067749;0;33;0;14;0;9;12;A01
201000067750;0;7;0;0;2;1;13;A01
201000067750;0;7;0;0;2;3;1;B02
201000067751;0;33;0;0;1;2;1;A01
201000067752;0;7;0;0;2;1;13;A01
201000067752;0;7;0;0;2;1;1;B02
201000067753;0;30;0;4;0;1;1;A01
201000067754;0;20;0;0;2;2;19;B02
201000067754;0;31;0;0;2;0;1;A01
201000067755;0;7;0;13;0;9;0;A01
201000067756;0;7;0;0;2;1;1;A01
201000067756;0;2;0;0;2;1;13;B02
201000067757;0;7;0;0;2;3;2;B02
201000067757;0;7;0;0;2;3;13;A01
201000067758;0;7;0;0;2;3;1;A01
201000067758;0;30;0;0;2;3;13;B02
201000067759;0;1;0;9;0;0;5;A01
201000067760;0;1;0;0;2;1;15;A01
201000067760;0;7;0;0;2;7;1;B02
201000067761;0;34;0;0;1;1;19;A01
201000067762;0;10;0;0;2;3;1;A01
201000067762;0;30;0;0;2;1;13;B02
201000067763;0;33;0;0;5;1;19;A01
201000067764;0;30;0;12;0;1;0;A01
201000067765;0;33;0;0;2;1;17;A01
201000067765;0;7;0;0;0;6;10;B02
201000067766;0;7;0;0;0;3;1;A01
201000067766;0;7;0;0;0;3;13;B02
201000067767;0;2;0;0;2;2;2;A01
201000067767;0;2;0;0;2;3;2;B02
201000067768;0;1;0;0;0;0;21;A01
201000067768;0;7;0;0;0;3;1;B02
201000067769;0;32;0;0;1;1;1;A01
201000067770;0;7;0;0;2;7;19;A01
201000067770;0;7;0;0;2;1;1;B02
201000067771;0;7;0;0;2;3;0;C03
201000067771;0;7;0;1;2;5;0;B02
201000067771;0;33;0;0;2;1;1;A01
201000067772;0;33;0;0;2;3;1;B02
201000067772;0;33;0;0;2;1;1;C03
201000067772;0;7;0;0;2;1;1;D04
201000067772;0;7;0;0;2;2;1;A01
201000067773;0;7;0;0;1;1;1;A01
201000067774;0;7;0;0;2;1;15;A01
201000067774;0;2;0;0;2;8;15;B02
201000067775;0;30;0;0;1;1;1;A01
201000067776;0;7;0;0;1;3;15;A01
201000067777;0;7;0;0;1;3;1;A01
201000067778;0;7;0;0;2;3;5;A01
201000067778;0;33;0;0;2;1;1;B02
201000067779;0;10;0;0;2;3;15;A01
201000067779;0;30;0;0;2;1;1;B02
201000067780;0;7;0;0;2;2;1;A01
201000067780;0;32;0;0;2;7;19;B02
201000067781;0;33;0;6;0;1;1;A01
201000067782;0;7;0;0;2;3;17;A01
201000067782;0;30;0;0;2;1;1;B02
201000067783;0;2;0;11;0;1;13;A01
201000067784;0;7;0;0;2;3;15;A01
201000067784;0;33;0;15;2;1;1;B02
201000067785;0;10;0;0;1;3;17;A01
201000067786;0;7;0;13;0;1;1;A01
201000067787;0;13;0;0;2;2;1;A01
201000067787;0;2;0;0;2;1;16;B02
201000067788;0;2;0;0;9;1;13;A01
201000067788;0;1;0;0;2;1;1;B02
201000067789;0;33;0;3;0;8;1;A01
201000067790;0;7;0;0;2;1;13;A01
201000067790;0;7;0;0;2;3;1;C03
201000067790;0;33;0;0;2;1;1;B02
201000067791;0;7;0;0;1;3;1;A01
201000067792;0;30;0;2;0;1;1;A01
201000067793;0;31;0;0;2;1;1;B02
201000067793;0;10;0;0;2;2;19;A01
201000067794;0;7;0;0;0;3;1;B02
201000067794;0;1;0;0;2;1;5;A01
201000067795;0;10;0;0;1;5;4;A01
201000067796;0;7;0;16;0;9;1;A01
201000067797;0;10;0;0;1;1;13;A01
201000067798;0;7;0;0;1;6;4;A01
201000067799;0;7;0;0;1;3;1;A01
201000067800;0;7;0;0;2;9;17;A01
201000067800;0;7;0;0;2;3;1;C03
201000067800;0;7;0;0;2;1;1;B02
201000067801;0;30;0;0;1;1;21;A01
201000067802;0;7;0;0;2;5;1;C03
201000067802;0;7;0;0;2;1;13;A01
201000067802;0;7;0;0;2;9;1;B02
201000067803;0;2;0;0;1;1;1;A01
201000067804;0;7;0;0;2;8;1;B02
201000067804;0;33;0;0;2;8;1;A01
201000067805;0;7;0;0;9;8;13;A01
201000067805;0;1;0;0;2;1;1;B02
201000067806;0;7;0;0;2;1;1;A01
201000067806;0;7;0;0;2;4;1;B02
201000067807;0;30;0;0;0;7;1;B02
201000067807;0;14;0;0;0;2;19;A01
201000067808;0;14;0;0;1;1;0;A01
201000067809;0;33;0;0;2;8;2;A01
201000067809;0;7;0;0;2;4;2;B02
201000067810;0;7;0;0;0;3;16;A01
201000067810;0;2;0;0;0;8;1;B02
201000067811;0;30;0;0;2;1;17;A01
201000067811;0;7;0;0;2;8;2;C03
201000067811;0;7;0;0;2;3;1;B02
201000067812;0;7;0;0;2;8;19;A01
201000067812;0;33;0;0;2;1;1;B02
201000067813;0;33;0;0;2;7;19;B02
201000067813;0;7;0;0;2;1;1;A01
201000067814;0;1;0;0;0;0;1;A01
201000067815;0;33;0;0;2;1;1;B02
201000067815;0;33;0;0;2;5;1;A01
201000067816;0;10;0;0;2;3;1;A01
201000067816;0;2;0;0;2;1;1;B02
201000067817;0;2;0;0;2;1;0;C03
201000067817;0;7;0;0;2;3;1;A01
201000067817;0;10;0;0;2;5;1;B02
201000067818;0;31;0;13;0;1;2;A01
201000067819;0;7;0;0;2;8;9;A01
201000067819;0;38;0;0;2;7;9;B02
201000067820;0;30;0;0;1;1;1;A01
201000067821;0;7;0;0;1;3;1;A01
201000067822;0;7;0;0;1;2;20;A01
201000067823;0;7;0;0;2;7;1;A01
201000067823;0;31;0;0;2;8;1;B02
201000067824;0;7;0;0;2;1;1;A01
201000067824;0;30;0;0;2;1;17;B02
201000067825;0;31;0;1;0;1;0;A01
201000067826;0;33;0;0;2;1;1;A01
201000067826;0;7;0;0;2;2;9;B02
201000067832;0;33;0;8;0;1;1;A01
201000067833;0;31;0;0;2;7;1;B02
201000067833;0;7;0;0;2;3;0;A01
201000067834;0;7;0;0;1;3;2;A01
201000067835;0;7;0;0;9;2;2;A01
201000067835;0;1;0;0;2;4;2;B02
201000067836;2;7;0;11;2;1;15;A01
201000067836;0;7;0;11;2;3;1;B02
201000067837;0;33;0;0;2;7;13;B02
201000067837;0;10;0;0;0;8;14;A01
201000067838;0;2;0;12;0;0;0;A01
201000067839;0;7;0;0;0;8;13;A01
201000067839;0;34;0;8;2;7;17;B02
201000067840;0;7;0;0;2;3;15;A01
201000067841;0;7;0;0;0;4;1;B02
201000067841;0;31;0;0;2;1;1;A01
201000067842;0;7;0;4;0;2;17;A01
201000067843;0;2;0;0;2;1;19;A01
201000067844;0;7;0;0;2;1;1;B02
201000067844;0;7;0;0;2;2;9;D04
201000067844;0;7;0;0;2;1;1;F06
201000067844;0;7;0;0;2;2;1;C03
201000067844;0;14;0;3;2;1;6;A01
201000067844;0;7;0;0;2;2;1;G07
201000067844;0;7;0;0;2;1;1;E05
201000067845;0;7;0;0;0;3;15;A01
201000067845;0;7;0;0;0;3;2;B02
201000067846;0;7;0;4;0;3;17;A01
201000067847;0;7;0;0;2;3;13;A01
201000067847;0;30;0;0;2;1;0;B02
201000067848;0;33;0;14;1;1;2;A01
201000067849;0;7;0;2;0;1;0;A01
201000067852;0;10;0;0;2;2;15;A01
201000067852;0;30;0;0;2;3;16;B02
201000067853;0;2;0;0;2;1;1;A01
201000067853;0;7;0;0;2;1;1;B02
201000067854;0;31;0;0;2;2;1;B02
201000067854;0;7;0;0;2;4;4;A01
201000067855;0;7;0;15;2;2;17;A01
201000067855;0;7;0;0;0;8;15;B02
201000067856;0;30;0;0;2;1;17;A01
201000067856;0;7;0;0;2;8;15;B02
201000067857;0;7;0;0;1;1;1;A01
201000067858;0;7;0;0;2;2;17;A01
201000067858;0;7;0;0;0;4;1;B02
201000067859;0;21;0;0;2;5;2;B02
201000067859;0;30;0;0;2;1;2;A01
201000067860;0;33;0;0;2;8;21;A01
201000067860;0;7;0;0;0;8;23;B02
201000067861;0;7;0;0;0;7;0;B02
201000067861;0;30;0;0;0;8;2;A01
201000067862;0;1;0;0;2;1;13;A01
201000067862;0;7;0;0;2;3;1;B02
201000067863;0;7;0;0;2;1;18;A01
201000067863;0;7;0;0;2;2;15;B02
201000067864;0;7;0;8;0;7;1;A01
201000067865;0;31;0;0;2;8;13;A01
201000067865;0;7;0;0;2;8;1;B02
201000067866;0;7;0;0;2;3;13;C03
201000067866;0;7;0;0;2;3;1;D04
201000067866;0;7;0;0;2;1;2;B02
201000067866;0;7;0;0;0;4;1;A01
201000067867;0;7;0;0;9;3;2;A01
201000067867;0;1;0;0;2;8;10;B02
201000067868;0;33;0;0;2;1;17;A01
201000067868;0;7;0;0;0;8;15;B02
201000067869;2;7;0;0;2;2;5;A01
201000067869;0;7;0;0;2;5;13;B02
201000067869;0;7;0;0;2;1;1;C03
201000067870;0;7;0;0;0;6;15;A01
201000067870;0;1;0;0;0;1;0;B02
201000067871;0;7;0;0;1;1;1;A01
201000067872;0;30;0;0;2;6;2;A01
201000067872;0;7;0;0;2;6;2;B02
201000067873;0;2;0;0;2;1;5;B02
201000067873;0;10;0;0;2;2;5;A01
201000067874;0;30;0;0;2;1;2;A01
201000067874;1;7;0;0;2;4;2;B02
201000067875;0;7;0;0;2;3;15;A01
201000067875;0;31;0;0;2;1;17;B02
201000067876;0;7;0;14;2;1;1;A01
201000067876;0;7;0;0;0;4;1;B02
201000067877;0;2;0;0;2;1;1;B02
201000067877;0;7;0;0;2;1;1;A01
201000067878;0;7;0;6;0;1;1;A01
201000067879;0;7;0;0;2;8;24;B02
201000067879;0;31;0;0;2;8;24;A01
201000067880;0;7;0;0;2;2;15;A01
201000067880;0;30;0;0;2;1;18;B02
201000067881;0;37;0;0;2;1;1;B02
201000067881;0;7;0;0;2;4;1;A01
201000067882;0;7;0;0;2;1;1;A01