num_acc;senc;catv;occutc;obs;obsm;choc;manv;num_veh
201000068242;2;32;0;0;0;4;2;B01
201000068243;0;7;0;0;2;3;1;A01
201000068243;0;7;0;0;2;3;1;B01
201000068244;0;7;0;0;1;0;1;A01
201000068245;0;7;0;0;2;4;2;B01
201000068245;0;2;0;0;2;1;2;A01
201000068246;1;7;0;0;1;1;1;Z01
201000068246;0;7;0;0;0;4;2;A01
201000068247;0;30;0;0;2;4;18;A01
201000068247;0;7;0;0;2;2;18;B01
201000068248;0;7;0;0;2;2;0;A01
201000068248;0;1;0;0;2;1;9;B01
201000068249;0;7;0;0;2;1;1;A01
201000068249;0;7;0;0;2;4;1;B01
201000068250;0;7;0;0;1;1;0;A01
201000068251;0;7;0;0;2;1;6;A01
201000068251;0;7;0;0;2;1;1;B01
201000068252;0;7;0;15;0;7;1;A01
201000068253;0;7;0;0;2;1;15;A01
201000068253;0;2;0;0;2;1;1;B01
201000068254;0;7;0;6;0;1;1;A01
201000068255;1;7;0;0;1;0;0;Z01
201000068256;0;7;0;0;2;7;15;A01
201000068256;0;7;0;0;2;1;1;B01
201000068257;0;3;0;0;2;8;15;A01
201000068257;0;7;0;0;2;1;1;B01
201000068258;0;7;0;0;2;3;15;A01
201000068258;0;33;0;0;2;7;1;B01
201000068259;0;7;0;0;2;8;1;A01
201000068259;0;30;0;0;2;1;5;B01
201000068260;0;7;0;0;2;1;2;A01
201000068260;0;7;0;0;2;4;2;B01
201000068261;0;7;0;9;0;1;1;A01
201000068262;0;7;0;0;2;1;1;B01
201000068262;0;30;0;0;2;1;17;A01
201000068263;0;7;0;6;0;7;14;A01
201000068264;0;33;0;4;0;3;13;A01
201000068265;0;7;0;0;1;4;4;A01
201000068266;1;30;0;16;0;2;14;Z01
201000068267;0;33;0;0;2;1;2;A01
201000068267;0;7;0;0;2;4;2;C01
201000068267;0;33;0;0;2;4;2;B01
201000068268;0;34;0;0;1;1;1;A01
201000068269;2;7;0;0;1;1;11;Z01
201000068270;0;7;0;0;1;2;1;A01
201000068271;0;7;0;0;1;1;1;A01
201000068272;0;7;0;0;1;1;1;A01
201000068273;0;7;0;0;2;7;1;B01
201000068273;0;2;0;0;2;1;19;A01
201000068274;0;2;0;0;2;1;9;A01
201000068274;0;7;0;0;2;4;2;B01
201000068275;0;32;0;0;2;1;1;B01
201000068275;0;7;0;0;2;3;1;A01
201000068276;0;32;0;16;0;1;14;A01
201000068277;0;30;0;0;2;1;1;B01
201000068277;0;7;0;0;2;7;15;A01
201000068278;1;33;0;0;2;1;1;B01
201000068278;0;7;0;0;2;1;15;A01
201000068279;0;2;0;0;1;1;1;A01
201000068280;0;34;0;0;2;1;1;B01
201000068280;0;7;0;0;2;7;13;A01
201000068281;1;7;0;0;1;1;1;A01
201000068282;0;7;0;0;1;0;4;A01
201000068283;0;7;0;0;1;1;1;A01
201000068284;0;2;0;16;0;1;14;A01
201000068285;0;7;0;0;2;1;10;A01
201000068285;0;2;0;0;2;1;1;B01
201000068286;0;7;0;0;2;1;2;A01
201000068286;0;7;0;0;2;4;2;B01
201000068287;0;33;0;13;0;1;14;A01
201000068288;0;7;0;0;2;8;10;A01
201000068288;0;31;0;0;2;9;1;B01
201000068289;0;33;0;4;0;2;14;A01
201000068290;0;7;0;0;1;0;4;A01
201000068291;0;7;0;0;2;2;15;A01
201000068291;0;7;0;0;2;1;1;B01
201000068292;0;7;0;0;2;1;1;A01
201000068292;0;34;0;0;2;1;1;B01
201000068292;0;7;0;0;2;1;9;C01
201000068293;0;33;0;1;2;1;17;B01
201000068293;0;7;0;0;2;3;15;A01
201000068294;0;7;0;0;2;1;2;B01
201000068294;0;7;0;0;0;4;24;C01
201000068294;0;7;0;0;2;1;2;A01
201000068295;0;7;0;0;2;3;2;B01
201000068295;0;33;0;0;2;1;17;A01
201000068296;0;7;0;0;1;1;1;A01
201000068297;0;7;0;0;1;1;16;A01
201000068298;0;30;0;0;2;1;9;A01
201000068298;0;7;0;0;2;7;9;B01
201000068299;0;33;0;12;0;9;14;A01
201000068300;0;7;0;6;0;9;13;A01
201000068301;0;7;0;0;2;4;2;B01
201000068301;0;7;0;0;2;1;2;A01
201000068302;0;7;0;0;1;1;1;A01
201000068303;0;7;0;0;2;7;15;A01
201000068304;0;7;0;6;0;1;14;A01
201000068305;0;7;0;0;2;8;13;A01
201000068305;0;33;0;0;2;8;13;B01
201000068306;0;33;0;0;2;0;17;A01
201000068306;0;7;0;0;2;1;21;C01
201000068306;0;7;0;0;2;4;2;B01
201000068307;1;31;0;0;1;1;0;Z01
201000068308;0;7;0;0;1;0;1;A01
201000068309;0;99;0;0;2;1;1;B01
201000068309;0;7;0;0;2;1;13;A01
201000068310;0;7;0;0;2;1;1;B01
201000068310;0;7;0;0;2;4;4;A01
201000068310;0;7;0;0;2;1;24;C01
201000068311;0;7;0;0;1;0;1;A01
201000068312;0;37;1;0;2;8;9;B01
201000068312;0;33;0;0;2;8;9;A01
201000068313;0;7;0;0;2;4;24;B01
201000068313;0;7;0;1;0;1;1;A01
201000068314;0;33;0;0;2;1;9;A01
201000068314;0;7;0;0;2;8;9;B01
201000068315;0;32;0;0;2;1;1;B01
201000068315;0;7;0;0;2;2;12;A01
201000068316;0;7;0;0;1;9;14;A01
201000068317;0;7;0;0;1;1;1;A01
201000068318;0;7;0;0;1;1;1;A01
201000068319;0;10;0;0;2;8;1;B01
201000068319;0;7;0;0;2;2;9;A01
201000068320;0;7;0;16;0;9;13;A01
201000068321;0;7;0;0;2;1;15;A01
201000068321;0;30;0;0;0;1;1;B01
201000068322;0;7;0;0;1;1;1;A01
201000068323;0;7;0;0;2;8;1;D01
201000068323;0;7;0;0;2;1;1;F02
201000068323;0;7;0;0;2;1;1;B01
201000068323;0;7;0;0;2;8;1;C01
201000068323;0;7;0;0;2;7;1;E01
201000068323;0;7;0;0;2;4;4;A01
201000068324;0;33;0;16;0;1;13;A01
201000068325;0;7;0;0;2;4;2;C01
201000068325;0;7;0;0;2;1;1;B01
201000068325;0;7;0;0;2;1;2;A01
201000068326;0;7;0;0;2;8;24;B01
201000068326;0;7;0;1;0;1;13;A01
201000068327;0;7;0;0;2;4;23;B01
201000068327;0;7;0;0;2;1;2;A01
201000068328;0;33;0;0;2;1;13;A01
201000068328;0;7;0;0;2;1;1;B01
201000068329;0;33;0;0;2;4;2;B01
201000068329;1;7;0;0;2;1;2;A01
201000068330;0;7;0;0;1;1;1;A01
201000068331;0;7;0;0;2;1;1;B01
201000068331;0;33;0;0;2;7;9;A01
201000068332;0;31;0;0;2;1;1;Z01
201000068332;0;7;0;0;2;4;15;A01
201000068333;0;7;0;0;2;1;1;B01
201000068333;0;7;0;0;2;1;13;A01
201000068334;0;33;0;0;2;7;9;B01
201000068334;0;7;0;0;2;7;9;A01
201000068335;0;32;0;0;2;1;15;A01
201000068335;0;7;0;0;2;7;1;B01
201000068336;0;33;0;0;2;1;7;B01
201000068336;0;7;0;0;2;2;16;A01
201000068337;0;33;0;12;0;1;13;A01
201000068338;0;7;0;0;1;0;15;A01
201000068339;0;30;0;0;2;4;2;B01
201000068339;0;33;0;0;2;8;2;A01
201000068340;0;32;0;0;2;1;1;B01
201000068340;0;7;0;0;2;7;12;A01
201000068341;0;7;0;0;2;1;1;B01
201000068341;0;7;0;0;2;1;13;A01
201000068342;0;7;0;0;2;8;1;B01
201000068342;0;31;0;0;2;1;5;A01
201000068343;0;1;0;0;2;1;5;A01
201000068343;0;7;0;0;2;1;1;B01
201000068344;1;32;0;0;1;1;14;Z01
201000068345;1;7;0;0;1;1;1;Z01
201000068346;0;7;0;0;1;3;1;A01
201000068347;0;33;0;16;0;1;13;A01
201000068348;0;34;0;0;2;1;1;B01
201000068348;0;7;0;0;2;2;6;A01
201000068349;0;30;0;1;0;1;1;A01
201000068350;0;32;0;0;0;1;14;A01
201000068351;0;7;0;0;2;6;9;A01
201000068351;0;7;0;0;2;2;1;B01
201000068352;0;7;0;0;2;8;22;A01
201000068352;0;30;0;1;0;1;1;B01
201000068353;0;33;0;0;2;1;13;A01
201000068354;0;7;0;0;2;1;1;A01
201000068355;0;7;0;0;2;7;1;A01
201000068356;0;30;0;0;2;1;1;B01
201000068356;0;7;0;0;2;3;15;A01
201000068357;0;7;0;0;1;1;10;A01
201000068358;0;31;0;0;2;3;13;A01
201000068358;0;7;0;0;2;3;13;B01
201000068359;0;30;0;16;0;7;14;A01
201000068360;0;7;0;0;1;1;1;A01
201000068361;0;32;0;0;2;2;14;A01
201000068362;0;33;0;16;0;1;14;A01
201000068363;1;31;0;0;1;1;1;Z01
201000068364;0;31;0;0;2;1;13;A01
201000068364;0;7;0;0;2;8;1;B01
201000068365;0;7;0;0;2;2;9;A01
201000068365;0;30;0;0;2;1;1;B01
201000068366;0;7;0;0;2;1;1;B01
201000068366;0;7;0;0;2;2;15;A01
201000068367;0;7;0;0;2;2;15;A01
201000068367;0;33;0;0;2;1;1;B01
201000068368;0;31;0;0;2;1;18;A01
201000068368;0;7;0;0;2;2;16;B01
201000068369;0;33;0;16;0;2;14;A01
201000068370;0;7;0;7;0;2;14;A01
201000068371;0;7;0;0;1;1;17;A01
201000068372;0;7;0;0;1;1;1;A01
201000068373;0;7;0;0;1;4;4;A01
201000068374;0;7;0;0;1;1;19;A01
201000068375;0;30;0;0;2;1;1;B01
201000068375;0;7;0;0;2;3;9;A01
201000068376;0;7;0;0;1;1;1;A01
201000068377;0;7;0;0;1;1;16;A01
201000068378;0;33;0;16;0;0;14;A01
201000068379;0;7;0;0;2;3;16;A01
201000068379;0;33;0;0;2;1;1;B01
201000068380;0;7;0;1;0;2;14;A01
201000068381;0;32;0;0;2;1;1;A01
201000068381;0;7;0;0;2;5;15;B01
201000068382;0;7;0;4;0;2;14;A01
201000068383;0;7;0;0;2;1;15;B01
201000068383;0;30;0;0;2;7;11;A01
201000068384;0;31;0;0;2;1;2;A01
201000068384;0;7;0;0;2;4;2;B01
201000068385;0;7;0;0;2;2;9;A01
201000068385;0;7;0;0;2;1;1;B01
201000068386;0;7;0;0;2;9;1;B01
201000068386;0;7;0;0;2;3;15;A01
201000068387;0;30;0;0;2;1;18;A01
201000068387;0;7;0;0;2;7;22;B01
201000068388;0;30;0;0;2;1;1;A01
201000068388;0;7;0;0;2;2;16;B01
201000068389;0;7;0;0;2;1;1;A01
201000068389;0;7;0;0;2;1;16;B01
201000068390;0;7;0;0;1;1;17;A01
201000068391;0;7;0;0;2;8;1;B01
201000068391;0;7;0;0;2;1;6;A01
201000068392;0;7;0;0;2;5;12;A01
201000068392;0;31;0;0;2;1;1;B01
201000068393;0;30;0;16;0;2;14;A01
201000068394;0;7;0;0;2;6;11;B01
201000068394;0;32;0;0;2;1;17;A01
201000068395;1;7;0;0;1;1;1;Z01
201000068396;1;7;0;0;1;7;1;Z01
201000068397;0;32;0;0;2;1;2;A01
201000068397;0;7;0;0;2;4;2;B01
201000068398;1;33;0;0;1;1;1;Z01
201000068399;0;2;0;0;1;7;14;A01
201000068400;1;13;0;0;1;7;14;Z01
201000068401;0;7;0;0;1;1;1;A01
201000068402;0;7;0;0;2;4;2;B01
201000068402;0;7;0;0;2;1;2;A01
201000068403;0;7;0;0;2;1;1;B01
201000068403;0;33;0;0;2;2;17;A01
201000068404;0;33;0;5;0;1;0;A01
201000068405;0;7;0;0;2;8;13;A01
201000068405;0;33;0;0;2;8;13;B01
201000068406;0;7;0;0;2;8;15;B01
201000068406;0;33;0;0;2;1;17;A01
201000068407;0;7;0;0;2;4;2;B01
201000068407;0;7;0;0;2;1;2;A01
201000068408;0;31;0;0;0;0;0;A01
201000068409;0;33;0;0;2;1;0;A01
201000068409;0;7;0;0;2;3;0;B01
201000068410;0;7;0;0;2;7;1;B01
201000068410;0;7;0;0;2;1;0;A01
201000068410;0;7;0;0;2;3;0;C01
201000068411;0;2;0;0;2;1;2;A01
201000068411;1;7;0;0;2;4;2;Z01
201000068412;0;33;0;1;0;1;0;A01
201000068413;0;7;0;0;2;4;2;B01
201000068413;0;7;0;0;2;4;2;C01
201000068413;0;7;0;0;2;1;1;A01
201000068414;0;33;0;0;2;1;1;A01
201000068414;0;7;0;0;2;6;0;B01
201000068415;0;30;0;1;0;1;1;A01
201000068416;0;32;0;0;0;1;1;A01
201000068417;0;33;0;16;0;1;1;A01
201000068418;0;7;0;0;2;6;1;B01
201000068418;0;33;0;0;2;1;2;A01
201000068419;0;33;0;0;2;1;1;A01
201000068419;0;7;0;0;2;5;0;B01
201000068420;0;7;0;0;2;0;0;A01
201000068420;0;7;0;0;2;0;0;C01
201000068420;0;7;0;0;2;0;0;B01
201000068421;0;7;0;4;0;0;1;A01
201000068422;0;1;0;0;2;1;9;B01
201000068422;0;7;0;0;2;1;1;A01
201000068423;0;37;1;1;0;5;7;A01
201000068423;0;7;0;0;2;3;7;B01
201000068424;1;33;0;0;1;0;19;A01
201000068425;0;33;0;3;0;7;1;A01
201000068426;0;7;0;0;1;7;1;A01
201000068427;0;7;0;0;2;1;5;A01
201000068427;0;7;0;0;2;1;5;B01
201000068428;0;7;0;6;0;1;21;A01
201000068429;0;7;0;0;2;1;1;A01
201000068429;0;33;0;0;2;1;5;B01
201000068430;1;34;0;0;1;1;0;Z01
201000068431;0;7;0;0;2;4;12;A01
201000068431;0;33;0;0;2;1;1;B01
201000068432;0;7;0;0;2;1;2;A01
201000068432;0;7;0;0;2;4;2;B01
201000068433;0;7;0;4;0;9;1;A01
201000068434;0;34;0;0;2;0;2;B01
201000068434;0;7;0;0;2;4;1;C01
201000068434;0;7;0;0;2;4;1;D01
201000068434;0;33;0;0;2;0;1;A01
201000068435;0;7;0;0;1;1;2;A01
201000068435;0;7;0;0;2;4;2;B01
201000068436;0;7;0;0;2;4;2;B01
201000068436;0;7;0;0;2;1;2;A01
201000068436;0;7;0;0;2;4;2;C01
201000068436;0;10;0;0;2;4;2;D01
201000068437;0;7;0;0;2;4;1;B01
201000068437;0;7;0;0;2;7;1;A01
201000068438;0;13;0;0;2;7;12;A01
201000068438;0;7;0;0;2;1;11;B01
201000068439;0;7;0;0;2;1;2;A01
201000068439;0;7;0;0;2;4;2;B01
201000068440;0;7;0;15;0;7;1;A01
201000068441;0;33;0;0;1;1;0;A01
201000068442;0;7;0;8;0;1;1;A01
201000068443;0;30;0;0;1;1;0;A01
201000068444;0;7;0;0;2;1;2;C01
201000068444;0;7;0;0;2;4;2;B01
201000068444;0;7;0;0;2;1;2;A01
201000068445;0;7;0;0;2;4;2;B01
201000068445;0;7;0;0;2;1;2;A01
201000068446;0;7;0;0;2;3;5;A01
201000068446;0;14;0;0;2;3;5;B01
201000068447;0;7;0;16;0;0;1;A01
201000068448;0;7;0;0;2;3;1;A01
201000068448;0;10;0;0;2;3;1;B01
201000068449;0;7;0;0;2;4;1;B01
201000068449;0;7;0;0;2;9;1;A01
201000068449;0;7;0;0;2;8;1;C01
201000068450;0;10;0;0;2;3;1;A01
201000068450;0;33;0;0;2;2;1;B01
201000068451;0;7;0;0;2;7;0;B01
201000068451;0;7;0;0;2;1;0;A01
201000068452;0;7;0;15;0;9;0;A01
201000068453;0;7;0;0;2;6;2;B01
201000068453;0;7;0;4;2;1;21;A01
201000068453;0;7;0;0;2;4;2;C01
201000068454;0;7;0;4;0;9;1;A01
201000068455;1;33;0;0;1;7;0;A01
201000068456;0;7;0;0;2;6;5;C01
201000068456;0;7;0;0;2;2;1;A01
201000068456;0;7;0;0;2;1;9;B01
201000068457;0;7;0;0;2;2;1;B01
201000068457;0;7;0;0;1;1;9;A01
201000068458;0;7;0;0;2;4;2;B01
201000068458;0;7;0;0;2;1;2;A01
201000068459;0;33;0;14;0;1;2;A01
201000068460;0;7;0;0;2;4;2;B01
201000068460;0;7;0;0;2;1;2;A01
201000068461;0;7;0;0;2;3;24;C01
201000068461;0;7;0;1;0;6;10;A01
201000068462;0;7;0;0;2;4;2;B01
201000068462;0;7;0;0;2;1;2;A01
201000068463;0;7;0;0;2;1;2;B01
201000068463;0;7;0;0;2;1;5;A01
201000068463;0;7;0;0;2;1;2;C01
201000068464;0;7;0;0;2;1;5;A01
201000068464;0;7;0;0;2;1;5;B01
201000068465;0;7;0;0;2;1;2;A01
201000068465;0;7;0;0;2;4;2;D01
201000068465;0;7;0;0;2;4;2;B01
201000068465;0;7;0;0;2;4;2;C01
201000068466;0;7;0;0;1;2;2;A01
201000068467;0;7;0;0;2;3;5;A01
201000068467;0;32;0;0;2;1;5;B01
201000068468;0;7;0;0;2;4;2;A01
201000068468;0;7;0;0;2;1;2;B01
201000068469;0;7;0;0;2;6;1;B01
201000068469;0;7;0;0;2;7;1;A01
201000068470;0;7;0;0;2;8;1;B01
201000068470;0;7;0;0;2;3;6;A01
201000068471;0;7;0;0;1;7;1;A01
201000068472;0;7;0;0;2;4;2;B01
201000068472;0;7;0;0;2;4;2;C01
201000068472;0;7;0;0;2;1;2;A01
201000068473;0;33;0;0;2;7;0;B01
201000068473;0;7;0;0;2;8;1;A01
201000068474;0;7;0;0;2;8;11;A01
201000068474;0;33;0;0;2;0;1;B01
201000068475;0;7;0;4;0;9;1;A01
201000068476;0;10;0;0;2;4;2;B01
201000068476;0;33;0;0;2;1;2;A01
201000068477;0;10;0;0;2;4;1;B01
201000068477;0;7;0;15;2;1;1;A01
201000068478;0;7;0;0;2;4;2;B01
201000068478;0;7;0;0;2;1;2;A01
201000068479;0;30;0;0;2;1;1;B01
201000068479;0;7;0;0;2;1;10;A01
201000068480;0;7;0;0;2;1;2;A01
201000068480;0;7;0;0;2;4;2;B01
201000068481;0;7;0;0;2;1;1;A01
201000068481;0;7;0;0;2;4;2;B01
201000068482;0;7;0;0;2;2;1;B01
201000068482;0;7;0;0;2;1;1;C01
201000068482;0;33;0;0;2;1;5;A01
201000068483;0;7;0;0;2;2;15;B01
201000068483;0;34;0;0;2;1;1;A01
201000068484;0;7;0;0;2;8;15;B01
201000068484;0;33;0;0;2;8;17;A01
201000068485;0;33;0;0;2;1;5;B01
201000068485;0;7;0;0;2;1;5;A01
201000068486;0;7;0;0;2;5;2;A01
201000068486;0;31;0;0;2;1;2;B01
201000068487;0;7;0;0;2;1;1;A01
201000068487;0;7;0;0;2;1;5;B01
201000068488;0;7;0;0;2;1;5;A01
201000068488;0;7;0;0;2;1;5;B01
201000068489;0;33;0;0;2;1;0;A01
201000068489;0;7;0;0;2;8;1;B01
201000068490;0;7;0;0;2;1;2;A01
201000068490;0;7;0;0;2;4;2;B01
201000068491;0;7;0;0;2;9;2;B01
201000068491;0;7;0;0;2;3;1;C01
201000068491;0;7;0;0;2;7;3;A01
201000068492;0;33;0;0;2;1;2;B01
201000068492;0;7;0;0;2;3;2;A01
201000068493;0;7;0;2;0;1;0;A01
201000068494;0;7;0;0;2;3;5;A01
201000068494;0;7;0;0;2;3;5;B01
201000068495;0;7;0;0;2;1;5;A01
201000068495;0;32;0;0;2;1;5;B01
201000068496;0;7;0;0;2;1;2;B01
201000068496;0;7;0;0;2;4;2;A01
201000068497;0;7;0;0;1;1;2;A01
201000068498;0;7;0;0;2;1;2;C01
201000068498;0;7;0;0;2;9;2;B01
201000068498;0;7;0;0;2;9;2;A01
201000068499;0;10;0;0;1;1;10;A01
201000068500;0;10;0;0;2;8;0;A01
201000068500;0;32;0;0;2;1;9;B01
201000068501;0;32;0;0;2;1;2;B01
201000068501;0;7;0;0;2;3;2;A01
201000068502;0;7;0;0;2;1;2;A01
201000068502;0;7;0;0;2;4;2;B01
201000068503;0;32;0;0;2;9;5;B01
201000068503;0;14;0;0;2;6;5;A01
201000068504;0;7;0;15;0;1;2;A01
201000068505;0;7;0;0;2;1;5;A01
201000068505;0;7;0;0;2;1;5;B01
201000068506;0;7;0;0;2;1;5;B01
201000068506;0;7;0;0;2;1;5;A01
201000068506;0;7;0;0;2;1;5;C01
201000068507;0;32;0;16;0;9;2;A01
201000068508;0;7;0;0;2;1;2;A01
201000068508;0;7;0;0;2;4;2;C01
201000068508;0;7;0;0;2;4;2;B01
201000068509;0;7;0;0;2;1;2;C01
201000068509;0;7;0;0;2;4;2;B01
201000068509;0;7;0;0;2;4;2;A01
201000068510;0;33;0;0;2;1;18;A01
201000068510;0;7;0;0;2;1;5;B01
201000068511;0;7;0;3;2;9;0;A01
201000068511;0;7;0;0;2;1;0;B01
201000068512;0;7;0;0;1;1;0;A01
201000068513;0;13;0;0;2;1;1;B01
201000068513;0;7;0;0;2;1;0;A01
201000068514;0;31;0;0;2;4;2;A01
201000068514;0;7;0;0;2;4;2;B01
201000068515;0;7;0;0;2;4;2;C01
201000068515;0;7;0;0;2;4;2;B01
201000068515;0;13;0;0;2;1;2;A01
201000068516;0;7;0;3;0;7;1;A01
201000068517;0;7;0;0;2;3;1;B01
201000068517;0;7;0;0;2;3;1;A01
201000068518;0;7;0;0;2;4;2;A01
201000068518;1;7;0;0;0;1;2;Z01
201000068519;0;7;0;0;2;3;1;B01
201000068519;0;7;0;0;2;3;13;A01
201000068520;0;7;0;0;2;1;1;A01
201000068520;0;7;0;0;2;1;1;B01
201000068521;0;33;0;10;0;0;9;A01
201000068522;0;7;0;0;2;1;2;A01
201000068522;0;7;0;0;2;4;2;B01
201000068523;0;7;0;0;0;3;1;B01
201000068523;0;7;0;0;2;3;1;A01
201000068524;0;2;0;0;2;7;17;A01
201000068524;0;2;0;0;2;0;0;B01
201000068525;0;31;0;0;2;1;2;A01
201000068525;0;7;0;0;2;4;2;B01
201000068526;0;7;0;4;0;0;1;A01
201000068526;0;7;0;0;2;8;1;B01
201000068527;0;10;0;0;2;5;2;A01
201000068527;0;33;0;0;2;1;2;B01
201000068528;0;10;0;0;1;1;1;A01
201000068529;0;10;0;0;9;4;2;B01
201000068529;0;33;0;0;2;1;2;A01
201000068530;0;34;0;0;2;7;3;A01
201000068531;0;7;0;0;2;1;9;A01
201000068531;0;7;0;0;2;2;1;B01
201000068532;0;7;0;0;2;3;13;B01
201000068532;0;7;0;0;2;3;1;A01
201000068533;0;7;0;0;2;1;2;A01
201000068533;0;7;0;0;2;4;2;D01
201000068533;0;7;0;0;2;4;2;C01
201000068533;0;7;0;0;2;4;2;B01
201000068534;0;10;0;0;9;1;2;A01
201000068535;1;7;0;0;1;0;0;Z01
201000068536;0;7;0;13;0;9;0;A01
201000068537;0;7;0;0;2;4;2;C01
201000068537;0;10;0;0;2;4;2;D01
201000068537;0;7;0;0;2;0;2;B01
201000068537;0;7;0;0;2;1;2;A01
201000068538;0;7;0;0;2;7;1;B01
201000068538;0;33;0;0;2;6;3;A01
201000068539;0;7;0;0;2;8;15;B01
201000068539;0;7;0;0;2;1;1;A01
201000068540;1;7;0;0;2;4;0;Z01
201000068540;0;7;0;0;2;4;1;A01
201000068541;0;7;0;4;0;9;2;A01
201000068542;0;37;1;0;2;1;2;A01
201000068542;0;7;0;0;2;4;2;B01
201000068543;0;33;0;0;2;8;2;B01
201000068543;0;7;0;0;2;7;21;A01
201000068544;0;7;0;0;2;1;5;A01
201000068544;0;7;0;0;2;1;2;B01
201000068545;0;33;0;0;2;1;1;B01
201000068545;0;7;0;0;2;3;9;A01
201000068546;0;7;0;0;1;2;2;A01
201000068547;0;7;0;0;2;4;2;B01
201000068547;0;7;0;0;2;1;2;A01
201000068547;0;10;0;0;2;4;2;C01
201000068547;0;7;0;0;2;0;0;D01
201000068548;0;7;0;0;2;1;2;A01
201000068548;0;7;0;0;2;4;2;B01
201000068549;0;32;0;0;2;1;16;B01
201000068549;0;7;0;0;2;1;15;A01
201000068550;0;33;0;0;2;1;21;B01
201000068550;0;7;0;0;2;8;15;A01
201000068550;0;7;0;0;2;3;1;D01
201000068550;0;10;0;0;2;7;1;C01
201000068551;0;7;0;0;2;3;1;B01
201000068551;0;7;0;0;2;3;5;A01
201000068552;0;7;0;0;2;8;1;B01
201000068552;0;7;0;0;2;7;17;A01
201000068553;0;7;0;0;2;8;0;B01
201000068553;0;7;0;0;2;3;0;A01
201000068554;0;7;0;0;2;4;2;D01
201000068554;0;7;0;0;2;4;2;B01
201000068554;0;7;0;0;2;1;2;A01
201000068554;0;7;0;0;2;4;2;C01
201000068555;0;7;0;0;2;3;1;A01
201000068555;0;7;0;0;2;3;13;B01
201000068556;0;7;0;0;9;3;0;A01
201000068556;0;2;0;0;2;1;0;B01
201000068557;1;99;0;0;0;0;0;Z01
201000068558;0;7;0;0;9;6;0;B01
201000068558;0;2;0;0;2;1;0;A01
201000068559;0;2;0;0;2;1;0;B01
201000068559;0;7;0;0;9;1;0;A01
201000068560;0;2;0;0;1;1;1;A01
201000068561;0;7;0;0;1;3;0;A01
201000068562;0;7;0;0;9;1;0;A01
201000068562;0;2;0;0;2;1;0;B01
201000068563;0;7;0;0;1;0;0;A01
201000068564;0;7;0;0;9;4;0;A01
201000068564;0;2;0;0;2;1;0;B01
201000068565;0;7;0;0;1;1;0;A01
201000068566;0;7;0;0;2;1;0;B01
201000068566;0;13;0;0;2;3;0;A01
201000068567;0;2;0;0;2;1;0;B01
201000068567;0;7;0;0;9;1;0;A01
201000068568;0;7;0;0;9;0;0;A01
201000068568;0;2;0;0;2;5;0;B01
201000068569;0;7;0;0;9;1;0;B01
201000068569;0;2;0;0;2;1;0;A01
201000068570;0;2;0;0;2;1;1;B01
201000068570;0;7;0;0;2;1;15;A01
201000068571;0;7;0;0;2;5;1;B01
201000068571;0;2;0;0;2;1;1;A01
201000068572;0;2;0;0;2;1;15;A01
201000068572;0;7;0;0;2;1;1;B01
201000068573;0;33;0;6;0;1;1;A01
201000068574;0;7;0;0;1;3;19;A01
201000068575;0;33;0;0;2;1;2;B01
201000068575;0;7;0;0;2;5;12;A01
201000068576;0;7;0;0;1;3;1;A01
201000068577;0;10;0;0;1;2;1;A01
201000068578;0;2;0;0;2;1;17;B01
201000068578;0;7;0;0;9;3;13;A01
201000068579;0;7;0;0;1;2;1;A01
201000068580;0;2;0;0;2;7;1;A01
201000068580;0;7;0;0;2;8;15;B01
201000068581;0;2;0;0;2;1;2;B01
201000068581;0;7;0;0;2;3;13;A01
201000068582;0;2;0;0;2;1;11;B01
201000068582;0;99;0;0;9;3;15;A01
201000068583;0;1;0;0;2;1;1;B01
201000068583;0;7;0;0;9;7;0;A01
201000068584;0;2;0;0;1;1;1;A01
201000068585;0;2;0;0;2;8;1;B01
201000068585;0;7;0;0;2;3;15;A01
201000068586;0;7;0;1;2;9;2;A01
201000068587;0;7;0;0;1;0;2;A01
201000068588;0;2;0;1;9;4;2;A01
201000068588;0;7;0;0;9;4;2;B01
201000068589;0;33;0;0;0;1;15;A01
201000068590;0;7;0;0;2;8;15;A01
201000068590;0;33;0;0;2;1;1;B01
201000068591;0;7;0;0;2;6;15;A01
201000068591;0;2;0;0;2;1;17;B01
201000068591;0;7;0;0;2;3;1;C01
201000068592;0;2;0;0;2;1;1;B01
201000068592;0;7;0;0;2;1;15;A01
201000068593;0;33;0;0;2;8;2;A01
201000068593;0;7;0;0;2;6;15;B01
201000068594;1;7;0;0;9;0;1;B01
201000068594;0;34;0;0;2;1;1;A01
201000068595;0;7;0;0;2;1;1;B01
201000068595;0;7;0;0;2;1;15;A01
201000068596;0;2;0;0;2;7;14;A01
201000068596;0;2;0;0;2;8;1;B01
201000068597;0;7;0;0;2;2;17;B01
201000068597;0;7;0;0;2;8;15;A01
201000068598;0;2;0;0;9;1;17;A01
201000068598;0;1;0;0;2;1;1;B01
201000068599;0;2;0;0;2;1;17;A01
201000068599;0;7;0;0;2;8;15;B01
201000068600;0;2;0;0;9;1;1;B01
201000068600;0;1;0;0;2;1;10;A01
201000068601;0;7;0;0;2;7;1;A01
201000068601;0;2;0;0;2;0;1;B01
201000068602;0;2;0;0;2;1;1;B01
201000068602;0;7;0;0;2;6;4;A01
201000068603;0;2;0;0;2;1;19;A01
201000068603;0;7;0;0;2;3;1;B01