num_acc;senc;catv;occutc;obs;obsm;choc;manv;num_veh
201000068604;0;2;0;0;2;1;15;A01
201000068604;0;7;0;0;2;1;1;B01
201000068605;0;1;0;0;9;1;1;B01
201000068605;0;2;0;0;9;1;15;A01
201000068606;0;2;0;0;2;1;1;B01
201000068606;0;7;0;0;2;3;15;A01
201000068607;0;7;0;0;2;2;15;A01
201000068607;0;2;0;0;2;1;1;B01
201000068608;0;7;0;0;2;4;2;B01
201000068608;0;7;0;0;2;1;2;A01
201000068609;0;2;0;0;2;5;1;B01
201000068609;0;7;0;0;2;3;19;A01
201000068610;0;2;0;0;2;3;1;B01
201000068610;0;7;0;0;2;2;16;A01
201000068611;0;7;0;0;2;4;9;B01
201000068611;0;2;0;0;2;1;2;A01
201000068612;0;2;0;0;2;1;1;B01
201000068612;0;7;0;0;2;3;19;A01
201000068613;0;7;0;0;2;7;1;A01
201000068614;0;7;0;0;2;0;15;B01
201000068614;0;2;0;0;2;0;15;A01
201000068615;0;2;0;0;2;4;1;B01
201000068615;0;7;0;0;2;4;17;C01
201000068615;2;7;0;0;0;1;2;A01
201000068616;0;2;0;0;2;1;0;A01
201000068617;0;33;0;0;0;3;0;B01
201000068617;1;2;0;0;9;0;0;Z01
201000068618;0;7;0;1;1;8;19;A01
201000068619;0;7;0;0;9;1;0;B01
201000068619;0;1;0;0;2;1;0;A01
201000068620;0;7;0;0;2;0;19;A01
201000068620;0;1;0;0;2;9;1;B01
201000068621;0;2;0;0;0;1;1;B01
201000068621;0;7;0;0;0;0;15;A01
201000068622;0;7;0;0;2;6;19;B01
201000068622;0;7;0;0;2;1;19;A01
201000068623;0;1;0;0;2;1;16;A01
201000068623;0;7;0;0;9;0;1;B01
201000068624;0;7;0;0;1;8;1;A01
201000068625;0;2;0;0;2;6;0;A01
201000068625;0;7;0;0;0;2;1;B01
201000068626;0;7;0;0;2;2;1;A01
201000068626;0;10;0;0;2;4;1;B01
201000068627;0;1;0;0;0;1;0;B01
201000068627;0;7;0;0;9;0;0;A01
201000068628;0;2;0;0;0;0;0;B01
201000068628;0;7;0;0;9;3;15;A01
201000068629;0;10;0;0;0;0;0;A01
201000068629;0;10;0;0;0;0;0;B01
201000068630;0;33;0;0;2;1;1;B01
201000068630;0;7;0;0;0;2;1;A01
201000068631;0;7;0;0;9;0;0;A01
201000068631;0;2;0;0;0;0;0;B01
201000068632;0;2;0;0;0;0;0;B01
201000068632;1;7;0;0;0;0;0;Z01
201000068633;0;2;0;0;0;0;0;B01
201000068633;0;7;0;0;0;3;0;A01
201000068634;0;30;0;8;9;1;21;A01
201000068634;0;1;0;0;9;2;1;B01
201000068635;1;2;0;0;0;0;0;Z01
201000068636;0;1;0;0;2;1;0;A01
201000068636;0;7;0;0;9;1;0;B01
201000068637;0;7;0;0;0;0;0;A01
201000068637;0;1;0;0;0;0;0;B01
201000068638;0;2;0;0;0;0;0;B01
201000068638;0;3;0;0;0;0;0;A01
201000068639;0;7;0;0;0;8;1;B01
201000068639;0;33;0;0;0;2;1;A01
201000068640;0;2;0;0;0;0;0;B01
201000068640;0;7;0;0;0;0;0;A01
201000068641;0;7;0;0;0;3;0;A01
201000068641;0;2;0;0;2;0;0;B01
201000068642;0;33;0;0;0;0;0;B01
201000068642;0;7;0;0;0;0;0;A01
201000068643;0;7;0;0;0;3;0;A01
201000068643;0;7;0;0;0;4;0;B01
201000068644;0;34;0;0;2;1;1;B01
201000068644;0;7;0;0;9;3;15;A01
201000068645;0;7;0;0;0;0;1;B01
201000068645;0;7;0;0;0;0;15;A01
201000068646;0;7;0;0;0;1;1;B01
201000068646;0;7;0;0;2;1;13;A01
201000068647;0;2;0;0;2;1;17;B01
201000068647;0;7;0;0;2;8;15;A01
201000068648;0;2;0;0;1;8;0;A01
201000068649;0;2;0;0;0;1;15;A01
201000068649;0;7;0;0;0;8;16;B01
201000068650;0;7;0;0;0;1;0;A01
201000068650;0;2;0;0;9;0;0;B01
201000068651;0;7;0;0;0;4;0;B01
201000068651;0;7;0;0;2;1;0;A01
201000068652;0;2;0;0;0;2;0;A01
201000068652;0;7;0;0;9;1;0;B01
201000068653;0;2;0;0;2;2;1;A01
201000068653;0;7;0;0;0;6;0;B01
201000068654;0;7;0;0;2;8;0;B01
201000068654;0;31;0;0;2;9;0;A01
201000068655;0;2;0;0;2;5;1;B01
201000068655;0;7;0;0;9;0;0;A01
201000068656;0;7;0;0;2;6;0;A01
201000068656;0;33;0;0;2;6;0;B01
201000068657;0;7;0;0;0;1;15;A01
201000068658;2;7;0;0;0;0;0;Z01
201000068659;0;1;0;0;9;0;0;A01
201000068659;0;2;0;0;9;0;0;B01
201000068660;0;2;0;3;2;9;17;A01
201000068660;0;33;0;0;2;7;17;B01
201000068661;0;2;0;0;2;7;17;A01
201000068661;0;7;0;0;2;7;17;B01
201000068662;0;7;0;0;1;1;1;A01
201000068663;0;2;0;0;0;2;0;B01
201000068663;0;7;0;0;9;5;0;A01
201000068664;0;1;0;0;0;2;0;A01
201000068664;0;7;0;0;0;1;0;B01
201000068665;0;7;0;0;9;5;0;A01
201000068665;0;2;0;0;2;1;0;B01
201000068666;0;7;0;0;0;1;21;A01
201000068667;2;7;0;0;0;0;0;A01
201000068668;0;7;0;0;0;1;0;B01
201000068668;0;2;0;0;0;1;0;A01
201000068669;0;2;0;0;1;0;1;A01
201000068670;0;7;0;0;2;3;1;A01
201000068670;0;2;0;0;0;1;16;B01
201000068671;0;7;0;0;1;1;0;B01
201000068671;0;1;0;0;0;1;0;A01
201000068672;0;2;0;0;0;1;0;A01
201000068672;0;7;0;0;6;7;16;B01
201000068673;0;2;0;0;2;7;0;A01
201000068673;0;14;0;0;0;0;0;B01
201000068674;0;7;0;0;0;1;0;B01
201000068674;0;2;0;0;2;1;0;A01
201000068675;0;2;0;0;0;1;0;A01
201000068676;0;2;0;0;9;1;1;B01
201000068676;0;2;0;0;9;9;0;A01
201000068677;0;7;0;0;9;2;19;A01
201000068677;0;2;0;0;0;5;19;B01
201000068678;0;7;0;0;9;1;15;A01
201000068678;0;2;0;0;0;1;1;B01
201000068679;0;7;0;0;0;0;0;A01
201000068680;0;7;0;0;9;8;19;A01
201000068680;0;1;0;0;0;1;19;B01
201000068681;0;2;0;0;2;1;19;A01
201000068681;0;7;0;0;9;3;19;B01
201000068682;0;10;0;0;9;0;16;A01
201000068682;0;1;0;0;0;6;0;B01
201000068683;0;7;0;0;9;5;15;A01
201000068683;0;2;0;0;2;1;1;B01
201000068684;1;2;0;0;0;0;0;Z01
201000068684;0;2;0;0;9;1;0;B01
201000068685;0;7;0;0;0;1;0;A01
201000068686;0;2;0;0;2;0;1;B01
201000068686;0;7;0;0;9;3;10;A01
201000068687;0;7;0;0;2;0;0;A01
201000068688;1;7;0;0;9;3;1;Z01
201000068688;0;1;0;0;2;7;5;A01
201000068689;0;7;0;0;0;0;0;A01
201000068690;0;7;0;0;1;1;1;A01
201000068691;0;7;0;0;9;3;0;A01
201000068691;0;2;0;0;2;9;16;B01
201000068692;0;2;0;0;1;1;0;B01
201000068693;0;2;0;0;0;0;0;A01
201000068693;0;7;0;0;9;0;1;B01
201000068694;0;7;0;0;2;5;1;B01
201000068694;0;7;0;0;2;1;15;A01
201000068695;0;1;0;0;2;1;19;B01
201000068695;0;7;0;0;9;3;0;A01
201000068696;0;7;0;0;2;1;1;A01
201000068696;0;7;0;0;2;2;1;B01
201000068697;0;7;0;0;1;1;1;A01
201000068698;0;2;0;0;0;1;19;A01
201000068698;0;2;0;0;9;1;19;B01
201000068699;0;1;0;0;1;0;1;A01
201000068700;0;7;0;0;9;3;19;A01
201000068700;0;2;0;0;2;1;0;B01
201000068701;0;1;0;0;2;4;19;B01
201000068701;0;7;0;0;9;2;15;A01
201000068702;0;2;0;0;2;1;1;A01
201000068702;0;7;0;0;9;5;1;B01
201000068703;0;7;0;0;9;5;16;A01
201000068703;0;2;0;0;2;1;1;B01
201000068704;0;7;0;0;1;1;16;A01
201000068705;0;30;0;14;0;8;2;A01
201000068706;0;2;0;0;2;7;1;B01
201000068706;0;7;0;0;9;2;15;A01
201000068707;0;7;0;0;9;2;1;A01
201000068707;0;2;0;0;0;3;1;B01
201000068708;0;30;0;0;2;0;0;B01
201000068708;0;7;0;0;2;1;0;A01
201000068709;0;7;0;0;1;1;1;A01
201000068710;0;2;0;0;0;1;15;A01
201000068710;0;7;0;0;9;4;15;B01
201000068711;0;7;0;0;2;1;19;A01
201000068711;0;7;0;0;2;8;19;B01
201000068712;0;2;0;0;2;1;19;A01
201000068712;0;7;0;0;9;3;19;B01
201000068713;0;7;0;0;2;1;15;A01
201000068713;0;2;0;0;2;1;1;B01
201000068714;0;10;0;0;2;7;16;A01
201000068714;0;2;0;0;2;0;18;B01
201000068715;0;7;0;0;0;2;0;A01
201000068715;0;2;0;0;0;7;0;B01
201000068716;0;2;0;0;2;7;1;B01
201000068716;0;7;0;0;2;1;15;A01
201000068717;0;2;0;0;1;0;1;A01
201000068718;0;31;0;16;0;9;1;A01
201000068719;0;7;0;0;0;2;1;A01
201000068720;0;7;0;0;1;0;1;A01
201000068721;0;2;0;0;0;0;0;B01
201000068721;0;7;0;0;0;5;0;A01
201000068722;0;7;0;0;2;3;15;B01
201000068722;0;2;0;0;2;1;17;A01
201000068723;0;33;0;0;1;0;1;A01
201000068724;0;7;0;13;2;8;1;B01
201000068724;0;2;0;6;2;1;1;C01
201000068724;0;7;0;0;2;1;19;A01
201000068725;0;2;0;0;0;1;1;B01
201000068725;0;7;0;0;9;6;15;A01
201000068726;0;7;0;0;1;2;1;A01
201000068727;0;10;0;0;2;8;9;A01
201000068727;0;33;0;0;2;1;1;B01
201000068728;0;2;0;0;1;0;14;A01
201000068729;0;7;0;0;1;0;1;A01
201000068730;0;7;0;0;0;6;15;B01
201000068730;0;30;0;0;2;1;17;A01
201000068731;0;1;0;0;9;1;19;B01
201000068731;0;7;0;0;9;1;19;A01
201000068732;0;1;0;0;2;1;11;A01
201000068732;0;7;0;0;9;1;1;B01
201000068733;0;7;0;0;9;7;1;B01
201000068733;0;1;0;0;2;7;19;A01
201000068734;0;7;0;0;9;3;15;A01
201000068734;0;1;0;0;2;0;16;B01
201000068735;0;2;0;0;9;8;1;B01
201000068735;0;2;0;0;9;1;15;A01
201000068736;0;7;0;0;2;1;0;A01
201000068736;0;7;0;0;2;1;16;B01
201000068737;0;7;0;0;1;2;1;A01
201000068738;0;7;0;0;2;3;15;A01
201000068738;0;31;0;0;2;1;1;B01
201000068739;0;31;0;0;2;0;0;B01
201000068739;0;7;0;0;0;0;0;A01
201000068740;0;33;0;0;2;1;14;A01
201000068741;0;33;0;0;1;0;0;A01
201000068742;0;7;0;0;1;1;1;A01
201000068743;0;2;0;0;2;1;19;A01
201000068743;0;7;0;0;2;5;1;B01
201000068744;0;2;0;0;2;1;1;B01
201000068744;0;7;0;0;9;2;15;A01
201000068745;0;2;0;0;0;1;0;A01
201000068746;0;2;0;0;1;1;1;A01
201000068747;0;33;0;0;9;1;12;B01
201000068747;0;7;0;0;0;1;15;A01
201000068748;0;1;0;0;2;1;14;A01
201000068748;0;33;0;0;9;1;1;B01
201000068749;0;7;0;0;0;0;0;B01
201000068749;0;30;0;0;0;0;0;A01
201000068750;0;33;0;0;0;0;1;A01
201000068751;0;33;0;0;0;0;1;A01
201000068752;0;30;0;0;2;1;1;A01
201000068752;0;7;0;0;9;1;1;B01
201000068753;0;7;0;0;9;5;9;A01
201000068753;0;1;0;0;2;1;1;B01
201000068754;0;2;0;2;0;1;13;A01
201000068755;0;7;0;0;9;3;1;A01
201000068755;0;1;0;0;2;1;1;B01
201000068756;0;30;0;0;1;1;1;A01
201000068757;0;7;0;0;9;8;15;B01
201000068757;0;31;0;0;2;1;17;A01
201000068758;0;7;0;0;9;7;10;A01
201000068758;0;33;0;0;2;1;1;B01
201000068759;0;7;0;0;2;4;23;B01
201000068759;0;7;0;0;2;1;1;A01
201000068759;0;7;0;0;2;4;23;C01
201000068760;0;7;0;6;0;3;1;A01
201000068761;0;7;0;6;0;2;1;A01
201000068762;0;30;0;12;0;1;1;A01
201000068763;0;7;0;0;9;8;15;A01
201000068763;0;33;0;0;2;1;17;B01
201000068764;0;7;0;0;9;2;15;A01
201000068764;0;33;0;0;2;1;1;B01
201000068765;0;7;0;0;2;1;15;A01
201000068765;0;33;0;0;0;7;1;B01
201000068766;0;7;0;13;0;7;14;A01
201000068767;0;33;0;0;2;4;23;B01
201000068767;0;10;0;0;2;4;23;C01
201000068767;0;7;0;0;2;1;1;A01
201000068768;0;7;0;0;1;2;1;A01
201000068769;0;2;0;0;2;1;5;A01
201000068769;0;7;0;0;9;1;1;B01
201000068770;0;7;0;0;2;8;1;B01
201000068770;0;7;0;0;2;1;1;A01
201000068771;0;7;0;0;2;8;1;B01
201000068771;0;7;0;0;2;1;1;A01
201000068772;0;30;0;0;2;8;1;B01
201000068772;0;7;0;0;9;1;1;A01
201000068773;0;7;0;0;9;3;15;A01
201000068773;0;30;0;0;2;1;17;B01
201000068774;0;7;0;0;9;7;15;A01
201000068774;0;33;0;0;2;1;1;B01
201000068775;0;30;0;0;2;1;1;A01
201000068775;0;7;0;0;9;6;23;B01
201000068776;0;30;0;1;0;1;1;A01
201000068777;0;7;0;0;9;1;1;A01
201000068777;0;2;0;0;2;4;1;B01
201000068778;0;7;0;0;2;4;23;B01
201000068778;0;7;0;0;2;1;1;A01
201000068779;0;1;0;15;0;1;1;A01
201000068780;0;7;0;15;0;5;1;A01
201000068781;0;33;0;0;2;1;17;B01
201000068781;0;7;0;0;9;3;10;A01
201000068782;0;30;0;0;2;8;1;B01
201000068782;0;7;0;0;9;1;1;A01
201000068783;0;7;0;0;1;1;1;A01
201000068784;0;7;0;0;1;1;1;A01
201000068785;0;7;0;0;2;1;1;B01
201000068785;0;7;0;0;0;8;16;A01
201000068786;0;10;0;15;0;2;14;A01
201000068787;0;1;0;0;0;0;21;B01
201000068787;0;7;0;0;9;0;22;A01
201000068788;0;7;0;0;1;1;1;B01
201000068788;0;7;0;0;1;7;1;A01
201000068789;0;7;0;0;2;3;0;A01
201000068789;0;2;0;0;0;1;1;B01
201000068790;0;2;0;0;2;1;18;A01
201000068790;0;7;0;0;9;2;16;B01
201000068791;0;1;0;0;2;8;10;B01
201000068791;0;7;0;0;9;2;13;A01
201000068792;0;7;0;0;1;2;1;A01
201000068793;0;2;0;0;2;1;17;B01
201000068793;0;7;0;0;9;8;15;A01
201000068794;0;7;0;0;2;4;1;B01
201000068794;0;7;0;0;2;4;1;C01
201000068794;0;37;3;0;2;1;1;A01
201000068795;0;7;0;0;9;4;23;A01
201000068795;0;1;0;0;2;1;1;B01
201000068796;0;1;0;0;2;7;1;A01
201000068796;0;7;0;0;9;1;1;B01
201000068797;0;7;0;0;9;7;15;A01
201000068797;0;33;0;0;2;1;1;B01
201000068798;0;33;0;1;0;1;1;A01
201000068799;0;7;0;0;1;3;1;A01
201000068800;0;1;0;0;0;0;9;A01
201000068801;0;2;0;12;0;1;1;A01
201000068802;0;31;0;0;2;4;1;B01
201000068802;0;14;0;0;9;1;1;A01
201000068803;0;7;0;0;9;5;15;A01
201000068803;0;30;0;0;2;1;1;B01
201000068804;0;7;0;0;2;2;9;A01
201000068804;0;7;0;0;2;8;1;B01
201000068804;0;7;0;0;2;8;1;C01
201000068805;0;7;0;0;9;1;15;B01
201000068805;0;1;0;0;2;1;5;A01
201000068806;0;7;0;0;2;1;5;A01
201000068806;0;7;0;0;2;7;1;B01
201000068807;0;7;0;0;9;2;1;B01
201000068807;0;1;0;0;2;1;9;A01
201000068808;0;7;0;6;0;2;1;A01
201000068809;1;7;0;0;1;1;1;Z01
201000068810;0;31;0;12;0;7;1;A01
201000068811;0;7;0;0;9;2;9;A01
201000068811;0;30;0;0;2;1;17;B01
201000068812;0;31;0;0;2;1;1;B01
201000068812;0;7;0;0;9;3;15;A01
201000068813;0;7;0;0;0;0;17;A01
201000068813;0;33;0;0;0;8;17;B01
201000068814;0;1;0;0;0;7;1;B01
201000068814;0;7;0;0;9;1;9;A01
201000068815;0;7;0;0;1;1;1;A01
201000068816;0;1;0;0;2;1;5;A01
201000068816;0;7;0;0;0;3;15;B01
201000068817;0;7;0;0;0;1;1;B01
201000068817;0;14;0;0;0;0;1;C01
201000068817;0;32;0;0;2;1;17;A01
201000068818;0;2;0;0;0;0;1;A01
201000068819;0;7;0;0;9;7;15;A01
201000068819;0;30;0;0;2;1;1;B01
201000068820;0;7;0;0;2;1;1;B01
201000068820;0;7;0;0;0;4;1;A01
201000068820;0;7;0;0;2;1;1;C01
201000068821;0;31;0;0;2;1;1;B01
201000068821;0;7;0;0;9;7;15;A01
201000068822;0;2;0;0;0;7;1;A01
201000068823;0;7;0;0;1;1;1;A01
201000068824;0;10;0;0;9;4;4;A01
201000068824;0;2;0;0;2;8;1;B01
201000068825;0;2;0;0;0;8;1;A01
201000068826;0;7;0;0;2;1;1;B01
201000068826;0;7;0;0;2;7;1;A01
201000068827;0;33;0;0;0;8;1;A01
201000068828;0;30;0;0;2;1;1;A01
201000068828;0;7;0;0;9;4;16;B01
201000068829;0;99;0;0;1;3;1;A01
201000068830;0;30;0;0;2;1;17;A01
201000068830;0;7;0;0;9;8;20;B01
201000068831;0;2;0;0;9;1;17;A01
201000068831;0;1;0;0;0;1;1;B01
201000068832;1;2;0;0;9;0;1;Z01
201000068832;0;33;0;0;9;1;1;B01
201000068833;0;33;0;0;2;1;1;B01
201000068833;0;7;0;0;9;8;10;A01
201000068834;0;7;0;3;0;0;1;A01
201000068835;0;7;0;0;2;4;1;A01
201000068835;0;2;0;0;0;1;1;B01
201000068836;0;2;0;0;2;1;1;B01
201000068836;0;7;0;0;2;4;1;A01
201000068837;0;1;0;0;2;4;1;B01
201000068837;0;7;0;0;2;1;1;A01
201000068838;0;30;0;0;2;1;17;A01
201000068838;0;7;0;0;2;3;15;B01
201000068839;1;30;0;0;1;0;0;A01
201000068840;0;7;0;0;2;0;15;A01
201000068840;0;2;0;0;2;0;1;B01
201000068841;0;33;0;8;0;1;0;A01
201000068842;0;7;0;0;2;8;1;B01
201000068842;0;30;0;0;2;1;1;A01
201000068843;0;7;0;0;2;0;1;C01
201000068843;0;7;0;0;2;0;15;A01
201000068843;0;2;0;0;2;1;1;B01
201000068844;0;7;0;0;1;1;17;A01
201000068845;0;7;0;0;1;1;2;A01
201000068846;0;1;0;0;0;4;2;B01
201000068846;0;7;0;0;2;2;2;A01
201000068847;0;7;0;0;2;1;2;A01
201000068847;0;7;0;0;0;4;14;B01
201000068848;0;30;0;0;0;0;1;A01
201000068849;0;1;0;0;0;0;0;A01
201000068850;0;7;0;6;0;1;0;A01
201000068851;0;7;0;6;0;2;1;A01
201000068852;0;7;0;0;2;1;1;B01
201000068852;0;7;0;0;2;1;15;A01
201000068853;0;2;0;0;2;1;9;A01
201000068853;0;7;0;0;2;2;17;B01
201000068854;0;7;0;0;2;1;13;A01
201000068854;0;7;0;0;2;8;1;B01
201000068855;0;7;0;0;9;2;0;A01
201000068856;0;7;0;4;0;3;0;A01
201000068857;0;1;0;13;0;1;1;A01
201000068858;0;1;0;0;2;3;15;B01
201000068858;0;37;1;0;9;5;2;A01
201000068859;0;30;0;6;0;0;1;A01
201000068860;0;7;0;0;2;6;15;B01
201000068860;0;2;0;0;2;1;0;A01
201000068861;0;7;0;0;0;7;16;A01
201000068861;0;30;0;0;2;1;18;B01
201000068862;0;7;0;13;0;9;1;A01
201000068863;0;7;0;4;0;1;1;A01
201000068864;0;7;0;0;2;4;1;B01
201000068864;0;7;0;0;2;1;1;A01
201000068865;0;7;0;0;2;2;1;A01
201000068865;0;1;0;0;2;3;0;B01
201000068866;0;7;0;0;2;2;15;A01
201000068866;0;30;0;0;2;1;1;B01
201000068867;0;1;0;0;2;1;1;B01
201000068867;0;7;0;0;2;6;0;A01
201000068868;0;1;0;0;2;1;1;B01
201000068868;0;7;0;0;2;1;1;A01
201000068869;0;7;0;0;1;1;1;A01
201000068870;0;7;0;0;2;6;19;A01
201000068870;0;7;0;0;2;6;1;B01
201000068871;0;30;0;0;1;1;17;A01
201000068872;0;2;0;0;0;1;0;A01
201000068873;0;7;0;14;0;1;1;A01
201000068874;0;1;0;0;2;1;0;B01
201000068874;0;7;0;0;2;2;1;A01
201000068875;0;7;0;0;2;0;1;B01
201000068875;0;2;0;0;2;0;0;A01
201000068876;0;7;0;0;2;0;0;B01
201000068876;0;7;0;0;2;0;0;A01
201000068877;0;7;0;0;0;9;0;A01
201000068878;1;1;0;0;0;0;0;A01
201000068878;0;2;0;0;2;0;0;B01
201000068879;0;31;0;0;1;1;1;A01
201000068880;1;7;0;0;1;1;1;A01
201000068881;0;2;0;0;0;1;1;A01
201000068882;0;7;0;0;2;4;2;A01
201000068882;0;1;0;0;2;1;2;B01
201000068883;1;7;0;0;0;0;0;A01
201000068884;0;7;0;0;2;8;1;B01
201000068884;0;2;0;0;2;0;15;A01
201000068885;0;7;0;0;1;2;1;A01
201000068886;0;7;0;0;2;1;17;A01
201000068886;0;7;0;0;2;1;1;B01
201000068887;0;2;0;0;0;0;0;A01
201000068888;0;33;0;0;0;0;1;A01
201000068889;0;7;0;3;0;1;11;A01
201000068890;0;7;0;0;2;1;0;A01
201000068890;0;37;1;0;2;8;0;B01
201000068891;0;7;0;0;0;0;0;A01
201000068891;0;7;0;0;0;0;0;B01
201000068892;0;7;0;14;2;1;0;A01
201000068892;0;7;0;0;2;1;1;B01
201000068893;0;2;0;0;2;1;1;A01
201000068893;0;7;0;0;2;1;0;B01
201000068894;0;30;0;8;0;0;1;A01
201000068895;0;7;0;0;0;0;1;A01
201000068896;0;31;0;0;0;0;6;A01
201000068897;0;7;0;0;0;3;1;A01
201000068897;0;2;0;0;2;7;0;B01
201000068898;0;33;0;0;0;0;1;A01
201000068899;0;7;0;0;2;4;1;A01
201000068899;0;7;0;0;2;1;1;B01
201000068900;0;7;0;0;1;0;1;A01
201000068901;0;7;0;0;2;0;1;A01
201000068901;0;7;0;0;2;0;0;B01
201000068902;0;7;0;0;2;2;8;A01
201000068902;0;7;0;0;2;1;8;B01
201000068903;0;30;0;0;0;0;1;A01
201000068904;0;2;0;0;0;0;1;A01
201000068905;0;2;0;0;0;0;0;B01
201000068905;0;7;0;0;2;0;0;A01
201000068906;0;7;0;0;2;0;1;B01
201000068906;0;7;0;0;1;4;1;A01
201000068907;0;7;0;0;1;0;1;A01
201000068908;0;7;0;0;1;2;1;A01
201000068909;0;7;0;0;1;2;0;A01
201000068910;0;7;0;0;1;2;0;A01
201000068910;0;1;0;0;2;0;19;B01
201000068911;0;37;1;0;9;0;1;A01
201000068911;0;1;0;0;2;0;13;B01
201000068912;1;2;0;0;1;0;0;A01
201000068913;0;7;0;0;2;2;0;A01
201000068913;0;7;0;0;2;6;1;B01
201000068914;0;7;0;0;2;0;1;A01
201000068914;0;7;0;0;2;0;1;B01
201000068915;0;33;0;3;0;8;1;A01
201000068916;0;7;0;0;2;1;1;B01
201000068916;0;7;0;0;2;4;0;A01
201000068917;0;30;0;10;0;7;0;A01
201000068918;1;7;0;0;0;0;0;B01
201000068918;0;31;0;0;0;0;0;A01
201000068919;0;7;0;6;0;0;0;A01
201000068920;0;7;0;0;2;6;1;C01
201000068920;0;7;0;0;2;6;2;B01
201000068920;0;7;0;0;2;7;1;D01
201000068920;0;2;0;12;2;0;0;A01
201000068921;0;2;0;3;2;0;0;A01
201000068921;0;7;0;0;2;0;1;B01
201000068922;0;7;0;2;0;1;6;A01
201000068923;0;7;0;12;1;0;1;A01
201000068924;0;7;0;0;2;0;0;A01
201000068924;0;2;0;0;2;0;0;B01
201000068925;0;7;0;0;1;2;1;A01
201000068926;0;7;0;3;0;1;0;A01
201000068927;0;7;0;0;0;1;0;A01
201000068928;0;33;0;0;1;0;0;A01
201000068929;0;33;0;0;2;0;0;B01
201000068929;0;7;0;0;2;0;0;A01
201000068930;0;7;0;0;2;8;11;B01
201000068930;0;33;0;0;2;0;13;A01
201000068931;0;7;0;0;1;0;2;A01
201000068932;0;7;0;0;2;0;1;A01
201000068932;0;7;0;0;2;0;1;B01
201000068933;0;7;0;0;2;1;1;A01
201000068933;0;7;0;0;2;1;0;B01
201000068934;0;7;0;0;1;0;1;A01
201000068935;0;7;0;0;1;0;2;A01
201000068936;0;2;0;0;2;1;0;B01
201000068936;0;7;0;0;2;2;1;A01
201000068937;0;7;0;0;2;6;1;A01
201000068937;0;32;0;0;2;1;1;B01
201000068938;0;7;0;0;2;8;0;A01
201000068938;0;7;0;0;0;1;0;B01
201000068938;0;7;0;0;2;1;0;C01
201000068939;0;7;0;0;2;0;4;A01
201000068939;0;32;0;0;2;0;0;B01
201000068940;0;33;0;0;0;0;0;A01
201000068940;0;7;0;0;0;0;0;B01
201000068941;0;2;0;0;2;0;0;A01
201000068941;0;7;0;0;0;0;0;C01
201000068941;0;7;0;0;2;0;0;B01
201000068942;0;7;0;0;1;0;1;A01
201000068943;0;7;0;0;1;0;1;A01
201000068944;0;7;0;0;2;0;1;A01
201000068944;0;7;0;0;2;0;0;B01
201000068945;0;7;0;0;2;4;1;B01
201000068945;0;2;0;0;2;0;0;A01
201000068946;1;2;0;0;9;0;0;A01
201000068946;0;1;0;0;2;0;0;B01
201000068947;0;32;0;0;5;2;1;A01
201000068948;0;7;0;0;2;0;0;B01
201000068948;0;33;0;0;2;0;0;A01
201000068949;0;7;0;0;0;0;0;A01
201000068950;0;2;0;0;0;0;0;A01
201000068951;0;7;0;0;2;8;1;B01
201000068951;0;13;0;0;2;2;12;A01
201000068952;0;7;0;4;0;0;0;A01
201000068953;0;7;0;0;0;0;0;A01
201000068954;0;1;0;0;2;0;0;A01
201000068955;0;7;0;0;2;0;0;B01
201000068955;0;2;0;0;2;0;0;A01
201000068956;0;7;0;0;1;0;0;A01
201000068957;0;7;0;0;0;1;1;A01
201000068958;0;7;0;0;0;1;0;A01
201000068959;0;37;0;0;2;3;0;B01
201000068959;0;33;0;0;2;0;0;A01
201000068960;0;7;0;0;2;3;0;B01
201000068960;0;7;0;0;2;1;0;A01
201000068961;0;7;0;0;2;0;0;A01
201000068961;0;2;0;0;2;0;0;B01
201000068962;0;7;0;0;2;4;4;A01
201000068962;0;2;0;0;2;1;0;B01
201000068963;0;7;0;0;1;1;1;A01
201000068964;0;2;0;0;1;1;0;A01
201000068965;0;7;0;0;0;1;1;A01
201000068966;0;7;0;0;0;0;0;A01
201000068967;0;7;0;0;1;0;0;A01
201000068968;0;31;0;0;2;7;1;B01
201000068968;0;7;0;0;2;2;15;A01
201000068969;0;7;0;0;2;4;0;B01
201000068969;0;31;0;0;2;0;0;A01
201000068970;0;7;0;0;2;0;0;A01
201000068970;0;30;0;0;2;0;0;B01
201000068971;0;7;0;0;2;0;0;B01
201000068971;0;7;0;0;2;0;0;A01
201000068972;0;7;0;0;2;0;0;B01
201000068972;0;7;0;0;2;0;0;A01
201000068973;0;2;0;12;0;1;1;A01
201000068974;0;7;0;0;9;3;1;A01
201000068974;0;1;0;0;2;1;9;B01
201000068975;0;7;0;0;2;1;2;A01
201000068976;0;37;1;0;2;0;0;A01
201000068976;0;7;0;0;2;0;0;B01
201000068977;0;7;0;0;2;3;0;A01
201000068977;0;31;0;0;2;1;0;B01
201000068978;0;7;0;0;9;2;0;A01
201000068979;0;7;0;0;2;4;2;C01
201000068979;0;7;0;0;2;1;2;A01
201000068979;0;7;0;0;2;4;2;B01
201000068980;0;7;0;0;2;8;10;B01
201000068980;0;2;0;0;2;1;1;A01
201000068981;0;33;0;0;2;2;2;B01
201000068981;0;7;0;0;2;1;2;A01
201000068982;0;7;0;0;1;0;2;A01
201000068983;0;7;0;0;2;2;1;B01
201000068983;0;30;0;0;2;1;1;A01
201000068984;0;7;0;0;2;0;1;A01
201000068984;0;7;0;0;2;0;0;B01