num_acc;senc;catv;occutc;obs;obsm;choc;manv;num_veh
201000068985;0;7;0;0;2;4;10;B01
201000068985;0;33;0;0;2;1;1;A01
201000068986;0;1;0;12;0;1;0;A01
201000068987;0;7;0;0;1;2;1;A01
201000068988;0;2;0;0;2;1;0;B01
201000068988;0;7;0;0;2;4;1;A01
201000068989;0;7;0;0;1;1;1;A01
201000068990;0;30;0;13;0;0;2;A01
201000068991;0;31;0;0;2;3;1;B01
201000068991;0;7;0;0;2;1;6;A01
201000068992;0;33;0;0;0;0;17;A01
201000068992;0;38;1;0;0;0;13;B01
201000068993;0;1;0;0;0;0;0;A01
201000068994;0;7;0;0;2;1;1;B01
201000068994;0;2;0;0;2;8;15;A01
201000068995;0;2;0;0;1;1;1;A01
201000068996;0;7;0;0;1;2;1;A01
201000068997;0;1;0;0;0;8;1;B01
201000068997;0;7;0;0;9;7;16;A01
201000068998;0;7;0;0;2;3;11;A01
201000068998;0;33;0;0;0;5;1;B01
201000068999;0;7;0;0;1;1;1;A01
201000069000;0;31;0;0;0;0;0;A01
201000069001;0;7;0;0;2;6;0;B01
201000069001;0;33;0;0;2;6;0;A01
201000069002;0;7;0;0;0;6;2;B01
201000069002;0;33;0;0;2;6;2;A01
201000069002;0;33;0;0;2;1;2;C01
201000069003;0;7;0;0;2;3;13;A01
201000069003;0;2;0;0;2;1;1;B01
201000069004;0;7;0;13;0;7;2;A01
201000069005;0;31;0;0;0;8;1;B01
201000069005;0;7;0;0;2;1;1;A01
201000069006;0;2;0;0;2;1;0;B01
201000069006;0;7;0;0;2;5;0;A01
201000069007;0;2;0;14;0;1;2;A01
201000069008;0;7;0;0;2;3;15;A01
201000069008;0;2;0;0;2;1;17;B01
201000069009;0;2;0;0;0;0;0;A01
201000069010;0;7;0;0;1;1;1;A01
201000069011;0;7;0;0;2;1;1;B01
201000069011;0;33;0;0;2;2;1;A01
201000069012;0;31;0;0;0;7;0;A01
201000069013;0;37;1;0;1;8;0;A01
201000069014;0;7;0;0;1;3;1;A01
201000069015;1;7;0;0;2;1;1;Z01
201000069015;0;7;0;0;0;4;1;A01
201000069016;0;7;0;0;1;1;1;A01
201000069017;0;7;0;0;1;3;1;A01
201000069018;0;2;0;0;0;1;0;A01
201000069019;0;7;0;0;2;2;0;B01
201000069019;0;7;0;0;2;3;1;A01
201000069020;0;33;0;0;0;3;1;A01
201000069021;0;33;0;0;2;1;1;B01
201000069021;0;7;0;0;2;8;11;A01
201000069022;0;7;0;3;0;1;1;A01
201000069023;0;2;0;0;2;0;0;A01
201000069023;0;7;0;0;2;0;1;B01
201000069024;0;7;0;0;2;2;0;B01
201000069024;0;7;0;0;2;3;0;A01
201000069025;1;2;0;0;1;0;0;Z01
201000069026;0;2;0;1;0;0;1;A01
201000069027;0;7;0;0;2;1;1;A01
201000069027;0;7;0;0;0;4;17;B01
201000069028;0;37;0;0;2;2;1;B01
201000069028;0;2;0;0;2;3;7;A01
201000069029;0;7;0;0;2;1;0;B01
201000069029;0;2;0;0;2;1;0;A01
201000069030;0;7;0;0;2;2;15;A01
201000069030;0;1;0;0;2;1;1;B01
201000069031;0;7;0;12;0;2;0;A01
201000069032;0;7;0;0;2;2;1;A01
201000069032;0;7;0;0;2;1;1;B01
201000069033;0;7;0;0;1;4;4;A01
201000069034;0;7;0;0;2;1;11;A01
201000069034;0;33;0;0;2;1;0;B01
201000069035;0;7;0;0;2;8;1;A01
201000069035;0;37;1;0;2;8;0;B01
201000069036;0;7;0;0;1;2;16;A01
201000069037;0;7;0;1;0;3;11;A01
201000069038;0;7;0;0;1;4;20;A01
201000069039;0;32;0;14;0;1;2;A01
201000069039;0;7;0;0;2;5;23;B01
201000069040;0;37;1;0;1;7;0;A01
201000069041;0;2;0;0;2;1;1;A01
201000069041;0;7;0;0;2;3;1;B01
201000069042;0;7;0;1;2;0;1;D01
201000069042;0;7;0;0;0;0;0;A01
201000069042;0;10;0;0;2;0;0;B01
201000069042;0;7;0;1;2;0;1;C01
201000069043;0;7;0;0;2;1;1;A01
201000069043;0;7;0;0;2;3;1;C01
201000069043;0;7;0;0;2;4;1;B01
201000069044;0;7;0;0;1;2;1;A01
201000069045;0;7;0;0;2;8;0;A01
201000069045;0;1;0;0;2;1;1;B01
201000069046;0;7;0;0;2;8;1;B01
201000069046;0;2;0;0;2;1;1;A01
201000069047;0;33;0;14;0;0;1;A01
201000069047;0;33;0;14;0;0;1;B01
201000069048;0;33;0;0;0;1;0;A01
201000069049;0;33;0;0;2;2;1;A01
201000069049;0;7;0;0;0;6;1;B01
201000069050;0;33;0;0;2;0;21;B01
201000069050;0;7;0;0;2;2;9;A01
201000069051;0;7;0;14;1;3;1;A01
201000069052;0;7;0;0;2;3;1;B01
201000069052;0;7;0;0;2;3;13;A01
201000069053;0;7;0;3;0;1;0;A01
201000069054;0;33;0;0;2;4;2;B01
201000069054;0;7;0;0;2;4;0;A01
201000069055;0;33;0;0;2;7;0;A01
201000069055;0;7;0;0;2;7;0;B01
201000069056;0;7;0;15;0;2;1;A01
201000069057;0;7;0;1;0;1;1;A01
201000069058;0;7;0;0;2;1;1;B01
201000069058;0;7;0;0;0;4;0;A01
201000069058;0;7;0;0;0;0;0;C01
201000069059;0;33;0;0;1;7;1;A01
201000069060;0;31;0;0;2;1;0;B01
201000069060;0;7;0;0;2;1;0;A01
201000069061;0;7;0;0;0;8;1;B01
201000069061;0;35;0;0;2;1;1;A01
201000069062;0;7;0;0;1;0;1;A01
201000069063;0;30;0;0;1;1;7;A01
201000069064;0;7;0;0;2;5;12;A01
201000069064;0;33;0;0;2;1;1;B01
201000069065;0;7;0;8;0;7;1;A01
201000069066;0;7;0;0;2;6;0;A01
201000069066;0;10;0;0;2;1;1;B01
201000069067;0;7;0;0;1;1;1;A01
201000069068;0;7;0;1;0;1;2;A01
201000069068;0;7;0;0;2;4;1;B01
201000069069;0;7;0;3;0;3;0;A01
201000069070;0;33;0;0;2;1;1;B01
201000069070;0;2;0;0;2;1;5;A01
201000069071;0;31;0;0;0;0;1;A01
201000069072;0;7;0;0;1;3;0;A01
201000069073;0;7;0;0;1;1;1;A01
201000069074;0;30;0;0;2;1;0;A01
201000069074;0;7;0;0;2;1;0;B01
201000069075;0;37;25;0;1;5;1;A01
201000069076;0;2;0;0;0;0;0;A01
201000069076;0;7;0;0;0;0;0;B01
201000069077;0;7;0;0;2;1;1;B01
201000069077;0;7;0;0;2;3;5;A01
201000069078;0;7;0;0;0;4;1;B01
201000069078;0;2;0;0;2;1;1;A01
201000069079;0;33;0;1;2;1;1;B01
201000069079;0;7;0;0;2;5;1;A01
201000069080;0;7;0;0;0;1;0;A01
201000069081;0;30;0;0;2;1;2;B01
201000069081;0;2;0;0;0;0;0;A01
201000069082;0;7;0;0;0;0;1;A01
201000069083;0;7;0;0;2;6;1;B01
201000069083;0;33;0;0;2;1;11;A01
201000069084;0;1;0;0;2;4;2;B01
201000069084;0;7;0;0;2;1;2;A01
201000069085;0;7;0;0;1;1;2;A01
201000069086;0;7;0;0;9;1;13;A01
201000069087;0;7;0;0;2;2;12;A01
201000069087;0;30;0;0;2;8;1;B01
201000069088;0;7;0;0;9;2;16;A01
201000069088;0;1;0;0;2;8;18;B01
201000069089;0;33;0;0;2;1;1;A01
201000069089;0;7;0;0;2;4;15;B01
201000069090;0;31;0;0;2;1;1;A01
201000069090;0;7;0;0;2;3;15;B01
201000069091;0;7;0;0;2;7;1;B01
201000069091;0;1;0;0;2;1;1;A01
201000069092;0;7;0;0;1;1;1;A01
201000069093;0;7;0;0;2;2;15;A01
201000069093;0;33;0;0;2;2;1;B01
201000069094;0;7;0;0;2;1;0;B01
201000069094;0;33;0;0;2;3;1;A01
201000069095;0;33;0;16;0;7;2;A01
201000069096;0;31;0;0;0;2;2;A01
201000069097;0;2;0;0;0;0;1;A01
201000069098;0;7;0;0;1;1;1;A01
201000069099;0;7;0;4;0;2;1;A01
201000069100;0;7;0;0;0;4;1;A01
201000069100;0;7;0;0;2;1;2;B01
201000069101;0;7;0;0;1;1;1;A01
201000069102;0;31;0;0;0;4;1;B01
201000069102;0;7;0;0;2;3;1;A01
201000069103;0;7;0;0;2;3;9;A01
201000069103;0;7;0;0;2;7;1;B01
201000069104;0;7;0;0;2;1;0;B01
201000069104;0;7;0;0;2;1;1;A01
201000069105;0;14;0;0;2;1;1;A01
201000069105;0;7;0;0;0;4;1;B01
201000069106;0;7;0;1;0;2;17;A01
201000069107;0;7;0;0;2;1;18;A01
201000069107;0;7;0;0;0;6;15;B01
201000069108;0;7;0;0;2;6;0;A01
201000069108;0;2;0;0;2;1;0;B01
201000069109;0;7;0;0;2;1;15;A01
201000069109;0;30;0;0;2;1;1;B01
201000069110;0;7;0;0;2;1;0;A01
201000069110;0;7;0;0;2;8;1;B01
201000069111;0;2;0;0;2;1;0;B01
201000069111;0;7;0;0;2;5;0;A01
201000069112;0;7;0;0;1;3;1;A01
201000069113;0;2;0;3;0;0;0;A01
201000069114;0;2;0;0;2;2;19;B01
201000069114;0;7;0;0;2;1;1;A01
201000069115;0;7;0;15;0;1;0;A01
201000069116;0;30;0;0;2;1;1;A01
201000069116;0;7;0;0;2;2;1;B01
201000069117;0;7;0;0;1;1;0;A01
201000069118;0;7;0;0;2;8;20;A01
201000069118;0;33;0;0;2;6;21;B01
201000069119;0;7;0;0;2;2;2;A01
201000069119;0;7;0;6;2;3;2;B01
201000069120;0;30;0;0;2;1;11;A01
201000069120;0;7;0;0;2;3;1;B01
201000069121;0;33;0;0;2;7;17;A01
201000069121;0;7;0;0;2;1;10;B01
201000069122;0;33;0;0;2;8;1;B01
201000069122;0;7;0;0;2;2;1;A01
201000069123;0;33;0;0;2;1;1;A01
201000069123;0;7;0;0;2;4;1;B01
201000069124;0;7;0;6;0;2;1;A01
201000069125;0;30;0;0;2;1;8;A01
201000069125;0;7;0;0;2;3;1;B01
201000069126;0;7;0;0;2;3;9;A01
201000069126;0;34;0;0;2;3;1;B01
201000069127;0;30;0;0;1;1;1;A01
201000069128;0;1;0;0;2;1;0;A01
201000069128;0;1;0;0;2;1;0;B01
201000069128;0;7;0;0;2;3;0;C01
201000069129;0;2;0;0;2;1;18;A01
201000069129;0;7;0;0;2;4;24;B01
201000069130;0;7;0;0;1;2;9;A01
201000069131;0;33;0;0;2;1;1;B01
201000069131;0;7;0;0;2;3;9;A01
201000069132;0;30;0;0;2;1;1;A01
201000069132;0;7;0;0;2;4;1;B01
201000069133;0;7;0;0;1;4;4;A01
201000069134;0;7;0;0;0;7;1;A01
201000069135;0;1;0;0;1;1;0;A01
201000069136;0;7;0;0;0;7;1;A01
201000069136;0;1;0;0;2;1;9;B01
201000069137;0;7;0;0;2;3;1;A01
201000069137;0;7;0;0;2;4;0;B01
201000069138;1;10;0;0;1;1;1;Z01
201000069139;0;7;0;6;0;1;1;A01
201000069140;0;7;0;0;2;8;10;A01
201000069140;0;34;0;0;2;1;1;B01
201000069141;0;7;0;0;1;2;1;A01
201000069142;0;7;0;8;0;1;0;A01
201000069143;0;7;0;0;2;6;0;B01
201000069143;0;7;0;0;2;2;0;A01
201000069144;0;7;0;0;2;1;1;B01
201000069144;0;7;0;0;2;1;1;A01
201000069145;0;33;0;0;0;0;0;A01
201000069146;0;33;0;0;2;1;1;B01
201000069146;0;7;0;0;2;5;0;A01
201000069147;0;33;0;0;2;1;1;B01
201000069147;0;7;0;0;2;0;9;A01
201000069148;0;33;0;0;2;1;1;A01
201000069148;0;7;0;0;2;5;12;B01
201000069149;0;33;0;0;2;8;1;B01
201000069149;0;7;0;0;2;8;11;A01
201000069150;0;7;0;0;2;6;1;B01
201000069150;0;33;0;0;2;1;11;A01
201000069151;0;7;0;14;0;8;21;A01
201000069152;0;30;0;0;2;1;1;A01
201000069153;0;7;0;0;0;4;1;B01
201000069153;0;7;0;0;2;1;1;A01
201000069154;0;7;0;0;2;1;1;B01
201000069154;0;7;0;0;2;2;0;A01
201000069155;0;7;0;0;1;1;1;A01
201000069156;0;7;0;0;2;4;1;B01
201000069156;0;31;0;0;2;1;1;A01
201000069157;0;7;0;0;2;8;1;B01
201000069157;0;32;0;0;2;1;0;A01
201000069158;0;7;0;4;0;0;0;A01
201000069159;0;31;0;1;0;1;1;A01
201000069160;0;7;0;0;1;2;16;A01
201000069161;0;32;0;0;2;1;2;A01
201000069161;0;7;0;0;2;4;2;B01
201000069162;0;7;0;0;1;1;0;A01
201000069163;0;32;0;0;0;0;1;A01
201000069164;0;7;0;8;0;1;1;A01
201000069165;0;7;0;0;1;1;1;A01
201000069166;0;7;0;0;1;3;10;A01
201000069167;0;30;0;0;2;0;0;B01
201000069167;0;33;0;0;2;7;1;A01
201000069168;0;33;0;0;2;0;21;A01
201000069169;0;32;0;6;0;0;1;A01
201000069170;0;31;0;0;2;6;1;B01
201000069170;0;7;0;0;2;1;16;A01
201000069171;0;7;0;0;2;2;0;B01
201000069171;0;31;0;0;2;1;0;A01
201000069172;0;7;0;0;1;1;0;A01
201000069173;0;1;0;0;2;1;2;A01
201000069174;0;33;0;0;2;6;1;A01
201000069174;0;7;0;0;2;2;11;B01
201000069175;0;30;0;0;2;1;5;A01
201000069175;0;31;0;0;2;1;1;B01
201000069176;0;7;0;0;2;4;0;A01
201000069176;0;30;0;0;2;1;0;B01
201000069177;0;2;0;1;0;0;1;A01
201000069178;0;7;0;0;2;1;5;B01
201000069178;0;31;0;0;2;1;5;A01
201000069179;0;2;0;0;2;4;15;A01
201000069180;0;7;0;0;2;0;0;A01
201000069180;0;7;0;0;2;0;0;B01
201000069181;0;7;0;0;2;4;11;A01
201000069181;0;7;0;0;2;1;11;B01
201000069182;0;37;1;0;1;1;1;A01
201000069183;0;7;0;0;2;4;2;A01
201000069184;0;7;0;0;1;0;0;A01
201000069185;0;30;0;0;2;1;5;A01
201000069185;0;7;0;0;2;7;1;B01
201000069186;0;7;0;0;1;1;11;A01
201000069187;0;7;0;0;1;0;0;A01
201000069188;0;7;0;0;1;1;0;A01
201000069189;0;7;0;0;1;1;0;A01
201000069190;0;7;0;4;0;3;0;A01
201000069191;0;32;0;0;0;0;0;A01
201000069192;0;7;0;4;2;2;0;A01
201000069192;0;7;0;0;0;3;0;B01
201000069193;0;2;0;0;2;1;0;A01
201000069193;0;7;0;0;0;7;0;B01
201000069194;0;7;0;0;2;0;0;B01
201000069194;0;7;0;0;2;1;5;A01
201000069195;0;7;0;0;2;0;0;A01
201000069195;0;1;0;0;2;0;0;B01
201000069196;0;33;0;0;1;1;0;A01
201000069197;0;30;0;0;0;0;0;A01
201000069198;0;7;0;0;0;0;0;A01
201000069199;0;2;0;0;2;2;5;A01
201000069199;0;7;0;0;2;3;5;B01
201000069200;0;7;0;6;0;1;1;A01
201000069201;0;7;0;3;0;1;1;A01
201000069202;0;33;0;1;0;1;1;A01
201000069203;0;30;0;0;2;7;1;A01
201000069203;0;7;0;0;2;8;1;B01
201000069204;0;7;0;0;2;1;1;B01
201000069204;0;7;0;0;2;4;1;A01
201000069205;0;7;0;8;0;1;13;A01
201000069206;0;30;0;0;1;1;1;A01
201000069207;0;33;0;0;2;1;1;A01
201000069207;0;7;0;0;2;8;13;B01
201000069208;0;7;0;1;2;1;1;A01
201000069208;0;7;0;0;0;4;1;B01
201000069209;0;7;0;0;1;1;1;A01
201000069210;0;1;0;0;2;1;1;B01
201000069210;0;7;0;0;2;1;1;A01
201000069211;0;7;0;0;2;1;1;A01
201000069211;0;7;0;0;2;1;1;B01
201000069212;0;7;0;0;2;8;1;A01
201000069212;0;7;0;1;2;3;13;C01
201000069213;0;2;0;2;0;1;14;A01
201000069214;0;7;0;0;2;1;1;B01
201000069214;0;7;0;0;2;8;1;A01
201000069215;0;7;0;3;0;1;1;A01
201000069216;0;7;0;0;1;1;1;B01
201000069216;0;7;0;0;1;8;1;A01
201000069217;0;33;0;0;0;0;1;A01
201000069218;0;7;0;0;1;0;1;A01
201000069219;0;7;0;0;1;1;1;A01
201000069220;0;7;0;0;1;1;1;A01
201000069221;0;7;0;0;2;8;15;A01
201000069221;0;1;0;0;2;1;1;B01
201000069222;0;33;0;7;0;1;17;A01
201000069223;0;30;0;0;2;1;18;B01
201000069223;0;7;0;0;2;7;15;A01
201000069224;0;7;0;0;1;0;1;A01
201000069225;0;7;0;0;1;3;1;A01
201000069226;0;33;0;0;0;0;1;A01
201000069227;0;7;0;0;2;1;13;A01
201000069227;0;7;0;0;2;1;1;B01
201000069228;1;7;0;0;2;3;1;B01
201000069228;0;1;0;0;2;7;1;A01
201000069229;0;7;0;0;2;1;1;B01
201000069229;0;33;0;0;2;4;1;A01
201000069230;0;7;0;0;1;1;1;A01
201000069231;0;7;0;0;2;8;15;A01
201000069231;0;7;0;0;2;1;1;B01
201000069232;0;2;0;0;2;1;1;A01
201000069232;0;7;0;0;2;1;13;B01
201000069233;0;7;0;0;2;3;23;B01
201000069233;0;33;0;0;2;1;17;A01
201000069234;0;7;0;1;0;1;14;B01
201000069235;0;7;0;13;0;1;1;A01
201000069236;0;7;0;0;1;4;1;A01
201000069237;0;2;0;0;0;0;1;A01
201000069238;1;7;0;0;1;0;0;A01
201000069239;0;7;0;0;1;1;1;A01
201000069240;0;14;0;0;2;4;1;B01
201000069240;0;10;0;0;2;1;1;A01
201000069241;0;7;0;0;2;1;9;A01
201000069241;0;7;0;0;2;4;23;B01
201000069242;0;7;0;0;1;1;1;A01
201000069243;0;7;0;0;2;7;16;A01
201000069243;0;33;0;0;2;1;18;B01
201000069244;0;7;0;0;2;3;15;B01
201000069244;0;2;0;0;2;1;1;A01
201000069245;0;7;0;0;2;7;1;B01
201000069245;0;1;0;0;2;2;1;A01
201000069246;0;7;0;0;2;1;1;C01
201000069246;0;7;0;0;2;4;23;A01
201000069246;0;7;0;0;2;4;23;B01
201000069247;0;33;0;0;1;1;21;A01
201000069248;0;31;0;0;2;7;1;A01
201000069248;0;7;0;0;2;1;1;B01
201000069249;0;10;0;0;2;7;1;A01
201000069249;0;7;0;0;2;8;21;B01
201000069250;0;31;0;0;2;1;1;B01
201000069250;0;10;0;0;2;3;1;A01
201000069251;0;1;0;0;2;3;15;A01
201000069251;0;7;0;0;2;3;1;B01
201000069252;0;2;0;0;1;1;1;A01
201000069253;0;32;0;0;2;1;21;B01
201000069253;0;16;0;0;2;1;1;A01
201000069254;0;33;0;0;0;1;1;A01
201000069255;0;7;0;0;0;7;14;A01
201000069256;1;7;0;0;1;0;1;A01
201000069257;0;7;0;0;1;1;1;A01
201000069258;0;7;0;0;0;4;21;A01
201000069258;0;7;0;0;2;1;1;B01
201000069259;0;2;0;0;2;1;1;A01
201000069259;0;7;0;0;2;7;15;B01
201000069260;0;7;0;0;1;1;1;A01
201000069261;0;32;0;0;1;1;17;A01
201000069262;0;30;0;0;1;1;1;A01
201000069263;0;33;0;0;0;0;1;A01
201000069264;0;7;0;2;0;1;1;A01
201000069265;0;7;0;0;2;3;16;B01
201000069265;0;31;0;0;2;7;1;A01
201000069266;0;7;0;0;1;1;1;A01
201000069267;0;7;0;0;2;7;1;A01
201000069267;0;2;0;0;2;8;1;B01
201000069268;0;31;0;0;0;1;1;A01
201000069269;0;1;0;0;0;0;1;A01
201000069270;0;37;0;0;1;1;1;A01
201000069271;0;7;0;0;2;1;6;B01
201000069271;0;2;0;0;2;1;1;A01
201000069272;0;7;0;0;2;1;9;B01
201000069272;0;7;0;0;2;4;1;A01
201000069273;0;7;0;6;0;1;1;A01
201000069274;0;7;0;0;0;0;1;A01
201000069275;0;7;0;0;0;0;21;A01
201000069276;0;10;0;0;2;1;1;B01
201000069276;0;7;0;0;2;4;1;A01
201000069277;0;7;0;0;2;1;1;B01
201000069277;0;7;0;0;2;7;1;A01
201000069278;0;1;0;0;0;0;1;A01
201000069279;1;2;0;0;2;1;1;A01
201000069279;0;7;0;0;2;7;15;B01
201000069280;0;7;0;0;0;0;1;A01
201000069281;0;7;0;0;2;4;24;A01
201000069281;0;7;0;1;0;8;21;B01
201000069282;0;7;0;0;1;1;1;A01
201000069283;0;33;0;0;1;1;1;A01
201000069284;2;2;0;0;2;6;1;B01
201000069284;0;7;0;0;2;2;1;A01
201000069285;0;7;0;0;1;1;1;A01
201000069286;0;2;0;0;0;0;1;A01
201000069287;0;2;0;0;2;7;16;A01
201000069287;0;38;0;0;2;3;1;B01
201000069288;0;7;0;0;2;3;15;B01
201000069288;0;2;0;0;2;3;1;A01
201000069289;0;7;0;0;2;9;1;B01
201000069289;0;7;0;0;2;9;1;A01
201000069289;0;7;0;0;2;1;1;C01
201000069290;0;7;0;0;2;7;1;A01
201000069290;0;2;0;0;2;1;9;B01
201000069291;0;1;0;0;2;7;1;A01
201000069291;0;7;0;0;2;1;1;B01
201000069292;0;7;0;0;2;1;1;B01
201000069292;0;7;0;0;2;1;1;C01
201000069292;0;7;0;0;2;4;1;A01
201000069293;0;7;0;0;2;1;21;A01
201000069293;0;7;0;0;2;4;1;C01
201000069293;0;7;0;0;2;6;1;B01
201000069294;0;7;0;0;2;8;15;B01
201000069294;0;2;0;0;2;1;1;A01
201000069295;0;7;0;0;2;1;1;B01
201000069295;0;2;0;0;2;1;10;A01
201000069296;0;2;0;0;2;3;1;A01
201000069296;0;7;0;0;2;4;4;B01
201000069297;0;7;0;0;1;7;15;A01
201000069298;0;7;0;0;2;4;1;C01
201000069298;0;7;0;0;2;1;1;A01
201000069298;0;7;0;0;2;4;1;B01
201000069299;0;33;0;0;6;1;21;A01
201000069300;0;1;0;0;0;0;1;A01
201000069301;0;7;0;0;2;4;1;B01
201000069301;0;7;0;0;2;1;1;A01
201000069301;0;7;0;0;2;1;1;D01
201000069301;0;7;0;0;2;4;1;C01
201000069302;1;2;0;0;1;0;1;A01
201000069303;0;7;0;0;2;4;1;A01
201000069303;0;7;0;0;2;1;1;B01
201000069304;0;10;0;0;2;6;23;B01
201000069304;0;30;0;1;0;2;14;A01
201000069305;0;7;0;0;1;1;1;A01
201000069306;0;30;0;0;0;1;1;A01
201000069307;0;30;0;0;0;1;1;A01
201000069308;0;7;0;0;2;1;1;B01
201000069308;0;7;0;0;2;1;17;A01
201000069309;0;7;0;0;2;1;1;B01
201000069309;0;7;0;0;2;8;1;A01
201000069310;0;30;0;0;2;1;1;B01
201000069310;0;7;0;0;2;2;15;A01
201000069311;0;10;0;0;2;1;1;B01
201000069311;0;7;0;0;2;4;1;A01
201000069312;0;30;0;0;2;1;1;B01
201000069312;0;1;0;0;2;6;15;A01
201000069313;0;30;0;0;0;0;1;A01
201000069314;0;7;0;0;2;1;17;A01
201000069314;0;7;0;0;2;1;1;B01
201000069315;0;7;0;0;2;4;23;A01
201000069315;0;30;0;0;2;1;1;B01
201000069316;0;7;0;0;2;7;1;B01
201000069316;0;2;0;0;2;1;1;A01
201000069317;0;2;0;0;0;0;1;A01
201000069318;0;7;0;0;2;1;9;A01
201000069318;0;17;0;0;2;6;1;B01
201000069319;0;7;0;0;0;1;12;A01
201000069320;0;7;0;0;2;1;1;A01
201000069320;0;7;0;0;2;4;1;B01
201000069321;0;7;0;0;2;3;15;B01
201000069321;0;1;0;0;2;1;1;A01
201000069322;0;2;0;0;2;1;15;A01
201000069322;0;7;0;0;2;3;1;B01
201000069323;0;7;0;14;0;1;1;A01
201000069324;0;7;0;0;1;1;1;C01
201000069324;0;7;0;0;2;1;1;A01
201000069324;0;7;0;0;2;4;1;B01
201000069325;0;7;0;0;2;2;15;A01
201000069325;0;7;0;0;2;3;1;B01
201000069326;0;30;0;0;0;0;1;A01
201000069327;0;7;0;2;0;1;1;A01
201000069328;0;7;0;10;0;3;1;A01
201000069329;0;7;0;0;2;1;6;A01
201000069329;0;7;0;0;2;1;1;B01
201000069330;0;7;0;0;1;1;1;A01
201000069331;0;7;0;0;2;9;1;A01
201000069331;0;7;0;0;2;2;1;B01
201000069332;0;7;0;0;0;0;1;A01
201000069333;0;7;0;0;0;0;1;A01
201000069334;0;33;0;15;0;1;21;A01
201000069334;0;7;0;0;0;0;21;B01
201000069335;0;7;0;16;0;1;1;A01
201000069336;0;2;0;0;2;1;1;B01
201000069336;0;7;0;0;2;7;15;A01
201000069337;0;7;0;0;2;1;1;A01
201000069337;0;33;0;0;2;8;1;B01
201000069338;0;33;0;0;0;0;1;A01
201000069339;0;2;0;0;0;7;1;A01
201000069340;0;7;0;0;2;1;1;B01
201000069340;0;7;0;0;2;7;1;A01
201000069341;0;7;0;0;0;1;1;A01
201000069342;0;7;0;0;2;3;17;B01
201000069342;0;33;0;0;2;2;1;A01
201000069343;0;7;0;3;0;2;1;A01
201000069344;0;7;0;0;2;4;21;A01
201000069344;0;7;0;0;2;1;1;B01
201000069345;0;7;0;0;0;0;0;A01
201000069346;0;7;0;16;0;9;1;C01
201000069346;0;7;0;13;0;9;1;B01
201000069346;0;7;0;1;0;2;12;D01
201000069347;0;30;0;0;1;1;1;A01
201000069348;0;7;0;0;2;4;1;C01
201000069348;0;7;0;0;2;1;1;A01
201000069348;0;7;0;0;2;4;1;B01
201000069349;0;7;0;0;2;1;1;B01
201000069349;0;7;0;0;2;4;21;A01
201000069350;0;7;0;0;0;1;1;A01
201000069351;0;10;0;14;0;1;1;A01
201000069352;0;7;0;16;0;0;21;A01
201000069353;0;33;0;0;0;0;1;A01
201000069354;0;33;0;0;2;1;1;A01
201000069354;0;7;0;0;2;4;21;B01
201000069355;0;7;0;0;1;1;1;A01
201000069356;0;31;0;0;2;1;1;A01
201000069356;0;10;0;0;2;7;15;B01
201000069357;0;30;0;0;2;1;1;A01
201000069357;0;7;0;0;2;6;1;B01
201000069358;0;7;0;0;2;8;1;B01
201000069358;0;30;0;0;2;1;1;A01
201000069359;0;7;0;16;0;0;1;A01
201000069360;0;21;0;0;2;3;15;B01
201000069360;0;2;0;0;2;1;17;A01
201000069361;0;7;0;0;2;1;1;D01
201000069361;0;7;0;0;2;1;1;E01
201000069361;0;7;0;0;0;1;1;B01
201000069361;0;7;0;0;2;1;1;C01
201000069361;0;7;0;0;2;1;1;F02
201000069361;0;7;0;0;2;4;21;A01
201000069362;0;7;0;0;1;1;1;A01
201000069363;0;7;0;0;2;4;1;A01
201000069363;0;7;0;0;2;1;21;B01
201000069364;0;7;0;0;2;8;1;A01
201000069364;0;33;0;0;2;1;1;B01
201000069365;0;7;0;0;2;4;1;B01
201000069365;0;7;0;0;2;4;1;C01
201000069365;0;37;0;0;2;1;1;A01
201000069366;0;7;0;0;2;8;1;A01
201000069366;0;7;0;0;2;1;1;B01
201000069367;0;7;0;10;0;6;21;A01
201000069368;1;7;0;0;1;0;1;A01
201000069369;0;7;0;0;1;1;16;A01
201000069370;0;7;0;0;2;4;1;A01
201000069370;0;7;0;0;2;1;21;B01
201000069371;0;7;0;0;2;3;20;A01
201000069371;0;2;0;0;2;2;1;B01
201000069372;0;7;0;16;0;0;1;A01
201000069373;0;33;0;0;2;1;1;A01
201000069373;0;7;0;0;2;8;15;B01
201000069374;0;30;0;0;2;1;1;A01
201000069374;0;7;0;0;2;8;15;B01
201000069375;0;7;0;0;2;3;9;B01
201000069375;0;31;0;0;2;1;14;A01
201000069376;0;2;0;16;0;0;1;A01
201000069377;0;7;0;0;2;1;1;B01
201000069377;0;7;0;0;2;4;1;A01
201000069378;0;7;0;16;0;0;1;A01
201000069379;0;7;0;0;2;1;21;B01
201000069379;0;7;0;0;2;4;21;A01
201000069379;0;7;0;16;0;0;1;C01
201000069380;0;7;0;0;2;8;1;A01
201000069380;0;7;0;0;2;3;13;B01
201000069381;0;7;0;0;1;1;1;A01
201000069382;0;2;0;16;0;0;1;A01
201000069383;0;7;0;16;0;0;1;A01
201000069384;0;7;0;16;0;1;1;A01
201000069385;0;1;0;0;2;1;21;B01
201000069385;0;7;0;0;2;3;15;A01
201000069386;0;1;0;0;2;1;17;B01
201000069386;0;7;0;0;2;3;1;A01